1,2,3,4,5,6,7,8,9,10,11,12,13,14,15,16,17,18,19,20,21,22,23,24,25,26,27,28,29,30,31,32,33,34,35,36,37,38,39,40,41,42,43,44,45,46,47,48,49,50,51,52,53,54,55,56,57,58,59,60,61,62,63,64,65,66,67,68,69,70,71,72,73,74,75,76,77,78,79,80,81,82,83,84,85,86,87,88,89,90,91,92,93,94,95,96,97,98,99,100,101,102,103,104,105,106,107,108,109,110,111,112,113,114,115,116,117,118,119,120,121,122,123,124,125,126,127,128,129,130,131,132,133,134,135,136,137,138,139,140,141,142,143,144,145,146,147,148,149,150,151,152,153,154,155,156,157,158,159,160,161,162,163,164,165,166,167,168,169,170,171,172,173,174,175,176,177,178,179,180,181,182,183,184,185,186,187,188,189,190,191,192,193,194,195,196,197,198,199,200,201,202,203,204,205,206,207,208,209,210,211,212,213,214,215,216,217,218,219,220,221,222,223,224,225,226,227,228,229,230,231,232,233,234,235,236,237,238,239,240,241,242,243,244,245,246,247,248,249,250,251,252,253,254,255,256,257,258,259,260,261,262,263,264,265,266,267,268,269,270,271,272,273,274,275,276,277,278,279,280,281,282,283,284,285,286,287,288,289,290,291,292
1.0533696,3.232869,1.7456633,3.3550496,3.1608322,3.1652658,1.1389757,0.868253,2.3331122,0.73569334,1.0596567,0.86898595,1.44827,0.8289634,4.047429,1.0863019,2.3621395,2.734089,3.610571,1.7050743,1.1141851,2.7164178,2.1116314,2.5699737,5.222391,1.320364,5.0906773,1.4431636,0.79563135,2.0878627,1.1763027,3.1355066,0.88276684,2.4174051,0.8849568,1.0480859,2.6352038,1.4290782,3.2269692,1.8110547,0.98551667,2.139623,1.0034769,1.0085728,2.46474,3.8025532,2.9597628,1.1998384,1.5541675,2.415709,0.9793008,2.4781168,1.6643145,1.0822018,1.5911322,3.4413996,1.3100576,1.7556028,3.7862768,3.285294,1.2954023,2.3781886,0.68532455,1.6867876,1.6854292,2.907501,3.371288,2.8856547,2.366182,1.2502085,4.7874403,1.9505131,1.3294978,0.39219883,2.759241,0.92839414,1.1610234,2.1475985,0.7846476,0.7843233,3.4583433,1.8619058,0.7761201,3.5960631,1.1050794,3.998414,0.8443678,2.9777415,1.5397376,0.79430383,1.4896121,2.8532495,2.9622195,0.87206084,1.1140033,2.4372444,1.8341402,2.1535733,2.3642597,3.0248134,2.05165,2.3247452,2.9134877,1.0561991,1.058177,0.89670545,1.3763779,0.7715507,4.372298,2.9134877,2.0343173,10.573777,2.9658532,2.1689363,0.8229242,1.0091002,1.3636777,1.9223121,2.2442803,2.5110745,1.5678172,1.4578007,2.5751362,0.7808792,0.91698974,1.717358,3.2244492,3.3133602,2.3185637,0.5663438,3.8138661,1.3639791,1.3329681,1.126819,0.8795279,0.8563374,1.0217725,0.7750045,2.5546741,2.1187675,3.0736408,0.96414685,2.3882353,1.2306334,1.6721084,2.2913785,1.2661866,1.2535591,0.8535864,1.6127217,0.8600134,3.4087617,1.1286857,0.84390205,2.7308724,1.3267373,0.7739797,2.9301677,4.508141,2.9609644,3.7755911,2.795231,0.530737,2.6911511,2.1608794,1.6535674,3.283562,1.286435,3.986764,2.6563694,0.8242977,1.9316072,0.71924764,0.8880329,0.8613292,2.9830482,0.8247715,2.2461019,2.5129402,0.81715,1.2926233,2.747717,1.3565427,2.1108165,1.9889123,0.96404386,0.8264267,3.3177593,1.8016847,1.6749794,0.72927606,2.585081,0.75971395,1.3951464,4.521817,2.02269,1.1778061,2.4907203,3.6806889,4.317029,1.0394248,0.67378837,2.354477,1.4913359,1.510971,3.9579744,2.800385,1.7315937,1.9241194,2.9024963,1.2947063,2.7168517,1.30284,1.4295458,1.3024008,1.6957254,2.2258425,1.5626094,2.8164139,1.1278076,1.0603882,0.47040063,0.66049373,4.0815134,2.7255645,3.277185,2.362308,3.8034575,2.5826156,1.6797848,0.80645394,3.2920895,0.56629753,2.0378516,3.0230417,5.131951,2.6757522,2.545445,2.8144653,2.1835284,4.4175634,1.3882539,4.1763105,2.0479195,3.4551504,1.944763,2.381599,2.7959373,3.2623367,0.79652584,0.81238633,1.6261463,1.9699762,3.6806076,3.467885,3.5934057,3.1233523,3.2006326,0.88262373,1.7993828,2.2176647,3.7832325,1.566249,2.8391883,1.1122372,0.6683679,0.77753806,2.6975935,3.4581592,2.9671118,1.3252447,2.8341951,2.372935,3.9593139,2.3542387,3.1519084,2.3909948,1.5666233,3.2940946,2.2094824,1.5441074,0.8292287,1.1615621,1.2792062,0.9792141,3.6649895,1.400443,1.7213943,3.2790308,3.8258417,3.145217,1.5258673
1.4027599,1.0309497,2.6225197,4.3915043,3.2179632,2.7415206,1.2012289,1.5172557,0.62405866,2.2480786,1.3417791,1.4428433,3.184311,1.4953499,4.314511,2.3425534,3.3007417,2.5676293,3.0158396,3.0289745,1.2813119,0.8174037,3.2169883,3.703849,4.7590957,1.7474891,5.250951,3.026966,1.610931,2.560258,1.1980326,1.4523991,1.6890707,3.4931605,1.7135544,2.8088517,0.8901931,0.9728976,4.4350815,2.3829596,1.6240807,3.3022003,1.3500212,1.3811908,3.4882958,1.978123,1.0837445,1.1969515,2.1244369,0.76824373,1.3902166,3.4125543,2.8228974,2.9281194,1.6576834,3.841571,1.2273217,0.9416543,3.2194996,3.3065298,1.7609584,2.9448357,2.832107,3.1388924,3.3697493,3.9152536,2.3689706,1.1110626,0.826739,1.1542716,5.499919,3.0246425,1.0177073,2.4617836,2.6405506,1.6736083,1.852382,0.53290653,1.6718329,1.6962576,1.5434198,0.52410954,1.5969757,4.0340486,1.8892432,2.5529869,1.6666905,3.841783,3.2158928,1.9479809,2.8457258,1.2450364,1.2819898,1.6655891,1.2904733,2.63906,1.9174451,3.3176882,3.3623447,4.072913,0.45044985,0.9751832,0.9940313,1.7475371,1.3822927,1.6086786,0.9562234,2.1012468,2.7300692,0.9940313,0.47889945,10.105705,3.32998,1.2448901,2.1839168,1.6621186,1.9710653,1.8731402,0.6237898,2.3889453,2.7772179,2.2993832,3.360774,1.65322,1.6150306,2.1126351,3.1834276,3.9671764,0.9528053,2.1353855,3.2034762,0.96302986,1.1025418,1.8435113,1.4725288,1.7814538,1.3751919,2.7755027,2.2223432,0.7918519,2.9025726,1.4577801,3.5192804,1.2242712,2.075295,3.1537838,1.5030826,1.2329412,2.9153755,0.9581857,1.5194497,4.400819,1.8052889,1.96769,1.0247384,1.3411372,2.1247594,2.776725,3.4072092,2.1502035,3.2209034,3.1478531,1.8483009,3.684437,3.3583252,2.072092,2.938464,2.8518882,4.557748,2.800927,1.6762024,2.9460607,1.6535475,1.4283427,1.9692137,3.249026,1.6205128,0.21071035,2.5572636,1.5169336,1.1733955,0.80699193,1.0582783,3.2639794,2.9597445,2.0749414,1.6524334,2.5310802,1.6553683,3.016623,2.2540665,2.6046102,1.6325985,2.0768948,3.6345093,2.615915,1.2596792,3.349292,3.3250544,3.4882762,3.0112815,1.9604021,3.4599974,2.2144794,3.2139504,3.858017,3.0600336,3.1629717,3.5020392,1.1024995,2.1494522,3.436027,1.7759812,1.7748635,2.1676052,3.1960335,1.1849487,2.906384,2.9818804,1.3126432,2.2642906,1.9639897,1.9716966,2.6548223,1.6242769,2.7924528,3.1151016,3.0493774,0.9035273,0.7991768,1.5832636,2.690549,2.6821985,3.5978177,3.3236082,5.3378515,2.498254,3.5720236,3.8677726,2.4482129,5.2399936,0.93667036,3.607566,3.7429426,3.5621488,3.470675,0.7200768,2.786732,1.9029697,2.434566,2.357275,1.2933999,3.1108828,2.2345433,2.776837,3.2176497,1.1929805,3.722926,1.4643892,3.2115295,3.7619872,4.642365,1.6969242,2.1378257,2.958969,2.3195763,1.7275528,3.2085207,4.282253,2.0923858,1.038212,3.0848846,3.7711098,2.5080578,2.0428715,3.038928,3.402256,2.159624,3.9891737,1.9840554,1.9872783,1.917516,1.1884835,1.977966,1.7684498,3.2038124,0.9651416,3.2599795,4.1095147,4.380123,1.2189574,1.8015578
2.6506262,3.8567977,1.04047,1.5768025,1.4091444,1.9363003,2.5560436,2.459667,3.0622373,2.1942558,2.3995578,2.5324018,2.0594797,2.4748182,1.6615195,2.6340384,0.46199802,1.9717643,2.4037693,3.214393,2.8058295,3.6347167,1.0392442,3.0908384,6.1331205,2.1974099,5.300444,3.1404588,2.4744515,3.1533668,2.7873628,3.964586,2.6492026,1.2546614,2.6023676,1.816671,3.2762656,3.1599505,4.756062,1.629501,2.4215555,3.127787,2.47726,2.5167046,2.6049237,4.000762,3.4193726,2.825638,2.1608903,3.0331194,2.4202192,1.2831465,1.5884262,2.5072803,2.5452635,1.0745509,2.6178446,3.1607306,2.4662783,2.1764228,2.6579003,1.7777596,2.735146,2.672863,3.0022013,3.6903956,2.553127,3.2871597,3.4308422,2.7861774,2.338672,1.422188,2.9071176,2.4101443,3.5405467,2.6928573,2.4379613,3.245686,2.4366944,2.4498675,3.7376356,3.2563972,2.3589685,1.1790823,2.5519958,4.2182913,2.5650146,1.1062624,2.0353487,2.233227,3.0743685,3.2684202,3.3590875,2.6052399,2.4276924,3.49009,3.6766913,0.44552773,3.2740228,3.949663,2.99663,3.2419991,3.3859982,2.8201916,2.5684304,2.4112334,2.9957192,2.1173317,4.488901,3.3859982,3.0055676,10.156308,1.3904408,2.9068894,2.3548357,2.5453494,2.482128,2.819003,2.9994206,2.4671543,2.3282785,2.6978645,1.1965389,2.4091802,2.5740132,2.4796145,3.4557831,4.3232603,3.1295538,2.278232,2.6030345,3.0049293,2.7797546,2.1609933,2.4212925,2.5987058,2.425547,2.7747364,2.3867433,3.3179984,2.6948643,2.6733172,3.4655662,2.605574,2.5231318,2.9549391,3.2028668,2.6259124,2.1948879,2.6879163,2.4999866,1.5082195,2.2480643,2.1710308,3.221322,3.243603,2.0066352,2.2785485,3.5310266,2.334162,3.1088846,2.386382,2.3861525,2.2869978,1.8686131,1.9671947,3.6744614,2.9473019,1.4917407,1.7599616,2.5138633,3.142885,2.4037619,2.5604913,2.248971,3.0274568,2.4221997,3.2291327,2.4760053,2.447784,2.7238724,3.2315862,2.8159702,1.1388432,0.6164375,2.4522765,2.519823,2.4151845,2.7868798,1.5809011,2.0349402,3.4820862,2.4120274,2.5179272,4.8639774,3.3932836,2.7174208,1.837525,2.5763822,3.1500533,2.7684312,2.1598608,1.8085743,1.5337784,1.5972354,1.9699206,2.9302328,2.05585,2.3650286,3.5630112,2.576072,3.991214,2.1637068,2.3284006,2.293363,2.3147035,3.5828319,1.4547224,1.6769295,2.6747673,2.3686137,2.2500374,2.4809215,4.7816253,3.261081,2.513775,2.0319405,2.6178741,3.068865,2.7334535,2.478533,3.8485692,2.628026,2.0726602,3.2179134,5.3608375,3.334051,4.2033663,3.5217133,2.028571,1.9860466,3.0079448,2.9681923,2.1798437,3.8252225,2.6652942,3.1285915,3.0677836,3.6242654,2.4124503,2.5987432,2.5461323,1.2917302,4.005976,3.9233692,2.2255242,3.5149305,1.3638657,2.4449277,1.3991631,3.0703278,1.6795132,2.5071297,2.2842324,1.6362166,2.0733106,2.6281598,3.4121957,4.009855,3.5321474,2.6180055,1.2342455,2.0544941,4.193059,1.7818985,2.6599734,2.1733148,1.8918866,4.7299623,3.0073075,2.3959599,2.2642963,2.8273287,2.2461872,2.7304044,4.088719,2.9035938,1.9052241,1.7902483,4.488565,3.5231302,2.474325
4.6306057,5.474315,3.0286453,1.2068945,3.0257409,3.5474632,4.485877,4.3491697,4.8826017,4.0237684,4.3490925,4.451692,4.131474,4.4141703,2.1481721,4.552742,2.1823554,3.9712532,3.942213,5.2544627,4.714928,5.4964933,2.5225499,5.0736756,8.174289,3.843565,6.7505827,5.271803,4.4078217,5.415279,4.6223125,5.8986716,4.709863,3.160193,4.6355224,3.8895419,5.090564,5.0704355,6.9303503,3.141282,4.21957,4.541049,4.4292636,4.410879,4.6053457,5.682241,5.1430116,4.7632427,3.710474,4.8524117,4.3632865,2.3568983,3.0353725,3.969476,4.047806,2.0556066,4.3811774,5.171929,3.8764637,4.0622263,4.470559,2.7458189,4.562019,4.158301,5.0774837,5.6823545,3.864916,4.733724,5.3620605,4.5947466,1.3466017,2.8200653,4.732836,4.431266,5.7714677,4.744061,4.2151756,5.1292963,4.475817,4.500749,5.387617,5.1232166,4.330009,1.9486909,4.2147393,5.237132,4.6228824,2.639471,4.1397176,4.152069,5.1231585,4.6771703,4.753909,4.6637583,4.371452,5.7503786,5.8176017,2.600248,4.896854,5.7357264,4.80488,4.9350066,5.108681,4.8998704,4.39231,4.2663646,4.830291,4.116487,5.496416,5.108681,4.7298036,10.716747,3.0931542,4.4435973,4.411669,4.381454,4.17427,4.257927,4.6842256,3.6492565,3.8199472,4.3386803,2.1329088,4.4348207,4.598828,3.9982255,5.606247,6.2747326,5.0770216,4.159634,4.1112304,4.858692,4.5578427,3.8891058,4.3708906,4.6778617,4.340072,4.8255696,4.265342,5.2962427,4.7563953,4.670033,5.3933477,4.4289064,4.0160604,5.1866755,5.258276,4.4144216,4.1871486,4.4132905,4.493708,1.130345,3.9237466,4.0442657,4.690305,5.262881,3.9672258,4.241834,4.870827,4.0320764,4.947087,4.4344344,4.3669662,4.219352,3.8874166,4.1432166,4.561637,4.9859147,1.4576143,3.7959268,4.5687566,5.0715117,4.3431416,4.5091414,4.166177,5.2131357,4.4422145,4.9676833,4.588223,4.3984804,4.498625,4.854708,4.597719,2.4841814,2.8258622,4.319038,4.5686603,3.3760357,4.2671013,3.1586444,3.8444145,4.9819055,4.3258815,4.220536,5.520742,5.6487374,4.525809,3.8441646,4.2924294,4.522284,4.8396673,4.02294,3.777562,3.7074797,3.6185231,3.0141194,5.126968,3.5530293,3.9354312,5.393857,4.144386,6.211333,3.82016,3.8855088,3.8658607,4.4613714,5.6403337,3.088899,3.580284,4.4967594,4.1817236,4.1845694,4.4140515,6.396861,4.6134505,4.3352537,4.2511744,4.01503,4.614095,4.6481915,4.390723,4.8286204,4.5619984,2.9774177,5.4202175,6.838004,5.547678,6.381635,5.2089014,3.9955087,1.1183279,4.859365,4.4732003,3.4944522,5.896994,4.0731254,4.957104,5.268117,4.7665863,4.480076,4.562988,4.1670337,2.6286645,5.108174,4.8480606,3.7858424,5.2121887,2.9986312,4.4062877,2.9204,5.2028174,0.71701044,4.019693,4.0843554,3.6135015,3.9320436,4.5964327,5.621142,5.8490953,4.6642623,4.5444136,3.1227477,2.6721616,5.2206635,3.5269775,4.6241207,4.174231,3.5017848,6.9632897,4.362615,3.897626,4.1503587,4.6815033,3.8438158,4.826759,4.894158,4.7024937,3.713278,1.4758271,6.313572,4.971449,3.9948862
4.870017,5.570995,3.252382,2.0070548,2.64288,3.2515712,4.7591395,4.692532,4.9962845,4.4355917,4.6178503,4.767646,4.1945047,4.718937,1.4184022,4.7961025,2.466639,3.6538858,3.4811275,5.341171,5.030953,5.5678234,2.8709655,4.9106793,7.8281755,4.2542763,6.449708,5.364828,4.708637,5.3080792,4.9767838,5.8424215,4.9162474,2.9988537,4.853668,4.094686,5.157431,5.351747,6.8763394,3.5173128,4.5857744,4.910521,4.7057757,4.7160544,4.397727,5.545815,5.181188,5.046865,4.112475,4.93991,4.6477017,2.7378008,3.507505,4.5789094,4.5053625,1.7205592,4.7575555,5.3261967,3.416306,3.525016,4.762307,3.2516925,4.94261,4.5629067,5.189838,5.513661,3.7226152,4.928516,5.46224,4.9567327,0.35729858,3.2297204,5.074807,4.7034674,5.547177,4.950855,4.550359,5.289863,4.707391,4.724016,5.35022,5.3565416,4.6159725,1.545964,4.651384,5.450785,4.83561,2.3401215,4.160978,4.451081,5.2370615,4.8977203,4.9609156,4.8725863,4.638007,5.593159,5.917891,2.6932042,5.0663247,5.7085495,4.9981875,5.1331706,5.1455464,5.0740113,4.7402496,4.6069665,5.1622815,4.3643975,5.63239,5.1455464,4.9973655,10.281794,2.8448188,4.746245,4.605213,4.7126985,4.524165,4.675133,4.8963213,3.983173,4.2410345,4.705328,2.5785422,4.676643,4.820488,4.3794074,5.2054224,6.140497,5.1274934,4.5445166,3.6009588,5.1800475,4.9265018,4.2770457,4.6620293,4.871447,4.643755,5.0625114,4.212198,5.403419,4.327836,4.9140944,5.393776,4.7755876,4.4344344,4.975537,5.475687,4.7826037,4.426082,4.733999,4.7505765,1.8466396,4.352517,4.3705163,4.9151,5.494744,4.2493234,3.9209034,4.3709264,3.8753543,4.411421,4.0492,4.662622,3.9177847,3.7422462,4.1465044,5.005986,5.1362324,0.93377995,3.5057254,4.7846518,5.1561093,4.6515875,4.7997637,4.5046153,4.819809,4.6813536,5.1900134,4.311956,4.6957736,4.8742456,4.9974594,4.9612813,2.9146616,2.912046,4.6197424,4.7893505,3.4584138,4.695798,3.5188217,4.268928,5.2180905,4.646659,4.552734,5.93859,5.5835896,4.896982,3.564015,3.7207134,3.9558408,5.029187,4.4083285,3.5788116,3.781064,3.731019,2.3429046,4.7662573,3.912551,4.180207,5.4137416,4.6039796,6.1222143,4.227034,4.334057,4.3149443,4.4133143,5.7033753,3.4734132,3.2129426,4.864435,4.4977016,4.527705,4.758677,6.353784,4.899221,3.902472,3.956078,3.6031265,4.8168015,4.839132,4.72758,5.2624826,4.8757353,3.7421832,5.0366597,6.523719,5.3263817,6.412514,5.2194247,4.0034313,0.5832815,5.1785817,3.831748,3.8745399,5.5149007,4.450806,5.0721774,4.948133,5.068917,4.6687455,4.8197126,4.5397577,3.1069682,5.3525147,5.2645807,3.2614279,5.214353,2.4825826,4.689904,3.3054438,5.0945945,1.4472609,4.47224,3.912178,3.8837347,4.328939,4.8732057,5.3621726,5.6315637,5.0614605,4.792056,2.8060653,3.5150566,5.440046,3.528283,4.177483,3.9542258,3.8670428,6.8561535,4.7703853,4.3463883,4.467268,5.0260987,4.2888083,4.998301,5.3436675,5.050677,3.861206,2.4287367,6.0936913,5.115062,4.4450865
4.691506,5.440257,3.0778487,1.6934,2.6231291,3.2175415,4.575993,4.4948454,4.8558965,4.22694,4.4353714,4.5742087,4.059101,4.5277863,1.481499,4.6116214,2.2596278,3.619809,3.4955924,5.200236,4.8428698,5.442879,2.6432636,4.8321333,7.80744,4.0305295,6.4100814,5.229545,4.5152493,5.2297497,4.7783766,5.7499857,4.747106,2.9011002,4.6798873,3.9333143,5.0346384,5.168908,6.797433,3.2908173,4.3750515,4.6940346,4.5219293,4.5219817,4.327254,5.483177,5.0671673,4.86625,3.885191,4.8075504,4.461453,2.4967177,3.262056,4.3272076,4.272177,1.6641835,4.554534,5.177097,3.4414616,3.558364,4.5651903,2.9926922,4.7352304,4.338782,5.0663214,5.4392476,3.6379511,4.765072,5.330713,4.7568393,0.5073445,2.9921112,4.878916,4.521543,5.5008864,4.7810526,4.342729,5.1407075,4.532002,4.550768,5.259258,5.1852326,4.428427,1.5060726,4.4232407,5.282003,4.6651597,2.2663038,4.0368505,4.254299,5.0890746,4.7254705,4.792883,4.7028866,4.4566784,5.5271873,5.780096,2.5346754,4.8967648,5.5946817,4.836289,4.963274,5.0276256,4.9123344,4.536037,4.402971,4.968065,4.179763,5.4867353,5.0276256,4.820588,10.30673,2.8053274,4.548927,4.43519,4.509081,4.3113546,4.4477563,4.727119,3.7680032,4.0098734,4.488721,2.3219755,4.498685,4.6460285,4.157053,5.200507,6.0557766,5.006507,4.3404408,3.6365879,4.988323,4.7249894,4.0582337,4.4738383,4.7052264,4.454533,4.895271,4.1290526,5.2658424,4.330717,4.7356606,5.272145,4.5790873,4.2049384,4.917264,5.3113246,4.5812044,4.250685,4.536645,4.5692105,1.5375543,4.126295,4.166718,4.743291,5.324837,4.0561996,3.9040656,4.4160604,3.8088408,4.4540257,4.0273833,4.4721627,3.8707745,3.650778,4.0340123,4.7741694,4.9802933,0.88955086,3.4717112,4.613175,5.010177,4.4573836,4.6115475,4.3133407,4.819906,4.5034757,5.0232177,4.261703,4.506165,4.671277,4.8539596,4.76081,2.6712258,2.761787,4.421115,4.61684,3.3107743,4.467927,3.2970362,4.0532274,5.031018,4.4490542,4.343465,5.7227077,5.4910426,4.695242,3.5065818,3.7707124,4.0160403,4.875361,4.200332,3.499498,3.6449895,3.57931,2.4084713,4.7505283,3.6938887,3.9920464,5.3049026,4.368533,6.052072,4.0038643,4.101949,4.080261,4.3077226,5.5769396,3.247591,3.1776755,4.6635604,4.2939177,4.3283415,4.5659494,6.246993,4.7059174,3.8997,3.9212897,3.614225,4.6502547,4.6775317,4.532396,5.0349355,4.6832666,3.462126,5.034372,6.488361,5.2792,6.3112993,5.0922656,3.9030497,0.51287735,4.987429,3.9087417,3.6565058,5.499443,4.2330036,4.935696,4.9244475,4.876281,4.5018873,4.634944,4.3272104,2.8564305,5.1750236,5.0418043,3.2914822,5.107063,2.4824724,4.503909,3.0781448,5.015321,1.1221244,4.23956,3.8487458,3.7035418,4.1214185,4.685432,5.315961,5.5684133,4.8428183,4.6155972,2.767236,3.2218897,5.2698135,3.395482,4.1759515,3.8836887,3.6464572,6.791396,4.544916,4.1115093,4.2661295,4.829772,4.056263,4.838032,5.113442,4.85341,3.6942818,2.1160626,6.031052,4.9663687,4.2118335
1.0289292,3.0622425,1.751995,3.4875882,3.1809535,3.1249766,0.9914556,0.67142147,2.1755855,0.59673595,0.9275777,0.7341796,1.7418147,0.7127529,4.127574,1.3467968,2.448328,2.7466474,3.591944,1.9701037,0.8544047,2.5309565,2.2969832,2.851435,5.308619,1.3419131,5.3362412,1.651922,0.80072314,2.074905,0.93585825,2.991918,0.9059324,2.6491652,0.9493595,1.1634963,2.443789,1.2534994,3.2809806,1.9253606,1.0000986,2.425037,0.8621125,0.94909966,2.7302423,3.635663,2.7751617,0.9578542,1.676188,2.251984,0.8494466,2.6645358,1.8443009,1.1416986,1.5845909,3.4957752,1.075482,1.5714996,3.7348118,3.3332794,1.4083309,2.5093215,1.0067703,1.9877473,1.7181705,3.1720855,3.3569422,2.7800505,2.1597855,1.0084666,4.9243045,2.1459775,1.1045519,0.6832004,2.7230012,0.9608429,1.2839484,1.9448417,0.7861833,0.7932539,3.2800083,1.6939698,0.7043679,3.656931,1.1812016,3.9847226,0.8495915,3.1768405,1.8154347,0.950348,1.7515265,2.7738736,2.8788354,0.8847941,0.9661906,2.4294512,1.7944221,2.2971215,2.6594555,3.321584,1.8931704,2.272654,2.7600205,1.1057014,0.9937261,0.904552,1.1683543,0.9749295,4.339515,2.7600205,1.830497,10.783936,2.948182,2.137199,1.050402,1.0731831,1.5031229,1.9837866,2.1237633,2.6113455,1.818924,1.6561973,2.7189786,0.7736617,0.9471232,1.8484081,3.294799,3.5492277,2.14346,0.41054428,3.7815945,1.1579431,1.0973343,1.1924188,0.76801074,0.9094202,0.84923697,0.9428067,2.3924394,1.9511999,3.1046112,0.92663157,2.6753702,0.99754924,1.7862284,2.444763,1.0962739,1.0187594,1.1722889,1.5055783,0.8147619,3.5451348,1.1544573,0.99043804,2.6275399,1.1773337,0.9651993,2.8732426,4.4272413,2.86062,3.758514,2.9501915,0.58046454,2.9465678,2.4249861,1.5957028,3.3791544,1.5676026,4.074856,2.6467757,0.8341353,2.2022548,0.7019488,0.7843933,0.6435413,3.0232275,0.8232202,2.0653486,2.6120012,0.7124141,1.0536953,2.5684395,1.1239402,2.2912052,2.07441,1.1677144,0.8256857,3.3212867,1.8183426,1.9217985,0.694073,2.7507658,0.7450665,1.5629932,4.5689883,2.0585508,0.92819583,2.7121022,3.6859689,4.2683434,1.2103561,0.57581854,2.6103618,1.4907376,1.787435,4.009978,2.8761916,2.024771,2.2617865,2.7109592,1.4284134,2.6630287,1.3323972,1.4480032,1.4367911,1.9537023,2.0869434,1.7810934,2.9289303,0.8756503,1.2989212,0.4459223,0.37801903,4.0919976,2.7153323,3.3113334,2.4597633,3.7384753,2.4726026,1.5186628,0.587224,3.3513155,0.903915,2.1146758,3.069162,5.3806715,2.6272707,2.5024378,3.1244714,2.0503442,4.5413527,1.1815505,4.1666107,2.3633044,3.599794,2.265019,2.1855526,2.8099709,3.2256205,1.0739228,1.0930468,1.5732816,2.1408656,3.6566663,3.5230258,3.6017997,2.9689128,3.3499465,0.76308465,2.0345151,2.4381208,3.9049065,1.5728202,2.7468128,1.2822707,0.6264704,0.8431892,2.8330154,3.7328334,2.9772706,1.1684139,2.8663702,2.4362104,3.9431276,2.389844,3.2507975,2.6458464,1.6862131,3.2642324,2.2743459,1.6257387,0.97136086,0.9261368,1.3589504,1.0187677,3.7537663,1.1764135,2.0399494,3.3199363,4.0764856,3.033159,1.5628861
0.8091648,2.789971,1.4702929,3.397241,2.7537506,2.676139,0.7425283,0.5367899,1.8549006,0.6730168,0.63147527,0.5749705,1.5613918,0.5156381,3.7692792,1.293055,2.2335758,2.2586198,3.120208,1.8938965,0.7400206,2.2354822,2.1471524,2.6300938,5.0412545,1.2571852,5.120313,1.5849268,0.6544319,1.7215683,0.8666435,2.6563897,0.6615502,2.346601,0.73354226,0.98304224,2.1103668,1.1497492,3.2282023,1.7680148,0.9361026,2.4978516,0.59448063,0.7819006,2.4421825,3.256752,2.438557,0.78385186,1.6001049,1.9109852,0.58433884,2.5238595,1.7929494,1.4729779,1.5604705,3.1596923,0.9749862,1.30087,3.275498,2.849827,1.3154929,2.4120476,1.2460672,2.0744276,1.6607711,2.9812226,2.9683373,2.5386982,1.8670855,0.9362532,4.6745243,2.04199,1.0212691,0.6863591,2.329536,0.73904043,1.2110006,1.6757752,0.47804755,0.47950277,2.9281118,1.5106881,0.43748114,3.328356,1.2404875,3.8132758,0.56782097,2.8657024,1.6032611,0.819157,1.6751492,2.5542629,2.65468,0.619606,0.6714341,2.0817447,1.641314,2.0405455,2.62002,3.2326906,1.625536,2.0648103,2.4242225,0.8915446,0.902894,0.8053223,1.088242,0.7758517,4.1310225,2.4242225,1.6192597,10.5468855,2.558111,1.9781115,0.8533211,1.004501,1.4467918,1.9518002,1.8774289,2.4651973,1.847124,1.6717683,2.569351,0.4687817,0.7056107,1.7890247,2.8648872,3.3899932,1.7849863,0.49359953,3.3052194,1.0686262,1.0183734,1.11073,0.5213535,0.6468359,0.6108121,1.0065081,1.9806566,1.6589206,2.6153266,0.71596646,2.566035,0.8596997,1.7585164,2.1056304,0.96912324,0.9159511,1.1431851,1.3399775,0.55910605,3.4302952,1.1241055,0.8825488,2.4033072,1.0661807,0.79073805,2.3964953,3.9613564,2.418069,3.263308,2.518386,0.42413148,2.6236217,2.1288238,1.116096,3.3540075,1.5239735,3.788327,2.1762512,0.5388601,2.0941525,0.5398961,0.5910569,0.5008424,2.5787284,0.5297383,1.8412999,2.1593885,0.4920691,0.9784962,2.278175,1.0425761,2.1787422,1.7659717,1.1093194,0.5336862,3.0203295,1.788387,1.8411677,0.73405623,2.6789033,0.61218053,1.5074832,4.5318594,1.7814248,0.86684275,2.3486676,3.1947222,3.7915895,1.2187988,0.5324799,2.2998254,1.0507956,1.6059715,3.5842228,2.433607,2.0066035,2.2355037,2.375469,1.5032378,2.464219,1.2430077,1.4091227,1.4510646,1.7067748,1.810224,1.695375,2.486426,0.80732983,1.2591367,0.36429715,0.38735813,3.850587,2.561847,2.829655,2.0223217,3.2818742,2.2226505,1.2092276,0.4520786,3.3256211,1.0440514,2.266266,2.6427689,5.1648874,2.2081883,2.4420571,3.0267498,1.663667,4.3117876,1.0860325,3.6776032,2.3903203,3.2354698,2.3309906,1.8672544,2.3573544,3.0770376,0.936415,1.0703659,1.4518595,2.055775,3.4946258,3.4796028,3.128904,2.624351,2.9560347,0.50310934,1.9573268,2.2554004,3.7585125,1.5450146,2.2898803,1.1768658,0.663684,0.7366498,2.493162,3.5365748,2.9067419,0.8959032,2.435456,2.553074,3.773311,2.0067177,2.786693,2.3270946,1.5501581,3.1212797,2.2343886,1.6052716,0.8661326,0.85593265,1.3435487,0.7676978,3.7402632,1.0886747,1.9092532,3.2627006,3.8832645,2.7743776,1.5425005
0.94493294,1.6700897,2.2051775,4.2275767,2.877534,2.4931858,0.8032901,1.1286672,0.8249901,1.79088,0.9012708,1.0375239,2.4901052,1.0538279,4.074868,1.9060761,2.9930615,2.0867183,2.780467,2.3951201,0.8581763,0.99129,2.9552622,3.0495384,4.3991456,1.7027636,5.0183053,2.24248,1.2050537,1.6317296,0.96303445,1.4157078,1.0556926,2.9928613,1.1515977,2.1242077,1.0087947,0.7076395,3.5544577,2.3020506,1.4251283,3.1194134,0.8913864,1.0736845,2.851401,2.138221,1.3572134,0.7130434,2.0830126,0.8919337,0.9552963,3.242264,2.6300132,2.6146839,1.8128978,3.5658674,1.1049094,0.15158309,2.9834554,2.7720535,1.5773379,2.9668388,2.3220494,2.8801284,2.5121527,3.268967,2.5235655,1.7896276,0.63721305,0.98249,5.2660556,2.8242545,0.8753234,1.8205448,1.8254126,1.0668573,1.6645589,0.52363026,1.0780044,1.0811219,1.8308793,0.6214689,1.1087778,3.7564068,1.7884952,3.222948,1.0327826,3.4374413,2.4965763,1.5534549,2.211983,1.8979225,1.9565177,1.0336902,0.8566173,1.7647088,1.2462057,2.8623421,3.0671694,3.5899875,0.7350461,1.3860494,1.3418745,1.1015111,1.1934953,1.32943,0.8400285,1.6041684,3.4175477,1.3418745,0.8979165,10.224623,2.8729472,1.6507546,1.5933287,1.424518,1.8592008,2.0839908,1.1369436,2.5930865,2.591549,2.1620195,3.241387,1.0840696,1.0663196,2.1333961,2.491144,3.450302,0.64117444,1.6476144,2.9410036,0.7987973,1.0095525,1.6866416,1.0211297,1.1232371,0.9759799,2.037416,1.7578752,0.39306322,2.2913191,0.9434753,2.9647691,0.99541235,2.1224785,2.3127365,0.80122036,1.0660028,2.2742472,1.1140518,1.0025957,4.230239,1.697028,1.6253588,1.7024565,0.75934803,1.6731997,2.212442,3.3168201,1.9706427,2.765074,2.550157,1.3293234,3.0673907,2.747159,1.3440325,3.3563993,2.205179,4.3072605,2.2325344,1.0522476,2.4657662,1.2210177,0.98178035,1.4559368,2.4391077,1.0686694,0.91100806,1.9688972,1.0574203,1.0552784,1.3417919,0.9796714,3.0245347,2.4969282,1.7313191,1.03605,2.811165,1.890049,2.7185552,1.8459309,2.6775038,1.2458596,1.9342157,4.2618594,1.7293916,1.0489844,2.7691479,2.9038424,3.2964523,2.229758,1.5522504,2.8754961,1.6050715,2.6015835,3.6180098,2.2831948,2.8674512,3.097147,1.1975797,2.0790994,2.5280917,1.7128732,1.8131149,2.074598,2.4341116,0.66845894,2.6037323,2.5631196,1.0598676,1.9443549,1.4762716,1.4221096,2.9716854,2.153412,2.442616,2.3340273,2.8855834,1.5077678,0.49689814,1.1387709,3.193511,2.1039963,3.3603451,2.494824,5.076068,1.6896836,2.7019386,3.4474978,1.8648261,4.974243,0.78630173,3.288385,3.38328,2.9601197,3.177014,0.8116811,2.0103698,2.5801795,1.7938554,1.841143,1.4658427,2.9025748,2.9143045,3.3067396,2.9124603,1.5279895,3.294902,0.98638755,2.894217,2.9052505,4.4901247,1.8262641,1.8631585,2.3575416,1.8431711,1.261565,2.4292288,3.7433593,2.6539526,0.6602299,2.6525857,3.5864968,3.1826296,1.930085,2.5363033,2.7894368,2.0638914,3.120551,2.2729816,2.0278475,1.5654713,0.9221618,1.9110364,1.0768107,3.6792717,0.9016858,2.7724602,4.0326056,3.9201136,1.9086127,1.8866652
1.8980008,3.7446225,1.2521825,2.5347028,2.903017,3.0621257,1.7725089,1.4132684,2.8502035,0.7072689,1.6353598,1.5660293,1.781095,1.5282652,3.5728824,1.9341775,1.67351,2.8810604,3.6259959,2.608514,1.7583576,3.3332546,1.6892514,3.1934378,6.1849337,1.595205,5.7811832,2.310325,1.5854003,2.7855735,1.7581724,3.826927,1.8289965,2.3454258,1.8175122,0.98140836,3.1026058,2.247623,3.9137323,1.7403913,1.5791332,2.6261182,1.6414154,1.7035359,2.965944,4.2271624,3.3824906,1.8642366,1.8008404,2.886785,1.5883193,2.0840795,1.4065329,0.69309086,1.9140892,2.889491,1.6810845,2.500971,3.6816454,3.3624382,2.0438364,2.1213496,1.3990502,2.0525405,1.9989332,3.6574519,3.48887,3.284789,2.9850159,1.7833009,4.1003966,1.675211,1.9471476,1.260733,3.4457166,1.8869416,1.7845038,2.7503407,1.6148812,1.6312255,3.8589113,2.589706,1.4609735,3.015094,1.6421281,4.4116464,1.7453616,2.7218156,1.8504446,1.4682305,2.4129353,3.2622302,3.375173,1.7924871,1.6740737,3.2048962,2.8746402,1.6437267,3.0181584,3.7796803,2.604965,2.9761555,3.388603,2.051455,1.7072072,1.5516365,2.053348,1.4328275,4.7856655,3.388603,2.4852307,11.089326,2.5543938,2.6455953,1.6654537,1.7437111,1.9228097,2.3647907,2.7443426,2.6878333,1.8308457,2.0667467,2.0879254,1.5826236,1.8078352,2.1159708,3.8531852,4.194922,2.8721673,0.86141074,3.815071,2.0650413,1.8204643,1.4844512,1.537578,1.7995973,1.5511602,1.5406814,2.5581725,2.8368602,3.4321964,1.844687,3.185741,1.6742467,2.0567155,2.9462469,2.1917875,1.6694186,1.2818061,2.1177714,1.6610833,2.6191206,1.4518195,1.4130573,3.1435976,2.2723691,1.3000635,2.9871242,4.5897326,3.0122592,4.031435,3.1892934,1.3779064,2.9994442,2.4039876,1.8872102,3.6019058,2.1847458,3.3191466,2.6280942,1.7028588,2.7718775,1.4670403,1.6480448,1.0546161,3.4189956,1.6266786,2.7890332,3.020147,1.5182099,1.7461061,3.1244843,1.8678154,1.6236858,1.5432895,1.7161008,1.7002101,3.2919502,2.238759,1.544267,0.6449877,3.2653906,1.4832776,1.9855852,4.87379,2.8857632,1.6747602,2.706916,3.7654111,4.349961,1.6501155,0.9536816,2.5400462,1.5345248,1.5263537,3.711766,3.3230922,1.819459,2.1637204,3.4144871,1.7548699,3.3298812,1.5704178,1.6963614,1.6114664,2.1720142,3.0604942,1.3362323,2.91771,1.6193242,1.6957598,1.0814533,1.1485204,4.86909,3.1790423,3.537931,2.5709865,3.7495646,2.9929464,2.2442222,1.380321,3.6830208,1.4167414,1.061005,3.5192757,5.829965,3.302167,3.2171626,3.4674928,2.0582,3.660812,2.0814736,4.237621,1.9550502,4.190722,2.207476,2.85401,3.339332,3.6365917,1.6410265,1.7278078,2.0261645,1.5104288,4.1051593,3.8389897,3.569772,3.584696,3.042536,1.5581595,1.4740654,2.7522876,2.9880302,1.8896635,2.9271832,0.7944209,0.62827677,1.7177956,3.4534519,4.1724305,3.3612103,1.9333138,2.6079006,1.3762213,4.372483,2.4907343,3.5512912,2.744788,1.7076735,4.0064807,2.6533916,1.8469194,1.4854172,1.7953124,1.5612439,1.9505981,4.00792,1.9762676,1.9106609,2.3421354,4.6212144,3.5748413,1.8602442
1.0161661,3.0098217,1.4137204,3.1584706,2.8744485,2.8517342,0.9261474,0.57976806,2.1005921,0.36599156,0.8129522,0.68638086,1.6198554,0.64561266,3.7867126,1.3266467,2.0977309,2.5180056,3.3397875,2.0438142,0.9032707,2.526798,1.9736837,2.804728,5.388507,1.12831,5.2841816,1.7751105,0.737038,2.1230152,0.94405013,2.9987478,0.9410549,2.3787754,0.9554823,0.97304016,2.3808162,1.3460709,3.4765925,1.6286258,0.8756539,2.369459,0.7839434,0.87228215,2.6196394,3.554983,2.6941772,1.0000247,1.462711,2.1647787,0.7457887,2.3478568,1.5545636,1.0614916,1.4321597,3.15231,0.9909915,1.6229959,3.4765708,3.1050923,1.3449042,2.2156138,1.081657,1.8970137,1.803258,3.1825373,3.1080558,2.6563113,2.1733365,0.9990566,4.5782976,1.846363,1.1250926,0.69555426,2.7475092,1.0010581,1.1658981,1.9401805,0.7382305,0.75577563,3.192714,1.7257929,0.5912699,3.3127327,1.0838728,3.863238,0.856673,2.8700905,1.6892467,0.80067,1.8234525,2.646954,2.7552764,0.90372884,0.85831165,2.4915535,1.9760416,1.9687147,2.6213422,3.3401704,1.8315318,2.2142704,2.674875,1.17472,0.9187645,0.7889068,1.2092705,0.8107095,4.2161155,2.674875,1.766413,10.668078,2.6563685,2.0175297,0.9894768,1.0019249,1.3787274,1.8654243,2.0282474,2.3908455,1.6587826,1.579138,2.3862984,0.7081473,0.9353223,1.6898129,3.2421908,3.6005661,2.101908,0.17743479,3.5381267,1.2073587,1.0673136,0.98102385,0.67293733,0.93348414,0.7385055,1.0833548,2.217505,1.9763007,2.953517,0.9417729,2.6988628,0.926208,1.6350094,2.425439,1.2781063,0.94645935,1.0905653,1.4029474,0.77184844,3.210793,0.9564164,0.8086995,2.5084558,1.3413467,0.74895006,2.6756585,4.218187,2.6349516,3.590301,2.7818503,0.5107602,2.7783537,2.2350497,1.4143201,3.2515128,1.6391085,3.7254705,2.4074707,0.82107115,2.2120872,0.60932493,0.75428843,0.46561787,2.9447117,0.7576879,2.024143,2.4691045,0.6358509,1.0097574,2.4662669,1.1029234,1.9709294,1.7408619,1.0878288,0.81315887,3.0455854,1.7036395,1.6550757,0.37659657,2.699287,0.64739394,1.4498837,4.465732,2.1614819,0.905224,2.4999201,3.4623067,4.0391846,1.310237,0.26732495,2.402837,1.2220299,1.5767769,3.6976452,2.795522,1.8288239,2.122743,2.6709957,1.3219361,2.8004286,1.112305,1.2579937,1.2596303,1.8710852,2.1644213,1.4911824,2.6671093,0.8459855,1.1882364,0.20716928,0.38072422,4.0757613,2.5952957,3.1026232,2.29294,3.4892468,2.347543,1.4501467,0.5214335,3.2494829,0.9703319,1.8882219,3.0165606,5.3342686,2.623582,2.7114964,3.091214,1.8538958,4.1975408,1.2269428,3.9388008,2.1820164,3.5678995,2.1568415,2.123194,2.7483895,3.0988607,1.0488684,1.1028118,1.4256527,1.8259115,3.5415103,3.4115882,3.3391187,2.8818707,3.052515,0.6829406,1.7496492,2.4546382,3.5624747,1.4147238,2.5288258,1.0459414,0.33613354,0.860599,2.8386075,3.716308,2.8653734,1.1049408,2.5671465,2.187724,3.8224978,2.119515,3.0809765,2.4809701,1.4279593,3.4472637,2.161537,1.4511234,0.82477075,0.95588845,1.163041,1.0766042,3.6428401,1.1790988,1.8532248,2.9972436,4.081934,2.9220138,1.4026847
0.971742,3.0223098,1.8162774,3.583661,3.2031572,3.1331737,0.9638469,0.6828503,2.1357682,0.7016265,0.9109949,0.7150917,1.7299628,0.69314444,4.172624,1.3111494,2.5261924,2.7263286,3.5840533,1.8949716,0.8204197,2.4701552,2.3671706,2.794258,5.1967263,1.3859559,5.2763934,1.5676253,0.776463,1.9783561,0.9247242,2.914239,0.82262266,2.667144,0.8797592,1.1962291,2.4012823,1.1887195,3.188547,1.9819924,1.0147197,2.432335,0.8374173,0.9307683,2.685492,3.5875628,2.7376869,0.91233146,1.7165377,2.214377,0.8337102,2.733815,1.9201064,1.2570939,1.6221129,3.549457,1.0951314,1.494672,3.7363603,3.3120663,1.3861954,2.579667,1.0158654,2.0136566,1.6805665,3.0982845,3.3586495,2.7679775,2.0963569,1.0041946,4.9929333,2.2141426,1.0822372,0.66115344,2.6260235,0.87777597,1.2873688,1.8923647,0.7316124,0.7332753,3.2408903,1.6379654,0.6876789,3.712488,1.2108262,3.9773269,0.7745749,3.2089713,1.8001703,0.9525722,1.6769019,2.7648015,2.8678026,0.80611956,0.94881034,2.3244934,1.6721172,2.3549917,2.6321924,3.2625833,1.8580896,2.235705,2.7199843,1.0104376,0.99017614,0.908846,1.1353511,0.9693048,4.326432,2.7199843,1.8132929,10.744545,2.9802618,2.1335847,1.0059803,1.062767,1.5118986,2.0009007,2.101455,2.6413436,1.8584679,1.6604546,2.7954426,0.7272503,0.88272333,1.8706659,3.2104387,3.4639971,2.0871048,0.5076385,3.7713656,1.1190368,1.0990802,1.2323961,0.75051427,0.826749,0.8459249,0.89126736,2.3865976,1.8780822,3.052173,0.86106306,2.6110866,1.0044535,1.8139703,2.3643389,0.987772,1.0331339,1.1791409,1.501512,0.76809794,3.6371593,1.2037537,1.0091745,2.6169052,1.0766102,0.98255146,2.8528621,4.4076505,2.8558164,3.7141743,2.9053257,0.55689806,2.9188018,2.4117494,1.5740187,3.3998888,1.5012385,4.139934,2.6401749,0.7656173,2.1424215,0.6885108,0.7482486,0.6972476,2.9544067,0.77678484,2.0326295,2.5560827,0.6916595,1.0627005,2.5472825,1.120846,2.3690858,2.1269813,1.1562645,0.758168,3.3493745,1.8377463,1.9800934,0.7998588,2.7249062,0.7381703,1.5661124,4.5803227,1.9472339,0.9335736,2.6951537,3.6631062,4.252815,1.1661191,0.65554166,2.600984,1.5021182,1.8094846,4.0303245,2.8035495,2.0679114,2.2806625,2.6584604,1.4625728,2.5701385,1.3771747,1.4942676,1.4833037,1.913649,1.9923408,1.8482431,2.920603,0.8830563,1.3025658,0.49049935,0.4121135,4.0248823,2.7111099,3.2789493,2.4258857,3.7369592,2.4600546,1.4809505,0.59353745,3.3637524,0.8883399,2.2348115,2.9929245,5.3187466,2.5381517,2.4096596,3.0829923,2.0595253,4.6156907,1.1431613,4.1457453,2.414459,3.5120971,2.2930603,2.1465595,2.7323976,3.2276485,1.0280702,1.0534778,1.5908747,2.2220824,3.6496863,3.5355027,3.5964992,2.9279475,3.3648422,0.73899746,2.10333,2.377089,3.994614,1.6105751,2.7363148,1.3401939,0.7275544,0.78903687,2.739861,3.665962,2.98694,1.1361185,2.8852491,2.5570014,3.935966,2.3978827,3.2022614,2.6173534,1.730835,3.1612217,2.2871838,1.6663151,0.97805184,0.9046626,1.408305,0.9236494,3.770919,1.1605057,2.0559049,3.4284809,4.000928,3.0129244,1.6008209
1.8116648,3.5385306,1.4493097,2.5556893,2.105595,2.3900664,1.9660769,1.9429485,2.6676292,1.8695153,1.8341755,1.8925128,0.85992724,1.8214415,2.7226682,1.447106,1.5835309,1.8676349,2.6912847,1.8378291,2.2630444,3.1724622,1.2008038,1.7432723,4.970775,1.7394409,4.1915946,1.922164,1.6892614,2.2953646,2.2869368,3.3996391,1.7100537,0.70525444,1.6369863,1.3235381,2.9801347,2.4549394,3.764823,1.4202906,1.7460827,2.090385,1.874291,1.825547,1.3234217,3.823169,3.1993089,2.2646754,1.6014706,2.6996691,1.8297012,1.5122539,1.348473,2.1895247,2.0989106,2.3182006,2.2761695,2.515241,2.9709594,2.1710815,1.7283312,1.8508906,1.7791612,1.7075136,2.3451672,2.3230882,2.655188,3.0189102,2.954074,2.3261082,3.4528003,1.2652738,2.3843117,1.4822952,2.7608533,1.7319902,1.6018682,2.7755954,1.6050978,1.5993744,3.5780838,2.631763,1.6839974,2.445039,1.8572426,3.8764749,1.6748585,1.3420058,0.8643952,1.3636271,1.7252296,2.955617,3.054875,1.692309,1.8868623,2.573203,2.627324,1.0922531,2.018171,2.570104,2.543026,2.6016273,3.0831137,1.7900057,1.9177855,1.7041876,2.4216735,1.1612331,4.2005415,3.0831137,2.675696,9.506956,2.2071478,2.407901,1.2379729,1.7254128,1.6554043,2.2084846,2.5835037,2.1230712,1.5248041,1.7524629,1.7132206,1.6053563,1.66168,1.7896968,2.5979767,2.937885,2.697075,1.8233174,2.9289503,2.4107237,2.3574042,1.5817653,1.7871252,1.6320304,1.9167993,1.8461264,2.5535636,2.7020512,2.2547495,1.8307226,2.051629,2.2050805,1.8751749,1.829427,2.3946965,2.2464967,1.2002157,2.20112,1.7244296,2.5187333,1.738301,1.3708252,2.9194849,2.4136283,1.1541848,2.371042,3.8152814,2.5494833,2.9775593,1.5608404,1.5853044,1.2282704,0.6547263,1.6180531,3.1993136,1.6391219,2.780879,1.9037489,1.6364027,1.7591503,1.6694205,1.8582646,1.9068439,2.4038317,1.6077621,2.8141382,1.640488,1.7852914,2.322722,3.0418556,2.3773353,1.3455864,1.1585879,1.451174,1.6557372,2.663931,2.233613,1.0388956,1.6940796,2.4894557,1.6889908,1.6183007,4.4732385,2.3364773,2.2781186,0.91001,2.687316,3.4706511,1.8429571,1.7163514,0.7439686,1.2757521,0.6145394,2.673044,2.1330717,1.244268,1.2980536,3.2333071,1.8555859,3.2303576,1.7002739,1.887055,1.6674402,1.0695348,2.8219643,1.0544401,1.4606942,2.2352,1.3642334,1.6244669,1.9824626,3.9703262,2.795001,2.2881837,1.4868094,3.0598333,2.7689834,2.2393036,1.9472367,3.3495545,1.6129398,2.3572357,2.510337,4.234306,2.6362064,3.357387,2.1955092,2.2092335,3.1974149,2.4210525,3.1844513,1.4973476,2.7292733,1.7119782,2.8085155,2.3711753,3.3097744,1.2503967,1.4520601,2.0971525,1.3932285,3.6449113,3.4653986,2.542237,3.244849,1.6193405,1.8029773,1.105064,1.9478077,2.8162608,2.0450568,2.41986,1.2148421,1.6991444,1.70565,2.260324,2.6887853,3.0958986,2.0611658,1.7926875,2.5425665,3.8520002,1.6305907,2.0519469,0.9842795,1.4195281,3.8438601,2.4028876,1.8559543,1.4230236,2.2876964,1.7104069,1.7330151,3.6087873,2.4165504,0.729082,2.878981,3.1694064,3.2481575,1.9658058
1.0216343,3.088417,1.6889707,3.3975327,3.126995,3.0894132,1.0003326,0.6784589,2.194397,0.5609454,0.9244535,0.73622304,1.6616088,0.707439,4.054222,1.2853458,2.3665547,2.709378,3.5570955,1.9310962,0.90565944,2.5694466,2.1986086,2.791212,5.3131523,1.2878369,5.2825065,1.6324009,0.7711053,2.09055,0.9741428,3.0261903,0.8978018,2.5572429,0.9274902,1.0988945,2.4731212,1.2981476,3.3082669,1.844039,0.95872337,2.351351,0.86569077,0.93389404,2.6621253,3.659854,2.8003669,1.0064732,1.6044352,2.2706258,0.8456111,2.5671473,1.7485076,1.0881867,1.5464665,3.426025,1.097629,1.6167247,3.705237,3.2902126,1.3651645,2.4245746,0.9438025,1.9031276,1.7233509,3.1257293,3.3186684,2.7778409,2.2051837,1.0445695,4.8360753,2.048013,1.1437349,0.61564344,2.7413347,0.9524051,1.2268233,1.98445,0.7641998,0.7721897,3.3039494,1.7297344,0.6824413,3.5856788,1.1310924,3.963925,0.83883274,3.0850375,1.7387143,0.8795057,1.7120701,2.7650597,2.8717906,0.8753812,0.9683319,2.4477925,1.8353996,2.2094944,2.5917854,3.2676995,1.9121553,2.2699416,2.7778964,1.1021752,0.9783161,0.86561936,1.2081777,0.89608055,4.3235946,2.7778964,1.8567619,10.725843,2.9033623,2.116778,0.988239,1.0333322,1.4428879,1.9407852,2.128558,2.5472684,1.730919,1.592988,2.6270812,0.74964076,0.92865187,1.7851363,3.2793622,3.515458,2.1734822,0.3715232,3.7514615,1.1992182,1.1291456,1.1287847,0.75933486,0.893981,0.85338,0.9253534,2.397643,1.9900006,3.0790863,0.92562246,2.624292,1.0220802,1.7261708,2.4162443,1.1585242,1.042699,1.0884962,1.5011643,0.80267423,3.4542034,1.0988426,0.91544795,2.624925,1.2313837,0.87849677,2.8556864,4.4133077,2.8451371,3.7401893,2.895752,0.5334756,2.8705544,2.3417177,1.5770297,3.330659,1.5233182,3.9962854,2.6115415,0.8183545,2.1502407,0.66918194,0.7848896,0.6431399,3.0088038,0.79909766,2.092191,2.5726736,0.7033768,1.0832192,2.5866518,1.1570259,2.193087,1.9981161,1.1022408,0.8117815,3.2717686,1.7839603,1.8192651,0.6257622,2.7046204,0.7112954,1.5001212,4.535986,2.0737112,0.9624849,2.634769,3.6526117,4.244522,1.1879493,0.52360094,2.525953,1.4437764,1.6935283,3.9492311,2.8539898,1.9251261,2.166192,2.7453814,1.3676324,2.702517,1.2757099,1.39786,1.3649634,1.8899195,2.1304715,1.679405,2.8651636,0.90893924,1.2221793,0.3785123,0.41183648,4.089517,2.6918526,3.2741249,2.4160936,3.7130847,2.4707067,1.5363637,0.602205,3.3147266,0.84021086,2.0442,3.0582337,5.327522,2.642881,2.5502627,3.0577924,2.0443661,4.4553905,1.2225577,4.1357384,2.2619045,3.5727184,2.175089,2.2148654,2.8034427,3.2067668,1.0099999,1.0319407,1.5484363,2.0442533,3.638468,3.4861598,3.559812,2.9872704,3.271896,0.759066,1.9311144,2.4003508,3.81651,1.5311126,2.7313962,1.1982102,0.56200206,0.81805897,2.8134794,3.679704,2.9491522,1.1823938,2.8111913,2.3662841,3.9228926,2.336268,3.2079682,2.5699673,1.6090475,3.3076487,2.2329588,1.5665004,0.9029793,0.9673269,1.2944646,1.014585,3.7098317,1.2126597,1.9417495,3.247633,4.032159,3.0356092,1.5145049
4.9616156,5.564174,3.5433605,2.575234,2.6236768,3.2212043,4.9070973,4.903579,5.034606,4.7441573,4.774918,4.939605,4.2395735,4.8872623,1.33064,4.84243,2.8295255,3.5274224,3.2827473,5.289957,5.224421,5.5781345,3.0918927,4.6916094,7.401291,4.4392405,5.9230523,5.3924046,4.84772,5.278061,5.180299,5.755695,5.0025396,2.913177,4.9346147,4.321946,5.1991925,5.4730077,6.8851185,3.6821268,4.7470584,4.93837,4.8637486,4.856278,4.171612,5.460954,5.200434,5.219574,4.250517,4.9783177,4.8108454,2.9310355,3.7451384,4.961643,4.6863685,1.9323689,4.989289,5.402164,3.310496,3.2847116,4.8248343,3.457211,5.133956,4.6658206,5.37551,5.2636876,3.579237,4.945437,5.5161004,5.16587,0.83947396,3.4271078,5.2578597,4.8694367,5.426484,5.0284915,4.6565185,5.3684278,4.825542,4.837578,5.3229203,5.439304,4.7780294,1.7815816,4.8255377,5.3462424,4.9349756,2.2124522,4.192499,4.5796723,5.212776,4.907568,4.9605184,4.964481,4.7963376,5.501817,5.9146867,2.917398,4.9599547,5.485493,5.0725894,5.1224546,5.13002,5.1240234,4.8972874,4.7624097,5.3274083,4.4771514,5.487579,5.13002,5.136396,9.558026,3.0217278,4.8022184,4.675336,4.8339915,4.6171856,4.773543,4.951975,4.012791,4.3681364,4.783538,2.8409863,4.8020754,4.907613,4.4677367,4.910866,5.8548145,5.1599402,4.819019,3.4020283,5.339022,5.1383095,4.451189,4.825824,4.953461,4.8297706,5.228806,4.356292,5.4360037,4.0869255,5.0169663,5.235448,4.9903603,4.5503497,4.8278556,5.589523,5.0075116,4.5794363,4.8658834,4.8773413,2.3917243,4.55483,4.5153756,4.9488344,5.59516,4.3902,3.890327,4.149756,3.8844194,4.133297,3.75097,4.8215375,3.658221,3.618258,4.2452297,5.013258,5.152767,1.3512223,3.4957016,4.8881626,5.053875,4.8099055,4.949255,4.7744317,4.635078,4.7992735,5.276216,4.0874825,4.860738,5.0958347,5.061382,5.166146,3.1809921,3.1336188,4.713011,4.896032,3.4311213,4.824545,3.6833403,4.566861,5.1206765,4.806517,4.626419,5.887251,5.5314574,5.1193066,3.351895,3.4566975,3.7072015,5.18412,4.6644545,3.4190242,3.924165,3.833965,2.071685,4.5485353,4.026609,4.2143803,5.4224777,4.767752,6.154816,4.4113054,4.5260334,4.4892955,4.3804684,5.6960354,3.6799448,2.9803643,5.0891714,4.593234,4.7432876,5.011054,6.0837965,4.898588,3.6129825,3.8704689,3.493036,4.8561645,4.938171,4.9417152,5.27232,5.0362716,4.2614036,4.844687,5.994257,5.2210674,6.5000377,5.014252,4.210007,1.2869948,5.336521,3.5181136,4.0233145,5.1428275,4.53493,5.142308,4.77428,5.067658,4.7460327,4.9034653,4.686619,3.3831213,5.2850475,5.2577868,3.0352721,5.1801233,2.2249138,4.850959,3.519335,5.0429344,2.069485,4.649336,3.9101872,4.140984,4.623105,4.9842734,5.13937,5.292325,5.09502,4.924637,2.813572,4.086275,5.342074,3.4957342,3.83366,3.7488244,4.00758,6.846578,4.8378005,4.5069914,4.6011453,5.2195864,4.477319,5.0616136,5.331839,5.2371116,3.8888307,3.1102586,5.717743,5.0967393,4.61502
1.5409164,3.6645544,1.9887909,2.8728025,3.296212,3.4292903,1.7487866,1.5692108,2.8319194,1.4555098,1.6715256,1.5110254,1.4001853,1.475402,3.8971133,0.904605,2.2264452,3.0225515,3.8347418,1.6935548,1.9094207,3.3163743,1.6018724,2.3671083,5.4097486,1.288771,4.6202784,1.8382162,1.2642678,2.8073418,1.8626137,3.7089055,1.4890001,2.0860376,1.3724576,1.5498679,3.2272463,2.0664752,3.8666763,1.4276214,1.1914337,1.2444304,1.65103,1.4563415,2.265241,4.336977,3.4986074,1.9873918,1.1457288,2.9358773,1.6010232,1.8584883,1.0801646,1.1933402,1.507051,3.3852415,1.9231396,2.4805505,4.083469,3.5195851,1.2261993,1.78829,0.7525276,0.6951003,2.4405665,2.7611902,3.394068,3.0624378,3.0607548,1.9119213,4.401648,1.3247553,1.9727694,1.0598077,3.4212747,1.4881102,1.0330471,2.786936,1.4078566,1.4174949,3.9754922,2.411576,1.4082333,3.516546,1.0030414,3.8034866,1.4787,2.6145792,1.5493876,0.93026537,1.5306139,2.9419813,3.0596325,1.4878792,1.7375829,3.101712,2.4815876,2.0270343,1.685235,2.6038582,2.5318623,2.4826803,3.3693397,1.5933288,1.4327816,1.2113057,1.9963902,0.94226056,4.2473435,3.3693397,2.5557365,9.963269,3.2690349,2.1722085,1.073579,1.1566173,1.0547332,1.6118915,2.5573542,2.0325034,0.6711597,0.9251246,2.057207,1.3947606,1.4234197,1.25974,3.5770497,3.1500313,2.9603689,1.3773783,4.091331,1.99905,1.9555671,1.0888298,1.5092069,1.4550533,1.676192,1.4973035,3.21671,2.7641366,3.4263256,1.5331846,2.1085365,1.8889936,1.2430184,2.6206725,2.108989,1.8869169,0.97917217,1.919189,1.4580803,2.9279647,1.1490316,0.8939121,2.9013252,2.0724273,0.88942116,3.4322352,4.85445,3.3636951,4.1569524,2.833204,1.1732202,2.458044,1.9165704,2.2736466,2.7044933,1.3572234,3.7823715,3.0447938,1.4494389,1.6486087,1.2638819,1.5134232,1.6830226,3.4709425,1.3990471,2.728452,2.6975212,1.4624454,1.9208362,3.1969125,1.9753132,1.5771674,2.0555158,0.83697414,1.4574524,3.1609275,1.6362014,0.97442997,1.2507337,2.092891,1.2472644,1.0152581,4.040457,2.6641188,1.8572596,2.3137593,3.959139,4.6144176,1.6669595,1.2994566,2.0810623,1.9482003,1.3234223,3.938034,3.1877806,0.80461216,1.0643331,3.516831,0.89146465,3.559716,1.2611271,1.329202,0.88880324,1.781557,2.8915474,0.99689496,2.7925751,1.825752,0.6791624,1.1910123,1.6042188,4.0985794,2.596979,3.4541128,2.7056417,4.1073637,2.8070476,2.253907,1.5772831,2.831643,0.8629379,1.817911,3.521068,4.675645,3.3403316,3.389642,2.2457802,2.8496432,4.0893455,2.0203342,4.4392357,1.136116,3.580147,0.9400549,2.9798355,3.3115623,3.1346815,1.0583797,0.8660939,1.7334379,1.4313648,3.5234976,3.011987,3.776575,3.5808752,3.036698,1.5390341,1.1645392,2.4652908,3.342293,1.4556568,3.267389,1.3515923,1.3099303,1.2351506,2.9986107,3.151639,2.6843374,1.9239111,3.0059822,2.1195114,3.7712655,2.3506505,3.268061,2.1745193,1.215023,4.0821967,1.8508939,1.2191185,0.92757213,1.8591053,1.0588845,1.5828302,3.0898786,2.0155995,1.1163152,3.0099838,3.541418,3.3519013,1.3409969
2.9281454,4.188427,1.4187229,1.1771764,1.7753652,2.3286283,2.8651707,2.7520928,3.4157703,2.4588468,2.7124174,2.8165278,2.2294078,2.7611246,1.696728,2.788222,0.61541176,2.3795626,2.7586691,3.3824592,3.1245275,4.0095687,0.92096674,3.2171469,6.39321,2.3703406,5.312349,3.3739464,2.72716,3.5446718,3.0851207,4.348734,2.9356658,1.3216808,2.869246,2.105409,3.6628315,3.4618726,5.056825,1.7008742,2.632356,3.076267,2.785699,2.7803822,2.747586,4.396376,3.798972,3.1558976,2.2491155,3.4009418,2.7234762,1.0484382,1.5675498,2.6042078,2.6911204,1.2314984,2.915948,3.5239878,2.8408127,2.5486455,2.833683,1.6716019,2.8673046,2.6369808,3.3089998,3.8269298,2.792439,3.5377493,3.8187075,3.083792,2.0570085,1.3367081,3.2053072,2.6407783,3.9510686,2.972612,2.6011684,3.6096709,2.7272825,2.7421627,4.1193347,3.571652,2.6472688,1.2801208,2.6966112,4.322626,2.8577027,1.0509202,2.2248914,2.4407132,3.2542393,3.4881995,3.5817254,2.895191,2.746381,3.876314,3.9971266,0.7057185,3.2764392,3.997042,3.3243337,3.4837677,3.7420208,3.10167,2.8114393,2.641171,3.2902524,2.3387048,4.619723,3.7420208,3.3294291,10.059535,1.8229436,3.097265,2.5844254,2.748982,2.608198,2.914646,3.2871494,2.4862537,2.317357,2.7767031,0.9795597,2.6982534,2.8492622,2.5553694,3.8028376,4.457289,3.5248995,2.5466807,2.9713974,3.302985,3.0750518,2.3360262,2.7151763,2.884691,2.7347624,3.0214283,2.8529816,3.6849968,3.0841246,2.9562962,3.5696967,2.9139202,2.6009266,3.2560315,3.5340564,2.925239,2.3682842,2.9463649,2.7870722,1.0922682,2.4221973,2.3649678,3.4664216,3.5590596,2.2186255,2.739749,3.8935559,2.746968,3.5056143,2.6527445,2.6453967,2.410223,2.0025756,2.40025,3.634822,3.1246743,1.3854094,2.216964,2.8057437,3.265197,2.6647077,2.8464756,2.5678387,3.422975,2.708321,3.5502317,2.7973602,2.7355988,3.0184832,3.5719223,3.1115448,0.99223334,1.033715,2.6171114,2.8122447,2.540353,2.9165425,1.5414923,2.270895,3.5343604,2.6644993,2.6326127,4.8336573,3.7410824,3.013938,2.0102408,2.9514203,3.504891,3.0161128,2.4212863,1.9250479,1.9449372,1.7330681,2.171183,3.2944646,1.9905002,2.3031886,3.9584677,2.6663477,4.380865,2.335956,2.476031,2.3836937,2.5296237,3.9506533,1.4581157,1.9560001,2.9734445,2.496184,2.5108469,2.7830963,4.9908504,3.4063442,2.851085,2.4107256,2.9885955,3.336505,3.078403,2.7767155,3.8553245,2.8003695,2.0196605,3.604688,5.3769693,3.7551973,4.552155,3.5305738,2.4931014,1.7148218,3.307486,3.3184524,2.0287275,4.0832386,2.579914,3.5068116,3.470075,3.754466,2.6305761,2.7772443,2.7537448,1.1937717,4.126767,3.9268224,2.570008,3.8756535,1.5171194,2.7439415,1.3161194,3.2956536,1.2936403,2.6489341,2.711143,1.8568361,2.3255234,2.8721273,3.7098439,4.0924306,3.607631,2.9407887,1.6522424,1.9539883,4.299998,2.049077,2.9606311,2.318195,1.9981633,5.0986376,3.0831938,2.4940689,2.4638705,3.1258507,2.3726475,3.0228505,4.0411363,3.2004454,1.9231281,1.600176,4.581659,3.7864587,2.6015644
3.0474699,4.184038,1.684168,1.9447607,1.3758786,2.0276923,3.0287373,2.9937043,3.422225,2.7947645,2.8795817,3.0240722,2.1757493,2.959763,1.3646263,2.9176567,1.2186649,1.9442916,2.3114085,3.3151515,3.316227,3.9595175,1.4809641,2.904292,5.941706,2.7222733,4.9682446,3.3063965,2.9228606,3.2726593,3.3201692,4.173671,3.0129807,1.0088851,2.963654,2.2386255,3.6247017,3.6037836,4.8312964,2.1073475,2.9089541,3.3459337,2.9551175,2.9810805,2.3817997,4.1962376,3.744825,3.3135462,2.6088612,3.3859046,2.905352,1.6155237,2.0983968,3.1251633,3.0654142,1.0979335,3.1874266,3.5398695,2.4375124,1.8999349,3.0207212,2.221486,3.1351323,2.9649312,3.278852,3.5095804,2.6602116,3.6463308,3.7900722,3.3279672,2.0709147,1.8518387,3.4228551,2.8034742,3.5750327,3.0490613,2.849669,3.6446338,2.8447742,2.84903,4.006871,3.6711957,2.8322952,1.1423281,3.0424967,4.4576397,2.9464035,0.58240485,2.1182396,2.6553884,3.2176256,3.6219842,3.7024853,2.97763,2.9101198,3.5544062,3.9290233,0.94222564,3.3346827,3.837121,3.4050336,3.5695002,3.685808,3.1361177,3.0563786,2.888318,3.4932704,2.500807,4.693195,3.685808,3.484827,9.745419,1.5672796,3.305292,2.6640747,2.9793627,2.8759212,3.2390964,3.3971498,2.7828143,2.6902719,3.050033,1.630051,2.8294463,2.9499798,2.868268,3.2609715,4.179364,3.4574742,2.8448079,2.4943075,3.4941294,3.3281546,2.6641626,2.9030263,2.9493556,2.937828,3.1232486,2.7278852,3.6576886,2.526095,3.0771585,3.424781,3.1538174,2.9463356,2.8672411,3.600197,3.1867068,2.515775,3.1660771,2.9311523,1.8213527,2.7847965,2.617849,3.600014,3.6406925,2.431883,2.3316548,3.4709466,2.5538175,2.924467,2.0940008,2.8375561,1.9395614,1.6994301,2.2885969,3.9731753,3.1304448,1.3844281,1.8118662,2.9008527,3.2110844,2.8723676,3.0247111,2.8178692,2.8790493,2.8365526,3.6552298,2.363917,2.9276402,3.2816458,3.622287,3.3575642,1.6253582,1.1708823,2.8220782,2.9126103,2.6470976,3.249247,1.9531757,2.6388228,3.660352,2.8863165,2.8799584,5.129981,3.5043316,3.2708094,1.5351331,2.3517118,3.0198011,3.0683758,2.732273,1.5580537,1.9383924,1.7835552,1.664436,2.7700324,2.337651,2.4935071,3.8716166,3.0405912,4.130165,2.6869848,2.8580134,2.7737615,2.3265986,3.866105,1.9108009,1.4328634,3.2286928,2.7291815,2.765964,3.0206134,4.8499,3.5991788,2.3411617,1.9245986,2.628085,3.4500084,3.1563447,3.00865,4.172187,2.9994774,2.7393572,3.0696895,5.017884,3.3862388,4.41019,3.4244397,2.425454,1.839904,3.4967499,2.7283876,2.4019642,3.5677686,2.8912086,3.5128198,2.99957,3.9643514,2.6998188,2.9175034,3.0402327,1.8177443,4.283086,4.2310715,2.049559,3.7912138,0.77434355,2.9215517,1.8049134,3.0242162,1.8962016,3.021582,2.4847887,2.0972197,2.6575682,3.0305018,3.2826927,3.75251,3.8973138,3.0765786,1.2409573,2.7305048,4.4391637,2.0104203,2.3853602,1.9301745,2.346991,4.824791,3.3935285,2.8767738,2.6975513,3.3478277,2.7590606,3.0569518,4.37277,3.426118,2.0182242,2.3851714,4.245353,3.8455842,2.9754744
4.3320894,5.0332355,2.7426662,1.8400745,2.0684898,2.6905966,4.2237754,4.1754346,4.440537,3.9543555,4.083297,4.243709,3.7034614,4.193655,0.88814294,4.2928996,2.0024881,3.0667071,2.9309726,4.833196,4.503413,5.0049543,2.4378996,4.4187913,7.2812486,3.765377,6.0387826,4.850169,4.186595,4.7393117,4.457225,5.2668924,4.376154,2.4979243,4.317824,3.6004143,4.5995536,4.813597,6.3664875,3.0466251,4.0804543,4.500668,4.1725245,4.191062,3.8922088,4.9962254,4.629781,4.5118527,3.6416676,4.3823514,4.116818,2.3441331,3.078887,4.1733007,4.0304804,1.1647346,4.2456093,4.7652664,2.8902566,2.9583254,4.25184,2.85781,4.4805765,4.146679,4.700064,5.019721,3.2047977,4.4176145,4.8981094,4.4389596,0.7247433,2.8044505,4.5511084,4.202062,4.965262,4.4109316,4.049934,4.7342443,4.1716533,4.187191,4.804668,4.8108068,4.0889883,0.99794304,4.171412,5.017342,4.296037,1.8451198,3.6642916,3.9401665,4.725304,4.3953037,4.459091,4.3323917,4.1023855,5.017224,5.3554125,2.1984406,4.620077,5.2517796,4.4515543,4.6023183,4.5929017,4.529624,4.2250376,4.0945334,4.635737,3.8476264,5.1969333,4.5929017,4.4654655,10.080162,2.3141932,4.242792,4.0812216,4.202255,4.0351233,4.2081065,4.362192,3.5403643,3.8081503,4.234047,2.1855311,4.1424956,4.282886,3.910247,4.635106,5.6405354,4.55878,4.0525503,3.0635145,4.6510057,4.410584,3.7839582,4.133725,4.331364,4.116549,4.564266,3.664493,4.8368497,3.7494507,4.3768344,4.9067154,4.2562337,3.9699683,4.4265375,4.9285316,4.268257,3.9459302,4.213495,4.216698,1.668376,3.8666828,3.866189,4.4042606,4.9484277,3.7397025,3.3533094,3.874098,3.3172197,3.853733,3.4924836,4.1439953,3.420281,3.2372298,3.581775,4.625902,4.631301,0.43243524,2.9304965,4.2460246,4.655325,4.1311746,4.2705817,3.998459,4.2548165,4.1463256,4.6507325,3.7349904,4.1694007,4.3606296,4.461822,4.4437723,2.5049098,2.3871295,4.1172385,4.2510266,2.9978533,4.22037,3.082944,3.7906528,4.7517567,4.1287813,4.0648932,5.594236,5.0193367,4.3823633,3.0364652,3.1680338,3.4504726,4.5349956,3.9110856,3.0756164,3.2285736,3.2529051,1.823234,4.19583,3.494511,3.7655206,4.8516555,4.142084,5.579339,3.737723,3.8569145,3.8515089,3.9013085,5.129255,3.0290198,2.6377785,4.3496323,4.0079103,4.0215,4.252216,5.832439,4.4176803,3.3307948,3.3978915,3.0783417,4.295072,4.2878523,4.210006,4.8605514,4.393017,3.4320035,4.4734516,6.1115136,4.743308,5.885592,4.7752867,3.4666858,0.68790054,4.6490602,3.3110998,3.5117567,4.9683166,4.0575323,4.5169015,4.3681827,4.613796,4.153289,4.315415,4.037854,2.6963801,4.904398,4.8692265,2.7069488,4.662927,1.9321005,4.159753,2.8868604,4.5976706,1.3479677,3.9971282,3.344796,3.4124687,3.8473053,4.3491726,4.8055506,5.1625524,4.622748,4.250676,2.2255993,3.2433488,5.0048227,2.9746623,3.6116922,3.4430013,3.3859985,6.3145976,4.3123193,3.8806982,3.959569,4.5038705,3.8155875,4.4534,4.979443,4.528712,3.4040031,2.241829,5.6180005,4.6008096,3.9724026
2.47051,4.245902,3.1409733,4.129069,3.6103082,3.7785685,2.8674686,2.9381418,3.4928868,3.0438583,2.8160453,2.7754278,1.4788244,2.7187653,4.226311,1.707532,3.3600657,2.987269,3.856966,1.0419924,3.1095555,3.7911043,2.7954373,0.33426067,3.839536,2.8616607,2.9961631,1.5920836,2.4935112,2.472567,3.180339,3.7865987,2.2658548,2.0516112,2.200989,2.5129786,3.8203242,3.0368843,3.1821847,2.815917,2.6543758,2.046252,2.800122,2.6781971,0.78466463,4.5573916,4.0590787,3.0848823,2.6497247,3.5716083,2.7898848,2.9824378,2.7342813,3.2210622,3.0878491,3.9819684,3.333551,3.115668,4.258265,3.146779,2.2827373,3.2064486,2.1934216,2.0508704,2.7825124,0.64652985,3.778881,3.8797302,3.6182232,3.2508268,4.878142,2.698145,3.221305,2.1540182,2.8513012,2.2420816,2.3683102,3.5125766,2.3824396,2.3522878,4.404707,3.2464204,2.6191857,4.094525,2.677488,4.424891,2.3260102,2.6914592,1.4973025,2.2488055,1.1900537,3.7801847,3.8626204,2.2993312,2.8711185,2.522041,2.512069,2.8383467,1.3906077,0.9423442,3.3659585,3.1580896,3.8747993,2.1364033,2.779761,2.5979714,3.1871235,2.0776982,4.7506404,3.8747993,3.6122735,8.77597,3.779284,3.2053668,1.8290697,2.4605613,2.3838232,2.939623,3.4266047,3.0760427,2.2740111,2.2245314,3.2814255,2.4211574,2.2936535,2.5870726,2.4358187,1.318867,3.4554434,2.9037292,4.0715165,3.1542218,3.3122058,2.6626728,2.7199972,2.1864097,2.927109,2.2361143,3.8191369,3.26567,2.8370552,2.47556,0.56158495,3.2249768,2.6942835,1.5363284,2.8262339,3.2764573,1.9142787,3.1220272,2.5158052,4.094067,2.8182337,2.335579,3.777921,2.8171794,2.2057173,3.5034716,4.8319097,3.819595,3.6789923,1.89372,2.419785,1.2840893,1.3494873,2.788036,3.700092,1.3243511,4.39234,3.1918585,2.3291264,0.96856904,2.5468123,2.6804647,3.0574586,2.678142,2.4093065,3.6138701,2.0631716,2.6877909,3.30966,3.990113,3.3090398,2.909829,2.9148989,2.07488,2.3573234,3.9242232,3.0458589,2.342326,2.9277976,2.4198523,2.571416,2.2562428,4.8601356,2.15662,3.2394798,1.6431651,3.6534073,4.5226116,2.1837752,2.866511,1.486651,2.7005603,1.85006,4.0179315,2.2706442,2.0943158,1.6170341,3.969356,2.6198888,3.230313,2.8337905,2.9603956,2.6297507,1.2588776,3.1330895,2.482703,2.5802743,3.2088745,2.0279515,2.6367364,2.9570837,3.8155165,3.4791584,3.0984542,2.306377,4.3138003,3.6664004,3.1188471,2.9222405,3.8234234,2.0428178,3.7420878,2.6229446,2.9810534,2.897986,3.2342117,0.9283667,3.5572634,4.7160597,3.1694798,4.1390924,2.2146509,1.9637343,1.9844813,3.680385,2.6380765,4.038704,1.7183659,1.7991402,3.0880806,2.9200528,4.232514,3.9558485,3.7205286,4.025486,2.8761544,2.7183585,2.5188398,1.5110537,4.4077535,3.0354326,3.6538684,2.5224643,2.893293,2.3053787,1.6505421,1.0567157,3.7373636,2.9549503,3.3048682,4.008178,4.4091926,2.9174001,2.4511776,1.1799634,2.639731,3.4913113,3.0513685,2.821948,2.3052893,3.1368434,2.7610977,2.1673539,4.015009,3.283491,1.5458125,4.5711417,1.5986185,4.042182,2.9336154
1.0646257,2.9282885,1.996797,3.8392546,3.348804,3.2213545,0.9850897,0.7365334,2.075228,0.85914445,0.97041637,0.7892349,2.0174003,0.79151255,4.372388,1.5656809,2.7557716,2.8359737,3.6719005,2.0952022,0.7065038,2.344924,2.654096,3.0287755,5.2157245,1.5644294,5.4743743,1.723051,0.94423,1.9729252,0.8502533,2.8059092,0.94539225,2.9514854,1.0363986,1.4262879,2.2993774,1.0885905,3.1666162,2.2215345,1.1861644,2.700306,0.88688695,1.0366579,2.9317305,3.493055,2.6440895,0.7989849,1.9449,2.1507936,0.90450585,3.0178535,2.2036805,1.4570801,1.75584,3.7381055,1.0538688,1.371246,3.8030524,3.4391687,1.5673174,2.826098,1.295759,2.3084593,1.7354794,3.2972066,3.4573812,2.7663245,1.9519588,0.9288236,5.2402506,2.5035617,0.99442804,0.96024865,2.5936,0.99784607,1.5006899,1.76969,0.88830394,0.88988507,3.1470535,1.5446173,0.8317773,3.9055219,1.4044907,4.0357757,0.9037264,3.4823081,2.0761912,1.2104175,1.8819453,2.7866201,2.882964,0.93058294,0.98765796,2.305954,1.6017804,2.6113844,2.887976,3.4862342,1.8044044,2.2583008,2.6536279,1.111961,1.0915973,1.0816431,1.0462016,1.2491996,4.3654246,2.6536279,1.731358,10.934481,3.0998342,2.2065787,1.2655323,1.2409105,1.7282765,2.1531386,2.089123,2.836669,2.1471493,1.8946869,3.057805,0.8861863,1.022755,2.0831113,3.2816262,3.6249158,1.9923456,0.6958061,3.8435829,1.0264574,1.0302622,1.4444472,0.8480728,0.9726209,0.8860726,1.0720645,2.3569403,1.7667515,3.1365974,0.94716024,2.8310654,0.9625499,2.0174062,2.501252,0.84186167,0.99153763,1.4857175,1.5351002,0.8876858,3.8948796,1.3936249,1.2679721,2.6192458,0.95976657,1.2694607,2.898484,4.424712,2.8838289,3.76292,3.0896213,0.79409045,3.1764114,2.6895528,1.6485568,3.557588,1.7256558,4.355027,2.7419374,0.9076304,2.364932,0.86713064,0.8280874,0.7657272,3.018788,0.93107766,1.9493545,2.6957166,0.800922,1.0028571,2.476782,1.047251,2.6547096,2.3484104,1.4085915,0.89443535,3.4798641,1.9637864,2.291316,1.0173655,2.900355,0.9130066,1.7931896,4.684033,1.9585704,0.8692774,2.9473302,3.7535694,4.302844,1.3380393,0.8493131,2.8773963,1.6553112,2.115031,4.193946,2.8967297,2.3857813,2.6022365,2.5395708,1.6813171,2.488335,1.5627308,1.6617706,1.7202568,2.1594925,1.874037,2.1515436,3.112907,0.8263465,1.5768839,0.743979,0.46830425,4.044215,2.7879217,3.3880453,2.578929,3.7899554,2.4605136,1.4412999,0.64015555,3.4857447,1.1775986,2.4493372,3.0506873,5.516266,2.5097656,2.3163857,3.3373542,2.0735157,4.8561625,1.0494132,4.2232847,2.7412755,3.628739,2.6008139,2.0479748,2.7724526,3.2815356,1.301004,1.3212559,1.6832446,2.5033047,3.7016704,3.655369,3.7080085,2.8575995,3.5952663,0.82545394,2.4130805,2.5559893,4.2420077,1.7552022,2.7675927,1.6101774,0.94474095,0.9629773,2.8456273,3.8779507,3.0789042,1.126933,3.0396063,2.7637846,3.992725,2.5536923,3.3425846,2.8764896,1.967553,3.071332,2.4319565,1.8629907,1.2276007,0.82387364,1.6204262,1.0313363,3.914866,1.0764618,2.3773901,3.625412,4.1851916,2.9948757,1.7668962
0.9262176,2.361698,2.4502096,4.3901343,3.492897,3.2203696,0.92509025,1.0202789,1.613704,1.5667146,1.0275177,0.9259647,2.3957472,0.9569851,4.6240788,1.6950834,3.240946,2.7706463,3.5646095,2.1165555,0.693751,1.7153912,3.1019366,3.0543888,4.6088457,1.7716581,5.203664,1.8710122,1.0793769,1.7652305,0.8564492,2.1165514,0.89654255,3.2451787,1.0165733,2.0194914,1.8175812,0.57696795,3.171318,2.4999497,1.3542107,2.8967469,0.9378845,1.0626037,2.9839609,2.9598508,2.1644702,0.65080017,2.1490965,1.7134392,1.0018268,3.421691,2.6548252,2.2159297,1.8612417,4.0554404,1.1568319,0.7668883,3.7517548,3.4124877,1.5343525,3.1462126,1.8360739,2.6430414,2.1826527,3.21856,3.2788293,2.3925688,1.3551162,0.92789936,5.656633,2.9199016,0.83244383,1.4751089,2.2001805,0.90668416,1.6141592,1.2267025,0.9953245,0.9897366,2.6446056,0.9754329,1.0457108,4.2374616,1.6227571,3.6736062,0.91126597,3.782053,2.4368453,1.4612564,1.9252828,2.4398258,2.5150971,0.90244263,1.0153877,1.9549406,0.98961633,3.0799181,2.9320319,3.4409065,1.377025,1.813176,2.1494334,0.9272219,1.1432917,1.2497486,0.78235775,1.5320458,3.9489832,2.1494334,1.4020011,10.5975065,3.3706388,1.981365,1.456723,1.3194789,1.8288156,2.1416826,1.7124254,2.8711588,2.4698827,2.0191984,3.4642923,1.0132791,0.98398864,2.1800447,2.95262,3.386094,1.4932581,1.387713,3.7301533,0.73114645,1.0158508,1.6943434,0.99353296,0.972106,1.0241185,1.573341,2.360656,1.1259649,2.9356167,0.83895665,2.8053944,1.0433884,2.1347342,2.429758,0.25071642,1.0912603,2.010342,1.3780773,0.93642986,4.4238567,1.6667343,1.5501709,2.2624302,0.28047717,1.6135513,2.8659508,4.1717086,2.7602985,3.518645,3.0070229,1.1191576,3.2897365,2.9054596,1.7567202,3.4867198,1.874734,4.7406206,2.8196943,0.9500001,2.3227353,1.0901799,0.8843901,1.3327814,2.8673973,1.0193166,1.4834247,2.500436,0.9722832,1.0509801,2.070969,0.99141973,3.135106,2.7730925,1.5802424,0.93364555,3.428787,1.9505994,2.7269998,1.6718911,2.7165473,1.1228466,1.8873109,4.468158,1.6883171,0.96704066,3.0761912,3.6410618,4.1221404,1.8187125,1.4027929,3.083368,1.926419,2.5760567,4.284294,2.7089424,2.7807875,2.961033,1.9876175,1.9144726,2.3913217,1.7813022,1.853411,1.9996579,2.3973272,1.1386276,2.6205955,3.1345584,0.9686507,1.8045928,1.2673079,1.1261649,3.411967,2.515283,3.1873043,2.6867328,3.6858594,2.1115372,1.1148975,0.9805062,3.3347297,1.6678687,3.1806276,2.8734093,5.249043,2.14461,2.3135917,3.3541105,2.2793045,5.3213067,0.74516404,4.072121,3.2332423,3.289283,2.9626436,1.5994482,2.5043294,2.9891677,1.5728747,1.5494324,1.6583463,2.984674,3.346002,3.4895155,3.6548152,2.3432627,3.7789488,0.9545921,2.9078064,2.750135,4.7449265,1.8722486,2.6442869,2.2456434,1.638169,1.0333668,2.6053846,3.7609138,2.8838239,0.9496525,3.2147543,3.4700444,3.6312797,2.5284173,3.1434999,2.9909618,2.2013018,2.8950837,2.365954,2.0400722,1.4699363,0.7821437,1.8841391,0.91494626,3.8030288,0.9173786,2.737925,4.1929173,3.9573815,2.5565898,1.9075689
3.1451867,4.2791066,1.9668711,1.0733526,2.1513443,2.6394842,3.127498,3.0574718,3.6009526,2.8805418,2.99708,3.0860496,2.5992715,3.0395563,1.8112609,2.915605,1.1954135,2.720728,2.9848719,3.5787,3.438114,4.2224436,0.9751914,3.370575,6.4746075,2.451797,5.054678,3.7316394,2.954135,4.004869,3.354887,4.5570226,3.2104418,1.5477072,3.1110876,2.6538618,3.9011524,3.6866374,5.5672245,1.6524941,2.7852302,2.9116764,3.0709772,2.9873412,2.911707,4.595783,4.0002475,3.4693224,2.2007442,3.6077201,3.0057049,0.7355242,1.5867155,2.9100187,2.6906884,1.594227,3.1845083,3.8143272,3.1471505,2.9182212,2.8878658,1.355358,3.1359086,2.5761464,3.8996596,3.9619024,2.723081,3.5001924,4.0955534,3.3467457,1.9632553,1.2635125,3.4474914,3.004875,4.3655953,3.2293613,2.67036,3.8522358,3.0182679,3.0380595,4.300755,3.7545834,2.9389768,1.6227285,2.771247,3.9971774,3.144819,1.1648977,2.6222115,2.6361156,3.464321,3.401862,3.4916182,3.1743855,3.0334778,4.290446,4.278846,1.3542536,3.1508203,3.98049,3.4937716,3.475458,3.887457,3.356613,2.9876366,2.8281045,3.514965,2.581602,4.313888,3.887457,3.5176773,9.5233555,2.4279215,3.0348718,2.8385735,2.880058,2.6075115,2.7873018,3.3635879,2.1705468,2.2431421,2.7362173,0.68861336,2.9862945,3.0920439,2.4444284,4.103411,4.501334,3.8049047,2.9451997,3.2408888,3.5332696,3.324696,2.4502873,2.9974382,3.1702464,3.031629,3.4498663,3.3552082,3.9348025,3.426325,3.1988516,3.648954,3.1982675,2.5042748,3.6305988,3.8620744,3.1981947,2.7404096,3.0621388,3.0532825,0.95174193,2.5418522,2.5440466,3.4335074,3.837371,2.4618888,3.2305465,4.1020174,3.0476465,3.8270504,2.8684108,2.9355776,2.584928,2.2392535,2.887847,3.2086792,3.3659306,1.5708411,2.7203612,3.094094,3.325299,2.921018,3.1088016,3.0001004,3.8805192,2.9823234,3.7000725,3.024902,3.017746,3.2775288,3.7137618,3.3551636,1.0312847,1.6427984,2.7385976,3.099472,2.3077517,2.8487043,1.575482,2.6483195,3.3037057,2.9024367,2.6201959,4.3509383,4.136661,3.2920327,2.2218525,3.2684305,3.736151,3.4809346,2.7650785,2.1334305,2.4315615,2.126379,2.3094263,3.6741936,1.9415983,2.292256,4.2002807,2.6681433,4.937664,2.421457,2.5121899,2.3948028,2.9014623,4.2132063,1.5771631,2.1391175,3.2631342,2.5844548,2.846127,3.194132,4.8438754,3.2223947,3.030134,2.9183893,3.249761,3.3495312,3.3215175,3.104711,3.4830036,3.101103,2.3052123,4.0554295,5.1392293,4.176496,5.090867,3.4491792,3.0796852,1.7834736,3.5366685,3.577202,2.0119557,4.2474537,2.4907842,3.7496157,3.8719404,3.514891,2.9204166,2.9811702,2.8043535,1.2205036,3.843034,3.5311997,2.820021,4.0190806,1.7244593,3.033374,1.4121121,3.7264116,1.1379564,2.6464849,3.043619,2.3767931,2.7426496,3.0932832,4.012787,4.102757,3.3314044,3.1964667,2.1139975,2.1971426,3.9806097,2.100748,3.1430912,2.5028877,1.9860046,5.6257906,2.8912933,2.4512422,2.640565,3.3945098,2.419084,3.306772,3.5869863,3.4326494,2.05035,1.7018243,4.5436893,3.7501493,2.5885978
2.7665205,4.280336,2.4326975,2.9571471,2.4831977,2.8867538,2.9899101,3.0236623,3.5022564,2.978264,2.8770428,2.941027,1.4985158,2.8718007,2.7649994,2.2273767,2.308899,2.299182,2.979198,2.230175,3.31031,3.9587493,1.8927032,1.466412,4.818097,2.745814,3.5822272,2.4858556,2.706987,2.8749018,3.3422487,4.033461,2.649292,0.74169964,2.5728385,2.310913,3.7985425,3.4130254,4.1062264,2.291955,2.7653286,2.4900014,2.9148114,2.840873,1.0098525,4.427963,3.972174,3.2927904,2.4894114,3.526454,2.8784547,2.01504,2.2263103,3.2077332,3.052801,2.637216,3.3502522,3.4148796,3.32985,2.2807503,2.58409,2.5204718,2.6498945,2.294338,3.0682442,2.0562208,3.0877078,3.7640953,3.8034077,3.3837035,3.327839,2.0098295,3.4156775,2.4551322,3.1971333,2.6549852,2.5278938,3.668961,2.6100578,2.596688,4.2702146,3.5388758,2.7389734,2.7102838,2.8299568,4.3479857,2.6424034,1.1922677,1.4568714,2.377367,2.2285132,3.6799498,3.763752,2.6456873,2.9270298,3.0432346,3.331674,1.7859087,2.1593513,2.3417943,3.436164,3.3442621,3.8188841,2.6526966,2.935757,2.7317142,3.4323854,2.1824803,4.636481,3.8188841,3.6341398,8.824779,2.75639,3.2146127,2.1579692,2.691541,2.5210164,3.0091255,3.431889,2.7196798,2.2635353,2.5186026,2.2806687,2.6217494,2.6145952,2.5815632,2.6306074,2.7334259,3.5190191,2.9256895,3.1998167,3.4161494,3.4139602,2.6011963,2.8379712,2.5662956,2.9805872,2.7080355,3.364251,3.536893,2.445325,2.7971714,2.0580025,3.2733412,2.7034972,2.0223088,3.3228562,3.3189902,2.0826445,3.1668518,2.7346613,2.870933,2.7707312,2.3969605,3.6920586,3.3319864,2.2111354,2.885016,4.106591,3.199397,3.1420023,1.4294287,2.6271372,0.57947654,0.64881027,2.512804,3.6769297,2.2278337,2.9226599,2.434433,2.6150281,2.0527089,2.713688,2.885541,3.0094924,2.5931017,2.61556,3.7084227,1.8770207,2.8352334,3.3887177,3.8728979,3.4271753,2.0535553,1.997995,2.361144,2.6383212,3.1677146,3.105919,1.8315588,2.8077502,2.876135,2.7313197,2.4416099,4.8755136,2.864849,3.3487513,0.66109186,2.8325734,3.6915455,2.6308606,2.8294115,0.46597007,2.263902,1.425661,2.7253911,2.2787373,1.8670956,1.629891,4.0012784,2.7608836,3.7703407,2.708894,2.8693438,2.603228,1.4848622,3.5819974,1.9515198,1.5949026,3.310216,2.2489038,2.7145917,3.0673714,4.248386,3.4673455,2.45704,1.8258688,3.4523857,3.5640836,3.1850054,3.0285408,3.886574,2.500474,3.2453065,2.6750789,3.604693,3.1166484,3.9573689,1.9793667,3.0760827,3.2122827,3.4252036,3.2836068,1.9109696,2.5105755,2.1443992,3.6749077,2.6816764,3.948125,2.1266081,2.3053648,3.0543544,2.179174,4.1839886,3.974056,2.7496166,3.9468126,1.465757,2.850018,1.865689,2.1211724,3.0911734,2.9955802,3.0677493,2.2084563,2.8047605,2.6701293,2.3301725,2.202676,3.7446556,3.0616925,2.2415173,3.3860064,4.3349304,2.2884438,2.001249,0.67703,2.3346963,4.2732162,3.1277132,2.764006,2.4324899,3.3340096,2.691657,2.6245716,4.044679,3.4485013,1.2622298,3.5327873,2.7362974,3.9476247,2.9037971
3.4892178,4.332785,4.5700283,6.2656417,4.655926,4.516416,3.7980685,4.012251,3.8621688,4.346767,3.818376,3.8426604,3.3769,3.8080025,5.661545,3.4122179,5.1293707,3.634999,4.3813343,2.6271942,3.9026124,3.7243907,4.879539,2.4860015,1.9969617,4.37474,3.754421,2.6676981,3.723614,2.3148923,4.067371,3.3231194,3.2740445,4.023047,3.327812,3.9236798,3.9442813,3.6720665,2.5673215,4.6358223,4.029975,4.2787795,3.7861216,3.817027,2.7265928,4.2170277,4.142305,3.8040109,4.41194,3.8963985,3.826192,5.1372795,4.7739773,4.9150777,4.5489597,5.43501,4.2938786,3.3950233,4.745693,3.6931171,3.7205708,5.2181735,3.894528,4.299635,3.4907124,2.1032019,4.646099,4.562997,3.6263268,4.1372304,6.7501445,4.8116975,4.036034,3.5857282,2.0926113,3.2543488,3.924817,3.7703018,3.4878116,3.445867,4.310647,3.728594,3.762192,5.5752263,4.2337446,5.320554,3.352142,4.5896506,3.315051,3.7729836,2.735483,4.5863037,4.6168985,3.314369,3.8332727,1.9373405,2.513437,4.6282053,3.5980127,2.8501852,3.9144993,3.900899,4.0349164,3.0601108,3.9690797,3.9219542,3.9655128,3.6346207,5.4408884,4.0349164,4.2262344,9.287465,4.768913,4.3213696,3.3104095,3.8356543,4.034376,4.4773417,4.1216497,4.790404,4.391723,4.0284653,5.333439,3.54462,3.3854513,4.324335,1.8589097,2.0213234,3.5745294,4.171471,4.454407,3.910191,4.2065535,4.2214537,3.800748,3.233021,3.9390805,3.4236887,4.2085013,3.3900867,2.923521,3.4695296,2.6088796,4.152504,4.407814,2.0101595,3.2782774,4.230201,3.6729753,4.140174,3.5894969,6.2167854,4.3395343,3.907565,4.5221076,3.318338,3.8087587,3.8224857,4.836751,4.3263087,3.5214756,2.8099735,3.6921244,3.109543,3.346466,3.546535,5.3580294,2.9263043,6.05424,3.8820317,3.3879678,2.8487313,3.779527,3.7243297,4.152077,2.4238973,3.5341024,4.091252,2.6985514,3.785262,4.236248,4.3754416,4.1827054,5.014732,4.481881,3.7020981,3.40886,5.1833434,4.4798894,4.512016,4.3731365,3.9732697,3.8270583,3.9611392,6.197195,1.9999675,4.169009,3.3334572,3.9539433,4.6875196,3.3607013,4.1918755,3.4539309,3.8341992,3.8342414,5.0799246,2.2153676,4.4012327,4.0937986,3.8655624,4.345562,2.584317,4.3624735,4.495087,4.399721,2.920106,2.9905505,4.5542383,3.756475,4.152413,3.818942,3.9512696,4.013546,3.806079,4.58402,3.552091,3.0818717,4.7458224,4.388447,3.7561433,3.9727685,5.2894506,3.6479452,5.6892953,2.1975296,3.6825645,2.3429513,2.8327816,3.225287,4.2030206,6.5859947,3.9159436,4.330011,4.669934,1.5436274,4.388568,3.9413621,2.3153443,5.0590653,3.2628417,3.4143023,4.3380885,4.998189,5.1442695,5.393673,4.3470297,4.0930085,4.3518987,3.7679644,4.697991,2.5560598,6.467692,4.524374,4.131916,4.174646,4.2878294,3.522938,1.493567,2.4373674,5.030553,3.780959,4.383175,5.9820347,5.3051457,4.148154,2.917888,3.0685637,4.400735,2.3637168,4.5741057,4.4923644,3.833,3.9995928,4.4155064,3.09521,5.6071434,4.103414,3.8640146,6.4979916,2.3891408,4.5588527,4.4888487
1.2731596,2.952329,1.2837377,2.5129042,2.633785,2.6623597,1.195111,1.0091801,2.1383548,1.0159749,1.0924243,1.0540353,1.8614407,1.032896,3.3271153,1.3986937,1.6485175,2.4888668,3.153323,2.3764665,1.408509,2.7095408,1.321617,2.9439385,5.6436944,0.51026595,5.075671,2.3878677,0.9782451,2.7642832,1.2853026,3.2133417,1.4025025,2.1039917,1.3121475,1.4821874,2.5043635,1.6901675,4.2989554,0.7731118,0.73915285,2.0168219,1.1278789,1.0020844,2.668908,3.6139033,2.7363977,1.4879565,0.7131097,2.2136045,1.0568014,1.5933998,0.7838047,1.2119086,0.8480938,2.7489505,1.171116,2.0346425,3.3308,3.0989866,1.1691744,1.3004775,1.4885188,1.5610046,2.6302035,3.3895905,2.6399596,2.31088,2.4757094,1.2870057,4.0267105,1.0977883,1.4015251,1.3384016,3.2724457,1.42326,0.8749774,2.165737,1.1779957,1.2158412,3.206732,1.9100295,0.98735136,2.9039147,0.75689244,3.290709,1.3258916,2.4567494,1.9507645,0.80385894,2.17229,2.2352538,2.353552,1.3615212,1.1372328,3.081965,2.5452075,1.6905237,2.4145975,3.3877785,1.8564701,2.0022728,2.648504,1.6139086,0.94204205,0.79969364,1.4749614,0.9281974,3.6842148,2.648504,1.7887061,10.16943,2.6117342,1.5778222,1.2799548,0.9380708,0.9533613,1.2771426,1.8525056,1.587657,1.114594,1.2194418,1.6003274,1.1263003,1.2715276,1.0532681,3.5290465,3.7668724,2.3392673,1.0119109,3.4074783,1.5000013,1.2819449,0.46338484,1.026195,1.4087024,1.0636849,1.8639734,2.4620056,2.2746274,3.0997088,1.2985826,2.839761,1.1929848,0.991604,2.851594,1.9292395,1.1711346,1.4827259,1.2279081,1.1409132,2.5620735,0.44606748,0.6703994,2.160905,1.8819344,0.75819933,2.8457408,4.1028457,2.5427866,3.6736655,2.7848434,0.9990026,2.7355618,2.1827934,1.7712716,2.521938,2.0287297,3.2452326,2.48929,1.2774194,2.2874107,0.92633843,1.1185167,1.1488988,3.33767,1.1276286,2.0355341,2.5278003,1.0284358,1.230324,2.3786566,1.3154123,1.2953308,1.5435408,1.0208751,1.2682532,2.3608673,1.1639254,1.0756223,0.7584831,2.2981899,0.88526577,1.0585297,3.773596,2.7987258,1.2227559,2.3917532,3.4248936,3.9124126,2.0624392,0.7545085,2.2900476,1.4022092,1.6220565,3.328556,3.116776,1.3455178,1.8575195,2.83645,0.854773,3.624074,0.48134965,0.60582995,0.6192843,2.1890922,2.5604615,0.9021555,2.4282362,1.1972872,0.9925005,0.8688473,1.2472985,3.8913715,2.0697184,2.9820945,2.5661216,3.3245242,2.0473604,1.6115224,1.0707042,2.5856924,1.4658796,1.5895388,3.4483,5.1532564,3.115388,3.600665,2.996009,2.1785789,3.6946924,1.5107747,3.8488564,1.809483,3.7577324,1.8123378,2.2549407,3.124522,2.5323474,1.4401383,1.3620123,1.0072979,1.1004394,2.9913094,2.731111,3.1533847,2.8543286,2.7406468,1.0724825,1.1970152,2.970767,2.9166918,0.81243396,2.4941053,1.33426,0.93105507,1.1825222,3.2221556,3.774734,2.2442338,1.3315818,2.4059682,1.7882684,3.252851,1.6658288,3.0525281,2.4471219,0.63924015,4.2798038,1.5560871,0.75635344,0.765333,1.324996,0.49119195,1.567508,2.9329097,1.4006022,1.6539152,2.394788,4.1249404,2.6203098,0.77556473
4.5377035,4.808614,5.5033374,6.405692,5.104424,5.00825,4.889524,5.1896544,4.660168,5.660952,4.916642,4.9749413,4.5387807,4.9478636,5.613728,4.243196,5.6822968,4.329518,4.6524467,3.8834033,5.214482,4.716074,5.167982,3.2721744,2.3291273,4.947445,1.357129,4.4806995,4.751067,4.44682,5.2375536,4.3185434,4.528785,4.362619,4.4672513,5.3453937,4.88935,4.8531528,5.4936643,4.876123,4.838813,4.3543706,4.9245787,4.777702,3.3414721,4.884258,4.916598,5.1223645,4.7184496,4.7227445,4.9360003,5.1573668,5.163467,6.057986,4.9905424,5.7257934,5.3690777,4.741854,5.199356,4.346185,4.3131123,5.1635528,5.1391034,4.6659927,5.656506,3.0163765,4.386837,4.6616607,4.8631496,5.2747583,6.5361223,5.044593,5.1582108,4.9732666,4.165126,4.474138,4.5327263,4.86651,4.6816564,4.662743,4.957917,4.723069,4.9002023,5.836014,4.901363,4.431762,4.5986533,4.6508474,4.520584,4.651883,3.9982612,4.567622,4.5665846,4.558219,4.9392033,4.15847,4.2713294,5.2984953,3.5900052,3.0805857,4.722377,4.1818576,4.6349087,4.341051,4.8615327,4.8154316,5.0703583,4.5905967,4.4728107,4.6349087,5.090736,6.112619,5.676308,4.4988523,4.403162,4.629209,4.473793,4.6113153,4.6253033,4.461542,4.70291,4.413694,5.3780293,4.7141075,4.504489,4.4985614,3.252925,2.5299227,4.709542,5.498825,4.8276806,5.039226,5.292722,4.8728976,4.9249806,4.50645,5.071726,5.152232,5.508223,4.585589,3.8744156,4.6093674,3.3324156,5.278971,4.6365743,3.7684667,4.879008,5.3296223,4.944525,4.8238378,4.7253585,6.3091927,5.0249414,4.725015,4.6703305,4.764529,4.719572,4.969568,5.092911,4.989543,4.251096,3.318589,4.8656316,3.536873,3.9580505,4.8873634,4.625212,4.238196,6.157994,4.88542,4.6142945,3.493883,4.8555117,4.8569508,5.5208163,4.1393666,4.6700172,4.8673234,3.3994865,4.927234,5.3307176,4.9860463,5.2639246,5.322777,5.2773175,4.4651823,4.631525,4.784431,4.763464,4.8970094,5.534763,3.57757,4.8560524,4.3734193,5.0139027,4.187559,5.3274035,3.7604232,4.473742,4.9516354,5.1733932,5.3482394,3.923252,4.9635444,4.7851233,5.0294595,3.7074556,4.7148347,4.454773,4.854292,4.852337,5.3235493,4.9385386,4.99893,4.879121,4.231073,4.387583,5.0429816,3.962416,5.3310924,4.4787164,5.1555395,5.465447,3.0092354,4.3647485,3.7862773,4.4095044,5.1331944,4.6586084,4.768866,5.2198086,4.6342807,4.9599266,6.537338,4.0725226,1.3683479,4.2460427,5.588456,3.186355,5.614803,6.6156936,5.038424,4.638003,5.0416245,2.3895233,4.668637,4.9180956,3.945603,4.638462,4.4831347,4.4678774,4.851508,5.3364506,4.46072,4.635719,4.624094,4.655414,4.4602056,4.9206114,5.1261125,4.437919,6.478748,4.9592967,4.8907847,5.410879,5.553247,4.610254,3.2959957,2.4931417,4.640193,4.8501563,5.007517,6.7203016,4.4477167,4.315997,3.2447462,3.5888612,4.731453,5.396294,4.5178986,4.8442717,4.6748137,5.1888247,4.9493203,4.4275074,4.711361,5.182954,4.4007096,6.8597717,2.0218756,4.607079,4.9056635
1.8821776,4.0486927,2.464633,3.8175523,3.4974294,3.6397152,2.1801605,2.0843077,3.153209,1.9623016,2.1050677,1.9955689,0.842232,1.9363534,4.2908206,1.2897477,2.9015632,2.9501638,3.931537,0.87191,2.2540271,3.4536412,2.5269518,1.5340593,4.635168,2.3504412,4.3912163,0.5496512,1.7945727,1.9278357,2.3730183,3.6345816,1.5644331,2.2045307,1.5600907,1.4567744,3.4391887,2.380701,2.4547122,2.5429566,2.037787,2.141483,2.061785,2.0369558,1.6468699,4.4216495,3.7557395,2.2722151,2.3434508,3.2255182,2.0528002,2.872805,2.3139775,2.1185715,2.637861,3.814278,2.5458343,2.52666,4.187809,3.259514,1.9605043,3.0447414,1.0841709,1.8237242,1.5037807,1.8147061,3.9295592,3.7564526,3.1356173,2.4571877,4.940139,2.4403987,2.4779603,1.0275882,2.6224692,1.581009,1.947194,3.0147204,1.6412135,1.6062735,4.1937146,2.755881,1.8396193,3.9416952,2.103902,4.6849804,1.6008282,2.8959336,0.9093739,1.6250695,0.80782926,3.7037687,3.803809,1.592836,2.1620653,2.1962426,2.006493,2.42835,1.9802974,2.0857577,2.957144,3.0571828,3.66799,1.5253574,2.141936,1.9453614,2.4805758,1.4291304,5.0444307,3.66799,3.0824676,10.14197,3.3608959,3.032639,1.1721066,1.9145314,2.0753062,2.7402039,3.1420734,3.152366,2.0082362,1.9821162,3.0993202,1.680218,1.6608216,2.410956,2.7942417,2.4031768,3.0381753,1.8331175,4.1168675,2.4475927,2.5441706,2.1170125,1.9604491,1.4728657,2.1526642,0.8777774,3.2210822,2.8277204,2.9793282,1.8154942,1.4638561,2.4328644,2.4446836,1.5451431,2.00487,2.4818065,0.8258871,2.6471553,1.8029872,3.8356829,2.2139246,1.7232468,3.6225038,2.0910337,1.5392799,3.2100818,4.900905,3.5787263,3.8212743,2.4092927,1.5756208,1.9898285,1.6238606,2.1577005,3.895953,0.61442906,4.2869825,2.911331,1.6025476,1.3857118,1.7873029,1.9372373,2.0351312,2.6334326,1.7034923,3.196544,2.359171,1.9081271,2.5219066,3.6622903,2.554269,2.582241,2.4196188,1.582511,1.628734,4.0095887,2.7342057,2.0323882,1.9333525,2.803394,1.8360264,2.0029495,5.164495,1.6802502,2.4119263,2.0654533,3.7776186,4.622122,0.7891354,1.9296024,1.8555605,2.0670116,1.3019844,4.1800933,2.400104,1.8986893,1.625137,3.6338453,2.1502728,2.430011,2.3223026,2.4702296,2.169808,0.8644812,2.7414322,2.0532897,2.8403015,2.365056,1.5926424,1.6940773,1.8754051,4.3298073,3.4979515,3.3786073,2.0969753,4.2579637,3.4718256,2.5914252,2.023789,3.970224,0.9093861,2.8466835,2.596,4.387014,2.6382484,2.236382,2.0418885,2.8186285,4.6260157,2.4696555,4.318425,1.9831462,2.7909129,1.8849599,3.2404633,2.5956116,4.0841618,0.89206064,1.0999111,2.6589622,2.5383856,4.4117556,4.14122,3.8258357,3.8517241,3.1291087,1.9512004,2.1490788,1.0452943,4.20202,2.594304,3.404414,1.5353591,1.8357483,1.6133947,1.9814364,2.4549954,3.7625062,2.3218765,3.1252239,3.1834266,4.6553254,2.8999758,2.9416518,1.7615435,2.3320053,2.8188736,2.9658825,2.4474483,1.6959723,2.3339388,2.2555206,1.4889823,4.261521,2.5586028,1.4455916,4.0327425,2.9220119,3.9703155,2.5105095
0.7570264,2.9682386,1.7622551,3.3666742,3.0881693,3.0491273,0.90424156,0.7079253,2.0880625,0.86754656,0.8454874,0.63315326,1.5179645,0.5968074,3.987031,0.87461203,2.3698041,2.6153414,3.469057,1.6435158,0.96643364,2.491461,2.0583475,2.5099232,5.0430384,1.0631454,4.883235,1.5175393,0.48256987,2.0839815,0.9901074,2.913535,0.6553232,2.373185,0.6162787,1.2392753,2.4270816,1.1895872,3.3817673,1.624545,0.6780214,1.980774,0.78667945,0.7096232,2.388676,3.5940924,2.7412367,1.0401931,1.301823,2.1859248,0.7602661,2.3918974,1.5729489,1.2523288,1.312358,3.409365,1.1405437,1.5651377,3.6785264,3.2059543,0.9641231,2.2187102,0.8212071,1.576578,1.9427873,2.8376517,3.130495,2.5865963,2.174896,1.0634629,4.777496,1.8555806,1.1156863,0.5524936,2.6935089,0.6838305,0.84656125,1.93156,0.5556303,0.565663,3.2395678,1.6008558,0.55423576,3.5713732,0.8234098,3.6668894,0.6215871,2.9252458,1.6119652,0.51432693,1.4210982,2.542118,2.6512988,0.64350766,0.90573794,2.3926232,1.6960443,2.1817095,2.1904624,2.918495,1.790846,1.9970865,2.665689,0.83855116,0.7552987,0.58563185,1.1445482,0.5705935,4.042482,2.665689,1.7992955,10.308969,2.9774704,1.8449458,0.6553102,0.67213696,1.0617574,1.6138827,1.9534105,2.2348506,1.403744,1.1912374,2.488988,0.54523724,0.6407935,1.431345,3.1152077,3.1830661,2.1241632,0.678574,3.688469,1.1331587,1.1393603,0.8676528,0.65346766,0.65070885,0.8342567,1.010263,2.5147257,1.9019741,2.9650779,0.6869323,2.291688,1.0596253,1.3890369,2.2719119,1.1449293,1.081664,1.0040011,1.3207151,0.59797055,3.4117599,0.88165426,0.5788802,2.4290109,1.1449133,0.5925715,2.8801973,4.3526983,2.8169098,3.6575353,2.6749907,0.28469545,2.6294198,2.117833,1.6172879,2.9893327,1.2600335,3.9736757,2.6133664,0.5993139,1.7741256,0.4386372,0.6320168,0.91519344,2.9560454,0.5717747,1.9863213,2.3539119,0.5863215,1.1106771,2.505826,1.1554393,2.0690126,2.0016701,0.6806335,0.5977808,3.0742922,1.4938538,1.6021115,0.8013425,2.2837875,0.4657723,1.1008264,4.2096987,1.9974401,1.0104303,2.4130342,3.5743988,4.179466,1.2773638,0.6385274,2.3023303,1.4615654,1.5775411,3.8539097,2.7333636,1.6445476,1.8739635,2.6981983,1.0411187,2.8281403,1.0489501,1.1691651,1.0666646,1.7344502,2.0268354,1.5054226,2.6819353,0.97102463,0.8203001,0.40096575,0.7413292,3.7599401,2.3960547,3.1066191,2.36848,3.6732697,2.2896874,1.4482931,0.680709,2.9824302,0.6915377,2.1627665,3.0000246,4.933457,2.6047106,2.7009773,2.6858284,2.2113163,4.4346204,1.1570529,4.0545588,2.052075,3.3145256,1.8695569,2.172335,2.7205496,2.939977,0.74177814,0.6585571,1.3305323,1.9159569,3.3499594,3.1558948,3.4706054,2.8794973,3.1279416,0.66409624,1.7730287,2.3255346,3.779349,1.2870823,2.7041526,1.290444,0.80564374,0.46410078,2.6244035,3.346889,2.647406,1.0917567,2.780912,2.4743004,3.6280622,2.1328998,2.9969957,2.3181698,1.3392154,3.397881,1.8970518,1.2760804,0.5369703,0.96897346,1.0332252,0.7868158,3.3674874,1.1834987,1.683859,3.3006287,3.6781151,2.8467708,1.247102
2.2078204,4.3574886,2.28879,3.6475053,3.4938898,3.6941216,2.363483,2.155111,3.4154038,1.7629616,2.2575562,2.156933,1.0811756,2.096349,4.2621436,1.8316369,2.7374573,3.11291,4.0758905,1.676744,2.345907,3.7314982,2.560645,2.2038398,5.31612,2.5528262,5.153879,1.1106,2.0473459,2.1220453,2.4822671,3.9851832,1.8926936,2.3817239,1.9225708,1.1484269,3.6468349,2.6443455,2.4513514,2.7265913,2.2803628,2.6634486,2.2203171,2.2808466,2.2172182,4.667657,3.9755502,2.3900945,2.629783,3.461572,2.2050207,2.9625764,2.4030344,1.8726767,2.8823838,3.7056527,2.606947,2.765653,4.2312555,3.3908432,2.4047902,3.2023897,1.225582,2.2174332,0.9977073,2.5377362,4.212857,4.0879784,3.3549478,2.5601616,4.823918,2.556074,2.6320639,1.1223941,2.8894515,1.9395628,2.309175,3.2404234,1.8832028,1.8548717,4.4260993,3.0531309,1.9974468,3.8195782,2.3717492,5.163219,1.8870459,3.0035625,1.1113094,1.9091074,1.5824903,4.0638437,4.168322,1.9013379,2.3082366,2.4955957,2.4462907,2.2972922,2.6746423,2.8548155,3.2218373,3.4935703,3.9511049,1.9437076,2.3787496,2.1833386,2.6733506,1.7128327,5.520569,3.9511049,3.26914,10.868151,3.1716473,3.4037735,1.5781065,2.2447708,2.4660456,3.1211243,3.449231,3.5199952,2.3388636,2.4358475,3.1385841,1.9087108,1.9961852,2.7928417,3.216371,3.1896343,3.2581072,1.7039106,4.2292337,2.6467307,2.6486747,2.3322952,2.1186717,1.805916,2.2586417,0.8052118,3.1273348,3.1142952,3.2350478,2.1177485,2.2610116,2.5067282,2.7978733,1.9710114,2.2217276,2.550791,0.8768969,2.9026606,2.0423646,3.685535,2.3932197,1.9775478,3.9529054,2.3707833,1.7584841,3.2078557,5.0495653,3.6661448,4.021064,2.8191824,1.7591128,2.4136426,1.976744,2.161186,4.3571997,1.3543389,4.1457787,2.9023528,1.8776699,2.164267,1.9860301,2.1407406,1.8967173,2.8186836,1.9531177,3.455528,2.7837381,2.0701168,2.6069522,3.884408,2.6722155,2.5851367,2.2890298,1.9869252,1.8977491,4.261299,3.067763,2.18477,1.7973576,3.4400742,2.0431771,2.4319785,5.6611915,2.0425723,2.4865928,2.406389,3.9191694,4.754329,0.5693366,1.8939869,2.1864948,2.0398302,1.3436837,4.2548532,2.7163484,2.1767638,2.0160675,3.861726,2.45403,2.3730106,2.5229614,2.6839724,2.4269414,1.2513726,3.0849166,2.13645,3.094818,2.4279428,1.9925947,1.7293113,1.7723799,4.971263,3.9255378,3.6772954,2.1748693,4.336216,3.7823176,2.8082557,2.072612,4.4394646,1.1173633,2.5111098,2.8096032,5.1480117,2.87166,2.131568,2.77858,2.618427,4.440816,2.6690288,4.46755,2.141414,3.3972573,2.2636366,3.4368405,2.8638227,4.490913,1.3106468,1.5676632,2.9166367,2.553103,4.8718166,4.612422,3.9547317,4.1345034,3.2572324,2.1090028,2.1994965,1.2970912,4.0479417,2.843716,3.494306,1.2389826,1.6541437,1.9450492,2.5093281,3.1893115,4.1877437,2.5176964,3.107485,2.854123,5.129738,3.1619174,3.3395817,2.213319,2.577194,2.847386,3.383932,2.7267206,1.9794378,2.4606278,2.4761648,1.8583637,4.74469,2.709991,1.7740865,3.7783027,3.6934993,4.319818,2.7746572
1.1854068,3.049933,2.0418277,3.6968663,3.492113,3.3894885,1.0987128,0.78247774,2.2334697,0.8151361,1.0867349,0.857277,2.1421013,0.8751872,4.434988,1.5786159,2.723813,3.0670984,3.8677256,2.2376268,0.85734695,2.553121,2.5646188,3.2001104,5.49083,1.431602,5.5732903,1.9529138,0.98194206,2.369208,0.88849694,3.0633593,1.1467735,3.0289824,1.1846151,1.5594614,2.496689,1.214019,3.489674,2.1103597,1.1012785,2.5516634,1.0104946,1.065196,3.1041791,3.7185295,2.823591,0.98756605,1.8014914,2.323356,1.0070343,2.9042678,2.0462182,1.1690288,1.5793324,3.7921214,1.0442257,1.6306263,3.9983842,3.6884024,1.5302923,2.6578128,1.2154379,2.149077,2.0149133,3.4845476,3.5391872,2.7841156,2.1914895,0.9493312,5.2189064,2.3769178,1.0387942,1.0663342,2.984566,1.1839648,1.420643,1.9584062,1.0566227,1.071801,3.3356655,1.6680868,0.9317857,3.9550726,1.2217513,3.971013,1.1044377,3.535784,2.2245393,1.1983207,2.0225854,2.777103,2.8797753,1.1306392,1.110194,2.6971285,1.9004977,2.640718,2.8560512,3.5691311,1.9196839,2.294642,2.815737,1.3256526,1.0518348,1.0399481,1.0974338,1.2947294,4.3345885,2.815737,1.8014445,10.968344,3.2586331,2.1502855,1.3804824,1.1899843,1.6213149,1.9933189,2.1424906,2.7150156,1.9795299,1.764124,2.938324,1.0379286,1.1702915,1.9433266,3.6173131,3.7927258,2.2373376,0.68855804,4.0583286,1.0972378,1.0319182,1.3275723,0.9443142,1.1819066,0.9758074,1.2651958,2.6032054,2.0052078,3.4389663,1.09207,2.9445648,1.0022101,1.8534232,2.8129084,1.1585985,0.99551624,1.5460213,1.5168809,1.0203482,3.7680042,1.2393001,1.2184242,2.6241508,1.20371,1.2746487,3.1768994,4.647427,3.0703948,4.0589733,3.3223255,0.8720154,3.3398888,2.8201864,1.9203475,3.3675299,1.8522192,4.366406,2.9813337,1.0986066,2.447449,0.90957856,0.92832834,0.8674403,3.377095,1.0737898,2.040091,2.9478436,0.8938335,0.9958676,2.583179,1.0549778,2.5383296,2.4119709,1.3697138,1.0826668,3.4606125,1.8037018,2.1827817,0.9242548,2.8309865,0.9257439,1.6964864,4.5053325,2.3297777,0.87966126,3.1046455,4.004841,4.526332,1.5454829,0.803219,3.003895,1.8368843,2.1795583,4.319878,3.231913,2.2612388,2.5346084,2.761819,1.4774313,2.890005,1.4331177,1.4927745,1.5360253,2.357204,2.156907,2.0420716,3.2767484,0.8465941,1.5071912,0.7634849,0.62280864,4.145722,2.717334,3.613436,2.8620563,3.9801815,2.4897764,1.60073,0.7240503,3.3071666,1.1901693,2.2099817,3.417846,5.6236153,2.8943222,2.6746612,3.378688,2.3085127,4.8304696,1.121496,4.4653726,2.6109319,3.9117908,2.4567306,2.231224,3.1306665,3.1962907,1.426496,1.3575758,1.5923578,2.3642676,3.6341126,3.484482,3.9046388,3.0280986,3.717949,0.9423932,2.3030548,2.8104918,4.1325755,1.5810397,2.9756281,1.6513519,0.90487295,1.0351493,3.1627555,4.030686,2.9337356,1.2597089,3.1985035,2.525999,3.9271812,2.6256871,3.5902085,3.0339854,1.857056,3.4551075,2.275562,1.6838193,1.1913456,0.88212866,1.4462333,1.2686833,3.7203963,1.1039187,2.3772678,3.4580944,4.3380976,3.038992,1.5895865
1.2155839,2.5776517,2.7070405,4.698285,3.653086,3.3864658,1.3064533,1.4161625,1.8598621,1.8734924,1.3860247,1.3104972,2.4083416,1.3209548,4.820901,1.8319614,3.5102935,2.839596,3.676899,1.9964308,1.1256223,1.850267,3.373789,2.9220166,4.2943263,2.1631708,5.112722,1.6814831,1.404145,1.4768401,1.3168932,2.1063945,1.073325,3.3516393,1.2125965,2.1386132,2.0088248,0.98937964,2.7584424,2.8368378,1.7272831,3.075893,1.3030734,1.4334608,2.906874,3.0426047,2.3557181,1.0630642,2.4950821,1.9436429,1.3670207,3.7084613,2.970331,2.5251124,2.2796817,4.2733207,1.6062361,0.954014,3.8771918,3.4197543,1.8095858,3.4980402,1.9755273,2.8492055,2.0448103,3.019634,3.5138783,2.714918,1.4933894,1.3909194,5.881076,3.2127116,1.2982205,1.5959889,1.9092623,1.0814621,1.9246452,1.4717263,1.239784,1.2168921,2.796766,1.2995069,1.3730437,4.452989,1.9914074,3.9700572,1.116468,3.9267247,2.4320376,1.7347996,1.8347701,2.7705667,2.8375578,1.0963815,1.3794414,1.6161953,0.656467,3.277151,2.9990008,3.327975,1.6930246,2.0911715,2.3462036,1.0124353,1.5431848,1.6091881,1.2443304,1.7479006,4.221469,2.3462036,1.7821102,10.604632,3.5188694,2.3424327,1.5808188,1.6487558,2.1370647,2.5066142,2.0449297,3.207642,2.7397084,2.2841144,3.7773247,1.276806,1.2121923,2.5080569,2.7261186,3.175851,1.6334221,1.6895167,3.8207686,1.1890438,1.4797151,2.057888,1.349825,1.1173464,1.410013,1.5563816,2.492605,1.2606304,2.8578324,1.1245772,2.690738,1.4799209,2.4827464,2.1999035,0.42606452,1.5390756,2.0966477,1.7877125,1.2400252,4.7237325,2.0578907,1.8472618,2.5994205,0.55900836,1.8626238,2.8965063,4.255189,2.9371686,3.470636,2.953192,1.3938664,3.2510324,2.9246624,1.8567369,3.8227398,1.8140442,4.969333,2.8895435,1.1644307,2.291355,1.4201847,1.2450129,1.6374222,2.66351,1.2856287,1.8114815,2.4576676,1.3249903,1.5116047,2.3579226,1.4564943,3.4221704,2.9793975,1.8206562,1.159387,3.7473423,2.343982,2.980115,1.9934204,2.9018192,1.4663516,2.1686418,4.7952247,1.3333976,1.423176,3.0934763,3.6624126,4.1980486,1.7541275,1.7465137,3.111542,2.0999353,2.672245,4.4379306,2.5197039,3.0033197,3.0928814,2.1144505,2.2598124,2.0102658,2.1678152,2.258434,2.3500466,2.3245127,1.0902355,2.8909862,3.2250133,1.4160786,2.0422583,1.5710876,1.4182454,3.4621594,2.8499546,3.2274592,2.6207924,3.82304,2.4427004,1.4329801,1.3597974,3.6738942,1.7755864,3.508734,2.6315572,5.142351,1.907363,1.928627,3.3212702,2.412922,5.5512094,1.2006522,4.1059966,3.422185,3.05934,3.1432734,1.8338468,2.309454,3.3358788,1.6427021,1.6755439,2.0706105,3.2906008,3.655408,3.8274713,3.7533803,2.5192144,3.8853002,1.3059816,3.1611536,2.5337145,5.0425534,2.2840195,2.7954013,2.409029,1.9267555,1.2911261,2.3303466,3.5980916,3.2437897,1.3199658,3.3557332,3.8142667,3.9303122,2.7739058,3.0982966,2.969323,2.5369875,2.4484837,2.718422,2.4167445,1.7612902,1.2434287,2.2600794,1.0052551,4.1321406,1.3818412,2.85676,4.5500307,3.7811024,2.8438675,2.3051667
0.8775787,3.014947,1.8443556,3.6651423,2.9938686,2.9486532,1.0683861,0.99178344,2.0974567,1.1248254,1.0041949,0.90747863,1.2868925,0.8507413,3.9971173,1.0321146,2.5365126,2.3783073,3.3140411,1.3817875,1.101339,2.408023,2.3281243,2.197447,4.6594834,1.5518713,4.767771,1.044776,0.81909084,1.4738942,1.2475518,2.716341,0.5421879,2.3091764,0.62255245,1.0862259,2.366883,1.3000056,2.8143904,2.0113502,1.1626071,2.3169398,0.94805914,1.0225837,2.0983584,3.454797,2.701063,1.1108497,1.7739662,2.1687157,0.95483786,2.6978512,1.9897903,1.7085392,1.8335901,3.4382281,1.4356395,1.4353943,3.526235,2.9022145,1.3032379,2.6486971,1.0453824,1.9478185,1.4780208,2.4956517,3.2011535,2.7973986,2.0555005,1.3328178,4.881039,2.2064905,1.3545219,0.47212312,2.141304,0.60184705,1.2815698,1.9081216,0.5782404,0.53996634,3.1725788,1.6855592,0.7726298,3.6008608,1.399275,3.9662383,0.5376955,2.916203,1.332836,0.89195037,1.1701872,2.7919757,2.8894007,0.5496808,1.051109,1.8036021,1.3428458,2.226857,2.31237,2.7743118,1.8833034,2.1820047,2.6506205,0.6375968,1.1596535,1.0285069,1.3704283,0.7680494,4.291101,2.6506205,1.963615,10.331826,2.843182,2.1808367,0.5956118,1.1013211,1.5025712,2.0925348,2.1303675,2.6293507,1.8470207,1.6221836,2.8109725,0.62106806,0.6789804,1.8871583,2.6189067,2.9061444,1.9854449,0.9375926,3.4993012,1.3352493,1.4243939,1.3587517,0.87278324,0.46762013,1.0426817,0.6691098,2.3173094,1.7803602,2.5698428,0.7750196,2.094261,1.307973,1.883695,1.7156025,0.9481253,1.3674026,0.93240756,1.6355332,0.7359154,3.6895807,1.4155519,1.0110745,2.6625724,1.0523741,0.8834418,2.5690176,4.172646,2.7190156,3.3080056,2.346657,0.58703774,2.3696055,1.9221828,1.3315434,3.4507303,1.0249398,4.0482726,2.3506262,0.54165095,1.6803792,0.7830555,0.8507101,1.0369043,2.413025,0.6614578,2.1101072,2.0250652,0.8240754,1.405877,2.5895834,1.4332471,2.3776488,2.0179784,1.041028,0.56086487,3.3059862,1.9830478,1.9183829,1.1545085,2.5522916,0.8539529,1.5102426,4.6442633,1.3916315,1.2927521,2.1957319,3.2961833,3.9821253,0.8793838,1.0032078,2.1233914,1.3262936,1.5040618,3.781211,2.2192326,1.9683918,2.0455773,2.587531,1.6070048,2.216364,1.5343951,1.6928751,1.6105213,1.3473899,1.7964349,1.8336657,2.5293972,1.2459092,1.1945044,0.7481462,0.85346687,3.7694876,2.7291942,2.8805342,1.9311947,3.5415328,2.4915977,1.4891434,0.92132086,3.433132,0.7697775,2.5687804,2.4317944,4.7979593,2.078203,2.1444702,2.6362317,2.0060244,4.541307,1.3556279,3.803624,2.3179522,2.883779,2.1813495,2.145677,2.2050266,3.2847884,0.5651671,0.77220756,1.7447972,2.273075,3.6592388,3.5955768,3.2974226,2.8456948,3.0162275,0.8496331,2.067339,1.813071,4.031611,1.8085463,2.5649817,1.2979013,1.0668397,0.70044076,2.0927672,3.08693,3.0721867,1.205946,2.650835,2.8839085,3.9294653,2.2204897,2.6841977,2.0738773,1.7557305,2.7935224,2.3547642,1.8032287,0.9605145,1.2068048,1.574617,0.52388877,3.8259525,1.437133,1.7491171,3.645699,3.4363487,3.012039,1.7762572
2.8600917,4.0797033,1.8615093,2.0065284,1.7067772,2.2463827,2.9203446,2.9176989,3.3375375,2.8064606,2.7855563,2.9043016,1.9934866,2.841599,1.709817,2.5896978,1.4219123,2.0310993,2.4619317,2.9934773,3.2527926,3.8898323,1.2578238,2.5362117,5.629583,2.5105312,4.418593,3.1306553,2.744278,3.270201,3.236624,4.0865464,2.842554,0.6385601,2.7644875,2.2958612,3.6062367,3.4601028,4.8204184,1.8401368,2.7024336,2.8578846,2.8550673,2.8120954,2.0209026,4.212094,3.7283094,3.2494342,2.2934308,3.3309054,2.8035462,1.305241,1.8454193,3.0589015,2.822617,1.5596448,3.1327858,3.4596982,2.7102373,2.070761,2.7050562,1.9144925,2.9328506,2.547832,3.3725874,3.1372395,2.5437932,3.461666,3.7510822,3.2491696,2.31377,1.5480541,3.3222785,2.6755958,3.5725904,2.8630462,2.5566678,3.5782897,2.7012088,2.7055943,4.0057006,3.5261168,2.7154632,1.6205873,2.7837834,4.1038494,2.7924004,0.14134382,1.9632474,2.4303362,2.912943,3.3950267,3.4784276,2.8147554,2.824242,3.5126958,3.7559714,1.1073806,2.8122797,3.3568223,3.2896593,3.3025706,3.6121895,2.9376147,2.8762493,2.6970549,3.3732858,2.288584,4.3719273,3.6121895,3.4070323,9.21839,2.0502167,3.0304873,2.436563,2.7330513,2.5414429,2.8916829,3.2333078,2.3842678,2.2989979,2.666144,1.4320672,2.688314,2.7622724,2.497779,3.160845,3.7521539,3.428784,2.8227289,2.698257,3.3737352,3.2497091,2.4430382,2.7909896,2.7798364,2.8614326,3.0426533,2.9773984,3.565041,2.5572522,2.9053457,3.0044994,3.09697,2.5965457,2.7384362,3.5009804,3.1268077,2.3686345,2.993699,2.783667,1.8865174,2.5842855,2.392497,3.4062529,3.505306,2.2330213,2.5922644,3.6410646,2.6984053,3.0445955,1.889774,2.692119,1.5981761,1.3756999,2.3841107,3.512506,2.8534288,1.7986883,2.0744207,2.7489936,2.7912576,2.7201343,2.8898027,2.846128,2.9501312,2.6848857,3.5417838,2.1865237,2.8095627,3.2112377,3.5665383,3.2733152,1.4284964,1.3722652,2.5267777,2.7626684,2.4722528,2.9503946,1.6275218,2.6111662,3.159354,2.7244422,2.5218172,4.6807075,3.4095445,3.2026732,1.2279668,2.5313244,3.2141166,3.0130508,2.676462,1.208653,2.0176103,1.6280272,1.9007751,2.7350583,1.9324232,2.0535645,3.8558512,2.7310898,4.214058,2.474744,2.6283011,2.4817457,2.1497962,3.7527857,1.6592393,1.3165617,3.166164,2.4066706,2.674866,3.010178,4.4772887,3.271112,2.3012908,2.0258167,2.8504677,3.280414,3.0696855,2.944025,3.7383685,2.810628,2.765076,3.1149642,4.476402,3.4070435,4.4502325,2.9031293,2.7069664,2.1711698,3.3776617,2.9129875,2.03215,3.3024843,2.4495535,3.4842174,3.0091782,3.655673,2.4855294,2.6477518,2.8305075,1.615224,3.943751,3.7974546,2.2268791,3.7298281,0.8084997,2.8136861,1.5419884,2.9188359,2.0305195,2.7723963,2.6283393,2.1221788,2.6507843,2.8236704,3.1014724,3.3008373,3.530306,2.9755876,1.569166,2.7855606,4.088651,1.8383235,2.2368262,1.5794414,2.0583448,4.860964,3.0153651,2.5799384,2.466411,3.2565243,2.508187,2.883463,3.9019978,3.3275206,1.6363608,2.5569808,3.7740653,3.66747,2.707352
1.0095946,3.0967772,1.4077648,2.8990576,2.8105638,2.8488688,1.061772,0.8218854,2.2029195,0.73650897,0.94828093,0.82612914,1.397709,0.7773665,3.6163473,1.0027723,1.9309273,2.489149,3.306337,1.8494297,1.2006719,2.687633,1.6149068,2.5427628,5.3131347,0.89072984,4.935332,1.7554567,0.68514293,2.2939394,1.1807076,3.1290164,0.9705799,2.0658503,0.90447485,1.0509549,2.5470977,1.5046484,3.6561222,1.2716899,0.7070896,1.9285985,0.93807745,0.86252046,2.3456645,3.6887426,2.8357794,1.2796774,1.0791914,2.2827828,0.8820251,1.9634819,1.1477499,1.0538617,1.2266103,3.0291033,1.2107831,1.833155,3.4979537,3.059005,1.0711752,1.8409247,0.9156464,1.4432329,2.0472038,2.9525652,2.9745786,2.6107588,2.3876338,1.2288227,4.3402376,1.4346678,1.3257806,0.67842966,2.895655,1.0054088,0.8419823,2.1263304,0.78062445,0.80099446,3.3240283,1.8471029,0.6907679,3.1837966,0.80876034,3.661517,0.90628064,2.5689905,1.4948857,0.4857704,1.6364965,2.5558028,2.6704607,0.94130695,1.010984,2.6315482,2.0984244,1.7747582,2.212139,3.022273,1.922588,2.1243548,2.7616754,1.1748413,0.88385946,0.6626043,1.3846145,0.5025382,4.0453706,2.7616754,1.9081216,10.280248,2.7010288,1.8609179,0.77651143,0.795806,1.0174716,1.5727894,2.0321357,2.0354247,1.1823833,1.1824193,2.0499852,0.7494992,0.9067467,1.310553,3.2225316,3.3691623,2.2790124,0.63378,3.5363955,1.3866218,1.2778555,0.6868717,0.79736996,0.94768375,0.93101823,1.206941,2.4497783,2.1429543,2.9463997,0.97912043,2.4177783,1.161371,1.2734087,2.3817067,1.5304984,1.172625,0.90862197,1.386714,0.82550526,2.945164,0.7219833,0.45247963,2.4579337,1.534697,0.38172057,2.7852023,4.2587237,2.7032921,3.6180663,2.6055226,0.5199804,2.4980893,1.9393796,1.567216,2.90459,1.4594826,3.554745,2.4517126,0.8624388,1.9098758,0.60877156,0.85910183,0.88800675,3.0071526,0.7738683,2.1316636,2.3507242,0.7601952,1.2300134,2.5677352,1.3067826,1.6162446,1.6278112,0.73714155,0.8624206,2.8464518,1.4701794,1.2069355,0.53910863,2.343417,0.614371,1.0682602,4.173839,2.2755601,1.1556133,2.2329762,3.4467287,4.051301,1.4161252,0.50795096,2.1011446,1.2758528,1.3055956,3.5639606,2.7925305,1.3486633,1.6741248,2.846135,0.9648276,3.075438,0.8631074,1.0175445,0.8695933,1.7068245,2.3276415,1.0745689,2.4775803,1.1104909,0.7677933,0.4097725,0.85735965,3.9333267,2.397863,3.0149493,2.2802525,3.5128071,2.31791,1.5828513,0.820536,2.9494631,0.8333856,1.7755896,3.0819385,4.991344,2.776401,2.9950566,2.7152524,2.0977452,3.9909627,1.4057487,3.9235604,1.7461501,3.4388325,1.6979959,2.2939672,2.8165648,2.924615,0.86228454,0.8414344,1.3028344,1.4646462,3.3544633,3.11343,3.2837486,2.9715657,2.828747,0.82633084,1.3446347,2.402866,3.3152876,1.1904155,2.6035151,0.9872397,0.6022933,0.7853073,2.78465,3.4270303,2.6258357,1.2427013,2.5117898,2.0675452,3.623934,1.9357778,2.9484355,2.1962934,1.0520098,3.694516,1.8632624,1.1215668,0.50683683,1.1889907,0.837488,1.1088463,3.3059218,1.3693787,1.4395369,2.8519971,3.8022385,2.8921957,1.1362057
2.170789,4.095932,1.2567588,2.4437063,2.684556,2.984555,2.1411724,1.8603909,3.1552494,1.2408358,1.983823,1.9598508,1.2984517,1.8980212,3.2859054,2.0004542,1.5378735,2.6889877,3.4920325,2.427305,2.196885,3.6287994,1.5839326,2.7630782,6.0132446,2.0191116,5.5200353,2.0926762,1.90593,2.60965,2.2499034,4.0154576,2.0104694,1.8631492,2.0021741,0.68537873,3.3924778,2.6463084,3.6202555,1.9520904,1.9790004,2.689155,1.9977621,2.0701888,2.5169394,4.4181976,3.6706822,2.2665842,2.1072245,3.1740415,1.9494076,2.0172474,1.569063,1.3326992,2.3965704,2.650212,2.2079816,2.7869608,3.5633342,3.0160153,2.3038175,2.31896,1.5169744,2.115205,1.7195566,3.273274,3.578755,3.6595433,3.2797928,2.2900248,3.759519,1.7013955,2.429715,1.3106108,3.2852895,2.0711336,2.075766,3.0945828,1.8335751,1.8333104,4.115096,2.97436,1.7845657,2.754417,2.0711226,4.7571073,1.9401466,2.2769608,1.3307116,1.6968161,2.2699165,3.6372063,3.7474291,1.9818674,2.0298777,3.0369132,2.991356,1.2542919,2.9290328,3.5039163,2.9659164,3.304561,3.66683,2.1882782,2.127847,1.9248719,2.5211387,1.5421426,5.1129456,3.66683,2.9286656,10.912189,2.3117397,3.0305579,1.6867752,2.0771465,2.2053459,2.755777,3.116856,2.933905,1.9865714,2.3035214,2.0927365,1.8201231,2.0182977,2.408994,3.5471942,3.9345937,3.1089008,1.3269473,3.6640375,2.5189605,2.3387136,1.8625431,1.8923241,1.9433823,1.9532489,1.4834696,2.6198,3.1079466,3.1534395,2.117881,2.9252813,2.1620674,2.3988292,2.5531275,2.465721,2.1843045,1.044183,2.5509052,1.9452417,2.494123,1.9038811,1.6765355,3.533356,2.5769334,1.4534047,2.8004167,4.535719,3.0703015,3.803295,2.8066013,1.6536782,2.480916,1.9091028,1.8350296,3.9421222,2.0427556,3.0356004,2.385022,1.8988575,2.63927,1.8011136,2.000337,1.4738699,3.0481253,1.8644665,3.196369,2.7787974,1.873043,2.2715807,3.4875307,2.380427,1.5714743,1.2801294,1.9109046,1.9082373,3.4745665,2.6798787,1.4937857,1.1801366,3.4308722,1.8360775,2.2250543,5.2598906,2.7289321,2.1905298,2.2385082,3.5057762,4.2202826,1.4496133,1.4265049,2.0369353,1.470744,0.9991459,3.4575362,2.9709618,1.7656684,1.93469,3.6786258,2.1414185,3.1288831,1.9841523,2.1544292,1.975541,1.6952374,3.2674944,1.3374115,2.6255853,2.1286793,1.8582077,1.445318,1.5597891,5.039266,3.5444129,3.3492525,2.111072,3.685322,3.364531,2.5717762,1.8143328,4.068129,1.466921,1.4290091,3.146111,5.550399,3.1557178,3.0755205,3.2119112,2.0514035,3.3265686,2.535297,4.010672,1.7491418,3.867045,2.1588337,3.1714206,3.080852,4.037233,1.5795165,1.7954177,2.4711387,1.5619406,4.4719853,4.2163906,3.3649232,3.8480704,2.6156561,1.904687,1.3609661,2.2321563,2.8452368,2.3582985,2.950479,0.39589503,1.100115,1.9757165,3.119547,3.7994444,3.775613,2.2913096,2.3460727,1.69911,4.7226186,2.5463204,3.2533636,2.2751462,1.9622208,3.797096,3.0298269,2.2453756,1.7469676,2.271329,1.9738119,2.077805,4.360517,2.4708607,1.5757759,2.4832857,4.3163404,3.9292634,2.3040185
1.0246344,2.6123433,1.7953786,3.748469,3.079652,2.8957708,0.76131165,0.53099835,1.7545443,0.81786203,0.74357176,0.66572607,2.1741624,0.67881846,4.1455784,1.7501143,2.6045954,2.591024,3.3651347,2.361056,0.42004094,2.0493996,2.6041489,3.1968563,5.272171,1.4585818,5.579259,2.0135734,0.9405456,1.9648497,0.5878348,2.5598428,1.0027677,2.9313762,1.100405,1.4726174,1.945297,0.96268535,3.4111545,2.1169372,1.1481793,2.9033232,0.68491465,0.9385156,3.031676,3.1446066,2.2828097,0.5138964,1.9073946,1.8103065,0.7085268,2.960991,2.1926003,1.612288,1.6530318,3.5048256,0.72571677,1.1450796,3.4669635,3.2296777,1.6068789,2.7372267,1.6292518,2.5071547,1.9177259,3.4958935,3.1585448,2.48109,1.6505473,0.6447654,5.0896635,2.4795725,0.7477635,1.2029903,2.5073488,1.0619318,1.5272042,1.4600406,0.8792163,0.893092,2.7849355,1.3331544,0.7387837,3.678866,1.4431621,3.8508353,0.9282271,3.4041903,2.215335,1.2585856,2.143133,2.5326235,2.6242323,0.9668805,0.7346336,2.297539,1.7007034,2.5192838,3.086518,3.7265832,1.5073178,2.089638,2.3224096,1.2046577,1.0004277,1.0463585,0.83938074,1.3137939,4.1486235,2.3224096,1.3915224,10.940087,2.8336542,2.0354319,1.3973778,1.2619425,1.7578604,2.110776,1.8146378,2.7304425,2.2580907,2.0071962,2.9548666,0.86069643,1.0427212,2.0760295,3.2183056,3.8258722,1.6733991,0.69719654,3.5286694,0.8271554,0.7351317,1.3895259,0.7035119,1.0456251,0.63082206,1.3897513,1.9899352,1.5244415,2.9565117,0.9301353,3.0655894,0.63218236,2.010177,2.5810335,0.8491471,0.6717412,1.7034125,1.3160694,0.8348002,3.7964094,1.3279936,1.2967026,2.3457453,0.9562606,1.3095919,2.615606,4.0719757,2.519066,3.5112598,3.0258632,0.8594385,3.22619,2.7453115,1.4177544,3.5191467,2.006222,4.1572704,2.4907372,0.9225327,2.5703003,0.84669876,0.73465306,0.56393534,2.926421,0.9013936,1.6474104,2.592703,0.69314545,0.6995922,2.115793,0.7596371,2.61225,2.1991258,1.5207472,0.9015963,3.2044568,1.8891883,2.3330102,0.98652196,2.9672256,0.8875496,1.8489356,4.602864,2.050131,0.5760015,2.935544,3.4922385,3.9733074,1.6249235,0.76975024,2.9103582,1.4561607,2.2106643,3.9345481,2.830365,2.5033665,2.7837253,2.202804,1.7510213,2.5599036,1.4609847,1.5682968,1.741734,2.303107,1.719685,2.1671925,2.9477863,0.52735907,1.6954725,0.76436454,0.41329035,3.9415667,2.6266747,3.1584215,2.4985287,3.4405298,2.171985,1.1383108,0.4433262,3.429279,1.490789,2.4695096,2.9864335,5.629347,2.3836555,2.5004032,3.5458658,1.7627478,4.708432,0.8420093,3.9365306,2.9016647,3.6518211,2.8028603,1.6919459,2.6571968,3.084256,1.49616,1.5438612,1.5088001,2.4636617,3.5159209,3.582363,3.4262526,2.5215547,3.4569607,0.6779578,2.4430768,2.7615705,4.1137743,1.6611342,2.4171429,1.6705862,0.94245607,1.0561967,2.913238,4.055964,2.9616818,0.8636413,2.796267,2.7427266,3.8066463,2.3184834,3.2093742,2.929567,1.8954291,3.2042902,2.3861504,1.8259486,1.2697395,0.58664304,1.5880771,1.1123106,3.8802023,0.8124016,2.5033453,3.4714258,4.353461,2.7036612,1.7014613
1.0725923,2.748657,2.6914103,4.5275874,3.7879517,3.573243,1.2417914,1.2841824,2.0234492,1.7216663,1.3244351,1.1556488,2.2948182,1.1739868,4.874995,1.5375869,3.435465,3.045765,3.8964543,1.8095399,1.0701345,2.1156642,3.1968024,2.8595853,4.481118,1.9360013,5.027445,1.5867616,1.1912879,1.8257508,1.2057067,2.4370117,0.9458879,3.293137,1.0420386,2.0810027,2.26107,0.91245085,2.925044,2.6441665,1.4767092,2.691973,1.2249268,1.257737,2.8762865,3.3672833,2.6019373,1.0607913,2.2333121,2.137222,1.2754818,3.5152335,2.722264,2.2088857,2.0208673,4.3183837,1.5193518,1.1867743,4.1164913,3.646384,1.537748,3.2703004,1.6204134,2.4764397,2.113393,2.9670017,3.600183,2.7274716,1.7885162,1.2885883,5.837344,2.9896162,1.2017392,1.3838366,2.3259387,0.93721193,1.6464645,1.6692641,1.1196289,1.1028605,3.072046,1.3366555,1.2383362,4.494486,1.6612384,3.868598,1.0045882,3.8842156,2.3512971,1.497951,1.6351755,2.737197,2.8166506,0.9789644,1.3349538,1.9928923,0.8567396,3.2193487,2.6996937,3.1351485,1.7726772,2.034159,2.5522423,0.8946013,1.3277916,1.3769075,1.1393601,1.5510129,4.1765447,2.5522423,1.8322065,10.523354,3.671362,2.1980772,1.3949959,1.3766097,1.8448954,2.2197506,2.0589468,2.9982836,2.4032671,1.93623,3.6039987,1.1514789,1.0629593,2.222548,3.0185292,3.1026988,1.9172704,1.5249662,4.0718966,1.0926852,1.3824679,1.8163574,1.2291566,0.99903595,1.3311104,1.400278,2.768675,1.5119516,3.1418068,0.9773535,2.5170422,1.4091216,2.1828036,2.3552575,0.54078037,1.4488952,1.8965195,1.6712536,1.1049781,4.5660114,1.8035794,1.6035593,2.5876606,0.5472981,1.6588527,3.1880198,4.554679,3.1601405,3.7974284,3.0779703,1.1892163,3.2431848,2.8710353,2.0371974,3.5288079,1.5915656,4.9705215,3.1055686,1.0511552,2.0751126,1.2232345,1.0967165,1.5728118,2.9879363,1.157296,1.8863387,2.6206145,1.1836377,1.4105884,2.50266,1.3612089,3.2262216,2.9656837,1.5275323,1.0449173,3.7248435,2.072466,2.7379422,1.8089443,2.6242914,1.2559295,1.8696009,4.543694,1.6065519,1.3134176,3.1029863,3.927229,4.4784813,1.6510097,1.5740145,3.0688446,2.1683998,2.5440388,4.563402,2.7937803,2.7071242,2.80644,2.4144437,1.9059241,2.3684313,1.9415706,2.0053215,2.040084,2.2881362,1.417108,2.66405,3.3180978,1.30857,1.7404873,1.3815926,1.3082275,3.4961011,2.704575,3.4372303,2.8051836,4.064603,2.4560654,1.5201757,1.2356248,3.3963084,1.4720557,3.2528272,2.9612164,5.0631776,2.3205745,2.1714635,3.0986886,2.6275597,5.5051847,1.1128249,4.3819942,3.1203,3.2330275,2.7876725,2.0503926,2.651588,3.2123241,1.4499303,1.3819546,1.8905886,3.0759287,3.5476851,3.5667708,3.9597175,2.7464216,3.936866,1.1964775,2.9341416,2.5615406,4.9133363,2.022574,3.0312445,2.2879908,1.7625012,1.0408967,2.5193834,3.5223498,3.0209916,1.3110917,3.4865367,3.5725937,3.828418,2.7897313,3.2856822,2.9452484,2.3183992,2.7748322,2.4372551,2.1288445,1.511276,1.1295792,1.9804481,0.9183721,3.8352745,1.2917993,2.6499884,4.398569,3.714264,2.8967848,2.0286446
2.6745138,4.630351,2.937315,4.516828,3.9577062,4.0867114,2.8209693,2.6694443,3.7263486,2.3814476,2.742603,2.6628757,1.7958853,2.6094818,4.8538766,2.472184,3.5003917,3.431184,4.4076767,2.0199661,2.7280877,3.8986697,3.4331868,2.5072842,5.103503,3.2614539,5.455107,1.2634392,2.61014,1.926956,2.9225783,4.049282,2.3202815,3.0647826,2.4027128,1.8089935,3.870809,2.978605,1.5538107,3.5318224,2.9193676,3.4347987,2.6938767,2.8198981,2.6132348,4.793796,4.210234,2.7423382,3.4054136,3.756003,2.7021525,3.8449323,3.2923026,2.6617172,3.5745366,4.3113017,3.0927007,2.964193,4.5386195,3.6342545,3.0196016,4.070636,1.9854244,3.061234,0.7586787,2.6805758,4.720699,4.556938,3.5030856,3.0062127,5.5308237,3.444999,3.0500846,1.7821944,2.662339,2.3675578,2.9887102,3.4824255,2.3760831,2.3378434,4.625012,3.3701944,2.5308607,4.4280214,3.075466,5.7299027,2.3320644,3.6892207,1.7657216,2.5845263,1.9763659,4.5718517,4.663979,2.337815,2.7784202,2.2474809,2.4489226,3.0372972,3.3031416,3.1903389,3.586676,3.941604,4.2248383,2.3130715,2.945429,2.7976613,3.077156,2.3913062,6.040819,4.2248383,3.6566906,11.278255,3.573577,3.9808772,2.1774957,2.8623376,3.1731584,3.817939,3.886976,4.2774506,3.1928809,3.1630414,4.0056343,2.4152808,2.4740045,3.5385864,3.1380334,3.2986937,3.44847,2.3035796,4.507051,3.0382342,3.1053805,3.0497723,2.6301692,2.2412825,2.7499504,1.2777603,3.3324714,3.2972763,3.3428507,2.5679953,2.6089122,2.971917,3.545982,1.9489677,2.4033914,3.030147,1.7267144,3.4301012,2.534446,4.544675,3.1046684,2.6820333,4.4358096,2.602976,2.4755774,3.3716764,5.2557178,3.9992616,4.103311,3.1133735,2.3374848,2.8574028,2.5638728,2.4789395,5.1009684,1.8252189,4.808116,3.1932793,2.3403747,2.633998,2.5559077,2.6305287,2.4041617,2.6900723,2.460348,3.8069518,3.0497012,2.5854993,3.0757556,4.2283754,3.1210756,3.4761474,2.9601133,2.6665106,2.360108,4.907033,3.7403684,3.0831642,2.494559,4.0489483,2.6255116,3.1410234,6.348549,1.8425844,2.947673,2.9121459,4.131565,4.985058,1.0179254,2.5288444,2.7678282,2.539555,2.1558313,4.736118,2.6899087,3.0740573,2.8626933,4.0170655,3.2087395,1.7058967,3.236686,3.4021156,3.210594,1.7114938,3.1605213,3.0281541,3.56653,2.89215,2.7296236,2.349005,2.248458,5.2535706,4.5140724,3.971253,2.3684025,4.6466117,4.249293,3.1739662,2.5695617,5.134455,1.8350343,3.3732858,2.6166859,5.4236417,2.712066,1.3705918,3.2761571,2.8764603,5.1477613,3.05858,4.6764774,3.0707426,3.3899028,3.1259902,3.696784,2.7869012,5.0792546,1.9284981,2.207087,3.5331879,3.4488583,5.4354506,5.306077,4.297184,4.386316,3.8008862,2.6045966,3.112831,1.2303655,4.8767986,3.543875,3.80302,2.0373611,2.3253675,2.476339,2.417562,3.4043102,4.8404164,2.940194,3.563704,3.713737,5.6959057,3.7441785,3.5802608,2.6993246,3.356185,2.0392423,4.07558,3.478994,2.6592627,2.8870761,3.2304347,2.2305224,5.4743805,3.137045,2.6009955,4.6033106,3.8635874,4.744231,3.4930184
1.8422861,3.2402668,1.3374076,1.9263812,2.2756941,2.4493282,1.8312426,1.757511,2.4946342,1.7407207,1.7213598,1.7637047,1.9418718,1.7292782,2.6993804,1.7359945,1.2418604,2.3464587,2.884135,2.6357672,2.1419594,3.1172004,0.65174437,2.868672,5.7463126,1.0491257,4.774433,2.785659,1.6239393,3.134407,2.0272424,3.5409636,1.9654882,1.6085372,1.8513837,1.8446034,2.8659978,2.3507464,4.7570505,0.30027014,1.3981489,2.0063713,1.7831067,1.642004,2.4982781,3.8023686,3.0298936,2.1868575,0.8314568,2.5482457,1.7145853,0.79472893,0.4496729,1.8441137,1.3057504,2.2302504,1.8864979,2.5970695,3.1042387,2.8553162,1.5627239,0.6202526,2.0222862,1.6103092,3.1092272,3.3859308,2.3305387,2.4643705,2.958745,2.0215778,3.3095777,0.43343964,2.11145,1.8915724,3.561971,1.9762472,1.311548,2.665756,1.7662203,1.7956597,3.4307833,2.4640408,1.652156,2.365717,1.3697774,3.191292,1.9003325,1.7964313,2.014045,1.3318114,2.470757,2.353376,2.464463,1.9285625,1.763196,3.4220197,3.0833952,1.3262422,2.3521729,3.3546436,2.2906163,2.2728057,2.9002917,2.1317115,1.6120945,1.4620068,2.1696222,1.3648783,3.5759468,2.9002917,2.2935846,9.656323,2.4419186,1.8001935,1.6847459,1.5115213,1.26573,1.4862714,2.1804383,1.240438,1.1206726,1.4709466,0.82248086,1.7252566,1.8220046,1.149329,3.5586486,3.804655,2.7392995,1.7579212,3.1686661,2.1914697,2.0012941,1.0507355,1.699157,1.9493445,1.7470702,2.4194117,2.6994638,2.7572675,3.0293264,1.9006613,2.8983467,1.9043288,1.1759102,2.9820688,2.5991619,1.8945842,1.8227472,1.7363887,1.7624538,1.9343921,1.1358771,1.2151996,2.3477614,2.5404394,1.2216172,2.8560915,3.9349928,2.5279555,3.562042,2.5572302,1.6587119,2.4269512,1.9223101,2.0549328,2.3552868,2.3632312,2.62701,2.4143028,1.8502396,2.4034727,1.6028609,1.7925416,1.8503059,3.4108515,1.7144778,2.4877622,2.445653,1.7143399,1.959469,2.6776834,2.0283277,0.6755478,1.3330734,1.4489183,1.8495692,1.9412837,1.5006561,0.71334016,1.4773674,2.2851756,1.5677813,1.316135,3.6243086,3.1915116,1.974088,2.0468976,3.1946955,3.6817508,2.5504627,1.5182315,1.9494721,1.6098284,1.5733088,2.7985227,3.1552207,1.1252615,1.6809667,3.190001,1.302919,4.0970864,1.0181628,1.1083994,1.0132043,2.2712646,3.0450394,0.61415863,2.0254033,1.9524132,1.324845,1.5933155,1.9957795,3.938734,2.128892,2.744628,2.5435314,3.121492,2.257252,2.108664,1.8214958,2.5277073,1.9890412,1.7545056,3.5496554,4.862486,3.3892355,4.159258,2.8687184,2.4425042,3.0435023,2.1971734,3.5840294,1.5668621,3.7165213,1.7277384,2.6608763,3.2510247,2.53982,1.8356112,1.7996352,1.4542651,0.5410211,2.9495575,2.63325,2.8335576,3.079041,2.1744425,1.7419829,0.7907673,3.145341,2.2662098,1.2578826,2.501077,1.6133244,1.6162508,1.7855563,3.3395486,3.6490536,2.2711291,1.9223114,2.1095557,1.8286345,3.162373,1.3946997,2.8304746,2.1897864,0.6068069,4.763443,1.6680639,1.0686227,1.3128345,2.0635037,1.0075657,2.0963073,2.7785518,2.0989852,1.4537659,2.0391145,4.023233,2.7605445,1.1949556
0.90417796,2.9232233,1.6036532,3.0605466,2.9899473,2.9610944,0.9220266,0.67603195,2.074355,0.79866856,0.8505869,0.66951025,1.7237953,0.65198606,3.8125193,1.0647734,2.1372933,2.644981,3.4198303,1.9896445,1.036274,2.5519152,1.8107965,2.7699337,5.3471665,0.7155962,5.019385,1.9368948,0.564194,2.434167,0.9617227,3.0370536,0.9625415,2.3540862,0.8895774,1.3607612,2.4359148,1.2989064,3.8166091,1.3024076,0.4803879,1.9412379,0.82640237,0.6887189,2.5930216,3.6130476,2.7213123,1.1323028,0.99529004,2.171919,0.77246964,2.116032,1.2606047,1.0718518,0.9758336,3.2254982,1.0024173,1.7212468,3.61324,3.2643974,0.94443214,1.8615537,1.0415548,1.5074711,2.2693555,3.1403422,2.9715195,2.4257102,2.2674446,1.0031486,4.557461,1.5785547,1.093523,0.8974339,3.0017197,0.98309994,0.7173861,1.9772631,0.7843228,0.81686074,3.2205982,1.647042,0.62992865,3.3859055,0.55275,3.4689803,0.9038483,2.8308308,1.8239827,0.51397026,1.7724959,2.3645144,2.479799,0.9337565,0.9070535,2.7463253,2.0569396,2.0547664,2.2798853,3.1540706,1.7562389,1.9364511,2.6405287,1.1693598,0.6466,0.47309223,1.1468813,0.6776774,3.8628173,2.6405287,1.7096125,10.3025255,2.9057617,1.6536452,0.93405694,0.6172007,0.8975758,1.3618793,1.8489431,1.9507462,1.2152873,1.0932001,2.1774719,0.7425852,0.8716176,1.1905104,3.3788586,3.4783792,2.1990848,0.68156946,3.655553,1.1578686,1.044929,0.5478737,0.69256014,0.97728044,0.80771935,1.3928697,2.5246377,2.0251567,3.1132965,0.88346756,2.5643504,0.97513604,1.1192421,2.6058948,1.4398296,0.9666486,1.2199694,1.1641479,0.7530644,3.1144874,0.5084987,0.45809177,2.2626405,1.4027209,0.5831217,2.9424043,4.318508,2.7490168,3.7539957,2.8202333,0.52663296,2.7724698,2.232588,1.7228473,2.7290778,1.6173007,3.7619364,2.6447349,0.86733115,2.0115469,0.50812376,0.7246754,0.91709936,3.212189,0.75441456,1.9336581,2.5085382,0.65258193,1.002728,2.413717,1.0709484,1.7972965,1.8823613,0.724854,0.85710144,2.8094535,1.2247069,1.401372,0.63058525,2.2423372,0.47770134,0.98071665,3.9619966,2.3950627,0.9388906,2.5025978,3.6081774,4.150251,1.6419774,0.499343,2.389824,1.476171,1.6513306,3.7357202,2.9890287,1.5087155,1.8772638,2.7400293,0.77939117,3.215267,0.7017048,0.8046275,0.7440246,2.005037,2.2350233,1.2759542,2.6723237,0.9069707,0.7988601,0.4536022,0.8553847,3.8043077,2.1977632,3.1397898,2.5496573,3.6000903,2.1392672,1.4585317,0.7032832,2.738775,1.0037572,1.8735291,3.2834704,5.0835915,2.8832076,3.1129348,2.8498924,2.2321203,4.214207,1.177728,4.0634503,1.9527876,3.5863805,1.8125575,2.1721437,2.9732645,2.7115724,1.0694513,0.9433253,1.0750371,1.6165657,3.151195,2.9082637,3.430261,2.8574154,3.0754695,0.7290748,1.5636355,2.6794832,3.483365,0.94993514,2.6667366,1.3175783,0.73792446,0.7075397,2.9608881,3.594479,2.3998013,1.1056051,2.7158847,2.154911,3.429213,1.9861424,3.1148047,2.4636972,1.0365709,3.8177643,1.6587833,0.94466347,0.48092663,0.97287464,0.6696961,1.1277239,3.1175416,1.1308763,1.7109807,2.9482706,3.9244127,2.7141798,0.91269135
2.3719552,4.3422194,2.9564674,3.2596025,4.0654664,4.2419353,2.6682165,2.561154,3.6202295,2.5308015,2.6245387,2.456965,2.055825,2.4326828,4.461592,1.4934757,2.981131,3.80199,4.56506,1.9758515,2.85988,4.0870337,2.148032,2.4935932,5.527621,2.0866914,4.1986704,2.420407,2.1711473,3.6178415,2.7879927,4.4159436,2.3479028,2.5495827,2.2085006,2.5575192,4.0595937,2.867533,4.423592,2.0576105,2.051063,0.54497904,2.600737,2.336018,2.5250044,5.1043544,4.300756,2.9270644,1.7380934,3.747482,2.5572376,2.2159302,1.7180685,2.075455,2.1575627,4.072458,2.869123,3.3294792,4.884751,4.236884,1.8260603,2.1483827,1.5568982,0.495673,3.3139236,2.789481,3.970116,3.6445644,3.8992972,2.8337767,4.754125,1.8214641,2.8553457,2.0305037,4.1799974,2.318612,1.7430328,3.6174872,2.3395064,2.3452673,4.751244,3.1679766,2.3831666,4.1811547,1.7481239,3.9627967,2.3726685,3.0303838,2.2105536,1.8464564,1.9167866,3.4600449,3.5709863,2.3634646,2.689036,3.834894,3.1282437,2.7777762,1.2480663,2.2691653,3.315744,3.004712,4.109396,2.3671842,2.287371,2.1038525,2.8451867,1.8772857,4.4550767,4.109396,3.383588,9.399586,4.163786,2.6935484,1.9121397,1.9439229,1.6283239,1.9759841,3.2522156,2.2747567,0.9817519,1.2710629,2.4994912,2.3349922,2.2756257,1.659694,4.142982,3.0310335,3.8103142,2.4483757,4.8485527,2.8483841,2.8679783,1.9375049,2.4696152,2.31939,2.6498685,2.3627698,4.2196817,3.561071,4.1347795,2.3898108,2.0487282,2.8449168,1.6765611,3.200615,2.9629033,2.8352864,1.8540293,2.688569,2.3757012,3.3108494,2.003748,1.8183733,3.4858637,2.877358,1.8658736,4.33155,5.6073647,4.2237835,4.8900485,3.3312151,2.1539664,2.7583814,2.350667,3.2540166,2.5380177,1.8352361,4.3419385,3.9215472,2.3551407,1.7267207,2.216249,2.4375024,2.7548387,4.2063174,2.3228724,3.4886405,3.2950025,2.4232905,2.848869,3.9706554,2.8771312,2.1167,2.9191892,1.5934185,2.3654711,3.6492715,2.1310067,1.5207208,2.3235245,1.9253145,2.18665,1.5241004,3.8354073,3.36138,2.8018792,2.762017,4.689407,5.35544,2.4942687,2.3573532,2.4818873,2.9327998,2.0340817,4.5525756,3.8480756,1.0396389,0.9910493,4.330405,1.4828749,4.3700876,2.066775,2.0577257,1.572467,2.3775754,3.6377053,1.6898997,3.3841763,2.7842,1.4044714,2.2400079,2.6547863,4.2608447,2.9365926,4.088048,3.4816828,4.899953,3.4483106,3.1200404,2.5827382,2.753478,1.7205015,2.5009618,4.230518,4.259027,4.1363344,4.1446776,1.85872,3.8840091,4.5232425,2.8687398,5.1481943,1.1323109,3.8888915,0.4752466,3.8270195,4.050011,3.4370763,1.8811634,1.6165597,2.4488916,2.0075185,3.7364092,2.9352682,4.489709,4.3154864,3.558035,2.4995663,1.7170619,2.9730296,3.7311826,2.1055913,4.137367,2.3305233,2.3914375,2.083753,3.4789217,2.9798145,2.8544185,2.8233345,3.8072531,2.747423,3.93963,3.01663,3.7998106,2.5303354,1.8812504,4.774853,2.0854297,1.8022386,1.8289704,2.7752604,1.812879,2.406716,2.849863,2.8924394,1.4931056,3.5849116,3.3156517,3.9216363,1.9716135
1.0643221,3.0870612,1.569455,3.281322,3.0376735,3.0107145,0.99957544,0.64996535,2.187987,0.4268366,0.90736806,0.7434308,1.6670105,0.7120068,3.9517677,1.3441186,2.2466924,2.6619158,3.4944549,2.022001,0.91996014,2.5854776,2.1072264,2.8403113,5.402052,1.2373973,5.335642,1.7266387,0.795343,2.1413796,0.9738954,3.0558383,0.9651446,2.5056746,0.98872524,1.0385947,2.4634354,1.3504843,3.399011,1.7678529,0.9502313,2.3830273,0.8616328,0.94233793,2.686919,3.6484356,2.7846787,1.0247706,1.5650254,2.2577093,0.8332123,2.479953,1.6680782,1.0223384,1.5132228,3.3148081,1.057157,1.6544161,3.6303978,3.2437418,1.3969558,2.342651,1.006424,1.9166031,1.7534206,3.1962056,3.2618127,2.7567518,2.2227623,1.0358473,4.7262645,1.9690157,1.1535153,0.66929924,2.7856102,1.0226836,1.2342949,1.9957782,0.7982212,0.81101894,3.2870986,1.7617614,0.6785232,3.4736109,1.1289256,3.9546218,0.8938775,3.0131197,1.7414958,0.8820757,1.8026803,2.7461772,2.8539193,0.9357185,0.9503679,2.508632,1.9414102,2.1100836,2.6426187,3.342071,1.9099294,2.286545,2.7681134,1.1841335,0.98136723,0.8639634,1.2306883,0.898099,4.3129215,2.7681134,1.8401161,10.751601,2.8036592,2.1062067,1.0334659,1.0553916,1.4468718,1.933872,2.118286,2.5065022,1.7163202,1.6167907,2.5270264,0.7757361,0.9797147,1.7713135,3.3124814,3.6026344,2.1766171,0.24072342,3.6890304,1.2264196,1.1127704,1.0867918,0.75436914,0.960188,0.8266107,1.0035388,2.3326192,2.0216804,3.0668955,0.9772769,2.7004325,0.9911825,1.7105855,2.4633193,1.2438854,1.0084659,1.0996928,1.4865427,0.8314677,3.3390577,1.0520651,0.90074694,2.6054792,1.3158337,0.85516185,2.8029501,4.3598313,2.780076,3.7137597,2.892496,0.5625535,2.869644,2.329725,1.5326277,3.321108,1.6112846,3.8813071,2.547627,0.8665482,2.22299,0.6794938,0.80699015,0.5485757,3.0193093,0.82593626,2.0918202,2.5771248,0.7070958,1.0591891,2.5618248,1.1457751,2.0981317,1.8938334,1.1333174,0.85890126,3.1999242,1.7723935,1.7589105,0.49035013,2.7437189,0.7179407,1.5119603,4.53176,2.1538866,0.9446132,2.614186,3.604123,4.186541,1.2482426,0.4132529,2.5066311,1.3698169,1.6579008,3.8641796,2.872856,1.8978326,2.1674137,2.745233,1.3646182,2.7645464,1.2238894,1.3526332,1.335157,1.9142473,2.1870346,1.6046892,2.8169868,0.8877717,1.2397772,0.32542077,0.37090993,4.1348157,2.6833684,3.242396,2.3940043,3.6419914,2.4489388,1.5320002,0.57897437,3.3125494,0.91180557,1.9347823,3.0794935,5.3828583,2.6749485,2.632955,3.1135352,1.9668037,4.340606,1.248158,4.084005,2.2319667,3.6246178,2.1820676,2.2041974,2.8224576,3.189671,1.0654294,1.1009566,1.5194899,1.9496276,3.6298194,3.4805715,3.4951627,2.976512,3.2041163,0.7590568,1.8562995,2.4513986,3.6981761,1.4977412,2.671238,1.1212978,0.42805254,0.88100547,2.8732848,3.7434118,2.939828,1.1806633,2.7259285,2.2497663,3.9134614,2.277593,3.2005956,2.5714214,1.5530075,3.3904283,2.2293472,1.5350254,0.90379775,0.9782271,1.2529291,1.0911129,3.7057927,1.2147846,1.9269468,3.1161351,4.104925,3.0198896,1.4840454
0.8843058,3.0003176,1.6949354,3.2731702,3.1023104,3.0664065,0.9240282,0.64110166,2.127919,0.70182693,0.8573936,0.6388695,1.6528777,0.6148005,3.9809465,1.0693972,2.3005276,2.696373,3.520323,1.8666018,0.93988705,2.5482235,2.0266078,2.719602,5.266513,1.0098656,5.086049,1.713035,0.5748842,2.2418134,0.93556845,3.01288,0.8399707,2.4559724,0.8100877,1.2428039,2.4581106,1.240011,3.5268157,1.5927174,0.6785318,2.0719268,0.8052477,0.75115126,2.5814862,3.6463065,2.7684221,1.0396161,1.2944171,2.2212982,0.7698735,2.362313,1.5174586,1.0652951,1.2558509,3.3791065,1.0462513,1.6388384,3.7025108,3.298514,1.0817221,2.164501,0.8856064,1.6387918,2.0011847,3.0622413,3.165466,2.5990114,2.2253456,0.99894816,4.743946,1.825929,1.083866,0.67720824,2.8532357,0.8736788,0.9188619,1.9671056,0.69499135,0.7151051,3.2728686,1.6497575,0.59288526,3.539703,0.80172235,3.6991668,0.78779876,2.974953,1.7475946,0.6230824,1.6457049,2.5579066,2.6689963,0.81817466,0.9121971,2.567794,1.8744283,2.1653955,2.3540258,3.1267605,1.8197371,2.0676913,2.7088065,1.0438673,0.75919867,0.6109351,1.1345106,0.71197045,4.0797734,2.7088065,1.7796254,10.467439,2.9597216,1.8656417,0.86746687,0.75138795,1.1237011,1.6221399,1.9766624,2.2454715,1.4323276,1.2741758,2.434454,0.6687023,0.8104683,1.4604348,3.3040626,3.4145796,2.1815543,0.5318882,3.738218,1.1331536,1.0685315,0.83790326,0.67312163,0.8470168,0.8054888,1.1149795,2.505991,1.9813222,3.0986629,0.8193271,2.508911,0.9877209,1.3976839,2.4725769,1.2443842,0.99521685,1.0990617,1.3135065,0.7009867,3.3282137,0.8103999,0.6379815,2.4386551,1.2493845,0.6752127,2.9328632,4.399471,2.8327448,3.7631404,2.8404603,0.40999353,2.7935543,2.2612076,1.6689548,3.0014398,1.4735192,3.932711,2.6618743,0.7606388,1.9893862,0.49820885,0.68331563,0.806119,3.1071064,0.6992275,1.9997319,2.519989,0.6132123,1.0280654,2.5079997,1.0928333,2.0189607,1.9794518,0.8234015,0.7526327,3.0669053,1.4805572,1.6039261,0.63287926,2.4062247,0.5101131,1.1847265,4.2206388,2.1895366,0.9292083,2.5534084,3.6561131,4.231756,1.3811886,0.4920306,2.4378884,1.4835427,1.6539727,3.8824863,2.9056609,1.6836076,1.9691563,2.7435617,1.0319093,2.9492526,0.9977061,1.1060967,1.0400392,1.9058127,2.1444025,1.4815896,2.7785304,0.88731587,0.935076,0.3341874,0.65006626,3.898099,2.424426,3.215197,2.4884095,3.6975305,2.3019445,1.481955,0.61691076,2.9954207,0.8153515,1.9911717,3.1618385,5.1398926,2.7514596,2.8115985,2.8761625,2.1884003,4.3858323,1.1566244,4.1285815,2.0767138,3.533082,1.9345907,2.1952822,2.8779707,2.947281,0.9478847,0.8678134,1.3030862,1.8537197,3.3772612,3.169042,3.5269027,2.9242103,3.194772,0.69107443,1.751625,2.499833,3.6982682,1.2352878,2.7318325,1.2665864,0.65997577,0.64313,2.8406937,3.5670793,2.6520545,1.1163565,2.803798,2.3012612,3.6589491,2.175945,3.1511598,2.4849524,1.3289075,3.5382829,1.9144876,1.2464783,0.6253957,0.93080103,0.983027,0.98604566,3.3816428,1.1431817,1.7874075,3.1565251,3.903582,2.8707218,1.2053978
1.9357442,3.875143,2.2995968,3.4374435,2.9609535,3.1650712,2.2573593,2.263542,3.0197077,2.2600324,2.1689503,2.1452281,0.6310207,2.0777836,3.635601,1.2555671,2.5599022,2.4426641,3.3633778,1.0057489,2.4922218,3.395649,2.087219,0.87795705,4.368492,2.2378387,3.707116,1.2423121,1.8870924,2.0722058,2.5662878,3.5105584,1.7123495,1.4430908,1.6536423,1.6642145,3.3378897,2.5574539,3.0926232,2.1729236,2.05402,1.9199268,2.1640284,2.086792,0.7646037,4.1824117,3.5969555,2.4831953,2.0904953,3.0816958,2.1427784,2.359114,2.0450392,2.4947126,2.5379329,3.2843459,2.6776183,2.6373897,3.6955757,2.676748,1.8438092,2.6209698,1.6069899,1.6813152,2.1570199,1.4064413,3.3441162,3.4753923,3.1633954,2.633472,4.315649,2.0363176,2.644165,1.4460167,2.5866706,1.7135354,1.840215,3.0305982,1.7548057,1.7275076,3.9824677,2.8047476,1.956365,3.4044487,2.1239326,4.246538,1.7389458,2.1426585,0.6575167,1.6074216,0.99138,3.3997526,3.4942582,1.729734,2.2271013,2.2688828,2.2832909,2.0342963,1.5686111,1.7195079,2.8764665,2.8363273,3.457119,1.666153,2.197237,1.9863014,2.6419525,1.3876928,4.5832253,3.457119,3.067471,9.350316,3.027234,2.7914531,1.1953564,1.9184027,1.9023556,2.5330327,2.9691367,2.6751258,1.782153,1.8343681,2.622731,1.7856631,1.7354692,2.1389914,2.3825805,2.084461,2.9745219,2.1451058,3.5777085,2.6141608,2.6944985,2.0276203,2.071729,1.6180459,2.2640543,1.6020733,3.1242473,2.8437247,2.4857407,1.9277889,1.1507336,2.5733383,2.2282703,1.3195317,2.3407469,2.6248312,1.13909,2.5814393,1.9074929,3.4137373,2.180582,1.6841007,3.3644667,2.3672926,1.4906371,2.8993242,4.40292,3.2216358,3.3289719,1.6522841,1.7569238,1.0812927,0.7567617,2.0675282,3.5102074,0.9714261,3.7287347,2.5345235,1.727368,1.0824405,1.9049503,2.0711775,2.2921631,2.3567326,1.7865741,3.1421711,1.7577693,2.042665,2.676344,3.4987934,2.7021163,2.1980293,2.0907187,1.5361682,1.7557404,3.4447992,2.5881994,1.6702902,2.1418374,2.420778,1.9375744,1.8063308,4.765695,1.897142,2.6010475,1.1991667,3.2140963,4.0802608,1.5476298,2.1175957,0.9773868,1.9099766,1.0021738,3.4954035,2.017174,1.5547844,1.2190957,3.5350766,2.108458,2.8875012,2.2044687,2.3651416,2.0550947,0.53214365,2.8025658,1.7577146,2.1034265,2.5603359,1.4833679,1.9121902,2.231852,3.9264116,3.1662476,2.7433293,1.718039,3.7705338,3.2240462,2.5656064,2.241287,3.6346004,1.4204324,2.9626992,2.361503,3.7160673,2.5651462,2.9118564,1.5100104,2.7917228,4.0838237,2.630007,3.7334323,1.7071201,2.2651262,1.6592554,3.1706567,2.3308616,3.7356496,1.0596898,1.2582505,2.538886,2.207772,4.016078,3.7744539,3.2232122,3.6224673,2.3655849,2.0730417,1.8105172,1.2374054,3.7381124,2.484463,3.0568697,1.661418,2.0992458,1.7516918,1.704217,1.8949478,3.454514,2.3647616,2.6247432,3.227739,4.223987,2.36364,2.242688,0.83702224,2.0265534,3.3282135,2.7093935,2.283804,1.6775411,2.5362463,2.1560218,1.6485288,3.8810143,2.7041714,0.89394635,3.7996314,2.413493,3.6754591,2.3889842
1.3643014,1.9408222,2.1545205,4.3104815,2.833878,2.444075,1.1121659,1.2927318,1.1526362,1.7717936,1.1509217,1.3028475,2.6257994,1.3090196,4.0884795,2.2902071,3.0126266,2.1034563,2.780898,2.7053378,1.0060675,1.2091794,3.138903,3.3260977,4.702953,2.037847,5.4892063,2.3820848,1.5382292,1.533003,1.1743804,1.608983,1.3811929,3.1585739,1.5118462,2.066977,1.1118404,1.1339077,3.4279854,2.5956678,1.7814794,3.5547707,1.1482933,1.4391968,3.1099086,2.1606808,1.4602759,0.88676006,2.464226,1.1298296,1.2060548,3.4682238,2.8715541,2.6860971,2.201,3.5330482,1.2572355,0.6224908,2.8820336,2.7407277,2.0521889,3.259851,2.5172698,3.2461967,2.306564,3.5675964,2.7678864,2.1889129,0.76626563,1.1880543,5.301631,3.070705,1.1558949,1.9527315,1.746952,1.4227341,2.0826943,0.8261547,1.354809,1.3535177,1.8968904,1.1312675,1.3467408,3.7198606,2.1632314,3.7164485,1.333528,3.5782487,2.610056,1.8760946,2.5203753,2.3383768,2.3911633,1.351394,1.0995443,1.735644,1.5307635,2.8921173,3.5230498,3.9849904,1.1585486,1.9413781,1.5803485,1.467257,1.5631154,1.6722151,1.1793107,1.8844783,3.8794916,1.5803485,1.1834626,10.729967,2.6809435,2.147368,1.8852035,1.8327955,2.2982926,2.563477,1.579452,3.03171,2.957853,2.6085398,3.4361396,1.3590904,1.4329797,2.5810218,2.5919561,3.834224,0.7742165,1.6689578,2.886516,1.145738,1.2215967,2.0170956,1.2732643,1.4252367,1.1719321,2.072791,1.4082059,0.8149903,2.304382,1.3236494,3.3279576,1.1538744,2.56028,2.410091,0.9954045,1.2277642,2.399463,1.5354455,1.317391,4.316604,2.0110478,1.9421667,2.1208243,1.0954928,1.9331951,2.0005054,3.2538397,1.9101105,2.708951,2.7390163,1.5663168,3.279648,2.946992,1.2158186,3.8733337,2.4772654,4.2937307,2.096687,1.3457029,2.8773928,1.5034477,1.2857496,1.3962511,2.344592,1.3694335,1.2904925,2.1890812,1.3100569,1.2412909,1.5539216,1.2107052,3.2028344,2.4884152,2.1166697,1.3312081,3.0954351,2.3483744,2.9718938,1.8977256,3.2407353,1.5454426,2.3806415,4.7902203,1.7825441,1.216625,2.961675,2.8555272,3.2354436,2.226109,1.6497074,3.0742738,1.5721029,2.7212567,3.6428287,2.3131993,3.1784215,3.4084358,1.2630491,2.47103,2.2539241,2.043882,2.1663358,2.4352584,2.5656142,1.0037588,2.8227043,2.718268,1.2097235,2.3195238,1.6165607,1.402073,3.4900808,2.6659808,2.5707822,2.2781856,2.8106325,1.9096273,0.88679874,1.2671169,3.7217355,2.2918594,3.3910174,2.412328,5.5367084,1.5839134,2.4829597,3.8619866,1.5196154,4.973246,1.1356877,3.241649,3.6391838,3.2148738,3.5261679,0.96131736,1.976724,3.0564787,2.033113,2.1601212,1.871554,3.0956004,3.4090464,3.8329124,2.9087098,1.7272161,3.391343,1.2332542,3.0979574,2.9479814,4.5573745,2.2155128,1.7894553,2.354265,1.8561913,1.61922,2.5912876,4.101774,3.1629126,1.0046102,2.5992467,3.6117074,3.6752322,2.2015755,2.7171013,3.0190108,2.40503,2.9149144,2.7766306,2.4227893,1.9004395,1.15429,2.2560039,1.3947002,4.208728,1.1816311,3.0294325,4.0456805,4.32194,2.2922404,2.281153
0.8947823,2.4987051,1.6387181,3.5241413,2.9362228,2.7582483,0.57113135,0.26483032,1.6364319,0.73491824,0.53785235,0.46343595,2.1412292,0.48650292,3.9601808,1.6390126,2.409688,2.4967682,3.238454,2.3719003,0.35114536,2.015088,2.3750234,3.1708317,5.3161044,1.1603308,5.4719334,2.1152017,0.7618439,2.115067,0.39345863,2.5565703,0.9614506,2.7859218,1.0188711,1.4718343,1.8794595,0.90780735,3.65351,1.8326211,0.89494777,2.7326324,0.49680904,0.71937907,2.974438,3.0936127,2.1981673,0.47489694,1.627971,1.7017837,0.49788743,2.7109423,1.9429928,1.5123307,1.356199,3.3283255,0.46216527,1.168009,3.355799,3.1614146,1.4091791,2.4458919,1.6035436,2.336531,2.117955,3.4982092,2.937666,2.2627563,1.6553502,0.43635795,4.8911343,2.232368,0.58711237,1.2052639,2.627328,1.0129712,1.2995591,1.4097975,0.7838121,0.8127864,2.7068682,1.2430649,0.5612981,3.5037882,1.19861,3.6030524,0.8731041,3.2305791,2.1917415,1.0706351,2.1491783,2.297693,2.395072,0.91610587,0.5327123,2.437019,1.8167166,2.3648057,2.954936,3.6809487,1.359743,1.8989387,2.2109556,1.1899017,0.7547549,0.81097126,0.70228755,1.1652167,3.9147408,2.2109556,1.2289627,10.756559,2.7457173,1.7768813,1.317323,1.0514578,1.520572,1.8395237,1.6150429,2.4367082,2.0385838,1.801494,2.6944523,0.74628353,0.9443821,1.8106878,3.2507079,3.8203719,1.6437827,0.62166154,3.4231997,0.7066209,0.51291686,1.113457,0.5044502,1.0119269,0.3910052,1.5071888,1.978253,1.5144515,2.933196,0.8291126,3.0358803,0.38172713,1.7401491,2.6424012,0.98627555,0.4086899,1.6772267,1.0619013,0.70041364,3.5711741,1.040568,1.0834823,2.1210072,1.02337,1.1332284,2.5942721,3.9776006,2.39789,3.4781704,2.954518,0.7393212,3.147086,2.6523726,1.400191,3.242127,2.0162866,3.9700556,2.4321198,0.8544434,2.504925,0.6624925,0.5697916,0.50524,2.9935834,0.7775717,1.5074286,2.526189,0.50776124,0.45810953,1.9693577,0.54971355,2.379931,2.0498772,1.3502116,0.82959086,2.9299588,1.6120936,2.1180012,0.8297379,2.76998,0.68426335,1.6260543,4.33553,2.1955323,0.33754185,2.831097,3.4179087,3.875225,1.7501945,0.5701989,2.805288,1.3606583,2.1249175,3.767522,2.8659406,2.3070683,2.6393738,2.168114,1.510366,2.8096242,1.164606,1.2684166,1.4797239,2.3045175,1.7683132,1.9489447,2.802381,0.2743984,1.5136166,0.622342,0.45702344,3.8158534,2.3698497,3.0484023,2.5030906,3.321259,1.953967,1.0063959,0.22338359,3.1616113,1.4809381,2.309942,3.0696986,5.531012,2.4872084,2.7747936,3.4548626,1.767035,4.5220523,0.7203101,3.8513637,2.7383876,3.6544404,2.6390154,1.6134976,2.713654,2.824436,1.4591538,1.4689443,1.2194214,2.2215595,3.2688298,3.3113906,3.3027916,2.4178712,3.3058932,0.49706337,2.2362192,2.8532298,3.888398,1.3650818,2.3127754,1.6128818,0.84377337,0.94440645,2.970801,4.01921,2.6914945,0.6963114,2.6705701,2.5647962,3.5589046,2.088375,3.1312537,2.8458667,1.6149638,3.4621704,2.1176124,1.5413941,1.0678617,0.4242503,1.3070656,1.108305,3.60898,0.6345571,2.3677406,3.2488894,4.3149037,2.5070999,1.4112047
1.0646257,2.9282885,1.996797,3.8392546,3.348804,3.2213545,0.9850897,0.7365334,2.075228,0.85914445,0.97041637,0.7892349,2.0174003,0.79151255,4.372388,1.5656809,2.7557716,2.8359737,3.6719005,2.0952022,0.7065038,2.344924,2.654096,3.0287755,5.2157245,1.5644294,5.4743743,1.723051,0.94423,1.9729252,0.8502533,2.8059092,0.94539225,2.9514854,1.0363986,1.4262879,2.2993774,1.0885905,3.1666162,2.2215345,1.1861644,2.700306,0.88688695,1.0366579,2.9317305,3.493055,2.6440895,0.7989849,1.9449,2.1507936,0.90450585,3.0178535,2.2036805,1.4570801,1.75584,3.7381055,1.0538688,1.371246,3.8030524,3.4391687,1.5673174,2.826098,1.295759,2.3084593,1.7354794,3.2972066,3.4573812,2.7663245,1.9519588,0.9288236,5.2402506,2.5035617,0.99442804,0.96024865,2.5936,0.99784607,1.5006899,1.76969,0.88830394,0.88988507,3.1470535,1.5446173,0.8317773,3.9055219,1.4044907,4.0357757,0.9037264,3.4823081,2.0761912,1.2104175,1.8819453,2.7866201,2.882964,0.93058294,0.98765796,2.305954,1.6017804,2.6113844,2.887976,3.4862342,1.8044044,2.2583008,2.6536279,1.111961,1.0915973,1.0816431,1.0462016,1.2491996,4.3654246,2.6536279,1.731358,10.934481,3.0998342,2.2065787,1.2655323,1.2409105,1.7282765,2.1531386,2.089123,2.836669,2.1471493,1.8946869,3.057805,0.8861863,1.022755,2.0831113,3.2816262,3.6249158,1.9923456,0.6958061,3.8435829,1.0264574,1.0302622,1.4444472,0.8480728,0.9726209,0.8860726,1.0720645,2.3569403,1.7667515,3.1365974,0.94716024,2.8310654,0.9625499,2.0174062,2.501252,0.84186167,0.99153763,1.4857175,1.5351002,0.8876858,3.8948796,1.3936249,1.2679721,2.6192458,0.95976657,1.2694607,2.898484,4.424712,2.8838289,3.76292,3.0896213,0.79409045,3.1764114,2.6895528,1.6485568,3.557588,1.7256558,4.355027,2.7419374,0.9076304,2.364932,0.86713064,0.8280874,0.7657272,3.018788,0.93107766,1.9493545,2.6957166,0.800922,1.0028571,2.476782,1.047251,2.6547096,2.3484104,1.4085915,0.89443535,3.4798641,1.9637864,2.291316,1.0173655,2.900355,0.9130066,1.7931896,4.684033,1.9585704,0.8692774,2.9473302,3.7535694,4.302844,1.3380393,0.8493131,2.8773963,1.6553112,2.115031,4.193946,2.8967297,2.3857813,2.6022365,2.5395708,1.6813171,2.488335,1.5627308,1.6617706,1.7202568,2.1594925,1.874037,2.1515436,3.112907,0.8263465,1.5768839,0.743979,0.46830425,4.044215,2.7879217,3.3880453,2.578929,3.7899554,2.4605136,1.4412999,0.64015555,3.4857447,1.1775986,2.4493372,3.0506873,5.516266,2.5097656,2.3163857,3.3373542,2.0735157,4.8561625,1.0494132,4.2232847,2.7412755,3.628739,2.6008139,2.0479748,2.7724526,3.2815356,1.301004,1.3212559,1.6832446,2.5033047,3.7016704,3.655369,3.7080085,2.8575995,3.5952663,0.82545394,2.4130805,2.5559893,4.2420077,1.7552022,2.7675927,1.6101774,0.94474095,0.9629773,2.8456273,3.8779507,3.0789042,1.126933,3.0396063,2.7637846,3.992725,2.5536923,3.3425846,2.8764896,1.967553,3.071332,2.4319565,1.8629907,1.2276007,0.82387364,1.6204262,1.0313363,3.914866,1.0764618,2.3773901,3.625412,4.1851916,2.9948757,1.7668962
1.5049393,3.1823242,1.7095532,2.4713094,2.88984,2.963574,1.5684445,1.4553351,2.43657,1.5162024,1.4963189,1.4249367,1.9219414,1.4071243,3.4346385,1.306565,1.8521837,2.7504752,3.3918076,2.3135765,1.8272253,3.0118723,1.2330552,2.8303003,5.6119084,0.6915251,4.7439823,2.4997606,1.2421374,3.0730743,1.6889365,3.472664,1.6426041,2.0667257,1.5091374,1.8443344,2.852145,1.9730697,4.5278783,0.6576336,0.9530645,1.5441252,1.5203965,1.2898489,2.5851724,3.9167788,3.060927,1.897496,0.4225453,2.5342908,1.455253,1.3866622,0.5799578,1.4435173,0.8688126,2.9399238,1.6232703,2.376516,3.6319504,3.3260055,1.1043377,1.0161706,1.539863,1.1400061,2.9755018,3.266487,2.7370973,2.4296882,2.8300836,1.696166,4.0166383,0.8669288,1.7678767,1.5721334,3.5641148,1.6382872,0.8266013,2.5078063,1.4797611,1.5122441,3.5133562,2.1737843,1.3640529,3.0814452,0.74985415,3.1299062,1.598093,2.4152775,2.0350864,0.9566037,2.1356332,2.2921073,2.411847,1.6173362,1.5476213,3.3505108,2.7394848,1.8660791,2.0313575,3.1188185,2.1445167,2.0515044,2.91597,1.7978432,1.2077421,1.0527127,1.8058354,1.0916944,3.570727,2.91597,2.1297872,9.765273,2.982192,1.5775115,1.3971653,1.0395801,0.75625527,1.0353734,2.0546615,1.2742394,0.6311375,0.8919806,1.4797945,1.4389768,1.495526,0.7063726,3.683436,3.5922627,2.6936848,1.4843318,3.673417,1.8293322,1.6896296,0.64012146,1.4112519,1.6441865,1.5011029,2.1098907,2.946301,2.5823617,3.3275926,1.5540478,2.6531026,1.6427158,0.6622697,2.9897623,2.2519057,1.6184356,1.6121575,1.4678576,1.4493335,2.517217,0.6855222,0.8249601,2.2758758,2.1630316,0.957129,3.2246022,4.3779593,2.8943198,3.9329753,2.840671,1.3065238,2.668461,2.1422207,2.1970632,2.1099799,2.0186462,3.3531792,2.8364692,1.5562471,2.099329,1.2462593,1.4554764,1.6742909,3.6014965,1.4244817,2.3149307,2.6435728,1.402114,1.6553674,2.6755621,1.7112073,1.1986179,1.8346344,0.9794379,1.5524497,2.366153,1.0496267,0.83251655,1.25128,1.9255888,1.1928344,0.8158416,3.4271758,3.0289247,1.6544396,2.379054,3.6707866,4.1737046,2.303067,1.2503155,2.2375221,1.8191931,1.685859,3.4727952,3.3171673,0.96039015,1.5281911,3.1735508,0.6081003,3.9773765,0.6667658,0.6786395,0.35065392,2.2668643,2.8342464,0.7825075,2.5202746,1.6402078,0.847727,1.2805182,1.7182746,3.7940903,1.958566,3.1412866,2.8194554,3.6198401,2.2071874,1.9628543,1.5210727,2.2397106,1.5704672,1.7371901,3.7002273,4.8298783,3.4275088,3.925249,2.6729279,2.6832273,3.734336,1.8411167,4.084973,1.4890313,3.765992,1.3872081,2.6131284,3.3855758,2.4304583,1.5490961,1.3746644,1.1598654,0.9918188,2.854221,2.3932621,3.376031,3.1208086,2.7948022,1.4577307,1.0406948,3.0813344,2.8939152,0.8131571,2.8517008,1.6369667,1.4061652,1.3679404,3.320684,3.564389,2.0225613,1.6987835,2.681997,1.91636,3.0966055,1.7849531,3.143835,2.3880358,0.48556656,4.582348,1.2722058,0.5404486,0.9038554,1.7136186,0.4626075,1.7893686,2.523917,1.7678537,1.473438,2.505732,3.897721,2.7421675,0.70385826
0.6487062,1.9854027,1.8147132,3.823522,2.711013,2.4230475,0.39680052,0.6785854,1.0640553,1.3294693,0.45426232,0.61064255,2.1537235,0.6154779,3.8533926,1.6157057,2.6062548,2.0380547,2.792519,2.2175145,0.50356996,1.4053584,2.5591967,2.901234,4.679379,1.3397697,5.0449753,2.0353096,0.815108,1.6630547,0.6248448,1.8643996,0.7540944,2.6931517,0.84637165,1.7091924,1.3145956,0.63668096,3.5161297,1.9478188,1.0507014,2.8339093,0.44439116,0.70343596,2.6848495,2.4869752,1.652861,0.37839648,1.7462502,1.1298271,0.50698423,2.8693547,2.215844,2.158681,1.5165622,3.3013575,0.75913733,0.5318444,2.977254,2.7264612,1.3244104,2.6195965,1.9359323,2.5307605,2.246083,3.1842127,2.5315132,1.895334,1.0550132,0.66108435,4.956976,2.4306858,0.6216126,1.4248414,2.023267,0.78887546,1.3414272,0.85214233,0.685085,0.69750345,2.1481185,0.7857467,0.66034806,3.4882233,1.4349818,3.3023984,0.6905883,3.1485295,2.1728814,1.1624466,2.013611,1.9656581,2.0464923,0.712523,0.4129421,1.8977522,1.3758562,2.481996,2.8623443,3.466581,0.8672178,1.4770367,1.6351497,0.89823335,0.841341,0.94090617,0.641881,1.2128255,3.551307,1.6351497,0.9299744,10.3080845,2.6523414,1.5687104,1.2592613,1.0938939,1.5584496,1.8631892,1.2102457,2.3805518,2.2298145,1.8715979,2.8712106,0.6776067,0.74749064,1.8526686,2.628536,3.4475212,0.99083155,1.1867938,2.9724166,0.6069958,0.708691,1.3003117,0.5743648,0.8176207,0.52505064,1.7016411,1.7026455,0.84851193,2.358063,0.62508523,2.8225007,0.6241575,1.831153,2.2457094,0.71778435,0.7078577,1.8783365,0.9205958,0.6055737,3.8362358,1.3062595,1.2250304,1.781338,0.71321994,1.2585003,2.1886778,3.4630413,1.9852277,2.8935812,2.4875154,0.90553695,2.8778028,2.4852276,1.1124793,3.2166004,1.9600662,4.0126643,2.1086318,0.69345385,2.3032591,0.7979842,0.5730709,1.0080314,2.4832187,0.6741139,1.0842203,1.9691429,0.6157537,0.7281713,1.5315998,0.6970444,2.6159048,2.1302595,1.3958044,0.67241484,2.7115846,1.6617894,2.3161542,1.3740319,2.5789466,0.8303212,1.6428294,4.2310843,1.7632666,0.6916959,2.5626857,2.9314177,3.386464,1.9074523,1.0818075,2.62291,1.2658519,2.2198296,3.494334,2.3238988,2.487399,2.748346,1.5696106,1.7360975,2.5530436,1.34474,1.4697526,1.7064852,2.1727333,1.1024135,2.1853127,2.4322197,0.68181163,1.5983626,1.0145694,0.9877333,3.2414312,2.1332617,2.493442,2.1806693,2.9129508,1.5841209,0.4487484,0.6855953,3.1001291,1.7282616,2.8929613,2.5542758,5.1028476,1.8764383,2.6660388,3.279601,1.6657805,4.6413417,0.60456026,3.3520668,2.9824245,3.068779,2.8236077,1.0727794,2.1212685,2.5995321,1.4594343,1.515922,1.21784,2.488086,2.983612,3.2278223,2.8857312,1.8358564,3.08547,0.537676,2.4765427,2.7113295,4.116385,1.5231241,1.8755752,1.9179826,1.3747348,0.92581856,2.4679704,3.6789095,2.585027,0.3219507,2.458297,3.1270592,3.2611833,1.7760457,2.5689712,2.5864568,1.7131022,3.1920424,2.0947986,1.703075,1.1775488,0.59399354,1.5391465,0.83468866,3.5694163,0.6659257,2.4196315,3.6315618,3.9183939,2.0806403,1.5730324
0.9939777,2.997138,1.4058137,3.1425812,2.8601983,2.8384426,0.91170686,0.5714909,2.0878422,0.3896739,0.79721683,0.67038083,1.6042739,0.62803596,3.7690113,1.2973254,2.0836165,2.5023994,3.3238983,2.0263224,0.90495896,2.5193431,1.9480546,2.7830737,5.3719983,1.0969911,5.2529697,1.7710824,0.70979774,2.1247773,0.94039077,2.989791,0.92348564,2.3541226,0.9327103,0.97720796,2.3736436,1.3380067,3.489554,1.5962179,0.844679,2.3390465,0.76959187,0.847876,2.5958672,3.5465493,2.6854515,1.0000328,1.4275544,2.153425,0.72940993,2.3200948,1.525859,1.0671692,1.4038829,3.138247,0.9865019,1.61892,3.465455,3.0910451,1.3121111,2.1854196,1.0728832,1.8679651,1.8233438,3.1626368,3.0831683,2.6348572,2.1700537,0.9951875,4.561096,1.8169802,1.1191216,0.68793356,2.7455466,0.9822636,1.1309769,1.9339539,0.71754783,0.7360367,3.1837044,1.7146145,0.5699264,3.2989364,1.0533147,3.8342915,0.8389323,2.8460107,1.6749662,0.7649019,1.805741,2.6228957,2.7316308,0.8858477,0.84447885,2.4902673,1.9714646,1.953331,2.5904229,3.315738,1.8175089,2.1895626,2.6618001,1.1578177,0.89419484,0.75839263,1.2016755,0.7771977,4.1885004,2.6618001,1.7567053,10.632437,2.6522818,1.9895957,0.9630585,0.9705391,1.3434532,1.8334283,2.0087736,2.3560984,1.6257792,1.545475,2.3606865,0.68637735,0.91250277,1.6544434,3.2290106,3.5787468,2.0953887,0.20886825,3.524788,1.200007,1.0621904,0.946798,0.6547656,0.91566586,0.72704893,1.0919079,2.220909,1.9689426,2.9401033,0.922489,2.6760814,0.92175275,1.6008023,2.4149776,1.280506,0.9419316,1.0794481,1.381368,0.7510454,3.1939018,0.9254098,0.77181166,2.486646,1.3380536,0.7133453,2.6712255,4.2063165,2.6240838,3.5787475,2.7595437,0.48505875,2.754582,2.2111423,1.4106071,3.218666,1.6232013,3.7108264,2.3994234,0.8021189,2.1857574,0.58255154,0.7366135,0.48512536,2.9392016,0.73471296,2.0120296,2.4475837,0.61740994,1.0053457,2.4544022,1.0973039,1.9465271,1.7277077,1.0540875,0.7943884,3.0181832,1.6739289,1.6252908,0.3753565,2.6653476,0.6194674,1.4144447,4.4350014,2.1598272,0.9029021,2.4754157,3.4488711,4.0263553,1.3191113,0.25354978,2.3782709,1.2121651,1.5590082,3.678955,2.7845573,1.7981585,2.094845,2.664892,1.2903234,2.8154984,1.0804744,1.2279029,1.2260094,1.8568445,2.1583118,1.4630479,2.6431336,0.844476,1.1536384,0.17650904,0.40841165,4.0497656,2.566036,3.0823064,2.284155,3.4772518,2.3266354,1.438128,0.5184238,3.2182446,0.9602027,1.8870109,3.011621,5.303727,2.6212776,2.7301326,3.0629575,1.8611428,4.183339,1.2195435,3.9250066,2.157734,3.548539,2.128735,2.1159818,2.7408402,3.071469,1.0284336,1.0779271,1.3990794,1.8008207,3.5132987,3.3801599,3.322898,2.8692536,3.0305083,0.66654885,1.7238752,2.4505901,3.5460093,1.3855,2.518447,1.0433185,0.34824646,0.83610445,2.8258028,3.6919541,2.8357747,1.0918237,2.5538528,2.1850462,3.7937222,2.0916886,3.0592825,2.4563308,1.3929725,3.4611669,2.129398,1.4182993,0.7888771,0.95196277,1.1302904,1.0613683,3.6106226,1.1724848,1.8258234,2.9880893,4.0567265,2.9015462,1.3718274
3.4324276,4.479218,2.2728026,0.98925906,2.4134169,2.885574,3.4051485,3.3333106,3.848018,3.1621356,3.2811887,3.3649044,2.952894,3.323449,1.9181281,3.2032921,1.4745578,3.0349698,3.2199752,3.897792,3.7148008,4.4774613,1.26523,3.6959107,6.7656336,2.674606,5.228313,4.076191,3.2365873,4.368023,3.6145623,4.8266,3.5193322,1.9088402,3.4141943,2.9953842,4.1518416,3.954266,5.9349394,1.8674532,3.0384614,3.090595,3.3556397,3.257912,3.2464774,4.825619,4.2326026,3.7504337,2.406425,3.8569772,3.2891197,0.94548935,1.8094219,3.132859,2.8749278,1.7782394,3.4313545,4.104659,3.3701901,3.231278,3.139402,1.4466206,3.4206746,2.78528,4.252763,4.2792244,2.8782725,3.6600244,4.368928,3.6007254,1.8670391,1.4966568,3.701912,3.3248303,4.719261,3.535259,2.9196513,4.1138864,3.3243954,3.3469129,4.5206647,4.008513,3.2311304,1.7831552,2.9966726,4.0474854,3.453751,1.4896014,2.9828546,2.9224522,3.784242,3.5505126,3.6369278,3.4829392,3.315929,4.6497936,4.59746,1.710447,3.3746824,4.2455816,3.736917,3.6840653,4.1143684,3.6679506,3.242806,3.0939424,3.7691164,2.8892,4.3653207,4.1143684,3.746636,9.505836,2.7114913,3.213229,3.1574054,3.1396084,2.8376255,2.9490213,3.5772262,2.276271,2.4509087,2.9567,0.8511184,3.2895594,3.3922827,2.6343417,4.4467044,4.7916594,4.083268,3.2333844,3.4769208,3.791378,3.5717587,2.6936479,3.283222,3.4847403,3.3099868,3.781135,3.6477268,4.2149773,3.757068,3.490969,3.946255,3.457154,2.6879125,3.9986334,4.167063,3.4500265,3.0688019,3.2897475,3.347387,0.85954094,2.7732258,2.8217316,3.5976365,4.130973,2.7631924,3.547125,4.3015723,3.2967815,4.1200895,3.2048244,3.2336812,2.9212413,2.5936322,3.2279363,3.228185,3.6874619,1.6264895,3.048087,3.40289,3.6155403,3.2066786,3.3926895,3.292707,4.243338,3.283525,3.9273021,3.3574824,3.304311,3.525282,3.9217687,3.6020794,1.2833937,1.9864565,3.0125644,3.4066896,2.380481,3.0209105,1.8402586,2.9249365,3.4710171,3.182122,2.8536174,4.314804,4.494851,3.5480013,2.5717866,3.5466304,3.948603,3.8223858,3.0446734,2.483985,2.7706318,2.479078,2.4838862,4.033064,2.17548,2.5450857,4.4544134,2.8746464,5.3072314,2.6473749,2.7137995,2.607225,3.264818,4.5095234,1.8501028,2.4510052,3.5228982,2.8518355,3.1391656,3.4892578,5.023065,3.3530214,3.3087473,3.2914722,3.4625013,3.5326436,3.59159,3.386663,3.5225382,3.4055471,2.4506328,4.4208846,5.3208513,4.526754,5.452206,3.6962378,3.3922226,1.7385325,3.794083,3.8188694,2.2270966,4.5704637,2.6929727,4.002617,4.225511,3.5975893,3.2470548,3.2814207,3.0111263,1.4466643,3.9127586,3.5571523,3.066926,4.2420306,2.0238786,3.321515,1.6820365,4.092011,0.9820735,2.833594,3.3122618,2.7063155,3.0310326,3.3830805,4.368491,4.3841763,3.4095416,3.4714482,2.4185073,2.295768,4.03306,2.3501966,3.4539256,2.8464165,2.2115126,5.997314,3.0289729,2.6400902,2.918925,3.657499,2.634623,3.6233926,3.5851696,3.6810696,2.3620472,1.6591238,4.809048,3.9098773,2.7787638
2.6736763,4.2569146,1.8666561,1.3780797,3.0227225,3.3395443,2.6504164,2.4335966,3.50262,2.1003525,2.5318205,2.495058,2.3514879,2.4640176,3.1273057,2.3710146,1.4565084,3.3094664,3.831645,3.1845686,2.8432863,4.1121063,0.94290125,3.4515932,6.6853123,1.8564407,5.4569764,3.2678022,2.3729465,3.9087958,2.7321649,4.5862207,2.732423,2.1455235,2.6276474,2.1952322,3.8554277,3.146259,5.178976,1.3666428,2.1482189,2.2584188,2.5702229,2.445322,3.155372,4.853272,4.040098,2.9310699,1.6565714,3.55736,2.4986753,0.9844192,0.86293757,1.6973921,2.0521216,2.6360097,2.5918138,3.4810636,3.9674537,3.7202158,2.3777125,1.1142998,2.2308614,1.7918622,3.408542,3.9826825,3.3746204,3.4680197,3.901174,2.7313974,3.2235146,0.8807362,2.8580737,2.336419,4.456147,2.7522764,2.0942705,3.598254,2.5306253,2.5570743,4.461292,3.3608408,2.393675,2.7107818,1.994837,4.072644,2.6685998,2.2436697,2.4469771,2.0636754,3.03498,3.346453,3.4601314,2.700811,2.5782096,4.255495,3.8759432,1.651663,2.8256907,3.8370419,3.2580478,3.2743073,3.9446182,2.9126918,2.3860404,2.216264,2.934019,2.083445,4.501111,3.9446182,3.185674,10.264213,3.005219,2.7521167,2.379734,2.276255,2.041255,2.2488153,3.1768427,2.096293,1.5031147,2.0878751,1.0172633,2.4905596,2.6208172,1.9341161,4.4977603,4.4688554,3.7200015,2.1855147,4.091215,2.96079,2.722544,1.8295232,2.4592783,2.7069256,2.504444,2.7778723,3.4914527,3.7097373,3.9906585,2.696462,3.443371,2.6290915,1.9110197,3.7117364,3.3278668,2.6018386,2.134074,2.6295898,2.5434597,1.4817964,1.8453889,1.9436101,3.3388906,3.301838,1.9239281,3.7064874,4.906332,3.4898102,4.540051,3.4490712,2.3199952,3.0575037,2.5177255,2.8641336,2.9048321,2.8672848,2.7596784,3.2290883,2.6193068,3.0335042,2.325044,2.5522652,2.371784,4.244546,2.4978356,3.4309595,3.4370854,2.4538276,2.6645465,3.6637418,2.7599213,0.75558245,1.8517402,2.1448755,2.619265,2.865481,2.2746484,1.0641488,1.8579075,3.0208623,2.2949927,2.0716379,4.181915,3.946497,2.656859,2.7673712,4.1128197,4.620433,2.8768964,2.052298,2.5524929,2.379142,1.910183,3.5142164,4.031434,1.3418448,1.856569,4.1929336,1.8571861,4.6948366,1.8295268,1.8625177,1.6421022,2.8005497,3.9866245,1.0025922,2.9505177,2.6272905,1.9738117,2.1606286,2.4944162,4.9721537,3.0589218,3.7766242,3.2698212,4.0293803,3.2662926,3.0388107,2.4715426,3.150851,2.3254597,1.0613228,4.3746886,5.5367894,4.2966714,4.6373415,3.339652,3.1043892,2.891024,2.9722197,4.509009,1.3588849,4.618933,1.7878499,3.6278415,4.165478,3.4212573,2.4232917,2.3708482,2.3287668,0.6770097,3.8408082,3.2707622,3.7379818,4.1301665,2.8288944,2.501856,0.88863945,3.5783799,1.9177319,2.0107007,3.4662256,1.8375719,1.9768454,2.5088298,4.15251,4.253421,3.036756,2.7839315,2.8549664,1.0441033,4.0444064,2.4979699,3.8174672,2.8598833,1.5635549,5.347535,2.423955,1.7975355,2.044649,2.7750561,1.7094921,2.8664968,3.2935965,2.8536713,1.8252606,1.5625714,4.692475,3.7818651,1.9364783
2.934095,4.7133894,2.4347665,2.364494,3.9496815,4.1875577,2.8808136,2.5447397,3.9370155,2.0373666,2.783895,2.6499894,2.7507944,2.6355255,4.2349944,2.674432,2.3541312,4.1113877,4.746708,3.4161942,2.8953228,4.466742,2.0697844,4.001738,7.19475,2.2856348,6.244681,3.336758,2.5929005,4.1700306,2.8026967,5.011085,2.9432874,3.1068504,2.872607,2.367029,4.2624483,3.2591965,5.043753,2.2439744,2.4161675,2.6304216,2.7830105,2.6946883,3.8368967,5.405948,4.5043526,3.0234053,2.2652645,4.007726,2.7225316,2.2405698,1.7220979,1.1822493,2.4249475,3.6350958,2.7137644,3.6920443,4.8258123,4.578534,2.7549891,2.198657,2.0890062,2.1341455,3.2770321,4.4523835,4.3288198,4.043012,4.1802363,2.8118465,4.2961965,1.9519196,2.955391,2.383094,4.834172,2.970765,2.479785,3.8792896,2.7632253,2.7872598,4.981199,3.5931084,2.6022224,3.7158778,2.2213237,4.777663,2.885977,3.3554254,2.8675303,2.390766,3.2552862,3.9420476,4.059759,2.91902,2.8273432,4.557226,3.9927502,2.5012162,3.3165653,4.269776,3.630516,3.7589598,4.457202,3.1329458,2.611618,2.4696708,3.0385566,2.4418766,5.235752,4.457202,3.4778016,11.263059,3.7159348,3.2752242,2.687822,2.5552073,2.4862914,2.7203994,3.6382754,2.9658804,2.0256915,2.4694824,2.2623107,2.7260776,2.877477,2.506134,5.1211376,4.914236,4.0976577,2.1452053,4.9773474,3.0662801,2.8239214,2.2316272,2.664284,2.9289966,2.697835,2.6750944,3.928354,4.0024233,4.72726,2.9110188,3.837434,2.759486,2.420018,4.154714,3.3609998,2.7173405,2.2797105,2.976646,2.7675834,2.5191433,2.16837,2.291428,3.886622,3.368022,2.2959597,4.348233,5.753894,4.2006407,5.327573,4.2773294,2.4808486,3.8628712,3.2758098,3.2981155,3.5358706,3.035614,3.798701,3.9335158,2.8468616,3.4392395,2.524461,2.733009,2.4042485,4.794091,2.7500331,3.7634728,4.1821322,2.63658,2.760179,4.125227,2.8651612,1.8996915,2.6059165,2.4708605,2.8426611,3.8596547,2.6804104,1.9173114,1.8987272,3.580034,2.5020022,2.5278323,4.778123,4.163922,2.722095,3.635905,4.984751,5.510853,2.798238,2.1453066,3.3835227,2.8850482,2.438234,4.594855,4.6288943,2.0184355,2.4133573,4.5973306,2.139699,4.706846,2.268899,2.2665975,2.0556908,3.2243693,4.247288,1.8197386,3.9317272,2.6907089,2.3511517,2.2606866,2.438533,5.6006007,3.6667128,4.677233,3.8785045,4.8818164,3.8109467,3.3713715,2.5505369,3.7086065,2.294842,0.7619616,4.889018,6.3098545,4.704321,4.470918,3.8760202,3.4731064,3.884143,3.0837567,5.421075,1.9286867,5.274935,2.2025175,4.0012884,4.7062483,4.045322,2.6629374,2.5706866,2.737539,1.7685148,4.501591,3.8692446,4.6815486,4.662954,3.8994958,2.699496,1.8086938,3.8177598,2.939961,2.4002378,4.1600237,2.0551107,1.975926,2.6989777,4.632244,4.837924,3.5959945,3.047832,3.7246144,0.9513945,4.7421207,3.396047,4.6813555,3.6314049,2.2735784,5.303557,2.9386241,2.2661047,2.367153,2.842882,2.1137578,3.0811584,3.8879347,2.966138,2.4839275,2.225577,5.2751613,4.3672733,2.342685
1.1308838,2.795874,1.7111514,2.8514972,2.9408782,2.9005735,1.1358514,1.030977,2.0469532,1.2714734,1.0932655,0.99695736,2.0421715,0.99917626,3.6502469,1.2475331,2.0713525,2.6840007,3.3410823,2.2887118,1.3670244,2.5944037,1.6295111,2.9524162,5.46348,0.30883676,4.895328,2.402625,0.8714295,2.8439696,1.2035404,3.0983074,1.3286835,2.352823,1.2120982,1.8049948,2.458128,1.500252,4.360125,0.9011223,0.5229248,1.7943535,1.1069413,0.8642094,2.7287312,3.5827186,2.685965,1.4425292,0.50088984,2.1559017,1.0469325,1.827792,1.0170054,1.3904183,0.4825143,3.1162446,1.1509215,1.9449947,3.5648766,3.3280995,0.8629345,1.3960519,1.4929546,1.4341456,2.8390203,3.3402283,2.674861,2.1205611,2.398576,1.2061044,4.3688693,1.3189572,1.2716429,1.4352154,3.3199909,1.3240585,0.58891594,2.0650988,1.1604627,1.2008121,3.1614554,1.7117443,0.9975101,3.2751894,0.36631677,2.996994,1.2784575,2.735547,2.1457565,0.74688417,2.088136,2.0107603,2.1308916,1.2990056,1.1374812,3.113988,2.3987103,2.0950203,2.2169762,3.2509959,1.7226974,1.7171776,2.5578647,1.5038217,0.7440046,0.648374,1.3089274,0.9672131,3.418561,2.5578647,1.6764019,9.9611025,2.9908266,1.279091,1.2704514,0.6806089,0.62335783,0.8697632,1.6716565,1.405646,0.99144846,0.8974824,1.8660381,1.1121807,1.1745261,0.72564226,3.5737932,3.6152537,2.3047314,1.2083305,3.6085293,1.3370726,1.1962012,0.30047742,1.0116559,1.3580102,1.0798262,1.9625459,2.7010305,2.1618156,3.2372575,1.1783185,2.7318032,1.1778344,0.62300956,2.9329355,1.8397398,1.145103,1.6499236,1.021424,1.0807515,2.8999517,0.22533135,0.62014943,1.954586,1.735949,0.84931827,3.0924747,4.242093,2.712532,3.822039,2.8933606,1.0017357,2.8648117,2.3477323,2.0000703,2.181909,1.9769504,3.6161587,2.7718213,1.2410765,2.1355088,0.8792441,1.0419158,1.3632915,3.4923813,1.0946585,1.8738719,2.589785,1.0050019,1.1676158,2.2953103,1.2149668,1.6079584,1.9542556,0.84071636,1.2289902,2.3810728,0.7544703,1.269112,1.0502541,1.9420581,0.8111481,0.75242054,3.4224598,2.8067923,1.1734653,2.5599344,3.6280968,4.0877986,2.1977854,0.94687736,2.4645605,1.7023592,1.8861797,3.5924914,3.2277186,1.3914263,1.8844267,2.7792397,0.46710986,3.7308474,0.3046771,0.28138557,0.31756997,2.3322928,2.4319215,1.1716808,2.6128154,1.1683335,0.83547217,0.9880521,1.3829172,3.590271,1.7564212,3.0940714,2.8079166,3.5258112,1.8742372,1.5454843,1.111678,2.2123144,1.4910207,1.9213225,3.5837739,4.98005,3.1829963,3.6749825,2.8675334,2.4869308,4.0685954,1.348628,4.0386,1.9252661,3.7240345,1.7461983,2.2054873,3.2247064,2.241441,1.466329,1.2748935,0.74988455,1.4017144,2.6900406,2.3729365,3.368619,2.7718508,3.0094569,1.0595213,1.4667839,3.0986032,3.257184,0.4396253,2.6696467,1.6905334,1.2122158,1.0437032,3.2365246,3.6901314,1.8877326,1.2658911,2.7268846,2.126573,2.9584026,1.756213,3.1377022,2.5639246,0.6190776,4.3366003,1.1610581,0.3812328,0.66954446,1.2294734,0.1310369,1.4972404,2.5793266,1.268451,1.7807622,2.7526472,3.9832745,2.4328294,0.37243232
3.9872618,4.6725726,2.3961346,2.0611491,1.5347952,2.1983502,3.874434,3.8458016,4.052381,3.6479077,3.7322237,3.911789,3.361772,3.8581207,0.50566286,4.008905,1.7920215,2.5411456,2.4335575,4.494363,4.147984,4.585772,2.3214266,4.0703306,6.837895,3.5365574,5.830756,4.462975,3.8682516,4.2267423,4.127015,4.8126607,4.0102234,2.1893518,3.967889,3.2336326,4.1801863,4.460644,5.8878937,2.8803627,3.8070571,4.379677,3.8220978,3.8734436,3.5297809,4.54791,4.219042,4.14373,3.4606552,3.9815438,3.7722704,2.3201683,2.9529645,3.986717,3.8314757,0.7258519,3.9287705,4.3509107,2.3793824,2.3858595,3.983139,2.8318782,4.2179627,4.008888,4.2700667,4.663591,2.903038,4.1431913,4.467475,4.1128936,1.2643981,2.7007432,4.219668,3.8692183,4.422607,4.04915,3.797871,4.3350286,3.8140368,3.8257465,4.3864965,4.4514713,3.7489915,0.5587096,3.9478874,4.8840494,3.9298925,1.5836978,3.303249,3.6480205,4.385568,4.1466413,4.208619,3.966338,3.7481155,4.497344,4.93133,1.8948783,4.4302964,4.9895473,4.0916295,4.304255,4.1995163,4.1567183,3.9294538,3.8025954,4.303357,3.5346248,5.0438104,4.1995163,4.124409,10.085502,1.7755371,4.004679,3.7441041,3.9221478,3.8114984,4.0364127,4.042629,3.4341052,3.6671054,4.034586,2.1778812,3.7893076,3.9316063,3.7349055,4.1084056,5.3014383,4.1188903,3.7358553,2.5450315,4.3131857,4.0904837,3.541845,3.7933266,3.9621346,3.7737033,4.202311,3.1630945,4.4171576,3.1978602,4.0263166,4.601754,3.9245496,3.799337,3.9489105,4.5297556,3.946955,3.635789,3.9198866,3.868988,1.900818,3.6328936,3.589916,4.134126,4.5657434,3.441986,2.7810385,3.4046636,2.850969,3.2917683,3.0294733,3.8150196,3.055739,2.889379,3.1072164,4.596389,4.2980003,0.44835803,2.3707736,3.8821635,4.359127,3.809642,3.9313855,3.650308,3.686488,3.7951899,4.3028092,3.264101,3.8315256,4.042496,4.1043463,4.122263,2.4182332,2.0197196,3.8464959,3.8882163,2.8409839,4.028526,2.9344907,3.507112,4.5740857,3.8159165,3.8423033,5.59749,4.537756,4.0582767,2.6471896,2.607645,2.9564168,4.159974,3.6070988,2.731007,2.7995179,2.946974,1.3692917,3.6590707,3.3629491,3.607062,4.414678,3.9552836,5.052278,3.5080721,3.6513817,3.6664724,3.5099094,4.689438,2.8632934,2.185148,4.0229287,3.7618055,3.7032533,3.9051082,5.5305066,4.223492,2.8404484,2.8659685,2.5950906,4.0014915,3.9089496,3.872675,4.7956944,4.095929,3.3709605,3.9103887,5.8943653,4.198935,5.400556,4.5523477,2.9770198,1.1218567,4.310577,2.7804525,3.4255095,4.5107603,3.9443915,4.110214,3.817752,4.4556127,3.814123,4.014168,3.7893777,2.6047244,4.752504,4.813669,2.1858764,4.2629313,1.4935788,3.8138864,2.756735,4.1743064,1.6873157,3.7987134,2.8581238,3.0982845,3.5450602,4.0242147,4.3249826,4.8523893,4.5008802,3.8910153,1.6851547,3.2352567,4.869223,2.6439006,3.1273174,3.07862,3.190348,5.788835,4.160089,3.7030323,3.6766474,4.1694045,3.6135652,4.073525,4.967306,4.202131,3.1754305,2.3794713,5.3091335,4.3115463,3.779393
1.2555804,2.880383,1.7231048,3.2928221,3.1972327,3.0939145,1.0206625,0.661154,2.0844655,0.6719273,0.9811882,0.8293891,2.2818522,0.8549545,4.0775566,1.7384139,2.3566158,2.9142678,3.6171627,2.574976,0.8798846,2.504838,2.2581718,3.4138155,5.7749233,1.1002282,5.6922193,2.3667064,1.0015516,2.6409645,0.78743005,3.0835693,1.3430988,2.9088326,1.3454683,1.5997356,2.3600016,1.311289,3.9890716,1.7508932,0.95281696,2.5952225,0.9522674,0.99547803,3.2313175,3.5785131,2.6493232,1.020814,1.5311397,2.1621153,0.9204939,2.5705009,1.7406777,1.06763,1.2469199,3.4244635,0.7492802,1.7153774,3.7195363,3.5667598,1.5183952,2.2579992,1.5056751,2.1636398,2.3571742,3.7650626,3.2071273,2.500271,2.1812677,0.7961893,4.849099,2.0780153,0.95393413,1.3269148,3.1974692,1.3809634,1.3336065,1.8981724,1.1572245,1.1914033,3.156973,1.6547385,0.9122905,3.5872996,1.075469,3.6995347,1.2668099,3.3224788,2.3617334,1.175286,2.3527792,2.4922163,2.5987666,1.3056799,0.9960844,2.9787083,2.270451,2.395016,2.979688,3.8272405,1.7675394,2.1685026,2.6457698,1.5696183,0.92943,0.9413783,1.0576833,1.316163,4.0627475,2.6457698,1.5802157,10.919765,2.9892883,1.899909,1.5358427,1.1546166,1.50744,1.7673694,1.9243255,2.3918695,1.8661306,1.7363349,2.54525,1.1118033,1.2938554,1.741007,3.764274,4.092128,2.1801004,0.6512117,3.8200278,1.0845432,0.82640636,1.0724424,0.8946429,1.3848134,0.83789647,1.66671,2.4171655,2.0410342,3.4252918,1.207808,3.2177513,0.78362876,1.6347504,3.0581977,1.4726064,0.7385477,1.7239012,1.2780551,1.0769737,3.3671923,0.93779725,1.1325808,2.3425443,1.4755219,1.2266797,3.048939,4.405448,2.796152,3.975417,3.334231,0.96955764,3.3892858,2.844605,1.8604246,3.1142716,2.1870372,3.984804,2.8244681,1.240841,2.67417,0.9096958,0.9493837,0.7546975,3.502008,1.1384846,1.8768188,2.9630537,0.87800133,0.76281863,2.3363087,0.86879337,2.2163072,2.1488879,1.4115586,1.2194711,3.0413918,1.5485623,1.9855226,0.69919455,2.8155754,0.8961976,1.6207097,4.2440915,2.68027,0.70151913,3.0802743,3.8468823,4.2894244,1.9214845,0.60100275,2.9963005,1.6883589,2.1895642,4.007299,3.3593822,2.1613812,2.5610256,2.667699,1.3350177,3.2729387,1.1059134,1.1498019,1.3130524,2.5473614,2.3065593,1.8087183,3.109678,0.67330444,1.5134897,0.7564369,0.723887,4.1387715,2.462021,3.4732337,2.8988166,3.6935022,2.2141457,1.4867691,0.66773796,3.0667012,1.494523,1.8916681,3.582204,5.7579093,3.061477,3.1484988,3.555334,2.144727,4.4617867,1.100542,4.2755136,2.5482488,4.09911,2.4691021,2.0881994,3.2523174,2.8930352,1.6475997,1.5760987,1.284107,2.028743,3.3644068,3.2288103,3.6663358,2.8573692,3.5134559,0.91518706,2.0804534,3.1292162,3.7139852,1.2564169,2.73628,1.618047,0.7836606,1.1852487,3.420495,4.2606363,2.6591532,1.1663502,2.94496,2.1522639,3.65477,2.3322372,3.5597785,3.0861485,1.5562713,3.90532,2.0536964,1.4041611,1.1461445,0.83339334,1.1623701,1.5076407,3.4798777,0.9730296,2.3778362,2.9752755,4.576046,2.7811263,1.2910695
1.2880936,3.0427344,2.3937135,4.3224173,3.601314,3.4453902,1.3122052,1.20445,2.2216952,1.3709671,1.3254764,1.1869934,2.1153235,1.182976,4.6963573,1.7404903,3.1847398,2.9524481,3.8331892,1.9767423,1.0420313,2.3542607,3.0859964,2.9456937,4.8752265,2.0386333,5.42286,1.4933639,1.2959639,1.6516187,1.2463237,2.7064357,1.0702432,3.1818361,1.2047158,1.6650418,2.390527,1.2375379,2.6657646,2.680793,1.6129107,2.9517684,1.2369779,1.3990909,2.9199436,3.5103483,2.7492077,1.0629088,2.3832135,2.2917747,1.2776104,3.459815,2.676364,1.9505813,2.2202263,4.0861,1.5002501,1.3646871,3.9790497,3.507607,1.8485534,3.3129492,1.5200306,2.6153681,1.5434328,3.1279135,3.7278457,3.0339406,1.9463159,1.330333,5.6228566,2.949561,1.3313208,1.1653906,2.283222,1.1137147,1.8603004,1.8575833,1.1393563,1.1187454,3.2252326,1.673795,1.2108488,4.2544065,1.8422588,4.312286,1.0745796,3.7616003,2.152839,1.5661327,1.7912493,3.0722153,3.1575587,1.0799859,1.3355145,1.947874,1.2531623,2.9596632,3.0055656,3.4060965,2.0035856,2.4557912,2.768489,1.125164,1.4926322,1.4909931,1.3399695,1.55335,4.612591,2.768489,1.9978801,10.990718,3.3430672,2.537393,1.4351085,1.5928565,2.0888216,2.5428076,2.339681,3.2412372,2.530222,2.213561,3.526855,1.1662351,1.2183925,2.4733238,3.0709636,3.426227,2.0279214,1.2072729,3.9793732,1.2999142,1.4357178,1.902376,1.228839,1.0839272,1.2910129,1.0341372,2.4935687,1.7524605,3.0877922,1.1608251,2.743268,1.384016,2.428054,2.288192,0.6972316,1.4324203,1.6718422,1.8944352,1.1784751,4.3676467,1.8818935,1.6617047,2.8994932,0.90197444,1.6305236,2.9598415,4.525825,3.079452,3.7378929,3.0946627,1.1517631,3.222207,2.8039021,1.7776802,3.9280968,1.6698836,4.7305226,2.8701477,1.1028543,2.3567197,1.2546974,1.1705431,1.2256796,2.8305995,1.2046555,2.1460001,2.6876616,1.1847907,1.4310908,2.681476,1.4369205,3.1073136,2.6936069,1.7057581,1.098939,3.8578522,2.372236,2.6946228,1.5389558,3.0949771,1.3124235,2.1264062,5.018219,1.5759977,1.3051344,3.0556788,3.8228142,4.413776,1.2537715,1.3719649,3.005488,1.9134967,2.3352149,4.4448953,2.7301629,2.7408645,2.847261,2.5647438,2.1051722,2.0183456,2.036253,2.142661,2.172726,2.1418366,1.7157145,2.5802076,3.2842968,1.2723767,1.8929601,1.2099123,0.95145166,4.044313,3.0993505,3.4682562,2.5669615,3.967573,2.73403,1.6500746,1.1089592,3.834627,1.3545355,2.963141,2.8193634,5.4487042,2.2523658,1.797873,3.3563962,2.2458146,5.246751,1.320164,4.302203,3.0733254,3.421548,2.8908727,2.1735032,2.582874,3.6049242,1.4174978,1.4896669,2.1009724,2.9746761,3.9845603,4.0040536,3.8682988,2.9567466,3.8148894,1.1912473,2.828555,2.3518803,4.708813,2.2182243,2.9367058,1.9244862,1.4337927,1.2142081,2.5840914,3.7549531,3.4319675,1.4085708,3.2738693,3.2909775,4.2707033,2.8580503,3.3426125,2.9363012,2.408789,2.5341182,2.8013334,2.3157876,1.599726,1.1944747,2.0947187,1.0571679,4.2695665,1.4227495,2.6144156,4.151604,4.0361524,3.2199554,2.2249205
3.7210608,3.74715,2.48063,3.0642204,0.92185,1.1957062,3.5533085,3.644418,3.3125205,3.6827981,3.4476688,3.692065,3.6379588,3.6506946,1.0228682,4.0336747,2.3098752,1.8296894,1.2413881,4.5359488,3.8339643,3.7465963,2.8458025,4.1876073,6.2178473,3.4460392,5.7322183,4.4962897,3.7096531,3.8321452,3.8209195,3.8868964,3.7984395,2.612239,3.7821567,3.4119542,3.3277388,4.059202,5.809423,2.9785504,3.6823585,4.6605883,3.5468798,3.642927,3.6282852,3.3874002,3.2758338,3.7879612,3.4834366,3.200218,3.5161464,2.89012,3.3035545,4.2922463,3.691928,1.1700109,3.620143,3.7988386,1.1006427,1.7168297,3.844339,3.1217618,4.4342017,4.3436556,4.3494916,4.704606,2.0116005,3.417934,3.719804,3.7931035,2.5532556,3.1211114,3.8623025,3.948574,3.8029735,3.8324733,3.7269008,3.6585834,3.62608,3.6384637,3.3109136,3.9109807,3.5676322,1.2268535,3.9180229,4.2766137,3.7198513,2.198261,3.5636463,3.6126127,4.4131217,3.492558,3.5214481,3.7518709,3.4410195,4.0154147,4.5295806,2.4083228,4.6062284,5.1356807,3.4712067,3.7519686,3.2865844,3.9237468,3.7169986,3.6647706,3.9306688,3.5297456,4.304235,3.2865844,3.5365362,9.882282,1.5172571,3.5945017,3.7146177,3.7920027,3.7679088,3.9012809,3.4252572,3.3417184,3.9273865,4.078819,2.7129948,3.6036623,3.7198415,3.7126806,3.5303717,5.217613,3.35698,3.7347736,1.2915924,3.9371254,3.7558446,3.4952772,3.571373,3.7723746,3.509915,4.2874613,2.4588025,3.7521462,2.4830854,3.7746704,4.6943135,3.6117384,3.779406,3.7771316,4.178017,3.6440911,3.8850095,3.5399148,3.6491039,2.9287345,3.580569,3.575558,3.463352,4.197531,3.4682944,2.0065284,2.0159075,1.8605516,2.2663262,2.7423387,3.724428,3.2347417,3.137363,2.7485986,4.502884,4.373177,1.6879698,1.8149236,3.680964,4.385054,3.6663318,3.6980176,3.5435865,3.1899176,3.5997157,3.6460943,2.7933154,3.627973,3.727431,3.2721274,3.7759192,2.973345,2.2651696,3.8373249,3.6824043,2.2824502,3.849837,3.3492513,3.583352,4.449629,3.6737463,3.821205,5.3203754,4.208841,3.7688708,2.7590702,1.5993313,1.6047041,4.285898,3.573071,2.9977787,2.624278,3.3352733,0.5114803,3.198746,3.7800994,4.062744,3.4922087,4.002318,4.7354746,3.4282472,3.5687723,3.7351463,3.6624806,4.0358253,3.2508082,1.8345625,3.7471862,3.8258736,3.6643655,3.805888,4.7807856,3.77006,1.9671149,2.6849139,1.2850966,3.3242853,3.3840384,3.6820505,4.5909777,4.2500796,3.9562063,3.4352906,5.806222,3.5516648,5.210194,4.7540307,2.5633152,2.488941,3.9262471,1.5862057,4.0506067,4.0931373,4.3810906,3.3420286,3.2159214,3.9200845,3.854623,4.0550156,3.5110357,3.0867982,4.1621494,4.5805655,1.0937542,3.287489,1.6715493,3.5827832,3.2769217,4.317699,2.781703,3.6745427,1.9197884,3.4077322,3.623436,3.879804,4.0216775,4.9038324,4.1722636,3.4990637,1.307435,3.8739238,4.26219,2.187804,2.5455015,3.2188225,3.2208374,5.4760604,3.9993043,3.6815708,3.6378036,3.85918,3.617519,3.8492823,4.8466506,3.830999,3.5726476,3.1020827,5.2476954,3.4961827,3.6950035
3.7202916,4.145528,2.6913238,3.2450943,1.2562814,1.7239093,3.6917305,3.7987027,3.6012769,3.8224168,3.5782611,3.7942955,3.1864145,3.7371266,1.2733026,3.7909036,2.4968574,1.7362115,1.5487218,4.0529747,4.0093365,4.0131474,2.796941,3.4242907,5.5903125,3.600349,4.912668,4.0821543,3.7271612,3.546441,4.033017,4.024769,3.7171981,2.0519404,3.6917274,3.299965,3.6828113,4.1820974,5.3281875,3.0831528,3.7583268,4.354098,3.663544,3.725037,2.8735397,3.7876055,3.6924553,3.9547246,3.533686,3.5178409,3.6347637,2.8526087,3.319248,4.385533,3.8907518,1.5832667,3.908345,3.921922,1.717772,1.2687553,3.7812274,3.2628167,4.25021,4.091124,4.1158543,3.9257853,2.403629,3.8080547,3.9622178,4.0316634,2.563551,3.0812023,4.0807233,3.7933266,3.514245,3.7440715,3.701757,3.919717,3.5977755,3.5973237,3.7663903,4.0934267,3.6262412,1.6104358,3.97378,4.5490055,3.6628635,1.6628629,3.0892754,3.5568984,3.9826844,3.839012,3.8783529,3.6845148,3.588685,3.681951,4.3576927,2.3082843,4.1302295,4.4234915,3.7378867,3.892189,3.6399148,3.7871156,3.8287637,3.7233808,4.1284323,3.412177,4.617806,3.6399148,3.8955474,9.256792,1.8562372,3.8011024,3.5091808,3.7974243,3.7329533,3.998824,3.7153876,3.4442198,3.7878876,3.9607573,2.823075,3.5915391,3.6620398,3.7165534,2.9423542,4.490819,3.586965,3.8357453,1.6266694,4.121743,4.0200667,3.5803173,3.6637056,3.6656418,3.6728103,4.0776577,2.8630254,3.8982074,2.0770807,3.7692568,4.063448,3.8621154,3.8186216,3.175321,4.1909885,3.9102602,3.6184847,3.7674174,3.6680756,3.0901117,3.711433,3.5485415,3.8318133,4.2194495,3.3919837,2.1029155,2.4971552,2.3676698,2.075415,2.023198,3.7067318,2.4028704,2.4938972,2.7784472,4.5931716,3.9756782,1.9546553,1.8224927,3.628999,3.9005299,3.7010663,3.7681642,3.7071505,2.6865866,3.5861404,3.9661133,2.327182,3.7055576,3.9949248,3.729509,4.036062,2.9646409,2.294358,3.7161078,3.639988,2.7584581,4.0038486,3.1977768,3.7059367,4.2397413,3.7186785,3.7390296,5.5102277,3.8531816,4.0068393,2.041542,1.4402839,1.9813762,4.0189567,3.698219,2.3090935,2.66233,2.9634073,0.79690295,2.6382456,3.5340362,3.637313,3.8244839,4.0174923,4.4531565,3.574008,3.7407715,3.7716098,3.1210456,4.0692496,3.1685388,1.3732697,3.9767566,3.6815345,3.70934,3.913587,4.686248,3.9813209,1.7192775,2.1973507,1.9280016,3.6850612,3.5919719,3.8215218,4.7277374,4.046142,4.1443033,2.9037971,4.9612083,3.3171394,4.9358444,4.0882893,2.8502505,2.5756524,4.1161504,1.5933152,3.7262218,3.3525548,4.05611,3.6830068,2.8272808,4.2442307,3.596138,3.832798,3.7328277,3.118552,4.4441133,4.7348604,1.21791,3.6601048,0.97057474,3.6712031,3.1438625,3.6888905,3.0070758,3.8575978,2.3220608,3.2972949,3.7181368,3.8240027,3.3872757,4.0584707,4.393286,3.6636245,1.3994194,4.1291127,4.5397487,2.3252347,1.9370452,2.4904132,3.2798805,5.107147,4.093744,3.782629,3.6004536,4.0517855,3.7158046,3.723115,4.9432254,4.0736957,3.144323,3.5742562,4.4323206,3.8901122,3.8404567
1.0547149,3.1495879,1.9260412,3.094182,3.1530795,3.1791062,1.296645,1.1942785,2.3388608,1.3412336,1.2479631,1.0832894,1.5303814,1.0570377,3.8789966,0.6092055,2.299639,2.7637813,3.562788,1.6141609,1.5018115,2.8128467,1.7369303,2.3685184,5.090591,0.9015488,4.4996114,1.7895386,0.8038275,2.5522547,1.4364994,3.2121973,1.0759983,2.1656752,0.9379019,1.5927459,2.7497587,1.5777091,3.8293123,1.2729886,0.71183985,1.3400003,1.2235979,0.9751601,2.2425337,3.8643835,3.0183806,1.564833,0.84528863,2.455456,1.1789219,1.9835185,1.1750537,1.3688954,1.0971011,3.3710334,1.5223786,2.0118375,3.8319902,3.3331115,0.7069463,1.7674041,0.90229446,0.9446963,2.4678571,2.7246914,3.0440574,2.574609,2.5796983,1.4850812,4.5515084,1.4349109,1.5163043,0.98212,3.1043408,1.0603563,0.52199423,2.296037,1.0062213,1.0228761,3.4964957,1.8961127,1.0104377,3.522167,0.5492362,3.3801467,1.0709188,2.6936853,1.6585178,0.50278795,1.4224371,2.460441,2.5761583,1.0740497,1.3124007,2.8124688,2.090305,2.1291912,1.672809,2.6146622,2.028846,1.9596983,2.8755589,1.1818652,0.94582987,0.7377148,1.5222157,0.62995476,3.807454,2.8755589,2.073658,9.818196,3.1791077,1.6878275,0.7894628,0.6307728,0.5962555,1.2070546,2.0508177,1.765242,0.7347369,0.581296,2.1389575,0.98962396,0.97480893,0.9112703,3.3070626,3.0274465,2.4932158,1.2146187,3.822911,1.523992,1.5247908,0.6909829,1.0919082,1.0668724,1.2722203,1.4846295,2.9321566,2.2726188,3.1586714,1.0673853,2.0786235,1.4818014,0.888581,2.481765,1.7059368,1.482332,1.1321536,1.4241915,1.0187198,3.1358273,0.7652002,0.47749352,2.4111767,1.6284236,0.60787237,3.1901095,4.517531,3.028623,3.863349,2.6595147,0.81298167,2.4717062,1.9628277,2.0193334,2.4530997,1.297908,3.8541634,2.8531303,1.0445355,1.5161079,0.8415445,1.0690379,1.466325,3.264423,0.9776954,2.2198372,2.4186702,1.0477093,1.5037339,2.7135212,1.5358745,1.7410667,2.0571897,0.35298467,1.0480313,2.862836,1.1983461,1.162726,1.1468412,1.7843515,0.80911726,0.58133066,3.7437332,2.4090643,1.451152,2.2814517,3.7182615,4.3207517,1.7066802,1.0658008,2.1252022,1.7561643,1.5121274,3.8072875,2.9648042,1.0771291,1.3733879,3.0334518,0.5300077,3.3931873,0.88068765,0.9484975,0.5833161,1.8130155,2.4132109,1.1513077,2.6192818,1.4297931,0.2785495,0.9283057,1.376076,3.6268277,2.1434672,3.158989,2.5968566,3.822039,2.3167865,1.7787822,1.2228845,2.5146747,0.8962001,2.0927641,3.3157146,4.5638614,3.0170486,3.272403,2.2781532,2.6488092,4.2557187,1.5439069,4.181082,1.5708737,3.3439631,1.2701683,2.503693,3.03301,2.6979291,0.9064044,0.62822485,1.2676475,1.5756962,3.0868015,2.6935778,3.5458906,3.0897188,3.00724,1.1234655,1.4064679,2.5237203,3.522238,1.0486891,2.9374096,1.4921755,1.2277107,0.7788105,2.7960966,3.1144364,2.2910097,1.4603384,2.8773866,2.3738484,3.3457923,2.0365005,3.0167813,2.164093,0.9599193,3.9257123,1.4661276,0.86578614,0.4722858,1.4255701,0.7096012,1.1917796,2.838348,1.5571197,1.3284901,3.1533086,3.4396203,2.8560212,0.94365335
2.4091938,3.4368083,2.1587071,2.0979197,2.6300597,2.7900693,2.4621956,2.4803038,2.8736858,2.599803,2.3920343,2.4362555,2.5684052,2.4138212,2.777624,2.2000556,1.8654712,2.744233,3.0925388,3.061694,2.820831,3.4925902,1.1863469,3.1366136,5.819963,1.6091143,4.4394507,3.4002502,2.2601311,3.7699072,2.6738043,3.8593862,2.586323,1.9405243,2.4471884,2.7017896,3.2750106,2.8872724,5.43767,0.89785373,1.9891534,2.0323021,2.4530134,2.2435918,2.7686455,4.0600147,3.3666682,2.8489304,1.2128694,2.9405947,2.3922863,0.9198773,1.1567606,2.6134639,1.6771753,2.523196,2.5432773,3.1486552,3.3893268,3.201027,1.9429351,0.5164992,2.6882553,1.863008,3.932571,3.6198053,2.2567573,2.5233893,3.4396017,2.659279,3.2738638,0.9652435,2.7073789,2.643935,4.093215,2.5734625,1.7773952,3.1383111,2.436807,2.465721,3.700448,2.9051526,2.356542,2.633211,1.8759638,2.7721083,2.5446742,1.9557806,2.6425524,1.974403,2.9341147,2.346208,2.441668,2.5589576,2.428716,3.9844718,3.5983255,1.9846026,2.3569276,3.4366696,2.6964805,2.4116104,3.1689742,2.6997964,2.1905124,2.0820746,2.7347102,2.03969,3.1744156,3.1689742,2.7470276,8.946355,3.0195696,1.9118319,2.304566,2.0399854,1.6223601,1.5679052,2.4565797,0.8351935,1.4232336,1.7393332,0.98296416,2.400837,2.422022,1.3107257,3.9001834,3.9211586,3.2136352,2.5938287,3.4089723,2.7593553,2.6225488,1.6644659,2.385134,2.5803292,2.4421272,3.1798172,3.3451405,3.2239084,3.398908,2.4988313,3.127952,2.5728018,1.3802333,3.4861648,3.2350762,2.5564015,2.554366,2.1748893,2.411308,2.0714903,1.7515177,1.8691474,2.4318285,3.123172,1.9375432,3.3926752,4.103119,2.9172046,3.8649142,2.812664,2.3701177,2.6711087,2.3038046,2.7733352,1.8191061,2.886038,2.7869024,2.9642775,2.5024254,2.65322,2.2826836,2.4441462,2.6854231,3.9207983,2.3727527,2.8583205,2.7569413,2.402782,2.5996408,2.9802122,2.637379,1.2202636,2.0643616,1.9665639,2.5021882,1.6888784,1.701413,1.2741008,2.3341777,2.0807345,2.2336571,1.63802,3.0200028,3.7770705,2.6397398,2.339067,3.4768271,3.864878,3.3152685,2.33128,2.2717872,2.375715,2.2398572,2.8816276,3.600132,1.4564335,1.9464505,3.5762844,1.7089843,4.8197927,1.5925045,1.5897264,1.4937466,2.8451097,3.5068767,1.338681,2.240107,2.6344733,1.819387,2.3789508,2.8085635,3.7526917,1.9834551,2.9223392,3.1231377,3.3719637,2.4146438,2.6384346,2.561867,2.0873222,2.6752768,2.4406207,4.0588765,4.553506,3.9284906,4.9046993,2.8838747,3.1928265,3.1441915,2.7614474,3.7854452,1.8802671,3.9050772,1.9194452,3.1058044,3.732914,2.2863486,2.4774866,2.3695672,1.8475428,1.1715897,2.6042492,2.1451066,3.0523677,3.325247,2.3526385,2.4284542,1.3872691,3.7347047,2.336208,1.6345441,2.9279113,2.4701424,2.4819164,2.3867605,3.7420301,3.7062685,1.9878808,2.5190108,2.5651987,2.4395602,2.7539454,1.6114354,3.0187922,2.4818122,1.1220626,5.4463153,1.5910248,1.4170293,1.9404826,2.7035396,1.543796,2.7027414,2.2114162,2.681822,1.8817389,2.3732774,4.0063934,2.7938294,1.5689722
2.237427,4.370063,2.4250686,3.0944026,3.9539998,4.127399,2.3452704,2.0386355,3.5297434,1.633191,2.2682273,2.0641665,1.9489352,2.0410154,4.499553,1.7619549,2.6400492,3.7861562,4.60772,2.299151,2.3391948,3.9729207,2.1826782,3.0706992,6.172701,1.9966366,5.461007,2.2171643,1.9297123,3.325005,2.3121302,4.4237943,2.139682,2.8022099,2.0761049,1.8240238,3.8779194,2.6085322,3.9503577,2.19555,1.8856441,1.9166595,2.2298815,2.117182,3.0434651,5.0569215,4.1746273,2.4543552,1.9786214,3.6259398,2.1858056,2.4562898,1.7086333,0.84355515,2.1734846,3.9143667,2.3686569,3.0587692,4.7759175,4.257491,2.0826836,2.4337265,0.9586689,1.4210893,2.4558632,3.4243002,4.2503138,3.8234303,3.6568844,2.360974,4.812163,1.9836813,2.4577677,1.4752846,4.034878,2.1573782,1.885567,3.3924947,2.0514321,2.0591576,4.6755037,3.0310285,2.0004528,4.0264797,1.6956928,4.619852,2.1208453,3.2901192,2.0898454,1.7271415,2.154931,3.7218716,3.840708,2.1381414,2.325137,3.673794,3.024874,2.5078242,2.465727,3.2489684,3.207738,3.286034,4.0993896,2.2647655,2.0742402,1.8958578,2.5041568,1.7386289,5.079906,4.0993896,3.1442406,10.830508,3.7484696,2.957789,1.8397832,1.9143624,1.9370121,2.38399,3.287819,2.8754811,1.5408446,1.8076651,2.6094925,2.0373743,2.124206,2.1247995,4.3450804,3.8473594,3.610431,1.6260198,4.8377714,2.5110002,2.4144115,1.8350142,2.0923908,2.111127,2.211341,1.6684054,3.7133987,3.403087,4.199745,2.1875906,2.7856116,2.3538575,2.0601375,3.254428,2.5586393,2.337081,1.388571,2.5942626,2.097396,3.1979659,1.8128355,1.6921933,3.653605,2.5766442,1.6701918,4.050713,5.6152635,4.056054,4.9248934,3.6791034,1.7651362,3.2252018,2.667199,2.844817,3.4195275,1.927716,4.2339196,3.6742074,2.097255,2.4388378,1.886639,2.105016,1.9751322,4.110028,2.0632455,3.3713093,3.5588589,2.037162,2.3661866,3.8686626,2.4434586,2.0918477,2.5648398,1.7136273,2.1007624,3.9659958,2.3600173,1.6948657,1.5279096,2.9602108,1.8820307,1.9290504,4.722477,3.192744,2.2831569,3.1140385,4.715783,5.3742375,1.8071886,1.6961572,2.8409941,2.5294297,1.8663567,4.6606226,3.9028394,1.580506,1.7446556,4.1723795,1.6354531,3.8062627,1.9763767,2.0123816,1.6691868,2.3683996,3.5240428,1.6586859,3.6325383,2.2460413,1.6226914,1.6537999,1.8628315,4.987391,3.4069955,4.3137174,3.323615,4.82261,3.5580423,2.8994668,2.0142934,3.5429726,1.2328107,1.5546244,4.148114,5.503257,3.9660158,3.4829512,2.9692123,3.256933,4.430073,2.5354538,5.210523,1.552339,4.3997083,1.5483519,3.6132078,4.002919,3.9057589,1.732868,1.608795,2.4353087,1.9516848,4.32545,3.7354386,4.541179,4.31609,3.7686274,2.115389,1.7309229,2.8371584,3.6369164,2.138811,3.9605923,1.6058439,1.539268,1.9127115,3.6950843,3.8768106,3.4244854,2.536561,3.648503,1.9145753,4.584286,3.2072408,4.1429763,2.9679284,2.0464098,4.2938666,2.6281388,1.974797,1.7240539,2.3168793,1.7858973,2.2312748,3.7763798,2.5055714,1.8672596,3.1263123,4.2959385,4.1241636,2.0525455
2.389627,4.348075,2.5920467,2.7214897,3.8471506,4.060344,2.5741653,2.3860395,3.5914936,2.2058392,2.5052435,2.346379,2.08287,2.3225448,4.1839066,1.6951426,2.5443516,3.742917,4.4658155,2.3651822,2.7360606,4.1096992,1.773343,2.8863156,6.047327,1.8849026,4.7940693,2.626325,2.1145656,3.7158904,2.6450543,4.521813,2.3887928,2.481716,2.2598138,2.3190372,4.011465,2.868879,4.614226,1.7889934,1.941613,1.1332797,2.4931502,2.2646408,2.8146088,5.1017127,4.251618,2.8265095,1.5867563,3.7024524,2.43764,1.861063,1.3101208,1.5954365,1.9894222,3.732244,2.6626964,3.338783,4.7179837,4.1968627,1.922789,1.7992468,1.508383,0.72948366,3.2225149,3.2717524,3.897837,3.6134222,3.891723,2.6785564,4.3914285,1.464323,2.7444065,1.9586827,4.3195996,2.37918,1.7354766,3.589029,2.30501,2.3196754,4.716569,3.1821609,2.271339,3.8331237,1.6347723,4.0590477,2.3807352,2.883615,2.2351584,1.7850865,2.2564433,3.4461472,3.5636804,2.3880236,2.5672972,3.9999106,3.3407369,2.4441576,1.8586397,2.8869276,3.2778609,3.096836,4.0985346,2.4808874,2.1962447,2.0070376,2.7672884,1.8295056,4.5517554,4.0985346,3.275521,9.891467,3.866787,2.6856334,1.9746574,1.926681,1.6453599,1.9658325,3.2208393,2.2153497,0.90264505,1.4108437,2.0933743,2.2857692,2.304512,1.644221,4.3708153,3.6151607,3.7912602,2.1786633,4.742736,2.7807734,2.703336,1.7600434,2.3560088,2.3632798,2.497131,2.3326302,4.0106535,3.5985541,4.2012615,2.3994744,2.576126,2.6630712,1.6214244,3.4136043,2.990875,2.6412628,1.7719399,2.5991726,2.3304129,2.8009973,1.7910368,1.7151631,3.4518607,2.9297497,1.7530981,4.2092023,5.5259147,4.068855,4.9114404,3.4891975,2.067639,2.9508474,2.4503682,3.1225834,2.6299381,2.1102931,3.9616344,3.7752612,2.351277,2.2035224,2.1216035,2.3630207,2.4909823,4.299774,2.2844772,3.4459534,3.4415073,2.3154337,2.6676369,3.8882246,2.7242332,1.6872414,2.5991142,1.6467878,2.3568377,3.495215,2.0677428,1.2296124,1.9841276,2.3264644,2.0890062,1.5961719,3.9604242,3.5513313,2.6255786,2.8538194,4.642678,5.2681737,2.4694684,2.0917528,2.5693936,2.7381613,1.911956,4.3777065,3.996451,0.9129704,1.1705102,4.315013,1.3859928,4.442138,1.8627676,1.8527775,1.3935221,2.4994123,3.7484863,1.338523,3.367473,2.602664,1.4483806,2.048787,2.4399984,4.601975,2.9823139,4.1250343,3.468921,4.7471147,3.4029553,3.057995,2.4091063,2.8564289,1.7101793,1.833846,4.3556504,4.8600636,4.2385297,4.225226,2.4555428,3.6319692,4.110674,2.8005767,5.0968866,0.92320937,4.26212,0.74954283,3.7639554,4.1655226,3.4505713,1.9540114,1.7391412,2.3253927,1.5567744,3.8146462,3.0332966,4.3889575,4.308443,3.4563997,2.3922963,1.3398035,3.153564,3.2394028,1.9399844,3.9993384,2.0273721,2.070907,2.1058576,3.7763507,3.527749,2.8903372,2.7410483,3.5998218,2.063784,4.0316815,2.9222126,3.944134,2.7159681,1.6893054,4.9326944,2.1236618,1.6488783,1.7608145,2.6518838,1.6071727,2.486661,2.9759717,2.771293,1.5279776,2.9711428,3.9114885,3.917925,1.8161539
3.2625988,4.628172,1.4813514,1.538848,2.395803,2.864398,3.08702,2.8397129,3.800727,2.27267,2.9239748,2.993503,2.607647,2.9445372,2.5104036,3.2681797,1.0748768,3.0030336,3.434665,3.8453095,3.183075,4.342479,1.7565906,3.9286313,7.1454363,2.76804,6.4138346,3.584048,3.0069962,3.7385964,3.1753242,4.773617,3.2219954,2.3102453,3.2028008,2.0103867,3.9688745,3.6765552,4.9792814,2.3868546,2.9568143,3.7307832,2.9807928,3.0722404,3.5368886,4.8132806,4.151357,3.2467232,2.834107,3.7697675,2.9230106,2.0276492,2.1046064,2.3375618,3.1034048,1.8514004,2.98855,3.7447615,3.336138,3.201297,3.351628,2.4508054,2.9619591,3.1776898,3.0243962,4.5131164,3.6407802,4.1093946,4.055194,3.1730895,2.6811287,2.0839949,3.3411465,2.7416213,4.2615476,3.2823772,3.0806782,3.8649042,2.9849863,2.9997854,4.5117974,3.8730204,2.847918,1.877663,3.0465965,5.151408,3.1261182,2.243386,2.6022384,2.8126435,3.6890433,4.10811,4.206644,3.1760921,2.9490619,4.1579914,4.275262,1.3018992,4.0530534,4.7459555,3.6829789,4.0730143,4.1907563,3.4342988,3.0972044,2.9448307,3.4594722,2.7166398,5.455846,4.1907563,3.5791836,11.354561,1.9423151,3.6850343,2.96713,3.1328893,3.1568363,3.503613,3.7520556,3.3459728,2.9004955,3.339553,1.894029,2.9524145,3.1779253,3.1972506,4.4168067,5.200878,3.8213592,2.4398694,3.570188,3.4749427,3.1756284,2.7270951,2.912243,3.175157,2.8816452,2.9882607,2.8694556,3.987554,3.6928694,3.2454708,4.228712,2.9992685,3.1859114,3.7122188,3.651114,3.0024505,2.5263903,3.3119497,3.0449612,1.5858591,2.7449627,2.7395585,4.0216217,3.7412639,2.5768342,3.0276957,4.443774,3.1669881,4.0865927,3.4985702,2.8448596,3.2805588,2.7907639,2.582412,4.44621,3.4914167,1.9743118,2.5895839,3.0753157,3.9190466,2.8975222,3.0622253,2.443022,3.8174129,2.9861012,3.8825345,3.5478408,2.9254055,3.1011043,3.9420345,3.2245052,1.7101316,1.4187645,3.0666175,3.0770087,3.4086816,3.423075,2.194719,2.1904225,4.358759,2.9114873,3.2114928,5.666997,4.0014663,3.0749254,2.9139204,3.5837345,4.0961866,2.9615169,2.4375238,2.7937593,2.173559,2.1454015,3.0150359,3.8222177,2.637995,2.9618027,4.2728405,3.0897613,4.290243,2.737984,2.8769221,2.8356154,2.957595,4.2657075,2.0149674,2.9086175,3.024,2.98674,2.590814,2.672745,5.8382387,4.1112466,3.6631644,2.8236086,3.507113,3.866101,3.369351,2.8311565,4.617422,2.9346771,1.562752,3.9906588,6.464003,4.0628986,4.3807077,4.352004,2.368438,2.1553764,3.4820418,3.9682915,2.5706038,4.856087,3.1684546,3.7882,3.9082825,4.462203,2.9551923,3.1383579,3.175853,1.8018066,4.9057474,4.717211,3.2807376,4.3337903,2.5652032,2.9341335,1.9242423,3.5463023,1.7768227,3.074625,3.1248662,1.7897534,2.1955771,3.174041,4.259627,4.931424,4.307595,3.184787,2.2242115,1.465596,5.119944,2.8665195,3.8150303,3.1568348,2.614739,5.0412974,3.7361972,2.994771,2.838393,3.2274652,2.7831967,3.3219488,4.859315,3.3422658,2.6008844,1.4018643,5.457812,4.3735857,3.0510726
3.2418325,4.088483,4.281356,5.538579,4.214612,4.150076,3.622135,3.8736188,3.6605601,4.265104,3.6346977,3.6668983,3.0665617,3.6297684,4.971206,2.9197688,4.618793,3.3068585,3.9526184,2.3217096,3.88328,3.718681,4.165608,1.7954279,2.0564935,3.8594317,2.1596706,2.8031845,3.4495673,2.8386984,3.9639413,3.387174,3.125919,3.2997437,3.0966134,3.8666294,3.8879545,3.5928974,3.7255085,3.919156,3.6362116,3.3868997,3.6247427,3.530548,1.982374,4.1780715,4.0290313,3.7955995,3.7186527,3.724538,3.642914,4.29437,4.10691,4.7021112,3.9882526,4.881734,4.1415324,3.4602695,4.4431677,3.3853967,3.1670623,4.36322,3.6867237,3.5585284,3.9632516,1.4482458,3.8986695,4.007291,3.719999,4.021422,5.9442167,4.0577826,3.9186592,3.4784822,2.699057,3.0823977,3.3812535,3.7411563,3.3092425,3.2787197,4.198894,3.58738,3.569831,5.0106406,3.7490726,4.343557,3.2044437,3.7879856,3.0368798,3.3713613,2.4523635,3.947591,3.9791427,3.1629965,3.6628182,2.5691166,2.7802496,4.149083,2.5898426,1.8924494,3.6793137,3.348242,3.805206,2.917687,3.6490502,3.5744178,3.8404884,3.2600472,4.496339,3.805206,4.032747,7.8090043,4.5755134,3.6788719,2.9949794,3.415975,3.394911,3.7417178,3.717174,3.8273876,3.644523,3.3349962,4.5305104,3.3542376,3.1546938,3.5594242,1.9342228,1.1073735,3.5829723,4.092841,4.1185646,3.7983553,4.0666866,3.727649,3.6149807,3.0852382,3.7822692,3.5469248,4.301886,3.4079957,2.7773762,3.2770262,1.8979366,4.024268,3.682013,2.1142635,3.4394224,4.0876145,3.461608,3.757839,3.3924892,5.4691405,3.879009,3.475962,3.9707136,3.3831573,3.4172022,3.8312247,4.5752964,4.077649,3.4127645,2.1812768,3.49166,2.3441567,2.6970587,3.530565,4.268885,2.6930485,5.4033494,3.7361228,3.2264566,2.138885,3.5375378,3.5429776,4.126158,2.7407422,3.3230474,3.872469,2.2117825,3.6049242,4.0965447,4.123268,4.042594,4.3143272,4.095011,3.2117994,3.2485375,4.322211,3.8388855,3.8081574,4.185363,2.9191484,3.5586612,3.2909763,5.0480742,2.5163305,4.058255,2.619052,3.66744,4.378324,3.5349538,4.0100045,2.7411408,3.6529708,3.4245267,4.4350276,2.299108,3.632797,3.3113437,3.8835137,3.7562852,3.6244464,3.8452895,3.9489753,3.7933187,2.6883051,3.1400406,3.9215238,3.0740216,4.0488186,3.2578888,3.781549,4.0314264,2.9692726,3.7806845,3.024824,3.0224698,4.423489,3.8888159,3.5946393,3.8741634,4.2700133,3.4762125,5.3129063,2.6229382,2.1200042,2.8250833,3.8408265,2.1358914,4.300267,5.8824086,3.803018,4.008817,3.9337473,0.9583153,3.5904834,3.866272,2.5702121,4.226961,3.0121813,3.0669546,3.8381743,4.3145084,4.233541,4.3441324,3.895816,3.875953,3.6349485,3.6010482,4.028585,2.74648,5.70482,3.9532654,3.9218197,3.9900398,4.1610675,3.2659476,1.6206816,1.2829671,4.1455507,3.612232,4.0011353,5.555926,4.339555,3.4676723,2.31842,2.337193,3.7203102,3.6879175,3.756992,3.843868,3.4152145,3.9061975,3.858058,2.987849,4.4805427,3.967318,3.1788168,5.9178367,1.0405294,4.021785,3.8936124
2.8375077,3.5706031,1.9091898,1.6475948,1.9296439,2.2068176,2.7718952,2.780145,3.0140424,2.7982624,2.6700606,2.7959929,2.831216,2.7642863,1.8408432,2.823168,1.3904021,2.4149816,2.5388882,3.6169877,3.1154244,3.6416962,1.2264107,3.524241,6.2065625,2.0892692,4.972803,3.8088121,2.6985178,3.8851,2.9971504,3.9941795,2.991242,1.8596587,2.8895726,2.7804658,3.3131893,3.2935865,5.6925316,1.323782,2.4848964,2.9316833,2.7559483,2.6596994,3.0466516,3.941008,3.3586833,3.1304538,1.8826764,3.0194528,2.695506,0.99231774,1.5919533,2.980364,2.251703,1.6264927,2.797474,3.402135,2.735423,2.7609425,2.5848505,1.0588205,3.219139,2.6582787,4.0535254,4.07201,1.9709609,2.7501256,3.5850756,2.9705172,2.447515,1.3412828,3.0499375,3.0193925,4.1472774,3.001183,2.3959744,3.3303277,2.7968824,2.824514,3.624717,3.2614882,2.6902664,1.7191503,2.5033164,3.2146657,2.9229853,1.5655392,2.8571222,2.4554029,3.4805734,2.6540794,2.7327123,2.9503684,2.6931176,4.1284213,4.021674,1.666951,3.1611814,4.087248,2.9332855,2.8736222,3.22715,3.1383855,2.6436532,2.545058,3.1080089,2.463087,3.4990308,3.22715,2.9558046,9.297851,2.3707178,2.4227479,2.748169,2.59465,2.3204858,2.3314402,2.7354147,1.5947893,2.2075648,2.5362298,0.78659344,2.758177,2.844826,2.0967147,3.9299955,4.4923315,3.2964272,2.8434026,2.8268838,3.1323886,2.925398,2.161406,2.713012,2.9758327,2.7134502,3.521325,3.019416,3.4546008,3.193375,2.9158845,3.7252336,2.8296003,2.1542735,3.656841,3.5883646,2.823135,2.9023232,2.560808,2.786996,1.5592128,2.2403855,2.3557208,2.7043731,3.5247009,2.3453119,2.9833374,3.5633686,2.519705,3.4994137,2.7911,2.76334,2.7870862,2.4569097,2.6913812,2.6834815,3.413262,1.8594608,2.5435421,2.874435,3.298751,2.6824174,2.8185067,2.8395295,3.8000512,2.7417624,3.105314,2.7979164,2.7486045,2.8907752,3.0375578,2.9488358,1.295981,1.7349129,2.570418,2.8737466,1.4415509,2.3752415,1.7279351,2.5670595,2.9568655,2.650882,2.3638442,3.7140365,4.029937,2.9380128,2.3505225,2.9795659,3.2780023,3.609378,2.6015027,2.3644302,2.2878592,2.4169848,2.074184,3.5716908,2.1060982,2.5592391,3.6086984,2.434625,4.9156423,2.0695856,2.1293082,2.1608846,3.0805163,3.7815037,1.6956419,1.942223,2.9240882,2.458837,2.7038,3.0486405,4.2242064,2.5372798,2.639442,2.960481,2.7616313,2.6444523,2.85409,2.8519962,2.9004984,3.1583598,2.5500705,3.9855654,5.0788255,3.9385622,5.111837,3.5573676,2.89128,2.3223348,3.129824,3.2262595,2.4099607,4.118335,2.6810694,3.1836674,3.6857414,2.749583,2.9105132,2.925731,2.3060005,1.3656887,3.0694714,2.9189558,2.4651892,3.345437,1.8370287,2.7507188,1.6874028,3.9576468,1.668795,2.2195864,2.5623937,2.5704021,2.6932204,2.8730507,3.9590046,4.1977415,2.6729488,2.798803,1.9729775,2.450606,3.1976082,1.5279325,2.9114685,2.6561856,1.670612,5.618965,2.3946338,2.0972953,2.442329,3.0410066,2.1274064,3.1031802,3.0514514,3.0152736,2.3047836,1.891226,4.5477324,2.985761,2.194433
0.9102507,1.7154827,1.9475862,3.6281197,2.8412187,2.5225248,0.6177045,0.850964,0.97845966,1.5483776,0.7162568,0.80545425,2.5873122,0.8564667,3.8395867,1.7865275,2.583427,2.354078,2.9160438,2.646357,0.8294062,1.4867089,2.4516153,3.3286798,5.07333,0.9458863,5.139135,2.6418576,0.96708214,2.4744647,0.6445386,2.0803218,1.2380059,2.888943,1.2208999,2.1667433,1.3603286,0.7931003,4.2974463,1.6328993,0.8803342,2.709747,0.74695605,0.7169507,3.0818703,2.5367155,1.596357,0.8126591,1.386272,1.0981252,0.75074553,2.6666756,2.0191038,2.165811,0.9276082,3.3108845,0.57148194,1.0583857,3.1115265,3.0974917,1.1999543,2.2136736,2.1878912,2.4555955,2.949994,3.634624,2.2684314,1.3163283,1.3208919,0.587188,4.883491,2.2486527,0.54159105,1.8518902,2.7579825,1.2357191,1.1777658,0.96149194,1.1180043,1.1578737,2.092764,0.72251767,0.95028806,3.4975567,1.1611053,2.6695719,1.1814872,3.2436728,2.6381478,1.2543746,2.4402757,1.3419254,1.4380288,1.1980672,0.68148804,2.6708155,1.9624169,2.6216416,2.8938317,3.7354176,0.625922,1.055013,1.5080152,1.3891236,0.67298245,0.88858736,0.556578,1.4360049,2.9611726,1.5080152,0.5121876,10.123875,2.903777,0.92154026,1.6177835,1.0050104,1.3128829,1.312595,0.7037425,1.8555722,2.053327,1.6822945,2.6202538,1.0766324,1.1128672,1.463747,3.2148612,3.8120344,1.2841511,1.4523791,3.1413767,0.5942282,0.5101361,1.0537335,0.8299371,1.3211143,0.72492766,2.2604976,2.078502,1.1708496,2.8436892,0.9740296,3.1606832,0.59988135,1.4065807,2.9154372,1.346302,0.5856004,2.2625804,0.2502104,0.94910926,3.6507285,0.99766916,1.2375851,1.1652862,1.2074414,1.4118942,2.632235,3.5626366,2.0770853,3.2818906,2.8863251,1.2089722,3.240099,2.8213596,1.6930152,2.5881512,2.3914251,3.9747863,2.5053103,1.1679555,2.5577881,0.9868357,0.8327593,1.3409054,3.1661377,1.0472211,0.7335762,2.383544,0.8798852,0.5535423,1.2182361,0.48747566,2.4799068,2.299942,1.4362061,1.141412,2.2418246,1.0593942,2.2450516,1.4986917,2.3010201,0.947718,1.444432,3.5373657,2.5300949,0.6602979,2.8827257,3.2363403,3.5321076,2.504719,1.2223625,2.9291313,1.6646141,2.5389965,3.5359118,2.9584844,2.424682,2.8240657,1.6771457,1.4366663,3.3875005,0.97391975,0.9908842,1.4056969,2.7024016,1.5585953,2.1173966,2.6239855,0.70637715,1.5964174,1.2674148,1.3809,3.0548427,1.4890126,2.7177458,2.7697637,2.9997776,1.0189614,0.5866548,0.9501199,2.4396815,2.0673368,2.7818527,3.2611744,5.225067,2.5970447,3.4592855,3.4550216,2.112478,4.5943184,0.57797384,3.5870805,2.986434,3.5534945,2.7805386,1.1018777,2.7837002,1.898073,1.8736504,1.7835926,0.57326967,2.313762,2.3350267,2.5572877,3.0495787,1.7271276,3.2505302,0.8449687,2.4248652,3.3681917,3.9262018,0.96161723,2.051085,2.2480552,1.5977062,1.1713762,3.1034935,4.0224447,1.8819001,0.5393015,2.669422,2.959046,2.6244755,1.6281725,2.9180734,2.942527,1.4075023,4.008176,1.5153682,1.2545526,1.2123668,0.67043036,1.1923048,1.3828005,2.9256635,0.4694804,2.5874295,3.3703384,4.2191086,1.5772499,1.0670391
1.391544,2.75045,2.6291945,4.685829,3.5750077,3.3297172,1.4256185,1.4845717,1.9942585,1.8267236,1.4713129,1.4236271,2.3583047,1.4216703,4.7635465,1.9870102,3.459965,2.7803202,3.6358716,2.086001,1.2133212,1.9823874,3.4000773,2.9522383,4.414121,2.3085105,5.293845,1.6383356,1.5422765,1.2793307,1.4396529,2.220935,1.19726,3.3307533,1.3552871,2.0064294,2.0882208,1.2317921,2.5406554,2.9400845,1.8864689,3.26976,1.3971531,1.5892662,2.9224162,3.0933952,2.4416244,1.1548929,2.6560583,2.048736,1.4577408,3.7618475,3.0430696,2.532893,2.4725063,4.1983194,1.6980177,1.088045,3.7991974,3.3217251,2.02842,3.6093905,2.024153,2.9958622,1.7720743,3.0722365,3.6059203,2.9206429,1.5853968,1.5130762,5.8263574,3.2795162,1.4573702,1.5834982,1.7763377,1.2277509,2.1083324,1.6058273,1.3263637,1.2992642,2.8724785,1.533975,1.4522783,4.374229,2.1746588,4.243372,1.2196454,3.9027424,2.3647037,1.8513696,1.9266968,2.9944513,3.061978,1.2117051,1.4632822,1.479646,0.87219757,3.2084537,3.187215,3.4612548,1.8633543,2.3537498,2.4730005,1.1704603,1.7151134,1.756381,1.434434,1.8251373,4.482405,2.4730005,1.9315212,10.831828,3.3709807,2.580688,1.6595879,1.8354843,2.3342128,2.7469163,2.2431152,3.402146,2.8872528,2.4932497,3.8228495,1.3639779,1.3549163,2.7111425,2.67491,3.3067343,1.695434,1.6608275,3.7564728,1.3813387,1.6056229,2.1939518,1.4422122,1.2187312,1.484496,1.4608693,2.3456895,1.4095588,2.7788782,1.2876449,2.8028617,1.5662752,2.6877367,2.1103685,0.5983478,1.6326267,2.0624795,1.9791654,1.3577673,4.7104535,2.196521,1.963432,2.8123384,0.82165176,1.9326801,2.7487588,4.214034,2.9014885,3.3864748,2.9375792,1.4711103,3.2383673,2.909661,1.7334802,4.096263,1.8807776,4.898515,2.7596533,1.26047,2.4471686,1.5292398,1.3716171,1.5771232,2.5003216,1.3863332,1.9979808,2.466931,1.4204088,1.6237465,2.4860752,1.5919021,3.4504716,2.9007468,1.9808784,1.2581849,3.8681917,2.5770495,3.0427253,1.9809034,3.1813366,1.5877708,2.367752,5.1003885,1.2239642,1.5248997,3.076418,3.5774543,4.1400127,1.6177241,1.7637751,3.097085,2.0140018,2.6246588,4.390178,2.4175382,3.0999088,3.1762443,2.1884005,2.4495678,1.7000233,2.309007,2.4227254,2.5096803,2.2601502,1.2514052,2.938173,3.2139661,1.5053741,2.1922007,1.5995035,1.3723049,3.7402952,3.1099198,3.222798,2.470874,3.7667825,2.6369083,1.5553348,1.40862,3.9645555,1.8078458,3.4866657,2.4681823,5.3154154,1.7709444,1.6405607,3.4643197,2.2290905,5.4791083,1.3923596,4.03323,3.4800205,3.0927274,3.2690976,1.922809,2.192664,3.5952518,1.6844636,1.791868,2.2607167,3.3328567,3.9285126,4.116404,3.697766,2.6358552,3.8400822,1.3950609,3.1953375,2.401762,5.0207973,2.4744477,2.7465844,2.314453,1.8856311,1.4503968,2.2939165,3.6914122,3.520683,1.4441872,3.2636032,3.7935348,4.2034845,2.8503568,3.0948763,2.9688308,2.666648,2.1971784,2.9752219,2.6005335,1.8896375,1.3768353,2.4131346,1.1222072,4.421511,1.5406284,2.8959339,4.526346,3.9137776,3.0488265,2.4949627
1.1708167,2.9490743,1.9158653,3.553129,3.3743649,3.2648711,1.0173074,0.67182153,2.1391907,0.7256263,0.9985656,0.78774947,2.19796,0.81236774,4.300779,1.625385,2.5880806,2.995813,3.759735,2.3658173,0.79786634,2.4963114,2.45124,3.2837985,5.5872383,1.281752,5.615294,2.1144433,0.9450432,2.4604542,0.77959377,3.0379865,1.190019,2.985593,1.214714,1.5695087,2.4081166,1.1974951,3.686266,1.9662672,1.0042348,2.564086,0.9363957,0.9903395,3.152827,3.6350183,2.7227428,0.9398443,1.6824325,2.2258801,0.92333007,2.7808676,1.9286894,1.1202195,1.425722,3.6538153,0.87842447,1.6200006,3.8803935,3.6343112,1.4965432,2.5040889,1.3252921,2.1514232,2.1495495,3.5935192,3.3959439,2.644546,2.1473882,0.8240408,5.087274,2.2638326,0.9420153,1.1563412,3.0497732,1.2277367,1.3593665,1.8921359,1.0579444,1.0820477,3.235459,1.6155146,0.8768845,3.8177278,1.1330372,3.843052,1.1321799,3.4584408,2.279438,1.1616274,2.1464217,2.6383817,2.7424228,1.1641858,1.0182453,2.7912965,2.0205626,2.5504928,2.8996904,3.6696007,1.8203461,2.2116208,2.716937,1.3925495,0.9552156,0.9592208,1.0201796,1.2815499,4.205807,2.716937,1.6733723,10.944872,3.1520774,2.0239344,1.4229527,1.13892,1.554036,1.8824744,2.0224524,2.5786743,1.9286386,1.7348721,2.7923262,1.0272229,1.1824541,1.8472759,3.6625679,3.9050183,2.178923,0.62774205,3.9550822,1.0310011,0.8919519,1.2049822,0.8738819,1.231159,0.86969525,1.4216912,2.5115952,1.9787763,3.4212558,1.0941037,3.0492914,0.86089796,1.7498657,2.903091,1.2423406,0.84006363,1.6138043,1.3846959,0.99776214,3.6251516,1.0973756,1.1586816,2.4846969,1.2670299,1.2351232,3.114575,4.5384226,2.9467306,4.013239,3.3203318,0.87015295,3.3602116,2.8305023,1.8775654,3.2549317,1.9794328,4.2269297,2.91131,1.1182683,2.528686,0.8629149,0.8832054,0.7806627,3.4162443,1.0597489,1.9352365,2.9407816,0.8349856,0.8458954,2.4539106,0.92223734,2.4199367,2.3108203,1.3626136,1.0989457,3.2878923,1.6777929,2.1075063,0.81372243,2.8079846,0.86726755,1.6460081,4.3868313,2.4538944,0.7428254,3.094238,3.9340065,4.422335,1.6942649,0.6845772,3.0023108,1.7650466,2.1859968,4.1971145,3.2714808,2.2228415,2.5479658,2.6902797,1.3996345,3.0310962,1.2855437,1.338787,1.4322393,2.4312985,2.1788878,1.9526389,3.2060313,0.71076596,1.4917556,0.716298,0.6050518,4.1171913,2.592859,3.5463936,2.8711936,3.8570797,2.3521492,1.5142655,0.63496107,3.195326,1.3038397,2.0960271,3.4726515,5.672118,2.9405963,2.8554335,3.4470217,2.2298193,4.6997943,1.0527611,4.381788,2.5936205,3.975513,2.4627666,2.1382403,3.1637537,3.0544457,1.5013883,1.4281455,1.4423089,2.239545,3.5054848,3.3672082,3.8039486,2.9300058,3.6402733,0.8802729,2.221359,2.938974,3.982618,1.4312166,2.8652148,1.6370659,0.8317684,1.0565847,3.2551525,4.1196766,2.8047953,1.1755012,3.096565,2.392293,3.798645,2.4988601,3.5681388,3.0537047,1.7294776,3.6245167,2.167612,1.5566342,1.1448258,0.79300094,1.3167726,1.3335649,3.6121671,0.9922661,2.3793237,3.2825,4.4273887,2.9089496,1.4510776
5.036066,5.7648964,3.3947594,1.9376577,2.9203525,3.513668,4.9147363,4.8267593,5.1906743,4.5403194,4.7731423,4.9112906,4.3761654,4.865032,1.7420667,4.9532213,2.5787587,3.9368954,3.7797046,5.5324836,5.1744018,5.7742305,2.9749687,5.1477633,8.130898,4.3697944,6.700603,5.552399,4.85636,5.5499763,5.110615,6.080929,5.088979,3.2253153,5.0233593,4.2418437,5.3598886,5.50947,7.089201,3.6329114,4.7158327,5.0162907,4.8595285,4.8637776,4.646235,5.7868705,5.387201,5.1993647,4.22641,5.1389127,4.7989993,2.8258154,3.5903769,4.6222396,4.608992,1.9606028,4.8830156,5.51481,3.7009487,3.84657,4.912572,3.3193789,5.0545864,4.660785,5.3545637,5.7551885,3.9533188,5.095024,5.6617107,5.088279,0.53560096,3.3235927,5.213387,4.847489,5.818997,5.124079,4.687355,5.4748106,4.872148,4.890815,5.5694704,5.5266294,4.765972,1.7922255,4.7611156,5.5945983,5.0061293,2.5872247,4.352129,4.5959344,5.423342,5.0577416,5.1235003,5.044497,4.793884,5.8502545,6.122686,2.8549647,5.225517,5.911841,5.174604,5.309197,5.354502,5.256037,4.8767905,4.7438946,5.304718,4.520328,5.7916703,5.354502,5.1525035,10.48745,3.0752337,4.8914843,4.775486,4.8528495,4.6557674,4.787756,5.066306,4.103978,4.3403935,4.829504,2.6521103,4.8386807,4.989664,4.499296,5.5135717,6.3810534,5.3373914,4.6595864,3.9046464,5.3254848,5.0560546,4.3984823,4.811482,5.0465007,4.7891393,5.211472,4.422252,5.604235,4.637192,5.0785604,5.5988135,4.9094915,4.5451584,5.2354875,5.647745,4.910724,4.5689235,4.877636,4.910054,1.7955279,4.4632854,4.507675,5.0759015,5.665043,4.3954263,4.1932406,4.661929,4.113061,4.7343674,4.3473363,4.8088093,4.180466,3.9722898,4.35712,5.0884023,5.3115463,1.1700692,3.7726614,4.953992,5.348054,4.7962127,4.950762,4.631743,5.1173663,4.8445973,5.358548,4.594094,4.843632,5.001237,5.177905,5.0926695,2.9958646,3.0846949,4.7640777,4.957602,3.6255808,4.8075023,3.6261837,4.3714523,5.372109,4.7883525,4.688065,6.014102,5.8191485,5.025113,3.8285072,4.045372,4.2627063,5.1851487,4.526198,3.8189085,3.9725251,3.8957746,2.669369,5.061983,4.0174074,4.3073006,5.627823,4.7046824,6.3495593,4.343346,4.4392633,4.4170275,4.6255474,5.917339,3.5770485,3.5054395,4.993029,4.635114,4.658224,4.8865542,6.5832787,5.0428467,4.210954,4.226269,3.8795202,4.984508,5.0160275,4.862871,5.354016,5.007432,3.7200954,5.3330145,6.7777104,5.5964956,6.611316,5.410331,4.1957808,0.65323746,5.324561,4.1613564,3.9549341,5.8174157,4.5461297,5.2641406,5.2374706,5.2000346,4.836718,4.972746,4.66782,3.1805549,5.4945083,5.357274,3.5736423,5.4296994,2.7914362,4.8413877,3.3999927,5.314201,1.3658433,4.577029,4.156612,4.010752,4.437193,5.0276155,5.6380715,5.8780446,5.1702924,4.954634,3.0739665,3.4647586,5.583176,3.7410622,4.49162,4.2042966,3.9897332,7.0898633,4.883175,4.4498644,4.607856,5.163165,4.393745,5.1799393,5.420274,5.187337,4.018391,2.331912,6.345425,5.2932343,4.5500073
2.6593997,4.1637707,1.7715728,1.2170779,2.768054,3.1115355,2.6441345,2.4674082,3.4184668,2.1871016,2.521226,2.516003,2.2895403,2.480176,2.8226569,2.3620584,1.2658676,3.090263,3.5768278,3.1611621,2.8780417,4.039013,0.67496717,3.324459,6.543963,1.8483344,5.2679,3.275163,2.3825788,3.840126,2.7706552,4.4833446,2.7241635,1.8954086,2.615913,2.199783,3.769293,3.1625469,5.2006207,1.2291162,2.163897,2.2724311,2.5696566,2.4460866,2.9884171,4.7115593,3.9371004,2.9514532,1.6123899,3.465351,2.4980037,0.6493327,0.8033517,1.9188839,2.062292,2.3702083,2.6227553,3.4538603,3.7285342,3.4734547,2.3554132,0.93096113,2.3411279,1.8326437,3.4511037,3.873973,3.1344285,3.3630347,3.8484051,2.76839,2.9549935,0.6849602,2.8875751,2.3820732,4.347959,2.7426956,2.0828025,3.5542307,2.5225294,2.5480065,4.3369384,3.341592,2.4000313,2.443446,2.0425093,3.9447386,2.6598036,1.9358906,2.3721492,2.057868,3.017828,3.241857,3.352259,2.691222,2.5667784,4.1723685,3.8653786,1.4572817,2.766059,3.7587314,3.2005947,3.1967344,3.8317747,2.8969717,2.400799,2.2284734,2.9604006,2.0603788,4.355212,3.8317747,3.155386,10.02674,2.8179526,2.684333,2.3558486,2.2827585,2.0213907,2.228342,3.1026957,1.9500821,1.5092733,2.091424,0.6948042,2.483738,2.6061406,1.890884,4.319764,4.3697166,3.6398053,2.2628813,3.8414652,2.9852006,2.755829,1.8268045,2.465408,2.69482,2.512177,2.8409183,3.3839378,3.6573443,3.7810657,2.6926634,3.374763,2.653572,1.8922511,3.5961566,3.3502831,2.6332524,2.1607268,2.605018,2.5405867,1.2837857,1.8686858,1.9408551,3.2453108,3.320457,1.9066783,3.5275128,4.6684246,3.3074486,4.311304,3.2217767,2.3426507,2.8481266,2.334319,2.7684205,2.8431313,2.8678787,2.4903488,3.0371506,2.6092103,2.973462,2.340371,2.5633504,2.4191906,4.083275,2.4869623,3.3850503,3.2389128,2.466549,2.7007422,3.5748034,2.7912805,0.49901572,1.6844018,2.1422193,2.6106718,2.635281,2.268651,0.96002674,1.9358563,2.9470599,2.31159,2.0466616,4.113026,3.8941808,2.6993537,2.5378423,3.8616507,4.3677692,2.9274447,2.1063607,2.342806,2.277451,1.8269788,3.2100213,3.8623028,1.2977802,1.8068653,4.101459,1.9064785,4.67897,1.8190964,1.8694029,1.6644437,2.7134125,3.936141,0.91753876,2.679037,2.670044,1.9681687,2.205613,2.5608838,4.8329983,2.9669785,3.5259268,3.103709,3.7948601,3.170048,2.991501,2.5103555,3.1008334,2.3984606,1.3227432,4.222706,5.349943,4.1817045,4.671817,3.2441711,3.020851,2.6499453,2.9947472,4.245745,1.3569136,4.438817,1.8083894,3.5559394,4.0118117,3.3240812,2.4148757,2.3857965,2.30461,0.4927962,3.7271507,3.2062953,3.4718413,4.008376,2.5253785,2.5076253,0.769286,3.5240617,1.7075272,2.0177267,3.2865462,1.8525921,2.0539186,2.5209477,4.0234923,4.11548,2.97659,2.7638378,2.618078,1.2840239,3.918844,2.2816381,3.5761707,2.66586,1.4799316,5.341497,2.388428,1.7960042,2.04387,2.8124983,1.7253592,2.8512497,3.2384336,2.880514,1.7207308,1.5240684,4.5546374,3.6671247,1.9433682
0.94513065,2.7459962,2.177553,3.9088576,3.5000727,3.3322535,0.89171153,0.70486987,1.9588751,1.0649084,0.9354037,0.69523126,2.2249477,0.73398775,4.4993668,1.4985977,2.8899922,2.974399,3.7674093,2.148011,0.63391685,2.2363987,2.7010903,3.1345937,5.18652,1.3944998,5.3852954,1.9225055,0.8401129,2.2254705,0.6752441,2.7334466,0.9492357,3.0881836,0.99893355,1.7441891,2.232687,0.8538493,3.4590216,2.1430757,1.0028538,2.5447192,0.84138477,0.88082415,3.048651,3.450121,2.5624175,0.74195325,1.7786295,2.0641887,0.86049825,3.0211475,2.1766374,1.516981,1.4943439,3.8858356,0.9252085,1.3169696,3.9292226,3.6227074,1.3599585,2.7270858,1.368516,2.2096426,2.1481254,3.3782907,3.390041,2.5340343,1.8911092,0.74961233,5.367221,2.4918501,0.7738182,1.1640052,2.7803502,0.9713495,1.3197803,1.6584946,0.916394,0.93088657,3.0725095,1.3260064,0.8304367,4.057603,1.1709518,3.7287571,0.9258587,3.606625,2.3013642,1.1556656,1.9343685,2.532768,2.6295571,0.939869,0.9502055,2.5043175,1.5924611,2.7914836,2.7787335,3.4700725,1.6389829,1.9956349,2.5373294,1.0971687,0.8777766,0.9310504,0.7952767,1.2781358,4.0761657,2.5373294,1.5541891,10.758338,3.3309295,1.9310975,1.320115,1.0459303,1.5274602,1.8616045,1.8772244,2.6317906,2.0286276,1.6905308,3.059914,0.90473014,0.9745026,1.8652338,3.4268832,3.617313,1.9678686,0.9004159,3.9605346,0.78500366,0.842463,1.3049499,0.8086891,1.0114907,0.85085416,1.373171,2.550951,1.6810124,3.2983775,0.85336155,2.8470354,0.8609323,1.7831982,2.714366,0.8517093,0.8645589,1.6893109,1.300674,0.8433838,3.9676273,1.2281532,1.1992095,2.3756511,0.8502894,1.2949915,3.1125865,4.4967604,2.957819,3.909514,3.2166524,0.822702,3.3170247,2.836337,1.8789198,3.2413406,1.807038,4.4976788,2.956547,0.93450755,2.3262808,0.80809486,0.736034,0.9941771,3.2648714,0.9262413,1.748422,2.790735,0.7600302,0.8351336,2.3356698,0.8471702,2.6941378,2.536698,1.2960867,0.914399,3.362315,1.6639379,2.3021724,1.1487457,2.6409156,0.8208095,1.6029478,4.326551,2.155469,0.72177875,3.0859196,3.9070292,4.404442,1.6635278,0.9330388,3.018681,1.8628687,2.309093,4.307671,3.0960536,2.3576326,2.6148956,2.4798858,1.455145,2.814703,1.4024495,1.4516405,1.5452944,2.3773751,1.8149449,2.1792774,3.215259,0.7074357,1.4764626,0.8443188,0.7482041,3.8031313,2.492568,3.4654472,2.8445857,3.886901,2.24458,1.3494005,0.66379523,3.1427057,1.2963912,2.531414,3.296239,5.4383574,2.6990764,2.6347227,3.3015692,2.3381,5.0036883,0.81098026,4.354662,2.7700446,3.7080665,2.5390234,1.9718316,2.9672132,2.9749792,1.4140284,1.3156701,1.4405807,2.5190003,3.3910267,3.3163776,3.8277156,2.7502618,3.7378016,0.7973657,2.460412,2.8299577,4.3211136,1.501972,2.8624713,1.8714004,1.1444831,0.864574,2.9996378,3.9084008,2.744957,1.0292556,3.2167947,2.8334281,3.6848862,2.5259588,3.4405766,3.0058768,1.8539882,3.3547528,2.127031,1.6415758,1.14391,0.63891685,1.4427178,1.0648462,3.5795646,0.85249555,2.4548006,3.6859818,4.168923,2.769938,1.5228119
1.6506774,3.7778172,1.5112536,2.7216048,2.9686036,3.1573718,1.7278005,1.4555027,2.8566298,1.0038334,1.5988411,1.4919797,1.0967137,1.436009,3.640809,1.3249544,1.872635,2.7698424,3.6240168,1.8830713,1.805363,3.3246233,1.5694456,2.458938,5.614675,1.5397083,5.087638,1.6854231,1.3590472,2.479782,1.8316108,3.7220166,1.4990053,1.9380491,1.4559869,0.8167644,3.1673732,2.155422,3.5055575,1.6466291,1.4177178,2.025977,1.587906,1.563102,2.2948074,4.2716947,3.4616148,1.886087,1.5917424,2.9181454,1.5389715,1.9622487,1.2638782,0.95049524,1.8773758,3.0466533,1.8577408,2.4280806,3.7852643,3.209197,1.6734124,2.0786378,0.7974637,1.4612765,1.7971978,2.9107137,3.4667327,3.297786,2.995571,1.8847632,4.175498,1.4902642,1.9950713,0.7565885,3.1663387,1.5416204,1.4582837,2.7708392,1.3570433,1.3584176,3.93766,2.527014,1.3344579,3.1732075,1.435811,4.2961206,1.4510792,2.4649172,1.2057658,1.1080731,1.7067033,3.239875,3.3549478,1.4821988,1.6584475,2.8602479,2.515371,1.6116178,2.3157692,3.0001469,2.6051114,2.8124452,3.4062138,1.659204,1.5985923,1.374127,2.059941,0.9905301,4.6900263,3.4062138,2.5922651,10.524721,2.7547386,2.544405,1.1253682,1.4675312,1.5826193,2.1709251,2.7300134,2.5124583,1.3767025,1.6170456,2.099031,1.3457441,1.4927988,1.8315499,3.434753,3.4582944,2.8697448,0.9912126,3.8359642,2.056827,1.9424214,1.3409224,1.4542867,1.439578,1.5767319,1.0937147,2.7816508,2.758667,3.1867158,1.6002736,2.4192579,1.8059912,1.8124533,2.4042408,2.0291398,1.8212761,0.5519125,2.1013312,1.4590509,2.778264,1.3853993,1.095317,3.150819,2.0907571,0.91480637,3.014048,4.650482,3.1320636,3.9015553,2.7381759,1.1190687,2.4025102,1.8142961,1.8579895,3.3867612,1.4732717,3.4730458,2.6249404,1.4141129,2.0530996,1.2821273,1.518283,1.273894,3.1164856,1.3817736,2.825636,2.6281192,1.4143852,1.8867612,3.2304444,1.9759268,1.5519072,1.6031331,1.2484916,1.4239954,3.3273616,2.1147108,1.1733475,0.8704243,2.7865548,1.305848,1.5865425,4.7116413,2.4617848,1.7981102,2.2082853,3.6798544,4.3799872,1.1857051,1.0499089,1.9865342,1.5214642,0.94742143,3.715402,2.9386497,1.2879189,1.4738393,3.4560192,1.4832631,3.1033127,1.5065656,1.6521149,1.3835963,1.5239239,2.893007,1.0638858,2.666194,1.7439895,1.1894642,0.9803563,1.2464116,4.5309095,3.0526953,3.34261,2.2773497,3.8542588,3.0060894,2.2351062,1.4194323,3.494509,0.78992134,1.5238562,3.1824782,5.1258197,3.065651,2.9651453,2.706252,2.305239,3.794289,2.0774562,4.187026,1.4177178,3.622897,1.5862614,2.924394,3.0422368,3.58059,1.0192311,1.1181997,2.000386,1.4591051,4.002856,3.6614726,3.5385377,3.6076384,2.8297343,1.4721007,1.1935657,2.1393745,3.1720028,1.8350183,3.0142162,0.5896087,0.8306741,1.3804363,2.899893,3.4187799,3.2424428,1.9054825,2.6361732,1.857925,4.261171,2.3914902,3.1896708,2.1386876,1.5308552,3.7038841,2.446139,1.6925915,1.1499336,1.8386871,1.4293029,1.5795095,3.7917845,2.0457566,1.2403531,2.7813153,3.880996,3.5776691,1.7603612
2.5270298,3.7641358,2.9816234,4.9337,3.3467593,3.2802029,2.6472242,2.7216623,2.9961097,2.8043804,2.6024091,2.664379,2.2205882,2.6137383,4.47317,2.699887,3.6643229,2.505043,3.3995209,2.249517,2.6482067,3.0011868,3.7143273,2.3915403,3.9456925,3.3439772,4.9640102,1.715903,2.6567361,0.7377876,2.8699963,2.8999724,2.2328522,3.0301397,2.349757,2.2702296,3.0091474,2.7415304,1.7464473,3.6151578,3.013574,3.912148,2.5813732,2.768619,2.3598285,3.5828605,3.2889967,2.5723093,3.5359855,2.9777842,2.6148345,4.0908327,3.6636794,3.5150056,3.6394434,4.0497136,3.0319517,2.3850307,3.5690646,2.6257846,3.0224836,4.252769,2.8103828,3.637672,1.6443429,2.4908268,3.9412723,3.9492557,2.6928613,2.9386349,5.5475717,3.7521236,2.9216864,2.294614,1.1024501,2.2706177,3.087376,2.8238084,2.33453,2.291745,3.570791,2.9150014,2.5424964,4.1901956,3.3124142,5.1949396,2.2501981,3.5852876,2.1175065,2.7379308,2.212935,4.029186,4.0879016,2.2458162,2.6117504,0.8359552,1.9445453,3.1958907,3.5406122,3.306971,3.0289547,3.4363363,3.3198178,2.1575513,2.9465508,2.872998,2.921353,2.5462644,5.3685617,3.3198178,3.2122242,10.613372,3.130778,3.6830368,2.3034647,2.9340608,3.2822945,3.8387465,3.3580275,4.174612,3.6090922,3.4000397,4.2053194,2.3831954,2.3832948,3.628032,1.690577,2.9900155,2.5869923,2.6885495,3.4343069,2.8700275,3.018503,3.1832108,2.5952,2.1700156,2.6760175,2.0338523,2.584211,2.5494149,2.0640566,2.4575267,2.7109218,2.8880002,3.6725638,1.137772,2.1816304,2.973588,2.4039104,3.205573,2.4725943,4.9079704,3.2712228,2.8593388,3.8858764,2.3654416,2.6733415,2.3606985,4.0141373,3.1172345,2.7322457,2.2616832,2.5005112,2.5721173,2.5065389,1.9601339,5.0824027,2.2198164,4.7052846,2.407332,2.2698557,2.7002392,2.6334188,2.590495,2.5960956,1.2460699,2.406845,3.2499292,2.0801487,2.5859864,3.015951,3.5017948,3.0171528,3.8256276,2.9744256,2.856141,2.2888095,4.408893,3.7458425,3.4786558,2.9089077,3.955936,2.7065856,3.263573,6.160296,0.9346011,2.9246945,2.5601826,2.9871233,3.7987492,1.8992815,2.7980573,2.648803,2.2968307,2.5865254,4.040312,1.3638272,3.558164,3.4098976,3.0336268,3.5088272,0.85855526,3.325381,3.5114312,3.4775014,1.846705,2.3147392,3.4177945,2.8820662,2.8838558,2.9870965,2.6167665,2.5173895,4.3614235,4.1537485,2.8764696,1.6357006,3.6426384,3.6800058,2.695629,2.6461627,5.0436773,2.5280657,4.1861887,1.0989237,4.934847,1.2168422,1.3836725,3.4247072,2.4070714,5.2499804,2.8776581,3.4785821,3.7779639,2.2601016,3.754223,2.945413,1.3171571,4.6639433,2.2108386,2.5351086,3.4220064,3.8158789,4.93599,5.170939,3.3359175,3.4153311,3.3600566,2.5560722,3.565487,1.5105517,5.1514688,3.6174407,2.8972356,2.6117797,2.7715168,2.5450575,1.3549051,3.1544771,4.6410413,2.6585917,3.0046656,4.467352,5.165482,3.2326777,2.4866772,2.4527674,3.4435546,1.3713927,4.049867,3.6279113,2.8169715,2.8248627,3.4300056,2.086752,5.4374275,2.9934893,2.9910386,4.9983478,3.4793231,4.031754,3.6007192
0.9244125,3.077211,2.0036013,3.7849236,3.147956,3.0991082,1.1564927,1.0889192,2.1779008,1.2355905,1.1109251,0.9879072,1.3303145,0.939058,4.145113,1.0032637,2.6811843,2.5110142,3.4509246,1.2831113,1.1702398,2.462939,2.43861,2.1708608,4.5980434,1.6350945,4.7284846,0.9438055,0.8833089,1.5001358,1.3155267,2.7565582,0.57968295,2.4088912,0.65493053,1.210476,2.4517972,1.3181279,2.7352536,2.1142147,1.2249442,2.281088,1.0453689,1.0923389,2.114169,3.538496,2.7884228,1.1806663,1.8404258,2.2574518,1.056506,2.8009176,2.0800476,1.7538568,1.8943381,3.593316,1.5274456,1.4815084,3.673197,3.0276377,1.318164,2.74295,1.0002906,1.9350046,1.4954333,2.4362469,3.3188055,2.8704576,2.1145737,1.4043242,5.0158806,2.3007305,1.4121027,0.51125765,2.1716816,0.6233143,1.3201814,1.9716738,0.6716902,0.63300174,3.2596986,1.7204492,0.8769379,3.754974,1.4329774,4.007732,0.60426486,3.0308561,1.3836372,0.9596468,1.073166,2.8586597,2.9553444,0.6027476,1.1572665,1.8081757,1.2670696,2.364412,2.262802,2.6956503,1.955863,2.2179513,2.730499,0.6227136,1.220218,1.0957754,1.415639,0.8514347,4.3385034,2.730499,2.0431263,10.321159,3.004388,2.235333,0.6342651,1.1378894,1.5344315,2.1248946,2.201456,2.6970744,1.8727658,1.6198052,2.9263473,0.71779436,0.7281406,1.9277127,2.6533701,2.8226357,2.0656161,1.0433635,3.6368704,1.3782393,1.4990691,1.4382204,0.9708273,0.5128866,1.1481179,0.63048947,2.4625795,1.826201,2.6663992,0.8195873,2.0180073,1.4005818,1.9233496,1.7241546,0.93931264,1.456939,0.9679736,1.7068629,0.81522816,3.8116255,1.4921817,1.083833,2.7328122,1.0370559,0.97751236,2.7079387,4.299863,2.8605962,3.4157934,2.4197752,0.6726674,2.4183567,1.9858668,1.4830724,3.4707654,0.92995214,4.196474,2.4982078,0.61925983,1.6141192,0.86486244,0.9248635,1.1647799,2.4819205,0.7511932,2.1740663,2.1003532,0.91640973,1.4856659,2.6787944,1.5043318,2.4853022,2.170156,1.0587497,0.63820666,3.4223232,2.0236115,1.9964342,1.2672954,2.5289505,0.9301958,1.5321277,4.6590605,1.358522,1.3705117,2.275991,3.423227,4.114258,0.85658973,1.1173786,2.193954,1.4897357,1.5855755,3.9257152,2.277203,2.006962,2.0529175,2.662139,1.6302677,2.203848,1.6191299,1.764898,1.6615082,1.3751533,1.809741,1.9256889,2.648783,1.3277001,1.2151991,0.8555844,0.9533986,3.7627518,2.7744126,2.9903781,2.0386338,3.6849267,2.5689437,1.5763903,1.0194155,3.4487607,0.7287732,2.6564107,2.4852169,4.7558994,2.1285944,2.090202,2.582203,2.1600924,4.6792154,1.3999323,3.9308999,2.3483837,2.878099,2.1721056,2.2319007,2.2688465,3.3354259,0.5724332,0.7372623,1.8172284,2.3771267,3.7009642,3.6158187,3.4354763,2.9263263,3.1411307,0.9474565,2.155609,1.7900755,4.160734,1.8695154,2.705761,1.4113864,1.1814286,0.72134864,2.0801592,3.0344,3.1048615,1.2933273,2.8044991,2.980769,3.971198,2.3439517,2.7654562,2.123253,1.8431948,2.7422462,2.3814154,1.8582826,1.0232975,1.2681432,1.6407533,0.5354745,3.838107,1.4985931,1.7926805,3.7764273,3.3732312,3.0815635,1.8331778
1.085655,3.1831234,1.931404,3.0827725,3.0883245,3.133199,1.3658358,1.2970668,2.3665905,1.4447399,1.3111007,1.172143,1.3976371,1.1373965,3.8034859,0.48001215,2.280431,2.6806202,3.492725,1.4825776,1.6006093,2.8405783,1.6866319,2.1824567,4.9694047,0.9920908,4.329454,1.7084802,0.8697703,2.4912224,1.5506192,3.2048206,1.0801811,2.0199869,0.93499607,1.5803137,2.7792835,1.6566575,3.7775714,1.2675343,0.81637335,1.2581264,1.2922488,1.049693,2.0525453,3.8626637,3.043948,1.6500642,0.87293386,2.4800446,1.249235,1.9301653,1.1755135,1.5049999,1.205815,3.3188748,1.6392647,2.0497851,3.7803068,3.226355,0.7067681,1.7647935,0.9338123,0.87338877,2.455716,2.549895,2.9989336,2.6079493,2.615903,1.6014954,4.4804964,1.3945829,1.6248351,0.9851271,3.0338893,1.0613916,0.558652,2.3445697,1.0285562,1.0393826,3.5115054,1.9566251,1.0738871,3.4681208,0.6981069,3.3856843,1.0828029,2.567584,1.52596,0.5202012,1.2987115,2.4907858,2.6048763,1.081989,1.3770877,2.740698,2.0759115,2.0679302,1.5217203,2.4483187,2.0753467,1.9760656,2.8910222,1.1618397,1.0456793,0.8283835,1.6257423,0.5842486,3.8073685,2.8910222,2.1509318,9.6767845,3.1412444,1.7281171,0.705851,0.70317686,0.612159,1.2616318,2.0926566,1.7470038,0.6917121,0.5621405,2.1095874,1.0191298,0.9831274,0.9204974,3.1784604,2.8690057,2.510612,1.3156724,3.7551649,1.6231117,1.6422775,0.77628547,1.1636357,1.0573705,1.3552338,1.483651,2.9396052,2.2976577,3.0503876,1.1046082,1.9121863,1.5886754,0.93136007,2.346326,1.7556684,1.5974321,1.0725986,1.5019351,1.0640053,3.1146314,0.8842844,0.5186728,2.4504642,1.6814622,0.59168494,3.1363614,4.4662757,3.008364,3.7724006,2.501086,0.8697141,2.286322,1.7881804,1.9938236,2.4641042,1.1867621,3.7985437,2.7888992,1.0568819,1.3544061,0.9148354,1.1418284,1.5538149,3.1566117,1.0042187,2.2804735,2.286299,1.1224759,1.6233784,2.7571957,1.6516317,1.7082651,2.014199,0.3107579,1.0652212,2.8423753,1.281042,1.0939054,1.2481374,1.7154914,0.8907512,0.5580227,3.7629073,2.3379154,1.5708032,2.1118984,3.6262052,4.2551765,1.6833708,1.1696926,1.9512223,1.7299913,1.3977184,3.7215002,2.841036,0.9788017,1.2269592,3.055433,0.6521572,3.3598268,0.96747756,1.0534793,0.673987,1.6677003,2.41942,1.1114556,2.4952726,1.547675,0.14382555,1.0138164,1.4711442,3.5738006,2.1653137,3.055086,2.4852571,3.7763577,2.3530269,1.8227962,1.3227264,2.5407763,0.8949001,2.1781461,3.205631,4.3913994,2.9512303,3.2593362,2.102535,2.6564174,4.1981373,1.642116,4.0938063,1.485107,3.1862764,1.1756428,2.5424016,2.935458,2.7298973,0.818265,0.55235964,1.3506091,1.5616633,3.101849,2.7147846,3.4636621,3.100909,2.881165,1.1923745,1.3527889,2.3992999,3.496683,1.153408,2.9101222,1.4798466,1.316734,0.8167041,2.6567798,2.930341,2.3307076,1.5210353,2.808426,2.4541476,3.3532615,1.9806632,2.8775492,1.9797306,0.96341467,3.8851888,1.5038112,0.9457532,0.51234066,1.5360068,0.81293774,1.175291,2.8514662,1.6672442,1.1668417,3.193429,3.265962,2.8813992,1.0431243
0.8625236,2.479702,2.2270164,4.1806736,3.3401442,3.106917,0.81853694,0.8347929,1.6675173,1.3161466,0.88445866,0.7751681,2.2132967,0.7950804,4.4561906,1.6116674,3.024938,2.6681788,3.483849,2.0667937,0.55115324,1.8375846,2.9139214,2.9838219,4.753281,1.6595567,5.2522917,1.7667568,0.9508003,1.7047964,0.7534608,2.256963,0.78791046,3.0759141,0.9191785,1.7679704,1.8737848,0.6664835,3.121794,2.3628507,1.2457528,2.836235,0.79285604,0.9636208,2.8917112,3.037449,2.226353,0.5355235,2.0484357,1.7534566,0.8510033,3.2516444,2.4820576,2.0017529,1.797403,3.8684766,1.0392891,0.8471447,3.652617,3.3005922,1.4980872,3.0115666,1.6679715,2.5343354,1.978029,3.1898792,3.2460809,2.454452,1.4518988,0.83473146,5.4592767,2.7507715,0.79081,1.2665924,2.207025,0.8200374,1.5332457,1.3087838,0.83922964,0.8336315,2.7163444,1.0932211,0.8698248,4.0475082,1.5307194,3.7622724,0.7785967,3.610519,2.253591,1.319669,1.8647667,2.4996727,2.5819826,0.78359944,0.8785329,1.9530498,1.1261806,2.8613706,2.9004323,3.4286435,1.4274174,1.9058378,2.2247124,0.87669873,1.0565596,1.1297784,0.7818114,1.3716949,4.0483685,2.2247124,1.4268202,10.673776,3.1790848,2.0080693,1.3188183,1.2397969,1.7614615,2.124626,1.7626909,2.8225017,2.353113,1.9615359,3.2910497,0.8542123,0.88542444,2.1201859,2.9478748,3.4236712,1.5402455,1.1386583,3.6489604,0.7357246,0.9346565,1.5677276,0.83285844,0.8511696,0.8637107,1.3735317,2.232209,1.2392111,2.8751223,0.75467277,2.7760038,0.9163901,2.0732527,2.3517964,0.27927104,0.96988964,1.8049334,1.359107,0.8006422,4.216959,1.5401238,1.4054687,2.321277,0.41901293,1.4411855,2.7463875,4.139857,2.6824732,3.4732275,2.9281237,0.9349192,3.1723373,2.759325,1.583583,3.5062368,1.7831595,4.5433993,2.6707118,0.8092287,2.2969196,0.93219995,0.7496491,1.0831707,2.792258,0.8741693,1.5624394,2.4497876,0.80699635,0.9506804,2.1199358,0.9232992,2.9435067,2.5566733,1.4804024,0.7926868,3.3751867,1.9303856,2.5545292,1.4353597,2.7602823,0.9758021,1.8236318,4.540592,1.669887,0.8443996,2.9455948,3.5556476,4.0640836,1.6194866,1.1788931,2.9388793,1.7254751,2.3717206,4.1538553,2.649863,2.633484,2.823972,2.0712109,1.8282524,2.3299334,1.6649623,1.757028,1.8878287,2.243837,1.2961646,2.4354458,3.022432,0.8290154,1.6955289,1.045152,0.86741763,3.5789797,2.568362,3.136443,2.5343432,3.6049774,2.1583407,1.1015083,0.7743847,3.3815389,1.4937216,2.9522195,2.8101146,5.296036,2.134899,2.250956,3.3201962,2.0927565,5.110634,0.7532662,4.0018616,3.0639198,3.3111107,2.843337,1.6425837,2.4643152,3.05347,1.420304,1.432397,1.6135551,2.797353,3.4326942,3.5384724,3.556781,2.4217687,3.6261456,0.7917302,2.7172387,2.6180897,4.540259,1.804108,2.5616884,1.9974345,1.3888531,0.92932224,2.5875914,3.7504256,2.9320803,0.8798807,3.0501351,3.2446702,3.7198079,2.4426885,3.0964234,2.8732154,2.0800774,2.8821507,2.370178,1.9571406,1.3355887,0.6875895,1.7693547,0.82732093,3.8414886,0.8820885,2.5785415,3.981682,3.9880102,2.6385682,1.834039
0.8925176,2.9709866,1.3361094,3.0777965,2.7045574,2.7056246,0.90116507,0.6633515,2.043856,0.615374,0.7708446,0.685765,1.364001,0.62093866,3.6114125,1.0989848,1.9905757,2.309156,3.1603963,1.8226753,1.0038283,2.4922156,1.8019952,2.5151854,5.1739435,1.0512953,4.994586,1.6163536,0.62202805,1.9870592,1.0471655,2.9168859,0.78761643,2.1015368,0.77627957,0.87732726,2.3485515,1.3638914,3.4222682,1.4710162,0.7954555,2.1937842,0.7561941,0.7993223,2.311196,3.485659,2.6546469,1.0670831,1.3176448,2.1092484,0.71221393,2.1761668,1.4200274,1.2304527,1.3948901,3.0104318,1.1022066,1.6017009,3.3352163,2.8816864,1.1747341,2.0868087,1.0273719,1.7314728,1.8002862,2.9118044,2.9379284,2.5872462,2.1607573,1.1053493,4.423576,1.6768172,1.2028223,0.55604035,2.5992892,0.84561425,1.0024885,1.9328165,0.57716763,0.5894778,3.1418805,1.7127094,0.50932616,3.1716216,1.0238727,3.751914,0.70453227,2.6199436,1.4326887,0.57754076,1.6044539,2.5661342,2.6749601,0.7503422,0.82952774,2.3423676,1.8916278,1.7973995,2.3820581,3.0850284,1.7922996,2.1078744,2.6076994,1.012588,0.88049734,0.6951632,1.2685438,0.5196196,4.102883,2.6076994,1.7877584,10.391309,2.5487967,1.9250784,0.71519446,0.8763953,1.2156328,1.7671354,1.9671247,2.230527,1.4907622,1.4161319,2.244326,0.5530108,0.7684038,1.5376292,3.002078,3.3466558,2.0501652,0.46633247,3.369804,1.2605768,1.1692679,0.86817974,0.6298907,0.75622815,0.75820625,1.0382863,2.1870344,1.9309864,2.7267196,0.8342316,2.4433272,1.0207212,1.5099205,2.1799364,1.291331,1.0545206,0.9059446,1.3676113,0.6603541,3.1149468,0.90314925,0.6077674,2.4438236,1.3386289,0.47215936,2.5376563,4.0792646,2.5258005,3.396326,2.4853368,0.36528182,2.4686866,1.930986,1.282168,3.1372643,1.4321558,3.5873187,2.2412682,0.6600535,1.9580911,0.5103067,0.7107165,0.64795935,2.7403255,0.5981692,2.0140064,2.1938767,0.5949537,1.121581,2.4399297,1.1980337,1.8240932,1.58579,0.88149613,0.6608415,2.9022186,1.6369594,1.4582276,0.52739775,2.5073926,0.5572317,1.2687407,4.372283,2.0107534,1.0291729,2.193415,3.2618713,3.8786864,1.2430209,0.4095289,2.0990317,1.060497,1.3331162,3.5006857,2.5577602,1.6261572,1.8914399,2.6341984,1.2361157,2.759943,1.0277954,1.2035245,1.1512146,1.6047649,2.100433,1.315085,2.4001582,0.9740026,0.9751867,0.21441405,0.6075946,3.9072204,2.4891748,2.8683856,2.0627398,3.3530548,2.2799635,1.4073453,0.6272778,3.1533031,0.8615911,1.9705966,2.8134408,5.0437946,2.4766815,2.7145543,2.8236537,1.8320544,4.0659094,1.2789547,3.7478979,2.006568,3.2944326,1.9758532,2.1012,2.5479856,3.0157032,0.79638946,0.89163655,1.3739008,1.695171,3.4405873,3.3111308,3.14423,2.8123953,2.798687,0.64242125,1.5766367,2.2522147,3.4634151,1.3669481,2.4090872,0.94355774,0.5072742,0.7211199,2.592257,3.4306464,2.7821846,1.0757395,2.3886967,2.2607272,3.713527,1.9148438,2.8061204,2.1685889,1.2617016,3.4032283,2.0559642,1.3570378,0.62724894,1.0489479,1.0778714,0.9135482,3.535665,1.257162,1.5851648,2.999403,3.8043795,2.848542,1.3369131
0.9296109,3.006813,1.3009312,3.0711966,2.6223435,2.6419744,0.9691802,0.776975,2.0679648,0.7164538,0.8328091,0.78229284,1.2266843,0.7104542,3.5373857,1.0818747,1.9561846,2.208451,3.08317,1.7441261,1.0940979,2.5115986,1.7755567,2.3879905,5.0927024,1.1435853,4.914492,1.5242916,0.69719595,1.8804499,1.1568923,2.9056125,0.78382283,1.9833469,0.77789325,0.7771921,2.3649437,1.4368861,3.3351686,1.4966986,0.89717466,2.2067058,0.82482654,0.88077295,2.1741133,3.4746673,2.6703835,1.1406349,1.3753978,2.126528,0.7853809,2.1592,1.4447322,1.3360342,1.500666,2.9462645,1.2145169,1.6236755,3.2649217,2.759132,1.2177644,2.118416,1.0488695,1.7459666,1.7176409,2.795759,2.9140768,2.6366158,2.1801584,1.2165291,4.3617134,1.6742419,1.3049974,0.51149756,2.499244,0.84506273,1.0607839,1.9697225,0.5892221,0.59168833,3.1484356,1.7712818,0.582501,3.1063664,1.1321311,3.800843,0.70437807,2.518632,1.286613,0.6151445,1.5302355,2.6184447,2.7256367,0.74871355,0.89105606,2.240707,1.8710734,1.717691,2.3474717,3.0057209,1.8379524,2.1508226,2.6222286,0.9933967,0.98252916,0.79099363,1.3657979,0.48637304,4.1435905,2.6222286,1.8583107,10.336308,2.4688318,1.9899354,0.647035,0.95197594,1.270018,1.8466196,2.0180461,2.2662175,1.5209738,1.4620365,2.2390852,0.5763502,0.7795808,1.592684,2.8744786,3.2577405,2.0509462,0.5822146,3.2894216,1.3533403,1.281003,0.954182,0.7083789,0.7335286,0.84326833,0.9865294,2.1461368,1.9458917,2.6046395,0.87277085,2.357202,1.1239077,1.5799747,2.0342717,1.319903,1.1660461,0.81728464,1.4503108,0.7067419,3.1007652,1.0127633,0.66214687,2.4989593,1.3796077,0.46614364,2.44224,4.0181413,2.4853525,3.2913027,2.3473556,0.43671224,2.3255253,1.791638,1.1932672,3.2017677,1.3594611,3.5273552,2.136716,0.6599183,1.8937193,0.5986291,0.78784364,0.72309965,2.6013176,0.62136275,2.0727248,2.0737393,0.6787178,1.236231,2.4795647,1.3077099,1.8115084,1.5095236,0.9083681,0.66702914,2.9094236,1.7298664,1.4402611,0.6381915,2.5256588,0.652299,1.3102473,4.442484,1.9126959,1.1451459,2.0538657,3.1564376,3.8030193,1.1642241,0.5492851,1.9621171,0.9712832,1.2121496,3.4168308,2.418071,1.612062,1.8413572,2.6426485,1.3277006,2.6723795,1.1172831,1.3047149,1.2327023,1.4537891,2.09704,1.3051337,2.2897077,1.0894581,0.99476576,0.3674143,0.69731545,3.9049811,2.5470302,2.771476,1.9096946,3.2922459,2.3290093,1.4437631,0.7373,3.225965,0.8502028,2.0312567,2.6744785,4.959952,2.3777907,2.6502454,2.7504573,1.7788852,4.0084376,1.3707578,3.6517842,1.979213,3.1713865,1.969813,2.1267953,2.4251156,3.0799484,0.70936626,0.87131804,1.463701,1.7001884,3.4950929,3.3805187,3.0546162,2.8222165,2.6847227,0.71538943,1.5541719,2.1116853,3.4436855,1.469602,2.358402,0.8694933,0.5945322,0.76598865,2.4610174,3.322627,2.8577402,1.1318032,2.2951846,2.3186536,3.7635899,1.8797635,2.6842508,2.0282998,1.300212,3.3203309,2.1293402,1.4426086,0.68085414,1.1545277,1.1713651,0.88605696,3.6028237,1.3607796,1.4989381,3.0269058,3.7091107,2.8901541,1.4346025
0.9311759,1.731195,1.830737,3.8620074,2.5756433,2.2141268,0.6152589,0.9000893,0.80122733,1.5234137,0.6640729,0.8782429,2.395987,0.8890397,3.751607,1.904444,2.6233013,1.9120531,2.5816941,2.5163,0.7226384,1.172714,2.6545198,3.1206558,4.746519,1.4616315,5.1721716,2.3423238,1.0953065,1.7841069,0.79097193,1.6764611,1.0792453,2.7937407,1.1568768,1.9076129,1.0036516,0.8263824,3.7439404,2.0201423,1.2630496,3.083905,0.6952911,0.9379068,2.8641346,2.1854136,1.3378656,0.6014259,1.8818343,0.8331409,0.7417713,2.9471529,2.3549163,2.3858516,1.6149567,3.2103765,0.8192719,0.5417363,2.744194,2.6250038,1.5443121,2.6771927,2.2566345,2.7872117,2.4724941,3.4129915,2.3275788,1.7078861,0.8351623,0.787618,4.921633,2.5493743,0.75320715,1.7335154,2.0354722,1.1093032,1.5560634,0.6335291,0.99336946,1.0093291,1.8340135,0.7777012,0.93191457,3.4010158,1.6492578,3.2022362,1.014044,3.1904576,2.402895,1.4172821,2.317913,1.8193126,1.8894316,1.0362467,0.60505384,1.9935713,1.5977787,2.5461745,3.1076643,3.7210593,0.6830424,1.4421366,1.3535244,1.210112,1.049584,1.1752694,0.7832825,1.4717877,3.410725,1.3535244,0.73325074,10.32839,2.5408,1.5555748,1.5495746,1.3350554,1.7534834,1.9736412,1.0589204,2.4106784,2.4447548,2.1003046,2.9136512,0.97887915,1.0522845,1.998101,2.6438909,3.6675408,0.7209504,1.4143872,2.7511702,0.7631684,0.79393077,1.4688572,0.83456457,1.138218,0.72003686,2.0133662,1.4829301,0.72942525,2.275692,0.9365169,3.0871067,0.7222633,1.9790088,2.4140995,0.99592924,0.79571784,2.1599464,0.9435747,0.9076227,3.867129,1.4689864,1.4606354,1.6159943,0.9831651,1.4984512,2.027012,3.1853774,1.7160866,2.7219124,2.5287452,1.2062696,3.0157032,2.6461215,1.1095216,3.2735693,2.2748835,3.9473116,1.9979006,1.0115296,2.5676324,1.076001,0.8629543,1.1780571,2.4885554,0.9713838,0.8951187,1.9841852,0.8915745,0.81764793,1.2373321,0.7813825,2.716819,2.1617358,1.661221,0.9916337,2.5544953,1.7604665,2.485896,1.5673242,2.731798,1.0971593,1.8493247,4.2255464,1.9542676,0.8295859,2.6630833,2.7646072,3.1401932,2.2030942,1.2887442,2.7614043,1.3054153,2.4250462,3.3488936,2.3573074,2.6990814,2.991181,1.2806469,1.9464879,2.6861093,1.470009,1.5867902,1.890572,2.4027755,1.0880958,2.344223,2.389609,0.83204,1.851744,1.2759026,1.2258421,3.1938434,2.094386,2.3553822,2.2319884,2.6591685,1.4022346,0.29945797,0.92479974,3.1398146,2.0511286,3.03374,2.580759,5.2356305,1.8575952,2.8676622,3.5205135,1.5567598,4.615128,0.7489702,3.151503,3.2075605,3.1516895,3.0757446,0.760711,2.108625,2.5088894,1.7611524,1.8273317,1.2670422,2.5963428,2.8890579,3.249387,2.7067595,1.5474616,3.0666716,0.8089228,2.633567,2.9530742,4.117797,1.6286328,1.6233188,2.1153305,1.5806614,1.2370268,2.610254,3.8841264,2.5826569,0.45904854,2.3581474,3.2361016,3.1607196,1.6837295,2.530224,2.7369256,1.8251619,3.3464305,2.1850514,1.8411688,1.4263557,0.78442645,1.6995063,1.1529468,3.6195445,0.7568664,2.637889,3.6285124,4.1082015,1.8717425,1.6981751
0.9912095,2.6721075,2.4912584,4.211978,3.7303438,3.5226383,1.028255,0.96932226,1.9543204,1.4232732,1.1179262,0.8887401,2.4041722,0.93566036,4.7532005,1.5416274,3.19989,3.1253827,3.915287,2.118808,0.7996372,2.1577775,2.9610612,3.160957,4.979821,1.5712636,5.2831464,1.9526057,0.9873097,2.257015,0.8357735,2.6222951,1.0124545,3.2941353,1.0610238,2.0391295,2.2330186,0.75714135,3.4375699,2.3482256,1.1543262,2.5682018,1.0180119,1.006948,3.1182132,3.4267206,2.5595078,0.86235553,1.9223689,2.0780954,1.0520037,3.2602894,2.419162,1.8218455,1.605449,4.1645336,1.1282359,1.2697328,4.1060305,3.7805824,1.3761779,2.9316251,1.5274305,2.3079379,2.3334253,3.3438115,3.4870381,2.5161643,1.8413743,0.90609455,5.6529636,2.725746,0.85212636,1.3740377,2.7645085,1.0097803,1.4106841,1.6239246,1.0646427,1.0730004,3.059462,1.2300535,1.0431702,4.339879,1.2923234,3.654637,1.0257548,3.8320158,2.481916,1.321703,1.9187456,2.5098011,2.5994217,1.0202918,1.1270975,2.4783218,1.4042114,3.0837524,2.7552683,3.4075825,1.6322075,1.9082086,2.513512,1.0856115,1.0006701,1.0911837,0.81390744,1.4559761,3.9972641,2.513512,1.5856042,10.651116,3.605421,1.9263101,1.4379072,1.1316986,1.6009051,1.8866594,1.8673098,2.7169974,2.1624694,1.7297641,3.3141522,1.0652043,1.0470371,1.9413451,3.421972,3.4996285,1.967464,1.2494544,4.110079,0.7934682,0.9904689,1.4898779,1.0081403,1.0887014,1.0677823,1.5391759,2.74826,1.6048373,3.3836923,0.91141254,2.8049083,1.0619035,1.8641546,2.7580411,0.7833264,1.0676398,1.902058,1.3598527,0.9806986,4.2668343,1.4234934,1.3814553,2.3582568,0.71668416,1.5039712,3.2870538,4.5990076,3.1098454,3.9974122,3.3026738,1.0331147,3.4319701,2.9885612,2.0850067,3.220605,1.8297344,4.78886,3.1620114,1.0505779,2.2847848,1.0025247,0.88863087,1.3287573,3.3434803,1.0713161,1.7133312,2.8481896,0.9621692,1.0115231,2.3481765,0.9756612,2.9614973,2.8304932,1.3881073,1.032053,3.487497,1.7017328,2.5249374,1.4927993,2.5503104,1.0081416,1.663014,4.248332,2.1216109,0.92207193,3.2307212,4.0464525,4.531526,1.8307908,1.2604021,3.174832,2.1163626,2.540039,4.514324,3.1512046,2.5287707,2.7488823,2.4484448,1.5592885,2.8385804,1.5838528,1.6078371,1.698682,2.5106027,1.6803161,2.4266753,3.3700225,0.9282334,1.5855693,1.1414756,1.0815791,3.6115463,2.4541726,3.5574818,3.0142326,4.0453377,2.2442112,1.4027846,0.944971,3.0885994,1.4546412,2.8593166,3.3550642,5.3360295,2.7089381,2.6378803,3.2773144,2.5907502,5.3066297,0.81820726,4.4848766,2.962942,3.654011,2.650286,1.9852903,3.0096416,2.9340465,1.5395325,1.3962071,1.5319518,2.783752,3.3190556,3.2644424,3.990836,2.7240338,3.9444396,0.99225193,2.71121,2.9197261,4.621281,1.6169053,3.0137658,2.177567,1.4919653,0.9439337,2.9776125,3.8587432,2.7035317,1.1296762,3.4525375,3.162341,3.6111934,2.6694732,3.5047588,3.1197393,2.0303822,3.3135605,2.1236298,1.7642357,1.3053639,0.7771592,1.6130002,1.0944859,3.532843,0.9312368,2.6252968,4.008801,4.0701413,2.7299674,1.638825
1.267644,3.3012395,1.5701327,3.1316874,3.1076944,3.1303728,1.2189741,0.8581821,2.408842,0.43236762,1.1206843,0.95593107,1.653025,0.9258848,3.9505498,1.3951018,2.1727374,2.8068063,3.630457,2.088091,1.1581799,2.828533,2.0059683,2.8904727,5.5937657,1.2794838,5.4051223,1.8095464,0.9663418,2.3484113,1.1823261,3.3062055,1.1756167,2.4863877,1.1757845,1.0270317,2.6940892,1.5787885,3.5062087,1.7410634,1.0524449,2.3135986,1.0841713,1.1215596,2.7405825,3.8780205,3.0071907,1.270365,1.5593501,2.4790046,1.0463365,2.378978,1.5541486,0.76980996,1.5574428,3.306693,1.2321314,1.9105887,3.759343,3.3677254,1.4937003,2.265481,0.91324884,1.8136889,1.8084036,3.265517,3.385298,2.9174082,2.4731803,1.2356702,4.6426764,1.8668928,1.3625538,0.7176741,3.0111542,1.2271037,1.2976254,2.235579,1.0083314,1.0220866,3.5090184,1.9878528,0.8857959,3.4572182,1.1535422,4.061609,1.1098976,2.9828408,1.7402335,0.96281904,1.8746917,2.8918147,3.0031712,1.1492945,1.1666493,2.7248442,2.1673963,2.0510197,2.6353295,3.368982,2.1232278,2.4586856,2.9860551,1.3859919,1.1346024,0.9929426,1.4418138,0.9759279,4.4384828,2.9860551,2.0405395,10.811309,2.858745,2.2268858,1.1382014,1.1659929,1.4852309,1.9741191,2.3022387,2.5219898,1.6308215,1.6195264,2.4324002,0.98380286,1.1766608,1.7841995,3.4988828,3.6944966,2.4199326,0.355155,3.8305194,1.443376,1.3024638,1.1245674,0.9669284,1.1627614,1.0378755,1.0539635,2.5036366,2.2725534,3.2397792,1.1913589,2.745472,1.1881632,1.7177472,2.5990293,1.4955251,1.192603,1.0446568,1.645382,1.0445033,3.1996484,1.0841262,0.956132,2.762542,1.5592633,0.9035011,2.9605494,4.530087,2.9419668,3.8931174,3.0084429,0.74077535,2.9064837,2.3442802,1.7059429,3.3256264,1.6641198,3.8304694,2.6720612,1.0794429,2.2808242,0.85833937,1.0237373,0.70858645,3.1911955,1.0295526,2.3014436,2.73482,0.92118347,1.2440181,2.7618468,1.3386099,1.9780284,1.8792169,1.1882783,1.0742823,3.2695582,1.8293091,1.6500475,0.43419316,2.7974463,0.88299346,1.5448626,4.5650525,2.3520184,1.1402618,2.6591902,3.7480562,4.3402114,1.2810198,0.5129305,2.5196056,1.4832034,1.5989002,3.924254,3.042839,1.7855815,2.069914,2.9845586,1.3442006,2.9392776,1.2627032,1.3805609,1.3051271,1.9567107,2.4433858,1.4932026,2.9058166,1.0864849,1.2504108,0.49124795,0.59469336,4.3150315,2.7899415,3.3962386,2.5052364,3.782169,2.615218,1.7574302,0.8048838,3.3435535,0.8848007,1.7083263,3.2543442,5.452635,2.9010496,2.776942,3.1195393,2.1013782,4.2473774,1.4652222,4.2305956,2.0729854,3.783061,2.063242,2.4328117,3.0208588,3.2924664,1.1385752,1.1544336,1.6254745,1.826323,3.7398386,3.5153143,3.6159732,3.1955297,3.23061,0.9798495,1.7249972,2.5037417,3.5734,1.537653,2.8389022,1.0294517,0.3867453,1.0481426,3.0324366,3.8030407,3.0041206,1.4033643,2.796415,2.038256,4.0209312,2.3801696,3.3471503,2.6133292,1.5492939,3.5580394,2.2709742,1.5378294,0.97873896,1.1941026,1.249853,1.3003777,3.7137775,1.4163469,1.8613157,2.976476,4.185378,3.193196,1.5108695
4.873121,5.545991,3.2276618,1.9913242,2.6366742,3.2315836,4.746678,4.6749187,4.9774594,4.4124484,4.605624,4.7572627,4.2395735,4.710047,1.4368005,4.827295,2.44854,3.6675277,3.4810243,5.392992,5.010332,5.5485115,2.8920197,4.99338,7.900318,4.24662,6.565403,5.401349,4.708979,5.325808,4.9541283,5.836215,4.9244804,3.0678482,4.8644366,4.096318,5.1305947,5.3406577,6.908475,3.522058,4.5829086,4.961749,4.694327,4.7110386,4.478093,5.520588,5.1517606,5.0278153,4.120972,4.9183707,4.6362596,2.7667453,3.516986,4.5604496,4.4949927,1.697051,4.727627,5.314307,3.3937273,3.5565958,4.778388,3.2582538,4.959684,4.6035786,5.195589,5.5983324,3.7205899,4.909505,5.4411306,4.931721,0.5125586,3.2505255,5.0530252,4.7148666,5.5670433,4.9605346,4.5618334,5.2681623,4.710198,4.7278614,5.319819,5.3431773,4.609869,1.52219,4.652278,5.45462,4.841126,2.4199991,4.206904,4.4609284,5.282907,4.8841143,4.9468384,4.8793964,4.6240325,5.617095,5.9328628,2.7070827,5.1348643,5.796628,4.9799685,5.1345124,5.124782,5.088343,4.732814,4.604734,5.143397,4.379251,5.6334176,5.124782,4.96759,10.406294,2.8131762,4.742035,4.627719,4.7180743,4.5394526,4.681211,4.8803935,3.9994783,4.2699804,4.7302265,2.5879717,4.678015,4.8281603,4.395199,5.256217,6.224569,5.1096125,4.526862,3.5961084,5.1623516,4.899597,4.2753544,4.6528835,4.881877,4.6269274,5.0750246,4.1721563,5.392386,4.360398,4.916188,5.467236,4.7493563,4.4452024,5.027311,5.4703465,4.7547674,4.4504566,4.7191777,4.7495346,1.8382231,4.3448105,4.3780966,4.8968725,5.4909434,4.260173,3.911384,4.3526025,3.84685,4.430233,4.1149316,4.663643,4.0051727,3.8121526,4.139294,5.0262704,5.177547,0.91313964,3.5042214,4.789769,5.2151012,4.6489263,4.793238,4.4801145,4.8548937,4.683563,5.1665783,4.3573313,4.6877904,4.8464823,4.965202,4.9351325,2.929592,2.9093637,4.638818,4.7935348,3.4474103,4.69336,3.548335,4.250413,5.2627482,4.6436567,4.57349,5.952605,5.6109056,4.8711543,3.6376393,3.738692,3.9478426,5.046125,4.391705,3.654468,3.7749705,3.7706528,2.3624213,4.810615,3.9543324,4.241002,5.3888288,4.6118155,6.1323657,4.2202187,4.325332,4.3209767,4.4646645,5.7015443,3.4921753,3.2604885,4.8390226,4.520785,4.5200124,4.7396693,6.3868732,4.9004297,3.933824,3.990891,3.5783105,4.798106,4.8229723,4.710266,5.2756305,4.8942466,3.7098987,5.0747933,6.640936,5.3415537,6.4221773,5.306732,3.9672785,0.6097932,5.1604986,3.8445337,3.9256077,5.5886893,4.502002,5.045367,4.9772215,5.0614185,4.694796,4.845168,4.5273933,3.1156008,5.3526034,5.277616,3.2715259,5.192711,2.5520434,4.680831,3.331869,5.1496606,1.4260943,4.4637194,3.8895967,3.8877642,4.311644,4.880798,5.419567,5.730791,5.062622,4.7779865,2.8067315,3.4730327,5.442933,3.5361814,4.233593,4.0315394,3.8745687,6.875565,4.7798467,4.3480525,4.4757934,5.005496,4.2872195,5.0104594,5.3648176,5.026983,3.9171839,2.3519864,6.192278,5.096794,4.4408593
1.0853225,3.132526,1.8966286,3.1036844,3.2482216,3.2495174,1.2207705,1.034616,2.3278768,1.1348006,1.1769592,0.9748565,1.7521538,0.9644066,3.9923582,0.92171586,2.315825,2.903457,3.6801085,1.8839977,1.3488019,2.7978141,1.8391068,2.7020657,5.345912,0.83429044,4.8526487,1.9502597,0.78211856,2.6573608,1.2609255,3.2586184,1.1373328,2.4090176,1.0290414,1.5940243,2.7214859,1.4952844,3.9099026,1.344493,0.64111114,1.594083,1.14471,0.9241395,2.5739605,3.8853357,2.9975123,1.4399256,0.9285753,2.4431698,1.0977229,2.0994647,1.2264429,1.1037003,1.0026295,3.4388914,1.3310888,1.9799119,3.9076571,3.5033689,0.8765234,1.824108,0.9150488,1.1793987,2.4611666,3.0509005,3.1511765,2.5744328,2.542252,1.3036337,4.654379,1.5444286,1.3605711,1.01258,3.2295454,1.1343693,0.66052634,2.2439082,1.0288022,1.0540099,3.491787,1.8459175,0.9490815,3.591807,0.44778067,3.45168,1.1132423,2.9036365,1.8762205,0.6194104,1.6817414,2.474636,2.5917501,1.1264884,1.235389,2.9432514,2.1639435,2.216557,2.00971,2.9508934,1.9939766,2.0160952,2.8829002,1.2874018,0.8533859,0.6822462,1.384443,0.79370785,3.8806696,2.8829002,1.9732739,10.131066,3.2113461,1.7094766,0.9955823,0.6652928,0.7655085,1.2471812,2.0360901,1.8857944,0.9458589,0.8230062,2.2076263,0.9999753,1.0427428,1.0465689,3.5360687,3.348601,2.486411,1.0238087,3.9313583,1.3949444,1.3418511,0.6587868,1.0127597,1.147557,1.1554658,1.496052,2.897457,2.2667997,3.3423173,1.0793921,2.4068923,1.3115407,0.97093415,2.7151546,1.6548634,1.2960973,1.2500436,1.3562164,1.0061573,3.16273,0.64312994,0.5633551,2.4041157,1.5862303,0.72678256,3.2631557,4.60275,3.0618865,4.01442,2.934925,0.78211147,2.7871923,2.2559576,2.0547502,2.5406344,1.5333118,3.9266515,2.944208,1.0858108,1.8497329,0.78621477,0.99999875,1.2970773,3.4378226,0.9989012,2.1592367,2.6595018,0.96581036,1.3125254,2.668976,1.3590852,1.8139285,2.1125894,0.624211,1.080912,2.935717,1.1745379,1.3247854,0.9547088,2.0240195,0.7459254,0.81228966,3.8054223,2.5456815,1.257459,2.5681152,3.8665648,4.4269605,1.7456049,0.8847223,2.417735,1.7934136,1.6999878,3.9446568,3.1749015,1.3078064,1.6619793,3.0177555,0.53126854,3.43451,0.8214159,0.8594726,0.6008084,2.056121,2.4420192,1.2584883,2.834707,1.236837,0.6297413,0.80309796,1.1999189,3.79731,2.1976922,3.3461277,2.7691913,3.8924336,2.3100014,1.7403017,1.063327,2.5765855,0.9591785,1.9199432,3.4949214,4.918822,3.1321304,3.2823539,2.6308897,2.6050956,4.329928,1.4161668,4.32274,1.7548025,3.6375742,1.510639,2.4610088,3.1995292,2.7231815,1.1027378,0.85876775,1.2048537,1.6244774,3.14307,2.759575,3.6803188,3.1019337,3.2139206,1.0473629,1.5242052,2.7291625,3.55326,0.9670186,2.9817574,1.4965565,1.0545411,0.8241319,3.047662,3.4660983,2.3215654,1.3970094,2.9777675,2.210033,3.4139504,2.1646388,3.2650769,2.4792132,1.0499542,3.98584,1.5280521,0.8627431,0.57020676,1.2607181,0.6550167,1.2813034,2.9203553,1.3978552,1.6153501,3.0628505,3.7857265,2.8670745,0.8877277
1.4996362,2.6995432,3.0511208,4.137034,3.8565223,3.6881697,1.822382,1.9978456,2.2523623,2.5451639,1.9036664,1.7886313,2.6538544,1.8095772,4.6145854,1.3667958,3.4169736,3.25386,3.8993154,2.0542424,2.0666487,2.5796056,2.7918227,2.779287,4.4339924,1.5953944,3.901401,2.5417092,1.5720558,3.0684426,1.9514822,2.8643222,1.6965072,3.0625358,1.566485,2.897192,2.7085273,1.6907539,4.4352274,2.0332901,1.4540501,1.5781971,1.8741274,1.554519,2.74624,3.643618,2.8932478,2.0651183,1.4725987,2.4250777,1.8699119,2.869466,2.268357,2.6728077,1.4156858,4.244244,2.09483,2.1417713,4.2796226,3.873281,0.9607327,2.4121826,2.1284204,1.7450514,3.5678368,2.912579,3.0212133,2.1319795,2.5500202,1.9763827,5.4332395,2.4298131,1.8700898,2.1898553,3.3588006,1.6203971,1.1854924,2.275816,1.7848995,1.7992308,3.2929215,1.759029,1.8475,4.408533,1.3061657,2.4365892,1.7534372,3.5303452,2.7578223,1.566836,1.9429567,1.9435109,2.0268836,1.718408,1.9349904,3.126776,2.0956652,3.2941277,1.658359,2.5944953,1.9641625,1.3394861,2.634097,1.631194,1.4900494,1.5155766,1.7758812,1.7439696,2.8769612,2.634097,2.1241746,8.943881,4.1081004,1.3041579,1.7376187,1.2579473,1.0803477,0.9971824,1.8215168,1.6989117,1.6189152,0.99305695,3.012389,1.7829072,1.5793105,1.1407588,3.4502988,2.7896824,2.5474856,2.383873,4.181168,1.7757086,1.9813029,1.5672988,1.8367023,1.746523,1.9768105,2.580666,3.5850124,2.2021878,3.5019238,1.5837666,2.2562551,2.0698617,1.1574568,3.0156755,2.074205,2.0633554,2.4367204,1.5559444,1.7054455,4.1543255,1.611338,1.5839804,1.9826622,1.8471849,1.8051251,3.8060637,4.6515307,3.3986776,4.12197,3.039098,1.8076628,3.0796192,2.7829955,2.8294423,1.7359428,2.0138464,4.767622,3.5843475,1.7626711,1.6637949,1.703849,1.7232343,2.5181887,3.7623014,1.7303289,2.046609,2.6795735,1.8171757,2.0200288,2.5727246,1.9532362,2.8253474,3.177016,1.305638,1.7591913,2.8864615,1.1167183,2.2858148,2.398921,0.79217273,1.6516575,1.0384179,2.747089,2.8007731,2.0298789,2.9519935,4.120083,4.567986,2.8205512,2.1884642,2.9055886,2.726151,2.7489254,4.34656,3.3656423,2.088019,2.2702758,2.9086874,1.2491548,4.011954,1.6090838,1.5295439,1.4538686,2.7390292,2.2701151,2.3451176,3.1146004,2.0557494,1.3644295,2.0565076,2.4017162,2.478454,1.4375191,3.3529747,3.4028454,4.1765575,2.0040653,1.9974468,2.0633757,1.628235,2.0974162,3.3938024,3.7801938,3.9975672,3.3144383,3.9307635,2.3252554,3.5333426,5.2410793,1.7836576,4.4913716,2.6488075,3.2677073,2.0593462,2.5246031,3.380941,1.951533,1.9341717,1.6027054,1.4665384,2.6629796,2.1747513,1.8053157,3.9668002,2.8259199,3.7140625,1.8555713,2.5863872,3.3624218,4.4939923,1.4021777,3.3417435,2.8759704,2.4939578,1.4855341,3.0413666,3.0857987,1.5040138,1.864661,3.6611557,3.6192038,2.4075878,2.363017,3.2119377,2.7957401,1.6986406,4.4026823,0.9750806,1.3567063,1.5144789,1.9147199,1.5203437,1.7510247,1.9902779,1.8836049,2.363497,4.201363,3.140242,2.3337464,1.3540633
0.82279265,2.9816105,1.5653282,3.3501232,2.8304741,2.8105268,0.9325961,0.77192044,2.0509176,0.83106977,0.83124316,0.7305069,1.2762647,0.6641283,3.7866745,1.0048081,2.2413762,2.3237925,3.2233076,1.5847604,1.0044855,2.438736,2.037392,2.3387992,4.92519,1.2699116,4.871578,1.3261908,0.64097697,1.7341807,1.1037409,2.8118668,0.59578854,2.1729743,0.6226915,0.9207121,2.3431795,1.2972406,3.1285563,1.7146245,0.92842245,2.2183757,0.79137933,0.85200095,2.1814883,3.464519,2.6654406,1.0437797,1.5117537,2.1204553,0.7730835,2.4108293,1.6764946,1.4331939,1.5836036,3.2057068,1.2340192,1.4963956,3.418101,2.8763294,1.1884276,2.3439279,0.967957,1.7962388,1.6195592,2.6947203,3.052786,2.6744125,2.094322,1.1789379,4.633365,1.9126325,1.2394241,0.38077927,2.3747792,0.66066784,1.0900763,1.9009416,0.4740762,0.46009335,3.1483762,1.6736236,0.5596152,3.3678389,1.166559,3.8433206,0.537379,2.7416945,1.3374141,0.65923876,1.3659226,2.659935,2.7639966,0.5740548,0.8874997,2.0809574,1.6220819,1.9832098,2.3161216,2.9137316,1.8132982,2.1212177,2.615542,0.78710234,0.96891046,0.80296737,1.2812197,0.54981977,4.183662,2.615542,1.8516576,10.354323,2.6769273,2.025961,0.5615271,0.9295906,1.3137035,1.897824,2.025375,2.4037821,1.6273841,1.4735249,2.5045989,0.48491156,0.6469663,1.676154,2.8094065,3.1213036,2.0013888,0.64948386,3.4224,1.2592093,1.2599064,1.0759975,0.6826797,0.54080474,0.8477486,0.80880415,2.234612,1.8391157,2.6370583,0.73717976,2.2510428,1.1246713,1.6612381,1.9429411,1.0969838,1.1734729,0.84361005,1.4681354,0.61578786,3.380888,1.1253965,0.7489716,2.5339217,1.1691759,0.6069621,2.5380623,4.1184688,2.6064134,3.3444424,2.3972385,0.34714943,2.3941343,1.8919079,1.2698692,3.2704391,1.1997871,3.7993326,2.2752726,0.50874865,1.792456,0.5637476,0.7098554,0.79324424,2.5721357,0.5357561,2.0408762,2.0909052,0.6347982,1.2266186,2.4986472,1.278814,2.0742548,1.7735487,0.89351225,0.5194865,3.0861886,1.7782406,1.6520768,0.8165333,2.5022447,0.631656,1.3428352,4.490351,1.713433,1.1196351,2.1657248,3.2668867,3.9212122,1.0257815,0.6760566,2.0789387,1.151503,1.3690873,3.6248243,2.3821614,1.7562656,1.9267656,2.6004066,1.3794819,2.4973955,1.2493612,1.4174507,1.343139,1.4432682,1.9405468,1.5409435,2.441307,1.0670017,1.0240145,0.4219525,0.6593131,3.8304183,2.5866268,2.8594403,1.9749895,3.4351723,2.3656354,1.4160863,0.7120992,3.2708302,0.73442364,2.2457204,2.621114,4.911945,2.2778878,2.4385955,2.7066922,1.8956956,4.284306,1.2793448,3.7658625,2.123813,3.0875762,2.0380354,2.1055915,2.3725243,3.1315935,0.599022,0.75617564,1.5277662,1.9581378,3.533147,3.4319527,3.2059896,2.8172922,2.8847084,0.67524314,1.7887688,2.0221658,3.7272959,1.556551,2.4701753,1.0700483,0.75055546,0.62567633,2.3436651,3.2480128,2.9049938,1.0969907,2.4984572,2.5506234,3.8056471,2.042017,2.7308471,2.0926583,1.4769818,3.112421,2.175951,1.5467006,0.7255752,1.0826671,1.2921008,0.6765246,3.658857,1.3103894,1.621721,3.3047934,3.6129034,2.9147637,1.523864
3.4600806,4.5223517,2.3010607,1.8210477,1.9215555,2.5249915,3.4898703,3.4770129,3.842894,3.3349326,3.35554,3.479347,2.6197927,3.4209435,1.4115188,3.1967745,1.657334,2.4919515,2.707357,3.629438,3.8225617,4.411298,1.5951576,3.117586,6.157298,2.9983566,4.7315006,3.7823455,3.3315604,3.9086494,3.7872,4.615842,3.4687588,1.2802954,3.3859513,2.867933,4.098411,4.0414767,5.4472413,2.2486985,3.2497358,3.3083246,3.4308925,3.3824892,2.6133358,4.6264296,4.1842866,3.824581,2.75733,3.8271596,3.3758645,1.4969461,2.245392,3.5165417,3.2797797,1.4802336,3.6514952,4.0480843,2.9067025,2.4444702,3.2689574,2.1404583,3.510373,3.0223203,3.9655771,3.7110572,2.7870033,3.8562872,4.2981777,3.7904212,1.7154204,1.912303,3.8719773,3.2904592,4.178675,3.488806,3.1062336,4.118298,3.313302,3.3216627,4.4251814,4.0826926,3.301094,1.4690003,3.3033915,4.368329,3.4138408,0.60208434,2.5933259,3.016118,3.554018,3.7834027,3.8604414,3.438194,3.3908844,4.148364,4.405144,1.5290073,3.3138456,3.8801415,3.807537,3.798432,4.071166,3.5739002,3.429484,3.2599082,3.9288886,2.8964465,4.6183786,4.071166,3.9036703,9.193107,2.3111162,3.4815333,3.0704775,3.2996333,3.0668411,3.335754,3.7129908,2.701034,2.7655468,3.1873343,1.5560718,3.295236,3.3775651,2.962707,3.7175574,4.311967,3.966457,3.3745403,2.928145,3.9349055,3.7804,2.9606042,3.3692687,3.4112804,3.4217575,3.6652036,3.4207463,4.1355553,3.0513504,3.5110433,3.5914624,3.6326208,3.0565991,3.3764706,4.122889,3.654397,2.9714046,3.5039887,3.3826096,1.6607369,3.088041,2.961879,3.8146913,4.120753,2.8231852,3.0205724,3.843978,3.0626621,3.4184852,2.440284,3.291185,2.1542113,2.0061765,2.9593902,3.7744856,3.4922988,1.4272635,2.5177267,3.368369,3.394215,3.304821,3.4752681,3.3932743,3.5023286,3.2911339,4.0435486,2.7664912,3.391434,3.73944,4.0051537,3.806099,1.7269862,1.8266201,3.1105978,3.3799288,2.6261501,3.4064102,2.083021,3.1324234,3.6153512,3.3027136,3.0536916,4.872365,4.0676455,3.7424166,1.836635,2.8321037,3.4017913,3.633875,3.2202432,1.8240733,2.5832942,2.223519,1.8597844,3.313719,2.3890698,2.5381196,4.350312,3.226706,4.8364305,2.9648125,3.0960472,2.966021,2.7943246,4.3518014,2.1171975,1.7773396,3.7084684,2.975623,3.2496645,3.5797384,4.9112563,3.6592758,2.693513,2.6037428,3.0605836,3.7073965,3.6189554,3.5102146,4.0355988,3.4143245,3.0340772,3.6798518,4.7969117,4.00231,5.0855265,3.399679,3.1736338,1.6717637,3.9373865,3.1267524,2.4160423,3.8479745,2.8910012,3.9886098,3.5851493,3.9747949,3.1243176,3.2654943,3.311543,1.9372542,4.242399,4.0711594,2.4582374,4.173948,1.0739901,3.3953617,1.9532036,3.5328422,1.6821907,3.232095,3.0273588,2.6631718,3.1855102,3.4302175,3.7235513,3.8022213,3.8678253,3.5392673,1.9004475,2.9761124,4.357289,2.2691746,2.7139251,2.1854184,2.5248,5.493459,3.4315758,3.0383205,3.0431502,3.814657,2.9925022,3.5208843,4.1423535,3.8678215,2.200927,2.4835238,4.2641487,4.056399,3.171474
2.6897252,4.2623873,1.7227882,1.9782604,2.0961814,2.6130219,2.78034,2.7057781,3.4288151,2.4682324,2.6341248,2.7018192,1.4900502,2.6334329,2.2493925,2.2866912,1.3653798,2.2887483,2.9107132,2.626529,3.0627146,3.9705286,1.0880187,2.2733822,5.674603,2.3912358,4.5261893,2.6971824,2.5252464,3.0773807,3.067073,4.203833,2.609151,0.50317395,2.5355792,1.8579373,3.7150764,3.3173373,4.3915763,1.8145297,2.5155706,2.5666528,2.686036,2.6462631,1.8338333,4.467607,3.895635,3.0790505,2.1863866,3.438742,2.6324885,1.289199,1.6112679,2.6100476,2.738387,1.9387172,2.9965558,3.3759112,3.126237,2.379139,2.5487173,1.9507244,2.4447138,2.1799576,2.8977242,2.8900757,3.0004835,3.6657643,3.7655914,3.0938544,2.6560023,1.3733819,3.1805007,2.2526734,3.5145347,2.6361713,2.377035,3.583755,2.4723198,2.472006,4.2351713,3.4782045,2.4983323,2.0011225,2.5693169,4.395871,2.5624113,0.7390252,1.4747027,2.179258,2.5465481,3.5940578,3.6907704,2.5862281,2.6826901,3.3691833,3.5523956,0.8798878,2.5750225,3.0927043,3.326176,3.381895,3.7947598,2.709652,2.712343,2.4985504,3.236502,2.006211,4.714283,3.7947598,3.4210267,9.584598,2.200215,3.1010945,2.131467,2.5392103,2.3851364,2.8472986,3.3242528,2.529502,2.0219162,2.4528866,1.494738,2.4635715,2.5531616,2.4114325,3.223076,3.5749514,3.479326,2.487423,3.1316123,3.2338755,3.1126797,2.2730236,2.5970807,2.533678,2.6928375,2.5712872,3.0381598,3.5523174,2.74982,2.710123,2.7029402,2.9508438,2.4933636,2.5234044,3.2781408,2.9807866,1.857362,2.9568934,2.5798566,1.9079359,2.408419,2.149061,3.5810673,3.308043,1.950106,2.7526302,4.0923533,2.977023,3.3578713,2.0293908,2.4107356,1.4922925,1.1028894,2.2866447,3.6158967,2.4450538,2.1610515,2.2235305,2.5192194,2.5237916,2.4882543,2.6918726,2.5714405,2.9399364,2.4709773,3.587837,2.3058696,2.5999842,3.066688,3.723185,3.1404977,1.2271497,1.2496166,2.2688775,2.5357308,2.9031239,2.8970382,1.3044508,2.28109,3.137715,2.5006938,2.3533237,4.8826947,3.174133,3.0325418,1.2245044,2.9119494,3.6759262,2.5157542,2.3947892,1.0198756,1.8876145,1.080073,2.4834392,2.7363076,1.5729929,1.6168004,3.9783156,2.5109153,3.9158447,2.3510125,2.5154672,2.28249,1.7384309,3.7080972,1.3406894,1.7046853,2.9874363,2.1325881,2.371007,2.6996284,4.693995,3.4221177,2.6838124,1.9352027,3.2743971,3.4436252,3.0408607,2.712909,3.8441894,2.3465147,2.3646555,3.0743794,4.5676417,3.3743575,4.060829,2.6661458,2.650445,2.4133403,3.24309,3.3604505,1.5382555,3.3419383,2.0513866,3.5568585,3.0264409,3.871569,2.1117241,2.2939754,2.7944107,1.4078367,4.1996336,3.9382746,2.6856925,3.9387734,1.3386847,2.6184788,1.1721298,2.478996,2.1616209,2.6836586,2.8770833,1.6383644,2.295354,2.5761786,2.9718926,3.1492074,3.6544616,2.8743463,1.8533673,2.4474106,4.376052,2.1136534,2.5083199,1.4298884,1.9754297,4.5420794,3.0146487,2.4637287,2.2248127,3.082711,2.3399737,2.6459646,4.0203977,3.2011876,1.1816779,2.526184,3.682265,3.9000192,2.6020582
1.5123706,3.5457392,1.4274129,2.519974,2.882733,3.0378115,1.567319,1.3109777,2.6652503,0.98933995,1.4461129,1.3411847,1.3600323,1.2956997,3.5154312,1.2355876,1.7265316,2.725391,3.5128188,2.0262702,1.7036593,3.1819606,1.312939,2.6034434,5.6616087,1.1495681,5.0168967,1.9704659,1.191224,2.6769052,1.6672149,3.6202745,1.4645637,1.9276801,1.385162,1.1093206,3.0129387,2.0189338,3.886556,1.2375882,1.1286044,1.8191074,1.4481125,1.3561254,2.3989847,4.1272826,3.283835,1.7908376,1.1678584,2.7381074,1.3871865,1.665134,0.8586069,0.8791296,1.4716072,2.9332721,1.6518601,2.353424,3.6916578,3.2270477,1.4131143,1.657012,0.9530297,1.253624,2.2049546,3.0618036,3.1927433,2.9743233,2.892346,1.7050627,4.060142,1.1459485,1.8164364,0.95600295,3.3030431,1.4945711,1.1510625,2.6256578,1.2898853,1.3061203,3.760894,2.3496912,1.2086501,3.066727,1.0854406,3.9048629,1.4091591,2.3945427,1.4756595,0.89832115,1.8388984,2.8954127,3.0134802,1.4406545,1.5063207,3.0308383,2.5719104,1.5802169,2.2083273,3.063128,2.391424,2.5304077,3.2048995,1.644469,1.3501136,1.1280261,1.8810114,0.8715772,4.314211,3.2048995,2.3632839,10.318399,2.7585843,2.1882281,1.1235179,1.2132137,1.2411603,1.768434,2.4548674,2.091833,1.0287969,1.3107907,1.7829715,1.262384,1.4015423,1.4342232,3.535567,3.538306,2.762368,0.98114866,3.7499788,1.8888259,1.7424679,0.9714084,1.3110607,1.4276332,1.4225006,1.4231927,2.7684228,2.6542907,3.2260158,1.4921019,2.5108147,1.627257,1.4026408,2.6184988,2.0423822,1.626441,0.89317304,1.8102026,1.3445379,2.579868,1.0085574,0.82973707,2.8229055,2.0521955,0.735203,3.044851,4.535143,2.9969065,3.9027638,2.770602,1.0379369,2.4916346,1.8997164,1.9009593,2.9595652,1.6385334,3.3578906,2.6466448,1.3656414,2.058615,1.1275892,1.3800731,1.2584277,3.2865627,1.2842436,2.5978081,2.6229978,1.2795721,1.6877111,2.9931097,1.7759726,1.27688,1.5596035,1.0382206,1.3694855,2.9705074,1.7180775,0.8843047,0.7564316,2.5010831,1.1238676,1.2660547,4.2816095,2.658265,1.6245614,2.2458837,3.6562457,4.286355,1.5726873,0.91056025,2.0464149,1.5187736,1.1344151,3.59385,3.073507,1.0475727,1.4175009,3.3218882,1.1006825,3.4111984,1.1160102,1.2411352,0.96062344,1.7764182,2.8429143,0.7496523,2.5851552,1.5802723,0.94659543,0.89892924,1.2703995,4.301163,2.6737955,3.2591045,2.444933,3.734727,2.697874,2.0688186,1.3112657,3.0729074,0.9805028,1.3834369,3.369481,5.072326,3.182988,3.3032384,2.7053201,2.353588,3.700377,1.9074088,4.134915,1.3258703,3.7015362,1.4329739,2.7636049,3.158434,3.1824915,1.1287115,1.1096699,1.6456698,1.1319764,3.6137595,3.2365336,3.4514835,3.4109125,2.7800212,1.3426235,0.95553106,2.4917734,2.9792345,1.4267472,2.9058678,0.86471385,0.82340896,1.2686585,3.0647511,3.5025148,2.8254921,1.7418555,2.589128,1.6842499,3.869762,2.1356304,3.1736248,2.2139924,1.1192794,4.0254326,2.0416605,1.265176,0.91005474,1.6847038,1.0100067,1.5842301,3.3676846,1.8507334,1.2366031,2.5502703,3.926279,3.2701902,1.3466177
1.8802564,3.9272313,2.7813525,4.0382953,3.6230125,3.7235425,2.2761183,2.2831535,3.1082504,2.3579805,2.2324364,2.1302922,1.1293168,2.0783844,4.393698,1.1239873,3.1669745,2.9756856,3.9272606,0.28874752,2.4295094,3.3907902,2.654813,1.0839779,4.123987,2.3878152,3.7343326,0.79116374,1.8688487,2.0601835,2.5194414,3.4968417,1.615935,2.230942,1.5722086,1.9551184,3.4348812,2.3981109,2.7089288,2.5592518,2.0812988,1.835302,2.1911676,2.088395,1.326164,4.3473105,3.7253432,2.4254227,2.2901042,3.2006006,2.1865168,2.9274597,2.4238834,2.5186913,2.6167836,4.0003276,2.7123258,2.5574372,4.264089,3.2894773,1.8037242,3.0423934,1.3958828,1.7002385,2.1164815,1.2711601,3.798327,3.6076767,3.144312,2.6009183,5.085476,2.5096576,2.5788984,1.3981178,2.6181524,1.5986166,1.8754046,3.020127,1.754174,1.7201419,4.1369534,2.7097352,1.9932604,4.1324844,2.1104567,4.355702,1.684398,2.9290211,1.1988562,1.6822159,0.38769343,3.5260494,3.6190581,1.6572521,2.2897847,2.202956,1.9034238,2.694591,1.4506972,1.4417799,2.9204962,2.8369079,3.5798843,1.4943366,2.1867838,2.007038,2.5487757,1.522059,4.713439,3.5798843,3.1106253,9.505262,3.6416526,2.869835,1.2162665,1.8901519,1.952399,2.5740657,3.0481575,2.9586122,1.9315076,1.7960005,3.1880584,1.7976334,1.6819941,2.2579582,2.5995522,1.7568367,3.0447688,2.1999588,4.136858,2.5137475,2.6784298,2.16516,2.0997863,1.536619,2.315134,1.4099268,3.4642375,2.7909052,2.9269109,1.849007,0.7873089,2.5991945,2.321119,1.479033,2.1149082,2.6476161,1.2698536,2.6296422,1.8934149,4.039606,2.287282,1.7888472,3.4798062,2.1304452,1.6655252,3.3713698,4.877895,3.6493907,3.7839167,2.219471,1.7478107,1.7984015,1.5608469,2.3923612,3.5857866,0.45250478,4.4764543,3.08398,1.6943946,0.7676336,1.9112293,2.0432239,2.390178,2.6782067,1.7973565,3.1548667,2.1741257,2.0514946,2.673027,3.62877,2.6771188,2.7316213,2.6964045,1.521185,1.7218602,3.8980086,2.621435,2.108297,2.2837517,2.3393204,1.9443306,1.8441768,4.7998137,1.6977484,2.5816135,1.959243,3.782489,4.6140924,1.4061494,2.2163973,1.7776188,2.3215492,1.5842361,4.209058,2.3367288,1.8724238,1.5129037,3.6066947,2.1087317,2.726639,2.3629591,2.4870245,2.1655471,1.0181506,2.6621127,2.1901608,2.7690065,2.5478783,1.524211,1.9619192,2.22917,3.8531,3.2533455,3.2555432,2.2602134,4.305401,3.354906,2.6233103,2.248396,3.6578553,1.2368033,3.2426004,2.6216917,3.7326107,2.6601973,2.5900555,1.4344167,3.15504,4.8347673,2.5336902,4.299736,2.0468063,2.3799808,1.7576485,3.2550395,2.5737264,3.841977,1.0314343,1.0975789,2.6298044,2.685203,4.108403,3.8216472,3.8340137,3.7574527,3.1417305,2.0933857,2.2953684,1.2770727,4.3984528,2.570604,3.4811432,2.007061,2.2283285,1.6454313,1.736842,1.8558307,3.5071573,2.3941202,3.2797604,3.559483,4.330836,2.8303368,2.7385097,1.5703821,2.3157344,3.028773,2.746989,2.3989785,1.741634,2.4705448,2.2810183,1.5174938,3.9215798,2.6543832,1.4372039,4.3230796,2.2751014,3.7996283,2.4769166
0.6971971,1.8376998,2.1594868,3.738992,3.0300016,2.7494369,0.69098383,0.9706339,1.1460253,1.6925701,0.81119066,0.81052643,2.445813,0.8560364,3.9931724,1.4608003,2.7431211,2.455186,3.0787876,2.315302,0.9707275,1.599531,2.455459,3.034427,4.7574625,0.90542746,4.736784,2.4262693,0.82043386,2.4304225,0.8170703,2.0973597,1.0571203,2.8146265,0.99859726,2.2227268,1.5881718,0.7037922,4.1758213,1.6117119,0.733476,2.3505383,0.80907923,0.6047271,2.8371027,2.7127514,1.8231794,0.9477574,1.2257706,1.3036014,0.8160623,2.6492717,1.980444,2.204474,0.83380145,3.5072508,0.89496404,1.1032721,3.344472,3.1768436,0.81855315,2.193968,2.0113664,2.1703267,2.967974,3.2993424,2.3664145,1.3845481,1.4725505,0.8091397,5.001843,2.2009964,0.700081,1.7468392,2.7210133,1.0235084,0.8938957,1.1333553,1.0152767,1.0495896,2.3007417,0.6921845,0.9415952,3.691075,0.95265853,2.5303466,1.0397617,3.2267241,2.5104797,1.0782335,2.1214538,1.3383844,1.4392232,1.0356492,0.8079196,2.584384,1.7379187,2.708962,2.4888093,3.3325841,0.78643155,0.80368626,1.6602135,1.1464574,0.5518544,0.75410306,0.6326355,1.2807794,2.8628223,1.6602135,0.8654712,9.783936,3.155156,0.73625964,1.4052685,0.7331528,1.007289,1.0315111,0.78312474,1.6997145,1.8168033,1.3346969,2.663938,0.98695034,0.9120979,1.1940385,3.0913854,3.4127486,1.4493443,1.5545068,3.3233194,0.64771116,0.78308684,0.9606374,0.850827,1.1450169,0.87183946,2.166687,2.4025292,1.2069193,2.855934,0.7950676,2.7870376,0.87627625,1.153988,2.7508202,1.2799089,0.87536025,2.1455615,0.31142825,0.8504562,3.7578118,0.946548,1.08432,1.2187697,1.0808063,1.2966901,2.8310053,3.7660177,2.3427873,3.370991,2.7586782,1.1181831,3.054568,2.6626859,1.8462554,2.3310797,2.1045032,4.147844,2.677756,1.036448,2.1704412,0.9051566,0.7804417,1.5294671,3.154899,0.9386733,0.9129698,2.2657168,0.8751082,0.8330724,1.4774094,0.7502182,2.4926467,2.4381008,1.1502736,1.0146731,2.3398206,0.8251045,2.1419144,1.6100594,1.8633436,0.8551265,1.1156129,3.3190598,2.3848271,0.88543403,2.753125,3.35495,3.7174985,2.4197323,1.3253127,2.7818153,1.8092291,2.455112,3.6778758,2.883307,2.2274296,2.5731514,1.8629975,1.1957302,3.3847573,0.931882,0.9275561,1.2334403,2.5403287,1.4924055,2.0625384,2.6167808,0.9240909,1.3225125,1.2836485,1.4974214,2.7672088,1.3006996,2.7415247,2.781602,3.234921,1.114978,0.7699766,1.0622499,2.1822717,1.8938309,2.9002092,3.2247934,4.822707,2.5955954,3.4190629,3.063573,2.4086447,4.7378235,0.6428646,3.723344,2.8131063,3.303313,2.505931,1.351945,2.7566872,1.8008484,1.6728196,1.5149094,0.5321793,2.324242,2.1989167,2.317291,3.192949,1.880932,3.2707214,0.8667541,2.369071,3.2044003,4.0564904,0.8539111,2.2963421,2.289071,1.7054261,0.94162637,2.8929138,3.6549735,1.6810416,0.6641929,2.8394926,3.1047494,2.4878073,1.6757616,2.83036,2.750424,1.3129787,3.944749,1.222538,1.0850297,1.0290242,0.80108374,1.0784284,1.1866833,2.6627717,0.6809855,2.3957198,3.5842204,3.821219,1.636348,0.9211652
0.6971971,1.8376998,2.1594868,3.738992,3.0300016,2.7494369,0.69098383,0.9706339,1.1460253,1.6925701,0.81119066,0.81052643,2.445813,0.8560364,3.9931724,1.4608003,2.7431211,2.455186,3.0787876,2.315302,0.9707275,1.599531,2.455459,3.034427,4.7574625,0.90542746,4.736784,2.4262693,0.82043386,2.4304225,0.8170703,2.0973597,1.0571203,2.8146265,0.99859726,2.2227268,1.5881718,0.7037922,4.1758213,1.6117119,0.733476,2.3505383,0.80907923,0.6047271,2.8371027,2.7127514,1.8231794,0.9477574,1.2257706,1.3036014,0.8160623,2.6492717,1.980444,2.204474,0.83380145,3.5072508,0.89496404,1.1032721,3.344472,3.1768436,0.81855315,2.193968,2.0113664,2.1703267,2.967974,3.2993424,2.3664145,1.3845481,1.4725505,0.8091397,5.001843,2.2009964,0.700081,1.7468392,2.7210133,1.0235084,0.8938957,1.1333553,1.0152767,1.0495896,2.3007417,0.6921845,0.9415952,3.691075,0.95265853,2.5303466,1.0397617,3.2267241,2.5104797,1.0782335,2.1214538,1.3383844,1.4392232,1.0356492,0.8079196,2.584384,1.7379187,2.708962,2.4888093,3.3325841,0.78643155,0.80368626,1.6602135,1.1464574,0.5518544,0.75410306,0.6326355,1.2807794,2.8628223,1.6602135,0.8654712,9.783936,3.155156,0.73625964,1.4052685,0.7331528,1.007289,1.0315111,0.78312474,1.6997145,1.8168033,1.3346969,2.663938,0.98695034,0.9120979,1.1940385,3.0913854,3.4127486,1.4493443,1.5545068,3.3233194,0.64771116,0.78308684,0.9606374,0.850827,1.1450169,0.87183946,2.166687,2.4025292,1.2069193,2.855934,0.7950676,2.7870376,0.87627625,1.153988,2.7508202,1.2799089,0.87536025,2.1455615,0.31142825,0.8504562,3.7578118,0.946548,1.08432,1.2187697,1.0808063,1.2966901,2.8310053,3.7660177,2.3427873,3.370991,2.7586782,1.1181831,3.054568,2.6626859,1.8462554,2.3310797,2.1045032,4.147844,2.677756,1.036448,2.1704412,0.9051566,0.7804417,1.5294671,3.154899,0.9386733,0.9129698,2.2657168,0.8751082,0.8330724,1.4774094,0.7502182,2.4926467,2.4381008,1.1502736,1.0146731,2.3398206,0.8251045,2.1419144,1.6100594,1.8633436,0.8551265,1.1156129,3.3190598,2.3848271,0.88543403,2.753125,3.35495,3.7174985,2.4197323,1.3253127,2.7818153,1.8092291,2.455112,3.6778758,2.883307,2.2274296,2.5731514,1.8629975,1.1957302,3.3847573,0.931882,0.9275561,1.2334403,2.5403287,1.4924055,2.0625384,2.6167808,0.9240909,1.3225125,1.2836485,1.4974214,2.7672088,1.3006996,2.7415247,2.781602,3.234921,1.114978,0.7699766,1.0622499,2.1822717,1.8938309,2.9002092,3.2247934,4.822707,2.5955954,3.4190629,3.063573,2.4086447,4.7378235,0.6428646,3.723344,2.8131063,3.303313,2.505931,1.351945,2.7566872,1.8008484,1.6728196,1.5149094,0.5321793,2.324242,2.1989167,2.317291,3.192949,1.880932,3.2707214,0.8667541,2.369071,3.2044003,4.0564904,0.8539111,2.2963421,2.289071,1.7054261,0.94162637,2.8929138,3.6549735,1.6810416,0.6641929,2.8394926,3.1047494,2.4878073,1.6757616,2.83036,2.750424,1.3129787,3.944749,1.222538,1.0850297,1.0290242,0.80108374,1.0784284,1.1866833,2.6627717,0.6809855,2.3957198,3.5842204,3.821219,1.636348,0.9211652
0.82279265,2.9816105,1.5653282,3.3501232,2.8304741,2.8105268,0.9325961,0.77192044,2.0509176,0.83106977,0.83124316,0.7305069,1.2762647,0.6641283,3.7866745,1.0048081,2.2413762,2.3237925,3.2233076,1.5847604,1.0044855,2.438736,2.037392,2.3387992,4.92519,1.2699116,4.871578,1.3261908,0.64097697,1.7341807,1.1037409,2.8118668,0.59578854,2.1729743,0.6226915,0.9207121,2.3431795,1.2972406,3.1285563,1.7146245,0.92842245,2.2183757,0.79137933,0.85200095,2.1814883,3.464519,2.6654406,1.0437797,1.5117537,2.1204553,0.7730835,2.4108293,1.6764946,1.4331939,1.5836036,3.2057068,1.2340192,1.4963956,3.418101,2.8763294,1.1884276,2.3439279,0.967957,1.7962388,1.6195592,2.6947203,3.052786,2.6744125,2.094322,1.1789379,4.633365,1.9126325,1.2394241,0.38077927,2.3747792,0.66066784,1.0900763,1.9009416,0.4740762,0.46009335,3.1483762,1.6736236,0.5596152,3.3678389,1.166559,3.8433206,0.537379,2.7416945,1.3374141,0.65923876,1.3659226,2.659935,2.7639966,0.5740548,0.8874997,2.0809574,1.6220819,1.9832098,2.3161216,2.9137316,1.8132982,2.1212177,2.615542,0.78710234,0.96891046,0.80296737,1.2812197,0.54981977,4.183662,2.615542,1.8516576,10.354323,2.6769273,2.025961,0.5615271,0.9295906,1.3137035,1.897824,2.025375,2.4037821,1.6273841,1.4735249,2.5045989,0.48491156,0.6469663,1.676154,2.8094065,3.1213036,2.0013888,0.64948386,3.4224,1.2592093,1.2599064,1.0759975,0.6826797,0.54080474,0.8477486,0.80880415,2.234612,1.8391157,2.6370583,0.73717976,2.2510428,1.1246713,1.6612381,1.9429411,1.0969838,1.1734729,0.84361005,1.4681354,0.61578786,3.380888,1.1253965,0.7489716,2.5339217,1.1691759,0.6069621,2.5380623,4.1184688,2.6064134,3.3444424,2.3972385,0.34714943,2.3941343,1.8919079,1.2698692,3.2704391,1.1997871,3.7993326,2.2752726,0.50874865,1.792456,0.5637476,0.7098554,0.79324424,2.5721357,0.5357561,2.0408762,2.0909052,0.6347982,1.2266186,2.4986472,1.278814,2.0742548,1.7735487,0.89351225,0.5194865,3.0861886,1.7782406,1.6520768,0.8165333,2.5022447,0.631656,1.3428352,4.490351,1.713433,1.1196351,2.1657248,3.2668867,3.9212122,1.0257815,0.6760566,2.0789387,1.151503,1.3690873,3.6248243,2.3821614,1.7562656,1.9267656,2.6004066,1.3794819,2.4973955,1.2493612,1.4174507,1.343139,1.4432682,1.9405468,1.5409435,2.441307,1.0670017,1.0240145,0.4219525,0.6593131,3.8304183,2.5866268,2.8594403,1.9749895,3.4351723,2.3656354,1.4160863,0.7120992,3.2708302,0.73442364,2.2457204,2.621114,4.911945,2.2778878,2.4385955,2.7066922,1.8956956,4.284306,1.2793448,3.7658625,2.123813,3.0875762,2.0380354,2.1055915,2.3725243,3.1315935,0.599022,0.75617564,1.5277662,1.9581378,3.533147,3.4319527,3.2059896,2.8172922,2.8847084,0.67524314,1.7887688,2.0221658,3.7272959,1.556551,2.4701753,1.0700483,0.75055546,0.62567633,2.3436651,3.2480128,2.9049938,1.0969907,2.4984572,2.5506234,3.8056471,2.042017,2.7308471,2.0926583,1.4769818,3.112421,2.175951,1.5467006,0.7255752,1.0826671,1.2921008,0.6765246,3.658857,1.3103894,1.621721,3.3047934,3.6129034,2.9147637,1.523864
0.7199789,2.6980374,1.4550434,3.2609057,2.788926,2.7014747,0.60554117,0.3063657,1.7914156,0.61131704,0.49672347,0.37103063,1.7041346,0.3238913,3.7506318,1.2355229,2.1637478,2.3556714,3.1623163,2.0061076,0.66124743,2.2264802,2.0171142,2.762747,5.174506,0.9502406,5.125147,1.8076248,0.4649026,2.0220857,0.6873934,2.70157,0.71629655,2.3801796,0.72830826,1.164265,2.0933974,1.062009,3.5363579,1.538825,0.6453611,2.3430772,0.46417522,0.5622776,2.5635743,3.2727418,2.4048476,0.74097353,1.3302057,1.8651648,0.42366955,2.3648732,1.587868,1.3247222,1.2385876,3.1422532,0.75925523,1.3431151,3.3264472,2.9852564,1.1248294,2.1690502,1.2380557,1.9227693,1.970935,3.122723,2.8669424,2.352671,1.8918941,0.745729,4.6237884,1.8657229,0.85129297,0.815071,2.5855823,0.7717131,0.9785827,1.643882,0.48615143,0.51660913,2.9055684,1.415359,0.27552426,3.3122094,0.9434696,3.5823188,0.62026054,2.8659334,1.7671362,0.6498263,1.7824767,2.3474846,2.4536974,0.66950774,0.5469775,2.3550577,1.7848809,2.0440283,2.5492942,3.2838202,1.515506,1.8974631,2.3687727,0.96500456,0.6333089,0.5355621,0.92760533,0.7106937,3.92253,2.3687727,1.4742175,10.465379,2.6436398,1.7336249,0.8953434,0.7734576,1.2078066,1.6638612,1.7128863,2.211159,1.6429576,1.4609746,2.3968642,0.44249886,0.67909664,1.5278691,3.0733113,3.4891706,1.8181244,0.43686956,3.3687603,0.9238305,0.8136101,0.8200857,0.34700486,0.7330486,0.43882102,1.2326622,2.0953007,1.6795511,2.7858765,0.65718985,2.6431565,0.67355317,1.4787732,2.357584,1.0804338,0.70585895,1.248788,1.1022991,0.4739036,3.3015118,0.80396867,0.67242604,2.2056956,1.1056912,0.6744821,2.554987,4.008764,2.4356632,3.4074943,2.6486077,0.32686925,2.7368484,2.223118,1.3028353,3.0702374,1.6361349,3.7518544,2.3140337,0.5820708,2.1192377,0.3282403,0.43994218,0.5167648,2.8399293,0.48438904,1.7144847,2.2823548,0.31310853,0.7666242,2.171778,0.8427735,2.0324082,1.7822955,0.95684236,0.5664479,2.8368719,1.4876397,1.6998695,0.58763397,2.5023801,0.37123144,1.2913057,4.2487335,2.05619,0.6684488,2.441855,3.3081992,3.8533165,1.4704891,0.3008414,2.383188,1.1588781,1.6848453,3.5941017,2.6659744,1.8686048,2.1751971,2.3845875,1.2224362,2.7962542,0.93973505,1.0895586,1.1680228,1.9015558,1.887595,1.548829,2.532965,0.61377686,1.1001554,0.18164006,0.45263517,3.766363,2.318714,2.898832,2.2509646,3.3153467,2.0423496,1.1400607,0.27434948,3.0413344,1.0943984,2.114372,2.9138343,5.1810546,2.4554708,2.7558937,3.0335517,1.8135172,4.267993,0.9419,3.7705832,2.2958686,3.3997455,2.2062235,1.8342005,2.5935605,2.8251817,1.0356321,1.058041,1.1657654,1.8827811,3.2593803,3.1974335,3.1856596,2.5786705,2.9983046,0.3603562,1.8331134,2.517386,3.6383572,1.225418,2.3335364,1.2621777,0.6075081,0.6436932,2.7193053,3.632764,2.6258016,0.788374,2.4979382,2.3891547,3.5413792,1.9083524,2.899953,2.432022,1.3043586,3.4398446,1.9533597,1.3033938,0.6660981,0.6934257,1.0391074,0.87603176,3.4561567,0.90547335,1.8977863,3.1008382,3.9619625,2.6118586,1.2280045
2.3738701,4.4441366,2.777205,4.269424,3.8309426,3.9690957,2.5819457,2.4423516,3.5369217,2.2004664,2.5055633,2.4052658,1.4131929,2.349781,4.6885853,2.0290208,3.2969198,3.2890291,4.281543,1.5480882,2.5399866,3.7539492,3.1085281,2.1059897,4.903467,2.9320343,5.037005,0.8461099,2.2986765,1.8992107,2.7109847,3.9162278,2.0208817,2.7562935,2.076666,1.6371194,3.7385154,2.7451441,1.8183993,3.1844056,2.590469,2.934625,2.454936,2.5265443,2.2402225,4.6981735,4.0751414,2.5583308,3.0230916,3.5854557,2.4577115,3.4992733,2.9347136,2.4122288,3.2345576,4.166857,2.8908694,2.8005512,4.463405,3.5325265,2.6286898,3.708242,1.581731,2.5846918,0.9732084,2.296557,4.473245,4.2897577,3.3816252,2.797615,5.3423448,3.0827065,2.8326366,1.4491369,2.6461508,2.0578432,2.6054106,3.3222647,2.0908208,2.0524244,4.50466,3.1449003,2.265358,4.2874227,2.7092338,5.3688726,2.0441442,3.4146245,1.412148,2.226403,1.5088744,4.277778,4.373652,2.044308,2.5502038,2.2041857,2.2383432,2.8220942,2.7952082,2.7233038,3.369975,3.629087,4.049828,1.9982212,2.644379,2.4777613,2.8495855,2.0324895,5.702309,4.049828,3.4600718,10.852028,3.5350087,3.647284,1.7972677,2.5074756,2.7712915,3.4265046,3.6320188,3.8835182,2.751326,2.722919,3.6885934,2.1314735,2.161759,3.1304986,3.012678,2.9076273,3.3167171,2.1002502,4.4151773,2.811934,2.895489,2.7087798,2.3748558,1.9363751,2.5253594,0.990129,3.3297133,3.1306748,3.2357185,2.2768762,2.1379726,2.7710705,3.145041,1.7508514,2.2227964,2.8259013,1.3450078,3.150415,2.2534158,4.2961974,2.7762644,2.3258157,4.161376,2.3859262,2.12683,3.352639,5.1831465,3.8891912,4.042055,2.8656967,2.0363493,2.5295157,2.2138834,2.3715127,4.663531,1.3481442,4.6513314,3.124041,2.0516796,2.1545131,2.260335,2.3632693,2.2514305,2.677964,2.170426,3.5975554,2.8104384,2.32447,2.8683946,4.0495315,2.9091039,3.15301,2.7758744,2.2621772,2.0740633,4.616909,3.3749416,2.6968763,2.266813,3.5871432,2.3238597,2.7239418,5.9206266,1.7223858,2.742855,2.6072624,4.0465484,4.907561,0.74035215,2.2916703,2.4315474,2.3757358,1.819702,4.578724,2.5834894,2.634719,2.3899956,3.903619,2.811018,1.9645813,2.9060948,3.0638318,2.8261774,1.3560418,3.002751,2.6696403,3.3298066,2.6897066,2.3082547,2.0850008,2.079966,4.9229646,4.158257,3.7905636,2.271263,4.5577683,3.9884892,2.969394,2.3530562,4.712113,1.4325669,3.1556447,2.610984,5.012527,2.6909034,1.6548402,2.7855136,2.8839312,4.9823823,2.833803,4.59601,2.642997,3.1533842,2.6440728,3.5514486,2.7250957,4.73512,1.528133,1.7811404,3.2212033,3.1185582,5.0809593,4.8860826,4.1709743,4.2222867,3.5812635,2.354383,2.7549415,0.9997745,4.647422,3.1992145,3.6987517,1.8156437,2.117393,2.1404598,2.217996,3.0045693,4.4563904,2.7140439,3.4391472,3.5039275,5.336385,3.466723,3.3682816,2.3497741,2.9920633,2.301839,3.6736102,3.1034818,2.299957,2.6723628,2.8727794,1.9317255,5.031699,2.9200776,2.171191,4.4091473,3.469177,4.488676,3.1352317
2.4161685,3.836,3.6850643,5.600853,4.5864515,4.417036,2.6104102,2.6418839,3.1749547,2.841643,2.648762,2.5460937,2.7927272,2.5347998,5.7275066,2.57163,4.443847,3.7201056,4.636902,2.12071,2.4398162,3.065326,4.27332,2.9886036,4.067622,3.3546777,5.272246,1.6406027,2.5498867,1.746846,2.643615,3.096315,2.144514,3.9962628,2.2630808,2.7824972,3.2698123,2.3584347,1.6055088,3.9314952,2.8960085,3.6782682,2.5662959,2.6690278,3.182719,4.1084886,3.6014998,2.4019969,3.588759,3.241069,2.6170342,4.6359186,3.9271057,3.3069491,3.508768,5.205688,2.929867,2.2929964,4.8430524,4.1114388,2.8649914,4.570909,2.4972484,3.5025713,2.0201666,2.8835475,4.694592,4.045717,2.7414522,2.7271943,6.7058363,4.143535,2.6600058,2.2726753,2.1903434,2.1511626,2.9926393,2.8097322,2.3456066,2.3070269,3.9761527,2.6666794,2.5421917,5.36757,3.0851061,5.173798,2.2113652,4.651827,2.795625,2.7492108,2.0775228,4.0867476,4.15015,2.185543,2.6591144,1.7657444,1.3707328,4.0749984,3.4432073,3.3056993,3.055165,3.340872,3.5984433,2.0106351,2.785003,2.773676,2.612917,2.6776187,5.4235544,3.5984433,3.1757417,11.000006,4.374986,3.6241333,2.391177,2.7688916,3.184013,3.6596603,3.393529,4.349235,3.5854838,3.1953282,4.772399,2.3969681,2.319262,3.5793173,2.9746392,3.0251698,2.8644059,2.6720688,4.740644,2.5593817,2.8259735,3.1928904,2.5702844,2.1320546,2.6754007,1.9081622,3.4965372,2.5331333,3.4712403,2.3174741,2.7497635,2.799533,3.5732436,2.2729163,1.7686241,2.8590171,2.5996919,3.1272216,2.4209301,5.626059,3.2186296,2.8798797,3.9367423,1.9076375,2.820073,3.698636,5.2097645,4.0544024,4.152498,3.4786093,2.4390178,3.6080425,3.3976586,2.7957246,4.903157,2.0868762,5.8596916,3.7111945,2.2570689,2.6494217,2.5612812,2.4760108,2.697083,2.9204836,2.415844,3.1827698,3.1316667,2.5286007,2.8445358,3.6950128,2.8103082,4.327523,3.8546133,2.7551124,2.2667303,4.991404,3.5526395,3.8136203,2.981734,3.736562,2.6181881,3.1638978,5.900572,1.3981267,2.7357686,3.633743,4.430401,5.1071963,1.9461414,2.8232787,3.6078467,3.0575404,3.21508,5.3544064,2.83556,3.7356546,3.6074142,3.2990534,3.28507,1.5337327,3.3502088,3.455333,3.4021904,2.588319,2.2024777,3.7660294,4.044364,2.7148945,2.9296846,2.604289,2.4454195,4.291853,4.093419,4.072796,3.089721,4.8364973,3.7847345,2.7840247,2.5605009,4.788538,2.3218815,4.333687,2.7811866,5.252766,2.3423598,1.1181518,3.5219123,3.3277705,6.368535,2.5747468,4.9064574,3.9980903,3.1647048,3.716183,3.1414614,2.7175398,4.609578,2.2920816,2.3877637,3.3633387,4.2279015,4.8806505,4.955199,4.6542764,3.7412508,4.623806,2.5291545,3.9743838,2.2984736,5.964161,3.500464,3.8740034,3.0749712,2.8611207,2.3549109,2.334362,3.5406122,4.4544115,2.6562295,4.241677,4.6848474,5.138763,3.9110866,3.7244549,3.3881152,3.6330855,1.4959339,3.8609526,3.5502012,2.7964363,2.5734618,3.3809104,2.0090995,5.1959534,2.7499287,3.4261236,5.5609617,3.7150939,4.148946,3.4872143
4.8202133,5.6463466,3.1946452,1.5964684,2.884241,3.4797878,4.7061267,4.601956,5.045731,4.2966213,4.5636067,4.6872263,4.1513934,4.641482,1.7934083,4.706959,2.3479443,3.8665583,3.7857637,5.305385,4.9615088,5.6425543,2.7023134,4.964803,8.031436,4.126596,6.571823,5.331544,4.625293,5.405155,4.892497,5.9724665,4.87241,3.0416982,4.8021593,4.017773,5.236835,5.3008986,6.9124956,3.386229,4.475054,4.733287,4.646923,4.6398354,4.4768386,5.7330565,5.2807503,4.9936934,3.9723933,5.003844,4.5841737,2.547195,3.307045,4.328109,4.363996,1.9064534,4.668237,5.3398695,3.729628,3.8256314,4.676073,3.0498054,4.779543,4.3704796,5.1532226,5.57502,3.88576,4.947614,5.517504,4.871692,0.6355801,3.0446196,4.999891,4.602936,5.7119737,4.9068184,4.442328,5.3153973,4.6536283,4.673107,5.491788,5.338786,4.543039,1.7542969,4.5015006,5.4480796,4.790172,2.4331284,4.137228,4.3545055,5.193779,4.899313,4.9709644,4.8286257,4.587194,5.7168136,5.930509,2.6397028,4.977515,5.696485,5.0057473,5.128117,5.241137,5.0428767,4.646108,4.507251,5.0916467,4.2840476,5.674277,5.241137,4.9762425,10.466468,3.0153491,4.689841,4.5455327,4.613136,4.4065566,4.5432734,4.896583,3.881933,4.0578337,4.567251,2.3775694,4.6191483,4.771212,4.248236,5.4340706,6.1987934,5.2028427,4.4175925,3.9317648,5.1134663,4.8410897,4.1514792,4.591752,4.830101,4.5749607,4.973102,4.3300986,5.4458976,4.583667,4.861028,5.3818083,4.6969533,4.289514,5.0875716,5.4429464,4.6951227,4.317826,4.6695814,4.690878,1.458686,4.212884,4.2621603,4.917201,5.457509,4.154019,4.144954,4.718663,4.051718,4.7384396,4.246975,4.5742598,4.0311613,3.787285,4.205119,4.8539195,5.0745354,1.141133,3.7006702,4.7374215,5.1217995,4.5648,4.729413,4.409295,5.0427237,4.625668,5.190843,4.4819484,4.6207237,4.7846622,5.0479007,4.8786454,2.7098436,2.892444,4.515946,4.7409105,3.5131388,4.5663767,3.347765,4.1204576,5.1429834,4.55506,4.4378657,5.816714,5.654053,4.8058195,3.6823714,4.059828,4.3225584,4.9534283,4.2854953,3.6450582,3.7971952,3.6601317,2.7204692,4.970048,3.7327766,4.0337095,5.5173697,4.434782,6.20505,4.0996585,4.1907024,4.1501994,4.427038,5.75965,3.3004632,3.417608,4.7732687,4.379397,4.4184933,4.6569786,6.456173,4.852655,4.17196,4.1142273,3.901054,4.827845,4.8383164,4.63813,5.127897,4.7468457,3.4061565,5.252469,6.6497273,5.493514,6.432544,5.1873684,4.0734715,0.5639057,5.113772,4.2152915,3.654176,5.715799,4.253116,5.1253195,5.149621,5.0269713,4.6021805,4.7248926,4.445753,2.8925662,5.336482,5.1402597,3.583821,5.3293686,2.720076,4.62331,3.1140058,5.129527,1.0309647,4.330835,4.0894547,3.7667248,4.190143,4.7949677,5.5041604,5.7081194,4.958716,4.756204,3.004228,3.1475396,5.43522,3.5963445,4.42697,4.038709,3.7429988,6.9423246,4.643695,4.193149,4.3642654,4.9452543,4.1354933,4.9681973,5.190905,4.9753976,3.7673855,2.0436025,6.1821823,5.161956,4.2991967
1.8174679,3.903991,2.6193554,3.4855874,3.605432,3.7420642,2.1951768,2.155192,3.1148407,2.2082553,2.1476088,2.0103016,1.3042911,1.9684513,4.2076674,0.8077192,2.8392015,3.1439989,4.00821,1.0090294,2.4032862,3.518076,2.1311831,1.6040162,4.706835,1.9287286,3.7827735,1.5220737,1.6980978,2.712477,2.4038818,3.7486455,1.6883119,2.0919096,1.5694282,2.02225,3.5187714,2.3831768,3.5666077,2.00354,1.7406459,0.9314755,2.117433,1.9048295,1.6782613,4.512551,3.7843592,2.4348643,1.6854613,3.2292228,2.0889888,2.3241808,1.7917366,2.1080904,2.1039362,3.8139727,2.5421941,2.7168975,4.350112,3.5433655,1.4303439,2.3563082,1.1537297,0.7811988,2.6133902,1.9031117,3.615024,3.3676286,3.306536,2.469171,4.745093,1.8850192,2.467106,1.4232262,3.2633204,1.6590394,1.4307326,3.0872898,1.7451047,1.7333012,4.2219706,2.68983,1.8931348,3.9403703,1.6067432,3.9247873,1.7351284,2.7171202,1.4450482,1.3884635,0.95717555,3.2295878,3.3347213,1.716161,2.2135577,2.9004538,2.3436615,2.4806874,0.8869278,1.6277913,2.860212,2.6366017,3.6046023,1.6466818,1.932876,1.7296453,2.4450922,1.3181325,4.3518867,3.6046023,3.0011294,9.319648,3.690569,2.491715,1.1912946,1.5661188,1.411896,1.9816514,2.881154,2.3335214,1.1190687,1.1297915,2.6085563,1.7627351,1.6631011,1.6230386,3.2137196,2.2430737,3.2001038,2.0763628,4.2658362,2.4293354,2.5249045,1.7209457,1.9969152,1.6335273,2.2112255,1.6947806,3.6357303,2.9483087,3.325334,1.820771,1.1847503,2.4700568,1.6810367,2.2267058,2.327062,2.491077,1.2471039,2.3745108,1.8341622,3.5043359,1.8375708,1.4336435,3.2215483,2.2746694,1.3934221,3.6454816,5.0247355,3.6973934,4.133861,2.535163,1.6384917,2.0220065,1.6491165,2.5909026,2.8607736,0.9077564,4.209164,3.2797353,1.7271793,0.8393015,1.7519903,1.9509917,2.3363156,3.2968688,1.7517503,3.0749109,2.4867325,1.9482393,2.5129235,3.5586245,2.5284688,2.1716223,2.5499105,1.1279534,1.7469778,3.5106966,2.0881596,1.4885563,2.0455084,1.8096267,1.7503301,1.2813984,4.1437726,2.4244869,2.4442928,2.077193,4.0174475,4.765012,1.7904551,2.0157351,1.8298368,2.365808,1.4922235,4.145906,2.9308493,1.1057224,0.80648094,3.7507648,1.4754885,3.4868212,1.903445,1.9772097,1.545374,1.4977763,2.9433002,1.6275321,2.8010378,2.418082,1.0058264,1.8131529,2.209051,3.8230646,2.8223662,3.4242623,2.6781516,4.374482,3.1366243,2.6110249,2.1546342,2.9961472,1.1506972,2.7257006,3.2956512,3.8190553,3.2463298,3.3240855,1.3130058,3.317059,4.506227,2.449892,4.507166,1.3408121,2.9755402,0.854952,3.3072443,3.1489723,3.3936393,1.1067708,0.92580444,2.246615,2.0933316,3.6824043,3.1697059,3.9254334,3.8010778,3.0964634,2.0121796,1.7197134,2.0673864,3.8948765,2.0499263,3.5713673,1.9144769,2.0595603,1.5325232,2.4945948,2.239907,2.9411395,2.3381197,3.3028,3.0165749,3.9003701,2.6194925,3.0326471,1.7670268,1.7661763,3.8716457,2.1372676,1.7964789,1.412379,2.372369,1.7338256,1.6855116,3.2027993,2.5238318,1.0266507,3.7964768,2.623022,3.608382,1.9279546
2.0118928,3.9183526,3.0373385,4.408806,3.766727,3.8214214,2.4164279,2.4708838,3.1370444,2.6142738,2.3900008,2.3045106,1.4282484,2.256102,4.6007485,1.4006228,3.4761093,3.0200214,3.9733634,0.37592107,2.5558577,3.3468835,3.0085154,1.0456282,3.7480898,2.6521401,3.6199026,0.8040444,2.066405,1.9086984,2.6680238,3.3758035,1.7368536,2.4808404,1.7186667,2.2064924,3.4337685,2.4682984,2.4725692,2.8671346,2.3156796,2.167387,2.3450253,2.266761,1.3740816,4.2783613,3.7215257,2.531577,2.587117,3.2258239,2.3523734,3.281177,2.7914047,2.864853,2.8666162,4.228841,2.8839319,2.5561688,4.323855,3.3062766,2.0106487,3.3813298,1.7350299,2.0904927,2.1885562,1.0528536,3.8989127,3.6925733,3.1140025,2.751613,5.3695545,2.872849,2.7080657,1.6604167,2.4027622,1.7154361,2.1283205,3.033489,1.9156067,1.8765479,4.1081514,2.7503884,2.1804588,4.3652163,2.3841262,4.451337,1.8178346,3.1755865,1.4604201,1.9436976,0.5533168,3.62661,3.7104602,1.7838635,2.4401708,1.9745902,1.7565215,2.9890184,1.6771164,1.4044222,2.981742,2.901415,3.5770202,1.5693114,2.380722,2.2297893,2.6648147,1.7880466,4.777795,3.5770202,3.2021916,9.444746,3.798252,3.022207,1.4493394,2.110714,2.2167149,2.8103065,3.132871,3.2097871,2.3003452,2.0849266,3.5326807,1.9665291,1.825255,2.5321348,2.3729095,1.4878243,3.0287876,2.4438968,4.1659684,2.623088,2.8319948,2.4390697,2.2745287,1.663301,2.4835272,1.5976894,3.5266871,2.7608447,2.8480985,1.9788524,0.76405066,2.7599702,2.5995684,1.3036658,2.133681,2.8160443,1.6078823,2.7849154,2.0521584,4.4019446,2.560459,2.0644586,3.5753007,2.1550481,1.9493788,3.3903944,4.8619637,3.7153382,3.7044888,2.1986482,1.9636358,1.8928336,1.7654189,2.485375,3.8116167,0.7232785,4.7393045,3.1581435,1.8378278,0.89368,2.1166296,2.2045453,2.5954006,2.5314083,1.9635891,3.2104576,2.1300848,2.229869,2.8352916,3.6782782,2.824857,3.0974212,2.9567933,1.7927465,1.8653514,4.078975,2.8491418,2.4871418,2.5671763,2.48429,2.1549525,2.1124725,4.965921,1.4779338,2.7440803,2.0925605,3.777511,4.6143847,1.5773525,2.4674962,1.9703417,2.4956868,1.9135605,4.3411036,2.1840453,2.270027,1.9142598,3.566999,2.4112513,2.538244,2.6303935,2.7556705,2.4796302,1.1820138,2.5649948,2.5610607,2.8714557,2.713628,1.8337413,2.203462,2.4231825,3.7476158,3.3916905,3.2474687,2.2867362,4.3572893,3.4472418,2.7006865,2.4320428,3.8524592,1.5498871,3.627929,2.439893,3.6050692,2.4848137,2.4290109,1.5431523,3.2628002,5.131159,2.641328,4.2875643,2.4668107,2.1062272,2.1601572,3.276886,2.4151056,3.9746175,1.2934089,1.3806767,2.8320246,3.053938,4.2108326,4.0098963,3.8899271,3.7417023,3.3062243,2.2606359,2.679064,1.2267326,4.7456026,2.8249397,3.536757,2.3152914,2.501189,1.8276902,1.4508376,1.7036606,3.6839726,2.5111,3.425195,3.9461243,4.427572,2.9899836,2.680323,1.6928947,2.6125908,2.7613425,2.9688566,2.683973,2.0044978,2.610932,2.5750144,1.6030858,4.1304097,2.7864983,1.8101999,4.6821985,2.0718548,3.853936,2.7423935
0.71228707,2.6205108,1.9590122,3.7854254,3.2208934,3.0557263,0.6565423,0.49891016,1.7730781,0.95488775,0.678703,0.4619405,2.008837,0.48239708,4.248071,1.360624,2.6999295,2.6660035,3.4789364,2.0019886,0.4534182,2.0786371,2.5368342,2.9180388,5.0128565,1.2872047,5.2167864,1.7637353,0.6284806,1.9604212,0.5632472,2.5496123,0.6827558,2.8376803,0.7554228,1.5336902,2.0482564,0.7507281,3.3457303,1.995749,0.87789136,2.5122921,0.5809813,0.68466777,2.8003526,3.2521994,2.38431,0.53926927,1.6752256,1.8678313,0.6064855,2.8700018,2.063156,1.5694532,1.4509147,3.6457896,0.82034755,1.1214795,3.6491878,3.3077137,1.2374959,2.6190422,1.3388773,2.1638656,1.9953378,3.1848361,3.1610687,2.4152017,1.7216474,0.6536179,5.160333,2.353873,0.6818476,0.99398214,2.5131931,0.72076714,1.1993129,1.4994988,0.6279605,0.6402342,2.8917985,1.2104473,0.5630991,3.819785,1.1338236,3.658889,0.6414762,3.3590128,2.0722487,0.9706687,1.7835261,2.4242978,2.521156,0.663707,0.69842327,2.250323,1.4496963,2.5685728,2.6811483,3.3395042,1.4778088,1.8769608,2.3576112,0.8626148,0.7422483,0.7709775,0.7133589,1.0596449,3.9892192,2.3576112,1.4355644,10.607436,3.0656362,1.8360703,1.0951831,0.91674757,1.4286214,1.8215103,1.7378504,2.521084,1.9581492,1.6298765,2.9113486,0.61932373,0.71977,1.7818207,3.1350615,3.460591,1.7523639,0.7664962,3.6698995,0.6910416,0.7572965,1.18076,0.54984224,0.741696,0.61801934,1.2426995,2.2970355,1.4970014,2.9829268,0.6053827,2.6965246,0.716014,1.7205356,2.443119,0.678897,0.74903166,1.5269605,1.1801354,0.57080543,3.8314188,1.1370232,1.0322032,2.264743,0.70625937,1.091133,2.8123007,4.2270727,2.6954052,3.6024942,2.9148219,0.5865383,3.0522997,2.581779,1.5740342,3.2275162,1.6623224,4.2775273,2.6532242,0.64769,2.1791747,0.5811196,0.4844339,0.811147,2.959677,0.6473294,1.6297976,2.4871078,0.50044006,0.74626744,2.186323,0.7638398,2.548952,2.2973535,1.1586503,0.6268154,3.1822824,1.6291882,2.1623213,1.0313311,2.5719485,0.6160149,1.5016097,4.3332453,1.9236429,0.6202339,2.80731,3.598323,4.1193852,1.5183793,0.7764894,2.759762,1.5754267,2.0977073,4.0296345,2.7905421,2.248612,2.4937475,2.2991352,1.43164,2.6333437,1.2899817,1.3808429,1.4799631,2.1349933,1.6362909,2.0363996,2.9191334,0.5893401,1.3522277,0.6471464,0.57782024,3.6813323,2.4139597,3.163878,2.535351,3.6139023,2.11263,1.1362368,0.43916124,3.1412091,1.2039306,2.5190575,2.9985826,5.267879,2.4202957,2.5229442,3.164886,2.083703,4.805283,0.7160725,4.052949,2.6759799,3.4471204,2.4781315,1.7905397,2.6652064,2.9143107,1.2092856,1.1721897,1.3444444,2.3895462,3.3261452,3.3063784,3.5317776,2.56855,3.4561553,0.527564,2.320385,2.6176293,4.172333,1.452102,2.5885112,1.6911206,1.014092,0.6675478,2.7384284,3.720903,2.7211273,0.8045901,2.9309752,2.8137763,3.6162257,2.2793016,3.1346874,2.7436936,1.7144197,3.2110696,2.091913,1.5803761,0.9755313,0.51838684,1.3661163,0.80499387,3.5810533,0.7702174,2.2754812,3.594574,3.9959013,2.645854,1.4699509
0.79798985,2.6818364,2.606962,4.268305,3.6143234,3.4377432,1.1746771,1.2956269,1.9560739,1.8020638,1.2523183,1.0841631,2.032129,1.0908266,4.61858,1.016498,3.246105,2.868257,3.7164154,1.4058404,1.2262565,2.155847,2.863372,2.432394,4.226632,1.6359696,4.442926,1.4768134,0.9493667,1.9330006,1.2831237,2.4360235,0.72187847,2.9260502,0.7195204,2.0715604,2.2961755,0.9399944,3.1712737,2.2752833,1.1885738,2.1342611,1.168511,1.0431421,2.4483225,3.3703794,2.6062207,1.2099831,1.811805,2.094498,1.2009915,3.1341653,2.3833349,2.1977196,1.7035302,4.122249,1.5683173,1.3039485,4.008438,3.4666452,1.0170168,2.878147,1.4462272,1.9945054,2.3550556,2.552124,3.2928545,2.4890823,1.9132392,1.3613204,5.5474696,2.6158147,1.2578572,1.2835189,2.389161,0.66035104,1.1986706,1.735517,0.9481601,0.9331403,3.0682483,1.2966118,1.1277344,4.2958198,1.3119967,3.4524183,0.8223252,3.5232296,2.1066532,1.153624,1.2309772,2.443994,2.5300472,0.77352357,1.2829906,2.0584745,0.9154313,3.0068884,2.089252,2.6147184,1.6843675,1.6856713,2.4749234,0.5789119,1.1060829,1.111431,1.1723194,1.2248043,3.7932901,2.4749234,1.8250701,9.912839,3.6237535,1.8286146,1.0384037,0.9921814,1.3579338,1.7620728,1.8631288,2.512692,1.9333907,1.3987479,3.2616575,0.9830609,0.77392375,1.7305641,2.835656,2.642885,1.9635199,1.5937396,3.9299915,1.1321814,1.436777,1.4989413,1.140024,0.7714853,1.312222,1.4696158,2.8858562,1.554613,2.9803908,0.7590073,2.0247192,1.4641901,1.7184944,2.1747265,0.8633663,1.5000751,1.7147143,1.4623994,0.9369152,4.2947006,1.5308716,1.267498,2.3425329,0.7258145,1.3586472,3.1771722,4.4530334,3.084493,3.6806302,2.731665,1.030288,2.837765,2.487581,2.0405307,3.007957,1.2413118,4.742868,3.0282223,0.8665282,1.5110286,1.0436267,0.986244,1.6967553,2.9378579,0.9605372,1.8342313,2.3058972,1.0926358,1.4682999,2.4510217,1.4121906,2.906303,2.8033283,1.0614607,0.8679294,3.3782585,1.6784403,2.3540273,1.7907028,1.9917538,1.0556226,1.3489051,4.0623555,1.6458374,1.394909,2.7203734,3.7710037,4.3488507,1.7176504,1.5483536,2.6768906,2.0892308,2.279197,4.3111253,2.6467304,2.2594957,2.3368926,2.4720857,1.4951532,2.699092,1.638738,1.6937956,1.6510911,2.0317132,1.4834812,2.3277655,2.9890428,1.3943595,1.269208,1.3222957,1.474448,3.0899088,2.288307,3.1748455,2.681662,3.952021,2.2334204,1.4738134,1.2858326,2.9047353,1.2950565,3.169844,2.9191113,4.4884896,2.3785841,2.5635395,2.5276082,2.7517393,5.2591867,1.1518731,4.2240343,2.7215667,2.8982584,2.3069263,2.0860775,2.5883038,2.8381302,1.1490852,0.97176194,1.6066374,2.7596831,3.1472192,3.0763445,3.7640674,2.6766226,3.6153195,1.123149,2.5937817,2.4432795,4.6463494,1.6925976,2.9611084,2.2088175,1.7852288,0.7188902,2.3001685,3.030551,2.5858,1.2555132,3.3251128,3.476536,3.4160855,2.4566977,2.9681468,2.5336816,1.9247588,3.0983655,1.9546726,1.732688,1.1602879,1.2097874,1.6388181,0.692207,3.3166616,1.3356581,2.229117,4.2423506,3.2080624,2.6739087,1.669913
1.4283314,1.1753749,2.4656382,4.4533076,2.8411882,2.335721,1.2550952,1.6000173,0.47727326,2.2610073,1.3474485,1.5285187,2.9400136,1.5485907,4.0622463,2.3717377,3.2161777,2.0301309,2.5484064,2.85954,1.3497546,0.465488,3.2391407,3.3914106,4.364615,2.0221298,5.1148677,2.7579582,1.6915358,1.9339734,1.3986174,0.9525135,1.5895857,3.248128,1.6620256,2.5834272,0.48323905,1.1601505,3.9647183,2.545611,1.8416243,3.5152218,1.3668637,1.5187631,3.151061,1.5690596,0.81202406,1.213349,2.3851998,0.48120242,1.4190942,3.4862204,2.9672158,3.1027143,2.083534,3.6072857,1.4530741,0.6482653,2.7487051,2.7206337,1.9568019,3.1763096,2.873122,3.3128028,3.000923,3.6007123,2.2653966,1.5251976,0.2721095,1.3861011,5.3553314,3.1261866,1.2792299,2.365504,1.9004968,1.5927886,2.0553663,0.35582724,1.5956768,1.6031425,1.2611065,0.8189019,1.601154,3.8004565,2.1947265,3.016833,1.5653801,3.614598,2.932983,2.009655,2.6909633,1.698731,1.7258736,1.5658822,1.2944794,1.9819742,1.6502378,3.1336176,3.429443,3.9456854,0.67047143,1.3563875,0.8201981,1.6193957,1.6130769,1.7713218,1.2442083,2.0684192,3.1268716,0.8201981,0.88369435,10.116345,2.9230871,1.7111216,2.0833466,1.8548745,2.2156398,2.3158395,1.0242479,2.7056913,2.9805737,2.546674,3.4504893,1.5951468,1.5714779,2.419847,2.5117276,3.7308426,0.1981945,2.1429312,2.6905544,1.2202095,1.374436,2.056328,1.5035927,1.6535145,1.4224255,2.598854,1.7039225,0.34495392,2.2261128,1.4591829,3.354295,1.3836356,2.4187982,2.621871,1.3618691,1.4393108,2.7875566,1.3359128,1.5105393,4.4413395,2.067798,2.0641077,1.4926544,1.2987313,2.1243324,2.1401982,2.9151669,1.7238548,2.5365186,2.6571648,1.8492515,3.3234713,3.062533,1.6013402,3.4503424,2.7108681,4.375278,2.2551877,1.5788904,2.861244,1.7135762,1.484219,1.9126228,2.5245085,1.57262,0.7574486,2.0408838,1.553183,1.4254209,0.9365679,1.3423616,3.3200915,2.744196,2.1804075,1.5634677,2.6587791,2.1257792,3.0801287,2.30236,2.8841093,1.7262163,2.2971666,4.2161503,2.0920572,1.4635516,2.9932113,2.7281802,2.9702947,2.7752001,2.0158856,3.1579049,1.8955833,3.0201077,3.510805,2.3895273,3.260402,3.515685,0.6267113,2.4689908,2.8425555,2.0364146,2.1180468,2.4435332,2.8548954,0.7313891,2.9657612,2.5944943,1.486354,2.3794217,1.9794697,1.9343625,2.747782,2.114816,2.2734697,2.5443783,2.6019938,1.2979227,0.73798656,1.6297786,3.2521152,2.6549833,3.754508,2.6000626,5.181858,1.7374328,3.1143684,3.7937706,1.9968878,5.0959625,1.1988586,3.035938,3.8039155,3.0418525,3.604554,0.40525872,2.0548704,2.4433234,2.3037038,2.3495533,1.6895452,3.2089126,2.7305524,3.332689,2.7392507,0.9804769,3.3773031,1.4779541,3.2525778,3.3375044,4.658013,2.1042688,1.6510077,2.8092473,2.3172746,1.7735424,2.6580935,4.0166903,2.667628,1.0719372,2.6822457,3.9413266,2.978003,1.9281934,2.4989254,3.068395,2.349308,3.4241462,2.4558,2.3336856,2.0141544,1.3766061,2.2631147,1.6080164,3.7462978,1.2672379,3.1727095,4.2295365,4.143451,1.5598696,2.183248
0.9244125,3.077211,2.0036013,3.7849236,3.147956,3.0991082,1.1564927,1.0889192,2.1779008,1.2355905,1.1109251,0.9879072,1.3303145,0.939058,4.145113,1.0032637,2.6811843,2.5110142,3.4509246,1.2831113,1.1702398,2.462939,2.43861,2.1708608,4.5980434,1.6350945,4.7284846,0.9438055,0.8833089,1.5001358,1.3155267,2.7565582,0.57968295,2.4088912,0.65493053,1.210476,2.4517972,1.3181279,2.7352536,2.1142147,1.2249442,2.281088,1.0453689,1.0923389,2.114169,3.538496,2.7884228,1.1806663,1.8404258,2.2574518,1.056506,2.8009176,2.0800476,1.7538568,1.8943381,3.593316,1.5274456,1.4815084,3.673197,3.0276377,1.318164,2.74295,1.0002906,1.9350046,1.4954333,2.4362469,3.3188055,2.8704576,2.1145737,1.4043242,5.0158806,2.3007305,1.4121027,0.51125765,2.1716816,0.6233143,1.3201814,1.9716738,0.6716902,0.63300174,3.2596986,1.7204492,0.8769379,3.754974,1.4329774,4.007732,0.60426486,3.0308561,1.3836372,0.9596468,1.073166,2.8586597,2.9553444,0.6027476,1.1572665,1.8081757,1.2670696,2.364412,2.262802,2.6956503,1.955863,2.2179513,2.730499,0.6227136,1.220218,1.0957754,1.415639,0.8514347,4.3385034,2.730499,2.0431263,10.321159,3.004388,2.235333,0.6342651,1.1378894,1.5344315,2.1248946,2.201456,2.6970744,1.8727658,1.6198052,2.9263473,0.71779436,0.7281406,1.9277127,2.6533701,2.8226357,2.0656161,1.0433635,3.6368704,1.3782393,1.4990691,1.4382204,0.9708273,0.5128866,1.1481179,0.63048947,2.4625795,1.826201,2.6663992,0.8195873,2.0180073,1.4005818,1.9233496,1.7241546,0.93931264,1.456939,0.9679736,1.7068629,0.81522816,3.8116255,1.4921817,1.083833,2.7328122,1.0370559,0.97751236,2.7079387,4.299863,2.8605962,3.4157934,2.4197752,0.6726674,2.4183567,1.9858668,1.4830724,3.4707654,0.92995214,4.196474,2.4982078,0.61925983,1.6141192,0.86486244,0.9248635,1.1647799,2.4819205,0.7511932,2.1740663,2.1003532,0.91640973,1.4856659,2.6787944,1.5043318,2.4853022,2.170156,1.0587497,0.63820666,3.4223232,2.0236115,1.9964342,1.2672954,2.5289505,0.9301958,1.5321277,4.6590605,1.358522,1.3705117,2.275991,3.423227,4.114258,0.85658973,1.1173786,2.193954,1.4897357,1.5855755,3.9257152,2.277203,2.006962,2.0529175,2.662139,1.6302677,2.203848,1.6191299,1.764898,1.6615082,1.3751533,1.809741,1.9256889,2.648783,1.3277001,1.2151991,0.8555844,0.9533986,3.7627518,2.7744126,2.9903781,2.0386338,3.6849267,2.5689437,1.5763903,1.0194155,3.4487607,0.7287732,2.6564107,2.4852169,4.7558994,2.1285944,2.090202,2.582203,2.1600924,4.6792154,1.3999323,3.9308999,2.3483837,2.878099,2.1721056,2.2319007,2.2688465,3.3354259,0.5724332,0.7372623,1.8172284,2.3771267,3.7009642,3.6158187,3.4354763,2.9263263,3.1411307,0.9474565,2.155609,1.7900755,4.160734,1.8695154,2.705761,1.4113864,1.1814286,0.72134864,2.0801592,3.0344,3.1048615,1.2933273,2.8044991,2.980769,3.971198,2.3439517,2.7654562,2.123253,1.8431948,2.7422462,2.3814154,1.8582826,1.0232975,1.2681432,1.6407533,0.5354745,3.838107,1.4985931,1.7926805,3.7764273,3.3732312,3.0815635,1.8331778
0.6299175,2.7947068,1.8250897,3.4785025,3.122373,3.034492,0.74591273,0.5694214,1.9318535,0.9023228,0.7172235,0.46890286,1.7067746,0.4522553,4.0555043,0.97126096,2.4653435,2.6217985,3.452489,1.7535073,0.78566146,2.3220909,2.1790328,2.6413956,5.0139327,1.0154473,4.9373584,1.6351281,0.37406552,2.087834,0.79731405,2.766625,0.59577644,2.5153806,0.57069904,1.3850191,2.2712436,0.98830324,3.445762,1.6645658,0.5899858,2.0804317,0.6442517,0.5634982,2.5176876,3.454849,2.5868897,0.8628152,1.3136032,2.0363555,0.62699366,2.4996064,1.6771638,1.3495644,1.2249905,3.4763424,0.97644514,1.4024714,3.6596537,3.2429528,0.9211089,2.2703717,1.0036889,1.7101554,2.0470226,2.9476373,3.0744681,2.4381285,2.0083423,0.8732773,4.888065,1.9661064,0.91316116,0.7367762,2.664195,0.61906147,0.8311077,1.755374,0.5000684,0.5191443,3.0900817,1.4089904,0.45901313,3.6437597,0.78240293,3.5512297,0.55934167,3.0508363,1.7936499,0.5702211,1.5306479,2.4017198,2.5087945,0.58004844,0.7712425,2.3799706,1.6100153,2.3098395,2.2885916,3.0280664,1.6215386,1.8520701,2.5136845,0.790039,0.6010285,0.49029997,0.93674195,0.6837702,3.9191654,2.5136845,1.6185448,10.327641,3.0226555,1.7203792,0.76933503,0.5970287,1.0563668,1.5473566,1.7946147,2.2177517,1.508499,1.2239505,2.5770566,0.48270565,0.5684049,1.424651,3.1293015,3.2501574,1.9801695,0.70679426,3.670472,0.92578375,0.9519179,0.8511365,0.5242038,0.6253959,0.6967803,1.1463598,2.4624157,1.7396234,2.974285,0.5555235,2.4034991,0.89408606,1.3719206,2.3548946,1.0045999,0.9141271,1.2134035,1.1626666,0.48277655,3.5235431,0.8404666,0.63034004,2.2788994,0.98151296,0.7068998,2.8755312,4.2947655,2.7565541,3.6410847,2.7427318,0.28629044,2.764609,2.2683616,1.6194341,2.943767,1.3932048,4.062199,2.6386209,0.54384375,1.8647735,0.34066218,0.4724468,0.8906025,2.9904943,0.5021655,1.8031362,2.3780975,0.4532944,0.9304685,2.3442838,0.96380174,2.1895423,2.0996337,0.7394346,0.5325191,3.0276344,1.4007295,1.7443354,0.86123985,2.2668076,0.35986993,1.114172,4.127255,2.0072114,0.8301962,2.53367,3.5798666,4.146767,1.423291,0.63806564,2.4471862,1.5025507,1.7672429,3.8913043,2.7706654,1.7962137,2.0489457,2.5416815,1.0453103,2.841645,1.0090191,1.1123118,1.0901016,1.8939188,1.8805319,1.6414398,2.7349756,0.79745114,0.91178626,0.43331608,0.7063528,3.6484609,2.281736,3.1001399,2.453225,3.6379938,2.1412156,1.2925587,0.5521215,2.9077992,0.88421404,2.2713141,3.0350902,4.9915905,2.5718317,2.7243414,2.8032374,2.2020135,4.548108,0.950399,4.0468464,2.2332482,3.348416,2.0221028,2.0125945,2.7231011,2.8159418,0.8979848,0.7924724,1.2088548,2.0276535,3.2281094,3.0797117,3.4756267,2.7297149,3.2226048,0.5327618,1.9226578,2.4723055,3.883059,1.2084818,2.650886,1.4586943,0.88024014,0.39309487,2.6753144,3.4492633,2.5452194,0.9320822,2.8277743,2.5721138,3.5110614,2.1154485,3.0237858,2.4509141,1.3660107,3.4107313,1.828831,1.2503922,0.57285005,0.77077264,1.0229774,0.7484245,3.3136375,0.9834421,1.863333,3.37204,3.7515535,2.6946468,1.1876386
1.0067824,3.097452,1.7024008,3.1679971,3.1426923,3.1306884,1.0457914,0.75645214,2.2381651,0.73279816,0.9771257,0.76539844,1.6777511,0.7456753,3.9724379,1.0882068,2.2533526,2.785109,3.593851,1.9258393,1.0771495,2.6784081,1.9429873,2.7663171,5.3854804,0.97167647,5.1085067,1.807625,0.6805443,2.401341,1.0440582,3.153264,0.98689395,2.4471545,0.9375355,1.2884423,2.5797536,1.3676683,3.6499052,1.5241117,0.6980522,1.98465,0.93428004,0.8448566,2.6266994,3.768166,2.8811886,1.182908,1.2228577,2.3337467,0.89158547,2.2687104,1.4047531,0.9374472,1.210929,3.3707933,1.1246805,1.7909117,3.7756457,3.3826168,1.1012387,2.0620472,0.8510873,1.5334334,2.1012678,3.1209333,3.204827,2.6483943,2.3669355,1.0982956,4.6869125,1.7266347,1.1901282,0.7549728,3.0145504,1.0141634,0.9068798,2.0959876,0.8390684,0.8615144,3.3851821,1.7658219,0.7237513,3.5273192,0.7417045,3.7002475,0.9376615,2.9530451,1.7822509,0.65306646,1.7090561,2.593792,2.7075548,0.9661669,1.0323317,2.728524,2.0282397,2.139383,2.323059,3.142935,1.9218365,2.1301415,2.8147728,1.183334,0.823417,0.6638053,1.2425551,0.7583066,4.095666,2.8147728,1.870235,10.462256,3.0063844,1.8827021,0.946623,0.78507644,1.0873306,1.5748852,2.0495107,2.189427,1.3216263,1.2164993,2.3438048,0.809335,0.9404565,1.3998946,3.4342577,3.4756591,2.3189216,0.6007955,3.8188784,1.2472858,1.15742,0.800063,0.7998962,0.9919036,0.92120564,1.2051024,2.6164262,2.124146,3.2141392,0.956112,2.5430586,1.0854031,1.3291378,2.587588,1.4111987,1.0815852,1.1085882,1.3683724,0.83835924,3.229065,0.76218486,0.63665086,2.4847913,1.4043373,0.6925841,3.0408106,4.492176,2.9190714,3.877443,2.9181485,0.54922026,2.827566,2.2821653,1.7881751,2.9295077,1.5303127,3.8979864,2.7491496,0.9081031,2.0209367,0.6146866,0.8167021,0.90145665,3.2398903,0.83423615,2.095809,2.6194477,0.7457009,1.1138637,2.597349,1.1838506,1.9224364,1.9799658,0.8260241,0.9008503,3.0606499,1.4447091,1.50769,0.6183255,2.38638,0.6097826,1.1486777,4.1662498,2.3437464,1.0265607,2.5880833,3.7464533,4.31805,1.4637321,0.5412838,2.4548595,1.5629759,1.643525,3.9097347,3.031731,1.5806347,1.8947432,2.8731782,0.9393127,3.1051435,0.9581092,1.0516602,0.9440466,1.9662143,2.298749,1.3865854,2.8268049,0.9882539,0.9002411,0.44686958,0.7761557,3.96922,2.4276597,3.3015497,2.5846472,3.7731233,2.3580198,1.6013051,0.7468456,2.9400768,0.8338518,1.860502,3.2984133,5.16506,2.9107027,2.9540703,2.8700929,2.2871895,4.3279514,1.2701994,4.2162433,1.9650168,3.6400344,1.8298837,2.3149078,3.019632,2.945238,1.0188756,0.9063249,1.3114934,1.7487206,3.3805687,3.1163073,3.594939,3.0314214,3.2102993,0.82473785,1.6521345,2.580415,3.608266,1.1873276,2.825572,1.2602296,0.6753987,0.7562745,2.962482,3.6083813,2.620015,1.2370355,2.8501234,2.172205,3.66032,2.2079654,3.241129,2.5206141,1.2682027,3.6908238,1.8683416,1.1723495,0.64258397,1.0468411,0.90580064,1.1340468,3.311672,1.2410517,1.7448502,3.057027,3.9515104,2.9303446,1.1474161
0.93210167,2.6725228,2.3544183,4.0727816,3.6209457,3.4270911,0.9370875,0.8388977,1.9258808,1.2804831,1.0136873,0.7756513,2.3252246,0.8222925,4.6321564,1.496411,3.0606441,3.047132,3.8354902,2.1203215,0.70504636,2.1667106,2.8348927,3.1385796,5.053527,1.4611207,5.3004866,1.942891,0.88990206,2.2468135,0.7340696,2.6482866,0.9588729,3.1939626,1.0041499,1.9229108,2.2095048,0.75410444,3.4681945,2.2333484,1.0509082,2.5304177,0.91511494,0.9130158,3.0755093,3.4160695,2.5363116,0.78565097,1.8260437,2.0445728,0.94356525,3.1389735,2.296404,1.6968282,1.5160695,4.036225,1.0162741,1.2665535,4.0179443,3.7033732,1.3262229,2.8173213,1.4565196,2.2428179,2.2780848,3.348023,3.4153972,2.4842777,1.8420964,0.8066677,5.520677,2.606175,0.7777908,1.284521,2.7693646,0.9640359,1.3325164,1.6118252,0.97768027,0.9896813,3.0417185,1.2326498,0.9297783,4.210542,1.2008417,3.6425757,0.9580548,3.7224143,2.4033906,1.2231798,1.9134833,2.4778376,2.5709352,0.9596442,1.0253044,2.4894898,1.4747797,2.9539733,2.7388783,3.4178202,1.599724,1.9013584,2.4948072,1.0643157,0.90417117,0.9861381,0.75991285,1.3594614,3.9887695,2.4948072,1.5386971,10.662772,3.486786,1.8824112,1.3686168,1.0525476,1.5296149,1.830635,1.8318098,2.6414235,2.0778995,1.6757048,3.1867893,0.97258335,0.9840655,1.8688241,3.4144597,3.534507,1.9464337,1.10918,4.0319395,0.744057,0.89411503,1.3784636,0.8968252,1.0328362,0.95223653,1.4803907,2.6616812,1.6122726,3.3362675,0.849511,2.8079221,0.95136595,1.7890747,2.736577,0.7970993,0.95522183,1.8120155,1.2905977,0.8914933,4.128615,1.3074259,1.2759844,2.3250263,0.7465594,1.3953681,3.208028,4.5389843,3.0287535,3.9484565,3.2507968,0.92432696,3.3707287,2.9123147,1.9933652,3.186253,1.8108222,4.655585,3.0687482,0.97656494,2.28094,0.8915658,0.78976595,1.1935252,3.3088725,0.98259026,1.692779,2.805707,0.8497697,0.9064121,2.3127706,0.8854862,2.8328402,2.7003624,1.3162998,0.9566955,3.4011292,1.6392901,2.4122012,1.3479933,2.5482712,0.89724016,1.5985793,4.2379274,2.1369827,0.80969507,3.1553755,3.97503,4.4622345,1.7735641,1.1168857,3.096006,2.003037,2.4379563,4.410723,3.1215258,2.4356418,2.6752403,2.4405618,1.4775312,2.847152,1.4725498,1.5039157,1.5998199,2.4510868,1.718226,2.3054628,3.286007,0.8105902,1.509133,1.008632,0.9515632,3.656723,2.4250052,3.4986725,2.940394,3.9627783,2.2051942,1.3488991,0.8135184,3.066974,1.3838841,2.7208297,3.3297608,5.3546185,2.7016654,2.6601632,3.267242,2.4869146,5.1699767,0.77012527,4.415799,2.867895,3.662823,2.5827758,1.9548041,2.9860256,2.9072893,1.4743999,1.3413502,1.449647,2.654981,3.3057292,3.2419643,3.90616,2.7075624,3.8428597,0.8835303,2.5905857,2.888133,4.482379,1.5263795,2.9343464,2.053309,1.3508397,0.874705,2.9802947,3.8644397,2.67544,1.0536596,3.3429964,3.0214398,3.5989232,2.5801466,3.4595952,3.0578952,1.9240636,3.3506365,2.0794394,1.6732719,1.2064929,0.6817453,1.5063119,1.0592442,3.5094354,0.8576592,2.5387824,3.8636203,4.0940375,2.7089021,1.5485322
1.7135872,3.70273,1.3430637,2.3039284,2.760107,2.9798117,1.7647187,1.5235523,2.8148222,1.1518741,1.6306047,1.559812,1.2749104,1.5078918,3.322941,1.3871356,1.533814,2.678146,3.4536724,2.1089866,1.9219954,3.3466482,1.1115338,2.5606833,5.7460995,1.3226615,5.007109,2.0545018,1.4084294,2.7478998,1.8937945,3.7654839,1.6522593,1.7264593,1.5743715,1.0794066,3.1533003,2.2495859,3.9514294,1.2373395,1.3518564,1.8881291,1.6440352,1.5689969,2.3247933,4.229917,3.4140108,2.0008497,1.2855108,2.8759584,1.5816787,1.487228,0.7842265,1.0390135,1.6619768,2.7500224,1.857647,2.5397615,3.6260223,3.1312852,1.6036996,1.6019652,1.1296364,1.3113127,2.23755,3.0559144,3.193473,3.1143513,3.061223,1.9286854,3.8145664,1.0097052,2.0441504,1.1078079,3.3699534,1.6851145,1.3433561,2.804478,1.4742982,1.4874706,3.8769708,2.5592282,1.4065974,2.873486,1.321724,4.0234942,1.5945467,2.1727028,1.3824875,1.0886403,1.9359951,3.0356026,3.1527655,1.6270862,1.6896814,3.1094053,2.7578328,1.3547461,2.2527986,3.0789373,2.5643349,2.70267,3.3366992,1.8258563,1.5758549,1.3491821,2.1126401,1.0168351,4.4266143,3.3366992,2.5465422,10.288339,2.633614,2.35116,1.2581371,1.4333893,1.4141718,1.9378365,2.6185892,2.142688,1.0982345,1.4774343,1.6204171,1.4491892,1.5918809,1.5683299,3.540359,3.5826766,2.903508,1.1704235,3.6891444,2.1196163,1.9623915,1.1562345,1.5123947,1.604396,1.6169707,1.5429561,2.7939472,2.829852,3.1947315,1.6981419,2.5430307,1.8322033,1.555505,2.6147172,2.2535286,1.8357561,0.9129267,2.0036247,1.5443295,2.3582282,1.2132022,1.0223116,2.9710305,2.2740633,0.88381404,3.0064054,4.513006,3.0045886,3.8687067,2.7000704,1.2484121,2.3636298,1.763554,1.9298493,3.0637743,1.7364029,3.1387725,2.5757396,1.5488524,2.1320555,1.3431731,1.5942165,1.4143506,3.2614608,1.4713033,2.782095,2.611942,1.4876758,1.9054017,3.1347692,1.997362,1.078278,1.3965408,1.2258295,1.555474,2.9664822,1.9063203,0.73937577,0.9248145,2.6229804,1.3440684,1.4280795,4.3983016,2.7535446,1.8464856,2.1127346,3.5829196,4.2359085,1.6450663,1.1079732,1.8947849,1.5102229,0.9592547,3.4499626,3.0561068,0.97512084,1.3337927,3.462404,1.309673,3.4848752,1.2856332,1.4218774,1.1359662,1.720342,3.0194314,0.5952792,2.4820218,1.799794,1.1089464,1.1083457,1.4620042,4.4363556,2.8174014,3.2194693,2.3618639,3.6889856,2.8420863,2.2376518,1.5225474,3.2061703,1.1434122,1.3074127,3.3538904,5.060236,3.2438343,3.4045773,2.7011986,2.3532107,3.4528682,2.1367934,4.0635443,1.1734855,3.707511,1.4209809,2.913294,3.1723685,3.318517,1.2422155,1.2770189,1.8287114,0.96946514,3.7438912,3.3612306,3.3671076,3.5359101,2.5965805,1.5428262,0.7399823,2.4559693,2.7583776,1.6139723,2.91222,0.7651968,0.974953,1.485636,3.0849931,3.4831777,2.9724817,1.9297867,2.4655867,1.5870277,3.9902363,2.1314347,3.1265926,2.1049197,1.191621,4.111048,2.1984203,1.4298605,1.109857,1.9138334,1.1929427,1.7593751,3.477598,2.0755095,1.1049888,2.3993835,3.9367743,3.4080536,1.530919
1.9253602,1.3358448,3.3487918,4.822408,3.5662847,3.1205978,2.039653,2.418267,1.4102855,3.1595702,2.1603293,2.2367206,3.4312887,2.265068,4.5271015,2.456365,3.8506896,2.7768538,3.14541,2.959624,2.2950609,1.4716284,3.5315356,3.4060025,3.8486776,2.2799358,4.156357,3.2699814,2.1992018,2.934458,2.221762,1.5367888,2.1812136,3.555738,2.141138,3.4851935,1.715906,1.809998,4.7739058,2.6905417,2.188488,3.1249256,2.169318,2.0379694,3.2407167,2.2035782,1.7358798,2.2010753,2.3776062,1.5460716,2.1976929,3.617947,3.1941645,3.713903,2.1378102,4.244985,2.3068159,1.796357,3.5369782,3.4135294,1.9121815,3.161269,3.2911675,3.1914983,4.06298,3.5020933,2.2659042,1.2295074,1.7359029,2.2114184,5.7189054,3.2937832,2.052782,3.0117803,2.8253818,2.1242495,2.1358688,1.6111612,2.2634084,2.2752411,1.9458078,1.4345931,2.3197203,4.4279838,2.3374045,1.8242006,2.2132027,3.8993127,3.464101,2.3795435,2.8491778,1.1960908,1.1804267,2.184293,2.1430597,2.8398225,2.1530876,3.7695436,2.9518473,3.5469327,1.4062883,0.79109216,1.4099467,2.1054385,2.0506294,2.1965818,1.9471031,2.506251,1.9611974,1.4099467,1.7043681,8.79922,3.9430678,1.3581437,2.497155,2.0833726,2.1416123,1.9495516,1.2235161,2.2545245,2.9062214,2.348451,3.6502287,2.2641795,2.0888023,2.1841242,2.933451,3.3176064,1.7315387,3.0090759,3.3753912,1.9381056,2.1812658,2.3432097,2.2434185,2.2497048,2.2693002,3.352909,3.0891392,1.5271139,2.902291,2.0270348,3.1657128,2.2750027,2.2223973,3.1630328,2.247845,2.2943137,3.3512895,1.6877946,2.158062,4.7974873,2.3867345,2.4168434,1.2153423,2.0290518,2.5794938,3.2606947,3.5132244,2.6561253,3.2366645,2.917851,2.4721887,3.4851995,3.337142,2.7500067,2.5093112,2.9664607,4.9117703,3.2542512,2.2300222,2.6544204,2.3062932,2.1605268,2.9313605,3.3797615,2.2080078,1.3850262,2.3762376,2.272219,2.2482495,1.5972936,2.1363173,3.6180005,3.5039036,2.3301878,2.2205436,2.5171006,1.9130869,3.2667162,3.0837448,1.9563326,2.276801,2.1732943,2.9872382,2.8331852,2.3103285,3.2524323,3.4117281,3.5897179,3.5610368,2.7947955,3.403746,2.863554,3.5287297,3.961229,3.0405266,3.280642,3.49789,1.7571343,2.4593987,3.9664564,2.3013492,2.280746,2.5162144,3.3494167,1.6119295,3.2570179,2.9364657,2.352387,2.4743001,2.7111812,2.900654,1.2930471,1.3045526,2.641458,3.383221,3.3408127,1.2506753,1.7185571,2.4903064,2.2378047,3.132545,4.3519883,3.4200125,4.260813,2.748302,4.144801,3.3653662,3.338048,5.575415,1.9231293,3.6378944,3.8933167,2.9856255,3.4769828,1.7024673,2.8784616,1.5561557,2.7550335,2.6201138,1.8505428,3.4944527,1.5995753,2.2773578,3.3339198,1.5118062,3.7524533,2.2419305,3.5266097,3.9229224,5.025689,2.1536171,2.637129,3.5932086,3.159357,2.2015393,3.0043967,3.6559029,1.7894261,1.916505,3.4706244,4.5223365,1.7962304,2.1687489,2.7325625,3.2449248,2.4533548,4.381037,1.8900355,2.3041542,2.3516889,2.1886218,2.4256933,2.1955566,2.682472,2.0301561,3.3421206,4.7655635,3.586459,1.1730368,2.201802
1.4283314,1.1753749,2.4656382,4.4533076,2.8411882,2.335721,1.2550952,1.6000173,0.47727326,2.2610073,1.3474485,1.5285187,2.9400136,1.5485907,4.0622463,2.3717377,3.2161777,2.0301309,2.5484064,2.85954,1.3497546,0.465488,3.2391407,3.3914106,4.364615,2.0221298,5.1148677,2.7579582,1.6915358,1.9339734,1.3986174,0.9525135,1.5895857,3.248128,1.6620256,2.5834272,0.48323905,1.1601505,3.9647183,2.545611,1.8416243,3.5152218,1.3668637,1.5187631,3.151061,1.5690596,0.81202406,1.213349,2.3851998,0.48120242,1.4190942,3.4862204,2.9672158,3.1027143,2.083534,3.6072857,1.4530741,0.6482653,2.7487051,2.7206337,1.9568019,3.1763096,2.873122,3.3128028,3.000923,3.6007123,2.2653966,1.5251976,0.2721095,1.3861011,5.3553314,3.1261866,1.2792299,2.365504,1.9004968,1.5927886,2.0553663,0.35582724,1.5956768,1.6031425,1.2611065,0.8189019,1.601154,3.8004565,2.1947265,3.016833,1.5653801,3.614598,2.932983,2.009655,2.6909633,1.698731,1.7258736,1.5658822,1.2944794,1.9819742,1.6502378,3.1336176,3.429443,3.9456854,0.67047143,1.3563875,0.8201981,1.6193957,1.6130769,1.7713218,1.2442083,2.0684192,3.1268716,0.8201981,0.88369435,10.116345,2.9230871,1.7111216,2.0833466,1.8548745,2.2156398,2.3158395,1.0242479,2.7056913,2.9805737,2.546674,3.4504893,1.5951468,1.5714779,2.419847,2.5117276,3.7308426,0.1981945,2.1429312,2.6905544,1.2202095,1.374436,2.056328,1.5035927,1.6535145,1.4224255,2.598854,1.7039225,0.34495392,2.2261128,1.4591829,3.354295,1.3836356,2.4187982,2.621871,1.3618691,1.4393108,2.7875566,1.3359128,1.5105393,4.4413395,2.067798,2.0641077,1.4926544,1.2987313,2.1243324,2.1401982,2.9151669,1.7238548,2.5365186,2.6571648,1.8492515,3.3234713,3.062533,1.6013402,3.4503424,2.7108681,4.375278,2.2551877,1.5788904,2.861244,1.7135762,1.484219,1.9126228,2.5245085,1.57262,0.7574486,2.0408838,1.553183,1.4254209,0.9365679,1.3423616,3.3200915,2.744196,2.1804075,1.5634677,2.6587791,2.1257792,3.0801287,2.30236,2.8841093,1.7262163,2.2971666,4.2161503,2.0920572,1.4635516,2.9932113,2.7281802,2.9702947,2.7752001,2.0158856,3.1579049,1.8955833,3.0201077,3.510805,2.3895273,3.260402,3.515685,0.6267113,2.4689908,2.8425555,2.0364146,2.1180468,2.4435332,2.8548954,0.7313891,2.9657612,2.5944943,1.486354,2.3794217,1.9794697,1.9343625,2.747782,2.114816,2.2734697,2.5443783,2.6019938,1.2979227,0.73798656,1.6297786,3.2521152,2.6549833,3.754508,2.6000626,5.181858,1.7374328,3.1143684,3.7937706,1.9968878,5.0959625,1.1988586,3.035938,3.8039155,3.0418525,3.604554,0.40525872,2.0548704,2.4433234,2.3037038,2.3495533,1.6895452,3.2089126,2.7305524,3.332689,2.7392507,0.9804769,3.3773031,1.4779541,3.2525778,3.3375044,4.658013,2.1042688,1.6510077,2.8092473,2.3172746,1.7735424,2.6580935,4.0166903,2.667628,1.0719372,2.6822457,3.9413266,2.978003,1.9281934,2.4989254,3.068395,2.349308,3.4241462,2.4558,2.3336856,2.0141544,1.3766061,2.2631147,1.6080164,3.7462978,1.2672379,3.1727095,4.2295365,4.143451,1.5598696,2.183248
1.003318,2.2971196,1.8176574,3.5510628,3.0572941,2.8306105,0.6433751,0.4936937,1.5288684,1.0306578,0.6790036,0.6158156,2.4631407,0.6757329,4.039644,1.7871667,2.5180256,2.6594558,3.309735,2.6249352,0.51556736,1.9372782,2.446549,3.4331324,5.449946,1.0333774,5.543435,2.466882,0.89139676,2.4682355,0.3187749,2.5424037,1.2000073,2.9866562,1.2182097,1.8461843,1.8049951,0.8740877,4.050212,1.7777144,0.86408466,2.74984,0.6602062,0.7488846,3.22674,3.0301068,2.0895338,0.62234324,1.5345052,1.6141452,0.65467477,2.7298343,1.9626746,1.6366541,1.1103431,3.4237165,0.23246191,1.2438942,3.4332473,3.3646522,1.3901215,2.3459563,1.8450805,2.395911,2.5585277,3.7533226,2.837342,1.9909716,1.6413072,0.2694777,4.9683223,2.2614136,0.43400022,1.5458276,2.9087899,1.2269728,1.2826033,1.3371232,1.0366865,1.075847,2.599198,1.1184657,0.78992766,3.6015246,1.1143789,3.3003685,1.1247813,3.3838356,2.524855,1.2032932,2.4034312,2.0161238,2.1136014,1.1575838,0.6584831,2.7499757,2.0145018,2.5583677,3.0340729,3.8595371,1.2076769,1.7002208,2.0835147,1.4088836,0.6914606,0.84298724,0.55750173,1.3704009,3.620477,2.0835147,0.9998144,10.688016,2.9353685,1.5181447,1.5641327,1.054237,1.4656188,1.6210425,1.3927909,2.2560925,2.0486152,1.773036,2.685309,0.9902288,1.1301482,1.6910725,3.4994268,4.0097847,1.6594276,0.95558745,3.510449,0.5973749,0.25725314,1.0698448,0.6914623,1.2722685,0.5451078,1.8960204,2.1431615,1.5218751,3.14987,0.9840351,3.246337,0.30748165,1.5984522,2.98052,1.2127668,0.23119214,1.9990166,0.82680315,0.8934731,3.6026995,0.9507905,1.1824869,1.8404312,1.1645507,1.3183334,2.8063624,4.003216,2.4318414,3.6416168,3.1741002,0.9960129,3.395231,2.904478,1.6965178,2.9780495,2.2899811,4.0549955,2.652993,1.1075742,2.6712248,0.83644694,0.725213,0.8759923,3.3091567,0.99707794,1.2958765,2.720326,0.71043634,0.20198548,1.7740731,0.3007683,2.4385233,2.2474036,1.4414015,1.0789077,2.7562327,1.3624481,2.206243,1.0570301,2.6687145,0.815584,1.5947148,4.0107403,2.5298293,0.21666642,3.0595624,3.571553,3.9392278,2.1545534,0.8121427,3.0427887,1.6299485,2.409287,3.846341,3.1570127,2.3914492,2.7882364,2.1110618,1.4248191,3.2012813,1.0524458,1.0889407,1.4095662,2.6435423,1.8407004,2.0419474,2.9456842,0.245032,1.5961045,0.9156044,0.8761159,3.6792982,2.0920684,3.1568477,2.8306336,3.3666909,1.7012874,0.97536004,0.5564436,2.86786,1.7646065,2.376433,3.3934357,5.616002,2.760851,3.167291,3.6017354,2.0182269,4.6154985,0.60322094,3.967109,2.8676143,3.8721986,2.7225437,1.5321946,2.9906805,2.5025508,1.7479668,1.6777422,0.9715707,2.2582402,2.9607456,3.0125363,3.4055538,2.2954319,3.4687707,0.7037204,2.3411398,3.240559,3.9135582,1.1373676,2.3832657,1.9314809,1.1361394,1.1053318,3.2649264,4.2239957,2.3773482,0.7167665,2.8351326,2.5969782,3.2543318,2.0715857,3.3033729,3.089836,1.5582151,3.8357527,1.8818685,1.3868889,1.1691438,0.3922212,1.2074411,1.3631676,3.3280592,0.42020667,2.5648553,3.225481,4.481994,2.250632,1.2167494
6.8045387,6.47315,7.7418814,8.194546,7.1845436,7.0305915,7.1033235,7.4266343,6.6607018,7.9774346,7.1532393,7.2151403,7.1150813,7.206016,7.4050293,6.5733504,7.7660575,6.6166525,6.616992,6.4988494,7.460201,6.7234573,7.1914883,6.011985,4.7039294,6.950567,3.2794945,7.186947,7.0025587,7.173123,7.407685,6.3719974,6.9142566,6.669418,6.8221054,7.848362,6.8966994,7.0342817,8.418965,6.801745,6.9677677,6.3223753,7.173299,6.9671526,6.007423,6.6726546,6.8082333,7.376621,6.6602364,6.731637,7.1772857,7.0263295,7.173536,8.279503,6.8638687,7.6759863,7.486096,7.0066056,7.157083,6.6870213,6.435627,6.878129,7.533425,6.7509923,8.398103,5.834167,5.9853888,6.2271028,7.0039487,7.419251,8.173066,7.022194,7.292893,7.443276,6.849933,6.8489013,6.6427536,6.9596505,7.0316114,7.027359,6.737134,6.7981987,7.1847425,7.7672553,6.952878,5.2467012,6.974162,6.7638025,7.124339,6.905221,6.5820465,6.0923824,6.0551124,6.9358797,7.168665,6.9013476,6.770061,7.5416026,5.7555456,5.5992184,6.727299,6.003802,6.487298,6.7585793,6.9949512,6.9930325,7.1975713,6.920359,5.1464577,6.487298,7.0571036,3.5611346,7.9170384,6.2421207,6.824414,6.7865987,6.512109,6.372981,6.4841285,6.0411935,6.7241435,6.453032,7.1968117,7.0479574,6.836471,6.3851843,6.0031643,5.276889,6.872733,7.8299336,6.8087,7.1829615,7.4048705,6.9513597,7.1822724,6.917776,7.2978926,7.739362,7.7862725,6.7734895,6.3652453,6.9067197,5.9412293,7.438682,6.5112257,6.6030936,7.2698874,7.4658794,7.4426656,6.8067627,7.0217094,8.089068,7.0783315,6.9384627,6.2761035,7.091107,7.0107317,7.32843,6.8261395,7.0143633,6.516266,5.888595,7.1948404,6.1179433,6.4708195,7.3252664,5.732985,6.807911,7.98574,7.2440224,6.984055,5.9661427,7.1205955,7.114551,7.8518744,6.873266,6.99274,6.78946,5.9201155,7.194252,7.4510193,6.791548,7.3718624,7.3237867,7.5393167,6.696312,6.993802,6.20342,6.5643525,6.999891,7.8075786,5.3193927,7.0956764,6.4311337,5.4189553,6.9408073,7.4879494,6.239654,6.6586623,6.7986107,7.819995,7.611794,6.397486,7.3378525,7.2454023,6.8638744,6.4450293,6.8151474,6.6850586,6.853596,6.8478775,8.153918,6.9512243,6.940772,6.880766,6.911667,6.676425,7.1614075,6.190309,7.50916,6.683575,7.46999,7.82721,4.329405,5.848304,5.958096,7.0480747,7.023691,6.3629193,6.917957,7.4892273,5.7290134,7.407104,8.626526,6.854889,3.3791218,6.8816314,8.409313,5.560364,7.9917583,8.39233,7.177044,6.644459,7.175574,5.282636,6.756774,6.955957,6.615965,5.8440046,6.9675784,6.856172,6.767756,7.3255067,5.458306,5.635465,6.6515236,6.4673886,6.6141057,7.189328,7.234446,7.288067,8.189658,6.8433924,6.9957547,7.8469048,7.879157,6.9132547,6.172869,5.231963,5.9217553,7.0419545,7.2095256,8.733731,5.2861247,6.2835054,5.6920013,6.1564436,6.7091136,8.271902,6.163014,6.7457395,6.8987355,7.3716874,6.949386,6.8618436,5.6078134,7.288817,6.7381473,8.65074,4.750514,6.1139264,6.8051286
4.7086926,5.483825,3.0052607,1.8125445,2.5291104,3.1499166,4.5775747,4.48448,4.8699346,4.17899,4.43065,4.575886,4.019642,4.5267124,1.4360185,4.658914,2.2270544,3.5549967,3.4454796,5.21094,4.8234615,5.440152,2.723743,4.8413353,7.830497,4.1008606,6.5663524,5.1807446,4.533003,5.125922,4.7766986,5.741229,4.742741,2.909941,4.6884074,3.8404026,5.021283,5.1794453,6.653095,3.3974164,4.4202385,4.834101,4.5166154,4.5458603,4.3342032,5.464185,5.0639935,4.845415,3.9938076,4.8110642,4.4582953,2.642625,3.351632,4.319421,4.36863,1.5575125,4.5541606,5.1557813,3.3433895,3.452693,4.6393213,3.1673052,4.735824,4.446003,4.9173717,5.452224,3.7318735,4.863925,5.3060303,4.75746,0.6134156,3.1003954,4.8858585,4.4901166,5.4014783,4.7828,4.414028,5.134607,4.525108,4.5416694,5.255636,5.2076883,4.4236927,1.3800572,4.495084,5.491648,4.6574197,2.2970476,3.9854846,4.2853518,5.097841,4.843518,4.911816,4.697442,4.45026,5.4355483,5.758694,2.4764278,5.0186334,5.669278,4.861765,5.054137,5.0487766,4.9121604,4.57139,4.436142,4.9808044,4.194779,5.688154,5.0487766,4.8405514,10.585599,2.6148388,4.661711,4.4411407,4.5598435,4.4045978,4.583864,4.7872243,3.9559777,4.1231112,4.5937085,2.4676373,4.4935136,4.654497,4.284457,5.1358237,6.105354,4.9800205,4.3000565,3.5571272,4.998702,4.7303576,4.118172,4.4713945,4.6970925,4.4459543,4.830623,3.99883,5.2557473,4.2487807,4.743785,5.3168874,4.572724,4.3294125,4.8440742,5.280151,4.5793433,4.2175164,4.589743,4.5710564,1.6687274,4.1848664,4.2045054,4.8420014,5.313361,4.0738053,3.7611547,4.3542495,3.7554736,4.3576326,4.006697,4.468804,3.8685105,3.6459343,3.943268,5.01625,4.980401,0.7616059,3.3419144,4.605729,5.0691767,4.4658213,4.6149197,4.257129,4.6898303,4.503039,5.0550847,4.245531,4.5039077,4.673847,4.8811626,4.767998,2.7555914,2.6876826,4.4741974,4.609864,3.4726312,4.5856214,3.378346,4.0263696,5.196777,4.464175,4.439447,6.000153,5.416011,4.6912203,3.5011241,3.6727169,3.9405642,4.7930775,4.182455,3.500341,3.572882,3.5462873,2.3717203,4.6610684,3.7944653,4.075409,5.2853265,4.463477,5.892606,4.0730247,4.186866,4.172344,4.2560005,5.5591617,3.3102953,3.176109,4.6556892,4.3579755,4.311871,4.5154605,6.3805313,4.8605733,3.882884,3.7979784,3.5417366,4.731597,4.678707,4.5133543,5.2613807,4.672404,3.4601736,4.9069395,6.63583,5.178247,6.166592,5.1910663,3.752939,0.3573218,4.9980145,3.8200765,3.7429388,5.490125,4.3451633,4.9253807,4.826617,5.05338,4.4940424,4.6574187,4.40476,2.9443605,5.368671,5.277318,3.2276647,5.1255345,2.4596558,4.4982977,3.145412,4.920844,1.2838641,4.336553,3.7849505,3.6312234,4.0784473,4.7031817,5.26362,5.6231422,5.033693,4.617208,2.660867,3.2305958,5.4772053,3.4596605,4.159488,3.8869636,3.7436512,6.637804,4.7024665,4.220451,4.3035474,4.8281164,4.138054,4.828016,5.370734,4.8638806,3.7381916,2.162085,6.1054335,5.0623245,4.3120174
0.52551156,2.323208,2.1890142,3.67572,3.1115105,2.938798,0.8716003,1.0699005,1.590763,1.6715862,0.9348041,0.8442259,2.011362,0.8534126,4.02061,0.8831434,2.7175066,2.4940262,3.2355556,1.7455448,1.1675118,2.0020502,2.283406,2.5059476,4.504509,0.9361867,4.3090186,1.9645177,0.626119,2.2681513,1.0898052,2.3738306,0.7775582,2.517954,0.649616,2.022043,2.0293524,0.92493594,3.8533986,1.5445515,0.6236126,1.8415598,0.9064236,0.60287714,2.3668232,3.1062648,2.2838912,1.1580282,1.0681612,1.7391657,0.9029751,2.489462,1.7968416,2.0656915,0.9699633,3.5576885,1.2433906,1.3373426,3.5491588,3.1502817,0.29859886,2.1338558,1.5903451,1.6873969,2.7341025,2.7589715,2.604219,1.8589416,1.8435937,1.1293224,4.9454412,2.003439,1.0471779,1.4019488,2.641403,0.7144919,0.5250788,1.5612385,0.8187211,0.83853304,2.7465398,1.1028732,0.880563,3.7326176,0.74966985,2.7770445,0.8068938,3.0173392,2.0926955,0.73723066,1.5590847,1.7671254,1.8692989,0.7820232,0.97183347,2.4202461,1.5426649,2.5721936,1.9156133,2.7427852,1.2829065,1.1098092,2.0993752,0.7993498,0.6056292,0.62151,0.9810044,0.918562,3.1480815,2.0993752,1.4297159,9.544874,3.2431386,1.0614122,0.9562451,0.40818515,0.6504609,0.98910064,1.2996737,1.6822662,1.4282662,0.8734291,2.5866413,0.8119513,0.6269299,0.96956235,2.901597,2.885944,1.792394,1.5006855,3.4909196,0.971391,1.1532425,0.85486096,0.8696349,0.8390559,1.0261302,1.8299674,2.6557841,1.5007992,2.8051157,0.62452435,2.1982405,1.1821758,0.9696626,2.389689,1.2598323,1.1989424,1.7444519,0.8377769,0.72797984,3.6921108,0.91709036,0.7886988,1.7011395,1.074863,0.99007523,2.939124,4.0311923,2.6297324,3.4416285,2.5008047,0.8922517,2.6450622,2.2574925,1.8705242,2.3013942,1.5567043,4.157584,2.7243886,0.80855393,1.5750209,0.7622947,0.76244664,1.5800941,3.0126612,0.75578415,1.4586389,2.0795095,0.855318,1.1809547,2.0051906,1.1325852,2.3306482,2.3737323,0.6535571,0.8010199,2.5797448,0.9107529,1.8421022,1.5559264,1.510397,0.7201808,0.6900846,3.4129019,2.1192658,1.1682696,2.4204047,3.42096,3.9201145,2.0731344,1.302221,2.3999357,1.7907785,2.08792,3.7421656,2.6875074,1.8209096,2.069737,2.2759666,0.9233689,3.2328928,0.9432885,0.9796133,1.0173048,2.1014516,1.6402863,1.8151478,2.5134225,1.1790634,0.84129745,1.1580539,1.4864048,2.810694,1.545365,2.7671118,2.5942948,3.4753957,1.6078308,1.14499,1.1306788,2.2234957,1.4664996,2.8240013,3.0562572,4.384166,2.5549247,3.2151625,2.4814057,2.5632432,4.6899366,0.98232144,3.8374946,2.3938696,2.9790654,2.016001,1.8060944,2.6524673,2.1183286,1.2135389,0.9922693,0.8632431,2.1739962,2.4693272,2.3818645,3.294415,2.3123655,3.131957,0.8853239,2.1040301,2.7633524,4.0229545,0.9523717,2.5466127,2.0656598,1.6298482,0.5866557,2.5421493,3.1180482,1.8578106,0.93932617,2.875316,3.0684338,2.7403667,1.7678053,2.6883142,2.3338265,1.1900506,3.7436557,1.1964417,0.99424684,0.69931924,1.0516118,0.9727483,0.8792753,2.6484094,1.0786524,1.9396077,3.6542227,3.310565,2.0965376,0.92947215
1.5568159,3.7409,1.7180289,2.857231,3.019841,3.202264,1.7409637,1.544411,2.834443,1.284273,1.6280464,1.5143594,0.8641883,1.4557533,3.684958,1.0030924,2.0366144,2.7310245,3.609878,1.5285472,1.8783101,3.294858,1.5786802,2.097737,5.300638,1.5265652,4.6836023,1.4725215,1.3021555,2.4062042,1.9024005,3.6420066,1.3908892,1.7907518,1.3201482,1.029599,3.1767144,2.12555,3.4314187,1.6089791,1.3722903,1.6927617,1.612577,1.5276998,1.9664723,4.253536,3.4665828,1.941118,1.4836549,2.9099548,1.5676696,1.933668,1.2631356,1.2541517,1.8461179,3.149788,1.9668807,2.4079325,3.8297691,3.158796,1.4732894,2.0507503,0.6744495,1.1612018,1.9116553,2.5404165,3.4030607,3.2416017,2.9941478,1.962544,4.238744,1.4485044,2.0393367,0.71667534,3.069049,1.4162236,1.2992669,2.7709188,1.30136,1.2966326,3.9344301,2.4849284,1.3484975,3.278167,1.3586075,4.144957,1.3686727,2.3795352,1.0048275,0.9852364,1.364046,3.1627955,3.276809,1.3864844,1.6938487,2.7430851,2.3660157,1.7096893,1.9107015,2.5869796,2.5835228,2.6799524,3.3740876,1.501942,1.5720005,1.3307434,2.0791645,0.8402263,4.546055,3.3740876,2.625115,10.157362,2.90415,2.4443636,0.9010736,1.3506552,1.3990612,2.0342522,2.6836388,2.3707578,1.1526908,1.3671161,2.1276872,1.3007663,1.3796154,1.6604662,3.2410088,3.0686336,2.8625433,1.2144675,3.8370414,2.0706348,2.0221727,1.3035203,1.4753091,1.3220718,1.6413527,1.0921204,2.9208508,2.7155216,3.082876,1.5204567,2.0172148,1.9020219,1.6675528,2.1925488,2.0056746,1.9232895,0.39571255,2.0794506,1.4164846,2.8976765,1.3873887,0.9968065,3.0945027,2.0387619,0.8161826,3.0638413,4.6507,3.180117,3.8398998,2.5224621,1.0955571,2.1274958,1.5594454,1.9222637,3.2032812,1.1453694,3.5765805,2.6706913,1.3370187,1.6543075,1.2635783,1.5086819,1.4902015,3.0223389,1.3238621,2.8141284,2.4343953,1.4308047,1.9791805,3.241361,2.046879,1.5899588,1.7320321,1.024945,1.3526329,3.285288,2.021125,1.0602938,1.1298697,2.475225,1.2833335,1.3656878,4.535179,2.3166654,1.8937275,1.987476,3.6435914,4.3752923,1.183971,1.219919,1.746981,1.610245,0.8207815,3.7134573,2.7866647,1.0451888,1.1289474,3.4518747,1.3595409,3.1041458,1.4921952,1.6337527,1.2906542,1.2856777,2.8109798,1.032908,2.5478272,1.8458891,0.93614864,1.0790471,1.4272337,4.281176,2.9198895,3.2314014,2.2179408,3.8895164,2.9598708,2.2338831,1.5188495,3.321204,0.63239294,1.8386549,3.07206,4.720346,2.9888644,2.972121,2.2877753,2.489167,3.899584,2.091705,4.154463,1.2273642,3.330396,1.2787999,2.9415073,2.9319541,3.472061,0.76986605,0.836167,1.9697157,1.5052134,3.8631089,3.4898503,3.519336,3.575478,2.7526393,1.4927458,1.1623402,1.9521812,3.2923403,1.7966406,3.0546205,0.8570547,1.110076,1.2617995,2.652068,3.0237064,3.108294,1.9138969,2.6871629,2.1569,4.1126904,2.3207302,3.0031564,1.8540945,1.449476,3.6576161,2.2894683,1.6088103,1.0337754,1.8962187,1.385734,1.4476073,3.6018317,2.0943832,0.92445624,3.0144136,3.4796395,3.512819,1.7025809
0.8344882,3.0196893,2.0099034,3.4165137,3.29259,3.2546475,1.0745895,0.9467932,2.196519,1.1731932,1.0527503,0.82350534,1.6413295,0.8086021,4.130659,0.6967534,2.5258894,2.8183997,3.6487577,1.5831977,1.1825523,2.605808,2.0859036,2.4950364,5.008845,1.0166757,4.705423,1.6245072,0.5900774,2.3364437,1.1504503,3.0208519,0.8141568,2.4539845,0.71542877,1.5484923,2.578556,1.2621763,3.5679932,1.5884558,0.6436762,1.6696701,0.9954151,0.7898036,2.4102767,3.7376618,2.8762414,1.253581,1.154605,2.3167448,0.9683668,2.3692694,1.5333995,1.3308717,1.1854357,3.5856159,1.3074633,1.729023,3.8941128,3.4149058,0.7628084,2.1343262,0.8031255,1.3180077,2.248676,2.7955077,3.1850142,2.5655081,2.333826,1.215546,4.874734,1.8185713,1.235434,0.80432814,2.9129834,0.80325,0.6667251,2.0661345,0.7808992,0.7941323,3.371023,1.654993,0.7960784,3.745186,0.6146573,3.5019193,0.8180516,3.006577,1.7564586,0.5303364,1.3719814,2.4839735,2.5953,0.8187977,1.1126657,2.601547,1.7742093,2.3528793,1.9350333,2.7552755,1.8729063,1.9162529,2.7617445,0.93003297,0.7761021,0.61380637,1.2349914,0.67173976,3.9081326,2.7617445,1.8986169,10.092774,3.2507272,1.7347655,0.74012065,0.55374867,0.83660144,1.3822681,1.9713848,2.0727317,1.1757174,0.88080204,2.4930813,0.77154154,0.75613,1.2080182,3.261251,3.0708737,2.2978637,1.0047753,3.8879766,1.2291763,1.2772605,0.8216403,0.8689486,0.82454985,1.0562847,1.2469031,2.8189785,2.0311399,3.1618636,0.80417585,2.173095,1.2482253,1.1602181,2.4291413,1.32882,1.2541322,1.1536219,1.329096,0.7812507,3.464257,0.8387829,0.5733534,2.398837,1.2640421,0.69861877,3.1580687,4.5389934,3.025483,3.863696,2.7821844,0.5705364,2.683047,2.1867623,1.9242979,2.711981,1.2370489,4.1190977,2.8782475,0.8048662,1.6188314,0.6243117,0.8073433,1.2541021,3.1937182,0.7696007,2.049873,2.4720793,0.806594,1.2615832,2.6015928,1.2847589,2.0886433,2.2162993,0.49292806,0.80368596,3.0728154,1.3022374,1.555697,1.0593992,1.9901533,0.6074222,0.85522884,3.9406407,2.1819456,1.1839384,2.4981897,3.7801168,4.3724833,1.5141783,0.91499394,2.3685212,1.7478234,1.7052461,4.0073643,2.9252734,1.5034763,1.7364058,2.847974,0.7710508,3.1056552,1.0064875,1.0740619,0.8825028,1.8688235,2.145285,1.5037843,2.8043535,1.1618613,0.61730194,0.7281182,1.0886652,3.6284606,2.2427056,3.24514,2.6155708,3.8749323,2.2900465,1.5947821,0.9529663,2.7117004,0.7594207,2.2412357,3.2291632,4.7622595,2.8382282,2.9474063,2.501468,2.5465684,4.5550346,1.2531918,4.249307,1.9467179,3.3586934,1.6467454,2.3245747,2.9374557,2.7953377,0.84552336,0.5760209,1.277766,1.9203634,3.1902356,2.8951368,3.654292,2.9796102,3.2545433,0.88868225,1.7690268,2.478894,3.8453162,1.1554779,2.924212,1.539171,1.1049287,0.5102123,2.7344782,3.2518642,2.4329016,1.250539,3.0016556,2.5483434,3.464316,2.2025945,3.1105433,2.3688495,1.26393,3.62561,1.6518729,1.097767,0.5120535,1.1252007,0.91133577,0.93587166,3.078903,1.2945867,1.6535065,3.3914857,3.5536678,2.832804,1.0917549
1.3745184,3.2900374,1.9477001,2.8081646,3.0696762,3.1516614,1.593609,1.5201455,2.5174172,1.6256018,1.5337257,1.4226563,1.6051401,1.3944715,3.6629593,0.8376916,2.148531,2.7795377,3.5185425,1.8072534,1.8576883,3.040059,1.4503732,2.37048,5.2180247,0.9475789,4.3414593,2.0893664,1.1473391,2.8458433,1.7653472,3.4261742,1.4362179,1.9702088,1.2852691,1.790206,2.946944,1.9215417,4.169128,1.0211194,0.9683178,1.1126449,1.5342284,1.2718107,2.1987774,4.005121,3.1812296,1.9137348,0.64368486,2.6293457,1.4808471,1.6267383,0.8934369,1.5559077,1.1231872,3.2039113,1.7942965,2.328674,3.8088362,3.3187017,0.8736478,1.4113996,1.2227751,0.7080272,2.7869902,2.770772,2.9273462,2.6050484,2.849311,1.798586,4.2573094,1.0984336,1.8346717,1.3342892,3.3585017,1.4174732,0.6713989,2.5535831,1.3477027,1.3668907,3.636245,2.1696582,1.3365141,3.3448186,0.7481985,3.2533307,1.4251585,2.4428139,1.73506,0.7884554,1.6451188,2.4598393,2.576576,1.4294823,1.5957929,3.094156,2.4530916,2.0039625,1.5259339,2.585701,2.2259727,2.0519698,3.0131872,1.5319738,1.2289456,1.0311037,1.8437691,0.87818956,3.6980052,3.0131872,2.2822988,9.544334,3.1749077,1.6986773,1.0752001,0.91630286,0.59117657,1.1183316,2.1723807,1.4712156,0.3116311,0.5140596,1.814838,1.3263563,1.3117142,0.71102023,3.4285126,3.0808902,2.7243571,1.5371339,3.7983317,1.85204,1.8184608,0.7856773,1.4110578,1.421133,1.5698657,1.8463696,3.0983238,2.546588,3.2262812,1.4157952,2.121626,1.7727082,0.72800404,2.649132,2.1080966,1.7672868,1.3343046,1.5948406,1.357228,2.8420308,0.8903719,0.71751446,2.4490314,2.0172787,0.8192888,3.2857273,4.519859,3.0758634,3.9134986,2.6284735,1.1858869,2.3683083,1.8670793,2.2094984,2.1949685,1.5449575,3.6275783,2.9036605,1.3929582,1.5752965,1.1852822,1.4120556,1.7694559,3.4165297,1.3076973,2.4185379,2.4562426,1.3829412,1.7956575,2.8476992,1.8310095,1.4548957,2.001333,0.63784397,1.3976265,2.6642,1.1907488,0.85018986,1.3860619,1.6436416,1.1447096,0.5440513,3.531208,2.71802,1.7666687,2.1690016,3.708804,4.300505,2.0313263,1.3513529,1.9952959,1.8822508,1.4913212,3.6448753,3.092183,0.7194688,1.133932,3.2397432,0.5524301,3.7438397,0.9214794,0.9666089,0.49164125,1.9194589,2.7132363,0.9058176,2.5052457,1.7487634,0.42736456,1.2667758,1.7373859,3.6434143,2.073444,3.128005,2.6838171,3.80356,2.3750398,2.017739,1.5653514,2.3238354,1.242016,2.0434234,3.4839127,4.4158087,3.2588692,3.6589634,2.1638072,2.8216634,3.9930248,1.8680739,4.153921,1.293005,3.409456,1.0013185,2.7126904,3.2042348,2.608274,1.193342,0.9605656,1.3536773,1.2952206,2.9838533,2.4926903,3.4843216,3.220174,2.8231254,1.448665,1.1321747,2.7014556,3.2284467,1.063376,3.0004983,1.615336,1.4924881,1.1605483,2.95627,3.0746949,2.164936,1.7367845,2.8222632,2.2787688,3.2227492,1.9328249,2.9947183,2.0781364,0.75788563,4.2859964,1.3383301,0.7677145,0.75566435,1.765125,0.7068775,1.5460467,2.5939944,1.8588423,1.1510112,2.9537969,3.409592,2.8944962,0.93221754
1.1206075,2.7888064,2.2377644,3.2924638,3.2973444,3.2238834,1.3304335,1.3561864,2.1230805,1.7447513,1.345948,1.2128187,2.129582,1.2221618,4.0081854,0.9975689,2.573907,2.8904967,3.5703423,2.0166986,1.5885297,2.6068466,1.9853033,2.736889,5.058134,0.75566137,4.424985,2.3139763,0.98406285,2.886743,1.441635,3.0332541,1.3259891,2.5143502,1.1760708,2.1676846,2.5775383,1.4900095,4.3242283,1.2405978,0.7156858,1.3962183,1.3332183,0.9985683,2.5939255,3.6569865,2.7984195,1.635326,0.63809663,2.2663813,1.2963272,2.1197574,1.3881584,1.8069551,0.6776521,3.5483115,1.5011122,1.9887985,3.8712378,3.5245252,0.5207094,1.6713098,1.5338699,1.2288433,3.056457,3.0422935,2.8000245,2.111916,2.466153,1.4614367,4.738767,1.621187,1.4447614,1.5846788,3.31822,1.2832972,0.44598767,2.142181,1.2770907,1.3063607,3.257422,1.681693,1.2356414,3.7075303,0.42349252,2.7580335,1.328897,2.9561338,2.245166,0.862695,1.8424588,1.953393,2.0676978,1.3219889,1.392096,3.0815704,2.2120275,2.5110672,1.7653016,2.835628,1.790294,1.5052834,2.6078515,1.4021024,0.889795,0.82721025,1.4179612,1.0896698,3.2095327,2.6078515,1.839512,9.5178385,3.4411545,1.159091,1.2557517,0.62650174,0.31113183,0.5606537,1.6926535,1.3352721,0.9020762,0.4182685,2.2319539,1.2505047,1.1708786,0.4667969,3.491791,3.188007,2.404548,1.6236655,3.8517063,1.433699,1.4637272,0.70287865,1.2489047,1.3627232,1.3807044,2.0782967,3.0809343,2.1620684,3.3209808,1.1918093,2.3759584,1.4983217,0.39451084,2.8769295,1.8561571,1.4780328,1.8014159,1.1362835,1.1992577,3.3285306,0.73427624,0.8090578,1.9410844,1.6929902,1.0674052,3.384076,4.4443507,3.0067022,3.9499664,2.8729382,1.181363,2.8217444,2.376367,2.3042612,1.852758,1.7940885,4.0437098,3.0865061,1.3107839,1.752326,1.0727193,1.1972458,1.7979254,3.5698936,1.212184,1.9273857,2.5593734,1.2279482,1.4672599,2.422904,1.4599999,1.9884923,2.4042764,0.6917647,1.303908,2.5483177,0.5970001,1.4958754,1.5520005,1.3601704,1.0045664,0.37212732,3.0939102,2.73727,1.4686505,2.5992248,3.8244083,4.305947,2.3232844,1.3986225,2.5031254,2.0771198,2.0888605,3.878246,3.23718,1.4139256,1.7871622,2.8598356,0.31066635,3.8104856,0.76159173,0.68476254,0.508787,2.3536026,2.3518898,1.500184,2.7511663,1.4773874,0.69402844,1.3261226,1.7349627,3.1808453,1.541739,3.1771464,2.9886153,3.8104959,1.9015943,1.6852491,1.4299151,1.8619316,1.5348295,2.445519,3.6295078,4.5133147,3.2207594,3.7262266,2.470354,2.919186,4.486661,1.4465065,4.2313743,1.9924235,3.4900134,1.5806961,2.3421302,3.2607894,2.0805428,1.4608499,1.151159,0.90322345,1.8007369,2.4621165,2.0439649,3.6047988,2.8212175,3.224724,1.2860442,1.76766,3.0860212,3.6894107,0.6377201,2.9530623,2.081102,1.6776662,1.0146967,3.086931,3.3289318,1.6276611,1.438924,3.0828269,2.6673248,2.7227826,1.9379355,3.120557,2.518192,0.88955283,4.3297954,0.8095807,0.48949808,0.7845815,1.4343663,0.5930185,1.4561963,2.2248156,1.454638,1.8051502,3.3009117,3.5526178,2.3981488,0.5336774
0.36391222,2.0184288,2.0215287,3.8738668,2.9694219,2.7037125,0.3522615,0.6777659,1.1698654,1.4097177,0.49476573,0.49198383,2.1559362,0.52308625,4.0456276,1.3647428,2.742871,2.2945511,3.047108,2.0388713,0.5377202,1.5113604,2.5562212,2.818271,4.5890617,1.177999,4.8428288,1.972557,0.60477614,1.8638963,0.5646306,1.9636197,0.5987099,2.747012,0.64195025,1.8511231,1.5119613,0.353346,3.5874636,1.869744,0.81919813,2.5306013,0.43845806,0.47554347,2.6495366,2.6842916,1.8298684,0.46324927,1.5471706,1.2901917,0.49582228,2.8362179,2.1312134,2.0905936,1.2860374,3.515212,0.79030573,0.65484893,3.2784183,2.9848852,1.0002414,2.5245035,1.7740535,2.2789214,2.406071,3.0686398,2.6236887,1.8276865,1.2301861,0.6171911,5.091601,2.3634117,0.503929,1.373748,2.2345135,0.59328914,1.0686873,0.9722849,0.6016181,0.62039745,2.3267052,0.6347593,0.610138,3.700175,1.1579349,3.103943,0.5758161,3.2313018,2.2011764,0.9886688,1.8347619,1.848006,1.9360789,0.57451874,0.4868942,2.0568902,1.2636209,2.6171193,2.5813475,3.246015,0.87815255,1.2534028,1.7456372,0.70922107,0.5872621,0.72526765,0.44838834,1.1022758,3.3947787,1.7456372,0.97172886,10.106717,2.9709363,1.3425554,1.1310574,0.79951864,1.2755141,1.5617728,1.1375031,2.1942596,2.0013838,1.5587327,2.8681693,0.5954551,0.5463691,1.5870895,2.763032,3.2601101,1.223232,1.2385422,3.2532241,0.40616098,0.66939026,1.1297864,0.5214748,0.6958108,0.57407045,1.6940916,2.1064591,0.9368554,2.592915,0.36987272,2.6277971,0.6754566,1.5591432,2.326346,0.6762459,0.73038906,1.8430008,0.7420436,0.4617479,3.892967,1.1327392,1.0571274,1.6895636,0.5358616,1.1643488,2.5445983,3.7371733,2.283163,3.1668143,2.5820093,0.7969856,2.8949327,2.499717,1.4501061,2.9172378,1.7977264,4.1936946,2.4287791,0.5909513,2.069192,0.6525452,0.41165498,1.1707761,2.7286608,0.5658357,1.068835,2.072779,0.53510743,0.71028835,1.636802,0.641119,2.603946,2.3130069,1.141187,0.5663443,2.731797,1.3725389,2.2264173,1.4100577,2.2361178,0.65993637,1.3543025,3.9387605,1.8401875,0.67642015,2.6182847,3.2060704,3.6649768,1.9356612,1.102441,2.6478453,1.5223393,2.2451875,3.7079625,2.5065851,2.3250158,2.581994,1.758998,1.4516265,2.7582757,1.1882957,1.2753437,1.4804264,2.1965957,1.1402625,2.125271,2.5728881,0.686195,1.3599373,0.99232066,1.0809937,3.0462441,1.9029001,2.6779113,2.4138863,3.2019513,1.5288635,0.5840459,0.7113581,2.7910013,1.5951214,2.8978002,2.779774,4.9059963,2.1223233,2.7934275,3.054333,2.056666,4.791152,0.4133842,3.6233742,2.8487184,3.071849,2.5968473,1.2665299,2.3490486,2.402943,1.3555251,1.3062452,1.0214641,2.4559736,2.779741,2.9321158,3.138253,1.9593751,3.2320766,0.49825037,2.4258513,2.7566748,4.1976924,1.2924225,2.1863048,2.0103383,1.4376541,0.6694565,2.5104957,3.5309846,2.3118138,0.35371384,2.7211308,3.1460898,3.062695,1.8476186,2.6954722,2.5899947,1.5778607,3.3321636,1.7872019,1.4654456,0.98439026,0.5045558,1.3380296,0.706095,3.258372,0.56406033,2.3306553,3.7191036,3.739992,2.0317042,1.3325717
1.8852878,2.8171725,2.3502629,2.9021816,2.8775887,2.8462129,2.0084856,2.1278539,2.3193033,2.4835327,1.9926505,2.0171125,2.5451174,2.0106883,3.3336475,1.7762684,2.38012,2.662968,3.092126,2.6730766,2.3870354,2.887248,1.7374157,2.9292083,5.1898627,1.2575707,4.0812397,3.085748,1.8226151,3.4127226,2.2279685,3.2333608,2.121799,2.2469823,1.973351,2.7136693,2.7670245,2.2933779,5.1226892,0.9949553,1.5500238,1.7587005,2.0379825,1.7678173,2.6351955,3.583639,2.8656397,2.395552,0.87153745,2.4254076,1.9926456,1.6474444,1.4341727,2.6146998,1.193886,3.0495281,2.1622698,2.5925786,3.4525328,3.2296576,1.3379353,1.1206542,2.478051,1.7226297,3.809023,3.3100653,2.087296,1.9122335,2.8800461,2.2164936,4.0599422,1.4191351,2.2081535,2.4183648,3.6812875,2.08613,1.2806262,2.5715384,2.031876,2.0610912,3.2141738,2.262785,1.9861176,3.1932464,1.436549,2.1430323,2.1046927,2.455131,2.6277912,1.6215879,2.541701,1.6960645,1.7943734,2.104249,2.0249302,3.562664,2.9905295,2.4052515,1.9914201,3.0962179,2.114221,1.6392899,2.6178565,2.189334,1.7035033,1.6520896,2.195883,1.750862,2.5821857,2.6178565,2.220595,8.74112,3.277874,1.183681,1.9603037,1.5329739,1.0895292,0.8644438,1.8336378,0.25872922,1.2863165,1.2328197,1.729995,2.0016267,1.9448311,0.73657775,3.5531564,3.4562833,2.703608,2.415585,3.413004,2.216886,2.1791906,1.3296262,1.9897023,2.1395874,2.0661957,2.9529405,3.2227097,2.6254923,3.202019,1.9966829,2.7680717,2.1807249,0.8372469,3.2188013,2.716564,2.1663442,2.4724805,1.6131884,1.9716913,2.8876624,1.4207251,1.5434453,1.801601,2.55372,1.6999109,3.3326433,3.9935606,2.7833965,3.7021742,2.6747172,2.0203745,2.6915863,2.357932,2.6059978,1.287767,2.5432532,3.467657,2.9908173,2.075187,2.2120817,1.89108,1.99868,2.497978,3.7146406,1.9566723,2.2528558,2.4668121,2.005778,2.1810226,2.4694726,2.1775975,1.7874061,2.3616009,1.5378616,2.0722125,1.668171,1.0539852,1.5383871,2.2437253,1.3307735,1.8315004,1.1045283,2.525254,3.3489802,2.2300918,2.3981912,3.4610593,3.8321996,3.135893,2.1325214,2.3768363,2.3183436,2.3679824,3.208759,3.3477933,1.5756376,2.0018976,3.0436344,1.2929692,4.499055,1.2555428,1.2055117,1.1808134,2.7394764,2.8781097,1.5998237,2.2978575,2.2406342,1.4538183,2.126516,2.558361,2.9667718,1.2097081,2.7633443,3.089018,3.3773072,1.813947,2.131484,2.221178,1.44107,2.4383993,2.8056836,3.8217015,4.201027,3.5420372,4.567987,2.6031742,3.1573298,3.9228935,2.2173445,3.777059,2.1587543,3.5056922,1.9067644,2.599208,3.4259675,1.6215402,2.1880574,2.0020494,1.3094622,1.6705134,1.9328568,1.5291367,3.1189425,2.7864082,2.7012644,2.0292714,1.7783415,3.593066,3.163948,1.1572661,2.7817585,2.5712106,2.3904448,1.9145651,3.3745735,3.4025443,1.26593,2.0410519,2.7790093,2.893219,2.1202006,1.4538021,2.8191671,2.4527395,0.9280263,5.0686154,0.81615084,0.9854777,1.571515,2.2406673,1.2183262,2.2303412,1.7002237,2.1829133,1.9679309,3.0485437,3.6013558,2.1760466,1.0987304
1.9569606,3.8920052,2.39705,2.8270898,3.582502,3.7343051,2.178608,2.04619,3.147714,2.006726,2.1220343,1.9710691,1.8713516,1.9481431,4.0250134,1.2567322,2.4508407,3.3781314,4.109184,2.0340374,2.3818738,3.6581967,1.6609744,2.5940628,5.6058216,1.5006455,4.4680705,2.3574388,1.7110846,3.3595796,2.287002,4.0492606,1.9810375,2.2770002,1.8387874,2.1471243,3.5800173,2.4552681,4.4146976,1.4746265,1.5336556,0.8307504,2.1105714,1.8529916,2.504524,4.652028,3.8158472,2.4576318,1.1712823,3.2654579,2.0580418,1.767576,1.1273528,1.6001753,1.5995361,3.5829647,2.3221936,2.9170392,4.3922067,3.86792,1.4373688,1.6143194,1.3241638,0.3603251,3.0732286,2.9691164,3.4997456,3.1703262,3.4612637,2.3219697,4.4015493,1.3011369,2.3665051,1.6915752,3.9201732,1.9619789,1.2714467,3.1600835,1.9129391,1.92826,4.2746887,2.7423003,1.8992047,3.701992,1.2258841,3.6398678,1.9802248,2.7228668,2.0219223,1.3755443,1.9112483,3.0014155,3.1177287,1.9822714,2.184529,3.6151812,2.9253712,2.3219748,1.5175745,2.6162117,2.8384802,2.6142588,3.6457384,2.0586734,1.7889411,1.6023132,2.3757734,1.4414908,4.1224613,3.6457384,2.8684256,9.620545,3.6582913,2.2327344,1.5820045,1.4856615,1.1642286,1.5265002,2.772226,1.8364036,0.44434953,0.90999043,2.0004256,1.8952508,1.8821982,1.1825584,3.961982,3.2686644,3.3586328,1.9442703,4.3917236,2.3866217,2.3454466,1.3657054,1.9787488,1.9611576,2.1341953,2.1225884,3.6935785,3.1540039,3.8125882,1.9808139,2.260508,2.3132858,1.1749227,3.0767596,2.6109254,2.2969568,1.5785092,2.175463,1.9300262,2.8843985,1.4204433,1.3116868,3.0095642,2.5273635,1.3830731,3.879069,5.1409106,3.7012374,4.521471,3.1201727,1.7062124,2.6777294,2.188251,2.7915945,2.3086386,1.7934786,3.8956306,3.4690309,1.9527181,1.8101768,1.7394773,1.9721087,2.2346826,3.949234,1.8847487,3.011048,3.0239856,1.9403685,2.3186107,3.4614317,2.360427,1.6148679,2.4172328,1.1936452,1.9583747,3.1485465,1.6414016,1.0378264,1.7749008,1.8698665,1.7017832,1.1010228,3.655549,3.1846414,2.28211,2.5597298,4.290364,4.903187,2.2865455,1.8162544,2.3141809,2.4380016,1.7468561,4.117871,3.6220558,0.68141276,1.0123007,3.8741176,0.95774645,4.1643147,1.4792219,1.4723893,0.9862278,2.241012,3.298185,1.1573027,3.0261989,2.263759,0.98899776,1.7446339,2.1766837,4.1033134,2.5355504,3.722458,3.1753767,4.40161,2.9601703,2.6365552,2.0791993,2.502351,1.468566,1.9993074,4.0033607,4.539358,3.839432,3.9918938,2.1781366,3.3659413,4.138798,2.4053304,4.7393675,1.0155101,3.851206,0.6069061,3.3392558,3.7742462,3.032976,1.6087095,1.3535752,1.9099907,1.4657822,3.389137,2.682025,4.052187,3.854644,3.2225585,2.0151515,1.2513318,2.947266,3.3042455,1.5460587,3.6292293,1.9042965,1.8714044,1.6919354,3.3981924,3.2263227,2.491593,2.335303,3.3360152,2.2377567,3.6120348,2.5282755,3.5420873,2.4182785,1.3043728,4.6586766,1.6909305,1.2397484,1.3459377,2.287492,1.2211728,2.078142,2.6735318,2.393324,1.3099513,3.0482602,3.5765302,3.4659562,1.4137449
1.7307483,3.6883702,2.5228505,3.2067666,3.7443428,3.8192978,1.9843929,1.8703716,2.9672217,1.9356961,1.9574463,1.7689393,1.9623132,1.7576865,4.304188,1.0690683,2.7141144,3.4286506,4.1871905,1.879546,2.154581,3.4318376,1.9882774,2.621718,5.4037,1.41825,4.4684134,2.2081919,1.5095545,3.21872,2.0592813,3.8265054,1.7648386,2.538321,1.6250088,2.1890957,3.402806,2.1643448,4.2458196,1.6267016,1.3493596,0.8398907,1.9279991,1.6494371,2.583549,4.5043597,3.6518767,2.2304914,1.1758426,3.100307,1.885465,2.1250076,1.393461,1.5845417,1.4588245,3.840145,2.1411474,2.6734388,4.47767,3.9652479,1.2098961,1.8737673,1.1762307,0.5445209,3.001852,2.9288056,3.542259,3.022729,3.2343261,2.1000001,4.7821717,1.6200635,2.1212199,1.576318,3.7744055,1.7354354,1.0966525,2.9339852,1.7346554,1.7494091,4.1219134,2.473197,1.7339019,3.973309,1.0121824,3.526127,1.7796386,3.030007,2.1137874,1.2469608,1.7450407,2.8574781,2.9719424,1.7739846,2.0177085,3.4526947,2.625026,2.5803945,1.4870298,2.568536,2.6365924,2.395571,3.4793875,1.8216087,1.5739661,1.4166929,2.112763,1.358959,4.009755,3.4793875,2.6681664,9.681333,3.8072798,2.067202,1.4553095,1.2632244,1.0080534,1.3674996,2.5895097,1.9000998,0.6394741,0.69748086,2.3288224,1.7208729,1.6730478,1.1114122,3.8970385,3.147652,3.1742997,1.839128,4.4652224,2.1212282,2.1299784,1.2785196,1.8017731,1.7601683,1.9667283,1.9872627,3.6634524,2.9151008,3.8165836,1.7494508,2.1825333,2.1271794,1.0780416,3.0257182,2.3324707,2.1092958,1.5932424,1.9833248,1.7332311,3.2661994,1.3113793,1.2053624,2.8534386,2.2297113,1.3317726,3.9058957,5.163453,3.7048173,4.5327377,3.1860461,1.5344626,2.8308208,2.355838,2.7593431,2.263882,1.6409025,4.2165475,3.5409489,1.7614704,1.682332,1.5574336,1.7623736,2.1332724,3.9238262,1.7065398,2.790465,3.01487,1.7556475,2.113359,3.3013327,2.1381707,1.9518836,2.6081598,1.0121212,1.7647793,3.2368927,1.4616989,1.35585,1.735096,1.7067076,1.5161407,0.94461006,3.5700953,3.0030754,2.072315,2.721844,4.3644776,4.9612355,2.1915932,1.7195002,2.5053432,2.465737,1.9304647,4.3204513,3.5915906,1.0404809,1.2861656,3.6837502,0.76449305,4.0017066,1.4052448,1.3745614,0.92348206,2.281961,3.0349898,1.4346241,3.1618302,2.06078,0.8655327,1.6178833,2.0260947,3.8904917,2.3911932,3.7639213,3.2369545,4.465652,2.8095026,2.4494905,1.9022212,2.389834,1.3265558,2.2130303,3.961011,4.538747,3.7092075,3.7951334,2.1948938,3.3681085,4.5115957,2.1414726,4.815559,1.418079,3.7840805,0.9000168,3.1576605,3.7048662,2.905468,1.4985462,1.1678408,1.7556694,1.7821001,3.258383,2.5856204,4.1588764,3.693702,3.4620023,1.8345137,1.5938973,2.937226,3.6811078,1.4130436,3.6285074,2.0102167,1.8260005,1.4556555,3.3078077,3.2179406,2.3549414,2.1411326,3.4884539,2.480881,3.4957292,2.5863714,3.5785522,2.549936,1.3692349,4.4628973,1.5418788,1.1567549,1.2068925,2.0495026,1.145457,1.8601702,2.610271,2.1540983,1.5444199,3.3458405,3.5181253,3.3103895,1.2886314
3.628606,4.2894645,2.439493,2.0141072,1.6689306,2.2043424,3.594956,3.6264296,3.7291915,3.5746021,3.4739108,3.6378284,3.140011,3.5887043,0.9014477,3.5459352,1.8276045,2.4066007,2.3380709,4.0797534,3.9413154,4.294425,1.9382693,3.6211154,6.307095,3.1156728,4.990815,4.232185,3.5321,4.1417584,3.8849366,4.4987645,3.6981478,1.813638,3.6202078,3.2392843,3.9450164,4.1398234,5.8939385,2.3718846,3.4210007,3.7235944,3.562678,3.528205,3.0839775,4.3300138,3.967183,3.9314728,2.921414,3.6931694,3.5105143,1.7885678,2.5361567,3.8558865,3.3534515,1.2079971,3.7093856,4.0994177,2.5064428,2.3802438,3.468617,2.235389,3.9453561,3.4612882,4.378445,4.192172,2.370288,3.6287081,4.239363,3.8712816,1.603146,2.2234683,3.947221,3.6638718,4.3095465,3.7167614,3.3153741,4.0671906,3.5282986,3.542673,4.141607,4.096219,3.4852104,1.1935482,3.5061026,4.0975013,3.634707,1.161536,3.109657,3.2725341,3.9854097,3.5763724,3.636817,3.6608753,3.4965193,4.3564367,4.617659,1.8884827,3.7429793,4.37887,3.7431672,3.746372,3.8620274,3.814091,3.5665257,3.440765,4.0054917,3.1900394,4.281902,3.8620274,3.827801,9.136037,2.2300198,3.4309258,3.3965862,3.4960845,3.272371,3.4199755,3.6067317,2.6804075,3.1142862,3.4605963,1.7115194,3.5038445,3.5892503,3.123269,3.8586812,4.720952,3.8929138,3.6208289,2.5573175,4.016786,3.8422542,3.132473,3.5269344,3.6570895,3.540784,4.0762157,3.3191228,4.127752,3.0551372,3.6945903,4.071588,3.7072344,3.2121406,3.7396576,4.300058,3.7247396,3.4372392,3.5179079,3.5674396,1.8403249,3.245422,3.2089903,3.6187937,4.2805696,3.1086447,2.932591,3.38304,2.783714,3.2424974,2.6507242,3.539678,2.641419,2.5173404,3.0756319,3.7583358,3.9382927,1.1872709,2.4912615,3.588942,3.8049893,3.5079496,3.639713,3.5806572,3.6700413,3.4940026,3.9509733,2.8874984,3.5631573,3.8065917,3.7910497,3.8655422,2.0628448,2.0474503,3.3958395,3.5957136,2.202393,3.471364,2.4881103,3.3787932,3.7885501,3.4990706,3.28473,4.714464,4.3521347,3.834661,2.2474396,2.6089513,2.9697745,4.0765843,3.4311843,2.3358762,2.7387671,2.7480834,1.3565114,3.5029707,2.8433146,3.0916739,4.1849613,3.4567473,5.127648,3.0889592,3.2030995,3.1835568,3.2854028,4.3920155,2.4851527,1.7863017,3.8093894,3.288122,3.49504,3.8013062,4.7963867,3.5430775,2.5180259,2.8692904,2.633732,3.5255919,3.6224134,3.6745946,3.9872868,3.8341372,3.3531764,3.8740187,5.0746036,4.103621,5.440035,3.8915443,3.193307,1.6575893,4.0140014,2.7883162,2.9890614,4.0730186,3.3896902,3.8697414,3.7022378,3.7604504,3.5048559,3.6300542,3.337505,2.2379038,4.001736,3.987875,2.127266,3.93536,1.2076302,3.553667,2.3873289,4.0558677,1.7288121,3.315807,2.7994335,3.0707746,3.4517224,3.6683044,4.0325656,4.261377,3.771092,3.6086266,1.8062192,3.2469318,4.0889144,2.1424353,2.7454207,2.6521297,2.679231,5.820294,3.485798,3.1789894,3.2890406,3.919881,3.1646242,3.763378,4.103968,3.926037,2.7404907,2.4979894,4.657228,3.7980149,3.2820609
0.9876759,3.050735,1.3486015,3.0394783,2.7811217,2.792984,0.97005683,0.6820736,2.1323972,0.512743,0.8445159,0.73546803,1.4292555,0.68044937,3.6621287,1.1663127,1.9860911,2.4276323,3.264889,1.9041079,1.0346551,2.5827377,1.8008938,2.6181922,5.3053746,1.059566,5.10117,1.6865779,0.69341207,2.1046348,1.0647273,3.0272567,0.8982186,2.1735783,0.8851198,0.88822186,2.4350636,1.4204856,3.4775052,1.4868107,0.82369584,2.202618,0.82659835,0.86268145,2.4224596,3.5862496,2.7406793,1.1147748,1.332547,2.1988149,0.78027904,2.176344,1.3942376,1.087178,1.3944468,3.0476403,1.1076152,1.6902544,3.425926,2.9982684,1.2387984,2.078497,0.98630196,1.7225983,1.8185656,3.0156796,3.02838,2.6535168,2.247123,1.1198578,4.4375415,1.6707737,1.2309293,0.58475727,2.7282808,0.95371133,1.047444,2.0113478,0.69241816,0.7076165,3.2323089,1.7830247,0.58970547,3.205906,1.0155679,3.8098176,0.81807464,2.6801574,1.5049113,0.6475047,1.6862549,2.629331,2.7397308,0.8628444,0.90040946,2.4670675,1.9886081,1.8194517,2.4376378,3.1641874,1.8693447,2.1880322,2.6998158,1.1233464,0.91884935,0.7390069,1.3036072,0.6202827,4.1696687,2.6998158,1.839175,10.489135,2.6020372,1.9785073,0.8256279,0.9260365,1.2525005,1.7873602,2.038891,2.26631,1.4849474,1.440614,2.2383008,0.6647606,0.8776157,1.5638015,3.1460278,3.4513485,2.1484058,0.37418136,3.473753,1.3000245,1.1824871,0.8824525,0.69866127,0.87367386,0.8069254,1.053197,2.2581737,2.0268223,2.8627143,0.92728794,2.529267,1.0396737,1.5241454,2.3060744,1.3605124,1.0635506,0.9225361,1.4156743,0.75509524,3.0851347,0.89484924,0.6560155,2.5064542,1.4088893,0.5483978,2.6403725,4.1838427,2.6163754,3.5240035,2.619793,0.44795376,2.575101,2.0254052,1.3872896,3.1543734,1.5017207,3.6078901,2.3398604,0.7761676,2.0451622,0.5778608,0.77936083,0.62314004,2.8701673,0.70925397,2.079589,2.3373103,0.66126066,1.1293913,2.5106814,1.2148482,1.8078164,1.6196908,0.93747157,0.7743668,2.9605184,1.6526406,1.4563825,0.4134778,2.5677345,0.61445975,1.3104444,4.3954353,2.1268232,1.0353749,2.3019753,3.378167,3.9846227,1.264484,0.3474548,2.1931086,1.1489809,1.3748388,3.5816607,2.696338,1.62587,1.9106852,2.726115,1.2227173,2.835911,1.036895,1.2001337,1.1405572,1.6988282,2.2048938,1.3039012,2.5133965,0.97952163,1.0160758,0.20637192,0.57818866,4.0135508,2.5428932,2.99682,2.1777878,3.4455388,2.3477383,1.4910032,0.64430255,3.174416,0.8577201,1.8561122,2.9436593,5.151133,2.6059692,2.7634356,2.8975048,1.8870978,4.0694466,1.3192499,3.8616655,1.9864821,3.4356353,1.9691882,2.1825643,2.6852524,3.0618854,0.88581103,0.9524315,1.404647,1.6702948,3.4958398,3.3355446,3.2484963,2.906283,2.8842413,0.71449214,1.5617313,2.3323703,3.4413395,1.3678478,2.5059538,0.9227528,0.3979307,0.8004369,2.726348,3.5346801,2.8115423,1.1501474,2.4685142,2.1542752,3.7708075,2.0073283,2.9451842,2.2769756,1.2856265,3.477462,2.080752,1.3578951,0.68407434,1.0723292,1.0692561,1.0289448,3.5524266,1.2831647,1.6290318,2.9400847,3.9126868,2.9220164,1.3378048
0.8895558,3.0694525,1.5142779,3.2011979,2.8130813,2.8289747,1.0151972,0.8367033,2.1433454,0.8249182,0.9055433,0.7981911,1.1894327,0.7319184,3.7159438,0.921205,2.1340463,2.3572936,3.2478452,1.5703495,1.1228222,2.562444,1.880115,2.298304,5.0045395,1.1912793,4.823595,1.3704555,0.65858173,1.8816093,1.1887811,2.9413254,0.7017486,2.0636709,0.6852332,0.8898185,2.4555264,1.4072874,3.2386773,1.585868,0.8857421,2.0755725,0.8758433,0.882505,2.1323996,3.5742471,2.7677367,1.1719738,1.3899367,2.2161067,0.8443195,2.25098,1.507568,1.3282754,1.5187072,3.1394439,1.2936025,1.6426103,3.4495351,2.900629,1.1387259,2.1967065,0.8659125,1.6313807,1.7033316,2.678138,3.0447538,2.70258,2.2334318,1.258211,4.51634,1.7455065,1.3267349,0.3398246,2.5184944,0.7540126,1.0072047,2.0227845,0.56548494,0.56010675,3.2499545,1.775361,0.6199254,3.2976217,1.0799841,3.8202946,0.647891,2.631348,1.2662989,0.56479436,1.3530782,2.671969,2.779657,0.6812526,0.96740323,2.2252595,1.7660125,1.8763791,2.2090626,2.8553565,1.8961915,2.1523962,2.7051084,0.88619334,0.978512,0.7782377,1.3704334,0.43799457,4.175808,2.7051084,1.9312605,10.288888,2.6765633,2.0112522,0.5166201,0.89102787,1.2164743,1.8210394,2.0741937,2.3008938,1.4594477,1.3594741,2.356553,0.5658086,0.7153555,1.5671749,2.8917484,3.1176941,2.1282256,0.66234994,3.457662,1.3541735,1.3311557,0.98260665,0.7503156,0.6457693,0.9207067,0.8581189,2.329238,1.9729271,2.7021484,0.822918,2.2065763,1.1985965,1.5539916,2.0017722,1.2637675,1.2382634,0.7288807,1.4916804,0.6936159,3.234027,1.0422397,0.6392738,2.5587902,1.3140994,0.46985793,2.6098704,4.177014,2.6598072,3.4153664,2.396522,0.3752511,2.331545,1.8069624,1.3568066,3.1736555,1.1751189,3.707126,2.3134236,0.61273324,1.7413857,0.5859697,0.786072,0.85810435,2.6638424,0.60694456,2.124967,2.1243534,0.7030972,1.2939128,2.5756717,1.3525414,1.9122134,1.6991829,0.795892,0.6237614,3.03623,1.7182711,1.4729966,0.75448865,2.4306824,0.6389738,1.2401189,4.4195833,1.85009,1.1949745,2.103177,3.3058238,3.9662938,1.0650346,0.65686494,1.9924229,1.1709958,1.2426963,3.5905004,2.4587321,1.5738188,1.7605886,2.7232106,1.2632723,2.6528587,1.166746,1.3361182,1.2128325,1.4110311,2.08815,1.3662821,2.4112818,1.1436055,0.8931608,0.41528097,0.7548276,3.868314,2.56084,2.887784,2.0094085,3.4717407,2.3983972,1.5128795,0.7933628,3.1956286,0.6522911,2.1107447,2.7182746,4.8664007,2.4191859,2.5847063,2.6187334,1.9739387,4.169662,1.3744344,3.8049324,1.9387176,3.133791,1.8668064,2.2154162,2.4786248,3.1088626,0.5478628,0.679537,1.5040213,1.7941952,3.5138369,3.3583424,3.2195158,2.908764,2.8180182,0.7548127,1.6115177,2.0401394,3.5896173,1.4860966,2.5297282,0.97223943,0.7099296,0.65494305,2.413162,3.2115998,2.8532531,1.1869246,2.483566,2.416192,3.783359,2.0095506,2.7536824,2.028756,1.3537534,3.2623007,2.1009064,1.441781,0.63309956,1.1744672,1.1824545,0.7928063,3.5674233,1.3912927,1.4664109,3.1825497,3.5901852,2.954549,1.4404194
1.5267924,3.1419344,2.291005,3.0038571,3.3188386,3.3292603,1.7235231,1.7094432,2.4923313,1.9573909,1.7076193,1.596181,2.1461089,1.5928901,3.8781717,1.169029,2.458129,3.028639,3.6733806,2.1568558,1.9980143,3.0139868,1.7466136,2.7431517,5.2895446,0.95470244,4.340595,2.51891,1.3532717,3.1986341,1.8507713,3.4244852,1.6937461,2.3734858,1.5356228,2.286645,2.9498837,1.9547987,4.588722,1.1013123,1.0728289,1.1213262,1.7094152,1.3937126,2.5828621,3.9860296,3.1488004,2.051314,0.5738809,2.6243138,1.6614107,1.8108484,1.1570166,1.8573663,0.91228,3.4553542,1.8655846,2.4239333,3.9829974,3.615238,0.8917213,1.3680974,1.65033,0.9597773,3.270987,3.0897548,2.8724186,2.371901,2.8871534,1.86588,4.4799595,1.3439559,1.8742806,1.7894956,3.6419072,1.6577135,0.76084125,2.5619626,1.6226424,1.6499128,3.5896993,2.1306584,1.578424,3.599501,0.7526097,2.8288045,1.6903911,2.768916,2.2713716,1.1113336,2.005121,2.185651,2.3001206,1.6879402,1.7581378,3.404857,2.622842,2.4126036,1.6261536,2.7970214,2.1811552,1.8451743,2.947814,1.7721642,1.2952135,1.1858749,1.8632597,1.2860473,3.3065858,2.947814,2.2271385,9.346312,3.500902,1.423536,1.4784274,1.0216198,0.5500553,0.69127667,2.0388837,1.1590954,0.573815,0.45642105,1.9587314,1.5950874,1.541209,0.3989717,3.70533,3.267746,2.7905877,1.8686969,3.969326,1.8816925,1.8624891,0.90899694,1.611661,1.7095684,1.7404997,2.2987902,3.3363771,2.5889068,3.5001757,1.5962214,2.4059644,1.8735834,0.37612855,3.0556104,2.2899253,1.8502996,1.8731704,1.5158095,1.5741426,3.0402627,0.96309495,1.0298929,2.2108788,2.1440215,1.2329683,3.575231,4.6113124,3.2026215,4.1326914,2.9371376,1.4959708,2.7625048,2.3137126,2.544783,1.6714234,1.9488796,3.8708098,3.2229545,1.6647792,1.8211913,1.42025,1.5895442,2.070842,3.781183,1.5624111,2.3253946,2.7130246,1.5928034,1.8545052,2.7567954,1.8662271,1.7363633,2.3867185,0.9285727,1.6623405,2.520398,0.84733224,1.2445751,1.7237929,1.3373301,1.3572844,0.5369173,2.9987893,3.0527089,1.8581709,2.552812,3.9420125,4.4380097,2.5145638,1.6434728,2.4180655,2.2449205,2.035487,3.8341744,3.4339638,1.1053469,1.5366521,3.2413137,0.45508865,4.134588,0.94884574,0.871726,0.5187325,2.422122,2.785147,1.3028617,2.7582302,1.8600283,0.8034048,1.5949912,2.0400355,3.399982,1.6980039,3.2969794,3.112493,3.939165,2.188186,2.0767603,1.7804961,1.7883898,1.6941072,2.3147655,3.8506224,4.434541,3.5393279,4.0492406,2.3589602,3.1388977,4.248989,1.8939383,4.3438125,1.6776062,3.6436489,1.2715985,2.7216477,3.5125284,2.1990032,1.6465359,1.35215,1.2153459,1.5546459,2.5636983,1.966025,3.6783419,3.1537411,3.1278057,1.6528013,1.5204338,3.197981,3.4110155,0.86071193,3.1576588,2.1247847,1.860529,1.3886663,3.2888377,3.3124843,1.6783017,1.8366005,3.119358,2.5067122,2.7982934,2.0048745,3.225334,2.4784737,0.8276904,4.6596107,0.85852104,0.5549375,1.0454336,1.8532159,0.7169117,1.8162161,2.062637,1.8788774,1.6420732,3.1015356,3.564596,2.665525,0.72895926
2.184165,3.447795,2.4415734,4.153464,2.5263388,2.557148,2.3629825,2.4932015,2.656264,2.6302378,2.2909234,2.401724,1.6257516,2.3375642,3.5389535,2.1893036,2.9484563,1.6779907,2.6070104,1.8874245,2.5515192,2.8477318,2.8957145,1.6138251,3.7987232,2.8016648,4.1250997,1.7061528,2.30075,1.0982168,2.7063031,2.7584963,1.956026,2.012489,2.0037441,1.9944266,2.7793517,2.611669,2.703127,2.852665,2.581522,3.2577949,2.3038163,2.406245,1.3682487,3.3220782,3.0087364,2.4731429,2.8653524,2.6437683,2.3151352,3.208443,2.960846,3.3018196,3.1159105,3.221378,2.8086736,2.3148797,2.898018,1.7550114,2.4878156,3.4318678,2.5878642,3.0186915,2.0779593,1.9074599,3.0822525,3.4039125,2.6275306,2.7638178,4.618776,2.9551535,2.7509863,2.0712957,1.3152621,1.9801126,2.5413756,2.6684492,2.0160496,1.9800702,3.2801826,2.7118258,2.231194,3.3585057,2.854704,4.4726524,1.9652328,2.5435493,1.5043595,2.2494078,1.8544581,3.440142,3.5026197,1.9609389,2.3133183,1.1878649,2.0762818,2.4389324,2.822724,2.7027872,2.696649,2.9237628,2.9511955,1.8902336,2.5811007,2.4660068,2.7505546,2.033031,4.6558676,2.9511955,2.939209,9.659873,2.5536613,3.097786,1.8355286,2.4895344,2.6830406,3.225731,2.9059434,3.3372166,2.9387782,2.808254,3.3484473,2.0566716,2.0343323,2.950067,1.0979003,2.5021615,2.3938808,2.5190523,2.711759,2.7085063,2.8214521,2.6488404,2.2984328,1.877766,2.40788,2.0729597,2.373857,2.4183066,1.2776499,2.1663127,2.1394966,2.6770394,3.0339193,0.50120836,2.2605217,2.7588878,2.040958,2.7844098,2.1604733,4.097561,2.7845285,2.352082,3.350132,2.358223,2.152109,1.8909079,3.4322333,2.5519202,2.1202312,1.081164,2.194674,1.4799707,1.5055629,1.58185,4.3157587,1.8984585,3.8456376,1.7598441,1.9673831,2.0942285,2.297905,2.3156793,2.4522543,0.8447685,2.0623777,2.9621804,1.0484202,2.3013594,2.8160412,3.1420186,2.8217955,3.0426853,2.2788775,2.3398743,1.9911983,3.532569,3.191081,2.7215083,2.6241355,3.2382095,2.3555286,2.6462934,5.409419,1.2349763,2.7516265,1.4291785,2.220536,3.132665,1.9717276,2.5173492,1.5964158,1.775266,1.9154332,3.0956628,0.5658838,2.8186793,2.6711893,2.864038,2.9865973,2.012137,2.7767897,2.9725883,2.9006684,1.2067277,2.295649,2.7031155,1.7978903,2.7127368,2.4165125,2.3433173,2.447612,3.796125,3.4953952,1.9540416,0.8163735,2.9811418,3.1573915,2.3962033,2.4551766,4.336352,2.297588,3.7865038,0.8396901,4.1173024,1.2906988,2.4173365,2.6764581,2.211464,4.393981,2.7139065,2.7433949,3.0742137,1.5701481,3.0860536,2.7123804,0.91200346,4.003452,1.8034624,2.128077,2.915435,3.0691974,4.2490473,4.4409842,2.489516,3.0508187,2.2928445,2.2751577,2.8200405,1.3732345,4.3163114,3.0819526,2.338804,2.230028,2.5389357,2.2160084,0.8566473,2.443867,3.9773908,2.3726838,2.1995697,4.019667,4.4494114,2.3635647,1.4315624,1.3778055,2.7348316,2.526411,3.402212,3.0290012,2.3291566,2.6720529,2.877408,1.8340468,4.678689,2.805798,2.1979237,4.357918,2.8258846,3.5030394,3.046673
4.248752,5.0455356,5.205401,6.4018445,5.0360155,5.0077763,4.6265316,4.8634233,4.653712,5.208581,4.634384,4.6634393,3.8746593,4.6235275,5.7255263,3.887503,5.5156903,4.153414,4.74804,3.1484008,4.863036,4.657692,5.082833,2.4936612,1.8396642,4.890285,2.2436426,3.5618205,4.4506917,3.5854948,4.9623585,4.2537026,4.1009064,4.1040955,4.0835977,4.7245927,4.840413,4.5856833,4.0398064,4.9233108,4.655811,4.276812,4.621345,4.5455184,2.7522137,5.0149264,4.9726005,4.7742586,4.7421317,4.705921,4.641426,5.208992,5.071748,5.6284823,5.031393,5.698091,5.149181,4.420875,5.224324,4.094779,4.195642,5.3454304,4.566607,4.467736,4.6553144,2.0455475,4.8375783,5.0304885,4.659068,5.0239525,6.6427035,5.0041447,4.922957,4.379921,3.3860188,4.0625052,4.4036403,4.71741,4.2899737,4.2558694,5.1001377,4.5912004,4.5591903,5.810699,4.7659373,5.30734,4.180554,4.5602474,3.8301585,4.3671227,3.3121157,4.9791474,5.004644,4.1399093,4.6624146,3.2783947,3.65471,5.005511,3.4507625,2.4965117,4.6937475,4.3883615,4.766505,3.8885767,4.670076,4.587649,4.8458095,4.23663,5.425441,4.766505,5.048089,7.6465626,5.381016,4.7328725,3.9538584,4.4347315,4.419948,4.783838,4.749953,4.848596,4.6083775,4.3356805,5.4607577,4.338214,4.147764,4.588219,2.5686345,1.7004355,4.5302653,5.0390983,4.8744426,4.800768,5.075018,4.7480707,4.610348,4.0536036,4.778697,4.372227,5.170047,4.368204,3.509027,4.272765,2.664566,5.025863,4.7117343,2.8248227,4.3695745,5.092751,4.319297,4.7984595,4.385877,6.3236194,4.900756,4.475487,5.0027,4.3371015,4.395593,4.6102066,5.292027,4.977406,4.066544,2.9742641,4.4659786,3.0549064,3.4968462,4.430975,5.252246,3.5444994,6.177666,4.54681,4.204101,3.0502107,4.531858,4.5397434,5.0745077,3.345199,4.312265,4.883808,3.1075442,4.5974965,5.103534,5.1148677,5.0515847,5.235113,4.980332,4.208328,4.22759,5.3007903,4.885894,4.7389708,5.142359,3.9026022,4.5586076,4.3102083,5.971858,3.2699482,5.057544,3.411862,4.365192,5.084147,4.3162003,4.9830813,3.5244617,4.57521,4.2575464,5.1842613,2.9867465,4.545725,4.1509247,4.8022,4.7668037,4.161733,4.8743973,4.9841003,4.806094,3.4648457,4.0603967,4.8618517,3.9167244,5.04491,4.246266,4.747112,4.9715996,3.7934985,4.821631,3.8330805,3.7572231,5.225433,4.9197335,4.5992613,4.8541493,5.264964,4.3617887,6.230067,3.191264,2.1278548,3.5522883,4.385306,2.8579369,5.162192,6.613084,4.8061075,4.6682262,4.7670946,1.6473739,4.4556623,4.8379755,3.278896,5.2498336,3.9318142,4.0119843,4.8856554,5.25515,5.22336,5.3328223,4.6653566,4.8174,4.381524,4.5936027,4.9385576,3.3173203,6.542894,4.995095,4.8134995,4.85752,5.1014533,4.256071,2.3216035,1.7659768,5.1748943,4.6188083,4.8276324,6.4786506,5.3073764,4.458138,3.0961814,3.1255023,4.7376094,4.063367,4.796045,4.8753605,4.416268,4.902315,4.880418,3.9508233,5.4400454,4.9762897,4.038723,6.8395743,1.4410509,5.024143,4.931609
1.0939779,1.8715883,1.900572,4.0182824,2.5656004,2.203754,0.85673743,1.0942645,0.9727543,1.6237339,0.8782679,1.076367,2.3642817,1.0719328,3.7951112,2.0117118,2.7280188,1.8262424,2.543149,2.49001,0.89476204,1.2048253,2.8071344,3.0568295,4.613777,1.7397964,5.1963763,2.2420328,1.2749355,1.4941288,1.035107,1.6077732,1.1399765,2.817252,1.249995,1.876038,1.0575414,1.0150621,3.4959023,2.2529597,1.5069419,3.257313,0.89596456,1.1700264,2.809233,2.1497798,1.4027791,0.7660754,2.138336,0.96505773,0.9471679,3.1239505,2.554644,2.5324726,1.9264843,3.2573743,1.0980443,0.5479578,2.6916466,2.497217,1.7537557,2.9225552,2.3306682,2.9529817,2.2946954,3.332826,2.466424,1.9722542,0.8162304,1.050178,4.998723,2.7349958,1.0204707,1.7568233,1.7332014,1.1795893,1.7789172,0.76672214,1.0901878,1.0919626,1.8627559,1.0001236,1.0899659,3.445995,1.8994405,3.4687738,1.0835077,3.2339587,2.3519237,1.5806197,2.3017094,2.0985324,2.1604185,1.1034888,0.830872,1.7083021,1.4951048,2.596268,3.2187243,3.725051,0.9541003,1.6915152,1.4577295,1.2404968,1.3083253,1.3990284,1.0447124,1.5847678,3.652164,1.4577295,1.040432,10.422155,2.4837754,1.86365,1.6065503,1.5539429,1.9873921,2.2690923,1.3452841,2.6849132,2.6451163,2.3112793,3.1018217,1.0912641,1.1628808,2.2579193,2.4282725,3.615624,0.68543035,1.5125936,2.6824732,1.0125803,1.0781053,1.7162529,1.0206584,1.1800944,0.9374211,1.9579637,1.348454,0.74406195,2.0922487,1.0744934,3.0755668,0.98479337,2.2496147,2.223262,0.96743464,1.0664463,2.173362,1.2740654,1.0546044,4.017463,1.7316464,1.6438489,1.8970474,1.0244051,1.6326482,1.850541,3.1198132,1.7091064,2.5498555,2.434408,1.325554,2.9634595,2.6246758,0.9725657,3.5718517,2.2636058,4.0113215,1.8745507,1.088042,2.604916,1.2474324,1.0462797,1.256344,2.2208838,1.0938933,1.1548262,1.8868452,1.0667347,1.0949748,1.4294237,1.068632,2.880265,2.202735,1.8247875,1.074628,2.7767172,2.0696642,2.6436317,1.7012813,2.9361923,1.286461,2.0674458,4.5272036,1.7214919,1.07759,2.6287627,2.643517,3.0651376,2.1151857,1.4419732,2.743999,1.2885184,2.4364598,3.3578625,2.1309702,2.855509,3.0948284,1.2703972,2.1938643,2.378323,1.7430403,1.8789847,2.1379263,2.3171306,0.9969571,2.503533,2.3787122,1.0673363,2.0184789,1.4000174,1.2898693,3.3013399,2.388418,2.2919881,2.0530143,2.6237164,1.6778911,0.61379796,1.086505,3.4435713,2.098049,3.193362,2.3052897,5.2489996,1.552564,2.611965,3.5652447,1.4285176,4.687277,1.0026716,3.0470443,3.3339756,3.0057032,3.224435,0.8727254,1.8466357,2.8067613,1.7828815,1.9084134,1.5897636,2.777703,3.1646423,3.5526848,2.6569796,1.6254114,3.0624921,0.98485243,2.779207,2.7911444,4.260236,1.9350208,1.5828681,2.1347094,1.67836,1.372042,2.4188132,3.837983,2.8946178,0.7391596,2.3272665,3.4069471,3.4288595,1.8364785,2.4306455,2.697832,2.0660765,3.0509357,2.481587,2.1213713,1.6064119,1.017432,1.9621923,1.1670933,3.9189663,1.0435262,2.7081163,3.804108,4.0708604,2.10165,1.9931003
1.7480066,3.7467532,1.5017862,2.871296,3.1128247,3.241004,1.6871791,1.3242869,2.8376288,0.64410454,1.5641211,1.4464139,1.6199913,1.4072424,3.8495073,1.7236516,1.9924865,2.9571877,3.7715833,2.3175275,1.6357784,3.2766383,1.9050298,3.0018573,5.955029,1.6302607,5.6422853,1.9796083,1.4435769,2.584833,1.6674302,3.7441742,1.6251394,2.4215698,1.6240232,0.89064246,3.0985553,2.0951078,3.580944,1.8904101,1.5016961,2.4923027,1.5463487,1.6021891,2.836307,4.24937,3.4029458,1.7429063,1.837185,2.8882194,1.5028094,2.3036582,1.560983,0.6159627,1.9385302,3.184067,1.6648574,2.3723578,3.8592522,3.442042,1.9215572,2.3258774,1.063662,1.9336622,1.7353585,3.4233985,3.6356335,3.3357315,2.9109404,1.7113752,4.4093585,1.8441284,1.8558832,0.9610025,3.2842777,1.6820091,1.6951736,2.6890867,1.4507469,1.4593942,3.8922017,2.4881074,1.3425565,3.3148954,1.561538,4.46238,1.5569477,2.8828187,1.7006391,1.3466098,2.1233475,3.3098683,3.4229195,1.5985079,1.6084448,2.9979696,2.6050973,1.8658735,2.8471856,3.545003,2.5772495,2.9285924,3.3999162,1.8269727,1.6188833,1.4544051,1.9468577,1.2977854,4.843727,3.3999162,2.4833434,11.057883,2.7767327,2.6543486,1.4628981,1.6225677,1.852975,2.3535738,2.7474196,2.782481,1.790971,1.9528596,2.3556795,1.4291806,1.633283,2.1061118,3.7295585,3.942991,2.8273544,0.72204804,3.959584,1.9501891,1.769006,1.4798918,1.4326702,1.5908215,1.4849491,1.1822748,2.6544628,2.732844,3.419414,1.6760119,2.9389372,1.6332822,2.0482323,2.7513704,1.9635634,1.6367604,1.0342989,2.1010253,1.5150776,2.9510224,1.4540424,1.322763,3.187055,2.056259,1.202548,3.0664408,4.723472,3.1469922,4.070634,3.150483,1.1976007,2.9379175,2.3527803,1.8842709,3.6371245,1.884816,3.6374602,2.7323492,1.5222702,2.5432115,1.3317361,1.5137877,0.997455,3.3270197,1.4775941,2.7646313,2.9648678,1.3967168,1.7019663,3.1675184,1.810866,1.8558109,1.7639122,1.5620317,1.5222698,3.4868894,2.2320843,1.6281413,0.64112306,3.1617951,1.3580618,1.8994457,4.916177,2.6293833,1.6072158,2.6979704,3.8630981,4.491008,1.3116117,0.89689976,2.5181131,1.5950309,1.4783424,3.9310935,3.2171028,1.8075585,2.070216,3.3935678,1.6867173,3.0795736,1.6065446,1.7324897,1.6004556,1.9908905,2.904365,1.4567082,3.006415,1.549807,1.5631402,0.9345449,0.98165697,4.777853,3.202467,3.5957742,2.539135,3.920238,3.0352266,2.1986332,1.2704058,3.7017353,1.0855999,1.3622718,3.4003873,5.683161,3.1685574,2.906014,3.2799928,2.1605294,3.9818523,1.9703603,4.355561,1.9460081,4.029733,2.1068752,2.84532,3.2365792,3.693739,1.3955661,1.4794015,2.042873,1.7365096,4.1493196,3.8701916,3.718185,3.601956,3.1920059,1.4462852,1.6117927,2.5039394,3.3313506,1.9128972,3.0423212,0.7817255,0.5571442,1.5218501,3.250613,3.9698303,3.3928697,1.8628956,2.7921598,1.7124298,4.422976,2.6090517,3.5383716,2.6722207,1.7837324,3.7142715,2.6469738,1.8647956,1.372182,1.6882949,1.574285,1.729581,4.035767,1.9024363,1.8477238,2.7341068,4.4099665,3.61801,1.8745346
4.697536,5.227024,3.308664,2.6332297,2.2491798,2.8350186,4.63682,4.654613,4.7062826,4.531055,4.507425,4.6869836,4.035281,4.6343517,0.9812393,4.632105,2.6683035,3.1445432,2.865996,5.0666566,4.956262,5.230442,2.972378,4.468621,7.066715,4.2311897,5.7437882,5.1530643,4.604897,4.944532,4.9212356,5.3845615,4.7378726,2.7076077,4.677555,4.100943,4.8511367,5.195181,6.610176,3.5053937,4.5227666,4.825646,4.598105,4.605652,3.9328194,5.070602,4.845903,4.9421363,4.0694747,4.641989,4.5489545,2.8477097,3.6165583,4.826091,4.485874,1.6578454,4.734077,5.0866327,2.8958998,2.880253,4.59961,3.3511293,4.9605284,4.5491843,5.131715,5.0341725,3.2468188,4.655231,5.1752853,4.9067755,1.1120331,3.308494,4.9926634,4.6513133,5.0564013,4.7645926,4.4440236,5.045271,4.565801,4.576646,4.952325,5.143238,4.5255713,1.521875,4.6307354,5.121986,4.670285,2.017288,3.978808,4.357198,4.9866643,4.63291,4.6820235,4.699332,4.5256104,5.1550384,5.611868,2.7290003,4.807391,5.308577,4.7664604,4.841657,4.781916,4.854588,4.656767,4.530381,5.0600758,4.249933,5.2421236,4.781916,4.8423433,9.495743,2.693654,4.556747,4.4385314,4.6068635,4.417445,4.5835958,4.658199,3.8413665,4.2346363,4.6055923,2.7526207,4.544041,4.6470466,4.2861614,4.5409565,5.6197414,4.8132997,4.598176,2.9762213,5.069404,4.8795037,4.243639,4.5691385,4.6897807,4.568463,5.0052557,4.0030217,5.1057334,3.6920087,4.7533484,5.031028,4.7293644,4.372044,4.524771,5.3024793,4.7513533,4.387627,4.6068864,4.6178417,2.448658,4.351159,4.30032,4.6659503,5.3111515,4.171294,3.4995291,3.7273088,3.5088053,3.7061703,3.4200406,4.5833507,3.4196239,3.3948965,3.927159,4.888347,4.934952,1.2284341,3.125916,4.62498,4.8411293,4.567928,4.692181,4.531076,4.264191,4.5405607,4.9716873,3.7418692,4.6072073,4.839823,4.735666,4.905569,3.0791996,2.9000611,4.5020337,4.632811,3.1794128,4.6229143,3.5546448,4.363909,4.9336157,4.567531,4.429784,5.763806,5.2155223,4.8642726,3.088156,3.0289679,3.2771702,4.961172,4.4419265,3.1942832,3.6371412,3.6504016,1.6507401,4.1886387,3.9129972,4.1016536,5.0611544,4.5948524,5.8317738,4.203844,4.328121,4.316184,4.144145,5.3596253,3.5407984,2.6328504,4.834662,4.3986683,4.515309,4.7700424,5.781181,4.66431,3.2144554,3.5419428,3.0825293,4.5642266,4.635792,4.6918344,5.121648,4.841404,4.1992145,4.478745,5.813506,4.847607,6.2080145,4.8550377,3.888952,1.4249,5.06575,3.0810742,3.9590046,4.814436,4.441468,4.807201,4.3987365,4.8397703,4.518163,4.6902246,4.4527187,3.2753284,5.0549045,5.1075244,2.614017,4.823528,1.9054939,4.5916066,3.4078422,4.8030057,2.1606715,4.45035,3.5318947,3.951204,4.414944,4.7414274,4.8200884,5.082752,4.9046755,4.6431465,2.45802,4.047634,5.1169267,3.1968598,3.4631922,3.5070395,3.8183608,6.5255094,4.6526976,4.325622,4.3817015,4.9586005,4.290199,4.790793,5.215003,4.9720373,3.7345693,3.1094723,5.4971967,4.792405,4.4221
0.88416404,2.6587288,2.3287437,4.0802574,3.5770478,3.3833032,0.90408915,0.82035273,1.8962064,1.2700988,0.9784602,0.7471876,2.2676895,0.7886282,4.601361,1.4632478,3.046667,2.9848444,3.7848547,2.05867,0.67333025,2.1300972,2.8280087,3.0709276,4.982145,1.4769636,5.256547,1.8660955,0.859623,2.148847,0.7314768,2.5966728,0.8866764,3.149332,0.9433791,1.8741442,2.1748435,0.7239701,3.3850644,2.2379968,1.0540423,2.5372775,0.877298,0.89275885,3.008479,3.3755138,2.5066175,0.7435644,1.8394681,2.0120287,0.90988785,3.138519,2.3043084,1.725346,1.5504535,4.008237,1.0241044,1.207351,3.9698098,3.6348555,1.316363,2.8346283,1.4392323,2.2480602,2.2067385,3.2783113,3.392017,2.4882884,1.7974421,0.8103677,5.5031075,2.6074467,0.7771528,1.2338867,2.6749663,0.8942945,1.3305401,1.5783212,0.9178643,0.92645025,3.010567,1.2111548,0.8904028,4.1829953,1.2259706,3.662042,0.8885196,3.6850119,2.3418162,1.1992574,1.8517447,2.4864233,2.5787442,0.8890724,0.99064875,2.3918097,1.3911896,2.923674,2.7184439,3.3707986,1.5798477,1.8952949,2.4665492,0.9876961,0.9037302,0.9774441,0.757514,1.3212439,4.001938,2.4665492,1.535162,10.640011,3.4414086,1.8962289,1.3134041,1.0456401,1.53492,1.8602705,1.825762,2.656331,2.0875683,1.6836727,3.1902206,0.91727275,0.92558175,1.8841846,3.324961,3.4725637,1.8964337,1.0913241,3.9782865,0.7349108,0.9034019,1.3856766,0.86150944,0.95932907,0.9257282,1.4177368,2.6101654,1.5612693,3.2572265,0.7935209,2.753218,0.9461824,1.8114163,2.6457717,0.70675075,0.95921916,1.7677221,1.2968295,0.8413269,4.1327662,1.3253962,1.2612333,2.3318524,0.669463,1.3665031,3.1410978,4.489292,2.9862978,3.875663,3.1778262,0.8820894,3.3063598,2.8544776,1.9262503,3.223694,1.7514433,4.63417,3.006104,0.91000044,2.2336082,0.860793,0.7508215,1.1661466,3.2169359,0.9288415,1.6840328,2.7316809,0.81335986,0.91605335,2.300133,0.8941912,2.8316658,2.6666098,1.2977947,0.89103085,3.3993979,1.6725309,2.4061747,1.3430451,2.5502453,0.87385595,1.5997204,4.280196,2.0389366,0.81343466,3.0944326,3.9099486,4.4088335,1.707826,1.1062291,3.0395586,1.9504275,2.3935516,4.369229,3.0314074,2.4317234,2.6567082,2.4011416,1.5049956,2.7547023,1.4866568,1.5304145,1.6201448,2.379545,1.6532542,2.3003619,3.231339,0.8101006,1.4964983,0.9818315,0.91759473,3.6343153,2.4429574,3.43717,2.8606932,3.9173753,2.2053134,1.313545,0.78733987,3.106703,1.347904,2.7464793,3.2354267,5.308371,2.6096356,2.576803,3.2285671,2.434463,5.153554,0.76115745,4.3545856,2.8628056,3.5802014,2.5829678,1.9228574,2.8953414,2.9324396,1.4161146,1.3008821,1.4682101,2.6591418,3.3266382,3.2801547,3.8528173,2.6779604,3.7942007,0.8438432,2.5846522,2.806843,4.4842124,1.558582,2.8860736,2.0185866,1.3363222,0.8307822,2.8892393,3.8028326,2.711009,1.0198326,3.2944164,3.0492709,3.6187956,2.5518246,3.3878367,2.9948068,1.9286871,3.2606356,2.1097891,1.6994047,1.1889462,0.67328924,1.5273901,0.9788108,3.5499148,0.8627588,2.506093,3.8821583,4.0351768,2.70799,1.5784642
1.2308704,2.9386559,1.8554479,3.4409862,3.3300483,3.224657,1.0421848,0.6860797,2.1408405,0.70917434,1.0166765,0.8256502,2.2589552,0.8527691,4.2291093,1.6877525,2.5028002,2.999315,3.7340553,2.4791355,0.8545577,2.526192,2.3762093,3.3686788,5.702254,1.205647,5.670501,2.2519925,0.9872008,2.5812142,0.7944663,3.0889323,1.2856886,2.9774604,1.2972533,1.6068845,2.41481,1.2639031,3.848374,1.88012,0.9870254,2.5719135,0.9684073,1.0089108,3.2173471,3.6412885,2.7173533,0.9992792,1.6172025,2.225299,0.94632465,2.695587,1.8470659,1.066049,1.3415648,3.5783482,0.83331656,1.690944,3.8461347,3.645393,1.5145012,2.3967235,1.4047619,2.1506565,2.2680922,3.6962917,3.3395653,2.5948613,2.1902342,0.82165384,4.9993563,2.1872826,0.95796746,1.2514399,3.15732,1.3221503,1.3534629,1.9192882,1.1295812,1.1588666,3.2287772,1.6503536,0.9166706,3.7411616,1.0988721,3.7843704,1.2204015,3.423287,2.3420053,1.1815914,2.2586188,2.5853355,2.6908429,1.255073,1.0344512,2.9149053,2.159825,2.5037649,2.9420962,3.7558823,1.8183993,2.2064302,2.7117064,1.4986123,0.95253205,0.9616639,1.0472287,1.3163904,4.150924,2.7117064,1.6485717,10.950536,3.1133974,1.9761915,1.4960792,1.1533284,1.5357792,1.8265477,1.9961715,2.500507,1.8964791,1.7331133,2.690975,1.091557,1.2568333,1.799895,3.7497962,4.011481,2.2111216,0.6496236,3.9338152,1.0669292,0.87178534,1.1515951,0.9064944,1.3279835,0.87911457,1.5519216,2.5061736,2.0345316,3.4658875,1.1683012,3.143399,0.84300077,1.6951741,3.0098264,1.3728025,0.80785275,1.6786658,1.348776,1.0576425,3.5162542,1.0271736,1.1580019,2.4345033,1.3835988,1.2482294,3.1267478,4.5170503,2.9152582,4.039406,3.3642993,0.9351267,3.4039676,2.8648305,1.9091612,3.1838565,2.0908992,4.1410766,2.9124968,1.2009916,2.610538,0.9021281,0.934169,0.7917218,3.4981556,1.1208287,1.9265462,2.9892592,0.8766362,0.8182059,2.4232922,0.9074071,2.3368752,2.2652843,1.3932089,1.1805474,3.1968122,1.6153101,2.0593853,0.7693422,2.8144734,0.8958193,1.6379296,4.3143044,2.59169,0.7345563,3.12,3.936575,4.40213,1.8178544,0.66094077,3.0281322,1.7660147,2.208244,4.1460633,3.3530526,2.1970901,2.559506,2.7092214,1.3598889,3.1743083,1.2108952,1.253407,1.37402,2.5124063,2.2654588,1.8954703,3.1985352,0.7060191,1.5074983,0.75123924,0.68024457,4.1451616,2.5399551,3.552957,2.923705,3.8209147,2.3069127,1.5285499,0.67081916,3.1294696,1.3981509,1.9895418,3.5648859,5.731863,3.0367308,3.0144534,3.5093093,2.2275722,4.6109304,1.0863216,4.375264,2.5727944,4.0677114,2.4615445,2.1429214,3.246449,2.9859252,1.5887339,1.5077761,1.377958,2.1506965,3.4472923,3.2983801,3.7809162,2.9248505,3.6160514,0.92035705,2.1648486,3.0539305,3.871305,1.3494612,2.8449302,1.6456047,0.8197805,1.1317475,3.366586,4.20688,2.73583,1.1959851,3.0644994,2.271709,3.739662,2.4528475,3.6039493,3.0982614,1.6605227,3.7822487,2.1122053,1.4846536,1.1567849,0.82354695,1.2456042,1.4404035,3.543275,0.9932135,2.3932598,3.1459036,4.517285,2.8683484,1.3754472
1.4456611,3.1744123,1.4039857,2.4076324,2.7735164,2.8479795,1.4108909,1.2071693,2.3732586,1.1242745,1.3122911,1.2446204,1.8596292,1.2231152,3.387014,1.4167911,1.6603941,2.6716187,3.3362164,2.391473,1.6070709,2.9422998,1.2402352,2.9548461,5.7644935,0.67359805,5.078594,2.4305913,1.1370823,2.9277494,1.4851006,3.4400997,1.5524765,2.1062484,1.4521435,1.5450056,2.7469466,1.87674,4.372604,0.79335284,0.8926663,1.886191,1.3384064,1.1902852,2.6966743,3.853576,2.977191,1.6940325,0.72781163,2.4530761,1.2685839,1.4966291,0.63290155,1.1142296,0.95364374,2.817978,1.3874551,2.2518408,3.5175097,3.254609,1.2564236,1.2200722,1.43495,1.407251,2.6995494,3.406483,2.8091183,2.5011625,2.7101977,1.4910977,3.994061,0.9817303,1.6030108,1.3869301,3.4595664,1.5694333,0.9544384,2.3980303,1.344419,1.3789583,3.4459038,2.1167908,1.175614,2.9628606,0.80657226,3.3905902,1.4851173,2.4565516,1.9619238,0.9092324,2.194991,2.4071672,2.5266929,1.5173832,1.3607088,3.2490985,2.693291,1.704013,2.34755,3.3529172,2.0842211,2.173665,2.8811877,1.7517637,1.1207848,0.9623918,1.6708966,1.0221566,3.8047981,2.8811877,2.0178802,10.165233,2.7499714,1.7263973,1.3613421,1.0588443,0.9932428,1.3189313,2.064206,1.6084993,0.9716421,1.1872561,1.5296319,1.2970811,1.4269795,1.0594852,3.6852136,3.791093,2.5788376,1.1307714,3.5949752,1.695801,1.4901389,0.6097653,1.2261493,1.5520924,1.2816607,1.9078034,2.685191,2.4981546,3.277232,1.4674356,2.8293607,1.4112924,0.9945429,2.9541202,2.1006227,1.385753,1.4678568,1.43279,1.3198136,2.4668934,0.597276,0.7739976,2.348481,2.0526369,0.85181427,3.0440218,4.3109426,2.7634642,3.8686314,2.8955507,1.136308,2.761523,2.197953,1.9707242,2.493681,2.0416222,3.2624023,2.6653085,1.4381974,2.290925,1.0927167,1.3050197,1.3174243,3.4985862,1.2994853,2.2581625,2.6778584,1.2185663,1.4389821,2.610999,1.5229757,1.1884445,1.6201317,1.0667235,1.4315748,2.4824216,1.2434822,0.9442066,0.8563245,2.3002098,1.0516766,1.0788516,3.7758014,2.9377654,1.4253412,2.4417572,3.601953,4.106622,2.0997715,0.91205585,2.3056006,1.5804359,1.5977865,3.4431548,3.2682905,1.1898971,1.7270892,3.077953,0.8206669,3.765141,0.6457654,0.7217048,0.5870519,2.2240615,2.7688556,0.78324693,2.5485969,1.399857,0.99146914,1.0071464,1.3939397,4.0280447,2.1850464,3.156293,2.693609,3.5202048,2.2488942,1.8455547,1.2600209,2.5893342,1.4556565,1.4429893,3.604821,5.1560802,3.3107276,3.7098248,2.9443166,2.3746455,3.6613083,1.7084528,4.0294876,1.6246548,3.8703895,1.6448193,2.4970376,3.303332,2.6447253,1.4912907,1.38794,1.1836407,0.9787085,3.0982215,2.7406418,3.320873,3.087451,2.8045712,1.2716674,1.0593778,3.0057318,2.8431125,0.912712,2.715239,1.3441886,1.0229816,1.308198,3.3360033,3.7771542,2.3032494,1.556033,2.5451744,1.6498946,3.3539848,1.8310183,3.197076,2.4782917,0.687215,4.406327,1.5883834,0.7832083,0.8700528,1.5214309,0.5486657,1.711487,2.904433,1.6056728,1.5794538,2.329725,4.139916,2.8149095,0.85017437
1.0789354,3.0807478,1.3956653,3.0570319,2.8876355,2.8878362,1.0034486,0.6558432,2.1786392,0.36929664,0.8891484,0.7570381,1.6071875,0.7184833,3.7594175,1.3106035,2.0351412,2.5700235,3.3820019,2.0630465,1.0046793,2.623544,1.8810393,2.8138375,5.464981,1.0800358,5.280524,1.824651,0.7744617,2.236934,1.0190966,3.1011436,1.0202012,2.3418283,1.0148703,0.9839403,2.4718418,1.430748,3.563439,1.5525984,0.8622198,2.2912638,0.8660493,0.91373074,2.626158,3.6454337,2.7780356,1.1059592,1.3912758,2.245639,0.8206059,2.251454,1.4438953,0.94978917,1.3879074,3.1255302,1.0463831,1.734106,3.5210717,3.1522129,1.3350273,2.1190064,1.0343798,1.8046898,1.8739935,3.2031949,3.1232262,2.6861901,2.2806203,1.0686299,4.5130734,1.7447509,1.197964,0.7158524,2.8627694,1.0744176,1.1332732,2.0359066,0.81532675,0.83527607,3.2762542,1.8057152,0.662599,3.282783,1.0294398,3.8561594,0.9393557,2.8254256,1.6852245,0.78169435,1.844276,2.6654663,2.7762544,0.98437226,0.93745404,2.6046638,2.0792656,1.9190797,2.577855,3.3303475,1.9018584,2.2489839,2.7506359,1.250596,0.94090784,0.79345715,1.2817334,0.8015711,4.2205343,2.7506359,1.8319896,10.64684,2.6780128,2.0181606,1.0093259,0.9973556,1.33296,1.8198028,2.0743153,2.332941,1.5614555,1.521965,2.293225,0.7823082,0.998828,1.6296161,3.3251002,3.6256502,2.2038608,0.2414463,3.5872009,1.2840284,1.1294318,0.92861736,0.74638045,1.0107538,0.81576157,1.1319467,2.3023663,2.0798366,3.0266154,1.0145649,2.7005603,0.996128,1.5714394,2.4927464,1.3959048,1.0072805,1.0626287,1.4308889,0.84460926,3.113368,0.90092236,0.7707238,2.5355659,1.4455318,0.71685034,2.7498412,4.2801027,2.692699,3.6655338,2.817239,0.5624344,2.776117,2.220707,1.4999069,3.1897764,1.6539515,3.6778219,2.4612591,0.9013166,2.2105517,0.6533869,0.82756484,0.5577048,3.0332484,0.82661134,2.0924735,2.523664,0.7096721,1.0699121,2.5310302,1.1663048,1.8695793,1.714156,1.0596497,0.8942977,3.0258605,1.6669471,1.5539737,0.2977399,2.6694083,0.6793144,1.4037483,4.419549,2.2661748,0.9740912,2.497972,3.5169168,4.0939245,1.354985,0.27072147,2.3859262,1.2676305,1.5345172,3.699429,2.8753161,1.7287796,2.0423605,2.768642,1.2474654,2.9178154,1.0620172,1.2030184,1.1762354,1.8890911,2.2753506,1.3882796,2.6805146,0.91811544,1.1371434,0.26161963,0.50567347,4.1182013,2.5873911,3.1512816,2.3483653,3.5364408,2.381645,1.5331538,0.6153763,3.201525,0.9521245,1.7700256,3.1079307,5.332533,2.7380004,2.8186612,3.0636663,1.9292238,4.131829,1.303674,3.992213,2.0750844,3.6288505,2.0616271,2.2125022,2.844451,3.089858,1.0650047,1.0962114,1.4176581,1.7190771,3.5363593,3.3651903,3.3753552,2.9590383,3.0391726,0.76368487,1.6445938,2.4949038,3.4728644,1.3675241,2.5920813,1.0048356,0.29889527,0.9020947,2.9118168,3.7240613,2.8341982,1.1851897,2.5841002,2.0723693,3.8157454,2.1231508,3.129033,2.4792473,1.3590182,3.5604274,2.1173232,1.3836563,0.7997048,1.0352545,1.090529,1.1600926,3.5836697,1.2466388,1.7900752,2.9044492,4.0964365,2.9604309,1.3478135
0.8895558,3.0694525,1.5142779,3.2011979,2.8130813,2.8289747,1.0151972,0.8367033,2.1433454,0.8249182,0.9055433,0.7981911,1.1894327,0.7319184,3.7159438,0.921205,2.1340463,2.3572936,3.2478452,1.5703495,1.1228222,2.562444,1.880115,2.298304,5.0045395,1.1912793,4.823595,1.3704555,0.65858173,1.8816093,1.1887811,2.9413254,0.7017486,2.0636709,0.6852332,0.8898185,2.4555264,1.4072874,3.2386773,1.585868,0.8857421,2.0755725,0.8758433,0.882505,2.1323996,3.5742471,2.7677367,1.1719738,1.3899367,2.2161067,0.8443195,2.25098,1.507568,1.3282754,1.5187072,3.1394439,1.2936025,1.6426103,3.4495351,2.900629,1.1387259,2.1967065,0.8659125,1.6313807,1.7033316,2.678138,3.0447538,2.70258,2.2334318,1.258211,4.51634,1.7455065,1.3267349,0.3398246,2.5184944,0.7540126,1.0072047,2.0227845,0.56548494,0.56010675,3.2499545,1.775361,0.6199254,3.2976217,1.0799841,3.8202946,0.647891,2.631348,1.2662989,0.56479436,1.3530782,2.671969,2.779657,0.6812526,0.96740323,2.2252595,1.7660125,1.8763791,2.2090626,2.8553565,1.8961915,2.1523962,2.7051084,0.88619334,0.978512,0.7782377,1.3704334,0.43799457,4.175808,2.7051084,1.9312605,10.288888,2.6765633,2.0112522,0.5166201,0.89102787,1.2164743,1.8210394,2.0741937,2.3008938,1.4594477,1.3594741,2.356553,0.5658086,0.7153555,1.5671749,2.8917484,3.1176941,2.1282256,0.66234994,3.457662,1.3541735,1.3311557,0.98260665,0.7503156,0.6457693,0.9207067,0.8581189,2.329238,1.9729271,2.7021484,0.822918,2.2065763,1.1985965,1.5539916,2.0017722,1.2637675,1.2382634,0.7288807,1.4916804,0.6936159,3.234027,1.0422397,0.6392738,2.5587902,1.3140994,0.46985793,2.6098704,4.177014,2.6598072,3.4153664,2.396522,0.3752511,2.331545,1.8069624,1.3568066,3.1736555,1.1751189,3.707126,2.3134236,0.61273324,1.7413857,0.5859697,0.786072,0.85810435,2.6638424,0.60694456,2.124967,2.1243534,0.7030972,1.2939128,2.5756717,1.3525414,1.9122134,1.6991829,0.795892,0.6237614,3.03623,1.7182711,1.4729966,0.75448865,2.4306824,0.6389738,1.2401189,4.4195833,1.85009,1.1949745,2.103177,3.3058238,3.9662938,1.0650346,0.65686494,1.9924229,1.1709958,1.2426963,3.5905004,2.4587321,1.5738188,1.7605886,2.7232106,1.2632723,2.6528587,1.166746,1.3361182,1.2128325,1.4110311,2.08815,1.3662821,2.4112818,1.1436055,0.8931608,0.41528097,0.7548276,3.868314,2.56084,2.887784,2.0094085,3.4717407,2.3983972,1.5128795,0.7933628,3.1956286,0.6522911,2.1107447,2.7182746,4.8664007,2.4191859,2.5847063,2.6187334,1.9739387,4.169662,1.3744344,3.8049324,1.9387176,3.133791,1.8668064,2.2154162,2.4786248,3.1088626,0.5478628,0.679537,1.5040213,1.7941952,3.5138369,3.3583424,3.2195158,2.908764,2.8180182,0.7548127,1.6115177,2.0401394,3.5896173,1.4860966,2.5297282,0.97223943,0.7099296,0.65494305,2.413162,3.2115998,2.8532531,1.1869246,2.483566,2.416192,3.783359,2.0095506,2.7536824,2.028756,1.3537534,3.2623007,2.1009064,1.441781,0.63309956,1.1744672,1.1824545,0.7928063,3.5674233,1.3912927,1.4664109,3.1825497,3.5901852,2.954549,1.4404194
0.8448833,2.8529232,1.5648186,3.3606973,2.9480872,2.874347,0.7620911,0.43821996,1.9512992,0.54271036,0.67574316,0.51287484,1.7043278,0.47918597,3.90947,1.2828592,2.2794533,2.51241,3.339598,1.9844389,0.7049712,2.346285,2.141579,2.7967052,5.228977,1.1341665,5.2279115,1.7214777,0.6043465,2.0121038,0.7698134,2.815193,0.77182287,2.4930818,0.80637366,1.1240673,2.2324438,1.1278403,3.4023497,1.7190176,0.80749387,2.394181,0.6232378,0.7315749,2.6306422,3.4186447,2.555352,0.7992871,1.4963714,2.0242898,0.6005408,2.5026932,1.7058063,1.2350138,1.4034055,3.2875946,0.879032,1.4189737,3.4905937,3.1213253,1.2573143,2.3305502,1.1315104,1.96229,1.8265595,3.1406186,3.0846212,2.545787,1.989374,0.83778673,4.752687,1.9949675,0.94278336,0.7222201,2.6184254,0.83132684,1.1219244,1.7596371,0.59105927,0.6084146,3.0583155,1.5273688,0.454382,3.4537978,1.0553225,3.774042,0.6909867,2.9991894,1.7703527,0.7792281,1.7613522,2.5432768,2.6484737,0.73585325,0.71832037,2.3597097,1.7690256,2.1427972,2.609092,3.3057091,1.6750138,2.06899,2.532916,1.0048387,0.79321706,0.7012897,1.0161914,0.81565845,4.11841,2.532916,1.6220423,10.62165,2.754934,1.9232609,0.94607884,0.90892583,1.3498317,1.8210942,1.8950951,2.4043944,1.7315977,1.5588515,2.5435321,0.5647661,0.7795392,1.6847211,3.1532154,3.516519,1.9422187,0.33656895,3.536033,1.0082265,0.9194011,0.99394596,0.52165973,0.7813294,0.6030793,1.0799958,2.1953814,1.7811254,2.907573,0.7568063,2.6580372,0.7933243,1.6297263,2.375065,1.0513945,0.82244295,1.1947651,1.2840811,0.60578924,3.4087293,0.96650493,0.8134981,2.3971252,1.10957,0.793882,2.6693063,4.178872,2.6078715,3.5436366,2.77117,0.40025052,2.822372,2.3039937,1.3982483,3.2272701,1.5966816,3.8865142,2.4373944,0.66373605,2.157635,0.48319125,0.57333344,0.4981749,2.894493,0.6148362,1.8623279,2.4162567,0.47419447,0.8724817,2.3394418,0.9482724,2.1478772,1.8943477,1.0506103,0.65145946,3.05796,1.6478014,1.8011887,0.5893957,2.6282122,0.5309183,1.4224524,4.4107223,2.0301414,0.7553005,2.553207,3.4581172,4.0216923,1.3302479,0.37363142,2.4764106,1.2780737,1.7155851,3.7689312,2.7369244,1.9446305,2.2188342,2.512013,1.3240895,2.7042768,1.1240158,1.2592595,1.2972904,1.9065586,1.9557005,1.6520001,2.7005599,0.698292,1.1913762,0.22612739,0.31489533,3.9166842,2.5074525,3.07091,2.3175175,3.487464,2.2355556,1.2939355,0.36113808,3.197938,0.9969854,2.1079206,2.956225,5.278091,2.5026739,2.6158807,3.081062,1.88135,4.3826675,1.0292195,3.9299657,2.331023,3.4785388,2.242744,1.9736267,2.6642501,3.0152462,1.0317996,1.0633844,1.3557762,1.9990442,3.4483986,3.3608336,3.3565326,2.7418334,3.1457787,0.52141905,1.9226357,2.4630747,3.754995,1.3912348,2.4988434,1.2415506,0.5592574,0.7141774,2.7525976,3.678132,2.7978659,0.94229925,2.6443124,2.4047284,3.732724,2.1234596,3.0446138,2.519297,1.4845219,3.3350601,2.1121995,1.4594909,0.8004767,0.7678818,1.1907061,0.91097325,3.6087987,1.0076753,1.9590647,3.1937528,4.0157037,2.8007216,1.3888786
2.0524075,4.211557,1.8359987,2.9254715,3.2841733,3.516632,2.1341128,1.8414509,3.2778323,1.2933246,2.009477,1.8900739,1.1947118,1.8357058,3.9213529,1.674606,2.159754,3.104934,3.9838712,2.003929,2.1472905,3.7065349,1.9261029,2.5685275,5.8168516,2.0322435,5.3272524,1.6862185,1.7797194,2.61057,2.2053123,4.0835896,1.8467695,2.1875286,1.8284893,0.9465688,3.5602288,2.5166073,3.313619,2.1328657,1.8784962,2.2989767,1.987689,1.9956204,2.4680812,4.660527,3.868497,2.230655,2.0844042,3.3332157,1.9475108,2.31931,1.6965255,1.0947354,2.3569424,3.3208773,2.252679,2.7678626,4.1185718,3.4765496,2.1164587,2.515977,0.921433,1.7463841,1.606209,2.9961257,3.9313943,3.779846,3.3494484,2.2647934,4.360179,1.8950264,2.37673,0.9962048,3.3476012,1.8932477,1.9246786,3.151946,1.7387748,1.7319564,4.3442364,2.9213428,1.7405467,3.4317434,1.8879992,4.791782,1.809505,2.7208824,1.289842,1.5668994,1.8565139,3.7294462,3.8436592,1.8375591,2.0655718,3.0081625,2.736377,1.8594345,2.567563,3.1129332,3.0336597,3.2737482,3.8328922,1.9822448,2.038449,1.8246427,2.442003,1.4325988,5.187604,3.8328922,3.014041,10.847356,2.983122,3.032048,1.4850571,1.9136837,2.049787,2.6448736,3.1910133,3.0014834,1.7792939,2.0359247,2.4672136,1.7368506,1.878123,2.3079014,3.6469374,3.5949795,3.2396376,1.3003277,4.174423,2.4344695,2.3326597,1.8334597,1.8603771,1.7797947,1.9774699,1.0798075,3.0629642,3.1204367,3.4583046,1.9832313,2.5482726,2.194998,2.2870963,2.5125535,2.2917247,2.2129498,0.70043135,2.5615382,1.8557281,2.9916294,1.866853,1.5720083,3.6327665,2.3894155,1.3869474,3.2750983,5.0111513,3.513736,4.19108,3.0061638,1.5106666,2.5804818,2.0190213,2.1511786,3.8386323,1.602431,3.700528,2.8953364,1.7806355,2.2841187,1.6999507,1.9149727,1.5752352,3.2662609,1.7795705,3.2518315,2.9457133,1.815088,2.275888,3.6674218,2.3667288,1.8982574,1.8961843,1.6781577,1.7926006,3.8117473,2.5908349,1.5656757,1.2425784,3.1897354,1.7331133,2.0412846,5.1715584,2.5816891,2.173818,2.4531245,3.9782562,4.7225814,1.081372,1.4453125,2.1999097,1.858062,1.1219853,4.040351,3.1284876,1.6243641,1.6778048,3.834901,1.9281423,3.057665,2.0007102,2.1386156,1.8588176,1.6090639,3.213804,1.479949,3.0118866,2.1164207,1.6240718,1.3703626,1.5157918,4.954988,3.5447183,3.7019877,2.439445,4.211076,3.48273,2.6439517,1.7847068,3.9546287,0.9601339,1.6320674,3.3133295,5.350493,3.2694638,2.8471432,2.875671,2.534662,3.9551127,2.4566967,4.500833,1.5778728,3.8315725,1.810661,3.3202257,3.2517054,4.0769563,1.3022151,1.4374887,2.4824893,1.8353926,4.497411,4.1275525,3.8764422,4.0315332,3.104164,1.8703612,1.5343288,2.04225,3.3874683,2.3167772,3.3830774,0.7663845,1.1537322,1.7654015,3.0436702,3.545206,3.7248116,2.312533,2.9339948,1.985447,4.756859,2.8558097,3.4989061,2.3471215,2.0311892,3.6191797,2.9178226,2.1758935,1.6132252,2.207776,1.915772,1.8979064,4.236771,2.4356048,1.4916998,3.005332,4.040823,4.054495,2.242509
3.3304858,4.208572,1.4373192,1.8529197,1.747937,2.1702514,3.0804749,2.9224567,3.485316,2.5401263,2.9287302,3.0784838,3.012542,3.035698,1.91322,3.5592341,1.1216532,2.5633087,2.7505493,4.188627,3.2102463,4.010443,2.0424583,4.203308,7.0617223,2.8550887,6.505872,3.9441948,3.1428165,3.727957,3.1953156,4.4170966,3.348499,2.4652832,3.3417702,2.3651593,3.5757709,3.675972,5.2944365,2.463876,3.0897875,4.158514,3.0083563,3.1399982,3.7332544,4.235421,3.6898074,3.2428193,2.9812744,3.414677,2.9578917,2.254717,2.4331284,2.889027,3.1676948,1.2042505,2.9595096,3.6230054,2.550204,2.7456102,3.4926512,2.5674064,3.465899,3.6498294,3.3894024,4.785297,3.0859942,3.7599378,3.7804403,3.1733859,2.4810345,2.3789425,3.3293402,3.103023,4.0962453,3.4084854,3.2492607,3.625027,3.1020954,3.1206248,3.9692268,3.7543402,2.9503024,1.2479744,3.2587476,4.8639073,3.2432034,2.2520156,2.979579,3.0171037,4.021992,3.803954,3.883539,3.2944205,2.935293,4.1078663,4.344904,1.4947186,4.4026265,5.1033626,3.4540641,3.911468,3.7623124,3.56202,3.176534,3.0758872,3.448978,2.9392285,5.0841303,3.7623124,3.3507795,11.235922,1.3003716,3.5642774,3.2042856,3.283126,3.3311768,3.58283,3.505286,3.3106616,3.270783,3.6036503,2.019601,3.0660353,3.289596,3.3402426,4.234828,5.4304624,3.5090096,2.6948106,2.848988,3.4664533,3.153825,2.8706596,2.9820383,3.3154666,2.902098,3.3925989,2.3726723,3.7862797,3.3374493,3.3329275,4.5645065,2.9789908,3.3391633,3.8155632,3.7161958,2.9873574,2.9936256,3.2317936,3.1366446,1.8321954,2.8909473,2.9461265,3.7116644,3.7947226,2.8075044,2.5112197,3.6513395,2.5338707,3.5380635,3.3753846,3.0407722,3.428788,3.0123494,2.4279165,4.4848413,3.8620307,1.5173849,2.140624,3.1929076,4.208973,3.0391285,3.1438518,2.5762422,3.6292093,3.091518,3.6349018,3.371812,3.0178268,3.0877538,3.526565,3.1985352,2.0508847,1.4121537,3.3090713,3.1908395,2.9398775,3.4766285,2.5827603,2.4734373,4.4879317,3.051013,3.4075978,5.5814786,4.080901,3.092898,2.97107,2.9886377,3.3267572,3.3884604,2.6340203,2.9752374,2.0960364,2.5769618,2.3411922,3.6774545,3.0834773,3.458998,3.857416,3.3482432,4.3735046,2.8312862,2.9732833,3.0705101,3.2669413,4.110827,2.389337,2.6088629,3.051136,3.2674685,2.8117065,2.8627238,5.599953,3.9485815,3.1935854,2.7442124,2.7229376,3.5502186,3.2025688,2.931007,4.6123247,3.3777976,2.2561114,3.8414485,6.567609,3.857543,4.606279,4.702693,2.0278797,2.0055926,3.465783,3.283459,3.1764512,4.7952003,3.688121,3.4464598,3.6929462,4.218947,3.2619157,3.4600427,3.140375,2.1397767,4.639648,4.6777625,2.628089,3.866439,2.3148987,3.0008173,2.370627,3.900864,1.8430688,3.1491628,2.5357952,2.251433,2.4964964,3.3480616,4.2992563,5.1751723,4.218639,3.121385,1.7036945,2.1239002,4.833801,2.5512962,3.530663,3.3162203,2.7268884,5.172534,3.7897747,3.1390903,3.0394063,3.254068,2.9587455,3.4490077,4.887546,3.311112,3.019944,1.540521,5.652004,3.9813924,3.158412
0.8205518,2.4323943,2.2675934,4.170962,3.3988223,3.159047,0.77790236,0.79936284,1.6440094,1.3313334,0.8650143,0.72566646,2.2795198,0.7598893,4.4955688,1.584422,3.045842,2.742209,3.538966,2.1001918,0.50712687,1.8291528,2.9048514,3.0407012,4.7949963,1.5796669,5.2449546,1.8524988,0.9026193,1.8556947,0.66710806,2.2751594,0.80387634,3.1199374,0.91257316,1.8501891,1.8760073,0.5568661,3.2575908,2.3148654,1.1649663,2.7677815,0.76868165,0.89626896,2.9509685,3.0571117,2.2214425,0.50988567,1.9716893,1.743414,0.8248697,3.2284927,2.4433043,1.9688565,1.6859826,3.9101224,0.97147584,0.8659224,3.7153318,3.3917773,1.418759,2.952055,1.6619068,2.4795454,2.118076,3.2444093,3.2323852,2.374313,1.4648547,0.74768364,5.485759,2.720936,0.68731546,1.3099725,2.3385513,0.82427526,1.4576269,1.2892436,0.8507897,0.8523278,2.7173927,1.0145527,0.85609764,4.089894,1.4307973,3.6542768,0.7978842,3.6478798,2.3292153,1.2863263,1.896156,2.4094791,2.4932284,0.80006176,0.8592757,2.089093,1.179397,2.9044595,2.8618426,3.43727,1.375074,1.8159297,2.2058969,0.89560837,0.9654547,1.061467,0.66525286,1.3699632,3.9511378,2.2058969,1.360496,10.631983,3.259884,1.9030168,1.337191,1.1596929,1.6785153,2.0076573,1.6888278,2.7380416,2.2904167,1.8775873,3.2660124,0.85900974,0.874029,2.0293443,3.0519142,3.4505508,1.5675229,1.1532073,3.7138941,0.6218457,0.84559023,1.4989285,0.806516,0.88041425,0.8366056,1.4571558,2.3201897,1.2433255,2.9738207,0.7227753,2.7972207,0.8604683,1.9747277,2.4669113,0.3680686,0.90282637,1.8515763,1.263437,0.78181463,4.21052,1.4598908,1.3641083,2.2347176,0.39540392,1.4323256,2.8503194,4.1938543,2.7270365,3.5653548,3.0023131,0.9270105,3.2360518,2.816069,1.6854221,3.3815703,1.817672,4.5776896,2.7652276,0.8272014,2.2951078,0.8962085,0.7060628,1.1197144,2.9271705,0.8717563,1.494159,2.5191607,0.7787918,0.86847204,2.0803742,0.82985055,2.9285069,2.605906,1.430721,0.8073631,3.3299897,1.8090196,2.5333893,1.4330417,2.6688223,0.9277215,1.7458824,4.4049597,1.8000925,0.76822317,3.0062392,3.6391304,4.1268253,1.718311,1.1674944,2.9939873,1.7978983,2.4233723,4.201167,2.7676542,2.6013072,2.8121657,2.082639,1.7297968,2.4947255,1.5883654,1.6623785,1.8050299,2.3296373,1.3251717,2.4175298,3.0738242,0.7627888,1.6471876,1.0436665,0.9045727,3.5191789,2.459007,3.1940832,2.653077,3.6585264,2.083188,1.0791166,0.75539416,3.2489915,1.5090603,2.9302163,2.9474926,5.2935257,2.2651908,2.3996918,3.3155541,2.1934273,5.1410613,0.64179367,4.077375,3.0470169,3.385405,2.801135,1.6368042,2.5872293,2.9398584,1.4561497,1.4230707,1.5125843,2.7725666,3.321926,3.4081457,3.619035,2.4084375,3.6810095,0.7712328,2.7054114,2.732373,4.53832,1.6957805,2.6168015,2.053564,1.4061912,0.88940895,2.6900957,3.7853565,2.8036392,0.8436693,3.118157,3.2197838,3.6112626,2.436986,3.1659632,2.9319289,2.021859,3.0316107,2.2499495,1.8600601,1.2913378,0.59612566,1.6853065,0.8658703,3.7108464,0.7794493,2.5926042,3.964153,4.0103235,2.5659611,1.7291737
3.3484054,4.5143547,1.9119432,1.6667373,1.6891775,2.3586988,3.326515,3.2629673,3.7629497,3.0109444,3.1750996,3.3029578,2.4170592,3.240509,1.3497598,3.161819,1.2685678,2.3524556,2.6513844,3.5839639,3.6077929,4.3203573,1.513763,3.1671815,6.305547,2.9310665,5.160575,3.5923572,3.1957438,3.6595519,3.597152,4.560188,3.3214097,1.248257,3.262943,2.4816496,3.9781234,3.9104648,5.1393156,2.2572467,3.1508372,3.4562914,3.249516,3.2583494,2.6652863,4.5644245,4.0936384,3.6172063,2.7834785,3.7316601,3.1948574,1.5792038,2.1810884,3.2332969,3.261195,1.1528136,3.4516873,3.888426,2.7497132,2.2976928,3.27203,2.2519143,3.3224638,3.072511,3.546463,3.7796783,2.9318743,3.9232013,4.1507416,3.6024363,1.7211618,1.9084966,3.7067037,3.0527885,3.9880548,3.3566277,3.0813267,3.98686,3.1441472,3.1509016,4.35913,3.9915445,3.1151063,1.1379918,3.2451897,4.657824,3.2536595,0.7156018,2.3741024,2.9055655,3.4896998,3.8840199,3.9669065,3.2859523,3.208029,3.9524667,4.2806277,1.1070013,3.5040472,4.0438423,3.7267914,3.8648927,4.031871,3.4528654,3.3175616,3.142716,3.78141,2.7629197,4.9092765,4.031871,3.7859855,9.8209095,1.8450577,3.5528045,2.9449122,3.230647,3.0887911,3.4269903,3.6979346,2.924926,2.8110502,3.2394607,1.5842865,3.1254113,3.25154,3.0488443,3.6678796,4.4553094,3.8244722,3.077358,2.8321054,3.7862272,3.5996747,2.879366,3.1882417,3.258603,3.2224193,3.3788254,3.0755906,4.016805,2.9454165,3.378336,3.6677856,3.42931,3.1216128,3.2308114,3.9260738,3.4544866,2.7305632,3.4375138,3.226025,1.5289884,2.9914799,2.8547819,3.8732045,3.9624417,2.678695,2.7235575,3.7938979,2.9004056,3.321192,2.4746406,3.107372,2.215074,1.9714161,2.6546042,4.0773487,3.3908129,1.1757507,2.207217,3.2060854,3.4639835,3.143018,3.312053,3.0754917,3.288293,3.133356,3.969561,2.7634845,3.2100253,3.5492852,3.9397097,3.6316948,1.6290504,1.4202334,3.059881,3.2171443,2.8218906,3.4499874,2.046093,2.842317,3.860891,3.1519408,3.091612,5.2352753,3.876366,3.5401502,1.8586813,2.725818,3.3416042,3.3231537,2.9664812,1.8278847,2.272391,1.9864208,1.8662598,3.1792312,2.4245148,2.5915647,4.2372575,3.214698,4.488488,2.8955119,3.0514472,2.9429708,2.615979,4.238754,2.0154636,1.8163043,3.4980998,2.944151,3.0157897,3.280798,5.161893,3.8255386,2.72782,2.3212123,2.9427576,3.7358541,3.4834104,3.2803063,4.307771,3.2186747,2.7098894,3.4751148,5.2128687,3.8012564,4.7364163,3.6047578,2.752367,1.4805975,3.789721,3.0683818,2.4114249,3.9328535,2.965471,3.8575401,3.418446,4.171318,2.970666,3.1655762,3.2781274,1.8444761,4.492702,4.363614,2.3909347,4.1405206,1.0961665,3.2105749,1.8564092,3.3057427,1.5712463,3.2162704,2.8483887,2.2900586,2.8703947,3.3087316,3.6566079,3.9921734,4.0728235,3.3851166,1.6039733,2.6574912,4.6405263,2.311925,2.777598,2.2207713,2.5289211,5.1803446,3.573912,3.0519533,2.9418201,3.6290371,2.9434354,3.3755584,4.4714575,3.7074168,2.1756725,2.21354,4.4973307,4.1348534,3.1646864
1.2768253,3.4453816,1.863865,3.3521369,3.339343,3.3707604,1.3543928,1.0544912,2.5579658,0.79673356,1.2797166,1.0749087,1.5295869,1.0435531,4.180111,1.2067382,2.4322991,2.9589438,3.830616,1.7951488,1.2973913,2.9393127,2.1637726,2.6843545,5.407152,1.4474351,5.218878,1.5249978,1.006011,2.2884374,1.344759,3.3703325,1.1181073,2.5334473,1.1127384,1.1300763,2.8600163,1.6162323,3.2742686,1.9152862,1.143932,2.1337135,1.2230536,1.2114452,2.6043959,4.038421,3.1841311,1.39664,1.6546663,2.6428506,1.1966451,2.5271325,1.6965058,0.9095751,1.698149,3.5640233,1.4682089,1.9763385,3.9955964,3.4961574,1.4512352,2.4356859,0.5735805,1.6625848,1.7184004,3.0175447,3.580869,3.078507,2.5863826,1.4144907,4.850557,1.996554,1.5017374,0.5310353,2.9802022,1.1577104,1.3023008,2.3628528,1.0298809,1.03105,3.6863148,2.0624194,1.0030556,3.712112,1.1933671,4.15492,1.0867801,3.0894685,1.6323483,0.97392315,1.5895702,3.03738,3.1483,1.1113515,1.3322593,2.64332,2.0163517,2.238076,2.4187522,3.0907557,2.2650206,2.519633,3.1408167,1.2765762,1.2349157,1.0767754,1.5507659,0.9636609,4.544689,3.1408167,2.2263627,10.708318,3.1177275,2.3348458,1.0188272,1.1741775,1.4829482,2.0258112,2.447076,2.6281576,1.5878206,1.5320423,2.6297302,1.0240208,1.1494396,1.8187685,3.447551,3.4282942,2.551919,0.67217535,4.0342603,1.5426034,1.4944724,1.2583227,1.098762,1.0938485,1.2261312,0.8118419,2.7541103,2.3445528,3.3065345,1.1902188,2.4730513,1.4046208,1.7630365,2.4673572,1.4576857,1.4164827,0.8845407,1.7937871,1.0932764,3.4175832,1.2434868,1.0036919,2.9191077,1.5184852,0.9470968,3.1444678,4.739444,3.1814606,4.0120993,2.999327,0.765089,2.8307767,2.2887735,1.8720901,3.3569784,1.3687042,4.076066,2.8589435,1.0687107,2.0377324,0.9345356,1.105562,1.003625,3.192866,1.0653677,2.447085,2.7424436,1.0364743,1.4509006,2.957211,1.5202328,2.1439502,2.1064136,1.1032829,1.0702306,3.48769,1.9132612,1.710933,0.79369265,2.6927385,0.9637755,1.5096637,4.6078143,2.2076116,1.3374121,2.649224,3.9031203,4.5431237,1.0669874,0.8132229,2.484843,1.6870176,1.5767522,4.135807,3.0165102,1.7412982,1.928119,3.13017,1.3483869,2.8433642,1.4302368,1.5368727,1.3715439,1.815204,2.448745,1.6022711,3.0158265,1.2894691,1.1666858,0.6675285,0.80479467,4.280109,2.8818293,3.51065,2.5491028,4.0189543,2.7795637,1.9031544,0.9950666,3.3779993,0.5625422,1.9295683,3.228704,5.258598,2.9035757,2.6167824,2.88082,2.3569849,4.4689665,1.5677273,4.401013,2.0026805,3.6552775,1.9114872,2.6024709,3.0240855,3.4127321,0.95440394,0.9349245,1.7805269,1.9984138,3.836488,3.5600586,3.8063078,3.352479,3.356136,1.1051172,1.8178246,2.299927,3.8059356,1.6732295,3.063701,1.1459985,0.7337954,0.98465836,2.8860233,3.5682805,3.0825756,1.5431368,3.0119398,2.2818706,4.1156397,2.556494,3.3774369,2.536068,1.6821711,3.399565,2.3123095,1.633908,0.9983356,1.3344034,1.3711418,1.2095366,3.7346153,1.5700111,1.7770375,3.2726862,3.9463766,3.345894,1.6265805
2.4625955,4.451782,3.3469186,4.532287,4.134276,4.2561607,2.8600042,2.8627713,3.6594276,2.901631,2.823238,2.7133434,1.5823586,2.6640062,4.8753834,1.7262883,3.7106292,3.4647453,4.420642,0.737662,2.9774654,3.883953,3.2016194,1.1475387,4.02674,3.0094712,3.692218,1.0526012,2.4668336,2.3513868,3.0845404,3.9252546,2.1820283,2.6745288,2.1561441,2.4403982,3.963283,2.926854,2.4857237,3.1724687,2.69054,2.2274144,2.775612,2.68677,1.5851685,4.8259215,4.2560134,2.9708521,2.9020824,3.7499392,2.776496,3.4643807,3.0021594,3.0052295,3.225923,4.5115047,3.2960486,3.0604851,4.762197,3.6968935,2.3998442,3.624943,1.859571,2.1691742,2.3366086,1.0901002,4.3631225,4.1854234,3.6382122,3.1699214,5.511698,3.073187,3.141027,1.9303339,2.8777964,2.1649177,2.4869368,3.547092,2.3398628,2.30285,4.65071,3.2434497,2.5849047,4.6333895,2.7053347,4.8783565,2.2569323,3.3672152,1.6263039,2.3015096,0.92755264,4.1044235,4.1928163,2.2274745,2.8779597,2.4367437,2.2399023,3.203406,1.7599571,1.2938174,3.4856913,3.387748,4.1134167,2.0384538,2.7852726,2.6145585,3.1046865,2.1429756,5.229215,4.1134167,3.685434,9.543202,4.133516,3.4613397,1.8311127,2.4941514,2.5552762,3.1571658,3.627737,3.5430458,2.4822638,2.361964,3.7443993,2.3868105,2.2675664,2.8513467,2.8083534,1.5727972,3.5576901,2.7472453,4.6128488,3.0660682,3.2531066,2.7858794,2.689312,2.1055183,2.9016917,1.8052317,3.974985,3.2869258,3.298793,2.4230738,0.83138674,3.1785023,2.9146497,1.6779311,2.5815551,3.2286081,1.7710499,3.2304888,2.4801254,4.5324383,2.9020846,2.4087338,4.0611577,2.6133194,2.284322,3.8248987,5.3490915,4.195908,4.163388,2.5739758,2.3357093,2.0746274,1.9662741,2.9154208,4.091617,1.0077931,4.9572263,3.5609384,2.2726266,1.1832247,2.5076628,2.6254852,2.940428,2.9262094,2.3894444,3.7127974,2.5981967,2.6384656,3.249878,4.194763,3.2500837,3.2766392,3.2346385,2.1323204,2.2998204,4.4940004,3.215311,2.6604671,2.8499641,2.779997,2.5437388,2.4405704,5.2723722,1.9314283,3.1520054,2.3546765,4.204317,5.075185,1.7399645,2.797117,2.1668704,2.8806155,2.0611365,4.690813,2.6053388,2.3858926,1.9288237,4.1060376,2.6916866,2.8177207,2.9852812,3.1029446,2.7673492,1.4035821,3.095496,2.7567506,3.2475603,3.118108,2.1318169,2.5401149,2.7602954,4.2087197,3.8207376,3.7061586,2.6282923,4.8154,3.939555,3.1926978,2.8187296,4.167903,1.740481,3.733499,2.8258169,3.6605716,2.9701304,2.6191924,1.5120666,3.6571445,5.2717276,3.086539,4.722401,2.4528184,2.4682932,2.168814,3.7965271,2.8773012,4.405957,1.628081,1.6942307,3.2432635,3.2448275,4.643506,4.332536,4.310648,4.282071,3.5758586,2.6789908,2.8270454,1.2667866,4.890576,3.1806264,4.016681,2.5037198,2.777843,2.230909,1.854573,1.7026011,4.0597105,2.97368,3.784391,4.0599856,4.855804,3.4231966,3.1073096,1.92152,2.935358,2.9639733,3.3135972,3.0051043,2.3596663,3.0308313,2.8933973,2.0651278,4.4027824,3.2213373,1.9260008,4.8636217,2.1222851,4.360787,3.0852814
1.2926933,3.0353558,1.7523649,3.349621,3.2646434,3.1863241,1.1000787,0.7163289,2.2140553,0.56754094,1.050696,0.87833333,2.1812594,0.8923649,4.1534476,1.7099005,2.4022794,2.9639845,3.708106,2.480769,0.92051136,2.6085072,2.3068588,3.343739,5.760433,1.2493968,5.7103662,2.220165,1.0325919,2.5557415,0.88612723,3.1634054,1.316925,2.9054494,1.3328509,1.4795883,2.4768715,1.3733952,3.8032942,1.8710283,1.0486392,2.601366,1.0092858,1.0751536,3.183768,3.6957994,2.7813797,1.0623033,1.6502981,2.2887084,0.9825372,2.642222,1.8030181,0.9625021,1.4249506,3.491908,0.90227646,1.7599087,3.807281,3.5926175,1.5854511,2.3847506,1.3647276,2.152598,2.1625364,3.6880198,3.3635504,2.6908739,2.2605608,0.9149593,4.905241,2.1404965,1.0637629,1.1916391,3.1523304,1.3610107,1.4076555,2.0000417,1.1457522,1.1728008,3.2905457,1.7594018,0.9337732,3.6515841,1.1685805,3.8946724,1.2450919,3.3483858,2.2612123,1.1929101,2.2604358,2.685039,2.7914515,1.2840399,1.0713245,2.9082758,2.219607,2.3975728,2.9704022,3.7685287,1.905427,2.3155603,2.784961,1.5382186,1.035882,1.0150363,1.1610115,1.3010314,4.2591667,2.784961,1.7386894,11.012146,3.0175545,2.0774412,1.4875699,1.2205069,1.5931771,1.9183655,2.090595,2.5506775,1.9026206,1.788258,2.6362395,1.1082333,1.2961894,1.8579009,3.7413104,4.0377584,2.2639143,0.5358366,3.9031227,1.1778282,0.9667318,1.1824312,0.939664,1.3478155,0.91281635,1.4827044,2.4600723,2.1111631,3.438925,1.2249275,3.149388,0.9051053,1.7586998,2.9733431,1.430355,0.8780071,1.5957699,1.4443474,1.0954624,3.4261801,1.0685112,1.1677136,2.5337424,1.4648651,1.223984,3.0726852,4.510634,2.902361,4.016623,3.3347726,0.93713045,3.354278,2.8058074,1.8528535,3.276485,2.0800617,4.0469365,2.8461988,1.2218503,2.6323767,0.93198335,0.9875254,0.7004168,3.453435,1.1440346,2.0269578,2.9798303,0.91035295,0.9056355,2.4995227,1.0066427,2.2655826,2.1633704,1.4246082,1.2036595,3.2234333,1.7144775,2.0082426,0.65171045,2.9004667,0.9342908,1.6913185,4.428107,2.5851345,0.8170907,3.0676296,3.8978074,4.380804,1.7352579,0.59466743,2.968801,1.692031,2.1154664,4.09188,3.3218417,2.165743,2.5238564,2.7735126,1.4184892,3.1294372,1.2498027,1.3119028,1.4083892,2.447815,2.3397532,1.8346578,3.160486,0.7781935,1.5268072,0.70696616,0.60751617,4.2556906,2.6455975,3.5419736,2.8495884,3.794856,2.3981378,1.592577,0.6866081,3.2381296,1.3561469,1.8763258,3.5238886,5.768882,3.0280805,2.9723287,3.519181,2.1460576,4.5069027,1.1968405,4.343704,2.514588,4.075155,2.4474916,2.2069702,3.2243745,3.0950773,1.561448,1.5126492,1.4649247,2.0867538,3.5597994,3.4057493,3.743147,2.9957497,3.5483646,0.9529071,2.0941768,2.9851866,3.7816339,1.4282161,2.8275473,1.5148079,0.6872166,1.1787516,3.354986,4.2099776,2.8475754,1.2584547,2.991544,2.1648438,3.8503997,2.4564378,3.5895712,3.053077,1.6718173,3.7523415,2.2089887,1.542335,1.176785,0.91770726,1.2849582,1.4675683,3.644077,1.1002742,2.3392358,3.055351,4.5408254,2.9655719,1.4475336
1.3273399,3.0707169,2.0935996,2.9638016,3.2044368,3.2119067,1.5096817,1.4659458,2.3664796,1.6954775,1.4839039,1.3616587,1.9789709,1.3553609,3.8221948,1.020598,2.328343,2.900937,3.5826373,2.0473783,1.7697433,2.8881843,1.6737919,2.6844552,5.2757683,0.769105,4.4605775,2.3376245,1.1210544,2.9999828,1.6319864,3.3154063,1.4801712,2.296716,1.3274156,2.046038,2.8122885,1.7734792,4.391813,1.030811,0.84486896,1.2343086,1.4826348,1.1784208,2.5175664,3.8854654,3.031278,1.8293595,0.47924587,2.4934318,1.4323441,1.8014178,1.0570085,1.63702,0.8022302,3.3608112,1.6511652,2.2415752,3.871286,3.4971347,0.758491,1.4008248,1.4413934,0.9635745,3.0270963,3.0437734,2.8559957,2.348264,2.7283237,1.6517875,4.45647,1.2922534,1.6727521,1.54708,3.47197,1.4514531,0.5657756,2.4063334,1.3924587,1.4207408,3.4883215,1.986196,1.3371868,3.5092943,0.52333915,2.956206,1.4691632,2.720448,2.103084,0.8740251,1.877992,2.1872756,2.3046806,1.4711341,1.537198,3.2282176,2.4611373,2.2698743,1.70408,2.8193765,2.0485477,1.813391,2.8521101,1.5805169,1.0839692,0.9531761,1.6715382,1.059115,3.4165828,2.8521101,2.080317,9.547683,3.3349662,1.4089652,1.2732441,0.81204367,0.41092852,0.75120735,1.951162,1.285984,0.5544718,0.41497904,1.9361469,1.3627654,1.3313723,0.4427912,3.5938144,3.265162,2.6336699,1.6039728,3.8684514,1.6887956,1.6555218,0.6847654,1.3767539,1.4946126,1.5091413,2.0631597,3.137686,2.4351566,3.3756607,1.3860146,2.3737416,1.6532215,0.38827008,2.9069483,2.0779982,1.6323131,1.6605626,1.3730214,1.3476974,3.0043223,0.7384558,0.78589404,2.1834378,1.948584,0.99631274,3.405751,4.5233583,3.0712497,4.017911,2.8561087,1.2464007,2.6996915,2.2207966,2.3317015,1.9020557,1.7990465,3.804129,3.058227,1.4409977,1.7826157,1.1776389,1.3610892,1.8120286,3.6202486,1.3348148,2.2050142,2.6142735,1.3546597,1.6420422,2.6531131,1.6628308,1.6629769,2.2188754,0.7270338,1.4379413,2.5447526,0.824465,1.1593673,1.4657226,1.503859,1.116232,0.43212694,3.2124496,2.871463,1.6355251,2.4746432,3.833508,4.347282,2.284529,1.3834075,2.339531,2.033745,1.8718907,3.7730834,3.294072,1.0737829,1.5141014,3.1093683,0.23262264,3.9128487,0.7592092,0.7133534,0.29244027,2.2642095,2.634757,1.1796644,2.6837783,1.6322757,0.61453277,1.3327205,1.7778585,3.4673529,1.7681938,3.2206028,2.9431443,3.835263,2.1360335,1.9030209,1.532272,1.9905968,1.4744303,2.1610003,3.6903577,4.547014,3.3660655,3.8241177,2.406759,2.9189546,4.199028,1.702695,4.2508755,1.6452523,3.5868063,1.2948412,2.5744193,3.358143,2.286423,1.4419653,1.1600959,1.0936277,1.474041,2.6753523,2.1673274,3.586375,3.0628164,3.0622087,1.4182979,1.4273757,3.0330987,3.37999,0.74712366,3.0172765,1.8972418,1.5994098,1.1692241,3.1696224,3.3230376,1.812979,1.6372575,2.9860454,2.3754756,2.9231887,1.937559,3.1538298,2.405216,0.7205641,4.453684,0.98467743,0.45173007,0.80574816,1.6353759,0.5106522,1.6117988,2.295524,1.6831619,1.5565579,3.022801,3.5992622,2.6461287,0.6113963
1.8385499,3.771731,2.021679,3.4745355,2.755763,2.9409928,2.0778394,2.0500424,2.8635526,1.9670056,1.9720911,1.973855,0.46954837,1.9002035,3.5683906,1.4386886,2.432113,2.2153156,3.1895223,1.2249122,2.2481627,3.2061048,2.1782656,1.2884091,4.494234,2.2534568,4.2202396,1.0264405,1.7904468,1.619958,2.3687396,3.3365257,1.556466,1.5539775,1.554573,1.237307,3.116865,2.40996,2.7143404,2.2762868,2.0293565,2.384499,1.9667884,1.989902,1.1277837,3.975812,3.3988626,2.234955,2.2413774,2.900216,1.9525445,2.5305681,2.15527,2.3606124,2.598769,3.139592,2.476175,2.399387,3.451734,2.4465325,1.9723202,2.80096,1.5716172,2.0452302,1.5934474,1.7519252,3.3545573,3.4824748,2.9170446,2.4388647,4.33765,2.192439,2.4687161,1.2131504,2.223287,1.5855511,1.9419111,2.8229003,1.5753307,1.5417482,3.790178,2.6795871,1.7713498,3.2664778,2.1889174,4.468045,1.5623088,2.2349653,0.37658888,1.5921476,1.152984,3.4535182,3.5467076,1.5651401,2.0229244,1.9031205,2.1132581,1.8898361,2.1298907,2.2466738,2.7458842,2.8978782,3.3172128,1.5471181,2.1284635,1.9296348,2.4858322,1.3368782,4.7751565,3.3172128,2.9075553,9.86945,2.6767545,2.8812456,1.1425567,1.9395584,2.071112,2.7233016,2.91737,2.92592,2.0674653,2.093842,2.7336469,1.6098601,1.6239643,2.3598747,2.2185557,2.4592578,2.728498,1.864292,3.3645291,2.4537134,2.509162,2.0436418,1.8881373,1.4521794,2.0527093,1.2531261,2.7027771,2.6416094,2.2463706,1.8000242,1.6209587,2.3594067,2.4250271,1.0472184,2.0818717,2.4215496,0.9585131,2.5268743,1.7510098,3.4568994,2.1761816,1.6811948,3.3759477,2.1726394,1.436286,2.5114625,4.194437,2.9714453,3.0836744,1.6585976,1.5956092,1.3277296,0.96221256,1.6521361,3.8606963,1.0622424,3.6477258,2.18029,1.5504498,1.5191529,1.7718499,1.9102204,1.9589581,1.976515,1.6286417,3.0174346,1.6911033,1.8625419,2.4838777,3.352465,2.5217826,2.2841558,1.8621354,1.6422186,1.5787724,3.5243578,2.7142704,1.8512021,1.9122124,2.8302813,1.8251545,2.0134268,5.1142454,1.556125,2.3948898,1.318794,2.9906452,3.8745332,1.1342316,1.8977195,1.1785357,1.5605208,0.91522604,3.404722,1.7406614,1.8709213,1.6649992,3.307406,2.2564168,2.364485,2.220349,2.4097693,2.180953,0.13377038,2.6004713,1.8553241,2.0771754,2.3450115,1.647875,1.7004201,1.9100907,4.133646,3.3321216,2.647998,1.3033007,3.5458531,3.203413,2.3786988,2.003673,3.947961,1.3268105,2.8632853,1.9888248,4.222339,2.1875267,2.4312277,2.1137695,2.3238876,4.0513425,2.4691513,3.5348566,2.0169256,2.3489263,2.0762124,2.9517055,1.9988415,3.8966916,0.9683748,1.3162019,2.5468156,2.2927566,4.2141967,4.0893292,3.0522084,3.4780374,2.3557658,1.8793869,1.9372176,0.9170668,3.7666442,2.552618,2.7876472,1.3515296,1.8244126,1.681187,1.5887301,2.3500247,3.6795173,2.181702,2.383299,3.1402957,4.441058,2.3642735,2.2117152,1.1042413,2.141052,2.8846838,2.940346,2.4143276,1.6770396,2.3410807,2.224885,1.481269,4.248145,2.5345232,1.2307978,3.7300596,2.855178,3.6766675,2.480188
1.4902653,3.1386254,2.6554563,4.621436,3.7423615,3.5736117,1.5743135,1.5376605,2.347707,1.7311971,1.5959684,1.4876351,2.192367,1.4781705,4.8724236,1.8854077,3.4518917,3.007826,3.909305,1.9134893,1.3473487,2.39829,3.348813,2.8606994,4.5930676,2.3466506,5.331117,1.3820155,1.5628759,1.4361963,1.5640609,2.6534996,1.2347696,3.3046453,1.3784648,1.867925,2.4839187,1.4364821,2.3284996,2.9628904,1.907033,3.1211796,1.5116159,1.6691494,2.8803194,3.5250416,2.841303,1.3328968,2.6619902,2.4120812,1.5593064,3.724159,2.9728646,2.3136523,2.528561,4.288539,1.829043,1.4484109,4.071421,3.5192683,2.0529888,3.609659,1.7404493,2.8250842,1.5089868,2.9804099,3.8774176,3.2154171,2.0002725,1.6480324,5.838163,3.2229989,1.6203167,1.3797742,2.054829,1.2686576,2.1076286,1.9752113,1.3626704,1.3322431,3.289009,1.8255839,1.4943613,4.4565444,2.1430168,4.481082,1.2633339,3.9091504,2.212968,1.817233,1.7573968,3.2620485,3.3399203,1.2566273,1.6040357,1.6855873,1.0598371,3.1748905,3.0747936,3.3288774,2.172271,2.6004019,2.8595772,1.2147739,1.7822217,1.7786372,1.6080931,1.7741033,4.759423,2.8595772,2.217793,10.955552,3.4956102,2.7604482,1.586646,1.8485535,2.331189,2.801455,2.5246236,3.4860277,2.7799027,2.4338725,3.809373,1.4021655,1.4062402,2.7249236,2.8849847,3.2571774,2.0916204,1.5651712,4.039592,1.5599177,1.7511895,2.201756,1.5152386,1.2364708,1.5913104,1.1455553,2.610436,1.8000053,3.0232053,1.3698349,2.6710474,1.7020643,2.6957657,2.1206617,0.80523306,1.7597016,1.8389953,2.1534617,1.422208,4.6570897,2.2021844,1.9301062,3.0916176,1.019356,1.879903,2.9938085,4.564632,3.2023864,3.6869748,3.0576448,1.428954,3.215507,2.8560688,1.8932583,4.161031,1.6731496,4.947571,2.944705,1.3007686,2.3510582,1.5402912,1.4451916,1.5647038,2.6755116,1.4340742,2.3175023,2.652259,1.4751033,1.7562362,2.8393238,1.7454505,3.3857706,2.9117053,1.9230597,1.3028314,4.0784173,2.6475224,2.9464974,1.891424,3.2165003,1.6016225,2.3513465,5.22788,1.3019539,1.6376665,3.0937831,3.8342502,4.454923,1.3036475,1.7214499,3.0612433,2.097836,2.483596,4.5705867,2.585115,2.9665678,3.0032227,2.6112068,2.3932326,1.7046038,2.3431158,2.4565818,2.4689178,2.1327622,1.6590724,2.8499084,3.3611896,1.6087253,2.1140063,1.535499,1.3111541,4.0236716,3.3015819,3.4846678,2.5450501,4.0619516,2.9231281,1.8346756,1.4467118,4.0593047,1.5482624,3.3173187,2.6318965,5.345591,2.0680358,1.470381,3.3460832,2.3935008,5.474022,1.5775131,4.3165426,3.2874596,3.2291732,3.0835361,2.2966814,2.4305782,3.8135664,1.543671,1.6487736,2.383243,3.2672203,4.162243,4.2257643,3.9406319,3.0336869,3.9198608,1.4733788,3.088511,2.2121618,4.991687,2.524368,3.0432541,2.1587818,1.7768896,1.4379764,2.3685706,3.6295197,3.6624405,1.6443816,3.40715,3.649133,4.44125,3.0358508,3.299095,2.9449525,2.6847203,2.1599536,3.0444643,2.6104205,1.8595405,1.5038939,2.4035869,1.1619034,4.493275,1.7120248,2.7620075,4.4899178,3.8901594,3.3725264,2.5265574
1.2874967,3.0034442,1.7754252,3.3335745,3.2793975,3.1952617,1.0933269,0.71989745,2.1962817,0.6324361,1.0508715,0.8748235,2.2254138,0.8943102,4.1563063,1.7070148,2.4070132,2.9854383,3.7161083,2.5080903,0.9302784,2.5998724,2.2929764,3.3725252,5.775995,1.192468,5.6980977,2.2764044,1.0243881,2.6185012,0.8695728,3.1635923,1.3363258,2.921645,1.3429849,1.5477442,2.4695392,1.3604214,3.8848894,1.8288658,1.0082798,2.5673516,1.0115263,1.0538605,3.210133,3.6907506,2.768141,1.073365,1.5957998,2.2753716,0.9825343,2.6163764,1.7722131,0.9703841,1.3492405,3.4995651,0.8747696,1.7703514,3.8203456,3.6230762,1.5499531,2.3330386,1.3930094,2.1267645,2.2566264,3.716675,3.3343391,2.6374028,2.2636676,0.8924715,4.9040394,2.1136818,1.0399656,1.2434332,3.2033193,1.3758744,1.3687594,1.9918071,1.1641978,1.193983,3.2776642,1.7367727,0.9431427,3.659714,1.1110207,3.8223011,1.2657474,3.3566473,2.3087096,1.183606,2.2875857,2.6258814,2.7329354,1.303331,1.0711453,2.9633687,2.2478604,2.418343,2.9528666,3.7769852,1.8793194,2.2684295,2.7647603,1.5567267,0.9985269,0.98711985,1.1355952,1.3094656,4.191518,2.7647603,1.7064981,10.9722395,3.0512855,2.0143058,1.5076473,1.1874971,1.5464265,1.8459251,2.0482426,2.486907,1.8649138,1.7446818,2.6072178,1.1240239,1.3034571,1.7992887,3.7794611,4.0528226,2.268893,0.60199666,3.9163904,1.1564757,0.9368577,1.1372961,0.9422534,1.3717978,0.9128062,1.555419,2.4958937,2.1123617,3.4720566,1.227604,3.1654727,0.8900173,1.6950034,3.0257108,1.4618747,0.8545974,1.6427506,1.3949348,1.1017642,3.4111307,1.0131269,1.1504152,2.478142,1.4794436,1.227514,3.111742,4.516736,2.9078355,4.0444555,3.359492,0.95511746,3.3806167,2.8319743,1.8987694,3.195335,2.1119282,4.050674,2.882606,1.2420323,2.637124,0.93078345,0.9866099,0.7615889,3.508645,1.1554104,1.9941202,3.0007439,0.91476166,0.8768688,2.469891,0.97634596,2.248667,2.1872787,1.4069368,1.2228247,3.1758037,1.6395487,1.9924685,0.68319505,2.8500798,0.92473316,1.6489649,4.341303,2.6415024,0.7983036,3.0904074,3.9217396,4.391719,1.8121126,0.61629987,2.9920979,1.7292194,2.1510139,4.096518,3.367966,2.1468322,2.520926,2.7700598,1.3595614,3.2121282,1.1950365,1.2441154,1.3533148,2.496409,2.3511066,1.8210775,3.1709535,0.7652679,1.5062821,0.7372289,0.68250513,4.2172804,2.5767612,3.5520446,2.902592,3.8022916,2.3489966,1.582907,0.705292,3.154912,1.3938274,1.8707919,3.5808654,5.7595797,3.0773938,3.0571966,3.518406,2.1964927,4.510511,1.1750511,4.361942,2.5083208,4.102066,2.4280794,2.1980376,3.270915,3.0206797,1.5939052,1.5245258,1.4020615,2.0637116,3.487305,3.322569,3.7556126,2.976949,3.5626142,0.9591837,2.0845299,3.0505826,3.7672942,1.3543969,2.8389902,1.5681418,0.7420318,1.1790111,3.3986402,4.2261224,2.7664273,1.2499565,3.0138428,2.1524405,3.7778885,2.4359863,3.6081784,3.0777063,1.6268274,3.8318446,2.1346853,1.4757087,1.1603265,0.9043379,1.2261586,1.4928554,3.5606465,1.0709226,2.3491387,3.0348299,4.5498805,2.9160645,1.3764557
1.9974358,4.06737,1.5853838,2.4253027,2.870416,3.1671689,2.1111853,1.8905033,3.1533773,1.4796104,1.9740177,1.9062246,0.94700766,1.844395,3.384127,1.4986297,1.7066463,2.7723927,3.6000714,1.9593887,2.2585597,3.6535723,1.2952734,2.2825515,5.683109,1.7882009,4.891007,1.8731074,1.7296984,2.7078233,2.2740638,4.0070877,1.8536536,1.5693319,1.7887349,1.0508177,3.4758735,2.5718436,3.7064135,1.6433775,1.7525598,1.9541762,1.9799279,1.9264609,2.0815575,4.5110765,3.7466452,2.3243067,1.7032984,3.2076602,1.9264549,1.6711243,1.1785398,1.3536155,2.133436,2.848493,2.2759857,2.8094463,3.782152,3.1207826,1.9049209,1.9663918,1.1572441,1.3936015,2.0624733,2.794235,3.4826407,3.521921,3.353929,2.3218536,3.798694,1.2845685,2.425255,1.169941,3.3621774,1.8878895,1.6918682,3.132604,1.721841,1.7211119,4.1974473,2.9005365,1.7269248,2.9543962,1.7365444,4.407759,1.812651,2.0828376,1.0556136,1.3961511,1.8224708,3.4453354,3.5599353,1.8390039,2.0354133,3.0711257,2.859834,1.3625934,2.2070754,2.8646233,2.9279468,3.055901,3.6694105,1.9855626,1.9655383,1.7250108,2.4848766,1.2447581,4.804324,3.6694105,2.9488182,10.277346,2.7154503,2.762019,1.366786,1.7802321,1.761908,2.346487,3.0084472,2.5089257,1.3540019,1.7534661,1.8664442,1.7131788,1.8313471,1.9398533,3.4607127,3.407046,3.183863,1.4835744,3.8206735,2.4820542,2.3695555,1.5973332,1.849149,1.7820536,1.9784157,1.4732774,3.0013983,3.1065643,3.192614,1.9693488,2.34557,2.227094,1.9533372,2.4217997,2.4636886,2.2445772,0.73849344,2.4212468,1.8344159,2.4663875,1.6791162,1.3729713,3.3845444,2.5132036,1.1730644,3.0880623,4.695282,3.253711,3.9164438,2.6041048,1.5245509,2.109713,1.5215806,2.0679047,3.420369,1.612493,3.190052,2.639898,1.7734078,2.0552192,1.6713712,1.9183214,1.72329,3.1544285,1.7393242,3.165073,2.616249,1.8180819,2.3157418,3.5180156,2.401763,1.2934495,1.5009565,1.4812555,1.7876846,3.3195727,2.3428655,0.93518376,1.3115491,2.8299425,1.6888902,1.7381558,4.7716165,2.6916485,2.2410514,1.9443991,3.6332383,4.376794,1.484937,1.4907703,1.6672378,1.6789075,0.63398015,3.5345433,2.9557877,1.0516143,1.1599891,3.7636905,1.7062509,3.373122,1.7496626,1.8975153,1.566921,1.4318919,3.236371,0.8922674,2.5136986,2.1891496,1.3562362,1.4299446,1.7394953,4.667403,3.2164156,3.3077967,2.2293527,3.8768551,3.2462094,2.5750265,1.8686293,3.5859146,1.1531017,1.5687289,3.2297773,4.926772,3.2603717,3.280541,2.5204937,2.5154042,3.4409263,2.5007033,4.1390486,1.021702,3.5831277,1.3923383,3.2483113,3.1374698,3.7394695,1.2514185,1.370158,2.275764,1.2679734,4.1395717,3.7414455,3.470536,3.861805,2.5410855,1.870212,0.8862974,2.1030772,2.861983,2.0819848,3.136462,0.72964525,1.2957665,1.74247,2.9303916,3.2433977,3.3880253,2.2747984,2.5457652,1.8516545,4.3771787,2.4079494,3.1092858,1.883099,1.6061977,3.9626732,2.5927498,1.8743844,1.4401244,2.282473,1.6549315,1.915899,3.8294616,2.4691694,0.89291275,2.655365,3.7509053,3.8004034,1.9893816
0.24871528,2.0629938,1.9175738,3.7196598,2.875101,2.6355317,0.30046847,0.6336569,1.2033925,1.3589735,0.41935763,0.42473382,2.0591092,0.4465982,3.9189737,1.2507006,2.6073496,2.2316632,2.9847596,1.9899921,0.6099268,1.6045804,2.391073,2.738488,4.6251545,1.0179943,4.7578897,1.9640803,0.47785696,1.9228215,0.5943736,2.0527039,0.5603551,2.6041436,0.56278634,1.785009,1.5754462,0.4986775,3.6588998,1.6958188,0.66809505,2.3947313,0.37949705,0.32751733,2.5524316,2.7373958,1.8790277,0.560836,1.3737717,1.3242542,0.41689765,2.6636326,1.9649106,2.013551,1.1459492,3.394875,0.7767997,0.8020915,3.2272124,2.9228578,0.8539329,2.3512619,1.7036221,2.1365006,2.428903,3.013186,2.529117,1.7868148,1.3470905,0.6411532,4.9439635,2.1917307,0.55766624,1.314103,2.3029299,0.55109286,0.90591455,1.0730138,0.5225553,0.54946214,2.3735876,0.73248935,0.51760775,3.5785239,1.0182134,3.028404,0.5269083,3.0825684,2.109265,0.839518,1.7836386,1.7884073,1.8828286,0.52937204,0.4286276,2.1249065,1.3713987,2.4843085,2.4607854,3.1678998,0.9036289,1.2081469,1.776951,0.69503695,0.4547208,0.5769988,0.52062005,0.96620756,3.3339825,1.776951,1.0030274,10.008086,2.9001706,1.2375278,1.0284425,0.64964944,1.112887,1.4199021,1.1093396,2.0305061,1.8404328,1.4129915,2.7001362,0.5067631,0.45695925,1.421195,2.7648528,3.220328,1.3013378,1.1912483,3.20334,0.49435174,0.6827214,0.96519434,0.43635818,0.65137947,0.52273077,1.6832976,2.1180775,1.052827,2.5663831,0.303127,2.5559626,0.6711665,1.3977249,2.30789,0.82091,0.7206212,1.7557421,0.6508976,0.3675136,3.737241,0.9814468,0.90115833,1.6438489,0.68819875,1.0207123,2.5263052,3.7165408,2.2480152,3.1515105,2.500093,0.70821786,2.7844594,2.3778074,1.4230475,2.7855897,1.742763,4.060599,2.3766434,0.5294219,1.9836034,0.53961617,0.33501568,1.1454527,2.7344325,0.46581662,1.1120018,2.0106592,0.45419767,0.71363825,1.6564176,0.661361,2.4400008,2.1935039,0.99871475,0.50512403,2.606069,1.2386653,2.0601358,1.3264207,2.1197624,0.5363753,1.1949947,3.8390148,1.8983804,0.6874844,2.4991617,3.158193,3.6278813,1.9229902,1.0220948,2.521478,1.4436278,2.1245992,3.6012356,2.4957976,2.1632223,2.4362726,1.8382336,1.305743,2.8510811,1.0264686,1.1221201,1.3193132,2.1213796,1.2704041,1.9627787,2.4601781,0.69312155,1.210535,0.91319746,1.0770875,3.0354004,1.8061606,2.6142519,2.3636365,3.1554883,1.4857317,0.61230224,0.68445045,2.6779413,1.5290627,2.7857661,2.7937102,4.8240466,2.1838508,2.8894525,2.94855,2.049119,4.6491394,0.502057,3.5784466,2.69706,3.0494742,2.4514825,1.3287421,2.3668692,2.3214061,1.272303,1.2111642,0.8899392,2.2918386,2.7061775,2.8194847,3.0662222,1.9929944,3.1045756,0.4263589,2.2643797,2.728321,4.0442333,1.147191,2.1546123,1.9176084,1.3689333,0.57709473,2.5068882,3.458851,2.2078533,0.34370473,2.6284995,3.028408,2.9877934,1.7155973,2.630316,2.4772983,1.4009976,3.434132,1.6527618,1.3044658,0.831392,0.5492196,1.1777049,0.6926695,3.136972,0.60553396,2.185777,3.5860837,3.6801913,2.0083218,1.1803863
1.2263268,3.296312,1.5183483,3.065493,3.0381496,3.0754912,1.2071244,0.86697257,2.3961787,0.47932073,1.1012213,0.944679,1.5405471,0.9070937,3.8693366,1.2977715,2.102933,2.7350879,3.566446,2.002337,1.1895916,2.829053,1.9059104,2.7791502,5.5296764,1.2263186,5.2942963,1.7500098,0.9183275,2.314608,1.2114381,3.2928133,1.1277095,2.3659763,1.1165777,0.96513075,2.6926856,1.5895563,3.4983187,1.6543642,1.0043101,2.220155,1.0694634,1.0885158,2.622598,3.865832,3.0026877,1.2936573,1.4787056,2.467106,1.0277464,2.2803109,1.4607868,0.80227584,1.5221739,3.2364664,1.260121,1.9144822,3.7082329,3.2887402,1.4219878,2.1844804,0.8516753,1.7152894,1.8073034,3.1645188,3.320481,2.8925934,2.4817247,1.2659668,4.5593786,1.7656862,1.3868843,0.6377118,2.9752786,1.1778424,1.2206191,2.242645,0.9573795,0.97025985,3.501456,1.9900099,0.8507732,3.3864965,1.1031868,4.0160804,1.0627855,2.8701468,1.6307051,0.87009025,1.7895875,2.860702,2.97298,1.1016914,1.1521833,2.687958,2.151855,1.9606084,2.529658,3.2664566,2.1141646,2.4223032,2.970856,1.3358697,1.1084666,0.94398713,1.4617367,0.8676077,4.394928,2.970856,2.0501127,10.701513,2.8107054,2.1866865,1.0386155,1.1074859,1.4055648,1.9200481,2.2819815,2.4434495,1.5307558,1.5357927,2.3457413,0.9336633,1.1223543,1.7058452,3.4247344,3.6024778,2.4132717,0.3921705,3.771614,1.4620391,1.3312086,1.0568899,0.944012,1.1074587,1.0338534,1.0249146,2.4968543,2.2690973,3.1671612,1.1558015,2.6448998,1.2113446,1.6476048,2.5176053,1.5100824,1.2195541,0.9404385,1.6266773,1.005834,3.128874,1.0344199,0.8636821,2.7384887,1.5671573,0.79205745,2.9161355,4.4853544,2.9051974,3.8318956,2.9036522,0.6832941,2.7851996,2.221055,1.663697,3.2652538,1.5792652,3.756749,2.6128893,1.0293916,2.1807046,0.8137094,1.0029942,0.74105465,3.1285584,0.9777658,2.3029697,2.6435828,0.8979997,1.2743304,2.7576232,1.3661009,1.8840435,1.8006576,1.0958147,1.0266906,3.2058654,1.7878928,1.536326,0.42114484,2.7161067,0.8387307,1.4589014,4.5180206,2.3122633,1.1738634,2.5399504,3.6791668,4.2857394,1.2454271,0.50116843,2.3960576,1.4218223,1.4812931,3.8434346,2.9678278,1.6705381,1.9504975,2.9840255,1.2811255,2.9407234,1.2063164,1.3346233,1.2308677,1.8523871,2.4364245,1.3849188,2.8055046,1.1200278,1.1478255,0.44766152,0.6449766,4.260967,2.7445416,3.3162413,2.4245777,3.7339914,2.5909767,1.7468745,0.81995493,3.2936277,0.8089551,1.698443,3.1929693,5.3418136,2.8650591,2.793173,3.0077887,2.0926867,4.1716957,1.4836966,4.164931,1.964898,3.6928556,1.9589046,2.4336302,2.9624739,3.2556272,1.0384139,1.0610046,1.5936856,1.7363322,3.698256,3.464349,3.5447838,3.180125,3.1256244,0.95918983,1.6176516,2.4269733,3.5040581,1.4977955,2.7995496,0.9499316,0.3838593,0.9944802,2.953564,3.6944003,2.962155,1.3933363,2.724306,2.0266404,3.9762988,2.300706,3.253291,2.4918199,1.4619031,3.5596936,2.2159002,1.476271,0.8912188,1.2212157,1.1869224,1.2510031,3.6574504,1.4405334,1.7333878,2.9440231,4.0824375,3.1692188,1.462594
4.561921,5.4034266,2.9978158,1.1888142,2.9207392,3.4554968,4.4357767,4.3158035,4.814446,4.016759,4.299757,4.406227,4.0369534,4.3669486,1.9948344,4.4604425,2.136743,3.8554318,3.8211856,5.145471,4.683359,5.4298863,2.4290237,4.922386,8.005372,3.7868063,6.5355167,5.190271,4.348551,5.3344746,4.591799,5.8112288,4.640742,3.0089047,4.562332,3.852869,5.0309386,5.0194097,6.86774,3.0570357,4.1624594,4.431062,4.3809605,4.353483,4.449284,5.6037984,5.079865,4.726598,3.63059,4.785984,4.3152165,2.2408507,2.9680836,3.9806213,3.9929488,1.9599146,4.357726,5.1144114,3.7831373,3.929534,4.38401,2.656574,4.5138874,4.066718,5.0495634,5.529323,3.7373059,4.653841,5.30571,4.56611,1.1722376,2.72928,4.69756,4.3790298,5.6752057,4.6723375,4.1372614,5.0748754,4.4133873,4.4373584,5.318382,5.0640006,4.2793336,1.8508176,4.1577525,5.121422,4.556988,2.4624424,4.043283,4.0822015,5.020545,4.5913925,4.66711,4.5959773,4.3235207,5.656944,5.7383347,2.5222402,4.7577257,5.5805464,4.7424026,4.8427205,5.032494,4.8221736,4.338926,4.2090387,4.790153,4.0417275,5.377701,5.032494,4.686429,10.47563,3.0451367,4.360733,4.329321,4.3132668,4.0896325,4.1766186,4.612912,3.5341947,3.7318985,4.248672,2.033696,4.373968,4.5277276,3.9071724,5.4652405,6.1150775,5.0123873,4.142624,3.9978395,4.817056,4.5298977,3.8286772,4.3221645,4.6069145,4.2997966,4.7806396,4.2326245,5.2293897,4.6264315,4.6055107,5.2545424,4.4005923,3.9341788,5.0673013,5.2083206,4.388885,4.1245522,4.3558455,4.434282,1.0790421,3.8736722,3.9770617,4.6130085,5.2077436,3.8981242,4.1633554,4.7672844,3.9575884,4.821589,4.2736225,4.313356,4.0532665,3.7443457,4.0824285,4.452165,4.8930035,1.340948,3.7097573,4.503281,4.9434347,4.289507,4.4573126,4.151384,5.100219,4.3790026,4.9113674,4.4461803,4.3499646,4.472984,4.7968693,4.5680695,2.405025,2.7618752,4.238179,4.5042205,3.2587786,4.197846,3.0678298,3.8286622,4.849632,4.2720394,4.129799,5.410868,5.5591407,4.5003395,3.6848145,4.164202,4.408535,4.7923236,3.9970229,3.6243513,3.647374,3.529254,2.8630357,4.999787,3.4532807,3.819664,5.330015,4.079699,6.1576943,3.7625537,3.8308916,3.8002424,4.354246,5.565018,3.012553,3.4228904,4.47164,4.0972066,4.1469135,4.395596,6.251407,4.515569,4.1880445,4.1445036,3.9215236,4.538397,4.5902514,4.359173,4.726694,4.506273,3.0248876,5.306239,6.623287,5.4544992,6.3396025,5.05058,3.972814,1.0032051,4.817626,4.342729,3.4015956,5.7313213,3.9722002,4.9017606,5.155557,4.673354,4.400363,4.4834685,4.1072316,2.5604806,5.000814,4.7423983,3.656265,5.1340814,2.8245878,4.357559,2.8385556,5.103754,0.6406245,3.9626024,4.006749,3.5776443,3.9171784,4.5302134,5.4877377,5.6734843,4.572518,4.492025,3.0228093,2.738352,5.1065965,3.409479,4.461966,4.018086,3.4193878,6.901695,4.27281,3.8295534,4.0817633,4.6483493,3.7850084,4.7528367,4.783654,4.668246,3.5966027,1.5791614,6.1323524,4.8869295,3.933655
1.2344284,2.9894474,1.4656222,2.6652553,2.8465924,2.858107,1.1793352,0.965726,2.1854775,0.9864844,1.0951865,1.00215,1.906206,0.9900599,3.5492218,1.3377918,1.8480482,2.660619,3.343857,2.3279817,1.3533022,2.7327592,1.4905945,2.9778628,5.6478906,0.52365345,5.106649,2.3406203,0.92109805,2.7938375,1.2223815,3.24675,1.362153,2.2640398,1.2701358,1.5361673,2.5586681,1.6190456,4.2543197,0.94106126,0.6662049,1.9436328,1.1114994,0.9592176,2.7412777,3.699177,2.8026562,1.4457945,0.74494237,2.2734091,1.0442969,1.7529373,0.8987809,1.0910534,0.80138946,2.9689982,1.1420357,2.0213623,3.524833,3.2783425,1.1124632,1.4310665,1.3681409,1.4925706,2.6174233,3.397859,2.8060474,2.362914,2.4907455,1.229774,4.226351,1.2368214,1.3396965,1.2842437,3.3222575,1.3785542,0.8206986,2.1745837,1.1551186,1.1931723,3.2846925,1.876289,0.96358365,3.1229186,0.6166234,3.3228528,1.2939054,2.64573,2.0064588,0.77312624,2.1213481,2.2807152,2.39983,1.3262058,1.1419442,3.1083395,2.4846983,1.8769399,2.3777337,3.361847,1.8779553,2.0044024,2.712741,1.5690813,0.8755325,0.7378522,1.4069185,0.93195987,3.730538,2.712741,1.7997062,10.230296,2.807319,1.5888022,1.2624743,0.8609575,0.90512615,1.2321309,1.8839401,1.6651666,1.0801463,1.1371917,1.7764627,1.1046511,1.2364084,1.0390059,3.6154675,3.748984,2.3857005,0.96416867,3.5962667,1.4328166,1.2318543,0.45384252,1.0011208,1.3753239,1.0522329,1.8006911,2.5907085,2.2783089,3.2380748,1.2511246,2.8151746,1.1657927,0.954727,2.9022374,1.8623588,1.1366119,1.4683986,1.2205137,1.1078532,2.7239609,0.38402554,0.64341,2.2037501,1.8076338,0.7753296,3.0044508,4.2742457,2.7065482,3.828664,2.9158711,0.9449118,2.845798,2.291668,1.8827798,2.5054438,1.9725925,3.4578815,2.6638274,1.2499356,2.2546532,0.8754519,1.070877,1.1464617,3.440904,1.106637,2.0430372,2.6438696,0.9911263,1.1825256,2.4380355,1.263691,1.4520684,1.7382851,0.95753694,1.2393521,2.5240316,1.1113366,1.1716452,0.7419789,2.2599792,0.82829046,1.0111097,3.7571964,2.7958746,1.1659582,2.529757,3.606035,4.096143,2.0195956,0.72533184,2.4138129,1.5443062,1.7064395,3.54678,3.214646,1.3693846,1.8658041,2.8866768,0.7272361,3.6207712,0.5037044,0.5796257,0.55033827,2.2370932,2.5492127,1.0199751,2.612809,1.1432657,0.9394328,0.8213979,1.1967531,3.9021199,2.0867398,3.1467807,2.696011,3.512269,2.0993598,1.6359745,1.024181,2.556487,1.3736689,1.6053249,3.5389514,5.183168,3.1778932,3.5554125,2.9856398,2.3059266,3.890497,1.4462981,4.034348,1.827883,3.8205795,1.7711157,2.3008668,3.2160633,2.5571566,1.4130187,1.2905291,1.0051041,1.247754,3.0164034,2.7138221,3.3505583,2.9243581,2.9413831,1.0472463,1.3092839,2.9887238,3.090867,0.76879203,2.6548364,1.3968668,0.91465175,1.1091752,3.2651858,3.7922513,2.2318735,1.3304514,2.611929,1.8311635,3.284013,1.8422514,3.1930847,2.5502656,0.7522643,4.2545342,1.5200813,0.72000784,0.7227966,1.2577808,0.44007388,1.5311685,2.9076436,1.3445938,1.7138736,2.5358887,4.131527,2.6738026,0.72606236
1.4932189,3.4241903,1.3171526,2.4046862,2.7724254,2.9126356,1.5042127,1.2554225,2.5604236,0.9760387,1.3814611,1.299041,1.5094771,1.2582567,3.3961742,1.3186965,1.6022326,2.655113,3.4007196,2.176533,1.6628207,3.1007211,1.2036369,2.7264597,5.7214565,0.99449587,5.0621853,2.14138,1.1695743,2.7465217,1.6013763,3.5603898,1.4952079,1.9291989,1.4109905,1.1975,2.9111233,1.9836727,4.057596,1.05453,1.0524366,1.8779566,1.3957272,1.2984828,2.4887886,4.019899,3.1682358,1.75017,1.0294505,2.6306598,1.3295287,1.5445688,0.7089494,0.9251436,1.3221359,2.8097835,1.5488235,2.3178794,3.5729678,3.1805904,1.3821138,1.4797579,1.1468631,1.3293365,2.3510854,3.1937928,3.0347562,2.8218791,2.826085,1.6280249,3.9619765,1.0236894,1.7463855,1.1000942,3.3413897,1.5243325,1.0983796,2.5462692,1.2966384,1.3197232,3.6413846,2.2824929,1.1777257,2.946808,1.0144045,3.7558184,1.4302318,2.3485742,1.6156552,0.88942844,1.984726,2.7427511,2.8611548,1.4647223,1.4379973,3.0964017,2.6326613,1.5239741,2.2880342,3.191586,2.2875068,2.4303277,3.0889988,1.6897705,1.2776473,1.0697465,1.8172364,0.90079755,4.1621594,3.0889988,2.2443542,10.289562,2.6713436,2.052876,1.201735,1.1735665,1.1781887,1.6514465,2.3284218,1.9376144,1.0158243,1.300337,1.6295973,1.2606832,1.410313,1.3315026,3.570251,3.6528645,2.6877043,0.98648214,3.6434977,1.8307307,1.6527492,0.8456275,1.265878,1.4686354,1.3540579,1.5907925,2.6835089,2.602264,3.2055616,1.4862055,2.6448586,1.539428,1.2930788,2.7200634,2.0685647,1.5320848,1.0851593,1.6901985,1.3282628,2.4641926,0.87333035,0.79291266,2.672319,2.0648458,0.73729,2.9862266,4.415308,2.8693888,3.849428,2.7821994,1.0577652,2.5559905,1.9667535,1.8702681,2.8382509,1.7991203,3.2419407,2.587062,1.3831222,2.1648843,1.104159,1.3484151,1.228425,3.3251617,1.2780402,2.4876494,2.6164453,1.2445102,1.5960871,2.8565269,1.6880169,1.1608719,1.4806328,1.0595154,1.3834335,2.7814443,1.5905411,0.83952916,0.7134186,2.4732678,1.0903149,1.224426,4.149023,2.7531316,1.5482566,2.2721782,3.5852427,4.17578,1.7495471,0.8596212,2.0960324,1.4678601,1.2448314,3.4770954,3.1130543,1.077465,1.523145,3.2298453,1.0361058,3.5191624,0.96065354,1.0842478,0.85178286,1.9116497,2.824394,0.66698086,2.5216742,1.5074703,0.9712781,0.90088797,1.2810435,4.238263,2.533863,3.1859758,2.478921,3.6076415,2.5508325,1.9838915,1.2719252,2.9493709,1.1633749,1.3263351,3.4210262,5.124844,3.2063305,3.4403882,2.8117087,2.2926888,3.6055453,1.8470733,4.0480957,1.4082736,3.75834,1.5210127,2.662145,3.1813035,3.0243795,1.2548196,1.2231236,1.502684,0.9947798,3.465091,3.1064723,3.3505952,3.2938755,2.723377,1.3025656,0.909352,2.6591852,2.8560522,1.2784126,2.7921386,0.95689523,0.82379514,1.2898473,3.1533663,3.6129982,2.683217,1.6696614,2.4986396,1.5959674,3.7202802,1.9956108,3.1515725,2.2781153,0.9609754,4.1540403,1.9250134,1.1284539,0.8876819,1.627535,0.8706053,1.6305038,3.2503297,1.7698649,1.329769,2.3963785,4.0231786,3.1234646,1.205733
0.6123404,2.0008662,1.9818059,3.6628103,3.0127609,2.7550588,0.43474782,0.638527,1.2322247,1.373143,0.5621036,0.5193506,2.354498,0.58287734,4.0022416,1.4702219,2.630283,2.4801376,3.143951,2.3231034,0.6337237,1.6707364,2.4150069,3.1000571,4.9597373,0.8595116,5.007493,2.319136,0.6498614,2.331424,0.45248434,2.2146273,0.9353423,2.8235776,0.9107239,1.9909633,1.6175541,0.55703366,4.0204268,1.63503,0.61214435,2.445393,0.5418584,0.41863808,2.90526,2.8117914,1.8913473,0.644762,1.2858261,1.3648702,0.55059546,2.6557531,1.9268535,1.9361901,0.8732469,3.461492,0.55842906,1.0152483,3.3590324,3.1992893,0.9367219,2.238783,1.8387643,2.1874926,2.7134526,3.3847678,2.5494866,1.6297799,1.4518068,0.4478962,4.9868183,2.1845028,0.36928585,1.544671,2.6965115,0.92606133,0.9310742,1.1159406,0.84388304,0.88306737,2.3945067,0.72891533,0.700047,3.644564,0.8978228,2.8625422,0.89270616,3.2490761,2.4187562,0.9857819,2.1137018,1.6186564,1.7189751,0.90344155,0.5537279,2.5394657,1.7126358,2.6045938,2.633629,3.4573677,0.8665413,1.1549764,1.7937373,1.0854224,0.356593,0.6007826,0.34824184,1.1837493,3.190111,1.7937373,0.82968277,10.12973,3.037863,1.0489539,1.3306913,0.6970144,1.1005319,1.2334119,0.9910931,1.9139085,1.8420042,1.4261509,2.6561618,0.80649096,0.81458676,1.33884,3.1690102,3.5616255,1.4478393,1.2388588,3.371101,0.3765655,0.43572006,0.8913097,0.589029,1.0258577,0.56896544,1.9443246,2.2541611,1.2234296,2.9040601,0.66073114,2.873466,0.5329216,1.2752312,2.7354648,1.0891719,0.52746993,1.9842547,0.38238522,0.6633427,3.693611,0.8362815,0.9906415,1.4685466,0.9358072,1.1814939,2.7671077,3.8448346,2.3465815,3.428999,2.8509119,0.9070505,3.1137445,2.6783957,1.6950219,2.5967767,2.0565155,4.1058726,2.612531,0.8850426,2.2716455,0.6907795,0.5326877,1.2025362,3.1298172,0.7758871,0.99734104,2.3681598,0.6125532,0.48012623,1.5662798,0.40846995,2.4377968,2.3152528,1.1388043,0.85759085,2.5160286,0.9962729,2.1096783,1.3256149,2.1502454,0.64796454,1.2196392,3.6189368,2.3198562,0.5177479,2.8032672,3.3996677,3.785072,2.2052407,1.0323116,2.8115382,1.6554323,2.3541112,3.72854,2.902512,2.2288334,2.585626,1.9088147,1.199102,3.210482,0.8834256,0.9097369,1.2226888,2.4776244,1.5206126,1.997199,2.6975157,0.5568902,1.3216683,1.0147094,1.1631936,3.1135933,1.6306546,2.8616052,2.7176428,3.2693264,1.3393847,0.70339495,0.72957814,2.4669614,1.7249305,2.6799583,3.201718,5.0853095,2.565063,3.215211,3.2008495,2.2043986,4.6860466,0.37872753,3.7893958,2.7764595,3.4474232,2.5251122,1.3543992,2.760144,2.1041083,1.5726333,1.4479609,0.6225011,2.2637813,2.5266812,2.6099937,3.2473154,2.0159767,3.3088996,0.6039115,2.3076208,3.1132178,4.002244,0.8951628,2.2906215,2.0741048,1.4113442,0.8240047,2.9384773,3.7993877,1.973926,0.46395305,2.7987876,2.9005973,2.818648,1.7962084,2.9567738,2.8048713,1.3489251,3.798473,1.4697386,1.1402919,0.9423824,0.4450816,1.0426985,1.0896922,2.9398477,0.36214352,2.3840759,3.4554121,4.007083,1.8845888,0.9667631
1.3214085,2.9272993,2.7879107,4.7077622,3.815277,3.6100101,1.4846451,1.5282526,2.1879911,1.8786778,1.5425737,1.4191986,2.2660522,1.4203731,4.941672,1.7262934,3.5606954,3.0227377,3.907521,1.7733923,1.3101414,2.216253,3.3735385,2.7742429,4.32017,2.2463543,5.0562315,1.4137167,1.4564112,1.525853,1.4959193,2.4497488,1.1072924,3.3324544,1.2339087,2.0758626,2.3664017,1.2213826,2.5200655,2.8986566,1.7883397,2.9381642,1.4517117,1.544435,2.8166044,3.4026759,2.7144089,1.279053,2.5356052,2.2776868,1.5052929,3.7168863,2.9590123,2.4261723,2.378591,4.3897347,1.7939637,1.2941148,4.1172156,3.5675411,1.8374217,3.5446754,1.7632046,2.7113678,1.8731515,2.8495984,3.7573493,2.997162,1.8648012,1.5803405,5.932059,3.2059011,1.5074354,1.4570186,2.0532117,1.1138874,1.9459767,1.822784,1.2949096,1.2658448,3.1598654,1.59454,1.4550605,4.5632057,2.0046983,4.1827946,1.1660368,3.9439056,2.2995865,1.7315873,1.6219562,3.0278661,3.1020393,1.1422682,1.5511879,1.6855742,0.71404916,3.2906106,2.8587246,3.1331584,1.996279,2.3170567,2.6902373,1.023873,1.6485374,1.6700367,1.4591932,1.7235193,4.46374,2.6902373,2.082666,10.6374855,3.658974,2.5274415,1.5131878,1.6867568,2.1534543,2.58206,2.321496,3.3044636,2.6697938,2.2396412,3.8144624,1.3379638,1.2661147,2.5430093,2.8171942,3.0246024,1.981395,1.688616,4.0577,1.4070077,1.6783732,2.1098297,1.4620928,1.1296188,1.5609554,1.3321921,2.7412562,1.6111344,3.0191932,1.2175171,2.4986656,1.667909,2.5186028,2.1321692,0.64996254,1.722314,1.9338018,1.9869491,1.3279015,4.7390146,2.115992,1.8512148,2.8712637,0.7777214,1.8476576,3.099249,4.545913,3.2096934,3.688641,3.0067625,1.3954993,3.1919587,2.8586812,2.0050383,3.8944833,1.5871139,5.0552077,3.0506432,1.2141683,2.1421702,1.4717584,1.3532976,1.7056314,2.748491,1.3527457,2.1283712,2.5663118,1.4209558,1.7003706,2.6946077,1.6609867,3.4158635,3.032507,1.779549,1.2152138,3.9567785,2.4424691,2.9318736,1.9954543,2.9055014,1.5211952,2.1658893,4.916061,1.287773,1.5955052,3.0829835,3.8613262,4.457522,1.5258129,1.7822597,3.0614755,2.2026224,2.5714517,4.602596,2.591777,2.9096851,2.9447014,2.4824376,2.245234,1.9562471,2.2469354,2.3391013,2.3547251,2.189497,1.426704,2.8578932,3.3386374,1.5802194,1.9856694,1.5764222,1.44723,3.655863,3.0352523,3.4234288,2.660175,4.0823236,2.7211397,1.7124449,1.4601355,3.7714393,1.5760086,3.454201,2.6975462,5.077136,2.0804129,1.7566155,3.1571126,2.5886028,5.595132,1.4242336,4.328864,3.282356,3.0745683,2.990818,2.1822238,2.4408395,3.54813,1.515356,1.5429229,2.2244513,3.2864218,3.8692849,3.9371648,3.9565,2.8681805,3.954255,1.4220597,3.111394,2.3295052,5.0775614,2.376044,3.0589366,2.3343527,1.9137658,1.2945732,2.2930417,3.4545066,3.3900933,1.5401841,3.495989,3.7819445,4.144003,2.9490414,3.222615,2.9120543,2.5898516,2.3388693,2.8009822,2.4660077,1.7638297,1.4228227,2.2986612,1.0208856,4.2066073,1.5987979,2.745237,4.6008754,3.6597242,3.1436017,2.3777153
1.7135872,3.70273,1.3430637,2.3039284,2.760107,2.9798117,1.7647187,1.5235523,2.8148222,1.1518741,1.6306047,1.559812,1.2749104,1.5078918,3.322941,1.3871356,1.533814,2.678146,3.4536724,2.1089866,1.9219954,3.3466482,1.1115338,2.5606833,5.7460995,1.3226615,5.007109,2.0545018,1.4084294,2.7478998,1.8937945,3.7654839,1.6522593,1.7264593,1.5743715,1.0794066,3.1533003,2.2495859,3.9514294,1.2373395,1.3518564,1.8881291,1.6440352,1.5689969,2.3247933,4.229917,3.4140108,2.0008497,1.2855108,2.8759584,1.5816787,1.487228,0.7842265,1.0390135,1.6619768,2.7500224,1.857647,2.5397615,3.6260223,3.1312852,1.6036996,1.6019652,1.1296364,1.3113127,2.23755,3.0559144,3.193473,3.1143513,3.061223,1.9286854,3.8145664,1.0097052,2.0441504,1.1078079,3.3699534,1.6851145,1.3433561,2.804478,1.4742982,1.4874706,3.8769708,2.5592282,1.4065974,2.873486,1.321724,4.0234942,1.5945467,2.1727028,1.3824875,1.0886403,1.9359951,3.0356026,3.1527655,1.6270862,1.6896814,3.1094053,2.7578328,1.3547461,2.2527986,3.0789373,2.5643349,2.70267,3.3366992,1.8258563,1.5758549,1.3491821,2.1126401,1.0168351,4.4266143,3.3366992,2.5465422,10.288339,2.633614,2.35116,1.2581371,1.4333893,1.4141718,1.9378365,2.6185892,2.142688,1.0982345,1.4774343,1.6204171,1.4491892,1.5918809,1.5683299,3.540359,3.5826766,2.903508,1.1704235,3.6891444,2.1196163,1.9623915,1.1562345,1.5123947,1.604396,1.6169707,1.5429561,2.7939472,2.829852,3.1947315,1.6981419,2.5430307,1.8322033,1.555505,2.6147172,2.2535286,1.8357561,0.9129267,2.0036247,1.5443295,2.3582282,1.2132022,1.0223116,2.9710305,2.2740633,0.88381404,3.0064054,4.513006,3.0045886,3.8687067,2.7000704,1.2484121,2.3636298,1.763554,1.9298493,3.0637743,1.7364029,3.1387725,2.5757396,1.5488524,2.1320555,1.3431731,1.5942165,1.4143506,3.2614608,1.4713033,2.782095,2.611942,1.4876758,1.9054017,3.1347692,1.997362,1.078278,1.3965408,1.2258295,1.555474,2.9664822,1.9063203,0.73937577,0.9248145,2.6229804,1.3440684,1.4280795,4.3983016,2.7535446,1.8464856,2.1127346,3.5829196,4.2359085,1.6450663,1.1079732,1.8947849,1.5102229,0.9592547,3.4499626,3.0561068,0.97512084,1.3337927,3.462404,1.309673,3.4848752,1.2856332,1.4218774,1.1359662,1.720342,3.0194314,0.5952792,2.4820218,1.799794,1.1089464,1.1083457,1.4620042,4.4363556,2.8174014,3.2194693,2.3618639,3.6889856,2.8420863,2.2376518,1.5225474,3.2061703,1.1434122,1.3074127,3.3538904,5.060236,3.2438343,3.4045773,2.7011986,2.3532107,3.4528682,2.1367934,4.0635443,1.1734855,3.707511,1.4209809,2.913294,3.1723685,3.318517,1.2422155,1.2770189,1.8287114,0.96946514,3.7438912,3.3612306,3.3671076,3.5359101,2.5965805,1.5428262,0.7399823,2.4559693,2.7583776,1.6139723,2.91222,0.7651968,0.974953,1.485636,3.0849931,3.4831777,2.9724817,1.9297867,2.4655867,1.5870277,3.9902363,2.1314347,3.1265926,2.1049197,1.191621,4.111048,2.1984203,1.4298605,1.109857,1.9138334,1.1929427,1.7593751,3.477598,2.0755095,1.1049888,2.3993835,3.9367743,3.4080536,1.530919
4.0402875,4.7875233,2.3435454,2.150653,1.5771801,2.2531707,3.9062297,3.8508155,4.129442,3.5922058,3.7568984,3.9352424,3.3530884,3.8795748,0.8481912,4.089188,1.7952027,2.5898273,2.5372458,4.542985,4.1451936,4.6447487,2.4407592,4.149707,6.9612303,3.6343982,6.089545,4.4361124,3.9124737,4.1651697,4.1422205,4.880642,4.037942,2.2968156,4.0102596,3.1408157,4.229454,4.499872,5.7541337,3.0308385,3.8772075,4.5382495,3.8438613,3.9270012,3.6204286,4.619871,4.2868257,4.1441107,3.6023111,4.050111,3.7958195,2.5056796,3.0596933,3.9492726,3.9523182,0.79103804,3.9449832,4.3700304,2.413016,2.4079785,4.0961766,3.0333953,4.215856,4.1281743,4.109948,4.7449126,3.1357276,4.312681,4.4932165,4.1306453,1.443703,2.8391192,4.2478666,3.846768,4.3869486,4.0844135,3.9020705,4.3763566,3.8366866,3.8464177,4.4648347,4.515454,3.768364,0.6241529,4.0370874,5.1640873,3.9532313,1.765958,3.285199,3.7078524,4.429933,4.3336387,4.3984647,3.992879,3.7713456,4.4595923,4.9488187,1.8795288,4.596718,5.120537,4.169735,4.458289,4.298088,4.1930094,3.990993,3.8614254,4.339736,3.5809307,5.3264604,4.298088,4.185098,10.466839,1.6107517,4.170473,3.7837086,4.0022454,3.9390016,4.2055054,4.1619163,3.6776192,3.799086,4.1677127,2.3609316,3.813126,3.974661,3.8985147,4.1442475,5.4222894,4.151421,3.6929238,2.6108646,4.347889,4.114061,3.6283436,3.8157575,3.9863696,3.7882013,4.138453,3.0717611,4.4590735,3.2268033,4.0664387,4.6997824,3.936765,3.9539335,3.9378605,4.521764,3.9618924,3.611948,4.0117784,3.9001844,2.011056,3.7116985,3.6548982,4.298443,4.5813785,3.487638,2.7091942,3.4826548,2.8933907,3.3210983,3.1304653,3.8315375,3.1527717,2.962671,3.0564926,4.86763,4.326262,0.6090783,2.3137302,3.905706,4.469237,3.8413312,3.9602258,3.5957804,3.631365,3.825661,4.384199,3.3568006,3.8525152,4.06162,4.195865,4.148772,2.5273972,1.9853207,3.930005,3.9118588,3.1127465,4.1766343,3.042707,3.4772778,4.7927957,3.854481,3.9740365,5.90576,4.506167,4.068717,2.7498543,2.6496105,3.0305414,4.077797,3.5952206,2.8222868,2.7653975,2.9429708,1.5768832,3.6562364,3.4854188,3.7177236,4.4616942,4.0662155,4.909938,3.6050296,3.7601864,3.7782283,3.5011027,4.724745,2.9491127,2.3377926,4.028824,3.8552659,3.6970654,3.854941,5.759338,4.4379497,2.973027,2.8052518,2.6562772,4.1496463,3.9556534,3.8667653,5.054791,4.090339,3.324945,3.8559122,6.144042,4.1625943,5.260046,4.708935,2.8430767,1.1789993,4.346052,2.8472314,3.5180485,4.6085157,4.0684314,4.155903,3.7999868,4.6918306,3.8335886,4.0615287,3.9031422,2.7107437,5.0126696,5.0848804,2.2844825,4.3633485,1.6632814,3.833209,2.8443892,4.1109366,1.8161114,3.9207296,2.8865244,3.0239363,3.4970746,4.0692444,4.3488336,4.988155,4.733893,3.9278114,1.6826864,3.1956985,5.1463013,2.817524,3.2493331,3.172935,3.3275342,5.6556506,4.3538566,3.8372598,3.7419882,4.185541,3.716691,4.0980206,5.251044,4.23457,3.260864,2.3915217,5.468797,4.484492,3.9043856
4.858128,5.2121496,3.6128201,3.0660532,2.3939734,2.8965483,4.8118434,4.871797,4.766205,4.824102,4.694383,4.8856125,4.289022,4.835298,1.2420856,4.8139257,3.034783,3.2028449,2.8111558,5.2290983,5.1522,5.2649,3.2778473,4.5796356,6.9337764,4.4273553,5.596204,5.362369,4.7980385,5.083129,5.1142807,5.3676896,4.914262,2.9341888,4.8517485,4.409234,4.901575,5.341968,6.8160915,3.7139695,4.716789,5.002169,4.786695,4.7845817,4.042044,5.008139,4.8650174,5.1258364,4.254724,4.6995907,4.741548,3.1302762,3.893105,5.1646056,4.65907,1.9856371,4.934054,5.206556,2.885739,2.9074922,4.7479897,3.5722551,5.2339244,4.7747684,5.4258347,5.114965,3.1725662,4.6625247,5.2525706,5.098021,1.5994624,3.5797083,5.167365,4.9080644,5.119335,4.9349036,4.6196346,5.1368103,4.757766,4.76811,4.92464,5.2479753,4.7308855,1.88057,4.8323603,5.0297923,4.8527036,2.2642636,4.2295985,4.562949,5.157805,4.6410522,4.6785846,4.8776603,4.7097526,5.250601,5.7283497,3.0755293,4.9262347,5.393258,4.854539,4.8801036,4.7841015,5.0134788,4.83847,4.72564,5.224347,4.4625344,5.1059337,4.7841015,4.9574804,9.118264,2.9533517,4.6338706,4.6364813,4.785529,4.5837083,4.7129846,4.723794,3.92984,4.454129,4.775999,3.0456786,4.7380204,4.8190956,4.438593,4.524953,5.647243,4.884905,4.87485,2.915608,5.232326,5.0669417,4.4489236,4.76721,4.870058,4.768181,5.272576,4.1635094,5.1860766,3.692643,4.9233527,5.1472692,4.926829,4.5344386,4.6462245,5.47178,4.951187,4.6676354,4.7439723,4.803548,2.879903,4.5633693,4.5117626,4.690557,5.465862,4.3965364,3.6026495,3.579724,3.56075,3.6333194,3.4460278,4.8016963,3.5346422,3.5778902,4.1192617,4.930322,5.131406,1.6959267,3.273157,4.8102307,4.9638963,4.7730637,4.881422,4.795314,4.3338857,4.7288513,5.0516133,3.76798,4.8084154,5.0345283,4.7770376,5.0882654,3.3985934,3.2120717,4.69162,4.8180776,3.1670048,4.762983,3.8258288,4.653982,4.9797087,4.77063,4.592488,5.714492,5.3464293,5.06627,3.2169502,2.9813411,3.1456838,5.236481,4.701243,3.366273,3.8660336,3.9385517,1.6281558,4.2399325,4.160896,4.336353,5.0871906,4.7962813,6.0144715,4.402277,4.52044,4.52643,4.3558764,5.429798,3.8258846,2.6810467,5.0412865,4.596765,4.7627177,5.028721,5.643393,4.68784,3.1442297,3.7079751,3.045771,4.600801,4.7611938,4.9147997,5.151304,5.10055,4.6027384,4.5462694,5.6710157,4.914325,6.4256244,4.948407,4.1190047,1.9541703,5.226839,2.9579003,4.2548513,4.7673163,4.675872,4.8822565,4.446917,4.828059,4.734094,4.89641,4.6010437,3.5835834,4.994185,5.1187735,2.5762532,4.8065166,2.0456066,4.7885423,3.7144082,5.014845,2.6047816,4.6250935,3.5937319,4.2806463,4.709813,4.927897,4.8795934,5.10817,4.940724,4.801561,2.6401901,4.4628167,5.0292277,3.2721899,3.412392,3.636455,4.011934,6.689337,4.75542,4.508552,4.5857825,5.1480975,4.498081,4.959619,5.232833,5.1437783,3.974904,3.5279152,5.4757724,4.7688828,4.6004906
3.2286727,4.1148677,1.5609356,1.5664767,1.2735856,1.8881868,3.0943508,3.0266888,3.415692,2.7958,2.946363,3.108501,2.7237272,3.0567284,1.0654359,3.2813442,0.9200835,2.170153,2.3123145,3.864711,3.3491368,3.9820867,1.5716736,3.641348,6.5368104,2.729443,5.6450977,3.8022227,3.0761364,3.6655338,3.3190458,4.2924547,3.2588685,1.7314879,3.215301,2.4669816,3.581489,3.6953108,5.340139,2.113048,3.0017076,3.7160084,3.0337117,3.0845168,3.12171,4.1477904,3.6663368,3.360021,2.692483,3.361946,2.9792657,1.6614127,2.155812,3.1223662,3.0390995,0.47627932,3.1153364,3.6462471,2.2910469,2.2527034,3.2378817,2.1312118,3.42587,3.2945204,3.6015425,4.2419662,2.5729017,3.5499914,3.8219998,3.305055,1.8073208,1.9528497,3.4247758,3.0877075,3.960582,3.3012455,3.0262206,3.654328,3.0429606,3.0584736,3.9145927,3.7286625,2.9509602,0.52290034,3.1381242,4.414614,3.1715398,1.304437,2.6865578,2.8611798,3.7303762,3.5470953,3.6238992,3.2119884,2.9647381,3.9792194,4.254412,1.1309872,3.8523488,4.520615,3.401423,3.653028,3.649248,3.4291062,3.1299987,3.000054,3.5160801,2.7630682,4.6331506,3.649248,3.40068,10.214228,1.3638508,3.312962,3.0058665,3.1378438,3.0543625,3.3009655,3.3708801,2.8114617,2.9245932,3.2914553,1.4861041,3.0130014,3.175788,3.0002573,3.808855,4.867004,3.4987159,2.8929155,2.479983,3.5289695,3.2843273,2.733019,2.996322,3.2154286,2.9722579,3.4480958,2.6092846,3.756067,2.930395,3.2613144,4.069826,3.1172483,3.0463138,3.4830668,3.777609,3.1340916,2.889783,3.1589327,3.09064,1.4487556,2.8105133,2.7933471,3.5132947,3.813074,2.6519823,2.428318,3.3783014,2.4189332,3.1718056,2.7353284,3.015297,2.7334175,2.4151049,2.4404442,4.009667,3.6178417,0.8306921,1.9568604,3.1209657,3.7575037,3.0081136,3.1401217,2.821479,3.3684156,3.0224118,3.614024,2.8597565,3.03209,3.230963,3.4965582,3.319696,1.6548226,1.2248514,3.08218,3.1248062,2.4271076,3.2699533,2.1909459,2.648911,3.9707694,3.0122943,3.0982823,5.1003904,3.9540403,3.2427826,2.2752967,2.5488656,2.9791052,3.4366887,2.7624385,2.3086119,2.06628,2.2737846,1.6004775,3.3118126,2.6621006,2.9807415,3.8529453,3.1599858,4.5022454,2.7004125,2.8462884,2.868244,2.9384868,4.048883,2.0790834,1.8835474,3.2056694,3.001954,2.8767157,3.0792034,5.0991173,3.6007304,2.6295378,2.4464402,2.4678438,3.3719673,3.1887784,3.0537374,4.1905875,3.31814,2.5477228,3.5832245,5.712391,3.734413,4.7782784,4.076961,2.3458378,1.4769207,3.528135,2.838324,2.771832,4.2224298,3.273441,3.4699485,3.4337325,3.8809764,3.0824387,3.2646008,3.0182004,1.8178613,4.236262,4.235142,2.117954,3.7469838,1.3975028,3.0197413,2.0061483,3.665888,1.4214711,3.007035,2.4133224,2.3096824,2.695675,3.2478178,3.9051633,4.507589,3.8688722,3.1287756,1.2869632,2.4398072,4.3930106,2.0684304,2.902334,2.671703,2.4199295,5.2583466,3.4574533,2.9204035,2.885864,3.365191,2.8043299,3.3411312,4.4048243,3.4085145,2.542113,1.7611341,4.9705234,3.759128,2.9892204
3.7924008,4.1897616,2.7181957,3.2982779,1.2437164,1.711839,3.7488909,3.8509586,3.6476922,3.8624072,3.6339881,3.8542924,3.2637696,3.797241,1.2723639,3.8891416,2.5366654,1.765041,1.540944,4.149267,4.055555,4.049932,2.8855507,3.5334818,5.673886,3.6808212,5.06111,4.1506715,3.7989013,3.5740936,4.0837984,4.0618253,3.7859788,2.1584842,3.7664223,3.3373816,3.7104194,4.2418485,5.3519173,3.1766262,3.8359523,4.4807634,3.7198126,3.7946877,2.984693,3.7954445,3.7177181,4.0004854,3.6323771,3.557355,3.691952,2.9532554,3.409338,4.4410157,3.9756076,1.5748863,3.954831,3.9666479,1.6602055,1.2692521,3.8779132,3.3637679,4.32672,4.2047544,4.1322985,4.033975,2.4735115,3.877696,3.9938595,4.081499,2.5800514,3.1789448,4.133823,3.8570948,3.5347915,3.8156033,3.794951,3.9602613,3.662954,3.6623738,3.7832818,4.15237,3.6870286,1.5963129,4.060643,4.6545315,3.7290404,1.7727911,3.1628137,3.6385822,4.075938,3.9185412,3.9567583,3.7521214,3.642474,3.714487,4.4198384,2.3591082,4.263818,4.5513687,3.792322,3.9787252,3.6801436,3.860289,3.9004261,3.7980888,4.1847906,3.4922266,4.715178,3.6801436,3.9420743,9.395061,1.8033509,3.8913205,3.5906959,3.8816047,3.8335543,4.102422,3.7811813,3.5608578,3.8974357,4.0692816,2.9114537,3.656477,3.7347026,3.824229,2.9911923,4.608295,3.6186454,3.880816,1.5881964,4.1780276,4.0698953,3.6622503,3.722979,3.7346418,3.7250059,4.130556,2.8355289,3.9438117,2.1026912,3.8381324,4.179166,3.9088933,3.9225664,3.2364595,4.240936,3.9576883,3.68811,3.8370562,3.7335074,3.1445925,3.789389,3.6306722,3.9037678,4.27673,3.4703894,2.0675635,2.4533107,2.3654134,2.0574932,2.1197572,3.7729666,2.5161889,2.5980027,2.8006022,4.720268,4.0641375,1.950804,1.8086993,3.6951573,4.015648,3.76836,3.830766,3.741796,2.6957395,3.6529775,4.018338,2.4092023,3.7658498,4.0436864,3.7679107,4.0867157,3.049824,2.331825,3.8092062,3.7057223,2.8414068,4.0983524,3.2970328,3.7548826,4.371964,3.7877724,3.843555,5.635451,3.900382,4.055245,2.1526217,1.4122459,1.9311639,4.0675583,3.7502487,2.4189663,2.6969512,3.0395803,0.7934518,2.6778984,3.6446931,3.7535095,3.8477333,4.1135077,4.454874,3.6547194,3.8240352,3.8654244,3.196655,4.1172733,3.2580786,1.4773614,4.024407,3.779481,3.7669168,3.9536912,4.7914243,4.0822544,1.7762471,2.2242606,1.8871208,3.7524347,3.64239,3.871423,4.849068,4.120143,4.1907005,2.9174223,5.107583,3.333651,4.949923,4.2235637,2.8279426,2.5811546,4.172107,1.5466869,3.832394,3.4404278,4.1737356,3.7152865,2.850828,4.3408217,3.6751382,3.9207337,3.8112063,3.2034833,4.546441,4.856658,1.2080156,3.6956906,1.0850035,3.729417,3.2352624,3.746017,3.050218,3.943755,2.3211777,3.3436494,3.7629495,3.9000874,3.4557974,4.1838355,4.501457,3.7185245,1.4000295,4.171721,4.6445255,2.410634,2.0208616,2.6019726,3.3750827,5.1155334,4.2032995,3.8775911,3.683098,4.10375,3.8028471,3.791932,5.0725083,4.1264353,3.2509646,3.6011481,4.5610175,3.9564142,3.9300864
2.5710864,3.9995682,1.7979149,2.2641573,1.9045055,2.3749201,2.6859224,2.6797044,3.2045145,2.5701709,2.552192,2.6464992,1.5308217,2.578951,2.1499913,2.2104437,1.5451133,1.9827272,2.5937583,2.5262673,3.0080092,3.7315173,1.2464169,2.0733573,5.3079457,2.3437674,4.185365,2.666367,2.4597747,2.9157135,3.0130785,3.911703,2.509107,0.15539429,2.4326353,1.9854523,3.4903448,3.1998768,4.3737364,1.7731636,2.4612079,2.5497453,2.6092277,2.560779,1.5738996,4.1666574,3.6502676,3.0040462,2.127734,3.2122784,2.5613256,1.3969796,1.7220677,2.8239338,2.675356,1.9200387,2.9524264,3.212657,2.8726542,2.0630941,2.4247377,1.9665836,2.5500677,2.232791,2.9957714,2.6825078,2.6748326,3.4219024,3.564492,3.0385227,2.7633884,1.471862,3.102803,2.3001218,3.2697287,2.5282903,2.2942815,3.3981836,2.393617,2.3917987,3.9606452,3.3095036,2.4456956,2.0016284,2.5441751,4.1160893,2.4698968,0.5623381,1.4999632,2.1312997,2.455118,3.3518846,3.4409368,2.488085,2.5973313,3.1591763,3.3867483,1.0762508,2.4462287,2.9263818,3.134032,3.1416368,3.5278482,2.5843704,2.6389189,2.4412372,3.1455195,1.9599198,4.4067883,3.5278482,3.2715902,9.23049,2.1575406,2.911685,2.05963,2.4604158,2.295394,2.7337284,3.114281,2.3628619,2.0463932,2.3846726,1.5969957,2.388658,2.4462943,2.3130248,2.8786018,3.3279266,3.261017,2.5619678,2.8282902,3.1397645,3.05335,2.2356172,2.5350912,2.436617,2.6349165,2.6385863,2.915642,3.3452733,2.4062345,2.606293,2.546046,2.899035,2.4156027,2.3178053,3.182936,2.9353902,1.9635246,2.826572,2.4965134,2.1742187,2.388758,2.1136851,3.3508432,3.1955426,1.9290682,2.5424907,3.7717485,2.7393706,3.0124347,1.6293532,2.3836093,1.1904656,0.8925775,2.1716223,3.464721,2.3967733,2.2314239,2.030225,2.4300487,2.360903,2.4405253,2.6199176,2.614186,2.6849325,2.3870716,3.3992965,1.9338646,2.544347,3.0169432,3.503307,3.0749059,1.4210359,1.3253254,2.2045472,2.4473672,2.657373,2.7944317,1.4179596,2.3826947,2.9253817,2.451847,2.257782,4.6852193,3.0092406,2.99176,0.8509487,2.5848765,3.357693,2.5966506,2.4387333,0.743365,1.822496,1.2169191,2.2305374,2.4394097,1.6580805,1.6845891,3.7339008,2.4956264,3.843481,2.305655,2.4724517,2.2731402,1.6746699,3.488104,1.4722325,1.3032691,2.951905,2.08688,2.3946235,2.739373,4.3244395,3.1968532,2.2873204,1.747733,3.0040386,3.2155135,2.8799508,2.6951206,3.675562,2.4149234,2.6871402,2.8232434,4.2313356,3.1291733,4.045077,2.5013049,2.6066346,2.5856774,3.1465282,3.0255077,1.7575203,2.9747627,2.1329045,3.3541183,2.743047,3.6410627,2.0778005,2.258376,2.6840713,1.5774997,3.9350085,3.7566035,2.3705292,3.6598709,1.0288439,2.554231,1.3750685,2.4488971,2.3876197,2.6213946,2.6366632,1.8295617,2.4032316,2.5019112,2.702441,2.8970993,3.4710894,2.7563488,1.678102,2.7750554,4.0988107,1.8370626,2.086162,1.1374053,1.9138182,4.458581,2.8770812,2.4136174,2.1776845,3.023256,2.3202837,2.5323832,3.860789,3.1208286,1.2205536,2.7819448,3.3964202,3.6323903,2.5447345
1.4016721,3.537146,1.5681539,2.9435444,3.0755146,3.1784623,1.4521929,1.1468664,2.6302755,0.73570156,1.3401968,1.1919776,1.3396586,1.1464705,3.8335307,1.2364032,2.050405,2.8066747,3.6561925,1.8901682,1.4798058,3.0763516,1.7758806,2.619319,5.5568776,1.3498952,5.1797237,1.6706098,1.0939647,2.4039187,1.5007156,3.5093114,1.2714691,2.210954,1.2389967,0.9138501,2.9415534,1.8376325,3.4803183,1.6499817,1.162634,2.0557804,1.3138458,1.2927395,2.4765468,4.091999,3.2466834,1.5744412,1.4974437,2.702256,1.2689158,2.153454,1.3562772,0.77094007,1.6580784,3.2190926,1.5495604,2.1592946,3.8136826,3.3143246,1.4893373,2.1351738,0.6737978,1.520693,1.7963657,3.0242696,3.428923,3.091272,2.738526,1.5566535,4.444403,1.6415551,1.6672785,0.6011613,3.0858939,1.3149152,1.2805047,2.5026958,1.1251222,1.1316192,3.7386508,2.235251,1.0695747,3.358952,1.1964344,4.1385303,1.2205682,2.7348983,1.445692,0.93089,1.6910757,3.0412393,3.1558151,1.2533048,1.3975325,2.7777014,2.2911737,1.8575026,2.37373,3.0985675,2.3537629,2.593267,3.198374,1.4514704,1.3146919,1.1139292,1.7323467,0.8793848,4.5320997,3.198374,2.3160474,10.612938,2.8596892,2.3404024,1.0284182,1.2289277,1.435748,1.9959608,2.497649,2.4635775,1.3966353,1.5019401,2.2576933,1.1090616,1.2667133,1.7217007,3.4554355,3.5001643,2.6507213,0.6849943,3.8677247,1.7307416,1.6196443,1.1567028,1.1792655,1.2317773,1.2962743,0.9886814,2.6890848,2.505824,3.223906,1.3395774,2.4961448,1.4998206,1.678114,2.4735193,1.7345031,1.5095893,0.7163844,1.8429046,1.2012098,3.0071564,1.165472,0.9225344,2.9370954,1.7889363,0.8051309,3.0255969,4.62564,3.0679765,3.9215662,2.8606234,0.85273343,2.632473,2.056988,1.7981151,3.2849104,1.463361,3.6939428,2.683272,1.1868021,2.069431,1.0092946,1.2310246,1.0151273,3.1637137,1.1483155,2.555178,2.66442,1.1317323,1.56525,3.0025187,1.6525174,1.7513025,1.7684329,1.0984744,1.1909064,3.2940242,1.9041888,1.3612176,0.62748325,2.6994717,1.0315199,1.462153,4.5768704,2.3736236,1.4694372,2.4207206,3.7436526,4.3958855,1.1695724,0.76540345,2.2361624,1.513448,1.2654868,3.8529887,2.9868479,1.4594392,1.6973863,3.2310486,1.3033158,3.022679,1.3236164,1.4538147,1.2453415,1.7035995,2.6497781,1.2340668,2.790466,1.4171568,1.095557,0.68612915,0.935928,4.373902,2.8739233,3.3776295,2.4049637,3.8563695,2.7950175,1.9884837,1.1063236,3.3501353,0.6710544,1.604741,3.2236435,5.222986,2.9859135,2.8576531,2.8274472,2.2521362,4.060821,1.7528167,4.2412987,1.690122,3.6686568,1.7256751,2.6874583,3.0336266,3.398249,0.96903354,1.0017282,1.770418,1.618638,3.8307128,3.5233722,3.6070147,3.4064753,3.0483763,1.1963716,1.4300643,2.2893145,3.3974938,1.6240462,2.9563417,0.81066066,0.5921182,1.1274073,2.932545,3.5454679,3.0665383,1.6388817,2.7518482,1.948176,4.100899,2.376021,3.2625477,2.3478205,1.4761761,3.6211247,2.2837777,1.5356079,0.96067816,1.5064161,1.2573107,1.3740563,3.6812446,1.7212739,1.5020801,2.905113,3.963002,3.3716002,1.5646595
3.079413,4.566779,2.500119,2.6465774,2.508884,2.99869,3.2670598,3.2687683,3.796245,3.1561537,3.1439588,3.2087574,1.7859894,3.1404836,2.5561075,2.5347407,2.198426,2.5350192,3.1165874,2.6333432,3.58872,4.29205,1.7898573,1.9136298,5.2751,2.9138684,3.8337266,2.8731918,2.9822385,3.2913232,3.6019983,4.4052267,2.9848979,0.7691045,2.9007595,2.5025277,4.095634,3.730503,4.500434,2.349299,2.996454,2.6412752,3.1887214,3.109585,1.4924494,4.723456,4.255208,3.5832515,2.6266983,3.8154237,3.1445198,1.8487974,2.2319322,3.3031597,3.21896,2.4793549,3.5769203,3.759707,3.4327083,2.4801242,2.8585265,2.4548779,2.880417,2.4247456,3.3502126,2.4967728,3.2137184,3.985246,4.138508,3.636549,2.9277947,1.9637439,3.6857731,2.7287908,3.6275575,2.994163,2.764018,3.9839776,2.9140933,2.906101,4.5495696,3.8564239,3.0069914,2.5234191,3.031398,4.5097985,2.9668212,0.9576077,1.7565948,2.6287394,2.6219442,3.8919735,3.9778135,2.9756982,3.1942499,3.487238,3.754909,1.7257357,2.4182806,2.692648,3.723003,3.6313546,4.1070833,3.0160356,3.1874752,2.977855,3.7137997,2.4486144,4.806915,4.1070833,3.8924274,8.87507,2.7874537,3.4331505,2.478606,2.9512038,2.7374585,3.185241,3.692187,2.7977052,2.3766825,2.734189,2.1138706,2.917972,2.935779,2.7469654,3.0705888,3.1641858,3.843864,3.1312823,3.3388379,3.7036698,3.6594172,2.7856896,3.10576,2.904814,3.23461,3.0059946,3.5769243,3.8872411,2.7819395,3.1128116,2.4591305,3.5150263,2.8635168,2.4825656,3.6758249,3.5528665,2.3196342,3.4084044,3.0298874,2.548786,2.9468403,2.625015,3.914554,3.6837595,2.445077,3.1090653,4.2709265,3.3839908,3.4113128,1.8262143,2.900051,1.057699,1.0431805,2.7860372,3.7599895,2.5952582,2.6385207,2.6238904,2.9336534,2.437885,2.9791799,3.168185,3.2233477,2.9775949,2.9138646,3.9901135,2.2766526,3.105224,3.627559,4.124218,3.6772866,1.9404575,2.0244868,2.6258411,2.9547954,3.2049234,3.290416,1.849843,2.9684412,3.1200566,2.9909725,2.666271,4.961288,3.31034,3.593845,1.0475892,3.0188224,3.834248,2.9285808,3.0281553,0.8628557,2.4784355,1.5915749,2.6684775,2.6993597,1.9236909,1.7397519,4.3175225,2.9362047,4.1643534,2.8758097,3.02683,2.7531552,1.8658348,3.9718819,1.9745656,1.776899,3.5544655,2.4864705,2.9471476,3.308001,4.584754,3.664012,2.7082102,2.1417093,3.5728354,3.794936,3.477148,3.2787793,4.008689,2.7653446,3.173097,3.079366,3.8632767,3.528836,4.3412147,2.2833037,3.2656991,2.8348858,3.7125192,3.4388907,1.8730048,2.9742558,2.2308047,3.9669058,3.0892766,4.1139855,2.4500942,2.6109285,3.2567937,2.1032066,4.3580055,4.0875793,2.8662212,4.234198,1.4115173,3.1230721,1.8222026,2.500666,2.7463481,3.1607327,3.2726598,2.34045,2.9783702,2.9738138,2.8133912,2.5914605,3.8966372,3.3449767,2.30602,3.2686915,4.4980955,2.450181,2.345155,1.1584096,2.4572456,4.6929865,3.297268,2.9126558,2.6765509,3.6028228,2.8469555,2.9818647,4.1275606,3.7117813,1.4258363,3.3098443,3.123783,4.1825395,3.0668366
2.3504837,3.8575435,1.8282042,2.5222588,2.0292566,2.422615,2.5089936,2.5225184,3.0497942,2.4622085,2.3833253,2.4662533,1.29022,2.3974957,2.4236178,1.9471529,1.7245874,1.9199194,2.6216707,2.206604,2.8336256,3.5536942,1.3527718,1.7583132,5.012621,2.2255785,3.9687731,2.376836,2.260037,2.6689637,2.8498707,3.7119143,2.2690313,0.22041972,2.1918774,1.8675231,3.3477552,2.9904761,4.1146784,1.7424341,2.2905777,2.3561754,2.4324422,2.374322,1.2584548,4.048316,3.5239887,2.8237717,2.0117562,3.0681617,2.3892283,1.5369614,1.7075869,2.7434182,2.5558076,2.173389,2.8210566,3.0047436,2.9346967,2.0450497,2.2053921,2.0201333,2.3446817,2.060355,2.818743,2.3648553,2.6696336,3.3103023,3.3828433,2.8825924,3.099117,1.5002853,2.9328203,2.088052,3.0319667,2.2836792,2.1025314,3.2230215,2.1797018,2.1737213,3.846544,3.1115456,2.263472,2.2712862,2.3802485,4.018997,2.2405815,0.88043535,1.2604709,1.9331912,2.1419966,3.2378974,3.327623,2.253601,2.4311123,2.895958,3.1001627,1.2227497,2.1865516,2.627035,2.9716218,2.9561188,3.3901076,2.3221967,2.4624658,2.2616498,2.9649653,1.7488941,4.3157377,3.3901076,3.1323838,9.149196,2.2727349,2.7687945,1.8061025,2.2608275,2.1116953,2.5902133,2.967136,2.3016682,1.9063026,2.1835604,1.7612853,2.1810002,2.2147057,2.1667235,2.6403513,3.0053916,3.0916731,2.42842,2.8596897,2.954693,2.9046633,2.0972748,2.3570142,2.1929126,2.4765062,2.4164882,2.8675985,3.1405315,2.2650893,2.3841114,2.2240236,2.7557783,2.2753966,2.0291972,2.9498246,2.7969465,1.7625964,2.674547,2.29129,2.4458919,2.2599251,1.933195,3.2332673,2.959237,1.7441224,2.500868,3.7808542,2.7174783,2.9378297,1.4172729,2.1844556,0.93279946,0.5778305,2.040219,3.3737102,2.0988436,2.5433867,2.0126035,2.2047882,2.0432544,2.2512255,2.426956,2.49127,2.4993322,2.1771555,3.2420824,1.7056487,2.361733,2.8733525,3.389435,2.9224906,1.5257627,1.4042429,1.9819019,2.2243545,2.698784,2.6542683,1.3686839,2.2810335,2.7074125,2.2656956,2.0614448,4.603048,2.7235427,2.8413167,0.6030637,2.5793686,3.3857238,2.3778157,2.3098485,0.44556072,1.7260615,1.0629915,2.4047697,2.2163553,1.5444638,1.5090387,3.581413,2.3382323,3.615504,2.1877134,2.3586264,2.1406636,1.3931526,3.2516372,1.4391551,1.2712086,2.802053,1.8745854,2.23212,2.5865333,4.1068654,3.0677245,2.209258,1.6008418,3.0484605,3.0956106,2.7109146,2.534357,3.5656052,2.1919844,2.744782,2.6182435,4.010373,2.9086308,3.804391,2.2226028,2.5672376,2.919303,2.9624853,3.043951,1.6948963,2.6955917,1.9782025,3.2086039,2.5324244,3.5428097,1.8183928,2.0027158,2.5518384,1.6449782,3.8293939,3.6561902,2.4178038,3.5279658,1.2068044,2.3732414,1.387628,2.188518,2.6848528,2.500775,2.5982728,1.7450733,2.2933018,2.2739544,2.4024487,2.6046522,3.359303,2.581512,1.7708707,2.8735948,4.001049,1.7832721,1.9251379,0.8270805,1.8191617,4.2047286,2.7368267,2.2914822,1.984955,2.851973,2.19691,2.2775214,3.7679057,2.9576535,1.0175697,2.9988039,3.1022646,3.516173,2.419693
3.021814,3.760686,1.4423441,1.958213,0.8287098,1.4410938,2.8744385,2.8517017,3.0806572,2.7065182,2.7335486,2.9245682,2.6668448,2.873718,1.024463,3.1713524,1.0535012,1.759048,1.8705854,3.7420623,3.1395257,3.6250274,1.689519,3.523712,6.223236,2.6099925,5.505583,3.670783,2.9092824,3.3801968,3.119697,3.9065566,3.0607688,1.7034345,3.0278463,2.3897393,3.2184274,3.4616613,5.169898,2.0598102,2.8597052,3.7273073,2.8257048,2.8980484,2.9884772,3.7260735,3.2894936,3.133478,2.6159964,3.013614,2.777734,1.8136725,2.2087119,3.1625667,2.919627,0.38203293,2.9193144,3.3526819,1.8542125,1.8655057,3.087035,2.1883836,3.395106,3.3235216,3.4880195,4.1049247,2.225456,3.2580955,3.4814126,3.1037974,2.133553,2.0303116,3.2110736,2.989943,3.614175,3.1029422,2.9008474,3.337298,2.8529847,2.8673918,3.5147552,3.456015,2.7711205,0.5573418,3.042148,4.1960506,2.9734764,1.3454268,2.6172998,2.7333374,3.6043098,3.278224,3.3479292,3.012759,2.7453654,3.6715682,3.9981132,1.1861966,3.8036387,4.439362,3.1038005,3.3886409,3.2799003,3.222846,2.9580853,2.8477733,3.297655,2.6344512,4.3811603,3.2799003,3.1229978,10.106213,1.0457281,3.1022964,2.8625233,2.9900708,2.9448535,3.1860602,3.0852892,2.7175543,2.932061,3.2155266,1.6450408,2.8251605,2.980507,2.9109724,3.4696534,4.7036076,3.1447628,2.7862957,2.0383313,3.3075733,3.0809927,2.6208565,2.806017,3.0213068,2.7716935,3.348492,2.246347,3.4331532,2.5433426,3.0584314,3.9642246,2.9133952,2.9624653,3.2549837,3.544343,2.9376824,2.8473933,2.9412687,2.8965225,1.847753,2.7038474,2.6774447,3.2345319,3.5791337,2.5388095,2.0191534,2.9421914,1.9936235,2.7429955,2.4608603,2.8659315,2.6157954,2.3264198,2.1491916,3.946061,3.509567,1.1115179,1.567007,2.9254668,3.6370354,2.8455198,2.9482687,2.672232,3.0381477,2.8317933,3.3172853,2.53821,2.8485847,3.0336285,3.1579127,3.1126616,1.7989968,1.1339055,2.9683409,2.9287186,2.1989534,3.1395788,2.2480652,2.575858,3.8466306,2.8529468,2.9941447,5.002536,3.6953716,3.0507066,2.1231194,2.124282,2.546636,3.344545,2.6451406,2.2219768,1.8296853,2.266007,1.2834057,2.9913237,2.718189,3.0318391,3.4735527,3.0964687,4.2538295,2.5832372,2.7393217,2.8101306,2.8247392,3.7246072,2.1279154,1.5653201,3.016112,2.9164085,2.750282,2.9346125,4.792462,3.3944108,2.2233338,2.1827807,2.028629,3.0817444,2.904984,2.880356,4.090215,3.2548857,2.7307327,3.2623384,5.5731573,3.3783045,4.578755,4.019942,2.0517163,1.8579863,3.3043084,2.4154766,2.9084113,3.9390707,3.3370936,3.127479,3.079814,3.6717234,2.96139,3.157719,2.8409548,1.9337505,4.0159006,4.129725,1.6861498,3.3651853,1.2208631,2.8253796,2.112302,3.550001,1.8356564,2.8911562,1.986871,2.2941551,2.6177485,3.0829873,3.644349,4.382114,3.7208238,2.8861494,0.87431073,2.660882,4.1739945,1.7732373,2.558542,2.5441544,2.3374052,5.0151286,3.3406518,2.8373,2.760878,3.1630642,2.7226725,3.1349263,4.339745,3.1928902,2.5530086,2.0615315,4.817096,3.4449048,2.8851786
2.181836,2.9325738,3.3001752,3.9667022,3.797349,3.6717758,2.4455106,2.6407065,2.6302264,3.1406448,2.494727,2.4564261,3.0402963,2.465741,4.3343916,1.9630328,3.4492102,3.332368,3.7990427,2.6386545,2.7811463,3.0311327,2.7461343,2.9962099,4.6279564,1.9557799,3.5073557,3.2301717,2.23003,3.672212,2.6377184,3.2574809,2.4063027,3.014264,2.258488,3.397139,3.0911782,2.4619403,5.197289,2.0309687,2.031685,1.7149696,2.502698,2.1857624,2.8745418,3.829888,3.1841578,2.7709994,1.6439633,2.7798517,2.4826615,2.6727471,2.359266,3.2321942,1.7649293,4.103564,2.68725,2.810377,4.2303977,3.8903673,1.5611606,2.1908844,2.8043714,2.0011854,4.259181,3.1815288,2.7302713,2.1642652,3.0990605,2.6418808,5.082258,2.3925319,2.5597584,2.8492303,3.8654773,2.3389156,1.6981981,2.8225584,2.4378147,2.4566257,3.4995825,2.4038715,2.4747636,4.250817,1.8688043,1.8957896,2.4409392,3.3328893,3.1342223,2.114158,2.5608213,1.9108096,1.9770046,2.4150996,2.524542,3.708594,2.9084902,3.378456,1.7553067,2.7737136,2.418076,1.6342022,2.875303,2.3659368,2.1209378,2.1194992,2.487634,2.2618072,2.36905,2.875303,2.5998578,8.15854,4.2228065,1.4719803,2.323216,1.8917533,1.5002424,1.1918085,2.1313896,1.2729704,1.8072636,1.439369,2.8170414,2.4269333,2.2573297,1.2911112,3.6979651,3.036327,3.0122745,3.0144446,4.111067,2.4969416,2.6197445,1.9839005,2.4675567,2.43939,2.584193,3.3071756,3.9327452,2.7867198,3.644289,2.293313,2.5962389,2.68438,1.3712951,3.44,2.8940284,2.674155,2.96854,2.0352597,2.3681989,3.956512,2.0594468,2.0921123,2.0589404,2.675318,2.287074,4.0202723,4.5645742,3.4957128,4.181153,3.0690987,2.4679346,3.0968163,2.8861587,3.253014,1.0388637,2.6487978,4.540168,3.7554295,2.435518,2.075529,2.3478982,2.400765,3.1263523,4.0909195,2.370883,2.5000958,2.8128982,2.4668741,2.6503224,2.8326356,2.5978785,2.7959921,3.3256283,1.8809799,2.4343345,2.4789014,1.4337059,2.3669727,2.938603,0.49987563,2.289659,1.4514815,2.0480387,3.4589603,2.6896696,2.9539661,4.096111,4.4658375,3.5117261,2.7659452,2.93679,3.0817475,3.0349915,4.0874734,3.6565378,2.185198,2.399038,3.2919867,1.7136996,4.7336063,1.9647634,1.8744229,1.7990237,3.1358263,2.9130175,2.476418,3.0027416,2.71451,1.8480476,2.6797688,3.0882032,2.3192406,1.2571507,3.2760365,3.6767569,4.116362,2.1389005,2.5246942,2.7251291,1.0503434,2.775687,3.6779468,4.140231,3.639185,3.792945,4.7427936,2.377426,3.9260252,4.9835277,2.4986238,4.397499,2.740968,3.4191647,2.2089508,2.9498749,3.732033,1.6367203,2.534207,2.2538967,1.8420568,2.6705925,1.7326683,1.1628933,3.8570704,3.0331082,3.5311031,2.4955373,2.6575766,3.8612826,4.2464404,1.743759,3.4756293,3.3106232,3.062182,2.2072203,3.431122,3.1525705,1.1654108,2.4616315,3.679291,3.8239272,1.8820186,2.276601,3.1836665,2.8647206,1.8215531,5.160171,0.967575,1.6255139,2.0627859,2.620469,1.8834509,2.4670527,1.2744555,2.548759,2.5226154,4.1432624,3.1670558,2.3432302,1.6890703
2.1449296,4.0820665,2.699311,3.7151642,3.3448918,3.5361996,2.5155358,2.5358074,3.2667112,2.5702865,2.4467025,2.3944476,0.995866,2.333751,3.9749098,1.3421028,2.9284518,2.7952704,3.6986792,0.86171585,2.7456317,3.6154153,2.371869,0.6652772,4.220206,2.4687667,3.4293742,1.3136945,2.113435,2.3131866,2.8121145,3.6987247,1.9284176,1.752789,1.8589326,2.0368502,3.6034431,2.745232,3.1255193,2.4257805,2.2677057,1.7958194,2.431536,2.3164403,0.81393373,4.4363995,3.860235,2.737298,2.2754173,3.344194,2.4138656,2.599633,2.2864885,2.7173944,2.725777,3.6600542,2.949399,2.865174,4.0601406,3.0165265,1.97052,2.8326814,1.7296411,1.6714746,2.4200766,1.1154495,3.6081774,3.6742935,3.4035509,2.8826065,4.601021,2.2767315,2.8757586,1.6951195,2.7985246,1.914885,2.0056765,3.269486,2.0100417,1.9821182,4.2417684,2.9969044,2.2257411,3.775852,2.2873895,4.324751,1.9749,2.4319549,1.0433809,1.8374141,0.9332884,3.578409,3.6708407,1.9561043,2.5060976,2.4538438,2.3724573,2.4162698,1.3237488,1.3080983,3.1103475,2.9755394,3.696766,1.8420446,2.4136627,2.2103984,2.8575387,1.6506473,4.6749535,3.696766,3.3175042,9.136943,3.4472594,2.953528,1.4266324,2.0980847,2.0383067,2.6441948,3.1838477,2.8150249,1.8766834,1.89318,2.8908272,2.0441034,1.9523866,2.2627714,2.5358615,1.7634635,3.238482,2.4417028,3.9195497,2.8284585,2.94551,2.257585,2.337189,1.8420305,2.5436065,1.8142319,3.5115054,3.059926,2.7745008,2.1407783,0.77812505,2.8458982,2.3566215,1.4944528,2.53659,2.8937027,1.408907,2.8026752,2.1515508,3.6937563,2.408135,1.9170595,3.560025,2.5416718,1.7644625,3.2807083,4.7190886,3.576816,3.6240466,1.8807925,2.0073867,1.2410488,1.0681859,2.4511526,3.5223513,0.97933614,4.074007,2.9324148,1.9707304,0.8795008,2.1507611,2.312571,2.6155968,2.6265981,2.0391023,3.36442,2.0012383,2.3018734,2.9339392,3.7556705,2.9484634,2.473746,2.4960346,1.6906878,1.9988868,3.6939638,2.7300406,1.8964945,2.4483433,2.3390415,2.1768913,1.9199431,4.7557015,2.0472407,2.858391,1.4797717,3.5429664,4.4056373,1.7697717,2.4137027,1.2554089,2.3104968,1.365465,3.8307173,2.255078,1.671691,1.2219995,3.787256,2.2358086,3.0820737,2.438045,2.574476,2.2268705,0.8883101,2.9795728,2.0209012,2.4164057,2.8226907,1.6280992,2.1927187,2.5228255,3.9119918,3.285439,3.0221596,2.09125,4.1237907,3.4379754,2.8269136,2.5163991,3.6534765,1.5822291,3.2293465,2.6015575,3.4304805,2.8103678,3.0536494,1.1419272,3.198212,4.3943024,2.8454092,4.0502176,1.7895019,2.2513971,1.6193935,3.43814,2.5854788,3.8580022,1.28726,1.3926812,2.750729,2.4751897,4.106614,3.7973955,3.5632439,3.862725,2.6816964,2.3387666,2.061503,1.3495812,4.0279303,2.6716754,3.4146423,2.0206854,2.4125206,1.9425577,1.7714831,1.5730695,3.5352683,2.6239378,3.020937,3.5028489,4.3046575,2.658797,2.464118,1.0503517,2.2540057,3.433713,2.7933407,2.4522672,1.8978341,2.7752197,2.3577878,1.8530183,3.868307,2.9384446,1.0927559,4.117403,2.0951161,3.8675807,2.5672464
4.847459,5.5255575,3.1821003,1.850982,2.700731,3.2747884,4.7060823,4.619949,4.9584365,4.3427286,4.565633,4.711144,4.2647524,4.6665626,1.5676261,4.8164334,2.390088,3.7370348,3.5649278,5.4210052,4.9589443,5.5377665,2.849046,5.0775175,8.014024,4.183874,6.6874743,5.420788,4.671327,5.3685355,4.8947806,5.855004,4.9077992,3.1360455,4.846924,4.073923,5.115077,5.3008695,6.952942,3.4683747,4.5318637,4.9391665,4.653847,4.669303,4.5670233,5.539376,5.138724,4.982687,4.0678544,4.901954,4.5943017,2.720537,3.4516208,4.461668,4.423085,1.7318392,4.6595154,5.295144,3.4644682,3.6742342,4.7503023,3.1819415,4.9194827,4.5696516,5.194226,5.6859307,3.745388,4.873732,5.4251246,4.869567,0.6983632,3.1996,4.996257,4.688962,5.6308565,4.944616,4.523577,5.2411947,4.685676,4.705392,5.318428,5.3092637,4.5708838,1.5669711,4.5918164,5.4256005,4.8216505,2.510802,4.239447,4.428172,5.3030453,4.846913,4.911518,4.8613806,4.5834,5.672168,5.939985,2.701329,5.154851,5.8615065,4.948329,5.112467,5.1166973,5.0808134,4.6825423,4.5585117,5.0901194,4.3576765,5.615233,5.1166973,4.916806,10.547569,2.8408036,4.6981697,4.6202903,4.6778097,4.500399,4.624816,4.8457108,3.9577954,4.225998,4.69425,2.5191598,4.650855,4.8081584,4.3499165,5.365508,6.306823,5.10295,4.4651465,3.686663,5.1116266,4.83497,4.2202573,4.611294,4.868513,4.578627,5.056673,4.1676044,5.3811774,4.462251,4.8894925,5.520245,4.6885448,4.391326,5.105024,5.445583,4.689416,4.436244,4.6679897,4.7185698,1.7113426,4.2798386,4.339231,4.856955,5.4644356,4.230303,3.9700246,4.433548,3.863656,4.5422916,4.225623,4.6274924,4.1116195,3.8827639,4.1454244,4.969528,5.189071,0.9674156,3.5607257,4.769395,5.2459517,4.608263,4.75361,4.421744,4.9542894,4.6572614,5.127157,4.4395523,4.646021,4.7801323,4.9320903,4.8718433,2.8705432,2.8973315,4.6111946,4.771833,3.4256296,4.6306562,3.5122035,4.180748,5.2578406,4.600657,4.540465,5.894729,5.652432,4.80697,3.732181,3.8546531,4.0463023,5.0379767,4.3298607,3.7360845,3.7683966,3.7826028,2.4892411,4.909076,3.9262478,4.242609,5.382841,4.5511136,6.1695347,4.158547,4.255782,4.2601366,4.512701,5.70404,3.4463005,3.3541896,4.7756624,4.4923797,4.470763,4.6843953,6.422802,4.8609757,4.032515,4.070785,3.639178,4.7619066,4.79341,4.6567845,5.2175193,4.8657875,3.575275,5.1747155,6.766444,5.4016886,6.4394584,5.363232,3.954618,0.6534901,5.1098595,3.9689248,3.8986557,5.706783,4.4773855,5.0219007,5.060889,5.0127,4.690516,4.829435,4.468226,3.0466971,5.3173375,5.2214904,3.3721795,5.189778,2.678759,4.6406403,3.289125,5.211802,1.2802206,4.3936567,3.9133275,3.85501,4.2475114,4.8517966,5.509008,5.833084,5.0042615,4.740565,2.8648026,3.3193705,5.412548,3.5451176,4.349663,4.11938,3.8260944,6.922131,4.726297,4.2841663,4.4392996,4.94915,4.2226224,5.00207,5.307368,4.96785,3.9316943,2.153271,6.2951794,5.0700502,4.373677
4.805945,5.625674,3.1634793,1.9097582,2.6401017,3.2840962,4.706629,4.6241302,5.006878,4.330069,4.559781,4.700708,4.0277653,4.6488476,1.4791859,4.6948047,2.369278,3.6282156,3.5324116,5.2048287,4.9696765,5.5784674,2.7737503,4.765325,7.7770286,4.213224,6.4023714,5.209704,4.6353235,5.1973248,4.9253445,5.8527837,4.83114,2.8636682,4.77073,3.9434228,5.174019,5.304999,6.6908355,3.4809167,4.5261426,4.813876,4.6442466,4.658436,4.2639327,5.605243,5.218505,4.98878,4.0695105,4.953388,4.585736,2.667811,3.4242508,4.452147,4.4827423,1.7087122,4.7163506,5.284724,3.4727342,3.483844,4.7048945,3.2349148,4.800142,4.450767,5.010756,5.372189,3.8172858,4.98981,5.450978,4.910352,0.28773725,3.1480303,5.0321207,4.5710864,5.4662595,4.867878,4.4887476,5.2800665,4.624571,4.639191,5.408095,5.3360004,4.5406423,1.5316808,4.5898666,5.5546293,4.7515354,2.2237613,3.9923446,4.367038,5.1049705,4.957401,5.0258684,4.788806,4.5829015,5.493266,5.834493,2.5537863,4.966032,5.57724,4.998037,5.145868,5.1852474,4.9879427,4.6874666,4.542074,5.1210566,4.267507,5.7546105,5.1852474,4.999278,10.36046,2.7835617,4.761735,4.498786,4.649033,4.4690595,4.6609015,4.9150205,4.004482,4.153758,4.63642,2.53325,4.5957265,4.7431774,4.343434,5.1313157,6.026294,5.118347,4.4403987,3.651402,5.136921,4.886367,4.219978,4.5942283,4.781217,4.5842023,4.90985,4.1827717,5.381226,4.2812295,4.8437095,5.2606745,4.7285786,4.398507,4.8410506,5.3974214,4.737775,4.2693987,4.7180476,4.677633,1.7523261,4.298308,4.2900047,4.9675145,5.426394,4.1542706,3.8815932,4.4653053,3.9081697,4.410296,3.9694207,4.5709877,3.7811005,3.599008,4.06646,5.0454926,4.997052,0.91123563,3.4492242,4.700617,5.0449758,4.574763,4.732151,4.4126644,4.719725,4.60329,5.2001853,4.2537127,4.6243734,4.8317113,5.0397778,4.9224267,2.8161123,2.802103,4.534915,4.7066064,3.5688226,4.681835,3.4103575,4.1670513,5.192359,4.5732274,4.492473,6.031236,5.4672422,4.8460183,3.4464636,3.7255979,4.0329046,4.8629236,4.3199177,3.4399524,3.6939476,3.5650017,2.4104116,4.6721544,3.7974987,4.038024,5.433693,4.541137,5.978692,4.1838913,4.2992587,4.254079,4.252132,5.667302,3.3669024,3.1767838,4.8100257,4.408829,4.431813,4.6596837,6.399559,4.9429584,3.9121087,3.8310735,3.6742783,4.860503,4.8141475,4.653004,5.30791,4.736087,3.611351,4.9306664,6.4691353,5.252568,6.253723,5.098449,3.9331498,0.33659545,5.1369457,3.8745043,3.7204723,5.434676,4.324833,5.0792847,4.8704386,5.1463675,4.5443006,4.706784,4.5255256,3.0176191,5.443121,5.3218417,3.295208,5.2623453,2.4111595,4.621247,3.1832104,4.9076815,1.3844934,4.4470673,3.928398,3.7270525,4.217691,4.790922,5.247832,5.5072393,5.11007,4.749261,2.763426,3.3966625,5.54257,3.5400507,4.1399765,3.8236024,3.8230228,6.7042165,4.769624,4.309366,4.3873115,4.9728765,4.2365828,4.908826,5.3945737,5.013402,3.7170262,2.386604,5.9907465,5.1856203,4.4137616
0.82279265,2.9816105,1.5653282,3.3501232,2.8304741,2.8105268,0.9325961,0.77192044,2.0509176,0.83106977,0.83124316,0.7305069,1.2762647,0.6641283,3.7866745,1.0048081,2.2413762,2.3237925,3.2233076,1.5847604,1.0044855,2.438736,2.037392,2.3387992,4.92519,1.2699116,4.871578,1.3261908,0.64097697,1.7341807,1.1037409,2.8118668,0.59578854,2.1729743,0.6226915,0.9207121,2.3431795,1.2972406,3.1285563,1.7146245,0.92842245,2.2183757,0.79137933,0.85200095,2.1814883,3.464519,2.6654406,1.0437797,1.5117537,2.1204553,0.7730835,2.4108293,1.6764946,1.4331939,1.5836036,3.2057068,1.2340192,1.4963956,3.418101,2.8763294,1.1884276,2.3439279,0.967957,1.7962388,1.6195592,2.6947203,3.052786,2.6744125,2.094322,1.1789379,4.633365,1.9126325,1.2394241,0.38077927,2.3747792,0.66066784,1.0900763,1.9009416,0.4740762,0.46009335,3.1483762,1.6736236,0.5596152,3.3678389,1.166559,3.8433206,0.537379,2.7416945,1.3374141,0.65923876,1.3659226,2.659935,2.7639966,0.5740548,0.8874997,2.0809574,1.6220819,1.9832098,2.3161216,2.9137316,1.8132982,2.1212177,2.615542,0.78710234,0.96891046,0.80296737,1.2812197,0.54981977,4.183662,2.615542,1.8516576,10.354323,2.6769273,2.025961,0.5615271,0.9295906,1.3137035,1.897824,2.025375,2.4037821,1.6273841,1.4735249,2.5045989,0.48491156,0.6469663,1.676154,2.8094065,3.1213036,2.0013888,0.64948386,3.4224,1.2592093,1.2599064,1.0759975,0.6826797,0.54080474,0.8477486,0.80880415,2.234612,1.8391157,2.6370583,0.73717976,2.2510428,1.1246713,1.6612381,1.9429411,1.0969838,1.1734729,0.84361005,1.4681354,0.61578786,3.380888,1.1253965,0.7489716,2.5339217,1.1691759,0.6069621,2.5380623,4.1184688,2.6064134,3.3444424,2.3972385,0.34714943,2.3941343,1.8919079,1.2698692,3.2704391,1.1997871,3.7993326,2.2752726,0.50874865,1.792456,0.5637476,0.7098554,0.79324424,2.5721357,0.5357561,2.0408762,2.0909052,0.6347982,1.2266186,2.4986472,1.278814,2.0742548,1.7735487,0.89351225,0.5194865,3.0861886,1.7782406,1.6520768,0.8165333,2.5022447,0.631656,1.3428352,4.490351,1.713433,1.1196351,2.1657248,3.2668867,3.9212122,1.0257815,0.6760566,2.0789387,1.151503,1.3690873,3.6248243,2.3821614,1.7562656,1.9267656,2.6004066,1.3794819,2.4973955,1.2493612,1.4174507,1.343139,1.4432682,1.9405468,1.5409435,2.441307,1.0670017,1.0240145,0.4219525,0.6593131,3.8304183,2.5866268,2.8594403,1.9749895,3.4351723,2.3656354,1.4160863,0.7120992,3.2708302,0.73442364,2.2457204,2.621114,4.911945,2.2778878,2.4385955,2.7066922,1.8956956,4.284306,1.2793448,3.7658625,2.123813,3.0875762,2.0380354,2.1055915,2.3725243,3.1315935,0.599022,0.75617564,1.5277662,1.9581378,3.533147,3.4319527,3.2059896,2.8172922,2.8847084,0.67524314,1.7887688,2.0221658,3.7272959,1.556551,2.4701753,1.0700483,0.75055546,0.62567633,2.3436651,3.2480128,2.9049938,1.0969907,2.4984572,2.5506234,3.8056471,2.042017,2.7308471,2.0926583,1.4769818,3.112421,2.175951,1.5467006,0.7255752,1.0826671,1.2921008,0.6765246,3.658857,1.3103894,1.621721,3.3047934,3.6129034,2.9147637,1.523864
1.6370741,3.790401,2.718129,3.924524,3.7641292,3.8291984,2.0363858,2.0007098,2.9852324,2.0926585,2.00914,1.845506,1.327934,1.8069617,4.528889,0.7867862,3.1157663,3.169689,4.097619,0.5816127,2.1606658,3.2962148,2.5448241,1.6281345,4.446179,2.057253,3.9963918,0.99058807,1.5718137,2.3082237,2.2139547,3.5012512,1.4204834,2.4282675,1.3499285,1.9261024,3.3490252,2.1179836,2.9988215,2.3360076,1.73358,1.4645009,1.9543519,1.797412,1.7964808,4.36612,3.6476643,2.183574,1.9669393,3.100061,1.9451612,2.806313,2.1707752,2.1188517,2.2359245,4.085058,2.4164796,2.4214969,4.4184794,3.5890346,1.4686278,2.8022544,0.9716262,1.3104303,2.2183905,1.8049622,3.7999222,3.4075778,3.0445411,2.2943058,5.18115,2.3246598,2.2741454,1.1814624,2.9009085,1.393163,1.5267569,2.867417,1.5489962,1.5246533,4.0956755,2.4772782,1.7466898,4.224227,1.6839504,4.1273966,1.4913086,3.1009557,1.4475082,1.3919144,0.49397513,3.3063612,3.406596,1.463507,2.0698543,2.4859374,1.8533479,2.7331831,1.3239421,1.7108436,2.734494,2.6171553,3.4972878,1.329043,1.8547944,1.6810755,2.2409165,1.3075249,4.5265493,3.4972878,2.8785224,9.666848,3.7661405,2.585807,1.050936,1.5381585,1.5937907,2.1923769,2.8403907,2.71166,1.5705533,1.3803252,3.0523322,1.5830952,1.4621428,1.9123573,3.0182433,2.117064,2.987391,1.9277072,4.3271656,2.2132397,2.3703225,1.8366703,1.8473493,1.3642519,2.0675006,1.2893428,3.5063283,2.6846602,3.2480931,1.6038886,1.1369973,2.3208942,1.945754,1.9629949,1.9234624,2.3530927,1.1661885,2.3406363,1.6539899,3.9493105,1.9304131,1.4851531,3.2599933,1.9028584,1.4324372,3.5684388,5.0424104,3.6995084,4.07572,2.6002114,1.4737737,2.2248757,1.8764956,2.4528525,3.235659,0.41792336,4.556843,3.2723587,1.5008246,0.8305404,1.6236969,1.7726328,2.1722832,3.081775,1.5806366,2.9421456,2.463837,1.7883673,2.3651962,3.47898,2.3690424,2.5868657,2.720701,1.1726211,1.5223825,3.7963724,2.2354438,1.9252886,2.0047565,2.0768769,1.6418663,1.4890891,4.4646263,1.9534736,2.274639,2.2916553,4.050855,4.8122196,1.398777,1.9336927,2.0919614,2.3348098,1.6698633,4.388347,2.7485905,1.6418756,1.4019327,3.5505884,1.6629847,2.9701004,2.0369976,2.1245253,1.7771746,1.404863,2.6056545,1.9982067,2.989695,2.2467031,1.1733942,1.6850314,1.9794571,3.807529,2.981024,3.4869192,2.6017056,4.436551,3.1548707,2.4545517,1.9742804,3.2956917,0.89801043,2.9425147,3.0456853,4.015468,2.9193676,2.7454436,1.6110126,3.1946368,4.908164,2.236097,4.5580115,1.8751453,2.8407104,1.4602947,3.1391368,2.9139152,3.5674117,0.89788896,0.7547749,2.3091486,2.4941556,3.8617792,3.4773333,4.0362377,3.693966,3.3798828,1.8479338,2.1397328,1.776457,4.337323,2.1925635,3.553011,1.9318275,1.9750117,1.3404232,2.2176733,2.296961,3.1658154,2.1777952,3.432496,3.2730536,4.099218,2.8077161,3.073189,1.9587283,2.0512376,3.3003597,2.376204,2.0215378,1.4300419,2.1665583,1.911378,1.3710845,3.5665846,2.3484294,1.4553591,4.138715,2.6452377,3.627228,2.0946865
0.78197056,2.933424,1.604427,3.3015654,2.9586058,2.918711,0.83745897,0.5916366,2.0312347,0.6935054,0.7518841,0.5723152,1.5140454,0.5250463,3.880543,1.0290449,2.2565846,2.5081894,3.3589125,1.7621151,0.8789419,2.4419978,2.021812,2.5777617,5.114602,1.0701224,5.003036,1.5674313,0.5056646,2.0152035,0.92241853,2.8769152,0.6753081,2.3384616,0.6687411,1.0991333,2.346741,1.1935775,3.371166,1.6144253,0.7185392,2.1463356,0.70154417,0.7064429,2.4260156,3.5151043,2.6637607,0.9558874,1.3566082,2.1150293,0.6714978,2.3750331,1.5721991,1.2230833,1.3524535,3.2843382,1.0452793,1.5137451,3.5445766,3.0999157,1.0858055,2.2230468,0.9294134,1.7181301,1.84662,2.9257197,3.0743794,2.5751522,2.1076968,0.9932725,4.6922026,1.85274,1.0705458,0.5423425,2.6304495,0.724108,0.9491049,1.8723465,0.5162018,0.5287858,3.1621654,1.5934198,0.46352473,3.4474983,0.9246441,3.7222025,0.6120289,2.8736644,1.5943736,0.5743102,1.539,2.5485668,2.6567762,0.6489335,0.80957985,2.3481865,1.7379137,2.078068,2.3493755,3.0570014,1.7494038,2.038255,2.6099026,0.8920343,0.77101415,0.61243916,1.1204852,0.59588665,4.0831122,2.6099026,1.7395796,10.42013,2.8125775,1.8835018,0.7184405,0.7675773,1.1726221,1.7077192,1.9348354,2.2849889,1.5138792,1.3445945,2.4506197,0.49775934,0.6705755,1.5259359,3.084256,3.3032062,2.0442567,0.49804723,3.5691416,1.109891,1.0702492,0.8883459,0.57044894,0.66654295,0.7252268,0.9916627,2.3420284,1.8602959,2.8823042,0.7039733,2.4175427,0.9597585,1.483313,2.2575223,1.1226028,0.98786414,1.004452,1.3111548,0.5687107,3.345754,0.8954653,0.6261726,2.4229357,1.1537082,0.5923964,2.7331386,4.238788,2.6875963,3.5571475,2.6472957,0.24100485,2.636119,2.1157632,1.4621366,3.097372,1.3718007,3.8624701,2.4700854,0.58135706,1.9136702,0.4106422,0.5930047,0.71860164,2.8716946,0.5404266,1.9509124,2.321777,0.5103358,1.0319782,2.4404504,1.0928265,2.03409,1.8711975,0.8184356,0.5773575,3.0343938,1.5684767,1.6208315,0.65216684,2.4336812,0.4563914,1.2253602,4.312484,1.982214,0.92610425,2.392466,3.463865,4.0633073,1.2457061,0.47650543,2.2948434,1.3053075,1.5450764,3.748926,2.676717,1.7210661,1.9691348,2.623362,1.1613907,2.7518024,1.0546105,1.195344,1.1449018,1.7309662,2.0070562,1.4977137,2.617052,0.8771763,0.9509689,0.21873261,0.5628754,3.8365526,2.450795,3.0356596,2.267815,3.5456345,2.2702875,1.3807728,0.5475526,3.0890176,0.78211516,2.0979998,2.9263065,5.0524254,2.5271506,2.6525216,2.822552,2.0223076,4.3375406,1.1321613,3.9447649,2.1153862,3.3425305,1.9961447,2.0917432,2.6474836,2.9829159,0.802217,0.80643594,1.3406636,1.8874798,3.4034145,3.2562513,3.360339,2.8207927,3.0540774,0.57827914,1.7659867,2.3230577,3.7037017,1.3300598,2.573502,1.1773036,0.6385786,0.559111,2.6334522,3.4493554,2.7256384,1.0252957,2.6484683,2.4034853,3.682708,2.0773492,2.9571898,2.3289146,1.3579553,3.35665,1.996365,1.3428838,0.6059833,0.91044664,1.0792203,0.811641,3.4818697,1.1364448,1.7293996,3.2049823,3.7934563,2.8341608,1.303057
1.2873085,3.3985069,1.6929567,3.1916285,3.20896,3.2467034,1.3039455,0.97039366,2.5060496,0.6127531,1.2135738,1.0293186,1.564823,0.9968869,4.037223,1.2940943,2.2633321,2.8821795,3.7291913,1.9487028,1.2546184,2.914842,2.0373156,2.7806525,5.5277967,1.3479829,5.309658,1.6811141,0.99078846,2.3428645,1.2860705,3.3704228,1.1641057,2.4761045,1.1565058,1.0488766,2.803126,1.6272575,3.4151728,1.7960297,1.0927358,2.1981578,1.1691194,1.1752261,2.6606913,3.9838755,3.1201322,1.3612899,1.5811507,2.5833066,1.1344206,2.406761,1.5765465,0.7803686,1.6178142,3.4072087,1.367075,1.9758239,3.8761668,3.4277115,1.4702377,2.3117416,0.7277522,1.7019918,1.7688675,3.1431625,3.4803753,3.0101233,2.562201,1.3468088,4.7049046,1.8844601,1.4561565,0.6123836,3.0226798,1.2099109,1.2879179,2.3286924,1.0292234,1.0373843,3.6220958,2.0533156,0.9520542,3.555091,1.1580249,4.1119313,1.1136256,3.0005429,1.6620592,0.9524152,1.7396731,2.973839,3.0858777,1.1465482,1.2644109,2.7116468,2.12933,2.1048126,2.512839,3.2262595,2.2159781,2.5041153,3.0861106,1.352168,1.1911945,1.0325707,1.5214472,0.9510703,4.4982915,3.0861106,2.1552417,10.753012,2.9740577,2.2847872,1.0731862,1.1678748,1.4688584,1.9899291,2.390623,2.5550218,1.5702095,1.558328,2.4871168,1.0127859,1.1755652,1.7820511,3.4883554,3.5704699,2.5133572,0.51708823,3.9327817,1.5190531,1.4188178,1.1722397,1.0443153,1.1434649,1.1465048,0.94116205,2.6407924,2.3400044,3.2804632,1.2081307,2.6084967,1.315152,1.7210275,2.5415344,1.5132916,1.3223449,0.9298799,1.7300204,1.0812654,3.2593188,1.1465511,0.95889246,2.8525636,1.574037,0.8986721,3.0577123,4.642851,3.0679522,3.9617054,2.999005,0.75265324,2.8501863,2.2919564,1.7949063,3.3271165,1.5212198,3.9176557,2.7622554,1.0873028,2.1587994,0.89962596,1.0794275,0.8666027,3.2035632,1.0563658,2.398082,2.7421606,0.99016,1.3667064,2.8798394,1.450471,2.0110846,1.9619519,1.132671,1.0858897,3.3669384,1.8648272,1.6303623,0.59524786,2.7407563,0.92526126,1.5115912,4.580243,2.307108,1.2593782,2.634173,3.8259747,4.445227,1.1757169,0.65911585,2.4767215,1.5771692,1.5471565,4.0128074,3.0398934,1.7165709,1.9593754,3.0862122,1.3233023,2.9204183,1.3297995,1.443055,1.3091699,1.8731927,2.4813273,1.4965078,2.9474766,1.2082274,1.1861128,0.5711214,0.7159546,4.317255,2.8382716,3.454936,2.5223062,3.90175,2.7098994,1.8518051,0.9160815,3.353081,0.7168354,1.7641041,3.2552016,5.353701,2.9274597,2.7276936,2.9885044,2.2341797,4.315658,1.542543,4.3170705,1.9851981,3.731225,1.9476541,2.5431488,3.0390263,3.355557,1.0402436,1.0402352,1.7029916,1.8624637,3.7927241,3.5301175,3.706192,3.2970011,3.2683268,1.0556583,1.7176505,2.4008882,3.6428878,1.5939469,2.9581838,1.0408604,0.5438317,1.0257428,2.9736872,3.6837301,3.0405033,1.4926603,2.8893511,2.1080763,4.0721216,2.4590461,3.3632941,2.5568225,1.5878263,3.5113056,2.282786,1.565149,0.97266114,1.2880937,1.2865958,1.2749681,3.712243,1.5161176,1.7798448,3.080923,4.0692863,3.2844684,1.5539175
1.7524407,3.6359599,1.3292428,3.0564554,2.8427513,2.9535162,1.6461868,1.3266637,2.6974456,0.6729252,1.508575,1.4645885,1.5480053,1.4137213,3.6995459,1.8915759,1.9818512,2.637096,3.4768317,2.3416667,1.5705533,3.0903344,2.086002,2.9369645,5.7770705,1.8452784,5.697444,1.8628495,1.5185442,2.177401,1.6720093,3.5123746,1.575628,2.3617456,1.6227907,0.5390939,2.8892033,2.076998,3.2613528,2.0986905,1.6774117,2.8658571,1.4995909,1.6627946,2.7391043,3.981397,3.2011964,1.6461941,2.110077,2.7176402,1.4700036,2.519901,1.8756793,1.1872767,2.1931849,3.021479,1.6721355,2.1954813,3.5280783,3.081979,2.097756,2.6095097,1.3672118,2.3252485,1.3110738,3.3600373,3.5391066,3.347955,2.6956954,1.7194219,4.3886333,2.1064947,1.861404,0.98380256,2.876707,1.6499796,1.9083339,2.5340202,1.4046924,1.4030311,3.668945,2.4405189,1.331997,3.1575892,1.8588952,4.6093483,1.4972297,2.8266137,1.5759714,1.4898431,2.1507373,3.3642585,3.4691386,1.5440738,1.5415074,2.6206257,2.458026,1.7836329,3.083718,3.6423643,2.4987242,2.9749374,3.2382147,1.7738689,1.7345506,1.5900084,1.9593065,1.377848,4.942092,3.2382147,2.4252827,11.17011,2.4186382,2.7854047,1.4872799,1.7917444,2.1022582,2.6312275,2.7331614,3.014626,2.1633954,2.2586303,2.5508106,1.3933574,1.6231323,2.3862529,3.3881292,3.9298377,2.5899243,0.7457996,3.6283767,1.9519701,1.784885,1.6984848,1.4185349,1.5289947,1.4438661,1.0685843,2.2372928,2.5550191,3.0482128,1.666832,2.9937787,1.6104354,2.3484712,2.4520621,1.8254504,1.6398531,1.0926471,2.1693852,1.4995574,3.1125958,1.696285,1.5005137,3.2176173,1.9757929,1.3191136,2.6284184,4.3914332,2.8566916,3.6781862,2.915439,1.2426087,2.8137608,2.2648559,1.492414,3.970269,1.9261762,3.543882,2.3358922,1.4655384,2.6394553,1.3921787,1.5184685,0.8390196,2.8833897,1.4512441,2.7043216,2.7204928,1.3957124,1.7192507,3.0501177,1.8259903,2.0786176,1.5972729,1.7609919,1.4681145,3.5170336,2.4883845,1.9025598,0.8014993,3.402842,1.4435081,2.1505587,5.224642,2.3174539,1.6167006,2.5537515,3.4995933,4.1524954,1.1240957,0.97705764,2.4268358,1.2882066,1.459273,3.710782,2.8420503,2.1375628,2.3396733,3.159468,2.0389626,2.6194203,1.8210403,1.9872261,1.9309825,1.8230193,2.704881,1.7192531,2.806825,1.5509784,1.8061703,0.9940816,0.87471014,4.7817984,3.3578043,3.3242555,2.1375334,3.6076028,3.0348935,2.081019,1.24719,4.011112,1.2641412,1.7572197,2.9623768,5.728605,2.7517235,2.5317576,3.4232981,1.7015336,3.9527562,1.9689043,4.001741,2.290956,3.8041625,2.484844,2.6586835,2.8302972,3.850046,1.4103017,1.6235662,2.1922874,2.0000076,4.2966433,4.167925,3.4177752,3.424067,3.0172672,1.416556,1.8740079,2.259196,3.448343,2.1708896,2.729042,0.68362576,0.6279857,1.5957292,2.9769063,3.955496,3.6392863,1.7927623,2.4987543,2.0614774,4.5699167,2.5426579,3.2762482,2.5640943,2.0075912,3.3094988,2.9260035,2.1634715,1.5386599,1.688609,1.8647443,1.6468854,4.376034,1.9132453,1.9935262,2.903674,4.4059296,3.6010735,2.1503057
3.9186018,4.9121966,2.453443,2.0403998,1.839526,2.5469298,3.8878279,3.8465025,4.2124085,3.6092916,3.739134,3.8866458,2.9656768,3.8242016,1.1100638,3.7577412,1.8271502,2.62078,2.740365,4.1176457,4.1725574,4.747178,2.141218,3.5743425,6.578209,3.529567,5.3928075,4.1235304,3.7892659,4.0757446,4.1686387,4.9383774,3.8911896,1.7483336,3.8394816,3.049103,4.389462,4.467644,5.5490146,2.8467953,3.7537794,4.0389667,3.8176267,3.8412068,3.0626273,4.841181,4.472726,4.171838,3.3843126,4.1636662,3.7665331,2.1528492,2.8131316,3.865193,3.8506882,1.2355635,4.0157127,4.392575,2.7965333,2.402003,3.860038,2.8061986,3.9469955,3.6853857,4.031641,4.172538,3.1871593,4.35663,4.6015644,4.1709123,1.3485488,2.5286975,4.271181,3.6539333,4.329616,3.9265773,3.68411,4.4646134,3.720845,3.7259586,4.6832027,4.5150704,3.6992903,1.1384056,3.8634713,5.043593,3.8243735,1.1344588,2.904706,3.513323,4.0377607,4.330401,4.4028273,3.855749,3.767358,4.342849,4.796222,1.7139682,4.0326056,4.4862113,4.2180686,4.361239,4.420655,4.012857,3.9074192,3.742527,4.345206,3.3656836,5.249877,4.420655,4.288604,9.820582,2.0486853,4.0754566,3.5312734,3.8307061,3.689224,4.002037,4.1834683,3.4319715,3.4314375,3.84577,2.1325908,3.7041688,3.8255775,3.6367784,3.918134,4.85636,4.257016,3.6780539,2.8763697,4.348855,4.1648397,3.4882445,3.7671509,3.8276837,3.792024,3.954254,3.4104111,4.4913287,3.1548588,3.9512217,4.1492605,3.992456,3.716397,3.6179957,4.4747467,4.02083,3.3301418,3.9888616,3.8035946,1.8787025,3.6019883,3.4676695,4.3269606,4.5162253,3.2903214,2.9430335,3.8125725,3.1728854,3.4106336,2.7543914,3.7062042,2.5565917,2.4364593,3.1156569,4.5699873,3.9541278,1.0088388,2.4744122,3.7784731,3.9917526,3.738054,3.8921447,3.6496248,3.5283828,3.7111056,4.4572883,3.106005,3.7931902,4.116568,4.3585925,4.1956563,2.25347,1.9726791,3.6677504,3.7898934,3.1360698,4.028436,2.6796167,3.454192,4.3825636,3.7490418,3.6906881,5.6598043,4.3254013,4.112338,2.238805,2.7715654,3.3289764,3.8782697,3.5703819,2.2627196,2.7848291,2.5716796,1.7507701,3.4591677,3.040157,3.169282,4.6252894,3.8364763,4.8790617,3.4954498,3.65037,3.563657,3.1082304,4.7077217,2.6570165,2.0916727,4.0712996,3.5581958,3.620785,3.864839,5.530373,4.3106503,2.9076002,2.6492608,3.0190787,4.1911564,3.9937088,3.8634558,4.8049107,3.8314173,3.2962542,3.7248552,5.4410424,4.1399593,5.185416,4.062551,3.1378975,1.2323352,4.350484,3.035412,3.0059261,4.2011304,3.5610456,4.298092,3.7097855,4.6172695,3.5569103,3.7679803,3.843672,2.4698143,4.906622,4.841782,2.4470155,4.5046234,1.2468228,3.7870204,2.4958982,3.729613,1.7728027,3.807777,3.1327872,2.8871155,3.4760869,3.9014578,4.0111074,4.3373003,4.572042,3.930234,1.850236,3.2117264,5.0300975,2.742703,2.988849,2.6261675,3.1267745,5.563929,4.1310315,3.6539478,3.5513086,4.200683,3.5574884,3.9350717,4.9482403,4.2688484,2.759831,2.594204,4.8347893,4.540956,3.7620606
1.0486567,3.1366735,1.4158012,2.9905746,2.8695436,2.899128,1.0596936,0.76788276,2.2319179,0.5699948,0.94437766,0.8092354,1.4360961,0.76142967,3.7073176,1.122757,1.9958996,2.5418754,3.3713596,1.8963736,1.1285454,2.6907659,1.7545274,2.627563,5.368486,1.0305735,5.08769,1.7164426,0.7317587,2.233754,1.1356691,3.1406314,0.9735586,2.1848536,0.9400817,0.95965564,2.5504153,1.4878668,3.5467265,1.4476706,0.8112289,2.0890672,0.92371035,0.90962285,2.444605,3.7071555,2.8516712,1.2169118,1.2691668,2.3057523,0.8743452,2.1205604,1.3096805,0.9749519,1.3543675,3.0972855,1.1775675,1.8022892,3.5392454,3.108063,1.2134914,2.0130012,0.88994527,1.5981873,1.8981394,3.0258331,3.093422,2.7025194,2.364845,1.1888927,4.4371104,1.6011068,1.2980556,0.599934,2.8619273,1.0198044,1.004858,2.1169043,0.7832483,0.79995334,3.3452437,1.8580357,0.6823497,3.251911,0.9415354,3.8084207,0.9039555,2.691611,1.525823,0.6320847,1.6805876,2.6637344,2.7765658,0.94347024,1.00242,2.5900064,2.066834,1.8394964,2.366058,3.1287134,1.9544132,2.224318,2.800025,1.1876721,0.9409075,0.74739164,1.3660915,0.62889236,4.184008,2.800025,1.9199135,10.466887,2.7030728,1.9862146,0.84784704,0.90968424,1.1946526,1.732995,2.100888,2.2243574,1.3698953,1.3548832,2.193626,0.7551409,0.94137174,1.4984789,3.2544894,3.454423,2.2721808,0.45420355,3.5877225,1.3658379,1.2479582,0.84443414,0.78818476,0.9508185,0.90421015,1.0858744,2.4027743,2.135634,2.9839673,0.9950534,2.5082672,1.1220726,1.4531509,2.3904958,1.4560384,1.1360896,0.8972715,1.4549412,0.8353382,3.0419767,0.85167986,0.6231049,2.550481,1.488878,0.54025656,2.7785013,4.3038435,2.735465,3.6520195,2.695102,0.50990367,2.6022272,2.0433488,1.534274,3.08311,1.4893761,3.6325388,2.4638157,0.8636002,2.019551,0.6316144,0.85442924,0.74580544,2.997323,0.7927172,2.1579988,2.4294572,0.74615526,1.1953868,2.6013913,1.2799319,1.7501419,1.6721095,0.8886672,0.86217016,2.9877577,1.6103678,1.3748522,0.4258451,2.5150764,0.65353334,1.2485569,4.339381,2.2302465,1.1056906,2.3415565,3.4948657,4.101455,1.3026783,0.4156709,2.2121377,1.272824,1.3672878,3.6539989,2.8103752,1.5214621,1.8194872,2.845107,1.1239338,2.9556203,1.0070096,1.1560752,1.0494227,1.7360996,2.3126762,1.2296606,2.5850606,1.0541514,0.9436141,0.30843127,0.6888714,4.0494933,2.5395172,3.097971,2.2873387,3.5586128,2.4024107,1.593065,0.7414389,3.1147692,0.80163294,1.7701244,3.068118,5.139208,2.7449176,2.856458,2.8493228,2.028691,4.0702853,1.3860898,3.9770358,1.8764414,3.5076482,1.8486454,2.2947624,2.8150346,3.060208,0.8973864,0.9159903,1.4096025,1.6031809,3.4955194,3.2804217,3.3510778,3.0092485,2.93381,0.80942625,1.4855596,2.3784196,3.4103053,1.3248681,2.6303935,0.93847626,0.4439515,0.8263631,2.8092172,3.5319312,2.7766457,1.2448648,2.5611951,2.0766184,3.7696815,2.0645263,3.0357432,2.303263,1.2406824,3.5811622,2.0270107,1.2900716,0.6583959,1.1439421,1.0007889,1.1068387,3.4806507,1.3481481,1.5760355,2.9051714,3.9118567,2.9789767,1.2840537
0.8617517,2.0943906,2.1750052,3.9182699,3.2926786,3.0126085,0.6261752,0.69142544,1.3820531,1.3689128,0.7568842,0.6548649,2.5683384,0.7318822,4.318543,1.7198354,2.87971,2.7581935,3.4244657,2.4963748,0.49407583,1.70233,2.7264848,3.3677888,5.1186986,1.1918343,5.3451943,2.3949625,0.88376373,2.383813,0.32841614,2.2823405,1.0931227,3.1609411,1.1171919,2.0930898,1.6845193,0.48935705,3.9494634,1.9911492,0.91527647,2.7144704,0.70301056,0.71964943,3.2089858,2.9072583,1.9792709,0.54207116,1.6432239,1.5034714,0.7324517,2.990766,2.217922,1.9323357,1.1821792,3.7408361,0.536539,0.99788564,3.5957556,3.4738274,1.2771025,2.5762658,1.9100053,2.4414012,2.6669586,3.622031,2.8936758,1.871497,1.4313545,0.324554,5.297066,2.505783,0.22241323,1.6344743,2.7739737,1.0958737,1.2707839,1.1251357,1.027028,1.0590193,2.488076,0.7729972,0.8752181,3.9235148,1.1535459,3.1438801,1.0548087,3.5999336,2.6320298,1.2640388,2.2845457,1.8921719,1.9817071,1.0671206,0.7330742,2.6030397,1.7016324,2.8674772,2.93063,3.7098496,1.0314977,1.447471,1.9378489,1.2387393,0.6707564,0.8861093,0.21594004,1.44612,3.457473,1.9378489,0.8954087,10.502169,3.232053,1.4001757,1.5587411,1.0048223,1.4493474,1.5691948,1.2403439,2.3066142,2.1380856,1.7267118,2.9784272,0.9971753,1.0340164,1.7033421,3.3820732,3.7896206,1.5189505,1.2399837,3.627513,0.2561226,0.3452218,1.2134466,0.7628729,1.1881108,0.69279844,1.9484812,2.3263476,1.2585397,3.1496038,0.85018766,3.110696,0.5226128,1.6199815,2.9190135,0.97720224,0.50153327,2.1295443,0.751204,0.8614433,3.962425,1.1212368,1.2783023,1.7168274,0.8537909,1.4456701,2.9411602,4.0616965,2.5582924,3.657015,3.174151,1.0591271,3.4382143,2.9917479,1.8463482,2.9077065,2.2104156,4.392219,2.8303626,1.0581181,2.5292237,0.890385,0.6989474,1.1872246,3.2958066,0.98698306,1.0891738,2.6756003,0.7700668,0.4039276,1.6876038,0.30950093,2.73318,2.5612147,1.4219172,1.0288221,2.8728156,1.320247,2.415665,1.3957123,2.480207,0.86792076,1.5628084,3.8796053,2.375714,0.41105825,3.1408522,3.66259,4.02811,2.222359,1.1145847,3.1394677,1.8591217,2.5930579,4.05144,3.1108162,2.528172,2.87111,1.9532673,1.4636923,3.1334832,1.2159477,1.2254841,1.5210387,2.6902075,1.5315622,2.286739,3.0527375,0.4667707,1.6130693,1.1133974,1.0984561,3.3528602,1.9544702,3.1771538,2.933508,3.5054467,1.5936201,0.86938184,0.7431075,2.751057,1.8142668,2.7657754,3.3551812,5.4173317,2.6546247,3.0864851,3.494803,2.2712471,4.9686246,0.2648111,4.0521393,3.0378215,3.7026112,2.78847,1.4192894,2.9270353,2.38124,1.757177,1.6416819,0.992053,2.552011,2.801803,2.8996909,3.5387483,2.153641,3.6556904,0.7608652,2.5936859,3.243907,4.2767467,1.2126721,2.501064,2.2089808,1.4554732,1.0183576,3.1291738,4.079558,2.2614794,0.65338266,3.0697548,3.0023959,3.0979462,2.1792066,3.2780492,3.1278822,1.7152879,3.7055562,1.8005587,1.4695178,1.2276247,0.3107351,1.3475496,1.231894,3.230405,0.24315396,2.6817548,3.6411757,4.282398,2.102684,1.289162
2.4247458,3.7967725,2.506263,4.125085,2.6140745,2.732146,2.600856,2.685216,2.9818056,2.725073,2.5140579,2.610107,1.5614651,2.5414865,3.5499225,2.335356,2.9600518,1.8838645,2.7996569,1.9619013,2.772178,3.1909797,2.9256732,1.5831039,4.00427,2.9923959,4.2310386,1.7266608,2.5018551,1.3021313,2.9312062,3.1198678,2.1715586,1.9755123,2.216665,1.9856919,3.1047919,2.8791697,2.6115398,2.995041,2.7798338,3.3470263,2.5254986,2.6301312,1.3577327,3.6584742,3.3396084,2.70699,3.0368674,2.9671345,2.5313034,3.2490642,3.0362203,3.3430693,3.3277626,3.2357757,3.0275671,2.6123083,3.0601468,1.8598746,2.7059333,3.5453527,2.6310058,3.0840392,1.9929445,1.9043027,3.3445551,3.7240121,2.949967,2.9915454,4.547432,3.016996,2.9947217,2.1446533,1.5902281,2.2012029,2.7348814,2.9829705,2.2179527,2.1812525,3.6160483,3.0162318,2.4259222,3.3582044,3.0341504,4.7823296,2.1769776,2.507981,1.4220037,2.4152858,1.9460481,3.7538438,3.8210623,2.176354,2.5410779,1.4361024,2.3389993,2.4117043,2.918531,2.731679,3.0070868,3.2432115,3.2928395,2.119107,2.8016887,2.664615,3.0034125,2.1791816,4.9792314,3.2928395,3.2293913,9.79514,2.5815995,3.3782907,1.9843326,2.695178,2.8741431,3.4493077,3.2176273,3.542173,3.0398183,2.974637,3.4023821,2.2575953,2.2556455,3.141042,1.3554344,2.5912457,2.7179215,2.628767,2.8915906,2.962622,3.053287,2.8263824,2.5059803,2.0840428,2.6196744,2.0978835,2.558087,2.7452986,1.5150301,2.397783,2.188676,2.8975353,3.2241051,0.5809423,2.4964266,2.9775088,2.035514,3.047744,2.3755682,4.068939,2.9625986,2.5132782,3.6650858,2.6118364,2.288435,2.0461085,3.658895,2.7924736,2.327218,1.2328199,2.360818,1.4176635,1.4632001,1.7602795,4.5384297,1.9657968,3.8142087,1.8766133,2.1756687,2.2166812,2.487969,2.5320938,2.5835004,0.9774199,2.2698104,3.2768164,1.3487805,2.5039399,3.0405657,3.4618864,3.0582569,3.0698113,2.2994664,2.5062807,2.200843,3.7627113,3.42122,2.766287,2.720899,3.4609864,2.5480938,2.831345,5.6715927,1.4327883,2.9680793,1.4309354,2.3745606,3.3250334,1.9479319,2.652787,1.5517484,1.9047215,1.8566724,3.174348,0.8289429,2.8605025,2.666972,3.2002676,3.1507215,2.036348,2.964243,3.165854,3.0565953,1.1333333,2.6282744,2.7524898,1.9341215,2.9237535,2.5610032,2.4817283,2.5806582,4.1407757,3.7857285,2.1957953,0.80527484,3.1749592,3.4709334,2.6833172,2.6394744,4.584333,2.3523514,3.7802145,0.9624907,4.2121263,1.5786802,2.4179215,2.7171376,2.3265731,4.314071,2.9700255,2.9039361,3.0420606,1.7559384,3.1150348,3.0281518,1.2010845,4.3021235,1.9061587,2.2537563,3.1569054,3.114636,4.5588317,4.6936307,2.644852,3.394958,2.29409,2.4844463,2.8351498,1.1684992,4.286882,3.290316,2.5790117,2.2070918,2.6230671,2.4149256,1.0360472,2.4609382,4.246412,2.6292415,2.2730749,4.0144553,4.7593656,2.5929356,1.6582065,1.3629162,2.8975377,2.5329552,3.635278,3.2144713,2.4989946,2.8999205,3.047791,2.054088,4.9093924,3.0526495,2.1893692,4.368532,2.8995757,3.8366346,3.2465656
1.0216343,3.088417,1.6889707,3.3975327,3.126995,3.0894132,1.0003326,0.6784589,2.194397,0.5609454,0.9244535,0.73622304,1.6616088,0.707439,4.054222,1.2853458,2.3665547,2.709378,3.5570955,1.9310962,0.90565944,2.5694466,2.1986086,2.791212,5.3131523,1.2878369,5.2825065,1.6324009,0.7711053,2.09055,0.9741428,3.0261903,0.8978018,2.5572429,0.9274902,1.0988945,2.4731212,1.2981476,3.3082669,1.844039,0.95872337,2.351351,0.86569077,0.93389404,2.6621253,3.659854,2.8003669,1.0064732,1.6044352,2.2706258,0.8456111,2.5671473,1.7485076,1.0881867,1.5464665,3.426025,1.097629,1.6167247,3.705237,3.2902126,1.3651645,2.4245746,0.9438025,1.9031276,1.7233509,3.1257293,3.3186684,2.7778409,2.2051837,1.0445695,4.8360753,2.048013,1.1437349,0.61564344,2.7413347,0.9524051,1.2268233,1.98445,0.7641998,0.7721897,3.3039494,1.7297344,0.6824413,3.5856788,1.1310924,3.963925,0.83883274,3.0850375,1.7387143,0.8795057,1.7120701,2.7650597,2.8717906,0.8753812,0.9683319,2.4477925,1.8353996,2.2094944,2.5917854,3.2676995,1.9121553,2.2699416,2.7778964,1.1021752,0.9783161,0.86561936,1.2081777,0.89608055,4.3235946,2.7778964,1.8567619,10.725843,2.9033623,2.116778,0.988239,1.0333322,1.4428879,1.9407852,2.128558,2.5472684,1.730919,1.592988,2.6270812,0.74964076,0.92865187,1.7851363,3.2793622,3.515458,2.1734822,0.3715232,3.7514615,1.1992182,1.1291456,1.1287847,0.75933486,0.893981,0.85338,0.9253534,2.397643,1.9900006,3.0790863,0.92562246,2.624292,1.0220802,1.7261708,2.4162443,1.1585242,1.042699,1.0884962,1.5011643,0.80267423,3.4542034,1.0988426,0.91544795,2.624925,1.2313837,0.87849677,2.8556864,4.4133077,2.8451371,3.7401893,2.895752,0.5334756,2.8705544,2.3417177,1.5770297,3.330659,1.5233182,3.9962854,2.6115415,0.8183545,2.1502407,0.66918194,0.7848896,0.6431399,3.0088038,0.79909766,2.092191,2.5726736,0.7033768,1.0832192,2.5866518,1.1570259,2.193087,1.9981161,1.1022408,0.8117815,3.2717686,1.7839603,1.8192651,0.6257622,2.7046204,0.7112954,1.5001212,4.535986,2.0737112,0.9624849,2.634769,3.6526117,4.244522,1.1879493,0.52360094,2.525953,1.4437764,1.6935283,3.9492311,2.8539898,1.9251261,2.166192,2.7453814,1.3676324,2.702517,1.2757099,1.39786,1.3649634,1.8899195,2.1304715,1.679405,2.8651636,0.90893924,1.2221793,0.3785123,0.41183648,4.089517,2.6918526,3.2741249,2.4160936,3.7130847,2.4707067,1.5363637,0.602205,3.3147266,0.84021086,2.0442,3.0582337,5.327522,2.642881,2.5502627,3.0577924,2.0443661,4.4553905,1.2225577,4.1357384,2.2619045,3.5727184,2.175089,2.2148654,2.8034427,3.2067668,1.0099999,1.0319407,1.5484363,2.0442533,3.638468,3.4861598,3.559812,2.9872704,3.271896,0.759066,1.9311144,2.4003508,3.81651,1.5311126,2.7313962,1.1982102,0.56200206,0.81805897,2.8134794,3.679704,2.9491522,1.1823938,2.8111913,2.3662841,3.9228926,2.336268,3.2079682,2.5699673,1.6090475,3.3076487,2.2329588,1.5665004,0.9029793,0.9673269,1.2944646,1.014585,3.7098317,1.2126597,1.9417495,3.247633,4.032159,3.0356092,1.5145049
1.2780316,3.012557,1.8424544,3.4057229,3.3400464,3.2504704,1.0996468,0.73338795,2.2089345,0.6749549,1.0657231,0.8752771,2.2347279,0.8971276,4.2259674,1.6944358,2.4794412,3.0248935,3.7649179,2.4793162,0.9180023,2.59776,2.3532262,3.3661826,5.7454305,1.232601,5.6916094,2.2434711,1.022813,2.6029263,0.8657292,3.1570542,1.3187305,2.9636502,1.3287919,1.5735757,2.4819438,1.3337137,3.840382,1.8846668,1.0222533,2.563534,1.0189638,1.0583146,3.2165506,3.706628,2.7848406,1.0620657,1.6312929,2.2914462,0.99437046,2.6767836,1.8260044,0.99275,1.3789756,3.571237,0.898532,1.7552412,3.8735886,3.6626084,1.5478313,2.3923278,1.3684596,2.1310198,2.2397408,3.6989474,3.3826249,2.661174,2.258666,0.8940573,4.976497,2.1683311,1.0322462,1.2311898,3.191726,1.3567921,1.3782846,1.9903545,1.1602013,1.1883327,3.2958004,1.7240659,0.9513781,3.7318351,1.1204839,3.8420742,1.2532046,3.4101727,2.319295,1.1946732,2.2595744,2.649244,2.7556467,1.288607,1.0861063,2.9437594,2.203138,2.4787157,2.9435365,3.7562225,1.8887172,2.2720196,2.780254,1.5324187,1.0043646,0.99730796,1.1217307,1.3212792,4.2122555,2.780254,1.7206167,10.981498,3.1120229,2.033238,1.5028279,1.1876912,1.558271,1.8622632,2.0645359,2.5262628,1.8849335,1.7454493,2.67455,1.1228576,1.2928115,1.8213601,3.7793124,4.0259385,2.274725,0.62696266,3.9643073,1.1404889,0.94440454,1.1712973,0.95039386,1.3558979,0.9297364,1.5267111,2.5349443,2.1022048,3.4941392,1.2135166,3.1444485,0.9071516,1.716877,3.017848,1.421852,0.87379616,1.6449169,1.4123297,1.0980338,3.4834416,1.0492299,1.1689237,2.5007265,1.4398571,1.2487822,3.1494355,4.559572,2.9544601,4.0734253,3.3801901,0.95227206,3.3995957,2.8546677,1.9277726,3.21434,2.0849044,4.124668,2.9266994,1.232577,2.6184788,0.9340821,0.98244536,0.79362404,3.516481,1.1542865,2.000571,3.0168796,0.9186085,0.888911,2.4920092,0.9809826,2.31016,2.2491083,1.4059181,1.213435,3.2324398,1.6571456,2.035605,0.736712,2.8455613,0.9296525,1.6573484,4.356258,2.6134434,0.8043497,3.1187844,3.962623,4.437553,1.7890968,0.65879434,3.018985,1.7724671,2.1781495,4.158185,3.373945,2.1735742,2.5340521,2.777142,1.3706614,3.1825724,1.2358608,1.2813547,1.3807672,2.4987912,2.3288047,1.8701904,3.213891,0.77294666,1.5115248,0.7525205,0.6830582,4.208863,2.5954902,3.586542,2.9261603,3.8539205,2.3728967,1.5928668,0.7131078,3.1686692,1.3713455,1.9284488,3.5832555,5.7518525,3.0719035,3.0137944,3.5079582,2.238869,4.583694,1.160147,4.4051375,2.53399,4.094708,2.4362195,2.2103794,3.275002,3.0433617,1.583994,1.5075722,1.4297338,2.1249654,3.5060124,3.338778,3.8056092,2.993111,3.614809,0.96477824,2.1337574,3.0370033,3.8420367,1.3845187,2.882676,1.6031591,0.7833755,1.1623478,3.3852491,4.2127757,2.7841165,1.2573303,3.0710316,2.216266,3.7975893,2.4843004,3.6311622,3.0953317,1.6715252,3.7911534,2.1496704,1.5055624,1.1719483,0.89444095,1.2604113,1.4715241,3.5759654,1.0681757,2.370776,3.1134117,4.531732,2.9367595,1.4051124
1.0455655,2.2038155,1.7078849,3.505238,2.8988273,2.654081,0.62485224,0.51789063,1.4169883,1.0450594,0.64254016,0.6639427,2.477817,0.71300435,3.9037247,1.8743697,2.4315429,2.5140817,3.1414557,2.7010596,0.5332127,1.8444712,2.420715,3.4565487,5.4540453,1.0670296,5.5754075,2.5264776,0.95655566,2.4195418,0.37314555,2.4561896,1.2431985,2.9383583,1.2700434,1.8237051,1.670133,0.9290532,4.0805006,1.761787,0.9424482,2.864022,0.6494654,0.7970437,3.2229319,2.8863776,1.9505099,0.611708,1.5784723,1.4845521,0.6441066,2.7076652,1.9813373,1.733333,1.1731308,3.285913,0.11115161,1.1966944,3.2494044,3.2228878,1.4703113,2.3399029,1.9615366,2.5014257,2.5609906,3.7912855,2.7054393,1.9189906,1.5455643,0.30433762,4.8695283,2.2627213,0.4766148,1.608402,2.834072,1.2762916,1.3596115,1.2479131,1.0627034,1.1016062,2.4568398,1.1099603,0.81065524,3.465832,1.229406,3.288841,1.1580752,3.3121376,2.5286546,1.2605467,2.4797213,1.9651047,2.0595798,1.1950128,0.60822964,2.7050662,2.058045,2.4844239,3.1241012,3.9354596,1.1245645,1.6955733,1.9627299,1.458053,0.7677533,0.9133182,0.6128417,1.4077246,3.5877829,1.9627299,0.9000741,10.6960745,2.7728722,1.5224723,1.6109698,1.1417755,1.544095,1.6953535,1.3261635,2.2610612,2.1322384,1.8771791,2.6452641,1.0150805,1.1730037,1.7554928,3.426159,4.0661626,1.5377997,0.9883086,3.335612,0.6494099,0.26208502,1.1174808,0.7056173,1.3109595,0.51246005,1.9586748,1.9550318,1.4575686,3.0269265,1.0324346,3.315082,0.22933042,1.6726729,2.955511,1.2528121,0.16044402,2.047273,0.81781965,0.92634827,3.5505345,1.0127805,1.2388471,1.7790537,1.2202778,1.3517666,2.6385467,3.8224144,2.2468107,3.4895463,3.1019008,1.0546494,3.3665798,2.8830113,1.5702518,3.0411515,2.3693383,3.9346,2.4971044,1.1376009,2.7450666,0.89254713,0.769552,0.84033036,3.2114959,1.0228909,1.2230217,2.642335,0.74192196,0.19453019,1.6454772,0.31262413,2.4206579,2.1495986,1.5255553,1.1093211,2.6513798,1.4350293,2.2293875,1.077719,2.7499583,0.87864417,1.6756752,4.0610766,2.5232017,0.2547191,3.0092807,3.4124353,3.7609751,2.2016418,0.83537936,3.011861,1.5172584,2.4077482,3.6946952,3.0759094,2.450008,2.8532977,1.98478,1.5378306,3.171891,1.0842326,1.1413262,1.4902382,2.6462226,1.8053274,2.0549278,2.8372462,0.27098614,1.6782497,0.9609763,0.89967144,3.67673,2.0974226,3.024197,2.7369323,3.1821947,1.6239377,0.87974316,0.581633,2.931884,1.8613304,2.402827,3.3068845,5.6483774,2.6710052,3.182034,3.6723015,1.8517174,4.5172687,0.6486047,3.8000364,2.9283178,3.8410206,2.8172324,1.3997409,2.8954065,2.4930675,1.8017684,1.7665447,0.98721755,2.2506309,2.9525468,3.0664086,3.243155,2.1699333,3.3642433,0.7151801,2.3521662,3.252673,3.8448431,1.1998043,2.2019696,1.9225649,1.1527704,1.1868421,3.2429109,4.2622695,2.4165862,0.6637291,2.685229,2.6062932,3.242968,1.9634174,3.2067633,3.06699,1.5699193,3.8311298,1.9513671,1.4548514,1.2332435,0.45392725,1.274042,1.4016888,3.395697,0.445575,2.594286,3.1638556,4.525412,2.172816,1.2858824
1.1303976,2.8023248,1.9037143,3.526299,3.3282332,3.1933324,0.93423116,0.61028653,2.015446,0.7995415,0.9296297,0.73165536,2.2947524,0.7699325,4.252594,1.6573195,2.5676432,2.9587743,3.688257,2.454154,0.7358196,2.3903363,2.430328,3.3536496,5.5958986,1.166326,5.6076846,2.2469401,0.9141251,2.5308368,0.66117465,2.955244,1.2102531,3.0041163,1.2242944,1.6751592,2.2944398,1.1180273,3.844479,1.8836125,0.920976,2.5706573,0.87546825,0.9118452,3.2041085,3.5243177,2.5977373,0.8803476,1.5946999,2.1059065,0.86010945,2.7413454,1.8963758,1.2078373,1.2792075,3.612461,0.7295361,1.5631969,3.8113089,3.6191323,1.4390733,2.4178312,1.4562074,2.1745484,2.316364,3.6674817,3.2692099,2.475222,2.0610325,0.6896123,5.0593348,2.2313845,0.8148784,1.2800219,3.0834188,1.2421787,1.3001431,1.7855119,1.0658708,1.0965632,3.1103332,1.5028881,0.853882,3.779346,1.0565718,3.6751616,1.1483499,3.4537833,2.3757565,1.1528071,2.2331433,2.4686575,2.5723855,1.1801902,0.94307035,2.8479102,2.0560904,2.564139,2.917981,3.7290058,1.6869553,2.075364,2.5867462,1.4174244,0.8518153,0.89340883,0.89924526,1.3023537,4.035823,2.5867462,1.5204365,10.875083,3.1370904,1.8683665,1.4711704,1.080125,1.4867723,1.7567368,1.8693728,2.4558713,1.9123845,1.6976681,2.7371194,1.0280236,1.1772883,1.7567216,3.6829567,3.956821,2.093408,0.71402305,3.889323,0.9196649,0.7424244,1.121952,0.8264228,1.2627169,0.7936945,1.5862749,2.4724493,1.9010297,3.4120865,1.0710068,3.1164474,0.7362188,1.6528772,2.9802666,1.2661856,0.69950163,1.7325549,1.2313341,0.9755563,3.5964909,0.99713427,1.1365875,2.3144414,1.260147,1.2467396,3.0961576,4.4498816,2.8581848,3.9794388,3.327762,0.8997492,3.4023037,2.8764691,1.8844995,3.123283,2.0798128,4.192141,2.8982525,1.1325382,2.5721178,0.84053695,0.83849055,0.81776446,3.4589908,1.0522735,1.7887877,2.9307375,0.7985466,0.6962286,2.3033917,0.77388626,2.3990366,2.3124535,1.3576617,1.1098784,3.1442215,1.5366385,2.1066108,0.85386,2.7388012,0.8307878,1.5922463,4.2324286,2.5340908,0.6121739,3.1173162,3.895693,4.347997,1.8595724,0.6915501,3.0392022,1.7677858,2.2616942,4.13788,3.3058918,2.2360075,2.5951865,2.5851896,1.3361309,3.1492877,1.1752809,1.2115799,1.363758,2.525817,2.134363,1.9492607,3.1735432,0.5912438,1.489664,0.75961787,0.6956968,4.0101156,2.4341147,3.4926302,2.9192164,3.775324,2.187971,1.4092592,0.6050311,3.0518148,1.432571,2.1226642,3.5233407,5.6706543,2.9642282,3.0025697,3.4888358,2.2282095,4.6807704,0.93916833,4.328461,2.639501,3.9989505,2.4962883,2.022134,3.1868057,2.880188,1.5836582,1.4908487,1.2866865,2.2116327,3.336343,3.2193496,3.7460864,2.8009286,3.6251702,0.8384384,2.2286344,3.0695157,3.9463449,1.2910206,2.7889595,1.7312225,0.9071052,1.0604312,3.3139286,4.171773,2.6441789,1.0810157,3.0676413,2.3978007,3.6301615,2.4029012,3.5482733,3.0937517,1.6473283,3.7505326,2.0378892,1.4495258,1.124505,0.6869658,1.225223,1.3666556,3.4774404,0.8516293,2.4272835,3.2348027,4.4642854,2.7435768,1.3252769
2.9567716,4.2205143,1.821815,0.93917114,2.3244283,2.7656727,2.9344888,2.8270962,3.5132804,2.610105,2.803883,2.865277,2.4598053,2.821673,2.1400933,2.7090719,1.0783902,2.8191261,3.1674702,3.4268157,3.2221642,4.141498,0.7082733,3.3444595,6.5122786,2.2096756,5.1400185,3.5630689,2.7343307,3.9324515,3.1299736,4.5199184,3.023345,1.6122574,2.920697,2.4559333,3.8318045,3.489334,5.436558,1.4352905,2.546637,2.680948,2.8712304,2.7763412,2.9214644,4.6191545,3.954963,3.2678492,1.9618739,3.5327802,2.8027723,0.46932533,1.2672513,2.5538354,2.4456506,1.808518,2.961589,3.671083,3.3210592,3.0907114,2.6850393,1.1079615,2.851337,2.3066545,3.722355,3.9289892,2.835621,3.4262471,3.9908195,3.1228826,2.2702854,0.97195214,3.2322154,2.7691722,4.348512,3.0430722,2.4447737,3.727854,2.8233159,2.8454568,4.2926083,3.5938969,2.726335,1.8558431,2.5014837,3.9617434,2.95622,1.3937644,2.5026045,2.4109333,3.3007483,3.3201232,3.4180405,2.987313,2.8433268,4.2390094,4.1291604,1.2832136,3.0084796,3.9034138,3.3677375,3.360163,3.846201,3.181998,2.7618523,2.5969229,3.3033895,2.3733666,4.3133693,3.846201,3.3652906,9.717278,2.5084152,2.8867428,2.649525,2.6533577,2.382361,2.5707145,3.247257,2.047118,1.9685184,2.498055,0.41886467,2.7882593,2.9035523,2.2253067,4.1725836,4.460032,3.7253447,2.681898,3.4278858,3.324336,3.1030154,2.2041438,2.7873223,2.9863307,2.8235228,3.2227414,3.3258176,3.82122,3.533709,3.0041456,3.5491788,2.9821177,2.2671964,3.6053493,3.6708574,2.9751818,2.5144053,2.8766654,2.8529093,0.88595456,2.280887,2.3086827,3.3415537,3.6454027,2.2390277,3.3022346,4.281888,3.1013753,3.9823034,2.9756262,2.7078679,2.6553214,2.2367356,2.8080194,3.0595958,3.1828718,1.8411192,2.7920322,2.9045756,3.1950402,2.6964767,2.89745,2.7666898,3.9363616,2.7869766,3.5680692,3.0812693,2.802278,3.0522153,3.63833,3.1358418,0.7025443,1.5690368,2.5131598,2.9085724,2.3750622,2.6242912,1.3045454,2.369998,3.1699243,2.6745334,2.400715,4.2537208,4.0424924,3.0623536,2.3021443,3.4573674,3.938807,3.2711728,2.5072823,2.1706192,2.3282597,1.9735029,2.604954,3.7263575,1.6842669,2.0950801,4.146043,2.389083,4.8365674,2.1791506,2.2594159,2.1188009,2.8110294,4.1048985,1.2900971,2.2997673,3.0328743,2.3509495,2.5985496,2.9497542,4.8400116,3.109628,3.1861901,2.953351,3.4116793,3.2592733,3.180763,2.8735147,3.3318043,2.8444452,1.9290054,4.101179,5.2242002,4.164539,4.936874,3.372159,3.0137677,2.0272963,3.3296423,3.7961318,1.7488176,4.314429,2.237709,3.6573913,3.9065053,3.4244237,2.7252386,2.7602348,2.6010938,0.8787022,3.7838771,3.3989296,3.0247443,3.9945219,1.9812192,2.8258214,1.1170261,3.6412706,1.2085667,2.4010787,3.092556,2.1495783,2.472853,2.8775654,4.0100465,4.108576,3.185673,3.020583,2.2426841,1.8287321,3.9416347,2.115446,3.2824802,2.5344675,1.763405,5.522346,2.6946514,2.1970093,2.4096916,3.1715426,2.1516066,3.1318038,3.4478912,3.2191207,1.8935801,1.5077829,4.5535297,3.6983364,2.3385115
3.7681096,4.7672234,2.2974176,1.5382555,1.9019216,2.5650735,3.7242503,3.6671646,4.084089,3.4327338,3.5787296,3.7126865,2.9559503,3.656038,1.1227796,3.6015286,1.5412261,2.710985,2.8283374,4.0853167,4.0167828,4.6590776,1.7941724,3.6534848,6.7125225,3.2479331,5.4087844,4.134672,3.612246,4.184776,3.9817808,4.9116745,3.7788126,1.7339914,3.7112935,2.9929972,4.2966247,4.310354,5.7142234,2.5126889,3.5243154,3.778094,3.6590712,3.6522534,3.1470892,4.819582,4.376047,4.0287123,3.0759497,4.0489807,3.6016915,1.7327712,2.4711082,3.6074116,3.5409977,1.1468621,3.8089008,4.301735,2.8986907,2.6416032,3.6470554,2.370357,3.7872725,3.4241114,4.0975842,4.2609453,3.0335486,4.1248407,4.522631,3.9771485,1.1840298,2.1734068,4.0831947,3.5457087,4.4758797,3.8103895,3.449659,4.3461514,3.5914323,3.6028924,4.610337,4.3580885,3.5395386,1.0628078,3.5948777,4.740605,3.70829,1.0944604,2.9232304,3.3234732,3.9898689,4.0777373,4.1545277,3.7409732,3.6082666,4.46667,4.762483,1.5732975,3.8691125,4.4683814,4.056384,4.1576242,4.3091607,3.916869,3.6937985,3.5331466,4.159474,3.2089744,4.9763246,4.3091607,4.100508,9.775904,2.143409,3.8065484,3.4177108,3.6174998,3.4320219,3.6859853,3.9832811,3.0750682,3.1357646,3.5876637,1.6751815,3.5674684,3.692206,3.3342383,4.1206207,4.9012804,4.190777,3.510744,3.0072534,4.1698895,3.962318,3.2278562,3.6022558,3.7240975,3.6216362,3.9019172,3.4281058,4.40577,3.3474426,3.808612,4.1332893,3.803265,3.4047897,3.7691326,4.3852296,3.8201997,3.238723,3.7601354,3.6553278,1.3649147,3.3299859,3.2578425,4.087075,4.4051294,3.1118083,3.0929613,3.9176238,3.1477914,3.626551,2.9080267,3.5506673,2.6851523,2.478266,3.1155624,4.180099,3.8962712,0.82256126,2.6015587,3.6591823,3.9125307,3.5631814,3.7285798,3.503226,3.7754197,3.5714731,4.281346,3.1920886,3.6284907,3.912482,4.1969433,3.9944868,1.8836513,1.8591651,3.4705334,3.6678412,2.837702,3.7199688,2.3913174,3.2517302,4.137909,3.5635417,3.4416723,5.265453,4.4073734,3.9179337,2.33351,2.9862385,3.472853,3.8628397,3.377325,2.3196993,2.7281158,2.509958,1.859415,3.6644216,2.769056,2.9822762,4.559117,3.5444007,5.0376854,3.2154,3.347899,3.2644482,3.1668637,4.6586113,2.3677971,2.157554,3.8809092,3.3448133,3.451109,3.724503,5.4087563,4.0185823,3.011954,2.846096,3.0834653,3.9699101,3.8536105,3.6956952,4.431644,3.7024262,2.9594812,3.9722595,5.4727583,4.277766,5.2948966,3.9961178,3.1549702,1.0258665,4.1715393,3.247313,2.7521267,4.3693438,3.3084693,4.186611,3.890201,4.300816,3.4652262,3.6278965,3.5736005,2.0986447,4.6038537,4.465935,2.5792162,4.406113,1.4088961,3.6284103,2.1966932,3.8733246,1.2574899,3.4990053,3.1318731,2.7816808,3.3004467,3.7437558,4.1666207,4.4128,4.2240973,3.7736435,1.9279685,2.8381648,4.7265434,2.5689342,3.1435006,2.7041898,2.8260338,5.7394795,3.8046682,3.3379133,3.3492596,4.019794,3.2619448,3.845585,4.554193,4.0734916,2.6248713,2.1371505,4.8943872,4.331319,3.4530482
1.542119,3.6146593,1.9587686,2.837731,3.3434227,3.453667,1.6920233,1.4752561,2.795997,1.3382185,1.6190999,1.4442663,1.6186712,1.4185454,3.9485893,1.0704414,2.2125225,3.1063814,3.8906946,1.9196444,1.8221245,3.287872,1.6340567,2.6375191,5.59523,1.1831927,4.8510833,2.013893,1.2372049,2.9180589,1.7528212,3.7249236,1.5289466,2.2618096,1.4188213,1.5945015,3.1879735,2.009085,4.002672,1.3946964,1.1153768,1.3929793,1.5978951,1.4052665,2.522187,4.3271384,3.4579663,1.9152359,1.0984502,2.901186,1.5449119,1.886857,1.0447251,0.9864462,1.3767047,3.408739,1.7934183,2.4593267,4.11559,3.6362846,1.2532572,1.7397861,0.823734,0.8633487,2.510557,3.025937,3.4094005,3.0016646,3.0280266,1.7948058,4.447592,1.3434466,1.8691299,1.128359,3.533466,1.5317066,1.0282352,2.738323,1.4214753,1.4383508,3.9437342,2.359538,1.3695377,3.5422466,0.89280254,3.7681546,1.5072374,2.7511218,1.7616708,0.9527035,1.7447153,2.8841329,3.0033197,1.5216517,1.6813958,3.2248907,2.5497985,2.0853655,1.9081651,2.8637238,2.4789968,2.4627316,3.340621,1.6612921,1.3538176,1.1526271,1.902008,1.0193893,4.2176957,3.340621,2.4633498,10.136238,3.2905402,2.1143186,1.2024446,1.1285057,1.0557512,1.5442604,2.5010562,2.0165224,0.7444369,0.97429085,2.045597,1.3991677,1.4536439,1.2414492,3.750131,3.393054,2.944023,1.2778186,4.146394,1.9114853,1.8325033,1.0076646,1.4573283,1.509969,1.6001838,1.5738455,3.1962047,2.7504137,3.5554972,1.5324473,2.3672209,1.7769849,1.1911607,2.822204,2.0972414,1.7632436,1.1329503,1.834435,1.4447349,2.9063127,1.0259612,0.8901889,2.8356645,2.0563045,0.934406,3.487105,4.8886547,3.3622732,4.257352,3.0249643,1.160976,2.7006552,2.1468275,2.3087044,2.6652408,1.5666069,3.8077753,3.10964,1.4760971,1.8832597,1.225124,1.4680554,1.5923774,3.619933,1.4057246,2.6574788,2.854392,1.4118382,1.793745,3.1304314,1.855422,1.5842654,2.0880644,0.9091726,1.4786215,3.136523,1.539716,1.0589536,1.1298865,2.180423,1.1997228,1.0519551,3.9885519,2.7974863,1.7352784,2.5222118,4.052748,4.6664014,1.7688699,1.192761,2.3045886,1.9765792,1.5045882,4.005855,3.3544974,0.96622366,1.3144151,3.4886806,0.7957371,3.6511996,1.1597203,1.2032766,0.79722434,2.0056303,2.9091513,1.0345228,2.921102,1.7063026,0.7833328,1.1289091,1.5204823,4.1632013,2.5515652,3.5607343,2.8529177,4.131149,2.7466533,2.2106519,1.4890348,2.7781816,0.96695274,1.6576812,3.677824,4.9119444,3.441533,3.468269,2.5060723,2.8331637,4.119505,1.9326954,4.522772,1.2944173,3.7946093,1.1309323,2.9317775,3.4451668,3.0688312,1.2166183,1.0131316,1.635258,1.410605,3.4788837,2.9612215,3.8486624,3.555692,3.1694224,1.4908597,1.2244331,2.6816742,3.3236275,1.3309059,3.2782784,1.3912472,1.212449,1.249851,3.2024047,3.4198267,2.614087,1.870854,3.064513,1.9613866,3.7337704,2.383565,3.4294665,2.4137743,1.1852129,4.191441,1.7963508,1.1223105,0.93177235,1.7574093,0.94590044,1.6463468,3.0493512,1.9058274,1.3591002,2.8981378,3.7942982,3.301242,1.2257417
0.82279265,2.9816105,1.5653282,3.3501232,2.8304741,2.8105268,0.9325961,0.77192044,2.0509176,0.83106977,0.83124316,0.7305069,1.2762647,0.6641283,3.7866745,1.0048081,2.2413762,2.3237925,3.2233076,1.5847604,1.0044855,2.438736,2.037392,2.3387992,4.92519,1.2699116,4.871578,1.3261908,0.64097697,1.7341807,1.1037409,2.8118668,0.59578854,2.1729743,0.6226915,0.9207121,2.3431795,1.2972406,3.1285563,1.7146245,0.92842245,2.2183757,0.79137933,0.85200095,2.1814883,3.464519,2.6654406,1.0437797,1.5117537,2.1204553,0.7730835,2.4108293,1.6764946,1.4331939,1.5836036,3.2057068,1.2340192,1.4963956,3.418101,2.8763294,1.1884276,2.3439279,0.967957,1.7962388,1.6195592,2.6947203,3.052786,2.6744125,2.094322,1.1789379,4.633365,1.9126325,1.2394241,0.38077927,2.3747792,0.66066784,1.0900763,1.9009416,0.4740762,0.46009335,3.1483762,1.6736236,0.5596152,3.3678389,1.166559,3.8433206,0.537379,2.7416945,1.3374141,0.65923876,1.3659226,2.659935,2.7639966,0.5740548,0.8874997,2.0809574,1.6220819,1.9832098,2.3161216,2.9137316,1.8132982,2.1212177,2.615542,0.78710234,0.96891046,0.80296737,1.2812197,0.54981977,4.183662,2.615542,1.8516576,10.354323,2.6769273,2.025961,0.5615271,0.9295906,1.3137035,1.897824,2.025375,2.4037821,1.6273841,1.4735249,2.5045989,0.48491156,0.6469663,1.676154,2.8094065,3.1213036,2.0013888,0.64948386,3.4224,1.2592093,1.2599064,1.0759975,0.6826797,0.54080474,0.8477486,0.80880415,2.234612,1.8391157,2.6370583,0.73717976,2.2510428,1.1246713,1.6612381,1.9429411,1.0969838,1.1734729,0.84361005,1.4681354,0.61578786,3.380888,1.1253965,0.7489716,2.5339217,1.1691759,0.6069621,2.5380623,4.1184688,2.6064134,3.3444424,2.3972385,0.34714943,2.3941343,1.8919079,1.2698692,3.2704391,1.1997871,3.7993326,2.2752726,0.50874865,1.792456,0.5637476,0.7098554,0.79324424,2.5721357,0.5357561,2.0408762,2.0909052,0.6347982,1.2266186,2.4986472,1.278814,2.0742548,1.7735487,0.89351225,0.5194865,3.0861886,1.7782406,1.6520768,0.8165333,2.5022447,0.631656,1.3428352,4.490351,1.713433,1.1196351,2.1657248,3.2668867,3.9212122,1.0257815,0.6760566,2.0789387,1.151503,1.3690873,3.6248243,2.3821614,1.7562656,1.9267656,2.6004066,1.3794819,2.4973955,1.2493612,1.4174507,1.343139,1.4432682,1.9405468,1.5409435,2.441307,1.0670017,1.0240145,0.4219525,0.6593131,3.8304183,2.5866268,2.8594403,1.9749895,3.4351723,2.3656354,1.4160863,0.7120992,3.2708302,0.73442364,2.2457204,2.621114,4.911945,2.2778878,2.4385955,2.7066922,1.8956956,4.284306,1.2793448,3.7658625,2.123813,3.0875762,2.0380354,2.1055915,2.3725243,3.1315935,0.599022,0.75617564,1.5277662,1.9581378,3.533147,3.4319527,3.2059896,2.8172922,2.8847084,0.67524314,1.7887688,2.0221658,3.7272959,1.556551,2.4701753,1.0700483,0.75055546,0.62567633,2.3436651,3.2480128,2.9049938,1.0969907,2.4984572,2.5506234,3.8056471,2.042017,2.7308471,2.0926583,1.4769818,3.112421,2.175951,1.5467006,0.7255752,1.0826671,1.2921008,0.6765246,3.658857,1.3103894,1.621721,3.3047934,3.6129034,2.9147637,1.523864
2.6432173,3.1103785,2.5202985,2.6216211,2.550025,2.5838401,2.673389,2.7959716,2.729346,3.0697498,2.6307294,2.7313745,3.057354,2.7167685,2.7028897,2.615878,2.298159,2.6259735,2.7609966,3.4327118,3.0660567,3.3173523,1.8292243,3.4126437,5.6276894,1.9651905,4.3072863,3.8072355,2.5873108,3.92556,2.914516,3.6177847,2.8694088,2.286341,2.7409663,3.188547,3.1007936,3.0432253,5.785341,1.3946311,2.3357768,2.5661917,2.703317,2.5109482,3.0076728,3.6792362,3.1103952,3.0618868,1.6597761,2.781633,2.6547565,1.583839,1.8608402,3.258606,1.9646214,2.5891163,2.7732515,3.2093894,3.1063097,3.0792542,2.2295647,1.2130446,3.271449,2.5003557,4.3801837,3.8540294,1.705152,2.185586,3.3646097,2.8871846,3.4152415,1.6865731,2.9025178,3.129284,4.098203,2.8489182,2.1421616,3.0906866,2.7415214,2.7703717,3.3535872,2.928628,2.6744874,2.7061436,2.2983394,2.2249267,2.8321018,2.2014537,3.1063876,2.3824313,3.3135548,2.0089998,2.0753772,2.8411932,2.6520448,4.073023,3.7501225,2.4335005,2.7267234,3.724479,2.633436,2.2607808,2.8806121,2.9566479,2.4705229,2.4217849,2.9133952,2.4572837,2.552286,2.8806121,2.7286694,8.505516,3.1138027,1.841633,2.6920626,2.3718798,1.9946269,1.7859615,2.3198996,0.85105395,2.0596278,2.1747255,1.5588177,2.7080674,2.6982536,1.6734792,3.8173835,4.0637913,3.117562,3.0473013,3.0871139,2.9371412,2.8338602,2.0680175,2.67428,2.8763773,2.704483,3.6629708,3.3524952,3.1837003,3.2662833,2.7541244,3.445203,2.8038845,1.7594575,3.6791325,3.455414,2.7931857,3.108015,2.2774792,2.6948035,2.558779,2.1562693,2.2970934,2.1455243,3.318821,2.3843913,3.332688,3.6521714,2.6954913,3.597535,2.7951465,2.754186,2.8890853,2.6423314,2.944034,1.7539773,3.3136604,2.9083157,2.975192,2.7956927,2.9679885,2.6270688,2.724616,3.0650074,3.9431496,2.6695812,2.7655754,2.6958017,2.7074232,2.827242,2.745514,2.838693,1.9036336,2.4294553,2.382278,2.7933881,1.100653,1.9105927,1.9731848,2.8290079,2.1576977,2.5777135,2.0202606,2.6959822,3.9613872,2.8931787,2.5280175,3.2296557,3.4637303,3.8038287,2.760317,2.5748496,2.6322484,2.77982,2.6293492,3.6119063,2.1526556,2.5719278,3.3648086,2.1875374,5.053772,1.9588575,1.9472291,1.9991341,3.23711,3.4807525,2.0171432,2.1460848,2.8996415,2.289593,2.8053312,3.2041233,3.3209906,1.7297109,2.6206634,3.2856753,3.0370235,2.1634583,2.6834698,2.8892314,1.9569602,3.2105348,3.1411726,4.093518,4.439236,3.9213495,5.227638,3.1957364,3.345602,3.3747752,2.9321895,3.443349,2.6207728,3.8324807,2.584513,2.9880881,3.7080579,1.8937273,2.9096048,2.8154721,2.0067585,1.8769271,2.1195407,1.9406697,2.7721224,2.9980056,2.3807878,2.712322,2.1019156,4.120694,2.7117631,1.9375199,2.743959,3.0250397,2.9744496,2.72018,3.8362293,3.8660953,1.8016691,2.672674,2.5793266,3.118962,2.2145345,1.4521718,2.834498,2.7270098,1.5710274,5.678804,1.7180322,1.820045,2.3484743,2.941806,1.9918009,2.9721777,2.0857294,2.8621266,2.4487247,2.8329828,4.078746,2.3960958,1.9121641
0.9048224,2.580911,2.1947837,3.4080586,3.2046115,3.0915966,1.139107,1.2223692,1.8999214,1.700972,1.1703339,1.0518235,2.0963416,1.0633588,3.9849758,0.9397767,2.599424,2.7313085,3.4229295,1.9396174,1.4188664,2.3700125,2.0663433,2.6696393,4.8726716,0.72749776,4.3810334,2.2159367,0.82354015,2.688509,1.2822272,2.785851,1.138146,2.5039988,0.99122554,2.116114,2.354638,1.2752494,4.193103,1.2934885,0.5955322,1.5527041,1.1558343,0.8144237,2.5202975,3.433499,2.582087,1.4494556,0.7201397,2.0463014,1.126787,2.2238536,1.5056894,1.891559,0.67435974,3.5242844,1.3643764,1.754271,3.7291458,3.3798902,0.31805128,1.794104,1.5600744,1.39311,2.9638734,2.9612334,2.6782794,1.9544566,2.2304306,1.3050607,4.7915792,1.7296292,1.2677592,1.5224996,3.0945303,1.0900887,0.34290433,1.9134153,1.1060634,1.1348917,3.0422912,1.4513534,1.0839078,3.6902359,0.4477134,2.697354,1.1452779,2.9605536,2.2005002,0.7713282,1.7592539,1.8131456,1.9254932,1.1345237,1.2134527,2.8690865,1.9977307,2.51593,1.8142525,2.8167644,1.570657,1.302311,2.3902614,1.2049366,0.72248864,0.6889925,1.2291235,1.0026637,3.1243005,2.3902614,1.6470697,9.50972,3.3521252,1.0241876,1.1440704,0.45936814,0.30525133,0.60673404,1.4938095,1.3876519,1.0765778,0.53613955,2.3256452,1.0823289,0.97693425,0.56790316,3.292694,3.097189,2.1705952,1.5629729,3.6980233,1.2399507,1.309939,0.67203397,1.0859667,1.1838565,1.2222929,2.0064468,2.9126182,1.9181219,3.1341195,0.9877372,2.3277936,1.3472595,0.5294723,2.7244732,1.6547444,1.3361908,1.7873981,0.95379585,1.0169362,3.436321,0.71721894,0.7452521,1.7849914,1.4813665,1.0066211,3.2148256,4.268924,2.8404648,3.75864,2.7371764,1.0593125,2.761142,2.3332055,2.142381,1.9554739,1.726591,4.0596766,2.9442358,1.1312052,1.6939821,0.93020433,1.0197031,1.7025398,3.3837652,1.0371643,1.7170428,2.3840518,1.0690625,1.3219534,2.2276616,1.3005168,2.0865662,2.372545,0.62412536,1.1231897,2.496571,0.58400613,1.6000545,1.5296501,1.3645458,0.8636503,0.38525522,3.150694,2.5446122,1.3241683,2.5297546,3.664546,4.142725,2.253943,1.3345612,2.4631279,1.9583905,2.088471,3.8007128,3.0528011,1.549954,1.8893833,2.6287973,0.4992727,3.6327636,0.73646057,0.6950133,0.6400326,2.277911,2.1029716,1.5899929,2.644291,1.3355833,0.7010083,1.2434298,1.6348029,3.0151513,1.456031,3.0103621,2.8531327,3.6608293,1.7306013,1.4661403,1.297888,1.9261585,1.5164562,2.5696592,3.440921,4.4668894,2.9973469,3.5751534,2.4805276,2.7800908,4.5398026,1.2516161,4.0711393,2.1379876,3.31949,1.7394221,2.1224554,3.0547523,2.0159438,1.3765229,1.0886716,0.7810798,1.9079208,2.3937888,2.0995982,3.4690685,2.604281,3.1731555,1.1191119,1.8714479,2.997849,3.7844603,0.6423341,2.7806296,2.0723186,1.6436111,0.8495259,2.9140573,3.267575,1.6290241,1.2340928,2.986716,2.796112,2.661104,1.8257686,2.957841,2.4532952,0.9289862,4.153502,0.8544396,0.5908458,0.6972822,1.2674986,0.6526297,1.2655287,2.3212173,1.2805048,1.8489935,3.3996322,3.477813,2.2299223,0.57216513
2.454848,4.1740875,1.810789,1.6182715,2.841404,3.1895251,2.5247662,2.357612,3.381231,2.0873902,2.4018345,2.3706045,1.853391,2.3262718,2.9973626,1.985713,1.4487976,3.0097227,3.6127448,2.695357,2.7676938,3.9768107,0.64411086,2.8413048,6.171374,1.7876912,4.879653,2.8493638,2.1839821,3.5560095,2.687069,4.374109,2.4689622,1.6104331,2.3540947,1.968016,3.7518723,3.0178604,4.801458,1.2320426,2.0128334,1.8654218,2.4374359,2.2939487,2.5484662,4.717368,3.94836,2.8358564,1.4958586,3.4406152,2.3691258,0.7492447,0.69112337,1.8049163,2.0347676,2.5650172,2.5968215,3.3158925,3.81532,3.3712468,2.116854,1.1222025,1.9721965,1.4035408,3.1569986,3.3823836,3.2200854,3.4099915,3.7701957,2.7024348,3.1836665,0.5629942,2.8053858,2.0622873,4.092974,2.482938,1.866052,3.4889684,2.300828,2.3187926,4.3635554,3.2373087,2.232157,2.6463485,1.8781667,3.9932392,2.4201467,1.8148494,1.9497966,1.8109268,2.569442,3.2803504,3.3938818,2.4451876,2.4569492,3.8759408,3.5713637,1.4031428,2.310557,3.2512298,3.1534934,3.106626,3.8248837,2.6130857,2.2684088,2.061958,2.8639848,1.7762862,4.4163733,3.8248837,3.1545296,9.828214,2.8949585,2.6519506,2.0207658,2.079172,1.8062786,2.1403558,3.0835447,1.9583349,1.1767266,1.8043023,0.9957177,2.271974,2.3662984,1.7354586,4.0265822,3.8939183,3.5667646,2.1261122,3.8799562,2.8799438,2.7078586,1.702369,2.3184104,2.4263518,2.4103,2.501426,3.4051418,3.5366633,3.6031013,2.4813247,2.8772485,2.6007888,1.7585315,3.2135794,3.1401916,2.5918553,1.7695411,2.555359,2.346182,1.6606756,1.7773815,1.7152385,3.2831476,3.1149673,1.6488143,3.479975,4.736672,3.3689446,4.2174673,2.9375246,2.1176195,2.452531,1.9309539,2.6421373,2.8325913,2.4221954,2.7340622,2.9827726,2.3732014,2.517563,2.153324,2.3977015,2.3261585,3.8286126,2.2751317,3.360748,2.988207,2.307946,2.6571033,3.6173196,2.7393966,0.5467528,1.6649724,1.8438956,2.3799188,2.8157382,2.2080233,0.5758138,1.8326224,2.6847432,2.131695,1.7959745,4.161221,3.5562787,2.6354003,2.210779,3.8147347,4.4192,2.5710194,1.9918715,1.9644611,2.167494,1.4261805,3.3075366,3.578061,0.82604206,1.2745932,4.070112,1.7179958,4.384605,1.7529873,1.8268878,1.5058706,2.2854178,3.7597067,0.6402055,2.5520525,2.6016576,1.6465211,2.0260534,2.4194221,4.671542,2.9588287,3.4300084,2.859195,3.888056,3.1982741,2.9128008,2.3888288,3.0926476,2.0281463,1.4678317,3.9444172,4.950176,3.9535272,4.350095,2.7493148,3.015221,2.895426,2.8927846,4.2395997,0.82661265,4.0727997,1.3299304,3.533965,3.7688212,3.38572,2.0422254,2.0152614,2.2742362,0.5513677,3.7698405,3.216763,3.4895806,4.0089846,2.4378793,2.3572235,0.39355823,3.0804348,2.083266,1.9806089,3.3153667,1.6154443,1.9262601,2.2703567,3.6403868,3.6314123,2.9955409,2.660243,2.6360142,1.5566422,3.968191,2.2735045,3.361472,2.2645502,1.3865747,5.0027633,2.3116486,1.708552,1.8091984,2.7148788,1.621639,2.574446,3.233448,2.8146143,1.2233524,2.0178213,4.089175,3.7083123,1.8806049
1.8408464,3.6483345,1.1521702,2.3184006,2.782131,2.9497564,1.724051,1.3913867,2.7710824,0.7986912,1.5856266,1.528464,1.774616,1.4914149,3.402069,1.847508,1.487957,2.796317,3.508688,2.6045377,1.7723156,3.2918968,1.4289439,3.1476953,6.1568985,1.3955978,5.633682,2.3952568,1.5188104,2.8727074,1.7378242,3.7908936,1.8146702,2.1974082,1.7791147,1.0912061,3.0514736,2.2269094,4.106117,1.463645,1.4527893,2.458703,1.603257,1.622126,2.8940058,4.164996,3.3139446,1.874931,1.5605752,2.812776,1.5419009,1.8072786,1.1191342,0.73896855,1.7156084,2.7370126,1.6349251,2.5023456,3.5859876,3.2932174,1.9053682,1.8183547,1.4338324,1.8888958,2.2231796,3.628881,3.29189,3.1200016,2.9731586,1.7551892,3.9201555,1.39426,1.915468,1.31817,3.5004206,1.8650821,1.62688,2.716373,1.5881214,1.6098657,3.7855878,2.5381517,1.4212117,2.8640993,1.4868624,4.1859984,1.7299172,2.5443451,1.8520195,1.3567183,2.4087543,3.081275,3.196014,1.7759323,1.6272,3.274537,2.9168417,1.5038106,2.8784196,3.7092009,2.5208006,2.8332968,3.2978108,2.039049,1.6103309,1.4470487,2.0184245,1.3422481,4.5680566,3.2978108,2.4085364,10.863441,2.5082598,2.4604316,1.6188375,1.627153,1.7399215,2.1522973,2.616088,2.4178886,1.6152585,1.8944829,1.8061436,1.549969,1.7641808,1.8910888,3.8410563,4.148421,2.842442,0.9336321,3.7163553,2.0348494,1.779693,1.2990485,1.4949844,1.7889054,1.5126473,1.6842402,2.570854,2.8144631,3.390191,1.8072258,3.1355364,1.6403083,1.8342377,2.9767702,2.2461243,1.6293606,1.3151728,1.9907243,1.6211094,2.4004686,1.2726252,1.2780677,2.9788334,2.2963245,1.1867228,2.9730864,4.494533,2.9205906,3.9806528,3.1029484,1.3515669,2.9093556,2.3099465,1.8970888,3.345798,2.1941864,3.154076,2.5889375,1.6830404,2.6954644,1.4110456,1.609569,1.1242502,3.4526932,1.5853022,2.7062082,2.9407678,1.4812098,1.7067472,3.0249135,1.8262763,1.3547927,1.4244109,1.5964925,1.6798042,3.0472326,2.040765,1.3015784,0.6334579,3.0758574,1.4144043,1.8064122,4.622578,2.963636,1.6522982,2.5969896,3.6881618,4.2526584,1.8078172,0.92779225,2.43135,1.4971752,1.4683703,3.554989,3.3258462,1.6106889,2.0171595,3.3744261,1.5706807,3.5077431,1.3688023,1.4894179,1.3961848,2.1813974,3.0611527,1.0825877,2.7745917,1.6021439,1.5518473,1.0728908,1.2430882,4.723426,2.97072,3.423543,2.5779352,3.6455767,2.838765,2.1858563,1.3817425,3.4429345,1.4569185,0.951577,3.5625765,5.6903057,3.3481576,3.4230113,3.3581634,2.1050692,3.4993105,2.0499017,4.1480713,1.7875068,4.1474543,2.0442472,2.803037,3.3558757,3.4195201,1.6299354,1.6829666,1.8546975,1.2253437,3.8869336,3.5937388,3.454068,3.4948502,2.8927758,1.5234919,1.2326843,2.8388882,2.7766514,1.6875099,2.8482628,0.8478123,0.69394606,1.6707748,3.4657378,4.102376,3.1337876,1.8815749,2.5064363,1.2415389,4.147918,2.2952368,3.4558003,2.6524758,1.4573752,4.187696,2.433115,1.622793,1.36435,1.7792021,1.3497816,1.9486669,3.7550118,1.9352942,1.774768,2.151012,4.542501,3.418523,1.6523007
1.559777,2.8690603,3.2488344,4.6423764,3.8826857,3.7119868,1.9960158,2.2271228,2.3508499,2.7607403,2.0681498,1.9867666,2.3779807,1.9826546,4.77824,1.3431164,3.7275224,3.0479648,3.8176503,1.3878092,2.2098925,2.5109396,3.1786044,2.0819402,3.4277406,2.186918,3.3826852,1.9300963,1.7608339,2.386061,2.220843,2.5590756,1.5607809,3.000147,1.4897044,2.8307245,2.7254581,1.7981421,3.5922923,2.591815,1.8826675,1.9838735,2.0239027,1.8173441,2.181305,3.5346808,2.9478433,2.1600149,2.1301794,2.498022,2.044497,3.3406882,2.785283,3.0753765,2.1870587,4.4377136,2.4473307,2.0068867,4.2336726,3.5590305,1.3612064,3.0992465,2.1750205,2.1324513,3.1667805,2.0451381,3.2662604,2.6137066,2.4475455,2.2776983,5.714064,2.905844,2.1484487,2.1037066,2.6076915,1.4820681,1.6473212,2.3086104,1.7748786,1.7597885,3.3087566,1.893607,1.9858203,4.603481,1.9113989,3.1203017,1.6624075,3.5779078,2.4434834,1.7854275,1.3528659,2.5066023,2.5705628,1.6083539,2.0995529,2.3277483,1.4270612,3.432184,1.5868006,1.9438772,2.1674745,1.7292261,2.7079072,1.350143,1.8682979,1.8527488,2.0416772,1.8248512,3.4441762,2.7079072,2.4389234,8.832048,4.1077194,1.9959421,1.6070117,1.6269749,1.6634773,1.9324567,2.1871786,2.4706447,2.1530244,1.5796169,3.529924,1.8088405,1.5460498,1.8942192,2.6367764,1.8310798,2.4381866,2.5625134,4.0578337,2.0087616,2.3211105,2.0738394,2.0023766,1.5764325,2.1819437,2.3182762,3.5139968,2.0559387,3.002426,1.6045628,1.5513213,2.3566868,1.9561746,2.227312,1.8576882,2.3918474,2.3310356,2.0297592,1.7781614,4.6366677,2.1672974,1.8830472,2.5001035,1.6896865,1.9741477,3.5549052,4.534632,3.4245758,3.7066467,2.5348434,1.9016542,2.6374376,2.4874418,2.6621778,2.7443228,1.5442113,5.020142,3.3985472,1.6939873,1.1086661,1.8880339,1.8711759,2.661353,3.078437,1.7639033,2.3100376,2.182385,1.975752,2.363192,2.8229778,2.2891452,3.2585764,3.2996814,1.5439062,1.704354,3.404542,1.9931493,2.654171,2.6756127,1.3825946,1.8812397,1.5802677,3.6700203,1.9945762,2.3305473,2.6391325,3.8428593,4.4258723,2.4893641,2.4474123,2.63491,2.700718,2.6647627,4.387108,2.6567986,2.4413526,2.3756123,2.836632,1.9432455,3.2854784,2.1875384,2.2167552,2.0990014,2.264438,1.8966178,2.72251,2.9683962,2.339448,1.6572338,2.2251494,2.498841,2.3600507,2.2082112,3.0883646,2.955574,4.155942,2.449434,2.1095245,2.2484174,2.654765,2.036101,3.9016163,3.032867,3.4362278,2.6438382,3.2458384,1.903667,3.4668007,5.5257735,2.0184138,4.2512035,2.9223344,2.338832,2.3699713,2.587976,2.7048316,2.7389755,1.7249365,1.5301998,2.098209,3.145746,2.889194,2.7981708,3.8558052,2.8732781,3.6416423,1.9965693,2.942778,2.6740623,4.9651375,2.165133,3.3073206,2.916514,2.6973872,1.5519205,2.1096063,2.2943146,2.481465,2.0207999,3.6357465,4.175596,3.0970912,2.5874016,2.734233,2.3817766,2.2601795,3.5502763,1.97971,2.1150088,1.7884766,2.15645,2.1562307,1.488582,2.9853625,2.1974816,2.3652687,4.7874527,2.3020797,2.7340329,2.1155481
0.815732,2.9812396,1.7017024,3.3703942,3.065634,3.02392,0.89065224,0.6424613,2.0892155,0.7327235,0.8207144,0.61624783,1.5497608,0.5784789,3.9839306,1.0262051,2.3463023,2.6072671,3.4615393,1.7415708,0.8993233,2.4838917,2.096169,2.5989232,5.121839,1.1265233,5.0226607,1.5416944,0.548785,2.045931,0.9447152,2.9185503,0.69857574,2.4180198,0.69439596,1.155308,2.4048526,1.1959994,3.3396673,1.6891904,0.7583486,2.1318686,0.7608146,0.75251406,2.4692945,3.579976,2.7252774,0.9818359,1.4053582,2.1777682,0.7364339,2.4461002,1.6294954,1.2006735,1.3871881,3.3869953,1.0877627,1.5425947,3.6482537,3.1966443,1.105245,2.286723,0.8691694,1.7098453,1.8420529,2.9315748,3.167412,2.6310356,2.1471536,1.0189693,4.78185,1.9170682,1.0898533,0.53420544,2.670687,0.74229914,0.9798303,1.9129721,0.5736119,0.58301795,3.2260482,1.6158435,0.5369777,3.5491579,0.93402237,3.7635107,0.64877635,2.961493,1.6350559,0.6290055,1.519012,2.6013825,2.7094402,0.6797428,0.87622887,2.3748448,1.7190453,2.1667855,2.3445327,3.0466647,1.7995864,2.0750782,2.6707067,0.8999836,0.80581075,0.65833443,1.1337926,0.66128445,4.129802,2.6707067,1.7863307,10.454877,2.9137976,1.9270267,0.7515612,0.7916257,1.1995208,1.7312037,1.9874781,2.340816,1.5308129,1.346913,2.527328,0.5607607,0.7058865,1.5591375,3.1388247,3.2970464,2.1001263,0.5354984,3.6710129,1.1223539,1.099919,0.9447502,0.63396156,0.693526,0.78807586,0.9564253,2.428366,1.8954914,2.9650242,0.7312996,2.409689,1.0041487,1.5117303,2.292985,1.1100343,1.0286592,1.0157337,1.3579153,0.6194085,3.418225,0.94295156,0.6835125,2.4760675,1.1405661,0.6671829,2.8269632,4.3346004,2.78523,3.645587,2.7227867,0.30632728,2.6955411,2.1776428,1.5523555,3.1178248,1.3478279,3.9592276,2.5696957,0.625523,1.908988,0.46955743,0.6349857,0.7763819,2.9349437,0.6007551,1.9928533,2.3969753,0.568748,1.064346,2.501121,1.1206795,2.103396,1.9686978,0.83532566,0.6215635,3.1222043,1.5937306,1.6747093,0.7068243,2.4407673,0.5097784,1.2477901,4.330909,1.9911352,0.9542081,2.4674165,3.5620081,4.1629558,1.2240627,0.54671043,2.3617802,1.4075482,1.5995798,3.8553927,2.7386134,1.749847,1.9846131,2.6769724,1.1664155,2.7527118,1.112841,1.2397048,1.1743866,1.7665253,2.028265,1.5584556,2.714422,0.9078018,0.9698038,0.3092251,0.5859478,3.8630667,2.4911988,3.12895,2.3461473,3.6477978,2.3281615,1.4377971,0.59425753,3.105968,0.73588634,2.122453,2.9822023,5.0708113,2.5762508,2.6253307,2.8233716,2.1083412,4.425288,1.1460892,4.043925,2.134212,3.3817568,1.9935622,2.148556,2.7090776,3.0246487,0.81541795,0.7924624,1.3889705,1.9531093,3.44316,3.2773688,3.4641159,2.882811,3.151021,0.6394545,1.8228538,2.3323166,3.781812,1.3659551,2.6708438,1.2319404,0.6878282,0.56821734,2.663759,3.4600043,2.752993,1.0791004,2.754157,2.4365478,3.7238164,2.1742952,3.038232,2.3878388,1.4240395,3.341084,2.0186644,1.3777155,0.65513146,0.9282391,1.1199005,0.8277942,3.4974666,1.1594702,1.7700163,3.272671,3.7996476,2.8894033,1.3371177
1.4254402,3.3929718,2.1067352,2.9449284,3.2811565,3.356792,1.6622764,1.5683502,2.6286652,1.659274,1.6138417,1.4676772,1.6707252,1.4449785,3.877932,0.8250541,2.3235044,2.9720545,3.7268827,1.7720536,1.8893371,3.1285417,1.6263807,2.421189,5.2531977,1.0609475,4.3886633,2.0601926,1.1927007,2.9113283,1.7986165,3.5197928,1.4716271,2.1491413,1.3236691,1.8618472,3.0592463,1.9391489,4.1344805,1.2212155,1.0255734,1.0126683,1.6009573,1.331395,2.2985191,4.1408987,3.3035235,1.9538087,0.80116045,2.7484066,1.5515813,1.8007269,1.0456238,1.4996378,1.1942251,3.4102368,1.8520077,2.3861592,4.014433,3.512726,0.9195898,1.5749582,1.116259,0.60093087,2.7912228,2.7904289,3.1287706,2.7248979,2.929008,1.8366463,4.4412866,1.2711434,1.8683072,1.3293221,3.4462512,1.4494363,0.7448335,2.6322227,1.4046084,1.4219791,3.767401,2.2189498,1.3990057,3.5495806,0.752926,3.34861,1.470247,2.6382952,1.8102664,0.8654862,1.61291,2.5760956,2.6926785,1.4710437,1.6763443,3.1581557,2.4467134,2.177311,1.49412,2.5589175,2.3205,2.13596,3.136944,1.5560381,1.2774711,1.087982,1.8716626,0.96751964,3.8052518,3.136944,2.3671923,9.618364,3.3609228,1.7968723,1.1251012,0.95617837,0.67190546,1.1735849,2.2782362,1.6222411,0.35730708,0.48534152,1.9929123,1.3863504,1.3601736,0.8179309,3.548271,3.0759542,2.8292074,1.5635033,4.0037193,1.8793203,1.8626443,0.8969519,1.4736919,1.4598374,1.639125,1.8141799,3.2458577,2.6189704,3.3929815,1.4557123,2.1050258,1.8306605,0.8101778,2.7262821,2.11218,1.8215706,1.3456473,1.678907,1.4118531,2.9885795,0.9724538,0.80861396,2.5627592,2.0191593,0.9232925,3.459026,4.7167416,3.2608767,4.093963,2.7919517,1.2213064,2.5023115,2.0047598,2.3450797,2.233286,1.5053043,3.8244936,3.0863607,1.4431373,1.564473,1.2342858,1.4582466,1.8239787,3.5437229,1.3700854,2.5014808,2.6139386,1.4367785,1.8415186,2.9671757,1.8739142,1.6155393,2.1793885,0.67080396,1.4474372,2.8605065,1.2460357,1.0042878,1.4341011,1.655213,1.193821,0.61595666,3.5643826,2.752108,1.8049976,2.3354394,3.9073546,4.5044036,2.0105813,1.403811,2.145952,2.034277,1.5948325,3.8670492,3.2192564,0.7982517,1.1541715,3.348013,0.5315362,3.7665617,1.0396799,1.0594919,0.5765934,1.9892993,2.76734,1.0625008,2.713619,1.7883521,0.47821558,1.3062366,1.7594376,3.7133331,2.1686614,3.323332,2.8299308,4.0073133,2.4956627,2.112089,1.6071094,2.3549528,1.1781836,2.067786,3.599247,4.460336,3.359382,3.6377714,2.158142,2.9591873,4.1699786,1.8974501,4.357654,1.3136796,3.5044858,0.9409985,2.8190699,3.328374,2.7034626,1.21492,0.9345733,1.4482895,1.4497979,3.0756269,2.5349677,3.6955633,3.3477833,3.0313334,1.5093858,1.2702415,2.7268245,3.386455,1.138953,3.1828299,1.6898446,1.5334777,1.1769593,3.0292556,3.102976,2.226076,1.8145018,3.0264008,2.3227208,3.3175197,2.1420636,3.1693788,2.2117286,0.95165575,4.2832704,1.3898181,0.8588674,0.82943046,1.7940716,0.80185217,1.5779572,2.6181414,1.8977425,1.249924,3.080027,3.4296062,3.0142252,1.0083842
2.921506,3.212466,4.077218,4.5842805,4.656386,4.4566054,3.0930612,3.2620945,3.163574,3.785945,3.1744199,3.1082428,4.0518184,3.141835,5.149096,2.8668299,4.2196536,4.260147,4.613785,3.6018481,3.3480968,3.4954846,3.558034,4.110078,5.345551,2.5844817,4.3020153,4.146274,2.9544506,4.578764,3.158875,3.792488,3.2001593,4.0653396,3.066672,4.2522073,3.5936172,2.9933918,6.0614495,2.7711384,2.6985614,2.485343,3.174496,2.8615873,4.0165224,4.2949967,3.6386027,3.3551934,2.3673778,3.3233945,3.158591,3.4401455,3.090748,3.7684197,2.2501092,4.9041953,3.1867993,3.4189577,5.0016394,4.8765416,2.3645039,2.8004136,3.5467038,2.7880013,5.109473,4.2508984,3.3675709,2.4533348,3.6209466,3.142696,5.8339677,3.1762822,3.0539153,3.6658652,4.7560706,3.1335006,2.4718192,3.3249264,3.218866,3.245788,3.921386,2.891083,3.1928685,5.0504155,2.483046,1.6844149,3.228654,4.3247123,4.1587634,2.9229913,3.5112982,2.189207,2.2264402,3.2058177,3.1911938,4.6122007,3.6253672,4.27106,2.7271564,3.7536817,2.930732,2.1442661,3.3411775,3.1826556,2.7444057,2.8113232,2.9770963,3.1291008,2.195262,3.3411775,3.0207524,8.350149,5.063756,1.95102,3.2291107,2.6117153,2.2842243,1.7332811,2.5953877,1.9209073,2.5924537,2.2365088,3.5178087,3.1986666,3.0488682,2.042485,4.7149324,4.003741,3.616108,3.6763365,4.921135,3.0001009,3.1004932,2.6774628,3.1552167,3.2582684,3.225099,4.1184106,4.649624,3.3675148,4.630578,3.0256052,3.6195977,3.224594,2.0432575,4.499494,3.5360532,3.1890247,3.8578668,2.5635328,3.1046705,4.5987935,2.6823292,2.8800695,2.359582,3.2907846,3.1274676,4.892715,5.2405314,4.200165,5.080997,4.176013,3.219815,4.242278,3.9943004,4.1069107,0.8747505,3.5784388,5.3113203,4.6665125,3.226217,3.0945709,3.0652213,3.0802832,3.7852173,5.1068616,3.1450803,2.9045815,3.860488,3.155944,3.1389372,3.2194226,3.0748146,3.5638835,4.1947846,2.717434,3.2169218,2.980539,1.908087,3.2163756,3.6011388,1.5115011,2.9950895,2.2826679,1.1935139,4.364482,3.2025948,4.0735116,5.0092387,5.225896,4.3637657,3.4276755,4.050074,3.9422784,4.0167613,4.9335995,4.6963563,3.0490937,3.343281,3.7813334,2.340116,5.583031,2.6072724,2.4407687,2.4703336,4.189849,3.5334547,3.2946343,4.01816,3.2440848,2.7037168,3.390009,3.739846,2.6255007,1.5613966,4.2053485,4.7167544,4.8457336,2.5250697,3.1383362,3.356405,0.6095721,3.574536,4.2041016,5.1582046,4.450208,4.6792636,5.5353084,3.3962662,4.6926446,5.7377715,2.9987462,5.25597,3.5739439,4.4674797,3.0245147,3.460352,4.704334,1.6003296,3.4462302,3.1181207,2.3715303,3.4041605,1.5808209,0.67895794,4.724505,3.4847822,4.539139,3.1851435,3.4833853,4.8981967,4.87926,2.255793,4.222035,4.1542935,3.7467053,2.965409,4.4777102,4.2084656,1.0871168,3.0951047,4.5784817,4.3152833,1.6727943,3.110564,4.226815,4.002344,2.5848143,5.9924865,1.4547586,2.2352366,2.8514547,3.1502917,2.5211697,3.2867825,0.7163686,3.0231514,3.5300612,4.6307826,4.147546,2.6011238,2.2426157
2.2092009,4.3555512,2.5493307,3.9956744,3.7822723,3.9225557,2.3783064,2.1755857,3.4349055,1.8439468,2.2955441,2.1664634,1.3801998,2.1149025,4.614579,1.8821049,3.0668292,3.32172,4.297979,1.6482204,2.3070538,3.6966834,2.8763146,2.3430104,5.2297444,2.660946,5.2427807,0.99676895,2.0747337,2.0855513,2.4584813,3.9443786,1.8797855,2.730231,1.9270177,1.394049,3.6564903,2.5701506,2.2000723,2.9415786,2.3341422,2.757967,2.2419672,2.3067675,2.423664,4.696354,3.9984126,2.3512146,2.7728572,3.4902527,2.2372062,3.274312,2.6457918,1.9560683,2.9582233,4.046909,2.6222663,2.7065623,4.457228,3.6344984,2.4476204,3.4448998,1.2318166,2.350811,0.940057,2.5908656,4.401142,4.1442075,3.3100986,2.54224,5.2182484,2.8319833,2.5986037,1.1760794,2.8641088,1.9223337,2.3833406,3.2095637,1.9098243,1.8786267,4.4557724,3.0033648,2.0370455,4.1691236,2.4246936,5.2344737,1.8886957,3.3688276,1.417525,1.9990146,1.5578964,4.1251755,4.227248,1.8966593,2.3425333,2.4371154,2.2806249,2.6527736,2.7606921,2.893352,3.230558,3.5092301,3.9791195,1.9060228,2.402246,2.231356,2.6287344,1.8308338,5.5918117,3.9791195,3.2745156,11.004706,3.4549935,3.4621084,1.6556654,2.2818608,2.5516014,3.1926477,3.4822383,3.6859798,2.4976676,2.5073485,3.4461234,1.9408025,2.0058184,2.9054976,3.28936,3.170755,3.257267,1.7603694,4.4467707,2.5981858,2.6387513,2.4414852,2.1483297,1.8032916,2.2897239,0.7137789,3.2500594,3.0666685,3.3942664,2.1065407,2.2956364,2.5169892,2.9000273,2.0510118,2.0980487,2.5608833,1.0956833,2.9374306,2.0590117,4.040534,2.4870265,2.080975,4.004862,2.2560136,1.8955619,3.38914,5.221467,3.8291464,4.1823397,3.031609,1.7945629,2.6859765,2.275386,2.301064,4.4539948,1.3397083,4.5168195,3.1312687,1.8898016,2.2009733,2.0216236,2.145919,1.9549259,2.9301927,1.985343,3.447283,2.9381485,2.0933108,2.6038418,3.919295,2.6577866,2.8950472,2.6059263,2.0557418,1.9082723,4.4673023,3.127371,2.4550095,1.9144799,3.489202,2.0804484,2.518662,5.7299247,1.9460185,2.475914,2.6965256,4.138582,4.9563227,0.5113792,1.9746594,2.4955084,2.2415323,1.692423,4.563503,2.8307295,2.4093838,2.247315,3.854312,2.5269682,2.2165895,2.6357293,2.7822196,2.54261,1.4814768,2.998335,2.4061656,3.362889,2.4210072,2.0929425,1.7907635,1.7757571,4.960517,3.9909766,3.8716695,2.4063625,4.5446787,3.8377964,2.8238401,2.0849774,4.5064106,1.1345444,2.7358177,2.8952146,5.233226,2.873218,1.8665117,2.8784447,2.7719493,4.8326273,2.6217613,4.6850243,2.4140136,3.4587893,2.4354775,3.4452446,2.938026,4.5593023,1.3896037,1.6024343,2.982772,2.8396704,4.9349174,4.6868634,4.2001266,4.164707,3.5959241,2.133096,2.5002198,1.3941238,4.4104004,2.9246764,3.6548843,1.5309428,1.7655464,1.9433998,2.5390484,3.2679555,4.2513742,2.5307486,3.3957856,3.095912,5.199675,3.3635762,3.525677,2.474083,2.7518978,2.6256282,3.4547637,2.83315,2.0645041,2.4279559,2.586955,1.831187,4.8274736,2.6835227,2.0577922,4.0804124,3.7307975,4.3675017,2.8619282
1.1659571,2.9125326,1.7560384,3.3948784,3.2271936,3.1276941,0.97130364,0.5969836,2.0905297,0.6040594,0.9315807,0.75046754,2.1623561,0.76985055,4.1385937,1.635464,2.4229422,2.8902004,3.6361372,2.4164808,0.79453695,2.482861,2.3116298,3.2839425,5.6413345,1.173741,5.6173167,2.1750448,0.91810095,2.4782465,0.7545791,3.0351434,1.2057284,2.8799338,1.222444,1.4950798,2.3614342,1.2365385,3.7769194,1.832086,0.944909,2.5626657,0.885577,0.94947016,3.1234486,3.583344,2.6677709,0.9367597,1.5893214,2.1698465,0.8617161,2.6420121,1.8031135,1.0670625,1.343394,3.4877026,0.7922873,1.6328448,3.7483242,3.5304053,1.4805,2.3679886,1.3657019,2.131673,2.1756685,3.6197343,3.2741356,2.5758462,2.1394,0.78744185,4.923733,2.1360457,0.9309932,1.1630113,3.058542,1.2475029,1.3165925,1.8748915,1.0381743,1.0667697,3.1785662,1.6233234,0.8231199,3.6512206,1.0908239,3.7876885,1.1345747,3.3296373,2.2408738,1.1113673,2.194688,2.5710518,2.6767452,1.1723933,0.9514672,2.8186634,2.1069689,2.4078577,2.908456,3.7042117,1.777796,2.1852612,2.664311,1.426567,0.9117525,0.90605325,1.0256569,1.2309395,4.147985,2.664311,1.620696,10.914153,3.0060673,1.9645572,1.4118861,1.1132709,1.5091082,1.8316523,1.9665066,2.4802709,1.8729197,1.7174324,2.639519,0.999958,1.180826,1.7834204,3.645599,3.9520717,2.145353,0.5329325,3.8337128,1.0417278,0.843556,1.1080604,0.8199429,1.243243,0.79454285,1.4714513,2.4076047,1.9815043,3.354066,1.0996842,3.0832303,0.7873592,1.6867398,2.9042976,1.316126,0.76220673,1.5931191,1.3222089,0.97603583,3.4656453,0.99616164,1.0926317,2.418315,1.339271,1.1636051,3.0138786,4.428659,2.8265069,3.9319198,3.2570808,0.8451524,3.3034766,2.76531,1.7906325,3.204387,2.0254827,4.0585074,2.7967272,1.1128443,2.5558407,0.82188857,0.86012375,0.6729341,3.3817675,1.0329287,1.901122,2.885882,0.79058146,0.7856054,2.3870535,0.881466,2.2792757,2.1625786,1.3437538,1.0930406,3.1512299,1.6227856,2.0027728,0.6744849,2.8047636,0.82282865,1.6094668,4.346347,2.5011427,0.6924191,3.0158365,3.827287,4.3059244,1.7321426,0.5514408,2.9282472,1.6477424,2.1123223,4.048916,3.2405276,2.1538124,2.5084789,2.6564364,1.3588707,3.0850637,1.1760511,1.2396003,1.3562436,2.4103987,2.2109,1.8350956,3.0946174,0.6545056,1.461188,0.6435095,0.5639897,4.121188,2.5369382,3.452299,2.8016753,3.7282279,2.2816503,1.4669513,0.5721304,3.1555905,1.3377347,1.9749302,3.4506223,5.676913,2.934988,2.9431176,3.4583764,2.118858,4.5354233,1.0611149,4.2707114,2.530135,3.9757173,2.4358265,2.0906436,3.1365576,2.9919574,1.5040543,1.4473833,1.3603246,2.0997658,3.4520154,3.3221824,3.678073,2.876465,3.5120788,0.8325707,2.1054368,2.956376,3.8173935,1.348001,2.7506628,1.5460073,0.7158317,1.069073,3.2688818,4.1364465,2.7543867,1.1299286,2.9560251,2.258537,3.7434082,2.3746598,3.4994028,2.9992514,1.6161702,3.705015,2.1211207,1.4757632,1.0934408,0.7835513,1.2242945,1.3598531,3.570412,0.97045267,2.318683,3.113124,4.4548297,2.847291,1.371372
2.4098976,3.991679,1.8168468,2.3819976,2.1342442,2.5551155,2.564234,2.5463648,3.1706164,2.432156,2.433515,2.5001442,1.2569561,2.4312758,2.461656,1.9589273,1.6535072,2.091235,2.787099,2.2383084,2.876135,3.6867797,1.2391758,1.8302011,5.182825,2.2320378,4.0739822,2.397935,2.290713,2.783713,2.8874261,3.8715613,2.3238437,0.2328257,2.2429256,1.8324208,3.476373,3.055805,4.1549835,1.7250538,2.3073683,2.2983942,2.480075,2.415755,1.3671787,4.214109,3.6602833,2.8770154,2.0038493,3.1928732,2.433088,1.4301367,1.6166382,2.6453705,2.565777,2.1899555,2.854354,3.103246,3.078231,2.2210026,2.2433026,1.9622368,2.2830517,1.9762284,2.8104484,2.4426215,2.8126206,3.4192262,3.5025141,2.9206972,3.036253,1.4016957,2.980308,2.0698547,3.1866674,2.3403513,2.1194942,3.3301363,2.2249768,2.2202768,3.9968753,3.2010896,2.296411,2.279052,2.3720992,4.1168776,2.2931063,0.87497354,1.241551,1.9445808,2.1718647,3.3398643,3.4336896,2.3081121,2.4840643,3.0308764,3.1942976,1.1483645,2.1847394,2.6594355,3.0729039,3.060524,3.5306447,2.3878517,2.494764,2.2835956,3.0172744,1.7621087,4.4313326,3.5306447,3.2149298,9.248123,2.3314338,2.84041,1.8346953,2.2860463,2.1235049,2.6100168,3.0676587,2.329982,1.8398044,2.1757488,1.6733081,2.2240074,2.2689517,2.172792,2.8312397,3.0966973,3.219951,2.4087646,3.0242162,3.009058,2.94391,2.0985944,2.3951917,2.2465956,2.5162785,2.3986897,2.9684708,3.2585392,2.4607706,2.438765,2.2651026,2.7939608,2.2746115,2.1514935,3.0140336,2.830913,1.706468,2.734323,2.3374543,2.3127618,2.2555525,1.9361104,3.3349433,3.0266511,1.7438534,2.642467,3.9541347,2.854665,3.1318507,1.6261406,2.2009382,1.0620363,0.6594788,2.1309612,3.38849,2.1090305,2.5129757,2.1416507,2.2554197,2.0882583,2.2762427,2.4681845,2.4939775,2.6622207,2.2232397,3.3409555,1.9049082,2.396197,2.908493,3.5059674,2.9643853,1.4018416,1.3881965,1.99074,2.2746754,2.787994,2.6769857,1.2576509,2.2437673,2.7576277,2.2892623,2.0724986,4.642949,2.8299167,2.87323,0.7980226,2.7589886,3.557004,2.3568766,2.2988176,0.56569904,1.78463,0.9736499,2.519279,2.3924067,1.434194,1.3978179,3.721248,2.31458,3.6948202,2.192867,2.3596404,2.1139703,1.4253751,3.37709,1.3363421,1.4612995,2.832169,1.8657874,2.2285957,2.5881388,4.2621865,3.146969,2.4108007,1.7308536,3.1977537,3.200372,2.802124,2.55639,3.596282,2.1524901,2.6013007,2.778047,4.114963,3.064899,3.8508022,2.2408874,2.63409,2.8397877,3.0181682,3.2231677,1.5251602,2.8763068,1.8703245,3.3255553,2.7055192,3.6238635,1.8292254,2.0040472,2.5927474,1.5319233,3.9233167,3.6924598,2.5811582,3.6750655,1.3197839,2.4136443,1.2470931,2.2162788,2.5709176,2.5092263,2.7396367,1.6711919,2.2573247,2.307183,2.5502648,2.6878362,3.4088974,2.6496413,1.8739933,2.7285016,4.0983,1.903627,2.1408803,0.9604875,1.8146574,4.284837,2.7634542,2.2846653,1.9944626,2.8919806,2.182688,2.340622,3.7859135,3.005945,0.91935897,2.8863037,3.2017581,3.6382928,2.4225335
3.590248,4.1471467,2.4254887,3.024666,1.0661265,1.6389819,3.5429964,3.6168997,3.5411928,3.5807927,3.4186583,3.6300178,2.9870527,3.5704386,1.1601478,3.6639156,2.2286797,1.6603776,1.5993197,3.9396484,3.8398783,3.9691322,2.604132,3.3639247,5.7094398,3.4589877,5.074769,3.9137497,3.573627,3.4049695,3.870438,4.024495,3.5710654,1.8916876,3.5515192,3.0337017,3.6220927,4.058234,5.1479654,2.948696,3.6118758,4.263851,3.5032196,3.581888,2.8124697,3.8169823,3.6583374,3.7933958,3.4149685,3.456494,3.4721463,2.6993573,3.1401014,4.137001,3.7720127,1.3353488,3.7399712,3.808772,1.6984162,1.2219174,3.6797602,3.1439912,4.047806,3.957365,3.8538063,3.8903074,2.4799228,3.8059988,3.8792293,3.8706145,2.4380064,2.9152353,3.9335876,3.5861936,3.438127,3.6046503,3.5791326,3.829847,3.4375317,3.4370441,3.7690752,4.0026684,3.4553978,1.3639128,3.831754,4.6379056,3.5103047,1.5131857,2.8872182,3.4006958,3.8596292,3.8413231,3.8890347,3.5360644,3.4302828,3.5822692,4.2566733,2.0312288,4.0814815,4.397957,3.6589372,3.8708098,3.6266067,3.657184,3.68691,3.5724568,3.9908817,3.2469559,4.734578,3.6266067,3.7929142,9.55711,1.5539676,3.7546585,3.3543127,3.6652098,3.6241734,3.9238408,3.6623836,3.413964,3.655094,3.855621,2.66102,3.4299855,3.5222747,3.626801,2.9591136,4.5011034,3.50813,3.6069567,1.6724591,3.98471,3.8626819,3.4308586,3.4981241,3.5159953,3.5028305,3.8567903,2.6770542,3.818567,2.068846,3.6297922,4.0020857,3.6938994,3.7199323,3.0684743,4.041439,3.7417855,3.3998387,3.66025,3.5142913,2.8774402,3.5561156,3.390052,3.8170311,4.0861144,3.2179308,1.9540825,2.6042647,2.2953079,2.1348636,2.0240867,3.5296795,2.3393927,2.3631294,2.579959,4.6012855,3.830552,1.7454525,1.6259564,3.4741828,3.8305795,3.535639,3.611574,3.4788666,2.5999448,3.4302206,3.8938313,2.3149726,3.538347,3.83157,3.6838589,3.8826149,2.7651517,2.0192149,3.5809786,3.4851055,2.7904708,3.9147565,3.0241907,3.4729967,4.2410336,3.5567043,3.6351256,5.5782394,3.7309837,3.8369162,1.9541256,1.4841462,2.0879586,3.789184,3.4866028,2.1914907,2.4416137,2.7403429,0.8581599,2.5831788,3.3850653,3.4994724,3.7823203,3.88426,4.270975,3.4309225,3.6063807,3.6312428,2.9489129,3.9987376,2.97705,1.3505939,3.8025033,3.5452304,3.5072172,3.6929288,4.811348,3.9830382,1.808298,2.0118463,1.9383378,3.658077,3.478491,3.6333647,4.7389026,3.8481236,3.8706071,2.8230505,5.1192746,3.2345896,4.7351737,4.06148,2.6038527,2.3780217,3.9803755,1.7162169,3.5511262,3.4153156,3.922874,3.6035438,2.766073,4.2710423,3.4266236,3.6801105,3.6250625,2.9234061,4.5088577,4.759583,1.2605915,3.6612635,0.8527344,3.5054905,2.9458995,3.5138125,2.8078508,3.738362,2.238022,3.0281527,3.4771764,3.6774871,3.3414176,4.0799203,4.3915176,3.5264127,1.1628293,3.856559,4.625075,2.2756937,2.0145319,2.409413,3.152015,4.94864,4.042772,3.6637714,3.4471927,3.892064,3.5718799,3.5821292,4.9687653,3.9292645,2.9867187,3.3299575,4.4902353,3.9103827,3.7206497
3.3881714,3.4140065,2.5063653,3.7030034,0.9809081,0.9750173,3.2684782,3.4179883,2.9414167,3.5393984,3.1763427,3.432573,3.3067482,3.3860617,1.8526652,3.7510588,2.6473117,1.1682336,0.70171773,4.058627,3.5306575,3.2522511,3.0945852,3.670827,5.3555007,3.4219458,5.3209543,3.9653752,3.452508,3.0564277,3.5768542,3.243647,3.4064808,2.5248523,3.4214268,3.1578603,2.8941665,3.7023668,5.036252,3.1255078,3.5281274,4.5889487,3.2633548,3.4016292,3.1457374,2.8475103,2.8721726,3.453675,3.5098782,2.8153121,3.2509432,3.2420506,3.4645956,4.2934446,3.6951494,1.8355858,3.4468176,3.3160133,0.7094084,0.8220136,3.6314425,3.4660177,4.206067,4.294609,3.846206,4.115287,2.043758,3.3089106,3.213724,3.5660124,3.3662443,3.3280606,3.6041672,3.6404374,2.8971686,3.4408016,3.57681,3.24181,3.2891617,3.289444,2.8817317,3.5481408,3.299646,1.9389246,3.8276691,4.331384,3.3437989,2.3516705,3.203244,3.408084,3.955368,3.4182575,3.4412363,3.3681998,3.1661508,3.1722806,3.9118268,2.5249891,4.3809333,4.701461,3.1590207,3.4985874,2.8981075,3.4847424,3.5195043,3.4739566,3.6539705,3.2877219,4.3332057,2.8981075,3.299144,9.788657,1.4727786,3.5085728,3.3792088,3.5901594,3.6597674,3.8929088,3.2048683,3.50434,3.93561,3.9647105,3.1508553,3.2828343,3.3680806,3.7009466,2.591809,4.61588,2.8455913,3.546821,0.60219276,3.6447754,3.549117,3.4281967,3.3054576,3.3735218,3.2638927,3.8910203,2.0153906,3.2444391,1.5384403,3.428868,4.231181,3.3982446,3.7793715,3.0401764,3.7035258,3.4533339,3.6200917,3.3744497,3.336088,3.5815926,3.5317702,3.4140456,3.3566413,3.7486787,3.278332,1.234482,1.5283884,1.5150859,1.2290844,2.0917757,3.4515545,2.8126059,2.813906,2.27911,4.6694527,3.9485464,2.4907656,1.2219098,3.3163908,3.984323,3.4180832,3.4105682,3.327097,2.2365527,3.2797284,3.357003,2.1081831,3.3592713,3.5320346,3.0207229,3.560931,3.250062,2.3007696,3.6262274,3.321788,2.6230793,3.8278973,3.434016,3.4856114,4.294415,3.4426463,3.697694,5.5192404,3.462819,3.5535963,2.3872402,0.5562453,1.0203347,3.8621838,3.4217136,2.7011075,2.3321846,3.1473002,1.054691,2.3047385,3.8067775,3.9812052,2.9855225,3.957207,3.928074,3.4037898,3.5739734,3.7292836,3.1948514,3.4315176,3.3439276,1.478777,3.5292344,3.6600091,3.4498682,3.544242,4.363418,3.7423794,1.2515911,2.007363,0.94999516,3.18212,3.041383,3.4364862,4.7060084,3.968125,4.2181425,2.479858,5.371582,2.6609132,4.487828,4.42553,2.1971438,3.2624316,3.6339815,0.7070092,4.112735,3.2763875,4.354922,2.9469612,2.2882786,3.9756355,3.5014386,3.7532747,3.4408932,3.34313,4.193888,4.7162657,0.4564056,2.8811328,1.6502557,3.3030078,3.416088,3.714596,3.5361767,3.6770735,1.4717661,3.2627869,3.484904,3.5728397,3.2140586,4.3670278,4.2461195,3.1950493,1.1555147,4.232785,4.3152614,2.1199615,1.7890532,2.807569,3.263551,4.618821,4.0094585,3.7011724,3.4505248,3.5960958,3.610328,3.4103372,5.018869,3.5905159,3.442091,3.766007,4.6829395,3.341341,3.6962423
2.2857125,4.4689035,2.3226113,3.499227,3.4936323,3.737569,2.4740157,2.2749143,3.5295424,1.890949,2.3640723,2.2621217,0.9305106,2.1992192,4.1794844,1.7711875,2.673112,3.1513965,4.1052246,1.6059196,2.5034747,3.8791592,2.4140322,2.0405324,5.3334794,2.55033,4.968854,1.1888374,2.1115882,2.3106391,2.617364,4.1267753,1.9873691,2.2115989,1.9903336,1.2480105,3.7902303,2.777166,2.6577437,2.6452081,2.3106382,2.4650445,2.3325672,2.3522446,2.061037,4.803326,4.1087,2.5492556,2.5611186,3.5817492,2.3102412,2.7944698,2.2833033,1.9007447,2.8792217,3.6542258,2.7316062,2.9284334,4.285071,3.4069936,2.3866336,3.0758073,1.2065992,2.025776,1.319409,2.4050508,4.2040625,4.1356974,3.523564,2.693271,4.670495,2.4074533,2.7636309,1.2042025,3.0540745,2.0261278,2.2842605,3.3901145,1.9748675,1.9487077,4.5571294,3.1757662,2.0924852,3.7602873,2.3626282,5.1285615,1.9854735,2.8381238,0.9826279,1.9116513,1.5315323,4.0918627,4.198669,1.9972566,2.420227,2.6632285,2.59809,2.211373,2.4749868,2.6629071,3.3290374,3.5304778,4.0608697,2.0313544,2.441358,2.2269967,2.80126,1.7100358,5.5000095,4.0608697,3.3898551,10.659229,3.222943,3.4116886,1.5844504,2.2631812,2.4140418,3.0746367,3.521267,3.42166,2.1889813,2.3475919,2.999719,1.9982252,2.0698571,2.7150552,3.2683537,3.0801709,3.4084098,1.8345551,4.274071,2.77724,2.7764535,2.3244658,2.2201805,1.8968434,2.3747904,1.009974,3.2904706,3.2633996,3.2888181,2.2095451,2.1061108,2.6369352,2.7303307,2.006147,2.4053063,2.6773186,0.82104796,2.966594,2.1343334,3.5339844,2.3992956,1.9710695,3.9992337,2.5281162,1.7502787,3.3171127,5.1224546,3.7528417,4.090754,2.762312,1.8384241,2.2457976,1.8068925,2.2923088,4.244365,1.3065743,4.0503206,2.9719155,1.9723716,2.0407033,2.0606217,2.2422633,2.0532556,2.9180646,2.036527,3.5695677,2.7824378,2.1715207,2.7346025,3.994946,2.7998853,2.4395344,2.2643573,1.9527432,1.99407,4.2186146,3.0498102,2.0183742,1.8774073,3.328459,2.110137,2.3651886,5.566294,2.2039514,2.6208692,2.2726066,3.95614,4.8078504,0.82009184,1.9875524,2.0133765,2.118551,1.1833051,4.2091503,2.776808,1.9709554,1.7532096,4.0144634,2.4018655,2.643231,2.5178668,2.6746776,2.3686042,1.1633211,3.242566,2.0014148,3.0368037,2.5638664,1.9218141,1.8223288,1.9441814,4.9701567,3.907229,3.6851926,2.216338,4.3945756,3.8379524,2.9279876,2.2045074,4.355526,1.130398,2.4594843,2.9135551,4.963491,3.0347822,2.4218688,2.5568151,2.7823403,4.3052015,2.7996712,4.5036917,1.8766518,3.3732047,2.0261214,3.578671,2.972626,4.4760923,1.3115976,1.542881,2.9433582,2.4205725,4.847797,4.5272956,3.9676745,4.2462125,3.1493733,2.2164195,2.0297115,1.2906326,3.90401,2.8351207,3.5853949,1.2497717,1.757413,2.0051477,2.5395846,3.0185208,4.14336,2.6328835,3.1131966,2.79446,5.0971065,3.1401343,3.318019,2.056447,2.5096533,3.0965114,3.3259041,2.6800342,1.9800341,2.5973358,2.446156,1.9582943,4.6309514,2.8380368,1.5461411,3.7049174,3.5456448,4.3749022,2.7527795
1.3121037,3.0277371,0.6989131,2.5840745,2.1650622,2.2456882,1.1843176,0.9873776,2.103447,0.75225645,1.0164629,1.0848742,1.4572163,1.0245028,3.0255244,1.5443307,1.3889397,1.9845923,2.7608407,2.264121,1.3502281,2.6245334,1.4084028,2.7016196,5.476917,1.1310606,5.167751,2.063302,1.0823708,2.1928062,1.3619027,3.057157,1.2831768,1.7886285,1.2670766,0.79083836,2.3688715,1.7702842,3.78387,1.2407416,1.1264071,2.4814537,1.0658422,1.1582947,2.378636,3.4224539,2.6314368,1.3963346,1.3691764,2.1260626,1.0086149,1.810197,1.2194351,1.401523,1.5292594,2.3929334,1.2681288,1.8833126,2.8840017,2.5290463,1.536014,1.8215513,1.5270954,1.9829843,2.0053122,3.1828117,2.6405308,2.5866652,2.3183062,1.3839751,3.8497617,1.4084327,1.515755,1.0800407,2.7396317,1.3421414,1.3145778,2.097632,1.0363455,1.0544231,3.0844555,2.0030003,0.91067433,2.5526335,1.3570143,3.783249,1.182687,2.189087,1.4894748,0.96557844,2.062486,2.5827935,2.6894016,1.2333477,1.0554451,2.5704277,2.37794,1.2541414,2.6819613,3.4111385,1.9174334,2.2962523,2.6097379,1.5071847,1.2271065,1.0683795,1.6101916,0.88185734,4.1063538,2.6097379,1.8877741,10.426323,1.9801973,2.0374916,1.1537737,1.2769814,1.4785274,1.9481798,2.050198,2.157721,1.6449002,1.741277,1.8135604,1.001689,1.2302614,1.683862,3.05008,3.6941416,2.127128,0.7782352,2.9673626,1.6135904,1.4103228,1.0214283,0.9866709,1.2488302,1.0068129,1.5042362,1.8834605,2.1556349,2.559515,1.2933712,2.7912035,1.2235435,1.6719922,2.3377478,1.7655926,1.2521507,1.1813732,1.5341611,1.0946546,2.6080709,1.0695695,0.9297264,2.4659233,1.8201329,0.7613599,2.1998293,3.7378297,2.1784627,3.1530132,2.369609,0.9359582,2.38961,1.8366691,1.0938013,3.2303941,1.8995836,2.974388,1.8341442,1.1304414,2.333756,0.9737067,1.1309286,0.7756914,2.6847258,1.0333221,2.1498504,2.1428187,0.99884427,1.3489599,2.4149656,1.4492105,1.4432579,0.9858168,1.2921166,1.1301147,2.580328,1.8216364,1.3107468,0.6102947,2.7809038,0.99880403,1.5475829,4.463885,2.3457432,1.3000104,2.0158207,2.9064696,3.499133,1.6200219,0.6611448,1.9513677,0.67813855,1.2258141,2.9788167,2.54809,1.6605523,2.006394,2.6756282,1.5248481,3.0047147,1.1004672,1.3037416,1.3226385,1.7295244,2.3988595,1.105354,2.0610843,1.2456335,1.3171353,0.74132574,0.9680984,4.112841,2.5737581,2.614183,1.8659087,2.9313803,2.2889445,1.5501951,0.98347545,3.2834995,1.3853334,1.7420977,2.8089182,5.2229633,2.5670116,3.070209,3.0874147,1.4781071,3.4791145,1.6233562,3.3782184,2.0040083,3.432887,2.1637552,2.1431453,2.550832,3.0499723,1.2440217,1.4027725,1.4914836,1.3546251,3.4886334,3.4157722,2.7204769,2.79606,2.3523285,1.0067136,1.3358014,2.4556186,2.9216657,1.4999573,2.078135,0.77123964,0.63399315,1.2554348,2.7901704,3.6628823,2.8856125,1.3047522,1.861709,1.9583515,3.7464428,1.6224332,2.6617723,2.1208625,1.1935958,3.7214487,2.223445,1.4838712,1.0039986,1.3932492,1.2140422,1.399845,3.6470306,1.5380045,1.5959058,2.4840307,4.073664,2.8516493,1.4828401
3.3401148,4.553177,2.3071449,2.0117927,2.0514224,2.6426053,3.4147508,3.4010122,3.8337631,3.2525287,3.279923,3.387562,2.3354096,3.3247604,1.7332019,2.9911885,1.7490402,2.4670057,2.808445,3.334209,3.7451277,4.38549,1.5720451,2.7634912,5.913039,2.9593344,4.4749155,3.501218,3.2157662,3.7091515,3.7259045,4.5643373,3.3151236,0.99972993,3.2321246,2.709515,4.1028633,3.950441,5.150434,2.2476058,3.163081,3.102148,3.3471384,3.292249,2.2759223,4.6669326,4.214092,3.7458136,2.7012937,3.8273203,3.2942867,1.5288355,2.1947248,3.4212272,3.2568226,1.743063,3.6214619,3.962152,3.0438113,2.4013994,3.1423564,2.2043817,3.3021061,2.8249536,3.747056,3.3580225,2.917704,3.910184,4.2551403,3.7390263,2.0351028,1.8683417,3.8138404,3.0989332,4.004311,3.3335018,2.9938712,4.0825887,3.1802354,3.1837366,4.4742603,4.0212264,3.1979506,1.7494341,3.2124057,4.4377875,3.2692184,0.42422858,2.3059015,2.8826804,3.27513,3.8313723,3.9124224,3.2900405,3.3204658,3.942424,4.2160907,1.4801205,3.0509222,3.539259,3.786573,3.7600262,4.092077,3.4022021,3.3498826,3.1638713,3.8641067,2.7405162,4.7047534,4.092077,3.9043102,9.113515,2.3973455,3.4740942,2.8775787,3.187462,2.959406,3.2915692,3.7142882,2.7247314,2.6256993,3.0451005,1.6697751,3.1683161,3.236479,2.8894417,3.5122008,3.9857605,3.9306004,3.2761307,3.029254,3.8652444,3.739609,2.8914835,3.2774503,3.2493815,3.353131,3.4458594,3.444347,4.065695,2.9409363,3.3850267,3.2638574,3.5888715,2.9909263,3.0949144,3.9863572,3.6160495,2.743004,3.474915,3.2659755,1.8714747,3.0309029,2.8419797,3.8586118,3.990422,2.6845334,3.0107493,3.9678323,3.1461773,3.3921525,2.222842,3.157656,1.809166,1.685511,2.8746753,3.7825947,3.2189012,1.7621789,2.5001423,3.2263741,3.11532,3.1935418,3.3735552,3.3176992,3.3155017,3.1651678,4.0358624,2.598679,3.292893,3.6999786,4.0505934,3.7638366,1.7161976,1.8068483,2.953872,3.240996,2.8083248,3.3725357,1.9559057,3.0527325,3.478094,3.1963274,2.929273,4.9262166,3.8349009,3.6905854,1.5495914,2.8523376,3.5177898,3.396928,3.1388977,1.4974655,2.5091746,1.974638,2.0707104,3.1064975,2.2091851,2.2708275,4.3481364,3.1293707,4.618076,2.9233813,3.0647037,2.885848,2.492278,4.2443905,2.0171487,1.7134349,3.653733,2.8143559,3.1370592,3.4775748,4.840614,3.6748147,2.6721992,2.4116764,3.2008045,3.7445593,3.5736306,3.4263124,4.04477,3.2008212,3.0260575,3.474575,4.529282,3.8484468,4.848396,3.07672,3.1653688,1.9681916,3.869833,3.1941822,2.199293,3.5877144,2.6695504,3.9856527,3.4173722,4.0372715,2.9053721,3.0584445,3.2925754,1.925165,4.302013,4.0948544,2.5481908,4.203354,1.0391169,3.3011582,1.8420825,3.2035472,1.9622495,3.2049441,3.0839531,2.5101244,3.091509,3.2851417,3.4470572,3.4529755,3.8929408,3.4748135,1.961115,3.0149264,4.4263644,2.302542,2.5751753,1.8606695,2.4808018,5.2430534,3.3962963,2.9902537,2.9170568,3.7460012,2.9335663,3.3519928,4.155139,3.8193011,1.9298015,2.6978211,3.938944,4.1121945,3.1327248
3.878853,4.849262,2.2287927,1.1624824,2.0559177,2.68168,3.7714758,3.6676614,4.1694846,3.3630152,3.622402,3.7503595,3.1948204,3.699658,1.3009261,3.791091,1.3984778,2.9665196,3.0515416,4.3706193,4.023727,4.758728,1.8489687,4.084598,7.17377,3.2673798,5.954771,4.355318,3.689637,4.403293,3.975084,5.0845113,3.907754,2.1379373,3.8466623,3.0327802,4.365149,4.373573,5.929867,2.5623457,3.5752912,3.9840841,3.7040613,3.7159889,3.5900915,4.940599,4.4452615,4.0513763,3.14912,4.129393,3.6432362,1.8043628,2.4835987,3.487081,3.5500264,1.111992,3.768668,4.392662,3.0289311,2.9805644,3.7894425,2.3710616,3.8651392,3.5783658,4.1729083,4.6988378,3.210541,4.197506,4.6024327,3.9615505,1.1284978,2.2350008,4.088851,3.637166,4.7369075,3.946084,3.5583904,4.4097157,3.69149,3.708239,4.6947412,4.433871,3.5937438,1.0058628,3.6387856,4.8799214,3.8248303,1.5955962,3.1741223,3.4255672,4.251138,4.1615434,4.2411933,3.8640418,3.647593,4.7245903,4.9514484,1.6431912,4.188601,4.88328,4.1240406,4.296982,4.410571,4.077688,3.7396808,3.5918717,4.1806607,3.3356156,5.125303,4.410571,4.109026,10.299538,2.1368864,3.894261,3.5863771,3.708791,3.550561,3.766898,4.0573564,3.19907,3.2546582,3.7299774,1.6453208,3.659887,3.8175154,3.4462464,4.518127,5.341019,4.2885914,3.4745874,3.216056,4.1976533,3.9400222,3.269868,3.6483274,3.861104,3.6386628,3.9977286,3.4269083,4.5176935,3.6882093,3.9124146,4.505261,3.782426,3.490161,4.1166534,4.4722114,3.788986,3.3641238,3.7995908,3.7401607,1.0055625,3.3414223,3.3436472,4.154547,4.499562,3.2122142,3.2470849,4.088726,3.2274442,3.931706,3.3580549,3.6215997,3.1689517,2.8726857,3.2163644,4.295464,4.128063,0.6139832,2.771562,3.7726243,4.231482,3.624468,3.787674,3.45863,4.099716,3.669263,4.3291993,3.561749,3.6763365,3.8829052,4.2334576,3.977652,1.884354,1.8919989,3.607407,3.7773108,2.923465,3.770897,2.501886,3.1939404,4.3913326,3.6217928,3.5823414,5.374567,4.653937,3.893425,2.78451,3.2837903,3.6793,3.975449,3.351299,2.7489338,2.8053138,2.7076633,2.1319027,4.0258546,2.927459,3.2278552,4.647724,3.6025085,5.2052803,3.23741,3.3567097,3.313507,3.4622152,4.8117642,2.4308627,2.551384,3.8564434,3.4863846,3.4702406,3.7026806,5.7102356,4.131995,3.3581984,3.1417897,3.2083182,4.0386276,3.9189472,3.6965418,4.5372963,3.806257,2.6946754,4.3048353,6.0242853,4.522632,5.431954,4.4017973,3.1301851,0.7383496,4.198988,3.531244,2.9009645,4.8377576,3.491015,4.2419925,4.197107,4.383855,3.6383054,3.7887,3.6037614,2.077838,4.726623,4.5750585,2.8410957,4.5128317,1.9016727,3.6768692,2.2682772,4.174257,0.7982434,3.514223,3.234427,2.8019457,3.2506797,3.8527617,4.5523267,4.9032474,4.306782,3.8258772,2.0979214,2.5081754,4.8620057,2.749459,3.5758512,3.1452098,2.9000266,5.943026,3.90236,3.3815734,3.4436898,4.0235343,3.2889752,3.9965136,4.6723742,4.0722566,2.887005,1.622042,5.3896775,4.421408,3.4809585
2.6024556,4.0597734,1.6939808,2.0622215,1.90031,2.3975012,2.6926606,2.6577194,3.2532625,2.4975426,2.552348,2.6417246,1.5559186,2.5746722,2.0959597,2.2525976,1.3698053,2.0675602,2.662752,2.6180308,3.0018902,3.7955673,1.0957888,2.2308204,5.5057936,2.3139076,4.376999,2.7253134,2.465571,3.0019243,3.0011225,4.0090537,2.5445812,0.3066284,2.4684565,1.9257793,3.5382106,3.2261481,4.4396615,1.7178745,2.4517915,2.5713897,2.6105988,2.5671597,1.7488354,4.2451982,3.7016907,3.0070324,2.1056104,3.259724,2.5589528,1.2633626,1.6192081,2.7146552,2.65191,1.8222885,2.9258356,3.2580824,2.907913,2.1662989,2.4590883,1.878438,2.5223536,2.2189455,2.9821622,2.8440354,2.7351513,3.4639022,3.6158943,3.0241563,2.642391,1.3639442,3.1005836,2.287465,3.385824,2.5678196,2.3040862,3.4388402,2.4110992,2.411776,4.022752,3.349365,2.4416468,1.8984079,2.5251818,4.178123,2.4984477,0.53890127,1.5331404,2.131935,2.5361793,3.3943834,3.4865954,2.5205085,2.5977652,3.2697484,3.469508,0.9109571,2.5355906,3.0646486,3.1707578,3.2053366,3.5903723,2.6381252,2.6372805,2.436141,3.151397,1.9664266,4.47864,3.5903723,3.2840934,9.393303,2.1017969,2.9415822,2.093768,2.4704149,2.30672,2.740364,3.152247,2.3711278,2.0190282,2.4009233,1.4529542,2.4021354,2.4791565,2.3173003,3.0495505,3.4967809,3.3162985,2.5056593,2.8946333,3.1485386,3.037415,2.2098186,2.5320206,2.473362,2.6234243,2.6325548,2.9130628,3.405801,2.5428634,2.6338956,2.6744215,2.879565,2.409759,2.4518478,3.2157397,2.9117787,1.9399059,2.8352127,2.510899,1.976845,2.3537369,2.1035125,3.3885677,3.2332723,1.9173568,2.5889528,3.8456063,2.7700477,3.1319828,1.8203626,2.3791966,1.3838258,1.0343753,2.1881402,3.484031,2.4573922,2.1043272,2.0636203,2.4557698,2.4710796,2.437047,2.625388,2.563859,2.8103576,2.4039416,3.4324641,2.0947468,2.5410268,2.9962285,3.5371888,3.0622659,1.2627689,1.2130711,2.2220364,2.4717617,2.6691866,2.7931247,1.3336028,2.3064306,3.008992,2.4471252,2.2773368,4.720142,3.1083534,2.9710164,1.0482316,2.681806,3.432289,2.592692,2.3868544,0.9150306,1.805874,1.1807121,2.2553248,2.5875823,1.614967,1.6871904,3.7943764,2.4746037,3.9036622,2.2750843,2.4403489,2.2405863,1.7528652,3.5674844,1.3710872,1.4326978,2.9295683,2.0967708,2.3617148,2.7006042,4.465123,3.2401047,2.4198878,1.8356123,3.0454278,3.2528877,2.9082313,2.6726723,3.7020862,2.4032488,2.5102077,2.9539647,4.4246845,3.2378173,4.0875506,2.630107,2.5763063,2.4350076,3.1557295,3.1194613,1.6805576,3.1743503,2.1162844,3.3929043,2.8725781,3.6780972,2.1074586,2.2847757,2.6794865,1.4347173,3.9907777,3.7858825,2.4414213,3.7267504,1.1013182,2.5532315,1.2478803,2.5289729,2.2018523,2.5982928,2.6745327,1.739583,2.3301892,2.5226858,2.8633847,3.0762124,3.496334,2.7705462,1.6749998,2.5850809,4.159548,1.8812807,2.2650285,1.3188612,1.8842877,4.5357757,2.893618,2.3896916,2.1757789,3.0160925,2.285199,2.5798113,3.8856552,3.116815,1.2306772,2.5838983,3.5825512,3.686358,2.5223308
5.0344524,5.645688,3.6220531,2.6172538,2.7120302,3.3100798,4.98418,4.979784,5.1167426,4.8178473,4.8519654,5.014548,4.296445,4.9620194,1.421962,4.9027524,2.9015367,3.6089091,3.366635,5.344619,5.3026857,5.6611385,3.1499493,4.735948,7.452344,4.509172,5.941552,5.4530234,4.919374,5.3520985,5.2580223,5.8367476,5.0743093,2.968012,5.0050826,4.3914995,5.28423,5.549573,6.9465876,3.74749,4.8174443,4.980457,4.9403267,4.9297943,4.219633,5.5456743,5.285679,5.298396,4.3138375,5.0617166,4.8871393,2.9829433,3.8041117,5.024705,4.7549963,2.0206935,5.0682335,5.4824076,3.3981097,3.361247,4.8902593,3.5134377,5.1934576,4.7126775,5.4433246,5.306548,3.6560354,5.0218377,5.5997424,5.24404,0.85132986,3.4832976,5.3357882,4.935869,5.50185,5.0997534,4.722217,5.450943,4.8984694,4.910362,5.408189,5.5176296,4.8523436,1.8694209,4.891485,5.4051666,5.00754,2.2676642,4.2500763,4.6474633,5.2697997,4.981174,5.034209,5.0367136,4.8740196,5.5747213,5.986806,2.9856794,5.001162,5.521411,5.152946,5.1947503,5.2127924,5.1944647,4.970133,4.833561,5.4047985,4.544534,5.5477495,5.2127924,5.218041,9.54018,3.1089914,4.8727946,4.7413187,4.902571,4.6803293,4.836277,5.0301104,4.070974,4.420851,4.8414035,2.8982213,4.875208,4.9792166,4.5283794,4.9763474,5.897205,5.24369,4.892398,3.4860508,5.4163995,5.216785,4.519981,4.901109,5.024692,4.90712,5.2946043,4.4455028,5.516838,4.161267,5.09,5.280585,5.069239,4.6117325,4.889763,5.6658306,5.086161,4.6401043,4.94161,4.950995,2.434153,4.6242833,4.5830107,5.0248137,5.6707354,4.4578843,3.9758353,4.2310724,3.9730053,4.2104445,3.8121524,4.8927426,3.704767,3.6709504,4.326442,5.0603113,5.210455,1.4298054,3.5799053,4.9607606,5.105279,4.8822913,5.02377,4.851621,4.7058744,4.8722553,5.356965,4.1561556,4.9354115,5.174292,5.1450105,5.2445884,3.2377439,3.2092543,4.7768373,4.9688406,3.5025506,4.890779,3.7379131,4.6388717,5.1711144,4.8786354,4.687816,5.930347,5.601361,5.197349,3.4075134,3.5357988,3.7881355,5.2484837,4.738112,3.4704523,4.0033603,3.8915026,2.1555083,4.616728,4.074711,4.2562265,5.5075817,4.829468,6.227748,4.4810863,4.594665,4.552096,4.4380784,5.7750144,3.738539,3.0520694,5.167157,4.6544433,4.8155303,5.086567,6.1442995,4.964753,3.6881115,3.9412186,3.580263,4.933808,5.0186067,5.017929,5.32394,5.0980573,4.3181868,4.9138737,6.0124164,5.298262,6.5704722,5.049349,4.296371,1.3227457,5.4140787,3.5956173,4.062575,5.1967297,4.576165,5.22675,4.8479047,5.133017,4.810001,4.9657087,4.759328,3.4410586,5.347021,5.308642,3.1180742,5.263211,2.2921412,4.926464,3.5732794,5.09718,2.1102495,4.717502,3.9981682,4.20711,4.6952996,5.0539937,5.1999145,5.326641,5.1553106,5.0030036,2.8991046,4.141571,5.4015193,3.572324,3.8993216,3.7997224,4.0728674,6.916031,4.8983073,4.5712314,4.668835,5.2970414,4.543513,5.1328926,5.376054,5.315373,3.9383168,3.1664896,5.752125,5.17344,4.6816864
2.8725412,4.3710546,1.7559268,1.9919553,1.975583,2.5453632,2.936636,2.8623781,3.5399299,2.6017544,2.7856328,2.87151,1.6520805,2.8018255,2.0740824,2.5285826,1.3653966,2.2553306,2.8355353,2.8322577,3.2096262,4.0727577,1.2780347,2.4241774,5.7818794,2.5957005,4.6862016,2.8527334,2.7166088,3.1305711,3.2242687,4.292123,2.7849548,0.6221946,2.7236764,1.946555,3.7968693,3.48639,4.448388,2.0195005,2.7214878,2.860471,2.8417602,2.8304093,1.9667919,4.5027676,3.9690607,3.221468,2.4233289,3.5352151,2.790041,1.4745775,1.8413888,2.7892468,2.952248,1.7795477,3.1424987,3.5026667,3.0187955,2.2699122,2.7811005,2.1530027,2.6628993,2.4687545,2.946573,3.04161,3.0491052,3.8064246,3.8650916,3.248973,2.4859192,1.6060348,3.3407187,2.429951,3.5454519,2.8171954,2.6096737,3.7009654,2.6425316,2.6411939,4.2899947,3.6353552,2.665006,1.8265835,2.8014352,4.5756164,2.7332995,0.66544145,1.6128716,2.3914766,2.7541487,3.7506824,3.8437688,2.75957,2.8301551,3.4266827,3.7071283,0.87532425,2.8480704,3.30756,3.4616284,3.5634682,3.885692,2.889528,2.9046016,2.6975424,3.40236,2.2103896,4.872029,3.885692,3.5530624,9.699973,2.0517786,3.2957416,2.3323364,2.7561057,2.6301882,3.0869582,3.472707,2.7469208,2.3018687,2.7194355,1.6319821,2.6341577,2.7365398,2.6613095,3.2405095,3.7532709,3.566072,2.632749,3.0353196,3.3990064,3.266921,2.484916,2.7608173,2.7080712,2.8427007,2.7195642,3.0086594,3.672896,2.71475,2.8894815,2.914802,3.095759,2.7413971,2.5888388,3.4267383,3.1287704,2.0404425,3.131783,2.7531447,1.9074203,2.6162298,2.364133,3.7308204,3.4707181,2.1545265,2.6710594,4.013562,2.960156,3.282628,2.0563211,2.5933409,1.5716357,1.24515,2.3239913,3.8624022,2.6521294,1.9810075,2.1409373,2.6899996,2.758837,2.6718235,2.8640027,2.6890175,2.899855,2.6444488,3.7250237,2.3656168,2.7676718,3.2191246,3.8220274,3.2961047,1.413558,1.2470126,2.5056167,2.7063067,2.9897542,3.1237903,1.5685918,2.432386,3.39918,2.6886694,2.6054866,5.1103115,3.2689989,3.1855822,1.291123,2.8065844,3.5766687,2.6437829,2.5521157,1.1394129,1.9429485,1.2553108,2.3419588,2.7362642,1.8617766,1.9014536,4.052714,2.761923,3.9394634,2.5558996,2.7276435,2.5255952,1.8628608,3.8309777,1.5787506,1.6924992,3.1386533,2.382633,2.5394466,2.8346765,4.86304,3.6206877,2.664849,1.889078,3.1901498,3.5848813,3.171271,2.865514,4.0856113,2.5524406,2.4909945,3.0460358,4.723278,3.3975286,4.1207337,2.9017017,2.6176393,2.2358,3.407143,3.2469893,1.8102522,3.4130895,2.3423777,3.6504796,3.0276203,4.0562024,2.3089554,2.5202556,2.986162,1.6062261,4.383402,4.173043,2.5880942,4.019466,1.2081814,2.7797825,1.4154181,2.5523784,2.1143014,2.899891,2.8595455,1.7516936,2.4362621,2.7761195,3.0467188,3.3077228,3.8747716,3.0220819,1.7414684,2.5524695,4.556086,2.2128894,2.5137823,1.5491446,2.1978743,4.5792623,3.2566507,2.698537,2.4403107,3.2420843,2.5655847,2.817228,4.267045,3.3601239,1.4521915,2.5373423,3.8483367,4.0309424,2.826405
2.5494213,4.2091393,2.1619458,1.828627,3.0845182,3.399091,2.6640031,2.5360503,3.4714968,2.369106,2.5614777,2.5165958,2.0729072,2.4791367,3.1915114,2.003552,1.8061724,3.2048237,3.7774005,2.730097,2.933713,4.0675106,0.92024934,2.8658075,6.1178875,1.8489312,4.6461725,3.0014782,2.2992861,3.76851,2.8316782,4.4515243,2.5949283,1.7900273,2.4607558,2.314044,3.87323,3.108477,5.0189996,1.2797105,2.0916793,1.6122096,2.5934765,2.3982854,2.6026466,4.821375,4.0545235,2.998125,1.4584044,3.547006,2.5269294,0.828855,0.845829,2.0465887,2.0252674,2.8309817,2.7560797,3.4462535,4.025276,3.5807664,2.0965707,1.0395516,2.1152189,1.258061,3.4741724,3.375208,3.2456584,3.3886204,3.8974538,2.8454704,3.345926,0.6932602,2.9272978,2.2723649,4.2747245,2.594672,1.8740865,3.6017108,2.4519427,2.4712045,4.461566,3.3055108,2.3967373,2.9115505,1.896491,3.793527,2.5596392,1.9795157,2.1809325,1.9183427,2.6196294,3.2271955,3.3387902,2.5768838,2.6175177,4.053011,3.6615689,1.774177,2.1062484,3.1286817,3.2324476,3.0624673,3.8966973,2.7144048,2.3551607,2.160703,2.9690356,1.9176385,4.2387834,3.8966973,3.253468,9.494014,3.2311075,2.5931149,2.1450458,2.1263537,1.7598199,2.012831,3.1141064,1.7723205,1.0552961,1.6983938,1.1175718,2.4241927,2.4768982,1.6175585,4.1481786,3.810963,3.7030423,2.3825085,4.0636897,2.98649,2.8455274,1.7793413,2.4754887,2.559976,2.5811167,2.7318451,3.687807,3.641987,3.7759812,2.591199,2.8261273,2.7647812,1.6525697,3.3753712,3.2856152,2.751002,2.0058658,2.6103044,2.48214,1.8621323,1.8591148,1.8213568,3.2606916,3.2278197,1.8061794,3.7464473,4.888754,3.560832,4.393277,3.0428474,2.2790117,2.5392082,2.0681193,2.910742,2.5146413,2.5024683,2.9747655,3.2577243,2.5164442,2.4583542,2.2940016,2.533526,2.5947855,4.0469003,2.4172826,3.4270265,3.0925355,2.4634717,2.8039064,3.6980705,2.8710487,0.8538824,2.0199282,1.8785423,2.5228784,2.78838,2.1320972,0.7298216,2.1026182,2.434588,2.2615356,1.7314712,3.8380666,3.7207541,2.7917333,2.3355296,4.005772,4.585795,2.8224514,2.220341,2.0923905,2.4546347,1.7081661,3.4747295,3.7518067,0.7581112,1.2124659,4.1869698,1.6746298,4.64442,1.8185669,1.8529651,1.4972138,2.4764292,3.857776,0.8867657,2.6849782,2.766332,1.6619929,2.235021,2.6641672,4.521227,2.8257399,3.5429602,3.1208246,4.075726,3.204165,3.0364442,2.5793185,2.8104522,2.1891036,1.7934592,4.153914,4.7268133,4.145406,4.597721,2.5916467,3.34383,3.1177216,2.9989474,4.412054,0.82818437,4.1027293,1.1581357,3.6586127,3.9545736,3.2370527,2.1881387,2.0945387,2.298174,0.82545054,3.5896955,2.931541,3.666846,4.0811257,2.6108005,2.5166621,0.72719306,3.2817016,2.267798,1.9695386,3.5166664,1.9809996,2.2123487,2.3670833,3.7489119,3.546938,2.7953644,2.793364,2.9037416,1.867969,3.7716906,2.3500066,3.4537263,2.3543797,1.4061998,5.2310133,2.1372554,1.6631409,1.9040053,2.8548234,1.6518348,2.6990626,2.8988745,2.9330208,1.318788,2.2726946,3.9657094,3.6848674,1.8580374
2.5853117,4.418693,2.1700306,1.9203588,3.2205613,3.5648324,2.7129476,2.5412142,3.6261451,2.2734897,2.6011846,2.532236,1.8769702,2.4893684,3.3664904,1.9669102,1.861455,3.3165593,3.9632072,2.5999622,2.9415822,4.2018785,1.0525678,2.769655,6.1683025,1.9845284,4.764768,2.809988,2.314269,3.6899045,2.8656397,4.5836906,2.5755908,1.803437,2.4532905,2.1388142,4.016014,3.1553857,4.774465,1.5231895,2.1541867,1.626512,2.6223788,2.4504216,2.5511334,5.006191,4.22644,3.0142648,1.6509589,3.7004752,2.5573828,1.1065373,0.97129536,1.8628532,2.1996422,2.9642577,2.813759,3.49617,4.191445,3.6652894,2.1874158,1.4077189,1.9024122,1.1910393,3.2286143,3.2788274,3.5440793,3.6527073,3.9913068,2.8899996,3.4701319,0.9044869,2.9810066,2.1162117,4.254015,2.5821018,1.9602212,3.7080312,2.4398549,2.4539447,4.6530237,3.4075732,2.3991957,3.039609,1.9652259,4.1504493,2.5425925,2.0729408,1.9926274,1.9261819,2.4955513,3.5052211,3.620085,2.560989,2.6612747,3.997396,3.6293156,1.7510653,2.1190636,3.0534782,3.3774176,3.2682176,4.0872993,2.6945062,2.4197989,2.2044325,3.027478,1.8922627,4.597902,4.0872993,3.3919375,9.7582655,3.2731493,2.8307335,2.0885594,2.1825383,1.8823985,2.2365067,3.3090916,2.1315258,1.1260995,1.7850186,1.3881654,2.4170728,2.4828422,1.8251563,4.1690755,3.7695198,3.8085456,2.291682,4.2336926,3.0406058,2.9044125,1.8744192,2.493254,2.5300136,2.611146,2.5209022,3.739682,3.7296531,3.8446567,2.6065173,2.7331038,2.81089,1.8489648,3.2812011,3.2546246,2.8014119,1.7857206,2.7547746,2.4922533,1.9710774,1.9494151,1.8434151,3.5169706,3.2234342,1.7874503,3.8022912,5.091466,3.7249408,4.505181,3.0999057,2.2406464,2.5087996,2.0092325,2.9077854,2.8596313,2.350264,3.1018286,3.3091745,2.5007887,2.4163928,2.2964826,2.5505059,2.5357356,4.015154,2.419246,3.5824802,3.1714613,2.4718454,2.8576345,3.8933303,2.9328175,0.9749738,2.0248563,1.8912709,2.5096407,3.142368,2.3339021,0.76466763,2.0256217,2.6372554,2.2745242,1.8450233,4.2017837,3.630304,2.8257918,2.3519025,4.1320333,4.772607,2.5866807,2.1809566,2.062183,2.4546752,1.5214101,3.6704252,3.7406325,0.72450686,1.0571913,4.3276014,1.7620285,4.4828677,1.9512362,2.0064979,1.6092775,2.3156078,3.9172618,0.9054526,2.828782,2.7929537,1.6747591,2.178384,2.5824237,4.763889,3.120111,3.709187,3.0687666,4.262103,3.442799,3.1351602,2.5664861,3.1380286,2.0002522,1.6358494,4.1091623,4.8301725,4.1384172,4.3925953,2.554963,3.3371954,3.201017,3.0560987,4.57014,0.49994308,4.129162,1.0389591,3.791395,3.957527,3.5654542,2.0753155,2.0085804,2.4711914,0.9598617,3.9309795,3.2749104,3.8353622,4.2779384,2.7243073,2.5307088,0.6960994,3.0602634,2.3992043,2.143249,3.660752,1.7863259,2.1079116,2.358135,3.695918,3.50549,3.111859,2.8609426,2.999213,1.765243,4.1267185,2.5845675,3.5657148,2.3263338,1.6030482,5.0517635,2.394227,1.8417113,1.9237589,2.8850327,1.7731034,2.669296,3.2422626,2.998547,1.1928327,2.3651974,3.9646115,3.9512975,2.027909
1.5219872,2.7440205,2.6170497,4.725755,3.4992297,3.240425,1.5120461,1.5768749,1.9912554,1.8923012,1.5470151,1.5366294,2.4252203,1.5308387,4.7146134,2.151974,3.466178,2.6990533,3.5412033,2.233458,1.3019015,1.9516115,3.4646084,3.0291162,4.43503,2.4225743,5.3966827,1.749223,1.6757764,1.1686774,1.5377278,2.166871,1.3318455,3.3573585,1.4953594,2.026718,2.0355055,1.3631715,2.5134609,3.0275283,2.0211735,3.4548297,1.4843252,1.7108088,2.9759254,2.995986,2.385608,1.2327561,2.782936,2.024582,1.545016,3.8342178,3.1436994,2.6527843,2.6027765,4.1492386,1.7686745,1.1136041,3.6824327,3.2215753,2.185852,3.7031283,2.1886532,3.1661136,1.7433317,3.1593313,3.5911098,2.966714,1.5425718,1.6043292,5.809562,3.3695703,1.5585952,1.7039015,1.6397548,1.3697175,2.2561903,1.606124,1.4376056,1.4106486,2.7986047,1.6178285,1.5535635,4.324713,2.332373,4.3372183,1.341664,3.9125636,2.416785,1.9816554,2.0781066,3.0593774,3.1227596,1.3393219,1.5329784,1.3801693,1.011628,3.2134974,3.3564544,3.6032534,1.9006424,2.4512348,2.444381,1.3184135,1.8454276,1.8876997,1.546966,1.9404681,4.5544972,2.444381,1.9668611,10.923631,3.270619,2.6887136,1.7858664,1.98625,2.485796,2.8972104,2.2981694,3.5128572,3.0400658,2.6661055,3.882872,1.4733514,1.4864106,2.8558764,2.6008332,3.4202998,1.6401098,1.7416165,3.643193,1.4950176,1.6916735,2.3147888,1.5406377,1.3473257,1.5610844,1.5676869,2.2041438,1.412925,2.676328,1.4223498,2.9391978,1.6366863,2.8360093,2.0963197,0.7559392,1.7076956,2.1632125,2.0759199,1.4742731,4.7458205,2.3199475,2.0910003,2.869118,0.98550934,2.042683,2.606317,4.086712,2.80744,3.254253,2.9171937,1.5968046,3.2666347,2.9517267,1.6612602,4.2511015,2.0320158,4.8630557,2.652044,1.3780026,2.600533,1.6523831,1.4896796,1.6165966,2.3731818,1.4981558,2.0371983,2.4439328,1.5274189,1.7069087,2.4730163,1.6802729,3.5205493,2.8883834,2.136689,1.3759413,3.8915818,2.7207541,3.145045,2.0593615,3.3510234,1.7141805,2.5236857,5.2474055,1.206312,1.6132907,3.0911286,3.4613526,4.0161605,1.6944177,1.8496593,3.1314719,1.9866958,2.6825008,4.3220706,2.3330407,3.2312953,3.310791,2.1186533,2.6139662,1.5513307,2.422187,2.5464094,2.653206,2.3067203,1.2568722,3.031049,3.1861875,1.5914202,2.3453465,1.7028452,1.445084,3.818409,3.2195454,3.1554453,2.393173,3.6548026,2.6830287,1.5881925,1.4991356,4.1188326,1.9608535,3.5645552,2.3450952,5.415956,1.6251907,1.5716906,3.608084,2.1054678,5.459508,1.5029606,3.9120114,3.605768,3.09002,3.4304202,1.8884721,2.0756333,3.6925402,1.8106283,1.9544706,2.3698728,3.4123995,4.025204,4.26417,3.605136,2.5949452,3.8117015,1.4920931,3.2841594,2.423566,5.041641,2.605388,2.6474557,2.3568113,1.9562647,1.6065267,2.2839792,3.7862222,3.6543148,1.5133647,3.1904118,3.8620846,4.297446,2.8653603,3.049282,3.0075908,2.772887,2.0941482,3.1266267,2.739088,2.023893,1.4817543,2.5450084,1.2561797,4.5809965,1.6356637,2.9966054,4.552627,4.015715,3.0821443,2.6311212
1.5552021,3.4082525,2.2743535,3.0420678,3.548452,3.583917,1.7184159,1.5822303,2.6960585,1.6744099,1.6923275,1.5113477,2.078941,1.510347,4.139653,1.1741477,2.5029511,3.279231,3.9917243,2.1301389,1.8826814,3.188437,1.8583958,2.8800664,5.560547,1.0582504,4.746422,2.3634498,1.3011557,3.1924753,1.7522571,3.644292,1.6559554,2.5656106,1.5212895,2.09132,3.125452,1.9368045,4.380596,1.3649966,1.0601722,1.2269946,1.6714617,1.3951387,2.7727685,4.251875,3.366085,1.9697881,0.8953752,2.8250911,1.6229012,2.0058596,1.1958959,1.3701934,1.0713187,3.6399202,1.7908361,2.4642458,4.249773,3.864915,1.0834142,1.6434253,1.2636877,0.89457923,2.9986992,3.218752,3.3054602,2.7216716,2.990958,1.7786121,4.669838,1.4828643,1.817573,1.5451858,3.732762,1.634401,0.89927554,2.6689107,1.5742991,1.5999924,3.8426836,2.226265,1.5037267,3.780458,0.6851475,3.3216956,1.6476687,3.0071082,2.2192788,1.0858319,1.9627458,2.567425,2.684881,1.6517016,1.7467598,3.4475343,2.6086779,2.4555788,1.8421476,2.9401317,2.353363,2.1793578,3.2109826,1.7632092,1.286225,1.1555011,1.8244817,1.257845,3.798977,3.2109826,2.3375998,9.870296,3.5943933,1.7845962,1.4455423,1.0496314,0.8250818,1.1012776,2.2960284,1.6950295,0.67509,0.6924223,2.1444001,1.546333,1.5396178,0.90308267,3.9272172,3.449427,2.9340768,1.5966184,4.2679358,1.8431785,1.7943332,0.9602594,1.5518022,1.6685687,1.6809788,2.0098119,3.397298,2.7044065,3.7449148,1.5805427,2.50527,1.8003464,0.81580245,3.1265385,2.1871684,1.7695979,1.6510513,1.6604862,1.5374653,3.1085536,0.9489232,1.0063281,2.5487967,2.0781543,1.1875391,3.724735,4.9368806,3.4381561,4.4095616,3.2214136,1.3612655,2.9771836,2.4690368,2.577702,2.1447456,1.8450236,4.0445127,3.3732796,1.6229894,1.9530536,1.3352194,1.5302306,1.8671271,3.9072504,1.5322711,2.4910257,2.9955819,1.5144259,1.7731936,2.9832952,1.8065292,1.80719,2.431904,0.94613236,1.6192995,2.9637396,1.1377926,1.3065832,1.4637887,1.8006418,1.2807021,0.8341373,3.4411848,3.0390806,1.7477417,2.7885795,4.2254477,4.758286,2.240646,1.438362,2.6078053,2.2728634,1.9812881,4.1542234,3.6021729,1.156893,1.5639702,3.4247859,0.44081798,3.9980953,1.0507967,0.9884231,0.59470874,2.4115539,2.8860216,1.31703,3.082479,1.740654,0.837644,1.394764,1.7933971,3.84349,2.1483316,3.649049,3.2075024,4.225423,2.5042882,2.1801782,1.6296889,2.2382302,1.3905911,1.9886396,3.9652843,4.825606,3.6402092,3.8238864,2.5566921,3.1239898,4.3810263,1.8614535,4.6591716,1.6025912,3.913581,1.2394391,2.8725357,3.6661744,2.6399581,1.5455879,1.2379671,1.406132,1.605768,3.036125,2.430306,3.987377,3.4276898,3.4051108,1.590817,1.529181,3.1129746,3.5132017,1.0306147,3.3797548,1.9166877,1.5874996,1.3250586,3.4234762,3.5313017,2.1196187,1.8718824,3.3113854,2.2376833,3.2874377,2.3717957,3.5600278,2.6844273,1.1042557,4.515079,1.3200725,0.80893433,1.0239891,1.7561069,0.7828795,1.7876105,2.5106342,1.8370432,1.6993827,3.0709147,3.8247194,3.0244915,0.91711926
2.416673,4.317317,1.8989241,3.403586,2.9636016,3.2151468,2.446137,2.2407048,3.360798,1.7618802,2.3093653,2.3011518,1.2865584,2.2334044,3.7496352,2.2888649,2.367844,2.7179954,3.6244404,2.2671437,2.4362428,3.6907578,2.4802766,2.52544,5.573309,2.6930454,5.516346,1.6724948,2.266639,2.0276566,2.5877612,3.941328,2.1317968,2.2122462,2.1862946,0.9141801,3.5150785,2.8383107,2.6711173,2.7620776,2.4976566,3.2206302,2.3023396,2.4532323,2.3747327,4.442931,3.82148,2.465156,2.830373,3.361273,2.2843068,2.9140844,2.4958198,2.1133587,3.0740244,3.1675563,2.6370049,2.8140628,3.6920173,2.9075642,2.7292144,3.2425854,1.8329333,2.7236738,0.8689458,2.9444027,3.9982278,4.0988684,3.3034723,2.649665,4.373577,2.6019764,2.7507443,1.4793811,2.7425768,2.1989436,2.597947,3.2262785,2.052605,2.0287046,4.2342677,3.1786716,2.119232,3.2716835,2.678105,5.310696,2.0891764,2.7260993,1.2278348,2.1548603,2.1557765,4.116595,4.215215,2.1195009,2.34691,2.4584973,2.7517796,1.9235195,3.220914,3.4216437,3.2358654,3.6544912,3.850354,2.2330816,2.572075,2.3916948,2.8209572,1.9356711,5.6183534,3.850354,3.2621796,11.132558,2.5072882,3.5555484,1.8859448,2.525604,2.7729323,3.3998752,3.486407,3.6611183,2.704425,2.8527677,3.0222242,2.068754,2.2243526,3.0680363,3.0876722,3.6737509,3.1502283,1.769277,3.7326813,2.797322,2.7251382,2.506358,2.227797,2.044969,2.3069203,1.2810143,2.6326816,3.1389086,2.8930948,2.3332887,2.8089705,2.5413325,3.0782802,1.998043,2.4203908,2.5936687,1.2667564,3.009417,2.2109408,3.424198,2.5682142,2.2056599,3.9868503,2.6046863,1.9460254,2.6600306,4.581393,3.262839,3.5899055,2.6655598,1.9764496,2.4037488,1.9794133,1.8209065,4.6690307,1.9555392,3.62703,2.3591938,2.0688214,2.6873636,2.1737602,2.3020627,1.8301798,2.4724696,2.1195128,3.481059,2.6640835,2.2032216,2.673071,3.782405,2.7563906,2.5228307,1.8681413,2.3440902,2.085896,4.109444,3.3137887,2.3230371,1.8287688,3.867101,2.238183,2.7688422,5.961911,2.1748266,2.5657833,2.286018,3.4299004,4.2577333,1.0535635,1.9564673,2.1378627,1.7145444,1.3610774,3.758852,2.4961722,2.48904,2.432513,3.7276294,2.8031902,2.257736,2.6610265,2.8544633,2.6955128,1.4068785,3.1652033,2.2166781,2.8023422,2.5005271,2.3592172,1.8695474,1.8279698,5.193691,4.0950766,3.370632,1.7388079,3.837865,3.7891405,2.8035164,2.1573124,4.7515273,1.6752803,2.483901,2.5158956,5.513114,2.6702497,2.231937,3.2984674,2.066209,3.961152,2.8139513,3.9697032,2.4669304,3.4794345,2.7599034,3.331268,2.6142704,4.625099,1.6924382,2.035764,3.0470903,2.5355058,5.0232825,4.9032407,3.4795525,4.010906,2.8730106,2.2159545,2.260674,1.5067902,3.7247183,3.0390022,3.088244,1.0935806,1.669381,2.2469459,2.5982015,3.58625,4.422946,2.5695813,2.5760562,2.7642183,5.2768006,3.0082767,3.132944,2.2448754,2.6986992,2.8833878,3.672587,2.960269,2.2313411,2.5831232,2.6868372,2.111398,5.0791874,2.815103,2.0233736,3.4785602,4.1152864,4.317352,2.9920824
1.3182102,2.999176,1.2604245,2.4740531,2.6343114,2.674209,1.2342764,1.034649,2.1829066,0.99855256,1.1280046,1.0889686,1.859952,1.0668085,3.3167973,1.431699,1.6158448,2.5084352,3.1719959,2.4011853,1.4369335,2.7537448,1.2994474,2.9643483,5.6904197,0.56701326,5.114399,2.4016798,1.0188111,2.7858315,1.3171588,3.2593637,1.4384533,2.1017637,1.350945,1.4629246,2.5436099,1.7329305,4.3063455,0.7904199,0.7890438,2.0379157,1.1631835,1.0477942,2.6881592,3.6529646,2.7760973,1.518974,0.7576132,2.2554753,1.0919547,1.5776427,0.76519144,1.1744264,0.89813524,2.7324564,1.1988908,2.0742848,3.3423436,3.112128,1.2217782,1.3000017,1.4877807,1.5715065,2.6199155,3.4147718,2.6730616,2.3597164,2.515473,1.3188871,4.001474,1.0842476,1.4384234,1.3430895,3.301181,1.4613242,0.92651224,2.207449,1.2114877,1.2486404,3.2461262,1.9576136,1.0192853,2.8856435,0.8021908,3.340222,1.3605818,2.449759,1.9492834,0.84155464,2.197296,2.2857883,2.403911,1.3972592,1.1725016,3.1095002,2.583725,1.6644961,2.44401,3.4147487,1.9031632,2.0592945,2.692894,1.652057,0.9896781,0.845785,1.5149671,0.9559405,3.7337513,2.692894,1.8297799,10.209169,2.5991304,1.6331029,1.3074988,0.9879675,1.0040132,1.3279665,1.9029809,1.6256477,1.1304046,1.2599187,1.5813637,1.160092,1.3117813,1.1006147,3.560279,3.8016984,2.3783102,1.00503,3.424284,1.5400814,1.3146933,0.5200002,1.0605849,1.4424899,1.0947299,1.8641641,2.4701874,2.3183558,3.124414,1.3399419,2.8665168,1.2219784,1.038627,2.871906,1.9612747,1.1996924,1.4759539,1.2790008,1.1787674,2.5257945,0.49938563,0.7097942,2.2105951,1.9197025,0.7827616,2.856466,4.126112,2.56351,3.6975985,2.8091736,1.0257804,2.7484813,2.1906407,1.7832723,2.5608208,2.0485873,3.2217326,2.4955115,1.3117268,2.3201375,0.9618114,1.1561613,1.1465714,3.3561015,1.1638972,2.0817757,2.5600607,1.0620594,1.2607777,2.4198916,1.3496203,1.2675066,1.5229243,1.0604737,1.3028715,2.3885705,1.2162673,1.0646307,0.73769295,2.3469365,0.9234585,1.1061579,3.814841,2.8248804,1.2511209,2.4041314,3.441965,3.931896,2.0589395,0.7570145,2.2974546,1.4059911,1.6098467,3.332582,3.1405795,1.344965,1.8596739,2.8765008,0.893532,3.6347556,0.5387347,0.657897,0.6589476,2.1961737,2.6043282,0.88309795,2.4461668,1.2239658,1.0269727,0.8803733,1.2502321,3.9491587,2.1228878,3.0108113,2.5731993,3.3402734,2.0962896,1.6535848,1.0923401,2.6293766,1.4703993,1.5322517,3.4678888,5.191255,3.1432612,3.6082335,3.021879,2.1752915,3.6641567,1.5510598,3.8671556,1.7934014,3.7935054,1.8162595,2.2940822,3.1504898,2.5812573,1.4586214,1.3876041,1.0608637,1.0720396,3.0415924,2.7746174,3.1683517,2.8979948,2.7419934,1.1061872,1.1728742,2.9753706,2.8828142,0.86334264,2.5148878,1.3052912,0.91139597,1.2214124,3.2508337,3.8031974,2.292151,1.3722627,2.4052563,1.7318486,3.302406,1.6979232,3.0822015,2.4620988,0.67814857,4.2936225,1.6056956,0.8041223,0.80617326,1.3580987,0.5416873,1.6025684,2.972046,1.4379517,1.6547798,2.3512747,4.159792,2.6694157,0.8266951
1.2917804,2.9908214,1.5343862,2.5845537,2.8128512,2.8382444,1.2861102,1.1379145,2.2134542,1.2182232,1.2091794,1.1364037,1.9146377,1.1225694,3.4631038,1.2996163,1.8253983,2.6388886,3.2983801,2.3173652,1.516516,2.7804172,1.3669857,2.9082532,5.594877,0.45922363,4.9321074,2.4100697,1.0057395,2.8841467,1.3759232,3.273795,1.440926,2.1628406,1.3272051,1.6687652,2.6097388,1.7171689,4.3786874,0.74326473,0.7112874,1.7887443,1.2333213,1.035443,2.6596859,3.7158105,2.835158,1.5947728,0.5144979,2.306389,1.1661642,1.5861703,0.7480417,1.2776033,0.7207182,2.9198904,1.2960991,2.1167479,3.5079737,3.249295,1.0408063,1.2234797,1.4615582,1.3649939,2.7819784,3.3354385,2.6949806,2.3015835,2.5710678,1.3804774,4.1251693,1.0687712,1.4694338,1.4071455,3.3845923,1.446759,0.7423874,2.2487483,1.249913,1.2871188,3.303887,1.9359045,1.0894173,3.071636,0.5950629,3.1667676,1.3817977,2.5273361,2.0181835,0.7943159,2.1204128,2.1956773,2.3158967,1.4082506,1.2573369,3.1783562,2.5594518,1.8544157,2.2304823,3.260467,1.9124821,1.9407289,2.7181778,1.626919,0.9487343,0.8058499,1.5220956,0.9567143,3.585833,2.7181778,1.8649372,10.002234,2.8431358,1.4907259,1.2891272,0.86716646,0.7662992,1.0706639,1.8685794,1.4351163,0.9004844,0.9981431,1.6282855,1.2021265,1.2974684,0.83068097,3.6014152,3.6699207,2.448531,1.1877358,3.5653977,1.5478164,1.3744876,0.40704718,1.1268533,1.4516957,1.1937741,1.942915,2.6904874,2.343605,3.2237701,1.3296708,2.7433023,1.3194965,0.75730205,2.918022,1.9952971,1.2925673,1.5396405,1.2377123,1.203733,2.6349204,0.39968908,0.6533336,2.1441915,1.9193758,0.80538034,3.0467577,4.2483687,2.7147336,3.8145096,2.8427324,1.0676175,2.7541144,2.213949,1.9721658,2.2952023,1.9901986,3.3892765,2.6886063,1.3379998,2.1755006,0.987714,1.1858011,1.3585355,3.4733028,1.1935486,2.0809355,2.5910923,1.1208959,1.3339956,2.4567277,1.4005699,1.3356732,1.7483224,0.91909885,1.3297851,2.3773441,0.9941117,1.0291947,0.9636703,2.0803373,0.93368214,0.86763656,3.568726,2.870603,1.3307625,2.4392653,3.576533,4.0633473,2.1530557,0.93730956,2.3228514,1.6173196,1.6991166,3.463718,3.2197154,1.2153655,1.7436508,2.9366734,0.61442983,3.7618842,0.43369377,0.48920506,0.3667512,2.2438304,2.6138327,0.90882593,2.5207913,1.3141906,0.8605888,1.0013007,1.4122001,3.789364,1.948757,3.0801332,2.7186964,3.4910843,2.0543067,1.703989,1.2058116,2.3703594,1.4676826,1.6883085,3.5740032,5.013992,3.2404041,3.7138326,2.8544192,2.4288025,3.8149297,1.5596392,3.9955664,1.7185513,3.76105,1.637593,2.3606813,3.2443573,2.422681,1.4560096,1.3094586,0.9675353,1.1275992,2.8710184,2.5243561,3.3007221,2.927241,2.8438253,1.1745111,1.2002884,3.0326145,3.0009224,0.67466825,2.6693213,1.5061362,1.1302888,1.1765983,3.2609067,3.6872966,2.0727751,1.4230331,2.5933988,1.8880695,3.1298876,1.7351444,3.119396,2.4625263,0.5366267,4.387023,1.346213,0.53621525,0.73716104,1.4070581,0.29472664,1.6034076,2.704203,1.4689476,1.6165093,2.5154753,4.0183673,2.61522,0.60176396
1.5737478,3.4562707,2.0414698,2.784913,3.3573067,3.430898,1.6954852,1.5219609,2.7041233,1.5142694,1.6424445,1.4827671,1.9411967,1.472064,3.922557,1.2126762,2.2393785,3.152165,3.863047,2.1717098,1.8649472,3.2232175,1.6138116,2.8581238,5.6724586,0.9905639,4.840513,2.3481646,1.2853006,3.146442,1.7425984,3.6880138,1.6559594,2.3816137,1.5275339,1.8970755,3.119896,1.9966432,4.362829,1.2007865,1.0465997,1.3414524,1.6323208,1.3892394,2.7126381,4.2457905,3.3617027,1.9564087,0.8348379,2.818671,1.5759419,1.7888347,0.94796294,1.1906446,1.0907699,3.405905,1.747452,2.48499,4.099699,3.7210023,1.1663413,1.4812455,1.2132118,0.903777,2.8801444,3.241439,3.237163,2.7639124,3.007821,1.7668759,4.427986,1.2567495,1.8317604,1.4534105,3.7047038,1.6471317,0.92685264,2.6891003,1.5373949,1.5640169,3.8387125,2.2888238,1.4465592,3.542414,0.72583914,3.4317226,1.6315278,2.805321,2.078299,1.0271268,1.9978268,2.622965,2.7426176,1.6441058,1.6987332,3.42917,2.685103,2.2022145,1.9403813,3.0165975,2.3747752,2.274142,3.2233894,1.7909715,1.2938064,1.1339217,1.8584595,1.1706551,3.8975503,3.2233894,2.3458858,9.97183,3.3754535,1.8551424,1.4023662,1.0824372,0.8806694,1.2154042,2.3307896,1.6932658,0.60908616,0.82463455,1.9198682,1.5052615,1.5409439,0.95396256,3.8943965,3.539819,2.925918,1.4620761,4.1351085,1.8780794,1.7820157,0.8805436,1.5056458,1.6580458,1.6246774,1.9364363,3.259875,2.7372096,3.6544888,1.5935324,2.5598075,1.758398,0.876491,3.0730526,2.2160084,1.7297027,1.5115068,1.6810178,1.5155705,2.8537173,0.8758655,0.928521,2.595675,2.132328,1.0685378,3.5804346,4.837064,3.322517,4.3130307,3.1367857,1.305368,2.8737369,2.3383834,2.4449923,2.2802303,1.8570276,3.797518,3.2076776,1.5992833,2.0248418,1.2939789,1.5133275,1.7355957,3.8169947,1.4983592,2.528835,2.9369624,1.4721004,1.7495794,2.9847875,1.8016728,1.5533226,2.1921084,0.9602573,1.5964642,2.88768,1.2306179,1.08383,1.282973,1.9788738,1.2451875,0.90296865,3.5963738,3.033481,1.721082,2.6604815,4.094924,4.63906,2.1499763,1.3036484,2.4712055,2.1034102,1.7872498,3.9757833,3.5317078,1.0096396,1.4759521,3.4302456,0.5294598,3.94868,0.97477597,0.95051134,0.5351263,2.3074505,2.9380045,1.0682024,2.948161,1.7056639,0.82839423,1.2873023,1.6951743,3.9903076,2.2456877,3.5606759,3.0627995,4.091224,2.5343559,2.1703238,1.5656042,2.3960166,1.3337839,1.7281784,3.8871844,4.917083,3.5988708,3.7946913,2.6161866,2.9548702,4.1242304,1.895955,4.533862,1.4379447,3.924505,1.2075819,2.865511,3.6037776,2.733203,1.4909087,1.2406006,1.4184299,1.3501868,3.146673,2.5775752,3.8443637,3.4382575,3.2213774,1.5468031,1.279833,3.0339127,3.261765,1.0452994,3.2635174,1.6915998,1.4121749,1.3419234,3.4104073,3.5727954,2.2481923,1.8555884,3.1169581,1.9770672,3.397361,2.2715125,3.489251,2.5857284,0.98481077,4.4993205,1.4528909,0.81003094,0.9742231,1.7551303,0.71388483,1.7937338,2.6639857,1.849904,1.55739,2.8140712,3.9042075,3.0732398,0.93296623
1.9899986,3.797069,1.824874,2.9568844,2.3962123,2.6835492,2.204424,2.1888144,2.9165628,2.10125,2.0826287,2.1192374,0.58208334,2.0448468,3.0349894,1.5181192,2.013258,2.0349069,2.922304,1.581585,2.4637883,3.3533638,1.6696476,1.3332245,4.725654,2.1258314,4.0311213,1.6377912,1.9055246,2.115536,2.5286863,3.5070572,1.8070537,0.890338,1.7556034,1.402298,3.2065485,2.6280687,3.3843238,1.9089724,2.0382543,2.203005,2.1048603,2.0753214,0.95437294,4.016981,3.444585,2.4560475,2.002041,2.9489362,2.072573,1.9727598,1.7941815,2.4171598,2.4778583,2.6687405,2.5698175,2.6494741,3.2131755,2.2314935,1.9571768,2.3408868,1.8017764,1.8637906,2.152069,1.9226856,3.0191545,3.3648596,3.117151,2.5821033,3.7405558,1.7299662,2.6249146,1.5143757,2.6060364,1.8279293,1.8827262,2.9802783,1.7636586,1.7445414,3.8148265,2.8359377,1.9060783,2.7841046,2.1550894,4.221639,1.7944264,1.588721,0.53095657,1.6079605,1.5136286,3.3091662,3.4042602,1.8030123,2.1361861,2.3734472,2.5547318,1.4522444,1.9857863,2.2860234,2.8059895,2.8656237,3.3324645,1.8345256,2.189382,1.9736676,2.6502454,1.3694065,4.535904,3.3324645,2.9686122,9.505976,2.4497058,2.7553837,1.3106047,1.9729078,1.9531647,2.5569572,2.89062,2.5491304,1.8167827,1.987111,2.2000344,1.7806094,1.8053675,2.1419978,2.3890843,2.624724,2.8751261,2.0324109,3.1320417,2.6293635,2.6299934,1.9405829,2.0190604,1.7131546,2.1716192,1.7446166,2.757806,2.8471308,2.2235212,1.9896343,1.7583872,2.4773734,2.230687,1.4654608,2.4531538,2.5288806,1.1671736,2.5206623,1.9131283,2.9183772,2.0961318,1.6529999,3.2667048,2.4978735,1.4166199,2.4844747,4.0197625,2.8350587,3.0148785,1.4428637,1.7639257,0.9249723,0.36265355,1.7646797,3.5521817,1.4444482,3.1145122,2.0560966,1.7674127,1.6089746,1.8921707,2.067057,2.1279585,2.199757,1.787603,3.083542,1.6128856,2.0066013,2.60002,3.3447897,2.6461306,1.8033136,1.5296384,1.6502875,1.792437,3.1139662,2.5881715,1.4367565,1.9688888,2.6627061,1.92556,1.8915615,4.819888,2.1078997,2.5368147,0.80480903,2.7932594,3.6606188,1.6755317,1.9846549,0.5680325,1.5283717,0.63721687,2.9451263,1.9219365,1.5115101,1.3474325,3.426376,2.1597986,2.9777648,2.088104,2.275018,2.022198,0.6419058,2.8859472,1.4798563,1.6559715,2.4907074,1.5841036,1.8409781,2.1527057,4.0909376,3.145774,2.420773,1.3437728,3.3178246,3.1096528,2.480541,2.1724238,3.6946738,1.609673,2.6841235,2.2680807,4.0513644,2.5239477,3.097218,1.9970572,2.3962386,3.4936495,2.6418712,3.314443,1.6550599,2.4602683,1.830329,3.0459592,2.229104,3.683751,1.2328987,1.495462,2.461029,1.8567516,3.9933438,3.817742,2.7519467,3.488407,1.8070217,2.0248833,1.5019109,1.480643,3.211646,2.4244182,2.6774287,1.3654295,1.932733,1.8558784,1.9291861,2.3504987,3.4621036,2.3016233,2.0572765,2.9030943,4.1984715,2.0312111,2.0279424,0.6906242,1.8581427,3.5319567,2.7481308,2.2359738,1.6804597,2.5160224,2.0839307,1.780421,3.9484532,2.6718595,0.80951697,3.320306,2.8763428,3.573039,2.3407621
0.91443926,2.3900592,2.4923959,4.445108,3.4679918,3.2019153,0.9986367,1.1333501,1.6341978,1.6704016,1.091728,1.0094335,2.3019803,1.0266889,4.609636,1.6272477,3.2780643,2.6925766,3.512972,1.9554452,0.8467927,1.7128057,3.1197846,2.87511,4.3890862,1.8476794,5.0272837,1.7176782,1.1105593,1.5829728,1.0182177,2.0431898,0.8299236,3.1715097,0.9596785,2.0131915,1.838789,0.6759162,3.0131423,2.5392892,1.4178967,2.86336,1.0061779,1.1183127,2.820467,2.9371624,2.1855507,0.7826084,2.1899016,1.7322401,1.0708306,3.440673,2.6973102,2.3277848,1.955063,4.0617957,1.3142207,0.7564517,3.722296,3.3120399,1.5228839,3.1965742,1.8342528,2.6292727,2.1226523,3.0181775,3.2653549,2.4403296,1.3627958,1.0931159,5.658569,2.9438956,0.9912001,1.4509747,2.0130696,0.8340527,1.6303873,1.2693886,0.9798959,0.9645434,2.6512918,1.030778,1.0922941,4.243331,1.6912124,3.6961658,0.86569476,3.7274816,2.3361893,1.4656863,1.7738935,2.4846451,2.557591,0.84675395,1.0855922,1.7479672,0.75910217,3.0762403,2.8327622,3.2739556,1.4263575,1.8161005,2.1552558,0.8048416,1.2228574,1.3044934,0.93173856,1.5083535,3.96379,2.1552558,1.5092564,10.461793,3.3672419,2.0289762,1.383629,1.34794,1.8433803,2.1928825,1.7609948,2.8963974,2.4795945,2.0171762,3.5010216,1.0102819,0.94243616,2.2055094,2.7504115,3.1804745,1.4795287,1.4817278,3.6766891,0.8756522,1.1802083,1.7532445,1.0566125,0.89476365,1.118903,1.5228459,2.375422,1.0969965,2.7958157,0.8285063,2.636503,1.1890115,2.1760068,2.2304275,0.1673098,1.2461228,1.9675404,1.4641039,0.95107245,4.4712477,1.7492901,1.5703253,2.3161707,0.23614487,1.6127715,2.8059027,4.126627,2.7553833,3.40516,2.851564,1.1405337,3.1444194,2.7895122,1.7182025,3.523058,1.7445251,4.751412,2.7645223,0.9121636,2.1774426,1.1339405,0.9416631,1.432917,2.69842,1.0128822,1.5555319,2.3466747,1.0340112,1.2153466,2.1286838,1.1549163,3.164974,2.7774127,1.562552,0.90196425,3.4559147,2.0227964,2.7321658,1.7643868,2.663713,1.1731684,1.8860606,4.5098557,1.4690999,1.1320038,2.9540408,3.5519166,4.0665927,1.7506382,1.4965745,2.9696133,1.9143524,2.5203767,4.2449083,2.5255735,2.7687316,2.9062262,1.9873698,1.9685724,2.2480602,1.8541505,1.9392225,2.053332,2.2617042,1.029633,2.639772,3.0463119,1.129004,1.7891493,1.3295931,1.2266912,3.318902,2.5496233,3.083916,2.5634844,3.660763,2.1614919,1.1590738,1.0913758,3.3777084,1.6408378,3.2874014,2.6915536,5.0675573,1.9752275,2.1920378,3.2118392,2.297925,5.334473,0.88847697,3.9908009,3.2182672,3.0696127,2.936655,1.6375768,2.3306546,3.0400617,1.490329,1.4890208,1.7431111,3.0252461,3.3765383,3.5307262,3.5944781,2.3433614,3.7069604,1.0150214,2.9205885,2.585666,4.790401,1.9605421,2.626155,2.2534723,1.7211901,1.0211353,2.382372,3.5659854,2.9384499,1.0169075,3.181833,3.5816057,3.6556501,2.5107372,2.9939094,2.8509457,2.2362823,2.7331886,2.4091573,2.1035311,1.4840804,0.94146353,1.9530901,0.8020748,3.8393607,1.076118,2.673783,4.2909074,3.7566357,2.5909915,1.9855797
2.7096705,4.33584,1.7654451,1.2407914,2.7442453,3.146681,2.727476,2.5442705,3.5457447,2.2095797,2.593827,2.5866401,2.063675,2.5414588,2.7858415,2.3254414,1.2391726,3.0540206,3.5948467,3.0219984,2.9581256,4.1529117,0.62673706,3.1100395,6.463977,2.0084805,5.1692686,3.1166837,2.434736,3.7345686,2.8794808,4.56258,2.725517,1.6717637,2.622849,2.0641632,3.8892527,3.2553358,5.002171,1.4014891,2.2655487,2.257486,2.638248,2.5302339,2.7806907,4.825165,4.0731955,3.0274796,1.7677985,3.5883777,2.56838,0.7063727,0.9126253,1.9456313,2.2667468,2.3429399,2.7561102,3.5192583,3.7516441,3.3766978,2.4293284,1.2139591,2.258788,1.7948645,3.2783313,3.6742303,3.2742677,3.5745502,3.9418774,2.88796,2.8715365,0.7524262,3.0066288,2.300183,4.2647676,2.747634,2.1662555,3.6669943,2.5357757,2.5549428,4.4745307,3.46057,2.4453013,2.405751,2.1639311,4.191425,2.665358,1.7479105,2.1403127,2.0836515,2.8929508,3.4602323,3.5712323,2.6959932,2.6438963,4.0732713,3.8471565,1.2896307,2.6889393,3.5930626,3.337912,3.3514314,3.971418,2.8868418,2.5079238,2.3107445,3.0784092,2.040221,4.596053,3.971418,3.3167152,10.028539,2.7611194,2.8811924,2.3011155,2.361854,2.1213627,2.423666,3.2716882,2.1693864,1.5512551,2.1609592,0.8607297,2.5037627,2.6256814,2.040465,4.2008886,4.223995,3.7228894,2.280591,3.8494318,3.0967972,2.8878407,1.9457664,2.5269225,2.682224,2.592994,2.720424,3.40981,3.7378058,3.695985,2.7331913,3.2140985,2.7681966,2.0573847,3.4171634,3.3728797,2.7581704,2.0004802,2.7640123,2.5807865,1.2908282,2.0083656,1.9837707,3.457176,3.3628993,1.9009203,3.4813142,4.72221,3.3812683,4.262837,3.0828369,2.3565137,2.6192904,2.1076999,2.7313135,3.0874727,2.736774,2.4403765,2.9723094,2.6155386,2.8704174,2.3887737,2.6244853,2.4494112,3.9384391,2.511393,3.5433304,3.1583376,2.523006,2.8312426,3.7470214,2.9236367,0.49230024,1.5944656,2.1623223,2.6210535,2.8495255,2.4703515,0.8924389,1.9685825,3.0360856,2.3705773,2.126896,4.3844705,3.7845633,2.8142958,2.3440862,3.8112864,4.3897023,2.7710972,2.156957,2.1154275,2.2396245,1.5867823,3.1910346,3.724199,1.2138145,1.6248721,4.2124524,2.032019,4.5397644,1.9744045,2.0547266,1.7979501,2.49471,3.9842293,0.8808574,2.6054378,2.7781768,1.9802307,2.226332,2.5795166,4.9463754,3.1876059,3.5038402,2.9323995,3.8430574,3.366023,3.093335,2.5734997,3.35133,2.3067665,1.370833,4.071181,5.2396464,4.1092052,4.5313873,3.092555,3.0046287,2.556189,3.1081002,4.2197647,1.1400741,4.3049736,1.7132093,3.6779299,3.9096305,3.5809338,2.3208184,2.3326075,2.488387,0.592456,3.9739993,3.462489,3.4579864,4.1473336,2.3855686,2.5652149,0.6282201,3.2758737,1.7225713,2.2172186,3.3385766,1.7017524,2.057703,2.5463548,3.868422,3.9283698,3.232407,2.8554392,2.5624404,1.378299,4.166492,2.3740177,3.488554,2.4566767,1.6230537,5.1887946,2.595265,1.9770654,2.0846486,2.915112,1.8776119,2.8348858,3.4864755,3.0102649,1.511144,1.6855136,4.403336,3.871541,2.1325693
3.208692,4.0085845,2.0379326,2.0146973,1.3481908,1.9133557,3.1868832,3.2174997,3.37808,3.1623733,3.0601904,3.225202,2.6695585,3.1714027,1.014088,3.1298156,1.5207666,1.992384,2.091616,3.6302905,3.5283995,3.9358776,1.637544,3.1942,5.9479284,2.7757642,4.7934,3.749119,3.1170669,3.6481428,3.4909637,4.1351657,3.2527819,1.3640037,3.1823812,2.7749496,3.5964913,3.7366614,5.3901014,2.0740461,3.0398135,3.426103,3.1463728,3.1271741,2.6494439,4.045747,3.6507335,3.5152416,2.6074772,3.3433375,3.0962193,1.5864242,2.231099,3.496611,3.0490937,1.0643014,3.3337822,3.6799817,2.2878015,1.9942082,3.0919375,2.0656335,3.5222342,3.1341186,3.8890934,3.7727015,2.2098358,3.3907373,3.8511868,3.4843621,1.9108465,1.936684,3.5595412,3.2082152,3.841549,3.2746603,2.9426186,3.6883998,3.0879536,3.0991595,3.856609,3.7168128,3.0607142,1.1086211,3.1515641,4.0005465,3.1899676,0.7604756,2.631503,2.8596923,3.5331132,3.3483963,3.4157133,3.2163272,3.084784,3.8722832,4.1600394,1.4720873,3.4122078,4.0124245,3.3870542,3.432858,3.5517817,3.365869,3.1810963,3.045536,3.6176314,2.7565203,4.202156,3.5517817,3.4841878,9.231719,1.88234,3.1482172,2.9468677,3.1071813,2.9224982,3.1423433,3.289464,2.4946883,2.7955918,3.1173863,1.5477211,3.0669787,3.1550603,2.821887,3.425028,4.3304005,3.5044801,3.1991823,2.3206308,3.624557,3.4640908,2.769677,3.1090622,3.206243,3.1319323,3.6035829,2.9320743,3.7271733,2.6370559,3.267651,3.6605802,3.3183088,2.9130476,3.2501109,3.8533874,3.3429358,2.9833653,3.1702628,3.1397226,1.859934,2.891719,2.807274,3.3693411,3.8466985,2.6845384,2.5300386,3.2160056,2.4722114,2.909815,2.214599,3.1072388,2.2152207,2.059573,2.6092017,3.643896,3.4828236,1.2999321,2.059975,3.1449442,3.3953094,3.0896647,3.2218375,3.1566446,3.2057195,3.059709,3.6127515,2.446537,3.1434112,3.4278204,3.4953659,3.48744,1.7870598,1.613332,2.995004,3.1533065,2.1316822,3.1802397,2.1496706,2.976067,3.517982,3.0874293,2.9320583,4.679717,3.860103,3.44547,1.7895124,2.3003514,2.7901943,3.5961678,3.0221593,1.8867003,2.2765644,2.2938123,1.2766048,3.0379324,2.5172,2.743438,3.837311,3.123534,4.6269,2.746466,2.8830235,2.8522387,2.7999887,3.971776,2.1363492,1.3590748,3.4162471,2.8983517,3.0694146,3.36889,4.5557384,3.3240392,2.1828005,2.374338,2.4265401,3.2538917,3.2307591,3.2580974,3.8514445,3.3927588,3.0922804,3.4061759,4.867582,3.6399276,4.9367437,3.5494943,2.773682,1.8461573,3.6229432,2.5645075,2.6853642,3.6694334,3.0773823,3.511419,3.2421405,3.6048357,3.0460536,3.196987,3.013894,1.960668,3.8723128,3.8734462,1.8640648,3.636855,0.7772186,3.132848,2.059012,3.5680583,1.8476787,3.0091069,2.456556,2.6286972,3.035197,3.2431304,3.5644634,3.8988366,3.5987737,3.2056127,1.4014403,3.0352283,3.9880075,1.8083247,2.3583052,2.2073798,2.3537858,5.317281,3.2368367,2.8732667,2.8843777,3.5216775,2.830221,3.3095193,4.0139318,3.5459597,2.3378623,2.4627357,4.3150597,3.5681343,2.972351
1.28807,3.0967653,1.8333734,3.4468403,3.343801,3.269202,1.1329165,0.756577,2.2684216,0.5981186,1.0885817,0.89661574,2.1381364,0.9077044,4.245835,1.672776,2.493276,3.0102558,3.7808154,2.396541,0.92889476,2.6388383,2.3821733,3.2898397,5.701852,1.3398337,5.6884623,2.111952,1.0368909,2.4917998,0.9254688,3.1763852,1.277338,2.9339633,1.3018601,1.4570849,2.5279284,1.3674749,3.6719184,1.9659928,1.0942745,2.590161,1.0356137,1.1044368,3.1523097,3.748084,2.842192,1.0685155,1.7237508,2.3457203,1.0153146,2.7255278,1.8787519,0.96898353,1.5169297,3.586006,0.987801,1.7552681,3.8861642,3.6288066,1.5983357,2.488236,1.277595,2.14528,2.0613573,3.6188633,3.4600332,2.7790184,2.2802505,0.9669755,4.995953,2.2148242,1.1006008,1.1155403,3.1073778,1.3220147,1.4368528,2.0325847,1.1284238,1.1504341,3.352723,1.7812136,0.9468701,3.7451336,1.2110218,3.9792733,1.2134318,3.4013376,2.2191267,1.2027478,2.178206,2.7730033,2.878764,1.2496674,1.1118464,2.844536,2.1403768,2.4559116,2.9416995,3.7050934,1.9605688,2.3643632,2.8452046,1.4876193,1.0780638,1.0484464,1.1876825,1.2972356,4.344869,2.8452046,1.8103962,11.035832,3.086895,2.1545775,1.4503648,1.2386605,1.6288236,1.9848655,2.1619925,2.6406991,1.9303511,1.8001714,2.735539,1.0976708,1.2754843,1.9157867,3.712562,3.9678416,2.2943034,0.5354797,3.972479,1.1980323,1.0315193,1.2525284,0.96234685,1.3049045,0.9585318,1.3680415,2.5143569,2.1196897,3.4503314,1.208571,3.0820599,0.97223854,1.8204983,2.9131677,1.3663895,0.9543119,1.5382979,1.5181744,1.0917208,3.523126,1.150196,1.1930482,2.6210673,1.4139518,1.236912,3.1111386,4.583774,2.9825342,4.047251,3.3370628,0.91617125,3.3416197,2.7977495,1.8724208,3.3501065,1.9940324,4.1423516,2.8902352,1.1947075,2.5790963,0.9397564,0.99408,0.72926027,3.4262335,1.1365399,2.085571,2.9842937,0.9241385,0.9765095,2.5784585,1.067132,2.3441498,2.228479,1.4185853,1.1782146,3.3403683,1.7888515,2.0547576,0.70754725,2.9147844,0.94995564,1.7168922,4.5068207,2.5022922,0.8742705,3.0746846,3.9455252,4.4510093,1.626189,0.64941436,2.9693894,1.732066,2.1046927,4.176314,3.2952354,2.186889,2.5116584,2.8143256,1.4582081,3.0319047,1.3389701,1.405125,1.4679037,2.395072,2.319459,1.8903801,3.2084506,0.83379173,1.5275685,0.70709693,0.5735771,4.2759824,2.7245533,3.5874317,2.8405313,3.8770776,2.4837847,1.6366186,0.70929587,3.3103495,1.2684288,1.9457595,3.4866784,5.7427387,2.9947886,2.8488016,3.4760408,2.1902392,4.5961843,1.2190965,4.400607,2.5217147,4.036276,2.4391859,2.259403,3.201095,3.1867306,1.5035758,1.4580039,1.5537387,2.1692314,3.6438782,3.4821894,3.811286,3.056262,3.601829,0.9701335,2.1454978,2.8979998,3.8838694,1.5179847,2.8984532,1.5105119,0.7097824,1.1502988,3.295319,4.155036,2.9298677,1.2961845,3.059139,2.2500985,3.9352403,2.5402958,3.6056454,3.040085,1.752709,3.6385329,2.2752712,1.6189343,1.1927855,0.9447679,1.3613122,1.4169381,3.7151628,1.1482692,2.3341599,3.173889,4.486533,3.0480201,1.5300505
1.4348828,3.49684,2.014278,2.906251,3.2791145,3.3765624,1.6502004,1.5036228,2.6936984,1.4944324,1.586984,1.4271438,1.540508,1.3988178,3.890772,0.8382049,2.258482,2.9864223,3.7720113,1.7359624,1.8379018,3.1859953,1.6093135,2.4203339,5.3437395,1.1218706,4.5465193,1.9381237,1.1685015,2.8376422,1.767195,3.5868363,1.43424,2.133902,1.3023355,1.6764052,3.1053383,1.9502405,3.9887686,1.3028425,1.0454274,1.155519,1.5688403,1.3367659,2.3059382,4.2115455,3.3660944,1.9123639,0.9481159,2.8057232,1.5183983,1.8332521,1.0364392,1.2865982,1.3047898,3.3915808,1.8243561,2.388638,4.0350084,3.5142264,1.042405,1.6740918,0.8992066,0.6564252,2.5909462,2.8013432,3.2532797,2.8674345,2.9534342,1.8110958,4.4332848,1.2902126,1.8602862,1.1525191,3.4162364,1.4239143,0.8462079,2.665845,1.3546191,1.3693585,3.8403842,2.270415,1.3441641,3.5285988,0.811897,3.5722709,1.4262087,2.643016,1.6845307,0.83832616,1.5684667,2.7363536,2.8539948,1.4323658,1.6516023,3.1123576,2.4333453,2.0942955,1.6233764,2.6148381,2.3852782,2.2859666,3.2222886,1.5361657,1.2950556,1.0866624,1.8758472,0.9065202,4.021468,3.2222886,2.4133682,9.835102,3.2965086,1.9595814,1.0638931,1.0012941,0.8393064,1.3755021,2.3830216,1.8302779,0.51661766,0.704306,2.0210316,1.3373886,1.3446306,1.0323051,3.564212,3.138052,2.8571124,1.4059756,4.0376024,1.8816358,1.8466253,0.9340539,1.4320676,1.4134243,1.5977515,1.6238871,3.194984,2.652438,3.4049847,1.4435816,2.1303678,1.7976565,1.011187,2.6747923,2.0608258,1.7908559,1.148241,1.7521437,1.3803777,2.957889,0.9957286,0.7875944,2.7043693,1.9965587,0.8517459,3.4259796,4.7724833,3.2871654,4.1185546,2.8241675,1.1356454,2.5055294,1.979384,2.2765222,2.477171,1.4236777,3.8041956,3.0491338,1.3973947,1.6212837,1.1864522,1.4269894,1.6929356,3.5013132,1.3323486,2.5727842,2.6564727,1.3890083,1.8176327,3.044955,1.8628794,1.5883987,2.099376,0.7047017,1.4027301,3.0027406,1.4100801,0.9831418,1.277694,1.8937656,1.1568116,0.80205923,3.8072052,2.690064,1.7663019,2.3421059,3.9282742,4.5498962,1.8155102,1.2837982,2.1343029,1.9587382,1.4626178,3.9040375,3.201622,0.8119921,1.139778,3.3966682,0.66323406,3.6390696,1.0973212,1.143469,0.6830852,1.891082,2.7946978,1.0109637,2.758017,1.7419215,0.53360534,1.1825995,1.6192243,3.9077127,2.369996,3.38735,2.7628028,4.042094,2.6215658,2.1377378,1.5272938,2.5947125,0.9852746,1.907005,3.554974,4.610107,3.3305607,3.487234,2.2399132,2.867641,4.13629,1.9017217,4.3940773,1.2475857,3.5570045,0.9647395,2.8586557,3.3099065,2.9055908,1.1084504,0.8612606,1.5467701,1.4255322,3.292044,2.7757933,3.7306812,3.4348848,3.0456562,1.4655172,1.2124499,2.602491,3.365065,1.2523521,3.2004604,1.4954908,1.3614165,1.1511937,3.0181355,3.1618268,2.4458437,1.8175249,3.005519,2.1884704,3.5399215,2.234257,3.226063,2.2148366,1.0561252,4.163168,1.6116498,1.0040007,0.8165309,1.7639117,0.8747377,1.5399829,2.8625638,1.896876,1.2028693,3.0243728,3.5189753,3.1586154,1.1319982
1.7084037,3.6493495,1.4500397,2.601552,3.0616038,3.191091,1.6456846,1.2959551,2.7754002,0.7411169,1.527236,1.4075617,1.734802,1.3763437,3.7185802,1.647829,1.8250548,2.967565,3.7261088,2.403774,1.6623229,3.2682407,1.6283318,3.0649157,6.0343676,1.3446646,5.5413613,2.208274,1.3729646,2.830244,1.6286273,3.7660222,1.6665223,2.3469074,1.6262953,1.1482849,3.0784652,2.0798154,3.9553914,1.5549448,1.3178803,2.2564757,1.5220864,1.5048622,2.8710446,4.234302,3.3592188,1.7761067,1.507306,2.8375926,1.4654049,1.9873562,1.1965328,0.4374534,1.6311364,3.0711203,1.5829484,2.4229896,3.835117,3.487179,1.7468063,1.9344071,1.1284467,1.6945839,2.15392,3.5055394,3.4476259,3.1331975,2.9428263,1.6580846,4.2371697,1.51236,1.8042897,1.1257944,3.4853625,1.7103239,1.4824198,2.6788673,1.4694296,1.4894251,3.848464,2.4382627,1.3200645,3.202166,1.3032103,4.165668,1.5960554,2.7612667,1.8336293,1.2209154,2.2063856,3.0813086,3.1980395,1.6362273,1.5746138,3.2191906,2.7371998,1.7862002,2.7016535,3.5356488,2.492833,2.7597172,3.327937,1.8775246,1.4807796,1.312461,1.8937601,1.2312344,4.5676637,3.327937,2.3882635,10.834606,2.8132842,2.407879,1.4753714,1.4650316,1.6008775,2.0399842,2.5969641,2.432793,1.4806623,1.705979,2.0296907,1.435459,1.6252737,1.793058,3.8572462,3.9842694,2.8483002,0.82145,3.9404342,1.9078225,1.6953838,1.2183082,1.3998251,1.6450238,1.4495703,1.4873725,2.7482677,2.7547991,3.501971,1.6645846,2.9640396,1.5804921,1.7244598,2.9383817,2.0857556,1.5663946,1.178891,1.9298208,1.4998142,2.6880982,1.17917,1.1533885,2.979756,2.12658,1.0938826,3.1649737,4.6974525,3.1098928,4.1339417,3.17729,1.1966717,2.9545374,2.3570054,2.0030887,3.2641098,1.9850229,3.4945464,2.8016431,1.5551236,2.516031,1.2755674,1.4841925,1.1053435,3.5205514,1.4707116,2.6700115,2.9903188,1.3698386,1.628126,3.0633857,1.7377887,1.5547882,1.7132453,1.4173361,1.5519205,3.2081394,1.9325385,1.3448945,0.58416593,2.9217181,1.2766875,1.6583216,4.5476937,2.8578522,1.5587895,2.687693,3.8891168,4.471499,1.6478225,0.8492657,2.503642,1.6490662,1.5140325,3.8330526,3.3683004,1.5437948,1.916587,3.3942215,1.3842018,3.4383564,1.3208839,1.4203674,1.2713057,2.1404157,2.9701915,1.1655856,2.9439328,1.5109075,1.380555,0.9405023,1.1317034,4.6368876,2.9249701,3.5673602,2.6961222,3.879778,2.8492103,2.1585257,1.279247,3.3477268,1.1964996,1.1079891,3.6077363,5.595687,3.3560617,3.2879972,3.2095444,2.300679,3.829033,1.9265561,4.360247,1.7363193,4.1102877,1.8842005,2.819169,3.397815,3.3974376,1.4685467,1.4667469,1.7998819,1.4013566,3.858832,3.5135508,3.6822042,3.5345662,3.1205282,1.4273789,1.3397506,2.7619798,3.0822065,1.602917,3.0290117,0.9412592,0.63801557,1.4889543,3.4082742,3.989587,3.0639763,1.821825,2.7733214,1.4454345,4.1269,2.4315379,3.5482435,2.681908,1.4662933,4.074979,2.3262,1.5301067,1.2231191,1.6595287,1.2544217,1.7997044,3.6632314,1.8351212,1.7471279,2.4640348,4.411961,3.4332535,1.5573536
1.612342,3.6083763,1.5816996,3.240473,3.1043417,3.1779613,1.5534502,1.216889,2.6815546,0.6178134,1.4379435,1.3313314,1.5587656,1.2877576,3.970344,1.709887,2.2218583,2.8200548,3.683031,2.1653032,1.4430834,3.0536785,2.2004242,2.8908975,5.677206,1.7682188,5.613934,1.6991131,1.3685076,2.1842747,1.5430086,3.4834063,1.4234271,2.5083065,1.4680372,0.73800397,2.9015534,1.9130961,3.1677403,2.122491,1.5388833,2.6845045,1.4064155,1.5346339,2.7489958,4.0385957,3.2269762,1.5322729,2.0332506,2.7238703,1.3814152,2.6179924,1.8889725,1.0212778,2.083122,3.305632,1.5951477,2.1093569,3.7677433,3.2995594,1.939241,2.6431992,1.0921009,2.1626647,1.3224661,3.2728226,3.6482747,3.31823,2.6578832,1.6011223,4.6496835,2.1546533,1.7296084,0.78366685,2.9046326,1.4913247,1.7660999,2.4817424,1.2826036,1.2798041,3.7123606,2.3220081,1.2233709,3.4460645,1.6868718,4.5405607,1.3593795,3.0172648,1.6131989,1.3623884,1.9695793,3.3204267,3.4272518,1.4003811,1.4759377,2.6071625,2.27937,2.0237594,2.9242358,3.4965026,2.4473648,2.8757744,3.245713,1.6104451,1.5938612,1.4516878,1.8146988,1.2783421,4.892474,3.245713,2.3761508,11.122846,2.7328033,2.6983776,1.3565656,1.6302111,1.9632971,2.4986563,2.6822283,2.9795823,2.0425014,2.0836494,2.6735215,1.2749367,1.4807276,2.2737706,3.4429824,3.792449,2.590997,0.62264544,3.8478973,1.8056607,1.677448,1.60625,1.3128052,1.3836193,1.3664209,0.8508801,2.441499,2.4874845,3.192358,1.5161592,2.8506498,1.529564,2.225969,2.4656396,1.6521981,1.5539364,0.99566853,2.080805,1.3709314,3.304415,1.5921066,1.3836561,3.17634,1.7922794,1.2366552,2.8563082,4.5842204,3.0321312,3.8539217,3.0150325,1.0849712,2.8885188,2.3393948,1.6474307,3.850914,1.738128,3.826138,2.5798817,1.334328,2.4804773,1.2519156,1.382042,0.8274727,3.0115235,1.3326474,2.6413183,2.79031,1.2742904,1.6174327,3.0567546,1.7145365,2.18441,1.8546534,1.5962963,1.336182,3.6080894,2.3578174,1.913634,0.757121,3.2415502,1.3014733,2.0060618,5.1024942,2.2454858,1.5024241,2.664647,3.7139943,4.3652577,0.9786348,0.8950552,2.5208077,1.4729494,1.5409282,3.959864,2.9334066,2.0753586,2.2612534,3.1686208,1.8684887,2.6123528,1.7471201,1.8934313,1.8086759,1.8351446,2.6124635,1.7515393,2.9713743,1.4397792,1.6543472,0.85976136,0.74171174,4.676886,3.2724278,3.4693804,2.321644,3.8271112,3.0054898,2.0379431,1.1305643,3.8789191,1.0142062,1.8190498,3.0682456,5.64526,2.8026924,2.4431813,3.2972472,1.9523066,4.225181,1.8260771,4.2185698,2.2495506,3.7975624,2.3511505,2.6586177,2.91884,3.7791328,1.2659241,1.424349,2.1059191,2.0788767,4.221551,4.046882,3.6389415,3.4417515,3.2336023,1.310027,1.9280478,2.2470965,3.6628873,2.0619118,2.904901,0.8513659,0.5847928,1.4117945,2.9613028,3.8722808,3.5283325,1.7177023,2.7614737,2.1557815,4.5004635,2.6376138,3.3854334,2.6215212,1.9771641,3.2524729,2.7945414,2.05386,1.4054753,1.5497625,1.7594727,1.4964955,4.2458434,1.7909795,1.9828793,3.0973935,4.300002,3.575266,2.036049
3.2245858,3.0573971,4.64981,5.9340367,4.5804224,4.2573843,3.5259874,3.8827956,3.1050394,4.5335207,3.6142285,3.6575325,4.059258,3.659696,5.4006305,3.2739832,5.041705,3.6681545,4.0447993,3.2338972,3.7986052,3.0462546,4.5678763,3.2769945,2.3584383,3.7211986,2.7587655,3.7655725,3.5034413,3.5819826,3.7904177,2.701979,3.320016,4.1553464,3.271179,4.550346,3.3380814,3.3062882,4.9790816,3.938537,3.570143,3.6473496,3.6092057,3.4540775,3.291984,3.4375181,3.3551795,3.6986966,3.6305435,3.2040918,3.6365829,4.609249,4.341908,5.0041637,3.6504898,5.3018603,3.9424746,3.235529,4.553911,4.0283046,3.0748286,4.3396707,4.2143903,3.9242606,4.903524,3.0998824,3.4268887,3.0447216,3.270647,3.8136895,6.5287952,4.348005,3.655901,4.0180225,3.3050332,3.2520373,3.350665,3.2623308,3.4906983,3.4812975,3.4230587,3.0834143,3.6682212,5.4606524,3.655256,2.9202719,3.3942506,4.5359874,4.0735383,3.5551007,3.2583034,2.9685566,2.9494095,3.3486335,3.6193063,3.2992527,2.9228706,4.784012,3.088289,3.101093,3.1465592,2.537127,3.051331,3.1325102,3.5078545,3.557384,3.5412457,3.5899072,2.962159,3.051331,3.4990294,7.397447,5.07249,2.9999492,3.4347584,3.3688574,3.3143299,3.289582,3.0364945,3.4190302,3.8453388,3.3323085,4.75593,3.516528,3.2795534,3.3645036,2.908524,2.5519106,3.2282095,4.353823,4.248907,3.514046,3.8179703,3.6986506,3.645377,3.3441565,3.7542264,4.2481227,4.4446526,3.0099785,3.390961,3.3067822,3.0386279,3.8701937,3.4606488,3.3807557,3.4809723,3.908653,4.209717,3.3494792,3.4662075,5.877341,3.8018637,3.6279051,3.0510938,3.3045266,3.7179413,4.248425,4.3742285,3.9681978,3.7685108,3.1395302,3.703653,3.611885,3.7526095,3.9264889,3.4475336,3.4859545,5.894928,4.2402663,3.420288,2.8502848,3.626028,3.5445998,4.339827,3.742096,3.4629264,3.204612,2.825747,3.6531768,3.8769794,3.3874888,3.7761984,4.691407,4.625303,3.3838334,3.426492,3.799946,3.3789237,4.2277017,4.4404263,2.4569786,3.6136236,3.257585,3.7322698,3.3123524,3.896508,3.6248941,4.069836,4.3879156,4.3764076,4.1811404,3.7918324,4.0641847,4.295822,4.759237,3.312247,4.0866876,4.032596,3.2775135,3.678641,4.531472,3.7282565,3.739959,3.764342,3.8222175,2.8259892,4.3114476,3.5901728,3.921064,3.475808,4.01043,4.258608,1.0801343,2.8405747,3.2502522,4.0036683,4.398557,3.076619,3.3145378,3.9280086,3.2815862,4.0411963,5.6663127,3.6959023,2.8446512,3.355936,4.7329874,3.1229565,4.64757,6.4889927,3.508292,4.264068,4.5971923,2.4129982,4.094624,3.3701227,3.319502,3.07289,3.6009624,3.4940562,3.4513748,4.6216807,2.886402,3.2962508,4.150128,3.0828037,4.3543606,3.638187,4.507445,4.1776905,6.098265,3.6412723,3.898361,4.6599655,4.481255,3.3846655,2.943922,2.947535,3.155807,3.4482498,4.471205,5.867968,2.9242013,3.3792238,2.965704,3.4839158,3.7067893,4.689703,3.1796317,3.6443257,3.553617,3.737482,3.775099,3.2461433,3.5151823,3.6675797,3.9641793,6.127585,2.5716984,2.9492767,3.6289783
0.9418872,1.6659042,2.4954998,4.0290456,3.1339133,2.813151,1.0782963,1.41849,1.1173527,2.1430216,1.1963601,1.225704,2.599677,1.2563788,4.1000237,1.5638235,3.0401778,2.4484022,3.0366294,2.2941866,1.3738792,1.4885968,2.6982057,2.9311721,4.3398104,1.2856379,4.362717,2.5188298,1.1679453,2.4517033,1.2713928,1.859493,1.2573761,2.8985727,1.1928704,2.5462177,1.5747991,0.9567004,4.23956,1.85052,1.1340588,2.3915713,1.1963506,1.0028315,2.7516792,2.554979,1.7644389,1.313125,1.4623523,1.2914369,1.2138864,2.8519979,2.272619,2.6540778,1.1883485,3.6887496,1.3736907,1.2002289,3.367859,3.1487648,0.93885,2.4060543,2.298002,2.3213062,3.2278314,3.138767,2.2572465,1.2486025,1.4770265,1.2721512,5.165819,2.4393177,1.132334,2.0366788,2.6255152,1.2026302,1.131139,1.1940705,1.2962918,1.3175929,2.186196,0.7728753,1.3167495,3.873052,1.3040959,2.2524457,1.2743826,3.3121877,2.655417,1.3660792,2.1308203,1.178671,1.260379,1.252368,1.1933041,2.5166795,1.6745965,2.9605029,2.3911538,3.164438,0.8545476,0.41553834,1.5248687,1.2506577,0.9989504,1.1454141,1.0350515,1.5307662,2.5595253,1.5248687,1.0942583,9.362539,3.3625622,0.7042545,1.5771917,1.038993,1.1868589,1.1445944,0.7556192,1.7137302,2.0064092,1.4545105,2.8935666,1.2864212,1.1290702,1.3276882,2.8853762,3.1524887,1.4459614,1.9905878,3.287485,1.0311968,1.2532362,1.3246552,1.2444807,1.3360877,1.296674,2.4309125,2.5972242,1.1669636,2.7455528,1.0545558,2.667004,1.3369532,1.3352296,2.6966164,1.47266,1.3513391,2.4011753,0.74138,1.1683133,4.0299177,1.3577408,1.3960308,1.1071341,1.2456996,1.5864289,2.9015224,3.6703093,2.3976824,3.2498937,2.6277432,1.4589248,2.9985678,2.6931448,2.0473866,2.240124,2.1761274,4.3377657,2.78077,1.2827725,2.0662365,1.2780215,1.1564898,1.9607733,3.0977087,1.2288803,0.963326,2.1107595,1.2660807,1.3106707,1.4750772,1.2140734,2.7599585,2.703721,1.3498794,1.2690365,2.3233907,1.0364978,2.3730671,2.0542192,1.622304,1.2391051,1.2490602,3.1332316,2.3576505,1.3571144,2.7316675,3.2940786,3.6420324,2.665639,1.7693493,2.7988474,2.064127,2.659706,3.6990907,2.7777102,2.4070876,2.685312,1.7879668,1.4751312,3.470539,1.3069392,1.3006289,1.5328788,2.6206295,1.3729502,2.3350847,2.5757244,1.3933703,1.5141023,1.686011,1.9172457,2.261252,1.1126798,2.5932684,2.8408244,3.2355914,1.0377938,0.9777605,1.4973226,2.0580182,2.1583643,3.3374906,3.1529903,4.453252,2.5215063,3.5491066,2.9204745,2.6754963,4.9468827,1.0233426,3.636831,3.0128214,3.0146656,2.6397555,1.3989549,2.6586804,1.6288822,1.8490385,1.6868837,0.90474015,2.610728,1.9402478,2.1746826,3.1642811,1.7286236,3.302259,1.2513939,2.626917,3.2649012,4.311905,1.1993995,2.3489451,2.6260638,2.137649,1.201731,2.7338245,3.4293418,1.5711551,1.009756,2.963061,3.5367672,2.2138476,1.6932992,2.6414857,2.7087069,1.5553594,3.9760227,1.2346594,1.3630681,1.3288288,1.2397983,1.4266815,1.3288865,2.5372298,1.1213346,2.5230744,3.945445,3.5251687,1.4394194,1.2423885
2.4492145,3.730316,1.464219,2.0881076,1.5156494,1.9888895,2.492363,2.4881938,2.945343,2.3904333,2.3535943,2.479916,1.6851721,2.4156756,1.8502411,2.2587242,1.2041659,1.7136275,2.2712398,2.7045586,2.815524,3.4938009,1.0920682,2.3797088,5.4352493,2.1544063,4.4631424,2.7848246,2.335607,2.8697574,2.809658,3.7135212,2.425538,0.49809974,2.357286,1.8913807,3.2098472,3.040467,4.487029,1.564479,2.3173022,2.7056863,2.4234505,2.4025197,1.8607122,3.8784015,3.353988,2.8103168,1.9989092,2.9382384,2.3734381,1.270105,1.6013228,2.7264013,2.4917083,1.5392576,2.710513,3.0277545,2.51328,1.8671238,2.3601418,1.7857487,2.5945108,2.3525088,2.9908252,2.9787586,2.3579872,3.1538892,3.3313618,2.824003,2.6225064,1.3643371,2.8992627,2.2800403,3.200326,2.451171,2.207994,3.1607068,2.275888,2.2800965,3.6577172,3.1177526,2.287726,1.6447518,2.4365969,3.9373176,2.3697772,0.55279315,1.6523473,2.043654,2.6022203,3.103792,3.1910958,2.394888,2.3912313,3.1324148,3.3538234,0.8138098,2.6715994,3.243133,2.891361,2.969372,3.2521026,2.532031,2.4769752,2.3003154,2.9535766,1.8940259,4.2091413,3.2521026,3.0029542,9.41719,1.786935,2.7157547,2.0493205,2.3563755,2.2235131,2.6133661,2.8681903,2.2140217,2.0716796,2.3844929,1.3757885,2.2627726,2.3501952,2.226758,2.8971484,3.5923696,3.0153124,2.4012396,2.5105288,2.952402,2.8280685,2.0785537,2.3627713,2.3633628,2.4289975,2.6530185,2.5765374,3.1484132,2.2790046,2.4888718,2.8133848,2.6684804,2.3171859,2.4314468,3.0656874,2.7023184,2.0181837,2.608128,2.360621,1.9955544,2.2191694,2.0118718,3.0906851,3.0788498,1.8392192,2.2560132,3.4534092,2.3702116,2.8142912,1.688167,2.2755146,1.5078255,1.1713755,1.9368584,3.392452,2.531721,1.9490904,1.7316192,2.325654,2.5483484,2.3045614,2.466276,2.4083357,2.6457682,2.2619734,3.1493013,1.8896514,2.382879,2.788893,3.1987243,2.8521907,1.2740669,0.98980635,2.1746426,2.3387651,2.3333457,2.641905,1.4064827,2.2066422,2.9730818,2.3135269,2.21534,4.5876613,3.025416,2.776138,1.0568116,2.3434558,3.0514853,2.6361196,2.2577136,1.0555427,1.5642091,1.3209661,1.9193935,2.4379084,1.7562728,1.9201533,3.4651582,2.4222264,3.8231947,2.118144,2.289555,2.1711648,1.8451824,3.3402834,1.3952289,1.1126282,2.7377396,2.0783825,2.2544587,2.5746043,4.2603683,3.0161839,2.0874612,1.6925635,2.6413367,2.9477367,2.647667,2.5108619,3.579491,2.451389,2.5420032,2.8122325,4.5193563,3.0277345,4.056578,2.815082,2.29165,2.4128103,2.9564009,2.770768,1.9378968,3.1133215,2.3098063,3.0778325,2.6726184,3.4307547,2.1089447,2.2918718,2.4720783,1.4250786,3.7480464,3.6522863,2.0650628,3.3793523,0.87490267,2.3834076,1.34532,2.6483567,2.184936,2.443325,2.2845736,1.7488484,2.2397032,2.4230015,2.8207526,3.224284,3.315722,2.5480058,1.3032925,2.60094,3.9176667,1.5320768,2.0420873,1.4145592,1.7512343,4.490334,2.7660818,2.2766922,2.0845711,2.8289971,2.1747627,2.4691954,3.7967315,2.907155,1.4313734,2.4983125,3.6920652,3.366219,2.3854487
3.9812539,5.0366254,2.6066535,2.1192734,2.0385418,2.735107,3.9830122,3.946209,4.332008,3.715748,3.836079,3.9726567,2.9432673,3.908705,1.3283148,3.751249,1.9779582,2.7383382,2.8944156,4.0691,4.278128,4.8668203,2.1764135,3.467083,6.5181646,3.603295,5.2199626,4.1125894,3.8531854,4.135588,4.2746005,5.0404596,3.9450262,1.698057,3.886564,3.1264963,4.528096,4.5530252,5.5527096,2.9053996,3.8187096,3.9666924,3.9110472,3.9166617,2.9690268,4.9871073,4.6169,4.2773657,3.4229486,4.291907,3.8597162,2.1656978,2.8498385,3.9354515,3.9213445,1.4966601,4.136292,4.4932356,2.9929714,2.5024762,3.8867073,2.8472204,3.9571974,3.6378317,4.0925937,4.060499,3.3006706,4.4629254,4.72456,4.281053,1.4155027,2.5491796,4.375434,3.6932757,4.394271,3.9765892,3.7190766,4.5842304,3.7869215,3.790338,4.8323245,4.6094265,3.780841,1.4105622,3.910887,5.0894933,3.8847888,1.0835114,2.8848817,3.5576057,4.002863,4.4230185,4.496677,3.9131489,3.8680885,4.3905454,4.8372536,1.8120518,3.9345825,4.351938,4.3289666,4.426413,4.5475545,4.0541153,3.983117,3.8088348,4.443502,3.4044712,5.3061843,4.5475545,4.4155307,9.638913,2.2789469,4.144764,3.5541754,3.8791504,3.7133937,4.0376806,4.286724,3.457354,3.4159172,3.8427958,2.1894205,3.7727988,3.8800378,3.657104,3.926908,4.7447953,4.381326,3.774572,3.0409117,4.445665,4.2782598,3.5512717,3.8543816,3.8780866,3.8948781,3.9899383,3.6014702,4.593448,3.2240376,4.0153418,4.0517054,4.108711,3.7440093,3.603592,4.553539,4.1378794,3.341859,4.082299,3.8752832,1.9565729,3.6731095,3.5151906,4.4297185,4.5898685,3.336451,3.1061065,3.97994,3.3509657,3.5178277,2.732079,3.7695897,2.4523141,2.370382,3.2386632,4.563634,3.9272344,1.2573977,2.6303647,3.8400178,3.9268644,3.8087175,3.9719973,3.766897,3.5797336,3.778017,4.573463,3.126214,3.8767695,4.231619,4.499174,4.3076677,2.292709,2.1064425,3.687337,3.8530579,3.2439694,4.08219,2.6777728,3.5513651,4.3412046,3.8191042,3.7032216,5.660352,4.355144,4.223917,2.1817162,2.8973036,3.4909863,3.9075012,3.6664922,2.1861458,2.904551,2.5646765,1.9150082,3.4845462,3.0000231,3.0848713,4.761867,3.8653328,4.9451666,3.568133,3.7208457,3.6008754,3.0792546,4.7921505,2.6814039,2.1384137,4.182824,3.5670817,3.7003262,3.9665687,5.5375404,4.3656445,2.9846716,2.7047489,3.2091627,4.2992196,4.1038604,3.9629314,4.8140173,3.8464139,3.384808,3.7646763,5.2650447,4.2176137,5.238078,3.9276292,3.3214593,1.3642759,4.4483204,3.1694393,2.9356036,4.145235,3.4886782,4.4336004,3.7680657,4.6843333,3.569898,3.7739568,3.9276457,2.5147972,4.9598436,4.85196,2.5944195,4.6350813,1.2746547,3.87464,2.5021694,3.6893244,1.8743808,3.8753493,3.3028626,2.953707,3.5728347,3.9493506,3.9853697,4.191894,4.6132083,4.0310836,2.029359,3.3127577,5.0777073,2.8353403,3.0001462,2.545365,3.1752698,5.605326,4.158293,3.7004814,3.5965412,4.302933,3.6132357,3.9825215,4.936386,4.3764772,2.7016103,2.7514498,4.6939697,4.648254,3.8207703
4.6456375,5.364817,3.0994916,2.1915832,2.3100548,2.9560082,4.5665874,4.529968,4.772297,4.3098607,4.425088,4.5858917,3.8870368,4.5318966,1.0660836,4.5528216,2.3777957,3.2687736,3.1159263,5.014259,4.8558927,5.321686,2.752419,4.4915814,7.3416276,4.1284337,6.0189867,5.04706,4.511763,4.937517,4.8214498,5.537314,4.669946,2.6336107,4.611619,3.8774958,4.928016,5.151571,6.5049467,3.3978565,4.423861,4.731484,4.512468,4.5286427,3.9701412,5.2721434,4.9563456,4.858415,3.9796689,4.7126026,4.4585342,2.6527076,3.416005,4.529125,4.4022546,1.5064151,4.625654,5.0829782,3.0945,3.0576823,4.5564175,3.2150908,4.75961,4.4006357,4.921299,5.0842648,3.481642,4.766925,5.219907,4.808456,0.5884101,3.1217718,4.9142,4.482933,5.1391225,4.7032785,4.368206,5.07141,4.479812,4.491726,5.11336,5.149604,4.420437,1.3356953,4.5153956,5.320047,4.595695,1.9560102,3.8378716,4.251076,4.924219,4.741737,4.802952,4.629424,4.4464655,5.197264,5.6117897,2.4810102,4.793037,5.338776,4.7963076,4.922333,4.9114532,4.807687,4.5726004,4.43222,4.9937367,4.1406226,5.4870205,4.9114532,4.835698,9.958003,2.581569,4.589826,4.348051,4.5272574,4.3503013,4.549196,4.7108083,3.8621883,4.097783,4.5287576,2.5426526,4.455184,4.5837884,4.2318034,4.7225695,5.7205043,4.8707857,4.398944,3.2295885,5.0053983,4.785087,4.1321273,4.4716763,4.618653,4.468025,4.8229046,3.9732645,5.1481924,3.8716197,4.6899576,5.032168,4.626423,4.3029294,4.545725,5.237498,4.6437435,4.193018,4.5749574,4.536786,2.0151196,4.2273464,4.1859217,4.757956,5.261643,4.0453267,3.5624955,4.041206,3.6144302,3.9623263,3.5749733,4.461291,3.465172,3.354914,3.864011,4.932269,4.841349,0.84263086,3.1481152,4.547319,4.8342447,4.4607186,4.603849,4.350975,4.3570952,4.45852,5.0056415,3.8852968,4.5052643,4.7368255,4.816085,4.8167815,2.8322976,2.6982505,4.411946,4.5547338,3.332427,4.5766277,3.3682692,4.146879,4.995637,4.4617023,4.3673735,5.891613,5.21204,4.753185,3.1292572,3.276744,3.589983,4.771583,4.2653823,3.174719,3.5298486,3.4607358,1.9428182,4.3018937,3.7476928,3.955139,5.164974,4.4767385,5.7630067,4.09907,4.225267,4.1914573,4.053251,5.4145913,3.3372848,2.7875795,4.7187486,4.2975464,4.3556952,4.5945063,6.046978,4.7511826,3.4747405,3.5338192,3.2994561,4.6473093,4.627066,4.5605617,5.1798134,4.664243,3.805066,4.5702806,6.084122,4.928218,6.089271,4.8763094,3.775961,0.8064173,5.0039754,3.3995662,3.7266912,5.0210857,4.2819085,4.8553624,4.5104914,4.9567404,4.4052944,4.58189,4.4049783,3.0374374,5.2222376,5.1850104,2.8612127,4.974127,2.007462,4.4958453,3.1760516,4.705591,1.7016727,4.365688,3.6292238,3.6966586,4.1934624,4.65629,4.9089427,5.190777,4.9646044,4.5935555,2.4634635,3.6311483,5.310458,3.276808,3.700474,3.5313966,3.725517,6.474605,4.6461153,4.232274,4.275866,4.8634434,4.169773,4.7334666,5.2789464,4.896464,3.5972378,2.6810234,5.6515326,4.9377036,4.333538
0.6591557,1.9805409,1.7837714,3.4211524,2.7499735,2.510961,0.4821569,0.69984365,1.1842927,1.3795893,0.5417483,0.59954786,2.261233,0.63393015,3.7083633,1.4433923,2.3875427,2.2637455,2.9027064,2.3425078,0.81840885,1.7129469,2.170055,3.013554,4.9810996,0.6557712,4.89512,2.3769164,0.66362524,2.3617558,0.6517081,2.2400289,0.99352014,2.588743,0.94200104,1.926099,1.5959233,0.81621444,4.1419144,1.3664749,0.54478645,2.3767915,0.57476735,0.42324644,2.7707663,2.7515383,1.8430482,0.8186429,1.0786663,1.3037902,0.5558428,2.3955576,1.7211223,1.9530429,0.72748095,3.184674,0.63034344,1.1437367,3.129867,2.9851491,0.8734917,1.981864,1.8867006,2.1075501,2.7716374,3.3391423,2.2783577,1.4996269,1.5267705,0.6338305,4.699537,1.9507667,0.6151235,1.5677476,2.7056918,0.987471,0.8253091,1.1879711,0.85657525,0.89946073,2.3337605,0.88182545,0.70077735,3.3676414,0.85600954,2.7294674,0.93650115,2.9794264,2.3208642,0.90190125,2.1356113,1.4763185,1.5837513,0.9532259,0.54157454,2.5756793,1.8746234,2.376528,2.559663,3.4180765,0.84876287,1.0910143,1.726322,1.1561786,0.3781678,0.5567284,0.6280967,1.0923321,3.0572677,1.726322,0.84656304,9.9656,2.8242762,0.89055026,1.2911485,0.6661268,0.9762387,1.1056019,0.8943512,1.664196,1.7112873,1.3529478,2.3867445,0.8115488,0.8402686,1.1679826,3.0870101,3.5480354,1.4469521,1.2659698,3.1440406,0.6522465,0.5996263,0.72127336,0.60734797,1.0662781,0.58695626,2.017392,2.1461535,1.3065212,2.7480283,0.7400052,2.8437088,0.61908835,1.1216366,2.6871607,1.2932026,0.6185795,1.9462032,0.23484465,0.6957329,3.4424703,0.698458,0.88304996,1.3422792,1.1574765,1.0685335,2.606852,3.6499946,2.1448016,3.2616892,2.6653295,0.92591965,2.9360926,2.5008657,1.5831882,2.4602597,2.0805528,3.8248217,2.4184222,0.9148991,2.2383976,0.69892097,0.6107703,1.2177272,3.0446186,0.7750381,1.0226097,2.2038205,0.6499121,0.61776555,1.4944868,0.5907251,2.203158,2.0906012,1.081773,0.8913472,2.2240684,0.879439,1.9122561,1.2861801,2.0676546,0.64911276,1.1048993,3.514067,2.3821492,0.67295504,2.5955985,3.1864357,3.5697846,2.2584958,1.0104442,2.6155305,1.4903649,2.213407,3.442022,2.806168,2.0720046,2.4589956,1.907534,1.1303964,3.308393,0.67762595,0.73419374,1.0878478,2.39613,1.6338074,1.7985407,2.4370081,0.6960801,1.2358886,1.0179955,1.2425997,3.07268,1.485678,2.639468,2.5759327,3.0437949,1.2019385,0.69041795,0.8055816,2.360267,1.7643055,2.581443,3.13522,4.9775596,2.554744,3.359138,3.121248,2.0992415,4.412702,0.6495997,3.5706797,2.636423,3.3679576,2.426255,1.3415036,2.6883633,1.9685936,1.5540696,1.4520614,0.40869555,2.0378704,2.401645,2.491875,2.9986403,1.9460933,3.0366673,0.6353985,2.1076126,3.094644,3.7389,0.7411417,2.0968363,1.981059,1.3909845,0.87905246,2.9023254,3.7252924,1.8561766,0.49592978,2.5499904,2.7774563,2.6870196,1.4951344,2.764408,2.632985,1.1027948,3.9247797,1.3443898,0.9763305,0.8576146,0.6660407,0.8883258,1.1514016,2.8225625,0.58983326,2.2288494,3.2402744,3.9494684,1.7737188,0.8144983
0.64532447,2.3742015,1.7962943,3.7664516,2.9284983,2.7208416,0.4554301,0.44985422,1.4807264,1.0149112,0.46588036,0.42659605,2.0046508,0.42869467,4.020521,1.4805287,2.591556,2.330119,3.1327996,2.0847383,0.29855722,1.7936443,2.514771,2.885516,4.88118,1.3138471,5.181854,1.8252963,0.6687241,1.7217695,0.50654334,2.2553327,0.634313,2.7239969,0.7449395,1.4872618,1.7236418,0.6851324,3.3384097,1.9696668,0.95251447,2.7027519,0.38770735,0.6566566,2.715731,2.910209,2.0657372,0.29155245,1.7273211,1.5530039,0.44070137,2.8539073,2.117345,1.8067143,1.5137815,3.4279857,0.7213329,0.83735716,3.2949417,2.9828382,1.3076077,2.6278274,1.5947814,2.355405,1.9766704,3.1702926,2.891076,2.234184,1.4178683,0.5854184,5.022764,2.3735902,0.60809857,1.114328,2.2214284,0.689441,1.282266,1.2195475,0.5438258,0.5542811,2.566614,1.0481074,0.48735973,3.6075704,1.2987674,3.578271,0.56234026,3.2200203,2.0416481,1.0296859,1.8695138,2.276825,2.3672323,0.595792,0.46222082,2.0133176,1.386099,2.4541173,2.7993953,3.4139447,1.235832,1.760568,2.0590985,0.82793653,0.776536,0.8276837,0.6559702,1.0792401,3.8684452,2.0590985,1.2219808,10.540846,2.7834685,1.772677,1.1199775,1.0073297,1.5186307,1.898551,1.5454701,2.501971,2.1027257,1.7811143,2.873988,0.5362543,0.67375016,1.8544868,2.863455,3.468169,1.4071704,0.84708023,3.3115065,0.6234048,0.6803772,1.229838,0.4389848,0.6915703,0.44277683,1.3628958,1.9322263,1.2155547,2.6480699,0.5516268,2.756256,0.5788351,1.8127974,2.2829442,0.5856662,0.65068823,1.6183251,1.0853131,0.48989254,3.7971022,1.2117008,1.0967294,2.1012888,0.65110666,1.1172876,2.446535,3.8531883,2.336322,3.2351522,2.6832516,0.65365684,2.933217,2.48973,1.2443601,3.3023307,1.7708881,4.1011415,2.3212478,0.5649538,2.247329,0.6114284,0.42590076,0.73697466,2.661403,0.56389356,1.4189163,2.2222056,0.43435982,0.67356414,1.9152488,0.68515605,2.5488496,2.1355457,1.2714802,0.54182583,2.9914618,1.6972167,2.2134311,1.0993046,2.6462018,0.6611327,1.5980258,4.3805165,1.7710098,0.56511563,2.6515274,3.245357,3.751251,1.5974277,0.81827533,2.6522505,1.3208969,2.0833008,3.7452052,2.5140333,2.357222,2.6061594,1.9745604,1.6066964,2.4811585,1.3153044,1.4384403,1.6029034,2.0793288,1.3919438,2.0755541,2.6625206,0.52863806,1.4715005,0.7190157,0.6108079,3.5557497,2.3576949,2.8378046,2.2786875,3.256331,1.922036,0.8418868,0.39388847,3.207998,1.4082199,2.6443167,2.7161837,5.2331824,2.1019232,2.4819064,3.237235,1.7662714,4.6766715,0.6382312,3.6926217,2.8053868,3.2599862,2.6529849,1.47392,2.3518233,2.845657,1.2675757,1.3137343,1.3138928,2.4085164,3.2507815,3.35614,3.1965203,2.2625904,3.2396057,0.39424807,2.3619902,2.5797372,4.10891,1.5162414,2.2222018,1.6928984,1.0744811,0.7580521,2.5688453,3.706038,2.7382421,0.55374056,2.645215,2.9130225,3.5361125,2.0472784,2.8521402,2.632941,1.7174468,3.109342,2.160097,1.6674472,1.0481313,0.46633905,1.4575249,0.74139315,3.6622832,0.6882971,2.3127563,3.5684152,3.9796815,2.4453576,1.5490665
0.97781694,2.7823691,1.8265532,3.8596208,2.9162614,2.7845836,0.97198385,0.9225761,1.8654686,1.1217984,0.92118496,0.9054563,1.6859363,0.8640685,4.0282116,1.5104957,2.635053,2.2670286,3.1681812,1.8352131,0.88108563,2.108848,2.5951524,2.584209,4.7266765,1.7177709,5.1193314,1.3957849,0.9974607,1.2657301,1.098193,2.4402697,0.7253514,2.583509,0.87497336,1.2047762,2.0466774,1.1748351,2.7991512,2.2347064,1.3486623,2.8104553,0.8697238,1.1008347,2.4457421,3.1326838,2.3955548,0.8598118,2.0495722,1.9082866,0.90179753,2.9775882,2.2902088,1.9168783,1.9862717,3.4400554,1.2771825,1.1351538,3.3243127,2.8187366,1.6008573,2.8984923,1.5041956,2.4380102,1.4310662,2.8634346,3.1532745,2.710501,1.7066884,1.1758826,5.015783,2.5124846,1.2027525,0.9134969,1.9032987,0.8005545,1.5836027,1.6118269,0.7167058,0.68875986,2.8622167,1.5207393,0.8245398,3.6105263,1.666647,4.038436,0.6831567,3.1364026,1.6953734,1.2173777,1.6364124,2.7575982,2.8449597,0.70936245,0.9364833,1.6275272,1.2903069,2.377373,2.804738,3.2320757,1.6981769,2.195989,2.4067814,0.8459864,1.2519106,1.2056712,1.2369742,1.1368437,4.3166275,2.4067814,1.744458,10.634268,2.6954024,2.2536957,1.0509238,1.3498601,1.8219815,2.3252747,2.0256395,2.8596787,2.2724068,2.01995,3.0349674,0.7471293,0.8668822,2.1885972,2.5794137,3.2563767,1.6584312,0.96013755,3.3190253,1.1967413,1.2692308,1.5763917,0.86677927,0.70381814,0.9366185,0.9680437,1.9404447,1.5043595,2.4550347,0.8656031,2.5453997,1.1373305,2.1725142,1.846007,0.7136331,1.2118149,1.3697196,1.6163105,0.8152876,3.8822803,1.6012349,1.3170652,2.5909216,0.9109575,1.2156459,2.3111022,3.9278266,2.4754338,3.1156147,2.4754632,0.8229739,2.6744142,2.2558765,1.0957828,3.7184718,1.5209711,4.1072016,2.184098,0.6932778,2.1410906,0.9334871,0.87105036,0.8820401,2.2815142,0.7936656,1.909194,2.0778904,0.8452176,1.2528414,2.3454454,1.2780851,2.6460724,2.0827293,1.439735,0.69600314,3.3320425,2.1644876,2.285918,1.2447697,2.8997414,1.0094283,1.8630211,4.846653,1.3368938,1.139317,2.4468966,3.1500695,3.7755885,1.1357388,1.0582459,2.4368339,1.2469896,1.8578494,3.7538354,2.1739078,2.413789,2.5442739,2.2503583,1.9323851,1.9610044,1.7072006,1.8668044,1.9158646,1.6910026,1.54107,2.1607125,2.603651,1.0911498,1.6177967,0.88864046,0.7286946,3.8217719,2.8250031,2.8153334,1.9185153,3.3295996,2.3976753,1.2799332,0.8314059,3.6585257,1.2567048,2.7500253,2.3124466,5.150043,1.8129478,1.9702528,3.116802,1.6736333,4.658956,1.2115582,3.6403112,2.7769797,3.0086596,2.683816,1.8360386,2.0466964,3.340505,1.0817349,1.2796066,1.8145721,2.5425477,3.7234254,3.8093846,3.1844826,2.5903416,3.1366718,0.8251495,2.407313,2.0646377,4.194145,1.9752196,2.318816,1.5028551,1.1387647,0.97379863,2.1991255,3.4702158,3.2229445,1.0585161,2.5843542,3.0445313,3.999162,2.2597198,2.7161398,2.3930702,2.0058324,2.6106312,2.5883646,2.052349,1.2732755,1.0605153,1.8174372,0.7141306,4.089141,1.2832347,2.1985602,3.7370708,3.7931764,2.8997853,1.9791573
1.9641925,2.3422775,3.1533766,4.0387716,3.6460896,3.4124932,2.1374924,2.3743796,2.138092,2.9670944,2.2134774,2.2033813,3.1890094,2.2279954,4.298657,2.0679712,3.404382,3.1573193,3.5645614,2.8419425,2.4561129,2.5243568,2.8366995,3.3033662,4.6950145,1.7506142,3.9819443,3.3161309,2.0508583,3.5402284,2.2914097,2.8113759,2.2568681,3.1869006,2.1302216,3.3516886,2.586984,2.1034818,5.2164545,1.9815556,1.8387632,2.1523743,2.2268956,1.9367235,3.1352503,3.3278599,2.6543138,2.4363408,1.5936748,2.2923737,2.214619,2.8032417,2.4169881,3.1788976,1.4904344,4.0214987,2.318548,2.4320533,3.960505,3.789853,1.4774858,2.22634,2.8792906,2.3099566,4.2119365,3.501672,2.4221601,1.5647991,2.6322927,2.278401,5.175053,2.4993532,2.1815639,2.8309724,3.6872563,2.1932635,1.6190248,2.3454375,2.270171,2.2955885,2.9651709,1.9540026,2.265292,4.1834164,1.7471246,1.4672391,2.278503,3.4843724,3.272319,2.0427942,2.7268357,1.3074833,1.3693862,2.2568533,2.227392,3.5780675,2.7353344,3.3987217,2.2442482,3.2274745,1.9304641,1.1141263,2.3483167,2.2422588,1.8584431,1.9291962,2.1052206,2.2277064,1.9363145,2.3483167,2.090279,8.531677,4.049395,0.9668439,2.3243105,1.7420892,1.4688098,0.9941237,1.5994334,1.2256054,2.010656,1.5606412,2.8728385,2.2521782,2.0985858,1.283927,3.657219,3.3761418,2.5727623,2.844919,3.8649917,2.1208634,2.2383282,1.8374174,2.223963,2.312717,2.2943127,3.296481,3.5881543,2.3635201,3.5174563,2.0836864,2.9450161,2.3317652,1.3230652,3.5026464,2.6315396,2.3155057,3.0500047,1.6218886,2.161469,4.0335503,1.8788193,2.016586,1.4573289,2.3967261,2.242797,3.7831988,4.226944,3.138446,3.976941,3.1420596,2.332166,3.3430018,3.0932188,3.042611,1.1243272,2.7981248,4.5287027,3.5772903,2.274549,2.366756,2.1651905,2.1582413,2.8994932,4.008946,2.1938467,1.9624,2.7751513,2.2362502,2.2792652,2.2717009,2.2107625,2.8822474,3.2641885,1.8876697,2.266211,2.1981251,1.1411728,2.520674,2.7923315,0.9949893,2.1024532,1.482305,1.9702848,3.384439,2.3430057,3.120597,3.9231184,4.1902447,3.5262423,2.5812123,3.1499274,2.9188428,3.1688645,3.9891777,3.6144397,2.4462552,2.7524803,2.7862365,1.6876597,4.603483,1.7710896,1.6601847,1.7623594,3.2769046,2.5489795,2.5681317,2.9869106,2.3797824,1.9163082,2.5286522,2.879161,2.087929,0.65350467,3.1248765,3.6492248,3.812892,1.5687163,2.1211302,2.4699774,0.92207086,2.827994,3.661313,4.0723753,4.112428,3.591673,4.6452556,2.869697,3.6537838,5.0483527,2.1166596,4.196285,3.0507278,3.5304215,2.5778644,2.4548876,3.602438,1.0560266,2.5765586,2.3143559,1.4766796,2.7357225,1.2233287,1.0204303,3.6759431,2.505404,3.5970302,2.2501202,2.798434,4.0088778,4.3047514,1.4908159,3.1405902,3.3063715,2.9234703,2.0775378,3.494383,3.5602574,0.68034315,2.115868,3.549291,3.7975314,1.4401867,2.074145,3.163467,3.0892718,1.7619311,5.0679183,0.7547725,1.5056776,1.9824157,2.2795565,1.7624936,2.336941,1.3575422,2.1529155,2.7775838,4.0752645,3.5722396,1.7434719,1.4883873
1.9945873,4.019177,1.5901984,2.3068972,3.052136,3.3017297,2.0432007,1.7632492,3.1351035,1.2929844,1.9152921,1.8145707,1.4423217,1.7683121,3.5444143,1.6083564,1.7039993,3.0183003,3.7900825,2.2641,2.151052,3.6560404,1.2972465,2.7468507,6.0137973,1.5955979,5.218913,2.18032,1.6760874,2.994519,2.123785,4.088913,1.9166662,1.9637096,1.84492,1.2390974,3.4689653,2.4956284,4.0199323,1.5225912,1.615485,1.9575591,1.9185172,1.8452079,2.5546505,4.567029,3.7364082,2.243864,1.5496825,3.1989381,1.8583486,1.6437616,0.98506695,0.9019427,1.8990866,2.9635086,2.0940108,2.8189642,3.9424188,3.4462385,1.8717834,1.786275,1.1433544,1.3652151,2.2930195,3.22959,3.5384734,3.4267578,3.356399,2.1600463,3.9107385,1.2064959,2.2827027,1.2712746,3.6526403,1.9496795,1.613424,3.0978572,1.7515248,1.7631652,4.2069125,2.836495,1.6789278,3.0727923,1.5347918,4.3031006,1.8644687,2.3889692,1.5577165,1.3775204,2.1024084,3.3425064,3.461082,1.8957818,1.9733909,3.3684163,2.988049,1.554131,2.3934088,3.2070732,2.870337,3.0084887,3.6673687,2.0851138,1.8374366,1.6185317,2.3535545,1.3193381,4.7228394,3.6673687,2.829585,10.506858,2.8741164,2.6413276,1.5260739,1.6962056,1.672075,2.170434,2.9295945,2.40237,1.2488047,1.6788125,1.7810625,1.728198,1.8702674,1.8147149,3.8458388,3.7672024,3.2180543,1.3345714,4.01959,2.3620434,2.1973217,1.4372251,1.7835846,1.8696377,1.8833461,1.6279591,3.075587,3.1280804,3.5249782,1.9679265,2.6972816,2.076361,1.7874607,2.854196,2.4758518,2.0728269,1.0332222,2.2885847,1.8199872,2.3833296,1.467137,1.3138932,3.2781556,2.5061157,1.1974536,3.3120286,4.852729,3.3368437,4.20469,3.0126922,1.4993881,2.598044,2.001648,2.2304664,3.2458305,1.8836354,3.2891726,2.8795664,1.822484,2.324781,1.6081135,1.8573226,1.6118048,3.5423493,1.7545544,3.0763595,2.9498,1.7518634,2.1374114,3.4482687,2.2342007,1.2241641,1.646788,1.4807423,1.8286134,3.2738297,2.1440904,0.9462364,1.0993919,2.843705,1.6088581,1.6800455,4.58799,2.9829104,2.0720525,2.3873248,3.9107463,4.5700545,1.7151716,1.3270895,2.135859,1.8195256,1.142136,3.7372754,3.3513315,1.0952425,1.4059148,3.7796276,1.4961329,3.6429148,1.5619746,1.6700478,1.3594338,1.9137226,3.3083217,0.8399587,2.8132143,2.024959,1.3552389,1.3372549,1.6356697,4.7484107,3.1000972,3.5721478,2.6326635,4.014866,3.1564138,2.5411706,1.7530568,3.4035187,1.2339797,1.1150321,3.626479,5.267997,3.5364702,3.5030653,2.8393402,2.6019056,3.5296466,2.3810334,4.394294,1.1251054,3.99286,1.4370394,3.222451,3.4762454,3.5926802,1.4660988,1.4796259,2.1056345,1.1227883,4.022821,3.565764,3.6948411,3.869441,2.8646233,1.8126785,0.88766885,2.5747244,2.8034194,1.8537573,3.2461207,0.89819056,1.1326268,1.736744,3.3417747,3.6622758,3.2083542,2.2173047,2.7577887,1.4314741,4.269612,2.4849963,3.4635723,2.3543086,1.4884288,4.2480173,2.4272013,1.6645716,1.3930074,2.144469,1.4374212,2.0202978,3.6504552,2.31658,1.2806518,2.404057,4.13114,3.7267907,1.7685248
3.794001,5.0568724,2.473124,0.9690023,3.393274,3.7831905,3.6503112,3.4033897,4.369347,2.959422,3.5230086,3.529771,3.460409,3.5040982,3.151619,3.6658545,1.8385447,4.021855,4.3279996,4.4638624,3.7870545,4.9831505,1.9343561,4.651151,7.906536,2.9370906,6.650648,4.4326096,3.4948251,4.8874607,3.674767,5.5031834,3.8658006,3.042944,3.7882242,3.0711546,4.6409082,4.1807003,6.1652107,2.4426622,3.2735887,3.595844,3.5754104,3.5268815,4.298276,5.5452757,4.780814,3.8794758,2.850023,4.3851614,3.5053263,1.8934526,2.110295,2.5884845,3.108635,2.6815999,3.4608436,4.450977,4.314027,4.3462815,3.6107457,2.076428,3.4170718,3.1412213,4.23807,5.219307,4.0084953,4.2900357,4.772672,3.653867,2.8375933,2.075527,3.8108084,3.4536192,5.412233,3.9000852,3.316073,4.4855227,3.6283312,3.6576674,5.1537952,4.354231,3.4431505,2.687102,3.177816,4.911907,3.7816498,2.880439,3.52264,3.25314,4.3075094,4.207139,4.3084555,3.8238022,3.5534532,5.272178,5.0218353,2.2834277,4.1667156,5.1413965,4.170946,4.318584,4.747682,4.07798,3.466133,3.3357735,3.913564,3.267748,5.288885,4.747682,4.02525,11.137671,3.2578747,3.7657783,3.5844402,3.4561439,3.285756,3.391019,4.0911903,3.1148221,2.8479474,3.3941228,1.7119036,3.5821435,3.7614644,3.1550336,5.4930253,5.767279,4.5776587,3.1122177,4.5408587,3.9478614,3.6284823,2.965554,3.4891696,3.8446746,3.4679027,3.8350003,4.0059114,4.6675057,4.8051753,3.809805,4.745333,3.5256832,3.1172526,4.7839384,4.368608,3.4904778,3.2626064,3.6171093,3.630508,1.1517003,2.945807,3.1299422,4.188117,4.3716006,3.0950181,4.272733,5.326289,4.031766,5.2022343,4.4194083,3.4288163,4.089665,3.5822146,3.672619,3.8937118,4.122078,2.5306275,3.8138504,3.7292755,4.356576,3.4200542,3.6118627,3.2159479,5.0989757,3.5977004,4.313564,4.4394784,3.4971461,3.5611532,4.4077997,3.6734667,1.7786831,2.4795687,3.4045832,3.7253416,3.428511,3.372421,2.3430474,2.7832465,4.28889,3.3954134,3.3433805,5.007191,5.030695,3.569808,3.7479355,4.6715884,5.0363193,3.9019797,3.0167215,3.5736756,3.1955097,2.9668293,3.788199,4.9768777,2.6788979,3.1456761,4.983516,3.0946493,5.582237,2.9167068,2.9424295,2.8669293,3.9003308,5.0039945,2.2358615,3.7342086,3.5402465,3.2628639,3.1977482,3.4063933,6.0691013,4.0396276,4.5350723,4.088407,4.4079194,4.116801,3.969933,3.436711,4.137245,3.5078132,1.490993,5.265076,6.7345414,5.2166333,5.5639877,4.639029,3.6202211,2.4449747,3.9550552,4.992108,2.5874858,5.7423205,3.1138077,4.434882,5.0784035,4.277153,3.6250887,3.6285121,3.3410976,1.8025316,4.704758,4.22004,4.225798,4.907546,3.410467,3.5289493,2.1026444,4.625832,1.4160223,3.08376,4.0522633,2.7380483,2.884489,3.6772296,5.2675924,5.4954734,3.997316,3.759611,3.3230653,1.1324615,4.8843937,3.3403068,4.723602,3.9403868,2.719196,6.2978635,3.548084,2.9587135,3.2360618,3.735496,2.8666556,4.008905,4.2449036,3.7898552,3.0515485,0.7516912,5.96232,4.5913463,3.0503104
3.6599984,4.624333,2.2400544,2.222287,1.5211234,2.2301893,3.6285353,3.6073027,3.9159434,3.4041684,3.4815328,3.6422403,2.744861,3.5783439,1.0679121,3.5486035,1.7374462,2.251263,2.411307,3.879696,3.912584,4.428628,2.0859153,3.3386679,6.254061,3.3507574,5.2370315,3.8610437,3.5532036,3.7194965,3.922998,4.595559,3.623274,1.5502677,3.581383,2.8173516,4.0757313,4.1996136,5.2445984,2.7187078,3.5456889,3.9442027,3.5603602,3.602237,2.8123653,4.507855,4.162779,3.9021144,3.237531,3.8608725,3.5137699,2.1545181,2.728687,3.7463865,3.683978,1.1099344,3.7804022,4.085171,2.479506,2.0084908,3.6493428,2.7714922,3.7708101,3.5871065,3.763423,3.9298854,2.9534438,4.1230454,4.2808557,3.927454,1.7102625,2.4647663,4.0210986,3.4271343,3.9481163,3.660189,3.488642,4.1633735,3.4607148,3.4634728,4.3676815,4.2372384,3.452149,1.0601124,3.6883838,4.8865857,3.5572336,0.9988956,2.6705313,3.298645,3.7977877,4.1120462,4.182251,3.5879738,3.5072782,3.9775026,4.4846826,1.5517982,3.8908157,4.3057055,3.9399917,4.1143403,4.117716,3.738247,3.6821032,3.5232043,4.092479,3.140548,5.078214,4.117716,4.025396,9.78938,1.7467288,3.8706052,3.2889838,3.6162972,3.5111408,3.8472724,3.9273996,3.320214,3.3245904,3.6864126,2.1398072,3.4470727,3.5657833,3.4878252,3.543454,4.614639,3.9318006,3.4619763,2.5406044,4.0926676,3.9243448,3.3036997,3.5179634,3.5588984,3.5416486,3.7141929,3.0793293,4.175946,2.7641482,3.690668,3.9361815,3.7477932,3.570455,3.2859278,4.184278,3.7826746,3.1295702,3.7571583,3.547789,2.0712552,3.4226472,3.264138,4.0969124,4.23242,3.0774293,2.5636585,3.4983525,2.8535728,3.0263782,2.4161844,3.4693196,2.308987,2.2010214,2.7884042,4.4945135,3.7221892,1.160218,2.100508,3.5133028,3.7754297,3.5023365,3.6416347,3.4116526,3.1375978,3.4541764,4.184679,2.75831,3.5461056,3.8788195,4.080676,3.953315,2.2181425,1.751016,3.4650187,3.5252538,2.9912405,3.860862,2.587522,3.2630107,4.222591,3.51819,3.514065,5.5890384,3.9869752,3.8723493,1.9617139,2.398195,3.0083728,3.6350653,3.357785,2.029444,2.4925141,2.3831825,1.5139238,3.0804327,2.9559028,3.0746634,4.2988515,3.686419,4.53144,3.3168669,3.4845052,3.4175625,2.8462076,4.3790197,2.553584,1.7607164,3.8308377,3.374763,3.3968267,3.6251047,5.270986,4.1270986,2.5552247,2.280603,2.7087953,3.949007,3.7094548,3.6208267,4.7022986,3.6298807,3.2796009,3.3383682,5.2815776,3.7570763,4.867936,3.9080486,2.8232315,1.5666,4.0936003,2.6910715,2.9743161,3.8725731,3.4883797,3.9934084,3.3221116,4.450633,3.3189805,3.5515065,3.6422517,2.4214964,4.7399096,4.7429066,2.10774,4.1973333,0.92863494,3.5342216,2.428324,3.4584727,2.0118697,3.642204,2.7987993,2.696757,3.275012,3.66073,3.6716874,4.125773,4.4328723,3.6619616,1.5048958,3.2298267,4.8718085,2.4944623,2.6348777,2.3731344,2.9740255,5.2183065,3.984782,3.505579,3.3417864,3.9517014,3.3985076,3.6577668,4.879465,4.0212135,2.6168938,2.6957932,4.616116,4.2958317,3.60141
2.3965518,3.7246265,3.8066943,5.1375756,4.2604647,4.1803885,2.840607,3.037635,3.1884592,3.4326887,2.8750832,2.8143806,2.481057,2.7885594,5.1034174,1.9515238,4.2326107,3.3721037,4.1857595,1.3140645,3.0382395,3.2847152,3.6814084,1.5699795,2.7774863,3.0708432,2.789272,1.9224515,2.5744164,2.472864,3.1074376,3.1538546,2.2629974,3.1486688,2.2218668,3.2145715,3.4969468,2.7143576,3.2131982,3.3213623,2.7629547,2.44456,2.8342128,2.689109,1.8928577,4.1414266,3.7172544,2.9801743,2.9574473,3.3013098,2.854206,3.8537936,3.4242635,3.7328527,3.1572502,4.8400726,3.3392982,2.7778084,4.630361,3.6856823,2.269233,3.803094,2.647588,2.631403,3.291008,1.2314895,3.8961637,3.5612721,3.2035213,3.1768723,5.991957,3.4778652,3.067743,2.5836256,2.6343505,2.205106,2.507009,3.149045,2.4887736,2.4584606,4.022098,2.835543,2.7525187,4.9875526,2.8080437,3.9979613,2.3656652,3.7649548,2.5118976,2.522175,1.4452937,3.4714987,3.527572,2.3148901,2.9118931,2.3168204,1.9050753,3.8058245,1.748412,1.2901679,3.0773315,2.7262995,3.4961476,2.0290158,2.779823,2.7067547,2.9770708,2.457159,4.273914,3.4961476,3.3776987,8.537177,4.485851,3.0073779,2.1541953,2.5106843,2.5299082,2.9141917,3.1424456,3.2867434,2.7961745,2.3878374,4.100187,2.5362766,2.303716,2.7625835,2.3926427,0.7812053,3.1543858,3.2387936,4.3940377,2.9353025,3.23607,2.9150376,2.8017967,2.2343783,2.9978144,2.639341,4.0463634,2.829683,3.07765,2.413164,1.0817155,3.2258005,2.85127,1.9565129,2.558196,3.2768543,2.652849,3.005045,2.5592854,5.1126323,3.0379276,2.6360726,3.4704773,2.4765093,2.626059,3.864246,4.9175606,3.9953723,3.8400197,2.4626243,2.6159823,2.4237125,2.483469,3.1296866,3.6079204,1.7047449,5.38233,3.7131927,2.3966596,1.1769314,2.6762166,2.6927016,3.3458261,2.9589055,2.5059197,3.254282,2.3054721,2.7708566,3.2675812,3.698545,3.2104423,3.7864857,3.7380028,2.293809,2.4171784,4.1423645,3.0007534,3.1643078,3.3619263,2.1432614,2.69161,2.4168384,4.5166087,1.9927125,3.2122605,2.6319945,4.032346,4.748252,2.697507,3.1805363,2.6226823,3.2043252,2.885794,4.6920495,2.519126,2.9018955,2.6028543,3.557122,2.8107014,3.2213836,3.06076,3.1335335,2.929241,2.2153685,2.5603006,3.2707226,3.2039592,3.2057688,2.3591785,2.9266448,3.1780164,2.8806107,3.198123,3.3339853,2.9942377,4.596689,3.3971505,2.9564176,3.0323403,3.5841725,2.485474,4.5181413,2.8470085,2.7860196,2.753847,3.2019854,1.5636994,3.956137,5.836725,2.9466536,4.457252,3.2319722,1.7783924,2.73933,3.395756,2.6998875,3.7184932,2.1508574,2.0902047,3.0743344,3.7264693,3.8140838,3.7124286,4.1608834,3.6302726,3.7974305,2.7891066,3.421296,2.3353488,5.4299235,3.1245532,3.8415544,3.321338,3.3411162,2.3367178,1.6797621,1.4388523,3.4813924,2.8742397,3.9876332,4.8083124,3.9829419,3.2244124,2.7464645,2.263486,3.036046,3.3076284,2.9631336,3.0155795,2.5548246,3.040665,3.0192034,2.1308932,3.8340888,3.1297357,2.5931015,5.4216475,1.3802575,3.6477497,3.0558043
2.233624,3.9868906,2.5577924,4.3923464,3.4034796,3.4508138,2.3511295,2.2773633,3.0979478,2.136209,2.2769701,2.2594502,1.6409925,2.2034743,4.4254217,2.2436326,3.2203498,2.7659194,3.7356672,1.8824251,2.2902179,3.2400496,3.223135,2.3102536,4.6555767,2.9246624,5.2005277,1.1251687,2.237866,1.170738,2.5052965,3.3480184,1.8869959,2.7710996,1.9948599,1.5608734,3.2027562,2.518888,1.6527889,3.2154691,2.5815964,3.3994632,2.239684,2.4113955,2.312357,4.0553,3.5308375,2.270164,3.1149743,3.1093528,2.2576995,3.6363049,3.1066782,2.6801662,3.245248,3.8979597,2.668571,2.3743236,3.8730593,2.9941092,2.683567,3.8183546,2.0168378,3.0358698,0.666099,2.5147352,4.106789,3.9905074,2.8557253,2.5844183,5.2920566,3.2457066,2.6128273,1.584957,1.9112632,1.9399018,2.6785223,2.8750787,1.9474553,1.9059708,3.917538,2.8420928,2.1222603,4.0318184,2.8198025,5.2365127,1.8922881,3.3801827,1.5746483,2.2682052,1.8059036,4.033653,4.1162477,1.8988278,2.3027816,1.5289297,1.9585571,2.762039,3.20115,3.1422482,3.0121503,3.4255414,3.5567493,1.8739156,2.5653467,2.444872,2.636808,2.0671737,5.499939,3.5567493,3.11385,10.953937,3.0641298,3.5272093,1.8467579,2.5277884,2.8819854,3.5018008,3.3333302,3.9211085,3.061076,2.9518175,3.7653944,1.9908799,2.0477378,3.2498074,2.4682832,3.1091547,2.7749891,2.0384946,3.8214698,2.5928614,2.6782722,2.732551,2.2062733,1.8095156,2.3080008,1.1810964,2.6733813,2.6715074,2.6309958,2.1344917,2.499023,2.534526,3.2683096,1.4079313,1.9287913,2.6066628,1.6467022,2.971661,2.106498,4.3999453,2.799301,2.3778963,3.8877053,2.1410568,2.1683946,2.6753082,4.5237474,3.3218856,3.3694987,2.5594032,1.9950389,2.5399368,2.273651,1.8492856,4.8151693,1.6978848,4.48338,2.5570023,1.9031994,2.4383857,2.1862767,2.2130766,2.0437508,1.9842516,2.032508,3.240144,2.4168348,2.1763616,2.6560986,3.6035752,2.6894832,3.2945516,2.5963938,2.396257,1.922913,4.3855357,3.404744,2.9264724,2.256259,3.765003,2.2625437,2.8643954,6.0101385,1.2081544,2.5387566,2.5168302,3.4478054,4.2759647,0.97518545,2.2230136,2.4645514,2.0182786,2.001653,4.190161,2.007588,2.9858797,2.8466063,3.3258173,2.9980485,1.182265,2.9019988,3.084169,2.9750638,1.442521,2.5299838,2.8519907,3.0147069,2.4855163,2.4986057,2.0405204,1.9225025,4.7016625,4.058625,3.2945988,1.772676,3.965082,3.6875098,2.6064835,2.181771,4.8161707,1.7770818,3.3897314,1.9215611,5.180384,1.9425306,1.1598561,3.195869,2.2902622,4.931309,2.6085703,3.9832053,3.115066,2.8663707,3.1447284,3.0552492,2.0415626,4.6058846,1.663103,1.9970646,3.1247585,3.267437,4.9473886,4.9708753,3.649628,3.7025087,3.362937,2.1735306,2.9816995,1.1280254,4.6994057,3.2187233,3.1173096,1.8830786,2.0920792,2.1237879,1.8773681,3.2370636,4.456864,2.4339843,3.0185473,3.705391,5.202806,3.2017088,2.9460528,2.3653722,3.039665,1.7391837,3.7529693,3.1951404,2.3485434,2.4675303,2.9536328,1.7777587,5.191494,2.6953037,2.4795072,4.439058,3.6578202,4.149161,3.185625
2.900315,4.540712,3.3848374,5.2305155,4.3526764,4.3409486,2.9787185,2.8656776,3.7221076,2.698618,2.9381487,2.870381,2.5901978,2.8348207,5.408265,2.985992,4.0959024,3.7139583,4.6481586,2.5760639,2.7816808,3.7419903,4.1270313,3.1939,5.0659027,3.6440644,5.983667,1.7949558,2.9075992,1.8757738,3.010581,3.8562765,2.5687988,3.8095155,2.6967099,2.3620129,3.7699142,2.9959757,1.1603615,4.0671535,3.253414,4.0996184,2.878113,3.0670943,3.2994046,4.628128,4.1126814,2.7766018,3.8940687,3.7389698,2.9080627,4.5506206,3.9245822,3.1363528,3.9149559,4.835377,3.208688,2.881503,4.7346296,3.9620256,3.3975375,4.6712103,2.56513,3.7526202,1.1114036,3.2660396,5.0064955,4.671007,3.3321507,3.0902889,6.243858,4.119023,3.1112602,2.278507,2.5061967,2.6170895,3.406246,3.3903584,2.6534488,2.6154408,4.4981213,3.3565981,2.7950518,4.968452,3.4666562,5.965934,2.5835233,4.4165754,2.553791,3.0194309,2.5157878,4.731351,4.809775,2.586581,2.9538386,2.1307228,2.3560424,3.6971767,3.9581409,3.8295062,3.6196647,4.0901456,4.181639,2.5466907,3.1973906,3.1193435,3.1295216,2.8705797,6.2297206,4.181639,3.6692228,11.801057,3.9197767,4.229037,2.6519802,3.2067657,3.620563,4.201445,3.986306,4.7628837,3.8267093,3.664344,4.665502,2.6947253,2.7469778,4.012004,3.277048,3.7398074,3.357124,2.6104283,4.7056627,3.0849574,3.191734,3.462192,2.8571677,2.5184624,2.9317791,1.7598928,3.3369863,3.195714,3.5418696,2.781311,3.2296154,3.0843902,4.0024543,2.3463552,2.3493893,3.1463883,2.4333975,3.6146097,2.7781293,5.261914,3.488068,3.127673,4.561531,2.5820768,2.9650779,3.5006478,5.315784,4.124121,4.206923,3.5879557,2.6720417,3.5751555,3.3109422,2.6912923,5.550626,2.40723,5.418871,3.4688098,2.6051543,3.1984138,2.854122,2.8399582,2.62216,2.8182428,2.7398343,3.795768,3.3914413,2.8192677,3.1745307,4.2103205,3.200109,4.169652,3.5156214,3.1322067,2.6179178,5.2785325,4.076358,3.7908764,2.8839843,4.496577,2.927403,3.6125183,6.707456,1.8421577,3.048379,3.579868,4.361003,5.1231885,1.617136,2.8546798,3.5112839,2.9007547,2.9424667,5.1798263,2.9097135,3.8141236,3.6774008,3.854307,3.666083,1.1313522,3.6281927,3.7813756,3.6953223,2.4462945,3.0002558,3.7030225,4.052402,3.0015116,3.2566276,2.6913204,2.4431856,5.3462367,4.777464,4.246333,2.7934263,4.8123,4.3686457,3.2357016,2.7570639,5.5114245,2.3989964,3.963118,2.7160006,5.9512005,2.5907245,0.54590154,3.974913,2.9839118,5.8455234,3.1019213,4.8728266,3.9110477,3.6657062,3.8888862,3.6255214,2.8511875,5.31113,2.4664772,2.7138345,3.8050146,4.1153636,5.659172,5.680733,4.5939274,4.3236837,4.4135194,2.819698,3.84408,1.969085,5.5776777,3.8984451,3.928511,2.6730187,2.7089355,2.7827244,2.6830688,4.002694,5.149202,3.0595958,3.9761262,4.30213,5.9288344,4.1286564,3.9277406,3.4015853,3.8596923,1.3538321,4.458761,3.9148998,3.0862823,2.9681387,3.666968,2.46747,5.9063196,3.1987362,3.397612,5.181599,4.3642693,4.8178754,3.877659
2.0378199,4.134668,2.470623,3.1337628,3.4728885,3.6922705,2.3593197,2.2722573,3.312063,2.195015,2.2828636,2.1651022,1.1609702,2.115435,3.9696312,1.084154,2.5783262,3.1383784,3.9852443,1.3227816,2.573003,3.7611065,1.8516061,1.6771247,5.0396585,1.9946238,3.953573,1.7051445,1.86715,2.8751557,2.5697083,4.014697,1.9065257,1.8414916,1.7909697,1.910472,3.7078693,2.639493,3.7172744,1.9179443,1.8810141,1.0416952,2.2659998,2.0770824,1.6771572,4.699729,3.9682186,2.614907,1.7190119,3.4114058,2.226847,2.0464184,1.5981658,2.0145068,2.214837,3.5780876,2.6649678,2.9543161,4.3025093,3.4901216,1.6684482,2.1982348,1.2155032,0.73045486,2.6101456,2.0740354,3.651613,3.551067,3.5350683,2.6296978,4.396894,1.6494019,2.6573887,1.48815,3.452788,1.8929768,1.5944592,3.3088627,1.9086342,1.8999748,4.405082,2.9474745,2.0222342,3.6895487,1.7442268,4.1200614,1.9299686,2.4420168,1.3080055,1.5036217,1.2709609,3.4145432,3.5236862,1.922974,2.3507626,3.1062043,2.680448,2.2083302,1.1300027,1.8425514,3.0654032,2.8933291,3.8029642,1.9107407,2.1032896,1.8754014,2.6571145,1.4019362,4.55035,3.8029642,3.182411,9.427492,3.5338004,2.680442,1.3489368,1.7573274,1.5696929,2.1429799,3.0796435,2.3672087,1.0694101,1.3274919,2.3508968,1.918693,1.8741629,1.7313341,3.3636878,2.530164,3.397459,2.0995438,4.2418613,2.6461403,2.6810095,1.7881299,2.13635,1.8416934,2.3358924,1.7723284,3.652906,3.1979346,3.3809047,2.0389688,1.4471302,2.6015725,1.7895914,2.3369813,2.5786543,2.6201062,1.1630213,2.5485208,2.0087159,3.153426,1.9073646,1.5214248,3.4078372,2.5500934,1.4340739,3.6335552,5.0572543,3.7228537,4.180275,2.550424,1.7698638,1.9159737,1.4923707,2.6158154,2.9865382,1.169187,3.9112062,3.22116,1.9111271,1.2030066,1.8944074,2.1236048,2.3679814,3.3608663,1.9156818,3.2919993,2.5824277,2.0922155,2.6568284,3.7319365,2.6928043,1.8847072,2.346842,1.3138592,1.930924,3.5024025,2.249162,1.2343028,2.012185,2.0908387,1.8944339,1.4547462,4.310922,2.6507988,2.588938,1.9592663,3.9949045,4.7620606,1.8259977,2.0455332,1.6572332,2.3257692,1.2379247,3.997715,3.0211363,0.8450444,0.42025644,3.9589639,1.5925931,3.6312134,1.9633276,2.0521607,1.5941441,1.4579451,3.230569,1.3940613,2.7309017,2.5557554,1.1441582,1.8777272,2.2814443,4.1500764,3.017038,3.4602602,2.6275413,4.3529634,3.3151848,2.7926714,2.2700603,3.169348,1.2403127,2.467817,3.380031,3.988511,3.4153183,3.4850566,1.4675087,3.284439,4.1503468,2.6663344,4.4889503,0.9259519,3.1674805,0.6398869,3.4928496,3.2701926,3.574019,1.2402605,1.1481678,2.385755,1.8355261,3.8832505,3.3355067,3.87217,3.9978364,2.9004796,2.1559894,1.4150897,2.0763032,3.5490148,2.1564217,3.600192,1.7335972,2.0266209,1.7500803,2.6771789,2.3953364,3.1214283,2.5107248,3.170398,2.7427309,4.0962405,2.6281557,3.0868099,1.6852359,1.7524291,4.0589423,2.3098166,1.8744017,1.532152,2.550073,1.7884607,1.9209968,3.3467324,2.7091155,0.7234481,3.5050063,2.8461473,3.8066008,2.0294566
2.6340513,3.3687603,1.0974495,2.8367698,1.3963591,1.5084006,2.3477242,2.2645564,2.6062112,2.0459797,2.2101383,2.4121382,2.6272843,2.3689756,2.3612785,3.1015878,1.5754175,1.7385553,2.112128,3.6227255,2.4339125,3.0232456,2.327896,3.733795,6.1539574,2.5203466,6.147957,3.2735624,2.541286,2.6780024,2.4875877,3.3730178,2.6198845,2.4112875,2.6641676,1.8567519,2.5999875,2.885681,4.4164014,2.4161422,2.6091864,4.0516424,2.2867332,2.5173423,3.2897136,3.2418516,2.7473419,2.4263663,2.787493,2.5056005,2.2602627,2.6530097,2.5358734,2.7714293,2.8539314,1.6806262,2.2971094,2.6652477,1.9062176,2.0355854,3.0141141,2.8219833,3.1015098,3.5675406,2.6531205,4.2415056,2.6693966,3.1731174,2.7583802,2.4732683,3.4305062,2.5672407,2.6037245,2.560829,2.9741824,2.6880937,2.8391504,2.6874044,2.40514,2.4152808,3.025933,2.9307277,2.2914555,1.8220907,2.905346,4.540318,2.5156252,2.4512618,2.5641205,2.5426047,3.4483917,3.2817953,3.3509207,2.5655947,2.1995966,3.0412068,3.4176066,1.6340263,4.148853,4.7101264,2.6442971,3.2695642,2.8763192,2.813529,2.6058528,2.5479546,2.715905,2.4446611,4.70871,2.8763192,2.5763197,11.131173,0.7081102,3.0975995,2.6362026,2.7788684,2.988875,3.3039205,2.8120422,3.2326515,3.1941895,3.3132946,2.4921157,2.380322,2.6007688,3.110393,3.2986624,4.839588,2.4882925,2.1499577,2.1631737,2.719219,2.4674234,2.5161192,2.3042967,2.5921402,2.1999938,2.775229,1.1700647,2.8114257,2.4175832,2.6207771,4.0940204,2.2765322,3.1132529,3.0115616,2.8292434,2.3133242,2.605554,2.633079,2.445885,2.8116157,2.5429695,2.5193248,3.135338,2.9432094,2.3653502,1.432081,2.9157603,1.6549731,2.6187534,2.7578719,2.4379976,3.0865068,2.70612,1.4257534,4.432893,3.3163388,2.368821,1.2021283,2.4759598,3.7307827,2.4357896,2.4587445,1.9064708,2.6334376,2.4094238,2.8351364,2.6014519,2.3493044,2.413288,2.7190454,2.5045142,2.390278,1.2569548,2.874703,2.4731693,2.8239644,3.1476045,2.6488578,2.070572,4.1623225,2.4685707,3.0713904,5.50356,3.1105585,2.4074483,2.620834,2.2386675,2.6460545,2.7750256,2.1203716,2.7161279,1.315608,2.3604572,2.2843797,2.752918,3.1074896,3.419798,2.8362966,3.0936778,3.3085997,2.501152,2.6797733,2.8579557,2.7404895,3.0963612,2.4416726,2.1696744,2.3641355,2.9169817,2.2548616,2.1868198,4.9114366,3.5574248,2.4745626,1.9496336,2.0537305,2.9278893,2.3590703,2.2535548,4.465646,2.9276857,2.649316,2.8432763,6.197626,2.724666,3.6395729,4.410424,0.8189302,3.030877,2.7152758,2.6031933,3.3445976,4.0112796,3.6851475,2.4991539,2.6505244,3.8778496,2.7112675,2.9677248,2.6863575,2.4193282,4.286471,4.5427437,2.0566707,2.9683082,2.2566853,2.3048806,2.5476542,3.2817698,2.9064975,2.8435533,1.5928005,1.9561788,2.0432765,2.7294998,3.4501805,4.7161593,3.9678488,2.3465006,1.2169241,2.683573,4.506293,2.1137102,2.8252313,2.9368217,2.5451372,4.124908,3.5330963,2.912417,2.5807407,2.5332425,2.6998012,2.688344,4.837057,2.5957496,2.898613,2.5490658,5.1411853,3.3469815,2.8755906
5.02172,5.8043237,3.371931,1.9698097,2.8807335,3.5018024,4.911919,4.8229547,5.206758,4.524,4.7669783,4.9046793,4.285219,4.85545,1.7003376,4.91659,2.5608485,3.8862553,3.757225,5.4572835,5.171473,5.7851067,2.9580424,5.039542,8.051501,4.3882155,6.6277385,5.468612,4.8438087,5.470917,5.117476,6.076354,5.058937,3.131242,4.995671,4.1779675,5.374914,5.509733,6.970921,3.6511097,4.718229,4.9944124,4.8520184,4.8608766,4.541054,5.803817,5.4111953,5.19466,4.2419777,5.1541724,4.792173,2.8273256,3.5919328,4.6136928,4.6425643,1.9303421,4.898902,5.504702,3.6838493,3.761827,4.906693,3.3627224,5.0103126,4.63506,5.262805,5.6470003,3.9906776,5.1491203,5.6635494,5.099012,0.37551716,3.3198717,5.2236443,4.798406,5.7431426,5.0950828,4.68439,5.484189,4.846867,4.8634343,5.5970054,5.536808,4.751462,1.7550712,4.7694197,5.6739793,4.977704,2.4922464,4.2558093,4.5769706,5.354015,5.1133,5.180636,5.015648,4.789263,5.7707167,6.080179,2.7914283,5.178895,5.8242493,5.19301,5.3336782,5.378933,5.221277,4.881236,4.740587,5.3143725,4.4887304,5.8734536,5.378933,5.181021,10.472327,3.0206552,4.9297256,4.731798,4.8484764,4.6578016,4.8205404,5.097413,4.149025,4.3315625,4.824617,2.6755753,4.8157086,4.9657874,4.5157003,5.4201665,6.290736,5.335274,4.640553,3.8763218,5.3328195,5.0712156,4.4050403,4.8018775,5.012175,4.7861557,5.1467705,4.4018545,5.5997777,4.559278,5.061187,5.5146217,4.918654,4.565726,5.1300683,5.6229277,4.923487,4.5027103,4.9006405,4.8931503,1.8228136,4.476008,4.4938498,5.1280146,5.6471257,4.368978,4.1361456,4.6596484,4.115704,4.670642,4.2542086,4.7855697,4.0645657,3.871807,4.3116555,5.1546884,5.2427063,1.1256378,3.7101347,4.926052,5.286505,4.7828546,4.9407396,4.6153817,5.012662,4.8228493,5.3861427,4.525577,4.8325033,5.0159264,5.2165,5.1079006,2.9865441,3.0361733,4.7438397,4.930949,3.6983657,4.842173,3.6011448,4.3583193,5.3759484,4.778205,4.684926,6.109088,5.740154,5.0343914,3.7277203,3.9824677,4.2426147,5.107753,4.5160465,3.7153013,3.931565,3.8124793,2.6331751,4.96346,3.9867783,4.2479005,5.6392045,4.714239,6.2537217,4.3601756,4.4651017,4.4271903,4.524686,5.8991103,3.5563927,3.442404,5.00002,4.6141934,4.638559,4.8659415,6.597033,5.095133,4.164731,4.1213202,3.8758688,5.02935,5.0201955,4.85487,5.422617,4.9577565,3.7273574,5.225392,6.6990285,5.525708,6.519492,5.3336124,4.1595116,0.514279,5.332547,4.1116867,3.9045866,5.7203836,4.5095754,5.279044,5.15331,5.2744117,4.7821794,4.9314284,4.697368,3.1806626,5.5696177,5.431056,3.5339403,5.4551363,2.6950603,4.830466,3.3708794,5.190728,1.4169465,4.608533,4.1476173,3.9510396,4.4158607,5.0066724,5.537207,5.772912,5.2374477,4.95466,3.0188928,3.48771,5.662459,3.746618,4.415169,4.101187,4.001465,6.9855204,4.9224086,4.4737177,4.5930977,5.1677356,4.40892,5.143327,5.493662,5.2015023,3.9489934,2.4121795,6.251236,5.3469086,4.577497
0.8866794,2.6575003,2.3668804,4.130608,3.5981717,3.4005737,0.9269247,0.8631528,1.8980119,1.3169779,1.0045804,0.7796948,2.2683132,0.81870776,4.631078,1.4622707,3.089294,2.987504,3.7935307,2.027872,0.7004235,2.1161556,2.8678799,3.0468001,4.925796,1.5223637,5.229779,1.8327757,0.8830715,2.1101952,0.77169997,2.5695,0.8751789,3.1640542,0.9377152,1.8938246,2.1731403,0.7172184,3.336348,2.279701,1.0921992,2.5497177,0.9022442,0.92006147,2.992452,3.366458,2.5068712,0.7593432,1.8778732,2.014428,0.9382018,3.179265,2.3488889,1.7781196,1.5961103,4.0418806,1.0708289,1.1872545,3.982728,3.6338458,1.3290333,2.880794,1.4527828,2.2692635,2.1940706,3.243815,3.4095109,2.5046875,1.7829902,0.8519009,5.5410676,2.6481767,0.8084299,1.2422272,2.6336226,0.8807127,1.3562993,1.5733726,0.9252174,0.9307917,3.0082119,1.2059076,0.91721106,4.2170444,1.2670081,3.6766386,0.8840937,3.7064524,2.3407488,1.2234625,1.8233517,2.5043118,2.5952034,0.8813025,1.0163598,2.3458018,1.3290135,2.9557073,2.7121017,3.3434877,1.5872941,1.8979157,2.4655118,0.96117324,0.9394921,1.0118811,0.78089017,1.3384616,4.013094,2.4655118,1.5549912,10.625361,3.465209,1.9193383,1.3128461,1.0705236,1.5609252,1.8919262,1.8394365,2.6888294,2.118363,1.703614,3.2351794,0.92884713,0.9239148,1.9148995,3.289393,3.4310267,1.8868842,1.1347295,3.9852118,0.75406045,0.9456978,1.4276036,0.8899631,0.9476804,0.95993525,1.4089646,2.62213,1.5410599,3.2413056,0.79378,2.7251673,0.9877059,1.8458934,2.6127026,0.6626952,1.0047792,1.7778876,1.3266907,0.8545557,4.181469,1.3733647,1.291648,2.3498063,0.6260593,1.3920662,3.1425948,4.4923143,2.9999523,3.8637998,3.1644363,0.904239,3.2983918,2.8546114,1.9321657,3.2510304,1.7287496,4.6716413,3.013897,0.90929246,2.2114902,0.8893515,0.77351403,1.2052959,3.1900957,0.939555,1.6923571,2.715282,0.84173363,0.96139044,2.3118305,0.9341931,2.8746564,2.698188,1.313503,0.8914223,3.4305913,1.708382,2.4409363,1.3922107,2.5505912,0.90520513,1.6212447,4.302343,1.9898946,0.8593568,3.0936172,3.909048,4.4130297,1.6970979,1.1539243,3.0413408,1.9696367,2.4083881,4.388999,3.0032475,2.4596388,2.6710002,2.3918843,1.5429338,2.7115772,1.5316991,1.5776739,1.6616052,2.3674195,1.6151074,2.3388524,3.2380066,0.8562542,1.5158304,1.0191346,0.9526128,3.6110735,2.4624991,3.4331684,2.8525572,3.9297824,2.2225983,1.3219872,0.827781,3.131201,1.3540946,2.8034644,3.2040155,5.2800884,2.5739946,2.531844,3.2120743,2.4513805,5.1935525,0.7798747,4.354793,2.890267,3.5408254,2.6027305,1.9248471,2.8655791,2.9546087,1.4118983,1.3000915,1.5063698,2.704409,3.3423715,3.3044822,3.8616323,2.6755774,3.8088777,0.86977684,2.62224,2.7800906,4.532461,1.6036159,2.8965452,2.046387,1.3803605,0.83689034,2.847793,3.771508,2.7368643,1.036922,3.3134282,3.1082847,3.6336637,2.5726728,3.3735275,2.9876578,1.9673085,3.208148,2.1377966,1.7412295,1.215909,0.7093825,1.5726274,0.9560788,3.574894,0.89577115,2.519712,3.940009,3.9990401,2.718767,1.6220866
4.168734,4.579412,3.036723,3.3168614,1.6077102,2.1095505,4.135268,4.2255974,4.0563893,4.209524,4.017391,4.2293143,3.5513432,4.1717677,1.2130436,4.2031465,2.7367773,2.2094753,1.9342635,4.4623065,4.4511166,4.4756927,3.061227,3.7819266,5.9759183,3.99409,5.164237,4.496666,4.15947,4.0009713,4.4688787,4.490668,4.1661096,2.3540092,4.1364465,3.6721387,4.134679,4.639039,5.7187095,3.4258263,4.175417,4.6899147,4.1038733,4.160518,3.2378623,4.2042503,4.132411,4.402194,3.9059584,3.9712183,4.0718927,3.0791297,3.6308262,4.7268906,4.2820582,1.7013423,4.332362,4.3914495,2.0352743,1.7207954,4.2041984,3.5335612,4.6335382,4.427784,4.4953876,4.2887244,2.7609084,4.2174463,4.4285917,4.4655814,2.3337188,3.3697758,4.5218935,4.2000074,3.9735756,4.19373,4.112287,4.381341,4.0392957,4.0398026,4.189958,4.5538163,4.0591784,1.6739334,4.3736033,4.8880215,4.109941,1.869329,3.45532,3.9720767,4.3978944,4.242372,4.280334,4.1328454,4.02895,4.1414633,4.8304377,2.5859241,4.4819674,4.767266,4.190164,4.332319,4.0834794,4.2412753,4.257677,4.146256,4.573732,3.8273957,4.948704,4.0834794,4.3356037,9.299378,2.1472077,4.213856,3.9345534,4.2211676,4.1327853,4.385232,4.153981,3.7781239,4.131664,4.3494754,3.0397747,4.031314,4.1081357,4.0949874,3.3754911,4.867657,4.0528836,4.235314,1.9805424,4.5691657,4.451797,3.9778957,4.0992136,4.112881,4.1063437,4.483009,3.2697794,4.370639,2.5358927,4.2176895,4.4411044,4.2922473,4.1968546,3.5977843,4.652882,4.3369718,3.9935405,4.198405,4.110172,3.1498995,4.1066613,3.956462,4.244571,4.6828074,3.7981882,2.5240269,2.7795339,2.778999,2.4770494,2.4533312,4.1332803,2.7365563,2.8460445,3.221511,4.9079604,4.3852572,1.8842454,2.2514703,4.0743127,4.301368,4.130297,4.2080617,4.114722,3.1097593,4.027076,4.413982,2.7945669,4.1403646,4.4236164,4.1598415,4.46984,3.2198496,2.6220057,4.128061,4.085328,3.055055,4.3991446,3.5084462,4.087206,4.620475,4.1461983,4.1373706,5.802161,4.3089657,4.4368606,2.4121304,1.8455178,2.266469,4.413996,4.100209,2.648327,3.0816982,3.3016634,0.98324347,3.0794783,3.847034,3.9453113,4.277924,4.401358,4.872481,3.9670348,4.1285405,4.1472926,3.5056694,4.548893,3.485504,1.8263899,4.405969,4.0788174,4.1216764,4.329333,5.094022,4.3721266,2.1761582,2.6159368,2.25472,4.106222,4.0474977,4.248963,5.065108,4.442077,4.393655,3.3231971,5.2118807,3.7794404,5.3545413,4.419812,3.2423122,2.4189084,4.5638,1.9097074,3.9911823,3.752512,4.366401,4.1361756,3.2821739,4.610408,4.0123396,4.2467737,4.144492,3.3914185,4.800769,5.0637217,1.6193744,4.098118,1.2867328,4.1086764,3.4289544,4.0550175,3.0077443,4.2479963,2.749995,3.6444123,4.10192,4.2606487,3.8157976,4.3863745,4.756178,4.1121583,1.785171,4.347986,4.8811297,2.7386646,2.3837962,2.852749,3.6494322,5.522684,4.4728007,4.1610427,4.0140653,4.4908285,4.098863,4.1760974,5.250358,4.512892,3.47278,3.6897871,4.7685547,4.299877,4.2280736
2.7708118,4.4650784,2.069771,1.5078845,3.0023763,3.3960347,2.8494148,2.6840758,3.6863418,2.396465,2.726798,2.6958818,2.0567005,2.651355,3.0234911,2.254203,1.5982856,3.233649,3.8018274,2.9080908,3.0941346,4.285796,0.8357568,2.9733145,6.3683405,2.0986977,4.9234505,3.086569,2.5040286,3.8302526,3.0128894,4.6720586,2.7800333,1.7094033,2.6632748,2.234538,4.0573797,3.339017,5.0193586,1.5048475,2.3312156,1.98937,2.7627444,2.6156592,2.6867251,4.9978228,4.245124,3.162182,1.7805042,3.7440424,2.6946297,0.8130824,1.0012454,2.06037,2.3274872,2.6419876,2.9206471,3.636404,4.003759,3.5476897,2.4079769,1.2795625,2.228332,1.5753913,3.3966892,3.5179255,3.4189382,3.6789122,4.086817,3.0277936,3.0560858,0.8241234,3.1300893,2.3523328,4.363282,2.7924411,2.1667588,3.8065426,2.618447,2.6351447,4.649854,3.554321,2.5564318,2.7022285,2.1814272,4.1804743,2.7343838,1.8383118,2.1488328,2.1251848,2.7987037,3.5408876,3.6525116,2.758046,2.7819123,4.146335,3.8681662,1.5625811,2.434978,3.3512962,3.4643435,3.388943,4.1164527,2.9158382,2.5887837,2.3826258,3.187456,2.0848672,4.6062818,4.1164527,3.4688904,9.784252,3.0731535,2.9270282,2.313076,2.3898072,2.0917468,2.3972282,3.3807402,2.1466057,1.4131633,2.0604568,1.074306,2.5911314,2.6791744,1.9951105,4.2442746,4.0389333,3.8766885,2.4404943,4.0686736,3.203621,3.0322073,2.019211,2.6436605,2.7347612,2.7366571,2.769409,3.6807837,3.8518498,3.821423,2.798548,3.0292768,2.9263968,2.02387,3.4289415,3.4582896,2.9166873,2.0220551,2.8668153,2.6669977,1.5485332,2.0940099,2.032337,3.556252,3.4328427,1.9641746,3.7154174,4.939476,3.619372,4.427496,3.110524,2.436429,2.5577452,2.073586,2.9306538,2.9628026,2.6566527,2.716424,3.2052603,2.688161,2.7132215,2.4760036,2.721348,2.6427543,4.0508676,2.593835,3.6706815,3.2115667,2.6327875,2.9815733,3.9125676,3.0636327,0.74500084,1.8790243,2.1390712,2.6958022,2.986763,2.483894,0.8675709,2.1464067,2.8667538,2.4543974,2.0721793,4.274174,3.8256433,2.9609573,2.3469222,3.998743,4.6052055,2.8215315,2.314547,2.0853312,2.4532254,1.6283467,3.4029734,3.7984369,1.0232152,1.3795432,4.3742976,2.001098,4.6477036,2.0649292,2.1288862,1.8010973,2.4846053,4.070875,0.9594176,2.7186,2.927512,1.9330927,2.3474622,2.7363245,4.893589,3.198381,3.6293836,3.0667064,4.0870295,3.4792173,3.230965,2.714578,3.254086,2.297332,1.6105427,4.1673284,4.9936595,4.2263417,4.610252,2.8351598,3.2852612,2.7887957,3.2164354,4.4127755,0.86152637,4.255508,1.435415,3.8440597,4.014484,3.6060822,2.3206677,2.294297,2.57661,0.8077521,3.9739304,3.3704934,3.661367,4.296491,2.5163295,2.6822639,0.68807787,3.2564456,1.9716892,2.2734911,3.569732,1.8730518,2.235053,2.582066,3.85466,3.7263033,3.2038221,2.9833658,2.814515,1.654427,4.1579714,2.5123746,3.5469375,2.4012322,1.6789644,5.256107,2.546232,1.9926574,2.123903,3.0406651,1.9271432,2.8798418,3.3492742,3.1385837,1.39085,2.03151,4.1943502,3.97475,2.1716537
3.9038215,5.0003867,4.313178,5.3042846,4.031277,4.187622,4.2324185,4.4008665,4.4175644,4.573591,4.1848516,4.245532,3.000061,4.186599,4.5575576,3.4621108,4.4849024,3.3538427,3.971377,2.799144,4.5007377,4.58042,4.1408396,1.7262934,3.152696,4.385479,2.6485858,3.1060703,4.025977,3.1600761,4.604274,4.299291,3.7212641,2.9821644,3.697797,3.896938,4.6132236,4.3908887,3.8049033,4.229843,4.2206793,3.876161,4.1924005,4.1495056,1.81581,4.886564,4.7635937,4.427877,4.209955,4.440266,4.195044,4.2780266,4.2992325,4.9776926,4.622758,4.566772,4.7305055,4.2139974,4.402344,3.1267912,3.859562,4.6028414,4.033913,3.9211266,3.9671857,1.6099498,4.2969985,4.840771,4.504476,4.6639576,5.348232,4.1677537,4.615571,3.7964525,3.1094303,3.7053757,3.9778872,4.526266,3.8381217,3.8048863,4.932668,4.4462314,4.0837913,4.6497955,4.347863,5.3027697,3.770696,3.3725803,2.921898,3.8521733,2.9388485,4.7942348,4.8403873,3.7461593,4.2206545,3.0068069,3.6493475,3.930023,3.1218257,2.308759,4.4544806,4.2813993,4.592605,3.5738268,4.2871647,4.1481485,4.5775485,3.6620998,5.463466,4.592605,4.7730765,8.096299,4.3397036,4.4798603,3.4300742,4.0468216,4.0030646,4.4665956,4.5190225,4.3710194,4.029277,3.9523988,4.5310354,3.8798938,3.7599854,4.1571317,2.1373417,1.9527272,4.2834697,4.446292,4.0917354,4.5376964,4.714221,4.228036,4.1605816,3.646845,4.323302,3.8139877,4.4997983,4.2282977,2.796019,3.9224122,2.3371978,4.610101,4.2896094,2.1477435,4.1426435,4.679515,3.5892005,4.4688845,3.9683723,5.210623,4.3978286,3.9428153,4.8054705,4.1565547,3.7903812,3.8095212,4.721238,4.3406944,3.4153528,2.0534415,3.9781344,1.9082453,2.4577568,3.7340653,5.0529246,3.1020963,4.957481,3.642068,3.7771664,2.7386205,4.073665,4.1392317,4.4807725,2.6202652,3.8652058,4.699894,2.458176,4.1521997,4.7204976,4.8732204,4.705663,4.3045588,3.9792628,3.7581525,3.804218,4.7179646,4.563357,3.9197633,4.4881325,3.8202424,4.1076446,3.897862,5.9908924,2.9911408,4.668105,2.3271463,3.5228882,4.3842144,3.6934764,4.3991942,2.431886,3.7924793,3.3021634,4.1422706,2.296326,3.8082733,3.3949082,4.648773,4.336787,3.8053753,4.3592353,4.509431,4.294427,2.6048775,4.0248275,4.0373063,2.9714615,4.639893,3.7490923,4.1929235,4.439956,4.2501707,4.651522,3.1439526,2.7735162,4.481932,4.6842623,4.2698927,4.3858957,5.152812,3.8203468,5.3643055,2.5264997,2.5610447,3.200737,4.095206,2.4779088,4.3871284,5.319903,4.5445333,3.8799005,3.920265,1.4473672,3.8317075,4.582259,2.744928,5.1190877,3.3726878,3.550824,4.5050445,4.379835,5.1917176,5.2257257,3.7930193,4.6598835,3.2056983,4.149366,4.04593,2.5182128,5.3942904,4.5763364,4.1669707,3.9872208,4.438295,3.8753724,1.8989571,1.4647049,5.023558,4.249882,3.8133368,5.576004,5.298966,3.803189,2.3531747,2.096601,4.1316924,3.9192557,4.529559,4.413015,3.9157357,4.560767,4.3706913,3.591064,5.324503,4.6672435,3.1755874,5.8221145,1.7041997,4.894509,4.50119
2.1356473,4.1618123,2.6129873,3.1191916,3.5909948,3.802096,2.4598515,2.385799,3.3795962,2.3502767,2.393767,2.2711244,1.455214,2.228448,4.0314484,1.1762514,2.6640522,3.282455,4.087385,1.5166905,2.6916683,3.8436453,1.8646563,1.8526217,5.118592,1.9946055,3.8722398,1.9749111,1.9646225,3.1206868,2.6614408,4.1084437,2.0517552,1.9631805,1.9200667,2.154976,3.7966094,2.7233844,4.001911,1.8839293,1.9246742,0.759902,2.3793445,2.1546142,1.8495843,4.783968,4.0422235,2.73644,1.6573706,3.4879684,2.3376153,1.996194,1.5761555,2.1082532,2.1689806,3.6647892,2.7468922,3.0764942,4.4200807,3.653075,1.6697851,2.0922482,1.3932896,0.5324595,2.9081242,2.2235358,3.6521547,3.5230188,3.6440804,2.715283,4.4179077,1.6143928,2.7369955,1.7087668,3.669575,2.0295515,1.5992957,3.3986676,2.050845,2.047554,4.475314,3.0101347,2.1461997,3.7743251,1.7341766,3.9767056,2.076626,2.5145242,1.5996823,1.5957997,1.4706962,3.3649502,3.4738789,2.0676112,2.4609902,3.3346956,2.8339887,2.3441916,0.97958124,1.8651296,3.1214337,2.8721464,3.8578892,2.0552533,2.1582882,1.9419109,2.730953,1.5384852,4.4247932,3.8578892,3.2365384,9.253247,3.700542,2.6265745,1.5208791,1.7981577,1.52771,2.0316615,3.0945826,2.2263997,0.9429148,1.2385913,2.3102841,2.0557766,1.9967968,1.6279776,3.5492265,2.599383,3.5104377,2.2572613,4.3583536,2.7245674,2.7579386,1.8084716,2.2505867,1.9987106,2.4465442,2.031937,3.825451,3.3018148,3.5547862,2.1512809,1.5546477,2.6957924,1.689065,2.586716,2.7310889,2.7064404,1.431187,2.5711746,2.128776,3.1407309,1.9234618,1.5959699,3.3781846,2.6754482,1.5569597,3.8196764,5.1569977,3.8314884,4.3358293,2.701028,1.9087669,2.0764666,1.6796267,2.8121495,2.7541654,1.3976957,3.971118,3.4019494,2.0572972,1.2776853,2.0040524,2.232238,2.530037,3.5961797,2.045874,3.335182,2.7264283,2.2086189,2.7368903,3.7750926,2.7678704,1.8871828,2.4946504,1.3687449,2.0744758,3.4471872,2.1700366,1.2354114,2.1474156,1.9171795,1.9919558,1.4049616,4.074936,2.8862765,2.6803946,2.1109905,4.1384616,4.871332,2.110988,2.1731699,1.8190554,2.506041,1.4790769,4.074448,3.2361543,0.7636026,0.39446,4.05312,1.5316116,3.9119208,1.9659215,2.0256553,1.5484413,1.7448219,3.3509784,1.4256037,2.834265,2.6532633,1.1759138,2.0215173,2.4490774,4.0888443,2.9149804,3.5651054,2.8665283,4.457663,3.3059664,2.883567,2.3966665,2.9591787,1.4515096,2.5180886,3.620201,3.918495,3.6278594,3.763184,1.431338,3.4808378,4.193457,2.7439678,4.614598,0.8866226,3.3074212,0.37745243,3.5808868,3.4813201,3.4556878,1.458253,1.2993693,2.3743377,1.8267651,3.7511587,3.1248589,3.9834056,4.053785,3.0021195,2.2748246,1.4400138,2.3793528,3.5391333,2.1099539,3.7227,1.9559445,2.186302,1.8588767,2.888081,2.4615955,2.9656186,2.607185,3.3113956,2.7726948,3.9545486,2.6604536,3.2127464,1.8529489,1.7213397,4.3343406,2.16971,1.8054302,1.6082877,2.6440957,1.7659663,2.0800667,3.1026418,2.7817202,0.87864786,3.5086408,2.8737502,3.7828646,1.9764482
0.9538534,2.613391,1.7561522,3.6425893,3.0771322,2.9072878,0.6936672,0.40422562,1.7588083,0.7426863,0.67358893,0.5551637,2.1424146,0.57518417,4.1083074,1.6540706,2.5337927,2.6157596,3.382206,2.3306036,0.3925621,2.0926104,2.4924438,3.1749766,5.3111215,1.3047513,5.522305,2.031546,0.8278475,2.0757356,0.49572927,2.6181908,0.96672916,2.8764455,1.040597,1.4684176,1.9857308,0.9325178,3.5191755,1.9817103,0.9997515,2.7657669,0.6128273,0.82425666,3.007059,3.198668,2.3149357,0.5189686,1.7544047,1.8258423,0.62435967,2.8387823,2.052525,1.491906,1.492806,3.4705865,0.628776,1.2003775,3.4964437,3.2647412,1.4839648,2.5916545,1.5416056,2.3687618,2.007733,3.4837074,3.113327,2.417182,1.7150383,0.5541068,5.0243587,2.3489254,0.6756111,1.1562347,2.6185231,1.0203918,1.3880465,1.491875,0.82314944,0.8442059,2.8229048,1.3142056,0.6463652,3.643966,1.2789866,3.7484915,0.88975596,3.344866,2.1942816,1.1394001,2.1094174,2.4523149,2.5483217,0.92917794,0.67300946,2.4032762,1.7539172,2.4650679,2.982509,3.6720977,1.4846405,2.0167263,2.3346212,1.1815238,0.8644498,0.90820813,0.77299064,1.2199105,4.062807,2.3346212,1.3617086,10.858122,2.8575854,1.9216652,1.3332531,1.1283848,1.6135324,1.9573233,1.7586544,2.5894928,2.1086085,1.8631446,2.8347757,0.7961014,0.9811377,1.9243538,3.281755,3.8056808,1.7297966,0.6136762,3.55952,0.76898926,0.64397264,1.2379607,0.60992426,1.0139874,0.544843,1.4014679,2.0725775,1.5697515,3.0114937,0.86764294,3.0213814,0.547606,1.8523663,2.6296406,0.91265154,0.5732276,1.6520342,1.2111498,0.76074094,3.693664,1.1663886,1.1659236,2.2743845,0.9789752,1.2026405,2.6866376,4.1138787,2.5447962,3.5740266,3.0303867,0.76432985,3.2006326,2.706766,1.4743682,3.364463,1.9693291,4.107847,2.5346692,0.87881064,2.5072649,0.73208064,0.6431777,0.5387643,3.0150971,0.8335253,1.6245297,2.6058714,0.59462583,0.6009568,2.108831,0.67305046,2.494227,2.1599169,1.3991804,0.8560634,3.1174095,1.7360225,2.2076168,0.87842727,2.8453555,0.7629746,1.7092378,4.4608803,2.1373165,0.4713523,2.9073224,3.5333345,4.0108695,1.6506943,0.6463795,2.8704226,1.4600149,2.1580827,3.9184556,2.8962011,2.372212,2.674756,2.2579408,1.5863147,2.7069135,1.3080302,1.4070417,1.5792804,2.2989664,1.7831248,2.0436344,2.927876,0.41917816,1.5675068,0.6554231,0.38828883,3.901717,2.5127723,3.1725273,2.5471623,3.4671767,2.109654,1.128648,0.32652318,3.2814977,1.4219781,2.3563075,3.0785887,5.576439,2.4934227,2.6339896,3.470512,1.8411583,4.64725,0.7861142,3.975926,2.7810392,3.6803539,2.6712286,1.7236986,2.7426546,2.9741614,1.4456445,1.4592723,1.3742073,2.3366084,3.4127114,3.4372823,3.4414334,2.5400186,3.4270844,0.59430784,2.324456,2.7983987,4.0188317,1.5005573,2.450944,1.6285975,0.8613915,0.96464854,2.9625418,4.0258203,2.8253067,0.8208087,2.7990334,2.6292033,3.7042682,2.256209,3.224353,2.899241,1.7535938,3.3433852,2.2362545,1.6634331,1.1420035,0.5033406,1.4253076,1.0981331,3.7270002,0.73774606,2.4152565,3.3715775,4.323239,2.654448,1.5390974
3.0359654,4.44931,1.5745981,1.39698,1.9463226,2.5437133,3.0134845,2.8869314,3.6333265,2.5386596,2.8547902,2.943316,2.047248,2.880766,1.874961,2.800455,0.9120226,2.4756532,2.939234,3.2707152,3.2578323,4.203373,1.1039242,3.0273077,6.343192,2.5824723,5.249547,3.2343,2.834555,3.478739,3.245729,4.507343,2.9909647,1.174408,2.9310608,2.0299711,3.8770149,3.6022642,4.8425345,1.9579244,2.7841547,3.0923193,2.9189637,2.9223394,2.5779338,4.6179466,4.0364733,3.2884676,2.4500406,3.6201086,2.859572,1.284203,1.7380614,2.656182,2.9284544,1.4616003,3.1091602,3.652456,3.029705,2.558824,2.9565454,1.9780384,2.8181684,2.6441684,3.1448126,3.6436343,3.0963476,3.8387184,3.9872804,3.256356,2.1216712,1.5139202,3.375943,2.6056495,3.9177616,3.0304537,2.7346356,3.7968073,2.8015106,2.8094983,4.3645,3.7495146,2.755357,1.4870259,2.848877,4.6398516,2.9202766,0.9742916,2.0300574,2.528332,3.160906,3.7895222,3.8851662,2.9557858,2.8939836,3.8165195,4.014173,0.6993871,3.2400043,3.8515089,3.5405374,3.705364,3.981603,3.1413412,2.9699066,2.777483,3.4578168,2.388225,4.9430985,3.981603,3.5656915,10.110168,1.919517,3.3555357,2.5889292,2.8765607,2.753437,3.1383698,3.5369277,2.767468,2.4036362,2.8812854,1.3206997,2.780231,2.9263124,2.7437403,3.7366567,4.3306026,3.6949677,2.6187322,3.133541,3.4644148,3.2615306,2.5098925,2.8392704,2.9267924,2.88156,2.9289348,2.9966378,3.8352315,3.0865278,3.0518372,3.4355285,3.0899127,2.7963178,3.1035743,3.5995505,3.109019,2.2607687,3.1682935,2.8870199,1.3200921,2.6076233,2.469858,3.7619457,3.6445715,2.2863445,2.806869,4.093862,2.9752138,3.5632973,2.585267,2.714868,2.2176611,1.8272451,2.4581296,3.8990486,3.0257397,1.5578697,2.2742743,2.870724,3.2017984,2.7702703,2.964377,2.662788,3.323617,2.795043,3.7826726,2.8024998,2.851691,3.2040567,3.8425586,3.2979329,1.1813154,1.1239378,2.6892607,2.8812213,2.9135678,3.1490629,1.6073904,2.3659387,3.6615365,2.779461,2.7591612,5.1358323,3.6626256,3.1821084,1.8791385,3.0265398,3.6755612,2.8821924,2.5329592,1.7497561,2.0202997,1.5621368,2.3438423,3.2066894,2.0027444,2.204378,4.1609907,2.814371,4.2539015,2.5448096,2.6999934,2.5490136,2.3405318,4.0586314,1.5517904,2.0219984,3.1357284,2.5624807,2.5893657,2.8531644,5.1700897,3.6877375,2.958006,2.2862155,3.2033942,3.621519,3.2589986,2.8966498,4.128342,2.7469792,2.1126585,3.4917986,5.299555,3.7406843,4.413556,3.4130983,2.5836906,1.7729965,3.4713979,3.4269414,1.9362305,3.9916213,2.5441751,3.7190714,3.4277723,4.075354,2.5885565,2.7705896,2.993327,1.3932782,4.4406543,4.2110524,2.7157438,4.117678,1.5022634,2.8638937,1.3667097,3.044536,1.5274984,2.881853,2.9103289,1.7804284,2.3910205,2.946912,3.5855365,3.9262252,3.9004152,3.1017873,1.7687589,2.0914009,4.617725,2.3017836,2.9650047,2.1576304,2.2097719,4.946566,3.3179615,2.704491,2.563541,3.2791028,2.562199,3.0583305,4.307962,3.3830957,1.8085239,1.9069372,4.453264,4.0837336,2.8221085
1.0328099,2.3500423,2.571518,3.8378255,3.497609,3.29874,1.2545218,1.4170138,1.7982738,2.0116546,1.3447052,1.2289286,2.490935,1.263358,4.3286977,1.2572877,3.0218692,2.9434607,3.5908177,2.133914,1.4872681,2.1878462,2.5213366,2.9210432,4.724579,1.0715126,4.4034996,2.4325526,1.0748227,2.8064234,1.3402743,2.597178,1.3085463,2.9201121,1.190769,2.4966342,2.2532737,1.170059,4.312801,1.6923392,0.9102058,1.8177146,1.317572,0.9990463,2.8103065,3.3049412,2.464138,1.498581,1.1337497,1.9676918,1.3110185,2.6552424,1.9640684,2.2402284,0.87554675,3.8849707,1.4613212,1.6812569,3.9093828,3.6190586,0.6266604,2.1618538,1.8920277,1.7718605,3.2302232,3.1359246,2.7610073,1.78286,2.1026714,1.3549361,5.1972823,2.182598,1.2602178,1.8522371,3.1397138,1.2465328,0.7918771,1.788286,1.3353295,1.3614472,2.910001,1.2680027,1.3258922,4.0571895,0.82870895,2.468665,1.3353769,3.3692408,2.5883274,1.1660299,1.9671936,1.6360923,1.7362821,1.3134723,1.3695959,2.9308004,1.9161472,2.9564784,2.0183506,2.9678655,1.4609522,1.0522382,2.2511337,1.3246078,0.9006856,0.9834604,1.1791514,1.392809,2.888068,2.2511337,1.5540614,9.452687,3.671409,0.90468955,1.4699223,0.77529263,0.76979005,0.696844,1.3570439,1.5708004,1.5097734,0.903685,2.7388813,1.3185413,1.1669893,0.91397476,3.384435,3.1510465,2.1043346,1.8610365,3.8605154,1.1893346,1.3507447,1.0771809,1.290332,1.3792385,1.3962326,2.2799883,3.0718691,1.7881544,3.2908866,1.1201847,2.509624,1.4502105,0.8717045,2.92936,1.6492534,1.4350002,2.1817775,0.95360196,1.2135694,3.8652613,1.0805691,1.1659404,1.6115041,1.4255258,1.4227494,3.413692,4.335803,2.9661899,3.8769195,2.9722898,1.3483714,3.0906427,2.7119784,2.3831027,1.9010173,1.974746,4.448328,3.2040653,1.3375689,1.8772236,1.1953902,1.1866256,1.9618812,3.5560687,1.2680235,1.5460812,2.5556252,1.2785186,1.3882549,2.1064503,1.3245564,2.5428755,2.780451,1.0233454,1.3252946,2.6178505,0.64803714,2.0742757,1.8814306,1.3093858,1.132988,0.8205673,2.9566383,2.630817,1.4089289,2.8743954,3.8492153,4.263355,2.5431216,1.6479104,2.8409967,2.2772222,2.530819,4.075713,3.218179,2.0025659,2.3041592,2.496208,0.9072223,3.7382782,1.0938216,1.0086002,1.0851631,2.6173627,1.953516,2.0654411,2.923923,1.4395894,1.1395942,1.5569481,1.8681473,2.712416,1.2734237,3.1563544,3.1459215,3.8077233,1.593894,1.4644119,1.4946789,1.7732854,1.8453865,2.9777954,3.5991526,4.4951625,3.057536,3.676098,2.6827848,3.0166066,4.959173,1.1966285,4.227375,2.5878348,3.3907773,2.1246727,2.036452,3.1734145,1.8119583,1.7044138,1.4075917,0.8825702,2.3613539,2.1563156,1.9467927,3.6750426,2.4615924,3.5267239,1.3132453,2.3473577,3.2785943,4.2006907,0.8758226,2.9169316,2.494191,1.9876055,1.0715636,3.0389543,3.4170434,1.4469546,1.3006858,3.2989721,3.2000124,2.430653,2.046122,3.123689,2.7858822,1.3442636,4.2143764,0.83553714,0.95139134,1.0990828,1.3134459,1.0623865,1.4146564,2.2127352,1.2646145,2.2884738,3.7860584,3.5466993,2.0299475,0.86624026
1.754522,3.838123,1.5365673,2.5193303,2.8140407,3.0622025,1.8904026,1.6919594,2.9309154,1.3672452,1.759285,1.6876506,0.8800615,1.6259732,3.3906589,1.2514788,1.7331891,2.6448045,3.4834983,1.7911237,2.0590212,3.4302735,1.2714269,2.17684,5.489721,1.5692874,4.741074,1.7497829,1.4917899,2.5674188,2.0686364,3.7828438,1.6219833,1.5441905,1.5473483,1.0175992,3.2674296,2.3416486,3.6626592,1.476248,1.5149053,1.7950349,1.763756,1.6904612,1.9733554,4.3106756,3.538598,2.1204226,1.4847779,2.992762,1.7105632,1.6426373,1.0675006,1.319825,1.9132956,2.860358,2.0824172,2.5913935,3.6884968,3.0367544,1.6458157,1.8594595,1.0173718,1.240511,2.0581095,2.6765695,3.308839,3.2923548,3.1407256,2.1178064,3.8874466,1.2019067,2.2108154,0.99728715,3.206238,1.6517075,1.4384946,2.913075,1.4944401,1.4946446,3.9926274,2.6640794,1.5085961,2.978948,1.5040964,4.177625,1.5839767,2.088025,1.0022168,1.1451226,1.6404697,3.2125201,3.3269894,1.6081536,1.8227102,2.9158106,2.6458924,1.399785,2.0342953,2.736582,2.6990047,2.8033652,3.4495819,1.7514892,1.7307483,1.4870667,2.2633681,0.99542016,4.57396,3.4495819,2.7324004,10.134492,2.7036896,2.5209935,1.1265614,1.5296487,1.5130656,2.113724,2.773934,2.3128679,1.165103,1.5140412,1.838908,1.4858502,1.5905546,1.7092205,3.311604,3.2501223,2.9750223,1.343461,3.713113,2.259791,2.1653557,1.3685951,1.6312295,1.5528544,1.7728587,1.3704222,2.8914454,2.881521,3.0604749,1.7320555,2.19771,2.0297904,1.7256764,2.3032131,2.257754,2.0485115,0.6191336,2.1884296,1.603833,2.5550003,1.460627,1.125618,3.1529958,2.2919765,0.9281713,2.992845,4.5636115,3.1108265,3.7910318,2.4762664,1.3016899,2.0404198,1.4473854,1.9325225,3.221083,1.4392431,3.2472677,2.558376,1.544678,1.8572497,1.4426425,1.6926944,1.5861604,3.0523763,1.5077671,2.9362319,2.4454234,1.5993106,2.115927,3.3047397,2.1946304,1.2837662,1.4843303,1.2229884,1.559067,3.1578085,2.1100495,0.82720625,1.1823769,2.5963478,1.4576219,1.4879798,4.565739,2.5334837,2.0432796,1.8601385,3.532735,4.2626166,1.420885,1.320753,1.6044152,1.5543021,0.6221667,3.4830887,2.829318,0.9276745,1.0780656,3.5540495,1.4807518,3.2916179,1.5308368,1.6815505,1.3468919,1.3476362,3.0111601,0.7869174,2.4003456,1.9940194,1.1008117,1.2381257,1.5902177,4.4145865,2.9781933,3.1594596,2.1617167,3.765513,3.0169988,2.3545265,1.676166,3.3708363,0.98701334,1.6575348,3.1252794,4.781448,3.1048179,3.2090926,2.3881373,2.4398012,3.545683,2.278353,4.036304,1.0479466,3.4240296,1.2917242,3.0385592,2.9965277,3.510285,1.0357422,1.1336093,2.046256,1.2299976,3.906479,3.5278306,3.371679,3.6446834,2.5102353,1.6533574,0.8602773,2.071644,2.9471495,1.8609602,2.993939,0.7416563,1.180261,1.4997008,2.7856307,3.1229882,3.1613426,2.0536594,2.491401,1.9431764,4.1467104,2.2276678,2.963381,1.7879016,1.3985049,3.8799179,2.3617804,1.6541212,1.1897451,2.0737,1.4361768,1.6885047,3.6302094,2.2551563,0.79197264,2.7229772,3.605192,3.5690842,1.7666113
1.5466679,3.7080615,1.7995747,2.79664,3.1390371,3.301736,1.7271607,1.5216643,2.8331494,1.3028674,1.6274071,1.4880503,1.1590502,1.4406617,3.7632432,0.9698713,2.0698051,2.8805246,3.7203963,1.657884,1.8719202,3.3138545,1.5286245,2.2823875,5.419229,1.3701001,4.7094765,1.6922735,1.2640254,2.6355145,1.8567467,3.6960614,1.4429313,1.9322066,1.3487431,1.263313,3.2014968,2.093812,3.6827192,1.4729595,1.2544972,1.4933469,1.6107403,1.4739228,2.1576958,4.3039703,3.482541,1.9473925,1.288498,2.921605,1.5605121,1.8439,1.0963707,1.1197337,1.6509545,3.2301958,1.9104542,2.4484324,3.947,3.3481076,1.3565644,1.8725845,0.665159,0.9343008,2.1778696,2.7076995,3.3942277,3.1502948,3.0316591,1.9102231,4.280049,1.3253587,1.9865801,0.87164325,3.2779527,1.4576262,1.1564083,2.7784102,1.3440632,1.3486469,3.9581056,2.4503214,1.3525702,3.359443,1.1574156,3.9853613,1.4215195,2.4805784,1.303858,0.9296808,1.4899966,3.0520978,3.1690092,1.4376429,1.6938273,2.9581695,2.4546456,1.8226998,1.8391825,2.65019,2.554246,2.5929253,3.3757498,1.5626663,1.4810476,1.2446485,2.023438,0.86727965,4.4090037,3.3757498,2.5768147,10.108594,3.0582538,2.3063982,0.9920543,1.2415187,1.2238605,1.8208538,2.61752,2.1922524,0.90079474,1.1607764,2.0356166,1.3340561,1.4008087,1.4555736,3.4515307,3.1713417,2.9150054,1.2371508,3.9627035,2.0220869,1.9610959,1.1568907,1.4677689,1.3929409,1.6302034,1.2952737,3.0511997,2.7488675,3.2777221,1.5233043,2.1160667,1.8644586,1.4469419,2.4509578,2.0613537,1.8719652,0.7021329,1.9843836,1.4241718,2.8483152,1.225017,0.90851325,2.9952774,2.0616086,0.8108633,3.2464116,4.754511,3.260561,4.015504,2.708904,1.1074822,2.3238347,1.7586964,2.0898209,2.9605489,1.2875683,3.637169,2.8516958,1.3888148,1.6991773,1.2374005,1.4929336,1.5390613,3.2769775,1.3494982,2.767405,2.5954611,1.4220752,1.9192019,3.2125876,1.9853683,1.5141759,1.8509598,0.92496705,1.39965,3.2061865,1.8192354,0.9509766,1.1124783,2.3191638,1.2381549,1.194581,4.2979364,2.528161,1.8443526,2.1705346,3.8089278,4.496307,1.4340575,1.1998078,1.9315296,1.7571818,1.0661755,3.8127072,3.0227811,0.8852688,1.0878664,3.4892218,1.1123631,3.3563447,1.3379527,1.4471439,1.0593426,1.5705873,2.8707557,0.93501717,2.675967,1.8033832,0.7991992,1.0865475,1.474206,4.229907,2.7635512,3.3577282,2.4791396,3.9900327,2.879465,2.2363706,1.513198,3.0851977,0.7258249,1.7248107,3.3307936,4.7564864,3.1927938,3.2021863,2.314586,2.6450293,3.947741,2.0434074,4.3035345,1.1326021,3.5090122,1.103704,2.9569914,3.1527908,3.3054233,0.92727333,0.855001,1.8313774,1.3936002,3.702578,3.2592456,3.646245,3.5833988,2.8890712,1.4930943,1.0882972,2.2493024,3.2571294,1.6005883,3.1523898,1.0574509,1.1390307,1.2421997,2.875514,3.1452224,2.8997073,1.9051952,2.8291614,2.0401642,3.9526951,2.324747,3.1645303,2.0449858,1.2960399,3.902431,2.0735586,1.3908322,0.95220935,1.8549008,1.1845652,1.5265508,3.3552873,2.034499,1.0102749,2.933896,3.5719185,3.4348412,1.4976449
0.8621926,2.4861398,1.6130278,3.0342462,2.7996678,2.6885936,0.7834095,0.7275808,1.7019043,1.1471123,0.7500751,0.6899958,2.0582662,0.70083266,3.6258228,1.2779567,2.111093,2.464268,3.1291094,2.2791696,1.0399574,2.2433465,1.7972702,2.958336,5.2973065,0.23456502,4.9429393,2.3289847,0.6389243,2.5886571,0.871342,2.7619157,1.1041126,2.3998315,1.012625,1.727394,2.1008565,1.1874652,4.2109084,1.0373254,0.30417904,2.0559313,0.7719224,0.5546578,2.7203805,3.246944,2.3418312,1.1028293,0.71310973,1.8074917,0.71413517,2.028986,1.2631401,1.515077,0.48319566,3.0769672,0.8117775,1.5942205,3.3421657,3.1418,0.8135673,1.6208812,1.5740905,1.7122875,2.7075982,3.331276,2.5098538,1.8917307,2.0338223,0.8688891,4.461714,1.5414249,0.9327617,1.3749018,3.0340946,1.105965,0.59542465,1.7025912,0.9181553,0.96362364,2.8269994,1.3800361,0.72012484,3.2473302,0.47350657,2.9427185,1.0404861,2.791857,2.1426826,0.6728671,2.068633,1.8207165,1.9379007,1.0655572,0.7865875,2.8534408,2.1583025,2.1217678,2.375662,3.3301482,1.3776829,1.4979807,2.2311018,1.2980031,0.43684536,0.4110065,0.9779165,0.89842963,3.3258944,2.2311018,1.3274422,10.037985,2.8334482,1.1309336,1.1884637,0.5450838,0.72664934,0.9681482,1.3757021,1.5264771,1.2908318,1.0790498,2.038779,0.8639921,0.94646597,0.9064264,3.3568475,3.600876,1.9427001,1.062608,3.3833535,1.0061178,0.8547887,0.2771128,0.70101804,1.1486447,0.73946625,1.883201,2.3938994,1.8109745,3.0043216,0.9132664,2.7714882,0.82974094,0.82727444,2.7866786,1.5532428,0.803796,1.677356,0.7012859,0.80599874,3.0729291,0.17228186,0.58023447,1.7282302,1.4510334,0.8047685,2.8297353,3.980592,2.435582,3.5658457,2.7731745,0.82063586,2.8636377,2.3643794,1.7328473,2.3499515,1.9687338,3.6430683,2.554303,1.0037637,2.1693337,0.6397868,0.7418039,1.1387628,3.2619162,0.84372306,1.5389743,2.407702,0.71075463,0.82954425,1.9711385,0.87235457,1.7994217,1.9063635,0.86167145,0.9860821,2.3114436,0.77677673,1.4937403,0.9735145,2.0379946,0.569467,0.86905533,3.5252998,2.585902,0.8443222,2.5347693,3.410909,3.8496995,2.1246634,0.7777447,2.4843454,1.4977161,1.9408451,3.4915257,3.0177667,1.6563631,2.1042876,2.4222307,0.72915226,3.4888577,0.24949804,0.3352805,0.6309377,2.2936115,2.1026032,1.3718107,2.503469,0.84238684,0.9432914,0.8241634,1.1701812,3.4391007,1.680158,2.8900032,2.642887,3.2909212,1.6185392,1.1800604,0.82481277,2.326751,1.5130107,2.1064334,3.3555462,5.0247526,2.888368,3.4726548,2.984524,2.2226887,4.155863,1.0150709,3.818457,2.1961052,3.5792108,2.0267649,1.844118,2.9681137,2.1696439,1.4161997,1.2747507,0.5224458,1.6109768,2.6233535,2.4769485,3.1797483,2.44718,2.9761605,0.7490554,1.680609,3.0361955,3.4057589,0.46725196,2.3879185,1.6887329,1.1201961,0.8694743,3.074541,3.7140708,1.9154822,0.9023113,2.5827103,2.312891,2.901938,1.6113448,2.9692822,2.558192,0.7592189,4.11125,1.2585005,0.6067247,0.604182,0.900242,0.41031966,1.2812152,2.7388692,0.92595804,1.9233253,2.8827305,3.9919996,2.1937513,0.48725295
2.904639,4.238236,1.818846,0.8859423,2.5647047,2.959183,2.8664026,2.7205274,3.5244904,2.4633236,2.7390497,2.772984,2.5003984,2.7349598,2.45866,2.6611438,1.1349102,3.02063,3.406077,3.4363365,3.124007,4.155816,0.7233917,3.4780374,6.6657887,2.092837,5.3290315,3.5530407,2.6524909,3.9980745,3.0183902,4.579866,2.9799445,1.8548086,2.8757994,2.4135313,3.853618,3.4098861,5.4479218,1.3768737,2.4393878,2.5934868,2.799912,2.695909,3.0911016,4.7123675,3.9914649,3.1851807,1.8613952,3.5542035,2.7289789,0.5467563,1.1109629,2.3012779,2.3090808,2.0594091,2.8457403,3.645269,3.5411468,3.3504546,2.6223738,0.99931884,2.7139487,2.1897612,3.6865776,4.0493975,3.0066652,3.4290018,3.988458,3.009495,2.5394442,0.8926654,3.1282496,2.6872287,4.4568424,3.0003092,2.36084,3.706559,2.7713935,2.7967255,4.3559794,3.5430424,2.6498601,2.1139736,2.3583097,3.9793255,2.9107065,1.7348361,2.5612967,2.336783,3.298628,3.3169377,3.4201915,2.943491,2.7793725,4.3224306,4.1147404,1.4072509,3.0192573,3.9772232,3.3451936,3.3495402,3.889761,3.1522582,2.661675,2.5000308,3.2040105,2.3252046,4.358015,3.889761,3.3087275,9.941499,2.671791,2.8406458,2.6213846,2.5633473,2.2975028,2.4657526,3.228544,2.0340545,1.8470387,2.4019237,0.45823193,2.7323477,2.8580945,2.138998,4.3635054,4.5631895,3.7499516,2.547068,3.666658,3.2290187,2.9889944,2.0935245,2.7088835,2.9490507,2.7398336,3.1457145,3.3895605,3.8189383,3.7475219,2.946079,3.608571,2.8780885,2.1566167,3.7308152,3.607974,2.8616958,2.4559107,2.8020303,2.790073,0.9120106,2.1458185,2.2227938,3.330397,3.5801692,2.1754982,3.4681883,4.499593,3.2320557,4.215942,3.2112188,2.6231263,2.8778777,2.410066,2.8617163,2.9835835,3.1624107,2.1048918,2.9686384,2.8586524,3.2245975,2.6094723,2.8175526,2.6576178,4.1144757,2.7336476,3.5316637,3.2678618,2.7194104,2.9347484,3.6431901,3.0242486,0.6170769,1.6617173,2.4396918,2.8603454,2.4936416,2.5080206,1.2364777,2.2200081,3.1590047,2.5828083,2.3256838,4.197849,4.0923753,2.9438326,2.535451,3.714675,4.181428,3.214407,2.378893,2.3772132,2.3704395,2.013034,2.9179068,3.9071782,1.6088334,2.079711,4.180842,2.2375505,4.8680835,2.064218,2.1239004,1.9759076,2.8921213,4.113776,1.1971364,2.5678148,2.915289,2.273973,2.4887407,2.8319168,4.924017,3.0842783,3.427885,3.126113,3.6192734,3.2548409,3.15445,2.7673647,3.2519922,2.7412558,1.6163077,4.2721195,5.4147544,4.275441,4.918836,3.448406,3.055127,2.256418,3.235702,4.0647044,1.6625932,4.508882,2.1436505,3.6607642,4.0641127,3.3993542,2.6937323,2.6971197,2.5088658,0.72458875,3.7846842,3.3325894,3.2862725,4.050188,2.3169868,2.749978,1.0353847,3.7156005,1.3067499,2.2668848,3.22641,2.0839932,2.3341825,2.8040435,4.150478,4.257556,3.115618,2.965984,2.4641528,1.5007815,3.9563024,2.247863,3.5289643,2.7282243,1.6907429,5.553112,2.6029532,2.065098,2.3269947,3.0635674,2.0121088,3.1023576,3.3720114,3.1142774,1.9353921,1.330202,4.6987896,3.7188876,2.2044263
2.07021,1.2934337,3.412816,4.8767843,3.5309167,3.0666997,2.170012,2.5546777,1.4491459,3.2903156,2.2838733,2.3791296,3.5302494,2.404495,4.4857883,2.6033602,3.9011974,2.7395008,3.0537949,3.0885694,2.434549,1.4908637,3.603774,3.4725587,3.811048,2.4082692,4.1427245,3.3983326,2.3456123,2.9951246,2.3654432,1.4960508,2.3212059,3.5923219,2.2837727,3.5896425,1.7211258,1.9688797,4.87567,2.7760808,2.3364902,3.2683737,2.2994928,2.1819272,3.2892694,2.0929632,1.7036535,2.335424,2.4991753,1.5662429,2.3271415,3.680832,3.2988293,3.8675842,2.277666,4.2306266,2.435704,1.9050561,3.453379,3.358783,2.0669153,3.2365446,3.4516947,3.3353906,4.1750903,3.570908,2.1749017,1.233286,1.7905827,2.3523986,5.7059135,3.3812025,2.1988413,3.1516588,2.837328,2.2672403,2.2829328,1.691004,2.3967915,2.408105,1.8635703,1.5743976,2.4533253,4.41241,2.4964738,1.7874755,2.3494937,3.9106712,3.5559723,2.5173545,2.982686,1.2180436,1.186498,2.3222198,2.264714,2.8851378,2.2857661,3.8224826,3.071795,3.641343,1.4949913,0.9279069,1.3691504,2.2472854,2.2011578,2.342792,2.09913,2.6337934,1.8728783,1.3691504,1.7991539,8.708039,3.9381108,1.474401,2.6275797,2.2383225,2.286691,2.0925412,1.3040587,2.3221061,3.0403113,2.502512,3.7060392,2.3974905,2.229336,2.3151474,2.9010239,3.3864791,1.7634279,3.1445096,3.2790046,2.0901642,2.3193035,2.4762216,2.377384,2.3858223,2.3965783,3.4936182,3.0950046,1.6096088,2.8503294,2.1730657,3.2704818,2.4041355,2.3603108,3.2139149,2.3921206,2.4257786,3.478948,1.8191141,2.2964113,4.8447366,2.5251374,2.5533252,1.2490824,2.1832943,2.7054825,3.2297792,3.3775356,2.6067657,3.1400678,2.901611,2.61414,3.5132976,3.3905113,2.8024595,2.5969474,3.1043253,4.9003024,3.2400556,2.3647404,2.775147,2.448656,2.3033206,3.052666,3.3682451,2.3418477,1.4744262,2.363628,2.4099789,2.3846412,1.599597,2.2756696,3.6969779,3.5535884,2.478334,2.3559325,2.4737859,2.0602398,3.368175,3.213406,2.079103,2.4210224,2.3180552,3.0246677,2.9157004,2.4498837,3.273806,3.3259408,3.467823,3.6926894,2.9267998,3.4451377,2.9258726,3.6207838,3.88969,3.0328014,3.396754,3.612352,1.7391573,2.6165626,4.040235,2.428583,2.4147446,2.6572187,3.4348543,1.6962112,3.3586173,2.906214,2.4906723,2.6175396,2.848414,3.0361078,1.192269,1.3830929,2.5547483,3.402176,3.2480896,1.285768,1.8165516,2.6269586,2.3304114,3.2849345,4.474306,3.4139433,4.2491717,2.7547934,4.2518287,3.458067,3.373153,5.5769515,2.0739946,3.526464,4.0089164,2.9653301,3.6104193,1.737608,2.8659403,1.5849749,2.8864355,2.76905,1.9801868,3.5823755,1.588942,2.352978,3.2517865,1.4444305,3.73034,2.3755612,3.6226892,4.0097566,5.0569963,2.292727,2.5946646,3.7006407,3.2884274,2.3551607,3.0369313,3.70499,1.8812125,2.038555,3.4533834,4.6345773,1.7626507,2.169175,2.6730614,3.2850857,2.55856,4.458213,2.0253315,2.4406474,2.4923325,2.3350122,2.563002,2.33183,2.7623396,2.173401,3.4396827,4.825782,3.6252565,1.1310172,2.3422186
1.9620594,3.0036724,3.27256,4.0489693,4.128523,3.9892826,2.2028122,2.3161256,2.6389434,2.7906096,2.2731268,2.1479032,3.0365624,2.1755667,4.7547274,1.7873158,3.5228753,3.6659732,4.2336063,2.5667691,2.4323459,3.013999,2.8422906,3.253745,5.0009255,1.729834,4.1742625,3.0571334,1.9522938,3.6625361,2.268895,3.3640702,2.1906726,3.3260226,2.0511122,3.2327614,3.1019826,2.1231186,5.0024834,2.0773354,1.7267225,1.5759425,2.252948,1.9179105,3.2004974,4.0365963,3.2548885,2.4574332,1.5310217,2.8097138,2.2352958,2.8440325,2.2818487,2.7461112,1.4532154,4.3951077,2.35368,2.6324959,4.5972743,4.294606,1.3591688,2.2867377,2.405337,1.794299,4.015556,3.4214067,3.2157757,2.2965941,3.0049114,2.2764862,5.4496193,2.442178,2.1986396,2.568529,3.9757547,2.1242027,1.4714811,2.6940224,2.22344,2.2467136,3.6469882,2.1809442,2.2197428,4.5496426,1.4660916,2.31477,2.2273238,3.7206056,3.1555994,1.9033142,2.4554846,2.0660703,2.1498318,2.20281,2.303847,3.7523067,2.7110906,3.488277,1.8972987,2.9805171,2.331429,1.6836833,2.99553,2.1758006,1.8035278,1.8300693,2.1240723,2.110467,2.818483,2.99553,2.4191039,8.939996,4.3976607,1.4548247,2.1837401,1.6004901,1.3001122,0.94863224,2.1143732,1.5876596,1.6452174,1.1758761,2.9696522,2.2079225,2.0535014,1.1855278,4.0494356,3.2993238,3.003926,2.6617584,4.531552,2.1400437,2.2624161,1.7526733,2.2049768,2.241953,2.3175044,2.9975564,3.9660206,2.6944315,4.0143566,2.046467,2.7197063,2.3668232,1.1660118,3.594564,2.5772629,2.337938,2.7744122,1.8248467,2.1276069,4.0800166,1.7622375,1.8749344,2.1449227,2.3522203,2.1225057,4.2382803,4.99766,3.7304997,4.5977206,3.5171244,2.1851687,3.4835343,3.154661,3.2622159,1.2565557,2.4914536,4.8489976,3.981701,2.2264862,2.146134,2.0657775,2.114995,2.8218095,4.3321276,2.1598217,2.3750732,3.1967542,2.1879895,2.2927275,2.8571224,2.2409928,2.8434458,3.4097695,1.6578442,2.2195299,2.910364,1.1295413,2.36608,2.6155713,0.9275846,1.9995866,1.2807878,2.2953079,3.419762,2.3206925,3.3355699,4.5307665,4.9194,3.246795,2.4476504,3.259148,3.0887365,3.0483315,4.5742035,3.9397643,2.1540651,2.4225552,3.3280149,1.3156114,4.5961466,1.7476788,1.602125,1.5199578,3.1987064,2.8279169,2.4352808,3.463529,2.3509116,1.6528124,2.3695836,2.7307963,2.7934327,1.4456027,3.7694705,3.8822892,4.488347,2.2165434,2.4011781,2.3943057,1.1708751,2.442906,3.3520403,4.367696,4.2872844,3.9124324,4.483625,2.6424024,3.901417,5.2698693,2.1471035,4.877651,2.6888926,3.8551967,2.095352,2.910517,3.9641635,1.8492491,2.3731406,2.0164778,1.6316772,2.66506,2.073102,1.3761394,4.3037014,3.185383,3.9829533,2.2339878,2.6520755,3.8706672,4.4230704,1.4450338,3.7035613,3.1467798,2.74144,1.9226801,3.656275,3.5329866,1.2371465,2.2552729,3.9644594,3.5390906,2.287173,2.6148973,3.6918962,3.2077434,1.7929549,5.0087886,0.8156979,1.3745656,1.8334293,2.2502916,1.609294,2.2786238,1.4810792,2.193963,2.606566,4.0992045,3.5885382,2.5228734,1.3952539
4.5230765,5.158753,3.0037916,2.14448,2.1700108,2.7855287,4.433467,4.409463,4.5949693,4.223221,4.296792,4.464124,3.8714383,4.41302,0.88395107,4.467493,2.2919278,3.143761,2.9460495,4.969416,4.729792,5.147238,2.66838,4.4788265,7.2572436,3.9863355,5.9596815,5.016104,4.395977,4.8750668,4.6865172,5.3698606,4.5665216,2.6047604,4.5062613,3.8383431,4.749978,5.0133495,6.5148625,3.256262,4.2962313,4.655648,4.386871,4.3992996,3.9475794,5.0779676,4.765244,4.7301965,3.8429275,4.5345554,4.333179,2.5532732,3.3162506,4.463665,4.2461853,1.3695005,4.4829197,4.944581,2.929043,2.9723225,4.4302998,3.068162,4.708139,4.332738,4.9154987,5.0691457,3.255729,4.552773,5.0609775,4.669446,0.71159625,3.0243163,4.7720942,4.4219995,5.059301,4.5980806,4.244697,4.908337,4.3735623,4.3874702,4.9132347,4.991754,4.306463,1.2081553,4.390512,5.0898438,4.4910703,1.921679,3.8260543,4.1458807,4.872706,4.5287423,4.586946,4.5246964,4.3158035,5.1285334,5.511223,2.4355063,4.7262225,5.3119736,4.624073,4.741926,4.71721,4.7064686,4.438815,4.308966,4.850377,4.047923,5.24754,4.71721,4.6609497,9.867531,2.496813,4.4060483,4.265768,4.4038916,4.223003,4.390312,4.5243015,3.683811,4.004374,4.4158435,2.4201882,4.3470016,4.473206,4.091382,4.654339,5.6788807,4.7119336,4.3103223,3.070299,4.863696,4.6410666,4.0032473,4.3511086,4.52025,4.340566,4.7825794,3.8453114,4.9962125,3.7793515,4.57256,4.9966855,4.488456,4.1615005,4.515424,5.1276503,4.5038238,4.1584487,4.4121504,4.4212556,1.9657453,4.095659,4.0774193,4.5488896,5.142642,3.9502587,3.4583592,3.858846,3.4367673,3.8477178,3.5100772,4.361616,3.4550872,3.3331811,3.7663505,4.750662,4.7943134,0.7447661,3.0517378,4.442576,4.7700214,4.347736,4.4830136,4.2529235,4.312119,4.3479276,4.8254147,3.787646,4.3876452,4.5948186,4.616517,4.6716824,2.750066,2.6239448,4.309174,4.4486957,3.091499,4.4151573,3.2936666,4.056504,4.858548,4.3456655,4.245631,5.680669,5.151431,4.6179996,3.092358,3.159148,3.4237564,4.746911,4.1624203,3.1541877,3.4341161,3.442326,1.7727485,4.2464375,3.6834636,3.9224687,4.987282,4.355382,5.734063,3.958722,4.078695,4.0684385,4.0381656,5.2757072,3.257694,2.6745212,4.586496,4.1996503,4.259308,4.5016365,5.861508,4.5510716,3.3330252,3.5003817,3.1179793,4.4439955,4.473913,4.4454956,4.989204,4.6104345,3.7553742,4.5299783,6.0318213,4.841756,6.066318,4.8401117,3.6789162,0.9065683,4.8611197,3.2648532,3.7052104,4.9617033,4.2322187,4.681872,4.4358253,4.7358603,4.340277,4.5050855,4.241225,2.9455795,4.9967294,4.987782,2.709702,4.7763042,1.943323,4.3761353,3.114434,4.722101,1.6469493,4.2117834,3.4643562,3.6614904,4.1118393,4.549027,4.8646064,5.1720285,4.764477,4.453043,2.3521981,3.5769613,5.080479,3.0999005,3.6030672,3.5049417,3.589036,6.4546995,4.4792266,4.089728,4.1669016,4.7299476,4.0380025,4.6351366,5.0926304,4.7500277,3.562823,2.5881994,5.6141157,4.7192287,4.185062
0.64554393,2.1508455,1.7992296,3.7885487,2.8361397,2.581343,0.34780475,0.50189745,1.2535218,1.1510355,0.39948708,0.47044858,2.1341724,0.48571703,3.9509387,1.5826277,2.5973194,2.2203171,2.9833555,2.2123148,0.2795117,1.5831832,2.5440075,2.9647284,4.8403883,1.2935991,5.172348,1.993372,0.7332861,1.7531707,0.45246378,2.068273,0.72600216,2.7516713,0.8232924,1.6256205,1.4977812,0.6004047,3.4849231,1.9485579,0.97471404,2.789911,0.35081992,0.6449536,2.7689393,2.6921902,1.8371404,0.1788608,1.7240336,1.3240857,0.41688067,2.8664122,2.1626825,1.9649116,1.4719342,3.3715456,0.6339037,0.67232585,3.1479123,2.8989382,1.3197176,2.6106899,1.7916828,2.4623168,2.1535301,3.2504768,2.7127068,2.0316112,1.2171698,0.508299,5.001878,2.4053957,0.50423706,1.306611,2.179811,0.7695442,1.3085115,1.0026727,0.632456,0.64904124,2.339949,0.87415355,0.5566619,3.5554316,1.3442951,3.4184651,0.6541362,3.2185678,2.1643538,1.1055157,2.000527,2.0899591,2.1761866,0.68339837,0.36521196,2.0180326,1.4189671,2.4858623,2.8720958,3.502359,1.016989,1.6033405,1.8316058,0.9035702,0.764721,0.86184263,0.5517573,1.1708429,3.68961,1.8316058,1.0085827,10.465705,2.7279053,1.6402389,1.2320997,1.0404068,1.5354459,1.8568566,1.3438623,2.4301903,2.1743894,1.8325233,2.8688865,0.6184665,0.73084986,1.8449341,2.815066,3.525572,1.1961336,1.0030392,3.162692,0.5195835,0.5823695,1.2435678,0.46702808,0.79328924,0.40382063,1.5766015,1.8101231,1.0281991,2.557869,0.58924776,2.8527324,0.4885254,1.8069046,2.3396294,0.6498734,0.570859,1.7895572,0.9477929,0.5425464,3.8127723,1.2261717,1.1630177,1.9055696,0.6695334,1.2035505,2.344795,3.6695626,2.160962,3.1057532,2.6495285,0.7908879,2.970435,2.5453475,1.2039764,3.2413652,1.9220546,4.063956,2.244216,0.655153,2.3298054,0.6936875,0.46515748,0.84246105,2.636359,0.6290159,1.2040327,2.1572342,0.49450213,0.5901419,1.6853386,0.57910967,2.5850384,2.145316,1.3496634,0.6300964,2.8370745,1.6448435,2.2782457,1.2174634,2.6272712,0.7292051,1.6245072,4.2811294,1.8327988,0.51835364,2.6649737,3.124585,3.5874329,1.801127,0.9243858,2.6941586,1.3100793,2.1939774,3.6400566,2.4878292,2.442356,2.7139034,1.7572545,1.6567248,2.565331,1.2989551,1.4169462,1.6400397,2.1914904,1.2614315,2.138531,2.58918,0.4983384,1.551652,0.8631065,0.78576344,3.4137588,2.2208188,2.7065651,2.2879684,3.0929894,1.7193696,0.61876637,0.4904777,3.130649,1.603272,2.7474532,2.7019253,5.2289014,2.043699,2.6177287,3.31473,1.7126976,4.6678233,0.52539885,3.553038,2.9186718,3.2373552,2.7632053,1.2451966,2.2989454,2.690385,1.4120238,1.4517318,1.2189188,2.4460225,3.0921485,3.2687201,3.0671873,2.0353706,3.2008328,0.42646,2.431216,2.716686,4.108529,1.4796581,2.055848,1.8271,1.2135651,0.8549501,2.5943034,3.7630742,2.6310556,0.37141022,2.5732691,2.9950147,3.3760397,1.9210949,2.7688942,2.6730616,1.7057418,3.2019706,2.1056557,1.6610285,1.1168314,0.4185862,1.4740064,0.8313046,3.5967095,0.56847024,2.407562,3.57401,4.0171194,2.2344809,1.5277092
5.0396156,5.6839385,3.641902,2.4855633,2.8272314,3.4198568,4.99354,4.980876,5.155258,4.813536,4.8622484,5.0151844,4.312223,4.9641395,1.5431285,4.8825264,2.8849049,3.7183838,3.5011075,5.3520784,5.314466,5.7149134,3.086863,4.7674794,7.538902,4.4717913,5.939984,5.481217,4.9132943,5.441725,5.2597556,5.9109793,5.0877385,2.9864109,5.0116897,4.4150424,5.3412447,5.5588775,7.0289884,3.6930277,4.7940874,4.8970776,4.949662,4.924491,4.259186,5.6393576,5.3456187,5.315737,4.258018,5.1078677,4.894122,2.8902676,3.7339091,4.9745154,4.7059283,2.0953674,5.0674224,5.521935,3.54626,3.5135005,4.8641148,3.4137886,5.1656027,4.6370034,5.4992094,5.34105,3.6961486,5.021673,5.653984,5.2448497,0.76496226,3.408642,5.3381367,4.937478,5.6140513,5.1112895,4.6898947,5.489447,4.9090466,4.9225,5.4816923,5.53367,4.856397,1.9481728,4.8473697,5.355943,5.021362,2.2862618,4.27541,4.6312594,5.275987,4.9686728,5.024086,5.050373,4.886044,5.6706796,6.026593,2.9947522,4.9498005,5.509665,5.1747584,5.190563,5.263739,5.210831,4.955894,4.817411,5.4068947,4.537473,5.5153575,5.263739,5.23275,9.501441,3.224032,4.8441133,4.7438455,4.8806877,4.6372433,4.7754292,5.0378156,3.9964607,4.347529,4.7872186,2.8059478,4.8840547,4.9866943,4.468838,5.0978684,5.9205985,5.3036904,4.8899508,3.638702,5.4205093,5.215988,4.486152,4.905692,5.0397034,4.9142804,5.3102136,4.5430255,5.5623226,4.2950463,5.0971365,5.2814107,5.073502,4.5497994,4.971768,5.693669,5.0864077,4.6367087,4.9312444,4.957507,2.304002,4.5873585,4.5609226,5.019598,5.691228,4.445184,4.111588,4.3854885,4.0661745,4.373318,3.9037395,4.891145,3.755611,3.7002919,4.3946886,4.9511514,5.2133923,1.4690226,3.6992118,4.9737444,5.096085,4.8779435,5.026976,4.863643,4.8434343,4.88023,5.3752613,4.2393827,4.9384985,5.172889,5.1790986,5.244198,3.1643226,3.236879,4.751062,4.9813833,3.482087,4.8380027,3.6757917,4.624843,5.11342,4.870762,4.6440806,5.816831,5.6742244,5.197462,3.4614866,3.7002237,3.9530602,5.272632,4.730055,3.5033748,4.050191,3.8942616,2.3035712,4.7356753,4.0028186,4.1971397,5.575116,4.770923,6.330333,4.4440084,4.548165,4.4952216,4.4770184,5.8281255,3.6832664,3.13594,5.168283,4.619567,4.8112383,5.095853,6.1591177,4.9237204,3.804566,4.049305,3.7168543,4.937145,5.0448976,5.0220222,5.227988,5.084293,4.239735,5.048888,6.0154276,5.411081,6.6487484,5.0210314,4.3821945,1.2771529,5.4186873,3.7729232,3.979503,5.2897124,4.4942546,5.2743144,4.9698386,5.0852733,4.8141465,4.952199,4.731113,3.3657713,5.3006024,5.2118897,3.2625067,5.321242,2.3857753,4.933259,3.5087512,5.1574216,1.974035,4.6680064,4.0954776,4.210914,4.688851,5.049535,5.2871494,5.3496823,5.0838566,5.0179343,3.005429,4.05178,5.352653,3.5924625,4.0095387,3.840631,4.024884,7.0195932,4.831119,4.5128407,4.6488376,5.299943,4.4942307,5.1524687,5.2607183,5.3164973,3.9088557,3.0647976,5.7739983,5.1832385,4.6293354
1.1862785,3.2124028,1.5802783,3.217527,3.0912318,3.0900824,1.1279583,0.7684465,2.317581,0.41006172,1.0336591,0.86747134,1.66909,0.8379038,3.9698157,1.3851839,2.2223096,2.7552865,3.5840826,2.0642378,1.0488496,2.7230892,2.0737584,2.880349,5.514535,1.2776477,5.392696,1.7687691,0.9006837,2.252827,1.0884777,3.19828,1.088123,2.5150154,1.1011795,1.03059,2.5953982,1.4773744,3.4438057,1.7758503,1.0199656,2.3623297,0.9919077,1.0519847,2.7316144,3.7811873,2.913377,1.1591066,1.5830698,2.3871813,0.95922285,2.447977,1.6278719,0.8843744,1.5527195,3.3267417,1.1548331,1.7966126,3.713705,3.325206,1.4658253,2.3235962,0.95388645,1.8777835,1.7665302,3.2444494,3.3488579,2.8585458,2.3619187,1.1459022,4.699808,1.9362243,1.2695059,0.6922662,2.910238,1.1426818,1.2862521,2.1308424,0.923617,0.9364477,3.4159012,1.8905665,0.80282766,3.4810326,1.1562456,4.0314794,1.0206488,3.0176039,1.7500461,0.94247663,1.8480291,2.841084,2.950614,1.0609491,1.0774865,2.6266098,2.0632915,2.0938256,2.655715,3.3693442,2.0353274,2.39459,2.8967042,1.3013536,1.0761101,0.947847,1.3483347,0.9564942,4.399509,2.8967042,1.9557619,10.808171,2.8428907,2.1884122,1.102548,1.1298403,1.4864085,1.9736339,2.2308738,2.537984,1.6902417,1.6357253,2.497612,0.9005852,1.0982106,1.7988114,3.4235966,3.663358,2.3149924,0.2822486,3.7801828,1.3471805,1.2181088,1.1252902,0.8804284,1.0789522,0.94934887,1.0168412,2.4284756,2.1630926,3.1730423,1.1034029,2.7361498,1.1013798,1.7339551,2.5434504,1.3770956,1.1111321,1.0741717,1.5851862,0.95847297,3.281483,1.0852247,0.94834787,2.705202,1.4475589,0.8986986,2.8966563,4.4652886,2.8800538,3.8230934,2.9722893,0.6700116,2.9068332,2.3547754,1.6333598,3.3438568,1.644652,3.8708808,2.625804,0.99238217,2.2674804,0.7888536,0.9342802,0.62727636,3.1187263,0.948869,2.2135983,2.6786377,0.83368725,1.1615616,2.679887,1.2530398,2.0539148,1.8999714,1.1790485,0.98606735,3.2591996,1.8194996,1.7217759,0.45816016,2.7917964,0.8200324,1.5486814,4.568885,2.2606695,1.051605,2.657062,3.696263,4.2839255,1.2539256,0.46959728,2.5318542,1.4415811,1.6392965,3.9154274,2.974216,1.8578422,2.1326733,2.8809834,1.3696219,2.8475263,1.2627035,1.384531,1.3376696,1.9458528,2.329651,1.5655395,2.8848984,0.9962778,1.2631009,0.42339772,0.4801371,4.248151,2.7592294,3.3431404,2.4634387,3.7316997,2.553386,1.6633625,0.70542884,3.348063,0.89524084,1.8186435,3.179577,5.4395757,2.8008246,2.694167,3.1327934,2.040523,4.307054,1.3691132,4.178057,2.163845,3.7231462,2.135141,2.3349316,2.937263,3.262961,1.113243,1.1394001,1.592123,1.9037099,3.7075748,3.5186074,3.5769293,3.1055825,3.2381954,0.8890354,1.805883,2.480612,3.6485262,1.5354948,2.773971,1.0759404,0.39465272,0.9819703,2.9673178,3.789833,2.9925575,1.3105545,2.778822,2.1428208,3.9904401,2.354192,3.2971635,2.611439,1.5730704,3.4688294,2.2703469,1.5552355,0.96111053,1.0968947,1.2692827,1.2119861,3.7298455,1.3271925,1.9098972,3.0533183,4.1627545,3.1280787,1.5155958
2.8279474,4.1763897,1.8025775,1.1690757,2.3135371,2.7554767,2.8438723,2.7483017,3.448038,2.5493295,2.713452,2.7684844,2.241942,2.7210572,2.2007809,2.516277,1.1324363,2.7216234,3.1309378,3.193748,3.1434386,4.0679016,0.57680535,3.0792248,6.2868195,2.136703,4.897217,3.3560524,2.6133385,3.7688694,3.0613737,4.421013,2.8771176,1.383486,2.770581,2.3370314,3.778937,3.3898973,5.2436333,1.3618561,2.4435606,2.4821496,2.7769783,2.6714544,2.6628213,4.5739746,3.9138036,3.1847723,1.8581582,3.473665,2.7098334,0.34813252,1.1720988,2.5039423,2.387012,1.8849868,2.916641,3.5705104,3.3198435,2.9844236,2.5380263,1.1044768,2.6921058,2.1165059,3.5840719,3.66326,2.8130808,3.3932097,3.914097,3.0613463,2.3879821,0.8413931,3.1619847,2.6156018,4.189537,2.894115,2.3099625,3.6564586,2.691698,2.7107687,4.257833,3.5055532,2.619142,1.9413104,2.3970182,3.9243577,2.81671,1.2310748,2.2862244,2.26966,3.0766895,3.2811682,3.3806927,2.8447328,2.756925,4.065542,3.9639056,1.2006305,2.768693,3.6364148,3.2998438,3.264618,3.7926462,3.0216815,2.6662836,2.4881194,3.2260206,2.216367,4.282358,3.7926462,3.3228104,9.565388,2.5161357,2.8163512,2.4714139,2.5274012,2.2454195,2.4806647,3.1873028,1.9771358,1.8051572,2.3389456,0.50794095,2.6608481,2.761551,2.1051142,3.9814363,4.198932,3.6475093,2.6037805,3.3967228,3.2431078,3.0482295,2.1080225,2.6880424,2.8346574,2.7437572,3.064897,3.302243,3.7235744,3.392347,2.8751955,3.29044,2.9253237,2.1599598,3.3885624,3.54852,2.9237437,2.3362353,2.8086405,2.7321646,1.1146765,2.2016754,2.1762528,3.3046625,3.5225337,2.094314,3.2368486,4.2675996,3.0832872,3.8838718,2.7719219,2.5815063,2.4037488,1.9884427,2.7102354,2.9978845,2.9662268,1.9639922,2.7194676,2.7665005,2.9548776,2.5821574,2.790488,2.70277,3.7720428,2.658279,3.5120237,2.8988967,2.699366,2.9999719,3.610871,3.078922,0.61882746,1.5111579,2.3513277,2.7728145,2.4012077,2.5487373,1.1228613,2.3047686,2.9977863,2.5626853,2.2492979,4.2230034,3.8562527,3.0029533,2.0719755,3.3807049,3.9154806,3.1061304,2.431896,1.9228615,2.2355628,1.7691178,2.6054416,3.5426745,1.47962,1.8523074,4.0867085,2.2754219,4.6824007,2.103727,2.1946142,2.0126488,2.585468,3.98299,1.1442411,2.1594558,2.9720645,2.1817462,2.495927,2.8678126,4.703425,3.0463066,3.073758,2.791798,3.411645,3.2183483,3.1017628,2.7915742,3.2730076,2.67701,1.978143,3.9274771,4.9772387,4.016772,4.778807,3.1070392,2.98254,2.1621208,3.249521,3.7412355,1.5443537,4.0861917,2.0302637,3.6034062,3.7452416,3.3951337,2.5379226,2.57665,2.5388563,0.8158062,3.7445333,3.3473473,2.978435,3.9443552,1.8602701,2.7252963,0.9512657,3.417801,1.4363528,2.3378863,3.0580425,2.0329478,2.3999276,2.736186,3.7875042,3.8371234,3.1378582,2.9344842,2.2011333,1.9288136,3.9048495,2.0383184,3.1110573,2.283351,1.6622597,5.348975,2.6063926,2.1113772,2.2734652,3.096814,2.0646746,2.9755285,3.3911538,3.1551952,1.6450781,1.7534603,4.2880216,3.662659,2.2645319
3.0220745,4.7416825,2.0854447,1.991121,2.5958457,3.13782,3.136187,3.0167634,3.8893175,2.689948,2.989276,3.0177953,1.6077346,2.9496346,2.6172457,2.4918385,1.6712254,2.8097622,3.4437556,2.7488306,3.3866317,4.427322,1.3345251,2.3892612,5.970123,2.7091906,4.6723385,2.8149416,2.8269835,3.3974698,3.3935227,4.6716943,2.91294,0.97577006,2.8367326,2.0502522,4.187459,3.6567435,4.4628224,2.1517556,2.8149748,2.6005242,3.029416,2.9761574,2.0402923,4.9849043,4.3854885,3.4179904,2.4758224,3.909076,2.974324,1.5002601,1.8096333,2.6639833,3.047249,2.3254669,3.3382797,3.7648318,3.641542,2.8648465,2.8430421,2.2047188,2.5023563,2.209099,2.9984276,2.991232,3.5259404,4.125698,4.2004595,3.4263957,2.7382479,1.5898265,3.5199995,2.425309,3.893482,2.9396098,2.6618693,4.0104327,2.7864468,2.7841353,4.743638,3.8663328,2.8155806,2.3579576,2.8171823,4.8026977,2.8728843,1.1582301,1.6113654,2.4588199,2.689497,4.0394783,4.141051,2.8953493,3.0430465,3.7024856,3.8497565,1.234348,2.6560376,3.1236436,3.7578354,3.7943568,4.2850504,3.0083354,3.0314994,2.8017082,3.57682,2.2850015,5.150174,4.2850504,3.8379712,9.743878,2.620212,3.4919672,2.3896236,2.830885,2.6601164,3.1428013,3.7626717,2.8692408,2.1558914,2.6605499,1.7421888,2.7797194,2.8686197,2.6903877,3.6101687,3.706975,3.9343417,2.7177446,3.6554458,3.574311,3.4527225,2.5732913,2.925037,2.8326125,3.034375,2.6914108,3.4893095,3.972333,3.2215464,3.030808,2.789638,3.2940876,2.7628937,2.785087,3.5842505,3.3193252,1.9541082,3.336297,2.9021325,1.9423112,2.6979296,2.4277048,4.029281,3.6226819,2.2276697,3.2298682,4.6246324,3.4996047,3.8550994,2.4487526,2.6840756,1.7343855,1.3751272,2.7015345,3.866248,2.5684357,2.4080153,2.7044654,2.8313377,2.6827328,2.7873714,3.0123365,2.8516088,3.3140302,2.7917666,4.017004,2.759239,2.917313,3.4028738,4.198396,3.4827015,1.416224,1.6506363,2.5153737,2.8490407,3.3759766,3.2072735,1.4678239,2.5062776,3.3839538,2.8001273,2.615029,5.162849,3.4530559,3.3574204,1.6095587,3.4167867,4.199133,2.610393,2.6609132,1.3251959,2.2977574,1.2209105,2.955791,3.118744,1.6383233,1.5805906,4.455882,2.725723,4.138327,2.6682024,2.818877,2.5207367,1.9047946,4.10862,1.5350295,2.2311547,3.3094757,2.3553798,2.6297162,2.9527555,5.1080117,3.8143444,3.208208,2.3120725,3.8009,3.8987405,3.4553413,3.0151026,4.124459,2.4514952,2.3489528,3.4269729,4.7036185,3.7743304,4.2138815,2.7065384,3.0496871,2.484779,3.5865927,3.8683684,1.3881838,3.6604033,2.0088704,4.014661,3.4356658,4.2744026,2.3185556,2.4832628,3.1548991,1.5968221,4.606103,4.2297573,3.208677,4.4379406,1.8054746,2.9470742,1.2940413,2.5442686,2.2254708,2.9901447,3.3964102,1.7851024,2.5102684,2.8556352,3.2562704,3.2415125,3.992765,3.2516634,2.3516216,2.4366982,4.7832227,2.623367,2.9761407,1.7046456,2.297939,4.726047,3.3123455,2.741322,2.503237,3.4076102,2.612336,2.9468095,4.2628365,3.547125,1.2772049,2.630515,3.8095515,4.372981,2.8958187
4.9047136,5.626095,3.2840388,1.6822871,2.96151,3.5133708,4.768669,4.6683054,5.0649886,4.3828006,4.631231,4.7594204,4.3514104,4.718019,1.876031,4.838964,2.4520082,3.9655657,3.8276534,5.4850154,5.0210586,5.6629286,2.8277898,5.184889,8.184275,4.1761436,6.7454953,5.5135474,4.711288,5.5530224,4.940641,6.0102825,4.978257,3.2501082,4.9076557,4.168617,5.2482038,5.3580384,7.118196,3.4466915,4.544388,4.8660164,4.716975,4.709749,4.6902046,5.7245264,5.2758813,5.05409,4.035956,5.0207434,4.654224,2.6565025,3.4011545,4.4199734,4.392649,1.9861289,4.702162,5.4007134,3.7517955,3.9583187,4.7614903,3.0875902,4.92296,4.5071397,5.328145,5.7932954,3.8718638,4.9205465,5.551725,4.9137363,0.8822891,3.1513674,5.042579,4.7421913,5.845947,5.012016,4.525526,5.344506,4.752869,4.775048,5.4746566,5.377326,4.627066,1.8416371,4.569881,5.3975515,4.8931117,2.6440945,4.341203,4.4563136,5.364966,4.8754635,4.9433026,4.9324265,4.6513643,5.8637295,6.0443707,2.8041124,5.136848,5.901563,5.028449,5.1539197,5.240969,5.155387,4.7076354,4.582716,5.1358304,4.4024243,5.61213,5.240969,4.98365,10.545284,3.1059217,4.7029066,4.6788263,4.6933937,4.486419,4.5790033,4.9050326,3.9039278,4.167961,4.6625643,2.4513245,4.715389,4.870171,4.3116446,5.594079,6.394768,5.241746,4.5082927,3.9728386,5.1606727,4.876532,4.219281,4.6674213,4.9421983,4.6379504,5.128675,4.375717,5.4955964,4.7142334,4.9491396,5.5780287,4.740101,4.3465905,5.2817054,5.531871,4.7339087,4.486457,4.6990075,4.778268,1.558081,4.2710457,4.358239,4.895752,5.5392385,4.2665105,4.2358856,4.7132077,4.0675592,4.8318973,4.4218345,4.6749105,4.255839,3.998758,4.3095655,4.850259,5.245831,1.2594105,3.8095005,4.839985,5.288332,4.6509376,4.8065042,4.4888015,5.2097316,4.7205467,5.1991487,4.6223464,4.6994624,4.820968,5.0302544,4.913927,2.8268585,3.0228062,4.624173,4.841535,3.4640033,4.59516,3.4820309,4.2073517,5.2248583,4.637617,4.5265684,5.762883,5.810305,4.850293,3.884851,4.1520796,4.3429866,5.1244307,4.365805,3.8599966,3.9050653,3.8549452,2.7827952,5.1381917,3.8780925,4.217227,5.530044,4.5075574,6.368031,4.151825,4.2315254,4.221997,4.6324,5.8287697,3.424614,3.5513136,4.8210144,4.4928517,4.5133314,4.7447186,6.4913096,4.84703,4.262848,4.294946,3.9070435,4.815089,4.882298,4.709658,5.1152163,4.8935394,3.4833572,5.425061,6.830513,5.619174,6.5992823,5.3829384,4.1487775,0.85026443,5.159696,4.2797723,3.8333087,5.894369,4.4091196,5.1410804,5.293437,4.985283,4.7511625,4.8606534,4.4724417,2.9933467,5.292684,5.11874,3.649893,5.3241906,2.900887,4.7000737,3.2563732,5.356663,1.1089319,4.3633304,4.1229024,3.9205952,4.286355,4.893987,5.6900654,5.925625,4.9394236,4.8117514,3.1096475,3.203144,5.3847814,3.646095,4.5683184,4.2492023,3.810378,7.118389,4.6711082,4.2429676,4.460863,4.9968343,4.19557,5.081997,5.1765165,5.0121274,3.9558713,2.009339,6.383593,5.131194,4.339903
1.1153238,2.7830896,1.715235,2.8585088,2.9310448,2.889683,1.1295632,1.034934,2.034096,1.2871759,1.0878392,0.99408495,2.0301437,0.9954831,3.6421125,1.2263048,2.0746894,2.666895,3.3253374,2.2691016,1.3691475,2.582131,1.6257191,2.928073,5.434694,0.29592937,4.863241,2.3908894,0.8606474,2.830714,1.2070487,3.08134,1.3150287,2.3362515,1.1960368,1.8075262,2.4480145,1.4931322,4.353093,0.8895635,0.51081795,1.7771018,1.1020141,0.85356724,2.7038789,3.568992,2.6751618,1.4418745,0.475393,2.1438677,1.042342,1.8221002,1.0167066,1.4148899,0.47470796,3.1124773,1.1580962,1.935283,3.553691,3.3107276,0.834945,1.3912897,1.4939433,1.4221119,2.8408496,3.3151186,2.6561077,2.1058183,2.3891194,1.2103974,4.3658385,1.3133763,1.2721788,1.4326181,3.303082,1.3090765,0.5605409,2.0562043,1.1495456,1.1896439,3.1495144,1.7010012,0.9923187,3.2717886,0.3547438,2.9778206,1.2661129,2.7212691,2.1334536,0.7304658,2.069282,1.9943795,2.1145427,1.2858117,1.1325824,3.097593,2.3836825,2.0923977,2.1918552,3.22576,1.7110343,1.6953226,2.5437212,1.4872491,0.7355777,0.63745517,1.3069782,0.9518897,3.3992336,2.5437212,1.6717632,9.930515,2.9884036,1.2594031,1.2534977,0.6611659,0.59229964,0.84860075,1.6572354,1.384497,0.977298,0.873216,1.8639189,1.1018596,1.158898,0.69729614,3.5496645,3.5877385,2.2931437,1.2205781,3.5938647,1.3343376,1.2007742,0.28156245,1.0070206,1.3440852,1.0792445,1.9618198,2.69873,2.1490753,3.2166028,1.1653444,2.7075584,1.1823621,0.5976305,2.9130104,1.8336897,1.1513554,1.6457547,1.0108086,1.0704292,2.9050593,0.22336194,0.6042439,1.9400765,1.7277201,0.8369123,3.0820096,4.2274523,2.7022142,3.8031888,2.8679705,0.9960892,2.8414252,2.3273969,1.992491,2.1655767,1.9611627,3.6141324,2.761231,1.228889,2.109934,0.8724456,1.035312,1.3735958,3.4747295,1.0828863,1.864452,2.5642142,1.000651,1.1736419,2.286026,1.218525,1.6075592,1.9521195,0.81878453,1.2171515,2.3664696,0.7376788,1.2610974,1.0656906,1.9133207,0.80395186,0.7223306,3.4078193,2.7911785,1.1797501,2.5375261,3.6109257,4.0726347,2.196296,0.95760536,2.4438004,1.6964904,1.8774351,3.5790715,3.206698,1.379632,1.8695598,2.7680073,0.45293564,3.7243984,0.29079682,0.27216431,0.29884076,2.3164585,2.417089,1.1678499,2.5913877,1.1749053,0.8134995,0.9920084,1.392112,3.5624788,1.7360361,3.0715215,2.7931695,3.5139754,1.8598025,1.5354517,1.1161588,2.196243,1.4880713,1.9449732,3.565696,4.948112,3.166718,3.6717672,2.8416624,2.4879282,4.068623,1.3457695,4.0214486,1.9196436,3.6955438,1.7344941,2.19652,3.2055583,2.2253397,1.4527198,1.259772,0.7375931,1.4031223,2.6715548,2.3566139,3.352683,2.757557,2.992826,1.0547942,1.4637861,3.085315,3.261337,0.42908987,2.658549,1.6948866,1.2257496,1.0301753,3.2131267,3.662193,1.8717165,1.2582004,2.7170866,2.1498203,2.9394386,1.735958,3.111828,2.5403621,0.59839106,4.328555,1.1403803,0.3594348,0.6524635,1.2315451,0.10202861,1.4823985,2.563754,1.2693955,1.7649056,2.7676995,3.953675,2.4172535,0.35597384
2.4373116,2.5451345,1.9534044,3.7651963,1.2621468,0.8420526,2.2761102,2.452844,1.9406359,2.6763155,2.2031465,2.467377,2.7581556,2.428149,2.5711284,2.9994311,2.4698293,0.60103625,1.0037078,3.343138,2.4853015,2.2094944,2.8495233,3.2705538,4.8691773,2.6727364,5.219902,3.1605165,2.5434816,2.1040094,2.561823,2.2704573,2.4522207,2.4467876,2.5009198,2.4396055,1.8579648,2.652666,4.2315583,2.644826,2.678504,4.0556183,2.2805402,2.474583,2.8162034,2.0876048,1.9201885,2.3933272,2.8868878,1.8067853,2.2839556,3.0977528,3.0068655,3.5504572,2.9406512,2.2290814,2.4672718,2.2051117,1.0889118,1.0172726,2.83583,3.163771,3.4237103,3.7400098,3.0264397,3.6650422,1.8706726,2.581458,2.1011312,2.5550475,4.018295,2.987388,2.5794783,2.8043866,1.9885669,2.4918778,2.8068767,2.157515,2.3491201,2.3478456,2.0464058,2.507454,2.3615792,2.3957777,3.0346973,3.892341,2.3879228,2.561957,2.6693017,2.6046488,3.208728,2.7273984,2.759481,2.4127061,2.1813474,2.249833,2.8773158,2.3206584,3.8821006,4.248862,2.1624463,2.6678917,1.9920759,2.534404,2.6088924,2.6013048,2.6258373,2.5043797,3.941168,1.9920759,2.2991612,10.084259,1.4111489,2.7579992,2.5715308,2.7412574,2.9419017,3.207178,2.314742,3.0878024,3.3808029,3.2771363,3.021967,2.3460982,2.435871,3.07027,2.0877879,4.1101036,1.74525,2.6547427,1.0395343,2.6104941,2.547284,2.6710808,2.3486955,2.43358,2.2877457,3.0263808,1.0137202,2.151465,1.0826277,2.4624567,3.6803102,2.4014695,3.1239786,2.409918,2.6184797,2.4666324,2.9275577,2.4716341,2.3832536,3.6913452,2.7534146,2.6323414,2.6033912,2.6783063,2.5156312,0.40229028,1.7308486,0.78168917,1.1276371,1.8666538,2.5484035,2.6671426,2.5284538,1.3030742,4.222096,3.1940758,3.0197864,0.6477231,2.3680646,3.3528163,2.5056717,2.4426148,2.391604,1.6782613,2.3461006,2.3648405,1.5680016,2.404779,2.5375597,2.1141381,2.554636,2.9865928,1.9509641,2.8537018,2.3696947,2.471896,3.0875642,3.0204673,2.6738455,3.7194715,2.5386832,2.9971423,5.123474,2.5390828,2.5513172,2.230306,0.9792472,1.48616,3.0411224,2.5495472,2.5097263,1.5308342,2.6874452,1.919347,1.743397,3.366794,3.569359,1.9604393,3.2321322,3.01726,2.6602168,2.8358932,3.0466893,2.6339533,2.3416805,2.896112,1.4705986,2.5289183,2.9470696,2.562382,2.5800989,3.7917447,3.106004,1.127817,1.5272249,1.1281359,2.3911092,2.0049918,2.4616075,4.1877127,3.167686,3.7359917,1.9066697,5.269189,1.7179861,3.5429647,4.0245214,1.3112203,3.7972765,2.5987732,1.380889,3.756527,2.8895838,3.8823624,1.892449,1.5415138,3.4090953,2.7132454,2.9600286,2.629118,3.008208,3.6851969,4.232441,1.0644468,2.0121603,2.0370927,2.3361318,3.0579543,3.140334,3.7706835,2.9314482,0.5925311,2.6350207,2.6571286,2.6621177,2.5995438,4.0465913,3.6587446,2.1829917,1.1617721,3.8282318,3.8660345,1.6531504,1.6144149,2.5466719,2.6757004,3.7401638,3.3633668,3.0197294,2.648038,2.5738008,2.8949234,2.4529166,4.582359,2.5726209,3.0345962,3.6832778,4.3383374,2.6290932,2.9683514
2.9881458,4.503652,1.4785883,1.0556889,2.5060587,2.9683115,2.8902435,2.6550088,3.6804602,2.1528468,2.734259,2.7676723,2.3008792,2.719315,2.5458195,2.8217247,0.8641268,3.01113,3.4988716,3.4662101,3.0477912,4.2672977,1.1178573,3.554719,6.887121,2.3663764,5.8780856,3.3536592,2.7090943,3.7454445,3.0034091,4.702071,2.9729412,1.9385271,2.9151447,1.9419683,3.9357748,3.470211,5.0021143,1.8696047,2.5988276,3.0619771,2.7872648,2.790199,3.1834333,4.841673,4.1215034,3.1193151,2.3103673,3.6836016,2.7207665,1.3443658,1.4831531,2.027598,2.6777205,1.9682145,2.835701,3.6387236,3.5197072,3.2733927,2.9157357,1.818703,2.5838032,2.5334475,3.1094134,4.141951,3.4527335,3.8560152,4.0098133,3.0051374,2.6195998,1.4210382,3.158512,2.4846554,4.287816,3.0183454,2.635843,3.772175,2.746468,2.7643738,4.5084414,3.6783736,2.6201346,2.0093868,2.603336,4.715187,2.8892958,1.9098017,2.3336895,2.4376602,3.3184555,3.8025467,3.9087925,2.9326956,2.772015,4.138286,4.0902233,1.081475,3.444086,4.234635,3.5147307,3.7436447,4.096111,3.1713269,2.791226,2.6136494,3.2604477,2.362857,5.0690384,4.096111,3.4399636,10.773213,2.2857544,3.3020878,2.632069,2.7509212,2.6630516,2.9921854,3.5205512,2.7883067,2.2674968,2.7903872,1.2738407,2.712063,2.901762,2.6513672,4.342882,4.7809143,3.779757,2.2891507,3.6966,3.2787468,3.0056715,2.317422,2.6949418,2.9265826,2.7059531,2.8197997,3.1123602,3.8781104,3.7042735,2.9880457,3.7740707,2.85081,2.6476498,3.579118,3.5135276,2.8457513,2.214877,3.032498,2.8005426,1.12789,2.3505075,2.3473153,3.7526104,3.5596502,2.2129552,3.23709,4.5864778,3.2521932,4.1865926,3.304051,2.5764306,2.9566734,2.4384506,2.620475,3.819977,3.1304169,2.047775,2.7452123,2.8367827,3.447585,2.6222107,2.8276107,2.3789768,3.8886774,2.735801,3.7191288,3.3714154,2.7003162,2.9358397,3.8463736,3.0508544,1.02938,1.3470355,2.6275082,2.8399763,3.109058,2.9616663,1.5547591,1.9864792,3.772483,2.6214848,2.700729,5.076893,3.912214,2.9135442,2.619971,3.6909716,4.239699,2.828043,2.231395,2.4419434,2.1416922,1.7944571,3.0504653,3.7895827,1.9721946,2.3335886,4.2573957,2.5733228,4.4226837,2.3335857,2.4495428,2.3191552,2.711461,4.150585,1.4149364,2.7371244,2.8677716,2.5008628,2.359833,2.5721078,5.4645004,3.6824257,3.5904381,2.8532689,3.6559458,3.6250489,3.2257032,2.6639524,4.0346446,2.5970342,1.1881024,4.0462813,5.9375086,4.105767,4.4584126,3.7900488,2.6420817,2.1684525,3.2881231,4.0917697,1.8786576,4.6324763,2.4931908,3.7349048,3.9265816,4.050665,2.6306865,2.7432263,2.8249521,1.1359907,4.4802265,4.139419,3.3478339,4.2576666,2.415186,2.7259176,1.2596877,3.403869,1.4836864,2.6398287,3.2117875,1.6163332,2.0347323,2.859706,4.0977225,4.492297,3.8066788,3.0072598,2.3266728,1.0990177,4.6862626,2.6020882,3.6716912,2.8152156,2.113376,5.1347523,3.2037592,2.4918208,2.4526398,3.0509157,2.3181264,3.0825257,4.228155,3.1600237,2.0631466,1.2262895,5.004674,4.142417,2.5905695
1.985675,3.7906618,1.2415447,2.305588,2.876834,3.0621336,1.8650503,1.5211358,2.9155867,0.88606304,1.7282319,1.6651037,1.8544295,1.6295711,3.465906,1.9743918,1.5344926,2.9229805,3.6293695,2.7052355,1.8914603,3.4302988,1.5073742,3.2486184,6.293765,1.5445493,5.7602787,2.4743402,1.6622497,2.9761386,1.860978,3.9335551,1.9500076,2.2888918,1.9185945,1.1535585,3.187294,2.3571863,4.1446886,1.5993402,1.5997196,2.549223,1.7429793,1.7683566,3.002826,4.3014355,3.450705,1.9978684,1.7027285,2.955024,1.6833302,1.8808947,1.2232116,0.70987374,1.852971,2.7933989,1.7582222,2.6343157,3.6912951,3.4036653,2.052224,1.9155298,1.495465,1.9727975,2.2414076,3.7306657,3.4336796,3.2670016,3.1047828,1.8781867,3.9349878,1.489549,2.041812,1.4137757,3.6167042,2.0015893,1.7741406,2.8514812,1.7278287,1.7483126,3.9219582,2.676971,1.5625167,2.9134772,1.6210628,4.3296065,1.8665332,2.6231532,1.9312241,1.5045775,2.512766,3.2294083,3.3440316,1.9124701,1.7684611,3.385963,3.0370336,1.5639491,2.9863534,3.8076322,2.6653662,2.9871948,3.4422894,2.1728308,1.7542133,1.5942066,2.1467433,1.486664,4.714226,3.4422894,2.5430474,10.993415,2.5708704,2.6102493,1.7514443,1.7727407,1.8839102,2.289661,2.765021,2.5532906,1.7230239,2.0232534,1.8755751,1.6910236,1.9063394,2.030736,3.9682584,4.262369,2.9792962,1.0336851,3.8313773,2.1634665,1.9037092,1.4509131,1.6357886,1.9231248,1.649396,1.7435404,2.6664102,2.9526794,3.5161798,1.9475383,3.2386281,1.766483,1.9708129,3.0819244,2.3609304,1.7536614,1.3890665,2.1373816,1.7628744,2.3965645,1.4185661,1.4282079,3.1257596,2.4189236,1.3352132,3.0762904,4.6149087,3.043958,4.103468,3.2301834,1.4864991,3.0118382,2.4109876,2.0145996,3.4649477,2.2907515,3.1841373,2.6915922,1.820911,2.8132555,1.5531238,1.7484396,1.225167,3.558253,1.7282984,2.8462799,3.0809286,1.6202925,1.8295907,3.1631138,1.9511482,1.4213343,1.5059891,1.7357469,1.8178391,3.1784177,2.1791255,1.3995138,0.7555949,3.2125468,1.5578203,1.9480075,4.7423916,3.070008,1.7731045,2.7079036,3.8033922,4.368994,1.8554249,1.0583011,2.531957,1.619395,1.5434089,3.650065,3.4435909,1.6992254,2.0930376,3.509608,1.6966742,3.5691447,1.5187132,1.6310097,1.5305111,2.2703779,3.1966639,1.1864886,2.9011822,1.7226571,1.6868596,1.2026683,1.3376758,4.881704,3.117995,3.5608,2.674875,3.7578993,2.9867654,2.3286576,1.5063717,3.5676246,1.5368136,0.83840704,3.6672664,5.8151093,3.466144,3.4672785,3.4599593,2.1834524,3.5013075,2.1788788,4.2635264,1.8270746,4.2784233,2.1141126,2.9387734,3.4760456,3.5606437,1.7457094,1.8016998,2.001567,1.3008425,4.0306606,3.719532,3.5693185,3.6384957,2.9870648,1.6628835,1.3066941,2.9007688,2.775455,1.8260636,2.9724874,0.90097773,0.79639393,1.8078061,3.5824404,4.2100973,3.2680018,2.02326,2.601856,1.1451042,4.2914085,2.443697,3.5916986,2.7614667,1.6042641,4.2467265,2.5690258,1.7601155,1.5124491,1.9029038,1.491343,2.0809102,3.8718276,2.062174,1.8657728,2.122124,4.659543,3.566332,1.7909958
1.1084528,3.3035562,1.7055992,3.1221037,3.1184776,3.1645927,1.236333,0.98804235,2.4172177,0.8564292,1.1499122,0.9668556,1.3642832,0.9256928,3.9193535,0.924032,2.2133665,2.750821,3.6059425,1.6763369,1.3030385,2.852639,1.8534564,2.4861681,5.283157,1.1560516,4.934469,1.555785,0.8069303,2.3033059,1.3105087,3.2736402,0.99631816,2.24128,0.940032,1.1175419,2.758808,1.5686766,3.4610252,1.5665469,0.8892073,1.8457514,1.1109128,1.0258645,2.3651252,3.9151714,3.0641425,1.3888763,1.2997663,2.507626,1.0703311,2.197875,1.3688707,0.9860551,1.4336988,3.3355289,1.4056102,1.9378972,3.804939,3.2964725,1.1546136,2.0959547,0.57811236,1.3655362,1.9270695,2.855199,3.2898393,2.8550153,2.536888,1.3735144,4.595844,1.6580143,1.4524304,0.5071059,2.9516578,1.0248483,0.97505635,2.2896972,0.8817128,0.889443,3.5589051,1.969265,0.85986125,3.4850419,0.91528106,3.8654056,0.9620282,2.7910998,1.4784205,0.646145,1.4665403,2.7932525,2.9070792,0.9855033,1.2123395,2.6371803,2.0263908,2.0149312,2.1337018,2.892528,2.1236613,2.2930825,2.9883618,1.1609709,1.0449342,0.83800095,1.4948314,0.64324546,4.2629,2.9883618,2.1165948,10.364999,2.981346,2.0700278,0.77306634,0.90722483,1.1424413,1.7229865,2.2543824,2.2689965,1.233383,1.2022555,2.317083,0.86873364,0.9767813,1.4691997,3.3078551,3.2612805,2.4639552,0.72780794,3.8301957,1.4902508,1.4394217,0.9441505,0.96956396,0.9668768,1.1273242,0.989839,2.699363,2.272031,3.1340532,1.0533427,2.2881927,1.3460864,1.4278749,2.37178,1.5114219,1.3576095,0.77834755,1.5994601,0.9453828,3.176555,0.96518385,0.6610005,2.696155,1.5271888,0.6062139,3.0271845,4.55121,3.007079,3.8435698,2.7537143,0.60075974,2.574216,2.0249772,1.778746,3.0373855,1.2647475,3.840918,2.7070353,0.93285483,1.8094411,0.75343174,0.9843965,1.042996,3.1079338,0.8969052,2.3226495,2.5121877,0.9124717,1.3982949,2.8116922,1.4634404,1.8454195,1.9030272,0.7706986,0.93679565,3.1716232,1.6373222,1.3683146,0.7337916,2.3807817,0.7679496,1.163225,4.3120704,2.2197852,1.3045496,2.3740246,3.7055082,4.3436337,1.2222741,0.7255301,2.2101212,1.5362198,1.3638775,3.8727915,2.8888586,1.4001037,1.6332022,3.0410879,1.0406388,2.9996622,1.1332837,1.2527374,1.0331209,1.6742609,2.4012594,1.2746723,2.7314177,1.2607015,0.80424803,0.5600842,0.9140311,4.043127,2.5982332,3.2656133,2.4183903,3.823353,2.5635624,1.7810043,0.96171474,3.080285,0.5328974,1.8698438,3.1571858,4.9822307,2.862178,2.8406317,2.627303,2.3284154,4.241363,1.513496,4.1961775,1.7355324,3.4736629,1.6249113,2.5037804,2.9263082,3.1392393,0.76774555,0.6993661,1.5356079,1.6967925,3.5564659,3.2573142,3.576885,3.2009604,3.075982,0.98805875,1.5107862,2.2864447,3.5638819,1.3989216,2.8960838,1.0699172,0.73889667,0.80264586,2.7751212,3.3569484,2.797347,1.4257876,2.8036225,2.1984487,3.8279822,2.249662,3.1335714,2.272738,1.3233249,3.569337,2.0070589,1.3135107,0.67014444,1.3035613,1.0548135,1.1068655,3.4254332,1.5110223,1.4727782,3.1001925,3.733823,3.1303084,1.3344527
2.4562082,4.1629906,1.8766469,2.847693,2.2759912,2.6827679,2.6084633,2.5630715,3.278133,2.3639688,2.4705176,2.5314775,0.91708714,2.45466,2.79964,2.0560248,1.9443324,2.0905287,2.9192696,2.0630777,2.844781,3.7154822,1.7765552,1.6377894,5.0458217,2.5324774,4.3234587,2.0061185,2.3568444,2.3418195,2.9205518,3.8558936,2.2675574,0.8085712,2.234629,1.5368451,3.5227184,3.0737357,3.5085897,2.2227774,2.4857836,2.669201,2.5019255,2.5170732,1.23988,4.2654696,3.747618,2.838836,2.425419,3.2850926,2.4676409,2.080686,2.0656466,2.6752374,2.906485,2.4581158,2.929231,3.0411918,3.1551878,2.1247766,2.473713,2.5853536,2.1993778,2.301197,2.2310681,2.233327,3.2192447,3.7502952,3.4683664,2.968963,3.4310708,1.9539255,3.031919,1.8979961,2.810987,2.3000998,2.3715415,3.3542295,2.19723,2.1790774,4.0913577,3.2726572,2.3112414,2.546781,2.6163805,4.639165,2.24078,1.3971434,0.81437176,2.0716898,2.0110393,3.7120605,3.804363,2.2569668,2.5187967,2.621434,3.0002477,1.329312,2.4743335,2.6757274,3.2004867,3.3317683,3.666204,2.3159275,2.633397,2.419649,3.0733392,1.8299261,4.9316287,3.666204,3.3434942,9.71752,2.2612696,3.203791,1.8054562,2.4558372,2.44509,3.0292823,3.2969854,2.931955,2.2483034,2.4982069,2.2836368,2.210393,2.2744873,2.6079135,2.5457368,3.0098636,3.2020674,2.3345006,3.0959506,3.054038,3.0141678,2.3620028,2.4224844,2.1722891,2.5467043,2.059689,2.827889,3.2375603,2.2812195,2.4485724,2.2010057,2.8416865,2.6921766,1.6780618,2.866024,2.8941312,1.5020452,2.9461038,2.3491015,2.7943983,2.507382,2.1030283,3.6640878,2.9401357,1.8490144,2.4536734,4.0385017,2.9444654,3.0175705,1.5621804,2.1898406,0.9883685,0.62034786,1.9386034,3.9928079,1.9260355,2.841901,1.9981778,2.2106452,2.1383917,2.3222098,2.4934454,2.4004629,2.212201,2.2252972,3.4810007,1.8609965,2.4158614,2.9761724,3.6771429,3.0358577,1.9122863,1.4819316,2.1584349,2.234162,3.3320732,3.0503814,1.7187917,2.2501004,3.1851792,2.360013,2.396091,5.259441,2.421077,2.9132748,0.87082094,2.7259605,3.6302826,1.9308566,2.3144908,0.66348404,1.6950718,0.8266203,2.7910695,2.0244842,1.8682054,1.706762,3.7381184,2.6256292,3.0987372,2.4931982,2.6885262,2.4573872,0.95917934,3.2884173,1.7382618,1.6925242,2.8620172,2.0862062,2.208868,2.4651122,4.546374,3.5931132,2.5147166,1.2683378,3.3079824,3.4963222,2.8617446,2.5394917,4.156197,2.0219028,2.7690566,2.3024576,4.3335786,2.7164445,3.2675323,2.4043744,2.4227517,3.174858,3.0653856,3.2445567,1.8775556,2.6972487,2.2170742,3.3767374,2.3620558,4.105917,1.7103006,2.0037518,2.88659,2.019563,4.4205127,4.2693253,2.697129,3.8071234,1.605666,2.427233,1.687565,1.5826867,3.0472815,2.8542187,2.7854393,1.4879024,2.198491,2.3357751,2.1807556,2.6427042,3.9159172,2.6995072,1.9365242,2.9526384,4.61704,2.288673,2.145411,0.918327,2.2456033,3.673709,3.2233393,2.6719985,2.144461,2.915932,2.5046725,2.2433863,4.394525,3.0753357,1.1817228,3.2614486,3.2071517,3.952842,2.7769947
3.0442972,3.9756339,3.2171936,3.921372,2.8068922,2.9859662,3.3133163,3.5003054,3.4199624,3.7275639,3.2541516,3.3561206,2.4431772,3.3015666,3.180645,2.6635067,3.2150226,2.3314111,2.8088715,2.5803802,3.6875622,3.7708411,2.794728,1.6867732,3.8886445,3.180487,2.6034722,3.0234,3.1233425,3.0723538,3.7088683,3.6564772,2.999475,1.7972958,2.9221432,3.2212248,3.6967332,3.5980086,4.51698,2.8239806,3.1842082,2.9231317,3.2941628,3.1904728,1.3248436,4.0355315,3.7909162,3.6265016,2.919918,3.4466817,3.2762225,2.8162851,3.0162432,4.1080446,3.3867757,3.2428708,3.7442622,3.5056808,3.3039265,2.2785356,2.8349814,3.0816877,3.4220178,2.9501393,3.8670435,2.0133317,2.7910357,3.5515566,3.7549353,3.742595,4.0215964,2.8111608,3.7123888,3.1710865,3.0892391,2.9787114,2.9018636,3.6724281,3.0297008,3.015682,3.972931,3.5735848,3.1979659,3.3348498,3.279341,3.865197,3.019008,2.0290716,2.400299,2.886459,2.6177773,3.4654443,3.515518,3.0047169,3.2900188,3.0475287,3.3727942,2.7941318,2.3418498,2.3177023,3.4403138,3.1563063,3.5713656,2.9255073,3.2906218,3.1564047,3.6888032,2.7485063,4.052811,3.5713656,3.7351294,7.742894,3.3395708,3.2000601,2.6685545,3.056071,2.8640685,3.1908827,3.3714008,2.8220031,2.878227,2.884231,3.0367322,3.0483694,2.9513154,2.879135,2.1885755,2.3567536,3.4679172,3.628711,3.033695,3.6672876,3.7592814,3.08274,3.259748,2.9415362,3.3967748,3.442108,3.6638026,3.485185,2.2130687,3.1094797,2.2026591,3.6619406,3.0291438,2.2184792,3.5916777,3.7136033,2.974047,3.3528132,3.1170137,3.8118637,3.2606366,2.9266994,3.5248563,3.5424933,2.8225305,3.0563405,3.73638,3.2174592,2.790224,1.200506,3.1522632,1.1622006,1.5955825,2.951594,3.596317,2.7409031,3.6170433,2.7583108,3.006383,2.2206469,3.1760767,3.2689126,3.6525884,2.5934298,3.019962,3.682794,1.6252439,3.2692485,3.7611256,3.7645042,3.7548373,2.9714978,2.8601613,2.8108125,3.0273616,3.0707629,3.3180275,2.7013977,3.5648556,2.6941707,3.184492,2.7781556,4.5403085,3.0102122,3.7477899,1.2771589,2.6462402,3.3876796,3.4155242,3.4769611,1.4654582,2.8574955,2.5076234,2.8035724,2.169124,2.6788225,2.482011,3.815737,3.2244558,4.103148,3.15504,3.2831616,3.1148477,2.2440145,3.4692428,2.829384,1.6403064,3.7278259,2.7559018,3.3380277,3.692499,3.4026806,3.2829728,2.0523944,2.290636,3.348661,3.4328856,3.3225543,3.5258698,3.744267,3.2329245,4.2934985,2.64858,2.6435812,3.0391738,4.400674,2.0472138,3.5945158,4.037055,3.6696565,2.977487,2.9271803,1.7907786,2.8798645,3.6476083,2.5567222,3.690787,2.7289782,2.8374743,3.2944794,3.0532792,3.77584,3.784717,2.6437392,3.6506886,1.9053133,3.266149,2.839064,2.768372,3.9671538,3.3388991,3.102816,3.2082913,3.5823047,3.0625262,2.1703515,1.849521,3.6175666,3.3202555,2.6720467,4.426838,3.8636806,2.3589954,1.4673793,1.2770451,2.8097367,4.510672,3.213046,3.1588912,2.9281642,3.6874025,3.1792998,2.9439921,3.8872712,3.7348847,2.2243428,4.43961,2.1310627,3.6406872,3.2673666
1.2242745,2.3080006,2.7297897,3.9303195,3.580532,3.3642418,1.4341049,1.6200992,1.8394399,2.2257183,1.5289682,1.43459,2.666199,1.4698207,4.3883586,1.4271779,3.1489432,3.025436,3.6297448,2.2746646,1.67743,2.2170837,2.630081,3.018856,4.6971636,1.2145214,4.331317,2.6181521,1.2876475,2.96298,1.5233968,2.6075652,1.5081419,3.0265248,1.3905371,2.70447,2.2987454,1.3260099,4.4923596,1.7772171,1.1115111,1.8699887,1.5088329,1.1967593,2.9068432,3.2999508,2.4825356,1.6805438,1.2305402,2.012818,1.5033395,2.7310424,2.0858183,2.4430277,0.9739943,3.972413,1.6282976,1.8073226,3.964265,3.7010145,0.79640174,2.205371,2.1031332,1.8831187,3.4486642,3.2183063,2.7282615,1.7064615,2.1780372,1.5302173,5.262904,2.2835133,1.4272583,2.0718498,3.2536156,1.4435568,0.96867055,1.866079,1.5396464,1.5653863,2.906283,1.3541552,1.5319529,4.1441345,1.0191922,2.270285,1.536925,3.452702,2.7621408,1.3658757,2.120402,1.5365206,1.6309958,1.5134814,1.5494773,3.0625513,2.0480232,3.0976083,2.0541124,3.0167377,1.5192454,0.9816321,2.247256,1.5095687,1.0997584,1.1903927,1.3409474,1.5872934,2.698266,2.247256,1.62717,9.292363,3.7975795,0.84508616,1.6625608,0.98516214,0.9067349,0.6790489,1.3604698,1.5157894,1.6191386,1.019067,2.812116,1.5232729,1.3650278,0.96766746,3.4570498,3.1855772,2.1807985,2.0796926,3.905364,1.3528786,1.5161566,1.2453783,1.4910921,1.5784081,1.5857612,2.5008163,3.199188,1.8695992,3.3688703,1.3194565,2.5959027,1.6250103,0.93786037,3.0654125,1.8313608,1.6077259,2.3856084,1.0589844,1.4169263,3.953402,1.2522173,1.3607057,1.5401517,1.5973291,1.6161475,3.5240464,4.349023,3.028074,3.9316232,3.044934,1.5668672,3.1841908,2.831212,2.5439,1.7375544,2.1465375,4.5294805,3.3215258,1.5397326,1.9680793,1.4085666,1.3913503,2.1698647,3.6751373,1.470326,1.581183,2.6266649,1.4847593,1.5579646,2.1136103,1.48731,2.654442,2.926438,1.2122504,1.5278884,2.5714471,0.6778475,2.19908,2.0894995,1.1946868,1.3456911,0.94750863,2.747446,2.7820897,1.5912136,2.970304,3.9090412,4.290801,2.7602854,1.8573306,2.9489517,2.4417918,2.70087,4.1192117,3.323639,2.1172082,2.418887,2.5303197,1.0579941,3.916104,1.2385486,1.1356479,1.2266327,2.781584,2.035409,2.2026834,2.9861038,1.6261852,1.3101339,1.7749898,2.086743,2.5540283,1.1168491,3.188496,3.2879353,3.8495212,1.5532603,1.5813845,1.702204,1.5821977,2.0596306,3.1427224,3.719029,4.430373,3.1722436,3.867848,2.72434,3.17522,5.0442877,1.3568515,4.2671437,2.7111676,3.4312801,2.2265952,2.097843,3.2790008,1.6435984,1.900922,1.6033682,0.97582525,2.4754636,1.9635067,1.7519459,3.724165,2.4502497,3.6013505,1.5139214,2.4775717,3.4497943,4.2796135,0.9780012,2.9894364,2.6958106,2.2014067,1.2870722,3.1417341,3.4560044,1.264306,1.459589,3.4007368,3.349796,2.2331445,2.0841558,3.1680136,2.8864489,1.4455204,4.3804293,0.7335861,1.0514672,1.299135,1.4987003,1.2097781,1.6056546,2.030076,1.4223044,2.4220445,3.8877478,3.5522964,1.9426029,0.9742836
0.85193324,2.811295,1.7682091,3.6252415,3.0973227,2.9836607,0.7763465,0.5179411,1.9229875,0.7229842,0.73181444,0.5613336,1.8247616,0.54500574,4.1103563,1.3767914,2.52051,2.591877,3.4308574,1.9803385,0.6042434,2.2518137,2.4035125,2.8493745,5.125877,1.3353603,5.283703,1.6627569,0.70175964,1.8890809,0.7360907,2.7082248,0.7394756,2.6875947,0.81884736,1.2570685,2.1763082,1.0145414,3.239472,1.9631895,0.9625477,2.5416832,0.65522736,0.8096061,2.7155159,3.3653085,2.5142806,0.6902164,1.7098292,1.9974078,0.66257304,2.7653484,1.9710189,1.4118413,1.5655712,3.4894671,0.91693205,1.284438,3.5789244,3.2015288,1.3597757,2.584774,1.2210733,2.140312,1.7529219,3.1514628,3.2054589,2.5927298,1.8737831,0.8172868,4.9915037,2.2572465,0.8938025,0.8026387,2.497798,0.80020833,1.2764995,1.6715003,0.63063055,0.6366255,3.0174348,1.4463876,0.55997086,3.658374,1.220071,3.8560216,0.6763441,3.2114353,1.8825164,0.95698404,1.7603476,2.6058822,2.7054203,0.7131038,0.7601498,2.226697,1.5847515,2.3675668,2.714741,3.3461885,1.6541058,2.08894,2.5057166,0.94480443,0.8860455,0.8461301,0.953323,0.9881231,4.186261,2.5057166,1.6063412,10.716005,2.8872797,2.0138247,1.0376163,1.0263429,1.5106765,1.9641684,1.9186325,2.5964885,1.9430281,1.7060643,2.807676,0.62216806,0.7958175,1.8638958,3.1125817,3.499722,1.865883,0.5285876,3.6138523,0.9345017,0.9156443,1.2052907,0.59555364,0.7610197,0.66224456,1.0406717,2.20642,1.6686945,2.9247246,0.7398779,2.6885138,0.8124568,1.8088968,2.3487158,0.83404154,0.85150635,1.3246557,1.3499533,0.64097595,3.6724417,1.1738731,1.0154756,2.4468174,0.9261665,1.0045353,2.7040374,4.220802,2.6718519,3.5590587,2.8456047,0.5303762,2.939252,2.447014,1.4373431,3.376544,1.6076841,4.109424,2.518802,0.66859716,2.2029073,0.6084323,0.5990477,0.59936666,2.8604057,0.67162484,1.8282063,2.4592083,0.54668003,0.8823754,2.3338962,0.93601006,2.4144592,2.1024816,1.1907444,0.6549848,3.2267601,1.7820174,2.0525286,0.8340963,2.7204983,0.6629197,1.577752,4.525655,1.8932984,0.750622,2.6900742,3.5236144,4.083304,1.3015836,0.6241361,2.627452,1.4078398,1.896627,3.929206,2.7171419,2.1696103,2.404057,2.4334662,1.5010359,2.527128,1.3300521,1.4515224,1.5094696,1.9755197,1.8058406,1.9120482,2.8382556,0.69861305,1.3585905,0.48485744,0.32438576,3.896292,2.599708,3.1407619,2.371272,3.5682235,2.2821069,1.2707872,0.41721034,3.3205755,1.0709949,2.338933,2.9062958,5.329298,2.3972704,2.4190006,3.1652439,1.9206673,4.620144,0.9567754,3.9951262,2.5519807,3.4554708,2.4279034,1.9220736,2.6129792,3.1051352,1.1070145,1.1450317,1.4814161,2.2680304,3.5266871,3.4849424,3.46011,2.712044,3.322285,0.57515955,2.1807134,2.4537594,4.0144353,1.5594795,2.555031,1.4296348,0.776005,0.7538065,2.7022111,3.7125676,2.9084496,0.9365552,2.7896855,2.6421134,3.814036,2.2788823,3.1009185,2.637064,1.7133225,3.1396616,2.2469459,1.6533387,0.9799938,0.71431404,1.4032264,0.8511194,3.7458134,0.97326654,2.149998,3.4431608,4.030044,2.8292122,1.5662217
4.757213,5.5161195,3.1191847,1.8766137,2.5731804,3.1961234,4.6468816,4.5703726,4.9179325,4.2947826,4.5029154,4.6484346,4.053487,4.5987635,1.3959256,4.6754503,2.3273203,3.578063,3.449239,5.2160015,4.9122777,5.4914446,2.745078,4.800383,7.7658877,4.146665,6.4107823,5.226258,4.5895476,5.1889896,4.861521,5.7734823,4.79584,2.8823497,4.734705,3.943959,5.082208,5.2431526,6.731519,3.4154563,4.4712996,4.8019285,4.5893946,4.602759,4.291702,5.501963,5.1173234,4.9306517,4.00952,4.8631353,4.5308967,2.6286662,3.384866,4.429917,4.4063225,1.6318911,4.6449637,5.2227836,3.3838942,3.4582636,4.656208,3.1615207,4.7982483,4.4415164,5.0342813,5.4068127,3.70059,4.8757954,5.3733864,4.8431964,0.35709333,3.111869,4.9642158,4.5621915,5.4470034,4.831876,4.4399533,5.199623,4.585742,4.601923,5.300228,5.2611794,4.494279,1.4571382,4.536925,5.432287,4.7146735,2.2375066,4.020396,4.3296723,5.1107306,4.8452196,4.9116096,4.7522717,4.5241156,5.4826097,5.803762,2.548421,4.9647074,5.605366,4.9124103,5.0598025,5.084673,4.955798,4.6280627,4.4904537,5.053337,4.239276,5.625444,5.084673,4.9084044,10.336988,2.7398334,4.67074,4.479498,4.599391,4.4183054,4.5867815,4.8204837,3.9182405,4.1253357,4.596782,2.4730036,4.5552363,4.703082,4.2833014,5.1244493,6.0451007,5.0414476,4.405891,3.5716453,5.0706677,4.8153896,4.1636567,4.542994,4.749549,4.526447,4.914532,4.115862,5.3109803,4.254465,4.798012,5.2812943,4.661517,4.3363566,4.8593273,5.3552713,4.6688876,4.2792697,4.638333,4.6319995,1.7178522,4.238465,4.2496276,4.856998,5.3789372,4.123147,3.8361714,4.36549,3.8142622,4.364035,3.967269,4.5354013,3.8158982,3.6244655,4.029053,4.9558015,5.0044665,0.83062446,3.410963,4.663492,5.045047,4.529842,4.681681,4.370468,4.722399,4.561535,5.10795,4.2289767,4.575319,4.7616324,4.932238,4.85107,2.78623,2.7762234,4.501378,4.668432,3.4371278,4.6043067,3.3925326,4.130259,5.141749,4.526209,4.4465985,5.9191732,5.4631634,4.7808924,3.462507,3.6765723,3.9457016,4.8781805,4.2764893,3.4664946,3.6574566,3.5866327,2.331607,4.671636,3.7895908,4.0548863,5.3426,4.491409,5.9890995,4.118641,4.229188,4.202367,4.279699,5.607978,3.3434355,3.1419072,4.746837,4.3787556,4.3954535,4.6228104,6.316703,4.8419375,3.8555248,3.8407826,3.575816,4.753939,4.7411575,4.602833,5.2120676,4.7333875,3.590085,4.9372973,6.4822745,5.2278852,6.2689323,5.119781,3.8861632,0.40822053,5.0698614,3.8116229,3.740346,5.4384947,4.3286,4.990453,4.855197,5.0284324,4.536575,4.6915746,4.4448857,2.9807823,5.323757,5.22125,3.2253058,5.1590247,2.40582,4.5706573,3.1716592,4.955653,1.3301747,4.3724847,3.844283,3.7299755,4.1870065,4.7526774,5.258855,5.541273,5.006937,4.684586,2.7158508,3.3672438,5.420249,3.457576,4.11572,3.8476686,3.7629037,6.7230487,4.6908503,4.2441006,4.3471556,4.910676,4.1776457,4.8778577,5.3013587,4.942125,3.732198,2.3090734,6.0133777,5.0691366,4.343643
3.7741992,4.9730487,2.4848561,1.0146977,3.3848567,3.750737,3.6218748,3.3841197,4.309902,2.9713318,3.4993727,3.5096302,3.5237792,3.4870026,3.1481922,3.6733274,1.8614602,4.0133667,4.294841,4.500229,3.7633293,4.926043,1.9492234,4.701236,7.9039674,2.891913,6.651035,4.4831047,3.479545,4.914703,3.6414678,5.453505,3.86279,3.089003,3.783037,3.1256778,4.5824656,4.1462026,6.239153,2.3993986,3.2446597,3.5984833,3.5536075,3.49967,4.3426623,5.478285,4.7129545,3.8549364,2.8073297,4.3265266,3.483563,1.8874704,2.1027231,2.6165967,3.0455377,2.6841,3.4197512,4.4208946,4.2824664,4.3568006,3.5830739,2.01207,3.455793,3.1560867,4.310973,5.2662835,3.9300067,4.1947374,4.7274985,3.6165688,2.8717413,2.071635,3.7712927,3.4867246,5.425406,3.895242,3.2899659,4.435348,3.6235526,3.654656,5.080685,4.3047404,3.431154,2.6947248,3.1462867,4.7937813,3.7780461,2.9186106,3.587677,3.2467275,4.340362,4.1102786,4.209824,3.81993,3.5278947,5.293401,5.019796,2.3339887,4.177792,5.178561,4.1120167,4.2494965,4.677284,4.07624,3.4328537,3.3123114,3.8730578,3.2736714,5.1680546,4.677284,3.9608772,11.0906,3.2749584,3.6878738,3.5983093,3.431471,3.2540884,3.32489,4.0188365,3.034704,2.8416538,3.372282,1.6842924,3.5756598,3.7522042,3.1079361,5.509216,5.79498,4.5348015,3.1221607,4.5117908,3.9092736,3.5862741,2.9342427,3.471216,3.846042,3.443912,3.8839922,3.9902353,4.6274405,4.8105664,3.7944312,4.7822075,3.4904346,3.0674539,4.8283267,4.3600245,3.452358,3.3173082,3.5592134,3.6171665,1.189247,2.9098463,3.1199586,4.095105,4.354678,3.0989976,4.2744837,5.2760053,3.9865522,5.1927195,4.4389496,3.4284968,4.138677,3.6320176,3.680116,3.7955863,4.1598215,2.548582,3.823004,3.7256873,4.3757825,3.40763,3.5930862,3.2185054,5.1314106,3.5890558,4.2462063,4.4420238,3.4814386,3.5205593,4.329104,3.6304474,1.7937582,2.5096617,3.3978357,3.720623,3.3269286,3.3048759,2.361529,2.7914538,4.243993,3.379717,3.3166144,4.883436,5.058398,3.535751,3.7853434,4.6636777,4.9990354,3.9626017,3.01313,3.6219118,3.20581,3.0318549,3.7694633,5.0034037,2.7009737,3.1904378,4.9259796,3.0632827,5.6312437,2.8734753,2.8895938,2.8352628,3.959713,4.974216,2.252433,3.7330759,3.5091395,3.2592883,3.2005928,3.4126296,5.99697,3.9463253,4.5137825,4.1320972,4.3654156,4.0307927,3.9276364,3.4226665,4.0345,3.5450463,1.546848,5.3000364,6.739408,5.226157,5.6192884,4.669654,3.6272783,2.4950078,3.915554,4.9726872,2.6463566,5.760055,3.1428275,4.378598,5.0944986,4.1642036,3.652724,3.6446612,3.278191,1.8053256,4.590108,4.1121783,4.204696,4.8353767,3.4335802,3.511982,2.135879,4.702885,1.43616,3.0229619,4.0158224,2.7983963,2.9017344,3.6690495,5.300347,5.5341935,3.8930376,3.72578,3.3282483,1.185096,4.766346,3.2918673,4.7241445,3.9836075,2.6804876,6.35117,3.4737244,2.9076035,3.2256045,3.7037857,2.828061,4.0101624,4.140887,3.7461715,3.098959,0.70810384,5.9876323,4.4950767,2.9943907
1.3831997,2.4270475,2.9108732,4.0514092,3.6930947,3.4880955,1.6482804,1.8482788,1.9993086,2.4416714,1.7387663,1.6481185,2.7064676,1.6760273,4.475661,1.4457544,3.2980318,3.107073,3.7122374,2.2158327,1.9054112,2.3490307,2.7282712,2.92166,4.5253267,1.4256386,4.080144,2.6387353,1.4679503,3.0307665,1.7697558,2.67556,1.6348331,3.050826,1.5105975,2.851511,2.459364,1.5244378,4.52031,1.9052739,1.3197579,1.7764709,1.7179697,1.4035716,2.836775,3.401961,2.6316078,1.8996658,1.3607649,2.173267,1.7140436,2.807298,2.2062237,2.6344965,1.2094322,4.095138,1.8880737,1.9696515,4.0775013,3.7572477,0.89362586,2.304653,2.1973672,1.8735858,3.5703652,3.0884845,2.795593,1.8323796,2.335812,1.7829438,5.340066,2.3752916,1.6733265,2.193625,3.2966752,1.5630258,1.1048712,2.045207,1.6956538,1.7158926,3.032524,1.5387167,1.7253793,4.2640038,1.2110677,2.2301893,1.6775382,3.48625,2.8031409,1.5057418,2.0839407,1.645583,1.7313529,1.6476628,1.7627001,3.098969,2.0878716,3.215467,1.891417,2.8381038,1.7068714,1.0671314,2.3734438,1.5986916,1.3271991,1.390139,1.5802957,1.7041477,2.6636453,2.3734438,1.8554939,9.043594,3.9492218,1.0068877,1.7409025,1.1573904,1.0121397,0.8125117,1.5354214,1.5505954,1.6600623,1.0431395,2.9151165,1.6864891,1.5004793,1.0484,3.4270606,2.9996498,2.3313956,2.28843,3.9930162,1.5858519,1.7747409,1.4357853,1.6961553,1.696188,1.8098015,2.6097322,3.3835025,2.008701,3.402052,1.4796183,2.4633873,1.8743113,1.0516213,3.0557373,1.9839026,1.863696,2.4738224,1.3023497,1.5923613,4.0676727,1.4667279,1.5113609,1.6791072,1.7476281,1.7500999,3.6455204,4.434609,3.171763,3.9799614,3.0176587,1.7345233,3.1355517,2.8220928,2.6949394,1.665334,2.1395323,4.639509,3.4392834,1.6836294,1.8509917,1.5967197,1.5908048,2.3897,3.710642,1.6314071,1.7747844,2.6206264,1.6867752,1.8172208,2.2872167,1.7448577,2.761777,3.067119,1.3015693,1.6759071,2.6562648,0.89200705,2.2741249,2.2983315,0.9473822,1.5389402,1.0120578,2.6571822,2.8124135,1.8439302,2.9573963,3.9715137,4.3705072,2.8579776,2.0719805,2.9359777,2.5979977,2.7672017,4.1913385,3.331816,2.1433434,2.392453,2.669824,1.1995642,3.999257,1.4448801,1.3535074,1.3754554,2.797809,2.1285367,2.3069618,3.016445,1.8757993,1.3808573,1.967232,2.2975032,2.4007282,1.1642727,3.2150857,3.3507493,3.962149,1.7057498,1.7775735,1.9248569,1.5173048,2.1522176,3.3276196,3.7441018,4.1812625,3.2311125,3.9519348,2.5525286,3.3640532,5.143375,1.5902231,4.3265595,2.7322924,3.3224392,2.199464,2.275385,3.313131,1.6874537,1.9682493,1.660663,1.219163,2.5935972,1.9467642,1.685935,3.799175,2.5671558,3.637778,1.7167364,2.566027,3.4532712,4.393381,1.2049639,3.1279256,2.8389778,2.4038682,1.4286702,3.0924375,3.2801814,1.2831625,1.6713169,3.5144427,3.5366843,2.1973777,2.1764967,3.1457026,2.8468978,1.5773699,4.4295187,0.7920486,1.220086,1.446436,1.7392337,1.3959432,1.7088073,1.9360254,1.6743598,2.4302282,4.0640965,3.3437011,2.0437038,1.181536
3.1323931,3.880638,2.070907,1.5080745,1.9463651,2.3142896,3.0732152,3.0697482,3.3207474,3.0361097,2.9630735,3.0908237,2.9565394,3.054543,1.623912,3.0704846,1.4347534,2.544481,2.618903,3.8116417,3.4122112,3.9420667,1.3408892,3.629972,6.388067,2.4082055,5.058281,3.9965048,2.9886472,4.077202,3.3052764,4.27194,3.2631822,1.8707014,3.164303,2.9393508,3.6034448,3.608599,5.8481746,1.6242877,2.7909887,3.136406,3.0490198,2.9641893,3.139654,4.186352,3.644594,3.4271476,2.1904523,3.3173144,2.988215,1.080179,1.8114402,3.1942813,2.5880864,1.4992294,3.1063573,3.6979537,2.794544,2.8010375,2.8855822,1.3240134,3.435361,2.860243,4.2041044,4.1938076,2.1810791,3.0801814,3.8805134,3.2815151,2.1080635,1.526095,3.3660908,3.2394981,4.336836,3.2760422,2.69476,3.6386082,3.0693274,3.094337,3.8927937,3.58505,2.9720967,1.5567336,2.8088365,3.5078986,3.1948164,1.4563948,2.9734166,2.7283833,3.6855428,2.9894238,3.0646424,3.222929,2.9875822,4.3246117,4.292147,1.7012945,3.3457355,4.224409,3.2542524,3.2061155,3.5212178,3.4077935,2.9562764,2.8447983,3.42728,2.7137191,3.7763891,3.5212178,3.2813404,9.299707,2.3940911,2.7692244,2.9875543,2.8965888,2.6211817,2.6636434,3.0682077,1.9139221,2.4432054,2.8160148,0.8934909,3.0329213,3.1247764,2.4061236,4.0659738,4.6495953,3.5795896,3.0904007,2.891764,3.4498827,3.240242,2.4647868,3.002603,3.2401998,3.0067954,3.7229836,3.2024932,3.7537024,3.3091419,3.2060478,3.8856912,3.133979,2.4684856,3.7949045,3.8720267,3.1305811,3.0757277,2.895321,3.0726504,1.3880677,2.548585,2.632553,3.0410542,3.820248,2.5977907,3.0973327,3.6561844,2.7070878,3.5924911,2.8818839,3.0322857,2.8277845,2.5305758,2.891452,2.9656975,3.6155837,1.6019598,2.64228,3.1456544,3.500604,2.967642,3.1123195,3.0887372,3.9102788,3.0195265,3.4333239,2.956813,3.0366552,3.2027118,3.3469844,3.2653658,1.4122175,1.8305255,2.84248,3.1468298,1.6968648,2.7151375,1.9001793,2.8083327,3.2279172,2.9407148,2.655046,3.9760942,4.235178,3.2442148,2.4050996,3.0305464,3.3376281,3.788085,2.8650203,2.4144528,2.482839,2.5232103,1.9859726,3.6965463,2.2753851,2.6862054,3.892006,2.731649,5.089806,2.3860505,2.45485,2.4558427,3.204464,4.0704513,1.8800201,2.0168736,3.2265246,2.720382,2.9646597,3.3035748,4.496148,2.8762043,2.7565415,3.047526,2.849478,2.977369,3.1603081,3.135197,3.2044837,3.375457,2.674507,4.10123,5.160688,4.127802,5.3001585,3.6898983,3.0546424,2.0157852,3.447908,3.2609153,2.5038774,4.2498074,2.8424382,3.4818444,3.8381038,3.0795038,3.1294193,3.1670544,2.6462924,1.5277851,3.3803024,3.2170699,2.5089974,3.6308308,1.757586,3.039001,1.8193606,4.0643506,1.4334534,2.5538514,2.7470458,2.7168112,2.923706,3.155404,4.109438,4.300005,3.005629,3.1036322,2.0144517,2.5488975,3.4935815,1.7925174,3.0152209,2.7321122,1.9738399,5.795654,2.7254567,2.4167755,2.721608,3.3488646,2.435093,3.3675942,3.3233597,3.3345792,2.426959,1.8682376,4.671072,3.305129,2.5229337
2.667725,3.6794114,2.0824862,2.9537055,1.5357637,1.9084334,2.7696013,2.8724675,2.9696493,2.9272268,2.657162,2.8164208,1.9421843,2.7514775,2.0307326,2.52353,2.043012,1.381923,1.927337,2.7151895,3.1125042,3.4179027,1.9663856,2.1066034,4.7819247,2.6535842,3.9810858,2.8412132,2.6670666,2.6522398,3.1448617,3.4633672,2.6165004,0.90526414,2.5686617,2.3449647,3.1825242,3.232547,4.3383136,2.199964,2.7280166,3.087071,2.7228463,2.722446,1.5431818,3.62662,3.295262,3.066388,2.5186534,2.9458847,2.692523,2.0990434,2.3659887,3.4141407,2.9650426,1.9457935,3.0947907,3.0815969,2.2837002,1.2902668,2.6444163,2.505561,3.0422742,2.8486106,3.180474,2.6450868,2.2778351,3.2534485,3.309552,3.1663144,3.0446084,2.15443,3.198366,2.6475415,2.7955196,2.6326764,2.5897949,3.217792,2.5375206,2.5302496,3.5158305,3.2382605,2.626809,2.0466425,2.905464,4.000251,2.584001,1.0020715,1.8609924,2.435933,2.6584826,3.228592,3.2942734,2.5961697,2.6866946,2.803813,3.2842312,1.6235347,2.8008387,3.0879931,3.0052664,3.0425403,3.1756897,2.6521142,2.8345213,2.6861043,3.2264206,2.2630146,4.1918826,3.1756897,3.2075653,8.955073,1.9861006,2.959566,2.3017998,2.7068427,2.617101,3.0065222,3.001275,2.611178,2.6262162,2.7730882,2.2162874,2.541288,2.5676436,2.658145,2.2225559,3.2354462,2.9682617,2.8922327,2.1387439,3.212567,3.1765096,2.570952,2.691734,2.5507054,2.7704313,2.9431949,2.6339366,3.1256227,1.6571225,2.7135005,2.7025683,3.0246034,2.7753916,2.068811,3.198614,3.0772166,2.4329107,2.9049997,2.6347454,2.8391418,2.7311387,2.4487967,3.2232513,3.2122376,2.2761533,2.0191555,3.0577126,2.3053277,2.1982749,0.9625617,2.6319869,1.1091534,1.1565549,2.0447936,3.7310927,2.664078,2.4162397,1.5939072,2.5533323,2.5471199,2.6613061,2.7676685,2.8504696,2.1018255,2.5321958,3.2709255,1.3624614,2.7157443,3.1547697,3.2622874,3.1887853,2.1548028,1.6557214,2.528829,2.5705984,2.5395112,3.045428,2.1286051,2.7835178,3.0953357,2.6807864,2.5881197,4.8169637,2.814317,3.1415591,0.68131644,1.7971863,2.6259012,2.8947158,2.7583055,0.9756649,1.8705155,1.8000875,1.7449042,1.8572499,2.3598413,2.364026,3.362884,2.9200015,3.6537685,2.6219873,2.7992675,2.7133374,1.8635851,3.2337031,2.1517112,0.61709464,3.1079383,2.4798856,2.6970358,2.984044,3.9572275,3.2049334,1.5071603,1.3898811,2.4122958,3.0733721,2.7978032,2.8892295,3.8768237,2.8374035,3.4038281,2.2643142,4.023042,2.6453905,4.0070243,2.7505493,2.4816575,2.9420333,3.213512,2.2270439,2.5831409,2.4245389,2.8109329,3.1122432,2.1655242,3.6128612,2.3643782,2.5859559,2.85127,2.278479,3.8450062,3.9302223,1.6810315,3.2639499,0.64358777,2.699919,2.1499453,2.535054,2.9583333,2.920159,2.1871867,2.3288035,2.789684,2.7027178,2.3274145,2.8285832,3.596229,2.782796,1.3564017,3.4922583,3.9864721,1.6757773,1.2793711,1.1365582,2.2999053,4.258488,3.1223211,2.7839112,2.4882817,3.147223,2.710149,2.6047018,4.1043224,3.2123184,1.8717004,3.36352,3.2524264,3.392769,2.8707466
1.9139456,3.8760128,2.1421802,3.043059,2.8952265,3.136002,2.2149525,2.190169,3.028381,2.153227,2.1182666,2.083214,0.71369535,2.0187173,3.456369,1.1427373,2.2836902,2.5145857,3.3782637,1.2578504,2.4793906,3.4742768,1.6857098,1.2291498,4.707424,1.9873511,3.7698138,1.5638964,1.803533,2.4261446,2.5093853,3.6591616,1.7557518,1.2492318,1.6612047,1.6537145,3.3850172,2.566087,3.5203345,1.8165337,1.8836178,1.573018,2.1222086,1.9966048,1.0445656,4.274183,3.6306694,2.4894223,1.7606771,3.0989945,2.0867555,1.9257568,1.6323833,2.2638664,2.2797263,3.100986,2.5841248,2.728855,3.7074273,2.7971725,1.684158,2.1931314,1.5003741,1.2875803,2.3952706,1.7637054,3.220752,3.3577604,3.256374,2.567442,4.03967,1.6015879,2.5937116,1.4431595,2.9434187,1.7536745,1.6275662,3.0737348,1.748334,1.7328348,4.030371,2.8112812,1.897679,3.2164223,1.8873527,4.045426,1.7679892,1.9200981,0.80547357,1.4494442,1.205433,3.2552714,3.356799,1.7647988,2.1811812,2.6493359,2.515772,1.8097701,1.3766134,1.8475469,2.852415,2.7564535,3.476315,1.7547431,2.0744863,1.8463727,2.5998678,1.2613707,4.415295,3.476315,3.0141003,9.282397,2.9967477,2.6098757,1.1798098,1.7696759,1.6461589,2.2550316,2.890546,2.331355,1.3691711,1.5542278,2.2128112,1.76472,1.7331657,1.8236067,2.7428625,2.360413,3.0605025,2.058656,3.6201327,2.5821755,2.6166744,1.7850208,2.0138192,1.6720626,2.2024748,1.7274523,3.1913981,2.937663,2.7104437,1.9224515,1.357856,2.5015821,1.914553,1.7740927,2.4558113,2.5394652,1.0865898,2.4554296,1.8782744,3.0259376,1.9403174,1.4893687,3.2386458,2.4536307,1.3186134,3.0282226,4.463203,3.222191,3.5143275,1.8475443,1.6960958,1.2235408,0.7690194,2.1556442,3.168171,1.1452221,3.493273,2.611989,1.7456319,1.1568428,1.8210648,2.0259738,2.2400806,2.7113419,1.7616925,3.1110137,1.9485265,1.9860289,2.5928304,3.46345,2.6283436,1.785678,1.9244124,1.3577337,1.7701625,3.2031355,2.3353443,1.2263864,1.9841927,2.2146442,1.8374015,1.5466666,4.4636383,2.2798247,2.5292704,1.2410028,3.322807,4.138475,1.7224351,1.990637,0.95247483,1.8944306,0.8335596,3.4043465,2.3703487,1.0769149,0.7646342,3.6171062,1.8153477,3.2790596,1.9515831,2.0969055,1.7368811,0.90727395,2.964064,1.3526442,2.08253,2.4907813,1.2374818,1.8189526,2.2060614,3.9521077,2.9626377,2.8251863,1.9578851,3.776892,3.1154475,2.56083,2.1849203,3.3319242,1.3769022,2.6310165,2.7477071,3.798414,2.8902025,3.2766066,1.4901148,2.8461561,3.810611,2.5981545,3.82469,1.2466407,2.6208916,1.2329352,3.2002697,2.6605685,3.520611,1.0918918,1.195309,2.3432736,1.7924131,3.8179743,3.4724197,3.2400181,3.651496,2.27188,2.0268457,1.3802656,1.682765,3.3697631,2.2212398,3.0823324,1.5440048,1.9776967,1.7073978,2.1456845,2.1297624,3.1900687,2.3361742,2.5826566,2.8762393,4.0231004,2.2100596,2.4135895,0.97206765,1.698203,3.7595868,2.4268665,1.9765714,1.5051373,2.4901993,1.8672403,1.7412815,3.5485952,2.6434524,0.42035994,3.4368114,2.6310523,3.5857725,2.1124444
1.5685214,2.9626517,1.3465016,2.2517292,2.1830225,2.2889245,1.5939518,1.5872468,2.2056837,1.700905,1.4929805,1.5564171,1.8153518,1.5196785,2.743794,1.5115241,1.4235142,2.099101,2.6836631,2.406128,1.9459192,2.8193698,0.8969246,2.6420343,5.391729,0.8910699,4.529443,2.58404,1.3962816,2.8602366,1.841536,3.2115443,1.7032993,1.5341821,1.5855385,1.7834092,2.5904174,2.0997958,4.5584774,0.26234975,1.1977448,1.934984,1.5572686,1.4044313,2.2675922,3.5167146,2.7582295,1.971615,0.6794356,2.264872,1.4939045,1.0562602,0.6872708,1.943435,1.1684958,2.2974734,1.7282547,2.3147924,2.946945,2.643746,1.295749,0.8629788,1.9501151,1.5829824,2.9987774,3.1391072,2.1126363,2.216025,2.674304,1.8404542,3.4929593,0.695197,1.9068131,1.753395,3.252244,1.7080014,1.0793564,2.3903675,1.5219254,1.5496987,3.1582983,2.1873617,1.4395418,2.4483187,1.2265452,2.9939764,1.6443665,1.7990676,1.8802059,1.1148009,2.2405212,2.1086745,2.2189555,1.6679168,1.5350261,3.1204784,2.7848814,1.4067807,2.1779008,3.1451333,2.012547,1.9682935,2.6104703,1.851877,1.3955562,1.2503481,1.9510769,1.1456108,3.364612,2.6104703,2.0619268,9.481378,2.3999681,1.5484776,1.4466475,1.2793193,1.0454134,1.313276,1.9050826,1.1130835,1.0918287,1.2965908,1.1152979,1.484952,1.5533197,0.96720785,3.2354293,3.5281603,2.447184,1.6801432,2.9740782,1.9674516,1.8229964,0.87850374,1.482829,1.688863,1.5468577,2.2877984,2.5280716,2.4546382,2.7413936,1.6391002,2.6695359,1.7280314,1.0226313,2.7124274,2.3515909,1.7293391,1.7338748,1.4965674,1.5179284,2.2438765,1.0032837,1.0158565,2.100646,2.2813947,1.0301855,2.6516712,3.7207074,2.3190181,3.2949126,2.27681,1.462764,2.2329838,1.7531596,1.8379607,2.2765167,2.1589444,2.7716455,2.2341816,1.5966972,2.1545813,1.3930926,1.5650121,1.7479689,3.1404073,1.4659135,2.2249281,2.1198256,1.502049,1.7908754,2.4279575,1.8434688,0.9729162,1.344174,1.2273961,1.5971445,1.8231729,1.3267189,0.81864434,1.4502847,2.052412,1.3592601,1.093025,3.5324252,2.9056795,1.8063021,1.8469287,2.9749486,3.4800148,2.42626,1.4225109,1.7894921,1.4366248,1.5184273,2.7202892,2.8613863,1.1580143,1.652152,2.903051,1.194489,3.872299,0.85919785,0.9804151,0.9179358,2.08582,2.7270336,0.7525652,1.8010901,1.7873476,1.1320999,1.4571879,1.8766066,3.6084573,1.8983909,2.4642618,2.3342495,2.947643,1.9994608,1.8360351,1.6553761,2.4126518,1.873781,2.0308337,3.2728894,4.616574,3.0841227,3.9616296,2.6805427,2.316227,3.2478426,1.9719905,3.3730447,1.6799916,3.3886971,1.7342174,2.391993,2.9483771,2.3499298,1.6316088,1.5997397,1.244131,0.8674805,2.7461417,2.518657,2.648286,2.7901127,2.085164,1.5230477,0.9803774,2.9671571,2.5522225,1.1181474,2.2788239,1.614933,1.5787283,1.5467994,3.0338488,3.40577,2.1149347,1.6707824,2.002065,2.140868,2.9648838,1.1197898,2.528968,1.9787514,0.41422024,4.5256863,1.4980242,0.94431263,1.1002413,1.8689358,0.89372617,1.8246318,2.7006285,1.8974771,1.3805786,2.3630507,3.755381,2.5010276,1.0567
3.4105752,4.987083,3.9195337,5.7084465,4.693907,4.7065716,3.5481436,3.485248,4.198573,3.3635657,3.5094156,3.4580555,2.8896456,3.416856,5.7238746,3.3917055,4.581354,3.9966683,4.9274025,2.7626023,3.405498,4.1785,4.579281,3.1766229,4.792385,4.204108,5.8661523,2.0623434,3.4537683,2.0988154,3.6361134,4.174141,3.065106,4.0650687,3.1830592,2.8944192,4.237634,3.550961,0.48392257,4.568395,3.8106213,4.449983,3.4538288,3.621122,3.3531103,4.973454,4.5639796,3.3819413,4.401862,4.2116275,3.4850373,4.989031,4.4336257,3.7938926,4.4815707,5.218632,3.8447688,3.38493,5.0450926,4.1313305,3.8640232,5.1691236,3.0822566,4.1596317,1.6702788,3.1498373,5.3823414,5.152983,3.8054533,3.7186286,6.5613604,4.586854,3.7208104,2.8134146,2.5971715,3.103535,3.904527,3.899317,3.1815512,3.1385806,4.9073963,3.875274,3.3652127,5.3427525,4.020487,6.384368,3.0949552,4.6799884,2.8321054,3.5307922,2.7628064,5.2095675,5.282275,3.0899236,3.5278563,2.2337196,2.6985803,4.115194,4.1796665,3.8104558,4.131399,4.5352917,4.614064,2.99664,3.764672,3.6746745,3.7244558,3.3569355,6.628224,4.614064,4.234868,11.704392,4.31053,4.726413,3.0929334,3.7294962,4.103996,4.706429,4.487281,5.2187533,4.2829885,4.1173573,5.135494,3.2297976,3.2445014,4.4918985,3.2205832,3.6174643,3.809754,3.2633898,4.966664,3.6751595,3.819477,4.010731,3.4335992,3.0050838,3.5293765,2.3061519,3.8101466,3.6522565,3.6641634,3.30318,3.2852638,3.7107322,4.5037527,2.3564668,2.8980742,3.7795193,2.887493,4.168404,3.3201792,5.7230644,4.0616055,3.6497014,5.054155,3.1118183,3.4722455,3.7999992,5.5698094,4.5326977,4.3324156,3.6765745,3.2308538,3.6406617,3.4968379,3.152514,5.999529,2.7061496,5.7860546,3.7901835,3.1195626,3.394691,3.4170256,3.407906,3.277583,2.8262162,3.267835,4.320014,3.5570855,3.3970695,3.808223,4.7117453,3.8233688,4.6422687,3.9679377,3.6047566,3.13683,5.722391,4.609763,4.237568,3.5204456,4.825755,3.4906635,4.07453,7.1452346,2.0087075,3.6857204,3.7376647,4.541736,5.3568654,2.1197505,3.4824665,3.684519,3.385359,3.3000991,5.4531374,2.9315627,4.2233434,3.9893627,4.283535,4.195959,1.2118609,4.1858177,4.346994,4.227093,2.6455846,3.3905869,4.181006,4.2911787,3.6403525,3.718096,3.2941427,3.1067884,5.5598044,5.2422953,4.446335,2.9741542,5.136065,4.861728,3.763786,3.3827968,5.9707203,2.9017916,4.5825334,2.6724746,5.809682,2.7413495,0.843071,4.0489106,3.4912305,6.19674,3.6911602,5.046423,4.286746,3.5303226,4.2542996,4.1224446,2.9330628,5.787382,2.8935864,3.1551461,4.3596206,4.6117387,6.0964417,6.134873,4.8486547,4.7389603,4.6357155,3.3956473,4.29747,1.9466156,6.0255437,4.460007,4.3224864,3.1955218,3.349238,3.2992375,2.6019564,3.86979,5.634138,3.6172662,4.3178525,4.9188895,6.3509674,4.5375175,4.023694,3.5206916,4.362403,1.0278144,4.9448967,4.4494233,3.6038952,3.587267,4.2190957,2.933685,6.3469043,3.8094714,3.7150912,5.750549,4.213582,5.2755175,4.4290214
1.1440588,2.5419543,2.4306588,3.527172,3.2980256,3.1673138,1.3930284,1.5330883,1.9552691,2.040042,1.4378906,1.3533006,2.2980533,1.3663735,4.0375676,1.1161083,2.7759044,2.8086054,3.447864,2.0497987,1.6981113,2.4145231,2.1928298,2.7036474,4.75731,0.95795405,4.160139,2.4247558,1.1312877,2.8709362,1.5556355,2.7893682,1.390322,2.590132,1.2416325,2.4140925,2.425655,1.4713242,4.4066896,1.3881499,0.91753274,1.5158445,1.4318453,1.0955952,2.557201,3.4314003,2.618679,1.7112381,0.8288642,2.1094925,1.4080019,2.2907612,1.6665528,2.2135177,0.8203499,3.6300602,1.6283222,1.9167298,3.7902632,3.449795,0.50834554,1.8205702,1.8484883,1.4798212,3.263023,2.9693089,2.5997732,1.8603683,2.337616,1.5702808,4.851322,1.8409603,1.5099453,1.8290997,3.2125468,1.332156,0.62755257,2.0247715,1.3861268,1.411771,3.0484836,1.558389,1.3868773,3.7945147,0.774198,2.4216816,1.4091197,3.018604,2.3993309,1.0684782,1.8936691,1.6827462,1.7894453,1.3914651,1.4745166,3.0076096,2.1313581,2.6980548,1.72896,2.7648683,1.6492968,1.1858137,2.3881204,1.4152162,1.0136094,1.0081923,1.454297,1.273158,2.8625748,2.3881204,1.7659985,9.196806,3.5250096,0.9157513,1.3842785,0.7777735,0.48672646,0.46744642,1.4969187,1.2227521,1.1765578,0.6098148,2.401896,1.3672296,1.2291498,0.5331733,3.3246338,3.0313134,2.2723925,1.904486,3.735143,1.4648916,1.563382,0.9477466,1.3801646,1.4356179,1.5063659,2.3054986,3.1016283,2.018124,3.191515,1.243966,2.336169,1.6167737,0.54547983,2.8464744,1.8908496,1.6058304,2.0586364,1.0934021,1.2981191,3.545258,1.0051333,1.0460546,1.6982352,1.6935006,1.2883613,3.3528495,4.2721663,2.921144,3.7959595,2.7564948,1.3788631,2.80134,2.4246135,2.3607502,1.6748049,1.9017764,4.152959,3.0882463,1.3993888,1.7024313,1.2461431,1.3099343,2.0269196,3.5016701,1.3156658,1.7768412,2.4082599,1.3711965,1.585145,2.2552311,1.5474734,2.2234027,2.5708845,0.8811187,1.3931873,2.4038885,0.5727408,1.7427238,1.861613,1.0557063,1.18234,0.5051046,2.8501916,2.7058673,1.6042385,2.5843697,3.710158,4.157935,2.5431674,1.6668096,2.536067,2.18744,2.2946334,3.824897,3.1391912,1.6549143,1.9732108,2.6830058,0.7302987,3.8591838,0.9694117,0.8988378,0.8572354,2.450342,2.1920257,1.7670946,2.6684706,1.6228375,0.9216044,1.5783099,1.9692326,2.7597904,1.2280427,3.0006795,3.0094624,3.7053316,1.6799822,1.6230335,1.613807,1.6359915,1.8054206,2.8303113,3.55716,4.2562513,3.120613,3.8239753,2.4113522,3.0152106,4.6356816,1.4723417,4.0918093,2.260136,3.2817335,1.807008,2.2159061,3.15325,1.7939059,1.6204324,1.3281984,0.90702385,2.054576,2.1325815,1.8060675,3.5030785,2.5927227,3.2202091,1.4108559,2.0298789,3.1796324,3.8799486,0.79333735,2.8725288,2.36294,1.9792504,1.1377265,2.9781687,3.202559,1.3739581,1.4536618,3.1061454,3.0343556,2.3881488,1.8329697,2.944263,2.5050824,1.048849,4.3559,0.61319274,0.7232583,1.0028063,1.5390205,0.8938785,1.4950958,2.0290663,1.5124531,1.9728184,3.5584385,3.3651843,2.1217663,0.73056316
1.3170854,3.0401523,1.6930658,2.628154,2.8836718,2.920835,1.3897015,1.2884358,2.2822478,1.4137759,1.3245487,1.244307,1.8761095,1.2284663,3.4995918,1.1777194,1.9262174,2.6789591,3.3445241,2.2053707,1.6508807,2.8455226,1.3557919,2.773232,5.4776087,0.54142773,4.7144747,2.3788192,1.0563871,2.9242485,1.5140088,3.3071015,1.463952,2.1026232,1.3304602,1.7780923,2.7002409,1.7824837,4.3977637,0.7158604,0.7626386,1.5587099,1.3440949,1.1024548,2.5387876,3.782547,2.9192595,1.7188803,0.35202157,2.3849127,1.2808492,1.5364077,0.7239775,1.4214064,0.7428989,2.9954777,1.4661382,2.1933382,3.5889056,3.2750688,0.9337258,1.1668397,1.45182,1.166666,2.8731136,3.1921039,2.6976068,2.3200986,2.6577342,1.5245398,4.1417723,1.0105671,1.5890462,1.4502314,3.4126809,1.4579104,0.6474464,2.3362508,1.3051853,1.3386979,3.379648,1.99159,1.1908202,3.1442769,0.56910515,3.0804245,1.4207598,2.483908,1.9874526,0.7891717,2.0197933,2.1904426,2.3106,1.4389217,1.3766685,3.196157,2.55567,1.9154067,2.0043032,3.068327,1.9820921,1.904913,2.7752028,1.6201144,1.019476,0.8642415,1.6227168,0.9503947,3.5144289,2.7752028,1.9734424,9.782986,2.9672499,1.4576383,1.2553229,0.84814286,0.6053962,0.9462472,1.909561,1.3005086,0.67815673,0.7914434,1.6239766,1.2641394,1.3141358,0.6341983,3.5660722,3.5025947,2.531521,1.3618757,3.6222708,1.6446625,1.5215311,0.46273866,1.235019,1.4708174,1.3324816,1.9915612,2.8442953,2.4038298,3.2330966,1.3666425,2.5794423,1.4788395,0.5794819,2.880577,2.0650864,1.4569339,1.5449265,1.3042454,1.2672936,2.6712415,0.5156556,0.6567935,2.1622603,1.97179,0.8233952,3.141072,4.3097095,2.8133821,3.845426,2.7780633,1.1379063,2.6496286,2.1271367,2.08206,2.130398,1.9069204,3.4463732,2.773446,1.3802912,2.0082614,1.0667077,1.2713385,1.5470476,3.4930704,1.2474674,2.1546018,2.546604,1.2244284,1.4904459,2.54181,1.5409833,1.3360825,1.8461493,0.82141614,1.3754027,2.372953,0.9327463,0.93845975,1.1589527,1.8638718,1.0103909,0.6831264,3.432445,2.8739529,1.4866709,2.361263,3.6129055,4.117854,2.1977236,1.119292,2.2342799,1.7323574,1.6806394,3.49197,3.2085726,1.0473917,1.57347,3.018137,0.47420314,3.8308663,0.51643765,0.5426995,0.18885525,2.1980312,2.6502442,0.87816364,2.4946806,1.4735783,0.7201671,1.1333061,1.5756837,3.6763065,1.87531,3.0723407,2.7465951,3.569376,2.0863132,1.7940693,1.3561467,2.227006,1.463443,1.8285885,3.5863233,4.7983537,3.2795877,3.7789118,2.6461384,2.594567,3.8560221,1.6569285,4.032116,1.5941491,3.6613631,1.4450823,2.4578452,3.2600422,2.3679578,1.4246516,1.2400433,1.014196,1.1351703,2.7944171,2.3850486,3.3398209,2.9834917,2.8229764,1.2813201,1.1591504,3.0001502,3.0418172,0.68565595,2.764611,1.606295,1.3114122,1.1844686,3.200708,3.5104659,1.9755454,1.522496,2.6660962,2.0270019,3.0457397,1.7365698,3.0701737,2.3589022,0.45392618,4.4310822,1.2075188,0.43163168,0.7293027,1.5350441,0.29233626,1.614126,2.5415242,1.5922204,1.4949883,2.6355143,3.831801,2.6297815,0.57389945
1.4932189,3.4241903,1.3171526,2.4046862,2.7724254,2.9126356,1.5042127,1.2554225,2.5604236,0.9760387,1.3814611,1.299041,1.5094771,1.2582567,3.3961742,1.3186965,1.6022326,2.655113,3.4007196,2.176533,1.6628207,3.1007211,1.2036369,2.7264597,5.7214565,0.99449587,5.0621853,2.14138,1.1695743,2.7465217,1.6013763,3.5603898,1.4952079,1.9291989,1.4109905,1.1975,2.9111233,1.9836727,4.057596,1.05453,1.0524366,1.8779566,1.3957272,1.2984828,2.4887886,4.019899,3.1682358,1.75017,1.0294505,2.6306598,1.3295287,1.5445688,0.7089494,0.9251436,1.3221359,2.8097835,1.5488235,2.3178794,3.5729678,3.1805904,1.3821138,1.4797579,1.1468631,1.3293365,2.3510854,3.1937928,3.0347562,2.8218791,2.826085,1.6280249,3.9619765,1.0236894,1.7463855,1.1000942,3.3413897,1.5243325,1.0983796,2.5462692,1.2966384,1.3197232,3.6413846,2.2824929,1.1777257,2.946808,1.0144045,3.7558184,1.4302318,2.3485742,1.6156552,0.88942844,1.984726,2.7427511,2.8611548,1.4647223,1.4379973,3.0964017,2.6326613,1.5239741,2.2880342,3.191586,2.2875068,2.4303277,3.0889988,1.6897705,1.2776473,1.0697465,1.8172364,0.90079755,4.1621594,3.0889988,2.2443542,10.289562,2.6713436,2.052876,1.201735,1.1735665,1.1781887,1.6514465,2.3284218,1.9376144,1.0158243,1.300337,1.6295973,1.2606832,1.410313,1.3315026,3.570251,3.6528645,2.6877043,0.98648214,3.6434977,1.8307307,1.6527492,0.8456275,1.265878,1.4686354,1.3540579,1.5907925,2.6835089,2.602264,3.2055616,1.4862055,2.6448586,1.539428,1.2930788,2.7200634,2.0685647,1.5320848,1.0851593,1.6901985,1.3282628,2.4641926,0.87333035,0.79291266,2.672319,2.0648458,0.73729,2.9862266,4.415308,2.8693888,3.849428,2.7821994,1.0577652,2.5559905,1.9667535,1.8702681,2.8382509,1.7991203,3.2419407,2.587062,1.3831222,2.1648843,1.104159,1.3484151,1.228425,3.3251617,1.2780402,2.4876494,2.6164453,1.2445102,1.5960871,2.8565269,1.6880169,1.1608719,1.4806328,1.0595154,1.3834335,2.7814443,1.5905411,0.83952916,0.7134186,2.4732678,1.0903149,1.224426,4.149023,2.7531316,1.5482566,2.2721782,3.5852427,4.17578,1.7495471,0.8596212,2.0960324,1.4678601,1.2448314,3.4770954,3.1130543,1.077465,1.523145,3.2298453,1.0361058,3.5191624,0.96065354,1.0842478,0.85178286,1.9116497,2.824394,0.66698086,2.5216742,1.5074703,0.9712781,0.90088797,1.2810435,4.238263,2.533863,3.1859758,2.478921,3.6076415,2.5508325,1.9838915,1.2719252,2.9493709,1.1633749,1.3263351,3.4210262,5.124844,3.2063305,3.4403882,2.8117087,2.2926888,3.6055453,1.8470733,4.0480957,1.4082736,3.75834,1.5210127,2.662145,3.1813035,3.0243795,1.2548196,1.2231236,1.502684,0.9947798,3.465091,3.1064723,3.3505952,3.2938755,2.723377,1.3025656,0.909352,2.6591852,2.8560522,1.2784126,2.7921386,0.95689523,0.82379514,1.2898473,3.1533663,3.6129982,2.683217,1.6696614,2.4986396,1.5959674,3.7202802,1.9956108,3.1515725,2.2781153,0.9609754,4.1540403,1.9250134,1.1284539,0.8876819,1.627535,0.8706053,1.6305038,3.2503297,1.7698649,1.329769,2.3963785,4.0231786,3.1234646,1.205733
1.1854067,3.049933,2.0418277,3.6968663,3.4921129,3.3894885,1.0987127,0.7824776,2.2334697,0.81513613,1.0867348,0.85727686,2.1421013,0.87518716,4.434988,1.5786159,2.723813,3.0670981,3.8677254,2.2376268,0.8573469,2.553121,2.5646188,3.2001104,5.49083,1.4316018,5.57329,1.9529138,0.981942,2.3692079,0.8884968,3.0633593,1.1467733,3.0289824,1.1846151,1.5594614,2.496689,1.2140188,3.489674,2.1103597,1.1012783,2.5516632,1.0104945,1.065196,3.1041791,3.7185295,2.8235908,0.98756593,1.8014913,2.323356,1.0070342,2.9042678,2.0462182,1.1690289,1.5793324,3.7921214,1.0442256,1.6306261,3.9983842,3.6884024,1.5302922,2.6578128,1.2154379,2.149077,2.0149136,3.4845476,3.5391872,2.7841153,2.1914895,0.94933116,5.2189064,2.3769176,1.038794,1.0663342,2.984566,1.1839647,1.420643,1.9584061,1.0566227,1.0718008,3.3356655,1.6680866,0.93178564,3.9550726,1.2217512,3.9710128,1.1044376,3.535784,2.2245393,1.1983206,2.0225854,2.777103,2.8797755,1.1306392,1.1101938,2.6971285,1.9004977,2.640718,2.8560512,3.5691311,1.9196838,2.294642,2.815737,1.3256525,1.0518348,1.0399481,1.0974337,1.2947294,4.334588,2.815737,1.8014444,10.968344,3.2586331,2.1502852,1.3804824,1.1899842,1.6213148,1.9933188,2.1424904,2.7150156,1.9795299,1.7641239,2.938324,1.0379286,1.1702915,1.9433266,3.6173131,3.7927258,2.2373374,0.68855804,4.058328,1.0972377,1.031918,1.3275723,0.9443141,1.1819066,0.9758073,1.265196,2.6032052,2.0052075,3.4389663,1.0920699,2.9445648,1.0022101,1.8534231,2.8129084,1.1585984,0.9955161,1.5460213,1.5168809,1.0203482,3.7680042,1.2393001,1.2184242,2.6241508,1.2037098,1.2746485,3.1768994,4.647427,3.0703948,4.0589733,3.3223255,0.8720153,3.3398888,2.8201864,1.9203475,3.3675299,1.8522191,4.366406,2.981334,1.0986065,2.4474487,0.9095785,0.9283283,0.8674402,3.377095,1.0737898,2.0400908,2.9478436,0.89383346,0.9958675,2.583179,1.0549777,2.5383296,2.4119706,1.3697138,1.0826666,3.4606123,1.8037018,2.1827817,0.9242547,2.8309863,0.9257438,1.6964864,4.5053325,2.3297777,0.87966114,3.1046455,4.004841,4.526332,1.5454829,0.80321896,3.0038948,1.8368843,2.1795583,4.319878,3.231913,2.2612388,2.5346081,2.7618186,1.4774313,2.890005,1.4331175,1.4927744,1.5360252,2.357204,2.1569068,2.0420716,3.2767484,0.84659404,1.5071911,0.7634849,0.6228086,4.145722,2.7173343,3.613436,2.8620563,3.9801815,2.4897764,1.60073,0.72405016,3.3071666,1.1901695,2.2099817,3.417846,5.6236153,2.8943222,2.6746612,3.378688,2.3085127,4.8304696,1.121496,4.4653726,2.6109319,3.9117908,2.4567306,2.231224,3.1306665,3.1962905,1.426496,1.3575758,1.5923575,2.3642676,3.6341126,3.4844816,3.9046388,3.0280986,3.717949,0.94239306,2.3030548,2.8104918,4.1325755,1.5810395,2.9756281,1.6513519,0.90487295,1.0351493,3.1627555,4.0306854,2.9337356,1.2597088,3.1985033,2.525999,3.9271808,2.625687,3.5902085,3.0339854,1.857056,3.4551075,2.275562,1.6838192,1.1913455,0.8821285,1.4462332,1.2686832,3.7203963,1.1039186,2.3772678,3.4580944,4.3380976,3.0389917,1.5895864
1.387272,3.2846344,1.8671933,2.745491,3.1383374,3.2033007,1.5179119,1.3717737,2.510933,1.4135814,1.456565,1.3200536,1.7828176,1.3023573,3.742551,1.0552983,2.1011875,2.9058223,3.624809,2.0487962,1.7264256,3.0397978,1.48735,2.6965053,5.49798,0.8116639,4.713174,2.225183,1.1041191,2.9486008,1.6117331,3.4891176,1.4735587,2.190318,1.3400922,1.7505106,2.9271982,1.857427,4.255499,1.0221759,0.86945575,1.3607596,1.4539388,1.2096301,2.522423,4.0375214,3.1682634,1.8064857,0.6483728,2.621017,1.3955907,1.6858517,0.83718264,1.2538725,0.9757544,3.2310085,1.613832,2.3093565,3.8704383,3.4772456,0.9865764,1.3969605,1.1866424,0.9175953,2.7691283,3.0946527,3.0235763,2.6023376,2.8268132,1.6373988,4.314602,1.1387709,1.6993484,1.3233156,3.4890769,1.465745,0.72575945,2.5141044,1.3458972,1.3728362,3.6408134,2.1326225,1.2640368,3.373138,0.5965068,3.3252401,1.4450513,2.6258068,1.9123205,0.8123354,1.8684607,2.4693308,2.589097,1.4587047,1.514864,3.2275493,2.5344925,2.037679,1.868974,2.9238036,2.195078,2.1087315,3.0274312,1.6127869,1.1312034,0.95155674,1.7263582,0.9535577,3.774873,3.0274312,2.1880918,9.870892,3.176208,1.7054024,1.2068576,0.9029125,0.69544506,1.1195766,2.1560178,1.5669315,0.5360965,0.7114113,1.817593,1.3132954,1.3495643,0.8076145,3.6608212,3.4089704,2.7255313,1.3494534,3.8968022,1.7431685,1.6527257,0.6742245,1.3274343,1.4721256,1.4546291,1.8372039,3.0545936,2.5530457,3.406046,1.4145826,2.4414167,1.6142288,0.75017744,2.8705864,2.0732284,1.593889,1.3905867,1.5176842,1.3298194,2.800557,0.70700425,0.7066887,2.4382553,1.9907546,0.8475936,3.3471432,4.6025333,3.0972407,4.063763,2.898574,1.1329101,2.6755407,2.1422257,2.2261562,2.2653584,1.735973,3.654539,2.9754841,1.4097763,1.892092,1.1153148,1.3422711,1.599919,3.5859642,1.3034854,2.3662748,2.691183,1.2983083,1.6210059,2.8065286,1.6717924,1.4518409,2.006353,0.7673106,1.4080443,2.7138588,1.1273619,0.95551467,1.1710609,1.8914936,1.0672631,0.7237608,3.5854347,2.8517838,1.5935054,2.4434524,3.849122,4.400751,2.0463085,1.1644219,2.2729192,1.8863922,1.6292725,3.7605464,3.2978914,0.93348306,1.4085234,3.2362006,0.4323949,3.792632,0.7898696,0.805382,0.35173044,2.1306546,2.7564468,0.92997277,2.7075546,1.5758336,0.6314645,1.135241,1.5749077,3.8335915,2.1190407,3.3111227,2.8372166,3.862104,2.3641117,1.9804118,1.4192754,2.3723605,1.2512951,1.7822623,3.6607761,4.7891173,3.377596,3.6786313,2.521264,2.7617724,4.016944,1.7599974,4.289524,1.4294338,3.7106,1.2208056,2.6775389,3.3694735,2.6258802,1.3215852,1.0937994,1.2626601,1.2557808,3.0390658,2.5466216,3.605763,3.2402656,3.0088215,1.3692869,1.1776298,2.8869767,3.196201,0.9234346,3.0335212,1.5633978,1.3008811,1.1716204,3.2051692,3.432828,2.1810603,1.6739498,2.8950992,2.0259068,3.2910244,2.039798,3.2420235,2.3830016,0.7762051,4.358497,1.3734462,0.6739444,0.76111895,1.623103,0.5402241,1.6116748,2.6625538,1.7180635,1.4141299,2.7867405,3.7676163,2.907566,0.8055749
0.98065144,3.0910807,1.756594,3.580992,2.895344,2.8797812,1.151465,1.0651364,2.160345,1.1222095,1.0681014,0.99965084,1.1574025,0.93587285,3.8888206,1.0762062,2.440155,2.2997625,3.247304,1.3859314,1.2029625,2.4842196,2.252909,2.128982,4.6893697,1.5963101,4.762503,1.0173111,0.9084065,1.4355139,1.3493267,2.7796626,0.65366805,2.1890223,0.7228335,0.9556639,2.4207354,1.4317626,2.787413,1.9951942,1.2378132,2.3449812,1.0248306,1.1119356,2.0099354,3.4874744,2.7507164,1.2107626,1.8016367,2.2215102,1.0255222,2.6332173,1.9557866,1.7160505,1.9027551,3.3306665,1.5121464,1.5283996,3.4540637,2.7987173,1.3832549,2.6283238,1.0659424,1.9570491,1.3891832,2.4544644,3.1864524,2.865038,2.130687,1.430723,4.7644796,2.1565626,1.4641391,0.44533354,2.1190412,0.71572506,1.3442038,1.9915711,0.65612227,0.6189238,3.2149963,1.7981347,0.83951056,3.4902642,1.4758985,4.037861,0.6370614,2.7987974,1.193969,0.9308133,1.180755,2.8615868,2.959356,0.6544058,1.1157461,1.7861291,1.4507382,2.106121,2.3271449,2.7658339,1.962642,2.2716086,2.7050788,0.7501931,1.2529955,1.1053314,1.4884715,0.76730007,4.3589835,2.7050788,2.04558,10.334575,2.731157,2.2577968,0.60289085,1.1880299,1.560042,2.1662667,2.2063775,2.6528385,1.8564984,1.681164,2.74928,0.6950006,0.7755341,1.9340298,2.566198,2.9099348,2.0369346,0.9520956,3.4290235,1.4549057,1.5186623,1.3990259,0.94770294,0.56759655,1.1094656,0.6347993,2.27097,1.8652841,2.4940054,0.88735396,2.0825706,1.3859048,1.937574,1.6300826,1.0790714,1.447115,0.83788216,1.7193431,0.8263631,3.6018515,1.4660034,1.0441417,2.7343402,1.1931608,0.8759514,2.4847677,4.129019,2.6829543,3.2409463,2.2566035,0.6597883,2.259342,1.8049634,1.2574016,3.5145807,1.0254534,3.935233,2.2491229,0.6319615,1.694528,0.8618903,0.9487183,1.0440058,2.3225844,0.7373662,2.1992958,1.9650576,0.9053904,1.495033,2.649045,1.5308536,2.3078673,1.9044838,1.0955167,0.6531328,3.2989194,2.0633602,1.864321,1.1466203,2.6190636,0.9337772,1.5642245,4.723302,1.3854913,1.3843387,2.0821834,3.2112696,3.9206557,0.8026816,1.025161,2.0060859,1.2356936,1.3744792,3.6849487,2.138086,1.9332784,1.9967549,2.6427345,1.6712341,2.1837885,1.5754414,1.746527,1.6509701,1.2202742,1.8857709,1.7774258,2.4382403,1.3337401,1.2277694,0.7823393,0.8942132,3.8475883,2.8040407,2.82035,1.7977532,3.4824088,2.5579772,1.5590166,0.994247,3.5117576,0.77922726,2.5256739,2.3472965,4.7900887,2.0499475,2.1363819,2.620947,1.9322511,4.4226437,1.4741054,3.726609,2.2598317,2.8470807,2.168461,2.2048962,2.1441803,3.3596067,0.5364413,0.816368,1.8163655,2.2164006,3.7349994,3.6711183,3.2160563,2.896062,2.8983607,0.9268955,1.9979235,1.7046221,3.9397132,1.8747445,2.523538,1.1810561,1.0477749,0.81198096,2.0432591,3.0529773,3.1527264,1.2857802,2.5438476,2.8374295,4.001803,2.1919484,2.6141188,1.9689997,1.76135,2.7801604,2.4294448,1.8544476,1.0069112,1.3147347,1.6185069,0.6311503,3.8966482,1.5429233,1.6669112,3.5802748,3.4258773,3.0800147,1.8387493
2.6007304,3.2380657,3.6429527,4.103127,4.1356893,4.0228605,2.8417087,3.014727,3.0117302,3.488233,2.8915436,2.8432221,3.4256604,2.8566744,4.5778427,2.3561425,3.722803,3.738855,4.148529,3.0329685,3.1631353,3.4103866,2.989783,3.3744698,4.9443126,2.2766967,3.6253965,3.6428986,2.6251776,4.1362705,3.0022447,3.649714,2.8337107,3.3444898,2.6835704,3.7808764,3.468695,2.8503273,5.6227074,2.3026943,2.394541,1.8899252,2.899894,2.5766091,3.264434,4.177904,3.5402625,3.1625881,1.9415622,3.1614025,2.876687,2.8609543,2.6030273,3.494148,2.0457203,4.375708,3.0356925,3.228208,4.5757174,4.2882395,1.9633852,2.3410587,3.1353245,2.2300253,4.672949,3.549656,3.0041022,2.4306383,3.4975889,3.0004127,5.239078,2.6244626,2.924198,3.2363043,4.3303704,2.767318,2.0714943,3.2110841,2.854751,2.8760676,3.8382692,2.7876842,2.871257,4.514312,2.1880596,1.8680118,2.865399,3.6141903,3.5266585,2.501037,2.962818,2.1611633,2.218199,2.841435,2.9205346,4.174311,3.341519,3.694654,2.0171762,3.05477,2.7955437,1.9991535,3.2289603,2.80258,2.4926972,2.4958446,2.85504,2.6597238,2.36736,3.2289603,2.9483666,8.003746,4.5811105,1.7899706,2.7399216,2.2740989,1.8575331,1.4642358,2.4803283,1.4539974,2.0584064,1.7667942,2.9980562,2.8402407,2.6815476,1.5982866,4.1450367,3.3665211,3.4216926,3.373469,4.4660835,2.8696392,2.971666,2.323541,2.8617013,2.8689213,2.9688878,3.700243,4.3330436,3.1997678,4.0780215,2.7101796,2.9488869,3.0477633,1.6585691,3.890141,3.3097956,3.028374,3.3384895,2.391617,2.778186,4.097487,2.3820367,2.465177,2.3331869,3.085898,2.669512,4.43662,4.8964124,3.8628004,4.588272,3.4844418,2.8620112,3.468443,3.2623613,3.6810937,0.7642674,3.0439844,4.760358,4.1615777,2.858433,2.4584465,2.7384827,2.7981534,3.4984212,4.547617,2.7857916,2.8515341,3.2544522,2.8603778,3.0008273,3.160972,2.951065,3.0229664,3.6675656,2.2655628,2.8559628,2.6620812,1.7136338,2.6337664,3.2769074,0.85525364,2.6755009,1.8149662,1.6834127,3.9177334,3.0468457,3.3343666,4.4807005,4.8074713,3.9093113,3.1217926,3.3020606,3.486045,3.3929625,4.375143,4.1111393,2.4331367,2.6608446,3.6704848,2.0006256,5.1888356,2.2875926,2.1701674,2.0905237,3.547839,3.3394284,2.7534487,3.3739955,3.0745444,2.2124953,3.0535116,3.464125,2.5224085,1.4800655,3.6626742,4.1114635,4.455224,2.4450347,2.9261374,3.1028433,0.8300994,3.1382904,3.8790236,4.5997434,3.7694733,4.256565,5.1774273,2.644702,4.327479,5.16405,2.8711007,4.758304,2.9502478,3.8319392,2.4125009,3.330146,4.1923037,1.7254151,2.942136,2.6442046,2.169666,2.8960602,1.7583789,0.92018676,4.209236,3.3794606,3.8513813,2.8925607,2.9112394,4.2771754,4.3809624,2.0285983,3.8590481,3.6664805,3.411532,2.6128674,3.8798769,3.4642663,1.2002715,2.8606832,4.0398917,4.000949,1.860738,2.62946,3.5932007,3.2498434,2.1292722,5.608334,1.2007118,1.906198,2.4435303,2.9899411,2.1854217,2.9030144,0.8918469,2.9070275,2.8457603,4.2892,3.4507935,2.602539,1.976308
1.0170181,2.5423503,2.011831,3.67497,3.3347478,3.1427486,0.79292667,0.5781692,1.7900841,1.016254,0.8369633,0.6524232,2.4224052,0.7138084,4.2957406,1.6783589,2.6923585,2.9098198,3.6126544,2.4862566,0.5876866,2.14749,2.5459146,3.388654,5.4487762,1.1342711,5.534112,2.322062,0.8715337,2.5038261,0.45766786,2.7250714,1.1608148,3.0872386,1.1768409,1.8530359,2.076926,0.88446444,3.9100966,1.9102514,0.8723343,2.6161501,0.77905405,0.8032303,3.2364001,3.3090558,2.3756444,0.7212196,1.5875124,1.8916395,0.7780137,2.8362021,2.0093465,1.4798138,1.1889135,3.6756182,0.5734257,1.3644713,3.7513742,3.5969741,1.359145,2.4623585,1.6292989,2.2680511,2.4714677,3.6800165,3.1379292,2.2431226,1.8388613,0.47602782,5.164623,2.3321133,0.5698663,1.4219658,3.0000334,1.1818938,1.2633526,1.5499071,1.039938,1.0734059,2.8881147,1.24409,0.83350575,3.8490422,1.0440036,3.4630787,1.1059378,3.5312624,2.4987767,1.1795939,2.2665489,2.2437825,2.3432643,1.1314335,0.8371845,2.7867198,1.9348595,2.6951995,2.9281917,3.741804,1.4498866,1.8422713,2.3556387,1.3517969,0.7307445,0.8492495,0.6437445,1.3542415,3.8106377,2.3556387,1.279471,10.753947,3.1918662,1.6746982,1.5086364,1.0183313,1.4480684,1.650714,1.6341966,2.383059,1.9847537,1.687386,2.825618,1.0023421,1.1144937,1.7115395,3.6085374,3.919442,1.8946999,0.9116139,3.8158247,0.67070556,0.52276057,1.122108,0.76698846,1.2327118,0.7113668,1.7363471,2.4284558,1.6790525,3.3485236,0.9727011,3.134425,0.58625823,1.6088964,2.991511,1.1486219,0.54129136,1.8994802,1.0277138,0.91183305,3.737028,0.99710053,1.1715509,2.0824654,1.1006832,1.3169016,3.0639923,4.3270273,2.7593637,3.8921056,3.3040204,0.9412286,3.4478574,2.9474382,1.8863755,3.0152295,2.1419234,4.282018,2.8978703,1.0967668,2.5691156,0.82682383,0.7499744,0.9434384,3.435495,1.0138611,1.5308205,2.8665626,0.75065595,0.49918514,2.073349,0.54234415,2.5264654,2.4207618,1.3675964,1.0701604,3.0383666,1.4120786,2.2250469,1.0570316,2.63389,0.80765724,1.56138,4.0730295,2.5010097,0.435032,3.1558466,3.839083,4.2532215,2.0154688,0.83391404,3.105041,1.8146535,2.408818,4.127511,3.2699523,2.3469424,2.7088497,2.3623013,1.3454676,3.1690242,1.1511458,1.1686008,1.3909922,2.616188,1.9289385,2.0774853,3.1543827,0.44353977,1.5247414,0.87908345,0.8332288,3.7759385,2.2380424,3.4036934,2.9581876,3.6933699,1.9608151,1.2128242,0.6026757,2.9096487,1.5818261,2.3594368,3.4985068,5.601599,2.8801243,3.053162,3.508182,2.255714,4.803925,0.68845665,4.2547097,2.7967544,3.9248836,2.605549,1.8050776,3.1249483,2.6736019,1.6586382,1.5462788,1.1361165,2.3371127,3.121383,3.0719838,3.6937053,2.570864,3.663339,0.77590466,2.370963,3.167812,4.074558,1.2104048,2.6973133,1.9304372,1.119023,1.023828,3.2799222,4.166137,2.4719348,0.9102331,3.0899317,2.6165776,3.4173577,2.3266459,3.4811103,3.1363308,1.6546046,3.7596543,1.9174136,1.4184246,1.1436616,0.4801135,1.2325246,1.3177787,3.3570704,0.6009413,2.538959,3.3788826,4.4236054,2.5019064,1.2648003
2.2007911,4.072065,1.8701878,2.495966,2.6009607,2.9584887,2.4035091,2.3290002,3.2094784,2.1551178,2.2773156,2.275874,0.86472136,2.2079318,3.003666,1.5727494,1.8186473,2.4574049,3.2488358,1.8451451,2.6716905,3.7136364,1.2512777,1.6797175,5.207261,2.0533388,4.1291957,2.009161,2.0361614,2.7169478,2.685754,3.9433029,2.07593,0.83768094,1.9866161,1.5838821,3.5473757,2.8563137,3.8722258,1.6804005,2.0619292,1.8670793,2.3017309,2.2079353,1.3685691,4.418424,3.7742112,2.6938138,1.8166697,3.2578444,2.253638,1.5049119,1.409066,2.2198427,2.382825,2.6431334,2.6930623,3.0005407,3.528205,2.6823938,1.9927197,1.9524289,1.7538983,1.4864258,2.51922,2.2669973,3.1646292,3.4945204,3.4889889,2.731047,3.470292,1.2928032,2.7929418,1.6680374,3.234764,2.0901625,1.8570065,3.2938814,1.9942725,1.987257,4.164333,3.0847023,2.0762713,2.7389243,2.068059,4.2032566,2.0563703,1.449476,0.92028785,1.6574503,1.7736548,3.398696,3.5028107,2.0685074,2.3375304,2.9913204,2.9710639,1.330963,1.8381419,2.3737402,3.047816,3.0218496,3.6435316,2.1369927,2.2740781,2.0380087,2.826018,1.4713767,4.5683427,3.6435316,3.167773,9.466573,2.676762,2.7858458,1.5166003,2.0201757,1.8669548,2.4286978,3.067916,2.3413239,1.4621143,1.8379643,1.7919855,1.9964501,2.0346162,1.9720551,3.0176795,2.9166412,3.2570684,2.1171553,3.487849,2.8168006,2.7683136,1.877695,2.191701,1.9941993,2.3433607,1.9826075,3.1341147,3.2122855,2.7889807,2.2116466,1.9453424,2.6293678,2.05519,2.110818,2.7796435,2.6608925,1.2350239,2.6227279,2.116698,2.471238,2.0244863,1.6550702,3.3828099,2.7946978,1.458628,2.9508545,4.3927913,3.15309,3.530559,1.9592488,1.9103574,1.2886131,0.7549064,2.1793973,3.2946048,1.6704805,2.9589589,2.4712293,2.0212595,1.756214,2.0225117,2.2461812,2.2809293,2.8552725,2.0010014,3.3096802,2.1400933,2.1746652,2.7307396,3.586873,2.7896173,1.3582921,1.5583988,1.6568538,2.04199,3.0789678,2.4981227,0.97848934,1.964381,2.577283,2.0359461,1.7988425,4.6115346,2.6791933,2.6766305,1.1809212,3.2258017,4.0288286,1.9519601,2.0423124,0.84467983,1.8226562,0.6050584,3.0868502,2.573907,1.0147394,0.8734106,3.8047957,1.9872795,3.550191,2.013109,2.1688154,1.8306198,1.1826707,3.3054736,1.0909902,1.9522858,2.6329834,1.5075078,1.9400786,2.3177722,4.325502,3.1377647,2.8317144,1.9423838,3.6305394,3.253761,2.7463818,2.3281026,3.4998648,1.6636422,2.3160121,2.9343855,4.1639743,3.1415112,3.5868652,1.9666128,2.7412288,3.2246084,2.8309703,3.7168102,1.0364195,3.0014355,1.3669825,3.3623435,2.867509,3.6581633,1.4501411,1.5896304,2.4700089,1.4284778,3.9829204,3.6266673,3.0753438,3.8128211,1.9274396,2.2110527,1.0069466,1.9715527,2.806865,2.3232498,3.0290565,1.3789343,1.9686843,2.0147095,2.5462346,2.586126,3.3482811,2.5252953,2.302931,2.5104485,4.18115,2.1556988,2.5168796,1.1065986,1.6856202,4.101994,2.6087143,2.0700169,1.708224,2.6842606,1.9426287,2.0953922,3.6933439,2.8308423,0.37426862,2.9544585,3.1161156,3.7384825,2.2191632
4.2075014,5.1221566,2.7464817,0.9903095,3.2166018,3.6182284,4.0321574,3.8498816,4.5310946,3.506532,3.9074883,3.9711497,3.9568517,3.945872,2.708629,4.1737747,2.0022066,4.0231066,4.11362,4.9920087,4.2159457,5.1528516,2.2585945,5.0426726,8.143654,3.3263073,6.8273544,4.9951158,3.95032,5.246008,4.0946593,5.6438656,4.316599,3.244816,4.2388663,3.5844197,4.7665324,4.5838933,6.7320824,2.7292988,3.718509,4.134378,3.978386,3.9423492,4.6188283,5.507725,4.843397,4.2868657,3.2330883,4.522709,3.9099731,2.1180646,2.5772533,3.3261855,3.481571,2.3794093,3.8439972,4.777592,4.059649,4.286568,4.032676,2.2995849,4.0905695,3.7274578,4.803997,5.6314,3.8142042,4.345546,4.99912,4.060789,2.2934053,2.458486,4.208679,4.02948,5.669882,4.349354,3.75496,4.7277637,4.0711436,4.10237,5.144271,4.6684575,3.8839254,2.3472972,3.6682596,4.8807125,4.226912,2.8950665,3.9961073,3.7232716,4.8369937,4.2770786,4.362624,4.269484,3.9289348,5.6044025,5.4623437,2.529572,4.6290655,5.60095,4.3937006,4.5326085,4.8132105,4.526641,3.890082,3.7830305,4.3106365,3.7369196,5.193371,4.8132105,4.260577,10.9774885,3.198057,3.9851694,4.065067,3.906554,3.7123396,3.7364542,4.269581,3.263381,3.366651,3.8744352,1.8494198,4.02305,4.197236,3.5295813,5.6612115,6.1714664,4.765488,3.6552818,4.312059,4.3467035,4.018801,3.3936474,3.9146361,4.2991166,3.870085,4.4449697,4.094755,4.932383,4.855801,4.2419486,5.2202234,3.9147072,3.511593,5.1365848,4.822586,3.8831787,3.854139,3.9241529,4.0633717,1.0650111,3.3884718,3.5990205,4.2779584,4.81392,3.5677922,4.284827,5.0389843,3.9522345,5.1185904,4.5461874,3.9219453,4.3323927,3.894503,3.93585,4.0804076,4.678534,2.0781362,3.8467162,4.172933,4.8229513,3.882003,4.047413,3.6904871,5.2799816,4.0318003,4.5263934,4.5881224,3.9376445,3.9570572,4.4859414,4.0608644,2.155525,2.6989734,3.8912635,4.168156,3.2109127,3.722552,2.813377,3.3271723,4.6181717,3.8552291,3.7774277,5.058432,5.4438696,3.9886048,3.9414027,4.5260053,4.753237,4.5074687,3.517986,3.8367262,3.4788132,3.4442773,3.4264424,5.1718884,3.1994193,3.6777716,5.095601,3.5974782,6.021838,3.3083773,3.3364398,3.3400211,4.346034,5.301748,2.712516,3.719394,3.9645967,3.7591586,3.7102945,3.9238603,6.167214,4.1809936,4.459708,4.3016458,4.152234,4.21724,4.2460146,3.8965387,4.3245406,4.1354437,2.2946103,5.474002,6.9227324,5.4488854,6.104495,5.0707493,3.8040388,1.9783391,4.3486233,4.757149,3.1837308,5.95146,3.698749,4.5993114,5.2636247,4.3279223,4.145105,4.1697803,3.6548743,2.222511,4.716995,4.364037,4.015536,4.941875,3.3225162,3.9541717,2.5886197,5.116187,1.0118619,3.460801,4.0108495,3.2865767,3.437255,4.155719,5.584901,5.850364,4.161848,4.105361,3.2549424,1.9421446,4.8581147,3.3697393,4.757251,4.216589,3.065854,6.773782,3.8538272,3.363146,3.7060752,4.159884,3.309712,4.4581194,4.41044,4.173501,3.5201893,0.7583296,6.2955656,4.61584,3.4444876
2.3606489,3.9526536,3.4767885,4.921407,3.973689,3.9711854,2.764929,2.8949296,3.2631104,3.1362462,2.759351,2.711226,1.9648674,2.6676855,4.8514214,1.9101242,3.9385312,3.11011,4.0200934,0.9785952,2.9163802,3.3776653,3.5045204,1.1244138,3.1027954,3.097013,3.3077786,1.3107674,2.4957554,1.9252648,3.0405262,3.2679496,2.1129277,2.826732,2.1116676,2.7218914,3.5191655,2.7438507,2.4484203,3.314484,2.759535,2.6514554,2.7187672,2.6574838,1.5050288,4.2079854,3.7805138,2.8629854,3.0405626,3.3438284,2.737563,3.7546408,3.3274238,3.4879355,3.28675,4.5432587,3.266836,2.723163,4.404999,3.3329902,2.4014652,3.8432777,2.3766549,2.6604266,2.5890765,0.82568574,4.0056353,3.8384492,3.1974864,3.1205678,5.7189302,3.3812163,3.0484962,2.2264686,2.2215867,2.084199,2.5711899,3.1774063,2.320347,2.2796125,4.1082973,2.9444811,2.6021252,4.6818695,2.8654268,4.543857,2.2014287,3.489379,1.9599136,2.4259841,1.1386579,3.7877574,3.855199,2.161289,2.7993777,1.832283,1.812546,3.4377623,2.0198367,1.4299492,3.1684473,3.0489967,3.6245263,1.904568,2.7845116,2.6696508,2.988069,2.280863,4.815948,3.6245263,3.4395895,9.153787,4.069983,3.282451,1.9381032,2.541443,2.6534224,3.1851976,3.3217137,3.5429933,2.8377361,2.5509417,3.9997256,2.3752153,2.204418,2.949797,2.0514607,1.0702767,3.1161196,2.9575138,4.1919026,2.9407668,3.196477,2.9049513,2.6768444,2.05154,2.8718507,2.1464396,3.7194784,2.8526428,2.7564912,2.3404453,0.97624165,3.1354153,3.0314186,1.2601751,2.4031415,3.1991374,2.2224708,3.10256,2.4434948,4.89705,3.0325482,2.5533595,3.743709,2.414002,2.453396,3.481246,4.811517,3.8437781,3.5829294,2.1681075,2.4357285,2.037408,2.089537,2.755511,4.1023,1.3518977,5.0849624,3.3224282,2.2289689,1.2466261,2.5588965,2.59702,3.0554123,2.4055266,2.3645818,3.386448,2.0975814,2.6422002,3.2117274,3.811422,3.1814718,3.6142669,3.3771167,2.279756,2.2551801,4.296528,3.228438,3.0260866,3.1024723,2.6946428,2.5976167,2.5508866,5.1510215,1.4516338,3.130871,2.2896194,3.7574239,4.585236,2.114835,2.965453,2.2565722,2.854038,2.4449167,4.482667,2.033906,2.825464,2.46737,3.59189,2.9086235,2.5382378,3.0787485,3.2021053,2.9789312,1.6067854,2.5767784,3.103678,2.998826,3.1070075,2.3454103,2.7024045,2.8919733,3.5448632,3.596742,3.2099533,2.4293263,4.4243145,3.6196496,2.936262,2.8606992,4.1115294,2.171812,4.2499466,2.2686126,3.2746863,2.358809,2.5305638,1.7253166,3.541381,5.518819,2.9548912,4.2370462,3.055877,1.6284833,2.7284293,3.407227,2.2711794,4.154973,1.839635,1.9324435,3.1937623,3.5816638,4.328939,4.25089,3.9480503,3.7617261,3.5060008,2.6572027,3.2279394,1.487027,5.2118335,3.2494226,3.6583848,2.8728385,3.0367172,2.2590766,1.1138891,1.4485319,3.9351685,2.8199868,3.6530592,4.556706,4.524058,3.2202442,2.5669737,1.8974208,3.0608544,2.6365297,3.308085,3.1356885,2.4847143,2.9769616,3.0552912,1.9534327,4.391046,3.1235251,2.338438,5.208093,1.6933752,3.9485488,3.1788843
0.7590312,1.9620422,2.0745683,3.83798,3.1252558,2.834766,0.48791236,0.64993334,1.212042,1.3803753,0.6319418,0.58977574,2.5040984,0.66278917,4.1586685,1.6713766,2.7763064,2.5791702,3.2355072,2.4616497,0.48324773,1.5790683,2.6282752,3.2782042,5.0265803,1.0987161,5.2293,2.3841612,0.8146309,2.3098109,0.30497456,2.1561255,1.0274856,3.0311785,1.0450784,2.0532806,1.5389091,0.44638646,3.970276,1.8761566,0.8433446,2.6855755,0.5952687,0.6130068,3.0956016,2.7592041,1.8304983,0.49487108,1.5513916,1.3348501,0.6254593,2.8866525,2.1463072,1.9930247,1.1074564,3.5958335,0.4740916,0.89962083,3.4184508,3.3010826,1.192696,2.4769642,1.9441935,2.4165804,2.679178,3.545175,2.6982214,1.7154921,1.3215238,0.2869191,5.1664243,2.4158692,0.1335195,1.6281756,2.6715803,1.0291513,1.1917046,0.9981367,0.94897807,0.98318434,2.3405228,0.6547968,0.7987678,3.780456,1.1235782,3.020313,0.98307776,3.4579961,2.5618646,1.1922708,2.250631,1.7404007,1.8311046,0.9963345,0.6019453,2.521802,1.6799103,2.7603555,2.8718967,3.6518085,0.8572849,1.2993776,1.7761059,1.176285,0.58225673,0.8112438,0.11875746,1.3698536,3.3245304,1.7761059,0.7494051,10.364204,3.0972993,1.2592734,1.4926022,0.93487275,1.3705231,1.4902179,1.0669167,2.179164,2.0893388,1.6779914,2.871488,0.9167664,0.94990915,1.615275,3.2418504,3.7194371,1.3730133,1.2512774,3.442972,0.17507993,0.28282088,1.130121,0.6751682,1.1223267,0.5959626,1.9699607,2.200891,1.1372871,2.9820557,0.768891,3.0527382,0.44641745,1.544069,2.8234124,0.98224413,0.44033897,2.1060927,0.5815329,0.77556396,3.8737044,1.0559486,1.206425,1.5633663,0.8494647,1.3710079,2.787677,3.8796031,2.381393,3.4812176,3.0138087,1.0183923,3.3101068,2.8751745,1.720754,2.8322005,2.1867182,4.2574186,2.6751623,0.98291785,2.4665694,0.82819134,0.62152475,1.1732566,3.1677277,0.89951736,0.9457542,2.5090144,0.69756055,0.3556505,1.5343739,0.23416974,2.6458337,2.4462173,1.363245,0.9534676,2.6981874,1.2420816,2.3388531,1.3872089,2.3982937,0.8039886,1.4866816,3.8074973,2.319673,0.39343125,2.999144,3.4814749,3.842839,2.2337465,1.0931072,3.0141795,1.7356869,2.5195298,3.8712728,2.9747236,2.4684615,2.81579,1.8192868,1.434413,3.1204295,1.1224452,1.1472336,1.4668324,2.6136289,1.4414562,2.2114756,2.8737848,0.4494997,1.5552756,1.0911386,1.1186051,3.2285852,1.8255906,2.9849255,2.8050663,3.3247788,1.4273559,0.68723655,0.7183186,2.6797059,1.8285681,2.7758675,3.2350907,5.303411,2.5415492,3.1166933,3.424419,2.168779,4.849515,0.17071405,3.86642,2.99538,3.5712397,2.7568042,1.2712816,2.7923632,2.2611585,1.7117012,1.611982,0.8625542,2.4718213,2.6808555,2.8206997,3.352287,1.9943808,3.4924507,0.67474186,2.5205593,3.1963475,4.17777,1.136155,2.325,2.170215,1.4528978,0.9706144,3.025817,3.989229,2.1709902,0.48323148,2.9094234,3.00125,2.9749906,1.9902412,3.100414,3.0025463,1.606115,3.7083316,1.7186451,1.3969806,1.1577525,0.29233947,1.282622,1.1684347,3.1622248,0.12228583,2.603163,3.5789242,4.1917686,1.948739,1.2164618
1.2444017,2.9028268,1.9049314,2.8588974,3.0195806,3.0064766,1.3562841,1.3127058,2.189608,1.5646372,1.3232759,1.2303298,2.014827,1.2261533,3.6629353,1.1323773,2.1667035,2.7457006,3.3994052,2.1804233,1.6307172,2.736288,1.5839934,2.7914429,5.3391094,0.5215506,4.5997343,2.4112918,1.028045,2.947501,1.4778918,3.1917694,1.4327493,2.262025,1.2891603,1.9690915,2.6277902,1.6736525,4.4377747,0.84948283,0.7053802,1.4870638,1.335159,1.0467433,2.5813754,3.705425,2.840196,1.6903055,0.2877641,2.3084366,1.2798644,1.7257655,0.97013855,1.5976071,0.58954436,3.1832101,1.4575336,2.118756,3.6685665,3.3642576,0.7632519,1.2834978,1.5318544,1.186634,3.0020132,3.1721756,2.6703336,2.1709738,2.5758328,1.4871945,4.342947,1.2220675,1.5218254,1.5464649,3.4036918,1.4123083,0.517945,2.2462242,1.3077025,1.3419201,3.2981172,1.859765,1.2107959,3.336603,0.44370475,2.874407,1.4040202,2.6522434,2.1273556,0.81300336,1.9985144,2.0239804,2.1434677,1.4135051,1.3721368,3.1879263,2.4617116,2.1514044,1.9196129,3.0099277,1.8756477,1.7068442,2.6737332,1.5637056,0.9434469,0.8279204,1.5342098,1.0156736,3.3190105,2.6737332,1.8854287,9.643917,3.144377,1.2622977,1.2815436,0.74382174,0.41144666,0.6891555,1.7743769,1.1932516,0.7208559,0.6211686,1.8165976,1.2693952,1.2715062,0.41581446,3.5552084,3.4153826,2.469548,1.4869746,3.6827934,1.5566062,1.4799964,0.48043084,1.2377982,1.4534415,1.3427187,2.0805209,2.9298687,2.3064375,3.2677522,1.3090858,2.5377426,1.4709345,0.3294184,2.9172573,2.0127244,1.446459,1.691616,1.186555,1.2464875,2.8978612,0.5250571,0.7002829,2.0074425,1.887852,0.9258818,3.2323308,4.3276744,2.855418,3.876406,2.8168077,1.1715745,2.7298155,2.239396,2.1773753,1.9302222,1.91283,3.6500657,2.891232,1.3705231,1.9392617,1.0706782,1.2437829,1.6604407,3.546765,1.2419232,2.0323415,2.5501237,1.2267734,1.4625205,2.450323,1.4906623,1.5742973,2.0647876,0.770232,1.3639343,2.352728,0.6967956,1.1516665,1.3304415,1.6397003,1.0043362,0.50787747,3.2183857,2.8653193,1.4684556,2.4576967,3.6787276,4.1599436,2.3040218,1.2371624,2.3485587,1.8719503,1.871557,3.6060421,3.2404737,1.1816902,1.667875,2.936536,0.29660258,3.8763473,0.5122829,0.46384418,0.12886855,2.2987232,2.544968,1.1245247,2.5721147,1.4661267,0.6989645,1.2256448,1.6613976,3.4558926,1.6625057,3.0887182,2.8616776,3.6283112,1.9501017,1.7317959,1.389796,1.9993871,1.5398332,2.0768871,3.6310573,4.6885924,3.2795348,3.8201678,2.5970116,2.7263594,4.0766892,1.5680668,4.086426,1.7587161,3.6143563,1.4985702,2.3883011,3.2790868,2.1689126,1.4767125,1.2402544,0.8842656,1.3776408,2.5848458,2.1645787,3.4143128,2.8839734,2.9617558,1.2829647,1.3982915,3.0879579,3.2600622,0.5300034,2.810709,1.829609,1.4793228,1.1356252,3.1911,3.4669766,1.749026,1.4757671,2.8123903,2.2735245,2.8394203,1.7561426,3.0812511,2.434105,0.52875584,4.451578,0.9565564,0.22929555,0.73801,1.4913219,0.26889506,1.5806464,2.3337028,1.5222672,1.6315274,2.862367,3.7472653,2.4773507,0.3956159
