1,2,3,4,5,6,7,8,9,10,11,12,13,14,15,16,17,18,19,20,21,22,23,24,25,26,27,28,29,30,31,32,33,34,35,36,37,38,39,40,41,42,43,44,45,46,47,48,49,50,51,52,53,54,55,56,57,58,59,60,61,62,63,64,65,66,67,68,69,70,71,72,73,74,75,76,77,78,79,80,81,82,83,84,85,86,87,88,89,90,91,92,93,94,95,96,97,98,99,100,101,102,103,104,105,106,107,108,109,110,111,112,113,114,115,116,117,118,119,120,121,122,123,124,125,126,127,128,129,130,131,132,133,134,135,136,137,138,139,140,141,142,143,144,145,146,147,148,149,150,151,152,153,154,155,156,157,158,159,160,161,162,163,164,165,166,167,168,169,170,171,172,173,174,175,176,177,178,179,180,181,182,183,184,185,186,187,188,189,190,191,192,193,194,195,196,197,198,199,200,201,202,203,204,205,206,207,208,209,210,211,212,213,214,215,216,217,218,219,220,221,222,223,224,225,226,227,228,229,230,231,232,233,234,235,236,237,238,239,240,241,242,243,244,245,246,247,248,249,250,251,252,253,254,255,256,257,258,259,260,261,262,263,264,265,266,267,268,269,270,271,272,273,274,275,276,277,278,279,280,281,282,283,284,285,286,287,288,289,290,291,292
1.0284436,3.1536334,1.781622,3.4893541,3.1848214,3.1553047,1.071696,0.79514277,2.2551346,0.7052495,1.0022633,0.812792,1.5684512,0.7785528,4.1197023,1.2138203,2.4545226,2.7275858,3.6031165,1.7833866,0.98441905,2.607709,2.2618732,2.6681025,5.2008233,1.394235,5.194901,1.4606353,0.8067354,1.9934534,1.0767614,3.032545,0.847913,2.5446067,0.8854687,1.0843065,2.5331247,1.3292937,3.1499386,1.9330429,1.036093,2.3159826,0.9370006,0.99649924,2.565043,3.7068427,2.8662133,1.0702531,1.6779916,2.3334727,0.92416126,2.6339042,1.8247539,1.1768976,1.6529294,3.5027268,1.2304325,1.6313814,3.7644303,3.2896116,1.3736365,2.5186224,0.8464611,1.8794464,1.614973,2.986697,3.3917172,2.8640342,2.2404382,1.1547344,4.9017053,2.112335,1.2334231,0.49079952,2.6642692,0.90161204,1.2609113,2.0362177,0.7581018,0.7556671,3.3662453,1.7733138,0.74361795,3.6611874,1.2007011,4.033826,0.805365,3.1005068,1.6459651,0.8983591,1.5670288,2.8489451,2.9545624,0.83539283,1.0485809,2.3470666,1.7369053,2.255395,2.5169823,3.1416168,1.9802415,2.3145742,2.8376667,1.0265447,1.0575539,0.9338498,1.2834443,0.8836502,4.393088,2.8376667,1.9520358,10.686548,2.9646575,2.1934764,0.9123013,1.0689036,1.4775007,2.0086546,2.2054439,2.6210275,1.750312,1.5970905,2.7140682,0.7571905,0.9063845,1.8378155,3.197947,3.380477,2.211147,0.51907176,3.7951484,1.2675126,1.2452615,1.218265,0.83149,0.8317247,0.9525682,0.7631142,2.461974,2.0082574,3.05028,0.92382586,2.4928517,1.1422017,1.788435,2.2948704,1.1188498,1.1704329,0.99634653,1.5934448,0.82503647,3.542623,1.206841,0.956421,2.7120569,1.2040918,0.89713526,2.878056,4.464121,2.916534,3.736704,2.84265,0.54637593,2.7966244,2.2798107,1.5959761,3.3921535,1.3743334,4.072553,2.6367698,0.7917712,2.0398934,0.7216515,0.8359063,0.76797307,2.9386432,0.8069861,2.1672673,2.5292256,0.7700949,1.2064743,2.6736038,1.2680962,2.2638342,2.057158,1.0880268,0.79048336,3.3697932,1.8666973,1.8536527,0.767396,2.6912496,0.77149916,1.5185128,4.603109,1.94638,1.082309,2.588493,3.667192,4.2884912,1.0373191,0.67330843,2.4734201,1.486281,1.6506854,4.0024486,2.7774837,1.9271693,2.117898,2.7923818,1.4227917,2.5892546,1.3805784,1.5062389,1.4363564,1.776845,2.1104274,1.7305535,2.872937,1.0305357,1.2121375,0.4792332,0.51885974,4.080289,2.762946,3.2815282,2.3670533,3.7765524,2.5568094,1.5991011,0.71451896,3.3784912,0.7129866,2.1492224,2.9757102,5.2347064,2.5810008,2.418522,2.95515,2.1040084,4.52546,1.2917674,4.1598763,2.249077,3.4702973,2.143547,2.2804916,2.740108,3.2916224,0.89807093,0.9385142,1.650266,2.1233072,3.7110007,3.552414,3.5980992,3.0455945,3.2853606,0.8253061,1.9731371,2.2527645,3.9079497,1.6345253,2.7923858,1.2054234,0.6848973,0.7955226,2.6921842,3.555248,3.0265107,1.2506971,2.8579993,2.4808466,3.9936285,2.3995469,3.1737163,2.4972618,1.6874105,3.1743677,2.295956,1.6510407,0.93235004,1.0583842,1.3870648,0.93941194,3.7689035,1.309546,1.8972479,3.3747272,3.9103534,3.1142485,1.6094291
1.4952341,0.9365709,2.6060343,4.3624516,3.1532972,2.6594758,1.2675798,1.577729,0.5738778,2.2931213,1.3973567,1.5177844,3.2482855,1.5681591,4.2454267,2.4367342,3.2736096,2.5298007,2.9350762,3.1379716,1.358288,0.8012821,3.2177303,3.7816806,4.834769,1.7799307,5.3124223,3.1327305,1.6920425,2.6269417,1.2693588,1.452712,1.7851337,3.5051105,1.8080578,2.8527212,0.81519204,1.0965652,4.5390253,2.384494,1.690944,3.3848052,1.4153574,1.4562764,3.5470874,1.8876086,0.979054,1.2753398,2.1584542,0.6998268,1.4516824,3.4061763,2.8425713,2.9845166,1.69197,3.777855,1.2634264,1.0308584,3.1276932,3.2707999,1.8449597,2.934709,2.927133,3.2145433,3.4424207,4.0065064,2.2779744,1.0260001,0.8458347,1.2182454,5.444824,3.0360172,1.0982687,2.5453553,2.6877184,1.7729821,1.9229088,0.56598777,1.7519733,1.7777714,1.436343,0.6546798,1.6649283,3.970223,1.9595779,2.514732,1.7561705,3.8289032,3.2765708,2.0180783,2.9537027,1.1849344,1.2162322,1.7581905,1.343729,2.7089705,2.044385,3.3104339,3.4507902,4.1727667,0.45994467,1.0167366,0.8995811,1.8534018,1.4560765,1.6793313,1.0516305,2.168945,2.674737,0.8995811,0.4525516,10.117155,3.2754052,1.2588549,2.2670233,1.7436923,2.0367694,1.918609,0.5936948,2.3849652,2.8353717,2.3780262,3.3401039,1.7306669,1.705965,2.1591294,3.2173784,4.069202,0.94211954,2.1910808,3.120344,1.0623435,1.1579489,1.888831,1.539698,1.874687,1.4288946,2.8683977,2.167367,0.86211854,2.8912845,1.5532409,3.61995,1.2698978,2.1229765,3.2218826,1.6176195,1.2765647,2.9890614,0.9984511,1.6007535,4.3692446,1.8501222,2.0311325,0.9538987,1.466455,2.1843417,2.7319624,3.3039594,2.0592055,3.1747818,3.1656477,1.9272009,3.723108,3.3987322,2.080081,2.9557602,2.9573364,4.496358,2.7640393,1.7622755,3.04583,1.728649,1.5093801,2.0104976,3.2705138,1.6987872,0.1811381,2.576779,1.588823,1.2238911,0.6674196,1.1177748,3.265641,2.9457693,2.1574988,1.7384765,2.4447753,1.6993567,3.0478303,2.296201,2.6772604,1.7070075,2.146759,3.6311328,2.7076075,1.318665,3.3723462,3.2678723,3.3956156,3.0996368,2.0089715,3.4922812,2.2192862,3.2594995,3.7830935,3.0908093,3.2135632,3.567257,1.041264,2.2168515,3.5108156,1.8084496,1.8079991,2.2186637,3.2635121,1.2756279,2.9325092,2.958373,1.3706148,2.3402617,2.0281816,2.0345795,2.6816986,1.6196476,2.7502956,3.131666,2.9503975,0.8262942,0.8364764,1.6467545,2.7086663,2.7763298,3.6136744,3.354661,5.4017663,2.5336106,3.6674726,3.9556355,2.4192586,5.188502,1.0352312,3.5345814,3.794903,3.6180573,3.5419478,0.6588289,2.8113003,1.8660032,2.5212681,2.453278,1.320731,3.115991,2.20026,2.7858596,3.146608,1.0956303,3.695333,1.5333375,3.2352717,3.8434372,4.5990176,1.7323211,2.059755,2.9990718,2.3657315,1.8239256,3.2804644,4.366495,2.0962374,1.0988495,3.0359175,3.7734845,2.469726,2.0019429,3.0356667,3.4451666,2.180874,4.079101,2.0239987,2.0277336,1.9874328,1.2678313,2.0214047,1.8682386,3.2208004,1.0380424,3.3136609,4.0657196,4.4676423,1.1274545,1.8418022
2.2408407,3.644086,0.68382,1.97674,1.5253052,1.9389194,2.1564372,2.0401554,2.7778006,1.7441823,1.9920286,2.1146598,1.6192158,2.050722,2.113961,2.2520556,0.69445544,1.7936575,2.4280293,2.7874897,2.3758926,3.3192775,1.105316,2.7735808,5.8163157,1.9415262,5.201019,2.6348183,2.0643146,2.6548162,2.3905256,3.649457,2.1925588,1.1868479,2.1637757,1.2737714,2.989882,2.7545993,4.222934,1.5481819,2.0742965,2.928343,2.0603101,2.1328347,2.3231957,3.802372,3.1802146,2.3953195,1.9750199,2.755266,2.0075126,1.4813102,1.4743602,2.1578376,2.327726,1.5014595,2.256702,2.7446215,2.5078177,2.0738714,2.3367753,1.8833245,2.2954383,2.441981,2.4541457,3.354368,2.6163049,3.1535027,3.068717,2.4017248,2.8688273,1.4068545,2.5232263,1.9112262,3.1054273,2.244055,2.1251664,2.896919,1.9849633,1.993051,3.5381637,2.8987663,1.9260333,1.6292658,2.2454045,4.211811,2.1075485,1.3443766,1.5890471,1.8444046,2.6374092,3.1482053,3.2438567,2.149622,2.0233092,3.0170972,3.2009351,0.29707193,3.0440328,3.6657312,2.6947987,3.0052679,3.1599278,2.3657749,2.2067232,2.0383391,2.6123073,1.6975238,4.4935994,3.1599278,2.7100444,10.283725,1.3547535,2.7239041,1.909348,2.1891618,2.213176,2.641593,2.7621372,2.4691012,2.1281452,2.4311771,1.4627101,1.9626734,2.141404,2.2967134,3.129204,3.9995012,2.7869854,1.8148547,2.617308,2.614927,2.4116488,1.8651222,1.9999893,2.1348352,2.016813,2.243957,2.0896118,2.940687,2.4487855,2.245229,3.123498,2.223166,2.3328893,2.518514,2.7239134,2.2537112,1.7189281,2.3984687,2.0684922,1.9437652,1.9545611,1.8031974,3.07267,2.7884424,1.6004543,2.0417497,3.53916,2.2144096,2.9608417,2.169942,1.9357642,2.086486,1.60384,1.5102407,3.670153,2.496386,2.0118787,1.531242,2.057954,2.7975416,1.9828686,2.1385992,1.7848127,2.6606338,1.9835993,2.9416645,2.1968555,2.0207577,2.354363,3.020079,2.44823,1.204192,0.18556994,2.0902572,2.0656707,2.5691175,2.5842679,1.4332235,1.6118774,3.3079994,2.0039833,2.2478292,4.900142,2.892003,2.3275971,1.6514966,2.5217452,3.1799304,2.2317195,1.7324941,1.6056323,1.066172,1.1953479,2.2491884,2.572032,1.8860085,2.1554434,3.2727892,2.3115454,3.4610226,1.9058859,2.097417,2.0509536,1.8707757,3.1738286,1.2773181,1.6349894,2.2780278,2.0348265,1.7967112,1.9999846,4.6072826,3.1511376,2.4226553,1.6494188,2.6485312,2.8992667,2.3774674,2.0418494,3.8082998,2.161168,1.9487722,2.833892,5.250963,2.9107697,3.6504085,3.2889037,1.6566774,2.5001073,2.6203399,2.9778578,2.0438147,3.5310416,2.471605,2.8252673,2.6912208,3.5724912,1.9448155,2.1722722,2.3036692,1.2971227,3.9703114,3.9053948,2.2709239,3.3035836,1.5351702,2.0178208,1.292493,2.6063867,2.1760688,2.2893527,2.1230395,1.1396352,1.617955,2.2017286,3.0094924,3.7542365,3.4611545,2.2322614,1.2288563,2.0287704,4.1829534,1.7097685,2.492353,1.9276392,1.7176657,4.1986523,2.8641255,2.1940572,1.8887739,2.4235744,1.9962606,2.2639039,4.0931377,2.53316,1.645702,2.0965443,4.2385063,3.3919654,2.2556906
4.5689034,5.438044,2.97326,1.1365731,2.9770553,3.5069687,4.4311333,4.2952356,4.837508,3.9696274,4.293518,4.394934,4.048731,4.356444,2.1038947,4.478215,2.1189933,3.9131453,3.8996575,5.1722317,4.6634035,5.452455,2.4455833,4.9840565,8.09726,3.787482,6.665815,5.1936316,4.346157,5.3479505,4.5724797,5.850346,4.6446466,3.072669,4.569404,3.8224368,5.0499206,5.016598,6.8558826,3.078817,4.160307,4.4633846,4.373241,4.3526583,4.517063,5.648002,5.106072,4.7112937,3.6480963,4.8087893,4.307117,2.2794964,2.9670186,3.914483,3.9959097,2.008704,4.3351297,5.118971,3.8435218,4.001821,4.404855,2.685659,4.490673,4.081286,5.011048,5.592848,3.8243802,4.695485,5.3162203,4.54637,1.3039618,2.7465575,4.683533,4.36164,5.7069316,4.678513,4.1503754,5.0834265,4.412456,4.4368834,5.35432,5.0728264,4.270535,1.9028951,4.154596,5.2000494,4.5586348,2.5526044,4.056985,4.0854774,5.0427423,4.6368117,4.7145734,4.599104,4.3168945,5.682097,5.751546,2.525314,4.8132863,5.645824,4.7581735,4.882766,5.068381,4.8326197,4.3356643,4.2063107,4.7800126,4.046912,5.463116,5.068381,4.6882005,10.657664,3.0494561,4.393615,4.339285,4.31888,4.108944,4.2014904,4.638769,3.5926883,3.7474077,4.269549,2.0630875,4.37209,4.534238,3.9349263,5.534037,6.187163,5.029903,4.103218,4.071877,4.8077345,4.5108323,3.8290591,4.3133326,4.611404,4.286359,4.755496,4.226564,5.245009,4.6927705,4.608255,5.30596,4.38064,3.9548273,5.1070766,5.199694,4.367135,4.111331,4.3632517,4.432656,1.0521164,3.866705,3.978666,4.650533,5.2044263,3.8989675,4.1927867,4.842911,3.9941714,4.8950577,4.35639,4.3035626,4.1304736,3.7999206,4.0849657,4.511788,4.9063406,1.4111041,3.7409966,4.504574,4.9887786,4.282264,4.4507904,4.1134076,5.1448193,4.379384,4.924592,4.516112,4.34023,4.4517064,4.8190393,4.5505385,2.4094288,2.7598689,4.249556,4.504931,3.3403726,4.2136173,3.0812583,3.787976,4.9125743,4.265421,4.1528993,5.4840703,5.5770607,4.4773183,3.7591312,4.241744,4.489119,4.7676764,3.966663,3.6894534,3.646742,3.536299,2.97015,5.0547,3.4732444,3.849339,5.3533406,4.081908,6.146566,3.7634404,3.8310528,3.8033342,4.378153,5.584623,3.0148993,3.5102277,4.447724,4.110423,4.1241884,4.358881,6.340364,4.56614,4.2767797,4.1790147,3.9838223,4.572972,4.5977583,4.3362556,4.7814927,4.4897876,2.9295769,5.350328,6.7522135,5.4852486,6.315466,5.1196404,3.9511683,1.0668961,4.8086996,4.430179,3.410552,5.817016,3.992198,4.915075,5.2016377,4.7283306,4.4055114,4.4895496,4.116181,2.558136,5.069759,4.8028927,3.7389007,5.173557,2.9231703,4.3486824,2.8422446,5.119381,0.63194245,3.9666815,4.0424776,3.5443842,3.874664,4.5315843,5.541667,5.758155,4.6196504,4.4912663,3.0671296,2.6309981,5.18363,3.4699004,4.553681,4.0867524,3.4386094,6.8950615,4.3071675,3.8393037,4.0846534,4.6306868,3.7847054,4.7599616,4.847159,4.654496,3.62715,1.4578017,6.2245293,4.93444,3.9395163
4.827014,5.496732,3.2072985,1.9795262,2.5958607,3.1912427,4.7079334,4.6428833,4.9316263,4.3933706,4.568042,4.7201414,4.1948414,4.6727376,1.3780303,4.7729177,2.4262352,3.6161704,3.428915,5.3359604,4.978753,5.5037293,2.8448973,4.9250236,7.8200264,4.202308,6.4649415,5.3579845,4.6664624,5.2864757,4.921479,5.784989,4.880124,3.004197,4.8179173,4.073873,5.089981,5.2995386,6.8793545,3.4700358,4.5393133,4.8975787,4.6569285,4.6683984,4.408672,5.4756083,5.1095977,4.9946623,4.0677314,4.8742447,4.598922,2.7105963,3.473105,4.5445476,4.4486775,1.6680591,4.6976757,5.2738843,3.357513,3.5044954,4.7229505,3.2036471,4.92383,4.548272,5.1797066,5.528089,3.6535554,4.854112,5.401513,4.899523,0.46326163,3.2000096,5.0178733,4.679954,5.5219855,4.914755,4.510083,5.2277136,4.668658,4.686177,5.2762933,5.2984314,4.5720763,1.4960649,4.6069856,5.380583,4.7982373,2.34835,4.1625814,4.4151053,5.227961,4.8254585,4.8877497,4.8356304,4.586968,5.5720544,5.884767,2.6748044,5.061725,5.721373,4.934817,5.074502,5.0761228,5.040584,4.6905327,4.5619,5.1060014,4.3335304,5.5590606,5.0761228,4.9291787,10.295375,2.8019822,4.6846395,4.5797644,4.67026,4.484272,4.62362,4.830024,3.9306362,4.215274,4.6727023,2.5379224,4.636897,4.782275,4.3363075,5.1944757,6.147719,5.0681276,4.503573,3.549971,5.1246266,4.867295,4.2307086,4.6153092,4.8374395,4.592546,5.0450134,4.154214,5.347925,4.304961,4.8720965,5.398853,4.7182827,4.389237,4.974246,5.4330826,4.7242007,4.4142847,4.674059,4.70801,1.8205285,4.3032913,4.332875,4.8421745,5.450192,4.21644,3.880504,4.3091645,3.8090136,4.378999,4.044583,4.625014,3.9345286,3.7496443,4.1071544,4.9540987,5.1267753,0.88994724,3.46992,4.7471166,5.148396,4.6091256,4.753851,4.4587874,4.809509,4.6412554,5.1226425,4.2915215,4.650233,4.815287,4.9223485,4.9020443,2.8869514,2.8803647,4.5876527,4.7511435,3.3811061,4.640513,3.4983025,4.227235,5.1863446,4.6032557,4.516272,5.877097,5.565608,4.840524,3.5690148,3.6879463,3.9023502,5.0175,4.363797,3.58861,3.7424948,3.7287893,2.3013892,4.756277,3.8992865,4.182134,5.347147,4.563039,6.1071506,4.175834,4.2804976,4.272938,4.415866,5.65449,3.4476943,3.1906316,4.8089175,4.468381,4.4880056,4.7160926,6.3055453,4.835419,3.867401,3.9483905,3.5390985,4.7452703,4.7815022,4.679506,5.205499,4.8566794,3.7083075,5.0285425,6.5412884,5.29791,6.3988385,5.2296433,3.9547384,0.62397826,5.1227226,3.7936428,3.8765655,5.514195,4.445001,5.0057645,4.927847,4.9966784,4.6491504,4.796766,4.480395,3.0744245,5.2819896,5.205911,3.2178829,5.143845,2.4808047,4.6434417,3.2873995,5.107012,1.4144263,4.416792,3.8511608,3.8649032,4.290073,4.8358126,5.3592176,5.650502,4.997529,4.738369,2.7677658,3.4768932,5.3695297,3.4741857,4.1617265,3.9630942,3.822065,6.8466506,4.7180285,4.297615,4.4298186,4.9718833,4.2417364,4.964903,5.29097,4.9919252,3.860605,2.3668647,6.1075234,5.039954,4.3926134
4.525759,5.3011494,2.9265728,1.5677328,2.501483,3.0986834,4.4151654,4.335059,4.706826,4.072147,4.274537,4.411773,3.8967688,4.3650336,1.3948686,4.4406614,2.1036057,3.4819477,3.3857133,5.0321875,4.6849456,5.296533,2.4746675,4.6734533,7.6586285,3.8667371,6.2713375,5.066092,4.349303,5.07795,4.6203866,5.605101,4.5809784,2.7396371,4.512579,3.7784083,4.892658,5.0075974,6.6502433,3.1246881,4.209397,4.528003,4.3606567,4.357625,4.16909,5.359459,4.9304476,4.7083426,3.7184172,4.661256,4.299971,2.3301039,3.0960479,4.174951,4.110757,1.5443417,4.3996186,5.0204277,3.3466012,3.4367542,4.3959403,2.8331695,4.570373,4.171814,4.9206896,5.2807713,3.509526,4.621215,5.182184,4.599799,0.567465,2.8242643,4.720802,4.357238,5.35505,4.614384,4.1739445,4.9895554,4.3669033,4.38561,5.1307836,5.0271096,4.2650924,1.3941166,4.256964,5.1474614,4.499704,2.1099095,3.8761015,4.0859118,4.9204416,4.579181,4.648224,4.5370946,4.2966466,5.375398,5.6157017,2.3750002,4.7296586,5.432917,4.682776,4.8048925,4.886858,4.7452984,4.3720107,4.2372584,4.8089156,4.0112433,5.359421,4.886858,4.6701508,10.230826,2.6920443,4.39074,4.2664256,4.341437,4.1424785,4.2845106,4.574179,3.6102273,3.8417158,4.31904,2.1579561,4.333756,4.479399,3.990166,5.058222,5.894519,4.8588567,4.1828775,3.5360243,4.82885,4.56876,3.8922894,4.3113866,4.5389476,4.2949333,4.734771,4.0027375,5.1114674,4.1967015,4.5702133,5.106571,4.4229064,4.0389056,4.762885,5.15001,4.4253907,4.087179,4.3772326,4.4045587,1.4054585,3.9621325,3.9986062,4.596617,5.162069,3.8881524,3.781473,4.3305016,3.6836169,4.3405175,3.8791633,4.306815,3.7183228,3.4900112,3.8835676,4.6263747,4.812194,0.78894114,3.3403547,4.4477496,4.84069,4.292412,4.4481072,4.15899,4.6845894,4.3382044,4.8721166,4.108956,4.3432307,4.515314,4.7139077,4.6043334,2.5052714,2.6057625,4.250986,4.4515615,3.1803923,4.3056808,3.128312,3.8954875,4.8658166,4.283924,4.1737885,5.591966,5.3329787,4.5384483,3.3505797,3.6618295,3.92934,4.717351,4.0406456,3.34072,3.4898643,3.4165924,2.31614,4.6071343,3.5263333,3.8267252,5.1651464,4.2016687,5.9089246,3.8397384,3.9390805,3.9135318,4.1474156,5.4203625,3.0796108,3.0307689,4.5066733,4.123424,4.165903,4.4091945,6.0980577,4.5528483,3.768472,3.7780354,3.5167975,4.502483,4.521484,4.3728895,4.886383,4.5175443,3.3265257,4.897392,6.349682,5.1348047,6.163087,4.9300513,3.771694,0.4980734,4.828191,3.8158262,3.4965544,5.351288,4.0685015,4.7902927,4.782451,4.7334056,4.3339925,4.4652333,4.1666813,2.691598,5.0357523,4.89645,3.1815617,4.9699216,2.343516,4.341629,2.9115465,4.8632174,1.0054171,4.0774527,3.7199178,3.5470262,3.9645307,4.5179234,5.161918,5.4139256,4.6925645,4.4562335,2.634729,3.0947874,5.1347723,3.2398863,4.0360084,3.7254894,3.4792497,6.6464314,4.3836017,3.946693,4.097838,4.6710434,3.8909314,4.671851,4.9700947,4.696125,3.5269027,2.0147612,5.876278,4.8258476,4.048345
1.0213615,2.9302251,1.7537004,3.55906,3.1628752,3.0677016,0.9024802,0.57145613,2.0540915,0.59391975,0.85041285,0.6746237,1.9038572,0.6665424,4.144521,1.4906876,2.4903507,2.7218125,3.5426378,2.1223187,0.69700205,2.3945842,2.392988,2.997041,5.3363886,1.3558275,5.4496937,1.790616,0.8258549,2.0668643,0.7922217,2.8788419,0.9371794,2.7599168,0.9992878,1.2584592,2.3008003,1.150943,3.340295,1.9783444,1.0226905,2.5855575,0.78376436,0.9238803,2.861047,3.5011606,2.6336675,0.8089443,1.7397317,2.1254187,0.77966565,2.7576444,1.9454461,1.2468444,1.5809965,3.5037866,0.9303937,1.4495064,3.6686883,3.3289235,1.4705734,2.5721886,1.2145458,2.1592288,1.7821097,3.3116693,3.308678,2.6876824,2.0147028,0.86147654,4.982187,2.248732,0.96768606,0.8649413,2.687389,0.994767,1.3549085,1.8022307,0.80724806,0.8187417,3.139787,1.5809102,0.68654543,3.6690643,1.2415966,3.9458025,0.8715323,3.2666488,1.9676154,1.0454708,1.9026107,2.6983647,2.8000824,0.90971035,0.87626946,2.4185386,1.780158,2.3706212,2.8164513,3.481624,1.7758685,2.219422,2.6363618,1.1458149,0.9676335,0.92598706,1.0432295,1.0895208,4.2858005,2.6363618,1.688026,10.866975,2.9188728,2.099326,1.1774485,1.1202123,1.5794579,2.0121455,2.0275064,2.6473532,1.9588697,1.7679161,2.7882423,0.78977937,0.97603345,1.9149929,3.3097346,3.6723557,2.0134256,0.42385313,3.7247264,1.0343004,0.9521993,1.2355498,0.7178921,0.9569251,0.75014555,1.0931563,2.275265,1.8322754,3.0913436,0.9185839,2.8307607,0.85264766,1.8470602,2.523016,1.0139579,0.8744274,1.3590719,1.4309428,0.8055175,3.616072,1.1810349,1.08072,2.538527,1.1025953,1.0757827,2.8134263,4.338567,2.7675877,3.7125108,3.0091546,0.65270334,3.068928,2.5554075,1.55099,3.4182355,1.7324492,4.1045322,2.6164224,0.85840714,2.3464265,0.72171247,0.7415861,0.54892576,3.0270865,0.8384965,1.9351376,2.6391053,0.6732922,0.9073819,2.4316275,0.98034173,2.387965,2.1144378,1.2839929,0.8443217,3.288359,1.8233868,2.0548522,0.7359977,2.8300533,0.7634443,1.6535875,4.575411,2.0833511,0.77794933,2.8130016,3.6528642,4.1995773,1.3524699,0.57626164,2.734162,1.482838,1.9391463,4.0043716,2.897974,2.184161,2.4448416,2.5677857,1.5151515,2.6484268,1.350912,1.4610629,1.5186362,2.0942776,1.99031,1.9016097,2.9603167,0.7243543,1.4307404,0.50812584,0.26433697,4.066463,2.68559,3.2927027,2.4996572,3.6628144,2.379123,1.4035453,0.4768974,3.369509,1.1079167,2.1917105,3.0783896,5.4966426,2.5820537,2.5108776,3.2876134,1.961779,4.596172,1.056326,4.1218204,2.5418968,3.65733,2.4454322,2.0415926,2.7962472,3.177837,1.229888,1.2530334,1.5338656,2.234763,3.613638,3.5364807,3.569477,2.8434587,3.4060764,0.707744,2.1641984,2.5705914,3.963904,1.5767803,2.6595168,1.4020565,0.67739004,0.9038303,2.8962965,3.8727734,2.964652,1.0655893,2.8585732,2.4984095,3.903013,2.3784597,3.2728548,2.7683442,1.7448463,3.265153,2.3009472,1.6721272,1.060162,0.7872177,1.4107151,1.056072,3.788732,1.0378882,2.2071917,3.344272,4.201688,2.9348147,1.5851855
0.9221967,2.7899811,1.506182,3.4811032,2.8033419,2.7057967,0.78496,0.55336195,1.8619771,0.6440696,0.68612593,0.64141625,1.7017817,0.59771097,3.8428123,1.4690199,2.3033829,2.3165958,3.163951,2.0362046,0.68832886,2.2151444,2.27623,2.78408,5.124636,1.3714628,5.289272,1.6740732,0.790651,1.7231777,0.843145,2.6519709,0.787795,2.4908316,0.87986225,1.029369,2.084023,1.1584177,3.2102706,1.9020166,1.0600054,2.6693316,0.6467135,0.8841135,2.5992775,3.2372255,2.41816,0.7381915,1.7464246,1.9092733,0.64708596,2.6585333,1.9279944,1.5007644,1.6597315,3.216255,0.94740194,1.2781185,3.292334,2.9088814,1.469598,2.5405526,1.3579618,2.241509,1.618565,3.12542,3.045428,2.5868428,1.8263445,0.909994,4.760374,2.1838791,1.0066878,0.8119555,2.3320353,0.8658428,1.3677818,1.6494373,0.624112,0.6259736,2.908545,1.5212543,0.55406135,3.3853428,1.3675259,3.907543,0.69754547,2.995546,1.7362638,0.993652,1.8193392,2.618515,2.7160907,0.7472538,0.71050054,2.094313,1.6703196,2.1318395,2.8008468,3.3966954,1.6412156,2.1460707,2.4294052,1.0088686,0.99626625,0.9336329,1.084739,0.9629209,4.214942,2.4294052,1.6062092,10.715018,2.5641084,2.0719423,1.0341375,1.1460195,1.6045079,2.0789323,1.9203488,2.6050696,2.01326,1.835873,2.6866307,0.61462796,0.844717,1.9409992,2.9343693,3.5332243,1.7630368,0.48413828,3.3356106,1.0652945,0.9953033,1.2444575,0.6041423,0.7839282,0.63588876,1.0521481,1.9174365,1.6491281,2.671537,0.82281786,2.7253847,0.83306485,1.9023613,2.1961331,0.9429826,0.89021504,1.2729433,1.4005164,0.67784476,3.5178735,1.2380574,1.0494109,2.4544024,1.069214,0.96964157,2.39265,3.9719172,2.4237072,3.294372,2.6414995,0.5874424,2.7750483,2.2844734,1.122861,3.488093,1.6660621,3.8543882,2.2007,0.676648,2.262831,0.67440087,0.6750855,0.409789,2.6120226,0.673277,1.8430676,2.2693233,0.5831171,0.9524944,2.2722104,1.0219438,2.302132,1.8374662,1.2832959,0.66785014,3.1091616,1.8989674,1.9968865,0.77108985,2.8397827,0.7418893,1.6725099,4.6472483,1.8140843,0.83475244,2.4946191,3.2374663,3.8144622,1.2592359,0.58339226,2.4537601,1.1012691,1.7441822,3.654331,2.4985917,2.1757567,2.4102602,2.3447804,1.6424818,2.4043741,1.360397,1.5181092,1.593672,1.8375759,1.8060397,1.8393298,2.5990357,0.7724983,1.43622,0.48214117,0.27094302,3.9460132,2.6620765,2.9075973,2.0864534,3.298074,2.2693152,1.2208407,0.4495088,3.447164,1.1680222,2.302573,2.6763892,5.332594,2.207421,2.3790417,3.2042575,1.5980427,4.3855114,1.081714,3.7153986,2.5456595,3.3461637,2.5000777,1.8413475,2.3924341,3.1618547,1.1026771,1.238888,1.5380305,2.1785347,3.5848598,3.600168,3.1813023,2.6263988,3.0671165,0.5800669,2.0982287,2.3392756,3.8401766,1.6499583,2.2968516,1.2500577,0.6824471,0.88085026,2.5845284,3.6948833,3.0117161,0.9227882,2.4874165,2.5878103,3.8664901,2.1128275,2.8901732,2.483376,1.6953814,3.0741377,2.36231,1.7360821,1.0341722,0.8363685,1.4724407,0.8838249,3.8710113,1.0740938,2.0817406,3.303892,4.0383987,2.8166196,1.658895
1.0634826,1.5351496,2.1763158,4.197436,2.8217568,2.4053276,0.8367879,1.1535344,0.6826844,1.8139452,0.93218595,1.0949023,2.6234024,1.1170723,4.0219026,2.0509858,2.9642417,2.0751996,2.7107072,2.5913813,0.88303083,0.88571566,2.96921,3.2245064,4.5518684,1.7051295,5.1606965,2.4355123,1.294534,1.7870219,0.9584446,1.3899568,1.2111241,3.0583549,1.2978046,2.1968098,0.8382002,0.7864074,3.7339854,2.2980812,1.474085,3.2351437,0.93794864,1.1336108,3.0016818,2.0142334,1.1909558,0.74445873,2.1090329,0.73353505,0.99635375,3.2484176,2.6517987,2.652527,1.80193,3.5073104,1.0469208,0.30433196,2.8898857,2.7782257,1.6732678,2.950541,2.4504774,2.9855375,2.6339962,3.4615042,2.433826,1.6753263,0.5229797,0.9576951,5.229925,2.845979,0.86317766,1.9478747,1.9482507,1.2258708,1.7393079,0.3620245,1.1951354,1.2048367,1.6792597,0.61757356,1.1788923,3.699219,1.8405875,3.165333,1.1743228,3.4674585,2.6288378,1.6437207,2.4042978,1.805799,1.8607757,1.1819977,0.8768441,1.9271873,1.4578623,2.8747816,3.214255,3.7762694,0.6181305,1.3798647,1.2047975,1.2834581,1.235884,1.3899515,0.8452073,1.7077603,3.3456628,1.2047975,0.73721266,10.296852,2.8162014,1.61991,1.7356108,1.5059054,1.9277161,2.102852,1.0411382,2.583568,2.6664238,2.2543817,3.2232442,1.1915716,1.2025092,2.1752245,2.6130848,3.6471546,0.52056664,1.6893791,2.8675215,0.8156647,0.96510494,1.7161996,1.0780425,1.2804048,0.99031717,2.183708,1.6551653,0.40291792,2.336536,1.0707213,3.1543398,0.95704806,2.1579819,2.4835074,0.96616316,1.0212228,2.3982909,1.0772082,1.1038944,4.200417,1.7141129,1.7000897,1.5957153,0.92431813,1.7572219,2.175566,3.213086,1.8516752,2.7533379,2.647318,1.4290444,3.189928,2.861435,1.3659915,3.3587918,2.3894546,4.255228,2.2116237,1.1865433,2.6435094,1.3006252,1.0601674,1.4694538,2.5354908,1.177241,0.7748781,2.0635517,1.1239653,1.0109146,1.1617725,0.9366058,3.0348325,2.4931061,1.8416549,1.1676753,2.7162642,1.8938295,2.7714674,1.8701172,2.770918,1.3191938,2.0155063,4.236485,1.9244963,1.026991,2.8645468,2.8760788,3.212344,2.377447,1.5803185,2.9796386,1.6194799,2.6993103,3.5630646,2.399796,2.9485874,3.213157,1.059748,2.135932,2.665268,1.7177905,1.8108039,2.1160817,2.5862682,0.789489,2.6446168,2.5850666,1.0434884,2.0477238,1.5412182,1.4705386,3.01077,2.1179526,2.4393024,2.416105,2.7806609,1.3945204,0.42359602,1.1738492,3.1877446,2.2420464,3.3554406,2.606975,5.2233834,1.7921131,2.8556397,3.61381,1.8069148,4.9365916,0.7977052,3.2395759,3.4710407,3.1142154,3.2852025,0.6203823,2.1095493,2.5110302,1.9450678,1.9892372,1.4380698,2.9110873,2.8554895,3.2932408,2.8605657,1.3924795,3.3114934,1.0481293,2.9372656,3.0800138,4.448159,1.8205464,1.7619019,2.421365,1.8780607,1.3888905,2.6072953,3.9246733,2.623688,0.66867894,2.6174316,3.564383,3.123968,1.8938353,2.6013005,2.91451,2.0805047,3.2771885,2.2881713,2.0466003,1.6496228,0.93297344,1.9343824,1.2531911,3.6799712,0.8685031,2.8810449,3.9642706,4.101455,1.7924838,1.8940552
1.9115819,3.7828257,1.3602424,2.7398913,3.0019119,3.1441114,1.784974,1.4149554,2.8790596,0.6648489,1.6521987,1.5730301,1.7896006,1.5354704,3.719879,1.975452,1.8479488,2.9336803,3.7049456,2.585648,1.7250669,3.3293214,1.8936915,3.2087092,6.159457,1.7230947,5.8588033,2.2230775,1.612153,2.6913137,1.7521024,3.8153224,1.8116252,2.463071,1.8185877,0.9254029,3.1119838,2.2303488,3.7420785,1.9304264,1.6512564,2.7348382,1.6484419,1.7397386,3.004239,4.2434535,3.4051712,1.8312835,1.9568783,2.9134574,1.6028552,2.2978902,1.6140949,0.73070633,2.0389097,3.028999,1.7006769,2.4664893,3.7509692,3.4082224,2.1173074,2.3401136,1.3712907,2.166202,1.8174812,3.6534748,3.6167989,3.3774135,2.9609604,1.7838632,4.2704105,1.8827686,1.9459981,1.2092139,3.3725917,1.8740947,1.8763547,2.7441545,1.611847,1.6238114,3.8847477,2.593946,1.4721465,3.1556785,1.7365189,4.546876,1.7306596,2.866688,1.85273,1.5324103,2.390502,3.366156,3.477433,1.777588,1.6885759,3.1194954,2.8021352,1.7814106,3.0992994,3.8070488,2.6374774,3.0464032,3.425335,2.0291495,1.7553948,1.6078969,2.0519118,1.4850647,4.9143877,3.425335,2.51653,11.227012,2.6116598,2.7524097,1.6804148,1.8047872,2.0327003,2.4948866,2.8093016,2.8652408,1.9780751,2.1703765,2.3081446,1.5848143,1.8129675,2.2573535,3.8329885,4.1958966,2.8641748,0.8156984,3.8813238,2.0593722,1.8310266,1.6023268,1.5494328,1.7805864,1.5623814,1.4158258,2.5454936,2.8183975,3.4444964,1.8441725,3.1979513,1.6827217,2.1970716,2.900634,2.1168084,1.6833649,1.2650796,2.1856248,1.6666579,2.8233151,1.5669386,1.495702,3.2361064,2.2191758,1.3726004,2.9924662,4.6469593,3.0704565,4.051829,3.2362227,1.3803073,3.0585222,2.4711316,1.872273,3.7668848,2.1559367,3.4758043,2.6582906,1.6925027,2.8013797,1.4891326,1.653121,1.005821,3.3744304,1.6343309,2.8199763,3.0554879,1.5257262,1.7575818,3.1718938,1.8776772,1.836963,1.6607713,1.782378,1.6902616,3.4592526,2.3588452,1.72483,0.68948364,3.372845,1.514557,2.0926707,5.0328593,2.7937598,1.6737307,2.7826989,3.8139708,4.412405,1.5180458,0.9784482,2.6189637,1.5666442,1.5881327,3.8342829,3.2984464,1.9726268,2.2725554,3.4131093,1.8712707,3.1678474,1.6999729,1.8292546,1.7517352,2.1577842,3.0208673,1.5255573,3.0156798,1.6153561,1.7827863,1.0829453,1.0684872,4.9332314,3.3018382,3.6047132,2.5613244,3.82135,3.0783787,2.260426,1.3649712,3.8330667,1.3788519,1.2307708,3.4650667,5.901927,3.2378411,3.0323658,3.5272012,2.0308092,3.8230486,2.0767922,4.2947073,2.0956683,4.1903396,2.3262804,2.8640866,3.3016112,3.7676196,1.6331494,1.7413683,2.1286159,1.729484,4.2347956,3.992977,3.6507173,3.620736,3.1605024,1.5635406,1.664977,2.6753132,3.1865852,2.0170465,2.9752343,0.8110884,0.6147623,1.7268269,3.414407,4.1984687,3.5005982,1.9466143,2.693193,1.5537554,4.5069413,2.6188953,3.6011214,2.8037548,1.8730222,3.838177,2.7882094,1.9906273,1.5558572,1.7843136,1.698284,1.9222382,4.1699195,1.9826607,2.0135899,2.5364032,4.647998,3.6596556,1.9916669
1.0314498,2.9135652,1.4608634,3.303122,2.897395,2.8318145,0.865026,0.5019687,2.0091448,0.36155096,0.76345617,0.65615153,1.7819961,0.62718517,3.860936,1.4903705,2.2043586,2.5171359,3.3265116,2.16846,0.75637597,2.4047706,2.1521065,2.9449663,5.399094,1.2325022,5.4230485,1.8500553,0.8012957,2.0616803,0.82905245,2.8917756,0.96456885,2.53723,1.0116535,1.0576389,2.257018,1.2588215,3.4453979,1.7781878,0.9681177,2.573967,0.7287175,0.89321464,2.759347,3.4395607,2.5779727,0.8572904,1.6176828,2.0657248,0.70468605,2.5273101,1.748483,1.1886407,1.512748,3.214212,0.88134986,1.4988518,3.4415731,3.11804,1.4593961,2.375629,1.257778,2.1162145,1.777888,3.305869,3.1244695,2.6251018,2.0324996,0.88352156,4.6982074,2.0383613,1.0187435,0.83845514,2.6736112,1.0304407,1.3043021,1.8131194,0.76889545,0.785836,3.0780272,1.6371342,0.6032948,3.3785028,1.2158144,3.8990479,0.875085,3.0163734,1.8383029,0.95857733,1.9473689,2.6377072,2.7416754,0.9241732,0.79378664,2.4332428,1.9232416,2.0952456,2.807854,3.4983373,1.7497349,2.2126725,2.5833025,1.2006366,0.9479982,0.87266284,1.113728,0.97769946,4.2338715,2.5833025,1.6616946,10.804323,2.6484492,2.0504725,1.1285571,1.1039115,1.526423,1.9725047,1.983128,2.5177674,1.8709372,1.7493037,2.5439768,0.74014336,0.9767836,1.8382394,3.2421067,3.7110863,1.9803109,0.18257587,3.511124,1.1102885,0.95781875,1.1142417,0.6517749,0.97000194,0.66417384,1.1440833,2.0958948,1.8632367,2.9432933,0.9464437,2.845921,0.80948555,1.778555,2.4714952,1.1663233,0.83536524,1.270288,1.387368,0.78266305,3.3552125,1.0727769,0.97511834,2.4816098,1.2519972,0.93200505,2.616861,4.158373,2.572509,3.552542,2.8580887,0.6061123,2.919745,2.3912668,1.3604752,3.3735416,1.7721215,3.8134882,2.3886533,0.84604573,2.3604686,0.67038506,0.7361033,0.30557665,2.921833,0.79278475,1.9305753,2.511413,0.6238337,0.8988078,2.3691077,0.99491525,2.1513133,1.8292179,1.2514861,0.833564,3.094828,1.786969,1.868394,0.49665415,2.8327568,0.7142092,1.6068907,4.5529523,2.1307817,0.78487146,2.6308057,3.4492705,3.9994092,1.3707371,0.34304184,2.5571651,1.2328526,1.756601,3.7424278,2.7996297,2.0551414,2.3474152,2.541381,1.4816353,2.7040436,1.2220386,1.3605255,1.4283803,1.9968833,2.0591407,1.6963164,2.741785,0.7214185,1.3758167,0.3490885,0.16312702,4.088114,2.6393094,3.1148398,2.3234417,3.4473433,2.3128316,1.360305,0.41608354,3.3469634,1.1359819,2.0161443,2.993807,5.472479,2.5451534,2.6260877,3.2697647,1.7511886,4.310512,1.1285845,3.9185295,2.4123137,3.6174433,2.3831773,1.9998486,2.712624,3.1273746,1.1957952,1.2641364,1.4614859,2.0077386,3.5722542,3.5057695,3.3420155,2.7874148,3.1553843,0.65056527,1.9567989,2.537273,3.6938767,1.5038449,2.4667695,1.1867907,0.4349445,0.93513304,2.873472,3.8548288,2.931944,1.0287056,2.5944133,2.306408,3.8570204,2.1752706,3.123372,2.6242874,1.581264,3.3633327,2.2662354,1.5857896,0.9798871,0.8432519,1.3061017,1.095342,3.7587872,1.0745347,2.0641785,3.091773,4.2071986,2.880262,1.5109929
0.94501925,2.8755052,1.8248427,3.6632094,3.182778,3.0713258,0.8601808,0.5827134,1.9986229,0.71878064,0.82239884,0.64333767,1.8867054,0.63474417,4.189807,1.4444185,2.5743532,2.6912353,3.5263312,2.0357192,0.6470467,2.3152037,2.4637513,2.9266365,5.2004,1.3971789,5.3708186,1.6993265,0.78923404,1.9534155,0.77403635,2.7798133,0.8357214,2.7720728,0.9136338,1.2943546,2.2437432,1.0636084,3.2397745,2.032813,1.0299103,2.584675,0.7452886,0.89289314,2.8034382,3.438152,2.5827289,0.74363554,1.7746837,2.0731175,0.75262475,2.8270493,2.0212033,1.3723034,1.6156062,3.5603795,0.95364445,1.3485643,3.6650057,3.2980838,1.4352424,2.642733,1.2219846,2.1790264,1.7473142,3.2227948,3.3010077,2.6644404,1.9323379,0.85278547,5.0547314,2.315988,0.9342244,0.84314144,2.570804,0.8933408,1.3482195,1.7320527,0.7372103,0.7431556,3.0871706,1.5051215,0.6588815,3.7278678,1.2655131,3.926434,0.7785731,3.2949412,1.9469169,1.0382413,1.8171638,2.6781223,2.777582,0.81275475,0.8474483,2.2940764,1.6336268,2.4306762,2.7769823,3.4083982,1.7255968,2.165672,2.5811553,1.0314757,0.9546068,0.92146164,0.9957034,1.0748075,4.2599387,2.5811553,1.6612009,10.808974,2.9536834,2.084886,1.1234012,1.0986134,1.578553,2.0213904,1.9920946,2.6704657,1.9925151,1.7625457,2.86691,0.7285286,0.8942833,1.9291825,3.206182,3.5691092,1.9391513,0.5357441,3.7064044,0.979029,0.95125586,1.2709206,0.68864965,0.8581212,0.7402384,1.0455813,2.267322,1.7368009,3.023969,0.8328548,2.7528262,0.8588152,1.8678616,2.4281213,0.87520367,0.89072967,1.3633659,1.417516,0.7419125,3.7152982,1.2283126,1.091189,2.5169508,0.9733306,1.0852674,2.7859294,4.3093553,2.756278,3.6546016,2.9496746,0.6208003,3.029934,2.5331326,1.5220925,3.4312027,1.6579306,4.173958,2.6044042,0.7729167,2.2726445,0.69786555,0.6890882,0.6242572,2.9438791,0.7767053,1.8885057,2.5663037,0.64018226,0.9165115,2.3997157,0.97273713,2.4677052,2.169619,1.2621042,0.7594101,3.31128,1.8360623,2.1101768,0.8511786,2.7895684,0.7467609,1.646349,4.5779533,1.9538255,0.78313,2.785696,3.6198578,4.175041,1.3102335,0.6653514,2.7157743,1.4918344,1.9577532,4.0205708,2.8090775,2.2223144,2.4573538,2.4991517,1.5435972,2.5448065,1.3928976,1.5052068,1.560522,2.0462193,1.8705349,1.9672581,2.9419239,0.7327301,1.4249591,0.5495566,0.32850388,3.9778194,2.670044,3.2464929,2.4568846,3.6551535,2.3553872,1.3497535,0.48318276,3.3733194,1.0911367,2.32613,2.9869819,5.4156556,2.4740427,2.410477,3.2328792,1.9735274,4.6762447,1.0017703,4.0909057,2.5906863,3.5493877,2.467916,1.9884747,2.7013984,3.170132,1.1774145,1.2057116,1.5455582,2.318035,3.5949874,3.5402138,3.5562677,2.7874079,3.4151876,0.6702699,2.232374,2.502012,4.0609016,1.6112779,2.6415312,1.462883,0.78762764,0.83627695,2.785069,3.7896566,2.965606,1.0177009,2.8749285,2.6343663,3.8839705,2.3778954,3.2082472,2.7284942,1.7848511,3.1502514,2.3051043,1.7081891,1.0575944,0.75465804,1.4567753,0.9423977,3.7977376,1.0129712,2.2165887,3.4659832,4.1078267,2.9019804,1.6191399
1.8569663,3.4951699,1.5884339,2.7079616,2.0574715,2.3285449,2.0308967,2.0506203,2.6443892,2.0398688,1.9079168,1.9829336,0.945398,1.9123635,2.6962223,1.5083896,1.7299505,1.7492944,2.576592,1.8216933,2.3450396,3.1319425,1.3684537,1.6138282,4.7864676,1.8532908,4.019266,1.9448023,1.7763643,2.2346938,2.3755038,3.3144085,1.7559777,0.65609723,1.6856961,1.4836285,2.9501595,2.4979067,3.7524426,1.5379132,1.8490872,2.1642408,1.9496882,1.9018999,1.1512932,3.73754,3.1583595,2.3325918,1.7085907,2.672849,1.910665,1.6415901,1.5355363,2.4058204,2.1992486,2.340165,2.3739188,2.517807,2.8869498,2.0222728,1.7788205,1.9713783,1.934906,1.8334712,2.4299963,2.1948917,2.5725765,2.998954,2.9335268,2.4148808,3.4853985,1.4316143,2.4587047,1.6144218,2.6493924,1.772936,1.6870639,2.7725995,1.6739665,1.6652683,3.5164514,2.6448996,1.7768531,2.467939,1.9768391,3.83408,1.728656,1.308481,0.9258109,1.4711165,1.7253102,2.9386559,3.0325456,1.741259,1.9575688,2.4803414,2.60145,1.2330415,2.0045288,2.4876058,2.5452743,2.5778053,3.0317452,1.8108693,2.0043619,1.8030936,2.4873571,1.2686691,4.139778,3.0317452,2.7075942,9.339218,2.2208555,2.4261866,1.3057669,1.8087957,1.7357937,2.2736325,2.5812464,2.154428,1.6604319,1.8348731,1.8425231,1.6790688,1.7106696,1.8655297,2.4075103,2.807018,2.6643076,1.9813423,2.8144858,2.473293,2.4452424,1.7027777,1.8738984,1.6777085,2.0054338,1.9578224,2.5556219,2.6776996,2.0834157,1.8829513,1.9811686,2.2965689,1.9639268,1.703671,2.4331212,2.3429759,1.3584385,2.2537365,1.7939293,2.657926,1.8670611,1.4906359,2.9090157,2.4468791,1.2856011,2.296651,3.6964495,2.497987,2.817376,1.3319544,1.6923219,1.0336103,0.5076697,1.6302227,3.227662,1.6722511,2.8191462,1.841603,1.694254,1.7150779,1.7679785,1.9367137,2.0427363,2.2592638,1.6764404,2.8202567,1.4478205,1.8754346,2.4164844,3.0269582,2.4612424,1.5263759,1.2784699,1.5403583,1.71482,2.6392388,2.307456,1.2271165,1.8739834,2.465299,1.7887459,1.6915104,4.473338,2.2739072,2.3755515,0.6888975,2.5425735,3.3462753,1.9464692,1.8681418,0.5753136,1.3387297,0.8009648,2.5844467,1.9638995,1.3978635,1.4022282,3.1866305,1.9787469,3.2073104,1.8159881,2.0016098,1.8005409,1.0466672,2.778483,1.2592796,1.2969422,2.3352997,1.4678609,1.7634482,2.114291,3.847101,2.7897232,2.117039,1.3814118,2.9736466,2.7581406,2.2573957,2.056794,3.3715348,1.7500569,2.5914624,2.3650355,4.0604134,2.5289683,3.372135,2.1246824,2.2512856,3.2584372,2.482211,3.0388682,1.6651293,2.5208728,1.8338878,2.7950032,2.226661,3.301942,1.330386,1.5380906,2.167762,1.5811937,3.6133246,3.4795315,2.4216385,3.184383,1.5099344,1.8866414,1.3110573,1.9157189,2.9328375,2.146299,2.3622837,1.4170433,1.876395,1.7790606,2.1025095,2.539329,3.1157734,2.109565,1.7513531,2.7700632,3.8114722,1.5856656,1.836074,0.78687507,1.5298724,3.8067963,2.4508626,1.9647782,1.5316924,2.3718896,1.8398079,1.7614746,3.6297002,2.4906473,0.8497505,3.0502892,3.0121973,3.2107322,2.0701845
1.0354481,3.0049756,1.7443203,3.532238,3.1623688,3.0877893,0.95523894,0.631144,2.1195052,0.5836943,0.8943518,0.7164221,1.8132778,0.6991824,4.132534,1.4347796,2.4689693,2.7218792,3.5590017,2.0458288,0.78009367,2.4631417,2.3558054,2.9196415,5.317571,1.3752075,5.4035196,1.7051967,0.82916206,2.0410821,0.8781931,2.9317822,0.92113596,2.7022676,0.97996044,1.1865157,2.371247,1.2129807,3.2789855,1.9721214,1.0371218,2.531994,0.8286568,0.9538303,2.7905931,3.564436,2.705007,0.8846148,1.7354906,2.1908886,0.82152706,2.725858,1.9143342,1.2076688,1.6141355,3.4944947,1.0170915,1.5063422,3.690561,3.3150332,1.4638213,2.5639815,1.1217452,2.0983343,1.7102883,3.237362,3.3407483,2.7520714,2.0833356,0.9498283,4.953605,2.2143912,1.0510039,0.76707464,2.6802187,0.97997683,1.3455132,1.8753269,0.7969139,0.80456847,3.2094803,1.6481339,0.701054,3.6576197,1.243904,3.9923925,0.8590749,3.220882,1.8791559,1.0154947,1.827142,2.7572308,2.8601072,0.8965792,0.9260892,2.3983626,1.7783769,2.3284268,2.7568388,3.408371,1.8440408,2.2657368,2.7022972,1.1253214,1.0038433,0.9375708,1.121262,1.0415632,4.3370023,2.7022972,1.7705756,10.843996,2.916039,2.143838,1.1175078,1.1214634,1.5693309,2.0305657,2.091165,2.6566515,1.9157436,1.7413235,2.767904,0.78348285,0.96754223,1.9114832,3.2847178,3.612057,2.0732157,0.40338472,3.7421892,1.1102531,1.0406762,1.23927,0.7505221,0.9304663,0.806389,0.99427956,2.3134558,1.89014,3.0807502,0.9301729,2.756663,0.9362105,1.8480283,2.4633117,1.04475,0.96037924,1.2598699,1.489319,0.81635845,3.5888796,1.1954163,1.0556768,2.602492,1.1389699,1.0320408,2.8218021,4.3736386,2.8063998,3.7189069,2.9700396,0.6239911,3.001457,2.4851704,1.5505679,3.4334912,1.6492758,4.086882,2.612477,0.8451716,2.2833958,0.7252719,0.7730768,0.5767768,2.9987795,0.8346316,2.0117986,2.6165345,0.7010128,0.99622256,2.5077407,1.0681523,2.3518317,2.085994,1.2475743,0.8344155,3.3206177,1.8531735,2.0040557,0.71703887,2.8179145,0.77107376,1.6355171,4.607331,2.0467167,0.8675318,2.7564802,3.6548226,4.223303,1.2546511,0.5813825,2.6677582,1.4704602,1.8573622,4.0017343,2.865871,2.1239023,2.3674111,2.6363378,1.5049993,2.6180394,1.3675187,1.4840311,1.5079669,2.0097566,2.0331094,1.8556154,2.939565,0.8131652,1.3875086,0.4806574,0.28846437,4.094921,2.7276897,3.294607,2.4559567,3.6915479,2.4428256,1.4652917,0.536756,3.3952458,1.0105498,2.1627104,3.046988,5.4480977,2.579868,2.470527,3.2168708,1.9805912,4.567375,1.1328893,4.131352,2.4675286,3.618786,2.3769279,2.113928,2.7802613,3.2294369,1.1508527,1.1849496,1.5795568,2.2027154,3.662389,3.5640745,3.5760412,2.9092429,3.3721695,0.7410558,2.11189,2.4817212,3.9412725,1.6059854,2.6932235,1.3285246,0.6434464,0.8872102,2.8477814,3.8035226,3.0033498,1.1237683,2.850447,2.4774287,3.950225,2.3914073,3.252805,2.701981,1.7385911,3.2305148,2.3204901,1.680133,1.0360584,0.87013155,1.4142331,1.032931,3.8067915,1.1229358,2.130463,3.340604,4.1422253,3.000284,1.6055348
4.7568426,5.41349,3.273435,2.282283,2.4459941,3.0619292,4.6861973,4.663887,4.8561344,4.4759865,4.5500865,4.711209,4.044858,4.6592045,1.1557184,4.654009,2.5405111,3.3872674,3.1874168,5.131449,4.990446,5.4098964,2.8515716,4.5920978,7.3858624,4.2146616,5.9720373,5.204734,4.6288943,5.1056814,4.9456415,5.6187944,4.7966514,2.752303,4.7311883,4.0706553,5.0216274,5.2626624,6.707916,3.464139,4.525595,4.7771225,4.638688,4.638644,4.0701165,5.337647,5.0352297,4.9913187,4.043364,4.800076,4.5842996,2.708853,3.5069067,4.6829987,4.469352,1.673925,4.748085,5.2035832,3.191785,3.1863465,4.6350164,3.2429929,4.9029036,4.474895,5.140342,5.1777153,3.47645,4.7900434,5.329655,4.9304333,0.6024562,3.200228,5.0303392,4.6392603,5.2875237,4.82577,4.453135,5.1746974,4.60981,4.6229367,5.179141,5.243892,4.5506186,1.5148878,4.6048484,5.257081,4.7248573,2.0571759,4.0009007,4.363872,5.0444694,4.7555485,4.813238,4.7567964,4.5714345,5.3509197,5.7375546,2.6592906,4.83643,5.3995767,4.8819137,4.964611,4.9757295,4.9295106,4.676828,4.540867,5.105437,4.2634134,5.416181,4.9757295,4.9280677,9.760475,2.7887743,4.626584,4.4738564,4.62419,4.4210563,4.5865207,4.772076,3.8552184,4.167237,4.594822,2.599861,4.5844326,4.7024713,4.279156,4.8340726,5.7851653,4.979097,4.5596285,3.3122516,5.118341,4.9031596,4.2271147,4.5987754,4.7481894,4.5971117,4.9985127,4.1406465,5.2536855,3.9900813,4.8080635,5.1186867,4.752353,4.3540587,4.694469,5.3763866,4.7675424,4.3538804,4.6577234,4.6605673,2.1011055,4.324017,4.2957635,4.786198,5.38763,4.168607,3.7255123,4.090375,3.7166739,4.063708,3.6693308,4.5947084,3.5667598,3.4760358,4.030512,4.8850093,4.9711027,1.0343457,3.3160124,4.6767097,4.916173,4.584693,4.726992,4.515571,4.5178227,4.5842066,5.0853605,3.9803798,4.6332974,4.857579,4.8838286,4.9331474,2.932006,2.8765013,4.510704,4.683796,3.3005931,4.6260986,3.4633179,4.3021474,4.999978,4.5816693,4.43625,5.799291,5.3665953,4.879546,3.2365744,3.379583,3.6502361,4.9570875,4.4110065,3.2883754,3.6942565,3.6205447,1.9939468,4.440379,3.8280323,4.0411744,5.2567444,4.553654,5.9666996,4.1864595,4.302711,4.270621,4.209209,5.524391,3.4451385,2.8701537,4.848085,4.391713,4.5001335,4.7572045,6.026846,4.751261,3.5387206,3.7116835,3.3791354,4.687819,4.734472,4.700349,5.14022,4.8110905,3.9587882,4.730309,6.043298,5.076973,6.294688,4.924009,3.969893,0.97784007,5.116297,3.4738436,3.821122,5.0976667,4.3531556,4.953801,4.652428,4.9324927,4.5421753,4.7013917,4.4766126,3.1335688,5.177221,5.134714,2.9437003,5.0342894,2.111733,4.62445,3.284594,4.882598,1.7726326,4.433013,3.7417853,3.8830216,4.3581557,4.773443,5.0342617,5.246155,4.9466505,4.7090683,2.621818,3.7771711,5.249978,3.3322532,3.7738118,3.6362278,3.7961807,6.6733465,4.6651864,4.2955837,4.3848367,4.98747,4.2532663,4.862076,5.216846,5.009543,3.7065191,2.792909,5.687442,4.954952,4.4004574
1.4669807,3.6630118,1.9839183,3.020833,3.3132508,3.4364598,1.6877232,1.4970467,2.8060625,1.359772,1.6090146,1.4378738,1.2658839,1.3977298,3.9730499,0.83388144,2.2973003,2.9897923,3.8407702,1.5386952,1.8164713,3.2614608,1.7405081,2.2775261,5.3117113,1.3740122,4.6511416,1.6116947,1.1981182,2.6225257,1.8000668,3.6399934,1.362167,2.1162586,1.263227,1.4052166,3.1842608,1.9886434,3.620837,1.58258,1.1991588,1.3855369,1.5787653,1.4159075,2.2014194,4.3021975,3.4717607,1.892569,1.3014499,2.9069045,1.5349246,2.033253,1.2587351,1.1643442,1.6134886,3.445617,1.888449,2.38182,4.0822177,3.478968,1.2504157,1.9957966,0.51375544,0.8675789,2.2100694,2.6563485,3.4692757,3.1223018,2.982958,1.8587587,4.5143094,1.5017847,1.9179671,0.84528595,3.2635322,1.3670969,1.0831584,2.7278087,1.2985059,1.3016545,3.9532523,2.3628275,1.3258926,3.5797224,1.0703964,3.9337733,1.3565532,2.682572,1.4147623,0.8951114,1.3678197,3.0182393,3.134338,1.3651706,1.6756444,2.9252775,2.3209028,2.056308,1.7377628,2.5569417,2.511589,2.514742,3.3558352,1.460252,1.4150392,1.1903433,1.9411606,0.8687818,4.3647814,3.3558352,2.5409105,10.076376,3.2459788,2.2541862,0.94329166,1.1509762,1.1514874,1.7494103,2.5776815,2.2138457,0.89783674,1.040374,2.226889,1.2929056,1.3252757,1.4148142,3.4634488,3.0664623,2.892057,1.2647907,4.0851555,1.9378061,1.9145079,1.1565708,1.4360232,1.3198813,1.6128047,1.2527608,3.1435244,2.684764,3.3505964,1.4405721,2.0233853,1.8389813,1.3989081,2.4613495,1.9592493,1.8449925,0.78115463,1.9384637,1.3692522,3.0744598,1.215408,0.8916252,2.9618795,1.9448371,0.84508777,3.360468,4.84873,3.3535588,4.0990686,2.7855341,1.0607995,2.421466,1.8811345,2.1729474,2.900412,1.1710577,3.8686416,2.9897304,1.3310934,1.5847075,1.1898942,1.4342502,1.5787909,3.3344958,1.3043227,2.71439,2.6395898,1.382696,1.8797933,3.1995294,1.93393,1.7264656,2.06168,0.8242462,1.3414357,3.2901447,1.7507147,1.1340207,1.1892221,2.200333,1.1872832,1.1122516,4.22336,2.4704185,1.8013936,2.2943814,3.9284275,4.6087675,1.423829,1.2317307,2.0642939,1.8805491,1.2581327,3.9876516,3.0652525,0.9910162,1.1484126,3.4638255,1.0232172,3.332709,1.3466845,1.43505,1.038028,1.6333483,2.785343,1.1354241,2.8063815,1.7651417,0.71784705,1.0877336,1.4704431,4.1269655,2.7081187,3.4424977,2.5954323,4.1113825,2.8541465,2.2063482,1.4883319,3.0058043,0.61512303,1.8939861,3.37401,4.6980457,3.1929514,3.1452093,2.2468607,2.7615936,4.1894145,1.9605993,4.422126,1.2702218,3.4874249,1.0928546,2.9369779,3.183025,3.2586117,0.87963074,0.71805453,1.7982256,1.5923723,3.6470397,3.1879969,3.7810428,3.5672045,3.0716655,1.4593606,1.3047298,2.27045,3.4848826,1.5655396,3.2440755,1.2482108,1.2151033,1.1382642,2.8534153,3.0960562,2.8323846,1.8681195,3.0036838,2.2178886,3.900674,2.4129598,3.2314126,2.1344197,1.3566613,3.8460333,1.9984608,1.3646169,0.9098409,1.7900901,1.1761514,1.4413154,3.2830217,1.9707919,1.144234,3.1409466,3.4946647,3.403089,1.4610918
2.4888883,3.9630895,0.9891433,1.5245128,1.8407987,2.308048,2.4287014,2.2775865,3.1178775,1.9216261,2.2674384,2.3514383,1.7559432,2.2915907,2.1283107,2.3608348,0.49882585,2.2250626,2.787556,2.9436257,2.6524477,3.6911702,0.78938466,2.9165854,6.1311336,2.0253634,5.260181,2.858019,2.2693436,3.0822313,2.6360102,4.0492744,2.458091,1.2099873,2.4045343,1.5220467,3.3682668,3.0247042,4.531416,1.5010502,2.2170606,2.811641,2.330951,2.3491664,2.4857228,4.2072463,3.5511692,2.691042,1.9703183,3.1117337,2.2698252,1.1418432,1.2877172,2.1080337,2.387586,1.5545839,2.492856,3.0998852,2.8747427,2.4780543,2.4635377,1.6657084,2.3442776,2.3157656,2.7408645,3.5139117,2.8402913,3.372814,3.4520159,2.6448898,2.6168227,1.1637595,2.7733245,2.0909986,3.5615752,2.502434,2.2233837,3.246075,2.2473838,2.2594616,3.9174187,3.1895597,2.1717172,1.646097,2.3054736,4.2969384,2.3778625,1.2669914,1.7569995,1.992438,2.8013384,3.3342073,3.4352665,2.4180808,2.305438,3.4435766,3.5254822,0.26165056,3.0174227,3.7170987,2.9982648,3.2232156,3.5090048,2.6334453,2.392238,2.2075593,2.8621168,1.8697013,4.613758,3.5090048,2.9952826,10.256869,1.7296096,2.8667698,2.108267,2.3352036,2.270379,2.6676657,3.0187564,2.428077,2.0161793,2.4403806,1.1371044,2.2206469,2.3902757,2.2974067,3.534352,4.158626,3.1830566,2.0084057,2.994605,2.870836,2.6502616,1.9542773,2.2511787,2.4020476,2.2805605,2.4506989,2.5508509,3.3050792,2.8883762,2.4989603,3.2262998,2.4773612,2.3298042,2.8605413,3.0381036,2.4937212,1.8267133,2.605519,2.3217785,1.5017321,2.0369403,1.9273263,3.2827702,3.0837383,1.7494675,2.5269506,3.9175935,2.61507,3.4001882,2.4811802,2.1473205,2.231565,1.7324346,1.9708776,3.5835884,2.6484742,1.8805743,2.0091875,2.3261714,2.9067903,2.1938136,2.3837678,2.046092,3.1130629,2.2388868,3.2342646,2.5605638,2.2646167,2.5897167,3.3353844,2.6888874,0.8541404,0.62711865,2.1962483,2.3334854,2.6534123,2.6413412,1.2447351,1.7480377,3.3329837,2.2027667,2.297204,4.840194,3.2681801,2.5664685,1.8404781,2.925009,3.5514784,2.4454975,1.9163659,1.7194519,1.4977741,1.2556655,2.4379976,2.9928596,1.7094852,2.0148113,3.6676152,2.3105173,3.871863,1.9883108,2.152118,2.0410843,2.0880697,3.5491126,1.1089603,1.9242465,2.5193155,2.0930126,1.99435,2.2465541,4.8341694,3.2570412,2.7911165,2.080777,3.013112,3.1335232,2.7009547,2.2875886,3.7691185,2.2678924,1.6876769,3.2775366,5.315425,3.377084,4.00127,3.2927768,2.1175144,2.2372565,2.8781185,3.3554435,1.7732428,3.8439002,2.2979798,3.1897464,3.147289,3.6648548,2.1305106,2.303261,2.4440408,1.0001533,4.0657616,3.8670077,2.6209362,3.6605384,1.677581,2.27684,1.0207331,2.8421628,1.7838185,2.3446805,2.546905,1.268601,1.781003,2.405174,3.3533382,3.866131,3.4876108,2.523818,1.6076498,1.7227062,4.269652,1.9423133,2.8405807,2.0872736,1.7255474,4.5879703,2.877881,2.200458,2.0248091,2.6729228,2.0243402,2.5436332,4.004457,2.7799857,1.5858262,1.7677809,4.3660016,3.6326504,2.2950623
2.90643,4.0738134,1.6857079,2.2530768,1.341368,1.9561948,2.9143486,2.9018443,3.295361,2.737555,2.7680113,2.9164767,1.9790568,2.8488178,1.5652919,2.7740037,1.3974862,1.7327446,2.1968741,3.091376,3.2033277,3.8036664,1.5969764,2.6354682,5.6366663,2.6953368,4.770992,3.0728455,2.8080816,2.991692,3.2273607,3.9766893,2.846856,0.84565204,2.8056188,2.1150084,3.4903598,3.470218,4.55019,2.1444607,2.8332086,3.2876117,2.8396146,2.8758059,2.106166,4.0478215,3.621974,3.1900935,2.5955274,3.2584922,2.7954373,1.7757623,2.1567917,3.1301227,3.0495934,1.3150052,3.1207285,3.372104,2.3604047,1.6499683,2.913647,2.3472486,3.0280144,2.9197118,3.080701,3.232429,2.625388,3.5899768,3.6293242,3.2419505,2.3780181,1.931892,3.3254712,2.661116,3.2787418,2.8826275,2.767273,3.505581,2.6990256,2.6983125,3.8823216,3.5393167,2.7169073,1.3815135,2.9909697,4.4407425,2.7867498,0.6186791,1.904087,2.5509756,3.0028195,3.573323,3.652184,2.8149214,2.7989562,3.2584872,3.7004936,0.9971664,3.2027867,3.6222706,3.2912009,3.4618595,3.5606644,2.9516823,2.968428,2.798668,3.388681,2.3755689,4.6673946,3.5606644,3.3987565,9.66272,1.5369416,3.251299,2.4998775,2.8821843,2.8080075,3.21215,3.3080342,2.8094559,2.6698453,2.978508,1.8283682,2.6901724,2.7973788,2.8368003,2.9345644,3.91447,3.2945824,2.7675896,2.3733327,3.3839488,3.2495704,2.6191041,2.7912407,2.7778883,2.838217,2.9527564,2.6044898,3.4865913,2.236716,2.9325738,3.196887,3.072008,2.9223819,2.5486856,3.4255784,3.1133132,2.377224,3.0923061,2.7979174,2.139102,2.7506182,2.5313482,3.5443227,3.4735463,2.3294146,2.1341982,3.3618085,2.456596,2.686252,1.7818395,2.7156608,1.6576406,1.4545578,2.105674,4.002039,2.9288592,1.6917747,1.6178339,2.7446954,3.0107849,2.7621741,2.90508,2.7335043,2.5541286,2.6971629,3.551825,2.0807703,2.8143568,3.2070768,3.5357387,3.276003,1.7570072,1.1650229,2.7121947,2.7587454,2.7056758,3.220522,1.970613,2.5954828,3.5665076,2.782651,2.8036876,5.164257,3.2219915,3.1889467,1.249756,2.1532137,2.9045613,2.8837495,2.665997,1.310111,1.7999188,1.646757,1.6856607,2.4406383,2.323236,2.4212599,3.7202678,3.004407,3.8545094,2.6595848,2.8431199,2.7523744,2.071453,3.6623363,1.9364909,1.2173196,3.145602,2.6344361,2.6709518,2.9187288,4.687489,3.5609567,2.128902,1.6099638,2.5522885,3.3843799,3.0299501,2.9103324,4.183045,2.8668463,2.8659432,2.7395053,4.8125763,3.0998616,4.156382,3.2437115,2.307747,2.1641335,3.38687,2.5690107,2.4114628,3.2489393,2.8538678,3.385541,2.6911643,3.9532554,2.5264883,2.7699385,2.996715,1.9317814,4.261336,4.247287,1.9243778,3.6641426,0.62174445,2.8051999,1.8585274,2.7441237,2.2380102,3.0049407,2.3618207,2.0189517,2.5982993,2.894509,2.9580574,3.4950917,3.8948996,2.9580603,1.1433694,2.8995457,4.422143,1.9436729,2.1014822,1.6581569,2.339019,4.5331297,3.3711617,2.86417,2.6012583,3.2478364,2.738637,2.8726718,4.4023657,3.3353615,1.9100823,2.6677082,3.989509,3.7766497,2.9574144
4.2050138,4.927495,2.578045,1.6981554,1.9884244,2.6057456,4.08311,4.023201,4.322097,3.7872615,3.9411776,4.0996265,3.6077797,4.0505137,0.90518755,4.186268,1.8326341,2.9968896,2.8902647,4.749833,4.352496,4.8906317,2.3145175,4.383421,7.2701526,3.6262326,6.079338,4.747437,4.0515924,4.639968,4.305062,5.173567,4.2507987,2.4455516,4.194716,3.4562838,4.480141,4.6770444,6.269372,2.9211063,3.9431343,4.418182,4.0302334,4.0545597,3.8588283,4.910098,4.5173063,4.364573,3.5195632,4.264074,3.973871,2.239219,2.945415,4.004519,3.8939173,1.0385897,4.0882435,4.636144,2.8342333,2.9269674,4.13777,2.7414112,4.347774,4.046434,4.5670433,4.9879503,3.148284,4.312787,4.7734942,4.2856665,0.8547653,2.6850946,4.402711,4.067762,4.8844786,4.287528,3.9279783,4.6050863,4.039782,4.056316,4.7049956,4.681786,3.9476788,0.8741507,4.036052,4.9553103,4.167761,1.8201616,3.5715106,3.8116329,4.634632,4.2938466,4.3600726,4.205716,3.9596026,4.930094,5.244986,2.0642548,4.562211,5.2188497,4.3254933,4.4993386,4.4882846,4.412009,4.0859776,3.9573472,4.490927,3.7230392,5.1436634,4.4882846,4.326182,10.19625,2.1879067,4.1302266,3.9655201,4.073707,3.9188755,4.093408,4.2432175,3.451918,3.6985152,4.125111,2.0619388,4.009107,4.1577563,3.7996924,4.6004333,5.611558,4.4398527,3.8914735,3.0258725,4.5072484,4.2569046,3.647121,3.991257,4.207532,3.968512,4.4309516,3.529353,4.716844,3.7060363,4.247162,4.8535357,4.101778,3.853094,4.362679,4.7931805,4.1121407,3.822202,4.078873,4.0823755,1.5334078,3.7237096,3.7350433,4.2951856,4.81591,3.6097689,3.2637239,3.8431919,3.2151752,3.8241987,3.4685457,4.005689,3.4016871,3.1846967,3.4536595,4.550469,4.5326896,0.26907253,2.836609,4.1170707,4.585286,3.9919925,4.131048,3.8354433,4.199482,4.0145082,4.5224338,3.6851115,4.027028,4.2051663,4.3410707,4.2913823,2.3739238,2.242557,3.998797,4.121249,2.9251838,4.0960474,2.9687643,3.627018,4.6837053,3.9895759,3.953901,5.5362206,4.924579,4.226695,3.0029018,3.14293,3.4287066,4.4067354,3.7530978,3.0343015,3.0926087,3.147987,1.8326254,4.1459994,3.3951745,3.6871486,4.7391195,4.013627,5.470213,3.5988503,3.718027,3.7211819,3.8198748,5.01713,2.9016328,2.602145,4.1935234,3.8923824,3.8719976,4.093109,5.78942,4.3228498,3.3018382,3.3249123,3.0202603,4.182923,4.155749,4.057083,4.7784705,4.263707,3.2530482,4.4190183,6.1525702,4.6592884,5.7651587,4.742296,3.3189216,0.6787812,4.5054407,3.3037922,3.4187207,4.953866,3.9685972,4.390894,4.304148,4.523847,4.038314,4.19961,3.9039094,2.5600727,4.830804,4.7924705,2.6762767,4.563237,1.9266875,4.0175753,2.7659376,4.5229874,1.221643,3.8617108,3.243618,3.2663646,3.684351,4.2206383,4.7555184,5.1553407,4.5277395,4.1124,2.1334975,3.0603416,4.940894,2.8833377,3.5950801,3.4070916,3.2624204,6.214455,4.206675,3.752498,3.8300843,4.3535986,3.6791925,4.332859,4.9104133,4.379746,3.3205817,2.0522556,5.6148987,4.5034795,3.83963
2.094673,4.1204777,2.9317298,4.198278,3.7437816,3.8593452,2.477856,2.477807,3.2976117,2.5170543,2.431241,2.3341558,1.206765,2.280609,4.516078,1.3875268,3.3210154,3.0870516,4.0502176,0.4669966,2.6096318,3.5539455,2.8432727,1.0494142,4.093483,2.6346786,3.781633,0.757965,2.0895176,2.0563345,2.716715,3.630731,1.8082874,2.3438697,1.7822148,2.0485747,3.6025279,2.5922952,2.5111563,2.7979288,2.3208518,2.0695722,2.388704,2.311128,1.3604822,4.4901943,3.8970299,2.6027224,2.5497851,3.382724,2.3870094,3.1260386,2.645501,2.6834674,2.8740227,4.128305,2.9143023,2.7161007,4.379173,3.354046,2.0646946,3.2799425,1.5601183,1.9346637,2.0647562,1.1798291,3.9964373,3.8396778,3.2972724,2.8004928,5.1970515,2.7235658,2.7804146,1.5506268,2.618935,1.7968944,2.1343257,3.1956527,1.9500418,1.9130325,4.3004827,2.9082985,2.1935263,4.255748,2.3633885,4.6071796,1.8755028,3.0448103,1.2536869,1.9173983,0.60289526,3.767115,3.8581688,1.8496962,2.4866564,2.189295,2.0004523,2.8221004,1.6586552,1.4574122,3.124314,3.0714126,3.7628236,1.6828464,2.4172685,2.2392995,2.7523563,1.7438332,4.9549046,3.7628236,3.3163774,9.595231,3.7350895,3.1243324,1.4325281,2.136419,2.2192001,2.8448815,3.2715428,3.2207105,2.183221,2.0675,3.3891377,1.9960889,1.8912708,2.527787,2.5933418,1.7278738,3.199496,2.3637853,4.245591,2.7147799,2.8820329,2.409908,2.3012516,1.7254806,2.5114753,1.4744016,3.5733583,2.9522645,2.9803061,2.05493,0.84362143,2.7962234,2.5903265,1.4221538,2.2561789,2.8481677,1.3970722,2.8635437,2.097388,4.1976995,2.5298567,2.0263824,3.715372,2.293555,1.8861629,3.4464195,4.9928575,3.7972674,3.8443258,2.2830353,1.9492475,1.8343064,1.6466941,2.5064855,3.8551514,0.65218,4.5982065,3.1711984,1.8873581,0.99020684,2.1238465,2.2478678,2.5460339,2.6521437,2.0003319,3.3606317,2.273629,2.2529683,2.875556,3.8274672,2.8813443,2.9222114,2.831124,1.777236,1.9153742,4.125315,2.8869348,2.317571,2.4611719,2.5922318,2.1626568,2.113783,5.0634484,1.6823851,2.778823,2.042748,3.8601062,4.719312,1.4217838,2.4048665,1.861494,2.4599955,1.6939348,4.3296156,2.3319921,2.090903,1.6946651,3.7610855,2.369915,2.6319904,2.6092083,2.7396908,2.4225464,1.0344665,2.7964842,2.3957899,2.8938742,2.7425601,1.7840089,2.150074,2.3814774,4.0341144,3.5121212,3.3692029,2.279416,4.432027,3.584055,2.8159745,2.4345918,3.9277894,1.4012566,3.4016337,2.5772433,3.766093,2.680785,2.4833279,1.5341287,3.251502,4.9438276,2.7347844,4.383382,2.2109354,2.3643842,1.9653122,3.4299686,2.587081,4.1002665,1.226072,1.334761,2.8781085,2.8875206,4.362025,4.09066,3.9452362,3.9348538,3.241633,2.291477,2.4844184,1.0941387,4.5519953,2.8284676,3.620048,2.1201234,2.3899684,1.8660928,1.6843464,1.8192844,3.77606,2.593212,3.391728,3.7230725,4.582723,3.0353513,2.8164873,1.6388266,2.565196,2.8891196,3.01941,2.66157,1.9808669,2.6665735,2.533544,1.6968714,4.1883307,2.8589818,1.60701,4.496252,2.26013,4.023668,2.7369502
1.1541209,2.9099276,1.9819237,3.8613706,3.3350523,3.1945515,1.0149096,0.7577903,2.0626376,0.85001194,0.9986088,0.84666073,2.1158261,0.852489,4.3733716,1.7102405,2.762133,2.8386376,3.6575515,2.2379522,0.69308746,2.3214579,2.7107365,3.150967,5.300464,1.6265131,5.6067815,1.8391234,1.042127,1.9937435,0.8472116,2.7973866,1.0523984,3.0217679,1.1510292,1.4538039,2.2604704,1.1255964,3.2051618,2.2818716,1.2719388,2.8445058,0.9222708,1.1089437,3.040165,3.4527423,2.6049943,0.78703374,2.030993,2.1285946,0.9419128,3.0789554,2.2742727,1.4984634,1.8175174,3.7274277,1.0274639,1.3671557,3.7672024,3.4443467,1.6839664,2.8855314,1.4310998,2.4438746,1.7426065,3.4248233,3.4683046,2.776928,1.9176006,0.9173885,5.2548585,2.5746517,0.99647325,1.0772266,2.6036553,1.1086838,1.6101615,1.744748,0.9787402,0.982353,3.1058393,1.5610079,0.89746505,3.8953092,1.505088,4.086124,1.0018914,3.535873,2.1675043,1.3196656,2.0252354,2.8107088,2.904888,1.032422,1.0068737,2.3348947,1.6759319,2.6372297,3.0378888,3.6345065,1.803265,2.3111374,2.634808,1.2255039,1.1626768,1.1694068,1.0610751,1.3576509,4.4051,2.634808,1.7067287,11.0525875,3.059416,2.2602575,1.3901712,1.348163,1.8388163,2.2412086,2.1027253,2.9115677,2.2652187,2.024028,3.1022074,0.97293395,1.126712,2.1831126,3.3276641,3.7599843,1.9640864,0.7127844,3.820244,1.043762,1.0152745,1.5219778,0.90051526,1.081655,0.9005902,1.1685385,2.2792315,1.7628384,3.1518948,1.0398719,2.9752138,0.94176507,2.114237,2.5760417,0.8824369,0.9702205,1.5906632,1.5678279,0.97009903,3.9181454,1.4626403,1.3700703,2.6339426,1.0161388,1.3679149,2.8615057,4.388281,2.8447602,3.7536013,3.1547928,0.9001288,3.2694361,2.7815874,1.6312553,3.6481445,1.8689164,4.3523073,2.7214572,1.0038834,2.5113423,0.95624363,0.8974851,0.7248449,3.034204,1.0190336,1.9394186,2.7525532,0.86352444,0.9843035,2.4463491,1.035254,2.7094765,2.357035,1.5380554,0.9890068,3.4982903,2.0394526,2.3797343,1.0388684,3.0270047,1.0015914,1.9115051,4.7605267,2.016431,0.85320145,3.0252879,3.7446816,4.2744055,1.4183812,0.87919366,2.9648979,1.6549603,2.1970994,4.193372,2.9351807,2.4990268,2.7304518,2.5001228,1.7898929,2.4772198,1.625991,1.7254955,1.8158514,2.2554295,1.8867236,2.2278402,3.1524813,0.8092554,1.7052805,0.81514525,0.4526292,4.1149907,2.8458352,3.4074764,2.6040618,3.7539108,2.4704492,1.4393423,0.6587995,3.5697522,1.3148798,2.4625762,3.0717566,5.649085,2.5112712,2.3195379,3.484815,1.9991937,4.862882,1.0643145,4.2083817,2.8509023,3.7131147,2.7343333,2.011003,2.7904365,3.3243816,1.4297947,1.4674567,1.7300633,2.5594912,3.7502503,3.7357945,3.6998127,2.8351703,3.6322684,0.8765074,2.4889665,2.6416035,4.2573633,1.8204272,2.7316654,1.6504897,0.96145713,1.0868697,2.9246736,4.010878,3.1451936,1.1426326,3.03034,2.768846,4.042361,2.5851192,3.390439,2.9725368,2.0425584,3.0779417,2.5205853,1.9465526,1.3359083,0.8292495,1.7007974,1.1386089,4.0055594,1.0729963,2.4894416,3.6139965,4.319322,3.0017638,1.8414595
0.9821731,2.3181884,2.488217,4.456429,3.490789,3.202858,0.97130704,1.0886139,1.5804336,1.6376024,1.0747532,0.9972263,2.4433384,1.0261999,4.6401253,1.7677463,3.2895317,2.7477684,3.5362608,2.157925,0.74647826,1.6491054,3.167488,3.0768652,4.555821,1.845787,5.21553,1.9021863,1.1553675,1.7128806,0.9171436,2.0355935,0.9496572,3.282694,1.0760064,2.066635,1.7629479,0.61343604,3.1465707,2.5656552,1.4348162,2.9819942,0.9904427,1.1305697,3.0044825,2.888414,2.1111338,0.6866758,2.2252355,1.6748248,1.0571914,3.488346,2.7339098,2.3117661,1.9366122,4.075809,1.2080455,0.70975757,3.7213967,3.386258,1.6050214,3.2174387,1.9269351,2.7331705,2.1969094,3.2329195,3.2732246,2.3922477,1.2833809,0.9840315,5.6952896,2.992853,0.88378483,1.546741,2.1239786,0.96046424,1.6921492,1.1802201,1.0532329,1.0458409,2.5841553,0.96678114,1.1110226,4.2587953,1.713998,3.6911578,0.9647399,3.8170989,2.478301,1.5374287,1.9708978,2.4496393,2.521091,0.9553084,1.0582285,1.8900669,0.94847697,3.1243508,2.9956694,3.4788828,1.3649211,1.8246053,2.1037729,0.9684707,1.2183304,1.3284099,0.8324286,1.600167,3.9532752,2.1037729,1.4005355,10.606086,3.3690715,2.0206106,1.5173051,1.3992538,1.9066211,2.213546,1.7150158,2.929059,2.5575283,2.1030061,3.528063,1.073039,1.0413811,2.2551818,2.9008324,3.3954892,1.4321159,1.4616843,3.6951838,0.7797276,1.0680099,1.7722212,1.0561364,1.0226969,1.0777652,1.6292951,2.3246257,1.0628703,2.891775,0.8992145,2.8423133,1.0927521,2.2136235,2.413938,0.24801801,1.1444049,2.0776446,1.4220954,0.9984952,4.487228,1.7483019,1.628441,2.2681906,0.3042487,1.6850717,2.826833,4.120553,2.730566,3.4637172,2.9972904,1.1959784,3.3094394,2.9381297,1.7474674,3.551073,1.9284164,4.770786,2.8000083,1.0044402,2.3688834,1.1660336,0.9524299,1.386702,2.8177223,1.0784035,1.4683342,2.4804418,1.0399271,1.1054289,2.0426073,1.0421335,3.2049415,2.8090167,1.6597949,0.98895305,3.4489722,2.0219038,2.802955,1.7480999,2.7714605,1.2005605,1.9645224,4.516471,1.6473796,1.0270107,3.0952096,3.6037648,4.0782523,1.8643373,1.4776845,3.1138682,1.9443651,2.630507,4.281367,2.667636,2.862586,3.0367942,1.9190229,2.0065966,2.3353844,1.8554773,1.9308871,2.0866356,2.4263833,1.0557908,2.6957958,3.1360052,1.0294273,1.8856668,1.3447684,1.191098,3.3891635,2.548909,3.15741,2.6739428,3.65283,2.113637,1.1098688,1.0487763,3.3929331,1.7499158,3.266191,2.8215065,5.2597094,2.070153,2.2791452,3.4019358,2.2635045,5.3620424,0.7905589,4.0306687,3.3169029,3.256509,3.0498655,1.5543826,2.4472682,3.0161474,1.6336869,1.6253124,1.7168468,3.058251,3.3656647,3.5440063,3.631275,2.2925472,3.7931008,1.0152786,2.982682,2.762635,4.8023696,1.9483137,2.6123254,2.3051207,1.7106396,1.1106536,2.5756555,3.7774959,2.932918,0.97757703,3.2147856,3.552754,3.6490235,2.5446508,3.1175554,3.0142078,2.2710445,2.8379464,2.4328887,2.1206648,1.5484989,0.8445052,1.9674087,0.95502275,3.864912,0.9644973,2.802083,4.2566495,3.9669912,2.5443363,1.9864088
3.151445,4.30891,1.9537052,1.0062597,2.184773,2.675106,3.1305177,3.0510678,3.6237478,2.8577979,2.998708,3.0836673,2.5945475,3.0372314,1.8490688,2.9183533,1.1687946,2.7578554,3.032179,3.5851035,3.434858,4.246316,0.95441794,3.3915472,6.5187607,2.4505646,5.1034894,3.7292283,2.9536493,4.017363,3.3515627,4.5884643,3.2141628,1.5703137,3.1154163,2.6347826,3.9240487,3.691783,5.5631013,1.656326,2.7836587,2.9108982,3.0716684,2.9894373,2.9377089,4.6321836,4.027265,3.4689136,2.2034287,3.6311255,3.0057752,0.72272044,1.5666584,2.8705938,2.6914186,1.6123728,3.1801987,3.8259742,3.186454,2.9591506,2.8964438,1.3534672,3.1156104,2.5657067,3.8820567,3.9841614,2.7747993,3.5300367,4.1132703,3.343632,1.9682578,1.2490863,3.4474084,2.9920318,4.3892617,3.234075,2.6737595,3.8679452,3.0195363,3.039518,4.3331375,3.7674844,2.9367802,1.6390646,2.7658873,4.0375323,3.1476512,1.2028986,2.619352,2.63463,3.4692202,3.4320185,3.523044,3.1779006,3.0355172,4.308992,4.290204,1.33984,3.1649344,3.9994116,3.5114548,3.5014918,3.9178603,3.3634636,2.9880698,2.8267927,3.5166688,2.5804837,4.358741,3.9178603,3.5291646,9.584654,2.4369035,3.0553644,2.8402839,2.8818455,2.612713,2.796978,3.3853755,2.1965866,2.235698,2.7388723,0.6703824,2.9871027,3.0968485,2.4527965,4.1412807,4.5286694,3.8257587,2.9261925,3.2860632,3.5353754,3.3222344,2.4475842,2.9962678,3.1737483,3.0297914,3.4346156,3.3663242,3.9529781,3.465925,3.2029617,3.6643615,3.1950777,2.5090373,3.649527,3.8639834,3.1940267,2.7243047,3.0713556,3.0549462,0.88895124,2.536007,2.541106,3.4608018,3.84157,2.4578364,3.2556355,4.149498,3.0786364,3.8716846,2.9105442,2.9303348,2.6151428,2.2581549,2.896072,3.2300057,3.3658147,1.5785961,2.743806,3.0965946,3.3400757,2.9182017,3.1087031,2.9851866,3.9076202,2.9843035,3.7172508,3.0641525,3.0156665,3.2737687,3.7376633,3.353553,0.9995431,1.6359699,2.7394876,3.1018307,2.3534374,2.8557303,1.5609645,2.62605,3.3288696,2.8997684,2.6264198,4.379803,4.1491117,3.2869391,2.2547994,3.313703,3.784269,3.4653344,2.750124,2.157458,2.4347527,2.115699,2.3605866,3.7051487,1.9305091,2.2859836,4.225814,2.662311,4.939415,2.420027,2.5102153,2.3888707,2.9061818,4.2325153,1.558306,2.1880367,3.257382,2.5838482,2.8342752,3.1792223,4.890833,3.2506776,3.0816011,2.9372041,3.290911,3.3759768,3.334132,3.0971663,3.5050566,3.0858533,2.2462502,4.0817976,5.187178,4.2003937,5.0847015,3.468881,3.0802824,1.7723453,3.5391362,3.6266966,1.9870136,4.2889776,2.4791238,3.7689838,3.9013968,3.545715,2.9181223,2.9784973,2.8117766,1.1908549,3.8797815,3.5561643,2.8676858,4.051665,1.7719381,3.0324407,1.3864928,3.7278132,1.0953816,2.647261,3.0737956,2.3514216,2.720053,3.093867,4.039624,4.13297,3.354377,3.2027807,2.141248,2.1339927,4.0203924,2.1390738,3.1925988,2.5302124,1.9900968,5.628847,2.9055374,2.451282,2.6388793,3.3918896,2.4140594,3.3121743,3.609592,3.4330304,2.048686,1.6459569,4.5785427,3.7835264,2.588901
2.659837,4.18714,2.4494483,3.132091,2.519876,2.8812401,2.901023,2.9491296,3.4057167,2.9326906,2.7938128,2.8560848,1.4020736,2.7865243,2.8996608,2.1259105,2.4086616,2.2345505,2.9599826,2.059113,3.2159572,3.8374538,2.0019991,1.2616105,4.6118555,2.7208467,3.492033,2.3162346,2.620541,2.690442,3.2595053,3.8896964,2.5268672,0.84950036,2.4566662,2.256535,3.6970606,3.3000271,3.9144151,2.329708,2.7047536,2.469986,2.8270357,2.7586951,0.786629,4.3246965,3.8786523,3.19236,2.4850183,3.4318466,2.7953377,2.1511738,2.2834496,3.199683,3.0277402,2.7517712,3.2856588,3.2854135,3.3220782,2.2272935,2.5042596,2.6117933,2.5756063,2.2857177,2.947476,1.8522706,3.0852668,3.710455,3.6792555,3.3048677,3.5299022,2.095313,3.328242,2.3603766,3.0061767,2.5311015,2.468821,3.5577817,2.5061903,2.4895282,4.1775737,3.428053,2.6546388,2.8350632,2.7847795,4.325343,2.5264208,1.3639214,1.3520516,2.3075318,2.0654056,3.632342,3.7147408,2.526648,2.843341,2.8431704,3.1524217,1.8690134,2.085297,2.1980283,3.3440773,3.2569332,3.7250128,2.514156,2.8627088,2.662448,3.3392887,2.1049166,4.60818,3.7250128,3.5555146,8.825757,2.780105,3.165284,2.047244,2.616516,2.4740617,2.98186,3.3568227,2.7477877,2.2692673,2.4704008,2.4134347,2.5224853,2.502631,2.5631182,2.4344985,2.541178,3.4018016,2.8668706,3.1753833,3.3196182,3.3395648,2.5678868,2.7537262,2.442032,2.9028218,2.590978,3.2986782,3.405895,2.3161144,2.6873486,1.8883504,3.2007766,2.6857543,1.8071178,3.184818,3.250537,2.0081787,3.1011438,2.6361568,3.0510333,2.7395098,2.340193,3.6379454,3.1969194,2.1512275,2.8132195,4.066189,3.1569996,3.045656,1.2779609,2.5392625,0.35858715,0.53104484,2.4212048,3.694101,2.0791447,3.0839436,2.3859017,2.502656,1.9028552,2.631522,2.7931144,2.9462738,2.4235668,2.5158656,3.618268,1.7234818,2.7494097,3.317578,3.7986665,3.3504748,2.1633332,2.0396254,2.2850435,2.527133,3.209918,3.0727692,1.888772,2.7742903,2.8142178,2.6528788,2.3910036,4.887151,2.6637545,3.2735417,0.5578894,2.7828193,3.661985,2.5104575,2.7783613,0.3810309,2.208656,1.4048424,2.7978659,2.0931659,1.904277,1.6400536,3.8881798,2.7304857,3.5872474,2.684751,2.8491938,2.5880394,1.326227,3.4267497,2.0030553,1.5783312,3.2352135,2.1892383,2.6462102,2.9889278,4.1303945,3.4298937,2.3853285,1.7048074,3.4375281,3.5054271,3.088771,2.9500747,3.8838458,2.4092865,3.314859,2.4922135,3.5088468,2.9378872,3.778939,1.8730601,3.020607,3.4047823,3.3288722,3.2470312,1.9815152,2.30051,2.1572728,3.576656,2.5053988,3.9244235,2.0100648,2.2005494,3.0110943,2.2720432,4.1556315,3.975643,2.740658,3.8526783,1.5578,2.7625282,1.9469018,1.9431623,3.2788513,2.9714792,3.0146868,2.187356,2.762725,2.567149,2.103303,2.0332692,3.7282448,2.9698014,2.2614055,3.475705,4.3116355,2.2766263,1.8780298,0.4667824,2.3397615,4.072714,3.104144,2.7503536,2.3666487,3.246375,2.6731074,2.488765,4.0599294,3.3650894,1.259381,3.670957,2.5693114,3.8859317,2.881419
3.864293,4.781798,4.897997,6.4945607,4.9629316,4.870742,4.194191,4.3942814,4.303595,4.694434,4.207493,4.2221727,3.585676,4.1843295,5.9016943,3.6863728,5.409158,3.9770591,4.7179484,2.8263638,4.309199,4.1906776,5.125161,2.561262,1.9932953,4.7171855,3.640689,2.911524,4.081149,2.715693,4.4703383,3.7913134,3.639248,4.2126083,3.6823888,4.219943,4.4034367,4.085772,2.716579,4.9356275,4.3794193,4.4508286,4.175144,4.1897855,2.8563817,4.670195,4.599578,4.216948,4.7168937,4.341079,4.211078,5.370317,5.0425234,5.2104096,4.8963556,5.7073936,4.6971674,3.8396287,5.0934696,3.9789944,4.0446787,5.490369,4.1511936,4.4997106,3.7682743,2.1146057,4.995762,4.9692917,4.0935383,4.5426493,6.928347,5.0623665,4.4457555,3.8870783,2.535405,3.6181984,4.2452583,4.223747,3.8520157,3.8094654,4.7669063,4.159076,4.131463,5.838242,4.5595098,5.6516433,3.719429,4.775131,3.5240245,4.0965075,2.963539,4.9776936,5.0103745,3.68129,4.227178,2.3683934,2.927369,4.882768,3.7312543,2.8437848,4.345569,4.2898445,4.4810505,3.4236987,4.338859,4.2751412,4.3759127,3.9485176,5.780447,4.4810505,4.6600976,9.159215,5.087824,4.689737,3.6182199,4.1769147,4.341342,4.797694,4.5366335,5.082288,4.633679,4.302706,5.5878773,3.9091358,3.7479968,4.621528,2.1839292,2.0061116,4.031804,4.521076,4.7926116,4.321317,4.6136475,4.5544624,4.179038,3.5917845,4.3290005,3.7127216,4.622898,3.8451476,3.2551284,3.8454218,2.70346,4.555889,4.711418,2.2715714,3.6908138,4.632437,3.922705,4.5327463,3.9618049,6.4421225,4.679509,4.229389,4.926114,3.7295067,4.122279,4.189552,5.2007504,4.725588,3.8568661,3.0402286,4.0395374,3.2329462,3.5218325,3.9258525,5.623085,3.1581955,6.2890787,4.221391,3.7533793,3.0364056,4.1382356,4.1034403,4.5236845,2.7429848,3.8989642,4.529252,3.0133438,4.1601973,4.6407843,4.8191333,4.591226,5.261937,4.773384,4.004805,3.7759745,5.517766,4.8200083,4.7492237,4.710071,4.2093353,4.184864,4.256218,6.465662,2.3898513,4.570378,3.5201852,4.2647223,5.026868,3.6293428,4.544954,3.6206892,4.184009,4.0516524,5.3452024,2.5316906,4.6089206,4.248124,4.333512,4.6471686,2.9278705,4.7028236,4.835383,4.703132,3.1263766,3.4530776,4.8096943,4.0234456,4.551722,4.1023874,4.298214,4.3821344,4.1145945,4.9353437,3.8715599,3.3606572,5.107274,4.7977614,4.1805167,4.3541737,5.5770245,3.9178903,5.9630804,2.5152798,3.546397,2.7794707,3.1365805,3.2703505,4.589177,6.781992,4.3284154,4.637484,4.833121,1.7272173,4.555353,4.3951154,2.695013,5.4160547,3.5500255,3.69789,4.7082477,5.256526,5.4878817,5.681192,4.6599603,4.5406003,4.561294,4.148468,4.9304786,2.6990163,6.69329,4.8679442,4.5297685,4.4508805,4.623491,3.8711274,1.7804296,2.3693123,5.358853,4.1881394,4.688915,6.257595,5.6386895,4.486581,3.1880944,3.228015,4.7074194,2.646921,4.8870144,4.8101096,4.1577744,4.4027753,4.7380266,3.46073,5.864597,4.5148573,4.0498357,6.781372,2.296902,4.9709244,4.8225713
1.1397161,2.8724802,1.2606567,2.6540647,2.6413896,2.6419575,1.0385484,0.82792133,2.0356724,0.86182916,0.9314627,0.88552785,1.8254937,0.8635639,3.399548,1.3540226,1.7240069,2.4437919,3.1359239,2.3126566,1.2318383,2.5891502,1.4575337,2.9230177,5.567654,0.5124149,5.109627,2.2808554,0.83713526,2.6204534,1.1200178,3.097196,1.2598784,2.1581278,1.1831901,1.3860799,2.390974,1.5412695,4.1580267,0.91970986,0.63626224,2.088938,0.96229124,0.8638578,2.6589062,3.522747,2.6385894,1.3142704,0.81597984,2.1103427,0.89149,1.7524165,0.9479386,1.1738896,0.86586684,2.8069534,1.0177417,1.87996,3.3061416,3.065857,1.1287104,1.4794651,1.4187182,1.6334951,2.4937027,3.3550627,2.6639915,2.2851186,2.3356164,1.1265718,4.1415544,1.2561983,1.2473273,1.2179916,3.1379435,1.2862122,0.8480908,2.0319695,1.0270373,1.0657424,3.118363,1.7824,0.82007957,2.9665303,0.7276322,3.3354733,1.1779405,2.5381594,1.9103007,0.71603733,2.1019483,2.2259312,2.342945,1.2165774,0.97675896,2.9433444,2.3992596,1.7388073,2.4538183,3.3869433,1.750125,1.9545442,2.5633233,1.4821781,0.8151587,0.6744642,1.3260472,0.8433685,3.7179992,2.5633233,1.6773654,10.253075,2.587134,1.5722601,1.1879779,0.85252523,0.97053266,1.3273243,1.7843719,1.7062021,1.2172999,1.250333,1.7584605,0.9736847,1.1378182,1.1297814,3.4446611,3.73177,2.2101061,0.84296817,3.380689,1.3488613,1.129435,0.4386126,0.8585797,1.2692064,0.8928529,1.7340853,2.35223,2.1368337,3.031497,1.1541212,2.8160987,1.0299566,1.0659031,2.7621782,1.7580746,1.0122899,1.4188455,1.142729,0.98746914,2.7025902,0.40297717,0.5965796,2.1339386,1.720918,0.68017185,2.7658207,4.0645785,2.4878962,3.6110759,2.7602994,0.844649,2.7448971,2.1935663,1.65008,2.628626,1.9550694,3.3327553,2.430802,1.129689,2.2630215,0.7702369,0.957121,0.9735256,3.2391734,0.9798163,1.9325895,2.4764738,0.85967785,1.0749907,2.2980285,1.1645746,1.4401168,1.5562278,0.9746027,1.1188563,2.4354722,1.1878136,1.2000449,0.61816734,2.3408036,0.73414385,1.0794101,3.8638463,2.6603181,1.0569041,2.4040244,3.3888745,3.883025,1.9414302,0.5738831,2.312264,1.3105497,1.6220559,3.3682196,3.0299623,1.4536719,1.9280431,2.719978,0.8896419,3.4633346,0.48721892,0.63439626,0.69413805,2.1341531,2.417554,1.0242041,2.440342,1.0271425,0.98498887,0.6964646,1.0651565,3.8653142,2.0959606,2.9555173,2.4965398,3.2980177,2.0080848,1.4799626,0.88583803,2.668378,1.3764213,1.6572802,3.3450928,5.183391,2.982965,3.437595,3.0216434,2.0669918,3.800794,1.3605591,3.8204439,1.9122154,3.700099,1.8974534,2.136611,3.0185015,2.5681708,1.3502231,1.2878379,0.9727498,1.2553936,3.028186,2.8164916,3.143158,2.771479,2.787405,0.903819,1.3215324,2.8901973,3.0523543,0.83658844,2.4304295,1.2803069,0.78891045,1.0540811,3.1339707,3.7677839,2.3020544,1.1837633,2.4001799,1.8754158,3.296439,1.686876,3.0218768,2.450802,0.75405174,4.120668,1.6159153,0.83079207,0.6825947,1.1591164,0.5434084,1.4283147,3.0352182,1.2522979,1.7029651,2.5110402,4.1146173,2.5883756,0.8145611
3.9014232,4.691814,4.8918314,5.999328,4.743479,4.7123966,4.2900596,4.5368214,4.3137,4.911852,4.3010483,4.3281765,3.6155696,4.2907763,5.394955,3.50909,5.1634994,3.8867614,4.466625,2.8762238,4.5591245,4.368098,4.6737065,2.2321198,2.0011063,4.4690614,1.7562677,3.3927505,4.0975533,3.4983306,4.6324744,4.0080533,3.7898698,3.763208,3.7519815,4.4829626,4.542336,4.2607784,4.195231,4.4750705,4.265812,3.805413,4.292169,4.182348,2.4556017,4.7605968,4.6641912,4.474505,4.285297,4.3779044,4.3075013,4.766115,4.646349,5.299334,4.5862823,5.374496,4.807102,4.1444545,4.9706445,3.8922267,3.772317,4.8640456,4.2642117,4.034583,4.5683904,1.8340088,4.411984,4.5903673,4.3918457,4.6893697,6.2959294,4.569639,4.586347,4.102729,3.3365674,3.7445233,3.9838204,4.4122205,3.970476,3.9407253,4.805402,4.2498407,4.228843,5.490342,4.350452,4.7640038,3.8692198,4.206256,3.5870001,3.9945583,3.0297773,4.5162287,4.5427127,3.8276086,4.3311214,3.221223,3.4460218,4.6845555,2.9779415,2.1382263,4.335741,3.9494898,4.428939,3.5822403,4.2932405,4.212076,4.5062957,3.8835914,4.900712,4.428939,4.6923532,7.336165,5.1435733,4.266685,3.6240969,4.0413365,3.9754026,4.296398,4.3473954,4.322966,4.158422,3.8830879,5.019957,4.014376,3.8131998,4.109122,2.496808,1.4008272,4.2531796,4.7422304,4.627332,4.4656076,4.7328854,4.338459,4.2771416,3.747694,4.4487376,4.1651387,4.95317,4.082382,3.3377159,3.9397762,2.3371036,4.6930747,4.237891,2.7164538,4.1191463,4.7540817,4.04387,4.3985577,4.054029,5.9215994,4.49351,4.0932274,4.5604563,4.057813,4.035756,4.428688,5.061133,4.6831813,3.91688,2.7020092,4.139948,2.7670481,3.1873212,4.190181,4.675852,3.2701333,5.843441,4.326116,3.8898797,2.6637192,4.187914,4.2051506,4.789437,3.3075197,3.9825108,4.5227647,2.8188167,4.2658668,4.762599,4.7568474,4.7087693,4.8239737,4.668682,3.8144462,3.9123394,4.822509,4.418295,4.3243475,4.8205967,3.3571954,4.2060027,3.862354,5.377341,3.174204,4.726022,3.0989254,4.1626544,4.8559737,4.1395426,4.6566253,3.2072296,4.292711,3.9634936,4.8715415,2.8874884,4.117494,3.750673,4.528887,4.328642,4.221,4.454259,4.5499134,4.368638,3.246812,3.8138552,4.4598107,3.5809467,4.7170806,3.839674,4.428115,4.6949673,3.3373477,4.314119,3.5419254,3.5983474,4.9559813,4.4943323,4.266411,4.539503,4.6982646,4.0717382,5.874314,3.1854923,1.6727312,3.4700308,4.4266844,2.4254239,4.9508815,6.278923,4.470472,4.465622,4.3721585,1.5042647,4.0263987,4.5292273,3.1852229,4.7312217,3.629695,3.6710238,4.4570436,4.837423,4.6909175,4.7597976,4.3938866,4.4888124,4.0661864,4.2654176,4.5394926,3.252992,6.1445956,4.5492635,4.533782,4.5845346,4.799526,3.9115026,2.2381833,1.434561,4.638826,4.28307,4.5492454,6.109821,4.7658257,4.041328,2.8272023,2.814836,4.291785,4.2168303,4.2862544,4.418753,4.036108,4.575311,4.450863,3.6552503,4.852599,4.633592,3.669379,6.4436502,1.0167096,4.5934715,4.4828725
1.909758,4.0967793,2.507305,3.9178226,3.6386936,3.7620347,2.1749172,2.0416,3.1959603,1.8710667,2.1037269,1.9729223,1.05486,1.9185017,4.462815,1.4130566,2.992106,3.1006126,4.08548,1.0711716,2.1891084,3.4754057,2.6647568,1.8372496,4.7953696,2.4004025,4.6727443,0.5594157,1.8071868,1.9469944,2.3200765,3.6853607,1.5809919,2.4383297,1.5970075,1.430693,3.4655342,2.3487787,2.3301136,2.6609323,2.063303,2.2943466,2.0509198,2.050815,1.9532999,4.4847584,3.7954936,2.2179437,2.4436486,3.2681391,2.0454202,3.0285103,2.4126155,2.006405,2.6814327,3.9485428,2.503383,2.511292,4.3129354,3.433375,2.0494823,3.1723464,1.0049986,1.9505934,1.3177857,2.0795834,4.089971,3.8373547,3.1319158,2.406733,5.1076136,2.574916,2.4347317,0.97622496,2.6809754,1.604831,2.025449,3.0144277,1.6541152,1.6196113,4.2464476,2.7568407,1.8335292,4.077844,2.1327229,4.820391,1.6133664,3.1171863,1.1194804,1.6843506,0.9873926,3.7946517,3.895656,1.6087246,2.1578927,2.241004,1.9907241,2.5486937,2.2063148,2.336222,2.9872665,3.14316,3.728603,1.5588703,2.1503007,1.9660437,2.4425952,1.5078582,5.183061,3.728603,3.0836313,10.43046,3.4413905,3.1172972,1.2673326,1.9576586,2.1717598,2.827399,3.1985278,3.3036525,2.1298015,2.0886037,3.2357132,1.6920583,1.6942017,2.5245514,2.9703941,2.6307294,3.062479,1.7451191,4.261467,2.409557,2.4996386,2.1693668,1.95072,1.4969124,2.131354,0.6840583,3.23336,2.8391416,3.1444113,1.8261309,1.7215378,2.3915782,2.539938,1.7254575,1.9324342,2.4381096,0.8630135,2.6776502,1.8097969,3.9481714,2.2440224,1.7813433,3.69838,2.0407834,1.6077293,3.2978222,5.0305185,3.6686013,3.9709623,2.6577375,1.5660391,2.284407,1.8980507,2.1986647,4.030938,0.7732916,4.429717,3.0200295,1.6177851,1.6184767,1.7873892,1.9256251,1.9562824,2.7590344,1.7228684,3.2146142,2.567417,1.8937728,2.4750338,3.7019126,2.5114164,2.703834,2.5165315,1.6678233,1.6410915,4.1609344,2.7979102,2.172938,1.877977,2.9740024,1.8397264,2.1136742,5.2966433,1.709092,2.3563068,2.3326557,3.939459,4.7663407,0.5873457,1.8844293,2.129007,2.125985,1.4652171,4.3631806,2.5652587,2.0570054,1.8336616,3.6608546,2.203223,2.3296347,2.3745165,2.5168421,2.236887,1.1134684,2.752002,2.1683772,3.05623,2.307816,1.6973573,1.6545589,1.7704213,4.4844,3.6078813,3.568638,2.2455235,4.381493,3.544587,2.6090212,1.969395,4.0891623,0.8527789,2.8042524,2.7178333,4.667899,2.699322,2.0597477,2.3135147,2.813193,4.768079,2.4329703,4.481977,2.1305199,3.0210404,2.0386612,3.258515,2.7164476,4.190412,0.9849608,1.175354,2.705952,2.6456063,4.534782,4.266738,3.9912164,3.916133,3.3489769,1.93857,2.276283,1.1819496,4.3218765,2.642378,3.4951038,1.5349133,1.763645,1.630326,2.1656673,2.734735,3.8660617,2.3237972,3.261406,3.1567428,4.78845,3.0554523,3.1673636,2.0538518,2.441645,2.7145853,3.0669851,2.5197365,1.7518001,2.2808444,2.309265,1.5128849,4.3955016,2.519394,1.6724404,4.0759983,3.1829894,4.0551248,2.56626
0.7158227,2.8926098,1.7580044,3.4815893,3.0689023,3.001797,0.81627715,0.61533755,2.0004385,0.818586,0.7603502,0.5548733,1.5728416,0.5168269,4.021221,1.0130625,2.4287121,2.561258,3.423278,1.6918896,0.82079554,2.3736036,2.1875443,2.5640867,4.9995584,1.1677005,4.9742255,1.4853575,0.49558666,1.9345044,0.88956434,2.795007,0.5727364,2.4532619,0.58889663,1.2061822,2.3115928,1.0879285,3.2648017,1.7536547,0.7662492,2.1781163,0.69028157,0.6994271,2.4413934,3.4824913,2.637211,0.8898622,1.4570103,2.0907667,0.6776836,2.5349615,1.7324792,1.3411947,1.4165037,3.4321644,1.064197,1.4189315,3.6175597,3.1564581,1.0784415,2.3690302,0.94314086,1.78255,1.8243148,2.8785589,3.1381078,2.5787163,2.0342798,0.97049725,4.8569202,2.0098886,1.0227199,0.56069416,2.5492733,0.6191054,0.98927265,1.81026,0.4745999,0.4787749,3.1365924,1.5134901,0.4828523,3.597558,0.9772173,3.730559,0.52781826,3.005474,1.6507777,0.6452083,1.4683795,2.556175,2.661449,0.5564824,0.81374055,2.2523882,1.5764692,2.2363896,2.3474827,3.0165703,1.7164748,2.002972,2.581953,0.7728619,0.7751526,0.6500952,1.0566026,0.67296255,4.0866346,2.581953,1.7204283,10.419349,2.9276183,1.8966259,0.71492803,0.7735699,1.2179667,1.7454315,1.922091,2.3687458,1.6083329,1.3736018,2.616699,0.47113913,0.60088223,1.5901681,3.0375087,3.2271786,1.9945307,0.61155605,3.629219,1.0388218,1.0576079,0.99137944,0.57475823,0.5734861,0.7418631,0.94656295,2.3830726,1.7747202,2.8888237,0.6188754,2.3716824,0.9661628,1.548421,2.215061,0.9713579,0.9995046,1.0728018,1.3172777,0.526089,3.5245159,0.99643195,0.72157633,2.426171,1.004036,0.71020293,2.7766733,4.275755,2.7408876,3.5708773,2.6716213,0.260206,2.6834886,2.1846037,1.503303,3.1391242,1.3124644,4.0228667,2.540096,0.5116944,1.8697197,0.42880812,0.5526689,0.79810846,2.850723,0.51206595,1.9119263,2.3234966,0.50604177,1.0298415,2.4307184,1.0732584,2.2039707,2.022533,0.8422781,0.507327,3.1268349,1.6041576,1.7677027,0.81536126,2.4197874,0.48078826,1.263935,4.333278,1.8717089,0.9161945,2.4598484,3.5127068,4.1128726,1.2177552,0.61965066,2.3705425,1.4020413,1.656424,3.8589678,2.6519437,1.8354095,2.0494466,2.574044,1.2231745,2.6564753,1.156274,1.2839776,1.2427322,1.750497,1.8916552,1.6575993,2.6950247,0.87184817,1.0030686,0.3703865,0.58926475,3.7685096,2.463154,3.0703092,2.3066397,3.6111584,2.274521,1.350984,0.56133264,3.1126451,0.78054404,2.2630754,2.8923457,5.0211334,2.4596536,2.540685,2.8118398,2.0868702,4.5064116,1.0627437,3.993834,2.2337627,3.2871995,2.0698185,2.0587006,2.609197,3.0000036,0.79425275,0.78191227,1.3828017,2.0574267,3.4097512,3.2823443,3.4329891,2.7930033,3.1655438,0.571116,1.9253757,2.2974567,3.881609,1.39762,2.6217468,1.3175324,0.78811276,0.48367435,2.5673413,3.4133258,2.7472677,0.9986546,2.756787,2.5738068,3.690861,2.1605725,2.9727247,2.37464,1.4777751,3.2391691,2.0272882,1.4256186,0.6757358,0.8626357,1.1811823,0.6984149,3.5140803,1.0987077,1.8249676,3.384739,3.7393448,2.8270533,1.3746285
2.2194395,4.3433714,2.2844822,3.671844,3.4330297,3.6364818,2.379327,2.1884167,3.400461,1.8182876,2.2719731,2.1853268,1.0291269,2.1223972,4.2110443,1.8522611,2.7369757,3.036325,4.0036254,1.6521733,2.3732839,3.710189,2.5744152,2.122769,5.233593,2.5903,5.0960855,1.0710162,2.0743544,2.0356913,2.5160992,3.9436107,1.8976291,2.3268235,1.930982,1.1483301,3.6244116,2.6646526,2.3845632,2.7487826,2.317854,2.7095783,2.237643,2.3054574,2.1307216,4.621393,3.9506245,2.4095616,2.6649253,3.442236,2.2238736,2.9773118,2.4437416,1.9799241,2.9266803,3.6658163,2.640615,2.7564654,4.1620536,3.293366,2.428877,3.233479,1.3156407,2.2728407,0.9571233,2.4601116,4.1758733,4.08789,3.3365297,2.5941365,4.794353,2.5825214,2.6624272,1.1619191,2.796554,1.9449724,2.3411477,3.2330258,1.8931985,1.8628988,4.392714,3.061021,2.0191634,3.779421,2.4246259,5.169769,1.892887,2.9526775,1.041334,1.936302,1.5653325,4.0677714,4.170551,1.9064459,2.3217692,2.406423,2.425679,2.275824,2.6817,2.8206785,3.220368,3.4957054,3.9265997,1.9407865,2.4119053,2.2167659,2.7022736,1.7281777,5.518045,3.9265997,3.2797282,10.817388,3.1158452,3.4211025,1.5807884,2.2775722,2.4994824,3.1598046,3.4512231,3.5382214,2.3873322,2.477168,3.154876,1.9209838,2.004487,2.8267984,3.1044471,3.130981,3.2304578,1.7561953,4.1519966,2.6738849,2.682416,2.3696795,2.1404257,1.8072405,2.280804,0.8454085,3.0829213,3.0968568,3.1331055,2.1312275,2.2230237,2.5360086,2.8383102,1.855192,2.2296774,2.5839798,0.90855575,2.9242828,2.0579994,3.703008,2.438084,2.00931,3.956996,2.3824184,1.7809997,3.1273835,4.975177,3.6177044,3.9221969,2.7198966,1.7885501,2.3221035,1.9037913,2.1132874,4.394476,1.3492064,4.1132274,2.8259435,1.884077,2.1461859,2.014747,2.1638415,1.9299204,2.6983783,1.9645439,3.4593532,2.697327,2.0944667,2.642002,3.875118,2.7050657,2.6087165,2.2645602,2.0172155,1.9053481,4.248679,3.1081522,2.2130258,1.852367,3.4549527,2.0741553,2.4633424,5.6948285,1.965465,2.522804,2.322898,3.8264058,4.6743903,0.5822705,1.9389995,2.112223,2.0073752,1.3185103,4.187604,2.6009648,2.213034,2.036706,3.8324828,2.5103369,2.2930262,2.5598757,2.7273698,2.4765956,1.1578757,3.0584395,2.1673586,3.0206208,2.4638932,2.0261092,1.7699847,1.8141887,4.942695,3.9402683,3.594848,2.0649776,4.2710752,3.7827322,2.8055253,2.1060684,4.476262,1.1825954,2.5954573,2.6870081,5.0875597,2.781346,2.0837307,2.7538404,2.578674,4.4175124,2.6954355,4.37648,2.18438,3.2933114,2.3125641,3.421477,2.7583215,4.5068197,1.3137275,1.5952203,2.9460258,2.585396,4.881583,4.6459374,3.8772068,4.105781,3.18435,2.1292365,2.228306,1.1701839,4.0566807,2.8874645,3.4411156,1.2608708,1.7076095,1.9698149,2.4014747,3.1189282,4.2181587,2.527075,3.0440173,2.9311314,5.1368747,3.1332922,3.243037,2.1297379,2.6034153,2.771297,3.419917,2.7710426,2.0102038,2.4932814,2.5225744,1.8537312,4.7832103,2.7403786,1.7675542,3.8163695,3.6283762,4.31331,2.8191597
1.1832838,2.942828,1.9847379,3.7028894,3.4180944,3.2921336,1.0292311,0.70682025,2.128879,0.7785885,1.0188975,0.8169099,2.2178853,0.8402254,4.385207,1.6821418,2.697442,2.9983623,3.778647,2.3503718,0.74635553,2.4443426,2.590702,3.2862132,5.5174136,1.4304903,5.655025,2.0475318,0.99824196,2.3422666,0.783916,2.9717512,1.1668093,3.0587802,1.2173227,1.5713578,2.371905,1.1587147,3.5365043,2.1187592,1.1185831,2.684193,0.9475995,1.0474715,3.1685853,3.5943544,2.6978953,0.8814041,1.8372953,2.210832,0.9478694,2.9329052,2.090071,1.2500548,1.5794392,3.7349474,0.9227021,1.5414655,3.893048,3.630157,1.5837702,2.67675,1.3696169,2.2792397,2.0361598,3.5776036,3.465321,2.7050714,2.0757606,0.83815455,5.2020483,2.417407,0.9425367,1.1550975,2.9371133,1.2092181,1.4730523,1.8458751,1.0586785,1.0765219,3.208816,1.5927663,0.907093,3.900493,1.2803054,3.9431283,1.1134107,3.5471368,2.2911744,1.2490819,2.1328297,2.713625,2.8138306,1.1440033,1.0329369,2.67344,1.9115881,2.6352146,2.9781363,3.6912305,1.8243933,2.2593422,2.7065964,1.3581263,1.0388861,1.0536628,1.0159106,1.3465468,4.291886,2.7065964,1.685052,11.025573,3.172832,2.1222713,1.4479468,1.2310317,1.6798458,2.0246909,2.063101,2.728614,2.0775285,1.858039,2.9470456,1.0360714,1.1876353,1.9924221,3.5990608,3.8887131,2.1243901,0.666449,3.9623446,1.0179577,0.9192383,1.3467613,0.90137935,1.2078004,0.8937507,1.3539728,2.4683402,1.9148905,3.3853679,1.0915933,3.0583258,0.88404745,1.9018439,2.8413486,1.1208187,0.87717223,1.6411915,1.4587404,1.0094355,3.7719383,1.2516714,1.2656741,2.549688,1.1752264,1.3207154,3.079597,4.533035,2.9543412,3.978197,3.3238697,0.90389776,3.3887854,2.8717492,1.842284,3.4080842,1.9686214,4.325832,2.902142,1.1063199,2.5548232,0.9161508,0.9003124,0.7749212,3.339656,1.0729973,1.9383954,2.9316542,0.8615228,0.8796099,2.4631011,0.94540185,2.5671985,2.3805907,1.4511589,1.0875257,3.4012773,1.8176594,2.2471068,0.91579145,2.9055882,0.93403494,1.7657887,4.525248,2.3392253,0.76308876,3.1320598,3.9268131,4.4230247,1.6247568,0.77490634,3.049215,1.778325,2.2407064,4.2559495,3.21114,2.3584151,2.6510952,2.6388745,1.5551368,2.86702,1.434003,1.4978544,1.5942364,2.4213848,2.0898674,2.0932176,3.249092,0.72867507,1.5967616,0.7735183,0.5531367,4.1351314,2.6971335,3.5549197,2.8393688,3.8706558,2.4087048,1.5039773,0.64589477,3.3363035,1.3238263,2.240338,3.3879404,5.707078,2.8356347,2.6834545,3.4974597,2.1906338,4.8105545,1.0399874,4.378654,2.720993,3.9344914,2.5872512,2.1070561,3.0865533,3.1611922,1.5120403,1.4668552,1.5594041,2.394804,3.604262,3.5074954,3.8255413,2.9162073,3.7017457,0.8967631,2.359932,2.88044,4.124621,1.5858896,2.8638644,1.6824294,0.8974201,1.0837641,3.1888385,4.1258407,2.934117,1.1772096,3.1319346,2.5419533,3.8985434,2.5776324,3.565773,3.0840433,1.8778026,3.4545634,2.3067865,1.717927,1.2420859,0.7856747,1.4789896,1.293118,3.761708,1.003342,2.4655914,3.4300215,4.429785,2.9555783,1.6084534
1.1138434,2.4242249,2.609841,4.613849,3.5308063,3.2476742,1.176929,1.3151277,1.6949319,1.8171449,1.2630105,1.2082525,2.4021986,1.2211592,4.7045283,1.8088726,3.4166791,2.720304,3.5404496,2.0402186,1.008936,1.6995449,3.2934992,2.9336517,4.3085537,2.0593836,5.0973625,1.7518876,1.3193362,1.4706738,1.1985637,1.9810137,1.004351,3.287137,1.1448011,2.1073847,1.8469901,0.85977006,2.8841982,2.7342935,1.6362414,3.0615942,1.1845037,1.3263551,2.8890872,2.8968093,2.1948423,0.9328519,2.4041934,1.7781577,1.2512449,3.622878,2.8954034,2.5046823,2.174159,4.159514,1.4809742,0.7878292,3.7400427,3.3186333,1.7340837,3.3990872,1.9982644,2.8305838,2.097855,3.0526552,3.3611903,2.5600522,1.3383551,1.2686583,5.7835436,3.1344352,1.1700455,1.5916659,1.8749422,1.0135003,1.8468059,1.3078644,1.1566565,1.1370288,2.6411664,1.1493382,1.2779697,4.3411813,1.9191296,3.8411689,1.0391016,3.8456285,2.4242342,1.6658869,1.8711419,2.6218557,2.6881607,1.0213172,1.251579,1.6140488,0.69054955,3.1996214,2.992889,3.3612256,1.5307826,1.958402,2.1856263,0.96022284,1.4391421,1.5187541,1.1156338,1.6875781,4.086316,2.1856263,1.6226406,10.549819,3.4117243,2.2119114,1.5430082,1.5680721,2.0605369,2.4115355,1.8891532,3.0961523,2.691204,2.2331831,3.681234,1.190362,1.1304889,2.4224687,2.682539,3.2125807,1.4738361,1.6353728,3.686871,1.0593517,1.3532202,1.9655032,1.2439322,1.0566684,1.2916471,1.6010662,2.3658326,1.1030604,2.7662606,1.0295537,2.721684,1.3539696,2.397583,2.2039719,0.31937826,1.4154521,2.097163,1.6507081,1.1436174,4.636784,1.9650489,1.7742486,2.4467573,0.44659707,1.7969564,2.7849083,4.1127076,2.7870088,3.3619618,2.8852248,1.3302135,3.2160616,2.8859265,1.7532737,3.7310832,1.8514053,4.862999,2.7813504,1.0855286,2.2985828,1.3357173,1.1423032,1.5607388,2.619925,1.196254,1.6520829,2.372978,1.2259736,1.3880328,2.192675,1.3283229,3.3440998,2.8900323,1.7680867,1.0779986,3.5982685,2.2414556,2.9194212,1.9306134,2.8448007,1.3800176,2.0998323,4.6957536,1.3688406,1.3067429,3.035465,3.5464778,4.061686,1.8038495,1.6709738,3.065676,2.000784,2.64281,4.3125205,2.4734683,2.9617815,3.0766726,1.9614933,2.1962507,2.0774117,2.0651257,2.1567466,2.2750647,2.3250337,0.96627975,2.825049,3.1196427,1.302192,1.9932352,1.5071862,1.3617495,3.3725522,2.7228825,3.1069317,2.5651677,3.6796243,2.286187,1.2719395,1.2657855,3.578382,1.7935369,3.4613352,2.6013298,5.131852,1.852198,2.042222,3.3308606,2.3085985,5.457787,1.0688374,3.982639,3.3992312,3.0389504,3.1289785,1.6686587,2.2506404,3.2022767,1.6308101,1.6638943,1.9459594,3.2120032,3.5257561,3.7272682,3.6250708,2.3607056,3.7916505,1.1994752,3.1010046,2.5831325,4.9483995,2.1802173,2.6499069,2.3748481,1.8730556,1.228912,2.3346913,3.6169772,3.1306982,1.1758553,3.242433,3.756514,3.8010979,2.637571,3.0090175,2.932131,2.4396083,2.5490143,2.6225104,2.3257797,1.6900623,1.1256737,2.1727154,0.94963694,4.0430784,1.2504447,2.8265252,4.455128,3.7993288,2.6888387,2.2075853
0.9770575,3.0042953,1.9688584,3.8645675,3.084354,3.0077307,1.1291406,1.0690613,2.0967565,1.2173524,1.0820836,0.99800056,1.4484792,0.9503823,4.134433,1.2403427,2.7039473,2.4268496,3.3652127,1.4739039,1.094405,2.3499117,2.547861,2.3029993,4.6082225,1.7339087,4.883113,1.0402063,0.97128785,1.3222294,1.2771091,2.6410832,0.63888866,2.4915442,0.7611671,1.1880034,2.3280215,1.2903963,2.649072,2.2252762,1.3314708,2.5336256,1.0191311,1.144263,2.2239769,3.4044895,2.672158,1.0907891,1.9888701,2.1609263,1.0405098,2.9240246,2.2197638,1.8501831,2.0005054,3.5688984,1.4852238,1.3615267,3.5620465,2.9438422,1.481719,2.8716817,1.213816,2.1786895,1.3717774,2.5645175,3.305551,2.8679843,1.9766716,1.3644897,5.0535107,2.4385324,1.3766056,0.6647332,2.0071864,0.6994974,1.4819396,1.8642901,0.70891154,0.6692368,3.1384819,1.6779547,0.894377,3.7332826,1.587195,4.0853586,0.64159954,3.096177,1.4774588,1.1096405,1.2747563,2.8815534,2.973815,0.64962155,1.11707,1.6587583,1.2188016,2.3942332,2.5018933,2.8930418,1.9015311,2.2590413,2.6430001,0.699756,1.2869736,1.1924734,1.3893499,1.0010226,4.3926144,2.6430001,1.9796264,10.469959,2.9010246,2.3067253,0.8214682,1.2752081,1.7081394,2.2719333,2.1871996,2.8304448,2.0865228,1.8342677,3.0264316,0.7543065,0.8051825,2.095778,2.5800173,2.9618657,1.931085,1.0340765,3.5329487,1.3483831,1.4618508,1.5549717,0.971969,0.5840554,1.1130867,0.6832141,2.2790592,1.7180847,2.5669937,0.862848,2.2076135,1.3499343,2.0884793,1.6999788,0.8268711,1.4150192,1.1181502,1.7314212,0.8467032,3.8889534,1.5991427,1.2281712,2.738411,0.9804698,1.1132092,2.5536923,4.177535,2.744956,3.2929099,2.4278119,0.76253957,2.5051703,2.0862947,1.3372396,3.6394558,1.146293,4.198758,2.3806565,0.6588866,1.8246536,0.93360937,0.9418645,1.0840578,2.3510654,0.7954102,2.1184855,2.0810616,0.9281789,1.4479473,2.5987995,1.4678831,2.5983093,2.1619318,1.259189,0.673502,3.4525845,2.1477473,2.1574163,1.2947474,2.7228599,1.0071528,1.7205297,4.8047256,1.2491015,1.3297943,2.3400412,3.3217156,4.001746,0.8767229,1.1351815,2.2873533,1.4123584,1.6925992,3.888657,2.189022,2.2125351,2.274498,2.527662,1.8128598,2.0057178,1.7196054,1.8737009,1.8264331,1.4554478,1.6985233,2.0658042,2.6481264,1.2840677,1.4253539,0.9001546,0.88121957,3.8133895,2.8597333,2.9343016,1.9559926,3.5751128,2.5609882,1.5034053,0.9857817,3.6017532,0.9476037,2.7354326,2.3572638,4.9083195,1.9558675,1.9304423,2.796087,1.9834855,4.707187,1.3678638,3.8277636,2.5508044,2.8901324,2.413184,2.1155674,2.1370914,3.4063556,0.7839467,0.9860393,1.8827615,2.4957433,3.77559,3.763005,3.358004,2.8321958,3.1565826,0.9391851,2.2982764,1.8161288,4.2235627,1.9808469,2.5841124,1.4474133,1.1897209,0.855403,2.0623126,3.180995,3.2220838,1.2464167,2.7390428,3.0528255,4.0478897,2.3600411,2.7399423,2.2185054,1.9709907,2.5843632,2.5310771,2.0033228,1.1733414,1.2305493,1.776372,0.5847824,4.0077243,1.4637849,1.9731063,3.8172174,3.516185,3.0665357,1.9597448
2.6393912,3.9359813,1.8440497,2.3527498,1.7349705,2.2133842,2.7400963,2.7605605,3.1672392,2.6889076,2.609477,2.726075,1.6962105,2.6594532,1.9834124,2.3456798,1.6000284,1.8317528,2.3931627,2.6535943,3.072895,3.6865056,1.3901643,2.1512496,5.2523227,2.4320166,4.168147,2.7920213,2.5520546,2.9196343,3.0795841,3.8416317,2.589476,0.33069468,2.5183322,2.1119027,3.4351668,3.253154,4.454722,1.8576937,2.5578146,2.7249653,2.6721942,2.6357179,1.6227117,4.0473633,3.576747,3.0591555,2.2320206,3.1647112,2.6270158,1.5154059,1.8781487,3.0030625,2.7579927,1.8036121,3.0108817,3.2255516,2.6826277,1.8689581,2.5174522,2.0572531,2.734997,2.4287133,3.1054273,2.7502239,2.531591,3.3784635,3.53817,3.1013541,2.6984901,1.6232798,3.1606455,2.444948,3.2189994,2.6084468,2.3999069,3.385871,2.4751992,2.4734864,3.8612435,3.3295825,2.528172,1.8866074,2.6643522,4.074066,2.548866,0.46326423,1.6511112,2.2458203,2.5837197,3.318551,3.401632,2.5668123,2.6500087,3.1448333,3.4347715,1.1612678,2.5856335,3.035991,3.1252887,3.13966,3.455444,2.6607647,2.7196565,2.5356884,3.2021754,2.0780284,4.3384867,3.455444,3.274271,9.149596,2.0575376,2.9315236,2.1754813,2.55906,2.403205,2.814015,3.0999703,2.3991153,2.217582,2.5177343,1.6800126,2.4704218,2.525078,2.4120293,2.7813284,3.3820279,3.2196553,2.6797612,2.6252391,3.1959043,3.1119273,2.3381119,2.609681,2.5198562,2.6989093,2.7824476,2.8467793,3.3329253,2.2575643,2.6799133,2.660334,2.9570239,2.5191252,2.3316271,3.2453358,2.9961042,2.1403956,2.865124,2.5734155,2.248633,2.4925356,2.2308378,3.3198373,3.2564063,2.051975,2.413802,3.5696132,2.6117988,2.8252866,1.5114836,2.4904122,1.198718,0.9937604,2.1631598,3.5212328,2.5401747,2.143466,1.9093091,2.509842,2.4759793,2.534748,2.6966622,2.7028809,2.5962522,2.4665837,3.3898048,1.8386934,2.6247387,3.0781753,3.4505785,3.1319606,1.5718961,1.3627186,2.3298898,2.5265465,2.5633187,2.8702753,1.6063988,2.5085526,2.99659,2.5465565,2.3710477,4.703623,3.0396724,3.059421,0.81015235,2.3785653,3.1460702,2.740479,2.547361,0.8147586,1.842368,1.4090996,2.0102963,2.3570495,1.861281,1.901147,3.667737,2.6295462,3.8719265,2.3955247,2.5639946,2.4024162,1.7894524,3.4793065,1.6482476,1.1089646,3.0214248,2.2268493,2.5082495,2.8405466,4.264805,3.1986625,2.0983186,1.6928,2.817429,3.1825101,2.8874385,2.7789576,3.722032,2.5840905,2.8619344,2.7466364,4.2159944,3.0699391,4.1169596,2.6206217,2.577325,2.547555,3.2007134,2.8051481,1.995276,2.9072764,2.3432589,3.3159573,2.6581974,3.6239636,2.2117364,2.40071,2.7370315,1.7282894,3.9033673,3.791716,2.1591423,3.575281,0.79175824,2.6272767,1.5722569,2.5483658,2.422208,2.7064712,2.5124185,1.9854592,2.529899,2.6016333,2.688381,2.9447849,3.4985926,2.7944114,1.5325377,2.935366,4.0580893,1.7617011,1.9236202,1.1746209,2.008423,4.4940896,2.9469316,2.5170882,2.291992,3.0902452,2.4329755,2.6088068,3.9123464,3.1749241,1.432914,2.853955,3.4255497,3.5732696,2.6381888
0.8867754,3.0160408,1.4696393,3.158139,2.8512332,2.8468316,0.9255516,0.6706368,2.1002154,0.6289306,0.8147924,0.67953265,1.4011858,0.62295955,3.749581,1.0524944,2.1072414,2.443174,3.2973402,1.7788769,0.9938688,2.532354,1.8850402,2.5339363,5.1790533,1.0754672,5.006124,1.5740625,0.6028546,2.029516,1.0354233,2.9610143,0.77153933,2.2034523,0.75791216,0.95303595,2.4112089,1.3361224,3.3907235,1.540293,0.7813057,2.1414232,0.7831745,0.7997188,2.3602395,3.5638838,2.722568,1.0674074,1.3371342,2.1745872,0.7441088,2.251933,1.4654251,1.1667147,1.3934044,3.149188,1.1191467,1.6193324,3.4761431,3.0164607,1.1510345,2.143052,0.91631603,1.6838558,1.7999289,2.9111896,3.0479343,2.6352713,2.1983068,1.0993775,4.540421,1.7376249,1.1907098,0.4935513,2.654956,0.8245381,0.9865425,1.9664909,0.5897299,0.60065746,3.2155395,1.7143456,0.5330038,3.3091073,0.9776682,3.7785234,0.7009226,2.7338493,1.4801885,0.576669,1.558771,2.60782,2.7173116,0.7415963,0.8739729,2.3787224,1.8555611,1.9172102,2.3485913,3.0562837,1.832256,2.1253717,2.6718721,0.9883554,0.86701715,0.6835979,1.2498174,0.5487056,4.139308,2.6718721,1.8226739,10.421126,2.6931803,1.9461006,0.7111635,0.84638447,1.2004561,1.7549511,2.0080667,2.2708404,1.4709775,1.3732831,2.3290172,0.5695656,0.76128125,1.5369052,3.07531,3.3275292,2.110222,0.45818844,3.5076387,1.2413489,1.1694078,0.8857888,0.65072316,0.7455984,0.79214644,0.9774431,2.3056495,1.9591397,2.8397808,0.81917757,2.4172032,1.0391078,1.5012562,2.2267792,1.2559451,1.0677303,0.8942229,1.3886591,0.6644429,3.2009978,0.9074199,0.61357224,2.486459,1.298666,0.51689076,2.6703534,4.206746,2.6531193,3.5178814,2.583481,0.3298622,2.5430236,2.0068963,1.4061847,3.1294744,1.3799143,3.7162242,2.3823223,0.66286504,1.9286779,0.4996771,0.70442957,0.69494396,2.8318148,0.61394453,2.043951,2.2885442,0.60238624,1.1243546,2.5011003,1.1963186,1.8985041,1.7210371,0.8458602,0.6629181,2.9996524,1.6258448,1.5025399,0.555871,2.4836197,0.54357594,1.249687,4.3652787,2.0204775,1.0246123,2.289675,3.3969977,4.012979,1.2060671,0.43861973,2.1827054,1.2047324,1.3976694,3.6433978,2.6432707,1.6318096,1.8857058,2.6933131,1.190338,2.7710633,1.0544664,1.2123809,1.1374612,1.6461476,2.1140428,1.3700941,2.527996,0.9716403,0.94641215,0.20266376,0.59374535,3.9217803,2.5093458,2.9901373,2.1756413,3.4898305,2.3297455,1.455105,0.6290652,3.1410747,0.76506865,1.9829211,2.894772,5.054532,2.5440044,2.6879115,2.8056018,1.9544033,4.1814184,1.2619917,3.8833208,2.006513,3.3423166,1.9407226,2.1595511,2.6331112,3.0402534,0.7750484,0.8279375,1.3938425,1.7607077,3.4641836,3.3052213,3.284425,2.8798573,2.928858,0.6623048,1.6304461,2.2659237,3.5588706,1.3664411,2.5373402,1.0114077,0.5340283,0.6722109,2.630609,3.4343653,2.7835553,1.1091034,2.5356257,2.2865958,3.739762,2.0290072,2.9114704,2.2401452,1.3105183,3.393217,2.0451796,1.354673,0.6191762,1.0318536,1.0780654,0.89856833,3.5225182,1.2504283,1.6183608,3.0779564,3.8012435,2.8981082,1.3328607
2.2261198,4.1034293,1.1917512,2.3737566,2.607717,2.9216194,2.1789315,1.9017081,3.165848,1.2803595,2.0184643,2.0085304,1.3671265,1.9467372,3.1954103,2.084702,1.4524583,2.6527038,3.436521,2.5218558,2.2391891,3.645113,1.5597004,2.825403,6.069862,2.0513215,5.5728135,2.1873026,1.964169,2.646244,2.2900848,4.0334935,2.074892,1.8461815,2.0678558,0.727063,3.394478,2.697949,3.6913035,1.9560835,2.030686,2.7708168,2.0377142,2.1185756,2.5601375,4.405263,3.6663923,2.3068671,2.1434493,3.1785493,1.9885542,1.993711,1.5845869,1.4004114,2.4320877,2.552937,2.2337282,2.8227897,3.4943936,2.969291,2.366076,2.3119874,1.6297718,2.1968277,1.7756896,3.3449202,3.5469527,3.6662235,3.298696,2.3265827,3.6681664,1.7033668,2.4699113,1.4036051,3.308674,2.1368167,2.1340554,3.1157453,1.8900155,1.8909028,4.1043653,3.0130105,1.8327746,2.6547778,2.1314557,4.7730775,2.000653,2.2300284,1.3900987,1.758533,2.3643262,3.648228,3.7575097,2.043861,2.0622869,3.0757492,3.0619323,1.180787,3.009584,3.588196,2.9857152,3.3381677,3.6682365,2.2572012,2.1767,1.977963,2.5649068,1.6052146,5.1225085,3.6682365,2.9442282,10.938927,2.2189507,3.058379,1.7610033,2.1376765,2.2621932,2.800108,3.1341934,2.9489877,2.0489762,2.3741899,2.054045,1.8748322,2.0789764,2.4547,3.5640473,4.013174,3.1193035,1.3779233,3.6045852,2.563811,2.371626,1.9040836,1.9368455,2.00891,1.987556,1.5819576,2.5753553,3.1373932,3.1365361,2.1760736,3.0109015,2.1910315,2.4455519,2.5969748,2.5261774,2.2131572,1.1469781,2.5806696,1.998667,2.4219425,1.9450057,1.7341256,3.543732,2.6384437,1.5112686,2.751394,4.4811153,3.0246608,3.7683597,2.8094018,1.7183037,2.5000858,1.9326075,1.8249434,3.9779909,2.1414013,2.9351068,2.330896,1.9580908,2.7236896,1.8570207,2.0515337,1.501986,3.0466876,1.9188082,3.2162313,2.788133,1.9216702,2.303273,3.485694,2.4143214,1.5485021,1.206745,1.9832026,1.966853,3.442672,2.7214644,1.5220299,1.2202537,3.493331,1.8913859,2.2859504,5.290637,2.7869573,2.226456,2.2409992,3.454993,4.1612773,1.5448502,1.4686116,2.0493162,1.4518977,1.0427865,3.3813505,2.9808385,1.8210331,2.00482,3.6818888,2.2041745,3.169913,2.016328,2.1886466,2.0264664,1.7541751,3.3072584,1.3575205,2.5941417,2.1646407,1.9304415,1.5028484,1.6090856,5.0780177,3.5696466,3.3218758,2.0963385,3.621954,3.3729765,2.5939074,1.8580711,4.1059475,1.5748756,1.4184241,3.152819,5.604267,3.1713662,3.137965,3.2889416,2.0019836,3.2291584,2.5791621,3.9549265,1.8046697,3.9037166,2.2364674,3.1772459,3.087875,4.053649,1.664988,1.8858179,2.5001419,1.5493948,4.490079,4.250118,3.3059084,3.84607,2.561216,1.9495723,1.3727561,2.2969632,2.7635603,2.3945217,2.9080055,0.45344475,1.1454157,2.04542,3.1654954,3.8654158,3.8058436,2.3234158,2.2737968,1.6678351,4.7387114,2.527712,3.2461338,2.3013167,1.9862167,3.851006,3.0727148,2.286615,1.8078988,2.314499,2.016489,2.1443477,4.398161,2.507792,1.6307675,2.4039106,4.3845625,3.9347758,2.3437576
1.1322832,2.6066773,1.8594117,3.8379297,3.1231349,2.921779,0.8509799,0.6498176,1.7654898,0.9039982,0.84219134,0.7859228,2.280283,0.80205595,4.207146,1.8798354,2.6833365,2.6318953,3.3930964,2.4642777,0.48090792,2.029578,2.7167077,3.2994332,5.310802,1.5753516,5.6858253,2.091335,1.0692676,1.9733738,0.65543306,2.5441222,1.1101438,3.0366752,1.216218,1.5496348,1.925267,1.0092932,3.4093843,2.2327814,1.2746403,3.0384564,0.788284,1.0545679,3.134833,3.1169734,2.263951,0.5577525,2.0330656,1.8133863,0.8167285,3.0756469,2.3150818,1.7022891,1.759855,3.5608006,0.7800257,1.1455641,3.478904,3.2685883,1.7309048,2.8510919,1.7458282,2.6435475,1.9310225,3.5911434,3.2121303,2.5207992,1.620298,0.7025994,5.1666307,2.600964,0.7994912,1.3167032,2.5031881,1.1691215,1.65747,1.4486214,0.9976711,1.0096489,2.7614956,1.359931,0.8643308,3.7351866,1.5708196,3.9180486,1.0384918,3.5024264,2.3160522,1.3935028,2.248597,2.5850716,2.6730878,1.0755308,0.82498163,2.3049638,1.7304198,2.6062226,3.2164373,3.8394377,1.5335382,2.1549616,2.3225636,1.3016635,1.1155268,1.1747303,0.89088804,1.4452505,4.2045164,2.3225636,1.4030447,11.044357,2.8562944,2.1185684,1.52119,1.3893565,1.8874066,2.2232985,1.8580647,2.84205,2.3945057,2.1399202,3.0604951,0.98142576,1.1572319,2.201676,3.2545197,3.9186041,1.6596884,0.8026921,3.546443,0.878254,0.78672713,1.5158309,0.8220267,1.1538337,0.73082274,1.4668623,1.9594537,1.522206,2.9883099,1.0385828,3.1753595,0.6942811,2.1344876,2.6416137,0.8736833,0.73256195,1.8151873,1.3934678,0.95276695,3.8863554,1.4504676,1.4317819,2.3901846,0.99631315,1.4421793,2.6175928,4.069715,2.5271742,3.5231433,3.1027157,0.9931583,3.3270128,2.8524585,1.4499371,3.627116,2.1139593,4.221329,2.5168586,1.0356814,2.687032,0.9784258,0.8517107,0.6382074,2.9456093,1.0211629,1.6603916,2.6602557,0.8168236,0.75503963,2.1148705,0.8094026,2.72446,2.2746441,1.6552771,1.0149637,3.2741485,1.9954054,2.4609814,1.0911772,3.0847814,1.0188287,1.9801135,4.6917925,2.0779092,0.64208984,3.0335212,3.517028,3.98199,1.6930132,0.88870835,3.0163023,1.5194751,2.320183,3.986317,2.868916,2.6382427,2.9171875,2.1737738,1.8806952,2.526817,1.5790297,1.6826701,1.8718019,2.397539,1.7164067,2.2909617,3.0239398,0.6003118,1.8319972,0.8963071,0.51350546,3.996188,2.7073169,3.2049866,2.5480466,3.4504848,2.2140772,1.1735961,0.5690039,3.5278163,1.6074697,2.5497413,3.0050335,5.734927,2.3785272,2.4723651,3.668713,1.7464114,4.780573,0.89058775,3.955582,3.0316663,3.7146254,2.9389305,1.6777047,2.6755538,3.151888,1.6149863,1.6715895,1.6031814,2.577789,3.582384,3.6786683,3.461139,2.5167935,3.5375316,0.7945731,2.5648568,2.8293464,4.1974373,1.7708966,2.4263134,1.761926,1.0406048,1.1812841,2.968965,4.1589184,3.0492375,0.9308928,2.8431783,2.8185766,3.8733954,2.3986542,3.2707393,3.0334234,2.0181684,3.1742563,2.495298,1.9475968,1.4048426,0.6558022,1.7130861,1.209211,3.9844096,0.859087,2.6305642,3.5378594,4.452267,2.7343333,1.817124
0.97142494,2.5985086,2.5746007,4.445712,3.661429,3.4286692,1.0886053,1.144995,1.8606547,1.6265423,1.1783125,1.0246394,2.3074148,1.0479931,4.761356,1.5600746,3.3346157,2.9306812,3.762425,1.9088053,0.8980975,1.965238,3.1287584,2.918975,4.537993,1.8345497,5.084411,1.6798979,1.1006198,1.7991906,1.0405905,2.3198416,0.8788587,3.2505383,0.9850018,2.0292964,2.0925949,0.7527268,3.0262923,2.5550828,1.3852785,2.7376232,1.0799501,1.1401335,2.8997774,3.2170458,2.4355607,0.8821963,2.162887,1.9710606,1.134828,3.447809,2.6602564,2.1732335,1.9216589,4.199107,1.3536255,1.0233588,3.9712975,3.5490687,1.4945444,3.1893523,1.6661439,2.504402,2.1263838,3.0531294,3.4634886,2.5845861,1.6272302,1.1214887,5.745996,2.9287822,1.0323111,1.3798038,2.2821636,0.87684983,1.5913501,1.4986466,1.0278027,1.0153062,2.9114628,1.1828978,1.1226444,4.3774037,1.6013082,3.775508,0.9225502,3.8219743,2.3595939,1.4403089,1.7247547,2.6054566,2.6845255,0.902593,1.1825441,1.9795934,0.8944114,3.1401513,2.7623649,3.2375746,1.6093544,1.9277796,2.3958473,0.8619703,1.2134647,1.2829492,0.97335875,1.5031831,4.0747485,2.3958473,1.6558967,10.54186,3.5436625,2.0869706,1.3796985,1.3083665,1.7979099,2.1530404,1.9096733,2.9183419,2.390444,1.9281586,3.5197253,1.0547476,0.9862713,2.1683602,2.9927676,3.203988,1.756186,1.4335719,3.9362266,0.9252008,1.2147341,1.7288952,1.0990775,0.94319886,1.1808447,1.4375145,2.6097167,1.3628134,3.0588632,0.87579685,2.6111948,1.242145,2.1255038,2.3748837,0.38758525,1.2839973,1.9075768,1.5293376,0.9956467,4.4829144,1.7099261,1.5401651,2.446589,0.39375788,1.601122,3.0609376,4.408147,3.0011668,3.6907926,3.0379603,1.1147895,3.2428958,2.8615398,1.9153976,3.4824383,1.6757569,4.8619556,2.9866686,0.96715,2.1472094,1.1258008,0.9709007,1.4496585,2.940809,1.0607127,1.7221969,2.5625088,1.0600566,1.2447593,2.3321493,1.1926554,3.158811,2.8678186,1.5045723,0.95676976,3.5914288,1.9885858,2.6987083,1.7188215,2.631088,1.1584828,1.8362489,4.4904995,1.6332935,1.1502566,3.0729837,3.8131123,4.3399253,1.6913825,1.4691619,3.052361,2.0542102,2.5277302,4.443297,2.7572057,2.6999528,2.8342578,2.2556403,1.8661861,2.3831892,1.8416268,1.9082416,1.9831969,2.3091369,1.3096521,2.6121924,3.2315593,1.1472572,1.7239376,1.2945484,1.2009015,3.4564302,2.6069772,3.3336494,2.748173,3.9147096,2.3084986,1.3511722,1.0992212,3.3439374,1.5100818,3.1916068,2.9277422,5.124536,2.256418,2.2304566,3.1764905,2.4856684,5.4122705,0.9443523,4.260285,3.1303756,3.2514327,2.8209429,1.8768693,2.5945184,3.1051412,1.4613347,1.4066385,1.7678547,3.0072107,3.4511034,3.509487,3.8346913,2.5914617,3.8583083,1.0643207,2.8900635,2.6227987,4.821788,1.9265772,2.8774283,2.2412107,1.6781844,0.9862026,2.5479703,3.602783,2.9406717,1.148112,3.3680756,3.5007546,3.7344227,2.6686642,3.2223592,2.9428415,2.2373097,2.8320343,2.375462,2.0553303,1.4513516,0.9639905,1.9026674,0.87242943,3.7942462,1.1221682,2.6531007,4.291679,3.798853,2.755278,1.94287
2.7987514,4.675447,3.0858715,4.7042584,3.9923873,4.111287,2.9550169,2.837513,3.787263,2.59837,2.880895,2.8196027,1.912633,2.7651558,4.909755,2.6158938,3.6562703,3.4209251,4.393931,2.0787928,2.8748405,3.9276404,3.6032627,2.472866,4.931283,3.437394,5.397824,1.3362105,2.7662005,1.8393923,3.0788977,4.0267644,2.4401112,3.1358502,2.5283241,1.9908096,3.9117675,3.0969083,1.32116,3.6981444,3.0900886,3.6029687,2.8347337,2.9686103,2.592832,4.775664,4.2450385,2.8746865,3.5785625,3.810294,2.8473217,4.0114093,3.4901626,2.936913,3.7522361,4.393198,3.2542417,3.0296333,4.531051,3.5807421,3.1610706,4.2505083,2.2224977,3.2542868,0.9120771,2.609427,4.7677994,4.645389,3.5421145,3.1626503,5.6275525,3.6256795,3.195737,1.9792008,2.531132,2.4850965,3.1496806,3.5493455,2.5119205,2.471018,4.638454,3.4633303,2.6850317,4.5094156,3.2649536,5.822101,2.4568777,3.7590024,1.8629855,2.749159,2.0557718,4.6682034,4.755737,2.4594936,2.9139867,2.1233525,2.4654815,3.1702802,3.4051142,3.1959562,3.6735203,4.028399,4.261213,2.4121547,3.1050963,2.9634838,3.2168276,2.5473611,6.1141906,4.261213,3.765945,11.230081,3.6231368,4.105444,2.3128948,3.0219045,3.334643,3.9800823,3.9813597,4.4197907,3.383678,3.3309019,4.175059,2.5548778,2.599147,3.701554,2.987422,3.2305915,3.4817855,2.513314,4.479276,3.17456,3.2613897,3.2271335,2.7807326,2.3597999,2.900287,1.4905053,3.3682315,3.3408363,3.2551415,2.6959112,2.6270933,3.12694,3.7178946,1.8362632,2.5018857,3.1907053,1.9268335,3.5664623,2.6733606,4.722012,3.2910767,2.8539028,4.532259,2.703798,2.64352,3.3432682,5.2127066,4.0270176,4.0094776,3.0564847,2.505483,2.8394904,2.6049037,2.5372522,5.2545123,1.9370859,4.9030695,3.1943562,2.468136,2.697885,2.7181845,2.7778997,2.5873897,2.5414863,2.5970185,3.896873,3.0071425,2.7397733,3.2359924,4.2988367,3.274252,3.6594257,3.085032,2.8272936,2.4890223,5.003337,3.9056058,3.2660244,2.7110224,4.1554832,2.7898202,3.2985578,6.48535,1.7578269,3.1105707,2.919493,4.0727034,4.940694,1.232338,2.726086,2.801255,2.6400266,2.2991285,4.7511997,2.5621624,3.2578163,3.0213993,4.035633,3.4027343,1.5330894,3.412702,3.583757,3.4023864,1.7516932,3.1733377,3.2173388,3.5738919,3.0564034,2.8976312,2.5390089,2.4389548,5.250987,4.6292686,3.9318244,2.321573,4.642036,4.3418684,3.267758,2.7389398,5.2819347,2.0494432,3.6359377,2.4478724,5.358462,2.602045,1.2567258,3.3194041,2.9408796,5.2587385,3.1935198,4.613499,3.2666025,3.2472,3.3129396,3.7550027,2.6659122,5.194068,2.0730946,2.3666894,3.6865942,3.6414626,5.534097,5.4486675,4.2796245,4.412358,3.8230116,2.7523844,3.3018415,1.1434584,5.0402517,3.7215352,3.822961,2.2393148,2.542527,2.624994,2.275664,3.3392012,4.980149,3.060263,3.6000443,3.969217,5.7892294,3.8221316,3.51017,2.7024915,3.5225952,1.8167834,4.2302823,3.6601875,2.826946,3.0400312,3.4186637,2.3331459,5.6251364,3.2828107,2.7395458,4.809031,3.7888246,4.816173,3.6724591
1.9188935,3.3453093,1.2736868,1.805607,2.286115,2.486948,1.8886212,1.783335,2.5874047,1.6989329,1.7711624,1.8084956,1.9474734,1.7729703,2.6827347,1.8113462,1.1340414,2.4072986,2.9448633,2.7009616,2.177232,3.2092881,0.56873834,2.939795,5.8747916,1.1204431,4.9052825,2.8169878,1.6823307,3.1805763,2.0664384,3.6449492,2.0280602,1.6275926,1.9203116,1.798502,2.9469004,2.4208753,4.769563,0.43825144,1.46289,2.0784254,1.831938,1.7083626,2.570539,3.8942726,3.1158907,2.2292228,0.9408422,2.6360729,1.7618672,0.75476795,0.3953089,1.7664847,1.3877296,2.1882937,1.9168931,2.6685257,3.1403768,2.902344,1.6683837,0.6570531,2.0179577,1.6519972,3.0778496,3.4662445,2.4379337,2.5814683,3.0355513,2.0606878,3.2478378,0.39872038,2.1626167,1.8956732,3.6289856,2.043979,1.4042914,2.7441077,1.8191265,1.8484161,3.5206077,2.5513887,1.6939341,2.3186638,1.4331176,3.3315632,1.9584807,1.7999605,2.0194757,1.3914602,2.5339015,2.477973,2.5893514,1.9897499,1.8129416,3.4847586,3.161269,1.2513285,2.4495542,3.4426968,2.3815653,2.403074,3.0007687,2.2042484,1.6778297,1.5229856,2.228723,1.415886,3.715651,3.0007687,2.3660557,9.791955,2.4069943,1.9264338,1.7414964,1.5905756,1.3713113,1.6043106,2.28713,1.3842752,1.1790758,1.5669674,0.75917965,1.777153,1.8917601,1.2723122,3.6467743,3.908453,2.8182676,1.7337034,3.22176,2.2514045,2.0421176,1.1167805,1.7444855,2.0094001,1.7852845,2.4134269,2.709568,2.8433037,3.1021543,1.968716,2.9805882,1.9378966,1.286699,3.0391903,2.6508794,1.9263797,1.809665,1.8237245,1.8200091,1.8228303,1.1876925,1.27257,2.4642496,2.6040583,1.2627418,2.8833501,4.0013556,2.5807872,3.6318972,2.6423757,1.6944121,2.4865482,1.9662098,2.0769415,2.4769564,2.4121728,2.5649595,2.4334393,1.9071195,2.4970593,1.6496288,1.8454894,1.8315232,3.461501,1.7715901,2.577466,2.54345,1.7581601,1.9950784,2.7654135,2.072581,0.56147146,1.2762232,1.5253835,1.9062842,2.0412562,1.6065999,0.70287925,1.4363412,2.426742,1.6175774,1.4239177,3.746798,3.2494802,2.0055697,2.1062548,3.2503297,3.7411385,2.5379245,1.508897,1.9949692,1.615525,1.552415,2.8260872,3.222901,1.1489195,1.709367,3.2747219,1.3717498,4.113895,1.0889442,1.181235,1.0815209,2.2982159,3.1343837,0.56770456,2.099685,1.9806949,1.3993136,1.5998925,1.9861133,4.0948043,2.267419,2.83693,2.5683634,3.168478,2.3695228,2.1839614,1.8419647,2.6533952,1.9953111,1.6073383,3.6027312,4.990763,3.4539201,4.166958,2.9594214,2.4247622,2.9615088,2.2577941,3.6432724,1.5396037,3.823245,1.7574852,2.7380774,3.3186352,2.670265,1.8754723,1.8524796,1.5467229,0.41021767,3.087939,2.7607136,2.8865483,3.1797333,2.2013433,1.7871143,0.7215557,3.1619651,2.166408,1.341793,2.5537732,1.5471191,1.573544,1.8488995,3.4190958,3.7446203,2.3996222,1.9866112,2.1155014,1.6735927,3.3021083,1.5058236,2.9278233,2.254018,0.7258837,4.7888927,1.7947619,1.1608024,1.3750952,2.1059153,1.0737307,2.161152,2.898779,2.1511273,1.4786587,1.9035959,4.1344833,2.8800914,1.2816651
0.822264,2.8372767,1.5629276,3.1786942,2.9549756,2.8970435,0.7778855,0.47860816,1.9669305,0.65230715,0.7001939,0.5090587,1.7441297,0.48904946,3.8411698,1.1564288,2.1824212,2.57417,3.3626342,2.0116348,0.83642954,2.4187953,1.9439839,2.8096106,5.304739,0.83107656,5.1186976,1.8798149,0.49771124,2.2746968,0.7954967,2.9091496,0.85509074,2.4232023,0.8205926,1.2775474,2.3005383,1.1678483,3.6835265,1.4482803,0.53837395,2.1430633,0.66519266,0.61662376,2.631635,3.489993,2.6003687,0.93747693,1.1781775,2.0563834,0.61755043,2.2712326,1.4384643,1.1241637,1.0938771,3.2369592,0.8572275,1.5552971,3.537529,3.2007198,1.0403314,2.036097,1.0954983,1.7142099,2.1232028,3.169605,2.9775412,2.4134223,2.10755,0.84580994,4.6366906,1.7469068,0.94872886,0.83710027,2.8482,0.8901854,0.853306,1.8329195,0.66019803,0.6925383,3.1042633,1.5367063,0.47495764,3.4015317,0.7267864,3.5472133,0.782937,2.9061239,1.830302,0.585804,1.7892416,2.3782387,2.4898047,0.8203174,0.7528629,2.5979986,1.9319234,2.0905824,2.432485,3.2438824,1.6584758,1.9365143,2.5431836,1.0825999,0.6114437,0.47807157,1.0145158,0.7120975,3.9195125,2.5431836,1.6009204,10.43408,2.8307126,1.7059888,0.93333197,0.68206924,1.0616553,1.5126243,1.8023309,2.107498,1.4376205,1.2794489,2.3161242,0.61728007,0.79052705,1.3719126,3.293004,3.516216,2.0493212,0.50282395,3.5838203,1.0208298,0.90200806,0.68598044,0.5352101,0.87480146,0.6366318,1.2945153,2.3616946,1.880832,3.0245457,0.777126,2.628849,0.8108309,1.3046539,2.5343125,1.2589532,0.8130364,1.2339443,1.133657,0.627996,3.2304692,0.6412709,0.57060033,2.2549071,1.248404,0.64340234,2.816997,4.2314296,2.653208,3.6557884,2.8063278,0.40887043,2.8144531,2.2820175,1.5759162,2.9053574,1.6324164,3.8048174,2.548364,0.74776125,2.0878158,0.39979604,0.58105785,0.7126458,3.0930982,0.6424007,1.8379968,2.466675,0.49111587,0.85546726,2.3209968,0.93084115,1.9383719,1.8772846,0.84467554,0.73405355,2.868293,1.3488219,1.5736048,0.552728,2.3882294,0.3954211,1.1472657,4.10968,2.2617078,0.7712605,2.5365427,3.533947,4.0731096,1.5488861,0.34114543,2.443816,1.375758,1.6995361,3.7337947,2.8954625,1.705351,2.0443835,2.5992653,0.9899616,3.0300565,0.82092315,0.93898124,0.9580998,1.9934165,2.0892668,1.432731,2.6757123,0.7297775,0.9591294,0.27400243,0.629365,3.8194835,2.274321,3.0947988,2.4669082,3.5242465,2.1152318,1.3286726,0.4848487,2.8921278,1.0174146,1.9614123,3.163071,5.178824,2.7272909,2.9378555,2.9696472,2.0704257,4.282366,1.0413054,3.9923565,2.133569,3.5539107,2.0133178,2.0354056,2.8500266,2.782895,1.0641015,0.99562997,1.1180099,1.7680249,3.2238948,3.0579047,3.3811893,2.7585406,3.104977,0.5641406,1.7188206,2.6294212,3.5880065,1.0769455,2.5636141,1.296473,0.6265928,0.66091263,2.8937278,3.6552932,2.5173154,0.9671203,2.672723,2.2460625,3.5063255,2.0062275,3.0826986,2.505938,1.1948553,3.646322,1.8086553,1.1246227,0.57427716,0.8055131,0.852747,1.021937,3.2901113,0.9953757,1.8356262,3.0295084,3.9835956,2.690611,1.0631487
2.4622734,4.481536,2.8821435,3.1027992,4.0472608,4.258677,2.7287045,2.583769,3.7284217,2.467397,2.671003,2.5034945,2.010876,2.4757414,4.41024,1.6044834,2.8728855,3.8408477,4.6091204,2.0814142,2.9023726,4.2090316,2.0616298,2.5790334,5.737904,2.136547,4.4148774,2.448724,2.2323089,3.6655827,2.8357375,4.5572963,2.4214315,2.515787,2.289762,2.468331,4.1571264,2.9659925,4.424661,2.0722058,2.1150465,0.8195512,2.6491654,2.4065316,2.593667,5.2204328,4.405008,2.9781303,1.8088568,3.8478122,2.6019561,2.1470244,1.655041,1.9394519,2.238384,4.0015116,2.902152,3.42216,4.9040575,4.2600355,1.9628754,2.1382258,1.5121363,0.5868796,3.237891,2.907663,4.0645704,3.7829235,3.9995153,2.8812919,4.6406336,1.7623773,2.9207678,2.0082679,4.259613,2.4014566,1.8434435,3.7173183,2.3915806,2.3976219,4.862924,3.2860065,2.4195623,4.1030927,1.8206822,4.1596136,2.4364684,2.9838257,2.1668222,1.8964075,2.0150933,3.6075609,3.7214015,2.433012,2.7363515,3.9111528,3.2505238,2.675464,1.4791255,2.435943,3.4231818,3.1725042,4.230643,2.4620204,2.3595533,2.1638832,2.9234855,1.9113829,4.6508327,4.230643,3.470471,9.615039,4.102046,2.8371034,1.9665124,2.0352194,1.7480353,2.1213045,3.3752527,2.3954763,1.0371892,1.4264504,2.4282124,2.3847685,2.3553526,1.7869734,4.244573,3.2137914,3.9041162,2.4043036,4.8867145,2.9280314,2.917191,1.9827353,2.5123808,2.3874285,2.6850696,2.3257105,4.218266,3.6734543,4.1992126,2.4709165,2.1937013,2.880758,1.7940807,3.2555404,3.0355442,2.8699844,1.7868006,2.7834744,2.435966,3.1633484,2.041651,1.8606635,3.6231434,2.9698896,1.8828502,4.340527,5.672644,4.264542,4.9544706,3.404261,2.183495,2.7933843,2.355879,3.257085,2.7261739,1.901522,4.2427063,3.915419,2.4152415,1.8976767,2.2602894,2.4946587,2.7213902,4.2477236,2.3793688,3.601586,3.3890483,2.4654343,2.8906171,4.07423,2.9313262,2.0143063,2.8407168,1.6841817,2.4255984,3.7285175,2.2557325,1.4553716,2.2615604,2.1846988,2.2345676,1.6574231,4.0390635,3.4342017,2.838675,2.787614,4.7283483,5.406401,2.441791,2.3328037,2.487115,2.9132416,1.9503673,4.551245,3.912511,1.0020832,0.96948254,4.4375577,1.568135,4.3797584,2.1139345,2.116001,1.6269261,2.3728526,3.7626147,1.6133759,3.4253948,2.816057,1.488592,2.231233,2.631567,4.5039372,3.1088886,4.169181,3.4767597,4.933751,3.575493,3.2030895,2.5991943,2.9516037,1.6989998,2.3011324,4.27794,4.4705863,4.2091413,4.142795,2.0310707,3.848193,4.3898935,2.949073,5.1949635,0.9643058,4.030372,0.4867682,3.9186423,4.118501,3.606522,1.9120493,1.6827193,2.539706,1.9123379,3.9275327,3.1319556,4.521574,4.4383664,3.5434105,2.5429137,1.6082346,2.9592323,3.5929415,2.1860027,4.1770906,2.2148407,2.3237457,2.16077,3.576883,3.1297061,3.0324485,2.8927083,3.7828586,2.5500422,4.135314,3.0851429,3.892298,2.5718353,1.9268516,4.8021145,2.253189,1.8833226,1.8833184,2.828066,1.8605762,2.4859602,3.0487895,2.958543,1.461783,3.4325237,3.5033972,4.0689573,2.0536435
1.0738677,2.9783635,1.6065058,3.4154954,3.0494802,2.979626,0.93380976,0.57484865,2.0866294,0.4355167,0.85407317,0.70958453,1.833481,0.68995667,4.013216,1.5086683,2.3406572,2.6521268,3.4695346,2.156608,0.7710676,2.4548502,2.2700405,2.983689,5.411705,1.3219774,5.4702587,1.8181775,0.85138357,2.085882,0.85433954,2.9409924,0.98931056,2.6543093,1.0430758,1.1295577,2.3309836,1.2573702,3.3837593,1.896124,1.0283823,2.5872786,0.8038108,0.9536151,2.8254347,3.5226185,2.6582708,0.8802447,1.7015417,2.149139,0.78833854,2.6437094,1.8451315,1.1648247,1.577744,3.364801,0.9431927,1.5262114,3.5849361,3.2493017,1.501645,2.484392,1.209803,2.1360698,1.7467912,3.324692,3.2612605,2.7099166,2.0755653,0.9151783,4.8355503,2.1444628,1.0406722,0.8336412,2.7133415,1.0521249,1.3596479,1.861315,0.82587224,0.8391094,3.16142,1.6647867,0.6846679,3.5278013,1.2504718,3.9733853,0.9120494,3.1478207,1.894636,1.025245,1.9365966,2.7206938,2.8241317,0.9560641,0.88279617,2.4543712,1.8913207,2.225917,2.8287907,3.5050297,1.8180027,2.2717495,2.6651664,1.211692,0.999871,0.93435955,1.1280699,1.051583,4.313411,2.6651664,1.7255286,10.877654,2.7896433,2.123297,1.1711792,1.1470438,1.5815154,2.0265257,2.0599573,2.6148512,1.920053,1.7799757,2.6680725,0.8033659,1.017551,1.9045264,3.3106968,3.7169356,2.0486808,0.26665848,3.6514516,1.1226375,0.997217,1.1997228,0.72898716,0.99808806,0.7516313,1.0909667,2.2091074,1.9024488,3.0513332,0.978628,2.8530955,0.87208116,1.839338,2.514023,1.1319225,0.89368266,1.2914124,1.4580466,0.83777696,3.4724414,1.1497588,1.0491067,2.5631049,1.2247561,1.0184687,2.7400079,4.2886214,2.7076106,3.668953,2.9621615,0.65328485,3.0072873,2.4811754,1.4792889,3.4288235,1.7569579,3.9579463,2.5232944,0.89037865,2.374055,0.73143405,0.7847715,0.4260185,2.997397,0.855636,1.9874898,2.6123085,0.6912091,0.9429805,2.4526896,1.0312786,2.2636151,1.9710413,1.2901063,0.87802756,3.2299583,1.8409861,1.9587023,0.59218603,2.8682945,0.77428645,1.6575081,4.6039586,2.1301568,0.8206207,2.737731,3.5824883,4.135827,1.3323659,0.46576858,2.6548953,1.3749545,1.8353179,3.8959155,2.8764112,2.1167302,2.3913262,2.607123,1.5149735,2.6785448,1.3135388,1.4373227,1.489014,2.045237,2.0774176,1.7942724,2.8794188,0.7610621,1.4196196,0.43594643,0.176536,4.135615,2.71102,3.2437418,2.4239128,3.5888548,2.3992786,1.435282,0.4824823,3.3957162,1.1024866,2.062428,3.0587096,5.5175014,2.5972986,2.5610764,3.2936997,1.8659077,4.4440107,1.1429764,4.053928,2.4610426,3.6725264,2.408974,2.072629,2.786117,3.2011335,1.2187672,1.2690657,1.5393488,2.1157303,3.643742,3.5597827,3.4868588,2.8705475,3.2956798,0.72402537,2.0511332,2.5465598,3.8181684,1.5705214,2.6002324,1.2629259,0.52043134,0.9541544,2.911038,3.884118,2.9905882,1.0990405,2.7433796,2.3655205,3.9309528,2.3158927,3.2347212,2.7104368,1.6852638,3.317748,2.3196743,1.6532797,1.0440813,0.86085254,1.3782712,1.112223,3.8079066,1.103099,2.1332715,3.200415,4.231318,2.9628482,1.5761194
0.8153294,2.8977401,1.707848,3.423926,3.0855742,3.0141973,0.8101152,0.51977056,2.014037,0.6662649,0.7499513,0.5331478,1.7077351,0.50954163,4.0274296,1.1752449,2.3858724,2.6315708,3.4652956,1.8920025,0.7583711,2.399199,2.1826897,2.7579632,5.188174,1.126192,5.1568704,1.666621,0.5616408,2.0723033,0.80440843,2.861392,0.7393235,2.5428023,0.7562785,1.2237527,2.3156755,1.1051822,3.3932068,1.7399578,0.7605512,2.2687314,0.68376017,0.7182531,2.6210234,3.5077891,2.6387346,0.85564303,1.4601815,2.1007168,0.6641447,2.53121,1.7090284,1.2082629,1.3674994,3.4168208,0.9504223,1.46094,3.6347182,3.2402716,1.1704444,2.3398407,1.0124034,1.8525242,1.8816153,3.083151,3.1639218,2.5732725,2.0533872,0.8781245,4.846975,2.0068302,0.96122134,0.68356127,2.6832645,0.78643656,1.0471519,1.8155428,0.5997895,0.61553913,3.144296,1.5309403,0.50241315,3.5818388,0.96332294,3.7494614,0.67915475,3.0664713,1.7862673,0.7308595,1.6689752,2.5557098,2.6622062,0.7141778,0.7969963,2.4029684,1.7239233,2.2409656,2.4968104,3.206545,1.7192104,2.0485296,2.5991597,0.9537831,0.76165575,0.6615291,1.0161511,0.7926932,4.108181,2.5991597,1.6772426,10.5633545,2.9158518,1.9035915,0.898553,0.8298205,1.2708781,1.7515804,1.9234217,2.3832493,1.6496934,1.4467099,2.589799,0.57915235,0.7455899,1.6197177,3.2023323,3.433198,2.023503,0.46443987,3.6691177,1.0074174,0.9622578,0.9727031,0.57139015,0.7537067,0.68893963,1.0513614,2.3621619,1.8220446,3.0048769,0.72570115,2.5681734,0.8697049,1.560947,2.398359,1.0425533,0.89096665,1.1736801,1.2931452,0.6076428,3.4749556,0.94346726,0.7722241,2.418345,1.0774211,0.78518295,2.8185194,4.307617,2.7450898,3.6587653,2.8226361,0.37025726,2.8402436,2.324582,1.5451194,3.152313,1.504801,4.002459,2.5830553,0.6584802,2.0600166,0.46743536,0.5779976,0.674729,2.9842741,0.6209587,1.8989915,2.4704373,0.5091789,0.9239319,2.4106638,0.9853424,2.184741,2.016831,0.9553447,0.64729464,3.1198146,1.58915,1.7926309,0.68212605,2.5245128,0.50503767,1.3355881,4.3404813,2.0413115,0.8075239,2.5949466,3.5830774,4.152974,1.3223019,0.4858074,2.5038774,1.4234817,1.7435592,3.8898635,2.8052187,1.8904048,2.1510017,2.5905318,1.2243538,2.7581813,1.1174464,1.2344812,1.233356,1.9146659,1.9755702,1.6614941,2.785763,0.7597573,1.1007011,0.30330098,0.4642355,3.876074,2.4786487,3.1637022,2.4194918,3.626636,2.2684631,1.3584151,0.4618049,3.122409,0.8963951,2.1409857,3.0353403,5.207218,2.5818036,2.6336386,2.9872265,2.0581536,4.483432,1.031123,4.0560117,2.2813592,3.4798582,2.1453397,2.05498,2.74524,2.9965103,0.97899014,0.9548772,1.3496038,2.0280519,3.4234662,3.2920327,3.4821734,2.811747,3.2363842,0.57418567,1.9327196,2.4633596,3.8324192,1.3538729,2.6369004,1.317688,0.6675013,0.62719774,2.7603972,3.613918,2.7457283,0.99703753,2.7820861,2.4485126,3.7083826,2.1979632,3.1095011,2.53283,1.4797392,3.3572109,2.0408235,1.4074436,0.7450021,0.79201275,1.1494198,0.8789675,3.5279472,1.0308884,1.9331143,3.2781363,3.9416087,2.8306215,1.3421419
1.7825422,3.7196634,2.3547375,3.7101417,3.035385,3.1697805,2.1172168,2.145081,2.8626246,2.1958537,2.0426185,2.0158265,0.736902,1.9502387,3.828012,1.2121084,2.7374144,2.4031858,3.3611586,0.7900394,2.319426,3.182859,2.3338306,0.91086584,4.1431575,2.2563944,3.7825007,0.928282,1.7788045,1.7404774,2.421282,3.2724566,1.5183508,1.7181672,1.487636,1.628383,3.157825,2.360416,2.7727442,2.3166811,2.0050604,2.088434,2.02669,1.9793401,0.89022964,4.005388,3.4327333,2.2989042,2.181622,2.9248157,2.01736,2.631768,2.234906,2.5226693,2.5493913,3.4495373,2.5653963,2.401142,3.687119,2.667279,1.8001101,2.8306532,1.5671346,1.8612254,1.9442372,1.3285233,3.3776536,3.4095538,2.9353464,2.4948857,4.59806,2.2703345,2.4913087,1.3289791,2.2748582,1.5203906,1.833545,2.8308125,1.6024688,1.5677038,3.8202233,2.6172106,1.8370037,3.5808148,2.11882,4.262175,1.5575804,2.4165692,0.73888975,1.5718267,0.76703155,3.353765,3.4443662,1.5428673,2.0965247,1.924655,1.9528267,2.2213693,1.709133,1.7603937,2.7283528,2.7369988,3.3056843,1.4397153,2.1074982,1.9173422,2.4809859,1.3506404,4.581796,3.3056843,2.9300709,9.487091,3.0647416,2.761515,1.0840315,1.8551356,1.9312718,2.5692735,2.8645713,2.8082957,1.9499539,1.8874465,2.8692408,1.6432704,1.5754075,2.218163,2.1702123,1.975402,2.7695112,2.0595434,3.5593276,2.4464648,2.5644987,2.0434165,1.9470919,1.4221647,2.1411488,1.408187,2.9970496,2.6136942,2.3659766,1.7604731,1.1151235,2.4476044,2.297528,1.0366838,2.0761752,2.5064902,1.1385882,2.4974036,1.7629936,3.690919,2.1867814,1.6738925,3.2994063,2.1186144,1.4849968,2.8015585,4.342587,3.1583211,3.224651,1.65202,1.641836,1.2833163,1.0216037,1.9333148,3.6264029,0.77340865,3.9510162,2.4935012,1.5558795,1.0363382,1.7994533,1.9308212,2.1842272,2.1513507,1.6463102,2.9907477,1.6610979,1.9155473,2.5521605,3.3713748,2.5681856,2.4416034,2.2069364,1.5146235,1.5856284,3.5411155,2.597031,1.9074317,2.11646,2.469262,1.8417438,1.8440905,4.8517175,1.5241636,2.4688663,1.3820084,3.1829154,4.0466704,1.3541967,2.0563252,1.2418178,1.8614917,1.1976047,3.6187003,1.8178457,1.8087531,1.5208218,3.333601,2.1511981,2.5453026,2.226596,2.3906744,2.1248949,0.45438844,2.5279284,1.9628758,2.1931207,2.4286945,1.5186559,1.8264511,2.0937264,3.8142266,3.1639197,2.7139494,1.637598,3.750318,3.1493413,2.4072208,2.1120358,3.7083871,1.3374223,3.107034,2.1307175,3.7852948,2.2754197,2.5699418,1.6550324,2.6867907,4.3514647,2.4624808,3.7090225,2.009408,2.1003234,1.8994414,2.995845,2.095224,3.7409139,0.9321623,1.1720612,2.5086892,2.4308302,4.0199423,3.8524122,3.2442496,3.4695697,2.554525,1.9398566,2.0600767,1.0372323,4.013201,2.5015254,2.9813454,1.7085947,2.0547976,1.6145931,1.425427,1.9162724,3.489266,2.2163382,2.6874177,3.3916013,4.237698,2.4136844,2.2028272,1.0379951,2.1310828,2.9688172,2.7551088,2.3425243,1.6475625,2.382481,2.2012348,1.4219064,3.991105,2.558837,1.2089244,4.0034695,2.3921304,3.594119,2.4183512
1.437194,1.9765157,2.1594489,4.326813,2.8280146,2.435835,1.1758944,1.3413041,1.2023189,1.793304,1.2081861,1.3624102,2.6614013,1.36746,4.0884905,2.3570726,3.0225592,2.109082,2.7771811,2.7646298,1.0598279,1.2471243,3.1721175,3.3754692,4.748724,2.0943305,5.555246,2.4242668,1.6023597,1.5435545,1.2294025,1.6400377,1.4477857,3.188835,1.5799136,2.0802102,1.1346124,1.2099086,3.431689,2.6427832,1.8445222,3.6240268,1.2076577,1.5054922,3.1552696,2.160098,1.4768449,0.9459187,2.5242352,1.16909,1.2636169,3.5050123,2.914745,2.715584,2.2622304,3.5290394,1.301197,0.70436096,2.8634224,2.7377062,2.1259906,3.304759,2.5654478,3.3081899,2.3022504,3.6201308,2.7963653,2.240346,0.80720145,1.2411971,5.306149,3.1127553,1.2171355,1.9951551,1.7517068,1.4917052,2.150545,0.8835176,1.4156262,1.4141479,1.9038494,1.2069647,1.4026508,3.7150888,2.2272325,3.7781317,1.3977823,3.6017964,2.6424506,1.9361762,2.5801144,2.3952005,2.4467554,1.4172142,1.1565776,1.752029,1.5933611,2.9053705,3.594054,4.049442,1.2209377,2.0147717,1.6131749,1.5372101,1.6287332,1.7350514,1.2458893,1.9400703,3.9355822,1.6131749,1.2338625,10.794128,2.6569657,2.2155004,1.943578,1.9016277,2.3670833,2.6334836,1.6402683,3.0925097,3.018341,2.6791017,3.4678886,1.4193554,1.5016286,2.6483223,2.61305,3.8964167,0.8116035,1.6976955,2.8745277,1.2138172,1.2736105,2.0746043,1.331037,1.4890944,1.2240121,2.1045244,1.3625443,0.8837848,2.310191,1.3946561,3.3899846,1.2011647,2.626928,2.4392402,1.0592885,1.2740204,2.4371233,1.6007065,1.3818197,4.3328567,2.0670688,2.000692,2.1756237,1.1687617,1.9856849,1.9735814,3.237181,1.9011718,2.6994224,2.7704828,1.6216795,3.3169322,2.9847434,1.2187173,3.943959,2.533567,4.2919655,2.082756,1.408776,2.9452596,1.5628277,1.3494954,1.4157087,2.341031,1.4318228,1.3475705,2.2255754,1.3681666,1.2903135,1.5849581,1.2648413,3.2356908,2.497011,2.1829758,1.3945844,3.1303773,2.4164472,3.017081,1.9263668,3.320101,1.60588,2.4503846,4.8595376,1.813858,1.2655938,2.9955435,2.846729,3.2203348,2.2512765,1.6862062,3.110435,1.5846585,2.7526767,3.6428614,2.327343,3.231751,3.4627073,1.2784741,2.535787,2.236664,2.0999553,2.224343,2.4953666,2.6004632,1.0672756,2.8639276,2.741925,1.2571393,2.383701,1.6600469,1.4298663,3.5566819,2.733619,2.5873404,2.2819276,2.7950084,1.9629959,0.953245,1.3130378,3.7933674,2.339854,3.408745,2.4114027,5.601791,1.5844485,2.4769998,3.9277039,1.4803535,4.9740586,1.2037835,3.2303133,3.686052,3.255921,3.5854993,0.994588,1.9827441,3.1178353,2.0860639,2.2217197,1.9340191,3.1310155,3.4716084,3.9034252,2.905326,1.7535033,3.4067683,1.2913193,3.136511,2.9722915,4.5693793,2.2769468,1.7802167,2.372544,1.8810188,1.6867679,2.6264997,4.159223,3.2313075,1.0710254,2.5946438,3.6267338,3.7368789,2.2403476,2.7440057,3.059594,2.4596758,2.906173,2.8481207,2.484987,1.9615525,1.2124348,2.314145,1.46083,4.280491,1.2412727,3.0766819,4.0524526,4.3838305,2.3404584,2.343475
1.0010465,2.48681,1.6465746,3.5612311,2.9364552,2.7446773,0.6464892,0.37932855,1.6340507,0.7648996,0.61668724,0.5799575,2.229353,0.60316825,3.974296,1.7658062,2.4348648,2.5094886,3.2344482,2.4818773,0.38381222,1.9979329,2.445131,3.2719686,5.380363,1.2532234,5.5824804,2.199507,0.88600504,2.1345327,0.4399159,2.5507462,1.0655481,2.8598025,1.1320854,1.5126904,1.8487428,0.96030295,3.679471,1.9124898,1.0127244,2.8603384,0.5858459,0.8307212,3.0691,3.0599575,2.1669796,0.4973209,1.7312093,1.6893016,0.59166485,2.7838612,2.02863,1.5673201,1.4425592,3.333453,0.4667838,1.1748494,3.332263,3.1743464,1.5305964,2.5202553,1.709543,2.459751,2.130579,3.6000082,2.9591894,2.2837975,1.629009,0.4659977,4.917853,2.316087,0.62334085,1.3013302,2.6365933,1.11921,1.4213747,1.3944689,0.89120144,0.91828173,2.6730425,1.271528,0.674012,3.509196,1.316107,3.6567132,0.9764305,3.2910862,2.2742562,1.1933327,2.2598722,2.33229,2.426734,1.0197659,0.6002345,2.4607818,1.8728807,2.405599,3.083122,3.8001106,1.3721659,1.9599118,2.1998012,1.2901008,0.86516625,0.93238264,0.7463477,1.2806743,3.957425,2.1998012,1.2175821,10.856723,2.722364,1.8453189,1.4317608,1.1751113,1.6402025,1.9390169,1.64244,2.5226657,2.1564906,1.9273701,2.7537863,0.8554378,1.0553616,1.9209292,3.2906678,3.9268107,1.624268,0.67802495,3.4102995,0.752141,0.5322828,1.2198508,0.61246973,1.1152602,0.4700242,1.5767895,1.9149562,1.5181445,2.9522374,0.9360452,3.1511877,0.400305,1.8488334,2.7047455,1.0266025,0.42530787,1.7691796,1.1220448,0.81111157,3.6090279,1.1422167,1.2037649,2.14704,1.0783623,1.2456651,2.5696554,3.9506938,2.3709693,3.4748793,3.01733,0.8600355,3.232152,2.7394016,1.4000286,3.3342345,2.1261346,3.9823277,2.4247565,0.9591316,2.6253748,0.78659457,0.68217003,0.5074522,3.0099483,0.8875056,1.508835,2.582826,0.6231138,0.47582573,1.9483913,0.57105637,2.448687,2.0766542,1.478096,0.93454957,2.9614398,1.7042856,2.2140422,0.8865903,2.8866873,0.80914795,1.7485126,4.4111376,2.2402232,0.37002623,2.907466,3.4173765,3.856482,1.8116258,0.6506855,2.8893254,1.3808844,2.206557,3.778347,2.901751,2.4184349,2.7554822,2.1358213,1.6277161,2.8016622,1.258467,1.359689,1.5907747,2.3875415,1.7828952,2.0371838,2.8492126,0.31372872,1.6400299,0.72762,0.49398765,3.8787758,2.4365351,3.0736475,2.5330682,3.2970202,1.9761693,1.0231316,0.3411129,3.2473795,1.5871402,2.3419113,3.0895693,5.6413293,2.4907768,2.7768722,3.5776634,1.7112595,4.5425477,0.7626861,3.8448367,2.84268,3.7243726,2.7596934,1.5855352,2.7321432,2.875131,1.5683877,1.5921048,1.2935997,2.2929254,3.3219154,3.3937984,3.3048167,2.4025807,3.3505604,0.6023109,2.3213143,2.9212422,3.918666,1.4546324,2.2889132,1.6654861,0.89279646,1.068043,3.034962,4.1273146,2.7644699,0.7452071,2.6754165,2.5893915,3.612062,2.1347764,3.1791294,2.9342244,1.7097558,3.4645305,2.2142723,1.6434382,1.1915393,0.4780324,1.4108874,1.2047735,3.6991513,0.66199726,2.473393,3.25732,4.4232035,2.5223799,1.5079137
1.1541209,2.9099276,1.9819237,3.8613706,3.3350523,3.1945515,1.0149096,0.7577903,2.0626376,0.85001194,0.9986088,0.84666073,2.1158261,0.852489,4.3733716,1.7102405,2.762133,2.8386376,3.6575515,2.2379522,0.69308746,2.3214579,2.7107365,3.150967,5.300464,1.6265131,5.6067815,1.8391234,1.042127,1.9937435,0.8472116,2.7973866,1.0523984,3.0217679,1.1510292,1.4538039,2.2604704,1.1255964,3.2051618,2.2818716,1.2719388,2.8445058,0.9222708,1.1089437,3.040165,3.4527423,2.6049943,0.78703374,2.030993,2.1285946,0.9419128,3.0789554,2.2742727,1.4984634,1.8175174,3.7274277,1.0274639,1.3671557,3.7672024,3.4443467,1.6839664,2.8855314,1.4310998,2.4438746,1.7426065,3.4248233,3.4683046,2.776928,1.9176006,0.9173885,5.2548585,2.5746517,0.99647325,1.0772266,2.6036553,1.1086838,1.6101615,1.744748,0.9787402,0.982353,3.1058393,1.5610079,0.89746505,3.8953092,1.505088,4.086124,1.0018914,3.535873,2.1675043,1.3196656,2.0252354,2.8107088,2.904888,1.032422,1.0068737,2.3348947,1.6759319,2.6372297,3.0378888,3.6345065,1.803265,2.3111374,2.634808,1.2255039,1.1626768,1.1694068,1.0610751,1.3576509,4.4051,2.634808,1.7067287,11.0525875,3.059416,2.2602575,1.3901712,1.348163,1.8388163,2.2412086,2.1027253,2.9115677,2.2652187,2.024028,3.1022074,0.97293395,1.126712,2.1831126,3.3276641,3.7599843,1.9640864,0.7127844,3.820244,1.043762,1.0152745,1.5219778,0.90051526,1.081655,0.9005902,1.1685385,2.2792315,1.7628384,3.1518948,1.0398719,2.9752138,0.94176507,2.114237,2.5760417,0.8824369,0.9702205,1.5906632,1.5678279,0.97009903,3.9181454,1.4626403,1.3700703,2.6339426,1.0161388,1.3679149,2.8615057,4.388281,2.8447602,3.7536013,3.1547928,0.9001288,3.2694361,2.7815874,1.6312553,3.6481445,1.8689164,4.3523073,2.7214572,1.0038834,2.5113423,0.95624363,0.8974851,0.7248449,3.034204,1.0190336,1.9394186,2.7525532,0.86352444,0.9843035,2.4463491,1.035254,2.7094765,2.357035,1.5380554,0.9890068,3.4982903,2.0394526,2.3797343,1.0388684,3.0270047,1.0015914,1.9115051,4.7605267,2.016431,0.85320145,3.0252879,3.7446816,4.2744055,1.4183812,0.87919366,2.9648979,1.6549603,2.1970994,4.193372,2.9351807,2.4990268,2.7304518,2.5001228,1.7898929,2.4772198,1.625991,1.7254955,1.8158514,2.2554295,1.8867236,2.2278402,3.1524813,0.8092554,1.7052805,0.81514525,0.4526292,4.1149907,2.8458352,3.4074764,2.6040618,3.7539108,2.4704492,1.4393423,0.6587995,3.5697522,1.3148798,2.4625762,3.0717566,5.649085,2.5112712,2.3195379,3.484815,1.9991937,4.862882,1.0643145,4.2083817,2.8509023,3.7131147,2.7343333,2.011003,2.7904365,3.3243816,1.4297947,1.4674567,1.7300633,2.5594912,3.7502503,3.7357945,3.6998127,2.8351703,3.6322684,0.8765074,2.4889665,2.6416035,4.2573633,1.8204272,2.7316654,1.6504897,0.96145713,1.0868697,2.9246736,4.010878,3.1451936,1.1426326,3.03034,2.768846,4.042361,2.5851192,3.390439,2.9725368,2.0425584,3.0779417,2.5205853,1.9465526,1.3359083,0.8292495,1.7007974,1.1386089,4.0055594,1.0729963,2.4894416,3.6139965,4.319322,3.0017638,1.8414595
1.5157377,3.2427416,1.657398,2.448061,2.9198005,3.0017343,1.5568881,1.4033887,2.4787621,1.4007044,1.4779617,1.3937516,1.90204,1.3755659,3.473493,1.335075,1.821152,2.7962034,3.4516141,2.3325055,1.7851304,3.0485225,1.243956,2.8815415,5.6992555,0.71754557,4.8726788,2.4731371,1.2288722,3.0643857,1.6516185,3.5238748,1.636491,2.1090117,1.5120456,1.7602103,2.8828292,1.9706722,4.4800587,0.7463975,0.9514759,1.6130224,1.4983004,1.2878827,2.6436534,3.969874,3.10192,1.8650458,0.5571437,2.5732138,1.4318236,1.430438,0.5714558,1.284825,0.91655827,2.952797,1.5829278,2.3809845,3.6718137,3.3703763,1.170738,1.0964545,1.4605217,1.1696507,2.8897169,3.3203762,2.8375053,2.5143213,2.8465145,1.6603158,4.036812,0.9013606,1.7453284,1.5048902,3.5805647,1.6383601,0.8809362,2.5257704,1.4631478,1.4957672,3.5630188,2.1974926,1.3326432,3.093045,0.75376153,3.2609894,1.5870323,2.4641616,2.0169163,0.95359796,2.149274,2.387756,2.508002,1.6097727,1.5296847,3.3585978,2.7476788,1.8426193,2.119179,3.1868281,2.1810298,2.1410377,2.9727511,1.8045516,1.2048131,1.0441449,1.7919668,1.0838755,3.6996331,2.9727511,2.1458442,9.922199,2.9661872,1.6733638,1.3963901,1.0595495,0.84560955,1.1464447,2.1157131,1.4254764,0.6986725,0.97378683,1.5121496,1.4209893,1.4990429,0.84449464,3.7380924,3.6655796,2.7179337,1.3804208,3.7258403,1.8160614,1.6577779,0.65280485,1.3837948,1.636758,1.467826,2.0343668,2.9274657,2.60675,3.377476,1.5526611,2.7064002,1.604451,0.78537685,3.009168,2.2265205,1.5779616,1.5489275,1.5012704,1.4362258,2.5033653,0.67212176,0.81972325,2.3583956,2.1510193,0.9373889,3.234937,4.4377112,2.9290771,3.9861288,2.9113495,1.2656416,2.727092,2.1832733,2.1793144,2.2438273,2.0150332,3.3636534,2.8469124,1.5442218,2.1608512,1.2181454,1.4346834,1.5857795,3.6213918,1.4129099,2.3500814,2.7134304,1.3713645,1.6177998,2.7199495,1.6830807,1.1937113,1.80812,1.0062344,1.539791,2.4717534,1.1334522,0.8484879,1.1353614,2.059264,1.1680927,0.9097302,3.5551984,3.0280688,1.6096785,2.4380195,3.7224348,4.231852,2.2288136,1.1612684,2.2864916,1.795537,1.6583452,3.5310726,3.3533714,0.99581295,1.559211,3.2075496,0.64457107,3.9341156,0.69231987,0.7137711,0.4084753,2.2647262,2.8596697,0.7666339,2.5936656,1.5917673,0.8835347,1.2060398,1.6292198,3.919253,2.0780199,3.2200894,2.8263683,3.66633,2.2824614,1.9786792,1.4626883,2.3669436,1.5050079,1.5986651,3.71957,4.955033,3.4436054,3.8653886,2.753357,2.6400821,3.7350776,1.8290585,4.144009,1.481167,3.8434408,1.416447,2.6375558,3.4152994,2.545905,1.5311352,1.3674941,1.2089387,0.9794651,2.9795365,2.523627,3.4333265,3.1796703,2.8506448,1.4300205,1.0257149,3.0623915,2.8882706,0.8656275,2.8836105,1.5445093,1.2918721,1.3610921,3.360918,3.6436152,2.1425226,1.6975683,2.7022548,1.7937651,3.2265873,1.8735794,3.2248404,2.4454486,0.59850794,4.544647,1.3950357,0.6328965,0.9036748,1.6790617,0.49266377,1.7872306,2.6540353,1.7480574,1.497694,2.451719,3.9896393,2.8289967,0.7668846
0.80208665,1.9212792,1.8024199,3.83048,2.6986735,2.3856087,0.45931366,0.6996157,1.009898,1.3346612,0.51330143,0.68597704,2.2897253,0.70037013,3.8506873,1.77652,2.6083486,2.063117,2.7761045,2.398238,0.48870096,1.3529161,2.61161,3.0744839,4.811966,1.3816392,5.207187,2.1945837,0.9344561,1.7638645,0.5963676,1.8570958,0.9256468,2.7909439,1.0145774,1.7720588,1.2252382,0.6929075,3.6235273,1.9931842,1.1313773,2.9718251,0.5182473,0.7983055,2.8448243,2.418324,1.5640543,0.3666322,1.8177453,1.0609697,0.57404447,2.9206467,2.273216,2.1863594,1.5462009,3.2857196,0.68094116,0.55233777,2.9325662,2.7615983,1.454468,2.6546385,2.0550218,2.6574786,2.316106,3.3645754,2.5191615,1.8592103,0.9896245,0.6119025,4.9667664,2.4928265,0.5918058,1.5457876,2.100837,0.96271646,1.4531543,0.7790956,0.8326441,0.8493938,2.064756,0.79213315,0.7567926,3.4736152,1.5146519,3.314932,0.8556205,3.218812,2.306479,1.2839637,2.1927485,1.9482049,2.0261464,0.88178056,0.4552184,2.003958,1.5139768,2.520528,3.0270307,3.6497946,0.823795,1.5222232,1.5767037,1.0791264,0.91253364,1.0327364,0.6359199,1.3444403,3.5522418,1.5767037,0.8263644,10.428008,2.61838,1.5974709,1.4186207,1.2074397,1.6659425,1.9282668,1.1858263,2.4335308,2.3366709,1.9943995,2.899878,0.81728834,0.91279644,1.9402796,2.7386057,3.6303182,0.93573344,1.2128142,2.9478793,0.6108197,0.6449975,1.3667756,0.657551,0.9889956,0.5439379,1.816824,1.6095479,0.8488453,2.4180593,0.78147364,3.0060189,0.5591329,1.910253,2.3934164,0.81862414,0.6409417,2.0000784,0.9267852,0.74261594,3.8454895,1.355062,1.332018,1.7500517,0.82377815,1.3712002,2.1692822,3.413913,1.920997,2.908839,2.6055927,1.0227336,3.018092,2.6195567,1.1336727,3.2744067,2.131994,4.0042396,2.1095662,0.8543236,2.4840262,0.903677,0.6794907,0.9951277,2.5624337,0.81810284,1.0192481,2.0831475,0.70623946,0.66279906,1.4371259,0.6363971,2.6628058,2.1509187,1.5336183,0.83174115,2.694703,1.710118,2.402761,1.3945841,2.7073588,0.93063515,1.7613016,4.265892,1.9003701,0.6431902,2.6842847,2.9403112,3.353412,2.0215452,1.1090783,2.7507706,1.2941494,2.330106,3.4931138,2.429192,2.5984485,2.8853936,1.4933465,1.8227973,2.617276,1.3892245,1.506578,1.7831703,2.3208096,1.1536181,2.258294,2.4985607,0.63778865,1.7301893,1.0842971,1.0067457,3.3153772,2.1617405,2.5349805,2.2631452,2.862268,1.5485514,0.4148203,0.7109678,3.1490197,1.8580302,2.894005,2.6428394,5.2674193,1.9409674,2.7406359,3.4556336,1.5992002,4.6440916,0.6031899,3.3465755,3.0917382,3.2151885,2.9528975,0.9750894,2.2027395,2.5998833,1.6158428,1.6726314,1.2365551,2.5327437,2.993773,3.272084,2.8827286,1.7751793,3.1434228,0.62589616,2.5504363,2.8568773,4.116707,1.5584965,1.8229971,1.9806513,1.3998194,1.0734482,2.6198177,3.858554,2.6138535,0.35519817,2.4591758,3.1162593,3.2726119,1.8049132,2.6615171,2.7300875,1.7773911,3.2716823,2.1590788,1.7637877,1.2935376,0.5826025,1.5988308,1.0133704,3.6250863,0.6190514,2.5511904,3.5956495,4.0973463,2.0428464,1.6213229
1.019678,2.920278,1.4588583,3.2838268,2.8994987,2.838303,0.863318,0.49800774,2.0163443,0.3577679,0.7610011,0.6465515,1.7654754,0.6167291,3.8551314,1.4620925,2.192817,2.5220332,3.331963,2.1508222,0.7674461,2.4173317,2.1271873,2.928587,5.397324,1.2059765,5.401293,1.8431674,0.78037846,2.0772097,0.83225787,2.904022,0.9552851,2.5197997,0.9968234,1.0557201,2.2709348,1.2603642,3.4575512,1.751386,0.94149005,2.5383158,0.7262132,0.87744254,2.7436574,3.4542708,2.5906322,0.86938053,1.5863944,2.0751233,0.69966626,2.5008042,1.7174332,1.1655997,1.4875749,3.2105017,0.8846828,1.5118397,3.451129,3.1231513,1.4327631,2.347316,1.2305603,2.0798526,1.7924244,3.290977,3.1193352,2.6202142,2.0488026,0.88695794,4.685784,2.008956,1.0212216,0.8200497,2.6896784,1.0198171,1.2742295,1.8253266,0.7577748,0.7755201,3.0911913,1.6401373,0.5906159,3.3744583,1.1836308,3.8831234,0.8664531,3.0003228,1.8244032,0.92889196,1.9294634,2.6289494,2.733702,0.9152197,0.79385805,2.4469342,1.9279104,2.0832713,2.7770362,3.4751625,1.7532626,2.2025316,2.5913415,1.1919307,0.9293065,0.84768367,1.1146585,0.95093817,4.221357,2.5913415,1.6675632,10.780627,2.6576228,2.034045,1.107012,1.0773424,1.4951786,1.9446102,1.9801229,2.4909346,1.8344342,1.715595,2.520255,0.7280841,0.9633602,1.8068868,3.2472892,3.695123,1.9950815,0.16754477,3.5193806,1.111849,0.9604509,1.0845245,0.6430611,0.9602535,0.6636694,1.1400455,2.1189883,1.8745399,2.9506276,0.9363578,2.8249784,0.8145436,1.7469802,2.471622,1.1774843,0.8386807,1.2497753,1.377204,0.7715045,3.3362467,1.0435869,0.9436782,2.4755113,1.2573284,0.9027858,2.6326675,4.169796,2.58328,3.5635126,2.8520482,0.5834977,2.9050076,2.3743527,1.3747654,3.344342,1.753497,3.8059583,2.3988473,0.83645827,2.337075,0.649483,0.72650373,0.3302389,2.933616,0.7800212,1.9349692,2.5085652,0.6131258,0.901543,2.3765192,0.9973938,2.1255896,1.8227036,1.2205626,0.8241999,3.082754,1.7615591,1.8369709,0.4748715,2.8043196,0.69180536,1.5751461,4.5279465,2.139672,0.78870696,2.6174288,3.4570148,4.00909,1.3690977,0.3178975,2.540487,1.2371626,1.737538,3.7404993,2.8059154,2.0206206,2.3151205,2.55677,1.4471053,2.7266724,1.1950889,1.3332952,1.3940777,1.9858607,2.070535,1.6663276,2.7349956,0.7259957,1.342563,0.31865805,0.19764243,4.078628,2.6215837,3.1161022,2.3285048,3.4567676,2.3085916,1.3663319,0.4166728,3.3204055,1.111873,1.9970319,3.0054448,5.4512014,2.5620027,2.6457958,3.2430596,1.7741538,4.299588,1.1304779,3.9266412,2.3795097,3.6135101,2.3475351,2.0129378,2.7241735,3.1117759,1.1755384,1.2374074,1.443485,1.980513,3.5567122,3.4799235,3.3461556,2.7963915,3.146335,0.6440443,1.9276798,2.5338998,3.6771955,1.4777566,2.4782586,1.1749368,0.42008522,0.9148202,2.8733895,3.83651,2.9097493,1.030633,2.5968091,2.288533,3.841219,2.1650507,3.1212032,2.6086643,1.5521638,3.382922,2.238856,1.5549579,0.94939876,0.8463073,1.2744223,1.0886508,3.7300649,1.0767493,2.0363753,3.0784123,4.1892943,2.8775334,1.4826646
3.3984923,4.5479426,2.2115786,0.73942214,2.5540485,3.0213335,3.3634138,3.2571235,3.888434,3.033241,3.2362704,3.3010428,2.9013772,3.260629,2.12752,3.1521032,1.3987849,3.1598792,3.4014993,3.8673024,3.64975,4.5220675,1.1705945,3.736084,6.889877,2.610284,5.377272,4.0195694,3.1772506,4.379881,3.5471795,4.9024534,3.4783266,1.9763908,3.3738348,2.8964067,4.198385,3.914946,5.8825035,1.8281192,2.971957,3.0187483,3.3060257,3.2082732,3.309599,4.9356723,4.297723,3.6968114,2.3524501,3.902955,3.2372537,0.87417686,1.6831161,2.9310136,2.8133452,1.8996416,3.363355,4.097943,3.5317626,3.38626,3.1065485,1.3853983,3.2874227,2.68014,4.1569486,4.3207855,3.0545375,3.7251754,4.390241,3.534461,1.9987038,1.3977911,3.6454415,3.227535,4.7761273,3.496813,2.8684084,4.1246705,3.2761865,3.2996602,4.611373,4.0005736,3.1703238,1.9074821,2.910441,4.1528277,3.41058,1.6327385,2.9414237,2.8594227,3.7474566,3.613946,3.7062337,3.4417064,3.2730005,4.6826935,4.584096,1.6686428,3.3657298,4.265354,3.752852,3.723457,4.188927,3.6374352,3.184805,3.0300388,3.7179048,2.8316488,4.493909,4.188927,3.7398813,9.731109,2.766534,3.2302403,3.1102016,3.0837512,2.7908201,2.9166882,3.607206,2.3159854,2.3566337,2.8973188,0.77145594,3.2395911,3.3541574,2.598038,4.5625844,4.844624,4.1200843,3.1154854,3.6553977,3.7418168,3.5081067,2.6238534,3.2258573,3.4439368,3.2521632,3.677781,3.676101,4.2339187,3.889865,3.4495907,3.9517088,3.3936913,2.637346,4.0370283,4.119846,3.3821251,2.9657762,3.2669718,3.2989671,0.64802897,2.691013,2.752886,3.6505234,4.089462,2.6953495,3.637222,4.488408,3.4007874,4.283893,3.3381755,3.1598697,3.0109334,2.635892,3.2314122,3.2453842,3.6328485,1.7486871,3.1324785,3.3588328,3.612642,3.1404998,3.3369553,3.194589,4.328612,3.237254,3.9405844,3.4718497,3.2428281,3.4574208,3.9707732,3.5411692,1.1454973,1.9602085,2.953618,3.3619678,2.53363,2.9801838,1.7390112,2.7962425,3.4977608,3.1154583,2.8102381,4.3693895,4.49908,3.4751327,2.6707532,3.7216508,4.14197,3.722575,2.939948,2.5488477,2.756288,2.4126072,2.7100306,4.1258907,2.0777686,2.4709785,4.511918,2.7837217,5.282319,2.5826225,2.6439247,2.5192485,3.249116,4.5314755,1.7363799,2.6158543,3.448228,2.7868912,3.0440652,3.386361,5.1484456,3.4010396,3.4872031,3.3488023,3.6261227,3.5835173,3.589779,3.307038,3.541331,3.2941735,2.1890788,4.501049,5.467042,4.5862765,5.3904138,3.7184405,3.3828223,1.803335,3.7460678,4.01703,2.0879061,4.693362,2.5877848,4.0332603,4.3113422,3.660935,3.1870575,3.2127066,2.979191,1.3012569,4.0008955,3.5900087,3.2538087,4.3274646,2.208463,3.265338,1.5515223,4.067494,0.89439243,2.772063,3.4114864,2.5848873,2.9032714,3.326194,4.4334536,4.4571385,3.4339511,3.4431655,2.528247,2.0209825,4.1357946,2.4564679,3.6184866,2.9185345,2.1677473,5.973493,3.013898,2.5738537,2.8538573,3.59218,2.5524611,3.5894227,3.6085,3.6265807,2.3140981,1.4490336,4.8962216,3.9907835,2.7144186
2.783625,4.3453135,1.9247706,1.3367468,3.0998707,3.4192126,2.7416155,2.5109084,3.5962389,2.149875,2.6228776,2.5844626,2.476917,2.5554545,3.1812558,2.5064886,1.5006431,3.418787,3.9256794,3.3223472,2.9179132,4.205092,1.075473,3.6042893,6.8409767,1.9558443,5.6213317,3.3837092,2.477299,4.0183644,2.8047788,4.692999,2.8438995,2.2816584,2.743478,2.271201,3.9408722,3.2371275,5.271534,1.4917805,2.2503502,2.3952675,2.6609578,2.5454829,3.309262,4.9433036,4.124388,3.0100298,1.7815535,3.6483903,2.5894353,1.1129063,1.0042429,1.7137806,2.1431205,2.6791272,2.655728,3.5752378,4.0423417,3.828849,2.5047624,1.2248753,2.3237286,1.9268954,3.4747193,4.1356115,3.4760907,3.559219,3.9895399,2.8015099,3.2340708,1.0369816,2.9342089,2.4348269,4.572343,2.8659286,2.2173064,3.685439,2.6368244,2.6640646,4.5460157,3.4546275,2.4889674,2.748493,2.097444,4.1720443,2.77733,2.3590147,2.5710177,2.181947,3.1702085,3.4417603,3.5549872,2.811103,2.6673608,4.373193,3.9902813,1.734762,2.9796252,3.9910614,3.3502614,3.3872838,4.038112,3.0304885,2.482088,2.318869,3.014526,2.2059557,4.599668,4.038112,3.2617629,10.404417,3.0554442,2.8571584,2.5060275,2.3889318,2.169356,2.359848,3.2722516,2.2175832,1.6452513,2.2206135,1.108999,2.5954273,2.7343113,2.063081,4.635525,4.6259165,3.813085,2.2470872,4.1802754,3.042936,2.7910986,1.9369231,2.5516918,2.8202076,2.5872307,2.8653064,3.5521884,3.8083408,4.1129026,2.8032582,3.5949,2.6986966,2.0318437,3.845023,3.4199352,2.6684072,2.2403388,2.721662,2.6463652,1.4577403,1.9408488,2.060392,3.430347,3.397998,2.042865,3.791949,4.9909296,3.5697644,4.6499963,3.593599,2.4203305,3.206854,2.6640654,2.955283,3.0050876,2.9963236,2.779721,3.3179882,2.7278724,3.1849983,2.4243522,2.647683,2.4301357,4.3623185,2.6046839,3.5166452,3.577732,2.5466151,2.7310576,3.7433724,2.8300157,0.88575125,1.9300586,2.2728956,2.7268574,2.9524264,2.3758106,1.2227472,1.9171915,3.163914,2.3944783,2.205415,4.2658467,4.0651965,2.7243114,2.9127858,4.215363,4.7079597,2.9641283,2.1234019,2.698857,2.4704185,2.032171,3.5950942,4.1610913,1.4976625,2.005272,4.28112,1.9679315,4.783001,1.9305016,1.9577407,1.7574658,2.9308207,4.093065,1.1483552,3.0788622,2.6947584,2.1076097,2.2451923,2.5577934,5.108165,3.1654983,3.899664,3.38266,4.1062946,3.358671,3.1312382,2.5474741,3.248228,2.426877,0.9792266,4.494867,5.7013845,4.4097652,4.718019,3.4970624,3.1589577,2.8883903,3.0542521,4.6068344,1.4896885,4.7728443,1.925272,3.7118945,4.287167,3.5137227,2.5465195,2.4957788,2.4227796,0.8139767,3.939276,3.3669987,3.8339632,4.2231917,2.9411569,2.5941508,1.0391364,3.6961126,1.8919568,2.1048658,3.5508876,1.9127976,2.0352309,2.6197503,4.2939105,4.413501,3.1326933,2.8753114,2.9383917,0.9202632,4.14326,2.6156344,3.9571688,3.0111425,1.691422,5.441497,2.5358555,1.9071168,2.1617157,2.8504848,1.8150263,2.9812694,3.38832,2.928058,1.9763669,1.4675924,4.855078,3.8747847,2.0368
2.8655787,4.6859255,2.3986378,2.479345,3.9513087,4.1798897,2.8112073,2.4626584,3.8936818,1.9268575,2.7139244,2.5726087,2.6753826,2.5575378,4.286492,2.6185746,2.3791134,4.0810485,4.742669,3.3335767,2.803844,4.408233,2.1217642,3.950086,7.130783,2.2741666,6.2589927,3.2176166,2.5238874,4.0567937,2.7236829,4.9501767,2.857892,3.1106133,2.7954922,2.258895,4.210598,3.180677,4.883922,2.2829344,2.370282,2.646581,2.7082226,2.6341012,3.7975652,5.3663526,4.4633303,2.9338164,2.2834957,3.96364,2.6501207,2.326167,1.7620666,1.0462723,2.4267566,3.6698747,2.6469357,3.608523,4.817202,4.5494547,2.7228599,2.2939146,1.9769248,2.136321,3.1198769,4.3920755,4.3592353,4.0488844,4.107389,2.7368193,4.3865423,2.0088465,2.8820124,2.2713366,4.7344327,2.8881354,2.4516187,3.8145425,2.6818476,2.7041466,4.94597,3.5316126,2.5247173,3.7548544,2.1907418,4.833527,2.8010752,3.3893023,2.790995,2.3359008,3.1707947,3.9562955,4.0743055,2.8345351,2.7572954,4.4491906,3.8879757,2.4974942,3.3123865,4.2333055,3.586326,3.7437449,4.424586,3.0475905,2.5572913,2.4144924,2.9663832,2.3801024,5.287713,4.424586,3.432278,11.345037,3.6880794,3.2814486,2.613491,2.5076752,2.4752417,2.7413812,3.6164627,3.0324779,2.0439322,2.4601314,2.3535452,2.6465645,2.8026803,2.5265567,5.05284,4.861096,4.032963,2.0350573,4.9668584,2.9919896,2.7548556,2.2081442,2.5890596,2.842363,2.6236634,2.536015,3.8610895,3.9306588,4.677199,2.834401,3.7835898,2.6869926,2.438766,4.065844,3.2524838,2.647273,2.1797376,2.9449415,2.6911027,2.6302893,2.1424882,2.244148,3.8906922,3.2703912,2.2394516,4.292978,5.7435555,4.177366,5.2873797,4.2456713,2.3957999,3.8379447,3.2466583,3.220363,3.620295,2.9442804,3.8603773,3.8883448,2.7634103,3.3916304,2.4507468,2.6561966,2.3001204,4.7106967,2.673786,3.7213998,4.141354,2.55858,2.6902044,4.097914,2.7965546,1.9598765,2.5854585,2.4242604,2.7594056,3.9222186,2.6895983,1.9426546,1.8071792,3.6002274,2.4327981,2.5168366,4.8703794,4.0499926,2.644342,3.617187,4.961276,5.5021787,2.6571336,2.0596094,3.3646233,2.8222203,2.3843951,4.624757,4.5555625,2.0406358,2.412495,4.5413713,2.1294856,4.558209,2.257198,2.2642891,2.0549905,3.1442916,4.164416,1.836192,3.9303184,2.6105995,2.316087,2.1691802,2.3221014,5.598134,3.696006,4.662537,3.8090641,4.875391,3.8070865,3.3125012,2.4607224,3.7785177,2.1845386,0.7630103,4.800209,6.319823,4.60948,4.3074236,3.8605618,3.3941095,3.9635406,3.010327,5.4072156,1.9536095,5.2201753,2.2161357,3.9474733,4.6261053,4.089596,2.5762625,2.4945333,2.7256544,1.827466,4.5497627,3.9440548,4.6782036,4.6316752,3.9162977,2.6218526,1.839694,3.7086718,3.0507603,2.4027302,4.12914,1.9615391,1.870584,2.62317,4.5496693,4.8024907,3.6472294,2.9819765,3.7121503,1.0116628,4.7970095,3.4081464,4.655088,3.6024797,2.2919946,5.1487136,2.9716442,2.279103,2.3160894,2.761859,2.107577,2.9920225,3.9762378,2.897427,2.4669313,2.326521,5.2432075,4.3707337,2.346914
1.064222,2.7031012,1.6460415,2.8952515,2.8958433,2.8318853,1.0158032,0.8983115,1.9417944,1.1709743,0.9726746,0.8835121,2.0707839,0.8902584,3.6463137,1.3043828,2.062953,2.6298175,3.2853777,2.331482,1.2337358,2.4867778,1.6910697,3.0101383,5.4694366,0.26006025,4.990173,2.401406,0.8031899,2.77482,1.0645707,3.0076659,1.2726893,2.3997586,1.1705263,1.758674,2.340885,1.3984333,4.3202405,0.96063995,0.45752555,1.9391303,0.9886265,0.7712407,2.7797034,3.4806788,2.5743144,1.3121647,0.6184135,2.0466666,0.9281033,1.9083891,1.103427,1.3742043,0.47327694,3.095114,0.99641216,1.8337021,3.4934523,3.2874916,0.8998693,1.4831189,1.5204248,1.5723544,2.7799006,3.3960416,2.643962,2.0603848,2.279456,1.0627748,4.4003096,1.4076706,1.1390023,1.4118966,3.2478614,1.2739866,0.63857436,1.9457351,1.0894231,1.132367,3.0555332,1.6106641,0.898386,3.257874,0.4131947,3.0160203,1.2137353,2.7796857,2.1673927,0.7429914,2.124671,1.9689498,2.0881617,1.2383409,1.0128077,3.051212,2.3438408,2.0975764,2.337944,3.342948,1.6160061,1.6813526,2.4612482,1.4628682,0.64680946,0.5764749,1.1863278,0.9651527,3.4231117,2.4612482,1.5498227,10.063571,2.921896,1.2597955,1.2722795,0.6645748,0.7169427,0.94530404,1.5879552,1.4896414,1.1393137,1.0181634,1.9252418,1.0372498,1.1214843,0.84602094,3.543883,3.6764722,2.190596,1.1095623,3.54541,1.2166997,1.0501009,0.288515,0.9005553,1.3077579,0.9469938,1.9303675,2.5782235,2.0572171,3.1895254,1.1066566,2.804872,1.02841,0.74568826,2.9206424,1.744465,0.9930398,1.6644642,0.92184174,0.9976124,2.944039,0.13016634,0.62305176,1.8948965,1.6473119,0.84619564,3.006357,4.165988,2.619457,3.760116,2.9000063,0.93780786,2.9133246,2.3946192,1.9066521,2.282555,2.0101337,3.6176343,2.7020159,1.1757523,2.208086,0.7974343,0.9411228,1.2399911,3.4402564,1.0225872,1.7651685,2.573874,0.89895123,1.0181214,2.1868677,1.0715734,1.6716964,1.9252435,0.889606,1.160864,2.3749049,0.7874523,1.3665249,0.96535045,2.0448601,0.7293856,0.85365415,3.4950838,2.7581494,1.0268385,2.5946443,3.5751293,4.0213947,2.169801,0.83863425,2.5132253,1.6251414,1.9194365,3.5721483,3.1919067,1.5186557,2.0027575,2.6651733,0.59596145,3.6513786,0.26417664,0.2746879,0.47041857,2.3498132,2.3413322,1.247449,2.6101623,1.0217614,0.91794163,0.9029802,1.2697223,3.5968823,1.7674832,3.059945,2.7712271,3.451578,1.8033538,1.428124,0.98365474,2.2914581,1.5031763,1.9292709,3.5343,5.073579,3.105285,3.604373,2.9742837,2.3715234,4.0902386,1.2275575,3.984225,2.042517,3.7335644,1.8843362,2.08438,3.1669736,2.244643,1.4738239,1.3060259,0.68030566,1.4683161,2.702376,2.448266,3.3219895,2.676041,3.0241144,0.94887215,1.5480709,3.1037138,3.293328,0.44504032,2.577167,1.6683993,1.1291429,1.0047889,3.227651,3.765533,1.9300544,1.1450108,2.6809578,2.1350946,2.9760442,1.7344053,3.126928,2.6107926,0.6961248,4.2690063,1.2387646,0.4956089,0.66884154,1.0959959,0.2565451,1.4477447,2.6761804,1.132992,1.867038,2.7545235,4.0576496,2.371515,0.42463404
3.7243354,4.4380536,2.1231322,2.0799732,1.2586536,1.9438194,3.6047277,3.577045,3.7913234,3.3819947,3.4609513,3.6454825,3.1213472,3.5907042,0.57732433,3.7796357,1.5938408,2.2615812,2.2177026,4.2567096,3.8698735,4.315693,2.175245,3.8675504,6.619799,3.3193088,5.7374578,4.1953044,3.6111975,3.9189484,3.8591228,4.543268,3.7383087,2.005935,3.7036314,2.9556744,3.910382,4.1907153,5.596185,2.7039828,3.5685294,4.230998,3.5503058,3.617406,3.325895,4.30255,3.9619002,3.8628104,3.2728171,3.7174833,3.5025554,2.2278798,2.7864404,3.7691605,3.6283338,0.49659425,3.6662169,4.0639243,2.1589272,2.1269143,3.7583666,2.7256994,3.982095,3.8445349,3.9755747,4.458418,2.7442598,3.9424956,4.1835136,3.846882,1.5603528,2.5554821,3.953742,3.605123,4.1208854,3.7799296,3.5760481,4.05944,3.5425763,3.553147,4.1410804,4.1870747,3.4805746,0.36944368,3.730096,4.7664146,3.6566079,1.4628328,3.0575862,3.4052045,4.1428576,3.9566045,4.02033,3.6938648,3.4756489,4.1957364,4.6454926,1.6629742,4.269496,4.816539,3.8336976,4.083212,3.9521105,3.8860636,3.6812587,3.556089,4.038537,3.28531,4.9285865,3.9521105,3.8676693,10.13637,1.4614385,3.8032217,3.4888866,3.6844351,3.6051683,3.8555584,3.8073542,3.305422,3.498862,3.8401642,2.0889924,3.519006,3.6662264,3.5543702,3.848233,5.1021547,3.8358386,3.4672754,2.3287592,4.046483,3.8275862,3.31835,3.5247543,3.6896038,3.5027354,3.927418,2.8561537,4.1363907,2.9284241,3.7591164,4.3984566,3.6565194,3.616801,3.6775384,4.24027,3.682514,3.3887925,3.6799748,3.6007378,1.9328805,3.4096718,3.3528302,3.9302735,4.2841935,3.1966643,2.4761748,3.2217178,2.588429,3.046272,2.8011386,3.5510883,2.8678477,2.6803303,2.7968855,4.4997196,4.053029,0.6275897,2.0585687,3.6095288,4.1476445,3.5492065,3.6642063,3.3696747,3.3977995,3.5266855,4.0498414,3.0106537,3.563513,3.779497,3.8617573,3.8594046,2.2802238,1.747924,3.6170833,3.6156259,2.7307944,3.8343637,2.7677305,3.2523303,4.4147515,3.559182,3.6388035,5.5276623,4.2417665,3.7916873,2.439294,2.3722084,2.7716796,3.8841164,3.3458114,2.53404,2.5012803,2.718464,1.256496,3.3821747,3.2073617,3.4513655,4.1436186,3.756319,4.7373238,3.2905555,3.444039,3.4694028,3.258618,4.4034233,2.6824288,1.9605386,3.7548504,3.5445926,3.4387715,3.6249092,5.349666,4.0534678,2.6146128,2.5720239,2.3825219,3.7858603,3.636654,3.6000094,4.6807,3.848141,3.214727,3.6233559,5.7977595,3.8952763,5.0911427,4.3961296,2.6602964,1.3509734,4.0439115,2.5858295,3.294417,4.287434,3.7980664,3.8386016,3.5267253,4.30836,3.5581374,3.7721584,3.5686908,2.4581196,4.618487,4.707365,1.9678254,4.0187974,1.3165693,3.543172,2.597414,3.917306,1.7826437,3.5962336,2.583054,2.8422623,3.2825167,3.76667,4.062858,4.683288,4.3582625,3.6198394,1.3803858,3.1054535,4.749338,2.4283602,2.9029052,2.8748484,2.9977543,5.479543,3.9932575,3.5121229,3.437241,3.9002829,3.4072976,3.7985656,4.8808703,3.9386783,2.9904945,2.341965,5.1422534,4.111537,3.5798128
1.267952,2.806971,1.6979651,3.3161857,3.1513264,3.0292518,0.9911088,0.6400916,2.0152242,0.6886718,0.9534435,0.8285284,2.3391995,0.85704255,4.0510054,1.8137258,2.3547995,2.870114,3.5572133,2.645086,0.83304274,2.4321437,2.296757,3.470146,5.784286,1.12747,5.7446795,2.4235177,1.0337852,2.624024,0.7393888,3.0206463,1.3660401,2.9392748,1.3771778,1.6241215,2.2754676,1.2885579,4.0136642,1.7786092,0.99310595,2.6950707,0.93025583,1.0048267,3.2760608,3.4915442,2.5628088,0.9718163,1.5806254,2.0866268,0.90154785,2.6098897,1.7985076,1.1636645,1.2724558,3.3938797,0.6719433,1.6641399,3.6482146,3.5290673,1.5688146,2.2929597,1.6090643,2.2663188,2.3754938,3.8229535,3.1590536,2.4489045,2.1063006,0.73877823,4.8490353,2.1289306,0.90712965,1.3922313,3.1644886,1.4064109,1.3899685,1.8262415,1.1745682,1.2094382,3.068641,1.6117548,0.9197549,3.5587304,1.1465371,3.6853836,1.2850515,3.340659,2.4125783,1.2305987,2.4218383,2.4530797,2.5573795,1.3256259,0.9605533,2.9615598,2.2763546,2.4064095,3.0654671,3.9057486,1.7069389,2.150164,2.571097,1.5959548,0.9451564,0.9772969,1.0203993,1.368013,4.03657,2.571097,1.5037949,10.956899,2.9362767,1.8911369,1.5891021,1.2030156,1.567396,1.807909,1.8743408,2.4165702,1.9544638,1.8162019,2.5707533,1.1280715,1.3174982,1.7951396,3.7493272,4.1503844,2.1059802,0.67888445,3.7548223,1.0489689,0.76286286,1.1157999,0.88924366,1.4107673,0.8026271,1.723775,2.3270595,1.9846829,3.3891585,1.2215928,3.2904665,0.7152342,1.6906482,3.0756774,1.4597845,0.66771716,1.7962267,1.2502121,1.0879807,3.3881762,0.98127854,1.189599,2.295201,1.4671863,1.2796,2.9845557,4.325706,2.716877,3.9194553,3.3370228,1.0114255,3.4256961,2.88584,1.8155849,3.1553612,2.2604687,3.9674706,2.7742813,1.2592233,2.745028,0.9388007,0.9527732,0.7215239,3.4762785,1.1548222,1.8109624,2.953715,0.8811343,0.69555765,2.2539182,0.80813646,2.2585533,2.1410463,1.4814335,1.2365351,3.0068924,1.5784706,2.0518923,0.73727417,2.8730638,0.9276275,1.6855178,4.266591,2.6844296,0.6410464,3.1043231,3.7942445,4.2181444,1.97391,0.6239854,3.0335581,1.6595466,2.243249,3.9678297,3.3447344,2.2464132,2.651101,2.5840218,1.4158605,3.2568026,1.134758,1.1822515,1.3833567,2.5930552,2.2645407,1.8684204,3.0957673,0.6133991,1.5905874,0.7967211,0.7197333,4.1300235,2.456721,3.4343035,2.8872924,3.6187015,2.1618075,1.4282002,0.6489761,3.0984864,1.5833246,1.9438696,3.5608294,5.811113,3.021898,3.1520007,3.6352987,2.0699449,4.4604936,1.0627424,4.216119,2.6400304,4.110291,2.5709112,2.0050735,3.2220798,2.8759365,1.7092115,1.6530521,1.2782793,2.0743752,3.349405,3.2556868,3.6140025,2.7802124,3.509287,0.9075009,2.142167,3.1736028,3.7249365,1.2857147,2.6604893,1.658641,0.81696343,1.2300081,3.4344182,4.3209133,2.6706195,1.1234661,2.905015,2.19197,3.6401594,2.3062913,3.5437646,3.1239667,1.5940306,3.9004354,2.0913346,1.4547395,1.2031142,0.79285955,1.2172168,1.5301026,3.5200021,0.9201299,2.4493773,2.975084,4.6329217,2.7255793,1.3311557
1.3014126,2.995574,2.3436317,4.302954,3.548291,3.3823779,1.2827555,1.1695342,2.172628,1.3321944,1.2934837,1.1712649,2.1582985,1.1685168,4.654735,1.8096665,3.150192,2.910831,3.779248,2.0740895,0.9907909,2.3037572,3.0851448,3.0173328,4.931132,2.0350313,5.499797,1.5821592,1.3086182,1.6458445,1.2037848,2.6698208,1.0992675,3.1933248,1.2388363,1.6506628,2.3250031,1.2256793,2.7154274,2.6778853,1.6217179,3.0293798,1.2087916,1.3968217,2.9724746,3.4461133,2.6839876,1.0106725,2.398739,2.235631,1.2506248,3.4622438,2.684617,1.9557289,2.2205756,4.0372744,1.4456015,1.3227469,3.9109278,3.471005,1.888078,3.3130171,1.5918052,2.6819177,1.5444613,3.2117538,3.690293,3.0023577,1.8865776,1.284112,5.5947843,2.9583056,1.2930837,1.2090257,2.2675776,1.1478162,1.8906789,1.8028039,1.1472858,1.1290438,3.1594315,1.6493367,1.1990186,4.206368,1.8672493,4.3126755,1.0925026,3.7595372,2.19094,1.5913807,1.8857727,3.0500321,3.1343036,1.1027234,1.2986265,1.9524434,1.3062823,2.9388018,3.0914443,3.5047588,1.9624282,2.4556158,2.716853,1.1717387,1.4916409,1.498956,1.3105925,1.5802451,4.605272,2.716853,1.9429862,11.050249,3.2754653,2.5341723,1.4820762,1.6189597,2.122825,2.564979,2.308768,3.251524,2.5758398,2.2674344,3.5170448,1.1705528,1.2420309,2.5014682,3.0788412,3.519173,1.9683175,1.1776478,3.9200308,1.2717113,1.3880037,1.9076864,1.2098297,1.1157831,1.2518655,1.0932913,2.3997161,1.7135385,3.0615466,1.1750166,2.8376718,1.3304008,2.4541335,2.324777,0.69335866,1.3800149,1.716753,1.8735411,1.1801851,4.348041,1.8824311,1.6820937,2.8707802,0.9113448,1.6491816,2.8932705,4.458702,3.0083132,3.6929307,3.106119,1.1662024,3.2586854,2.8365364,1.7210457,3.9585738,1.7627602,4.688906,2.8139963,1.1179574,2.4447644,1.2588058,1.1628139,1.165208,2.813696,1.2109029,2.102065,2.691113,1.1711339,1.3813804,2.6217728,1.3909317,3.1061583,2.658899,1.752812,1.1121166,3.8258634,2.3846383,2.7168937,1.5139538,3.155987,1.3173503,2.1677585,5.0424194,1.6113635,1.2564586,3.0752568,3.7754097,4.3516345,1.3050263,1.3456978,3.0336807,1.8684195,2.3598065,4.4006896,2.7293901,2.7851002,2.9097362,2.5010183,2.1398942,2.0089755,2.0332088,2.142288,2.1956425,2.1875756,1.6963075,2.5927813,3.2691584,1.2226135,1.9410839,1.2024175,0.9040078,4.069072,3.1019106,3.4398873,2.5505872,3.899012,2.7007787,1.6044674,1.071639,3.8616536,1.4246583,2.948094,2.8099427,5.5270863,2.225489,1.81567,3.4460225,2.156375,5.2144203,1.2905842,4.250336,3.121549,3.4629574,2.9583154,2.1085851,2.565831,3.5983582,1.4754465,1.5595497,2.0894043,2.9741938,3.9835508,4.0280366,3.8190062,2.9030654,3.7997553,1.1710558,2.8434427,2.4081964,4.6828675,2.220559,2.867653,1.9189731,1.4070925,1.2509296,2.6265392,3.838841,3.4434412,1.3720698,3.224525,3.269314,4.270583,2.8329873,3.3394516,2.9737616,2.4151688,2.5506268,2.82596,2.3307924,1.6244036,1.1561049,2.105201,1.0953249,4.3024535,1.3818775,2.6605005,4.110871,4.1225405,3.1868587,2.2334788
3.5851355,3.6642745,2.304657,3.0041041,0.7584292,1.0563798,3.4047852,3.4848812,3.1946208,3.506122,3.2957249,3.5408003,3.506598,3.4988463,1.0773541,3.918606,2.1776354,1.7102567,1.1958618,4.422483,3.6718495,3.6290038,2.754474,4.1112685,6.1845922,3.326625,5.76476,4.351796,3.5689304,3.6754391,3.6653156,3.7868593,3.6547074,2.5373776,3.6444678,3.2355845,3.2026873,3.9169784,5.6448503,2.886357,3.5515258,4.587801,3.3943365,3.5045378,3.5559602,3.309008,3.1665444,3.6274383,3.3875103,3.0795178,3.3641102,2.8296976,3.199452,4.1321445,3.584083,1.0783391,3.463796,3.6517138,1.0089327,1.6285063,3.7369447,3.0612812,4.2883034,4.2515054,4.1607656,4.631299,2.0123913,3.3527997,3.5813518,3.6382837,2.6013865,3.0337708,3.7125285,3.7915826,3.6677272,3.6921377,3.6140025,3.5222626,3.477901,3.4899955,3.2217104,3.7818592,3.4154253,1.1555876,3.7973068,4.28474,3.5732772,2.1608067,3.4308922,3.4809163,4.2943277,3.4347599,3.4676092,3.6070497,3.2882502,3.8741436,4.3914924,2.2738338,4.544643,5.0758767,3.3488429,3.6707385,3.1919522,3.7862678,3.5817013,3.5292137,3.7850194,3.3947961,4.3255253,3.1919522,3.404088,10.022844,1.3026491,3.5138078,3.5807118,3.667299,3.6665683,3.819769,3.3240895,3.3033948,3.835234,3.9833333,2.6495347,3.4553404,3.581226,3.6289172,3.4491954,5.15816,3.22099,3.5618882,1.2409961,3.791007,3.6032352,3.3718166,3.4195614,3.628154,3.3534236,4.120192,2.2643108,3.6189291,2.390803,3.633439,4.6125135,3.4538598,3.6905477,3.6569827,4.01971,3.4873517,3.7367134,3.41829,3.5029452,2.8769724,3.4533155,3.4453795,3.391697,4.0482244,3.3319862,1.8368448,2.0122197,1.7276422,2.2029204,2.6812184,3.573984,3.174304,3.0496418,2.5708616,4.485215,4.246392,1.6733184,1.6396044,3.5341535,4.2971654,3.5199804,3.5496888,3.3635836,3.0657969,3.4540951,3.5271828,2.7112799,3.4760795,3.572765,3.1664762,3.62471,2.879275,2.1064506,3.7183836,3.5353007,2.2877135,3.756639,3.251159,3.4163656,4.4045687,3.5299644,3.7233088,5.3351283,4.064084,3.6109064,2.689518,1.5393575,1.6025813,4.11728,3.4095082,2.921796,2.4509451,3.2049842,0.6261613,3.0910053,3.691339,3.9782615,3.3733716,3.8933094,4.558973,3.308514,3.45499,3.626063,3.5353801,3.9045968,3.1407983,1.7799033,3.587379,3.7127504,3.504354,3.6289034,4.7704015,3.721493,1.9291922,2.5424578,1.2163724,3.242382,3.24389,3.5187624,4.566604,4.1022735,3.8114455,3.3130124,5.8357544,3.4128258,5.028942,4.7020593,2.3539686,2.4895148,3.7804677,1.5803193,3.9615076,4.0427885,4.2970333,3.2098083,3.0946038,3.8908906,3.7163625,3.9256516,3.3992133,2.9877403,4.1533976,4.5652905,1.0481888,3.199781,1.6427395,3.4298635,3.1746814,4.1824746,2.7508223,3.567299,1.7782357,3.2413054,3.4509456,3.7419631,3.9213495,4.8620844,4.132729,3.352835,1.1407955,3.737753,4.267911,2.1113706,2.5043216,3.1458256,3.1220288,5.309056,3.932189,3.5814877,3.507911,3.7043207,3.502524,3.7064457,4.8385377,3.6828444,3.4764707,3.0077627,5.217014,3.4398549,3.5896037
3.7128992,4.1125727,2.706932,3.2840114,1.2575818,1.70353,3.684619,3.79735,3.5770268,3.8320885,3.5731099,3.7909665,3.2016056,3.7343276,1.3069568,3.7920763,2.5255897,1.7137502,1.50916,4.05336,4.003518,3.9840682,2.8209147,3.4260468,5.5546746,3.6006973,4.894564,4.0856504,3.7247887,3.5350783,4.02725,3.9891903,3.7121341,2.074905,3.6871681,3.3159142,3.655723,4.1701336,5.328959,3.0903115,3.7569869,4.3616138,3.6584957,3.7201042,2.8757143,3.7465856,3.6617577,3.947106,3.536185,3.492805,3.6305282,2.876195,3.335849,4.4031014,3.888168,1.6151093,3.9036376,3.904843,1.6876575,1.2438955,3.7761676,3.2754824,4.2616587,4.1030273,4.127691,3.9226127,2.3723006,3.7822974,3.9381678,4.0255775,2.6111515,3.0998607,4.0723925,3.801245,3.4913564,3.7383697,3.7004645,3.898494,3.5947893,3.5942981,3.7300394,4.0756297,3.6245437,1.6463568,3.9749112,4.5214167,3.6584415,1.6958543,3.1043906,3.5586872,3.983212,3.8149009,3.852803,3.6796153,3.5828447,3.6646843,4.342597,2.337976,4.132056,4.4228735,3.7181199,3.870234,3.6082227,3.7800283,3.8243933,3.721798,4.118822,3.4154997,4.58499,3.6082227,3.8788955,9.23144,1.870897,3.7860963,3.5106034,3.794641,3.731809,3.993393,3.6946335,3.4395418,3.7978795,3.9617112,2.846253,3.588802,3.6567914,3.7155302,2.9143262,4.4797873,3.5625615,3.8432686,1.5863988,4.1119013,4.0135174,3.5821095,3.6605263,3.6614802,3.6690226,4.086285,2.8515549,3.8757007,2.046599,3.7627978,4.0629263,3.8570316,3.8181367,3.169372,4.1815314,3.905554,3.6328816,3.7566705,3.663802,3.1294878,3.7133982,3.551317,3.8081725,4.208445,3.3970566,2.085725,2.4503844,2.3425992,2.0322535,2.0079567,3.7078252,2.4103715,2.506603,2.7745163,4.5850906,3.9791741,1.9981298,1.8154708,3.6250808,3.8981347,3.700025,3.7637732,3.7119296,2.6693819,3.582743,3.9450324,2.3052087,3.70291,3.9894104,3.7033837,4.0288525,2.989497,2.3160014,3.7170863,3.6359525,2.7415164,3.9979918,3.2161238,3.7164173,4.229013,3.7175035,3.7381608,5.4935246,3.8420317,4.0022745,2.0485797,1.3994044,1.9351965,4.0296226,3.7039578,2.3227918,2.6660304,2.9842284,0.7873723,2.619394,3.5504835,3.6544247,3.7937164,4.0204825,4.447152,3.574788,3.740907,3.7761874,3.130614,4.0455155,3.18703,1.3606079,3.9728646,3.6850638,3.7139158,3.9174771,4.6479387,3.9624841,1.6777049,2.1985703,1.8937235,3.6619167,3.5769393,3.8207724,4.71576,4.0555134,4.1726074,2.8867035,4.943658,3.2941086,4.9343715,4.09018,2.850435,2.6255982,4.106019,1.5447363,3.750821,3.3272586,4.0715675,3.6594763,2.8041234,4.2224293,3.6005523,3.8359435,3.7255163,3.1406155,4.418189,4.721541,1.179955,3.62587,0.99533176,3.6676996,3.1670346,3.69802,3.047903,3.8554845,2.297749,3.3175025,3.7290573,3.8211653,3.3725004,4.05281,4.3785644,3.653792,1.405373,4.159222,4.512365,2.311845,1.9048923,2.4963977,3.2836666,5.0992517,4.0862045,3.783497,3.6019778,4.0455456,3.7188416,3.7171204,4.933228,4.064973,3.1614177,3.6068535,4.420072,3.8601916,3.8394537
0.96399415,3.0980544,1.8480799,3.1173706,3.1143215,3.1281328,1.1836058,1.0569346,2.2679825,1.1987045,1.1298867,0.9550725,1.5097026,0.92694914,3.8774183,0.6446728,2.2739308,2.7157118,3.5258214,1.626203,1.3676591,2.7347422,1.7696297,2.4075155,5.101963,0.8738889,4.602889,1.7333969,0.6890835,2.455374,1.3126061,3.1457212,0.97129446,2.1921682,0.84527963,1.4860487,2.6660426,1.4789413,3.744674,1.3068477,0.6331085,1.4898006,1.1010736,0.8753449,2.2765605,3.7972653,2.9442232,1.435069,0.90503424,2.3805556,1.0567158,2.041277,1.2160033,1.2879585,1.0949246,3.3492243,1.4043646,1.9074706,3.779543,3.2935934,0.7293893,1.832097,0.8452151,1.0827072,2.3496656,2.7635407,3.0434504,2.5572655,2.4833806,1.3646216,4.574798,1.4902532,1.4038289,0.86480635,3.0210195,0.96386915,0.53817016,2.203906,0.88648623,0.90399057,3.4287963,1.8172157,0.87964356,3.5031233,0.5357638,3.4331744,0.95819634,2.7238307,1.6321975,0.4158774,1.4238576,2.4584248,2.5738268,0.96591514,1.194756,2.7291641,2.012962,2.1048992,1.8001456,2.698306,1.9572462,1.9527379,2.8165526,1.0987177,0.8550005,0.6392583,1.4167289,0.55102336,3.8500266,2.8165526,1.9898227,9.940996,3.108272,1.6964824,0.7253499,0.5757204,0.66665286,1.27056,2.0072312,1.8475953,0.87245065,0.7132211,2.179596,0.8681876,0.8782392,1.0027366,3.2716317,3.080881,2.402324,1.0647678,3.77806,1.4173843,1.4099231,0.6545787,0.9653555,0.96334887,1.1457442,1.374192,2.821869,2.1848307,3.1118536,0.9635206,2.1380308,1.3587373,0.97041523,2.4406283,1.5846388,1.361613,1.0715947,1.3657466,0.90116304,3.1609812,0.7150215,0.40099874,2.3938458,1.5204184,0.5252597,3.10799,4.4688554,2.9613693,3.8124764,2.659636,0.67186636,2.5036573,1.9862258,1.9132732,2.561885,1.286027,3.8505821,2.7821376,0.9303701,1.5812182,0.712619,0.94662815,1.3184328,3.1981492,0.862237,2.1500442,2.4001803,0.9175704,1.3857783,2.6488888,1.4230714,1.7732228,2.007823,0.36383176,0.93257934,2.8838534,1.2282499,1.2243409,1.0170842,1.9005293,0.68543327,0.67608386,3.8391116,2.3286471,1.3252285,2.3008044,3.67544,4.276569,1.6061535,0.92490274,2.1536913,1.6620091,1.4979603,3.797018,2.916109,1.1849365,1.4770571,2.950808,0.6008046,3.2787428,0.8534036,0.9385934,0.6379863,1.7880999,2.3292568,1.1841307,2.617547,1.3002888,0.37062886,0.7780741,1.2206525,3.6623583,2.1814342,3.1379948,2.5373325,3.7709904,2.288669,1.6861285,1.0792099,2.6075656,0.81838346,2.0583048,3.2502813,4.6645226,2.930614,3.1576533,2.3820539,2.5315344,4.265865,1.4381422,4.142297,1.6580418,3.3496406,1.399297,2.4160588,2.9664276,2.7340362,0.8441078,0.5960226,1.2377344,1.6072934,3.1328218,2.7852867,3.5130246,3.0317428,3.01575,0.9956766,1.4488326,2.48343,3.5444539,1.0510411,2.8668137,1.4080305,1.091121,0.67620367,2.7683408,3.1819947,2.353049,1.3551909,2.8317277,2.3476045,3.3975055,2.0308902,3.0094597,2.193436,0.99755365,3.8237212,1.5420207,0.91130364,0.39088866,1.3018829,0.7155577,1.0958974,2.9475584,1.448684,1.3893316,3.1425257,3.5114176,2.8375266,0.96060884
2.3906314,3.5061169,1.9430995,1.8306557,2.5317788,2.7294986,2.4070902,2.3810735,2.8944762,2.4216495,2.3215642,2.3648782,2.4793406,2.3397212,2.6721938,2.204384,1.6024821,2.718799,3.0880196,3.083589,2.742839,3.5250387,0.943921,3.1887908,5.9899216,1.5426943,4.678842,3.3565354,2.2079568,3.731054,2.5997763,3.9229357,2.5525155,1.8711572,2.4214356,2.5260684,3.2806108,2.871854,5.374168,0.7751935,1.9380825,2.106843,2.3845592,2.200189,2.8113139,4.1064596,3.3873339,2.781189,1.1927555,2.9526932,2.3195095,0.68632025,0.94881225,2.410809,1.655402,2.3561602,2.4505713,3.1339297,3.3417966,3.174169,1.9776679,0.26634604,2.5874636,1.8529747,3.7867491,3.6967957,2.3434691,2.6151993,3.4388614,2.5844252,3.1280322,0.74979246,2.653515,2.5370784,4.0929065,2.548954,1.7729266,3.1359184,2.3794289,2.4094608,3.7377558,2.9197845,2.277319,2.4639418,1.8345971,2.9951706,2.5004404,1.8753483,2.5530078,1.9168289,2.9447844,2.458681,2.5589187,2.5208554,2.3588202,3.978101,3.6167104,1.7695342,2.4794383,3.5500352,2.7097576,2.519769,3.2176466,2.6894302,2.1472437,2.0271113,2.6958234,1.9730096,3.3924084,3.2176466,2.728522,9.240506,2.8514569,2.0013957,2.2632024,2.0200922,1.644917,1.6492935,2.502367,1.0358506,1.397172,1.7807127,0.7043412,2.340123,2.3940356,1.3715339,3.9535484,4.0512486,3.2117383,2.4372823,3.3938692,2.7221696,2.5492897,1.5938672,2.3109086,2.5430121,2.3566701,3.0689235,3.2311735,3.237743,3.411619,2.4691567,3.204624,2.4846954,1.4191648,3.481883,3.1949246,2.4662302,2.433462,2.167593,2.359362,1.8167579,1.6691487,1.8020462,2.5179365,3.102363,1.8504069,3.31578,4.1200933,2.8738647,3.8801162,2.8597674,2.2891886,2.6944785,2.2798233,2.6709647,2.0457487,2.87026,2.6097465,2.871337,2.454434,2.7312458,2.2120848,2.3857975,2.5306814,3.8996282,2.3191695,2.877183,2.8080873,2.3283076,2.5175385,3.0006094,2.570071,0.9531922,1.8611845,1.9500791,2.4535925,1.7757556,1.7451526,1.123836,2.1553628,2.2896981,2.1663077,1.6739907,3.2594156,3.7644122,2.5527222,2.3413095,3.467836,3.8695843,3.1982574,2.1860025,2.2549338,2.2435253,2.1082504,2.841991,3.6085172,1.3894961,1.9218972,3.5948906,1.6848376,4.744098,1.5227239,1.5355384,1.4407885,2.790581,3.5343592,1.1502653,2.2515624,2.5422766,1.7999593,2.2572892,2.6708736,3.978665,2.1438925,2.9745057,3.0524428,3.3423307,2.4818823,2.616196,2.4575772,2.300014,2.5828345,2.1555204,4.0443263,4.7858124,3.9201486,4.81964,3.004565,3.0386858,2.9546769,2.7252176,3.7917557,1.7732817,4.013928,1.9066852,3.1001775,3.7342348,2.455295,2.421676,2.3366737,1.8401141,0.90086883,2.8091905,2.3688264,3.0372498,3.378778,2.307083,2.355185,1.1847891,3.6784682,2.1050632,1.612684,2.8826075,2.27433,2.3034225,2.3526442,3.7832263,3.832313,2.1638372,2.4755569,2.4541345,2.1398592,2.9738612,1.6349392,3.0891964,2.500895,1.065048,5.392848,1.7200259,1.4014704,1.8857794,2.635611,1.4774568,2.6773558,2.4444447,2.6288028,1.8234648,2.0778215,4.1677923,2.8984153,1.5498464
2.184162,4.3480372,2.3990848,3.1800857,3.930053,4.0982895,2.2970836,1.988018,3.4928005,1.5677067,2.2185998,2.013394,1.855265,1.9874486,4.5138617,1.7194306,2.6602244,3.7318685,4.575069,2.2014253,2.2754042,3.9191408,2.2351267,2.9926343,6.0834084,2.0230863,5.4516363,2.071312,1.8842802,3.1893969,2.2673397,4.357806,2.0602276,2.784804,2.0074928,1.7187477,3.8298886,2.55353,3.7700024,2.24985,1.8763729,1.979233,2.1762302,2.0824168,2.976717,5.0079966,4.135023,2.3878856,2.0307188,3.5861487,2.135648,2.5321672,1.7786828,0.8469897,2.2177694,3.9216614,2.338647,2.9842527,4.7403283,4.1954694,2.0767272,2.530115,0.84509784,1.4820654,2.283879,3.3380122,4.2618966,3.8374271,3.5908535,2.3213558,4.8598146,2.0525444,2.416816,1.3593037,3.9111378,2.081309,1.8901566,3.3395383,1.9807398,1.9850155,4.6366343,2.9883409,1.9437616,4.0361056,1.7177528,4.6784906,2.043246,3.2956731,1.9924394,1.6959482,2.0566988,3.7454438,3.8634408,2.060404,2.2754245,3.5419364,2.9162602,2.4974525,2.4752162,3.202555,3.177125,3.28403,4.067212,2.1809697,2.0530016,1.8724378,2.4630156,1.6897516,5.1295943,4.067212,3.119959,10.876499,3.7038207,2.9843128,1.7661623,1.8980548,1.9611087,2.441195,3.2796204,2.95031,1.6103702,1.8406638,2.686896,1.9705753,2.0597491,2.1788075,4.243286,3.77533,3.547458,1.5524966,4.797613,2.4661353,2.3814778,1.8498414,2.0397813,2.0275009,2.1626987,1.5093199,3.6421824,3.337234,4.1187205,2.1256227,2.7186232,2.3140748,2.118265,3.133191,2.4599824,2.302924,1.2779934,2.5893068,2.0372312,3.2789557,1.8323036,1.6742878,3.6687636,2.492534,1.6332693,3.9741385,5.576054,4.0192995,4.852375,3.6151993,1.6987041,3.1700325,2.6154644,2.7603316,3.5228689,1.8214777,4.2613235,3.6079621,2.021723,2.3871593,1.8372053,2.0505192,1.901748,3.9938407,1.9999188,3.3460562,3.4917207,1.9822148,2.3334093,3.8491747,2.4102368,2.1553364,2.5406306,1.6929333,2.0263858,4.013491,2.4077413,1.7445987,1.4847811,2.9995484,1.8398889,1.9514028,4.82645,3.0557537,2.2423077,3.0675125,4.6593413,5.3339024,1.6412743,1.6493723,2.7977333,2.4650457,1.8065984,4.654322,3.7967784,1.6384671,1.7647507,4.1173487,1.6838254,3.6384661,2.0021415,2.0525522,1.7194664,2.2617078,3.4420285,1.7018759,3.602848,2.2022686,1.6181803,1.5900831,1.7745411,4.9797378,3.4509206,4.26943,3.2255518,4.7906933,3.56428,2.8535821,1.9542719,3.6349485,1.1152744,1.6306517,4.0258775,5.488772,3.8483806,3.3054862,2.948693,3.1777031,4.47204,2.4911852,5.1616693,1.6144348,4.311592,1.6115602,3.566864,3.8939307,3.961116,1.6390623,1.5401157,2.4544537,2.0219777,4.380245,3.8280652,4.5067525,4.282932,3.7520938,2.0590687,1.7821002,2.6944544,3.7135317,2.1834362,3.9155872,1.5266746,1.4747602,1.8544332,3.5805402,3.8173687,3.4966867,2.4893832,3.6131942,2.0013313,4.6425204,3.2095149,4.0839505,2.9123735,2.089941,4.119836,2.6928477,2.0306258,1.7005715,2.2684338,1.8264802,2.1424286,3.8829527,2.4701004,1.8534731,3.2088346,4.242064,4.1324344,2.1000333
2.3653843,4.3527236,2.5243914,2.6839287,3.7984881,4.020405,2.5447142,2.3461425,3.579486,2.1369767,2.4703374,2.3126352,2.003121,2.2862833,4.143774,1.6729802,2.4837232,3.698712,4.4323225,2.3296921,2.7002192,4.0971327,1.7310303,2.849323,6.047077,1.87685,4.82746,2.5628028,2.0843742,3.654717,2.6167355,4.509099,2.351679,2.4287505,2.2270439,2.2274835,3.9930062,2.8517106,4.53888,1.7810642,1.9243709,1.1918038,2.4581904,2.2414668,2.7742617,5.087255,4.2380247,2.7915838,1.596214,3.6869125,2.4023595,1.8419875,1.2794279,1.5218478,2.0025325,3.6819181,2.6341107,3.3114283,4.676981,4.145725,1.9255255,1.8126148,1.4396423,0.745863,3.1276877,3.2436397,3.8981745,3.6316152,3.8691392,2.6518998,4.3530345,1.4387476,2.7226176,1.8876764,4.268882,2.34554,1.7312949,3.5709143,2.263909,2.2776115,4.7051883,3.1735747,2.2308862,3.782238,1.6327611,4.1180778,2.3413363,2.8389492,2.154964,1.751817,2.2185035,3.471275,3.589448,2.3501897,2.5329156,3.947084,3.312154,2.372199,1.8867934,2.887218,3.2686808,3.1154518,4.0920496,2.4481719,2.1791203,1.9835026,2.7492542,1.7844976,4.605601,4.0920496,3.2643878,9.957554,3.798926,2.7097745,1.9290557,1.9141897,1.6552052,2.0057764,3.2244887,2.2575552,0.9163627,1.433611,2.0739198,2.2451787,2.2727673,1.6735562,4.329786,3.6109207,3.7659032,2.1135828,4.7050033,2.7617605,2.6793084,1.7439405,2.3193507,2.322813,2.4603968,2.2535336,3.9536452,3.5787868,4.155521,2.3705976,2.5593703,2.6315992,1.6510373,3.3552852,2.953544,2.6117268,1.6854724,2.5956714,2.2956717,2.764288,1.7761787,1.6838275,3.470325,2.9018836,1.7063932,4.150657,5.4975114,4.034057,4.869253,3.4503124,2.0221355,2.9054873,2.3956861,3.060833,2.7156708,2.0628169,3.9140515,3.714881,2.3111434,2.1944263,2.0854347,2.3305943,2.4283342,4.238153,2.246605,3.4418547,3.407479,2.2781186,2.641328,3.8825905,2.701638,1.6445876,2.5296056,1.6279473,2.3172405,3.509117,2.096882,1.186995,1.9185218,2.3860457,2.0562437,1.6079452,4.051682,3.4977746,2.5952926,2.8071294,4.598563,5.234581,2.3835483,2.037125,2.5182023,2.674464,1.8274747,4.3421884,3.9435241,0.8879855,1.1376816,4.2969885,1.3993292,4.366858,1.8531716,1.8548431,1.3960681,2.4281566,3.727071,1.2874465,3.3319523,2.569763,1.4311153,1.993835,2.3786452,4.6409836,3.0244882,4.096666,3.3986804,4.7118964,3.4139266,3.0355382,2.3650196,2.937358,1.6421211,1.7618096,4.2943826,4.8902597,4.1872644,4.1494937,2.4633222,3.5625973,4.062621,2.781909,5.058271,0.866262,4.237003,0.7574962,3.744642,4.113623,3.499423,1.8974689,1.6995836,2.3298187,1.5181873,3.8698626,3.1139975,4.3509617,4.302029,3.4115515,2.354829,1.283557,3.0761392,3.2048664,1.9526502,3.960894,1.9320282,1.9989976,2.076249,3.7317321,3.5183744,2.951772,2.7144856,3.544484,2.0024998,4.090176,2.9082367,3.9130068,2.670847,1.6851732,4.862176,2.1754725,1.6657171,1.7318379,2.6239164,1.6038195,2.4482024,3.0677822,2.751521,1.4726717,2.931531,3.9155922,3.9364047,1.8300015
3.035682,4.4636893,1.2736717,1.8971448,2.222804,2.680415,2.8742356,2.6369998,3.5986624,2.0658162,2.7066407,2.7846975,2.2929444,2.7292433,2.5308008,3.0587544,1.1022047,2.7185357,3.2372313,3.551308,2.9598227,4.1082444,1.7800394,3.62315,6.799123,2.682519,6.2219234,3.2334743,2.801123,3.325162,2.9857676,4.502876,2.955959,2.1126814,2.9530747,1.6614342,3.7485847,3.4581773,4.5424795,2.3694415,2.8079078,3.6561427,2.7596912,2.8817136,3.2389092,4.589181,3.9507926,3.012851,2.7794812,3.5623846,2.7078424,2.1206076,2.1091328,2.262268,3.0495174,1.8536991,2.827003,3.4771712,3.148438,2.8954287,3.192125,2.5552068,2.7520466,3.0981395,2.6080458,4.1964498,3.555992,4.0174236,3.8001523,2.9929552,2.8856664,2.1046622,3.154819,2.4641893,3.8562148,3.0212843,2.9408066,3.638402,2.7321112,2.7409503,4.3140893,3.6670904,2.6233203,1.9034623,2.9410985,5.140305,2.8621938,2.1411073,2.268183,2.6225128,3.398771,4.03102,4.1287527,2.9118474,2.7318687,3.7494905,3.9536986,1.125316,3.9021313,4.5052876,3.4966304,3.9270363,3.9993923,3.1581988,2.9322052,2.7736766,3.270324,2.4944236,5.4327974,3.9993923,3.4178095,11.298397,1.6915421,3.5987763,2.7082052,2.9672945,3.043749,3.4557388,3.60825,3.3579319,2.844098,3.2313085,2.033041,2.706279,2.933054,3.1363149,4.035693,4.9063087,3.563421,2.2190046,3.3575835,3.2785237,3.0071537,2.615028,2.6948054,2.9011738,2.6731815,2.662702,2.578995,3.7288253,3.3454068,3.0084186,3.9603176,2.8161087,3.1330698,3.3125703,3.3638825,2.8321145,2.2481484,3.175404,2.8113453,1.9214767,2.6463351,2.5703695,3.9300466,3.475729,2.3748283,2.6934617,4.2501006,2.9642696,3.7727494,3.1863368,2.613292,2.9964697,2.5150883,2.2390037,4.4954276,3.2029967,2.1101046,2.263383,2.814062,3.6774042,2.6879253,2.8433647,2.2026074,3.396525,2.7441313,3.71226,3.2346406,2.7064526,2.9342475,3.7891805,3.0545213,1.7696893,1.1864716,2.8891463,2.8181741,3.427971,3.366249,2.1431782,2.013252,4.259213,2.7134495,3.0920098,5.7373786,3.6053507,2.8947675,2.6405253,3.3095515,3.893378,2.608653,2.246662,2.5331817,1.8652227,1.8728108,2.9201932,3.4260285,2.5753562,2.8401725,4.036345,3.013253,3.841756,2.6505907,2.815067,2.7689903,2.6042778,3.9739497,1.960358,2.6825223,2.838788,2.8296998,2.3713346,2.4236479,5.6636143,4.0586433,3.4107392,2.4160483,3.3306494,3.7560942,3.152178,2.6148226,4.645672,2.6882539,1.7112595,3.5632768,6.262153,3.6653402,3.9549665,4.1526403,2.0363345,2.3792272,3.2862601,3.7288842,2.5298977,4.50767,3.098855,3.573006,3.5116751,4.446748,2.6770427,2.906357,3.0816615,1.8585876,4.885232,4.7527018,3.073964,4.1411004,2.392005,2.7103086,1.898654,3.1438644,2.120822,3.0192647,2.8928955,1.4968649,1.9843713,2.9496233,3.871998,4.6544065,4.308237,2.9705756,1.9920716,1.7158643,5.10816,2.7363753,3.5175762,2.8729143,2.5542815,4.5918536,3.7022526,2.9467287,2.6608737,3.0306537,2.7119248,3.037681,4.916751,3.1656432,2.422075,1.8236297,5.186721,4.2693567,2.9948568
3.0801494,4.2474976,4.086538,5.425586,4.20223,4.1871705,3.4686685,3.6671066,3.6937623,3.9714684,3.4676592,3.4739084,2.68207,3.430572,5.006437,2.6942708,4.469818,3.2997208,4.0730853,1.9023267,3.679999,3.758734,4.043544,1.4189875,2.3787034,3.7677298,2.6545055,2.2847283,3.25944,2.4718666,3.7914553,3.4845362,2.8915644,3.1608846,2.880794,3.5021806,3.915006,3.452099,3.0635903,3.871456,3.4924579,3.267404,3.4460588,3.3805566,1.7357796,4.3421006,4.1103363,3.6030996,3.6603959,3.7566295,3.4652753,4.231542,3.9705448,4.3834705,3.9399624,4.839668,3.9907691,3.3316193,4.5154977,3.373976,3.0738869,4.3546886,3.313089,3.3688614,3.4311035,0.96314967,4.130186,4.1811385,3.6748745,3.860515,5.9281707,3.9513824,3.773114,3.1173255,2.4697397,2.8579383,3.2662265,3.6998103,3.0850341,3.047927,4.3376637,3.5352337,3.362076,4.967415,3.6120515,4.702505,2.972923,3.7274792,2.6468234,3.1783307,2.0588615,4.1325035,4.179194,2.9330266,3.5006855,2.2398987,2.5182967,3.9549303,2.4959989,1.6538204,3.6797967,3.4644306,3.9250734,2.6813498,3.5112858,3.4130077,3.704715,3.035518,4.8995423,3.9250734,4.0053763,8.430941,4.438484,3.764336,2.7297144,3.2736087,3.3132021,3.7621605,3.7824502,3.9466977,3.5106626,3.2328517,4.4801707,3.1361759,2.9547641,3.5394573,1.8672698,0.8694753,3.553582,3.7994585,4.225965,3.6582632,3.921642,3.603448,3.4235728,2.8366992,3.6026673,3.093237,4.168462,3.3549516,2.7644553,3.088371,1.5522717,3.862268,3.6489675,1.6799752,3.18376,3.9296815,3.0757306,3.7168436,3.1947992,5.3700447,3.7499154,3.2954493,4.122471,3.1705418,3.2012362,3.7344127,4.767462,4.1154466,3.4955032,2.1579046,3.244425,2.1682687,2.4712834,3.3175707,4.467913,2.2850804,5.362873,3.6223412,2.997145,1.9080731,3.3324447,3.3526702,3.8535273,2.5070353,3.1159718,3.8915527,2.2076216,3.4036224,3.9438746,4.205771,3.9022253,4.182258,3.9092271,3.0318637,3.0222256,4.527931,3.8368099,3.647349,3.9171717,3.0590055,3.3651142,3.2065187,5.3781776,2.0999942,3.8837285,2.494748,3.7362123,4.5397763,3.0444155,3.7658966,2.5588448,3.4465334,3.105482,4.5356245,2.1049564,3.4624972,3.0847433,3.930973,3.6351566,3.118799,3.750069,3.8719404,3.678735,2.2721815,3.060079,3.749044,3.1155944,3.865487,3.0821187,3.5199869,3.7332642,3.4324074,3.9668748,3.1758902,2.7588387,4.5279875,4.0137825,3.5187087,3.6480837,4.4809523,3.0998716,5.0423636,2.354653,2.5931454,2.6257715,3.2747762,1.9986713,4.085073,5.8118234,3.6669483,4.144849,3.6996045,1.0428679,3.3918078,3.8630953,2.4042552,4.469468,2.6844542,2.7821903,3.8084047,4.181856,4.5481763,4.58362,3.9911554,4.0184093,3.6257267,3.4054577,3.8485901,2.1546905,5.6333055,3.90241,3.9360683,3.6460779,3.8659835,3.0517235,1.2370613,1.1240999,4.3333845,3.4849288,3.934992,5.314171,4.692066,3.5413585,2.4356291,2.1477969,3.658187,3.136267,3.8282568,3.7851245,3.2334714,3.7306004,3.7502432,2.7359874,4.7175035,3.8353202,2.939814,5.7925777,1.142725,4.2319236,3.836122
2.7545292,3.5709486,1.7573658,1.4907923,1.9797673,2.2540498,2.6671493,2.6426814,2.9833348,2.6181197,2.560467,2.6754062,2.7670414,2.6450334,1.94868,2.7545552,1.2241362,2.4699738,2.6448345,3.5823445,2.9896626,3.6187625,1.0875591,3.5610316,6.309524,1.9603639,5.128937,3.7397902,2.5904837,3.8509722,2.867107,4.008517,2.90704,1.8908834,2.807808,2.643629,3.283934,3.200641,5.625725,1.2027874,2.366657,2.8815026,2.6447048,2.5545158,3.0966454,3.9757533,3.346875,3.0151815,1.779694,2.991348,2.5814383,0.8841914,1.4262191,2.7675,2.131117,1.6391127,2.6575115,3.3346157,2.8088205,2.8484783,2.517016,0.91944045,3.0820425,2.5694938,3.9328837,4.113445,2.0938213,2.7509277,3.5377164,2.8392255,2.5027223,1.2044914,2.9309464,2.8956668,4.1527586,2.920854,2.3052778,3.2721448,2.6994472,2.7289875,3.6385758,3.194199,2.5734248,1.7360822,2.3771923,3.2867887,2.8336232,1.6460783,2.7998216,2.3503225,3.4358552,2.658614,2.7436056,2.8641784,2.584076,4.117101,3.9723647,1.5648181,3.1670547,4.122486,2.880198,2.8635573,3.2306213,3.069557,2.5303178,2.429535,2.9969606,2.3658297,3.5899532,3.2306213,2.8737726,9.525017,2.3311572,2.3850808,2.6693864,2.4955149,2.238915,2.260368,2.6984675,1.5978105,2.1079235,2.4599311,0.6072779,2.6576164,2.7615826,2.025632,4.003207,4.547537,3.2621734,2.6760967,2.9256346,3.0237749,2.7942746,2.03529,2.5968337,2.893119,2.5900161,3.3983023,2.9571283,3.4114523,3.2677238,2.8263109,3.7362838,2.6964784,2.0668151,3.6657848,3.4935236,2.685309,2.7864795,2.4716165,2.686589,1.4260417,2.1002707,2.2425528,2.6930313,3.436269,2.2342973,2.9926631,3.6685836,2.534925,3.5949435,2.8862038,2.6443348,2.8568566,2.4781926,2.623055,2.691214,3.3510027,1.8791009,2.5478795,2.783376,3.2938454,2.5652573,2.7082021,2.6798453,3.833272,2.644967,3.04923,2.8686364,2.6308258,2.7546968,3.0085213,2.821111,1.1286054,1.6273564,2.4819553,2.781396,1.5459211,2.2865503,1.6118025,2.3867831,2.9793363,2.5329678,2.2917082,3.75833,3.998658,2.7998872,2.4172208,3.082373,3.3912277,3.4927287,2.4398282,2.4055924,2.1986878,2.3350813,2.2196817,3.6184216,2.0172408,2.5064495,3.5926855,2.3141503,4.85141,1.940413,1.9980379,2.0338213,3.0469742,3.7488678,1.5531366,2.0550668,2.7843602,2.3695848,2.5594165,2.893627,4.3212657,2.5419781,2.761439,2.9654973,2.838711,2.627644,2.7826693,2.7130678,2.902739,3.0348167,2.3024404,4.0172048,5.232343,3.9425375,5.021779,3.5958724,2.7963045,2.323464,3.0221663,3.3497474,2.3122487,4.215115,2.604784,3.1384618,3.7185318,2.768195,2.8263185,2.8375697,2.2079833,1.1820619,3.1207008,2.9348958,2.5774133,3.3593965,1.956683,2.6360373,1.5503883,3.9223151,1.578824,2.1000385,2.575313,2.4196799,2.5173113,2.776219,3.995528,4.27558,2.6630032,2.7046943,1.9952924,2.1948025,3.266407,1.5712605,3.03151,2.7079294,1.5655353,5.563877,2.3466928,1.9830368,2.334741,2.9149737,1.993579,3.0286252,3.0694377,2.896153,2.2565515,1.665566,4.6393023,3.0041554,2.0767133
0.9948521,1.6557443,1.9245431,3.6326246,2.7869964,2.4493906,0.6651559,0.8927167,0.9158572,1.5718386,0.75323045,0.87120515,2.6437123,0.919216,3.799509,1.8881733,2.5715477,2.31191,2.8500636,2.7366972,0.8562345,1.4337273,2.4823856,3.398722,5.1164255,1.0204245,5.2155824,2.7119064,1.0538062,2.4818473,0.68365645,2.0426207,1.3105941,2.91708,1.3029517,2.1890178,1.2766405,0.85666436,4.335355,1.6747679,0.97848535,2.821308,0.79274064,0.80603987,3.139004,2.4539843,1.5082633,0.83283144,1.4672881,1.0223258,0.79792637,2.6993346,2.0722756,2.2204456,1.0150651,3.2673645,0.5721896,1.0554663,3.0305924,3.0589972,1.31193,2.2522159,2.2756922,2.5585704,2.972174,3.7106519,2.2210863,1.2851075,1.2681634,0.61781347,4.864135,2.295806,0.58692855,1.918079,2.748305,1.3134109,1.2829853,0.91164386,1.1823761,1.2215163,2.0051358,0.74888027,1.0084008,3.4550462,1.2680377,2.6892147,1.2487602,3.2549744,2.6888938,1.3400406,2.5302238,1.3335748,1.4253109,1.2681018,0.7106118,2.6804264,2.0179214,2.6239347,3.0006642,3.8327436,0.58522564,1.1035132,1.4380028,1.465894,0.77471,0.9813614,0.61619943,1.5103288,2.9636097,1.4380028,0.42323956,10.178254,2.8429215,0.9822663,1.6960987,1.1131474,1.4188715,1.4115007,0.68352103,1.910385,2.147758,1.7947431,2.6385307,1.1408117,1.1921347,1.5598575,3.2190983,3.897498,1.2230964,1.4864938,3.069326,0.6526445,0.53318065,1.1351178,0.8861027,1.3912662,0.75657827,2.319079,1.9890937,1.1523275,2.816125,1.053868,3.2533948,0.60822624,1.5047039,2.9503455,1.3894722,0.596267,2.3269622,0.35460585,1.0191895,3.653465,1.0787504,1.3219981,1.1437404,1.2643547,1.4821773,2.5668716,3.476592,1.988413,3.2280881,2.9017646,1.2805775,3.2829185,2.8670585,1.6636574,2.6640503,2.4797451,3.9408793,2.4539936,1.234289,2.6556573,1.0629023,0.90360576,1.3475908,3.1517687,1.1147352,0.6857884,2.3935294,0.94129926,0.5723219,1.127927,0.51456267,2.5121303,2.2880337,1.5380068,1.2077724,2.210644,1.1581453,2.3061218,1.5319698,2.4054627,1.0288731,1.5512865,3.5928242,2.5632925,0.68709195,2.9129145,3.1809924,3.4540997,2.557373,1.2609166,2.9698873,1.648264,2.5861056,3.4867594,2.958974,2.506008,2.9109044,1.6010824,1.5433203,3.3906388,1.0472723,1.0713648,1.4980623,2.7543561,1.5618725,2.1703687,2.6141417,0.73171055,1.6960777,1.3213972,1.4077473,3.090156,1.5353817,2.683873,2.763922,2.9153614,0.98531,0.5599171,0.98834795,2.513012,2.149935,2.8087156,3.2529926,5.301679,2.5785558,3.4813602,3.5521767,2.0450354,4.5730658,0.63374966,3.5231686,3.063506,3.588774,2.8786783,1.0180385,2.769904,1.9190632,1.949905,1.8783771,0.65712464,2.3504689,2.3568497,2.6236134,2.9915714,1.6543152,3.2415576,0.8986593,2.4755464,3.417725,3.9186969,1.0499057,1.968522,2.27794,1.6281714,1.264445,3.1404274,4.101832,1.9411912,0.5660929,2.6236253,2.9766026,2.6439223,1.6131135,2.9144151,2.9891617,1.4708483,4.023559,1.6085109,1.3451406,1.3018537,0.71616256,1.2779663,1.4519323,3.0001495,0.5083765,2.6574125,3.354009,4.300634,1.5399926,1.1590017
1.5203712,2.8301098,2.6611214,4.741106,3.5974183,3.354006,1.5311803,1.5743154,2.0775266,1.8726308,1.5682424,1.5307649,2.4101624,1.5265558,4.7963696,2.1098986,3.5022395,2.8091187,3.6628377,2.179389,1.3048935,2.0484796,3.4752622,3.0218458,4.467821,2.4205759,5.4015975,1.6871893,1.6603273,1.251701,1.5379272,2.27516,1.3188406,3.3894536,1.4797461,2.0249746,2.1427686,1.3617898,2.4670982,3.040228,2.005835,3.3978462,1.4980114,1.7084297,2.9902604,3.1244838,2.4951441,1.2483958,2.7750912,2.12076,1.5573932,3.8456812,3.1344595,2.5922189,2.5948403,4.2250147,1.7830788,1.1819742,3.8088436,3.332812,2.166086,3.7104669,2.1075764,3.1114616,1.7120857,3.1423707,3.6841393,3.0278096,1.6426039,1.6088692,5.8637104,3.3692698,1.5635047,1.6550899,1.7537766,1.35455,2.2366185,1.6852258,1.4341942,1.4067281,2.9167376,1.652186,1.5524741,4.399428,2.2993739,4.374129,1.3346982,3.9575934,2.4094188,1.9634591,2.0242617,3.1103673,3.1765387,1.3304249,1.5583333,1.4643317,0.9904594,3.2472124,3.3126307,3.5606172,1.9632002,2.4850886,2.5447307,1.300824,1.8362468,1.8738437,1.549096,1.926764,4.605276,2.5447307,2.0216272,10.9511595,3.36419,2.7106678,1.7638798,1.9646598,2.4653425,2.8840547,2.3526354,3.5272162,3.0041606,2.6276915,3.9020057,1.470853,1.4784558,2.8421261,2.6932645,3.396146,1.7510289,1.7170609,3.771363,1.4973962,1.7006643,2.3060215,1.5442996,1.3345349,1.5759143,1.49662,2.326559,1.4959652,2.7929847,1.4148636,2.899091,1.652601,2.8184114,2.1323986,0.73474836,1.7197636,2.1217303,2.0970159,1.4718298,4.7657557,2.3073418,2.0739532,2.9234226,0.96571046,2.0303679,2.7338164,4.2261047,2.9282203,3.3885279,2.9883423,1.5735391,3.2962022,2.971237,1.7492847,4.2401037,1.9722337,4.9279366,2.7608106,1.3727547,2.562648,1.638581,1.4849441,1.6193999,2.4776947,1.496824,2.0961108,2.525751,1.5244136,1.7152071,2.5605412,1.6894995,3.5257783,2.934504,2.1052008,1.3709476,3.96043,2.7105393,3.1329513,2.0412498,3.3294387,1.6996716,2.500077,5.2459455,1.2358103,1.6154996,3.1342697,3.586723,4.1514187,1.6331774,1.836811,3.1578553,2.047751,2.6771033,4.4225993,2.4250991,3.2015345,3.2729475,2.233512,2.5763633,1.5844953,2.4202576,2.53902,2.6284583,2.3044074,1.3364816,3.0226505,3.2679157,1.5933809,2.3128214,1.6815356,1.4237424,3.8618467,3.2436016,3.267026,2.4712512,3.7828214,2.7431371,1.6496577,1.4933465,4.1099434,1.8900956,3.5344794,2.4432309,5.419866,1.7507552,1.5327473,3.5724542,2.203941,5.509614,1.5076572,4.0428987,3.5669749,3.1446643,3.3780437,1.9856932,2.1883397,3.723992,1.7759341,1.9046491,2.380777,3.4128516,4.0594535,4.260767,3.722175,2.7011302,3.8827744,1.4967084,3.2748172,2.4071336,5.071704,2.596928,2.7698572,2.3468175,1.9363276,1.5770905,2.3265042,3.7745252,3.659935,1.5474603,3.2832634,3.8408844,4.3341184,2.9350266,3.1430335,3.033185,2.7764618,2.095864,3.1157453,2.724245,2.0043802,1.4794348,2.5287962,1.2436095,4.5680103,1.6447701,2.979514,4.5719357,4.0050983,3.1515372,2.6187565
1.1710157,2.8596017,1.8961405,3.5882852,3.3322186,3.2003083,0.9679625,0.62728363,2.054178,0.734356,0.954205,0.7671797,2.2651312,0.7970032,4.2823634,1.707776,2.5952213,2.9496808,3.6986175,2.443935,0.7128048,2.4029164,2.4984338,3.3479407,5.589735,1.3031567,5.672945,2.1773777,0.9687737,2.4323967,0.69894683,2.9559343,1.2047242,3.024935,1.24092,1.5978807,2.3062415,1.1475899,3.7076142,1.9969738,1.035644,2.6744676,0.8951637,0.98605734,3.2045088,3.5330167,2.6207583,0.85687417,1.7313057,2.1352575,0.886978,2.829325,1.991671,1.2196978,1.4440768,3.6312618,0.7867241,1.5429037,3.8080301,3.5965242,1.5444965,2.5447395,1.4472535,2.2653973,2.1671598,3.6580114,3.3468494,2.5839741,2.0489843,0.7374997,5.0992575,2.3219483,0.8653777,1.2311043,3.0038457,1.2454581,1.4136779,1.7976713,1.0661148,1.0913314,3.132369,1.5494887,0.8712168,3.7976096,1.1989753,3.8236442,1.1410468,3.4861298,2.3392534,1.2166513,2.2233124,2.5910873,2.6925857,1.1751348,0.9652452,2.762509,2.0117147,2.570515,2.9950914,3.7574677,1.7430394,2.1818051,2.6278405,1.4119012,0.95692134,0.98619354,0.95385486,1.3354956,4.1734376,2.6278405,1.5803537,10.986903,3.1025865,2.0076025,1.4798721,1.1820766,1.6131588,1.9192563,1.960143,2.6048794,2.023771,1.8183165,2.8265464,1.0338864,1.1980937,1.9010351,3.6420503,3.9676065,2.0856814,0.6463385,3.888003,0.9659872,0.80433404,1.2430439,0.8518666,1.2508363,0.8153728,1.4867946,2.4136374,1.899754,3.3805685,1.0950075,3.1305652,0.77184284,1.8043512,2.920312,1.2035495,0.7507386,1.6978583,1.3445673,0.9960841,3.6579602,1.1325413,1.2146364,2.428015,1.2342719,1.2895961,3.0455294,4.4534197,2.863309,3.9517484,3.3246462,0.90832597,3.4041386,2.879908,1.8256906,3.2965963,2.0625389,4.219695,2.860007,1.1276739,2.606791,0.8825679,0.8692252,0.73277897,3.3851035,1.0665601,1.8514823,2.928985,0.82182485,0.7563979,2.3584926,0.83651847,2.470808,2.3095636,1.4356668,1.106348,3.2553048,1.701439,2.1819422,0.84558874,2.8668716,0.8890911,1.7117436,4.407883,2.4494455,0.65331864,3.12458,3.8794703,4.3478537,1.7539175,0.6962234,3.0477562,1.7350255,2.2496433,4.1624002,3.2526228,2.317877,2.6509638,2.5879142,1.4795175,3.0030136,1.3089125,1.3649035,1.5009552,2.4841962,2.1144743,2.0192719,3.1950169,0.6213111,1.5738229,0.75078535,0.5779239,4.0991807,2.58162,3.5050766,2.8598764,3.7802377,2.2902691,1.4377031,0.5896641,3.2253227,1.4082541,2.1553614,3.4455676,5.730647,2.8879519,2.8491392,3.5371358,2.1499155,4.710504,0.98584026,4.320225,2.6987467,3.9848127,2.5773084,2.037387,3.1254368,3.0315228,1.5701491,1.5140476,1.4284327,2.2926464,3.4845488,3.3923852,3.7518518,2.8385715,3.643021,0.85503346,2.29206,2.9895785,4.0054994,1.4537889,2.7846577,1.6847541,0.8614387,1.0976789,3.2667909,4.1870294,2.811938,1.1130502,3.0601325,2.4400775,3.7786577,2.4734833,3.5508585,3.0985756,1.767811,3.60894,2.2021909,1.6038407,1.2007354,0.7184501,1.3668844,1.3484439,3.6526175,0.9122733,2.461957,3.2926612,4.489412,2.8430693,1.485399
5.0455585,5.7584395,3.404049,1.9554021,2.9202476,3.508677,4.921522,4.834949,5.189506,4.551966,4.7805104,4.9199977,4.3992863,4.874158,1.7393724,4.9697647,2.5910084,3.9406393,3.7739296,5.553481,5.1812115,5.772473,2.991971,5.1715584,8.142698,4.3773417,6.718246,5.573278,4.866903,5.562863,5.116542,6.0798073,5.100809,3.2472036,5.035413,4.2593913,5.356784,5.515709,7.111018,3.6418092,4.7252326,5.036,4.867334,4.872212,4.668418,5.778351,5.381613,5.205825,4.2361813,5.1369853,4.80693,2.8417757,3.6050053,4.6379347,4.6146646,1.9616536,4.88733,5.5195465,3.6921356,3.8522346,4.923496,3.3278747,5.074276,4.680994,5.374134,5.778714,3.9453046,5.0896144,5.662043,5.0934987,0.5646271,3.3392599,5.2184634,4.864732,5.82843,5.135879,4.698517,5.4754205,4.8833666,4.9022803,5.561227,5.529766,4.775839,1.7935294,4.771661,5.587872,5.0176067,2.6081178,4.375191,4.6087627,5.4434333,5.0533442,5.11842,5.0560627,4.800734,5.8624334,6.134085,2.8729887,5.246092,5.936031,5.1750784,5.3108506,5.3497515,5.26841,4.884774,4.7536683,5.3099074,4.5346236,5.7822223,5.3497515,5.1518817,10.493067,3.0781884,4.893095,4.791095,4.8633385,4.6669245,4.7943335,5.065457,4.108274,4.3570223,4.8432293,2.664019,4.849634,5.0008473,4.5090322,5.5248823,6.4021497,5.3376975,4.671519,3.8979325,5.330918,5.06051,4.408102,4.8202853,5.059001,4.796325,5.2303696,4.421538,5.6068974,4.643875,5.0885377,5.6215563,4.914591,4.554505,5.253992,5.657157,4.9155693,4.5899005,4.8810363,4.920046,1.8137815,4.4721484,4.520138,5.0716457,5.6738095,4.409374,4.1953053,4.6490417,4.1074405,4.7344456,4.3614597,4.8211365,4.2031374,3.9947636,4.365432,5.091762,5.3320518,1.1747918,3.7777236,4.96546,5.36765,4.8067956,4.959808,4.641366,5.129321,4.8553653,5.357527,4.6045446,4.8529477,5.005886,5.172291,5.0970454,3.0128458,3.0978029,4.7780743,4.9688683,3.6167033,4.8130507,3.644807,4.3834953,5.3831077,4.7986684,4.700249,6.0110297,5.8339734,5.030758,3.8480508,4.0449324,4.2524834,5.205512,4.536838,3.8413136,3.982353,3.9187677,2.6642642,5.074768,4.0379763,4.331758,5.624204,4.7164273,6.36456,4.3511825,4.446319,4.428417,4.6479316,5.9220138,3.59435,3.5140748,4.9990406,4.6501684,4.6702952,4.897445,6.583636,5.042267,4.2125807,4.2414975,3.869242,4.9809203,5.0191474,4.871618,5.355704,5.0265164,3.736154,5.345894,6.7961006,5.604787,6.628558,5.4338975,4.199883,0.6845373,5.329791,4.1562834,3.9806204,5.8321943,4.568856,5.2623043,5.2471704,5.19518,4.8543863,4.989751,4.671825,3.196056,5.4888315,5.3576894,3.5703921,5.423789,2.8051205,4.850213,3.419882,5.33879,1.3813995,4.5831566,4.153101,4.029723,4.4500356,5.039652,5.654951,5.9014444,5.169957,4.9601097,3.0784705,3.479162,5.5765014,3.7431357,4.500234,4.2258377,3.9993556,7.1065307,4.8887944,4.458432,4.6202664,5.1694226,4.403341,5.192369,5.422564,5.1917195,4.0416875,2.3363843,6.3666673,5.2866,4.5572534
2.671648,4.1893353,1.7288264,1.1797688,2.7550995,3.106244,2.6468728,2.4593081,3.4340262,2.1516345,2.5205197,2.5158322,2.2781303,2.4791489,2.8148527,2.3864608,1.2167616,3.0904272,3.5822365,3.1777267,2.8709064,4.052576,0.6861537,3.346511,6.5826454,1.8712007,5.3358684,3.2682168,2.3902037,3.827039,2.768015,4.5007987,2.7291834,1.9030749,2.625401,2.1564658,3.7775512,3.1716757,5.1742077,1.2706873,2.179436,2.3302593,2.5687912,2.4563432,3.0096786,4.724955,3.9490554,2.9460676,1.6574824,3.4778633,2.4970841,0.7062716,0.8304576,1.8805459,2.0955703,2.3453698,2.6176133,3.4574347,3.7215683,3.4690087,2.390056,1.0055121,2.3323622,1.8749851,3.405626,3.8994102,3.1706157,3.4017453,3.8534238,2.7660964,2.940166,0.7319247,2.8900285,2.3666053,4.3431273,2.7505064,2.113402,3.5622575,2.5235693,2.5487063,4.3510346,3.3574748,2.3977678,2.417112,2.0671687,4.0151277,2.662539,1.9442521,2.358542,2.0699954,3.0324166,3.2868595,3.3975372,2.695408,2.5656762,4.166981,3.8737805,1.4168952,2.821773,3.8002377,3.2173092,3.2383738,3.8518083,2.906416,2.413639,2.240045,2.9663942,2.0670774,4.42238,3.8518083,3.1658888,10.114084,2.7776387,2.7296135,2.3633463,2.3040628,2.062034,2.282909,3.1303616,2.0245924,1.557721,2.1373365,0.73204875,2.4846702,2.6153066,1.9460704,4.330084,4.408243,3.6451292,2.2345934,3.8416393,2.9909916,2.754889,1.8465037,2.464344,2.6986272,2.507573,2.8165212,3.3563151,3.6673772,3.7839172,2.7009346,3.4063652,2.6480913,1.9441273,3.5950155,3.347066,2.6282277,2.1417778,2.6261573,2.544286,1.2536486,1.8849615,1.9539562,3.2838535,3.324296,1.911164,3.5076597,4.6741266,3.304984,4.3130627,3.2392514,2.34009,2.8655255,2.3447587,2.7476118,2.927665,2.8762908,2.4642437,3.0168312,2.611536,3.0090852,2.3426905,2.56589,2.3891997,4.0727496,2.4902458,3.4029422,3.256958,2.465319,2.697768,3.5916598,2.7916822,0.50360954,1.6464479,2.166077,2.6129575,2.6822267,2.313754,0.9883931,1.905733,3.0182881,2.3161607,2.0897512,4.197705,3.8895297,2.6939874,2.5524852,3.860743,4.3709106,2.8985462,2.0873322,2.355773,2.2545075,1.8085905,3.2131946,3.8622553,1.3393824,1.8399303,4.110479,1.9418962,4.6494975,1.8415481,1.8975996,1.69857,2.7067587,3.946815,0.92827725,2.6953204,2.6629965,1.9960582,2.19178,2.5348892,4.893867,3.0259693,3.5438015,3.0858846,3.7931204,3.2035666,2.999065,2.49909,3.1795218,2.3896585,1.2469615,4.2132173,5.415756,4.175592,4.6408544,3.2926338,2.9811616,2.61955,3.0007312,4.2482634,1.3782606,4.46529,1.8515022,3.5630755,4.008943,3.3852572,2.4160209,2.3977098,2.3330212,0.5056722,3.7938607,3.2864325,3.4746654,4.0284786,2.5306978,2.505901,0.7764492,3.5083869,1.6824665,2.0518,3.2823458,1.8059585,2.0195365,2.5310056,4.032954,4.1547966,3.044354,2.7683604,2.6003523,1.2041018,3.9886162,2.3110356,3.597001,2.6839,1.5196468,5.316701,2.451007,1.837959,2.0581465,2.810858,1.7531286,2.856351,3.3241947,2.8838522,1.738673,1.4681873,4.601397,3.7061727,1.9798954
0.9486004,2.641349,2.1238713,3.9025562,3.4281309,3.2391527,0.8193491,0.6345212,1.8542982,1.040715,0.8677992,0.6565839,2.290269,0.70203024,4.446545,1.5972193,2.8588288,2.9089544,3.6817124,2.2584932,0.50965846,2.1311045,2.7138102,3.2147691,5.2192154,1.3869098,5.4600897,2.0173388,0.86022913,2.209969,0.55772257,2.6482236,0.97945255,3.1084545,1.0397403,1.7540746,2.1111984,0.7962253,3.5143807,2.1412256,1.017757,2.6598291,0.778501,0.86388254,3.1070704,3.332949,2.4406,0.6258039,1.8035122,1.9528097,0.80204374,3.035398,2.2044392,1.5706146,1.4879719,3.8273897,0.80369645,1.228809,3.8294518,3.5675657,1.4126686,2.732665,1.4960023,2.3187168,2.1748834,3.4676201,3.3148649,2.4532714,1.7787336,0.6278139,5.341779,2.5169597,0.6641195,1.2422099,2.743886,1.0071782,1.3671265,1.5456295,0.92435354,0.9420076,2.9510994,1.2481881,0.8094623,4.001286,1.2218041,3.6968477,0.94335216,3.608863,2.3591993,1.2014537,2.0429926,2.4666905,2.5613358,0.9624111,0.87247944,2.4918938,1.6195707,2.779665,2.8892848,3.5842142,1.5411724,1.95917,2.4303768,1.1414679,0.8646535,0.9442343,0.7021882,1.3244239,4.0307474,2.4303768,1.4347632,10.805865,3.251341,1.8990647,1.3857039,1.087253,1.5787008,1.885717,1.7953094,2.6354604,2.1079352,1.7746345,3.0564795,0.90800667,0.9990513,1.9044776,3.4142902,3.711722,1.8582472,0.88812923,3.869277,0.6944631,0.7217249,1.3167986,0.7679842,1.0463902,0.7698345,1.4558436,2.4289978,1.5928192,3.2495928,0.8607872,2.9550738,0.7405286,1.821614,2.7461321,0.82684976,0.74462366,1.7686628,1.2383783,0.83745253,3.9595928,1.2335415,1.2393771,2.2989829,0.83348495,1.3333237,3.0238347,4.388757,2.84748,3.8349211,3.2172098,0.8572432,3.3589551,2.8794637,1.8094841,3.2712748,1.9192377,4.45265,2.8833797,0.9496824,2.4294078,0.8177263,0.711095,0.92675203,3.2347915,0.93022,1.6445622,2.7759736,0.7310853,0.7135078,2.216798,0.72816527,2.7087424,2.503706,1.3720878,0.9267455,3.2988257,1.6719282,2.348947,1.1402024,2.7094874,0.8312397,1.6646025,4.3381047,2.1760035,0.59883314,3.107381,3.8334227,4.3066053,1.7376018,0.91071236,3.0555513,1.8096333,2.357707,4.2432146,3.0806134,2.4345062,2.7115674,2.3619483,1.5207143,2.8068118,1.3966461,1.449352,1.5904999,2.436176,1.754721,2.214192,3.1854324,0.5858348,1.5557184,0.8546024,0.70692927,3.7942142,2.4679391,3.4086597,2.8250644,3.7828119,2.1614358,1.2499447,0.5948137,3.163469,1.4116486,2.5470319,3.2739842,5.5150256,2.65091,2.657743,3.4097657,2.2348864,4.9760346,0.71833813,4.2725687,2.8565748,3.7334094,2.6473136,1.8494254,2.9308534,2.9356656,1.4947351,1.4194974,1.4032348,2.5348637,3.3573558,3.3310935,3.7513428,2.641452,3.716942,0.75420237,2.4998028,2.8975346,4.3027434,1.4999644,2.7566776,1.8936623,1.1385806,0.9220372,3.0303876,3.9979055,2.7391434,0.94275445,3.152495,2.836953,3.6522741,2.4750822,3.4170039,3.0491588,1.8645793,3.368546,2.150883,1.6657212,1.1894273,0.5270029,1.4653178,1.1002734,3.6105692,0.7403942,2.527092,3.6511378,4.2566195,2.6858554,1.5337719
1.6632578,3.8020709,1.5656105,2.8654606,3.0452285,3.2177932,1.72744,1.4379276,2.8735998,0.9414604,1.6012195,1.4856496,1.1409243,1.4307356,3.757329,1.3936738,1.9871929,2.8202002,3.6900578,1.891428,1.7625062,3.3165174,1.7461083,2.5144372,5.6222,1.6356732,5.1958137,1.6154518,1.3795435,2.4069583,1.808757,3.7142391,1.4861588,2.0727403,1.4628373,0.7505652,3.1666253,2.1334078,3.3687081,1.8043715,1.4742879,2.1599004,1.5824689,1.5875502,2.3710103,4.280906,3.471531,1.8455614,1.7316916,2.9325151,1.5392251,2.1465383,1.443591,0.9295554,1.9691613,3.1479042,1.8499368,2.3944466,3.836871,3.2585633,1.7522048,2.254439,0.7659159,1.605623,1.6352848,2.9464877,3.571352,3.3662443,2.9693584,1.8661116,4.309849,1.6776288,1.9784138,0.69046056,3.1154299,1.5343394,1.5507743,2.7573957,1.3528746,1.3510251,3.9514544,2.5241742,1.3344359,3.2757282,1.5156537,4.409681,1.4386121,2.607875,1.240208,1.1776062,1.7129498,3.319785,3.4336004,1.4706653,1.6581299,2.7987463,2.4593415,1.7231857,2.4318244,3.0672257,2.623622,2.8734717,3.43075,1.6464561,1.63053,1.4178307,2.0454073,1.0578296,4.797496,3.43075,2.6025305,10.673223,2.7886512,2.630752,1.1594958,1.5247619,1.6937971,2.2838256,2.7762582,2.6677997,1.5411521,1.732909,2.2718084,1.3450882,1.5010675,1.9657669,3.4399226,3.4971502,2.8580124,0.9271176,3.8907022,2.0396826,1.9308727,1.4374671,1.4532435,1.4265119,1.5699689,0.9550968,2.7586837,2.7403357,3.2118037,1.5989443,2.4705026,1.7922136,1.9405227,2.3877766,1.9601139,1.8103148,0.54705703,2.1465564,1.4599502,2.9250612,1.4697754,1.1790156,3.218961,2.0415015,0.9982551,3.0176435,4.6956005,3.1705496,3.927916,2.807537,1.115621,2.4950075,1.9163861,1.8415812,3.531843,1.4699191,3.5890942,2.649886,1.4052941,2.1185002,1.2945743,1.5141327,1.2126446,3.094347,1.3872129,2.8406947,2.6813085,1.4100788,1.8745846,3.25698,1.9647636,1.7283453,1.6878381,1.3305864,1.4148571,3.4577053,2.2117746,1.3675431,0.86075926,2.9054625,1.3262376,1.7016265,4.846752,2.3930538,1.7765615,2.3099928,3.7273524,4.4316053,1.045644,1.0410721,2.096823,1.5410126,1.0494592,3.817528,2.9375215,1.4739747,1.6291207,3.448614,1.5908909,2.971394,1.6048657,1.7508777,1.5099866,1.5408329,2.8613489,1.2520105,2.7667162,1.719875,1.2993213,0.9630881,1.1615814,4.6009293,3.1554537,3.411337,2.2843752,3.907369,3.0681145,2.239884,1.3880296,3.6240282,0.74789405,1.5886104,3.153163,5.2296057,3.0207262,2.8105729,2.8055634,2.2696552,3.9167554,2.0610905,4.2398086,1.5886213,3.6540136,1.7391493,2.9228878,3.024674,3.684967,1.0309379,1.1536907,2.0742705,1.6360246,4.110311,3.793734,3.6086843,3.6319368,2.9454017,1.4658797,1.3835,2.0912433,3.3143306,1.9307275,3.0467277,0.59145355,0.78418005,1.3915467,2.8919227,3.4847853,3.3574405,1.9064332,2.703981,1.9347055,4.3737016,2.501296,3.2551777,2.2321758,1.6767038,3.5697832,2.564625,1.8132714,1.2228249,1.8133627,1.5409102,1.5592232,3.9338377,2.034312,1.3944057,2.8908408,3.9458704,3.6412873,1.8640327
2.5973961,3.819345,3.0347636,4.977037,3.374972,3.313126,2.7186694,2.7939918,3.05703,2.8727157,2.6732469,2.7367187,2.2639897,2.6857393,4.495624,2.7613072,3.7099712,2.535434,3.4227967,2.2955954,2.7218623,3.058166,3.763544,2.4090023,3.9360342,3.4113858,4.971524,1.7678044,2.727369,0.8041061,2.943333,2.9455705,2.303633,3.0606508,2.419255,2.3266985,3.0660834,2.813924,1.7376965,3.6740847,3.0833004,3.965762,2.6530182,2.8394783,2.3802843,3.621047,3.3423707,2.6455655,3.5994492,3.036952,2.6861613,4.1389117,3.721622,3.5806108,3.708043,4.079633,3.1039352,2.453707,3.5914128,2.636038,3.088265,4.3090887,2.8731008,3.693736,1.6906482,2.5018141,3.9834487,4.008973,2.7540467,3.0117064,5.5693464,3.8056583,2.9947293,2.3605762,1.1267341,2.340963,3.1536996,2.8887773,2.4051933,2.3624008,3.6173286,2.9838035,2.6136062,4.2183094,3.3814018,5.2499685,2.3212068,3.6118438,2.1582844,2.8047373,2.2642686,4.089461,4.1474156,2.3166902,2.6826162,0.8790694,2.0085092,3.2368839,3.5851681,3.330622,3.0944352,3.4986222,3.3736389,2.2269366,3.0176716,2.9430246,2.994288,2.6110883,5.420255,3.3736389,3.2798812,10.618271,3.1598337,3.7477067,2.3676496,3.0030012,3.3471136,3.9044087,3.421978,4.2324157,3.6683576,3.463007,4.2547007,2.4538288,2.453207,3.691143,1.6860172,3.004346,2.645965,2.7583067,3.452914,2.9429677,3.0911956,3.2503655,2.6667302,2.2402084,2.747572,2.097386,2.629342,2.613071,2.0755057,2.528835,2.7424874,2.9601314,3.7371967,1.1578436,2.2553904,3.0458329,2.460368,3.2747016,2.5438266,4.94966,3.3397577,2.9259293,3.9472663,2.4382374,2.7380993,2.385514,4.0309663,3.158289,2.7367575,2.2771356,2.5710423,2.5873635,2.5360322,2.017151,5.1422615,2.273773,4.7319694,2.4366572,2.3406272,2.7456002,2.7043114,2.6626058,2.665756,1.2372426,2.47723,3.31553,2.10962,2.6577797,3.088595,3.5609362,3.0898616,3.8763247,3.0193765,2.9212778,2.3597615,4.4581523,3.8134174,3.532067,2.9763606,4.0103602,2.777367,3.3271122,6.2187796,0.9945098,2.9977703,2.583667,2.9969113,3.8126588,1.9572047,2.867776,2.6750371,2.3530424,2.6307008,4.059767,1.3681862,3.6109853,3.4554522,3.0863311,3.57573,0.8755485,3.3925304,3.5793028,3.543182,1.883775,2.375624,3.4729562,2.909257,2.956881,3.0501466,2.6869395,2.5891314,4.401641,4.21511,2.8980715,1.6559808,3.6680126,3.7413619,2.7633493,2.7187524,5.105105,2.5913732,4.2441173,1.0819564,4.94,1.2467203,1.4128039,3.4549527,2.4547749,5.2744956,2.950475,3.48571,3.825008,2.2563124,3.8055432,3.0062237,1.3305776,4.7243843,2.2731285,2.5987215,3.4902997,3.8697333,4.9932294,5.2314343,3.3555427,3.4661834,3.3796914,2.6278033,3.6169012,1.5250695,5.190094,3.6856968,2.9376676,2.6663165,2.838619,2.6152866,1.3624501,3.1621532,4.7039914,2.7291846,3.034504,4.524053,5.220877,3.282517,2.5000691,2.4764314,3.5052776,1.360722,4.114152,3.6940782,2.8841205,2.8983736,3.4969275,2.1570132,5.4969144,3.0662084,3.0355563,5.048149,3.48691,4.088793,3.6683817
1.0082867,3.0604167,2.100471,3.9535642,3.2088652,3.1332603,1.2070395,1.1579919,2.1692867,1.3209825,1.1736915,1.0673294,1.4634446,1.0243825,4.248404,1.1945828,2.8163917,2.5331843,3.4763136,1.3680214,1.1714218,2.4052083,2.6210918,2.253035,4.53852,1.7907932,4.8183484,0.9408245,1.0141175,1.3551422,1.3471011,2.67993,0.66094583,2.551662,0.773208,1.2924783,2.4101543,1.3140103,2.5864618,2.2922037,1.3722173,2.4791842,1.1043165,1.196322,2.2095885,3.4823947,2.7543263,1.1686311,2.0248935,2.2420084,1.1271751,2.9898658,2.2764375,1.8918654,2.0409045,3.6922863,1.5735391,1.4148743,3.6867914,3.043081,1.4753275,2.9318652,1.1721858,2.145721,1.4082991,2.487457,3.3935921,2.924658,2.0408804,1.4371365,5.15415,2.4964278,1.4363322,0.68630785,2.0387943,0.70745105,1.4952251,1.9296521,0.7745989,0.7338421,3.21952,1.7127692,0.97658885,3.8557355,1.6029496,4.1056356,0.68781126,3.1715732,1.4998232,1.1441547,1.1718955,2.9299407,3.0219188,0.6845782,1.2103875,1.6660917,1.1491508,2.4969707,2.431603,2.7976267,1.9663248,2.2795103,2.7139726,0.67679274,1.3320576,1.2374715,1.4370852,1.0423723,4.4193144,2.7139726,2.0548253,10.429296,3.0404508,2.3410287,0.82504624,1.2914671,1.7146479,2.282803,2.2447107,2.8663397,2.0854745,1.8113219,3.1056616,0.8233897,0.83316797,2.1091304,2.598811,2.8637812,2.010208,1.1321765,3.647225,1.394583,1.5360202,1.6060271,1.0534278,0.60789454,1.2075802,0.6617049,2.42015,1.7661611,2.6429756,0.8951045,2.1156175,1.4396439,2.102989,1.6930774,0.8389233,1.5015951,1.1325461,1.7878629,0.90667164,3.9790618,1.6516479,1.2683272,2.7924402,0.9784423,1.1664155,2.6783166,4.286206,2.8681166,3.382429,2.4690924,0.81984514,2.5200393,2.1135025,1.4751014,3.6360943,1.0489397,4.3144116,2.5067387,0.71215254,1.7416064,0.99252486,1.0036476,1.2089907,2.4091024,0.8581368,2.1777098,2.1276484,1.0043374,1.526625,2.6795986,1.5388137,2.6704476,2.2809234,1.2527297,0.7280456,3.5372558,2.1688516,2.1996846,1.3900295,2.6782215,1.0614302,1.7171558,4.7989173,1.217841,1.4082959,2.3829117,3.4251058,4.112439,0.86483586,1.2312869,2.320643,1.547965,1.7398615,4.0004463,2.2305262,2.220164,2.254387,2.6014926,1.8167263,2.0132263,1.7771794,1.9220217,1.8517716,1.4581012,1.716937,2.1219745,2.731055,1.3663673,1.4197782,0.9846357,0.9876536,3.7910445,2.8838174,3.0161157,2.0413241,3.6968539,2.6221235,1.5834161,1.0787594,3.596866,0.90924907,2.8078365,2.401612,4.8413177,2.0064335,1.9006879,2.7202399,2.132962,4.8128414,1.4151767,3.9316962,2.5539572,2.8646698,2.3816507,2.1991901,2.1907141,3.4370232,0.7669418,0.9405463,1.9350839,2.5653298,3.7971556,3.7618601,3.4684324,2.9040523,3.2441595,1.0220041,2.3515463,1.7846091,4.3204913,2.0204802,2.7068822,1.535876,1.2898215,0.86120695,2.0353396,3.107209,3.2347448,1.3253785,2.8632035,3.1326709,4.0686126,2.448452,2.7921002,2.2330437,2.0239873,2.5519319,2.5362048,2.0333533,1.2055396,1.2950801,1.8167341,0.58567184,3.997913,1.5261085,1.9823674,3.923042,3.4334555,3.1209304,1.9941247
0.9865274,3.14361,1.87595,3.1339986,3.0853379,3.1157138,1.2542505,1.1603243,2.307393,1.3001146,1.1969929,1.0413921,1.3762392,1.0051613,3.8428144,0.49097708,2.2842124,2.6618679,3.4907038,1.4733123,1.4607342,2.7683816,1.7507709,2.2290049,4.9810357,0.97700834,4.4493256,1.6227856,0.74841535,2.3877573,1.4236882,3.1449926,0.9576402,2.080487,0.82382953,1.4706931,2.7069921,1.5468941,3.6670759,1.3323461,0.7396254,1.406041,1.1704874,0.9493784,2.1043575,3.8128622,2.9842358,1.5151818,0.9493065,2.4183872,1.1292582,2.022048,1.2381806,1.4066151,1.2086968,3.3342445,1.525153,1.94154,3.7615774,3.2174828,0.72154355,1.8593372,0.8265408,1.0081867,2.3179967,2.5890493,3.0347207,2.608603,2.5223355,1.4795402,4.542119,1.4796989,1.5086602,0.83598363,2.9514143,0.9460893,0.56941754,2.2558956,0.89919,0.9094787,3.460566,1.8750374,0.94198096,3.4863825,0.6696488,3.4582787,0.95584166,2.6362743,1.5009301,0.42456734,1.2755804,2.5068088,2.6206915,0.9582546,1.263682,2.651809,1.9765135,2.0716152,1.6565183,2.5304592,2.0120943,1.9779346,2.8473713,1.0576733,0.9544024,0.7309909,1.5145197,0.49259648,3.8713784,2.8473713,2.0745857,9.824337,3.0988898,1.749605,0.6164362,0.6385422,0.6827024,1.3290457,2.0615902,1.8582217,0.83970827,0.6854345,2.1840878,0.89010346,0.87317634,1.0239826,3.155735,2.9193969,2.4279282,1.1612141,3.7441046,1.5100622,1.5276612,0.7505679,1.037212,0.9351069,1.2321681,1.3402238,2.8468819,2.2103713,3.0265508,0.9891289,1.9670395,1.468437,1.0183388,2.3057897,1.6154165,1.4795595,0.9899994,1.451029,0.9399309,3.1698267,0.842143,0.44334692,2.4496868,1.5548697,0.50642985,3.077389,4.4496527,2.9692197,3.7482085,2.5280867,0.7168691,2.3437042,1.8361422,1.8999958,2.5856168,1.1445262,3.8326287,2.7437916,0.9298826,1.4163138,0.7823193,1.0146302,1.4061226,3.101964,0.8816292,2.2173526,2.2906358,0.9903199,1.5064551,2.70778,1.5385072,1.768862,1.9918047,0.2894543,0.9375153,2.900511,1.3132805,1.1816696,1.120704,1.8400543,0.76505953,0.6566118,3.8706398,2.243694,1.4440073,2.161586,3.6151664,4.2447214,1.5541806,1.0324712,2.0080845,1.6529424,1.3940799,3.7521257,2.8050818,1.1080455,1.3459663,2.9830039,0.6966771,3.2297394,0.9534569,1.051919,0.7240136,1.6427205,2.330574,1.1676254,2.5304644,1.4175142,0.25884145,0.8605191,1.3076693,3.6206288,2.218965,3.0665116,2.4422178,3.7587814,2.3420348,1.7369345,1.1773226,2.6430576,0.76936907,2.1454263,3.1490035,4.5077105,2.868585,3.119298,2.214221,2.5541053,4.2439094,1.5304027,4.088701,1.5828245,3.2040036,1.308454,2.464916,2.8795304,2.783145,0.7251274,0.46726298,1.3309796,1.6192341,3.1656578,2.8184118,3.4666116,3.0592387,2.9285653,1.0636584,1.4187273,2.3486185,3.551457,1.1611167,2.866424,1.3958751,1.1785307,0.69169945,2.6307955,3.0053854,2.404212,1.4190966,2.7959483,2.4345303,3.4242747,2.0109317,2.898944,2.033714,1.0270594,3.7629838,1.5863657,0.9959891,0.42556858,1.4075799,0.8232962,1.0598677,2.971589,1.5567521,1.2500207,3.206696,3.343689,2.8808942,1.0639275
0.9676546,2.4817858,2.2869048,4.2676387,3.3832998,3.137016,0.90220296,0.9213924,1.6843948,1.3805784,0.9688576,0.87719417,2.2922857,0.89748263,4.5165777,1.7221794,3.0989985,2.7016656,3.5116324,2.1423402,0.6110766,1.8190296,3.012127,3.055704,4.7587423,1.7641705,5.328929,1.8149534,1.0645643,1.6855758,0.82132417,2.2329116,0.88962775,3.160887,1.0264609,1.8252566,1.862803,0.7244541,3.0881197,2.4662995,1.3573705,2.95106,0.8818802,1.0696236,2.966665,3.0153124,2.2176435,0.5866011,2.1605158,1.7637265,0.94186294,3.3536704,2.588407,2.080148,1.8989555,3.9255419,1.0978221,0.84080476,3.6701097,3.3296518,1.6113855,3.1165545,1.7609072,2.6496718,1.9746141,3.2522902,3.3003569,2.5013423,1.4225283,0.89677525,5.5339217,2.8565001,0.85217154,1.3531524,2.1774774,0.9227826,1.6492866,1.3034061,0.9425423,0.9356041,2.7021933,1.1246467,0.9711801,4.104966,1.6449856,3.8300867,0.88044566,3.6932456,2.3274443,1.4335104,1.944251,2.5572138,2.636192,0.88554883,0.95737696,1.9301503,1.1257511,2.9362898,3.0064368,3.5105429,1.4606806,1.9703034,2.2308347,0.9676247,1.162414,1.2418537,0.8445319,1.479549,4.1057196,2.2308347,1.4539267,10.75329,3.2069323,2.0913522,1.4212604,1.3554891,1.8773348,2.2308893,1.812014,2.9264975,2.4705482,2.078962,3.3880064,0.95820034,0.9923695,2.2338006,2.9585083,3.4835145,1.5283847,1.2109663,3.6678588,0.79847443,0.9936888,1.6773897,0.9309144,0.949468,0.9448005,1.425611,2.2190623,1.231319,2.8919337,0.8624224,2.8560734,0.9773423,2.1864676,2.3827877,0.2923524,1.0313833,1.8896455,1.4385748,0.9072457,4.3038564,1.6472783,1.5190295,2.372648,0.46538433,1.548852,2.7486973,4.14257,2.6989238,3.4769628,2.9828348,1.043801,3.2469566,2.841261,1.6092979,3.6086905,1.865038,4.6079826,2.693777,0.9114438,2.3886125,1.0427606,0.85543734,1.1352746,2.7906425,0.97922075,1.5856451,2.4974966,0.9092943,1.0109178,2.132529,0.9817893,3.0422378,2.6230137,1.597316,0.895642,3.447157,2.0325916,2.662543,1.5153022,2.863356,1.0872371,1.9401772,4.627754,1.6645453,0.9083039,3.0206223,3.5749378,4.075079,1.6622164,1.2647636,3.0205245,1.777769,2.456678,4.203542,2.6648018,2.7467964,2.9327428,2.0476923,1.9441409,2.270893,1.7700907,1.8618145,2.0024486,2.3102741,1.2741429,2.540011,3.084835,0.8942743,1.8124516,1.1408184,0.92537403,3.620395,2.6487267,3.1728086,2.5656223,3.6213818,2.2073667,1.1417137,0.8582771,3.4767323,1.5855037,3.0300696,2.805404,5.370903,2.1081483,2.1949708,3.4146228,2.0911827,5.1818385,0.8135272,4.017898,3.1719105,3.3441398,2.9570496,1.6388611,2.4616406,3.124471,1.5149325,1.5395931,1.7057135,2.8979795,3.5005538,3.631897,3.589149,2.422958,3.6935387,0.88867205,2.820465,2.6551385,4.6231875,1.9074614,2.5768592,2.0684597,1.4619106,1.045279,2.6122048,3.8209178,3.0195436,0.94765764,3.0939825,3.3217216,3.7873926,2.5163524,3.139241,2.9511194,2.1884038,2.8214498,2.4737985,2.0680082,1.450574,0.758707,1.8801581,0.916803,3.9407415,0.9395416,2.6806505,4.0553756,4.054205,2.6759531,1.9412346
0.8828529,2.9255862,1.4607819,3.3308094,2.7894056,2.7481747,0.8599276,0.627553,1.9908154,0.6264228,0.7456809,0.66292095,1.4585217,0.6019613,3.7702856,1.2362641,2.1934679,2.3233082,3.195759,1.8332886,0.86469597,2.3792052,2.0802925,2.574188,5.0910697,1.269022,5.1044583,1.5198079,0.68979335,1.777485,0.97549826,2.7929206,0.71233994,2.2898014,0.7656473,0.8879021,2.254969,1.261424,3.2049422,1.7472197,0.95439255,2.417072,0.70970964,0.8506421,2.3954456,3.3971605,2.5805857,0.91881835,1.580779,2.0491102,0.691103,2.463584,1.7226272,1.3678204,1.583676,3.1590102,1.0781996,1.4409165,3.3532016,2.8944798,1.3224885,2.3768954,1.1160154,1.9763311,1.604726,2.935147,3.0469868,2.6450593,2.0143495,1.0452814,4.6332083,1.9748445,1.134545,0.5556643,2.4116242,0.78632236,1.2017102,1.8201263,0.5385919,0.53741354,3.0692859,1.6357597,0.5135017,3.3233178,1.2234671,3.8840983,0.62864983,2.8209836,1.5085407,0.7877004,1.6149044,2.6493742,2.752417,0.67688286,0.79196763,2.145585,1.7101947,1.984593,2.5550811,3.1706934,1.7554892,2.156642,2.5599754,0.93359786,0.9595109,0.8301365,1.1997598,0.72376966,4.214104,2.5599754,1.7494017,10.551667,2.58504,2.0469182,0.80325675,1.0163914,1.4317168,1.9651368,1.9908594,2.4729779,1.7694427,1.6308024,2.5221684,0.5314598,0.75592077,1.7760916,2.917356,3.3635688,1.9294072,0.44420815,3.3840914,1.1821017,1.1264293,1.1045693,0.6158607,0.6835909,0.72335327,0.9048631,2.0849226,1.7983407,2.6803236,0.7912166,2.506652,0.9725281,1.7460539,2.099947,1.0719279,1.0211182,1.0067121,1.4301167,0.636865,3.3671236,1.1227685,0.84882945,2.5065207,1.1671779,0.73234355,2.473691,4.064107,2.5208044,3.3464267,2.531288,0.4146224,2.5772297,2.0674012,1.1921532,3.3592484,1.4468229,3.7665308,2.2293253,0.5978672,2.0454078,0.57580554,0.67986065,0.5427743,2.6246727,0.59161925,1.9720814,2.20369,0.57791895,1.0833738,2.4118233,1.1523095,2.1071315,1.7367737,1.068752,0.5974419,3.076013,1.8147568,1.7539109,0.67096907,2.6755302,0.64480436,1.4842095,4.561484,1.8180397,0.97108275,2.315768,3.2614667,3.8798928,1.1186849,0.51725686,2.2439463,1.0833396,1.5000447,3.6155818,2.4743044,1.9087676,2.1268294,2.5214138,1.4666994,2.4963915,1.2515938,1.4188184,1.4137174,1.6336839,1.9378749,1.6112887,2.5083516,0.91133213,1.2008841,0.3194382,0.41742814,3.933968,2.6255658,2.8983295,2.0289586,3.3690023,2.3307347,1.3444903,0.54766303,3.3469687,0.91760904,2.1721945,2.6858501,5.147153,2.297097,2.4478114,2.95991,1.7356194,4.266435,1.2009925,3.751843,2.269834,3.2613866,2.2239244,2.01158,2.4247932,3.14823,0.85408765,0.9959229,1.5105666,1.9855502,3.567173,3.5048966,3.1906762,2.760887,2.9444308,0.60554314,1.8645505,2.1876187,3.7052217,1.5638952,2.3915055,1.0630883,0.58655345,0.75132287,2.508021,3.493845,2.9501488,1.0229352,2.4637206,2.4697373,3.8446488,2.0595899,2.831056,2.2810073,1.5323277,3.1449196,2.251046,1.5961609,0.8393038,0.9661479,1.3258919,0.81320584,3.7488732,1.2018366,1.8090372,3.2180219,3.8564763,2.8874164,1.5498446
0.90950793,2.951633,1.4383922,3.3320677,2.7069957,2.6808083,0.9273958,0.753451,2.0059805,0.7519914,0.8076271,0.7624348,1.3281718,0.6939181,3.6979845,1.210059,2.1694012,2.213834,3.110934,1.7426748,0.9713464,2.3894298,2.0595412,2.4357073,4.9882545,1.3449689,5.006264,1.415502,0.753154,1.6485497,1.0951903,2.7677927,0.69622415,2.1760683,0.7547561,0.8072067,2.264099,1.3338498,3.1106904,1.7667172,1.0376737,2.4212275,0.78067404,0.9223294,2.249145,3.3755414,2.5883536,1.0039673,1.6246767,2.0579472,0.76519984,2.448808,1.7459158,1.4827174,1.6748859,3.0997183,1.197563,1.4570683,3.2781537,2.7635963,1.3494803,2.403884,1.1424286,1.985353,1.5233593,2.804513,3.013196,2.6832526,2.0272043,1.1650661,4.5762577,1.9733263,1.2420683,0.52074397,2.2913263,0.7731068,1.2429521,1.8517904,0.5432878,0.53088385,3.0667758,1.6882006,0.5858696,3.263182,1.3133887,3.9184303,0.6178015,2.7227957,1.367441,0.8101941,1.5289522,2.6894503,2.7908442,0.6636055,0.8544262,2.0221095,1.6746604,1.9174671,2.5097654,3.0786493,1.793424,2.1851335,2.5641882,0.898404,1.0503082,0.9085451,1.2998819,0.69377947,4.240209,2.5641882,1.8170801,10.477399,2.5098999,2.0980058,0.7318127,1.0751046,1.4699788,2.0292535,2.0315328,2.4965572,1.7915218,1.6625879,2.5191667,0.5487388,0.75531626,1.8162519,2.769385,3.2572694,1.9212539,0.59118325,3.2963047,1.2778133,1.2445173,1.1716481,0.69519174,0.64576286,0.81429684,0.8548265,2.0437956,1.8038285,2.5430784,0.8220887,2.408088,1.0843316,1.8006843,1.9351256,1.1014565,1.1404796,0.93359447,1.50338,0.6781106,3.360379,1.2132841,0.8850763,2.5505064,1.2067887,0.72603554,2.3715377,3.9939847,2.4748342,3.228407,2.380557,0.47940707,2.4281232,1.9282756,1.0946928,3.4100876,1.3654919,3.7123456,2.1207054,0.58739996,1.9684198,0.6536696,0.7568054,0.65363073,2.4686024,0.6068193,2.0243113,2.0671978,0.66348,1.2054112,2.4445508,1.267628,2.099911,1.6726229,1.0825266,0.5944738,3.074948,1.8927585,1.7391981,0.7824443,2.6776233,0.72659755,1.5106378,4.6180143,1.6972374,1.0980824,2.1726146,3.146736,3.7957418,1.0392004,0.65106136,2.1067374,0.9983409,1.394751,3.52887,2.3157992,1.8944124,2.0776267,2.5212924,1.541875,2.3983636,1.3246158,1.5041729,1.4789478,1.4780257,1.9217353,1.6057396,2.3917425,1.0395375,1.209628,0.4534486,0.56420904,3.9124975,2.6689978,2.788831,1.8664652,3.3024323,2.3691196,1.3752846,0.6800526,3.4055436,0.911455,2.2445395,2.5288098,5.0452414,2.1785865,2.378458,2.8757224,1.686362,4.216055,1.2954483,3.6463795,2.2466445,3.1178617,2.2150533,2.0312212,2.2823606,3.1992533,0.76578027,0.96986973,1.5876446,1.9939559,3.6074016,3.5602238,3.0942786,2.760154,2.8296747,0.68151784,1.848579,2.0373626,3.6925685,1.6514746,2.334574,1.0140325,0.6892046,0.78598297,2.3558173,3.370862,3.011806,1.0766292,2.3708596,2.5390668,3.8801982,2.0171328,2.6941671,2.135396,1.5602145,3.0521927,2.309339,1.6659069,0.8750617,1.0815969,1.4018933,0.76856035,3.8023455,1.3095632,1.7289914,3.254809,3.7439165,2.9174006,1.6316158
1.0223148,1.7642363,1.7981784,3.8508155,2.5637574,2.1988962,0.669193,0.9072649,0.85216224,1.4941639,0.7043267,0.9185743,2.4441996,0.930178,3.7450726,1.9910948,2.6053069,1.9340822,2.5876026,2.6066945,0.7248261,1.2098485,2.6755657,3.211438,4.852236,1.5035938,5.293112,2.403516,1.1589845,1.8220087,0.7975523,1.7307204,1.1593901,2.8382008,1.2416475,1.9004027,1.0094162,0.89616793,3.770246,2.0574193,1.3195136,3.1687489,0.73794293,1.0035365,2.9490206,2.1924145,1.3423085,0.6139706,1.939959,0.8653051,0.78108376,2.9744682,2.382896,2.373991,1.6619095,3.1894484,0.79726934,0.6147365,2.7242265,2.6439588,1.63781,2.7084734,2.2972498,2.856108,2.4614244,3.5116608,2.3640027,1.7585245,0.8574781,0.7874426,4.9147,2.581732,0.7752835,1.7682995,2.0798767,1.1951777,1.632819,0.6712391,1.057658,1.0745305,1.837311,0.85909194,0.9738303,3.379676,1.7054605,3.2754683,1.0877684,3.2226243,2.449016,1.4804415,2.4059706,1.8795515,1.9486082,1.1141983,0.6419131,2.046815,1.6832143,2.5449119,3.2102783,3.8278675,0.7496268,1.5413541,1.3879117,1.3026232,1.1079389,1.2329237,0.82262856,1.5329427,3.479208,1.3879117,0.7442936,10.441836,2.4969602,1.6326585,1.6230516,1.4102151,1.8324612,2.0476735,1.1248726,2.4775841,2.507841,2.183084,2.9287467,1.0403372,1.1372277,2.072889,2.7158222,3.780716,0.75154763,1.3983718,2.7484381,0.8069004,0.7905317,1.51655,0.87608945,1.2158473,0.736486,2.0381105,1.4072953,0.80504084,2.3179224,1.0195711,3.1888466,0.70821184,2.0483668,2.4823608,1.045675,0.77979255,2.195467,1.0039628,0.9742874,3.8583183,1.5072184,1.5180023,1.669774,1.0526127,1.5495266,2.0050256,3.1788113,1.6943791,2.742678,2.601889,1.2526692,3.0881402,2.7096212,1.0983634,3.3511088,2.3531244,3.928752,1.9850159,1.0828964,2.672538,1.1267473,0.9187004,1.1393725,2.5225239,1.0387379,0.9394768,2.065006,0.9339612,0.80735815,1.2462978,0.7834403,2.7336152,2.150371,1.7393447,1.0624266,2.5848281,1.8263971,2.5268743,1.5524256,2.8424857,1.1492537,1.9328392,4.3008976,2.017146,0.82058203,2.7267387,2.7764256,3.1369672,2.224823,1.2837198,2.8236477,1.2983099,2.459795,3.3526602,2.4141078,2.756049,3.0587733,1.2906877,2.006989,2.6891146,1.5119965,1.6291575,1.9436996,2.4605675,1.1678438,2.375028,2.4366722,0.8206441,1.926099,1.2916813,1.2046549,3.3025794,2.1732984,2.4031587,2.2571054,2.6422145,1.4546057,0.39435127,0.9272002,3.2180657,2.0958202,3.0067358,2.6198819,5.356178,1.8952348,2.8730352,3.625229,1.4817212,4.599029,0.7925637,3.1597407,3.2547276,3.2496283,3.1434984,0.7670522,2.1553345,2.5732546,1.8261595,1.9014269,1.3206761,2.613502,2.9613144,3.3267734,2.7147768,1.576278,3.0959187,0.8509201,2.6624272,3.0032942,4.1049066,1.6773775,1.6056705,2.1123166,1.5626028,1.3126909,2.693859,3.9914923,2.6548078,0.5270717,2.3485951,3.2045157,3.233401,1.7320745,2.6007001,2.8115487,1.8760151,3.3634157,2.263714,1.8970664,1.4894757,0.7999993,1.7457693,1.2372254,3.698633,0.77436143,2.6984506,3.5911942,4.2238517,1.922484,1.7509589
0.89809924,2.5112164,2.3204663,4.0783005,3.5485814,3.325513,0.83848655,0.77746564,1.7733947,1.2954812,0.9325156,0.7220938,2.4030151,0.77895415,4.5793304,1.5786554,3.043613,2.9712024,3.7337344,2.2263234,0.58030283,2.0117798,2.8495827,3.2116902,5.049685,1.4291539,5.3383536,2.0515358,0.8868738,2.2365034,0.5990478,2.5154235,0.9707185,3.2144454,1.0226823,1.9651713,2.0485985,0.622049,3.5515873,2.2156947,1.037626,2.6270065,0.8378871,0.862794,3.1256804,3.259595,2.3730464,0.65550965,1.824717,1.8906071,0.8727286,3.1492643,2.3217754,1.7804923,1.4729383,3.9844432,0.88908553,1.1370146,3.909404,3.6428418,1.3393363,2.8080397,1.5990818,2.3423758,2.3490908,3.4274356,3.304175,2.345545,1.6888436,0.6659718,5.5024476,2.6271307,0.622829,1.3790386,2.7244358,0.9774467,1.3484654,1.4515092,0.973513,0.98955506,2.8788512,1.0866545,0.90204084,4.161784,1.2242426,3.5475028,0.95995235,3.7240677,2.4744804,1.2536027,2.0178566,2.3521483,2.4425414,0.96439123,0.93352234,2.4726849,1.4781556,2.956905,2.8270295,3.516485,1.4482391,1.798258,2.3391151,1.0864908,0.85383105,0.97379357,0.6040889,1.3978764,3.8796468,2.3391151,1.3724891,10.659767,3.4230218,1.7923887,1.4264498,1.0598927,1.5475411,1.8087864,1.6921356,2.606159,2.1425443,1.7308692,3.1804385,0.9637798,0.98358655,1.8727287,3.3852034,3.607686,1.8010937,1.1317406,3.9272752,0.5893601,0.7505724,1.3696816,0.845179,1.0538852,0.8673098,1.592582,2.5489888,1.4756033,3.2747092,0.82488465,2.9038262,0.8263465,1.7925774,2.768672,0.75313795,0.82992727,1.9096355,1.1773316,0.86508846,4.130945,1.293238,1.3012806,2.1896217,0.68679845,1.4283555,3.1218283,4.4093122,2.9039593,3.8587573,3.2368374,0.9546922,3.4070857,2.9541929,1.9342772,3.1673124,1.9245361,4.619131,3.0003207,0.9773411,2.365523,0.8871509,0.74243253,1.166815,3.279208,0.970425,1.531083,2.7700598,0.81039035,0.7712247,2.1478412,0.73733693,2.8511152,2.6823895,1.370838,0.95401394,3.3028455,1.6001676,2.457163,1.3667274,2.5691454,0.8900775,1.6280512,4.192236,2.1573074,0.68363315,3.1706636,3.8906577,4.347228,1.8796701,1.1153361,3.130315,1.9621357,2.5002418,4.3379426,3.0991518,2.5068517,2.768975,2.282092,1.5176125,2.8637366,1.443591,1.4736463,1.6237264,2.5188594,1.6129649,2.3419385,3.2423828,0.69367075,1.5701154,1.0321788,0.95431215,3.5823426,2.3399096,3.418566,2.9293876,3.845184,2.0661516,1.2098491,0.7629004,3.0334277,1.5126843,2.7654934,3.3077703,5.395842,2.6452289,2.7150152,3.3577027,2.4072657,5.154708,0.6139644,4.319351,2.958999,3.6647549,2.68492,1.7931527,2.9413202,2.807326,1.5564662,1.4381447,1.3683802,2.6732576,3.2086942,3.2015643,3.8174682,2.5510602,3.8183298,0.8301367,2.6343074,2.973478,4.4735184,1.4886547,2.8159468,2.1047902,1.3778101,0.90876925,3.0009925,3.9364429,2.612031,0.9340146,3.2819328,3.051927,3.5031214,2.502702,3.414455,3.0946646,1.9135556,3.385365,2.0538306,1.6668489,1.2341998,0.5445314,1.5067111,1.0783505,3.489178,0.70111644,2.6109626,3.8452222,4.156839,2.565504,1.525533
1.2485207,3.200347,1.613327,3.2845078,3.1365929,3.1169205,1.142372,0.7645108,2.3145437,0.36664614,1.0551131,0.8943011,1.8038443,0.8734626,4.03285,1.5256468,2.2815144,2.8076835,3.62288,2.1908998,1.0095944,2.704605,2.1812885,3.0189264,5.5924163,1.3488778,5.532961,1.8633364,0.978902,2.2821221,1.0553837,3.1963024,1.1620456,2.6408448,1.1899949,1.0969377,2.5729065,1.4724382,3.4638999,1.8724738,1.0970538,2.5044606,1.0116584,1.1043022,2.8693225,3.765903,2.8930404,1.127334,1.6873577,2.3797944,0.9841085,2.5562804,1.738975,0.9051396,1.6079928,3.3762329,1.1146953,1.7830848,3.7334995,3.3850298,1.5706924,2.4168682,1.0811803,2.0234523,1.7722784,3.3758957,3.3989527,2.8757205,2.333364,1.1090534,4.773779,2.0519786,1.2422726,0.81991047,2.9356632,1.2191466,1.3961453,2.107124,0.9973258,1.0112724,3.3968246,1.8861876,0.85623914,3.5314357,1.2458184,4.0833235,1.0913154,3.1300032,1.8785254,1.0672282,1.9744148,2.8693998,2.977096,1.1329689,1.0907356,2.6606054,2.0939467,2.177839,2.8050246,3.5128791,2.0341475,2.437923,2.8928764,1.3783848,1.1238289,1.0255657,1.329185,1.0920935,4.444422,2.8928764,1.9307652,10.941529,2.8605702,2.2380397,1.235003,1.2221638,1.5990499,2.0541263,2.2452505,2.6318145,1.8284177,1.7614137,2.5884712,0.97293645,1.1782259,1.905812,3.4946485,3.7890608,2.301078,0.2687886,3.8110979,1.3296524,1.1815501,1.2166264,0.9159544,1.1610031,0.9526811,1.0865809,2.3963027,2.1554,3.2307675,1.1612159,2.8757243,1.0672245,1.8338615,2.634901,1.3679314,1.0737458,1.2118547,1.608,1.0176705,3.3520312,1.1596186,1.0710474,2.7236621,1.4496797,1.0340481,2.911104,4.4785423,2.8865905,3.8610952,3.078096,0.76603115,3.0411222,2.491518,1.6552536,3.430203,1.7731156,3.9282305,2.6594884,1.065801,2.4071734,0.86282724,0.97267246,0.57351464,3.16944,1.0226196,2.2003472,2.7686327,0.87396204,1.1223958,2.6631467,1.2185899,2.1569147,1.9652815,1.3110644,1.056595,3.3134263,1.8839921,1.8560674,0.49572122,2.9078515,0.893892,1.6695678,4.636386,2.3086827,1.0102099,2.782763,3.7413592,4.3087463,1.3215181,0.50385267,2.6666663,1.4869685,1.7719079,3.9754453,3.0439122,2.0054288,2.2893314,2.857277,1.4737473,2.8379273,1.3372587,1.4510422,1.4448236,2.0697217,2.3305879,1.6902224,2.9769616,0.9544165,1.4044691,0.50952566,0.4169408,4.3120217,2.8148363,3.4083538,2.5346653,3.7487197,2.5698404,1.6633372,0.69397235,3.4218667,1.0293113,1.8439757,3.2315369,5.58004,2.8230426,2.6793892,3.2845573,2.011962,4.371979,1.3509356,4.217764,2.3067315,3.8233745,2.284466,2.3116672,2.984523,3.3052382,1.2500529,1.2796047,1.6342883,2.0048232,3.7555172,3.5913522,3.6244915,3.1003542,3.3350174,0.9212096,1.9302135,2.5778217,3.7135642,1.5963622,2.7839286,1.163709,0.423493,1.0731165,3.0568173,3.929729,3.0509362,1.31738,2.828351,2.1636863,4.041265,2.425915,3.385636,2.747102,1.6769415,3.4658654,2.3510249,1.6435996,1.0816722,1.0681356,1.3594986,1.2861483,3.8125782,1.2983884,2.063782,3.0779037,4.2972984,3.1425064,1.5882698
4.8184175,5.462653,3.1680331,1.9630506,2.578398,3.160161,4.6829524,4.612037,4.90176,4.3554797,4.5430737,4.697125,4.22709,4.6511364,1.3955998,4.7941823,2.3967402,3.6181,3.4201658,5.3764358,4.944353,5.472574,2.8595622,4.9979005,7.8833814,4.185672,6.580157,5.380253,4.655059,5.2880974,4.8858395,5.7672467,4.8756814,3.0646765,4.8166504,4.0597353,5.05103,5.2760806,6.89331,3.4685533,4.5260177,4.944056,4.632637,4.6519127,4.4795074,5.43977,5.06896,4.9618406,4.069553,4.8413267,4.5747538,2.7369993,3.475518,4.513415,4.43053,1.6341761,4.654913,5.2485504,3.3243213,3.5244186,4.7302713,3.2081828,4.9285307,4.5824347,5.167146,5.6029196,3.6481152,4.8287683,5.3672,4.861642,0.6214097,3.215256,4.9835234,4.677583,5.526576,4.91204,4.5126524,5.193495,4.6586976,4.677166,5.235387,5.27356,4.5531983,1.4623324,4.598724,5.3851466,4.790931,2.4225576,4.1953006,4.4141054,5.2622523,4.806469,4.8684497,4.829724,4.5601664,5.5805755,5.8861732,2.6764698,5.124935,5.802242,4.9056807,5.0684137,5.045365,5.042481,4.672096,4.5486627,5.07482,4.3369617,5.5610113,5.045365,4.887968,10.431165,2.753629,4.674025,4.590435,4.66552,4.491861,4.624238,4.8050942,3.945548,4.2379737,4.690498,2.5447729,4.6255703,4.777903,4.3463907,5.233037,6.223397,5.037324,4.471445,3.5355675,5.0945306,4.8277655,4.2195315,4.5934496,4.8350863,4.562684,5.042252,4.097609,5.3242636,4.325316,4.861996,5.463249,4.678969,4.393994,5.0121245,5.4134607,4.683454,4.425358,4.6493163,4.694516,1.812362,4.285888,4.3299375,4.817357,5.432998,4.2159853,3.855681,4.28261,3.768609,4.3864284,4.1006856,4.613329,4.0128217,3.8095286,4.0845118,4.9758425,5.1560626,0.8654612,3.4536037,4.7394457,5.1986203,4.5942717,4.7348228,4.4191313,4.829481,4.6309996,5.0885205,4.326561,4.629514,4.7747707,4.8799644,4.863356,2.8955715,2.8640845,4.5969586,4.7425423,3.3696325,4.6314816,3.5206757,4.1950245,5.2277346,4.5883627,4.529536,5.89539,5.5777683,4.8016086,3.633397,3.6953456,3.8859758,5.0186486,4.3337536,3.6549454,3.7217848,3.756179,2.3169298,4.7870708,3.9347703,4.2360315,5.3100333,4.5630283,6.098603,4.160004,4.26347,4.2711616,4.454004,5.6396604,3.4582448,3.230283,4.770253,4.4823704,4.4669785,4.6820393,6.33494,4.8329353,3.890501,3.9681969,3.5044677,4.719055,4.75313,4.648549,5.218954,4.8623276,3.6651015,5.051485,6.65756,5.297836,6.389852,5.3110986,3.9008927,0.6588155,5.0922604,3.7976227,3.9212315,5.5782375,4.4903593,4.966675,4.942654,4.987152,4.662764,4.81098,4.459386,3.0764937,5.281434,5.2200317,3.2192333,5.112377,2.5433013,4.6215043,3.3063018,5.147049,1.3974164,4.400552,3.816084,3.8542411,4.258384,4.831654,5.4037952,5.7425017,4.996851,4.711861,2.755627,3.4249601,5.3729515,3.4751177,4.2090716,4.0310025,3.8225353,6.84748,4.7233486,4.292344,4.427759,4.938292,4.231742,4.964189,5.314592,4.955848,3.9078977,2.2834444,6.199798,5.0155153,4.3808694
0.98886365,3.0597486,1.8267772,3.1492624,3.197696,3.182498,1.0974221,0.887956,2.2371225,0.99984974,1.0503292,0.83865356,1.7342926,0.8275899,3.9841917,0.9477219,2.3033984,2.8346577,3.6213143,1.8838412,1.2020332,2.6966789,1.8867531,2.7182415,5.3209066,0.82816887,4.9233303,1.8924648,0.6721151,2.5418465,1.1263583,3.1642716,1.0299423,2.4266622,0.93751997,1.500614,2.6165326,1.3838484,3.8161988,1.3906283,0.57709366,1.7376169,1.0130666,0.8216469,2.5845592,3.7916965,2.901615,1.296701,1.0029185,2.348016,0.96764493,2.1692166,1.2968408,1.0730456,1.0217797,3.4153728,1.2056735,1.8566171,3.8363078,3.4418342,0.8939036,1.9054239,0.90162975,1.3203677,2.3464162,3.0651581,3.1308534,2.5422084,2.4244335,1.1732686,4.6813955,1.6169007,1.2375098,0.9184633,3.120361,1.0348566,0.687083,2.132599,0.9088536,0.9348726,3.4003952,1.7510339,0.81517875,3.571614,0.48631608,3.490384,0.9980487,2.926436,1.850549,0.56863546,1.6737531,2.459078,2.5749943,1.0155573,1.1081419,2.8369052,2.0689259,2.2005646,2.1132312,3.0116644,1.9057214,1.9917203,2.801371,1.1976433,0.7627909,0.593108,1.2683338,0.7406069,3.9056404,2.801371,1.8766091,10.225395,3.134451,1.7108998,0.9426954,0.625961,0.83442956,1.3184929,1.9777024,1.9645139,1.0865916,0.93794715,2.2627625,0.8784506,0.9449482,1.1390117,3.4698195,3.3738205,2.3734975,0.87676686,3.8642752,1.2770798,1.2181995,0.65025055,0.8797453,1.0429405,1.019954,1.3984705,2.7728307,2.1574402,3.2685974,0.9701704,2.4443164,1.178861,1.0641111,2.65388,1.5205374,1.1669729,1.2131279,1.2923901,0.8851158,3.2074273,0.6228353,0.5270845,2.373378,1.4650881,0.67675775,3.1623344,4.528705,2.976531,3.9354513,2.9081671,0.6499153,2.7978148,2.2647898,1.9376209,2.65051,1.5196236,3.9254239,2.858118,0.9701871,1.8904328,0.65950066,0.8707951,1.1467754,3.3473349,0.883205,2.0736337,2.6135335,0.82974374,1.186171,2.5868878,1.2372355,1.8663347,2.0686936,0.6439418,0.9635096,2.9463928,1.2167456,1.4017661,0.839713,2.1183984,0.6252784,0.89261955,3.8983502,2.4468815,1.1218413,2.5681007,3.7995298,4.358329,1.6558479,0.7457157,2.4304569,1.6956791,1.6943601,3.919048,3.100318,1.4208637,1.7617177,2.9117258,0.6496037,3.3055515,0.816281,0.8758402,0.6967851,2.0241897,2.3346968,1.3144611,2.8122497,1.0973315,0.69490105,0.65573496,1.0399728,3.8022308,2.225494,3.2978935,2.694291,3.8214295,2.267497,1.6318319,0.9098948,2.6694648,0.9149039,1.9317546,3.4047692,4.986927,3.0203362,3.1591234,2.7106373,2.4791427,4.347284,1.2990131,4.2585716,1.8589783,3.6095123,1.6440352,2.3538244,3.1067686,2.7504983,1.0530814,0.84412307,1.1789398,1.6807958,3.176117,2.849656,3.6263957,3.0204754,3.2082303,0.9123516,1.5876687,2.6808705,3.5916288,0.9915763,2.8923988,1.4342501,0.9309239,0.7307146,2.9934545,3.5052571,2.3817756,1.2794979,2.92125,2.2270813,3.4516094,2.1441634,3.2279563,2.4877372,1.0993687,3.868218,1.6064266,0.9343772,0.52700335,1.1258577,0.7004016,1.1800052,3.0302486,1.2795401,1.671947,3.0788128,3.8266182,2.8307197,0.93018603
1.5339372,2.7727065,3.0474374,4.1017647,3.8181357,3.6692173,1.8781791,2.0554764,2.3102849,2.5845246,1.9496598,1.8424554,2.5818398,1.8568351,4.556853,1.3158761,3.390661,3.212835,3.8650873,1.9714037,2.1407263,2.6457767,2.7429345,2.6506057,4.3591876,1.6321888,3.748545,2.4976377,1.6058446,3.049668,2.0344737,2.903989,1.711869,2.9674168,1.5762535,2.8838341,2.7682865,1.7775426,4.410299,2.0144532,1.4977111,1.4825981,1.9232746,1.603481,2.6210923,3.6825154,2.9513125,2.1360214,1.4688996,2.478842,1.9170607,2.813636,2.242515,2.7094107,1.4810908,4.2036133,2.1757162,2.2029006,4.258256,3.8126285,0.9646933,2.3861122,2.1213443,1.6772496,3.5611007,2.784245,3.0022764,2.1956773,2.6169508,2.0623205,5.3653574,2.3844705,1.9602464,2.1843739,3.337068,1.6351843,1.1931336,2.3502843,1.8042086,1.8161715,3.3442376,1.8468981,1.882712,4.365338,1.3514501,2.4661582,1.7713174,3.4391897,2.684991,1.5666647,1.8707982,2.0038354,2.0869646,1.7352626,1.9841495,3.102371,2.1166527,3.2475388,1.5125036,2.4518118,2.0351782,1.400058,2.685984,1.6368303,1.5510186,1.5550718,1.8691202,1.72611,2.904682,2.685984,2.212278,8.82372,4.0865407,1.3675934,1.7073743,1.290685,1.076068,1.043494,1.8911675,1.6726475,1.5702243,0.9598422,2.9719226,1.8047092,1.5959582,1.1295788,3.3782585,2.6611648,2.596074,2.422678,4.149718,1.8666303,2.069784,1.5913132,1.8808681,1.7533847,2.0310295,2.576268,3.6074276,2.261292,3.4457204,1.6196018,2.129482,2.1449594,1.1667861,2.9393375,2.1306262,2.1427016,2.4004865,1.6320604,1.7385075,4.114026,1.6520159,1.5870488,2.05146,1.9113336,1.7930104,3.7869964,4.637565,3.4042923,4.078754,2.9396372,1.8302948,2.9567313,2.6768646,2.826708,1.7348977,1.9528807,4.717636,3.5542045,1.7795246,1.5435919,1.7381707,1.7716384,2.5615845,3.707503,1.7517712,2.133766,2.6035993,1.8609928,2.1058247,2.6426322,2.0432687,2.7833726,3.1456895,1.288537,1.7786386,2.8764873,1.1877477,2.2308002,2.430299,0.6567794,1.688827,1.0139704,2.768975,2.7740943,2.1120205,2.8447692,4.0713544,4.5400224,2.8045874,2.2271075,2.7958746,2.7163177,2.6828573,4.289664,3.298779,2.015549,2.169583,2.9662929,1.2740837,4.008383,1.6422124,1.576166,1.4652594,2.6586936,2.3169034,2.3046708,3.0373235,2.1341445,1.3315158,2.0862813,2.4488194,2.463298,1.4862986,3.2951946,3.3424096,4.1613083,2.0679126,2.0553885,2.1188667,1.6575406,2.084371,3.4088387,3.7238204,3.8442397,3.2960784,3.9365451,2.1724138,3.5480456,5.182987,1.8749158,4.4458942,2.572176,3.1622503,1.9748424,2.5888844,3.3361995,2.008168,1.8978343,1.5723928,1.533555,2.630286,2.216552,1.829678,3.921702,2.8747928,3.6280668,1.8997749,2.5354135,3.2868497,4.4524875,1.4615492,3.3427544,2.8568351,2.5223122,1.5087312,2.9588861,2.9375033,1.5615036,1.9230379,3.6210253,3.633744,2.4395044,2.3332918,3.1261995,2.6784534,1.6859109,4.394493,1.0153185,1.3843105,1.5196866,1.9972795,1.5477647,1.7572933,1.9946995,1.9763397,2.270275,4.20193,2.9942105,2.3940446,1.4027542
0.875035,2.9514759,1.7103406,3.596498,2.9298725,2.8701696,0.9549647,0.8201016,2.0236263,0.91797584,0.8770366,0.7870892,1.4171361,0.73125225,3.9492915,1.1920084,2.446061,2.3602097,3.2724342,1.6268353,0.9365197,2.3466105,2.3060734,2.4186928,4.843111,1.4868019,4.9817047,1.2576841,0.77975553,1.5361674,1.0933797,2.7023935,0.59580433,2.3736145,0.6920957,1.0030979,2.274448,1.23605,2.9204874,1.9769825,1.1137232,2.4506238,0.82191676,0.95764995,2.2881,3.3909535,2.612333,0.9602455,1.767928,2.086205,0.8274196,2.686567,1.9619324,1.5946695,1.7762233,3.361116,1.261875,1.3680617,3.4515927,2.9075105,1.3655821,2.6180515,1.1158649,2.0512393,1.4592594,2.7338548,3.1676135,2.7431874,1.9739687,1.1757423,4.8417554,2.196955,1.2226878,0.5195662,2.1985238,0.6708969,1.309488,1.8183191,0.54442775,0.5178729,3.092729,1.627702,0.6588519,3.5257878,1.3791392,3.9739728,0.54967004,2.947661,1.4582762,0.90713435,1.413749,2.7517743,2.849811,0.5814948,0.9186753,1.892581,1.4479173,2.1800427,2.5036018,3.0130727,1.8054137,2.1861036,2.5865176,0.75851613,1.0900992,0.9769833,1.2598699,0.81279457,4.293785,2.5865176,1.8445019,10.504159,2.7364187,2.158268,0.7447052,1.1068188,1.5417472,2.099007,2.069763,2.63916,1.9055649,1.7026407,2.7700713,0.57116395,0.7124307,1.915072,2.7374349,3.1484926,1.9085506,0.73262435,3.451244,1.2287902,1.2684534,1.3111895,0.75171363,0.5489451,0.88717026,0.7315637,2.168881,1.7325412,2.609619,0.76396364,2.3352585,1.1364738,1.897174,1.8838066,0.9026898,1.1957427,1.0127314,1.55772,0.6794492,3.6265883,1.3451117,1.0060501,2.6082475,1.0290147,0.88700277,2.500976,4.1154385,2.6229665,3.3101077,2.461896,0.5245461,2.5217102,2.0527477,1.2337682,3.4861507,1.2597884,3.98109,2.291149,0.5430897,1.9068683,0.7080348,0.75869215,0.8020159,2.4750714,0.62581366,2.024753,2.1222446,0.7069522,1.2415931,2.4912686,1.2833462,2.3459156,1.940352,1.1206269,0.55189335,3.2582014,1.9620628,1.9400883,0.9838079,2.6771166,0.7839293,1.5725847,4.6726356,1.5263532,1.1229912,2.3077435,3.2823737,3.9349627,0.9503295,0.8259958,2.244123,1.2248595,1.5677377,3.7469614,2.3171413,2.0395699,2.1755612,2.50901,1.61555,2.2431579,1.4710313,1.6317755,1.6007588,1.5130866,1.7957659,1.8257356,2.563733,1.0701531,1.2759384,0.5977816,0.6159027,3.8604379,2.727172,2.903767,1.9717382,3.4659224,2.4308183,1.3942676,0.7347401,3.4606638,0.8708725,2.4507418,2.5099986,5.01584,2.1131454,2.1803758,2.8568444,1.8445655,4.485424,1.2486843,3.7827728,2.391072,3.0645099,2.2945232,2.04434,2.2669268,3.2653713,0.75144666,0.9331546,1.6783543,2.234233,3.6597555,3.6211298,3.2661164,2.7829792,3.0399137,0.7262863,2.0689516,1.9832402,3.9637418,1.7562486,2.476259,1.2319145,0.8856045,0.7368624,2.273337,3.3221972,3.0723104,1.0983925,2.5920205,2.760299,3.935444,2.1962345,2.770851,2.227458,1.7373832,2.860195,2.372696,1.7825658,0.9681632,1.0616739,1.5346417,0.63085485,3.8656306,1.3031787,1.8643547,3.519965,3.6725855,2.964181,1.7376862
3.1416051,4.3189034,2.122504,2.0407343,1.8396934,2.4130332,3.2074003,3.2064497,3.5987546,3.0856013,3.0736718,3.1920154,2.2155423,3.1294315,1.6493003,2.8422582,1.6196003,2.226751,2.5856555,3.2077007,3.5417895,4.1473894,1.4709712,2.6703186,5.7593045,2.7823908,4.4336753,3.36247,3.028055,3.5085478,3.5246766,4.3254633,3.1224482,0.8471802,3.0429406,2.5558572,3.8621607,3.743687,5.0190763,2.088469,2.982075,3.0356653,3.1432517,3.0965192,2.1614027,4.4232383,3.9722834,3.537772,2.5457902,3.5893123,3.0918503,1.4615928,2.0806851,3.3092997,3.0847018,1.6126227,3.418989,3.7384584,2.8298779,2.1898217,2.9685593,2.099762,3.1832626,2.7494211,3.6056073,3.2664642,2.7013378,3.6935234,4.0193443,3.5366893,2.137738,1.7654581,3.6089559,2.944797,3.7908118,3.1415591,2.8243701,3.8511932,2.9858441,2.9896126,4.23135,3.802919,3.0033264,1.6425698,3.051982,4.269953,3.0746448,0.19877093,2.1818006,2.708668,3.1398726,3.622922,3.7030427,3.095916,3.1121974,3.7399971,4.018485,1.3365749,2.9736147,3.4777503,3.5597975,3.55112,3.8529527,3.2112098,3.158889,2.9793503,3.6589117,2.5667326,4.5289345,3.8529527,3.6812458,9.128175,2.2088954,3.278584,2.7066102,3.0087764,2.7988605,3.1325476,3.492733,2.5788937,2.5223055,2.907811,1.5873332,2.9737508,3.042919,2.7386377,3.3189595,3.8857565,3.6917756,3.1050477,2.812081,3.659484,3.5362086,2.7179523,3.0791407,3.0585792,3.1501915,3.3002813,3.2142472,3.8352382,2.720905,3.1881056,3.168589,3.384569,2.840711,2.9306397,3.7836232,3.4138064,2.6169214,3.2691822,3.0692723,1.9046595,2.8590455,2.670426,3.644182,3.787321,2.5129545,2.7829185,3.7522333,2.9058592,3.173855,2.0340145,2.9762828,1.7018937,1.5563854,2.65229,3.6739926,3.086527,1.7394991,2.2732182,3.0318794,2.992328,3.0058246,3.1766284,3.1310267,3.1200533,2.9698176,3.8099341,2.3829596,3.0974023,3.4979782,3.816282,3.5596294,1.6298655,1.6247219,2.792833,3.046016,2.623841,3.2029698,1.8556043,2.889703,3.3488443,3.0095153,2.7741907,4.817129,3.6467276,3.490615,1.3862703,2.6391273,3.308811,3.259346,2.9615285,1.369031,2.2953744,1.859113,1.9084334,2.9101675,2.134324,2.222515,4.105417,2.9858973,4.439693,2.7469308,2.894222,2.7388692,2.3590899,4.017992,1.9022003,1.4794197,3.4544466,2.6654716,2.960055,3.2954738,4.65247,3.490713,2.444531,2.2192109,2.9809206,3.5246763,3.348857,3.232903,3.916978,3.0674946,2.9620306,3.284647,4.4901423,3.6288455,4.685242,3.0212724,2.9513192,2.046033,3.6632466,2.9919283,2.1846383,3.4302676,2.6230311,3.748259,3.204779,3.8572085,2.747755,2.9078166,3.0996056,1.8288722,4.1270137,3.9675913,2.332166,3.963023,0.8401033,3.1019082,1.7582946,3.0939255,2.005922,3.0341556,2.8416924,2.3757963,2.928698,3.1029017,3.2794633,3.3864393,3.73482,3.2608564,1.7403858,2.962332,4.2573314,2.0729108,2.3698056,1.7306589,2.3166368,5.075727,3.2423816,2.833888,2.7439897,3.5446115,2.773283,3.159493,4.052677,3.613408,1.8409865,2.6595318,3.8620615,3.8919551,2.9671981
2.4985268,4.1439123,1.7166861,2.256075,2.1453388,2.610345,2.6225913,2.561743,3.2924101,2.3549352,2.4802432,2.5409606,1.2078586,2.4698498,2.4501503,2.0654657,1.5236093,2.18362,2.8896258,2.3353295,2.9023228,3.8096378,1.2093838,1.9785664,5.4025974,2.3073916,4.352982,2.4050338,2.3515556,2.8114426,2.9231029,4.019212,2.390969,0.38233188,2.321738,1.6950785,3.5810196,3.1362755,4.103179,1.8132173,2.3780172,2.4357982,2.5253496,2.4875638,1.5447794,4.3480773,3.777497,2.9125574,2.1160827,3.307747,2.4764326,1.4544995,1.6253157,2.5411942,2.6623077,2.1251576,2.88142,3.184184,3.1307387,2.2908742,2.3793795,2.0415757,2.2514243,2.0565832,2.67475,2.595225,2.9936492,3.5879233,3.5958233,2.9573603,2.9524505,1.4298923,3.0335212,2.0386066,3.2607307,2.4167607,2.2298617,3.4258904,2.2754326,2.2703896,4.1255016,3.3103814,2.3313105,2.2044013,2.4473186,4.352186,2.3521407,0.91419363,1.1848259,2.0092082,2.261259,3.5195115,3.6163845,2.3724992,2.530887,3.0949771,3.2892942,0.97486186,2.3801832,2.8376467,3.1883688,3.2430398,3.6725602,2.4741685,2.5670674,2.3485537,3.082026,1.8152976,4.67064,3.6725602,3.3034196,9.539704,2.236816,3.0056653,1.8997192,2.3782969,2.2525911,2.7612026,3.2089195,2.5200114,1.931741,2.3088446,1.6780089,2.2729838,2.3477879,2.3211925,2.9733186,3.2926064,3.3176727,2.3520443,3.1087112,3.0745122,2.984264,2.16775,2.435671,2.309846,2.5477753,2.335999,2.9504914,3.3664873,2.5740933,2.514011,2.421673,2.8224738,2.407696,2.2211282,3.0602775,2.8586638,1.637505,2.838218,2.395479,2.1956801,2.3121002,1.9971119,3.499395,3.0947943,1.7826437,2.6524568,4.0610538,2.9259777,3.2375991,1.8148181,2.2274091,1.239535,0.8029648,2.124471,3.5941126,2.1668804,2.420918,2.1392653,2.3123422,2.2591407,2.3199124,2.5200174,2.4413738,2.7095814,2.2804987,3.457109,2.0873408,2.4345834,2.941888,3.6255949,3.0093446,1.3537096,1.269462,2.0867367,2.3312464,2.9548903,2.8088126,1.2785276,2.1789105,2.9940536,2.337945,2.2108824,4.8698635,2.8849866,2.8993597,0.9957814,2.845722,3.65365,2.2722342,2.2712018,0.7504432,1.7574252,0.85375124,2.5823703,2.487863,1.4966606,1.4701205,3.8333757,2.4020302,3.6527555,2.266845,2.4407294,2.19379,1.4288248,3.4916232,1.3237276,1.6277752,2.853261,1.9625669,2.2155938,2.544701,4.5289145,3.34646,2.5791423,1.7221841,3.270708,3.355451,2.8896346,2.562486,3.8028514,2.13101,2.4370885,2.828891,4.3877587,3.1350927,3.7931428,2.4402251,2.5625396,2.7114153,3.0846994,3.320404,1.4998606,3.0756414,1.9422033,3.42208,2.7910326,3.824435,1.8643045,2.0670245,2.7003634,1.4991792,4.147455,3.9054124,2.6726649,3.8198903,1.3948935,2.4533906,1.2017676,2.1788452,2.462267,2.6067524,2.807691,1.5121815,2.1788404,2.377385,2.6735718,2.8892832,3.603397,2.718601,1.865606,2.5641034,4.331624,2.0649717,2.3353093,1.1515743,1.9182755,4.2595453,2.9359674,2.389121,2.0625973,2.9314516,2.2558985,2.412317,3.9988685,3.0614727,0.98006916,2.7534947,3.4280505,3.8159914,2.522376
1.411639,3.5348141,1.4878364,2.7896821,2.9648514,3.0929472,1.4791266,1.2010858,2.6291108,0.8322163,1.3595394,1.2325553,1.2470238,1.1825684,3.6841872,1.1745684,1.9126904,2.723882,3.563172,1.8683388,1.5606251,3.10145,1.5874999,2.529329,5.5373836,1.27654,5.0605497,1.7123774,1.1008264,2.4461584,1.5663306,3.525201,1.2992501,2.03851,1.2472193,0.9152091,2.9547782,1.8976265,3.5795643,1.493649,1.136547,1.9414932,1.3447311,1.2974452,2.3624232,4.0858345,3.2486808,1.6478275,1.371995,2.7005112,1.2936083,1.9623653,1.1778134,0.8460238,1.6014148,3.0858958,1.5959643,2.2122817,3.7340496,3.2221475,1.4324534,1.9677981,0.73107153,1.3929077,1.9025433,2.959186,3.3192768,3.0469208,2.7810497,1.617803,4.2794204,1.4508111,1.7258669,0.6654774,3.1097376,1.3382361,1.2077487,2.5378962,1.1438487,1.152085,3.7336714,2.2696722,1.0929565,3.2236474,1.153681,4.05418,1.247551,2.5564222,1.3584298,0.86928433,1.6736671,2.9868248,3.1025412,1.2795458,1.4199643,2.8125556,2.3585148,1.7102672,2.262109,3.018796,2.3582623,2.5579433,3.186708,1.4762148,1.3182528,1.0990705,1.7889694,0.8039109,4.451083,3.186708,2.3352005,10.46282,2.7858295,2.2823312,0.986943,1.1998286,1.3445429,1.9157226,2.4755929,2.323929,1.2453712,1.4092674,2.0793426,1.1255779,1.2747328,1.6081543,3.4147768,3.4461696,2.6709578,0.7915682,3.7838476,1.7889737,1.6730638,1.0779431,1.2067075,1.254761,1.330788,1.1022322,2.6929944,2.541051,3.1615038,1.365137,2.4292834,1.5496675,1.5753777,2.4457338,1.829469,1.5594039,0.67407227,1.8286977,1.2225472,2.8479571,1.1083522,0.84644127,2.8948774,1.8689957,0.7107153,2.9859009,4.559507,3.0146785,3.861037,2.7518535,0.8814685,2.4970634,1.9135636,1.7868856,3.174185,1.453896,3.5466352,2.6186407,1.2092711,1.9984094,1.0246456,1.2656097,1.097929,3.1393342,1.1586426,2.568343,2.5806198,1.1646852,1.6192187,2.9951882,1.7055595,1.5673095,1.6476964,1.0293607,1.2150943,3.1673386,1.8429809,1.1615677,0.6669365,2.602824,1.0404512,1.3647791,4.4814644,2.418536,1.5339091,2.277243,3.6593776,4.317224,1.2616566,0.8081959,2.0847678,1.4631997,1.1239955,3.718053,2.9456825,1.2754458,1.536525,3.2493405,1.2286958,3.1194196,1.2461674,1.3838753,1.1406108,1.6360666,2.6947398,1.038462,2.6557097,1.4833785,0.9932306,0.7371552,1.0565695,4.3211155,2.7999706,3.2807622,2.3439434,3.7798724,2.7559724,2.0024667,1.1747266,3.2586715,0.7219468,1.552692,3.20687,5.106613,3.0037186,2.9841907,2.7178915,2.2600076,3.9071147,1.8097992,4.1546693,1.5201864,3.607013,1.5833076,2.704288,3.014949,3.3254995,0.94222367,0.97341734,1.7269056,1.4388447,3.7537751,3.4279225,3.504874,3.393402,2.8923123,1.2286153,1.2340405,2.2809641,3.2398725,1.5617918,2.906068,0.7520264,0.6651596,1.142681,2.904897,3.4549847,2.9878886,1.6618706,2.6462379,1.8821657,4.0178676,2.2558756,3.1630485,2.214127,1.3355528,3.7235198,2.1983325,1.44145,0.89997965,1.5744135,1.1692187,1.4035758,3.576393,1.7743686,1.3284454,2.7938056,3.8804631,3.3306983,1.4923884
1.8706216,3.9548256,2.856212,4.2528896,3.804675,3.8704855,2.242247,2.2197125,3.1251078,2.269442,2.2075806,2.080705,1.2888304,2.0336099,4.6488304,1.2596823,3.3299408,3.1290288,4.1053176,0.4659148,2.3184497,3.3574233,2.8894467,1.4482425,4.1973743,2.481183,4.091647,0.4630785,1.8620126,1.9240013,2.4360616,3.4792073,1.5650648,2.539747,1.5582724,1.9148308,3.4223664,2.3071716,2.3642032,2.7619994,2.118826,2.098446,2.150909,2.0881445,1.6949401,4.374117,3.7358453,2.319329,2.4638228,3.2166634,2.1552513,3.1981242,2.612093,2.4479275,2.706725,4.205417,2.657251,2.4653544,4.4077287,3.4669626,1.916085,3.2817514,1.3041471,1.9223629,1.8472434,1.5485758,4.016291,3.7128234,3.0735667,2.5242143,5.365247,2.7458575,2.5024292,1.3021356,2.5436776,1.5562727,1.9872046,2.968631,1.7232742,1.6851642,4.162095,2.6643655,1.9623708,4.3426228,2.1708796,4.559368,1.6374623,3.2413092,1.3509673,1.7503158,0.48518673,3.6513147,3.7440042,1.6106552,2.2607949,2.0875216,1.7221702,2.8729844,1.8079511,1.7698966,2.928266,2.9321444,3.6198368,1.4413731,2.1904547,2.0291462,2.4732466,1.600718,4.9129143,3.6198368,3.0933743,9.887988,3.7416508,2.9930449,1.2753279,1.9393078,2.1014009,2.7248952,3.1067426,3.2126448,2.1468997,1.9661925,3.4346197,1.7713001,1.67021,2.4484951,2.7037482,1.9796869,3.0149934,2.1044312,4.296795,2.4342296,2.6128929,2.2561553,2.0650566,1.4903704,2.2720077,1.1634021,3.4458067,2.7337627,3.0600874,1.8120736,1.143825,2.5378268,2.4880211,1.5395571,1.9340428,2.5878391,1.2742728,2.665884,1.8637311,4.266964,2.3532357,1.8674719,3.5798066,1.9828597,1.7469999,3.4314806,5.0130243,3.7436535,3.9097307,2.487172,1.7092837,2.1522286,1.8873309,2.3927484,3.8263226,0.45390117,4.709675,3.1839123,1.6555558,1.105756,1.8921825,1.9987587,2.2944272,2.715145,1.7806772,3.1498256,2.3779476,2.0099933,2.6076899,3.6585476,2.6114728,2.9515967,2.8347487,1.6262503,1.6813277,4.133349,2.7349632,2.3420112,2.243787,2.5969753,1.9344642,2.0125833,5.0289006,1.530202,2.5024045,2.2811089,3.9477427,4.77025,1.1590805,2.1727753,2.1140406,2.3716202,1.7622213,4.455523,2.4276345,2.135784,1.8323053,3.584058,2.2144668,2.4422774,2.4593349,2.582224,2.294276,1.1802608,2.5751493,2.3877623,3.0342312,2.466845,1.6713737,1.9097283,2.0938735,4.017206,3.4191282,3.462913,2.3629417,4.4471917,3.4458225,2.6090255,2.1674013,3.8660283,1.1404685,3.2772563,2.640571,4.083607,2.6042235,2.2185133,1.8383647,3.1226091,5.0807824,2.4559839,4.4732413,2.2990108,2.573678,2.0217342,3.2361608,2.6056201,4.00841,1.0564324,1.1405101,2.7067847,2.8885143,4.293578,4.039042,4.027475,3.8005967,3.4301202,2.0515049,2.5144768,1.2350171,4.634068,2.6669772,3.569063,2.0194852,2.1635506,1.6244469,1.8149883,2.1899424,3.6824553,2.3655636,3.446487,3.6176808,4.5312266,3.041312,2.9762888,1.9224838,2.4991996,2.7122288,2.9195695,2.5349338,1.8107775,2.3819811,2.3875306,1.4538229,4.159967,2.5867891,1.7459017,4.465959,2.5719771,3.9025652,2.5853195
0.6566659,1.7507913,2.1708567,3.8359637,3.0174944,2.7128778,0.6205882,0.9431796,1.0272803,1.6918808,0.7602603,0.78167444,2.457773,0.8285335,4.0244727,1.5127561,2.796264,2.401705,3.035904,2.3142154,0.88239133,1.4547191,2.5486917,3.0385377,4.68266,1.0258443,4.775758,2.387975,0.8316826,2.3099883,0.75583965,1.9557374,1.0067469,2.857263,0.9730278,2.2095528,1.4569398,0.57364494,4.079337,1.7275769,0.81584704,2.4726238,0.7535596,0.61146766,2.843824,2.5972006,1.709059,0.83891577,1.3671606,1.1857165,0.7745136,2.7589781,2.09333,2.2635193,0.98918974,3.5332966,0.8603912,0.9347106,3.2945695,3.1257427,0.91598785,2.32854,2.049113,2.2859201,2.90095,3.2921143,2.3782032,1.3914238,1.3098925,0.75133705,5.0680494,2.3123748,0.6187875,1.7439326,2.585609,0.9767689,1.0041021,0.9763698,0.97924155,1.010259,2.1931312,0.53182846,0.92005473,3.7194524,1.0754933,2.6083248,0.9898083,3.2779949,2.5144768,1.1319393,2.120041,1.3762184,1.4696299,0.98500335,0.7472162,2.4575083,1.621689,2.7478614,2.5754614,3.3678453,0.66658807,0.8153386,1.5597245,1.0897506,0.5985291,0.8079935,0.5381625,1.3140998,2.9163878,1.5597245,0.7698868,9.849374,3.125338,0.8528991,1.4137343,0.81225306,1.1387835,1.2009376,0.74431604,1.8447224,1.945462,1.4609938,2.7703257,0.9556457,0.8806023,1.3478901,2.9995563,3.407298,1.2990394,1.54832,3.2693455,0.5437802,0.7321462,1.0671372,0.81942827,1.0990213,0.8273341,2.1357937,2.3049564,1.0402048,2.7744682,0.74523765,2.8073244,0.82414734,1.3131354,2.6851614,1.1563365,0.8354784,2.164009,0.36617047,0.81439054,3.8526177,1.0552865,1.1534483,1.235331,0.9582311,1.3422848,2.7452333,3.6954317,2.2783725,3.2832108,2.7309632,1.1160493,3.0668871,2.6853862,1.7680271,2.4873784,2.1066806,4.1938844,2.618854,0.9917099,2.2031004,0.9097548,0.7428511,1.4954754,3.0552466,0.90949494,0.8059106,2.2157056,0.8475586,0.79031515,1.3966231,0.6932984,2.5911806,2.4580033,1.2243114,0.9689909,2.4068577,0.99662817,2.2440083,1.6338452,1.976465,0.87193906,1.2404,3.448868,2.2764533,0.8381034,2.7656035,3.2939208,3.656048,2.3853886,1.337158,2.8076432,1.775106,2.487212,3.6818786,2.7966948,2.338284,2.6641455,1.7244335,1.334247,3.2565117,1.0497999,1.0666759,1.368912,2.5278225,1.3303359,2.1578782,2.6151695,0.8775272,1.4118698,1.2874094,1.4580047,2.7551024,1.4062575,2.6948826,2.7244673,3.1830547,1.1118665,0.63508123,1.02614,2.3285806,1.9137825,2.9813192,3.1219733,4.857761,2.460638,3.305543,3.1219792,2.329759,4.799357,0.5353372,3.6636262,2.9161198,3.2452745,2.6187322,1.218898,2.6472092,1.8917493,1.6768885,1.54654,0.6678226,2.428681,2.2779996,2.45924,3.1567054,1.7811111,3.2906897,0.82626855,2.464974,3.1641135,4.1457973,1.0094028,2.2246315,2.304467,1.7143924,0.94339573,2.8186727,3.667072,1.8160051,0.5610561,2.8219547,3.1912162,2.5657096,1.7054464,2.7863572,2.7641518,1.4359173,3.816949,1.3868145,1.2397255,1.0931895,0.73140776,1.2101125,1.1253655,2.81335,0.6051361,2.463438,3.669791,3.8298683,1.6226134,1.077411
0.6566659,1.7507913,2.1708567,3.8359637,3.0174944,2.7128778,0.6205882,0.9431796,1.0272803,1.6918808,0.7602603,0.78167444,2.457773,0.8285335,4.0244727,1.5127561,2.796264,2.401705,3.035904,2.3142154,0.88239133,1.4547191,2.5486917,3.0385377,4.68266,1.0258443,4.775758,2.387975,0.8316826,2.3099883,0.75583965,1.9557374,1.0067469,2.857263,0.9730278,2.2095528,1.4569398,0.57364494,4.079337,1.7275769,0.81584704,2.4726238,0.7535596,0.61146766,2.843824,2.5972006,1.709059,0.83891577,1.3671606,1.1857165,0.7745136,2.7589781,2.09333,2.2635193,0.98918974,3.5332966,0.8603912,0.9347106,3.2945695,3.1257427,0.91598785,2.32854,2.049113,2.2859201,2.90095,3.2921143,2.3782032,1.3914238,1.3098925,0.75133705,5.0680494,2.3123748,0.6187875,1.7439326,2.585609,0.9767689,1.0041021,0.9763698,0.97924155,1.010259,2.1931312,0.53182846,0.92005473,3.7194524,1.0754933,2.6083248,0.9898083,3.2779949,2.5144768,1.1319393,2.120041,1.3762184,1.4696299,0.98500335,0.7472162,2.4575083,1.621689,2.7478614,2.5754614,3.3678453,0.66658807,0.8153386,1.5597245,1.0897506,0.5985291,0.8079935,0.5381625,1.3140998,2.9163878,1.5597245,0.7698868,9.849374,3.125338,0.8528991,1.4137343,0.81225306,1.1387835,1.2009376,0.74431604,1.8447224,1.945462,1.4609938,2.7703257,0.9556457,0.8806023,1.3478901,2.9995563,3.407298,1.2990394,1.54832,3.2693455,0.5437802,0.7321462,1.0671372,0.81942827,1.0990213,0.8273341,2.1357937,2.3049564,1.0402048,2.7744682,0.74523765,2.8073244,0.82414734,1.3131354,2.6851614,1.1563365,0.8354784,2.164009,0.36617047,0.81439054,3.8526177,1.0552865,1.1534483,1.235331,0.9582311,1.3422848,2.7452333,3.6954317,2.2783725,3.2832108,2.7309632,1.1160493,3.0668871,2.6853862,1.7680271,2.4873784,2.1066806,4.1938844,2.618854,0.9917099,2.2031004,0.9097548,0.7428511,1.4954754,3.0552466,0.90949494,0.8059106,2.2157056,0.8475586,0.79031515,1.3966231,0.6932984,2.5911806,2.4580033,1.2243114,0.9689909,2.4068577,0.99662817,2.2440083,1.6338452,1.976465,0.87193906,1.2404,3.448868,2.2764533,0.8381034,2.7656035,3.2939208,3.656048,2.3853886,1.337158,2.8076432,1.775106,2.487212,3.6818786,2.7966948,2.338284,2.6641455,1.7244335,1.334247,3.2565117,1.0497999,1.0666759,1.368912,2.5278225,1.3303359,2.1578782,2.6151695,0.8775272,1.4118698,1.2874094,1.4580047,2.7551024,1.4062575,2.6948826,2.7244673,3.1830547,1.1118665,0.63508123,1.02614,2.3285806,1.9137825,2.9813192,3.1219733,4.857761,2.460638,3.305543,3.1219792,2.329759,4.799357,0.5353372,3.6636262,2.9161198,3.2452745,2.6187322,1.218898,2.6472092,1.8917493,1.6768885,1.54654,0.6678226,2.428681,2.2779996,2.45924,3.1567054,1.7811111,3.2906897,0.82626855,2.464974,3.1641135,4.1457973,1.0094028,2.2246315,2.304467,1.7143924,0.94339573,2.8186727,3.667072,1.8160051,0.5610561,2.8219547,3.1912162,2.5657096,1.7054464,2.7863572,2.7641518,1.4359173,3.816949,1.3868145,1.2397255,1.0931895,0.73140776,1.2101125,1.1253655,2.81335,0.6051361,2.463438,3.669791,3.8298683,1.6226134,1.077411
0.875035,2.9514759,1.7103406,3.596498,2.9298725,2.8701696,0.9549647,0.8201016,2.0236263,0.91797584,0.8770366,0.7870892,1.4171361,0.73125225,3.9492915,1.1920084,2.446061,2.3602097,3.2724342,1.6268353,0.9365197,2.3466105,2.3060734,2.4186928,4.843111,1.4868019,4.9817047,1.2576841,0.77975553,1.5361674,1.0933797,2.7023935,0.59580433,2.3736145,0.6920957,1.0030979,2.274448,1.23605,2.9204874,1.9769825,1.1137232,2.4506238,0.82191676,0.95764995,2.2881,3.3909535,2.612333,0.9602455,1.767928,2.086205,0.8274196,2.686567,1.9619324,1.5946695,1.7762233,3.361116,1.261875,1.3680617,3.4515927,2.9075105,1.3655821,2.6180515,1.1158649,2.0512393,1.4592594,2.7338548,3.1676135,2.7431874,1.9739687,1.1757423,4.8417554,2.196955,1.2226878,0.5195662,2.1985238,0.6708969,1.309488,1.8183191,0.54442775,0.5178729,3.092729,1.627702,0.6588519,3.5257878,1.3791392,3.9739728,0.54967004,2.947661,1.4582762,0.90713435,1.413749,2.7517743,2.849811,0.5814948,0.9186753,1.892581,1.4479173,2.1800427,2.5036018,3.0130727,1.8054137,2.1861036,2.5865176,0.75851613,1.0900992,0.9769833,1.2598699,0.81279457,4.293785,2.5865176,1.8445019,10.504159,2.7364187,2.158268,0.7447052,1.1068188,1.5417472,2.099007,2.069763,2.63916,1.9055649,1.7026407,2.7700713,0.57116395,0.7124307,1.915072,2.7374349,3.1484926,1.9085506,0.73262435,3.451244,1.2287902,1.2684534,1.3111895,0.75171363,0.5489451,0.88717026,0.7315637,2.168881,1.7325412,2.609619,0.76396364,2.3352585,1.1364738,1.897174,1.8838066,0.9026898,1.1957427,1.0127314,1.55772,0.6794492,3.6265883,1.3451117,1.0060501,2.6082475,1.0290147,0.88700277,2.500976,4.1154385,2.6229665,3.3101077,2.461896,0.5245461,2.5217102,2.0527477,1.2337682,3.4861507,1.2597884,3.98109,2.291149,0.5430897,1.9068683,0.7080348,0.75869215,0.8020159,2.4750714,0.62581366,2.024753,2.1222446,0.7069522,1.2415931,2.4912686,1.2833462,2.3459156,1.940352,1.1206269,0.55189335,3.2582014,1.9620628,1.9400883,0.9838079,2.6771166,0.7839293,1.5725847,4.6726356,1.5263532,1.1229912,2.3077435,3.2823737,3.9349627,0.9503295,0.8259958,2.244123,1.2248595,1.5677377,3.7469614,2.3171413,2.0395699,2.1755612,2.50901,1.61555,2.2431579,1.4710313,1.6317755,1.6007588,1.5130866,1.7957659,1.8257356,2.563733,1.0701531,1.2759384,0.5977816,0.6159027,3.8604379,2.727172,2.903767,1.9717382,3.4659224,2.4308183,1.3942676,0.7347401,3.4606638,0.8708725,2.4507418,2.5099986,5.01584,2.1131454,2.1803758,2.8568444,1.8445655,4.485424,1.2486843,3.7827728,2.391072,3.0645099,2.2945232,2.04434,2.2669268,3.2653713,0.75144666,0.9331546,1.6783543,2.234233,3.6597555,3.6211298,3.2661164,2.7829792,3.0399137,0.7262863,2.0689516,1.9832402,3.9637418,1.7562486,2.476259,1.2319145,0.8856045,0.7368624,2.273337,3.3221972,3.0723104,1.0983925,2.5920205,2.760299,3.935444,2.1962345,2.770851,2.227458,1.7373832,2.860195,2.372696,1.7825658,0.9681632,1.0616739,1.5346417,0.63085485,3.8656306,1.3031787,1.8643547,3.519965,3.6725855,2.964181,1.7376862
0.8017013,2.6417966,1.4739519,3.353334,2.8072066,2.6890562,0.5847344,0.23463798,1.7382926,0.5801592,0.48654884,0.39809462,1.8471533,0.37278473,3.8046603,1.420833,2.2294114,2.3725886,3.1631608,2.1503341,0.534073,2.1493082,2.1548867,2.9138472,5.234451,1.069895,5.286084,1.8995357,0.6057869,2.0021286,0.59206575,2.6448627,0.80434895,2.5195436,0.84887904,1.2139052,2.006706,1.0226369,3.5313258,1.6754893,0.78493196,2.5387623,0.45140362,0.6464776,2.712143,3.196899,2.3248389,0.6245275,1.4890442,1.8024776,0.42817402,2.5074222,1.7421354,1.3858309,1.3351715,3.180303,0.6571896,1.2656434,3.3011718,3.0106366,1.2821474,2.3030722,1.3810916,2.1196916,1.9513708,3.2646577,2.9008598,2.3529308,1.7944267,0.6479238,4.705661,2.021389,0.7736475,0.9399013,2.5569549,0.86522895,1.1504292,1.5571326,0.5897528,0.6168749,2.8279064,1.372494,0.3728056,3.3523157,1.094498,3.6447215,0.705662,2.9891932,1.90001,0.8453438,1.9270998,2.3691185,2.471454,0.7559519,0.5152721,2.3424087,1.789053,2.1328056,2.7423844,3.4546826,1.4719678,1.9399589,2.3156888,1.0503726,0.7159782,0.67989844,0.86775106,0.90189385,3.9691875,2.3156888,1.3987677,10.618547,2.6245928,1.7990513,1.0638951,0.9263411,1.3794204,1.7907772,1.7043247,2.344007,1.8362585,1.6444818,2.517473,0.5508108,0.78867126,1.6893588,3.111082,3.628264,1.7372651,0.42285597,3.3562984,0.8642155,0.7215305,0.9722302,0.3878812,0.8306752,0.38456085,1.2919543,1.9895558,1.614407,2.8038309,0.7297323,2.8059783,0.5649694,1.6338637,2.430247,1.0221648,0.6031012,1.39112,1.1223644,0.558947,3.3958597,0.9349667,0.8666577,2.210407,1.071369,0.868923,2.512844,3.970976,2.3905098,3.3967395,2.7446325,0.49757463,2.8791697,2.3725452,1.2688679,3.2004178,1.7821307,3.807165,2.3036597,0.67531365,2.289125,0.47816947,0.48736712,0.38831064,2.8459463,0.59458727,1.6580701,2.3561833,0.37323612,0.66885537,2.1062102,0.7549752,2.1675503,1.8417478,1.148439,0.65614754,2.8922746,1.5935287,1.8751717,0.63473785,2.661607,0.51941115,1.4704583,4.349619,2.0699923,0.55902576,2.5733895,3.311842,3.8313987,1.5263137,0.3551441,2.5300953,1.1730765,1.8297659,3.634291,2.7012286,2.0625594,2.3723793,2.2959101,1.3872225,2.736523,1.0640737,1.2035948,1.335313,2.0265853,1.8365856,1.7115341,2.6160023,0.49603334,1.2990762,0.34275475,0.32973155,3.8259287,2.3916867,2.9351232,2.2919636,3.2863915,2.0396667,1.0868634,0.14835745,3.1536555,1.2381314,2.175161,2.9220903,5.341268,2.4205186,2.7043128,3.21905,1.7182862,4.339636,0.8806379,3.7674332,2.479864,3.4859238,2.4043226,1.7463125,2.5945404,2.878605,1.1939292,1.2354021,1.2299496,2.01938,3.317589,3.3064349,3.1990166,2.5227811,3.0911145,0.38610548,1.9930127,2.605022,3.7226987,1.330213,2.2903557,1.3468068,0.63415754,0.7828035,2.7896104,3.788946,2.7128808,0.74912274,2.5203884,2.4439852,3.6025693,1.9793711,2.9686627,2.5781946,1.4573636,3.3942537,2.0775943,1.4461226,0.8587769,0.6055952,1.1871896,0.9540552,3.581415,0.8278663,2.0832512,3.144631,4.112049,2.604142,1.3503962
2.3382664,4.3858037,2.7072358,4.2244844,3.7244365,3.8644478,2.542542,2.4127448,3.4756444,2.1789682,2.462673,2.375501,1.345226,2.317725,4.5893106,2.011739,3.2304964,3.177828,4.1699963,1.5337988,2.5122023,3.694894,3.0581799,2.0427756,4.8512273,2.9022453,4.9933176,0.82329065,2.26994,1.8055698,2.686014,3.8479245,1.9837909,2.670554,2.0415702,1.5783409,3.6718833,2.7206175,1.820051,3.139851,2.5663056,2.944887,2.4158332,2.494727,2.1571445,4.615295,4.005377,2.5254874,2.994492,3.5196755,2.4186366,3.4509976,2.9041731,2.4318774,3.2128448,4.0733433,2.8603463,2.7529624,4.3517733,3.4103897,2.6045363,3.6702487,1.6095318,2.5915167,0.92836434,2.2496774,4.386178,4.23643,3.3247604,2.7717376,5.2623587,3.0431721,2.806968,1.4299227,2.5499027,2.022497,2.5814557,3.270884,2.0504277,2.011313,4.4289002,3.1085763,2.228828,4.19414,2.6988266,5.325997,2.0046577,3.3267534,1.3322035,2.1957989,1.4923915,4.2281976,4.3230643,2.0056698,2.506653,2.115652,2.2101624,2.7463555,2.7878256,2.7120485,3.3191597,3.5865407,3.9813912,1.9619473,2.6185448,2.4510481,2.8251598,1.9931226,5.651971,3.9813912,3.4155962,10.801495,3.4321356,3.6096902,1.7573878,2.4849653,2.7493618,3.4072666,3.5822253,3.84313,2.7411861,2.713976,3.6376288,2.0916007,2.124485,3.1068134,2.9034522,2.879349,3.248929,2.0793684,4.300577,2.786964,2.8683894,2.6802125,2.3385994,1.8964839,2.4873266,0.9878569,3.238338,3.07687,3.1166205,2.2433836,2.117216,2.7384484,3.1254337,1.6420857,2.1970413,2.7958522,1.3185443,3.114012,2.2168696,4.246511,2.7526686,2.2964087,4.111523,2.362687,2.089059,3.2387075,5.0715184,3.792527,3.92208,2.7550557,2.007929,2.435528,2.1267607,2.2800555,4.6472344,1.3373233,4.5646224,3.011131,2.011253,2.1322508,2.2305326,2.3314698,2.2165124,2.555148,2.1303885,3.5515335,2.705578,2.2909653,2.8411994,3.988606,2.8820965,3.108976,2.6949892,2.2412498,2.034276,4.5447106,3.3549492,2.6626806,2.2434049,3.5697048,2.2955966,2.7029958,5.903186,1.6483887,2.7173839,2.5077078,3.9258337,4.7919173,0.7236863,2.2645354,2.3418982,2.2914228,1.7568405,4.4691863,2.46504,2.61593,2.3747334,3.8350065,2.8048134,1.9027483,2.8756976,3.0394163,2.8098004,1.2634051,2.9508061,2.6333745,3.2233121,2.663576,2.2888653,2.0585003,2.0566683,4.8736386,4.120397,3.679348,2.1468792,4.4489017,3.935225,2.9166567,2.324172,4.69622,1.441464,3.1535552,2.4908543,4.969161,2.5908806,1.6410261,2.767073,2.7952075,4.9059086,2.808085,4.4755597,2.634442,3.0630329,2.6492364,3.489431,2.6114304,4.696068,1.4924318,1.7671614,3.1884408,3.0801098,5.040166,4.8667707,4.0564814,4.150795,3.476083,2.3175766,2.7189205,0.90134835,4.5905843,3.1771114,3.5998921,1.7691737,2.093194,2.1165364,2.1236107,2.960844,4.4313574,2.6701045,3.3322349,3.4958024,5.2938175,3.3864355,3.2560806,2.2588847,2.9537647,2.2667792,3.6540353,3.0828266,2.2719398,2.6480334,2.851439,1.8914074,5.01859,2.8933566,2.128222,4.3685613,3.430799,4.4319706,3.1144106
2.3473568,3.7564247,3.6340725,5.553874,4.5080533,4.3348646,2.5504205,2.5959759,3.0957725,2.8156998,2.589548,2.493289,2.7353609,2.4809723,5.650795,2.5057187,4.3906517,3.629227,4.544687,2.049048,2.3950412,2.9870563,4.214824,2.9031675,3.9701679,3.296821,5.171817,1.5874158,2.491279,1.6611165,2.5984004,3.005671,2.0763733,3.9206152,2.194133,2.746115,3.1939442,2.3001564,1.6318643,3.8665977,2.8395233,3.62262,2.5087085,2.6085238,3.0928326,4.023038,3.5232854,2.3521464,3.5257304,3.1620514,2.559909,4.5737596,3.8744166,3.2981315,3.4518523,5.137767,2.884724,2.222313,4.759089,4.0201693,2.7949126,4.50873,2.4724731,3.453113,2.0191188,2.7971737,4.600212,3.9649954,2.669621,2.681971,6.640736,4.085018,2.6109111,2.2326498,2.0935452,2.0813043,2.9286668,2.739872,2.2827027,2.2434866,3.894652,2.598226,2.4864752,5.3004007,3.0336854,5.0869102,2.1453505,4.575208,2.73639,2.6889653,2.0067856,4.0055394,4.0680943,2.1181188,2.5999992,1.6659578,1.2763003,4.018056,3.3708758,3.2300484,2.9814334,3.2569757,3.5142937,1.9347622,2.7279897,2.716556,2.5612984,2.615376,5.3330097,3.5142937,3.113191,10.893963,4.313319,3.54885,2.3242004,2.707632,3.1187456,3.5942698,3.3166454,4.2724977,3.5301816,3.1335094,4.711476,2.335132,2.25041,3.5124378,2.8650823,2.9346042,2.7856524,2.6426423,4.6501617,2.506883,2.7798107,3.1354449,2.5143416,2.0633104,2.6223648,1.8849292,3.4363112,2.4543905,3.3711257,2.251796,2.6711714,2.7523704,3.510183,2.1797936,1.7128825,2.8135753,2.5592992,3.062263,2.3591027,5.575853,3.1658244,2.8214304,3.857975,1.8471794,2.7613964,3.6212027,5.117781,3.9734404,4.0550275,3.3761232,2.3865538,3.5199547,3.3183694,2.7279375,4.8318906,2.0258715,5.7951336,3.634342,2.1916616,2.5681148,2.5060627,2.4189613,2.663487,2.830263,2.3521888,3.1129413,3.0257099,2.4739306,2.7997072,3.6205544,2.7632005,4.2730246,3.796325,2.6924407,2.2018847,4.90573,3.4902978,3.7571723,2.949318,3.6550486,2.562925,3.0971766,5.8262234,1.2964609,2.692841,3.5453575,4.336842,5.014653,1.9246197,2.7842972,3.5264475,2.9940436,3.160509,5.2672453,2.7351425,3.6800725,3.5507903,3.2210517,3.2330906,1.5120536,3.2921994,3.3991494,3.3476324,2.5195997,2.1161764,3.7122507,3.9500217,2.6724224,2.868428,2.5617115,2.4160266,4.1889095,4.0132914,3.9696913,3.0105088,4.750619,3.7056894,2.7134283,2.5169206,4.7173834,2.2878556,4.3173213,2.690289,5.153277,2.248083,1.1486614,3.4442,3.2770603,6.310053,2.521798,4.811401,3.9524958,3.051171,3.6666234,3.0687058,2.6184964,4.5303245,2.2313206,2.3295984,3.299863,4.175182,4.796394,4.8817716,4.56261,3.6559336,4.538804,2.4730387,3.9219923,2.244818,5.9109674,3.442981,3.792279,3.0394692,2.831449,2.2939165,2.2277489,3.45049,4.3815713,2.592537,4.165512,4.6656704,5.0523586,3.8238578,3.616516,3.3004,3.5680704,1.4961568,3.792372,3.4913924,2.7369437,2.5272982,3.326083,1.9358624,5.1248546,2.700417,3.363334,5.5226083,3.6208525,4.0651674,3.4294112
4.824981,5.6074843,3.2105496,1.7006891,2.81153,3.407913,4.713114,4.6221704,5.018859,4.337072,4.571742,4.7029953,4.1641235,4.6567407,1.6751864,4.721537,2.3758128,3.8012788,3.690488,5.310173,4.9764667,5.610656,2.734061,4.9433985,7.9628224,4.1472178,6.5115156,5.343128,4.640269,5.382564,4.9094706,5.9252954,4.87872,3.0200372,4.809146,4.0458584,5.2042866,5.3065395,6.9168158,3.4024222,4.4945016,4.7640276,4.656736,4.651372,4.447306,5.668779,5.2404833,5.003816,3.9922624,4.973784,4.5950975,2.5767248,3.3483891,4.3995757,4.385375,1.8467243,4.6860085,5.3297377,3.6371691,3.7408645,4.684898,3.078619,4.823794,4.4099293,5.1781535,5.551439,3.8126771,4.9181595,5.494531,4.888428,0.51233363,3.078463,5.012809,4.6311207,5.6682425,4.9124393,4.4579954,5.298861,4.662898,4.6818695,5.438844,5.3322215,4.557441,1.6893914,4.529932,5.4113345,4.7972264,2.3917575,4.145554,4.3720884,5.2007265,4.87283,4.941766,4.835001,4.5944104,5.684893,5.922722,2.6531043,4.9839053,5.6873426,4.990292,5.108532,5.199097,5.045102,4.661576,4.524971,5.1026244,4.298975,5.624913,5.199097,4.9699035,10.371686,2.9755862,4.682562,4.5559525,4.6288495,4.422327,4.557034,4.878554,3.8782928,4.0923223,4.588633,2.4088788,4.629234,4.7772818,4.2632937,5.3677,6.1712174,5.173821,4.453539,3.8327732,5.12358,4.8571367,4.173285,4.6048574,4.8362546,4.5880075,5.002953,4.300337,5.4253297,4.5097427,4.868099,5.375698,4.712409,4.3091493,5.0579224,5.449255,4.712662,4.3492985,4.672702,4.700593,1.5528783,4.2391205,4.2823043,4.8930626,5.4625287,4.172948,4.086101,4.612308,3.9938126,4.6447287,4.183695,4.593841,3.9923036,3.7684152,4.1897902,4.859945,5.0881815,1.0693474,3.6485288,4.7449255,5.119474,4.581962,4.7420073,4.436941,4.9860406,4.6345625,5.176474,4.4254093,4.635418,4.8023324,5.0181985,4.893628,2.752587,2.8969457,4.5334167,4.748677,3.4624963,4.5815377,3.3820353,4.161028,5.1372523,4.572772,4.45273,5.8084707,5.6364317,4.8250556,3.6409357,3.9622307,4.212804,4.9817405,4.3168187,3.6189334,3.7919567,3.67971,2.6023839,4.9139566,3.7684557,4.0627847,5.478549,4.4664598,6.1950154,4.1203666,4.2142797,4.180456,4.424305,5.7366204,3.337273,3.3473184,4.793045,4.400043,4.4459257,4.686445,6.3998737,4.836776,4.0844994,4.0752444,3.8097115,4.8032618,4.828858,4.659275,5.1304393,4.7817826,3.5035884,5.1979413,6.589633,5.4488406,6.4401855,5.180589,4.0610547,0.5468147,5.1232743,4.1034274,3.7058034,5.6516824,4.294164,5.10037,5.0945983,5.006154,4.617061,4.7445087,4.4546866,2.9379559,5.305869,5.1382437,3.4855423,5.2817707,2.6429405,4.6357336,3.1563954,5.127319,1.1285653,4.3522186,4.0330434,3.804567,4.23005,4.8089204,5.462995,5.6749034,4.955468,4.757727,2.9466043,3.2533271,5.3993936,3.5563958,4.347106,4.0072803,3.7589974,6.9314585,4.6530113,4.2170568,4.382921,4.9612937,4.163075,4.971302,5.195286,4.9878025,3.7845201,2.1467936,6.142646,5.124519,4.321774
1.8377575,3.9592047,2.6002238,3.4275181,3.660549,3.8037028,2.196198,2.125474,3.1629608,2.1385467,2.1461625,1.9934597,1.3441583,1.9537331,4.2501664,0.8438554,2.8129795,3.233555,4.0960345,1.1281594,2.3850493,3.5751853,2.1028147,1.7699562,4.874728,1.8971913,3.9497287,1.571095,1.6888577,2.7940652,2.3791287,3.8351064,1.7130849,2.158353,1.594762,1.9923246,3.5681436,2.3901732,3.61086,1.9864838,1.7147793,0.898014,2.1135101,1.8997418,1.8366629,4.5919127,3.8385825,2.4275827,1.6611259,3.278598,2.0822911,2.3010507,1.7306358,1.9687783,2.0689654,3.8355896,2.512612,2.753251,4.4221025,3.6458213,1.4498752,2.3219738,1.0423157,0.6746848,2.5990024,2.0714157,3.6901498,3.4094808,3.3522718,2.4437268,4.7528114,1.846947,2.4509027,1.3861842,3.3699648,1.6874467,1.4230006,3.1225524,1.7547508,1.7455405,4.2869773,2.7164388,1.8821094,3.9605632,1.5548189,3.9778514,1.7542284,2.7723856,1.4937413,1.376611,1.0603983,3.2702644,3.3782043,1.7386687,2.2129085,3.0019763,2.4094548,2.4763572,1.0094544,1.7817664,2.8937063,2.6900315,3.6665921,1.6912127,1.91592,1.7096231,2.434454,1.3203553,4.415885,3.6665921,3.0123026,9.458175,3.7182677,2.5153193,1.2227,1.5558999,1.404982,1.970272,2.9165466,2.3511317,1.0534086,1.1114458,2.580365,1.7686145,1.6862637,1.6147108,3.3629682,2.4126782,3.2545075,2.014204,4.353887,2.4214494,2.4997227,1.6887554,1.986929,1.6614356,2.19709,1.6617237,3.6674757,3.0003338,3.44676,1.835465,1.3530489,2.4467094,1.6578276,2.353604,2.3407934,2.4627812,1.2077851,2.3774464,1.8386731,3.4559436,1.7926275,1.4113927,3.2581086,2.2917547,1.3787639,3.7161157,5.1174855,3.7556489,4.2499466,2.6789227,1.6185584,2.15942,1.7551929,2.6294334,2.8641644,0.9739314,4.218772,3.3442857,1.7443063,1.0121984,1.7353337,1.9442141,2.292999,3.412607,1.7610947,3.102621,2.6220293,1.935429,2.484271,3.5968795,2.505677,2.1272798,2.551067,1.1243148,1.7624104,3.55379,2.0697546,1.446284,1.9741975,1.8823708,1.7314327,1.2829314,4.1605783,2.515977,2.4135985,2.1958232,4.120753,4.8595414,1.7679201,1.9622474,1.9367577,2.3870249,1.4991224,4.218751,3.0614288,1.0528401,0.7976648,3.809748,1.4138877,3.5385015,1.8720855,1.9381869,1.4908652,1.5843967,3.0101597,1.5779313,2.9034996,2.3866107,0.9910981,1.7696038,2.1619606,3.9422693,2.8578985,3.5421643,2.7666993,4.4479837,3.174734,2.6384602,2.1236558,3.003496,1.0837168,2.5960999,3.4152699,3.987444,3.3478596,3.348435,1.469914,3.3314774,4.4999332,2.4429858,4.6123147,1.2612826,3.1517756,0.76745105,3.3476515,3.267335,3.4249072,1.1299795,0.9280653,2.2375245,2.0388522,3.7291234,3.182565,4.014984,3.8676016,3.1774585,2.0041342,1.6679353,2.146827,3.8570642,2.0154731,3.633512,1.8648622,1.9910358,1.5337775,2.6440196,2.4160824,2.953402,2.348625,3.3565836,2.8934515,3.9521987,2.6810503,3.17567,1.903257,1.7509408,3.9316669,2.1364713,1.7590297,1.395598,2.3506565,1.686391,1.7242723,3.2082949,2.5073607,1.0583221,3.7207036,2.8001816,3.660429,1.8919208
2.0576942,3.9829278,3.0873547,4.4813585,3.851413,3.904344,2.4547431,2.4961693,3.1966875,2.6212423,2.4292595,2.3354535,1.4722282,2.2879546,4.697687,1.4677047,3.5430539,3.1041858,4.0662284,0.4404881,2.570872,3.3925664,3.0909526,1.1566498,3.789773,2.7174003,3.7333257,0.73217183,2.107971,1.9013013,2.690992,3.4251873,1.7696254,2.579519,1.7610214,2.2151022,3.4845843,2.493036,2.35076,2.9551854,2.367482,2.2464597,2.380001,2.3125675,1.4933027,4.340538,3.7795744,2.549232,2.6693304,3.2848856,2.389182,3.3740396,2.864396,2.8640888,2.9327927,4.312146,2.9141164,2.5820448,4.4055185,3.3897684,2.0841744,3.4744728,1.726544,2.157339,2.1205275,1.1371218,4.009164,3.7767649,3.1472263,2.7766595,5.4608684,2.957305,2.7347162,1.6626176,2.4172754,1.75123,2.197896,3.0726407,1.9515811,1.9114468,4.1706614,2.7909563,2.2151244,4.44843,2.437386,4.5591183,1.8509307,3.277675,1.5038354,1.9994361,0.6023028,3.715428,3.7996697,1.8175849,2.4787538,1.9735453,1.7491628,3.0555468,1.7838844,1.4907349,3.0379605,2.9823756,3.64432,1.6036494,2.4267092,2.2780397,2.6925354,1.8442304,4.886489,3.64432,3.2497494,9.568335,3.8554254,3.1064131,1.5017741,2.166449,2.294661,2.8926184,3.2034223,3.3185308,2.3775039,2.1617804,3.6226592,2.0034845,1.8688209,2.620411,2.4375079,1.561611,3.073753,2.4508297,4.252948,2.649863,2.860502,2.5018098,2.3095145,1.6964926,2.5165708,1.5538024,3.5634549,2.7985992,2.9249127,2.0163915,0.8753664,2.788711,2.6813712,1.3423381,2.1295419,2.8449292,1.6204268,2.844443,2.089673,4.478496,2.6166074,2.1219215,3.6574807,2.1623309,2.0047076,3.445251,4.9467793,3.7890372,3.78065,2.3077455,1.9929224,2.003414,1.8662149,2.5249443,3.9147985,0.742216,4.824433,3.221294,1.8726289,1.0133504,2.1536808,2.2379298,2.605454,2.5691867,2.003854,3.2633834,2.232014,2.2625065,2.8631368,3.7416322,2.8537817,3.174994,3.0193055,1.8564564,1.899787,4.19029,2.923178,2.5659573,2.5868137,2.5922112,2.1945283,2.1940765,5.070491,1.4586122,2.767319,2.2023635,3.8623252,4.701853,1.5250647,2.4912646,2.0753245,2.5451934,1.9671488,4.443196,2.2419813,2.35024,1.9949238,3.6151202,2.472404,2.4671235,2.6960363,2.821142,2.5468519,1.2312165,2.592783,2.632893,2.9807353,2.7358673,1.9033475,2.2254345,2.4224775,3.8455637,3.4877992,3.3499577,2.3396966,4.441186,3.526951,2.7486455,2.4518032,3.950641,1.545724,3.6506085,2.4701629,3.7145784,2.5075307,2.3257046,1.6552418,3.289621,5.212357,2.6687932,4.3762126,2.5306745,2.1934679,2.2302945,3.325422,2.4607987,4.0717626,1.3299556,1.4225854,2.8995764,3.128744,4.313783,4.111515,3.9837148,3.8099942,3.4098377,2.2939289,2.751465,1.192656,4.826086,2.8923283,3.6079924,2.3340833,2.5130427,1.8656983,1.5008876,1.8021598,3.7783403,2.5526078,3.5039268,3.9762478,4.53453,3.093522,2.7875168,1.8068174,2.6973336,2.668893,3.0577018,2.757852,2.0607867,2.6327865,2.6397634,1.6332599,4.2331104,2.8158765,1.8956575,4.741982,2.1649046,3.9387302,2.8114967
0.8002324,2.5327415,2.0563035,3.9397724,3.276384,3.073915,0.6889304,0.58884865,1.7050339,1.0695835,0.73741484,0.5708191,2.1623707,0.60135704,4.341264,1.5311493,2.8282893,2.693389,3.4915755,2.1223674,0.3805078,1.9622887,2.706377,3.0405405,4.9928365,1.4268757,5.3190737,1.8534858,0.7838767,1.9249473,0.541529,2.439984,0.78282243,2.9862406,0.87886524,1.6536882,1.9474385,0.6784642,3.3269088,2.1491141,1.030475,2.696165,0.6418201,0.7954759,2.9252102,3.1506171,2.2896369,0.44970006,1.8366189,1.795273,0.68362254,3.040167,2.2441845,1.7247424,1.568378,3.7358754,0.81897616,1.004612,3.6493888,3.3419297,1.3785332,2.7779205,1.5206064,2.3616567,2.0272193,3.2881973,3.194148,2.401088,1.5904099,0.62818724,5.291224,2.5321589,0.6358896,1.1587653,2.4511487,0.8197588,1.36207,1.3877553,0.75258017,0.7616515,2.7948236,1.1325542,0.69456136,3.9126003,1.3003286,3.6906226,0.74649906,3.5006773,2.2166076,1.1511891,1.908364,2.429805,2.52076,0.76517135,0.7390905,2.2035155,1.3931943,2.7056484,2.8442242,3.470743,1.4234053,1.8857586,2.2821994,0.938753,0.85639685,0.9258816,0.66302645,1.2358615,4.0021915,2.2821994,1.3692604,10.701283,3.1081872,1.8904282,1.2550548,1.0707603,1.5898229,1.9436013,1.7181385,2.6492386,2.1526344,1.8021022,3.0690026,0.7480513,0.8345803,1.9357842,3.1351094,3.5456219,1.6526164,0.8961669,3.6708834,0.63440895,0.73419267,1.3410556,0.6546487,0.84885275,0.67362607,1.3507166,2.2455573,1.3888483,2.9888608,0.69599795,2.824354,0.7110555,1.873666,2.495175,0.5664573,0.7490598,1.6971517,1.2160076,0.68606013,3.9846048,1.2911937,1.2140802,2.2565527,0.6171579,1.2721616,2.7981498,4.191714,2.6762497,3.5832906,2.9903054,0.765859,3.180136,2.7254462,1.590586,3.3426425,1.7992961,4.386863,2.677203,0.7602811,2.3147867,0.74301493,0.58947945,0.87633747,2.955024,0.77303743,1.5575918,2.535806,0.6218278,0.7337889,2.1160898,0.73462063,2.7210093,2.4121685,1.3383565,0.7383763,3.2478404,1.7383419,2.3522375,1.1770061,2.6924562,0.77731663,1.6664706,4.4095793,1.9060606,0.6115185,2.9308598,3.6080399,4.1045027,1.6173333,0.920636,2.901538,1.6465645,2.263109,4.0940275,2.8052106,2.4475937,2.6893766,2.1845617,1.6052972,2.5647283,1.4329076,1.5174114,1.6558645,2.2602124,1.5240308,2.2213657,3.0023992,0.5891065,1.5394968,0.81864214,0.6555248,3.6727476,2.4661834,3.188637,2.5904355,3.605812,2.1004114,1.0908725,0.5292928,3.234512,1.3800968,2.670163,2.9907675,5.369336,2.3591821,2.465133,3.3158047,2.0666072,4.9339776,0.6569299,4.0537095,2.877867,3.4822445,2.6779861,1.6944512,2.6453269,2.949261,1.3690888,1.3479393,1.4258497,2.5631502,3.3558812,3.3955653,3.55892,2.4888809,3.5640945,0.6243184,2.5069642,2.7052526,4.3163037,1.5757481,2.5699515,1.8386966,1.1515992,0.82227993,2.7702,3.8323357,2.7923076,0.7985019,2.9919124,2.9591265,3.6471934,2.3556118,3.1792977,2.8744507,1.8727281,3.140588,2.205231,1.7321968,1.1559424,0.48874837,1.5288693,0.88294077,3.687525,0.72681075,2.4603853,3.7198286,4.0912523,2.6162524,1.6066976
0.717144,2.5953133,2.5272517,4.2504745,3.5168452,3.327502,1.077051,1.2148937,1.8483069,1.7405567,1.1557392,1.0055165,2.0116014,1.0105544,4.5473566,1.0654137,3.1927035,2.7586162,3.6084528,1.4506223,1.1226869,2.0422847,2.8492005,2.4434848,4.215816,1.6193582,4.4961524,1.4647977,0.8983632,1.8104765,1.1986009,2.3253276,0.6252985,2.8936493,0.65066576,2.0044465,2.1746323,0.84582984,3.1254795,2.2625673,1.1682601,2.23791,1.0717834,0.98219883,2.4371686,3.2518528,2.4909666,1.0953592,1.8255568,1.9804503,1.1099445,3.1306639,2.387373,2.2014759,1.7056552,4.0454655,1.4864696,1.1672294,3.8914363,3.3611178,1.0433263,2.8836577,1.4840283,2.074572,2.280333,2.5762858,3.2201567,2.4347904,1.7846546,1.2782722,5.5042152,2.6178768,1.1736356,1.253004,2.264345,0.5689606,1.214402,1.6168851,0.8603705,0.8431326,2.9541652,1.2053889,1.0475453,4.2208333,1.3365581,3.4594014,0.72480005,3.4854496,2.07705,1.1356441,1.2700955,2.405046,2.489751,0.67590475,1.182759,1.9437833,0.8260598,2.9534974,2.1828635,2.6899219,1.5879406,1.6539077,2.3713937,0.48060647,1.0639473,1.0781795,1.0909377,1.1959199,3.7858806,2.3713937,1.731728,9.964602,3.515294,1.8134762,1.0121802,0.98868734,1.3903353,1.7990581,1.7928865,2.5281157,1.9880123,1.4690242,3.2473757,0.89811236,0.69516814,1.7661649,2.745129,2.691475,1.8314896,1.531765,3.8153477,1.0464479,1.3563639,1.4859604,1.0548363,0.68065566,1.2196825,1.4338739,2.7469249,1.4295902,2.8690746,0.66835415,2.0834596,1.3744805,1.7551243,2.1072896,0.7252488,1.4168605,1.70263,1.4076426,0.85089743,4.274387,1.5182768,1.2534395,2.2924075,0.5942112,1.3309208,3.0457218,4.333404,2.964002,3.5606277,2.6662319,0.9743736,2.8130972,2.4627793,1.914679,3.0712574,1.2748158,4.6806927,2.9100978,0.7730274,1.5761194,0.9850964,0.9028893,1.6081014,2.8243148,0.87738055,1.745666,2.2236538,1.011241,1.3883269,2.3528914,1.3315953,2.896335,2.7321293,1.0867667,0.7736081,3.3311694,1.69954,2.364714,1.741835,2.0753582,1.0043567,1.391305,4.121337,1.5502524,1.3128026,2.678924,3.6578915,4.231983,1.678274,1.4895219,2.6500404,1.9867972,2.2552862,4.22571,2.5467184,2.3005838,2.3889961,2.3491488,1.542524,2.592445,1.6218854,1.689761,1.6767429,1.9982021,1.3601668,2.3264751,2.9155078,1.3105413,1.3040894,1.2653879,1.3918569,3.0892015,2.2907705,3.0786371,2.582706,3.8354301,2.1713653,1.3596195,1.2009882,2.9638972,1.311277,3.1628616,2.8094854,4.5408673,2.246752,2.4845562,2.6025379,2.621445,5.212089,1.0653263,4.110884,2.7657626,2.8553867,2.3833723,1.9656453,2.4699955,2.8369565,1.132404,1.0008687,1.5786822,2.7534401,3.151917,3.1305223,3.659658,2.5718184,3.5528297,1.0330673,2.5965323,2.4096847,4.618484,1.6963063,2.8375723,2.161906,1.7300075,0.6812566,2.2400777,3.0693219,2.617125,1.1497209,3.226928,3.4661992,3.4225163,2.3897731,2.887997,2.5094903,1.9201461,3.015328,1.9987679,1.7531171,1.1477969,1.1232835,1.6458637,0.5864593,3.386003,1.2539687,2.244814,4.209642,3.2543285,2.6150208,1.6814642
1.5358067,1.1002295,2.4373648,4.4186654,2.792853,2.2631433,1.308037,1.633006,0.4323121,2.2754035,1.3931669,1.5874043,3.044316,1.6099414,4.012207,2.4979057,3.1851728,2.037436,2.4980772,3.0264351,1.3896389,0.46403214,3.2514162,3.5485532,4.543883,2.0446258,5.273124,2.90983,1.7732828,2.0691729,1.4232883,1.0256152,1.7122539,3.305952,1.7825391,2.63101,0.31095493,1.2541873,4.1101027,2.5557494,1.8990991,3.6252134,1.4213047,1.5867298,3.2881992,1.4823248,0.6645739,1.2613491,2.4256535,0.38121074,1.4691617,3.4944413,2.9894152,3.1262898,2.1011932,3.5497084,1.4376419,0.776808,2.6674895,2.7360785,2.0584586,3.1725833,2.971517,3.4071522,3.083857,3.7771509,2.2121978,1.4739647,0.3109403,1.398751,5.3146076,3.1487417,1.3082587,2.4598396,2.0336823,1.7203945,2.135103,0.36946177,1.6909992,1.702359,1.1389844,0.90309495,1.6651438,3.743024,2.2536223,3.0133116,1.6771959,3.6417542,3.0364377,2.090938,2.852328,1.6695913,1.6930746,1.6832076,1.3351349,2.1367161,1.8379828,3.137887,3.570344,4.119454,0.67248666,1.4236519,0.73600894,1.7652435,1.6701195,1.8355107,1.2888776,2.1563368,3.110373,0.73600894,0.8191609,10.217849,2.864615,1.7350358,2.1996093,1.9382366,2.2930534,2.3632867,1.0131135,2.7256668,3.052423,2.6406987,3.4371397,1.6843995,1.6855153,2.4787886,2.6476855,3.9223795,0.21517247,2.1732466,2.6336672,1.272509,1.3753098,2.0968516,1.5615832,1.7768449,1.4540639,2.7043486,1.6139808,0.523842,2.289763,1.5673051,3.5256975,1.383965,2.4717171,2.7720947,1.4863164,1.4338093,2.8801138,1.3547162,1.5984718,4.4075303,2.0982516,2.1342094,1.4514816,1.4309896,2.196947,2.1127086,2.8318636,1.6258234,2.5465407,2.7605438,1.9302461,3.4357913,3.1625555,1.6268277,3.4857185,2.8610651,4.320775,2.2403429,1.6859244,3.0237083,1.7853107,1.5580468,1.9236063,2.620242,1.6644044,0.72400665,2.152421,1.6162586,1.4227073,0.795055,1.3466523,3.3282275,2.7363117,2.2807987,1.668719,2.5971973,2.1615746,3.127067,2.3197224,3.0001223,1.7952193,2.384285,4.232672,2.2598753,1.4730443,3.082995,2.7157397,2.9042122,2.8814197,2.0411701,3.2509005,1.9106934,3.095187,3.4656298,2.5082912,3.332447,3.615482,0.52553946,2.5314436,2.9545531,2.0601718,2.137809,2.4921792,2.9777744,0.924421,3.0013165,2.629583,1.4974955,2.474043,2.0318274,1.9704623,2.8508983,2.1337664,2.298895,2.6155922,2.512481,1.2526354,0.7725438,1.666944,3.285062,2.7601604,3.7391238,2.7097113,5.3434453,1.8543693,3.23489,3.9503627,1.9430858,5.0514402,1.249165,3.0039883,3.8758194,3.2071018,3.699798,0.22985083,2.164643,2.4283483,2.423225,2.4712298,1.7032384,3.216724,2.727153,3.3594675,2.7032354,0.89245665,3.3960533,1.538725,3.287854,3.4769983,4.612874,2.1254127,1.5723199,2.8506854,2.3405225,1.881166,2.827441,4.1909738,2.6832047,1.120197,2.6521618,3.911079,2.973612,1.9243783,2.584764,3.182669,2.379982,3.5572565,2.5034657,2.370382,2.092166,1.4121841,2.2987397,1.7455993,3.7818449,1.2842034,3.2644794,4.1597342,4.325722,1.5064626,2.213241
1.0082867,3.0604167,2.100471,3.9535642,3.2088652,3.1332603,1.2070395,1.1579919,2.1692867,1.3209825,1.1736915,1.0673294,1.4634446,1.0243825,4.248404,1.1945828,2.8163917,2.5331843,3.4763136,1.3680214,1.1714218,2.4052083,2.6210918,2.253035,4.53852,1.7907932,4.8183484,0.9408245,1.0141175,1.3551422,1.3471011,2.67993,0.66094583,2.551662,0.773208,1.2924783,2.4101543,1.3140103,2.5864618,2.2922037,1.3722173,2.4791842,1.1043165,1.196322,2.2095885,3.4823947,2.7543263,1.1686311,2.0248935,2.2420084,1.1271751,2.9898658,2.2764375,1.8918654,2.0409045,3.6922863,1.5735391,1.4148743,3.6867914,3.043081,1.4753275,2.9318652,1.1721858,2.145721,1.4082991,2.487457,3.3935921,2.924658,2.0408804,1.4371365,5.15415,2.4964278,1.4363322,0.68630785,2.0387943,0.70745105,1.4952251,1.9296521,0.7745989,0.7338421,3.21952,1.7127692,0.97658885,3.8557355,1.6029496,4.1056356,0.68781126,3.1715732,1.4998232,1.1441547,1.1718955,2.9299407,3.0219188,0.6845782,1.2103875,1.6660917,1.1491508,2.4969707,2.431603,2.7976267,1.9663248,2.2795103,2.7139726,0.67679274,1.3320576,1.2374715,1.4370852,1.0423723,4.4193144,2.7139726,2.0548253,10.429296,3.0404508,2.3410287,0.82504624,1.2914671,1.7146479,2.282803,2.2447107,2.8663397,2.0854745,1.8113219,3.1056616,0.8233897,0.83316797,2.1091304,2.598811,2.8637812,2.010208,1.1321765,3.647225,1.394583,1.5360202,1.6060271,1.0534278,0.60789454,1.2075802,0.6617049,2.42015,1.7661611,2.6429756,0.8951045,2.1156175,1.4396439,2.102989,1.6930774,0.8389233,1.5015951,1.1325461,1.7878629,0.90667164,3.9790618,1.6516479,1.2683272,2.7924402,0.9784423,1.1664155,2.6783166,4.286206,2.8681166,3.382429,2.4690924,0.81984514,2.5200393,2.1135025,1.4751014,3.6360943,1.0489397,4.3144116,2.5067387,0.71215254,1.7416064,0.99252486,1.0036476,1.2089907,2.4091024,0.8581368,2.1777098,2.1276484,1.0043374,1.526625,2.6795986,1.5388137,2.6704476,2.2809234,1.2527297,0.7280456,3.5372558,2.1688516,2.1996846,1.3900295,2.6782215,1.0614302,1.7171558,4.7989173,1.217841,1.4082959,2.3829117,3.4251058,4.112439,0.86483586,1.2312869,2.320643,1.547965,1.7398615,4.0004463,2.2305262,2.220164,2.254387,2.6014926,1.8167263,2.0132263,1.7771794,1.9220217,1.8517716,1.4581012,1.716937,2.1219745,2.731055,1.3663673,1.4197782,0.9846357,0.9876536,3.7910445,2.8838174,3.0161157,2.0413241,3.6968539,2.6221235,1.5834161,1.0787594,3.596866,0.90924907,2.8078365,2.401612,4.8413177,2.0064335,1.9006879,2.7202399,2.132962,4.8128414,1.4151767,3.9316962,2.5539572,2.8646698,2.3816507,2.1991901,2.1907141,3.4370232,0.7669418,0.9405463,1.9350839,2.5653298,3.7971556,3.7618601,3.4684324,2.9040523,3.2441595,1.0220041,2.3515463,1.7846091,4.3204913,2.0204802,2.7068822,1.535876,1.2898215,0.86120695,2.0353396,3.107209,3.2347448,1.3253785,2.8632035,3.1326709,4.0686126,2.448452,2.7921002,2.2330437,2.0239873,2.5519319,2.5362048,2.0333533,1.2055396,1.2950801,1.8167341,0.58567184,3.997913,1.5261085,1.9823674,3.923042,3.4334555,3.1209304,1.9941247
0.5996054,2.7083602,1.8452269,3.6205642,3.1099806,2.989596,0.6616583,0.50400096,1.8336655,0.90198505,0.6443668,0.41294095,1.7670995,0.39819697,4.1015573,1.1169466,2.5482204,2.564425,3.4040244,1.7967511,0.6231995,2.1837847,2.3308976,2.6880977,4.9443173,1.163477,5.0194283,1.6009158,0.44487846,1.9189353,0.70016176,2.6234922,0.5178409,2.603568,0.56045806,1.3772134,2.140447,0.8695225,3.3133547,1.822046,0.7362101,2.2913682,0.55547607,0.589666,2.5651975,3.3258164,2.469683,0.69041336,1.5012566,1.9300476,0.56091356,2.6655617,1.8641533,1.4791328,1.370986,3.5139685,0.91764325,1.228092,3.5971997,3.1884818,1.0636162,2.4492152,1.1386409,1.930431,1.9352739,2.9774685,3.0865376,2.4352121,1.8440899,0.7871579,4.9850173,2.1443372,0.8196706,0.774136,2.4946218,0.5590959,1.0095466,1.6156013,0.44160208,0.4525025,2.973004,1.3085424,0.42422518,3.684904,0.98731273,3.6239917,0.47325832,3.1416748,1.8376102,0.73209596,1.5744714,2.424105,2.5258696,0.49868634,0.6873752,2.2155316,1.4634541,2.3832428,2.4493487,3.1200018,1.5410467,1.8616017,2.418373,0.72088516,0.6678463,0.61561173,0.8456825,0.8044276,3.9683778,2.418373,1.5381842,10.4328575,2.981825,1.7910454,0.84014195,0.7475613,1.2436271,1.7105482,1.7661685,2.3751717,1.7334876,1.4300814,2.7300797,0.43535691,0.54406494,1.6128039,3.0314934,3.2810078,1.8306755,0.69611233,3.6068456,0.8245712,0.8806558,1.0190425,0.46901238,0.5575703,0.6197861,1.1036718,2.3269715,1.5880213,2.8850968,0.49196658,2.4769726,0.81172,1.5643282,2.2857518,0.79411954,0.8477149,1.2943751,1.1795791,0.42882222,3.6622503,1.0057832,0.8068914,2.2829082,0.80786365,0.8465278,2.7658846,4.2090344,2.6786158,3.5406933,2.732081,0.33941615,2.8161037,2.336975,1.5073688,3.1161356,1.4450508,4.1284246,2.5653412,0.46929938,1.9572167,0.39508715,0.40733764,0.8077389,2.8691485,0.46753588,1.7227055,2.3380992,0.40017384,0.8633323,2.2641163,0.890095,2.3491383,2.139689,0.9223909,0.45399636,3.09468,1.5460929,1.9291306,0.9245835,2.4137728,0.44219577,1.3034467,4.267998,1.8610647,0.74716276,2.580893,3.5110476,4.07322,1.3783553,0.6768537,2.517543,1.4576356,1.8567557,3.901725,2.6736104,2.0020359,2.2324016,2.398453,1.2661492,2.6506374,1.1593996,1.2710937,1.3030487,1.9101955,1.7157867,1.815783,2.7496462,0.70996755,1.1108495,0.47564232,0.59094787,3.6462364,2.364307,3.0565379,2.388169,3.5735276,2.1313758,1.1866807,0.454033,3.0592566,0.9845782,2.4076035,2.9097378,5.0696464,2.4029624,2.5486434,2.9269605,2.0815089,4.6389146,0.8491893,3.9784586,2.4298599,3.3023067,2.2350283,1.8851448,2.5928771,2.8900661,0.9585217,0.9209711,1.293858,2.1957777,3.2980325,3.2263083,3.4363456,2.6307158,3.2661133,0.4558827,2.0958939,2.4392102,4.010192,1.3609347,2.5651617,1.5106006,0.9111214,0.4562249,2.6003597,3.5054145,2.6659253,0.8361545,2.8106108,2.7074993,3.5831108,2.1537519,2.989445,2.5055676,1.5345643,3.2296503,1.9864665,1.4385072,0.74758554,0.66222674,1.213735,0.65744245,3.4812183,0.90170234,2.011365,3.487414,3.800607,2.67548,1.3569542
0.9117545,2.9919999,1.6780646,3.3027086,3.1022618,3.0580068,0.90867066,0.59578645,2.1158836,0.62517285,0.84012127,0.62511736,1.6978452,0.60339516,3.9981463,1.164419,2.311293,2.6990845,3.5212662,1.9310093,0.883886,2.5263884,2.07904,2.7860384,5.3055644,1.0622053,5.1758695,1.7364929,0.6155569,2.2187183,0.8925571,2.999684,0.86114603,2.508494,0.850792,1.2201595,2.4305713,1.2255801,3.5026884,1.6534791,0.73638177,2.1792185,0.7857656,0.77461576,2.6450756,3.624528,2.74505,0.9898013,1.3750204,2.2043192,0.7536711,2.4227893,1.5821711,1.055996,1.307743,3.384834,1.0020622,1.6094085,3.6894522,3.3031814,1.1663809,2.2281194,0.94042337,1.7423402,1.9532183,3.127223,3.1904805,2.6163566,2.1915038,0.95652544,4.77153,1.8923163,1.0517681,0.69716686,2.8348653,0.9017069,1.0079558,1.9391443,0.7089767,0.72866654,3.2510996,1.641062,0.5888987,3.5461345,0.8835278,3.7516882,0.80243224,3.0219517,1.786568,0.7059559,1.709463,2.5856872,2.6955116,0.8364375,0.89037466,2.5534909,1.874207,2.184088,2.4576955,3.2127602,1.8117007,2.1039233,2.698854,1.0727223,0.78805375,0.6623352,1.1109179,0.78349936,4.125151,2.698854,1.7572335,10.561134,2.9352107,1.9108324,0.93230486,0.82537836,1.2169237,1.6977386,1.9864094,2.320359,1.5338366,1.3787585,2.483537,0.68215734,0.84424764,1.5496541,3.3192663,3.485599,2.1539395,0.44836012,3.7324312,1.1093951,1.0298032,0.90352404,0.661789,0.87060213,0.7732569,1.1018655,2.4528606,1.9611288,3.1030562,0.83803284,2.5878205,0.9420989,1.4840317,2.4932525,1.2090802,0.9506127,1.1375753,1.3289205,0.7125247,3.3593204,0.865356,0.72171485,2.4577036,1.2299128,0.7458129,2.905746,4.3874717,2.8139465,3.7578783,2.8801286,0.4383335,2.8520083,2.3191855,1.6376758,3.0838776,1.5344591,3.946222,2.6456378,0.77635163,2.0754488,0.52411944,0.68110913,0.7218929,3.0994217,0.71860754,1.9879901,2.5513952,0.6038025,0.98578507,2.4922445,1.0565686,2.069871,1.9834652,0.9231019,0.76656556,3.1021261,1.543666,1.6794379,0.59361595,2.5021374,0.5435754,1.2830365,4.2926183,2.1836994,0.8801741,2.6052785,3.6550934,4.22417,1.368489,0.44673833,2.4957528,1.4664613,1.6982121,3.8973093,2.9138708,1.7763958,2.0622592,2.715381,1.1247973,2.9017718,1.0514787,1.161221,1.1271063,1.9446169,2.128418,1.5463554,2.8120024,0.8345397,1.0397959,0.3076922,0.55193144,3.9484448,2.4776034,3.2335591,2.4893694,3.6853478,2.3160036,1.4646702,0.55822515,3.0706365,0.8655607,1.9921185,3.1552768,5.2286115,2.7303765,2.76367,2.9708035,2.1308606,4.4055133,1.1327622,4.12714,2.158201,3.5751657,2.034531,2.1668913,2.8721395,2.9929504,1.0053345,0.95245475,1.3383781,1.9062155,3.427159,3.2428346,3.5311563,2.91318,3.2288678,0.675743,1.81471,2.5193002,3.725607,1.2909591,2.7125742,1.2638235,0.6058928,0.6964183,2.8672235,3.6439335,2.713723,1.0994943,2.802504,2.302609,3.710821,2.2096174,3.18255,2.545039,1.4002552,3.4997509,1.9910725,1.3223605,0.71097827,0.8902801,1.055124,1.0058348,3.4631689,1.112497,1.8669416,3.1614175,3.981658,2.8854933,1.2704095
0.92832965,2.5893185,2.2575238,4.014391,3.5245814,3.3183887,0.8485866,0.73260605,1.8330353,1.1975702,0.9239721,0.70545524,2.3582368,0.7579508,4.5470557,1.5802805,2.9822123,2.971748,3.7412229,2.2321873,0.5678777,2.0859058,2.8019035,3.2149205,5.1280904,1.4185073,5.3926263,2.0301163,0.87998956,2.2387419,0.59635967,2.5942686,0.9793519,3.1826856,1.0335257,1.8855555,2.101973,0.7097035,3.5305388,2.194634,1.0322928,2.6289408,0.82995605,0.8727372,3.1247225,3.318538,2.4287834,0.6619703,1.8196177,1.9435588,0.85960054,3.110347,2.2766385,1.6820903,1.4831445,3.9415314,0.8712592,1.1965477,3.906172,3.6371214,1.3705355,2.7841165,1.5387421,2.3215292,2.2768185,3.4437385,3.3345902,2.4114666,1.7507129,0.665433,5.452597,2.5871093,0.6553244,1.3175229,2.7505555,0.9940474,1.3566687,1.5151405,0.9617221,0.97808963,2.9369779,1.1734515,0.87492675,4.1170797,1.2177514,3.6229727,0.96012706,3.6913266,2.4302993,1.2340138,2.02094,2.418688,2.5112197,0.96989626,0.9277508,2.4940426,1.5395807,2.897574,2.8458343,3.5383549,1.5106897,1.8812398,2.403744,1.112686,0.8647163,0.9656293,0.659848,1.3710777,3.9586453,2.403744,1.4214535,10.728573,3.376755,1.8498373,1.4105408,1.0715584,1.5602093,1.8423694,1.7566702,2.627377,2.1226919,1.7425184,3.1394901,0.94979274,0.9964249,1.8873746,3.4156618,3.648844,1.8515707,1.0376374,3.932907,0.64856493,0.7544271,1.3524987,0.82653105,1.0555463,0.84501165,1.527411,2.52773,1.5472012,3.288756,0.8474561,2.9199297,0.809769,1.8047857,2.768747,0.78910905,0.81202245,1.8475624,1.2185955,0.8632086,4.0699215,1.2719295,1.2779129,2.2551827,0.755008,1.3932523,3.1089501,4.432009,2.9104755,3.8768415,3.2465029,0.9168017,3.3972075,2.9319959,1.9059141,3.2115219,1.9135444,4.569721,2.9778612,0.9734798,2.3875072,0.8639947,0.7394535,1.0831025,3.2806213,0.96298754,1.6009228,2.7922919,0.7886384,0.7631518,2.2025883,0.74933887,2.799341,2.625775,1.3680466,0.950558,3.323017,1.6329072,2.414762,1.2791212,2.626399,0.8706311,1.6418853,4.2558484,2.1720562,0.6637758,3.1579313,3.8949597,4.360951,1.8146448,1.0396485,3.1095185,1.9199704,2.4457285,4.3246384,3.1099927,2.4737775,2.7399883,2.3421297,1.5117736,2.8462715,1.4310316,1.4680439,1.607976,2.4887075,1.6905726,2.2929127,3.2407115,0.6649857,1.5603057,0.96409464,0.8626116,3.6839294,2.4052823,3.4406934,2.9046457,3.8496766,2.1275034,1.2510332,0.7078654,3.0891814,1.4577328,2.6730053,3.3120325,5.4487686,2.6678474,2.6884348,3.3745854,2.3611798,5.096753,0.6734118,4.329207,2.9111114,3.7060382,2.6594186,1.8435196,2.95777,2.8738606,1.5286051,1.4224577,1.3941809,2.62202,3.283672,3.2585545,3.818154,2.6157103,3.7962317,0.8124497,2.58191,2.9425182,4.414937,1.4971257,2.8210583,2.022808,1.2850267,0.91291076,3.0232406,3.9624262,2.6712587,0.9587663,3.253085,2.963082,3.5785081,2.513698,3.437364,3.0853472,1.9007093,3.3799517,2.0962694,1.6676421,1.2170209,0.5509102,1.4908801,1.0921386,3.5398664,0.7333885,2.5770104,3.7750883,4.1988215,2.6376235,1.5312407
1.6002306,3.6879106,1.4023974,2.5896776,2.843035,3.0351503,1.6717298,1.4156944,2.7738132,1.0081173,1.538557,1.4484051,1.101575,1.3916,3.4976163,1.282253,1.7339258,2.6673183,3.5012565,1.9134487,1.7866544,3.2649977,1.397581,2.4443564,5.5989575,1.4103397,5.0149655,1.7721807,1.3041227,2.5088708,1.7956803,3.6666324,1.4790947,1.8179972,1.422617,0.851776,3.095243,2.127218,3.6343052,1.4670105,1.3304807,1.9586974,1.5372779,1.4959481,2.2479465,4.188763,3.3785768,1.864094,1.4405576,2.8349824,1.4831722,1.7888916,1.0875516,0.99020535,1.7573792,2.9114752,1.8017673,2.3996778,3.670631,3.1172295,1.585377,1.8996483,0.8932199,1.3905663,1.9284014,2.914031,3.311508,3.1751714,2.9517624,1.8433044,4.042931,1.3115454,1.954079,0.8206423,3.1685982,1.5189028,1.3551333,2.716684,1.3209046,1.3263749,3.8499787,2.4744775,1.2856742,3.0398948,1.3458036,4.153719,1.4262697,2.328168,1.2101644,1.0219318,1.7348051,3.1119525,3.227525,1.4584455,1.5989493,2.881331,2.5391586,1.4878899,2.2580247,2.9912171,2.5246894,2.7111313,3.3143415,1.6462382,1.5266845,1.2968776,2.0197365,0.9104719,4.547406,3.3143415,2.515661,10.404267,2.66571,2.4214153,1.0905995,1.3896576,1.4682093,2.0468373,2.627669,2.3457053,1.2528086,1.522186,1.9240929,1.3047183,1.4521434,1.6951734,3.4007676,3.4537256,2.811405,0.9996109,3.7218935,2.0193706,1.8932042,1.216365,1.403325,1.4223442,1.5233641,1.2202235,2.724678,2.7146869,3.1171985,1.5629072,2.4180105,1.7558314,1.6808199,2.4143968,2.0476074,1.7692562,0.62713265,2.0060964,1.4149082,2.6417835,1.2708819,0.9933885,3.0300777,2.093658,0.81304884,2.945793,4.5384307,3.0225198,3.820449,2.6557686,1.089178,2.3343964,1.738827,1.8092091,3.2474494,1.515876,3.338843,2.543013,1.3851177,2.0278451,1.2305202,1.475296,1.2659627,3.100148,1.3358172,2.747762,2.5467308,1.3691808,1.8375083,3.1342077,1.9268839,1.383593,1.4829544,1.1717026,1.3942755,3.1546874,1.9967949,1.0047702,0.8323972,2.6848063,1.2476633,1.4758462,4.574082,2.5018966,1.75883,2.1144128,3.580692,4.26668,1.3197811,1.0058109,1.8995008,1.4420987,0.8921334,3.574513,2.9094226,1.1603099,1.4023418,3.390501,1.3820423,3.1918294,1.3752239,1.524973,1.2547476,1.5340655,2.8685641,0.8847144,2.5374124,1.7067368,1.096802,0.95351213,1.2685872,4.4351153,2.9197567,3.229118,2.2409105,3.7359464,2.8883164,2.1666818,1.392453,3.362593,0.8746214,1.4792262,3.1764119,5.0585947,3.0574646,3.0860724,2.668001,2.2647142,3.6713696,2.038658,4.0801034,1.3375021,3.5861053,1.5185536,2.8538525,3.0159123,3.4423072,1.023594,1.1080636,1.8849894,1.2868588,3.8645728,3.5247939,3.4170022,3.5149553,2.7002964,1.4255908,1.031593,2.2107577,3.0338032,1.7126869,2.9115136,0.5922327,0.82543546,1.3466607,2.8995957,3.3960085,3.1087644,1.8450407,2.5208342,1.7937543,4.1193237,2.2365005,3.096351,2.0676892,1.3651496,3.805598,2.3190682,1.5590501,1.0603492,1.806603,1.2998239,1.5698204,3.6568015,1.9985918,1.1478884,2.6603432,3.853169,3.4582496,1.6356814
1.91977,1.4540687,3.3867905,4.876922,3.6016939,3.1685703,2.0660555,2.4466994,1.4817219,3.184083,2.1854386,2.2556493,3.3824568,2.2808437,4.570209,2.4134667,3.8944845,2.7785838,3.178369,2.863443,2.3212585,1.5193539,3.560218,3.3004692,3.6879158,2.3298352,4.034461,3.1878214,2.2041016,2.8627014,2.2614896,1.5305886,2.1547294,3.535514,2.1160903,3.4763753,1.7833592,1.8247327,4.6709127,2.7384868,2.2140684,3.0921898,2.1902213,2.057871,3.1533377,2.2610402,1.819798,2.2243402,2.4151356,1.6165934,2.220431,3.653281,3.2266128,3.7384803,2.2032661,4.2930574,2.364339,1.8002123,3.5818167,3.398562,1.9069196,3.2201219,3.2633798,3.1716266,4.0191684,3.3749971,2.345247,1.3821164,1.7677026,2.257915,5.761179,3.3230915,2.0960033,2.9858873,2.7449117,2.0953043,2.1451159,1.6602978,2.2541704,2.262712,2.0287414,1.4731424,2.3308933,4.475454,2.3633623,1.942233,2.1940155,3.8986163,3.4136376,2.378346,2.76206,1.3466513,1.3362331,2.161876,2.1710231,2.7498333,2.0679042,3.786733,2.879506,3.4277225,1.4784127,0.8751705,1.4987595,2.0607371,2.0800335,2.2154615,1.9863809,2.4941223,2.0800755,1.4987595,1.7924078,8.738436,3.9768631,1.4508835,2.4617395,2.0919247,2.1536448,2.001986,1.3276831,2.3179584,2.9093487,2.342089,3.700373,2.2592852,2.0711186,2.2137737,2.832268,3.170901,1.7632226,3.0266633,3.4059558,1.9729631,2.2352247,2.377055,2.2608387,2.219491,2.3000572,3.3116305,3.1286085,1.5371405,2.8578858,2.0183818,3.0541017,2.3231611,2.2582874,3.0665066,2.22452,2.3468647,3.31931,1.755093,2.1586254,4.850423,2.4284225,2.424039,1.3634515,2.008222,2.5779488,3.26802,3.5577888,2.7146013,3.2171674,2.851767,2.469048,3.4149718,3.2849877,2.7516665,2.5730827,2.8907945,4.960489,3.2620652,2.2134795,2.5602725,2.3146894,2.1718981,2.956175,3.3097873,2.2030363,1.4768512,2.3139129,2.2862644,2.3020356,1.7124151,2.1899643,3.6508145,3.527568,2.3155339,2.2058716,2.6190412,1.975817,3.2766945,3.1102235,1.9224036,2.2886093,2.1749465,3.070093,2.7394865,2.3555784,3.2035868,3.41115,3.6231587,3.5136917,2.820653,3.3550084,2.8754914,3.502147,3.9967232,2.9598534,3.2738113,3.4618864,1.8121822,2.4818537,3.8920193,2.3493395,2.3368378,2.5458367,3.2822762,1.575057,3.2744973,2.9272192,2.3950238,2.4613113,2.721593,2.9141312,1.2301644,1.4164461,2.6308231,3.339873,3.3929372,1.3844674,1.7608312,2.513737,2.312787,3.0990462,4.3973613,3.3398023,4.134899,2.6817107,4.069278,3.2665854,3.3664553,5.619329,1.959506,3.647958,3.879803,2.85289,3.451639,1.7701741,2.807711,1.6958522,2.7114735,2.5801682,1.9213295,3.5309677,1.7281896,2.3580267,3.3568645,1.5986722,3.7496743,2.2573822,3.540922,3.833401,5.0835266,2.2156007,2.6832108,3.5908656,3.1789281,2.1866717,2.8856945,3.52525,1.8921044,1.9484644,3.494641,4.577444,1.9165435,2.2156417,2.6756315,3.1780183,2.4921901,4.2854195,1.9471,2.350324,2.3546731,2.2234387,2.465851,2.1559634,2.746742,2.0807512,3.3090224,4.8428936,3.4433486,1.3297236,2.2558334
1.5358067,1.1002295,2.4373648,4.4186654,2.792853,2.2631433,1.308037,1.633006,0.4323121,2.2754035,1.3931669,1.5874043,3.044316,1.6099414,4.012207,2.4979057,3.1851728,2.037436,2.4980772,3.0264351,1.3896389,0.46403214,3.2514162,3.5485532,4.543883,2.0446258,5.273124,2.90983,1.7732828,2.0691729,1.4232883,1.0256152,1.7122539,3.305952,1.7825391,2.63101,0.31095493,1.2541873,4.1101027,2.5557494,1.8990991,3.6252134,1.4213047,1.5867298,3.2881992,1.4823248,0.6645739,1.2613491,2.4256535,0.38121074,1.4691617,3.4944413,2.9894152,3.1262898,2.1011932,3.5497084,1.4376419,0.776808,2.6674895,2.7360785,2.0584586,3.1725833,2.971517,3.4071522,3.083857,3.7771509,2.2121978,1.4739647,0.3109403,1.398751,5.3146076,3.1487417,1.3082587,2.4598396,2.0336823,1.7203945,2.135103,0.36946177,1.6909992,1.702359,1.1389844,0.90309495,1.6651438,3.743024,2.2536223,3.0133116,1.6771959,3.6417542,3.0364377,2.090938,2.852328,1.6695913,1.6930746,1.6832076,1.3351349,2.1367161,1.8379828,3.137887,3.570344,4.119454,0.67248666,1.4236519,0.73600894,1.7652435,1.6701195,1.8355107,1.2888776,2.1563368,3.110373,0.73600894,0.8191609,10.217849,2.864615,1.7350358,2.1996093,1.9382366,2.2930534,2.3632867,1.0131135,2.7256668,3.052423,2.6406987,3.4371397,1.6843995,1.6855153,2.4787886,2.6476855,3.9223795,0.21517247,2.1732466,2.6336672,1.272509,1.3753098,2.0968516,1.5615832,1.7768449,1.4540639,2.7043486,1.6139808,0.523842,2.289763,1.5673051,3.5256975,1.383965,2.4717171,2.7720947,1.4863164,1.4338093,2.8801138,1.3547162,1.5984718,4.4075303,2.0982516,2.1342094,1.4514816,1.4309896,2.196947,2.1127086,2.8318636,1.6258234,2.5465407,2.7605438,1.9302461,3.4357913,3.1625555,1.6268277,3.4857185,2.8610651,4.320775,2.2403429,1.6859244,3.0237083,1.7853107,1.5580468,1.9236063,2.620242,1.6644044,0.72400665,2.152421,1.6162586,1.4227073,0.795055,1.3466523,3.3282275,2.7363117,2.2807987,1.668719,2.5971973,2.1615746,3.127067,2.3197224,3.0001223,1.7952193,2.384285,4.232672,2.2598753,1.4730443,3.082995,2.7157397,2.9042122,2.8814197,2.0411701,3.2509005,1.9106934,3.095187,3.4656298,2.5082912,3.332447,3.615482,0.52553946,2.5314436,2.9545531,2.0601718,2.137809,2.4921792,2.9777744,0.924421,3.0013165,2.629583,1.4974955,2.474043,2.0318274,1.9704623,2.8508983,2.1337664,2.298895,2.6155922,2.512481,1.2526354,0.7725438,1.666944,3.285062,2.7601604,3.7391238,2.7097113,5.3434453,1.8543693,3.23489,3.9503627,1.9430858,5.0514402,1.249165,3.0039883,3.8758194,3.2071018,3.699798,0.22985083,2.164643,2.4283483,2.423225,2.4712298,1.7032384,3.216724,2.727153,3.3594675,2.7032354,0.89245665,3.3960533,1.538725,3.287854,3.4769983,4.612874,2.1254127,1.5723199,2.8506854,2.3405225,1.881166,2.827441,4.1909738,2.6832047,1.120197,2.6521618,3.911079,2.973612,1.9243783,2.584764,3.182669,2.379982,3.5572565,2.5034657,2.370382,2.092166,1.4121841,2.2987397,1.7455993,3.7818449,1.2842034,3.2644794,4.1597342,4.325722,1.5064626,2.213241
1.0638021,2.2467303,1.8201672,3.5865047,3.035399,2.7910914,0.6732073,0.5478273,1.4848607,1.0693476,0.70982736,0.6814116,2.526587,0.73886496,4.0342984,1.8797741,2.5364954,2.6398814,3.274068,2.7030306,0.52118653,1.8839874,2.5016391,3.4991682,5.473659,1.110224,5.611098,2.5278358,0.97230494,2.4658833,0.34575018,2.4993563,1.258217,3.0330343,1.2858045,1.880845,1.7388986,0.8959557,4.072185,1.8366934,0.9575247,2.8562584,0.6981344,0.821239,3.2848296,2.962109,2.022377,0.61651623,1.6171129,1.561738,0.6977779,2.7865884,2.035891,1.7101741,1.1867476,3.4148169,0.20585553,1.2182205,3.384643,3.347907,1.4786278,2.4050603,1.9381843,2.501099,2.5776052,3.8199062,2.8199914,1.9729877,1.5835633,0.28077543,4.9832063,2.329047,0.44603926,1.617096,2.8910844,1.2878855,1.3758538,1.2855558,1.094541,1.132533,2.53033,1.1097453,0.8499799,3.5937045,1.2191069,3.3183203,1.1804938,3.4194539,2.5828307,1.2897924,2.4816885,2.0129578,2.1070778,1.2143092,0.6798866,2.747372,2.0406027,2.586655,3.1308374,3.9451306,1.1775838,1.7212399,2.0320878,1.4661238,0.77645963,0.93223864,0.57660985,1.4477534,3.625175,2.0320878,0.9476435,10.742925,2.90338,1.5546801,1.6388913,1.1472962,1.5591662,1.7008253,1.3789766,2.3145912,2.1479127,1.8748571,2.7309806,1.0491692,1.1939883,1.7781059,3.5020363,4.0787888,1.605198,1.0047706,3.4680798,0.6159239,0.25227433,1.155501,0.7464229,1.3304601,0.57614136,1.9535322,2.0725276,1.4890225,3.134379,1.0441492,3.3275108,0.29710934,1.6877668,3.011065,1.2287544,0.22385381,2.0716505,0.85703325,0.95359033,3.636735,1.0398892,1.2707702,1.8282273,1.1896989,1.3964232,2.762024,3.9453049,2.376843,3.6057997,3.1975334,1.0717297,3.4456506,2.959468,1.677657,3.0469508,2.3699474,4.056018,2.6248364,1.1640309,2.7554786,0.9143684,0.7874427,0.88776755,3.2986627,1.0571464,1.257131,2.7349682,0.7719294,0.19838998,1.7145748,0.29706007,2.4955595,2.261635,1.5364697,1.1351999,2.7547817,1.4381496,2.2840767,1.1117097,2.752182,0.8982031,1.6893594,4.0601325,2.5477433,0.23813772,3.1013114,3.5404265,3.890078,2.206459,0.871804,3.0946763,1.6303447,2.470169,3.8303256,3.1595619,2.483179,2.8814404,2.0449035,1.5291303,3.190323,1.1294035,1.1690695,1.5057259,2.698225,1.8211046,2.1143346,2.9566228,0.26841792,1.6930453,0.9848378,0.9071571,3.6977546,2.125616,3.1427996,2.83594,3.3151278,1.6836,0.94986886,0.60366887,2.929741,1.8506691,2.4267683,3.3863025,5.683694,2.7376168,3.171832,3.6905935,1.9651783,4.6282864,0.61783266,3.9293277,2.9580956,3.900389,2.8250904,1.4679102,2.9780366,2.5209692,1.8228499,1.7678678,1.0245918,2.319045,2.978984,3.0696197,3.3769822,2.2407103,3.4850693,0.754585,2.4122314,3.287888,3.939023,1.2158558,2.3314712,1.9781715,1.1842812,1.1870841,3.2932749,4.2944202,2.4244733,0.7225054,2.818733,2.6394691,3.271957,2.0802155,3.3100853,3.1427166,1.6298357,3.8330824,1.956373,1.4741234,1.2588246,0.42226067,1.2977685,1.4162911,3.3947003,0.42149934,2.6442754,3.240884,4.5507035,2.2257996,1.3010257
6.37555,6.081731,7.3608103,7.874436,6.8558197,6.6927576,6.6804476,7.004182,6.253751,7.560864,6.7330623,6.7898955,6.7130785,6.781476,7.127244,6.1463747,7.411411,6.2556806,6.2966514,6.067681,7.032185,6.3127623,6.8292146,5.61441,4.3244195,6.543276,2.9283912,6.755968,6.5769496,6.754604,6.9818625,5.965503,6.483064,6.313978,6.391917,7.4419103,6.4961004,6.5999193,7.9946485,6.4199543,6.5475445,5.9169655,6.7504783,6.543241,5.619601,6.3086877,6.4182935,6.948774,6.259679,6.3291435,6.7556796,6.677811,6.790413,7.8650217,6.455622,7.3647943,7.0677867,6.5781884,6.8420367,6.351127,6.0104475,6.518387,7.1066604,6.34609,7.976978,5.42876,5.650303,5.8397846,6.586923,6.9950204,7.9249215,6.650641,6.8662386,7.0183535,6.4425697,6.416736,6.223583,6.541375,6.605699,6.600987,6.3628974,6.370102,6.7620397,7.4626713,6.5335455,4.89425,6.5451107,6.438193,6.724585,6.4857454,6.1500225,5.7038407,5.668869,6.5058575,6.748723,6.4827957,6.324238,7.1800675,5.3432746,5.1902556,6.3132014,5.586227,6.0950317,6.323697,6.5715876,6.5711923,6.7688546,6.5027304,4.8120346,6.0950317,6.645057,3.9644358,7.5719676,5.8355174,6.400657,6.362049,6.0961585,5.9646506,6.076673,5.666647,6.3231454,6.034473,6.8523893,6.622906,6.4075065,5.979676,5.6194463,4.855577,6.462731,7.409798,6.494515,6.7534146,6.9825926,6.540593,6.7593746,6.487549,6.8774667,7.309644,7.405262,6.3495207,6.0016155,6.4764113,5.5210667,7.0184803,6.104611,6.19724,6.8310924,7.04606,7.0282617,6.3910823,6.595392,7.773703,6.666654,6.5218077,5.883589,6.651388,6.5964956,6.967347,6.5321884,6.656384,6.1832395,5.519092,6.7696157,5.7520614,6.092541,6.925128,5.363575,6.3777523,7.6990743,6.882475,6.556195,5.5381927,6.6964655,6.6880083,7.4343038,6.495243,6.567593,6.3761067,5.5315113,6.770068,7.029595,6.3994255,6.9489455,6.960707,7.1698246,6.2733135,6.5659103,5.873528,6.1538467,6.6168823,7.3947015,4.8987694,6.6719556,6.014304,5.092941,6.511845,7.064462,5.8739333,6.336651,6.503662,7.39408,7.1950293,6.0284333,6.9426727,6.854429,6.5788164,6.0599337,6.425959,6.2946453,6.454816,6.4326487,7.7328544,6.5442705,6.533863,6.472588,6.508201,6.2453704,6.7766805,5.842072,7.0858445,6.2653427,7.048914,7.4025764,3.9120839,5.452775,5.612939,6.6700735,6.7071166,5.968067,6.5005875,7.065555,5.350657,6.9798493,8.2416115,6.4728165,3.0344105,6.477743,7.976015,5.158271,7.6045895,8.120242,6.7478714,6.346102,6.7968826,4.890694,6.3616753,6.55009,6.225936,5.4682727,6.5435796,6.4280257,6.3577046,6.955947,5.0914426,5.2653184,6.334659,6.081506,6.2949653,6.76577,6.858156,6.88266,7.8902726,6.435346,6.632534,7.4458585,7.464462,6.482678,5.764748,4.840388,5.5345936,6.620424,6.866317,8.359021,4.931898,5.912057,5.332476,5.778446,6.314199,7.8490033,5.758333,6.340172,6.4792647,6.9442453,6.5413055,6.4290323,5.2476807,6.8639226,6.3485694,8.316326,4.349877,5.730956,6.396876
4.6210127,5.42282,2.8859599,1.7075548,2.4923036,3.1082048,4.478942,4.373338,4.795758,4.048444,4.330484,4.4725413,3.946553,4.423982,1.4797839,4.5855227,2.1107893,3.5188305,3.437639,5.150695,4.7127786,5.3669558,2.6458004,4.820054,7.834862,4.0083294,6.6173806,5.0996375,4.437812,5.0503855,4.666658,5.684696,4.6534123,2.8829057,4.601899,3.7250047,4.9448,5.0833435,6.566032,3.3217716,4.3255434,4.7822104,4.415543,4.451233,4.316738,5.4166317,4.9951277,4.7383237,3.91716,4.7369366,4.3568807,2.5845997,3.2619724,4.182868,4.2795024,1.5042648,4.441109,5.0655932,3.3214135,3.442159,4.5653367,3.1021473,4.631856,4.377444,4.8016987,5.433392,3.7209399,4.808031,5.2216344,4.6470165,0.7861329,3.0253463,4.7801332,4.386531,5.3438163,4.6955037,4.3333535,5.0477867,4.430947,4.4480276,5.1981344,5.1210794,4.3223324,1.3327919,4.4018927,5.4753947,4.5658054,2.2970252,3.9143243,4.1959066,5.0321403,4.791016,4.8615355,4.607218,4.349664,5.3712745,5.6791377,2.3831532,4.9867043,5.652186,4.780691,4.995525,4.988021,4.829102,4.475132,4.340675,4.878414,4.107234,5.67969,4.988021,4.747711,10.710141,2.5270107,4.5968685,4.3590164,4.472201,4.329998,4.5147724,4.715289,3.9155145,4.050948,4.5232286,2.3984244,4.3983917,4.5669785,4.217694,5.1181846,6.092058,4.90162,4.1755276,3.549143,4.8969607,4.6204286,4.0256805,4.3697286,4.608535,4.3399754,4.7228436,3.901808,5.1753726,4.227599,4.6527014,5.2828465,4.461596,4.256863,4.797662,5.180025,4.466975,4.120679,4.50163,4.475949,1.5747318,4.086678,4.113596,4.781975,5.2175083,3.982278,3.701919,4.3523035,3.6973839,4.349184,4.0014205,4.368031,3.862982,3.6139407,3.8513272,4.984958,4.9070168,0.7397197,3.2811975,4.5137124,5.0246983,4.366422,4.515579,4.132014,4.6507707,4.409774,4.9724073,4.221917,4.4017887,4.5621057,4.807587,4.659334,2.6695685,2.5873954,4.393283,4.5172663,3.4534004,4.5078835,3.3023908,3.9010527,5.1649075,4.3653364,4.36874,5.986196,5.3446307,4.5781393,3.487172,3.6697564,3.9449072,4.687324,4.0642786,3.4783568,3.4764225,3.4673676,2.4053676,4.6293964,3.7285068,4.022523,5.2138095,4.376589,5.8001604,3.980622,4.0949464,4.085125,4.194535,5.483217,3.2232,3.1697567,4.541833,4.279638,4.200351,4.392446,6.372429,4.813279,3.8814723,3.745622,3.5198188,4.6682057,4.5899677,4.4004445,5.224482,4.5721927,3.310707,4.867743,6.686342,5.1189647,6.0629263,5.176334,3.6409428,0.39574194,4.8965545,3.8328276,3.675884,5.4899483,4.2846365,4.8430324,4.784237,5.0124335,4.409602,4.573988,4.3186445,2.8533823,5.3419185,5.245944,3.2262404,5.0690446,2.4740582,4.396594,3.062182,4.858114,1.2004243,4.248343,3.725781,3.514601,3.9517813,4.6121283,5.2305517,5.6268964,4.9864507,4.521569,2.609828,3.0770023,5.459283,3.416565,4.163066,3.8688998,3.666825,6.55147,4.6423864,4.1379805,4.2138047,4.7194853,4.0465293,4.741942,5.3451033,4.7583466,3.6817124,2.0092328,6.114741,5.0126395,4.225661
0.4308884,2.2431576,2.2208424,3.8138893,3.087061,2.8898585,0.8291535,1.0782206,1.4905698,1.7087351,0.90383273,0.83955693,1.9910214,0.8441892,4.050678,0.92787564,2.7967048,2.399033,3.164559,1.6719092,1.1168071,1.8589784,2.4063263,2.4325957,4.3243265,1.1059413,4.275094,1.8584833,0.65064394,2.0658836,1.0818905,2.1952128,0.65589595,2.5396588,0.55539346,2.0074625,1.9110482,0.82719994,3.6890702,1.6984776,0.7623442,1.9938533,0.86943203,0.6310967,2.301289,2.9743373,2.1783967,1.0823158,1.2662951,1.6359024,0.8818058,2.6307395,1.9579293,2.1830778,1.1695886,3.5909257,1.2654766,1.1680167,3.481785,3.05042,0.49423662,2.3128996,1.6453854,1.8441283,2.63836,2.6633732,2.6020925,1.8726777,1.6897613,1.1293496,5.0250034,2.1531332,1.0283663,1.390141,2.4198747,0.5851044,0.7164575,1.4366503,0.7520508,0.76256317,2.636954,0.9986693,0.8687348,3.7686377,0.95415795,2.854485,0.7021854,3.0564966,2.0592282,0.8199014,1.4875985,1.806897,1.9015665,0.6676078,0.93523943,2.199618,1.3281562,2.6201925,1.9849908,2.7143335,1.2088047,1.0992203,1.9998227,0.63301295,0.6902766,0.71907216,0.9512516,0.9532522,3.1964073,1.9998227,1.3949134,9.559153,3.210759,1.1681668,0.92651355,0.5604139,0.8612343,1.2064912,1.2809061,1.8528041,1.611888,1.0680605,2.727998,0.7589227,0.5324441,1.1832361,2.7095778,2.787175,1.6414328,1.5269277,3.4082649,0.9287223,1.1633414,1.0175569,0.85451865,0.7221544,1.0134146,1.7752919,2.559218,1.3293817,2.6530173,0.52755344,2.1482363,1.1826097,1.194413,2.228194,1.1021353,1.2144157,1.7559254,0.896169,0.6759806,3.8245394,1.0845952,0.90003836,1.7255727,0.91672695,1.0537033,2.8222592,3.9340978,2.5580735,3.2971356,2.395071,0.8946037,2.596622,2.235622,1.7679365,2.4883423,1.503191,4.2165027,2.637124,0.7156872,1.5453452,0.7835161,0.7339425,1.5753622,2.8330727,0.70136213,1.3988335,1.9435939,0.8424891,1.1969805,1.9492809,1.138321,2.4651546,2.4011257,0.7698274,0.71023285,2.654191,1.1211231,1.978556,1.621299,1.6207893,0.76196456,0.88729614,3.5636826,1.9120327,1.1754664,2.3806157,3.3154314,3.8284948,2.0094178,1.3522574,2.382599,1.7468342,2.1097662,3.7290988,2.510768,1.966314,2.170669,2.1377764,1.1445559,3.041619,1.1111623,1.1719451,1.2247523,2.0304818,1.4310381,1.9473771,2.4690852,1.1841583,0.97628593,1.18661,1.4708409,2.7404778,1.6500543,2.6654844,2.4786553,3.4072428,1.6146582,1.0510406,1.1256635,2.3958116,1.4862773,2.965423,2.8681338,4.344129,2.3411405,3.0470748,2.4924586,2.4862113,4.769287,0.9385798,3.736788,2.5255606,2.8116848,2.1597545,1.6975043,2.458287,2.2174459,1.1806486,1.0102117,1.0033689,2.3203323,2.5496676,2.5468976,3.227242,2.2089612,3.1246898,0.85774195,2.2336202,2.6538193,4.1469393,1.1554365,2.4618623,2.0925474,1.6732002,0.5691242,2.3585043,3.0471408,2.011847,0.87463474,2.8423707,3.2165818,2.818257,1.78374,2.5667765,2.2877283,1.3569103,3.5446665,1.3980639,1.2130845,0.8043595,1.0324081,1.170168,0.7259866,2.8268037,1.0696554,2.0037212,3.792446,3.231135,2.085391,1.1428871
1.5437429,3.773894,1.8574508,3.13557,3.1517031,3.3085918,1.7470512,1.5513145,2.8566215,1.2946552,1.6429373,1.5147641,0.8148599,1.4555644,3.8845072,1.0193071,2.261435,2.7862728,3.7048907,1.3702834,1.8370734,3.2693686,1.8708328,2.0357397,5.177949,1.6963897,4.7212296,1.1990625,1.3196899,2.2191083,1.8969898,3.5935571,1.3165014,1.9604845,1.2739695,0.98252356,3.1779883,2.0803142,3.1278615,1.871853,1.4640377,1.8445644,1.6129483,1.5619403,1.960148,4.2588353,3.485301,1.8949763,1.7078922,2.931493,1.5794275,2.2368891,1.5656946,1.3356558,2.008742,3.3408892,2.0007858,2.3389478,3.9200532,3.2033243,1.5564097,2.3494177,0.54166305,1.356134,1.657063,2.4366007,3.5601,3.3488498,2.9465466,1.9673375,4.476889,1.755815,2.034769,0.5427433,2.916672,1.346256,1.4239631,2.7488601,1.2663455,1.2520894,3.9559727,2.4689386,1.3525249,3.4720106,1.4880604,4.3039064,1.3061854,2.5820432,0.94678307,1.071945,1.2044057,3.2844539,3.3956676,1.3202066,1.706649,2.5601032,2.192167,1.9029502,1.9883064,2.5412672,2.6113982,2.7478032,3.4054198,1.4050306,1.6258515,1.3981171,2.0688179,0.9078731,4.694396,3.4054198,2.660993,10.2825575,2.994705,2.5724754,0.8643203,1.4204432,1.5533012,2.20463,2.7537792,2.6090615,1.4045892,1.5147455,2.425373,1.2774961,1.3467675,1.8599013,3.1498961,2.9720206,2.835532,1.2008684,3.9166722,2.0530188,2.0400906,1.4667426,1.4818803,1.2401313,1.6554583,0.8055311,2.9215934,2.664939,3.0652325,1.4860983,1.9396527,1.9197407,1.8639883,2.0415828,1.8701766,1.9490857,0.20815891,2.1586068,1.4002347,3.175725,1.5419487,1.1185311,3.2019482,1.9294087,0.9308899,3.0683522,4.7169366,3.253961,3.8430178,2.5442448,1.0773455,2.1712108,1.6331108,1.8999251,3.415369,0.9607041,3.7942502,2.7086532,1.2835735,1.6167588,1.2796507,1.4993634,1.4730743,2.916634,1.3073357,2.8418832,2.4379363,1.4302149,2.00056,3.2948484,2.0622516,1.8885087,1.892018,1.110066,1.3017068,3.4992018,2.175666,1.369691,1.2011913,2.594435,1.3136075,1.5171736,4.7297626,2.103819,1.9002109,2.069871,3.6931164,4.448486,0.88859755,1.2665112,1.8410896,1.6558374,0.93282133,3.8733478,2.696943,1.3298488,1.320911,3.4354947,1.5285648,2.8463132,1.6651638,1.8098195,1.498115,1.1778177,2.717857,1.3378327,2.6656055,1.8499084,1.0744241,1.0854044,1.3623549,4.317201,3.067182,3.295913,2.1754327,3.9811945,3.0584047,2.2422256,1.5062203,3.508676,0.42683488,2.0378191,2.9461157,4.7479997,2.8566928,2.6793008,2.3113692,2.4832947,4.1296034,2.0755775,4.2163296,1.4806565,3.2511258,1.4808607,2.945327,2.8322015,3.6305163,0.6539238,0.7849999,2.0980194,1.8078592,4.0156975,3.6818576,3.6174552,3.6057725,2.907255,1.4897544,1.4686278,1.7398947,3.5645683,1.963769,3.1138866,0.9119879,1.1388135,1.2361263,2.5091476,2.9760344,3.2809405,1.9201701,2.8013446,2.3746061,4.2708344,2.483376,3.031049,1.899237,1.6858125,3.3755245,2.4633243,1.8075838,1.1306643,1.8811846,1.5770272,1.3449423,3.8061318,2.1008615,1.1185124,3.2695284,3.430548,3.607549,1.8783576
0.73700494,2.9588897,1.9677731,3.506245,3.2520254,3.195423,0.96348625,0.82648224,2.1125894,1.0741912,0.9407799,0.7038512,1.6141099,0.68440896,4.1437697,0.77305746,2.549116,2.7423725,3.592148,1.5628576,1.0303448,2.495451,2.1775184,2.4938211,4.948211,1.097941,4.7800493,1.5132859,0.5093929,2.1552598,1.0370275,2.9061315,0.659984,2.4852629,0.59711236,1.4479417,2.4706259,1.1450306,3.403176,1.6956588,0.6800955,1.8622974,0.87191385,0.72806686,2.4089558,3.6361372,2.7821412,1.0981373,1.3000231,2.225871,0.8542651,2.4856784,1.6589868,1.3600316,1.2895734,3.5846395,1.2213575,1.5785037,3.8240705,3.339527,0.8565426,2.274649,0.8169679,1.5072728,2.0785394,2.785818,3.1927533,2.5713763,2.198411,1.1120554,4.930162,1.9411157,1.1324283,0.68399453,2.745981,0.6622497,0.7869012,1.9492888,0.63555753,0.64340633,3.279714,1.5650624,0.6724364,3.7473493,0.7618776,3.5896676,0.66091853,3.0485532,1.7166177,0.5583668,1.3440021,2.5123217,2.6206486,0.66468555,0.9987014,2.431227,1.6215003,2.3601458,2.070584,2.814054,1.8000968,1.9265707,2.6865988,0.7933447,0.75173193,0.6068905,1.1358839,0.658834,3.9761403,2.6865988,1.8254367,10.206459,3.1766052,1.7940615,0.6840757,0.60636705,0.98830134,1.5286024,1.9447621,2.2131014,1.3690242,1.0721549,2.597618,0.6331938,0.6386696,1.3715615,3.15327,3.077299,2.170183,0.88576156,3.818492,1.1229669,1.1868122,0.90709484,0.74997115,0.67073107,0.9412185,1.0979718,2.681919,1.9026365,3.061123,0.6766671,2.2032022,1.1441094,1.3274462,2.3194532,1.1367941,1.1608447,1.1168959,1.3174582,0.6515589,3.5517774,0.9199031,0.63160664,2.4090147,1.0988477,0.7081173,3.0376327,4.461367,2.9449828,3.7622104,2.740274,0.42918715,2.6861217,2.195182,1.786478,2.886456,1.2031943,4.1441326,2.780727,0.6523718,1.6674325,0.52422225,0.68192244,1.1153457,3.0560238,0.6420352,1.982611,2.4085586,0.68078285,1.1709087,2.5376236,1.1943877,2.187406,2.1936693,0.6069666,0.6508084,3.1293063,1.4232595,1.6782779,1.0046958,2.1347563,0.5315537,1.0145147,4.0943394,2.0148008,1.0775468,2.4964848,3.701084,4.299812,1.3753449,0.83330005,2.3829272,1.6512496,1.7083875,3.9950023,2.8083375,1.6599549,1.8675286,2.7322235,0.9642638,2.9025428,1.0883839,1.1776884,1.0501755,1.8109046,2.003501,1.6081853,2.7876296,1.0497558,0.76606166,0.61295044,0.9218489,3.6467807,2.3261082,3.1916492,2.51028,3.807131,2.2845814,1.4916276,0.81272066,2.868832,0.7160265,2.3032403,3.0878067,4.831809,2.6727293,2.7494829,2.5925415,2.4079375,4.6002855,1.1480788,4.1760793,2.0857332,3.2976863,1.8214229,2.2173183,2.7987857,2.8773925,0.77989507,0.58877707,1.3239183,2.0272644,3.2734594,3.0483756,3.601342,2.9027197,3.2584496,0.7599474,1.8754787,2.383407,3.9249852,1.2650852,2.8347929,1.4901474,1.0214417,0.40600508,2.6328108,3.2779415,2.556757,1.1423962,2.951052,2.6164355,3.5512128,2.214065,3.058921,2.3719306,1.3805034,3.4323032,1.8006923,1.2477661,0.56269383,1.0049655,1.0422794,0.7801937,3.2523994,1.2020856,1.7344041,3.4567447,3.5824454,2.8281856,1.2188255
1.3061198,3.2172806,1.8831953,2.8000934,3.023457,3.092553,1.508608,1.4318221,2.439805,1.549177,1.4477855,1.3386021,1.61742,1.3114101,3.6381586,0.84249425,2.109977,2.7325666,3.4688585,1.8363484,1.7728913,2.9661288,1.4421918,2.4144773,5.2278037,0.8543488,4.4008245,2.0911388,1.0707915,2.8068907,1.6767784,3.3638608,1.3794063,1.983199,1.2301766,1.7474027,2.867112,1.8473134,4.1611195,0.9714678,0.8798613,1.2020695,1.4497689,1.1888235,2.2324991,3.9339874,3.1025946,1.8302368,0.57989407,2.5507271,1.3951724,1.630305,0.8704568,1.5111406,1.04232,3.1675062,1.699936,2.255052,3.7517977,3.2850373,0.8270551,1.3941225,1.2184585,0.7992271,2.755968,2.8160746,2.877542,2.5371783,2.7720742,1.7083713,4.2545853,1.0947709,1.7477009,1.29847,3.318157,1.3628012,0.60226417,2.4735396,1.2796483,1.301071,3.5607185,2.0945692,1.2554145,3.311366,0.6678189,3.2233167,1.3632187,2.4501739,1.7438079,0.718156,1.6663485,2.3974884,2.514909,1.3697395,1.5092514,3.0599937,2.4156606,1.978956,1.6053073,2.6539216,2.145934,1.9956127,2.939692,1.4867306,1.1429226,0.94557154,1.7599605,0.824572,3.6638305,2.939692,2.1946125,9.597222,3.1202552,1.636473,1.0442647,0.84287333,0.5384775,1.0756147,2.096643,1.4517093,0.3900053,0.52477723,1.8012344,1.2554164,1.250309,0.6784597,3.411589,3.127284,2.648164,1.4612185,3.7469409,1.7694068,1.7268195,0.68992823,1.3271657,1.3678416,1.4811052,1.8203343,3.019928,2.475125,3.1917803,1.3478876,2.1756701,1.6802651,0.6846655,2.6452274,2.0443797,1.6739066,1.3274866,1.5097276,1.2828581,2.834971,0.7938549,0.63739944,2.3802216,1.9539025,0.7553586,3.227484,4.461917,3.0049834,3.8703327,2.6251595,1.1157097,2.3974643,1.8901805,2.1437333,2.2006795,1.5626407,3.604827,2.8511074,1.329568,1.6202656,1.1056793,1.3320148,1.6872306,3.387618,1.2369348,2.337738,2.4353101,1.3005939,1.7030987,2.7662697,1.7401292,1.4457995,1.957398,0.59669566,1.3328218,2.6174333,1.1288966,0.865542,1.3088845,1.6734351,1.0629896,0.51382685,3.5299664,2.691584,1.6756364,2.1812873,3.6671567,4.248311,2.011999,1.2666959,2.0185266,1.8176845,1.4975736,3.6126153,3.0707574,0.78792256,1.2152804,3.1631029,0.494685,3.7069771,0.8279249,0.8782242,0.40935078,1.9296094,2.652286,0.8951924,2.484074,1.6578794,0.40434638,1.1897503,1.6604606,3.6268203,2.0291893,3.0926561,2.6576355,3.7438934,2.302629,1.9353254,1.4795321,2.317184,1.2294335,2.01154,3.4582396,4.4757967,3.2135997,3.6279876,2.239432,2.7474635,3.98427,1.7851707,4.110819,1.3588722,3.418128,1.0942491,2.6306446,3.169372,2.5634768,1.1765207,0.9499714,1.2692463,1.2793022,2.9484568,2.4852777,3.4406886,3.147712,2.81486,1.3658826,1.1405457,2.714144,3.2184248,0.9827304,2.9313557,1.580345,1.4203726,1.1004387,2.9553714,3.1313968,2.133582,1.6522559,2.7768626,2.2466226,3.1917171,1.8812443,2.9787388,2.103894,0.69360036,4.2594547,1.3095678,0.6974657,0.68035185,1.6785175,0.6157089,1.4969976,2.6023424,1.7704433,1.1988261,2.9180028,3.4635422,2.8289297,0.8541952
0.99817723,2.6317782,2.1827033,3.3230135,3.1681054,3.0728686,1.2256646,1.3043354,1.9588783,1.7524974,1.245665,1.1423317,2.0880191,1.1490355,3.913603,0.95733595,2.5455022,2.721987,3.400055,1.96691,1.5216638,2.44615,1.982449,2.650229,4.905161,0.7175681,4.3266697,2.2696512,0.9065806,2.75625,1.3823495,2.8547451,1.224561,2.4363813,1.072263,2.1394823,2.4178376,1.3934014,4.270254,1.2070168,0.66047925,1.4812804,1.23929,0.9013776,2.4885392,3.4777083,2.6349094,1.551966,0.6249563,2.1018693,1.2056464,2.1220996,1.4271811,1.9155546,0.66725266,3.4659965,1.444327,1.8537296,3.713026,3.3616118,0.36845684,1.6870314,1.5983474,1.3281702,3.0258534,2.9558442,2.634921,1.966421,2.3172927,1.4018667,4.700804,1.6368208,1.3722068,1.5735428,3.1572196,1.1782186,0.35306457,1.9991984,1.1824237,1.2111764,3.087536,1.5507647,1.1586595,3.6293757,0.48505595,2.6577826,1.2286546,2.8795106,2.1935775,0.80306685,1.7920536,1.8134903,1.9268624,1.2194798,1.2899834,2.9371216,2.100744,2.4667816,1.7581066,2.7929409,1.6391693,1.3383362,2.4359014,1.2918638,0.81281686,0.7607253,1.3389722,1.0241017,3.0922124,2.4359014,1.7193743,9.428798,3.336826,1.0230777,1.1806446,0.5430189,0.2235955,0.53648937,1.5378869,1.2752109,0.98759925,0.47131705,2.2300222,1.1576611,1.0597991,0.43992132,3.3145444,3.098465,2.2417915,1.6232404,3.6812663,1.3512214,1.4023807,0.66850424,1.1663256,1.2631767,1.3005599,2.0701497,2.950719,2.0073318,3.1401875,1.0846684,2.3200207,1.4316036,0.41507834,2.7505941,1.769522,1.4197378,1.8022611,1.01623,1.1021721,3.3488603,0.7296039,0.76369303,1.7996665,1.6001812,1.0181462,3.2294903,4.263815,2.8462238,3.7629132,2.7113214,1.1307586,2.71475,2.2880714,2.178629,1.8662027,1.7609622,3.986402,2.94356,1.2112529,1.6882013,1.0071707,1.11261,1.7661686,3.411275,1.1128033,1.7890428,2.3788755,1.1522892,1.4111211,2.2732847,1.3951589,2.003787,2.3399804,0.64543945,1.2047797,2.4279733,0.561933,1.5184895,1.5654252,1.3030342,0.94082415,0.30431005,3.0864773,2.6166131,1.4173084,2.4808354,3.6502006,4.128922,2.3092754,1.3863928,2.4101174,1.9726483,2.059939,3.743373,3.0730233,1.4645185,1.8196341,2.6951127,0.465187,3.716289,0.72345865,0.67750025,0.5809956,2.2798553,2.1978676,1.5199847,2.5964856,1.427092,0.68191624,1.3037391,1.7132642,3.0224605,1.4265462,2.9895623,2.857488,3.6471498,1.7512257,1.5415167,1.3817549,1.8593731,1.5606606,2.5433884,3.4730232,4.4152613,3.0565085,3.6671143,2.4335766,2.8147974,4.4575734,1.361965,4.053386,2.0623689,3.3250492,1.6663612,2.1897166,3.0903535,1.9857936,1.4114251,1.1272624,0.80587804,1.8272243,2.361209,2.0310168,3.4400263,2.6472838,3.1078448,1.2015966,1.7951641,3.0216029,3.696145,0.627436,2.7900565,2.076527,1.6854304,0.939641,2.942722,3.2411234,1.5816187,1.318377,2.9567173,2.7598844,2.6227245,1.779482,2.9373608,2.4106553,0.84627753,4.241514,0.7825708,0.5183366,0.72985935,1.3717895,0.6194319,1.3496656,2.2408702,1.3809988,1.789312,3.3370383,3.4564042,2.2455173,0.53910786
0.5123644,1.9005281,2.0174162,3.9172642,2.9222615,2.624627,0.3635417,0.7131657,1.0397645,1.4496112,0.511076,0.5717304,2.2566357,0.604363,4.0262933,1.521217,2.7612188,2.2414217,2.9700499,2.1748638,0.51237357,1.3741759,2.6242623,2.9249501,4.613184,1.2537798,4.937973,2.080153,0.7369977,1.8498002,0.5523254,1.8504927,0.7249755,2.8100696,0.7838016,1.9012867,1.360005,0.35780495,3.628868,1.9343691,0.9334663,2.687304,0.47294432,0.5849388,2.7401948,2.544446,1.684272,0.40565532,1.6461622,1.1521416,0.5361803,2.9056523,2.2199519,2.1783369,1.3584578,3.4927993,0.751925,0.5253203,3.1865246,2.9417078,1.1434603,2.5907984,1.913574,2.430782,2.442284,3.1769712,2.5686958,1.7636553,1.078413,0.59014887,5.105992,2.4473522,0.4715787,1.4854561,2.1863794,0.72902215,1.2030919,0.81906503,0.70860565,0.7268835,2.1843483,0.5488534,0.691415,3.6799376,1.2848517,3.1030428,0.691579,3.2750158,2.2932508,1.1179899,1.9725821,1.8081294,1.8911587,0.696174,0.48160765,2.03978,1.3048115,2.6513798,2.7322998,3.3833253,0.76275283,1.2521412,1.6191897,0.83518964,0.69052196,0.84347624,0.42698973,1.2224275,3.3729181,1.6191897,0.84868985,10.171094,2.9165509,1.3663269,1.2614158,0.9417026,1.4062583,1.656614,1.0676569,2.258326,2.1369817,1.706919,2.9202042,0.7000116,0.68436635,1.698916,2.7508788,3.3705814,1.0748471,1.2907853,3.1672904,0.38431087,0.632166,1.2264664,0.5886789,0.8155717,0.5825462,1.7891161,1.9872712,0.8097471,2.5468137,0.51743597,2.76237,0.6368523,1.6703,2.3735578,0.69266653,0.69809437,1.9552865,0.74412346,0.5762581,3.934178,1.2225704,1.1793714,1.6339895,0.57481086,1.275872,2.4585843,3.6255028,2.1747112,3.0876071,2.6064472,0.9125683,2.9693913,2.5821276,1.4025784,2.9982991,1.936882,4.18745,2.3701808,0.7041338,2.2113757,0.7658967,0.51452035,1.1777357,2.6986082,0.6765529,0.953706,2.078453,0.6169761,0.67825377,1.5067644,0.60127443,2.6741056,2.325521,1.2918371,0.6796511,2.7047868,1.4549329,2.3295639,1.4662648,2.3565872,0.7759552,1.4916567,3.989805,1.8662516,0.6587843,2.675984,3.1376424,3.5681024,2.022506,1.1580026,2.7235534,1.5098851,2.335694,3.6680365,2.4968622,2.4532232,2.7207952,1.6097388,1.5836167,2.7408674,1.2655569,1.3536749,1.5970476,2.285982,1.0580552,2.2180495,2.5723197,0.67268115,1.5062244,1.0745924,1.1132038,3.0487437,1.924539,2.6304965,2.4134543,3.1033058,1.4619614,0.44877788,0.7463432,2.86055,1.7299577,2.9609041,2.7562642,5.0017953,2.0622985,2.805961,3.194453,1.9724427,4.8039913,0.38197488,3.5444274,2.9771566,3.106288,2.74584,1.112044,2.3097007,2.4013412,1.4834055,1.458659,1.0612109,2.5294726,2.7786806,2.994082,3.074298,1.8312057,3.24446,0.56232524,2.518987,2.8365657,4.2269816,1.3695631,2.0811732,2.0755506,1.4911994,0.8248696,2.5512395,3.641336,2.3558578,0.28565955,2.6830306,3.1993349,3.0612073,1.8347895,2.6865005,2.669313,1.6611245,3.3297148,1.8756896,1.5650073,1.1150118,0.5000825,1.4384084,0.81983566,3.3364332,0.5198967,2.4492517,3.7356458,3.845627,1.9566793,1.4221728
1.7335699,2.7087922,2.2048519,2.8789036,2.7571347,2.7146199,1.8478482,1.9718926,2.17375,2.3376112,1.8287157,1.8622496,2.4305673,1.8542595,3.2689154,1.6720661,2.2797322,2.5195007,2.97477,2.582071,2.2316492,2.7490132,1.670065,2.8568497,5.130632,1.1173302,4.1203814,2.964523,1.6728822,3.2555027,2.0774007,3.102574,1.9713755,2.162827,1.8261857,2.5676982,2.6202855,2.1507986,4.988633,0.8838916,1.4076567,1.7790828,1.8765385,1.6144614,2.5530083,3.4583726,2.7288787,2.237825,0.7576652,2.277519,1.8310872,1.6206017,1.3590027,2.5147645,1.08316,2.9598558,2.0102599,2.4365718,3.3288512,3.1012366,1.2175027,1.1117282,2.3756242,1.7010503,3.660426,3.2452416,2.0070412,1.8245966,2.7288446,2.0665047,4.0381413,1.3614591,2.0603602,2.282624,3.528805,1.9382877,1.1527156,2.4217098,1.8750408,1.9046282,3.0878499,2.1232185,1.8274632,3.1092386,1.3251176,2.1883242,1.9505538,2.3923788,2.5096157,1.4791324,2.4426494,1.6232179,1.7257922,1.951687,1.8606632,3.4124687,2.8568716,2.2948356,1.993565,3.075442,1.968322,1.5378917,2.4890027,2.0458791,1.5570858,1.5048672,2.0511541,1.6069856,2.6127353,2.4890027,2.0764656,8.846921,3.139117,1.0836374,1.8229748,1.3970089,0.9793236,0.8092148,1.703757,0.3363394,1.2457055,1.1685317,1.6951433,1.8441381,1.7936909,0.65556234,3.4280617,3.4131799,2.5474474,2.2678323,3.2923403,2.071235,2.0302625,1.1884924,1.8303163,1.9891847,1.9048756,2.8179126,3.0560522,2.4758031,3.064356,1.8451341,2.713303,2.0249126,0.76022416,3.0890188,2.5659676,2.0134654,2.351776,1.4682397,1.8150903,2.8647065,1.2861369,1.4022148,1.7100383,2.4087615,1.5558908,3.1763475,3.88149,2.638388,3.5709076,2.5658386,1.8709534,2.611547,2.263259,2.4350417,1.4267229,2.4392729,3.4080427,2.8385575,1.9200596,2.1474552,1.7388244,1.8434503,2.3399343,3.568151,1.7994044,2.1177266,2.338262,1.8485142,2.0312347,2.339696,2.0292888,1.7261657,2.2291899,1.4172828,1.916807,1.6290472,0.9686845,1.4691794,2.1021864,1.3688877,1.6807525,1.0054773,2.6509902,3.2044318,2.0791337,2.3022294,3.335959,3.7191734,3.0010722,1.9829471,2.2887897,2.1525395,2.2569427,3.1259074,3.209817,1.5369284,1.9689468,2.901026,1.2102517,4.3412714,1.1143059,1.0814054,1.0818079,2.6200483,2.7334967,1.5128906,2.1878252,2.0882745,1.3459693,1.9768738,2.404405,2.9500942,1.183339,2.6469688,2.9435132,3.2557151,1.7038397,1.97062,2.064958,1.5474013,2.3225837,2.7322044,3.6769884,4.235267,3.3858097,4.4181824,2.5956464,2.9893854,3.8850145,2.0715144,3.6628366,2.1339517,3.4159033,1.8991269,2.4484816,3.277675,1.6278682,2.057948,1.8861701,1.1719854,1.6059477,1.9618145,1.6405196,3.003645,2.6615224,2.6168737,1.869489,1.7108614,3.4745097,3.1431174,1.0449694,2.6313338,2.438308,2.2462995,1.7732021,3.2551832,3.3701787,1.3096732,1.8793652,2.6475317,2.8296483,2.1631162,1.3170012,2.7098136,2.364014,0.7947252,4.920187,0.81107163,0.8857976,1.4308447,2.0904088,1.099519,2.0818791,1.8391104,2.0360017,1.8945311,3.0018795,3.5811195,2.094322,0.98978806
1.8948562,3.868964,2.3400857,2.838222,3.55996,3.7087147,2.113162,1.9682382,3.1095235,1.9114625,2.0542433,1.8973118,1.8050423,1.8734162,4.028678,1.2009842,2.4236631,3.3460069,4.092339,1.981482,2.3042815,3.614958,1.6598871,2.5733926,5.5940304,1.46517,4.5181084,2.2745683,1.6408875,3.2833326,2.2157004,4.010208,1.9073986,2.2678642,1.7693864,2.055295,3.5362153,2.3923173,4.323985,1.4760606,1.4762841,0.8947236,2.0401218,1.7911096,2.4868004,4.6205764,3.7794468,2.382469,1.1683366,3.2259316,1.9879621,1.7943757,1.1156408,1.5024034,1.5801172,3.5707831,2.2557998,2.8535292,4.3676395,3.8389268,1.4051831,1.6521114,1.2151748,0.38268957,2.9691072,2.949274,3.5089655,3.1669865,3.4063542,2.2530138,4.42034,1.3105128,2.300968,1.5911299,3.856707,1.8910388,1.2324679,3.1081896,1.8376671,1.8523482,4.2435975,2.6935089,1.8235705,3.6916769,1.1769613,3.6846118,1.9054255,2.7288516,1.9568343,1.3083111,1.8522081,3.0058396,3.1228726,1.908553,2.1173153,3.5465758,2.8578446,2.2867296,1.5520031,2.6228974,2.7983384,2.6045089,3.617112,1.9896985,1.7303561,1.5390769,2.312735,1.370329,4.162905,3.617112,2.8235445,9.706732,3.613156,2.2319393,1.5093842,1.4315027,1.1452837,1.5412592,2.748256,1.8857696,0.4648903,0.90285444,2.020664,1.8204199,1.8142964,1.1982274,3.9240952,3.262545,3.307395,1.8479701,4.3704243,2.3226826,2.2799978,1.3196789,1.905988,1.8862339,2.0626855,2.017833,3.631064,3.1009011,3.7765143,1.9126118,2.2436204,2.2441566,1.1844558,3.0203688,2.5304685,2.2288826,1.4843074,2.1378994,1.858396,2.8978055,1.3712153,1.2472482,3.0047476,2.454248,1.3115554,3.8284461,5.1219783,3.6678262,4.490179,3.1015363,1.6226557,2.6660001,2.164928,2.7230866,2.3852317,1.7233874,3.895744,3.4222548,1.8779373,1.7912966,1.6645675,1.9000602,2.144548,3.8937848,1.8125632,2.9731274,2.9973469,1.8654789,2.251603,3.4313207,2.2959454,1.613183,2.3723,1.136615,1.8836709,3.1736825,1.6389544,1.0285066,1.6847254,1.9189969,1.629444,1.0864801,3.7306435,3.1111543,2.2102368,2.5452607,4.264934,4.8846855,2.1839101,1.7302074,2.2988718,2.3734703,1.6880271,4.1169286,3.5749521,0.6953483,1.0180364,3.8304377,0.9274975,4.0718694,1.4430604,1.4448557,0.9583836,2.1800091,3.242371,1.1311876,3.016941,2.189979,0.93750465,1.6550187,2.0807695,4.1232166,2.5583668,3.7083497,3.1205304,4.3794394,2.9484255,2.5835588,1.9970629,2.5656145,1.3649914,1.9450669,3.9464412,4.586331,3.776712,3.8925803,2.2006752,3.2944534,4.14611,2.3420758,4.720097,1.0218117,3.8318586,0.64598036,3.292685,3.7212543,3.063049,1.5275593,1.2760953,1.8837951,1.4611577,3.4272127,2.7472584,4.0356445,3.8274708,3.2196598,1.9415286,1.2368946,2.877186,3.3198216,1.5271838,3.592039,1.8169365,1.7762469,1.6197687,3.3524616,3.2317576,2.5322573,2.2744465,3.3052962,2.197764,3.655748,2.5226822,3.527263,2.4018173,1.2961072,4.568498,1.7216251,1.2314607,1.2811564,2.2157187,1.1875536,2.0049577,2.752779,2.3305638,1.2872751,3.040353,3.5890975,3.4631357,1.3969318
1.7061269,3.6582062,2.4680943,3.156421,3.7029455,3.7769995,1.9454509,1.8240266,2.9338627,1.8823179,1.9162158,1.7290417,1.9607029,1.7182606,4.2634377,1.0786543,2.6602364,3.3999612,4.1530848,1.916201,2.114743,3.4050872,1.9438444,2.6555467,5.441011,1.3620881,4.5188437,2.22501,1.4757648,3.2123175,2.0154507,3.8097327,1.7470038,2.5232441,1.6077889,2.1542213,3.3679636,2.1376734,4.26226,1.5742682,1.304897,0.89854914,1.8884488,1.6119543,2.6040568,4.4743776,3.616438,2.1930494,1.127019,3.0653832,1.8443425,2.0841162,1.3382252,1.5284984,1.4056071,3.7927082,2.0895054,2.6479387,4.437214,3.9418342,1.1937503,1.8234047,1.1689492,0.5748981,2.987375,2.9723103,3.5074036,2.9880981,3.205361,2.0543668,4.7436266,1.5746621,2.0802946,1.5562581,3.7693453,1.7197542,1.0646482,2.9018726,1.7065855,1.7228894,4.0880065,2.4459305,1.6950251,3.92632,0.9633282,3.5097308,1.7573652,3.0073423,2.111221,1.213342,1.775622,2.8250031,2.9402742,1.7537705,1.9761242,3.4526029,2.6300483,2.5384018,1.5444976,2.62818,2.6018996,2.3757486,3.4477303,1.8136339,1.5328145,1.3754014,2.075557,1.3313143,3.9925148,3.4477303,2.6256742,9.720304,3.7604134,2.0348625,1.4444458,1.2312434,0.97880405,1.335662,2.554622,1.8689996,0.61261874,0.69204193,2.2799652,1.6905509,1.6518885,1.0791886,3.9021022,3.2003913,3.143821,1.7901437,4.4306974,2.0854845,2.082704,1.2253747,1.761777,1.7436106,1.9220011,1.9774374,3.6178145,2.8914876,3.802354,1.7249668,2.232548,2.0786731,1.0392284,3.0357661,2.3139093,2.0591757,1.5799257,1.9412882,1.7020217,3.2174633,1.2536187,1.1651365,2.8183675,2.2125661,1.2956003,3.8715289,5.128812,3.6620173,4.5119057,3.1854782,1.5010363,2.8413734,2.3574944,2.7238126,2.2553349,1.6657913,4.170592,3.5057538,1.7375902,1.7257476,1.5198257,1.7268733,2.0834525,3.9164033,1.6769625,2.7551079,3.0095572,1.7166882,2.06445,3.2614741,2.0921001,1.9040278,2.5618787,0.9941116,1.7400744,3.1950147,1.4218551,1.319459,1.6786052,1.7340587,1.4771893,0.92489386,3.5649078,3.0084455,2.0247865,2.7192118,4.3378696,4.927706,2.1845374,1.6664966,2.5054402,2.424593,1.9139947,4.2845125,3.5895789,1.027186,1.3061007,3.6527517,0.71426153,3.997502,1.3490503,1.3170674,0.8663908,2.2877026,3.0215638,1.3888981,3.1409078,2.0130424,0.84725726,1.5736867,1.9824046,3.9015195,2.366908,3.744245,3.2210088,4.4251857,2.7730415,2.4133215,1.8573477,2.380007,1.3191468,2.1510997,3.9575307,4.590205,3.699219,3.7956479,2.2507136,3.3214288,4.4688616,2.1055543,4.787558,1.4142377,3.8068206,0.929431,3.1211708,3.6972284,2.878411,1.4937356,1.1686604,1.7086382,1.7297449,3.2393327,2.57502,4.126405,3.6625116,3.4385686,1.7956021,1.5542251,2.952657,3.6322181,1.3598937,3.5879614,1.9717995,1.7738601,1.4341304,3.3249476,3.2671735,2.332586,2.1031394,3.448894,2.4172854,3.4787648,2.5500708,3.5731387,2.5588264,1.3193903,4.4696927,1.5183529,1.1045276,1.1709641,2.0081117,1.0869123,1.8483168,2.6067212,2.1115289,1.5448898,3.2819746,3.5708547,3.278917,1.2360492
3.3974211,4.1459465,2.1440754,1.9159734,1.4308425,2.007019,3.3551695,3.3738046,3.5361106,3.2969494,3.2274399,3.3929007,2.876619,3.3411324,0.8536373,3.332874,1.5562618,2.1773105,2.1978736,3.8601925,3.6895702,4.100766,1.7331309,3.4362237,6.1886005,2.9155664,4.9956207,3.9701202,3.2950797,3.8671184,3.6443894,4.3167696,3.4512212,1.5806049,3.3806067,2.9361715,3.7462423,3.912537,5.607995,2.1955185,3.2022038,3.593815,3.3155932,3.2986577,2.89455,4.1797333,3.789195,3.6808202,2.7505732,3.4974084,3.2636719,1.6499392,2.3418148,3.6062784,3.179545,0.97990185,3.4716897,3.8627312,2.3517005,2.1693785,3.2770152,2.1277635,3.6969888,3.2955203,4.067448,4.0176578,2.3082032,3.5135128,4.01967,3.633517,1.6927782,2.0446532,3.7152414,3.3935103,4.0613594,3.4744902,3.1163328,3.8520126,3.2764916,3.2897232,3.9856951,3.8882527,3.2335837,0.9916299,3.3055658,4.0985126,3.3845463,0.9470843,2.8414066,3.040123,3.7593555,3.4722562,3.53797,3.4128242,3.2504158,4.0993085,4.378997,1.587084,3.6154714,4.241434,3.5455236,3.6005857,3.6984332,3.5736275,3.3447595,3.2134473,3.778096,2.9459395,4.29462,3.6984332,3.6246855,9.322907,1.9435203,3.2926404,3.1516974,3.2826602,3.0918722,3.28389,3.4384708,2.6086817,2.9470944,3.2904713,1.5728554,3.252671,3.3499146,2.974114,3.6602647,4.5756006,3.673836,3.3460455,2.4152727,3.7878153,3.609007,2.9213476,3.2788496,3.4071681,3.2915494,3.7931566,3.0521138,3.909213,2.8453138,3.45645,3.895556,3.4645007,3.0589235,3.4919183,4.0444894,3.4850395,3.1681726,3.321288,3.322467,1.7515429,3.0344126,2.9801402,3.495647,4.0377846,2.863941,2.6767395,3.2889738,2.5848477,3.0722551,2.4617581,3.2862568,2.4561968,2.2930162,2.7871382,3.7421107,3.7019,1.0996844,2.2159672,3.3381927,3.6239433,3.2636404,3.3964396,3.3006325,3.4217525,3.2463841,3.762517,2.6859715,3.3144937,3.5706055,3.6228385,3.6340168,1.865401,1.737589,3.1821418,3.3453224,2.1797419,3.319027,2.2892938,3.1101134,3.6990395,3.2592294,3.107308,4.7539988,4.0904465,3.5924447,2.036831,2.4406643,2.8668325,3.7876635,3.1682935,2.1220515,2.4455154,2.4798386,1.2836984,3.270193,2.6694007,2.9191282,3.9912736,3.2737656,4.832367,2.887222,3.0157802,2.996537,3.02547,4.170093,2.2683382,1.588755,3.5638494,3.0815086,3.232001,3.5237281,4.738418,3.4556324,2.3696232,2.587759,2.4940681,3.385977,3.3974345,3.4163175,3.957171,3.5781727,3.1295428,3.6272745,5.0728707,3.8535304,5.1412935,3.7684777,2.8965378,1.6456505,3.7857325,2.669801,2.81759,3.91704,3.2348187,3.6625772,3.4630756,3.7085052,3.252069,3.396921,3.1548457,2.0432177,3.9776301,3.9725664,1.9765704,3.7795491,0.99117404,3.3040583,2.1786602,3.7913759,1.6864544,3.1413667,2.585473,2.7768598,3.1742725,3.432457,3.812776,4.137502,3.7100747,3.3734944,1.5276961,3.0418377,4.086458,1.9709561,2.5865583,2.451613,2.4966571,5.533776,3.3743432,3.010269,3.0613084,3.6792233,2.9704735,3.5152476,4.1065574,3.697708,2.53042,2.3639665,4.55365,3.6920552,3.108196
0.97773206,3.0137255,1.4581394,3.272155,2.8625202,2.8366926,0.92933,0.63362527,2.0886464,0.49056363,0.8168219,0.704693,1.514081,0.65320325,3.8113062,1.286468,2.1712618,2.4482138,3.3044972,1.9170355,0.90039474,2.486105,2.0569842,2.6785529,5.2422757,1.2542888,5.2112594,1.6022002,0.74249166,1.9296614,0.98906016,2.9239104,0.83618605,2.3475266,0.87489516,0.8875318,2.3551502,1.3264661,3.2818418,1.7388505,0.95926005,2.407661,0.78002626,0.90084994,2.50545,3.5133133,2.6783955,0.977336,1.571535,2.1489866,0.7542998,2.441583,1.6741374,1.2071837,1.5638921,3.1855462,1.0747105,1.551639,3.448619,3.018668,1.3687304,2.345981,1.0584892,1.9471642,1.6347315,3.0447755,3.1329443,2.7084346,2.1201248,1.0548662,4.6324573,1.945422,1.1615824,0.5691422,2.5725684,0.904384,1.2226008,1.9128891,0.6577759,0.6634482,3.1722293,1.7147905,0.58182865,3.3467875,1.1939749,3.9343114,0.75571126,2.8671207,1.5738355,0.82124484,1.6982259,2.7072039,2.812671,0.802411,0.8624179,2.3033361,1.833686,1.9899874,2.5979211,3.2477977,1.8380095,2.234838,2.6619875,1.0591365,0.98192006,0.8498982,1.2354333,0.7827056,4.275906,2.6619875,1.8030177,10.647193,2.636792,2.0891795,0.89648014,1.0449656,1.4458308,1.967004,2.0618045,2.4891014,1.7408317,1.6345764,2.4945354,0.6421296,0.86570877,1.7803518,3.0829852,3.4751194,2.046214,0.3005132,3.4945192,1.2238215,1.1337836,1.0927992,0.67723876,0.8150085,0.7666599,0.9217929,2.168576,1.9138079,2.832353,0.8885255,2.5918078,0.985606,1.7386589,2.2450461,1.1676228,1.0219306,1.007069,1.4689219,0.73038584,3.3172908,1.0916263,0.86182624,2.5651987,1.2574416,0.76167053,2.5899436,4.1783843,2.6169808,3.48975,2.6708376,0.47071424,2.6800504,2.1525187,1.313345,3.3592682,1.5154625,3.774075,2.335072,0.7246162,2.1276686,0.6209859,0.74519795,0.49504218,2.7779896,0.6992655,2.0426362,2.3564672,0.6361206,1.08374,2.4876337,1.1642659,2.0688667,1.755781,1.0995852,0.7213566,3.1221857,1.8127718,1.7282658,0.5455842,2.7236195,0.67849696,1.5035657,4.5710697,1.9660517,0.9699508,2.418314,3.3870056,3.9941504,1.1446669,0.4315,2.328641,1.1684456,1.5246904,3.6922889,2.6337926,1.8857684,2.1266968,2.6299284,1.4321069,2.602675,1.2371497,1.3940468,1.3800634,1.7286117,2.0671546,1.5765897,2.6177979,0.9090261,1.2158651,0.26868793,0.35454893,4.046121,2.6687722,3.0335033,2.1556315,3.466507,2.395663,1.4365642,0.55398464,3.3529859,0.8984278,2.0386636,2.8409755,5.255394,2.457596,2.5216827,3.0263739,1.7998227,4.254995,1.2437494,3.8745391,2.2292771,3.4183226,2.1972914,2.105234,2.5875306,3.1847703,0.9322267,1.0401554,1.5252769,1.9385293,3.6145513,3.5145621,3.2981753,2.8654664,3.0222235,0.6745829,1.8272568,2.2789953,3.6640086,1.5449066,2.4958246,1.0250486,0.45433173,0.8202907,2.6626148,3.6005268,2.9659407,1.101614,2.5405483,2.3434362,3.8942232,2.1408663,2.9785266,2.3843906,1.5307744,3.2477918,2.2586877,1.5750073,0.86271644,0.9876463,1.2943249,0.9481807,3.7495103,1.2256407,1.8328502,3.1390095,3.969211,2.9608092,1.5299288
0.8686377,3.0128057,1.6408641,3.455336,2.8896918,2.8627288,0.9813571,0.82887524,2.0821147,0.87854934,0.88959324,0.78862804,1.2903484,0.7260296,3.8661778,1.0627395,2.33471,2.3565092,3.2687309,1.559682,1.0155556,2.4411786,2.1503356,2.3354316,4.8845825,1.3885807,4.9011016,1.245644,0.7226542,1.6469185,1.1393981,2.8004084,0.603116,2.242891,0.6576276,0.9291605,2.358161,1.3056846,3.007868,1.8421006,1.0317202,2.2964897,0.8424157,0.92805094,2.196419,3.474478,2.6874447,1.0493257,1.6357521,2.1491742,0.83381903,2.5286222,1.8001581,1.492305,1.693106,3.2836137,1.2883011,1.4796952,3.4590025,2.8981502,1.2741843,2.472356,0.98593336,1.8824611,1.5181261,2.6744347,3.133375,2.7448037,2.0849373,1.2187315,4.722353,2.0336943,1.272917,0.37379324,2.306535,0.67160314,1.1957493,1.9092538,0.5230676,0.5007539,3.1685944,1.6930134,0.6333733,3.4454834,1.2718029,3.9303641,0.5555081,2.821607,1.3445466,0.7741026,1.3432382,2.7376578,2.8395174,0.58806473,0.94087875,1.9993792,1.5527514,2.0623116,2.3703275,2.9196043,1.8527701,2.181291,2.6458898,0.7746235,1.051144,0.90204215,1.311274,0.66094553,4.2644005,2.6458898,1.8946679,10.414453,2.7166345,2.1148908,0.615267,1.0220813,1.4209226,2.0033941,2.0853841,2.5228617,1.7374469,1.5691503,2.6240003,0.5439652,0.68852454,1.7903763,2.7760935,3.1034708,2.0027757,0.6952117,3.4592485,1.2850182,1.3055733,1.1977286,0.7470492,0.5441645,0.90439403,0.71704865,2.2395563,1.8318037,2.6343248,0.7710319,2.2489896,1.1721804,1.7757541,1.8914064,1.0396763,1.2249882,0.862781,1.5447949,0.6697441,3.4860017,1.2428755,0.87034565,2.6062272,1.1349488,0.73111326,2.5421605,4.148813,2.6483965,3.347506,2.4170988,0.438059,2.4225178,1.9333099,1.273653,3.3781486,1.1760331,3.8833492,2.2967503,0.5373217,1.8107284,0.6507172,0.762554,0.82186455,2.5274668,0.5963951,2.0781593,2.1064434,0.6984482,1.2748175,2.5415738,1.3227707,2.188569,1.8482665,0.9873868,0.54942447,3.190603,1.8813524,1.7655233,0.8986313,2.578406,0.7221892,1.445967,4.5898356,1.6210817,1.1616186,2.2090523,3.2900884,3.9539533,0.9369802,0.7624997,2.125588,1.1972159,1.4202971,3.6921575,2.3488164,1.859159,2.00099,2.6043456,1.4878396,2.379056,1.369372,1.5342094,1.4636928,1.4291866,1.9091235,1.656972,2.499698,1.1085664,1.124607,0.514617,0.6601657,3.8645105,2.6769586,2.89525,1.9632317,3.478068,2.434741,1.4491959,0.75683403,3.3715572,0.738839,2.3287587,2.5678008,4.937326,2.2184858,2.310321,2.7376983,1.8981054,4.3698583,1.3054914,3.793166,2.2096848,3.0654984,2.1202857,2.124423,2.3314624,3.2224448,0.6166615,0.7994756,1.6259792,2.0766656,3.6193419,3.5335858,3.2513986,2.8452814,2.9495971,0.7321696,1.8977288,1.9582461,3.830822,1.6679342,2.5056677,1.1142949,0.812523,0.68039095,2.2942514,3.247288,3.003217,1.1386147,2.5515301,2.6395123,3.8925793,2.1329448,2.751616,2.1245267,1.6039131,2.989633,2.2792783,1.6654295,0.8400631,1.113005,1.4137102,0.6570151,3.762975,1.348905,1.695249,3.4068475,3.611271,2.9771864,1.6379485
1.4332228,3.054313,2.2231572,3.0066988,3.229735,3.2312899,1.6354058,1.6368828,2.3937454,1.9088088,1.6187998,1.5170788,2.0841951,1.5119464,3.8145416,1.10057,2.4132624,2.9199495,3.5703309,2.0993073,1.9237696,2.9172664,1.7179106,2.6764374,5.206126,0.8832036,4.2990794,2.456655,1.2692385,3.0993965,1.7806462,3.3213012,1.6041365,2.306808,1.4449003,2.2244046,2.8513396,1.876384,4.5245056,1.0462826,0.99441683,1.1628145,1.6228919,1.3068404,2.5054355,3.883008,3.0512023,1.9716196,0.49934763,2.524459,1.5753876,1.7955797,1.1419358,1.8651253,0.8620377,3.3917656,1.7970724,2.3297777,3.8834796,3.5099976,0.795337,1.3638502,1.6310782,0.9917923,3.2100153,3.0265982,2.7817137,2.2941175,2.7907717,1.7965059,4.450942,1.3245969,1.8019465,1.7312483,3.5339067,1.5677449,0.6651798,2.468872,1.5329281,1.5600828,3.4912188,2.044766,1.4945377,3.5388925,0.70146054,2.7916434,1.6002182,2.7096052,2.20523,1.0261284,1.9442332,2.1129634,2.2277184,1.5975364,1.6693821,3.3027909,2.5387647,2.3562505,1.611715,2.7637243,2.087848,1.7587159,2.8495069,1.6820698,1.2159233,1.1043277,1.7899938,1.2006327,3.2600918,2.8495069,2.1445224,9.327093,3.4174256,1.3483378,1.3940009,0.9363147,0.4460458,0.6494492,1.9496472,1.1217564,0.58761895,0.40496635,1.9409431,1.505781,1.4483298,0.30748338,3.5956185,3.2105536,2.6877844,1.8150275,3.865342,1.8069342,1.7935342,0.83173347,1.5274416,1.6197382,1.6587577,2.2458508,3.2390857,2.4908383,3.387006,1.5065324,2.3567019,1.8001529,0.30653515,2.9616098,2.2099178,1.7805611,1.8247514,1.4323833,1.4851277,3.0380912,0.90029246,0.9475328,2.1343148,2.0641046,1.1523008,3.4690835,4.5063343,3.100288,4.01927,2.8344965,1.4193932,2.6850739,2.2390704,2.4449167,1.6999613,1.8924252,3.8246443,3.1212122,1.574269,1.7637773,1.3393551,1.5058784,2.005792,3.6731489,1.4712801,2.239433,2.6014726,1.5106002,1.7866513,2.6672978,1.7965125,1.7182775,2.3175092,0.8471952,1.5721033,2.4546318,0.7981954,1.2215104,1.6766936,1.3110008,1.276973,0.43446314,3.0202317,2.9597154,1.790596,2.4673164,3.834311,4.333241,2.4604516,1.5836542,2.3435695,2.152469,1.9799825,3.7502823,3.3255944,1.1049849,1.5299208,3.1413682,0.4304174,4.049156,0.87627363,0.8140621,0.4723777,2.3475952,2.6871445,1.2737924,2.659228,1.7920095,0.73040766,1.5294107,1.9784969,3.3278236,1.6420506,3.1867936,3.0135841,3.838809,2.1044648,1.9799997,1.7089926,1.8045504,1.6546274,2.3338459,3.743703,4.392092,3.4295483,3.9791393,2.330136,3.0491872,4.2204213,1.8186982,4.2372317,1.695509,3.5456326,1.3030598,2.625063,3.400944,2.1572297,1.573904,1.2889264,1.1391506,1.5405282,2.5235631,1.9781015,3.576839,3.0550253,3.0480838,1.5681545,1.5033895,3.1298268,3.4032242,0.80790067,3.0527134,2.074924,1.8111843,1.3067362,3.1916683,3.2570505,1.6621331,1.7450528,3.0284,2.527702,2.76085,1.9052745,3.1162722,2.3982089,0.7525066,4.579149,0.8337118,0.5010731,0.9610818,1.7819436,0.6599823,1.7257116,2.0954502,1.8070697,1.5997099,3.1023757,3.5097966,2.585679,0.67496896
2.3131464,3.4520836,2.4958742,4.1554255,2.4204211,2.455975,2.4823399,2.6303709,2.6919174,2.783311,2.4099164,2.5384283,1.7668873,2.474792,3.4141393,2.326761,2.9611526,1.5660453,2.4554174,2.056962,2.6949935,2.8884692,2.9222322,1.6708083,3.7671196,2.88815,4.051986,1.932751,2.436005,1.282364,2.839053,2.7695673,2.1119168,1.9804415,2.1509879,2.1486053,2.8064356,2.7443278,2.9114864,2.8905678,2.6977818,3.35274,2.431046,2.5272179,1.3763654,3.2739322,3.0116446,2.6121242,2.934755,2.670982,2.4403784,3.2143655,3.0277433,3.4621205,3.199032,3.140421,2.924947,2.428609,2.7643254,1.5763289,2.5911217,3.4514196,2.7740202,3.1280472,2.2994819,1.9735303,2.9804602,3.4041045,2.6977754,2.8913019,4.5242558,2.9966981,2.8770757,2.257998,1.3797781,2.1332817,2.6453934,2.7437978,2.1618388,2.1287472,3.2538679,2.808832,2.3677547,3.2742362,2.9718013,4.4410553,2.1177936,2.4669237,1.6427813,2.374723,2.0296636,3.4420414,3.4998975,2.114022,2.4302974,1.329812,2.2456863,2.4565358,2.8979592,2.7740817,2.7569005,2.962763,2.947466,2.049329,2.6998484,2.5884497,2.8765156,2.163227,4.6055503,2.947466,3.0106022,9.519372,2.5061922,3.1395197,1.986645,2.6093419,2.7749808,3.2932713,2.9448986,3.3419573,3.0298312,2.9101856,3.349167,2.1992188,2.175114,3.0174294,0.973547,2.5559943,2.442373,2.6782734,2.555934,2.836308,2.9421082,2.746693,2.430273,2.0371792,2.532469,2.2928076,2.3901033,2.4998891,1.102989,2.306418,2.2444074,2.7978375,3.108929,0.69282037,2.4323492,2.8790035,2.2132034,2.8656738,2.2984395,4.089036,2.8877983,2.4705424,3.3612347,2.5174086,2.2754416,1.8192247,3.278809,2.4880922,1.9438432,0.9053538,2.3475742,1.4244086,1.5188122,1.6622818,4.33508,2.0842018,3.7622585,1.6932995,2.1175275,2.2051218,2.4361246,2.4526942,2.599831,0.7649431,2.2011302,3.0222018,0.93841887,2.4384942,2.937673,3.1570332,2.9419768,3.0783958,2.3020704,2.464677,2.1404526,3.462318,3.2663655,2.7871735,2.7649937,3.28178,2.4898458,2.738532,5.405362,1.4404331,2.882012,1.3592604,2.0397515,2.9652834,2.1960998,2.6573484,1.5752286,1.847862,2.0175178,2.9365547,0.43074426,2.8981953,2.757673,2.88271,3.0957894,2.202383,2.8632479,3.0585096,2.9972594,1.3600234,2.3912964,2.7740252,1.6599046,2.8451185,2.5333445,2.4949913,2.6149569,3.760102,3.510196,1.780769,0.7981377,2.8509746,3.170938,2.4793015,2.5998986,4.360653,2.4865074,3.8972785,0.79393077,4.0460634,1.3387153,2.6418958,2.7308483,2.2645113,4.3226767,2.8399673,2.554206,3.1594598,1.4812857,3.1848898,2.7566018,0.86535764,4.0014997,1.9746433,2.2885728,2.989896,3.1165452,4.23101,4.4550176,2.3269775,3.0344667,2.1606224,2.4091563,2.8821752,1.5641085,4.287334,3.1647918,2.278223,2.3669724,2.6895645,2.3643947,0.9254517,2.4521523,4.0016246,2.4807615,2.1143415,4.1133885,4.419758,2.3200169,1.2272068,1.3570433,2.7930434,2.7092874,3.4568522,3.1098127,2.4518633,2.8077204,2.9715974,1.9975544,4.694632,2.9260125,2.2753472,4.379704,2.8232343,3.491202,3.1309557
3.6434734,4.9112434,4.6119924,5.8990426,4.7797537,4.8073125,4.0378375,4.200435,4.34175,4.4387465,4.032329,4.0154185,3.0566235,3.9705572,5.5462546,3.1847918,4.9829626,3.9083276,4.6999154,2.2575076,4.211813,4.383426,4.551527,1.7696581,2.4935606,4.345538,2.856005,2.5692196,3.8003676,2.8957493,4.3381276,4.1021924,3.4189517,3.636756,3.4162595,3.914897,4.5510664,4.006652,2.9646335,4.4528465,4.0479074,3.674833,4.0022964,3.9448512,2.1886294,4.986032,4.7619705,4.1436205,4.2333436,4.404591,4.0218563,4.7506666,4.4844947,4.7883606,4.527142,5.380419,4.5532103,3.9027212,5.121657,3.9222255,3.643258,4.921323,3.6716108,3.7849553,3.6708834,1.2139353,4.8246784,4.865381,4.272572,4.4136634,6.385351,4.469114,4.3321676,3.5354803,2.9340127,3.389623,3.8249907,4.308713,3.6186717,3.5785835,4.994588,4.134158,3.900251,5.4978595,4.1481323,5.376653,3.5031319,4.2140408,3.0202093,3.7107074,2.4458935,4.8152647,4.8648124,3.463864,4.068132,2.6707766,2.985602,4.435734,2.9049919,1.841896,4.314984,4.122642,4.592055,3.2082539,4.0748014,3.9642007,4.265909,3.5556893,5.583805,4.592055,4.626547,8.612957,4.9597263,4.4124093,3.2319665,3.8268142,3.875725,4.3558717,4.439633,4.5732574,3.9985929,3.755698,5.019118,3.6724372,3.5006108,4.1172075,2.395535,1.1163524,4.1715198,4.2691636,4.835532,4.2175937,4.483551,4.1646047,3.9708693,3.3582382,4.156827,3.427007,4.729315,3.956113,3.3371127,3.636402,1.8779544,4.4207463,4.2207794,2.0967157,3.6753345,4.4882884,3.4538412,4.330573,3.740132,5.8479643,4.306503,3.8307462,4.800042,3.68468,3.7215548,4.2842894,5.3916078,4.7548633,4.062282,2.7384377,3.7525795,2.604816,2.9242961,3.8591928,5.057039,2.6527815,5.868214,4.172929,3.528956,2.3649778,3.866202,3.8976383,4.345872,2.9429314,3.6587446,4.5257244,2.848441,3.9435709,4.5025473,4.8674674,4.465971,4.6825647,4.4210362,3.5556428,3.5551662,5.2106853,4.4333467,4.1335588,4.3988514,3.6218553,3.903287,3.761951,5.9775925,2.501242,4.430192,3.0002785,4.310712,5.148703,3.3412912,4.2706714,3.018686,3.9872022,3.5117106,5.115933,2.608799,3.9141786,3.465233,4.5606546,4.161396,3.3171513,4.3262663,4.44934,4.2187457,2.6477947,3.6331327,4.24297,3.7183106,4.408094,3.595967,4.015245,4.204261,4.058634,4.62924,3.8176193,3.2211325,5.1540456,4.6891575,4.128944,4.169811,5.0834255,3.4796476,5.464812,2.7606106,2.7529056,3.1216187,3.4049695,2.3118846,4.602808,6.264647,4.228682,4.725236,4.0673585,1.6339757,3.773388,4.493173,2.9198132,5.141941,3.1382532,3.2432864,4.4197545,4.6892285,5.222266,5.195084,4.5968447,4.686919,4.147859,3.9511023,4.317978,2.3166595,6.1208,4.4879236,4.5662556,4.0585723,4.331091,3.5757966,1.723056,1.3320582,4.969362,4.0692115,4.4954123,5.753021,5.3665266,4.20183,3.0556738,2.6228518,4.2378488,3.185503,4.4303756,4.356094,3.7691514,4.274821,4.306341,3.257048,5.298441,4.401701,3.3659399,6.3005424,1.3365915,4.92147,4.414526
1.171532,1.8692125,1.8530828,3.9791117,2.5507617,2.180656,0.8723018,1.0751777,0.98275214,1.5808542,0.88762873,1.09164,2.4440212,1.0917828,3.7776608,2.1046724,2.6906302,1.8697612,2.551357,2.6205325,0.8733786,1.2303356,2.8091736,3.1943793,4.7756057,1.7383515,5.3453283,2.3549836,1.3209903,1.6182016,1.0034494,1.6800839,1.2346233,2.8748696,1.3416201,1.8861967,1.037678,1.0579551,3.5930023,2.2553644,1.5299634,3.333901,0.91148525,1.2033521,2.9362965,2.1504254,1.3792979,0.75639224,2.1604106,0.9615494,0.9585393,3.1275342,2.556247,2.5012393,1.922336,3.2224832,1.0303228,0.6345576,2.669346,2.5466783,1.8259358,2.9153,2.3792005,3.0129433,2.3305724,3.4836648,2.4744735,1.9688805,0.8353944,1.0076108,4.9771523,2.7439802,0.9979945,1.809231,1.8617746,1.2781854,1.8299725,0.7708692,1.1571373,1.1636835,1.8451058,1.0397097,1.1167244,3.4111438,1.9222107,3.4958813,1.1683024,3.2700193,2.433095,1.6314199,2.4271405,2.104724,2.1666927,1.1937195,0.8335899,1.8488079,1.6346701,2.5918612,3.330035,3.866842,0.9615187,1.7493514,1.4635063,1.3575091,1.3283286,1.4279678,1.0399868,1.6455823,3.677313,1.4635063,0.98852193,10.542582,2.439639,1.8870606,1.6959455,1.6035416,2.0385532,2.2985063,1.3533448,2.7096617,2.688926,2.374075,3.0874162,1.1509835,1.2492974,2.2978668,2.5698748,3.7763588,0.71746033,1.4866167,2.68544,1.0147982,1.0275393,1.7290337,1.039705,1.2771808,0.9226604,2.015738,1.2672534,0.8255449,2.1848567,1.1504595,3.2152195,0.92949283,2.2811785,2.362192,1.0459893,1.0068895,2.2286198,1.274106,1.1106446,3.9820004,1.730755,1.6833673,1.8945501,1.1074922,1.6767379,1.8542105,3.113464,1.6734133,2.6065679,2.550862,1.3680524,3.0732315,2.7176518,0.9921099,3.6047595,2.3764913,3.9770336,1.8825517,1.1683102,2.7362928,1.2814698,1.0811719,1.2062478,2.3261688,1.1574064,1.1431384,2.013001,1.0897658,1.0391842,1.388919,1.0225846,2.8753147,2.1867182,1.893229,1.1524435,2.7631285,2.0862122,2.6703236,1.6688,3.0303543,1.3176897,2.1279645,4.554453,1.8656361,1.0293516,2.7224026,2.6786876,3.067055,2.1760733,1.4175466,2.8336437,1.2901194,2.4890273,3.3575702,2.258042,2.9025002,3.1672819,1.2693696,2.2227504,2.4555855,1.7428735,1.8749276,2.1580362,2.4205778,1.1175872,2.5176892,2.4405296,1.0194163,2.0823958,1.4063089,1.2644547,3.4061997,2.4173245,2.361096,2.1298783,2.6004405,1.6740401,0.6297252,1.0690873,3.474835,2.157438,3.1388836,2.4197755,5.400184,1.6724538,2.6831725,3.694745,1.3548809,4.656098,1.0034173,3.0720754,3.3770397,3.165099,3.28722,0.84286886,1.9676279,2.8170824,1.8716,1.9936707,1.587536,2.7697086,3.188606,3.5824652,2.672016,1.6298534,3.1023843,1.0066594,2.794106,2.9023576,4.2201476,1.9341861,1.5596268,2.1394913,1.6495618,1.4433529,2.575238,3.9903126,2.9146764,0.7541519,2.3213959,3.3435774,3.4549334,1.8610213,2.541008,2.807819,2.082841,3.1433022,2.5155113,2.1355991,1.6531156,0.9971426,1.9703343,1.2790893,3.9532635,1.011978,2.7788181,3.7283266,4.230115,2.1043599,1.9998927
1.7899896,3.7882845,1.6475868,3.1110237,3.2386,3.343683,1.7251004,1.3597035,2.8762343,0.6841718,1.6111735,1.4853452,1.6870435,1.4485196,4.026551,1.8133863,2.1989055,3.0342262,3.8700032,2.322679,1.6175457,3.273577,2.1529405,3.052541,5.931335,1.7996348,5.7479343,1.9047712,1.5103716,2.4917188,1.6807717,3.7316697,1.6345685,2.5890634,1.6573964,0.9115732,3.11239,2.0878248,3.3908992,2.1196754,1.6178468,2.6525297,1.582295,1.672441,2.9144728,4.2663646,3.429745,1.7231263,2.0386832,2.9239998,1.5490818,2.5586598,1.8171022,0.7640455,2.098117,3.3529594,1.7074229,2.3420353,3.945963,3.5126731,2.0349944,2.5802166,1.0944544,2.109543,1.5456045,3.4464068,3.783699,3.4417646,2.8871722,1.7311705,4.615173,2.0982873,1.8707868,0.95945406,3.2112262,1.6957685,1.8340884,2.687583,1.4825426,1.4858807,3.9203336,2.501088,1.3925831,3.4853387,1.7041596,4.6146793,1.571199,3.0713525,1.757893,1.4667063,2.1304235,3.4295635,3.5399694,1.6115046,1.6510217,2.911793,2.5290396,2.049132,2.972683,3.6050198,2.6220407,3.0164456,3.4433055,1.8266221,1.7017356,1.5543652,1.9599863,1.4094605,4.986757,3.4433055,2.5256984,11.221542,2.8617258,2.785009,1.5260633,1.7258995,2.009309,2.518454,2.827545,2.9936988,1.9984975,2.1056995,2.610427,1.4676856,1.6702002,2.2906144,3.7222288,3.9651484,2.8247793,0.7422256,4.043493,1.958411,1.7989018,1.6465682,1.4787723,1.6003774,1.5264622,1.0617661,2.655292,2.7180429,3.4504077,1.7024472,2.9838467,1.6647006,2.2313395,2.7251334,1.887668,1.6739309,1.0913299,2.1928184,1.5532938,3.1900976,1.6160312,1.4635639,3.293997,2.0064278,1.3402525,3.089637,4.7914248,3.2207859,4.105091,3.2286208,1.2464572,3.0396042,2.4698799,1.8969507,3.832342,1.8885779,3.8258529,2.7880862,1.5431182,2.609162,1.3963838,1.5493122,0.9933656,3.2956529,1.5211748,2.8044903,3.026396,1.4391853,1.7344178,3.222635,1.8391039,2.111087,1.9233261,1.6809022,1.5432277,3.6763074,2.3847764,1.8685533,0.7761651,3.3028946,1.4323533,2.0540605,5.0974417,2.5371366,1.6277721,2.8171241,3.9313529,4.5678515,1.1859167,0.9850345,2.645658,1.6682768,1.6106375,4.080195,3.2094667,2.0256395,2.243015,3.393289,1.8539759,2.8999634,1.778553,1.904954,1.793052,2.0191941,2.8639522,1.703411,3.137549,1.568699,1.7084032,0.9960471,0.9314869,4.8528624,3.3472438,3.6845498,2.5597394,4.007779,3.1353755,2.2304826,1.2876523,3.8781693,1.0991949,1.5712544,3.3570466,5.7827435,3.1067517,2.6947887,3.3800523,2.1554782,4.17964,1.9793496,4.430014,2.154505,4.0465083,2.288306,2.8616562,3.2098966,3.8428378,1.4359822,1.5421578,2.174764,1.9967474,4.2960014,4.049699,3.8212583,3.6434832,3.3472562,1.4842094,1.8596267,2.4484196,3.5634732,2.0763786,3.106794,0.9002177,0.6469937,1.567058,3.225984,4.0255904,3.5556853,1.8974302,2.9072144,1.9224018,4.574406,2.7661865,3.6131577,2.7752314,1.9935297,3.5242,2.8141465,2.0511234,1.4975841,1.6954384,1.7591164,1.7237315,4.225923,1.925036,2.0157616,2.9531002,4.462005,3.713828,2.0450468
4.617824,5.1449733,3.2041569,2.5354567,2.161896,2.7491677,4.547022,4.5600743,4.62087,4.431763,4.416994,4.5972853,3.9824765,4.545415,0.87091684,4.569263,2.5605445,3.0819793,2.8054264,5.0239463,4.8622274,5.1491413,2.889273,4.455484,7.0690265,4.1400084,5.778221,5.0998564,4.521304,4.886614,4.825325,5.317014,4.661793,2.6661744,4.602488,4.0177383,4.7640543,5.1089134,6.5659957,3.417865,4.4359922,4.7770514,4.5083447,4.519201,3.916621,4.997848,4.7598934,4.849753,3.9877784,4.5556912,4.4587383,2.7695956,3.5307755,4.7288756,4.3947883,1.5383927,4.633235,5.00324,2.8225102,2.8406827,4.526945,3.2647371,4.886898,4.490172,5.060246,5.0259285,3.177077,4.571352,5.090323,4.8095,1.0655634,3.2282863,4.898094,4.5747194,5.006895,4.689601,4.3664417,4.9573255,4.484854,4.496557,4.8711953,5.057872,4.437977,1.3997796,4.545806,5.0614996,4.5920215,1.9768755,3.927548,4.2779264,4.938535,4.551544,4.601555,4.6221323,4.43442,5.104631,5.5474663,2.6421797,4.7756343,5.2992454,4.678593,4.767304,4.7007475,4.783834,4.568455,4.4442983,4.9677134,4.1739674,5.1849422,4.7007475,4.746404,9.57167,2.594926,4.4750137,4.3697653,4.526155,4.3423786,4.5048428,4.5718937,3.7696059,4.1660314,4.53733,2.6613624,4.4618926,4.569933,4.211438,4.5197263,5.613065,4.730141,4.5024323,2.9181135,4.9779277,4.7811356,4.155857,4.4800615,4.615039,4.4749365,4.9321485,3.9065015,5.0253973,3.6546688,4.6729856,5.0074883,4.630903,4.293898,4.4912863,5.220818,4.651763,4.3187165,4.516123,4.5344715,2.3522463,4.2598567,4.218882,4.5809503,5.230268,4.0916367,3.4273458,3.6741936,3.4204175,3.6703336,3.3999596,4.4997845,3.4094598,3.3623846,3.8434114,4.82715,4.8822455,1.1016098,3.051117,4.5461416,4.803496,4.4820814,4.6052957,4.432284,4.228996,4.4590282,4.881727,3.7041159,4.5187883,4.740599,4.6441073,4.807875,2.9929996,2.8057463,4.429561,4.55335,3.0972059,4.538484,3.481985,4.2660027,4.887181,4.4813094,4.3585773,5.709318,5.162942,4.766054,3.0624743,2.988,3.2286196,4.8921175,4.345925,3.1666393,3.5489404,3.5895343,1.5918105,4.1571574,3.851599,4.056832,4.9783907,4.5140066,5.772977,4.112981,4.2366896,4.232949,4.100287,5.286941,3.460576,2.589152,4.7365203,4.327955,4.425333,4.6750965,5.745218,4.5899973,3.1753304,3.493783,3.0086153,4.478038,4.547093,4.597679,5.0566473,4.7692933,4.0946,4.446254,5.8494043,4.7940736,6.145185,4.842372,3.7905514,1.3435133,4.974141,3.0466738,3.9045355,4.8104954,4.3899245,4.7175627,4.356586,4.7641335,4.452072,4.6232014,4.361794,3.1866906,4.988676,5.0441275,2.5590527,4.744156,1.8708575,4.502841,3.3317354,4.7686286,2.0607262,4.360152,3.4467523,3.86712,4.318449,4.6633096,4.7952757,5.0898023,4.8304806,4.5534177,2.3744392,3.9389396,5.05538,3.1189277,3.442892,3.485397,3.7346919,6.4753757,4.577903,4.240722,4.301506,4.8641496,4.20229,4.7183146,5.157477,4.8763714,3.685102,2.9877193,5.5066485,4.7122345,4.334165
0.87041426,2.551937,2.2263765,4.0129237,3.471887,3.262467,0.79506797,0.6990132,1.7816943,1.189681,0.87172914,0.6607236,2.3139143,0.7107994,4.506426,1.5505044,2.9611979,2.9029167,3.6789486,2.1879652,0.51393,2.0321608,2.7870286,3.1596255,5.062982,1.4138546,5.347424,1.9798661,0.840081,2.15734,0.5682034,2.5310426,0.91230744,3.1378827,0.9748241,1.8481112,2.04858,0.65798193,3.4792764,2.1829078,1.0178854,2.6311147,0.7753775,0.83421713,3.06614,3.2617419,2.3791077,0.59900826,1.8151505,1.8903989,0.8095164,3.0991216,2.2743967,1.713622,1.4921442,3.9046106,0.85640365,1.1257025,3.846934,3.5660427,1.3472327,2.7840426,1.5360925,2.324032,2.2327075,3.3883555,3.2900777,2.387125,1.6915796,0.64376485,5.4270744,2.578412,0.6264176,1.2835448,2.6664732,0.9288607,1.3405508,1.4621717,0.9005606,0.91524905,2.886616,1.1290329,0.82622117,4.0809894,1.2254237,3.613637,0.89310634,3.649966,2.382226,1.2043772,1.9764695,2.3984783,2.4903102,0.90263367,0.87498164,2.4115734,1.4718903,2.865236,2.825475,3.5011795,1.4663128,1.8502549,2.354208,1.045112,0.8426306,0.9417584,0.6284603,1.3325421,3.9433098,2.354208,1.3913324,10.693536,3.3272727,1.8357117,1.3624539,1.0503166,1.5499543,1.8475356,1.7236472,2.6194413,2.1237175,1.7390273,3.1301877,0.89115757,0.93613505,1.8837698,3.332959,3.5980465,1.7868937,1.0231814,3.8688414,0.61093557,0.73802876,1.3430864,0.7773103,0.9892747,0.8006261,1.4916669,2.4695027,1.4824436,3.2094421,0.7850816,2.8773139,0.7821701,1.8070761,2.6940548,0.709365,0.79330814,1.8178629,1.1969436,0.80497116,4.0649824,1.2715617,1.2549616,2.2332487,0.68105966,1.3616128,3.0390341,4.3691673,2.8535187,3.7999473,3.1751266,0.8750436,3.3387969,2.8796966,1.8378547,3.223614,1.8728428,4.5398617,2.9121692,0.908288,2.347826,0.8245179,0.68640345,1.0548897,3.1982763,0.9046602,1.5662727,2.7174134,0.7399947,0.7485418,2.1653154,0.7315077,2.7899578,2.5885844,1.3447679,0.88537085,3.297072,1.6398137,2.4031096,1.2729684,2.613518,0.8362962,1.6296431,4.2699485,2.094529,0.64472693,3.0993168,3.824038,4.2962875,1.7756639,1.0241095,3.0570254,1.8645871,2.4091299,4.272451,3.0280988,2.4660819,2.7239826,2.2862263,1.5232017,2.779313,1.425309,1.4722981,1.6125998,2.4324052,1.6204473,2.2818313,3.1795273,0.643173,1.5426829,0.93683445,0.8336119,3.644442,2.3950312,3.370613,2.8326192,3.791297,2.0997934,1.1943436,0.67012215,3.1019037,1.4388816,2.6961653,3.2292197,5.4024315,2.5835576,2.6359677,3.3414102,2.3068862,5.073644,0.6361068,4.2599974,2.906822,3.6306832,2.6587486,1.7916739,2.873783,2.8690557,1.4834118,1.3910393,1.3857716,2.6168747,3.2754674,3.2693174,3.755147,2.5654454,3.7430654,0.7594261,2.5714529,2.8845508,4.406857,1.5046767,2.76014,1.9965093,1.2733924,0.8683732,2.9462993,3.9105024,2.6778734,0.90319836,3.1981947,2.9860148,3.569481,2.4681437,3.3631003,3.027835,1.8887502,3.317839,2.1015084,1.6729579,1.1917017,0.5155532,1.4938908,1.0214822,3.5545075,0.7103747,2.5477803,3.7824576,4.147567,2.6092877,1.5380827
1.2315036,2.8605309,1.8358277,3.469492,3.290631,3.1658866,1.0010661,0.649692,2.067007,0.71802765,0.979206,0.8096357,2.3153043,0.8408979,4.209849,1.7567657,2.50653,2.9577494,3.6786346,2.5446372,0.7891377,2.4467835,2.41571,3.4225175,5.7048645,1.2234963,5.7188563,2.304852,1.0072473,2.5592341,0.72840375,3.0194628,1.298475,3.0095232,1.3191905,1.6309266,2.3268692,1.2248758,3.8686168,1.9051986,1.0141463,2.6666222,0.9345546,1.0053253,3.2603652,3.5526683,2.6285436,0.93440163,1.6591771,2.1464732,0.9160318,2.7359843,1.901652,1.1574358,1.3568059,3.5555425,0.75033283,1.6285403,3.7808552,3.611067,1.55505,2.4305115,1.5066687,2.248806,2.2845452,3.750695,3.29377,2.5399587,2.1077235,0.74858016,5.0067377,2.2368016,0.89465916,1.3128971,3.1197157,1.3373613,1.3998766,1.8394682,1.136809,1.1670378,3.1388237,1.5953288,0.91240394,3.7204962,1.1571776,3.7653902,1.2284087,3.4449015,2.3921163,1.2280536,2.322895,2.5419433,2.645293,1.264782,0.9896266,2.8921657,2.154715,2.519168,3.023009,3.8302555,1.7512509,2.1797493,2.6338398,1.515266,0.95396113,0.9847035,0.9931059,1.3615123,4.120631,2.6338398,1.5668546,10.984834,3.0680904,1.9601946,1.5432462,1.1900483,1.5864758,1.8578321,1.9406347,2.5212865,1.9789389,1.804784,2.7186491,1.0974951,1.2701322,1.8459464,3.732178,4.06452,2.1319416,0.66686624,3.873426,1.0144361,0.7956262,1.1845429,0.88863677,1.3447046,0.833235,1.605952,2.4206746,1.9689448,3.4300923,1.1698799,3.2119098,0.7654887,1.7422184,3.0244455,1.3452226,0.72850186,1.7492356,1.3123161,1.0568684,3.5425498,1.0582314,1.2057726,2.3830056,1.3600761,1.294234,3.0661316,4.441331,2.8405902,3.9852805,3.3666172,0.9667931,3.4401865,2.9057755,1.8645734,3.2187343,2.1601934,4.131644,2.8666308,1.2093364,2.6761801,0.9188361,0.9235963,0.75229675,3.4716659,1.1268075,1.8537292,2.978099,0.8664865,0.7394884,2.3389342,0.83346325,2.379851,2.2620113,1.4549354,1.187294,3.1647756,1.6351413,2.1233249,0.7984443,2.8643267,0.9143936,1.694134,4.330944,2.589481,0.6584604,3.1444023,3.8876338,4.3354115,1.8679869,0.6716297,3.0655942,1.7388766,2.2618477,4.1128387,3.3367906,2.2788508,2.647332,2.621415,1.4302284,3.1533096,1.2305014,1.2757262,1.4345365,2.5566397,2.213137,1.9528146,3.1867535,0.6304664,1.5773474,0.780607,0.6623844,4.128958,2.5282927,3.5154312,2.913286,3.751708,2.2509322,1.4630655,0.6356895,3.1542308,1.4844861,2.0423295,3.5420928,5.7810116,2.9931989,3.0121837,3.5854971,2.157876,4.6173577,1.0320084,4.3199863,2.6632762,4.0752363,2.5599926,2.0559087,3.2140534,2.963757,1.645691,1.5791405,1.3638898,2.1959708,3.4270484,3.318757,3.7333272,2.8449306,3.615925,0.9001381,2.225545,3.0968444,3.8885717,1.3685035,2.7731755,1.6862283,0.8463611,1.1658942,3.3765972,4.263667,2.7403939,1.1433153,3.0304024,2.313547,3.7201822,2.4279706,3.5876608,3.1353061,1.6927618,3.7718198,2.1413233,1.5257123,1.2042537,0.7639823,1.2897825,1.4534284,3.577086,0.92560226,2.4632027,3.1522756,4.56967,2.8091834,1.4051208
1.4276987,3.14885,1.2671115,2.4012196,2.6937282,2.7653394,1.3511696,1.120505,2.327947,0.98069227,1.2405921,1.1865168,1.8401897,1.1622138,3.3411574,1.4757996,1.5839776,2.6024604,3.272681,2.4257824,1.5270209,2.8934703,1.2612158,2.9896815,5.793091,0.7104188,5.1816826,2.4100657,1.1144328,2.8505495,1.4163756,3.399252,1.5219216,2.1062458,1.4371036,1.4288821,2.681844,1.8442456,4.30955,0.86149764,0.9029798,2.0344362,1.2702472,1.1649315,2.7212174,3.7944324,2.9180682,1.616326,0.8531327,2.3983543,1.1996015,1.5513082,0.7176147,1.0558224,1.0212187,2.7474241,1.3032514,2.191901,3.4323144,3.186521,1.3258089,1.3146741,1.4421105,1.5417184,2.5941844,3.4473124,2.801709,2.5112655,2.6445718,1.4213959,3.9733214,1.0544242,1.5478672,1.3372314,3.3897269,1.5475256,1.02702,2.3404346,1.2971016,1.3317659,3.3891118,2.0896792,1.110746,2.8945203,0.8834514,3.473202,1.4451982,2.453717,1.933926,0.9185792,2.224083,2.4358149,2.5541067,1.482547,1.286477,3.1863403,2.66969,1.6346545,2.4691064,3.4378464,2.0476766,2.2078645,2.8410888,1.7356755,1.108373,0.9541975,1.627352,1.0133417,3.8728726,2.8410888,1.9668187,10.289969,2.6292088,1.7789218,1.35787,1.0917821,1.0984851,1.4359877,2.0549297,1.7233121,1.123627,1.3158226,1.5613439,1.2479624,1.4060161,1.1931872,3.6501913,3.8535154,2.5104465,1.0059118,3.5217607,1.6518066,1.422257,0.648291,1.1612235,1.5201203,1.199008,1.8465354,2.5517528,2.448629,3.2177596,1.4402441,2.8934298,1.3261846,1.1294632,2.919545,2.0432699,1.3029877,1.4356226,1.4239627,1.2765788,2.4611168,0.62430793,0.79077584,2.361829,2.0127077,0.8365183,2.935713,4.24074,2.6762178,3.799541,2.8825452,1.0885475,2.7754204,2.2050524,1.856177,2.6398277,2.0621705,3.2107358,2.5627446,1.3964883,2.3625443,1.0507789,1.2564565,1.1764808,3.4245,1.2568021,2.2250662,2.656719,1.1568978,1.3648491,2.5652423,1.4592264,1.212283,1.5211953,1.125555,1.3890026,2.5024512,1.3352978,1.0211953,0.71297246,2.4337337,1.017541,1.1896961,3.9070988,2.8873754,1.3469466,2.4413009,3.5319247,4.036131,2.0338852,0.7917156,2.314368,1.4637697,1.5717068,3.3946776,3.2159865,1.3048542,1.8219035,3.0145504,0.9484513,3.6684585,0.68277,0.7857466,0.72395504,2.2014852,2.7263703,0.83023864,2.5236683,1.3163654,1.0741332,0.9185241,1.2759609,4.0906444,2.2610936,3.1197996,2.6157575,3.4406383,2.2489412,1.7877829,1.1673019,2.7230816,1.4463778,1.3878365,3.5349739,5.2562265,3.234712,3.6228774,3.0430112,2.226082,3.624744,1.6641229,3.9629412,1.7124306,3.8781793,1.7723792,2.43099,3.2372239,2.7159774,1.4821631,1.4163431,1.2068537,1.0138053,3.1765728,2.8712277,3.2578084,3.0458825,2.777831,1.2051,1.1038364,2.9706392,2.8301015,0.98617905,2.6253297,1.2406851,0.88365835,1.3023114,3.3171787,3.8420749,2.4084508,1.4969019,2.458595,1.5998888,3.4356918,1.8200371,3.177762,2.493076,0.7795235,4.326134,1.711638,0.9040588,0.8886516,1.4571589,0.6463931,1.6824186,3.0506494,1.5511549,1.630785,2.283042,4.213849,2.82195,0.94206744
1.0764476,2.993908,1.4481682,3.2109454,2.9265985,2.885234,0.93348676,0.5564957,2.0956066,0.29533574,0.82981884,0.70314085,1.757726,0.67490387,3.8503847,1.4555504,2.1515875,2.5823119,3.3864245,2.168231,0.8526846,2.510012,2.0681887,2.9463341,5.4738593,1.1785939,5.41842,1.8756248,0.81051373,2.1734402,0.89334977,3.0027509,1.0202576,2.50616,1.0468944,1.0502794,2.359769,1.3336079,3.5165865,1.7088032,0.9357381,2.4861727,0.79841334,0.91539246,2.7623103,3.5450618,2.6746163,0.9611351,1.5456994,2.1568727,0.7650327,2.4403694,1.6442211,1.0532625,1.4617836,3.2028418,0.9297636,1.6124268,3.5049746,3.1787243,1.4358763,2.2871664,1.1792734,2.0156262,1.8300571,3.3168929,3.1548517,2.6622763,2.1481657,0.9438614,4.6472936,1.9443215,1.0829209,0.8168708,2.7926652,1.0809804,1.2595118,1.9153738,0.8201668,0.8396539,3.1758275,1.7150848,0.6466512,3.3639889,1.1460844,3.8979053,0.93422973,2.9819775,1.8236969,0.92078406,1.9473581,2.6621222,2.7690651,0.98173815,0.8659813,2.545046,2.014219,2.0530605,2.7547283,3.4770737,1.8244488,2.2471657,2.6702619,1.2559115,0.9504852,0.85449,1.1766776,0.9497363,4.2463207,2.6702619,1.7316637,10.789382,2.6842072,2.0506191,1.1252337,1.0799079,1.4720349,1.9217757,2.033176,2.464866,1.770792,1.6815791,2.4614787,0.78809035,1.01812,1.7747707,3.3294778,3.7260795,2.0925672,0.105714396,3.5784943,1.177645,1.0119003,1.0542029,0.7043133,1.022957,0.73073244,1.1559479,2.1969488,1.9713476,3.0271225,0.998727,2.8344266,0.8736465,1.7106191,2.53296,1.2736664,0.8883845,1.2208399,1.4105715,0.83249545,3.2678583,1.0072838,0.92294884,2.5146391,1.3437985,0.8858511,2.7059906,4.239973,2.6473975,3.6430357,2.8988135,0.6130856,2.918369,2.376306,1.4527028,3.3117476,1.7636337,3.7808404,2.4556067,0.9021297,2.3451815,0.6812724,0.78719664,0.39044434,3.0161915,0.83747345,2.0032372,2.5710726,0.67221755,0.9502841,2.4445274,1.0505193,2.0583313,1.8099866,1.20644,0.8907155,3.0889778,1.7438983,1.7720294,0.38875893,2.796943,0.71536607,1.551964,4.5082245,2.2268672,0.84315705,2.6324992,3.5200934,4.073417,1.3851985,0.28266376,2.5418782,1.2810423,1.7095298,3.76187,2.883444,1.9549937,2.2620692,2.650921,1.3967526,2.815761,1.166515,1.2997366,1.3403059,2.0039136,2.1716876,1.5992672,2.7664523,0.7828596,1.3128877,0.3190439,0.29702365,4.133334,2.6333382,3.1771827,2.3828104,3.5136447,2.3534381,1.4469965,0.4907305,3.2980103,1.0837898,1.8930677,3.089461,5.4693995,2.6653893,2.7196636,3.2333665,1.8388896,4.2581124,1.1967304,3.9898412,2.3034678,3.6788301,2.2812726,2.0996802,2.8148,3.122732,1.1864234,1.2322056,1.4484801,1.9088415,3.5720992,3.459649,3.395385,2.8767653,3.1543036,0.71186,1.8573623,2.5641754,3.6157892,1.4502269,2.5465963,1.1340132,0.3468549,0.94710207,2.9425874,3.8558602,2.900964,1.1059036,2.625499,2.1891086,3.8561041,2.1896183,3.1805372,2.622144,1.5149239,3.4677112,2.2183251,1.5140945,0.9370467,0.91134113,1.2282695,1.1577632,3.699181,1.1345934,1.9982301,3.007153,4.2152686,2.9271362,1.4498733
0.8686377,3.0128057,1.6408641,3.455336,2.8896918,2.8627288,0.9813571,0.82887524,2.0821147,0.87854934,0.88959324,0.78862804,1.2903484,0.7260296,3.8661778,1.0627395,2.33471,2.3565092,3.2687309,1.559682,1.0155556,2.4411786,2.1503356,2.3354316,4.8845825,1.3885807,4.9011016,1.245644,0.7226542,1.6469185,1.1393981,2.8004084,0.603116,2.242891,0.6576276,0.9291605,2.358161,1.3056846,3.007868,1.8421006,1.0317202,2.2964897,0.8424157,0.92805094,2.196419,3.474478,2.6874447,1.0493257,1.6357521,2.1491742,0.83381903,2.5286222,1.8001581,1.492305,1.693106,3.2836137,1.2883011,1.4796952,3.4590025,2.8981502,1.2741843,2.472356,0.98593336,1.8824611,1.5181261,2.6744347,3.133375,2.7448037,2.0849373,1.2187315,4.722353,2.0336943,1.272917,0.37379324,2.306535,0.67160314,1.1957493,1.9092538,0.5230676,0.5007539,3.1685944,1.6930134,0.6333733,3.4454834,1.2718029,3.9303641,0.5555081,2.821607,1.3445466,0.7741026,1.3432382,2.7376578,2.8395174,0.58806473,0.94087875,1.9993792,1.5527514,2.0623116,2.3703275,2.9196043,1.8527701,2.181291,2.6458898,0.7746235,1.051144,0.90204215,1.311274,0.66094553,4.2644005,2.6458898,1.8946679,10.414453,2.7166345,2.1148908,0.615267,1.0220813,1.4209226,2.0033941,2.0853841,2.5228617,1.7374469,1.5691503,2.6240003,0.5439652,0.68852454,1.7903763,2.7760935,3.1034708,2.0027757,0.6952117,3.4592485,1.2850182,1.3055733,1.1977286,0.7470492,0.5441645,0.90439403,0.71704865,2.2395563,1.8318037,2.6343248,0.7710319,2.2489896,1.1721804,1.7757541,1.8914064,1.0396763,1.2249882,0.862781,1.5447949,0.6697441,3.4860017,1.2428755,0.87034565,2.6062272,1.1349488,0.73111326,2.5421605,4.148813,2.6483965,3.347506,2.4170988,0.438059,2.4225178,1.9333099,1.273653,3.3781486,1.1760331,3.8833492,2.2967503,0.5373217,1.8107284,0.6507172,0.762554,0.82186455,2.5274668,0.5963951,2.0781593,2.1064434,0.6984482,1.2748175,2.5415738,1.3227707,2.188569,1.8482665,0.9873868,0.54942447,3.190603,1.8813524,1.7655233,0.8986313,2.578406,0.7221892,1.445967,4.5898356,1.6210817,1.1616186,2.2090523,3.2900884,3.9539533,0.9369802,0.7624997,2.125588,1.1972159,1.4202971,3.6921575,2.3488164,1.859159,2.00099,2.6043456,1.4878396,2.379056,1.369372,1.5342094,1.4636928,1.4291866,1.9091235,1.656972,2.499698,1.1085664,1.124607,0.514617,0.6601657,3.8645105,2.6769586,2.89525,1.9632317,3.478068,2.434741,1.4491959,0.75683403,3.3715572,0.738839,2.3287587,2.5678008,4.937326,2.2184858,2.310321,2.7376983,1.8981054,4.3698583,1.3054914,3.793166,2.2096848,3.0654984,2.1202857,2.124423,2.3314624,3.2224448,0.6166615,0.7994756,1.6259792,2.0766656,3.6193419,3.5335858,3.2513986,2.8452814,2.9495971,0.7321696,1.8977288,1.9582461,3.830822,1.6679342,2.5056677,1.1142949,0.812523,0.68039095,2.2942514,3.247288,3.003217,1.1386147,2.5515301,2.6395123,3.8925793,2.1329448,2.751616,2.1245267,1.6039131,2.989633,2.2792783,1.6654295,0.8400631,1.113005,1.4137102,0.6570151,3.762975,1.348905,1.695249,3.4068475,3.611271,2.9771864,1.6379485
0.91136634,2.8053224,1.587783,3.4432826,2.967129,2.8672538,0.7540244,0.4130519,1.9094099,0.53136283,0.6774592,0.5403256,1.8363771,0.5203188,3.9582226,1.444181,2.3396444,2.5297277,3.342568,2.1153708,0.61231774,2.2824903,2.2601566,2.930465,5.2799506,1.2269733,5.3652196,1.8113177,0.7121693,1.9995217,0.70368177,2.7674222,0.85074854,2.6143816,0.909217,1.1804417,2.162509,1.0977858,3.4023418,1.8301739,0.9136911,2.5635505,0.6238059,0.79536855,2.7609074,3.355219,2.4900258,0.71430063,1.6239446,1.9748573,0.612504,2.624418,1.836833,1.3003557,1.4800116,3.3236256,0.8100613,1.357795,3.4723182,3.1461248,1.3842843,2.4423635,1.2748946,2.134609,1.8170393,3.266389,3.1125805,2.544736,1.9099118,0.76912796,4.82599,2.1270704,0.8863757,0.85554355,2.5968275,0.9138289,1.2590337,1.6903222,0.677535,0.694244,2.9938602,1.4932867,0.52344835,3.4916549,1.1787978,3.8231444,0.7668804,3.1064262,1.8932996,0.9349585,1.8931998,2.5592964,2.6612918,0.8126676,0.70529085,2.3522117,1.7746395,2.2232594,2.7756968,3.4556117,1.6413752,2.1019406,2.4894056,1.0815992,0.85680413,0.8089271,0.9718884,0.97390103,4.1544666,2.4894056,1.563552,10.751169,2.7445009,1.9743135,1.0942209,1.0297664,1.4883634,1.9231445,1.8880739,2.5118623,1.8962168,1.7124946,2.6466734,0.6520863,0.87075806,1.815325,3.1876636,3.638054,1.8779978,0.34860912,3.5280776,0.96402276,0.8543828,1.1115429,0.55665505,0.8693828,0.5799081,1.148704,2.1126623,1.7287363,2.9255786,0.8183933,2.801935,0.72260654,1.7552716,2.4424279,1.004265,0.7542099,1.3334521,1.3005124,0.6741811,3.4927275,1.0687685,0.9666621,2.3997183,1.0831805,0.952232,2.6385162,4.1485476,2.5737028,3.536959,2.8545141,0.5446197,2.946986,2.435079,1.3780583,3.3340507,1.7321965,3.9372723,2.433734,0.74494416,2.3059976,0.59213257,0.6143171,0.40683764,2.9037068,0.70251817,1.8171053,2.4799407,0.5220382,0.80471015,2.2864013,0.88562346,2.2647865,1.9499999,1.2105575,0.7294107,3.1031718,1.7321488,1.9515713,0.6455799,2.7602386,0.63878876,1.5687186,4.4927683,2.0464067,0.6804737,2.667467,3.463987,4.005215,1.3931663,0.43251806,2.6047297,1.2974342,1.8474604,3.80526,2.770465,2.112397,2.3922353,2.4391463,1.4612017,2.655585,1.2204096,1.3492985,1.434181,2.0217013,1.9136775,1.7917502,2.7718673,0.61973804,1.3587345,0.37523696,0.18199898,3.9641037,2.564935,3.10277,2.3579578,3.465717,2.232673,1.2559478,0.3119431,3.289332,1.1422668,2.167414,2.9672544,5.4150615,2.4760442,2.5738015,3.242491,1.8086352,4.4478483,0.9836456,3.9295928,2.49421,3.553564,2.4166882,1.9037802,2.6684527,3.0568902,1.178584,1.2242299,1.405659,2.1166704,3.4939528,3.4493704,3.3702826,2.6956625,3.2269678,0.54796875,2.0617604,2.5469553,3.8303118,1.4742988,2.4666188,1.3270712,0.60183454,0.83261037,2.8161864,3.814517,2.8674672,0.91846466,2.667432,2.4579062,3.7808075,2.1815033,3.1040113,2.6468568,1.6068553,3.2981153,2.212446,1.5741744,0.95304155,0.70627457,1.3091623,0.98281705,3.7116501,0.95103186,2.1217644,3.2351534,4.145764,2.792924,1.4863149
2.0831697,4.2459607,1.8989681,3.054297,3.3306785,3.5564444,2.1666338,1.8766806,3.306918,1.328486,2.0440044,1.9251511,1.1963049,1.8701255,3.9963477,1.7255394,2.2585025,3.1243947,4.0184207,1.9852093,2.161013,3.7152245,2.0575838,2.560185,5.7815595,2.1299973,5.363837,1.6108425,1.8247048,2.5373642,2.2355287,4.0799656,1.8563112,2.2545612,1.8503685,0.9330541,3.5762398,2.5329547,3.1724927,2.2567093,1.9508864,2.3997777,2.0183332,2.0440037,2.4762447,4.6715856,3.8907163,2.2408717,2.200236,3.359576,1.9827043,2.4570782,1.8396345,1.1884264,2.4564867,3.3933277,2.2955356,2.7639818,4.1479826,3.4842124,2.1860895,2.6588225,0.9530474,1.859971,1.466472,2.9732072,4.0051103,3.847969,3.348343,2.298374,4.4540586,2.0354915,2.4073896,0.99331856,3.2865179,1.9052938,2.007786,3.1649103,1.7605349,1.7502578,4.3651586,2.9449873,1.7756135,3.5046647,1.9791085,4.886878,1.8218964,2.800456,1.2808656,1.6344806,1.8419929,3.805138,3.9179852,1.8491446,2.0984974,2.9387228,2.6970532,1.9393425,2.6343565,3.1240478,3.0694754,3.3313673,3.8628387,1.9839444,2.0961108,1.8875269,2.4714594,1.4902909,5.276161,3.8628387,3.0534735,10.921374,3.007178,3.1140945,1.5136607,1.9794526,2.1435556,2.7484307,3.2451084,3.122475,1.906532,2.1314058,2.603565,1.7626978,1.9028105,2.417768,3.6106808,3.5813394,3.2443013,1.328925,4.2001853,2.4609225,2.3709826,1.9282804,1.8954977,1.7867283,2.0123818,0.9966253,3.0586426,3.1222558,3.446546,2.0067647,2.5498562,2.2310042,2.3980148,2.457087,2.2681024,2.253047,0.71497166,2.6239045,1.8844951,3.1181319,1.9615983,1.6508918,3.7021945,2.3799152,1.4586538,3.2664049,5.033718,3.5451007,4.184576,3.0159795,1.5444055,2.6000097,2.0523503,2.145027,3.9613943,1.585784,3.7846873,2.901228,1.7961106,2.308006,1.7435225,1.9465479,1.591448,3.2128086,1.8079468,3.2886312,2.9536326,1.849044,2.3153431,3.7081604,2.404243,2.0364196,1.9616601,1.7488102,1.808885,3.9133196,2.6884491,1.7025617,1.3071449,3.2743723,1.7822974,2.1338584,5.2895017,2.5086925,2.2079108,2.4863038,3.9891522,4.745642,0.9704864,1.4979599,2.2391038,1.8814895,1.1750206,4.0986695,3.0891485,1.7558988,1.7769694,3.84244,2.0340023,2.9361815,2.099151,2.241357,1.9733148,1.5808637,3.1986644,1.617,3.0580568,2.149224,1.7097977,1.410994,1.5183192,4.9980693,3.635079,3.7280083,2.411377,4.2436867,3.5469606,2.6709652,1.8119897,4.0686145,0.96991265,1.7568096,3.2523913,5.382271,3.215946,2.7128737,2.9145021,2.5243423,4.045421,2.4833906,4.5169764,1.7076972,3.8079813,1.9251117,3.3392298,3.2086844,4.1719337,1.3135347,1.4731082,2.565055,1.9780384,4.5902705,4.2424855,3.9100175,4.0596457,3.1601748,1.9014997,1.6746517,1.9529543,3.5077412,2.4176795,3.4076128,0.811373,1.1993924,1.7986372,2.9943025,3.5445917,3.8297875,2.3427918,2.9725096,2.1105573,4.851684,2.9317975,3.5109775,2.3706157,2.1467714,3.4895196,3.0231981,2.2876492,1.6851864,2.234743,2.023916,1.8959081,4.3583245,2.4701242,1.5783849,3.1268468,4.0423503,4.116576,2.3466928
3.2884724,4.182577,1.3947529,2.0411298,1.6269811,2.0656652,3.0459688,2.8978002,3.4400656,2.5175128,2.8916614,3.04982,2.9131613,3.0032184,1.898497,3.525579,1.1846497,2.4165363,2.634933,4.1007657,3.1715212,3.9439938,2.1066234,4.0875897,6.916922,2.8933187,6.4425917,3.8277063,3.1157506,3.5527587,3.176782,4.3221993,3.2846234,2.392264,3.2873974,2.2665105,3.5126216,3.6390526,5.1080585,2.5285904,3.0947945,4.1880927,2.9701445,3.120489,3.6169462,4.150708,3.6343727,3.1962223,3.0313904,3.3625848,2.9234529,2.3498704,2.5042598,2.9281304,3.224122,1.1860404,2.9558566,3.54827,2.424793,2.5603836,3.487952,2.6888785,3.436756,3.6779268,3.2334442,4.664397,3.0820272,3.7822073,3.7039135,3.1598442,2.5573354,2.450489,3.3117526,3.0391328,3.9115717,3.3472686,3.2563174,3.5702577,3.046556,3.0615156,3.9079928,3.7198803,2.912273,1.2375585,3.287518,4.9307733,3.1806793,2.206506,2.8671782,2.997767,3.9385748,3.836568,3.914817,3.2315252,2.8976667,3.9319608,4.2428064,1.4496812,4.3872323,5.030426,3.4252677,3.9081802,3.7154143,3.4908743,3.17246,3.0684927,3.429739,2.9010181,5.1404467,3.7154143,3.338946,11.234406,1.0880829,3.5977113,3.1441557,3.277921,3.3514256,3.639431,3.501525,3.3897207,3.3137827,3.6252127,2.1429815,3.0145776,3.2376685,3.38656,4.0520606,5.3260345,3.4258153,2.664283,2.7151518,3.4428518,3.146525,2.8943312,2.9474351,3.2468495,2.8715856,3.3000543,2.2291164,3.712119,3.155921,3.2859936,4.481541,2.962666,3.3915203,3.644717,3.6386278,2.9789557,2.9266198,3.239961,3.0922425,2.0109107,2.923401,2.9384856,3.7364683,3.7303083,2.7813568,2.3155038,3.5378778,2.4421237,3.3571522,3.230322,3.0007834,3.3078358,2.9097817,2.2907312,4.5873613,3.781989,1.5712641,1.9517606,3.1320217,4.147306,3.010594,3.1087165,2.5310087,3.413353,3.0419981,3.6163208,3.2365506,2.9831028,3.0816228,3.5077124,3.1902344,2.133085,1.339846,3.2952828,3.1314394,3.0099366,3.5303257,2.6196375,2.467098,4.5080023,3.0290186,3.4232461,5.6960173,3.9241807,3.079836,2.8553572,2.8175752,3.1984174,3.2784514,2.6189356,2.873775,1.9890544,2.501587,2.2648065,3.4857051,3.1143572,3.4543757,3.7815082,3.3903248,4.1746225,2.8682911,3.0248036,3.11667,3.1380382,4.017305,2.428115,2.5010865,3.0353122,3.2633176,2.780552,2.814065,5.568643,3.9982421,3.0664628,2.544321,2.6160405,3.563292,3.157117,2.8989205,4.706776,3.3294823,2.372653,3.6263063,6.4980054,3.6746194,4.432389,4.651962,1.8671279,2.0894797,3.442291,3.1283464,3.2072232,4.640053,3.71493,3.3910654,3.5012314,4.288435,3.1918015,3.4164984,3.1733217,2.2276223,4.7035847,4.7751756,2.4983573,3.8152432,2.2133605,2.9623423,2.415274,3.737576,2.0280776,3.2044246,2.4260008,2.1864586,2.4723885,3.310349,4.131739,5.070797,4.2999654,3.083471,1.5546539,2.2778776,4.900665,2.5341902,3.385886,3.2039788,2.7720954,4.9732933,3.8527565,3.1958334,3.0272589,3.2314172,3.0041354,3.3732967,4.994694,3.2987144,2.986254,1.7951262,5.5527816,3.9935026,3.2125156
0.8330582,2.3297946,2.2160425,4.142008,3.3302538,3.0716596,0.7122167,0.74951655,1.5400136,1.3156424,0.8064382,0.6985561,2.3425584,0.7388536,4.436876,1.6648293,3.0050378,2.6867201,3.459696,2.2140286,0.4025841,1.7331543,2.895572,3.123367,4.849606,1.551275,5.3104906,1.9663075,0.9185706,1.8833822,0.57136226,2.2073288,0.8574186,3.131261,0.9647468,1.868084,1.7608978,0.5074127,3.3530328,2.2895916,1.1616595,2.8438435,0.7174063,0.87757397,3.0109448,2.9527698,2.105669,0.3957194,1.9672204,1.634299,0.7766797,3.2169406,2.4425383,1.993844,1.6544844,3.8478205,0.8664089,0.7877784,3.6244173,3.348811,1.4512932,2.9279735,1.7576883,2.5486495,2.175671,3.3400733,3.1503942,2.2838476,1.3629977,0.64463514,5.445915,2.7189038,0.58505625,1.383764,2.3407607,0.8816167,1.4797441,1.1788247,0.8724682,0.87907904,2.6044164,0.93672055,0.8439078,4.0292144,1.4473796,3.602354,0.8365727,3.6392443,2.388132,1.3154166,2.007986,2.3306339,2.4128778,0.8446336,0.79032725,2.1193292,1.259497,2.8856437,2.9474251,3.5428026,1.2739972,1.7707306,2.102031,0.9681825,0.94426244,1.061522,0.57500786,1.4058394,3.8894408,2.102031,1.2380567,10.660686,3.1902027,1.8534288,1.4008523,1.1814167,1.7006512,2.000944,1.5997903,2.7132962,2.3315296,1.9265246,3.2387707,0.87369275,0.9103045,2.0369518,3.0650034,3.5503857,1.4672552,1.1492622,3.631886,0.5330222,0.7391074,1.4886223,0.7762929,0.93715274,0.76920503,1.5509537,2.2177804,1.1656698,2.943605,0.7458239,2.9017458,0.7569687,1.9800029,2.5242546,0.423374,0.8008241,1.9212263,1.1924988,0.78688264,4.1805706,1.4428439,1.3842664,2.1473742,0.44335496,1.4567819,2.780416,4.0968995,2.6242802,3.50866,3.0115955,0.9600658,3.277598,2.8555672,1.6357316,3.375801,1.9297346,4.523969,2.706191,0.8605877,2.3908067,0.9043242,0.6920539,1.0776498,2.926424,0.8856368,1.3871104,2.516523,0.7604658,0.7645145,1.9608988,0.7226779,2.9193418,2.5714843,1.482934,0.83794564,3.251222,1.7892605,2.552447,1.4212474,2.7113307,0.9329386,1.7781556,4.3841968,1.8653826,0.6713027,3.0269766,3.5779994,4.03942,1.8068289,1.1482124,3.0264375,1.7558092,2.4634728,4.1358514,2.7777276,2.6449118,2.8798456,1.9753863,1.7560893,2.5373092,1.5617001,1.6354805,1.8159764,2.3960829,1.2907622,2.4271321,3.0445518,0.6698801,1.6982127,1.053091,0.89332867,3.508568,2.414027,3.1447544,2.6523151,3.5624025,1.9911641,0.9785691,0.71282095,3.236838,1.6044282,2.9229848,2.9566603,5.3620653,2.2528403,2.4724035,3.4080713,2.112105,5.100518,0.5498254,4.0068026,3.1003451,3.4292886,2.8715155,1.5181036,2.5802047,2.8801486,1.5352027,1.511193,1.4593915,2.7630475,3.2685726,3.3907747,3.5490334,2.3041987,3.6569183,0.7408423,2.7188702,2.8183162,4.499867,1.6679076,2.5203764,2.0727043,1.4015297,0.9447212,2.7476985,3.874608,2.77043,0.7589806,3.0590367,3.201073,3.5587,2.3784602,3.1525178,2.9744272,2.007722,3.0953307,2.2427874,1.8528426,1.3175191,0.50392705,1.6788547,0.93173236,3.7060478,0.6734027,2.6451771,3.9113598,4.098576,2.4745512,1.7116516
2.9885273,4.2751036,1.6754044,1.8767638,1.6169819,2.2410643,2.9962564,2.9395218,3.4822693,2.7040646,2.8443182,2.9657893,1.9861137,2.8993745,1.627287,2.7786715,1.198591,2.08526,2.5383103,3.1544888,3.2770762,4.02381,1.3464972,2.7527893,5.9294543,2.6628935,4.895568,3.1524446,2.8456426,3.2430515,3.2830205,4.2482276,2.935655,0.84820765,2.8810868,2.1128957,3.7077224,3.5682802,4.70901,2.0491035,2.8338723,3.1625223,2.9131546,2.925006,2.2530358,4.3409038,3.84917,3.2822378,2.5260615,3.45837,2.8614073,1.504539,1.9661785,2.9708772,3.01321,1.338492,3.1654375,3.540637,2.681285,2.0693765,2.93481,2.1581779,2.9532082,2.7712739,3.1544473,3.3658683,2.8239906,3.71833,3.8367872,3.2966092,2.1695216,1.7184886,3.3934617,2.661397,3.596164,2.9710824,2.7575083,3.6803997,2.7724078,2.7752357,4.1376104,3.6699712,2.7679424,1.3795166,2.9443052,4.514089,2.872987,0.5309408,1.9365876,2.5533607,3.0619838,3.6806386,3.767079,2.9032617,2.8804932,3.5361683,3.868429,0.8341577,3.1649842,3.6642375,3.4378,3.5814219,3.7820017,3.056129,2.9978356,2.8134882,3.462542,2.390157,4.7768283,3.7820017,3.5168464,9.756802,1.7427641,3.3058598,2.5454824,2.8953803,2.780763,3.1777186,3.4359767,2.7599359,2.5313725,2.9244282,1.5690619,2.7586346,2.876693,2.7838795,3.2929516,4.053644,3.5171664,2.7515976,2.728532,3.4625893,3.3030145,2.58612,2.8486598,2.8671622,2.8997054,2.9734247,2.8412595,3.6822336,2.6314037,3.0131009,3.2586153,3.1287265,2.8611486,2.7914782,3.5463297,3.160565,2.3336744,3.1546054,2.867303,1.7667001,2.709275,2.5165892,3.6593354,3.5887365,2.3214304,2.4796865,3.707766,2.7242332,3.0968795,2.110146,2.7442386,1.8245192,1.544442,2.3062801,3.9269264,2.9655366,1.5639967,1.9493566,2.8274105,3.0619338,2.7952893,2.9657269,2.7577393,2.9183314,2.767548,3.6929772,2.39471,2.8666065,3.254712,3.7112195,3.3332195,1.4867544,1.1500506,2.703995,2.8406267,2.7766557,3.1973991,1.7803075,2.5408888,3.5735333,2.8098114,2.7756405,5.1241393,3.441982,3.235392,1.4586151,2.5570502,3.262314,2.9114704,2.6509962,1.4148511,1.9321737,1.5788062,1.9420192,2.7907443,2.1429572,2.2690158,3.9620461,2.926569,4.0793934,2.6255672,2.79665,2.6671782,2.16876,3.876304,1.7528496,1.5502442,3.1910043,2.5972266,2.6724532,2.942839,4.8873334,3.613797,2.4970214,1.9265712,2.8651023,3.5111349,3.1708584,2.9502509,4.138892,2.8307042,2.5916176,3.0934947,4.941193,3.4211326,4.318199,3.2493782,2.4944599,1.9197568,3.467427,2.9592624,2.1593688,3.551288,2.6770391,3.5796454,3.0430348,4.0052705,2.55946,2.773638,3.0161078,1.6869403,4.3316693,4.2090745,2.282665,3.900023,0.94473964,2.8680682,1.6188264,2.8670135,1.8964764,2.9659598,2.644221,1.9429504,2.5555418,2.9391322,3.2293174,3.6182275,3.889814,3.060528,1.4384168,2.602394,4.4950004,2.0913675,2.469481,1.8091067,2.2748156,4.758034,3.339665,2.7980292,2.5973444,3.3082294,2.6727943,2.9782536,4.330228,3.4023361,1.8059905,2.3708556,4.131498,3.9311357,2.9091995
1.2327524,3.3506627,1.9106609,3.497572,3.3791525,3.3723338,1.2745845,0.96735775,2.4703503,0.75786877,1.2127191,1.000935,1.6675466,0.97745985,4.268868,1.3095527,2.5367465,2.966887,3.8350174,1.8724489,1.1583234,2.821947,2.318931,2.7944548,5.3859754,1.4912902,5.32205,1.5533092,0.9878039,2.2161646,1.2252561,3.262658,1.0738306,2.676125,1.0948983,1.1894834,2.7526124,1.4961724,3.2160475,2.023375,1.1577636,2.2963946,1.1467105,1.173597,2.7174566,3.9404747,3.0840116,1.2608105,1.7526933,2.5536184,1.1298356,2.6854386,1.850762,1.0026245,1.725623,3.641647,1.3688817,1.8484509,3.9877884,3.5208735,1.4963036,2.565825,0.7459544,1.84681,1.6764755,3.1064177,3.5971947,3.0359302,2.4557762,1.2980459,4.983921,2.1562676,1.3838177,0.6096478,2.9030786,1.1180714,1.3675915,2.2421784,0.99363697,0.9944209,3.588634,1.9549627,0.95694727,3.7944562,1.2484105,4.1641555,1.0404896,3.2284868,1.7584972,1.0429218,1.6634845,3.0098639,3.1177871,1.0661249,1.2581565,2.5708838,1.9143487,2.3572547,2.5615919,3.2087967,2.178858,2.4850304,3.0558856,1.2367665,1.2021483,1.0792226,1.4344635,1.0484638,4.5416017,3.0558856,2.1267965,10.816307,3.1380177,2.3311095,1.0882226,1.1965463,1.5644716,2.0786784,2.388519,2.7171905,1.7549881,1.6413659,2.7701988,0.98896503,1.1219447,1.9106634,3.437512,3.4965127,2.4434834,0.61524904,4.0294933,1.4241325,1.384575,1.318288,1.0373807,1.0614184,1.1463655,0.8132588,2.6770036,2.2278068,3.3012164,1.1336358,2.5788963,1.300394,1.8486797,2.4908335,1.3090781,1.314272,1.0407257,1.7484682,1.0439817,3.5630822,1.2879175,1.0817014,2.877868,1.3853045,1.0425558,3.1132116,4.70539,3.1444314,3.9904625,3.0611753,0.75343,2.9529276,2.4226046,1.8337977,3.4369419,1.4542631,4.1796675,2.8600116,1.0281421,2.1380734,0.91040194,1.0369003,0.9152784,3.173461,1.0339748,2.350193,2.7688737,0.97482,1.3430241,2.8704028,1.4093134,2.3015819,2.1899734,1.1930671,1.0260978,3.5299418,1.9431312,1.8893967,0.81774276,2.7734287,0.9454572,1.6023605,4.658383,2.146896,1.2217298,2.7619948,3.9074845,4.527602,1.0863572,0.79316455,2.6192153,1.6959077,1.7345248,4.1950884,3.0143986,1.9353893,2.1272752,3.0155892,1.4415685,2.7386575,1.4784673,1.5814258,1.4755021,1.915153,2.329041,1.7698104,3.0839806,1.1738116,1.2896638,0.6523901,0.67351806,4.259837,2.8911555,3.5255375,2.5798907,4.0033402,2.733806,1.8138962,0.89496315,3.4327624,0.70429116,2.0478685,3.2061374,5.36138,2.827259,2.506618,3.0212047,2.2979531,4.5969043,1.4494938,4.400907,2.2148468,3.68118,2.1090558,2.4948933,2.9882927,3.4140565,1.0432724,1.0342665,1.7746763,2.152743,3.8396995,3.6138766,3.82538,3.2665744,3.4583638,1.0370446,1.9973369,2.3609412,3.9430294,1.7075628,3.0263052,1.2599354,0.7433045,0.97219855,2.895903,3.672392,3.110209,1.4576898,3.0533473,2.3953798,4.1236014,2.5976095,3.4118516,2.6561785,1.7823323,3.298032,2.3662922,1.7094629,1.0651232,1.2117856,1.4473221,1.1647478,3.8088944,1.456363,1.9606833,3.374407,4.033537,3.2954075,1.6763607
2.422508,4.4359064,3.2709541,4.4547176,4.077115,4.2067714,2.8133605,2.8065498,3.6316636,2.8276513,2.772322,2.6622033,1.5001141,2.6116269,4.8152018,1.6825866,3.6327972,3.4228015,4.3821874,0.717819,2.9290879,3.8661811,3.1304495,1.1473327,4.0975533,2.9565876,3.7500887,0.9970791,2.4168847,2.3228996,3.036503,3.9202404,2.1381445,2.6136858,2.1125064,2.3566675,3.9355311,2.8950298,2.479171,3.1145186,2.6404328,2.2006617,2.7254226,2.6401799,1.562388,4.8096013,4.2304244,2.9250991,2.8523138,3.7205684,2.7248938,3.3990064,2.933909,2.9269824,3.180384,4.443656,3.2438226,3.0313978,4.716947,3.6570754,2.3650808,3.5671134,1.7877966,2.1195798,2.2646391,1.1386145,4.3315897,4.162102,3.6136553,3.1218398,5.444167,3.0066912,3.0979319,1.85781,2.8670824,2.1236627,2.4422643,3.5188382,2.2886984,2.2518694,4.6294484,3.2179134,2.5300865,4.56491,2.6564035,4.8725533,2.2099328,3.3079557,1.5458546,2.2458668,0.89441794,4.0823045,4.1721997,2.1822524,2.8277092,2.4257405,2.2352157,3.1254113,1.758483,1.348361,3.4553826,3.3721673,4.0919147,2.0030959,2.7388837,2.5637586,3.0652626,2.0828912,5.2259536,4.0919147,3.64894,9.594111,4.0653777,3.4335644,1.7753512,2.4496002,2.5137842,3.124235,3.5996943,3.5078108,2.4293346,2.3246675,3.6774104,2.3349102,2.2238271,2.8118944,2.8111644,1.650126,3.529735,2.6763875,4.5743566,3.0272696,3.2053,2.7311323,2.6367857,2.0595624,2.8484054,1.7316568,3.9204538,3.265108,3.2741132,2.3810985,0.8646283,3.1268935,2.8735566,1.6563795,2.5472877,3.1767395,1.6860842,3.1913342,2.4315853,4.456208,2.846771,2.351724,4.036657,2.5836818,2.2212346,3.7771168,5.3197227,4.151685,4.1397495,2.5513918,2.2778342,2.0410001,1.911579,2.857551,4.075221,0.9540263,4.8869457,3.5064967,2.2241316,1.1825553,2.4538257,2.5768728,2.872186,2.9018347,2.3391762,3.684795,2.577431,2.58567,3.2000637,4.165096,3.2036328,3.2038796,3.1589525,2.0842445,2.2514434,4.4553924,3.1790597,2.5919971,2.7759128,2.7816958,2.4907024,2.4010258,5.268905,1.9167718,3.1010842,2.3109035,4.169472,5.0422444,1.6617333,2.7296586,2.115603,2.8145258,1.9788182,4.6419754,2.5874097,2.3242927,1.8707997,4.0840473,2.6441228,2.7912052,2.9317257,3.0521574,2.7143419,1.3342406,3.0836449,2.6850147,3.2066283,3.0658588,2.0809238,2.4747045,2.6946864,4.236223,3.8018675,3.680808,2.5763998,4.773365,3.9125206,3.155012,2.7613418,4.154958,1.6683346,3.6482902,2.8069773,3.7206535,2.9526389,2.5914161,1.5335906,3.5924928,5.198475,3.0479736,4.690825,2.3840313,2.498464,2.1179087,3.7654603,2.8587291,4.3885264,1.564385,1.640165,3.2009997,3.1728616,4.63463,4.3204722,4.2698746,4.2622437,3.5242324,2.6268954,2.7533028,1.2129592,4.815532,3.1346774,3.9726155,2.4168227,2.7021663,2.1850095,1.8635651,1.7566059,4.041131,2.9303532,3.7247782,3.9751415,4.8494697,3.380338,3.0917623,1.8830234,2.8813565,2.9584277,3.2867389,2.9578557,2.305205,2.984261,2.8396792,2.0246785,4.3922486,3.1782715,1.858545,4.782855,2.1905618,4.342119,3.0389984
1.3147286,2.9861646,1.7385207,3.3789582,3.2392232,3.1454625,1.0857531,0.7039398,2.169104,0.573298,1.0380778,0.8855103,2.2421012,0.90242726,4.1454716,1.7890296,2.4107277,2.940834,3.6726773,2.5530052,0.8816208,2.5564852,2.3536375,3.4069996,5.781565,1.2858977,5.775201,2.275659,1.0710942,2.5445457,0.8516253,3.120034,1.3462023,2.9473948,1.3713852,1.5031409,2.4160511,1.3599026,3.8204823,1.9107891,1.0942392,2.7014742,1.0000315,1.0948199,3.2381175,3.6332943,2.7199357,1.0233036,1.707447,2.2380652,0.97653514,2.6908662,1.8651193,1.0434995,1.459114,3.4782317,0.8511997,1.7222737,3.759763,3.574196,1.6431228,2.4298048,1.4638674,2.2543614,2.171696,3.7518148,3.3425422,2.6648293,2.2039459,0.8746095,4.9180717,2.19838,1.0315517,1.2568665,3.1299756,1.3929565,1.4698946,1.9482057,1.1705731,1.1980481,3.227508,1.7328608,0.94938356,3.639381,1.2386223,3.9012113,1.2701863,3.380129,2.3160412,1.2539213,2.3317366,2.6698327,2.7742229,1.3107717,1.0521134,2.8985987,2.2291837,2.4181776,3.0604856,3.851154,1.8681244,2.3165169,2.735639,1.5707468,1.0602914,1.0570724,1.136507,1.3594575,4.2556415,2.735639,1.6872854,11.067142,2.9800832,2.0873518,1.5466294,1.2742646,1.6590462,1.9674218,2.0647805,2.5903816,1.9923949,1.8708199,2.672347,1.132279,1.3277664,1.9196033,3.740984,4.1023307,2.2106931,0.5564024,3.861965,1.1543053,0.923719,1.2321306,0.9443674,1.3799636,0.8924183,1.534404,2.3878846,2.0718884,3.4213026,1.246669,3.226318,0.8583922,1.8206844,2.9984639,1.4189966,0.83072037,1.6680058,1.4365654,1.1149118,3.454388,1.1159234,1.2299662,2.5110369,1.4603533,1.2830852,3.0265932,4.4567127,2.8485253,3.981947,3.3536983,0.98283774,3.4018006,2.8567266,1.8214271,3.3279965,2.1545691,4.044156,2.8137324,1.2473843,2.708459,0.96694,0.99920946,0.66259027,3.439955,1.168779,1.984176,2.987951,0.9215965,0.86024344,2.4438753,0.96558386,2.3144517,2.166925,1.4987338,1.2279294,3.2141047,1.7535745,2.0793498,0.68558246,2.966913,0.97148824,1.7618359,4.463863,2.5934932,0.7739606,3.1047869,3.8669565,4.334423,1.782146,0.6173521,3.0168195,1.6765763,2.1733887,4.0744267,3.3204925,2.2533755,2.6162364,2.7121983,1.4983116,3.11048,1.2877321,1.3517941,1.4803617,2.498446,2.3108408,1.8990091,3.1662772,0.7346967,1.6076107,0.7486078,0.5918466,4.2657137,2.659052,3.5259562,2.8494895,3.7450888,2.3713186,1.555574,0.6726036,3.281188,1.4430585,1.9190942,3.5137024,5.834087,3.0004954,2.9673784,3.6044538,2.0834243,4.516776,1.1717399,4.307634,2.6061862,4.099822,2.5488386,2.1475627,3.2080128,3.0982442,1.6266544,1.5919849,1.4758189,2.1381156,3.56516,3.4452043,3.714051,2.9440644,3.5612378,0.9551044,2.1599483,3.0303338,3.8016756,1.4657124,2.7761257,1.5547358,0.7153071,1.2280638,3.378272,4.277931,2.8736992,1.2337705,2.9702973,2.197661,3.8564582,2.4538772,3.5929356,3.1018193,1.719951,3.7434025,2.2564204,1.5984275,1.2389612,0.8883233,1.343247,1.4961035,3.6945717,1.0645205,2.4159315,3.0605762,4.606208,2.9355042,1.4940898
1.2662053,2.990226,2.0853217,3.0026553,3.17074,3.163044,1.453543,1.4296424,2.2892275,1.6958888,1.4324622,1.3167044,1.982863,1.3114396,3.808221,0.9974123,2.3391829,2.8471928,3.526769,2.0307202,1.7247759,2.8097463,1.6984211,2.6666574,5.211673,0.7271681,4.4276557,2.3246434,1.0743071,2.952721,1.5860467,3.2334757,1.4313136,2.2932029,1.2771916,2.0487108,2.7375066,1.712031,4.3749266,1.0215167,0.79611015,1.2703173,1.4322662,1.1220688,2.4952507,3.8060021,2.9548604,1.7793555,0.44665834,2.4176137,1.3834596,1.8273443,1.0943836,1.6837232,0.7541119,3.3502893,1.6080809,2.1745694,3.820212,3.4504967,0.6849057,1.418423,1.4683118,1.0198835,3.0239701,3.0214906,2.792523,2.2715983,2.6556416,1.6052605,4.4709463,1.3224479,1.6198431,1.5444795,3.4118633,1.4003668,0.5002519,2.3340087,1.347104,1.3758165,3.4102688,1.9133501,1.2954862,3.5014808,0.49151352,2.8931599,1.4213225,2.718424,2.1033728,0.83985,1.8598704,2.111363,2.2284794,1.4221183,1.4847507,3.174096,2.4048138,2.2777302,1.703663,2.810095,1.9729034,1.7286091,2.7721438,1.5285559,1.0289699,0.90562433,1.6150005,1.0323465,3.3491151,2.7721438,2.0128443,9.515126,3.3114693,1.3313595,1.243714,0.75423884,0.33077076,0.690561,1.8724561,1.2495819,0.6126741,0.38964906,1.9570774,1.3175755,1.2779286,0.38184285,3.534026,3.2335865,2.5602107,1.5986444,3.8127596,1.6317091,1.6077027,0.647224,1.3308332,1.4486524,1.4635555,2.0625944,3.0899453,2.3606799,3.317055,1.3303002,2.3588986,1.6080601,0.33095625,2.8698964,2.0282469,1.588803,1.6748549,1.3034028,1.2975242,3.039465,0.7083988,0.755557,2.1070542,1.893342,0.97641176,3.3562462,4.458188,3.0118787,3.9552653,2.809943,1.2161419,2.681033,2.2098238,2.289028,1.8809779,1.7888736,3.8072796,3.016432,1.393898,1.7590871,1.1372608,1.3118596,1.7943432,3.5709758,1.2867109,2.1302135,2.555142,1.3108423,1.5970829,2.5787394,1.6131752,1.6951507,2.213676,0.69161826,1.3904369,2.4960272,0.7617365,1.1957048,1.4700905,1.4594439,1.0744665,0.36356646,3.1822143,2.8255558,1.5933883,2.4509652,3.7792587,4.2873235,2.2860096,1.3709784,2.3277194,2.0022557,1.885131,3.7389314,3.2422712,1.1223447,1.5520847,3.0324976,0.23258626,3.8787258,0.7188419,0.6741372,0.29432458,2.2531826,2.5612671,1.2124583,2.6408076,1.5918275,0.5973235,1.31623,1.7609171,3.387645,1.6969354,3.1582124,2.9098327,3.7796957,2.0588558,1.8340421,1.4988333,1.9570159,1.4859526,2.2177866,3.641202,4.5148525,3.305248,3.800827,2.4021888,2.8849568,4.217008,1.6449455,4.1939807,1.7047861,3.531332,1.3508009,2.5016356,3.300205,2.2223952,1.4259938,1.1456069,1.02789,1.5088097,2.610323,2.132105,3.5357058,2.9825692,3.0408933,1.372035,1.4674195,3.024058,3.4091244,0.698564,2.9579787,1.9132555,1.6030731,1.1240811,3.12241,3.3002908,1.7610308,1.5756677,2.954337,2.4304388,2.8599129,1.8804834,3.0958433,2.3847077,0.69511676,4.420116,0.9306794,0.4114229,0.76955223,1.5880567,0.4872373,1.5628321,2.2749257,1.629342,1.5756922,3.0559855,3.568298,2.567361,0.563502
1.9102815,3.7205355,2.113578,3.6127381,2.6872697,2.8542798,2.1490657,2.1632497,2.8316393,2.137243,2.0497239,2.078161,0.7164896,2.0051696,3.5339344,1.5811598,2.5351765,2.0809307,3.056422,1.3000478,2.3331482,3.1478968,2.3168287,1.2091475,4.3040175,2.3786714,4.118494,1.1262394,1.9048893,1.4898936,2.462063,3.227495,1.6347219,1.573493,1.6419411,1.4094042,3.0644732,2.4658048,2.679778,2.3930652,2.155813,2.547837,2.0491698,2.0857217,1.014519,3.8579302,3.3358803,2.3036675,2.372165,2.8594291,2.0404654,2.656356,2.328338,2.5966816,2.7193384,3.1378117,2.5703976,2.3927855,3.333074,2.2714593,2.0726688,2.9289408,1.8105222,2.243987,1.6910664,1.6609191,3.2862751,3.473965,2.874767,2.5303543,4.367402,2.34512,2.5488894,1.413444,2.0355659,1.6612583,2.0669372,2.8074486,1.6687948,1.6333967,3.7028642,2.698603,1.8784007,3.2659836,2.3411896,4.464761,1.6440609,2.2386875,0.60471016,1.7330495,1.2489005,3.4554503,3.542545,1.6438594,2.0954428,1.7386707,2.092481,1.9833257,2.2230961,2.253136,2.747172,2.9011073,3.2535808,1.6042296,2.2353132,2.051998,2.5604703,1.4813036,4.7471843,3.2535808,2.9337182,9.764608,2.6417549,2.9279494,1.2754055,2.0590653,2.1958294,2.829398,2.9232676,2.9993362,2.247768,2.2375426,2.8523443,1.706323,1.705285,2.4782474,1.9637693,2.3761976,2.672339,2.0304925,3.220815,2.5254571,2.598269,2.179511,1.9859864,1.532983,2.1431913,1.441195,2.6503928,2.605446,2.0300806,1.8782756,1.6376574,2.4484591,2.5524688,0.80801535,2.1287377,2.5160916,1.2136635,2.591724,1.8416541,3.5832784,2.3179955,1.8275018,3.3785589,2.2197263,1.5903747,2.380707,4.039271,2.8894763,2.8773346,1.4503623,1.7324804,1.2121474,0.94996536,1.6277055,3.9474373,1.207185,3.6678915,2.075581,1.6357095,1.5719354,1.8928486,2.0058746,2.0880716,1.7371548,1.720907,3.021892,1.5016763,1.9668494,2.5778227,3.3259957,2.6077876,2.4374247,1.9337994,1.7854125,1.6641961,3.5177605,2.8205976,2.0272305,2.0901406,2.8855712,1.9474252,2.1384747,5.17057,1.4467022,2.4940856,1.2181982,2.8140416,3.7164886,1.3196156,2.052102,1.1447117,1.5937256,1.1123732,3.3119748,1.487578,2.059785,1.8497308,3.2340944,2.4188352,2.2813404,2.346826,2.539588,2.3401413,0.2705468,2.5424821,2.0331192,1.9618274,2.4464562,1.8056885,1.8559233,2.0495064,4.0439396,3.3636756,2.4772542,1.130246,3.4278817,3.2017934,2.3924332,2.1193678,4.024596,1.5525329,3.0867164,1.7441142,4.1166706,2.0058553,2.4200199,2.1483505,2.3112583,4.0999503,2.5388021,3.3573897,2.2290585,2.1166003,2.2752225,2.9192984,1.7746682,3.9210417,1.1387713,1.4839231,2.6336806,2.4554958,4.21955,4.157468,2.9158995,3.4025018,2.2806458,1.973918,2.118126,0.88205767,3.871552,2.6747324,2.6977196,1.5543735,2.0035288,1.795646,1.3593203,2.2586074,3.7419722,2.2324905,2.3195198,3.3518138,4.439105,2.3428383,2.000873,1.010215,2.2628806,2.795199,3.034693,2.549529,1.8181596,2.4319427,2.372325,1.5422894,4.329899,2.6129491,1.4017036,3.8747463,2.7532084,3.6484952,2.608367
1.6354734,3.224718,2.722693,4.7106037,3.7950547,3.6262555,1.6995097,1.6564736,2.4404488,1.8142587,1.7165682,1.6200563,2.26941,1.6094065,4.936537,2.0320067,3.5287378,3.0608158,3.9609816,2.018825,1.4600171,2.4679134,3.4560592,2.9396257,4.6308465,2.4855227,5.438883,1.4446294,1.7066236,1.4215946,1.6834722,2.7078679,1.3774562,3.3899724,1.5245808,1.9199965,2.5504682,1.5692993,2.2290545,3.0922265,2.052056,3.2689457,1.6356734,1.8101733,2.9622703,3.5680766,2.907407,1.4436333,2.807146,2.4958763,1.6835562,3.83902,3.096055,2.4061959,2.6742225,4.3482504,1.9387642,1.540016,4.108578,3.5539074,2.2094889,3.7403705,1.8559077,2.9656131,1.4551108,3.0526721,3.9765542,3.3343403,2.0629075,1.7648982,5.9078526,3.3438084,1.7425529,1.488072,2.0403786,1.4147052,2.2596045,2.0602367,1.4964105,1.4656113,3.3459158,1.9442008,1.6227348,4.5148125,2.293828,4.6218696,1.4013251,3.992124,2.2820866,1.9580464,1.8705523,3.3897698,3.465755,1.3969983,1.7220017,1.6744587,1.1557349,3.24655,3.2140603,3.4321492,2.2809346,2.7369986,2.9410172,1.3601449,1.925648,1.922084,1.7353066,1.9056523,4.8915763,2.9410172,2.3211787,11.077583,3.521892,2.9042265,1.7187756,2.0008566,2.4850662,2.957596,2.6445796,3.632941,2.9238062,2.5905235,3.9205794,1.5353491,1.5503447,2.8782966,2.9087987,3.3423386,2.1573393,1.6589487,4.07947,1.687473,1.8670853,2.3417225,1.6432519,1.3754613,1.7085856,1.2124207,2.623454,1.8847793,3.054598,1.5149474,2.7743208,1.812537,2.849367,2.1509714,0.9321018,1.8712511,1.9293485,2.2877324,1.5595981,4.746127,2.3412411,2.0698462,3.2144742,1.1558865,2.0087986,3.00665,4.598755,3.255203,3.7077684,3.1242077,1.5634725,3.2908914,2.939765,1.9397291,4.320963,1.7848966,5.0102677,2.9748302,1.437089,2.4781837,1.6778933,1.5816675,1.6435285,2.6671999,1.5694524,2.423351,2.7249963,1.6057694,1.8703659,2.9272141,1.8626508,3.4936025,2.9791298,2.0731244,1.4394304,4.194481,2.8003545,3.0672898,1.98837,3.3746383,1.741143,2.5059352,5.385217,1.3137167,1.752067,3.1729064,3.8665566,4.4897494,1.3419555,1.8298326,3.1442277,2.1640804,2.5649693,4.6313624,2.6045437,3.0961428,3.1242824,2.6661787,2.5458202,1.5834635,2.4815145,2.5988564,2.6152892,2.1969564,1.732981,2.9663203,3.438596,1.7217925,2.2611861,1.6531214,1.4001545,4.1409945,3.4473984,3.5475965,2.5682805,4.1043897,3.041758,1.9412056,1.562006,4.2183475,1.6641307,3.3987176,2.6182272,5.4494486,2.0603871,1.3338488,3.463807,2.403217,5.5376506,1.7040282,4.3488293,3.4019082,3.2808542,3.2167706,2.3717737,2.4390535,3.9547431,1.6648264,1.7898482,2.5236187,3.3798263,4.30326,4.3837175,3.9904332,3.1090262,3.9893246,1.6005563,3.1996424,2.224497,5.0765295,2.6705112,3.0925126,2.2249184,1.864832,1.589446,2.402417,3.7144995,3.8153918,1.7638079,3.4572058,3.7304103,4.581943,3.1440206,3.3617973,3.0277998,2.8221037,2.038265,3.2020347,2.7591755,2.002549,1.6261901,2.5469136,1.3016962,4.654095,1.8324838,2.8718383,4.5708113,3.9792516,3.4851906,2.6745234
1.3059155,2.9412034,1.7468383,3.3477523,3.2379456,3.1376252,1.0699413,0.6981618,2.1387827,0.6333297,1.0283023,0.8756018,2.287013,0.8981633,4.130871,1.7875906,2.399616,2.9502609,3.6649408,2.587165,0.8880119,2.5395355,2.326318,3.437862,5.800238,1.2139745,5.7610216,2.341678,1.0585437,2.6119554,0.82600707,3.1140618,1.3662251,2.9546702,1.3810827,1.570535,2.3971598,1.3448305,3.9175155,1.8522393,1.0455579,2.6680632,0.9942421,1.0656165,3.2632146,3.616335,2.693588,1.0308812,1.6410303,2.211819,0.96747655,2.6506505,1.8222255,1.0533947,1.3691387,3.4686153,0.80575675,1.7298968,3.7567363,3.5940733,1.6032602,2.3615222,1.5003026,2.2287116,2.2772305,3.784835,3.2940671,2.5941384,2.2007134,0.8407154,4.9008203,2.1588607,0.9990146,1.3128759,3.1827521,1.4084795,1.4249393,1.9314599,1.1865053,1.2173405,3.2013285,1.7034078,0.9524596,3.6304226,1.1762006,3.8133714,1.2903295,3.3762727,2.3640914,1.2396802,2.3653615,2.5937266,2.6988456,1.329955,1.0416245,2.9580762,2.2646842,2.4270303,3.0439065,3.8641644,1.8294228,2.2583003,2.7020614,1.5914514,1.0141053,1.0217396,1.104098,1.3637363,4.1719575,2.7020614,1.640211,11.018984,3.0004008,2.0095856,1.5665927,1.2364985,1.6057439,1.8845315,2.0074053,2.511012,1.9501617,1.8247023,2.6266863,1.1446924,1.3332427,1.8514543,3.7774222,4.1222825,2.2071433,0.61912316,3.8601406,1.1269522,0.87998766,1.1752694,0.9394635,1.404782,0.88159925,1.6173506,2.413116,2.0679355,3.447187,1.2473574,3.247116,0.8290347,1.7475344,3.0536108,1.4566578,0.7911848,1.717742,1.3721675,1.1172544,3.423875,1.0480767,1.2061884,2.4384236,1.4790668,1.2805793,3.0558376,4.4472976,2.8376713,4.000001,3.3720465,0.99889576,3.4242575,2.8786185,1.860577,3.2352927,2.193341,4.0309386,2.8392801,1.266383,2.7162213,0.9606602,0.9933572,0.7207959,3.493859,1.1764064,1.9385979,3.0022295,0.9198868,0.8164096,2.398262,0.922264,2.2841666,2.1777585,1.4790999,1.2457408,3.1449976,1.6669308,2.0546818,0.70679533,2.9121122,0.9561574,1.7141553,4.36442,2.6567156,0.7428973,3.120916,3.8786943,4.330122,1.8690362,0.6278948,3.0346427,1.7037561,2.2058163,4.06197,3.364751,2.2295816,2.6120882,2.69885,1.4350797,3.2042353,1.2181351,1.2695458,1.4171276,2.5488048,2.3212616,1.8752668,3.1642082,0.7099299,1.5845664,0.7739815,0.6712571,4.2199993,2.5756075,3.523669,2.8985946,3.7358472,2.3051014,1.5349274,0.68512577,3.1865032,1.487621,1.9057449,3.570775,5.823424,3.049983,3.0674164,3.6055963,2.1255577,4.5049067,1.143584,4.312355,2.5971441,4.126251,2.5292392,2.126853,3.2526143,3.0074885,1.6615548,1.607063,1.3967445,2.1015456,3.4773278,3.3496664,3.7114289,2.911883,3.5626936,0.95468193,2.1408114,3.1027563,3.770843,1.3780266,2.7725835,1.6049999,0.7640128,1.228294,3.4246068,4.2965846,2.7788203,1.2153574,2.9782596,2.1749282,3.768457,2.4159858,3.6031723,3.1226232,1.6609226,3.8361626,2.1714573,1.5204878,1.2172334,0.8680063,1.2733583,1.5234044,3.6000376,1.0244596,2.4224684,3.0226324,4.617798,2.869601,1.4106452
1.9156767,4.049474,1.6728535,2.742854,2.9559705,3.2201838,2.0507483,1.8313553,3.1167436,1.4208261,1.9178795,1.8393087,0.74943376,1.774316,3.566861,1.4285746,1.9296142,2.7576592,3.6397836,1.7548206,2.162606,3.5736132,1.5972297,2.1477354,5.507851,1.8854221,4.8847404,1.5699352,1.6707531,2.4565885,2.2129035,3.9022732,1.7162563,1.6904105,1.6736392,0.8809453,3.4206116,2.4753797,3.360507,1.857513,1.7649416,2.0533316,1.9115477,1.8884201,1.9932706,4.4613323,3.71036,2.222551,1.8560238,3.1702423,1.8673611,1.9859247,1.4559424,1.3926196,2.235806,3.0219278,2.252657,2.6852021,3.8211474,3.0986774,1.9089153,2.252499,0.9970743,1.5164429,1.7437918,2.6294463,3.5905209,3.5785837,3.2515397,2.2711868,4.0495124,1.5833722,2.36631,0.9562626,3.1444957,1.7553383,1.7286379,3.0552814,1.6130599,1.6039507,4.165249,2.83059,1.6551552,3.1340497,1.7892029,4.5284576,1.6833634,2.262461,0.85796076,1.3790138,1.6181539,3.5168452,3.6293254,1.7074007,1.9788752,2.8264372,2.6455486,1.5368897,2.2262318,2.7688594,2.8973827,3.0658631,3.6446111,1.8316905,1.9493968,1.7122161,2.421033,1.1961762,4.913935,3.6446111,2.9304423,10.377921,2.7582054,2.8329737,1.2416574,1.7702647,1.8325853,2.4588501,3.0211902,2.703263,1.5289627,1.8204635,2.1749952,1.6144648,1.7277259,2.0700927,3.297733,3.2589974,3.0970373,1.3992852,3.8449733,2.4109867,2.3321004,1.6759542,1.7838238,1.6358962,1.9245553,1.1705054,2.9405584,2.999619,3.101099,1.8695633,2.2103837,2.1855156,2.0827746,2.1938415,2.2846775,2.212395,0.4640281,2.4382486,1.7466041,2.7806525,1.7567881,1.3888172,3.440774,2.3585854,1.163875,3.0247283,4.708496,3.2695503,3.8534188,2.547932,1.4287841,2.07662,1.5060989,1.9645897,3.6019425,1.3916196,3.4080825,2.6087735,1.6503452,1.9531709,1.6098456,1.8413543,1.6386323,2.9721603,1.6468664,3.1387806,2.5406895,1.7462435,2.281172,3.5185082,2.362077,1.6110121,1.6163112,1.4676905,1.6673938,3.4971545,2.439045,1.2182575,1.3042439,2.895275,1.6410464,1.804039,4.943396,2.424821,2.1913135,1.9493082,3.6207116,4.396309,1.1519716,1.4594066,1.6833619,1.638411,0.6177943,3.6575441,2.7884295,1.2828351,1.2872014,3.691595,1.799293,3.061942,1.8486118,2.0073133,1.6948754,1.2172015,3.0897024,1.1726198,2.5673575,2.1360214,1.3830237,1.3547575,1.6147044,4.653195,3.314106,3.3064673,2.0985212,3.9169981,3.2909262,2.5205307,1.7913709,3.7398767,0.94789785,1.7881318,3.028639,4.9102206,3.0606458,2.947236,2.4893048,2.443979,3.6859493,2.4310338,4.1436577,1.2759209,3.4365292,1.5408779,3.1951919,2.9637032,3.856303,1.0688379,1.2475712,2.3412318,1.5803581,4.2518744,3.90126,3.5136142,3.8366094,2.6526482,1.7965846,1.2097151,1.8135761,3.1647322,2.1872292,3.1343164,0.6573707,1.2444366,1.64793,2.7182586,3.1391735,3.5202396,2.2162561,2.606521,2.0977466,4.496891,2.5090644,3.0650296,1.8439127,1.7723327,3.6335914,2.7142413,2.0064416,1.4362977,2.2122293,1.7705114,1.7548602,4.007117,2.4212592,0.99845535,2.9383209,3.6493735,3.8450227,2.1004364
0.4038186,1.9751443,1.9369879,3.8218665,2.8600714,2.5877352,0.29305753,0.655211,1.0970967,1.3850993,0.42821503,0.4921473,2.1435463,0.51543295,3.9489207,1.4145656,2.669462,2.1891398,2.9368753,2.0876946,0.52584267,1.4629782,2.51479,2.8262968,4.610268,1.1706464,4.8682146,2.004764,0.63004667,1.8259599,0.56170595,1.9215751,0.6281578,2.6952505,0.6775577,1.8099097,1.4321598,0.43377954,3.6052604,1.8370143,0.8413104,2.588576,0.39033556,0.48787144,2.6360269,2.606387,1.751713,0.43580002,1.5511627,1.2069478,0.44998115,2.7986875,2.1136518,2.1066864,1.3002622,3.4168403,0.7522262,0.6174554,3.16111,2.8843343,1.0509126,2.498581,1.8221527,2.3237622,2.390275,3.0919733,2.5390503,1.790444,1.1738899,0.6062893,5.012754,2.3378358,0.51186675,1.3894619,2.1857922,0.63352734,1.1021044,0.9167985,0.5978033,0.61784345,2.2495286,0.6445465,0.5903741,3.6027555,1.2016044,3.1049566,0.58875906,3.1666906,2.1821496,1.0018752,1.8832426,1.8223801,1.9097477,0.5953892,0.41094658,2.027643,1.3163588,2.5481153,2.633703,3.2941065,0.8215311,1.2610724,1.67692,0.75488466,0.6135224,0.7442468,0.48050112,1.1021001,3.3851576,1.67692,0.91712433,10.118707,2.859741,1.3441064,1.1469471,0.8445184,1.3102854,1.5963342,1.0975388,2.185102,2.0295274,1.6122156,2.8211753,0.58796144,0.5736307,1.6110883,2.7143176,3.3033888,1.140274,1.2225664,3.140355,0.44297132,0.6519518,1.1295375,0.49541745,0.71656495,0.5215445,1.7147566,1.9881246,0.8963351,2.5053573,0.41479644,2.671202,0.6321712,1.5869837,2.3023467,0.71802545,0.6955303,1.8479354,0.72570807,0.46476758,3.8378384,1.136813,1.065952,1.6579847,0.6093758,1.1573241,2.430307,3.6281574,2.1654239,3.067376,2.5239272,0.809237,2.8620543,2.4672253,1.3472645,2.9502773,1.8434594,4.103849,2.3176486,0.59722227,2.1177585,0.661793,0.42047915,1.1256882,2.6580846,0.5610339,1.0305134,2.0106754,0.5235409,0.6882424,1.5664608,0.6275224,2.5665047,2.2315886,1.1819609,0.57277215,2.662949,1.4034702,2.2131407,1.3870361,2.2917273,0.67344546,1.3930589,3.9713664,1.8368803,0.66079485,2.569038,3.099453,3.5537412,1.9464247,1.079733,2.6095586,1.4283912,2.218384,3.6045463,2.4461272,2.3362663,2.601711,1.6880172,1.4967487,2.7379909,1.1796546,1.2794536,1.5022644,2.1812534,1.129868,2.1043932,2.4892182,0.66676146,1.394594,0.9845899,1.0640042,3.0644243,1.9090841,2.5859377,2.3368092,3.0859737,1.4854559,0.4867091,0.6908192,2.8284104,1.6348917,2.87995,2.7179012,4.931586,2.0607934,2.800851,3.095132,1.9466572,4.711798,0.4453068,3.5155482,2.8592427,3.054897,2.6343005,1.1851863,2.2808316,2.4018373,1.3747953,1.3531468,1.0152436,2.4239693,2.7824628,2.9640727,3.0294342,1.8895087,3.1502466,0.47042766,2.4041324,2.7524345,4.1344094,1.3064277,2.06783,1.9754846,1.4137456,0.72347164,2.4954164,3.5554597,2.3355207,0.25773168,2.614198,3.1204295,3.063789,1.7654926,2.6253376,2.560175,1.5611601,3.3323812,1.8228191,1.4833152,1.0017577,0.5125713,1.349091,0.7349427,3.296467,0.5628494,2.3266726,3.660636,3.7726777,1.9934028,1.3506418
1.203249,3.2097893,1.5680442,3.224,3.0830712,3.0794163,1.1301793,0.76555973,2.3140302,0.37777868,1.0346287,0.87487704,1.6893482,0.8458058,3.9676652,1.4245367,2.2205045,2.7505922,3.5771906,2.0955784,1.0399101,2.716687,2.0909739,2.9075296,5.532167,1.2990158,5.4277477,1.786749,0.922563,2.2461164,1.0840852,3.1944141,1.1048597,2.5312464,1.1232336,1.0222303,2.5850341,1.4820343,3.4404216,1.7968765,1.0451258,2.4072068,0.99382114,1.0676404,2.7557151,3.7705152,2.9036527,1.1506909,1.613218,2.3809557,0.96213573,2.4678543,1.6526102,0.8943847,1.5749483,3.320345,1.1460663,1.7912837,3.700628,3.3203423,1.499059,2.3455954,0.9917593,1.9214938,1.7507539,3.272345,3.3530834,2.8649266,2.3517773,1.1405346,4.702322,1.9600294,1.2676892,0.716408,2.9036689,1.1613789,1.3200525,2.1236622,0.9376342,0.9503797,3.4057906,1.8934317,0.8120613,3.4747932,1.1898636,4.051144,1.0351162,3.0299392,1.7671832,0.9744415,1.8793808,2.8515465,2.9605262,1.0765263,1.076416,2.6234217,2.071977,2.0958707,2.698287,3.4063523,2.0349748,2.4103265,2.8924122,1.3201684,1.093741,0.9714505,1.3496126,0.9860693,4.4159174,2.8924122,1.9505095,10.843008,2.82467,2.206634,1.131821,1.1598657,1.5218022,2.003745,2.2360787,2.5645785,1.730626,1.6768941,2.5124161,0.91436785,1.1176206,1.8325869,3.4279666,3.6944704,2.305508,0.25449917,3.7704196,1.3485088,1.2128353,1.1512772,0.8865737,1.0962435,0.9464769,1.0252811,2.4021394,2.159364,3.1703434,1.1189497,2.770682,1.0927902,1.7672689,2.5526114,1.3755028,1.1031063,1.0981936,1.5948465,0.9717203,3.288172,1.1089838,0.9802725,2.712699,1.4517155,0.92776114,2.8797019,4.453579,2.866936,3.8152654,2.9840782,0.6920185,2.9271102,2.3754067,1.6184902,3.3762696,1.6760159,3.8675263,2.6128004,1.0069697,2.304203,0.8075849,0.94438887,0.5957991,3.1129498,0.9638873,2.212212,2.6880684,0.8418858,1.1550356,2.6736462,1.2486601,2.0710576,1.8957288,1.2173175,1.0001937,3.267643,1.8456156,1.7506467,0.45162535,2.8300529,0.8402683,1.5860428,4.597705,2.2632365,1.0443401,2.6736243,3.6888344,4.2734394,1.2587945,0.46740842,2.551591,1.4315416,1.6572796,3.9126196,2.9753556,1.894809,2.1708329,2.8703437,1.407181,2.831887,1.2844318,1.4073879,1.3718548,1.9629413,2.328382,1.5903934,2.891972,0.98792714,1.3033482,0.43635598,0.4509778,4.2686653,2.779857,3.3447158,2.459957,3.7193837,2.5588403,1.660348,0.69914293,3.3783276,0.9300613,1.8204151,3.1749945,5.474339,2.7924094,2.6813872,3.1718051,2.0115674,4.3066187,1.3700914,4.1700287,2.1977665,3.7390864,2.1772435,2.3250196,2.933159,3.2804606,1.1423736,1.1775008,1.6078476,1.9222345,3.726594,3.547926,3.5710235,3.1003997,3.2445154,0.89396375,1.8297628,2.491492,3.6527653,1.5588362,2.7608638,1.076468,0.37724867,1.00869,2.9788647,3.8213003,3.0172055,1.3103968,2.770643,2.1429594,4.009907,2.362567,3.3050466,2.6328049,1.5989302,3.4582715,2.3007662,1.5849808,0.99364066,1.0939448,1.2980418,1.2278814,3.7624035,1.3249447,1.941333,3.0499408,4.195035,3.133308,1.5420324
4.4755697,5.348549,2.925803,1.116939,2.8494503,3.3950782,4.360194,4.2432365,4.748766,3.9473205,4.223332,4.3287463,3.921987,4.2880826,1.9286107,4.3559923,2.0563097,3.7689567,3.7549407,5.0288925,4.6134515,5.365067,2.3246994,4.7920904,7.888256,3.710444,6.406333,5.0814238,4.2636094,5.2384934,4.5243745,5.7386084,4.54973,2.8818643,4.46992,3.7640522,4.971407,4.944364,6.7644663,2.9710019,4.081285,4.3224754,4.304003,4.2730656,4.320107,5.5503235,5.024774,4.6555157,3.5443745,4.7223077,4.2382026,2.1341798,2.8771148,3.9132795,3.9221404,1.895764,4.2960935,5.0393667,3.732188,3.8385713,4.291455,2.5750837,4.418535,3.9609573,4.961136,5.3988686,3.6737013,4.596786,5.239573,4.500755,1.1181562,2.6294334,4.6302104,4.284858,5.580901,4.5806384,4.0470915,5.009229,4.3256536,4.348844,5.267237,4.9924183,4.1979675,1.7888024,4.0759444,5.0636625,4.467598,2.3334866,3.9280126,3.990363,4.9069457,4.531326,4.6081953,4.5058475,4.2484765,5.5582557,5.6441975,2.421305,4.6376286,5.450097,4.67543,4.7661953,4.972035,4.7275305,4.261091,4.1266537,4.721003,3.945488,5.3242545,4.972035,4.6279483,10.380338,2.9860039,4.2888494,4.2283278,4.226564,3.9983706,4.0974507,4.5470767,3.452542,3.6322834,4.1521673,1.9397854,4.2872562,4.437473,3.818406,5.3570566,5.986386,4.9440236,4.06904,3.9363365,4.746839,4.4664025,3.7467577,4.2433605,4.51416,4.2267084,4.68626,4.1786838,5.155507,4.5307693,4.5194283,5.128578,4.335536,3.8490517,4.952252,5.127,4.325423,4.0219865,4.2859397,4.349808,0.9926144,3.796678,3.8869832,4.554282,5.126151,3.8044121,4.091963,4.7209444,3.9013054,4.7414117,4.1566367,4.2268085,3.9223852,3.6178591,4.001152,4.380144,4.78163,1.2810012,3.6306221,4.4140754,4.8245225,4.2061853,4.377067,4.0823336,4.999962,4.291922,4.849529,4.338527,4.2703066,4.409909,4.7444186,4.504142,2.3058145,2.6731443,4.1415596,4.4157004,3.204091,4.123437,2.962224,3.7558355,4.748422,4.1892977,4.0349374,5.35571,5.456765,4.435243,3.5594616,4.086222,4.354836,4.695277,3.9228914,3.49599,3.563757,3.416186,2.7942905,4.8930907,3.3434668,3.6996007,5.269944,3.9945705,6.067321,3.685316,3.7569792,3.715209,4.2367654,5.4843135,2.9128997,3.3171413,4.405909,3.998214,4.0661216,4.3228955,6.163909,4.4459677,4.097891,4.0407667,3.8725927,4.4779615,4.5189962,4.2860355,4.658286,4.4086947,2.9735494,5.2037635,6.492769,5.363286,6.2487597,4.92094,3.9132714,0.946115,4.7477603,4.274659,3.2881608,5.6110044,3.860831,4.8410234,5.057518,4.6160975,4.2968974,4.381645,4.0366654,2.467712,4.941944,4.676254,3.5837004,5.075493,2.7107387,4.278625,2.733581,4.9865494,0.553343,3.890189,3.9448946,3.4871378,3.8430433,4.4403434,5.371183,5.5392566,4.5076976,4.4180994,2.9426184,2.6986415,5.04903,3.3252141,4.354576,3.8899806,3.331948,6.805879,4.194178,3.7496064,3.9912515,4.579341,3.7048624,4.6591654,4.7152686,4.6027007,3.475761,1.5789894,5.9999437,4.8307543,3.857911
1.1191951,2.886726,1.3711156,2.7736862,2.7871697,2.7698538,1.0076963,0.7549307,2.0552976,0.78612024,0.91362333,0.8258692,1.8875126,0.8129555,3.5618694,1.3635114,1.8625222,2.566549,3.2677321,2.3178823,1.1508511,2.5868666,1.6069562,2.9928777,5.5990505,0.5661794,5.1940703,2.2629592,0.8029844,2.6314685,1.0343937,3.1099098,1.2361706,2.3066547,1.1676619,1.4127465,2.406051,1.473211,4.117819,1.0742854,0.60838586,2.1132956,0.92904156,0.8335788,2.7542386,3.564419,2.6642258,1.2472734,0.90582615,2.1359184,0.86198115,1.9015194,1.0716451,1.074874,0.8696895,2.9589128,0.9497202,1.8486508,3.4300735,3.195896,1.1395996,1.6106726,1.3573023,1.6595354,2.4617953,3.4059753,2.7924824,2.3261986,2.3205602,1.0438621,4.2953463,1.3968512,1.1700191,1.1846285,3.1650198,1.2628841,0.86914974,2.0144563,1.0108982,1.0501804,3.1536016,1.7454513,0.7895604,3.118336,0.68470025,3.3892887,1.1566439,2.7013965,1.9768391,0.7363487,2.1034772,2.2701564,2.386849,1.1948841,0.9575813,2.9569166,2.3555493,1.8788677,2.4983413,3.4273176,1.7527564,1.9751899,2.5966213,1.4614875,0.7687522,0.6451411,1.2506747,0.88376534,3.7763002,2.5966213,1.6601632,10.359968,2.7048368,1.6061002,1.2073282,0.8329264,1.0049027,1.350822,1.8056684,1.8125187,1.2725466,1.265994,1.9082319,0.95744365,1.1236502,1.1894907,3.5187612,3.7678444,2.2217135,0.75925547,3.5069833,1.2748849,1.0526206,0.49279764,0.82224643,1.2526546,0.852862,1.6834505,2.405709,2.122915,3.1339457,1.1215463,2.8510406,0.9661455,1.109347,2.8150568,1.6879334,0.94133425,1.4305779,1.1373293,0.9604226,2.830167,0.40743035,0.6283953,2.1696017,1.6519984,0.7341019,2.8599777,4.173613,2.586211,3.717264,2.881217,0.8042502,2.8639388,2.3108904,1.711198,2.6741703,1.9500372,3.484782,2.5431008,1.1120263,2.2946942,0.730722,0.9093442,0.9174318,3.3111873,0.96726704,1.9219385,2.5809126,0.81499577,0.9963892,2.321566,1.0889118,1.579375,1.6922417,0.9854979,1.098926,2.566888,1.194653,1.3211211,0.5624705,2.379562,0.6930906,1.116169,3.898894,2.6582136,0.9694628,2.5378137,3.5151994,4.0043054,1.9068788,0.50415695,2.4400349,1.4014229,1.7119843,3.5276165,3.108054,1.53861,1.9989457,2.7326946,0.87572926,3.4374726,0.5502313,0.66197026,0.7297204,2.195405,2.3976414,1.1509471,2.5926225,0.9399953,1.0146701,0.6368854,0.97814095,3.9045663,2.1404016,3.0834153,2.5925167,3.4176817,2.0467775,1.479725,0.8086354,2.6985657,1.331098,1.6613886,3.4092603,5.2664557,3.0169733,3.3821907,3.0790465,2.1182573,3.9460082,1.2884984,3.9485717,1.9834592,3.7748928,1.9399958,2.144666,3.0827985,2.6114476,1.359366,1.2768477,0.98849255,1.3887744,3.075072,2.8535304,3.2824314,2.8083265,2.9504893,0.8663347,1.4427263,2.919791,3.1856859,0.8473908,2.527543,1.3229316,0.7360716,1.0165741,3.184904,3.8336873,2.3328888,1.1638643,2.5416987,1.8974414,3.3490574,1.8308085,3.1433072,2.5656433,0.8871004,4.0846887,1.6450064,0.87125087,0.6975946,1.0735312,0.58171004,1.4090663,3.0730555,1.179054,1.7999861,2.6016228,4.1735425,2.629168,0.83273
1.3745617,3.4121356,1.3382318,2.6535122,2.8392315,2.955603,1.391361,1.1075779,2.5167058,0.749966,1.265509,1.1595007,1.3798172,1.1128019,3.551553,1.2433616,1.7621757,2.6415982,3.443179,2.0237007,1.4950507,3.0160306,1.4594371,2.6510787,5.6101007,1.1068122,5.1133337,1.8941962,1.0496657,2.5145924,1.4746852,3.4652379,1.3155516,2.0175717,1.257053,0.9664359,2.8454134,1.8500072,3.7597072,1.3134577,1.0309474,1.9854652,1.2636663,1.2139474,2.445952,3.976505,3.1275058,1.5851951,1.2287719,2.5849714,1.2050737,1.8303622,1.0246841,0.82386726,1.4434192,2.944806,1.4644029,2.1667998,3.605019,3.1648655,1.3872205,1.7937131,0.92902577,1.4383905,2.0465581,3.0953426,3.1604075,2.8943558,2.707327,1.5152763,4.1644588,1.3176677,1.6349713,0.8137142,3.147986,1.3548908,1.1339704,2.4492073,1.1258368,1.1425306,3.6108725,2.1938295,1.0266819,3.085937,1.057549,3.912529,1.2505437,2.492336,1.4824816,0.8217313,1.8238714,2.835325,2.9517663,1.2873137,1.3234273,2.8799417,2.4230826,1.6199083,2.3356829,3.149934,2.2450545,2.4566624,3.0671127,1.5140493,1.2204415,1.0087316,1.7072752,0.7944714,4.306656,3.0671127,2.204147,10.445139,2.6754165,2.1452012,1.048477,1.136571,1.2662754,1.7959429,2.3435652,2.173983,1.2052405,1.3824335,1.918031,1.0966938,1.2652994,1.4995896,3.4504688,3.568586,2.5875525,0.7363415,3.6690662,1.713429,1.558757,0.9283225,1.1290798,1.2820166,1.2296675,1.2816795,2.5883062,2.4823656,3.1347592,1.340949,2.5655136,1.4329104,1.4595674,2.547685,1.8476889,1.4360946,0.8645261,1.6953503,1.1808257,2.7123802,0.94847625,0.7670639,2.7436042,1.8737798,0.65932024,2.9125464,4.435021,2.8757706,3.8023293,2.7570362,0.8667835,2.5509982,1.9628383,1.7317095,3.057575,1.619416,3.4129107,2.5410876,1.2066936,2.1035836,0.9659546,1.206927,1.0180014,3.173394,1.1263738,2.4505246,2.5684974,1.0969485,1.5009202,2.8526092,1.5943043,1.4329917,1.53466,1.0246152,1.2084681,2.9801588,1.7105167,1.084179,0.5281353,2.5760486,0.9716744,1.3076236,4.3563786,2.5178385,1.4288893,2.289573,3.5799813,4.2005587,1.4484135,0.68769026,2.1171434,1.3778496,1.1955649,3.5914104,2.9820187,1.267481,1.6117275,3.152005,1.1438558,3.2297778,1.0758822,1.2164103,1.0159824,1.7636591,2.6737695,0.9268789,2.5816462,1.380148,0.98747635,0.6822642,1.0278474,4.267144,2.663218,3.2024217,2.363817,3.6439953,2.6064332,1.9024559,1.0972004,3.1403117,0.91641825,1.4480481,3.2558773,5.1666956,3.0245576,3.1271584,2.8220572,2.17227,3.7924309,1.732234,4.0613065,1.5605547,3.6685462,1.6416699,2.5933628,3.034405,3.1723406,1.0619752,1.076125,1.573457,1.289103,3.6116216,3.3037744,3.3949325,3.273486,2.8213933,1.1573344,1.1518819,2.4507916,3.098309,1.4050303,2.780054,0.7867468,0.582788,1.1439005,2.997188,3.5692282,2.8501668,1.5689399,2.5374165,1.7558631,3.8756602,2.1093268,3.137099,2.2666984,1.1745386,3.858969,2.0818012,1.2980934,0.84000134,1.4929231,1.0157834,1.4406252,3.4644597,1.6730614,1.3873446,2.6190765,3.9840481,3.1848106,1.3430501
0.67483795,1.9420743,1.9354175,3.6496885,2.9532263,2.681102,0.41069362,0.6230033,1.1625092,1.3601016,0.5361903,0.53921396,2.3965127,0.60177934,3.956293,1.5622427,2.5991745,2.432439,3.0796368,2.4076161,0.60061085,1.6125506,2.4242332,3.1641998,5.006218,0.8882047,5.08336,2.3798375,0.71229,2.3282008,0.4103586,2.175178,0.9887915,2.8381102,0.97615534,1.9898359,1.5349374,0.58120793,4.051632,1.6477519,0.680076,2.545885,0.5293197,0.47355568,2.9547265,2.7368531,1.8087105,0.60605013,1.3363446,1.2870803,0.53947943,2.6684482,1.9537787,1.9626234,0.91396403,3.409321,0.47282073,0.98162013,3.2809405,3.1576517,1.0348014,2.2533443,1.9115258,2.27641,2.719483,3.457136,2.500708,1.5890344,1.387589,0.38670647,4.958485,2.2084055,0.32108712,1.5914786,2.681517,0.9869042,1.0158703,1.0476562,0.8804541,0.92013526,2.3145218,0.7105373,0.7176527,3.5935917,0.9810262,2.8729022,0.9368134,3.2483463,2.4553342,1.0485588,2.1970444,1.5948449,1.6933278,0.9522153,0.515231,2.5417264,1.7582531,2.5883992,2.733257,3.5510416,0.80145895,1.1748698,1.725914,1.1484243,0.4293599,0.6644524,0.32943675,1.2358632,3.1876035,1.725914,0.73388076,10.186848,2.9691505,1.0691184,1.3932152,0.789098,1.1856024,1.3027972,0.9460686,1.9453131,1.9175346,1.5243385,2.654156,0.8408446,0.87391686,1.4096769,3.1709714,3.6454859,1.3781462,1.2366322,3.301966,0.36443907,0.3556982,0.93537587,0.5967023,1.0771352,0.53311217,1.9860697,2.1601713,1.1847116,2.8734996,0.7184336,2.961609,0.45486692,1.3464718,2.7629023,1.1077731,0.44930375,2.0310674,0.3610509,0.70216167,3.6795287,0.8759347,1.0491651,1.4324801,0.9695534,1.2261223,2.698495,3.7666,2.2604342,3.3774111,2.8597164,0.952314,3.148173,2.7122712,1.6457239,2.6549437,2.136747,4.062803,2.5540967,0.9269662,2.3639338,0.73574233,0.5657319,1.1688359,3.110862,0.81432766,0.9319389,2.3702734,0.6311741,0.4034619,1.4819305,0.32803163,2.447677,2.2840197,1.2263343,0.8988117,2.4771569,1.0576094,2.1489892,1.3223829,2.2438774,0.69850725,1.3086754,3.66248,2.3441172,0.46248367,2.8231134,3.3450289,3.7126935,2.241912,1.0291504,2.840918,1.6153309,2.3838277,3.677113,2.897781,2.2922225,2.6590939,1.834087,1.2837367,3.2048867,0.91220474,0.9458567,1.287304,2.5178216,1.5089682,2.02617,2.6793897,0.5057066,1.4055159,1.034163,1.1524304,3.1463976,1.6530693,2.8260798,2.7016222,3.1891882,1.2929823,0.63126045,0.71650475,2.5222545,1.7926148,2.6805465,3.1891944,5.1615343,2.5406969,3.2271345,3.292594,2.12411,4.6543703,0.3602969,3.728915,2.8368511,3.4812834,2.6094522,1.2683305,2.7414563,2.108556,1.6344501,1.5316767,0.6362525,2.2763467,2.536774,2.6593454,3.1892583,1.9472753,3.2914917,0.60974777,2.336426,3.153971,3.979992,0.9389021,2.2086403,2.0803823,1.4075633,0.9033157,2.97084,3.8760414,2.0109525,0.41093215,2.7450387,2.8928988,2.8285384,1.7659694,2.9493718,2.8419242,1.3806049,3.807832,1.5363802,1.197838,1.0088112,0.41717294,1.0936366,1.1420195,2.9986587,0.29194078,2.4390693,3.4203424,4.087255,1.8425871,1.0200179
1.1627014,2.73796,2.627695,4.580017,3.6451054,3.4213593,1.286314,1.3468882,1.9809641,1.744853,1.3487424,1.2423394,2.2432966,1.2462981,4.7830205,1.6877266,3.4149392,2.8633292,3.7302313,1.8433596,1.1058749,2.0283358,3.2550297,2.80717,4.373634,2.0918694,5.079326,1.5006382,1.3102615,1.4831944,1.298612,2.298237,0.9743063,3.244728,1.1118095,1.9885854,2.1583884,1.0312784,2.6728168,2.754294,1.6432402,2.929285,1.2598534,1.3760705,2.8054252,3.2182941,2.5090106,1.0658094,2.4076319,2.0678566,1.317185,3.5971017,2.844456,2.3533657,2.2268412,4.2266097,1.5925845,1.08379,3.9318414,3.4325092,1.7313931,3.4084895,1.7652571,2.6855838,1.8911276,2.918418,3.568837,2.8061879,1.6654537,1.3809581,5.796575,3.0920997,1.3071249,1.4063979,1.9941607,0.98661214,1.8307074,1.6128978,1.1441121,1.118264,2.9622447,1.4016287,1.2878703,4.4027724,1.8885851,4.0359855,1.0211241,3.835569,2.2743032,1.6153945,1.6760883,2.8458738,2.9200869,1.0016452,1.3522402,1.6628343,0.7170548,3.1678758,2.8714478,3.2077956,1.7893053,2.158448,2.4915564,0.9199898,1.4850476,1.5223378,1.2627523,1.6179426,4.3101616,2.4915564,1.8681345,10.615157,3.4941766,2.362713,1.438987,1.5599005,2.0457985,2.4572134,2.1253676,3.1655948,2.600011,2.169738,3.678264,1.1837058,1.126798,2.4290252,2.7694457,3.10778,1.7772946,1.5559874,3.8816285,1.2094598,1.4775431,1.9677804,1.2832435,1.0077426,1.3667063,1.3457087,2.5465727,1.4176856,2.901031,1.0584853,2.5632489,1.4645176,2.402345,2.1351542,0.43078825,1.5217867,1.9058605,1.7985206,1.1634474,4.6095862,1.9700209,1.7305666,2.6818826,0.5866447,1.7339696,2.9366713,4.3619804,3.0071642,3.5488703,2.9271114,1.2653179,3.155033,2.8081825,1.837493,3.7892396,1.6352458,4.90304,2.8923893,1.0684358,2.169201,1.3209383,1.1785963,1.5426568,2.6822095,1.1981922,1.9241037,2.4640188,1.2481407,1.500772,2.482745,1.4597207,3.298458,2.8906002,1.6945411,1.0660055,3.7690198,2.3031638,2.8404489,1.8625715,2.85263,1.370702,2.0708766,4.806726,1.3114656,1.399105,3.0106225,3.7095332,4.28063,1.5521016,1.6325407,3.0033548,2.0416067,2.5146751,4.437554,2.5300517,2.8497694,2.92515,2.2869532,2.1473706,2.0006504,2.0937002,2.1889956,2.2410517,2.1809413,1.2748111,2.7547076,3.2044601,1.3847958,1.9087691,1.440511,1.2999187,3.5723755,2.8825648,3.275467,2.5715725,3.8912919,2.5256634,1.4979452,1.2816484,3.6614072,1.5689932,3.3550925,2.6496935,5.106645,1.9935598,1.8650702,3.196467,2.4119065,5.459859,1.2254294,4.1698446,3.2463393,3.0715425,2.9736636,1.9682461,2.3580754,3.3876574,1.4747994,1.508566,2.051168,3.1670372,3.7192745,3.822334,3.788721,2.6720955,3.8311663,1.2411425,3.0177004,2.3892677,4.939753,2.2267857,2.8616893,2.249869,1.7883077,1.1772758,2.3078768,3.5112832,3.2538075,1.3325096,3.3345726,3.6712816,3.996377,2.7735467,3.1186688,2.8701162,2.4521677,2.4438503,2.6805425,2.3359478,1.6455295,1.2258657,2.1659477,0.90517855,4.107414,1.3973784,2.7014256,4.450532,3.7209976,2.9551802,2.2371466
1.6002306,3.6879106,1.4023974,2.5896776,2.843035,3.0351503,1.6717298,1.4156944,2.7738132,1.0081173,1.538557,1.4484051,1.101575,1.3916,3.4976163,1.282253,1.7339258,2.6673183,3.5012565,1.9134487,1.7866544,3.2649977,1.397581,2.4443564,5.5989575,1.4103397,5.0149655,1.7721807,1.3041227,2.5088708,1.7956803,3.6666324,1.4790947,1.8179972,1.422617,0.851776,3.095243,2.127218,3.6343052,1.4670105,1.3304807,1.9586974,1.5372779,1.4959481,2.2479465,4.188763,3.3785768,1.864094,1.4405576,2.8349824,1.4831722,1.7888916,1.0875516,0.99020535,1.7573792,2.9114752,1.8017673,2.3996778,3.670631,3.1172295,1.585377,1.8996483,0.8932199,1.3905663,1.9284014,2.914031,3.311508,3.1751714,2.9517624,1.8433044,4.042931,1.3115454,1.954079,0.8206423,3.1685982,1.5189028,1.3551333,2.716684,1.3209046,1.3263749,3.8499787,2.4744775,1.2856742,3.0398948,1.3458036,4.153719,1.4262697,2.328168,1.2101644,1.0219318,1.7348051,3.1119525,3.227525,1.4584455,1.5989493,2.881331,2.5391586,1.4878899,2.2580247,2.9912171,2.5246894,2.7111313,3.3143415,1.6462382,1.5266845,1.2968776,2.0197365,0.9104719,4.547406,3.3143415,2.515661,10.404267,2.66571,2.4214153,1.0905995,1.3896576,1.4682093,2.0468373,2.627669,2.3457053,1.2528086,1.522186,1.9240929,1.3047183,1.4521434,1.6951734,3.4007676,3.4537256,2.811405,0.9996109,3.7218935,2.0193706,1.8932042,1.216365,1.403325,1.4223442,1.5233641,1.2202235,2.724678,2.7146869,3.1171985,1.5629072,2.4180105,1.7558314,1.6808199,2.4143968,2.0476074,1.7692562,0.62713265,2.0060964,1.4149082,2.6417835,1.2708819,0.9933885,3.0300777,2.093658,0.81304884,2.945793,4.5384307,3.0225198,3.820449,2.6557686,1.089178,2.3343964,1.738827,1.8092091,3.2474494,1.515876,3.338843,2.543013,1.3851177,2.0278451,1.2305202,1.475296,1.2659627,3.100148,1.3358172,2.747762,2.5467308,1.3691808,1.8375083,3.1342077,1.9268839,1.383593,1.4829544,1.1717026,1.3942755,3.1546874,1.9967949,1.0047702,0.8323972,2.6848063,1.2476633,1.4758462,4.574082,2.5018966,1.75883,2.1144128,3.580692,4.26668,1.3197811,1.0058109,1.8995008,1.4420987,0.8921334,3.574513,2.9094226,1.1603099,1.4023418,3.390501,1.3820423,3.1918294,1.3752239,1.524973,1.2547476,1.5340655,2.8685641,0.8847144,2.5374124,1.7067368,1.096802,0.95351213,1.2685872,4.4351153,2.9197567,3.229118,2.2409105,3.7359464,2.8883164,2.1666818,1.392453,3.362593,0.8746214,1.4792262,3.1764119,5.0585947,3.0574646,3.0860724,2.668001,2.2647142,3.6713696,2.038658,4.0801034,1.3375021,3.5861053,1.5185536,2.8538525,3.0159123,3.4423072,1.023594,1.1080636,1.8849894,1.2868588,3.8645728,3.5247939,3.4170022,3.5149553,2.7002964,1.4255908,1.031593,2.2107577,3.0338032,1.7126869,2.9115136,0.5922327,0.82543546,1.3466607,2.8995957,3.3960085,3.1087644,1.8450407,2.5208342,1.7937543,4.1193237,2.2365005,3.096351,2.0676892,1.3651496,3.805598,2.3190682,1.5590501,1.0603492,1.806603,1.2998239,1.5698204,3.6568015,1.9985918,1.1478884,2.6603432,3.853169,3.4582496,1.6356814
3.8323748,4.624923,2.1289306,2.2123415,1.4001241,2.0846374,3.6952627,3.6371832,3.9374728,3.371139,3.5438144,3.7242382,3.1367483,3.6668558,0.9857267,3.9041188,1.6673628,2.3753183,2.3979645,4.3337483,3.92151,4.438877,2.352877,3.9660783,6.7703595,3.4819288,6.0161505,4.191057,3.7095504,3.8855963,3.932139,4.670966,3.8145578,2.155415,3.7957802,2.8914385,4.027153,4.2866526,5.4650126,2.9236188,3.697257,4.4280972,3.6287904,3.729168,3.4412668,4.4411955,4.1001425,3.9180686,3.47717,3.8555224,3.5832157,2.4707136,2.9496999,3.7709546,3.8152404,0.7397193,3.7438915,4.138912,2.2667844,2.197503,3.9278045,2.992438,4.0131683,4.0031023,3.8249042,4.5569105,3.061387,4.1888313,4.269753,3.923792,1.7285424,2.7509508,4.0413847,3.6186235,4.117381,3.864172,3.7374194,4.1640973,3.615971,3.6237688,4.29002,4.313169,3.55378,0.6317534,3.8762476,5.1161017,3.7292905,1.6972054,3.0619254,3.5177958,4.218202,4.2196193,4.286278,3.7695909,3.5575893,4.1874733,4.70474,1.6994282,4.4706535,4.96809,3.9799314,4.3053646,4.122256,3.969256,3.802185,3.6720881,4.1342773,3.3810055,5.281519,4.122256,3.997291,10.530593,1.3398943,4.0399795,3.5726767,3.8209336,3.7904632,4.0885224,3.9988499,3.6169221,3.6793299,4.0252953,2.3375092,3.5944285,3.760875,3.7788568,3.914517,5.2455726,3.9306498,3.4695017,2.4639957,4.139928,3.9120297,3.46582,3.602759,3.7609982,3.5748634,3.8899148,2.8184059,4.237594,3.0005412,3.8523185,4.5213966,3.7285914,3.8324609,3.6878388,4.278971,3.7579145,3.3941727,3.8394144,3.685442,2.0860617,3.5496583,3.4721725,4.17067,4.349705,3.2933657,2.4510007,3.3637474,2.7084606,3.1222057,2.9415677,3.6167464,2.988455,2.7839143,2.7940288,4.830582,4.1114354,0.84342635,2.0526843,3.6827981,4.2926574,3.63444,3.7478812,3.3626943,3.3644834,3.609573,4.20023,3.152058,3.6389506,3.8591833,4.027821,3.9469032,2.445603,1.7714752,3.7513063,3.6893804,3.087058,4.04795,2.9249403,3.27052,4.685632,3.652348,3.826348,5.896202,4.238663,3.8604438,2.5786545,2.4689581,2.9088998,3.822574,3.3853264,2.6565874,2.519696,2.743309,1.5539908,3.40774,3.3717046,3.592792,4.255933,3.9228306,4.6077533,3.4520285,3.617804,3.6390924,3.2714252,4.492299,2.8200016,2.1822412,3.8183155,3.6879106,3.4812143,3.6194768,5.636971,4.339144,2.811015,2.5354886,2.5201855,4.0100675,3.7472334,3.647092,5.0023146,3.8762648,3.2078152,3.5885556,6.0656443,3.8939848,4.963051,4.5774093,2.5687308,1.4263706,4.1384645,2.707924,3.4162323,4.4125657,3.9561577,3.951537,3.5419676,4.6178102,3.6156664,3.8610091,3.7511187,2.6213677,4.9496503,5.0415974,2.1415613,4.190778,1.5539825,3.6175394,2.7319758,3.8603802,1.9507601,3.7839139,2.684822,2.7984521,3.2787206,3.8621588,4.1110296,4.835906,4.659617,3.717302,1.4578043,3.1075802,5.0963583,2.6849477,3.0720735,2.9985297,3.2001674,5.3561115,4.251106,3.7090998,3.556382,3.9735162,3.5714955,3.8693156,5.222975,4.03199,3.1100502,2.411377,5.321914,4.3607283,3.7689996
4.661371,4.9712677,3.4136267,3.0498626,2.1187015,2.609299,4.601996,4.6695127,4.5251718,4.635209,4.4854403,4.6861563,4.142503,4.636094,1.0283849,4.6654625,2.8884146,2.9357235,2.517403,5.0820932,4.936651,5.0116787,3.17937,4.4577723,6.7584124,4.263572,5.5626264,5.1895256,4.6112943,4.8435783,4.905103,5.1092134,4.716887,2.8123999,4.6615577,4.224347,4.6427298,5.129681,6.613029,3.579823,4.542351,4.931009,4.5789213,4.59192,3.9104261,4.731212,4.604,4.9058423,4.1193724,4.451491,4.5361466,3.0637186,3.7834153,5.023729,4.5020046,1.7804527,4.7243423,4.9696884,2.5781176,2.6353073,4.587427,3.4874172,5.0901694,4.6892395,5.2240796,4.992201,2.9541867,4.458123,4.9980903,4.888152,1.7041262,3.4842405,4.956433,4.7341967,4.863177,4.73952,4.4627824,4.8938127,4.55999,4.5699377,4.6565175,5.0271792,4.5329294,1.6884075,4.6791797,4.9002233,4.6534796,2.1631963,4.0775957,4.3940587,5.004978,4.450954,4.4868984,4.6791553,4.498011,5.009574,5.512521,2.9241014,4.8449397,5.308097,4.6269603,4.687349,4.534323,4.817459,4.651634,4.545637,5.0143538,4.2917814,4.9656215,4.534323,4.730258,9.208191,2.691352,4.4602604,4.4634776,4.6144466,4.4391904,4.5766716,4.5099354,3.8207664,4.3544917,4.649791,2.967774,4.540673,4.6253996,4.3099957,4.295558,5.5272694,4.6284347,4.6846247,2.612108,5.021309,4.857129,4.286551,4.5657597,4.673944,4.55991,5.092434,3.8822095,4.9438157,3.4318237,4.724981,5.0312777,4.714719,4.4041643,4.4489384,5.251654,4.741591,4.5153255,4.546945,4.605036,2.8669963,4.3998566,4.3466654,4.4897103,5.2507253,4.228578,3.3123348,3.284748,3.2792773,3.3465116,3.2519732,4.6150227,3.4091043,3.444114,3.8758543,4.8598585,4.97871,1.5980909,2.9999635,4.6116815,4.8347607,4.5840707,4.681634,4.5881968,4.084491,4.532186,4.8237705,3.5503447,4.609189,4.8255177,4.534478,4.87805,3.3064737,3.024995,4.5367613,4.6190724,3.0026312,4.6128564,3.72522,4.4753027,4.8746166,4.583969,4.453038,5.6555476,5.1250234,4.857661,3.0661604,2.688367,2.844886,5.0575533,4.5133686,3.2376246,3.6431916,3.8011882,1.331129,4.0063477,4.077171,4.2624993,4.821969,4.6617045,5.771522,4.239053,4.363698,4.390755,4.1952815,5.188132,3.7117653,2.4643698,4.8326693,4.4544616,4.575897,4.8253474,5.4744167,4.5326657,2.8873324,3.4808474,2.7437327,4.391287,4.5325356,4.711021,5.0606456,4.9450006,4.4994726,4.302224,5.6360245,4.6529555,6.19941,4.875405,3.8564904,1.982225,5.0150766,2.6605499,4.199511,4.5863175,4.609457,4.6303015,4.193514,4.6787376,4.5660706,4.739428,4.422522,3.4852133,4.853666,5.031434,2.2815354,4.55214,1.8632413,4.5852466,3.619583,4.8506465,2.6090505,4.4697804,3.311809,4.116469,4.526967,4.744722,4.6812277,5.0160456,4.8155713,4.5849805,2.3797953,4.370942,4.897854,3.0680816,3.1910892,3.5005066,3.870354,6.453693,4.6279607,4.36935,4.4186687,4.9387474,4.3498187,4.7603636,5.1716204,4.9326186,3.8717506,3.4574099,5.382064,4.5580034,4.450874
2.7517323,3.815171,1.0102254,1.7232012,1.2189463,1.7535174,2.6084244,2.5157497,3.0383449,2.2498035,2.4523087,2.6080966,2.268265,2.553049,1.5510306,2.843147,0.5695733,1.8987906,2.258754,3.4220817,2.836222,3.5942693,1.3402989,3.3146057,6.2389164,2.3308609,5.5398293,3.2941315,2.5899968,3.1654224,2.8257241,3.927684,2.7557783,1.5189692,2.7253165,1.901053,3.2074273,3.2151272,4.8183794,1.8241863,2.5510638,3.4198384,2.5347483,2.6126845,2.819656,3.886444,3.3376,2.8506866,2.3563762,2.9900584,2.4816635,1.5775867,1.8364246,2.6434298,2.676328,0.8715299,2.6374948,3.167405,2.2515662,2.0891721,2.8295786,1.9999157,2.9285758,2.9578722,3.0403452,3.905768,2.5245836,3.3006763,3.388646,2.818591,2.3477616,1.7042232,2.944942,2.5538673,3.5213377,2.804935,2.6132429,3.222954,2.53521,2.548927,3.6353066,3.2892823,2.4432583,0.9915355,2.7170067,4.3094893,2.6646385,1.3395797,2.2309718,2.3939447,3.2748594,3.3088825,3.3938143,2.707975,2.4720607,3.5074043,3.7552917,0.6875506,3.558801,4.2153344,3.0017478,3.3220541,3.335294,2.9355774,2.6699474,2.5336213,3.0409622,2.282494,4.5507584,3.335294,2.9930446,10.361154,1.1000799,3.0062208,2.5208817,2.692019,2.675464,2.9911826,3.0236988,2.6532261,2.5947342,2.923252,1.4384372,2.5064998,2.6869678,2.6839876,3.4859252,4.5403047,3.0816882,2.3468454,2.4299104,3.0506358,2.8080914,2.311084,2.4943976,2.7097676,2.4714684,2.896273,2.1966126,3.3140385,2.6538758,2.7706828,3.708491,2.6284292,2.7197824,3.0570073,3.2517622,2.6504753,2.383518,2.7526326,2.5921936,1.6548936,2.385163,2.3350534,3.2461574,3.3050253,2.1726503,2.1072128,3.3459785,2.174984,2.9943578,2.487937,2.5020869,2.4968944,2.1013453,1.924848,3.8767228,3.1467748,1.3945627,1.6139241,2.614152,3.378108,2.5106516,2.642209,2.2700999,2.9997373,2.52223,3.2259839,2.5458772,2.5272806,2.751235,3.1759152,2.8454742,1.4257755,0.67023695,2.6430585,2.6181092,2.4352052,2.933484,1.872695,2.121072,3.7107117,2.5225089,2.724218,5.029402,3.455623,2.74961,2.0283058,2.4447768,2.9691937,2.8874178,2.2386918,2.0423422,1.5313554,1.8314781,1.8431802,2.9515069,2.357911,2.6766806,3.487087,2.7732205,3.9741962,2.3001173,2.467341,2.4897227,2.4933555,3.5942085,1.723557,1.7327939,2.707092,2.5826492,2.349049,2.5254214,4.879131,3.3706403,2.479351,2.0419645,2.4173734,3.083882,2.7420692,2.5319862,4.0272527,2.8081288,2.202815,3.2041821,5.5997734,3.299669,4.2231445,3.8051958,1.8547401,1.9735725,3.05157,2.8163126,2.4997125,3.936379,2.9719841,3.0739212,3.0487785,3.7087798,2.586512,2.7908494,2.6415558,1.5555571,4.095351,4.095741,2.0878935,3.451882,1.4401536,2.5148094,1.6986569,3.213094,1.7646608,2.644334,2.1345105,1.7685819,2.1511536,2.75969,3.5129461,4.246665,3.6701512,2.6546445,1.070869,2.166083,4.2831693,1.8357888,2.70255,2.3882306,2.0825205,4.736746,3.1836932,2.572801,2.4255266,2.8697498,2.41376,2.8373327,4.2886744,2.9369977,2.1990013,1.8031331,4.7175303,3.5235398,2.6276157
3.799283,4.164344,2.7621043,3.3682158,1.2732432,1.7095197,3.7588148,3.8693185,3.6347349,3.8959224,3.6466978,3.8689034,3.292486,3.8123682,1.3366914,3.9028065,2.597021,1.7515072,1.5059445,4.155716,4.0677133,4.0286703,2.9341612,3.5339222,5.619666,3.701277,5.0268655,4.1632276,3.8133023,3.567924,4.096665,4.027912,3.7945986,2.1954772,3.7755947,3.3750403,3.6938057,4.244036,5.3564773,3.2053926,3.852753,4.5002227,3.7323437,3.806648,2.9866445,3.7563548,3.6962967,4.0099216,3.653521,3.5436597,3.7057068,3.000357,3.449241,4.483992,3.9922664,1.6429944,3.9705465,3.961344,1.6402513,1.2439523,3.886506,3.3992367,4.355833,4.232086,4.160123,4.0264006,2.4511209,3.8632784,3.9799128,4.094349,2.6522887,3.220289,4.1430564,3.8823802,3.51073,3.8231316,3.8097122,3.9511409,3.6757462,3.6748526,3.753047,4.1470475,3.7033074,1.6686162,4.080173,4.632926,3.739135,1.8226475,3.1909356,3.6574705,4.084061,3.9057667,3.9418912,3.7612972,3.6544852,3.698161,4.411105,2.416294,4.271408,4.5489445,3.7857203,3.96628,3.6564767,3.864749,3.9135976,3.8143241,4.191779,3.512196,4.685948,3.6564767,3.9414146,9.346882,1.8486305,3.8901181,3.606032,3.8949645,3.8480678,4.1126924,3.7733603,3.5714312,3.9247956,4.084716,2.96074,3.6699512,3.7435918,3.839214,2.9522943,4.590449,3.6042852,3.910654,1.5496663,4.184459,4.082502,3.6836047,3.737739,3.744071,3.7401495,4.1552815,2.8425887,3.9307857,2.0669005,3.846233,4.1799293,3.9234984,3.9389765,3.2307696,4.2445683,3.973056,3.719927,3.8430095,3.7453187,3.2145834,3.8117282,3.6514704,3.8922906,4.278337,3.4936457,2.0615044,2.4020467,2.3547308,2.0036194,2.0997899,3.7916412,2.5234387,2.6186059,2.8137934,4.7241445,4.0773187,2.0276039,1.8183949,3.7061095,4.0180087,3.7850256,3.8432891,3.7689974,2.6747444,3.6654842,4.0103946,2.3861685,3.781058,4.0578537,3.7542977,4.098292,3.1001854,2.381311,3.8253171,3.7166903,2.8399065,4.1092935,3.3360448,3.789276,4.367616,3.8044076,3.8574543,5.6271267,3.892986,4.0702906,2.1640384,1.365335,1.8796827,4.0937505,3.7781384,2.4396725,2.7215915,3.0781257,0.80495214,2.6543539,3.678614,3.7840652,3.8247705,4.1345797,4.4546475,3.6756575,3.8442593,3.8892612,3.2152536,4.1000395,3.2990015,1.4723169,4.040298,3.7985716,3.791703,3.9784896,4.7475986,4.07468,1.7304151,2.2333903,1.8612151,3.7418792,3.6420197,3.8903596,4.848529,4.1461287,4.24936,2.8955123,5.0734315,3.3109202,4.956835,4.226017,2.8505049,2.6606352,4.178211,1.4861672,3.8751845,3.4012594,4.204027,3.7040277,2.8248062,4.3299594,3.6933813,3.9377341,3.821833,3.2509096,4.5281205,4.8541946,1.1750317,3.6681662,1.1230348,3.7436388,3.2811592,3.7604318,3.1221192,3.96082,2.3104937,3.387125,3.7974558,3.9122865,3.4358895,4.1699567,4.4992685,3.7249885,1.4324131,4.233597,4.623402,2.4127147,1.9791964,2.6106658,3.3984733,5.109921,4.210105,3.8972733,3.701909,4.115589,3.8258557,3.7982476,5.073222,4.1355076,3.2822876,3.6682537,4.538083,3.9355614,3.9480307
2.550544,3.914963,1.9055972,2.5008206,1.8752102,2.312059,2.6840074,2.7123654,3.1365986,2.6600306,2.5578706,2.663096,1.5522985,2.5953658,2.1905687,2.2074752,1.7321501,1.8527467,2.4749506,2.4643226,3.017473,3.6416702,1.4499928,1.9368424,5.083576,2.4009128,4.006804,2.6275644,2.472716,2.8062093,3.0311258,3.7802694,2.4849722,0.25431576,2.412107,2.0642207,3.4151442,3.1759918,4.3036284,1.86914,2.4949028,2.5964682,2.6145916,2.5686038,1.4108716,4.0443873,3.568415,3.0015447,2.1912355,3.1422265,2.5718424,1.5907725,1.8794371,2.9706872,2.7257001,2.0047007,2.9840472,3.1548483,2.787655,1.9040515,2.4187894,2.104312,2.6218612,2.3171008,3.0150955,2.536028,2.590441,3.3706114,3.489885,3.0583038,2.8992133,1.6414028,3.109358,2.34153,3.115234,2.5006986,2.3174884,3.340773,2.3886836,2.3840492,3.8616645,3.2644494,2.462855,2.092915,2.597567,4.058151,2.452246,0.66216034,1.5078324,2.1609843,2.4037852,3.3055544,3.3896317,2.4666028,2.601052,3.0201902,3.2989976,1.2585648,2.4140315,2.8265274,3.086843,3.0776849,3.4377897,2.5405548,2.657538,2.4682884,3.1440015,1.9841529,4.3303614,3.4377897,3.2508972,9.077684,2.182535,2.8930006,2.0528789,2.4761226,2.3218453,2.7599232,3.0695908,2.390327,2.1379867,2.415315,1.7855866,2.3881452,2.426723,2.3503182,2.6609886,3.1716294,3.179944,2.636047,2.7084153,3.1348572,3.0742402,2.291947,2.5488648,2.4119914,2.6531484,2.6676705,2.8832052,3.2666466,2.2141669,2.589443,2.4515219,2.9227397,2.462118,2.1680462,3.1495926,2.9643857,2.0295002,2.825366,2.49394,2.4052734,2.4527433,2.1562197,3.3070498,3.1590624,1.97364,2.4482667,3.6414676,2.6698148,2.8315814,1.391484,2.4084136,0.99867004,0.7946038,2.1375158,3.4846318,2.3698049,2.3575282,1.9564553,2.4158535,2.2859738,2.462152,2.6257384,2.672676,2.5128477,2.3831837,3.3552659,1.7336953,2.5598361,3.0432196,3.448454,3.0921614,1.6307021,1.4448756,2.2237606,2.4342942,2.6431131,2.8234198,1.5731567,2.4815223,2.8776872,2.475753,2.2788062,4.677841,2.8959014,3.018925,0.6309084,2.4294987,3.226318,2.622795,2.5093927,0.6070607,1.8348836,1.313231,2.1714041,2.2473965,1.7808677,1.7685108,3.6415806,2.5595193,3.7619722,2.3641446,2.5337713,2.348835,1.6221583,3.3891485,1.6330053,1.1337264,2.9808834,2.121712,2.4480746,2.7892532,4.1699595,3.164979,2.1021647,1.6293128,2.9135215,3.169885,2.843328,2.7278147,3.680996,2.4651818,2.9016109,2.6481915,4.0504723,2.9805872,3.9938977,2.4218693,2.6110177,2.7493434,3.1406875,2.872169,1.9216015,2.7426317,2.2290728,3.2928731,2.5682716,3.611488,2.0790842,2.268469,2.7047849,1.7715688,3.884112,3.7572515,2.2493107,3.5620275,0.9430804,2.5649185,1.5685037,2.3816872,2.6006505,2.6726277,2.5589437,1.9495335,2.4970794,2.501474,2.5180113,2.7353435,3.4678345,2.7423499,1.6503571,3.0001726,4.042189,1.7872748,1.853441,0.96555036,1.9831067,4.361746,2.8930933,2.4749062,2.2103913,3.0364568,2.391341,2.4939895,3.873691,3.12868,1.2975746,3.00087,3.2220027,3.563827,2.598808
1.399482,3.5414217,1.6830231,3.1848433,3.1853611,3.2587264,1.4403273,1.1245965,2.628597,0.6989428,1.3382088,1.1774851,1.4013728,1.1344637,4.0060954,1.3222747,2.2436059,2.860556,3.7341247,1.871072,1.3992032,3.028783,2.0344706,2.6647952,5.5059304,1.5127789,5.2862134,1.5477318,1.1220949,2.263262,1.458453,3.4539034,1.2249188,2.38677,1.2264767,0.8915384,2.9129431,1.7756798,3.2613583,1.8884739,1.2599813,2.2395332,1.2973136,1.3245004,2.5522976,4.0716286,3.2338853,1.4936174,1.7124445,2.6976962,1.2649474,2.4223568,1.6322733,0.862609,1.8078285,3.3786266,1.5425941,2.074281,3.8783288,3.366716,1.5938716,2.4008849,0.6724779,1.7297764,1.5814726,3.0366423,3.5608392,3.1706526,2.666148,1.5230519,4.6555233,1.9150859,1.6294838,0.5127934,2.9704754,1.2757454,1.4201108,2.453545,1.1042165,1.1038965,3.729096,2.201251,1.0687495,3.5213923,1.33692,4.277827,1.1784743,2.9302862,1.4942185,1.0467092,1.6704072,3.1379852,3.2493646,1.2106878,1.3903385,2.6461182,2.1573467,2.0331175,2.5122302,3.1581204,2.3577967,2.6542804,3.2044632,1.3975594,1.3633988,1.1883311,1.693483,0.98635983,4.6590924,3.2044632,2.3160357,10.779377,2.924374,2.453432,1.0667056,1.3146764,1.5996705,2.1599844,2.545067,2.681751,1.6396288,1.6690028,2.5188513,1.0965716,1.257816,1.91764,3.4194424,3.5089452,2.6025496,0.62161845,3.9299529,1.6858929,1.5989782,1.3231683,1.174185,1.1856232,1.2852554,0.7800139,2.6537478,2.4418046,3.2290816,1.3151635,2.5339587,1.4789388,1.8708649,2.4177365,1.5897722,1.4957489,0.75694656,1.9028063,1.1891013,3.2486777,1.3207393,1.0671858,3.0175657,1.6752838,0.94929785,3.019978,4.668427,3.1121733,3.930342,2.9262908,0.8499381,2.7358499,2.1786003,1.7694911,3.4850152,1.4367605,3.8793628,2.7139661,1.1529459,2.1284728,1.0308341,1.2139668,0.94478583,3.1028545,1.1441114,2.5540242,2.7046845,1.1212709,1.5468018,3.0205445,1.6303608,2.016031,1.9106506,1.2199614,1.1568811,3.4737928,2.0490866,1.6323825,0.69940543,2.8430748,1.0674334,1.6271127,4.755419,2.2314143,1.4353378,2.5400343,3.7911742,4.4502864,0.9818565,0.79823744,2.3692975,1.5521898,1.4045862,3.9925215,2.9507353,1.7159983,1.9019942,3.1879091,1.4824756,2.8048022,1.4905156,1.6207707,1.4550517,1.7158141,2.5580535,1.5054255,2.9128027,1.3800828,1.2596388,0.6882766,0.80465335,4.4256425,3.0053825,3.4468334,2.4029908,3.920548,2.8668017,1.9748309,1.0597181,3.5254395,0.6319486,1.7846831,3.1498883,5.3230114,2.8821533,2.6087158,2.935614,2.2122996,4.2615185,1.7091414,4.2954774,1.9314175,3.6640537,1.9408174,2.6602244,2.9725873,3.53259,0.9776595,1.0465128,1.8821555,1.8888874,3.9630861,3.7013416,3.69215,3.4111242,3.2019722,1.1807346,1.6999125,2.2114782,3.63172,1.7798394,2.9904435,0.8946721,0.60167754,1.1296802,2.8782794,3.5978267,3.2215178,1.6250262,2.8498898,2.136507,4.239063,2.521042,3.3203642,2.4518244,1.6980766,3.394888,2.450253,1.7280929,1.0831743,1.4567311,1.4483422,1.3106545,3.8745952,1.693373,1.6965262,3.1134849,4.0086136,3.4393072,1.732674
2.901346,4.4386654,2.4819555,2.8786197,2.5439923,2.9835413,3.1165376,3.1322587,3.6548076,3.049102,2.998944,3.058225,1.5657394,2.988538,2.7474608,2.341319,2.3012102,2.4295247,3.0884314,2.3498402,3.4312024,4.1215034,1.8864675,1.5878613,4.9851904,2.8408716,3.6758585,2.592512,2.8250833,3.02053,3.4604094,4.2086287,2.7825205,0.7644379,2.7048469,2.3676422,3.9515727,3.552023,4.1981893,2.356592,2.87377,2.5436804,3.037116,2.963044,1.1640991,4.5885077,4.125507,3.4193308,2.5746675,3.6779182,2.9982033,1.9968485,2.2535758,3.2384946,3.1508675,2.6304164,3.4612248,3.566043,3.4228408,2.3891022,2.7085576,2.545712,2.7138848,2.3373148,3.1345003,2.1756008,3.2077696,3.9048343,3.9601095,3.5012598,3.2263207,2.0238676,3.5403047,2.5431814,3.3592885,2.7902005,2.6381972,3.8202503,2.7347357,2.7222705,4.426064,3.6877174,2.8543134,2.691871,2.925513,4.474659,2.7727897,1.1540095,1.5273513,2.4844637,2.3495588,3.8176327,3.9030738,2.7779207,3.0499282,3.2015042,3.4893634,1.7812363,2.2463644,2.4331443,3.582957,3.4961507,3.9762664,2.7941241,3.0530996,2.8434663,3.5612526,2.2899184,4.7694607,3.9762664,3.769883,8.874527,2.7993474,3.344162,2.277446,2.80796,2.6269314,3.1132128,3.5759215,2.8056576,2.3183408,2.6154253,2.267929,2.7446904,2.747126,2.6773722,2.7999837,2.865113,3.675043,3.0061128,3.3059628,3.5464835,3.5312128,2.6964328,2.9558952,2.6985528,3.0965543,2.791398,3.4741645,3.6967065,2.5971987,2.9297411,2.1722848,3.3878646,2.7961903,2.168734,3.460935,3.4312623,2.1437995,3.2938707,2.860017,2.791145,2.8626683,2.497832,3.831186,3.4737792,2.308896,2.9980333,4.2262273,3.3205369,3.2791512,1.6001338,2.73646,0.7390139,0.7765339,2.6318138,3.758832,2.3365898,2.8676093,2.5348845,2.7437978,2.181851,2.8271034,3.0078566,3.0984416,2.733002,2.7405627,3.8547802,2.0553071,2.952155,3.5029733,4.0174637,3.5464125,2.0410473,2.030952,2.470561,2.766841,3.2579942,3.2127254,1.852791,2.8752508,2.9965925,2.8440683,2.5481284,4.9665403,3.0154686,3.4621177,0.8230269,2.9453924,3.800924,2.7063174,2.9151907,0.6065187,2.3630621,1.4587791,2.7674007,2.4363585,1.8904936,1.6459792,4.1606007,2.8463545,3.8882635,2.8031034,2.9616084,2.6832585,1.5864526,3.7492206,1.9764005,1.7161121,3.4222353,2.34727,2.8084562,3.1610148,4.42003,3.5959513,2.6024504,1.9389695,3.5552902,3.7046003,3.3266118,3.136218,3.9834187,2.5785954,3.2236142,2.8172233,3.6967676,3.2771058,4.0636153,2.062931,3.1663895,3.1129127,3.5560262,3.3910756,1.8778732,2.6810656,2.1630814,3.8239949,2.8411484,4.071831,2.2356205,2.4125373,3.1690128,2.179833,4.312689,4.070944,2.8483882,4.105362,1.4944781,2.9692807,1.8618224,2.200688,3.0086567,3.0928144,3.1925452,2.2433896,2.8724556,2.7930822,2.4930634,2.3102226,3.8555522,3.1940134,2.3078353,3.354587,4.461848,2.409288,2.1655452,0.84960866,2.4173326,4.3925595,3.233101,2.8524556,2.5385122,3.4545522,2.777357,2.762884,4.127018,3.5726926,1.3014411,3.4886885,2.855664,4.0946674,2.9985228
2.2422466,3.7654133,1.9146297,2.8491611,2.091717,2.4253628,2.4306145,2.4710894,2.9489748,2.4555864,2.3125718,2.3975554,1.1520697,2.3267648,2.6265109,1.8524204,1.9557528,1.8066187,2.5859458,1.9868453,2.7469845,3.4098318,1.6293011,1.4866879,4.7088037,2.2731302,3.833404,2.1438901,2.1900346,2.3842738,2.7876089,3.522155,2.1275952,0.5254231,2.0638614,1.8163363,3.232912,2.876368,3.827823,1.9012036,2.2727191,2.3976333,2.3547742,2.3129444,0.9633328,3.916194,3.4213092,2.7246327,2.0976741,2.9670053,2.3201811,1.8451887,1.8991016,2.808838,2.6059306,2.3722878,2.7899292,2.8493419,2.9186132,1.91996,2.1544294,2.2615242,2.2921758,2.124688,2.644794,2.0866385,2.7029984,3.2921402,3.2331781,2.8275545,3.391596,1.7396835,2.8634799,1.9896996,2.7335753,2.1413062,2.0889812,3.1006832,2.0699046,2.0572035,3.7401023,2.9991293,2.1917956,2.4801197,2.3948412,4.051301,2.1093094,1.1649346,1.0972372,1.8929431,1.9342397,3.2326713,3.3189118,2.1175475,2.359273,2.5893385,2.863376,1.422102,2.1309996,2.4470377,2.885843,2.8857405,3.2888935,2.1533,2.421052,2.2258086,2.8866868,1.687472,4.332818,3.2888935,3.0734427,9.134542,2.315308,2.7692063,1.681381,2.2174108,2.121432,2.6361468,2.9140143,2.4313946,2.0045705,2.1914408,2.0620015,2.0801487,2.0939734,2.2270174,2.320574,2.7464564,2.947082,2.3995082,2.8100984,2.8697858,2.8579514,2.1292093,2.286626,2.0458958,2.4171362,2.2730994,2.7842922,2.9812813,2.0331037,2.269641,2.0107107,2.7087815,2.3382592,1.6886318,2.7837949,2.758791,1.6901362,2.644901,2.1949239,2.7769723,2.2965622,1.9184982,3.2169938,2.8025694,1.7169617,2.3756506,3.7137048,2.6732838,2.7614164,1.1413629,2.1073546,0.6650686,0.31943217,1.911337,3.482123,1.9127717,2.8006408,1.9239441,2.0795383,1.8655437,2.1872523,2.3441577,2.4499469,2.2032018,2.0762758,3.162821,1.4473689,2.2892132,2.8319697,3.3286064,2.8719738,1.7985549,1.5270948,1.9347439,2.1017306,2.8248074,2.69048,1.5578622,2.2993956,2.682855,2.2100904,2.0641305,4.6962953,2.4251935,2.7920518,0.32450008,2.4720647,3.3266184,2.2202241,2.2986042,0.19813108,1.6690474,1.0644718,2.5031502,1.9003634,1.6868794,1.5816057,3.4444695,2.3799324,3.335956,2.2365704,2.4166634,2.2083933,1.1417809,3.049995,1.6201156,1.2263994,2.7522755,1.8575097,2.1888547,2.521222,3.9712095,3.0860057,2.0817673,1.3608612,3.027576,3.0693793,2.6142535,2.4744446,3.644247,2.1063743,2.9317584,2.305964,3.8648088,2.6271298,3.5446393,2.1015685,2.4997816,3.2102952,2.877786,2.9597285,1.8661311,2.3749552,2.0669472,3.102694,2.2393854,3.5818546,1.680324,1.8984969,2.5654423,1.892547,3.8561041,3.7395816,2.388764,3.423556,1.3206687,2.2963426,1.6130329,1.9136969,3.0148115,2.552577,2.532426,1.7602329,2.292275,2.1747563,2.0551023,2.37212,3.41721,2.4963264,1.805519,3.091507,4.032902,1.8179936,1.7037848,0.5182986,1.920805,3.9020844,2.7874317,2.3622215,1.9539676,2.781101,2.2581756,2.110162,3.8710294,2.8957446,1.0714645,3.2815537,2.871207,3.4808261,2.4749305
2.576762,3.5058987,0.8843555,2.0820506,0.9434141,1.4028993,2.40341,2.3453686,2.73631,2.1530523,2.2527106,2.4384573,2.2767727,2.3851929,1.6212887,2.7901633,0.8271151,1.574613,1.9446104,3.3632634,2.6275368,3.2693384,1.5456531,3.2909005,6.024693,2.2474039,5.5192113,3.205525,2.4508667,2.911345,2.6296968,3.5908072,2.5884118,1.6213135,2.5736978,1.838948,2.8704565,2.9997525,4.673464,1.8385503,2.4400783,3.4968748,2.339868,2.451743,2.7900047,3.5176826,2.9950213,2.6272724,2.3362598,2.6729362,2.2937074,1.8044782,1.9486786,2.684747,2.5924315,0.93566316,2.4399002,2.8912187,1.9199643,1.8209056,2.7314985,2.1186602,2.9279692,3.046224,2.9291794,3.8595319,2.293538,3.064162,3.0673573,2.619659,2.636803,1.8564333,2.7386072,2.4824364,3.2212021,2.639959,2.536614,2.9248013,2.3707752,2.3838665,3.2800953,3.0418885,2.28073,1.097908,2.6566205,4.169321,2.4943142,1.5178396,2.2279704,2.3069897,3.2087455,3.0997882,3.178786,2.5381687,2.2641768,3.2429214,3.534917,0.88370615,3.5929568,4.222936,2.732622,3.1150076,3.0117402,2.7666862,2.5231051,2.4105,2.8339903,2.1979992,4.3811684,3.0117402,2.730319,10.370952,0.7890185,2.849351,2.4246495,2.5828362,2.620963,2.929608,2.7790651,2.637585,2.6628752,2.9053571,1.660936,2.3432617,2.5253012,2.655863,3.2364047,4.469515,2.7519078,2.2381501,2.1052544,2.8412373,2.6072495,2.2370236,2.3193204,2.5477955,2.2780035,2.8155415,1.8134547,3.0180664,2.3584046,2.5958297,3.6855052,2.4244819,2.690897,2.8983216,3.0316997,2.453563,2.3825104,2.5637295,2.421902,2.0179236,2.3092444,2.2599108,3.0196474,3.0899982,2.1015306,1.7337359,3.0073211,1.7991835,2.6640184,2.3332803,2.3758566,2.4955523,2.1188405,1.6314411,3.8787029,3.0927634,1.6224246,1.2606573,2.4462192,3.3358338,2.3709614,2.4689279,2.108148,2.734657,2.3583517,2.9556606,2.3231854,2.3596225,2.5545993,2.869628,2.6422503,1.6436939,0.64471203,2.5793583,2.448757,2.3075306,2.8480449,2.0040574,2.0512815,3.6676226,2.38724,2.6791334,4.996944,3.2381425,2.5574145,2.0002398,2.1389265,2.6484656,2.8161254,2.126029,2.0714924,1.2938987,1.8970481,1.7151455,2.709409,2.4841335,2.803013,3.1385498,2.7527413,3.7396567,2.2197287,2.3962665,2.4773164,2.4482281,3.3028653,1.8415496,1.5667994,2.5165882,2.5523689,2.2350824,2.3741057,4.6661286,3.2304976,2.1996758,1.8413626,2.0787034,2.8430657,2.477472,2.3610694,3.9902,2.7774827,2.3814335,2.948199,5.5789714,2.9868221,4.0324855,3.840386,1.5166641,2.2876596,2.8397558,2.5175757,2.697681,3.7582362,3.0988505,2.7520895,2.758144,3.5644946,2.5115175,2.7312903,2.4994893,1.7367277,3.9484284,4.0559,1.7999192,3.1192908,1.4447347,2.3349674,1.877994,3.153527,2.1160843,2.5657446,1.7529178,1.7821467,2.073636,2.6278389,3.3313386,4.2237625,3.58279,2.427589,0.76303357,2.374304,4.141632,1.6376692,2.4834335,2.3716786,2.060706,4.515691,3.1254551,2.5362675,2.3410425,2.6726797,2.3721428,2.664694,4.2884398,2.7285385,2.2948916,2.0609498,4.6689034,3.268788,2.5641983
2.049791,2.9166856,3.1249702,3.838217,3.5797088,3.4790044,2.3365061,2.5376592,2.5460322,3.0208673,2.372736,2.348209,2.7919428,2.3485532,4.1278734,1.7797542,3.2738042,3.0949275,3.5930922,2.4199626,2.6928327,2.960561,2.5695608,2.708443,4.4658027,1.8720611,3.3325045,3.0207627,2.103593,3.4523213,2.567991,3.1592307,2.2490804,2.7413366,2.0998516,3.2007868,3.00549,2.3947446,4.9927373,1.8979605,1.9336277,1.6082387,2.3842502,2.0768795,2.5709386,3.7391932,3.109717,2.676393,1.5411353,2.6876593,2.3632596,2.5128934,2.2248805,3.1520915,1.7434688,3.905287,2.6212778,2.7038746,4.036045,3.6284163,1.4336377,2.100779,2.6666622,1.8706216,4.0607724,2.9131021,2.5979252,2.1697292,3.0109456,2.5781155,4.896062,2.2357552,2.500602,2.678559,3.6462407,2.1833699,1.5751985,2.7472336,2.283389,2.2988436,3.4276047,2.349073,2.3419695,4.051934,1.8014551,2.0442815,2.2845027,3.0774577,2.879257,1.9595627,2.347538,1.9324479,2.0031488,2.258388,2.4060073,3.4890192,2.7702417,3.1623032,1.5551025,2.5494268,2.3496017,1.6042327,2.8034146,2.2017777,2.034155,2.0085878,2.432579,2.0794587,2.4868667,2.8034146,2.5562387,8.129402,4.0115814,1.4662696,2.125623,1.7810193,1.385107,1.2037157,2.0877821,1.2201545,1.6796981,1.3292203,2.6761642,2.2760634,2.1041567,1.2049345,3.4322195,2.810276,2.897236,2.8918595,3.904376,2.437205,2.5624454,1.8764412,2.345342,2.2719564,2.4741168,3.1334338,3.7659123,2.6875508,3.3851736,2.1613588,2.3542387,2.6053886,1.3130269,3.1668375,2.7803178,2.6039493,2.7697432,1.980219,2.23185,3.819379,1.9755585,1.9461577,2.067114,2.57568,2.1143644,3.798698,4.396411,3.33262,3.946192,2.7696059,2.3255825,2.788306,2.5945342,3.0506914,1.2694602,2.4425864,4.3496227,3.5229871,2.2778633,1.8412526,2.2202363,2.2843122,3.0002587,3.8242917,2.2203422,2.463909,2.5374665,2.3449204,2.5896692,2.7873952,2.5424395,2.6355832,3.117015,1.726232,2.2796981,2.4003527,1.4422225,2.1888645,2.8165927,0.42011738,2.1681423,1.3197664,2.316196,3.2443216,2.6208897,2.6530101,3.8562996,4.271939,3.3210762,2.6471384,2.6413932,2.879546,2.796165,3.869498,3.3831897,2.0106826,2.190225,3.2063873,1.652709,4.5298047,1.8755698,1.8182185,1.7125887,2.8692605,2.7998095,2.3069265,2.7349248,2.639719,1.6871231,2.547057,2.9673276,2.3181324,1.3284792,3.0356297,3.403796,3.9359827,2.117004,2.4208002,2.6170866,1.3206096,2.6162448,3.5899942,3.8738325,3.45779,3.5744414,4.561406,2.140698,3.7455375,4.798204,2.4395878,4.172756,2.568676,3.1463208,2.0599477,2.8658724,3.4820504,1.7627912,2.332103,2.079049,1.7969594,2.525813,1.878092,1.4240474,3.6333523,2.961265,3.264785,2.3718894,2.481994,3.6004906,4.107488,1.7144843,3.2994416,3.119901,2.9307058,2.0708358,3.1622417,2.88917,1.3540071,2.3555806,3.450405,3.7432375,2.0308545,2.0885615,2.9048474,2.5601747,1.6903883,4.9621415,1.0346782,1.5703642,1.9180063,2.5487165,1.8029886,2.2988348,1.5401602,2.4957328,2.2808552,4.05245,2.9326406,2.3495865,1.6496288
1.8532714,3.9919703,2.625086,3.9245996,3.5883243,3.7085137,2.206327,2.1561763,3.1311243,2.1338727,2.1482372,2.0332808,0.9674388,1.9783478,4.370627,1.1528159,3.0378845,2.9921844,3.9631264,0.55628747,2.3153908,3.4240701,2.5825005,1.3332181,4.4064965,2.342656,4.0902967,0.59080434,1.7974697,2.0022612,2.4186397,3.576403,1.5574715,2.2323387,1.5317007,1.7006128,3.4416406,2.36199,2.56751,2.5369475,2.0257618,1.9429318,2.1032705,2.0340436,1.5121851,4.403635,3.7485473,2.3253098,2.2905571,3.216166,2.0962777,2.8931692,2.3448398,2.2731369,2.5987647,3.9298003,2.6060753,2.5301833,4.2589164,3.3127832,1.8497888,3.0297546,1.1616435,1.7070762,1.807896,1.5676157,3.8850036,3.681748,3.1379805,2.502673,5.0336084,2.4584877,2.5019479,1.1674589,2.6405542,1.5562981,1.8766963,3.0110023,1.6687799,1.6341363,4.178892,2.7162123,1.8888339,4.0601473,2.06542,4.5214267,1.6122713,2.9324064,1.045709,1.6171602,0.5338994,3.612778,3.710489,1.5939298,2.2064838,2.2116318,1.9313421,2.56863,1.6977179,1.7704041,2.9315248,2.9394927,3.631841,1.476467,2.133251,1.9428314,2.4874964,1.4413172,4.885288,3.631841,3.0853662,9.85068,3.5261242,2.9381049,1.1519144,1.8657959,1.9807998,2.630346,3.0889368,3.0463305,1.9284636,1.8473322,3.1387992,1.7103939,1.640518,2.3075273,2.7340276,2.100399,3.0448523,1.9871136,4.162497,2.453587,2.5861857,2.1112103,2.0039005,1.4718087,2.211403,1.1064968,3.3587933,2.8042665,2.989907,1.8018354,1.1414714,2.4933496,2.3528333,1.531568,2.0306025,2.5409367,1.009944,2.6192813,1.8194525,3.9370365,2.2188056,1.7207754,3.5480525,2.0803273,1.5700899,3.320307,4.9255657,3.635548,3.8425207,2.351094,1.6248292,1.9218574,1.6049657,2.2842026,3.7233243,0.4014565,4.4029455,3.0254896,1.6187488,1.0766346,1.816121,1.9607424,2.1923854,2.6903398,1.7221794,3.167095,2.296981,1.9512719,2.5723214,3.6475184,2.5905635,2.6451402,2.566615,1.5077335,1.6456865,3.965354,2.650247,2.046481,2.0806696,2.557974,1.8566054,1.8897437,4.9702096,1.6855447,2.470003,2.0381374,3.8193257,4.656118,1.078092,2.0444522,1.8342344,2.1995401,1.4323281,4.2286716,2.40241,1.8500644,1.5296069,3.6276512,2.0859046,2.581501,2.3162634,2.4500265,2.1308916,0.9346451,2.6970358,2.0992944,2.8349316,2.429825,1.5137347,1.7951756,2.0244498,4.1047215,3.3673944,3.3526511,2.2079813,4.3133636,3.4111874,2.5978467,2.1081183,3.7963314,1.0000095,3.016166,2.642386,4.0876827,2.6704092,2.3990703,1.7427365,3.00036,4.748187,2.4752328,4.3501477,1.9773965,2.6253347,1.7710947,3.2483199,2.6148436,3.9573824,0.90570533,1.0314407,2.6229928,2.5956569,4.2584023,3.966593,3.8653462,3.815176,3.1659575,1.9963799,2.2020626,1.1582403,4.304718,2.5537786,3.4648674,1.7598904,2.0057075,1.5883696,1.8859448,2.1832116,3.6198945,2.3404717,3.2291102,3.347028,4.493743,2.8769453,2.8793485,1.6885693,2.3036416,2.9218674,2.8330288,2.3925908,1.6819001,2.373894,2.2355273,1.4712828,4.0743027,2.5812168,1.4166574,4.171807,2.6254742,3.8881352,2.4635623
4.8143663,5.4793515,3.15332,1.8203505,2.683481,3.2481308,4.669372,4.583558,4.91747,4.3108964,4.529979,4.675574,4.257699,4.631903,1.5636066,4.7915897,2.3620503,3.7199569,3.5444517,5.4081483,4.921975,5.4982963,2.8221033,5.077883,8.005465,4.1423793,6.684938,5.4096055,4.6378374,5.355802,4.855073,5.820884,4.8793044,3.133536,4.8179283,4.057332,5.0748053,5.262952,6.952607,3.42881,4.494397,4.914351,4.618518,4.6328945,4.5667562,5.5019555,5.0967455,4.9462233,4.028615,4.8614526,4.5588293,2.690556,3.4178782,4.4297132,4.377579,1.7138827,4.6174054,5.2604523,3.4436092,3.6710439,4.716001,3.1382945,4.897024,4.5449834,5.186172,5.68603,3.705024,4.823834,5.387627,4.828774,0.7546397,3.168564,4.9555473,4.6669703,5.6181397,4.9158497,4.48848,5.201318,4.6558104,4.6761503,5.276879,5.268837,4.537781,1.5532902,4.5533457,5.373624,4.7926598,2.5118735,4.2340918,4.3972764,5.2880635,4.7968554,4.861242,4.832525,4.547265,5.659789,5.914752,2.687266,5.13715,5.8564005,4.9061484,5.069754,5.07467,5.0537925,4.6440897,4.522528,5.0495706,4.3306293,5.563508,5.07467,4.8715153,10.544404,2.8270981,4.651848,4.5967994,4.6424384,4.4644785,4.580801,4.8005695,3.9132085,4.195595,4.6610966,2.4819298,4.62031,4.7779655,4.3108954,5.3609567,6.301309,5.0670834,4.433833,3.6690931,5.07172,4.79296,4.1821604,4.5766616,4.8413825,4.541983,5.0393777,4.139476,5.3452806,4.454141,4.857166,5.512196,4.6482987,4.350873,5.102109,5.41482,4.6481614,4.420657,4.6244154,4.6861434,1.6822704,4.239832,4.3069544,4.8072033,5.43168,4.201806,3.9553435,4.4103203,3.8304205,4.533042,4.2223687,4.5971756,4.116199,3.8807976,4.1227407,4.9215965,5.173853,0.9642545,3.5470767,4.740297,5.2300844,4.5749583,4.719049,4.3894243,4.953044,4.6263814,5.082391,4.426827,4.611837,4.7382855,4.8855085,4.829797,2.8416374,2.8773363,4.5811663,4.742328,3.3751323,4.5853276,3.4869819,4.1481442,5.2245226,4.5664587,4.506315,5.841599,5.6392736,4.766632,3.731292,3.8466399,4.028819,5.0249467,4.29586,3.735945,3.7443674,3.7737834,2.4794874,4.905504,3.9035478,4.229233,5.343971,4.513186,6.1620774,4.117534,4.21242,4.2221074,4.5085673,5.6720667,3.418966,3.3426352,4.735996,4.463148,4.4394836,4.6531453,6.387067,4.812432,4.016768,4.069131,3.6137245,4.7138114,4.7549434,4.6215944,5.167636,4.84448,3.54279,5.1740565,6.7654977,5.3876014,6.4300957,5.355666,3.9306874,0.6967501,5.069772,3.9600346,3.8841248,5.7041197,4.4573836,4.9811425,5.052246,4.9593325,4.670462,4.805524,4.423309,3.0143878,5.2651396,5.170833,3.3575401,5.148021,2.6809072,4.6063557,3.265682,5.2148786,1.2486241,4.3488045,3.8831015,3.8378131,4.2173123,4.820825,5.505012,5.834479,4.952766,4.7030544,2.8502162,3.283906,5.3603954,3.5096984,4.3423586,4.118731,3.787827,6.9170523,4.681239,4.242205,4.407191,4.910065,4.1825843,4.975554,5.258469,4.9260674,3.9199493,2.104197,6.293298,5.020796,4.3301773
4.685956,5.518081,3.0522509,1.8818465,2.5113814,3.1642108,4.5914617,4.513455,4.8912096,4.2255673,4.444207,4.587058,3.8967586,4.534164,1.3643866,4.5744286,2.268323,3.4895854,3.4092424,5.072861,4.857047,5.4597077,2.674233,4.6255713,7.6315246,4.1119704,6.282674,5.0765524,4.519615,5.0551925,4.8166194,5.726307,4.7069063,2.7257187,4.6476026,3.8231456,5.0583634,5.1892657,6.552587,3.3825417,4.4174547,4.714271,4.528542,4.544628,4.1218243,5.4904194,5.1060514,4.8739505,3.9696078,4.8375106,4.4707193,2.5795267,3.3308434,4.3653426,4.387478,1.5924002,4.612007,5.161999,3.3582475,3.3393638,4.590924,3.157465,4.6893125,4.3504996,4.8853903,5.2319474,3.7129312,4.890711,5.3306756,4.803044,0.34958288,3.0528836,4.922947,4.45121,5.3213043,4.743691,4.3782535,5.1633472,4.503025,4.5168476,5.2971883,5.2206445,4.424324,1.4163465,4.4873147,5.4727407,4.628118,2.0848455,3.8587575,4.2513914,4.9741488,4.859777,4.92859,4.6649866,4.467595,5.3485365,5.7015643,2.4314914,4.851105,5.4492283,4.884827,5.0345883,5.071628,4.8609743,4.5774975,4.430645,5.0107317,4.147422,5.672584,5.071628,4.892592,10.294559,2.6620584,4.6600213,4.373593,4.536797,4.3615017,4.5648975,4.8066525,3.9149735,4.0546446,4.5300703,2.452342,4.4751873,4.6208305,4.242891,4.9811053,5.8884816,4.9961224,4.332309,3.5297105,5.025453,4.78054,4.1147776,4.47894,4.6558657,4.471403,4.7873816,4.0646973,5.258088,4.1351867,4.723385,5.1285415,4.6208854,4.3003955,4.6932917,5.2741265,4.6320515,4.14897,4.611306,4.5586257,1.7197944,4.196578,4.17714,4.8680797,5.3044205,4.0373454,3.7479608,4.3572273,3.791624,4.272948,3.8206093,4.4538527,3.6370366,3.4591284,3.9358838,4.971781,4.868471,0.80812293,3.3123598,4.577577,4.9163136,4.4596615,4.616187,4.3028197,4.5703545,4.482694,5.090718,4.108649,4.509047,4.726442,4.934116,4.8161473,2.7239096,2.679405,4.419584,4.5840073,3.4845877,4.5854654,3.3073406,4.063315,5.085625,4.459356,4.383447,5.9699283,5.324975,4.7392683,3.301066,3.5903199,3.9188962,4.7381697,4.212354,3.2988436,3.5671053,3.4389417,2.291348,4.52185,3.6956177,3.9285421,5.315851,4.4418807,5.8398514,4.082161,4.2020063,4.1549606,4.113562,5.538519,3.2643812,3.034167,4.7027726,4.2956524,4.319253,4.548188,6.2827134,4.847471,3.7749293,3.6832829,3.5627575,4.757623,4.6971807,4.5413523,5.2306414,4.619352,3.5503714,4.7806973,6.347869,5.109044,6.119647,4.9754,3.813955,0.32898197,5.0255394,3.7488985,3.625632,5.285938,4.226119,4.9643683,4.7230544,5.0611463,4.418291,4.5860014,4.4238906,2.9279861,5.3581038,5.2467785,3.1666377,5.149084,2.2629938,4.5052705,3.0834515,4.767489,1.3744591,4.3511643,3.8068116,3.612371,4.111414,4.672134,5.0985684,5.371098,5.0262985,4.6334887,2.6282284,3.3482594,5.4604383,3.4215784,3.9940305,3.680888,3.7205074,6.5629063,4.6761556,4.2128625,4.2733645,4.862852,4.1372976,4.7816806,5.3251276,4.9055834,3.5965183,2.3701892,5.855384,5.085289,4.3171163
0.875035,2.9514759,1.7103406,3.596498,2.9298725,2.8701696,0.9549647,0.8201016,2.0236263,0.91797584,0.8770366,0.7870892,1.4171361,0.73125225,3.9492915,1.1920084,2.446061,2.3602097,3.2724342,1.6268353,0.9365197,2.3466105,2.3060734,2.4186928,4.843111,1.4868019,4.9817047,1.2576841,0.77975553,1.5361674,1.0933797,2.7023935,0.59580433,2.3736145,0.6920957,1.0030979,2.274448,1.23605,2.9204874,1.9769825,1.1137232,2.4506238,0.82191676,0.95764995,2.2881,3.3909535,2.612333,0.9602455,1.767928,2.086205,0.8274196,2.686567,1.9619324,1.5946695,1.7762233,3.361116,1.261875,1.3680617,3.4515927,2.9075105,1.3655821,2.6180515,1.1158649,2.0512393,1.4592594,2.7338548,3.1676135,2.7431874,1.9739687,1.1757423,4.8417554,2.196955,1.2226878,0.5195662,2.1985238,0.6708969,1.309488,1.8183191,0.54442775,0.5178729,3.092729,1.627702,0.6588519,3.5257878,1.3791392,3.9739728,0.54967004,2.947661,1.4582762,0.90713435,1.413749,2.7517743,2.849811,0.5814948,0.9186753,1.892581,1.4479173,2.1800427,2.5036018,3.0130727,1.8054137,2.1861036,2.5865176,0.75851613,1.0900992,0.9769833,1.2598699,0.81279457,4.293785,2.5865176,1.8445019,10.504159,2.7364187,2.158268,0.7447052,1.1068188,1.5417472,2.099007,2.069763,2.63916,1.9055649,1.7026407,2.7700713,0.57116395,0.7124307,1.915072,2.7374349,3.1484926,1.9085506,0.73262435,3.451244,1.2287902,1.2684534,1.3111895,0.75171363,0.5489451,0.88717026,0.7315637,2.168881,1.7325412,2.609619,0.76396364,2.3352585,1.1364738,1.897174,1.8838066,0.9026898,1.1957427,1.0127314,1.55772,0.6794492,3.6265883,1.3451117,1.0060501,2.6082475,1.0290147,0.88700277,2.500976,4.1154385,2.6229665,3.3101077,2.461896,0.5245461,2.5217102,2.0527477,1.2337682,3.4861507,1.2597884,3.98109,2.291149,0.5430897,1.9068683,0.7080348,0.75869215,0.8020159,2.4750714,0.62581366,2.024753,2.1222446,0.7069522,1.2415931,2.4912686,1.2833462,2.3459156,1.940352,1.1206269,0.55189335,3.2582014,1.9620628,1.9400883,0.9838079,2.6771166,0.7839293,1.5725847,4.6726356,1.5263532,1.1229912,2.3077435,3.2823737,3.9349627,0.9503295,0.8259958,2.244123,1.2248595,1.5677377,3.7469614,2.3171413,2.0395699,2.1755612,2.50901,1.61555,2.2431579,1.4710313,1.6317755,1.6007588,1.5130866,1.7957659,1.8257356,2.563733,1.0701531,1.2759384,0.5977816,0.6159027,3.8604379,2.727172,2.903767,1.9717382,3.4659224,2.4308183,1.3942676,0.7347401,3.4606638,0.8708725,2.4507418,2.5099986,5.01584,2.1131454,2.1803758,2.8568444,1.8445655,4.485424,1.2486843,3.7827728,2.391072,3.0645099,2.2945232,2.04434,2.2669268,3.2653713,0.75144666,0.9331546,1.6783543,2.234233,3.6597555,3.6211298,3.2661164,2.7829792,3.0399137,0.7262863,2.0689516,1.9832402,3.9637418,1.7562486,2.476259,1.2319145,0.8856045,0.7368624,2.273337,3.3221972,3.0723104,1.0983925,2.5920205,2.760299,3.935444,2.1962345,2.770851,2.227458,1.7373832,2.860195,2.372696,1.7825658,0.9681632,1.0616739,1.5346417,0.63085485,3.8656306,1.3031787,1.8643547,3.519965,3.6725855,2.964181,1.7376862
1.6946701,3.8063781,2.813448,4.087924,3.80212,3.8557417,2.1028485,2.0903492,3.0061748,2.2033517,2.0799742,1.9291291,1.35447,1.8892453,4.598791,0.9179184,3.2386045,3.1584253,4.0999837,0.38894105,2.2199328,3.2831159,2.6971722,1.5165664,4.2661853,2.2054186,3.9283543,0.84883773,1.6670299,2.185201,2.2928069,3.4482417,1.452667,2.4857886,1.3999928,1.9874787,3.3533597,2.1576467,2.8186855,2.492066,1.863033,1.6493857,2.023552,1.8886676,1.7291911,4.3400083,3.6542616,2.230931,2.1334903,3.1171749,2.0209057,2.96597,2.3520157,2.292898,2.3890734,4.1649113,2.5085382,2.4145184,4.426666,3.5560372,1.585929,2.9789045,1.1326176,1.5248586,2.169925,1.6446168,3.8513281,3.4738157,3.0312288,2.376033,5.2861834,2.494915,2.3465426,1.2623291,2.7663195,1.4254599,1.6688372,2.8789442,1.6067326,1.5771376,4.0916843,2.5076756,1.8282974,4.305146,1.8485254,4.21265,1.531321,3.1710649,1.455494,1.517452,0.3444469,3.3827374,3.4788744,1.4998558,2.137778,2.33875,1.75446,2.8305361,1.4080914,1.6267393,2.7744176,2.670127,3.5066526,1.3315395,1.9620308,1.7985343,2.3080778,1.415958,4.5950165,3.5066526,2.936822,9.648874,3.8031354,2.6873767,1.1201279,1.6603806,1.7474383,2.3445783,2.8990247,2.8571832,1.7737467,1.5558287,3.21174,1.6473123,1.514651,2.0746248,2.8791685,1.958953,2.9766757,2.0321262,4.320025,2.2755191,2.4556692,1.9857286,1.9266297,1.3925397,2.1461475,1.3014821,3.5129771,2.6695578,3.1745687,1.6571534,1.023596,2.4036453,2.114146,1.8147525,1.9129896,2.442405,1.259139,2.4338117,1.7204784,4.1067476,2.0834694,1.6229275,3.3320005,1.9038976,1.5563507,3.5425649,5.0251923,3.718979,4.011403,2.5393074,1.5657188,2.188438,1.8847798,2.4574625,3.388658,0.34402263,4.652759,3.2674825,1.5463461,0.7959894,1.7200077,1.8473164,2.254496,2.9635677,1.645239,2.9849694,2.403783,1.8692988,2.4539561,3.5174782,2.452003,2.749645,2.8061914,1.3151773,1.5696155,3.8956566,2.382222,2.0963697,2.133691,2.171396,1.7449334,1.6438087,4.594344,1.7984542,2.3606436,2.2849698,4.018157,4.795948,1.3848529,2.0498085,2.1031566,2.3795733,1.7489487,4.424784,2.6298022,1.8291308,1.55743,3.536606,1.8484621,2.8251367,2.1855996,2.2815676,1.9586643,1.3529681,2.5534754,2.1661751,3.0005014,2.3324037,1.3384116,1.7911044,2.0557878,3.7820904,3.0813622,3.4593909,2.54707,4.4460363,3.2209628,2.492226,2.0581374,3.4363363,1.0211375,3.1258636,2.9117262,3.939041,2.803076,2.6069846,1.5977048,3.212846,5.0175104,2.2977154,4.5279226,2.0541797,2.6861217,1.65877,3.154289,2.799979,3.669503,0.9569923,0.87807494,2.4309053,2.665844,3.9500957,3.6141033,4.0373273,3.6973195,3.4123034,1.9219967,2.306748,1.6389718,4.486433,2.3473263,3.5635676,2.0290492,2.090887,1.4226301,2.0449567,2.1747594,3.294217,2.2336128,3.4650433,3.458049,4.1850805,2.876049,3.0112486,1.9322494,2.2073047,3.1226883,2.523156,2.1912105,1.5620321,2.2405329,2.0796037,1.375343,3.7139573,2.4241998,1.5718156,4.3069286,2.5178602,3.6785052,2.25524
0.8002545,2.8782003,1.6720423,3.4821985,3.0085232,2.9327059,0.7958617,0.54370993,1.9729756,0.684923,0.7245005,0.55382484,1.6315982,0.5148995,3.9886823,1.2045618,2.390188,2.517504,3.374154,1.8371651,0.73532045,2.3371499,2.2292986,2.6788807,5.086887,1.240204,5.135705,1.5542066,0.6016692,1.8811568,0.83684766,2.773369,0.6584257,2.4979708,0.7115757,1.1247969,2.2518408,1.1017911,3.2383058,1.8198597,0.86976653,2.3713596,0.6585068,0.7617516,2.5378935,3.4268966,2.5830228,0.81057346,1.5732161,2.0493288,0.6498206,2.5930274,1.8033466,1.3353535,1.5027461,3.3790894,0.9936492,1.3762493,3.539968,3.1129174,1.2439811,2.4411829,1.0662432,1.9570444,1.7258968,3.0022323,3.145074,2.6045551,1.9747909,0.9159668,4.8437495,2.0814466,0.99172056,0.61858374,2.5040865,0.7206568,1.1434275,1.7641284,0.5259319,0.53044516,3.0829418,1.5213376,0.4829195,3.5453207,1.115818,3.822978,0.59192127,3.0336838,1.6959362,0.78475523,1.6151731,2.601916,2.7051227,0.63150537,0.7687326,2.2228222,1.618759,2.211373,2.5406582,3.1850657,1.7042894,2.0793822,2.554813,0.8742091,0.8465286,0.74951977,1.0460575,0.79269004,4.1642966,2.554813,1.6829356,10.577843,2.821474,1.9784312,0.85254633,0.92016834,1.3762487,1.8788034,1.9399443,2.478186,1.764833,1.5593824,2.6530774,0.51773405,0.7029707,1.7346114,3.0468793,3.373854,1.9350284,0.47524622,3.5672915,1.028498,1.006764,1.0831361,0.5621252,0.6595765,0.681022,0.9434604,2.2403316,1.7466608,2.8585274,0.6955257,2.5296078,0.891016,1.6890872,2.2414012,0.94109154,0.9300048,1.1319538,1.3511503,0.5748746,3.5262692,1.0745509,0.8482474,2.4571714,1.0143291,0.8104657,2.6762242,4.2096977,2.6620398,3.519229,2.7096264,0.36336675,2.7568812,2.2543387,1.3969364,3.2838657,1.4536759,3.9834533,2.454953,0.57382184,2.044071,0.502217,0.5769308,0.6201966,2.804734,0.571008,1.8978863,2.3530724,0.50482774,0.9708171,2.3930614,1.0281507,2.2443762,1.9701995,1.0247257,0.5660878,3.1518948,1.7179221,1.8587587,0.74020714,2.6029637,0.5629325,1.4335046,4.4664326,1.8700818,0.8482457,2.5133529,3.460288,4.0501637,1.2025331,0.54296523,2.4363317,1.3165946,1.6974062,3.825761,2.6401346,1.9694008,2.1955414,2.5154965,1.3769913,2.5676732,1.2293849,1.3659879,1.3720719,1.8034683,1.8793681,1.7264435,2.7061799,0.7949859,1.1798868,0.33176467,0.3912369,3.8726263,2.5583007,3.0619483,2.2632403,3.5382705,2.294096,1.316622,0.45995882,3.2510822,0.9009492,2.2397718,2.8532424,5.181054,2.4035742,2.4674635,2.9866788,1.930083,4.479297,1.0508856,3.9408588,2.3497665,3.3566418,2.2346666,1.9990171,2.5728853,3.080163,0.91815525,0.96633756,1.4431496,2.1027687,3.4991567,3.4163504,3.386982,2.762354,3.1696296,0.5506654,1.9915153,2.3259819,3.874288,1.488432,2.5415587,1.2730007,0.6851988,0.6426904,2.6120293,3.554682,2.8600597,0.9713648,2.6941357,2.546537,3.7823532,2.1801503,2.9950585,2.453368,1.5695157,3.1801674,2.1643457,1.5430608,0.81744015,0.8176493,1.2850794,0.7769008,3.6614308,1.0672413,1.9371431,3.3462021,3.8888988,2.8489592,1.4790704
1.2551366,3.321206,1.7718205,3.361974,3.278228,3.2770865,1.239482,0.89570063,2.4368565,0.58661324,1.163702,0.9685689,1.7031511,0.94495046,4.155362,1.388755,2.3991692,2.9151702,3.761062,2.0108595,1.1254839,2.81334,2.2191799,2.8864381,5.50728,1.4129564,5.4118314,1.6962035,0.9851652,2.279876,1.1765792,3.278049,1.1295654,2.637671,1.1471117,1.127012,2.714447,1.5169853,3.347425,1.9306026,1.1211423,2.3500338,1.1082866,1.1516516,2.7766855,3.9064612,3.039744,1.237006,1.6972563,2.5134215,1.0838325,2.5895321,1.7561647,0.8834424,1.6609843,3.5152419,1.2806742,1.8613989,3.8967338,3.4763312,1.5216088,2.4657967,0.8502493,1.8774459,1.7246437,3.2243602,3.5230668,2.9864705,2.4468694,1.2408496,4.8641944,2.0683374,1.3488774,0.6794048,2.957207,1.1789806,1.3632632,2.2233794,1.0067433,1.0140624,3.5449004,1.958165,0.922144,3.6675239,1.2220951,4.1360993,1.0790081,3.162531,1.7906835,1.034736,1.7989287,2.964465,3.073508,1.1121697,1.2072625,2.6475704,2.031194,2.2524405,2.6455731,3.3313196,2.146689,2.4831245,3.0206292,1.3188561,1.1716549,1.0495971,1.4154928,1.0489112,4.5115776,3.0206292,2.072,10.866761,3.0228086,2.296623,1.1447494,1.1997553,1.5594175,2.053385,2.3496783,2.6622326,1.742254,1.6673934,2.6549213,0.99222714,1.1588203,1.8857119,3.4901972,3.6299133,2.4226904,0.46658993,3.95532,1.4109802,1.3202745,1.252907,0.998529,1.1202135,1.082398,0.9302144,2.5870552,2.2376235,3.2949772,1.1629902,2.701921,1.2238778,1.8182521,2.5692832,1.3746395,1.2325718,1.077776,1.7008651,1.0458666,3.4302044,1.2110016,1.0535449,2.829626,1.4499401,1.0134094,3.050828,4.6354594,3.0577788,3.962664,3.076232,0.7536993,2.9809368,2.4356658,1.7788167,3.4155114,1.5888742,4.050222,2.7890384,1.059031,2.248956,0.8899255,1.0241146,0.7886286,3.198487,1.0392766,2.3169599,2.7850957,0.9431813,1.2701952,2.8127751,1.350884,2.1953502,2.0761302,1.2248509,1.0542822,3.4358606,1.906753,1.8281416,0.65213704,2.8221111,0.92130274,1.6106733,4.6393504,2.25044,1.1537126,2.7616568,3.8554797,4.4567475,1.1835878,0.66043365,2.623045,1.6126597,1.7165353,4.1010766,3.0510423,1.9172521,2.1543672,2.989663,1.4227537,2.818438,1.3996718,1.5063229,1.4275866,1.9735076,2.3734696,1.6886586,3.0395818,1.1025194,1.3113556,0.57475126,0.58429897,4.306359,2.8622835,3.493222,2.570415,3.9143257,2.683247,1.7798165,0.8266949,3.4160118,0.8184459,1.9016442,3.2450244,5.454903,2.8648758,2.614029,3.1189003,2.198073,4.4697986,1.4349048,4.3429227,2.1992655,3.7632415,2.1371677,2.4538434,3.0180597,3.3725796,1.1227701,1.1265128,1.7144588,2.043848,3.8107033,3.5932145,3.752656,3.2308998,3.3951826,1.0028248,1.9190373,2.4557955,3.8061638,1.6442156,2.9471078,1.1785835,0.58151835,1.0198673,2.9875255,3.781694,3.0799744,1.4231958,2.9594343,2.2418432,4.0950255,2.5266457,3.41606,2.6853747,1.7109306,3.4077723,2.3465803,1.6560054,1.0527745,1.1753352,1.3811823,1.2383943,3.793597,1.4136378,1.9681933,3.2092574,4.150526,3.2527566,1.6190692
1.8288685,3.7093873,1.5594133,3.3141885,3.0162432,3.1042273,1.7332203,1.4237549,2.774197,0.82856596,1.6095943,1.553827,1.6336015,1.5063287,3.912047,1.9877692,2.2352605,2.7536225,3.6133807,2.3435717,1.6076841,3.1192584,2.3450656,2.9799623,5.740716,2.036113,5.7850704,1.7887415,1.6230499,2.0880594,1.7387675,3.5232053,1.6195661,2.5487983,1.687615,0.6826806,2.9422836,2.1062424,3.0488648,2.3405743,1.8212498,3.0070076,1.5882953,1.7722021,2.817504,4.0302887,3.2662556,1.6783211,2.3160915,2.7932627,1.5697367,2.7801168,2.1264918,1.3318782,2.3701437,3.2357152,1.7729317,2.2002172,3.658052,3.184343,2.224086,2.8665628,1.4170965,2.4813626,1.0956131,3.3699062,3.7190444,3.4837961,2.706802,1.7928349,4.6184063,2.360119,1.9241581,1.0312169,2.8098953,1.6954371,2.0598876,2.5710123,1.480956,1.4732879,3.7326796,2.4875991,1.4349418,3.3716254,2.0124133,4.774017,1.5505902,3.0363312,1.6534189,1.6347098,2.1586103,3.509986,3.6121788,1.5937907,1.6385797,2.5359235,2.3922458,2.014454,3.1941543,3.6847618,2.5820932,3.0848153,3.3164458,1.799245,1.8530673,1.7227583,2.0160768,1.5190161,5.099928,3.3164458,2.5120125,11.315969,2.5633645,2.937483,1.5760769,1.9173793,2.2644784,2.8024988,2.8472,3.2315779,2.3550072,2.407636,2.8181624,1.4777184,1.694274,2.5722225,3.385988,3.9363265,2.624628,0.86797076,3.7502968,2.0033865,1.867629,1.8843707,1.5171007,1.5727987,1.5439459,0.97774166,2.294332,2.5720055,3.102105,1.7299849,3.0270162,1.7006074,2.5333087,2.4269555,1.7811483,1.7350408,1.1802166,2.296999,1.5815084,3.3705719,1.8787848,1.6629102,3.3540595,1.9571114,1.485785,2.6941462,4.4942756,2.9792433,3.7384367,3.008293,1.3383915,2.9206688,2.3941019,1.564494,4.1622925,1.9341333,3.768692,2.4403024,1.527027,2.699532,1.5009253,1.6003375,0.939696,2.8625133,1.5381835,2.78185,2.8013802,1.4897691,1.806844,3.1455839,1.9055625,2.3411458,1.8216012,1.8910667,1.5302837,3.734365,2.6537254,2.1365013,1.0032555,3.5379343,1.5589142,2.3082025,5.4065266,2.224183,1.6944782,2.688567,3.6000671,4.26429,1.0126433,1.1357467,2.5665977,1.4387349,1.6178285,3.8956249,2.8448415,2.3391294,2.497436,3.194134,2.2053149,2.4238036,2.0141387,2.1764753,2.123276,1.8629271,2.6871796,1.9643226,2.9674714,1.6292093,1.9548328,1.1202397,0.91596246,4.862391,3.5180092,3.440759,2.1860292,3.7377157,3.167411,2.1572304,1.3302914,4.1882424,1.3045071,1.974962,2.9248054,5.809557,2.7014563,2.3011723,3.5070426,1.7633442,4.1789217,2.021077,4.1074624,2.4801903,3.817275,2.6446095,2.7166386,2.8167157,4.015974,1.4745299,1.7003392,2.3524117,2.2632992,4.4572024,4.3489313,3.5580847,3.49968,3.2004964,1.507456,2.1184456,2.1963935,3.703439,2.3504217,2.8417585,0.8955925,0.81950843,1.6719857,2.949481,3.9953918,3.8110952,1.874819,2.6642897,2.2876155,4.7340307,2.7346258,3.3682957,2.674596,2.2277005,3.100819,3.097703,2.355607,1.6865747,1.7472886,2.0584347,1.6706316,4.5625997,1.9836606,2.1606238,3.1547012,4.440969,3.7259064,2.3327935
3.9968433,4.9004865,2.5937986,2.260307,1.8075175,2.5030887,3.9728074,3.9569147,4.23025,3.7620008,3.8290193,3.987319,3.0797462,3.9251754,1.0226847,3.851187,2.0093715,2.5771961,2.6340103,4.1895623,4.2703443,4.7521343,2.3015409,3.5952957,6.4886274,3.6358228,5.305952,4.216011,3.8879483,4.1082306,4.2680235,4.911767,3.9746594,1.8197913,3.9234335,3.1984549,4.397894,4.5421724,5.6220236,2.9543502,3.857661,4.1430225,3.9094317,3.932396,3.0736754,4.786595,4.4656253,4.2612143,3.486663,4.1771364,3.860861,2.2975972,2.9655945,4.0563307,3.9499435,1.2915179,4.1181335,4.4422097,2.7066736,2.307601,3.9394457,2.9250333,4.0957,3.8144746,4.161578,4.181729,3.1222498,4.3619137,4.6262646,4.269572,1.4072199,2.67419,4.3613334,3.783926,4.3155346,4.0075407,3.778895,4.501034,3.8128684,3.8171575,4.651011,4.566078,3.8010204,1.1971022,3.9776335,5.019483,3.9106944,1.1879117,3.0126097,3.6193213,4.115765,4.339144,4.4060326,3.940039,3.85537,4.3518453,4.844207,1.8841962,4.0944014,4.515411,4.256005,4.382603,4.4078846,4.0861793,4.0033507,3.8450167,4.4304657,3.4712896,5.20366,4.4078846,4.343437,9.657689,2.099411,4.1205506,3.6260657,3.9260664,3.781233,4.081251,4.21388,3.4831593,3.5563293,3.9432492,2.2799454,3.797826,3.9082112,3.7240186,3.849438,4.8494635,4.2733207,3.8216016,2.762983,4.432797,4.2618246,3.598614,3.8652825,3.912039,3.890413,4.0859723,3.4456828,4.5194063,3.0794048,4.0342603,4.1931276,4.0919466,3.8107865,3.6330407,4.5544066,4.123008,3.4719858,4.0601335,3.8943756,2.0924335,3.7180958,3.5782666,4.3419213,4.591061,3.4045389,2.919647,3.6835256,3.149069,3.2947197,2.694727,3.8168626,2.553341,2.4889042,3.179061,4.6165495,4.0473313,1.1052752,2.4721181,3.8662977,4.0457215,3.8425624,3.9868345,3.7810376,3.4913526,3.8019104,4.4945493,3.0644555,3.8937418,4.217241,4.370211,4.2902393,2.4257233,2.1117196,3.76791,3.8780317,3.116133,4.1122055,2.8259804,3.607478,4.4168983,3.8535776,3.7804708,5.6716437,4.3618402,4.216546,2.2399461,2.650501,3.1919055,4.0100956,3.705207,2.3010023,2.874594,2.7104528,1.6015017,3.4194252,3.1762552,3.2920907,4.6201267,3.9532585,4.9337387,3.6025827,3.7577355,3.6826746,3.187719,4.728939,2.8111846,2.0302496,4.177411,3.664261,3.7482271,3.9955876,5.4681473,4.333615,2.8019683,2.6650825,2.9293065,4.208164,4.0473585,3.9762504,4.8460207,3.9676197,3.5240595,3.6902533,5.3545804,4.1263123,5.269792,4.0984864,3.2134504,1.3806708,4.4333158,2.8849487,3.169885,4.1277223,3.6932352,4.3213587,3.6744578,4.6276965,3.6609418,3.8737614,3.9242635,2.637873,4.8956656,4.8741536,2.3317764,4.481051,1.1724659,3.8839788,2.6633422,3.8022707,1.967621,3.9075837,3.111528,3.0555646,3.6300611,3.9964209,3.9947093,4.319188,4.610446,4.0047603,1.8516427,3.4441803,5.0079417,2.7495222,2.8905241,2.6417475,3.2289479,5.610398,4.1984053,3.7586498,3.657826,4.298064,3.6735294,4.0122514,4.9869776,4.35775,2.8767593,2.803645,4.799503,4.530356,3.8641078
0.9747107,3.058667,1.4947808,3.2260041,2.918121,2.9055417,0.9603907,0.6584033,2.142573,0.51001555,0.853451,0.71177375,1.49344,0.66312325,3.833962,1.2041363,2.1662595,2.519349,3.371759,1.8775204,0.952632,2.5528955,2.0004072,2.6575446,5.267461,1.1892254,5.1668396,1.6041157,0.70713496,2.027692,1.0146598,2.994954,0.84740835,2.3319943,0.8626662,0.93097115,2.429426,1.3483686,3.3403153,1.6761899,0.8942412,2.2873833,0.8145422,0.8827413,2.4935415,3.5941248,2.7485526,1.0374079,1.484715,2.2113416,0.782604,2.3771062,1.5868039,1.1147463,1.4939617,3.2138076,1.1014677,1.6217592,3.5268936,3.0905936,1.2981519,2.2701402,0.95203334,1.8228027,1.7098523,3.025132,3.1563516,2.7159412,2.1986585,1.0799533,4.6233406,1.8681796,1.1841618,0.5264861,2.670816,0.9073326,1.1394886,1.9767348,0.6733901,0.6822185,3.2450721,1.7446856,0.5943052,3.373131,1.0933946,3.8989258,0.77445555,2.8554652,1.5661765,0.7463319,1.6580156,2.700887,2.8088942,0.8173495,0.904552,2.392247,1.8735418,1.9901962,2.50574,3.1885085,1.8764162,2.225045,2.7185924,1.0663079,0.9463272,0.7955132,1.2529423,0.7246304,4.2543473,2.7185924,1.8418067,10.595796,2.7123952,2.0557017,0.85662276,0.97619104,1.3557818,1.885015,2.077741,2.42067,1.6225227,1.5270216,2.4401639,0.65496534,0.86117405,1.6897455,3.1504426,3.4468234,2.1275728,0.32276255,3.570792,1.2442901,1.156069,1.0171353,0.6959305,0.82731354,0.8042645,0.9305594,2.2832127,1.9792538,2.9116657,0.89197177,2.5427043,1.0218338,1.6447,2.2934043,1.2266744,1.0497459,0.95684296,1.4596292,0.7387785,3.2746072,1.0146538,0.7793907,2.56771,1.2952393,0.6934504,2.6932201,4.26055,2.6962628,3.5779212,2.7037528,0.43527767,2.6749973,2.1386771,1.4195448,3.268947,1.4702226,3.7847695,2.42281,0.7421753,2.0689352,0.5926127,0.75301456,0.587682,2.8702347,0.70661324,2.077963,2.400917,0.6479587,1.1065522,2.537111,1.186055,2.0058012,1.7799262,1.0092732,0.7393623,3.1149578,1.7399201,1.6412286,0.5121581,2.6412883,0.6406513,1.4107325,4.4935303,2.0360353,0.99626803,2.422016,3.4653192,4.073538,1.1649176,0.41529557,2.316511,1.2443671,1.4951313,3.7331839,2.7084343,1.779617,2.0292253,2.7088313,1.3187865,2.7070265,1.171251,1.3205942,1.2744485,1.7335122,2.1332023,1.4964174,2.648084,0.9389299,1.1145862,0.22733755,0.44829416,4.039426,2.6285205,3.090194,2.2299178,3.54309,2.4069664,1.4891114,0.59369636,3.270975,0.81365436,1.9723896,2.931203,5.21278,2.5603316,2.6049058,2.9553359,1.9160833,4.249333,1.2654238,3.9521096,2.1257577,3.4495811,2.0782046,2.1757665,2.6782563,3.1492412,0.8918105,0.96043426,1.487619,1.8677666,3.579809,3.4362876,3.3626864,2.9255083,3.0410264,0.7007611,1.7488856,2.3031952,3.6311996,1.4723845,2.579731,1.0205858,0.4487712,0.77872026,2.7072976,3.5685205,2.902773,1.1421411,2.59941,2.283313,3.8590925,2.1520524,3.024714,2.3761544,1.458317,3.3360605,2.1779532,1.4847447,0.78281766,1.0133715,1.2032217,0.9678586,3.6590128,1.2468616,1.7629541,3.107785,3.9372149,2.976043,1.4489946
0.92916054,2.0573652,2.0746813,3.8489869,3.1899357,2.9022677,0.6070532,0.65151197,1.329244,1.3134215,0.721056,0.66683155,2.5929885,0.7401369,4.2228456,1.8141702,2.792898,2.6871195,3.3323798,2.5998323,0.45547935,1.6713003,2.6913767,3.4371743,5.2117968,1.189311,5.444832,2.4702163,0.93457645,2.3899875,0.26717442,2.2743235,1.1574209,3.1434128,1.1885673,2.057071,1.6093682,0.58999974,4.0014234,1.9670105,0.95746464,2.817294,0.683804,0.7572633,3.2545333,2.838453,1.9021547,0.50697356,1.6672053,1.4353307,0.7097196,2.9609,2.2051308,1.9270096,1.202299,3.6347723,0.39809301,0.9982699,3.4822254,3.4064481,1.3699384,2.5524786,1.9810345,2.5214853,2.660683,3.711084,2.82709,1.8422674,1.3892586,0.21986762,5.213473,2.4900777,0.19021367,1.6720384,2.7733374,1.1699522,1.3383889,1.0810449,1.0594194,1.093425,2.412794,0.8108851,0.87746257,3.8178468,1.2198244,3.1697729,1.1042136,3.5605726,2.6506462,1.3073673,2.3850672,1.880139,1.9688443,1.1239144,0.6867834,2.6238527,1.7996985,2.8027122,3.0404058,3.8239162,0.9932615,1.4963161,1.8832091,1.3227466,0.7169026,0.9267857,0.27166757,1.4797584,3.4709575,1.8832091,0.8101242,10.580587,3.1118507,1.4270146,1.6158286,1.0815012,1.5196912,1.6327347,1.2166041,2.3206487,2.1948948,1.8205386,2.9296117,1.0246655,1.097071,1.7585473,3.3939142,3.904212,1.4615792,1.2035538,3.529643,0.31737933,0.21142519,1.2266103,0.75773466,1.2472161,0.63852805,1.9896605,2.1935418,1.2552499,3.109715,0.9177626,3.2165463,0.4043167,1.6751204,2.9515042,1.0397884,0.37518787,2.1591637,0.74436444,0.89698106,3.892643,1.1292175,1.3128574,1.6936048,0.94625336,1.4656254,2.842711,3.9615896,2.4435449,3.5920455,3.1739936,1.0931169,3.4592028,3.006391,1.7694333,2.97004,2.3031933,4.2925634,2.7374723,1.1018376,2.6375155,0.92070097,0.72961634,1.1104329,3.2715075,1.0192138,1.051676,2.6752167,0.77720964,0.272037,1.6074711,0.18043458,2.697484,2.4806936,1.5000602,1.0719261,2.8084235,1.3737558,2.4205346,1.3498627,2.5920038,0.90169173,1.640668,3.938371,2.422521,0.3102678,3.1408844,3.583639,3.9300497,2.2548866,1.0737936,3.147762,1.7820184,2.5936136,3.9596934,3.1056724,2.5675087,2.929256,1.8912193,1.5341494,3.1379747,1.2129468,1.2332672,1.5609573,2.7206318,1.5644696,2.2772272,3.0097582,0.37379763,1.6842076,1.1078653,1.0604712,3.427809,1.9880611,3.1283467,2.895898,3.3931205,1.5586747,0.8163169,0.70679873,2.8178806,1.880111,2.7148912,3.341639,5.51769,2.639309,3.1153355,3.5983293,2.1448827,4.8790064,0.31649196,3.9672375,3.0725808,3.7548397,2.8615143,1.3403293,2.9102633,2.3964124,1.8153211,1.7274218,0.9928133,2.5196474,2.8280225,2.9597912,3.4505095,2.0965588,3.602488,0.75634426,2.583271,3.2844799,4.1971645,1.23466,2.3920362,2.176497,1.4113935,1.1011555,3.1771407,4.1736217,2.3084822,0.61792344,2.9737604,2.9394276,3.1234062,2.1259604,3.26454,3.1520796,1.7154683,3.736776,1.867644,1.504065,1.273744,0.28806937,1.3695526,1.3002825,3.2987394,0.16739891,2.7150304,3.5434828,4.3884254,2.0754452,1.3201829
2.3945532,3.7627099,2.4451234,4.094171,2.5668948,2.6811476,2.5567923,2.6362512,2.9408562,2.6680195,2.467804,2.5675604,1.5539458,2.4988174,3.520176,2.3334477,2.9140928,1.8415871,2.7629523,1.9890105,2.721631,3.1513736,2.9025786,1.652483,4.0617504,2.9608054,4.309936,1.7255783,2.468697,1.2550515,2.8831546,3.0913517,2.1411355,1.9750513,2.1905262,1.9286306,3.0568738,2.8423488,2.6055918,2.970393,2.7488933,3.3654804,2.4801397,2.5947177,1.4175471,3.6185827,3.2939699,2.6567883,3.0182679,2.922934,2.4860973,3.233,3.0123901,3.3003604,3.2998066,3.192096,2.9756048,2.5684597,3.0109665,1.8283098,2.6939337,3.5261922,2.6115346,3.0896087,1.935681,1.980691,3.32126,3.6962652,2.9031115,2.9427636,4.526686,2.9984508,2.9493115,2.1109326,1.5598695,2.1737225,2.7170718,2.9376144,2.1808374,2.1444702,3.573093,2.9807446,2.3832612,3.315959,3.0102036,4.7793493,2.142775,2.5027132,1.4128585,2.389259,1.9637177,3.730777,3.7983556,2.1440604,2.4936843,1.4114506,2.3236384,2.3713946,2.9560068,2.797543,2.9675303,3.226784,3.2552204,2.0967922,2.7672505,2.6320586,2.9611535,2.1531134,4.975361,3.2552204,3.1829896,9.865682,2.5137885,3.3578627,1.9656187,2.671413,2.8614745,3.4362884,3.1848538,3.534405,3.0350518,2.971427,3.3784811,2.2196748,2.2266078,3.1309283,1.3806973,2.6638935,2.6702049,2.5750067,2.8513503,2.9206486,3.0044324,2.7965984,2.4623554,2.0540729,2.5707293,2.0624075,2.4798088,2.7060938,1.4922898,2.3654,2.2430532,2.8458252,3.210913,0.62069213,2.4556406,2.9261742,2.011026,3.012372,2.33826,4.0395513,2.929858,2.4862666,3.6372695,2.5766952,2.2591298,1.9784908,3.6207252,2.7370546,2.298929,1.2618208,2.323693,1.4672158,1.4833438,1.6893258,4.542243,1.9743766,3.7786443,1.8119321,2.1407366,2.25166,2.4506536,2.4922085,2.52209,0.94434625,2.2335303,3.2370443,1.3534942,2.461329,2.9905808,3.4179542,3.0102477,3.0450308,2.24769,2.4923594,2.1653912,3.7393353,3.4013958,2.7522461,2.6693,3.4815867,2.5119145,2.8231573,5.677931,1.416565,2.9177856,1.452181,2.3417509,3.2885096,1.912518,2.6026692,1.5735754,1.8415431,1.8381977,3.1466465,0.82790345,2.8595858,2.682273,3.1547523,3.1336782,1.9900763,2.9327698,3.1362703,3.0360653,1.1395324,2.5968828,2.7302718,1.9227837,2.8727193,2.5504022,2.4364467,2.5240083,4.159711,3.7739995,2.1811924,0.74153066,3.1275506,3.440026,2.6382396,2.5890758,4.585304,2.3311803,3.7351482,0.9419497,4.2930303,1.5380396,2.3801196,2.775105,2.242634,4.2851996,2.9278755,2.8746128,3.0442703,1.8229187,3.1264908,2.9791834,1.1725407,4.2885847,1.8893313,2.2432551,3.1255186,3.0884752,4.552292,4.695031,2.6106117,3.3577116,2.2840137,2.440307,2.8164961,1.1891341,4.2565084,3.2632098,2.5225115,2.1586788,2.5691288,2.3884275,1.0901548,2.5429568,4.2379045,2.584567,2.2221112,3.9684718,4.755681,2.5662067,1.6727479,1.4030608,2.8753567,2.5105371,3.626927,3.1936076,2.47329,2.8531208,3.0213876,2.0266087,4.916032,3.006867,2.195778,4.321528,2.9805663,3.8104527,3.2220051
1.0354481,3.0049756,1.7443203,3.532238,3.1623688,3.0877893,0.95523894,0.631144,2.1195052,0.5836943,0.8943518,0.7164221,1.8132778,0.6991824,4.132534,1.4347796,2.4689693,2.7218792,3.5590017,2.0458288,0.78009367,2.4631417,2.3558054,2.9196415,5.317571,1.3752075,5.4035196,1.7051967,0.82916206,2.0410821,0.8781931,2.9317822,0.92113596,2.7022676,0.97996044,1.1865157,2.371247,1.2129807,3.2789855,1.9721214,1.0371218,2.531994,0.8286568,0.9538303,2.7905931,3.564436,2.705007,0.8846148,1.7354906,2.1908886,0.82152706,2.725858,1.9143342,1.2076688,1.6141355,3.4944947,1.0170915,1.5063422,3.690561,3.3150332,1.4638213,2.5639815,1.1217452,2.0983343,1.7102883,3.237362,3.3407483,2.7520714,2.0833356,0.9498283,4.953605,2.2143912,1.0510039,0.76707464,2.6802187,0.97997683,1.3455132,1.8753269,0.7969139,0.80456847,3.2094803,1.6481339,0.701054,3.6576197,1.243904,3.9923925,0.8590749,3.220882,1.8791559,1.0154947,1.827142,2.7572308,2.8601072,0.8965792,0.9260892,2.3983626,1.7783769,2.3284268,2.7568388,3.408371,1.8440408,2.2657368,2.7022972,1.1253214,1.0038433,0.9375708,1.121262,1.0415632,4.3370023,2.7022972,1.7705756,10.843996,2.916039,2.143838,1.1175078,1.1214634,1.5693309,2.0305657,2.091165,2.6566515,1.9157436,1.7413235,2.767904,0.78348285,0.96754223,1.9114832,3.2847178,3.612057,2.0732157,0.40338472,3.7421892,1.1102531,1.0406762,1.23927,0.7505221,0.9304663,0.806389,0.99427956,2.3134558,1.89014,3.0807502,0.9301729,2.756663,0.9362105,1.8480283,2.4633117,1.04475,0.96037924,1.2598699,1.489319,0.81635845,3.5888796,1.1954163,1.0556768,2.602492,1.1389699,1.0320408,2.8218021,4.3736386,2.8063998,3.7189069,2.9700396,0.6239911,3.001457,2.4851704,1.5505679,3.4334912,1.6492758,4.086882,2.612477,0.8451716,2.2833958,0.7252719,0.7730768,0.5767768,2.9987795,0.8346316,2.0117986,2.6165345,0.7010128,0.99622256,2.5077407,1.0681523,2.3518317,2.085994,1.2475743,0.8344155,3.3206177,1.8531735,2.0040557,0.71703887,2.8179145,0.77107376,1.6355171,4.607331,2.0467167,0.8675318,2.7564802,3.6548226,4.223303,1.2546511,0.5813825,2.6677582,1.4704602,1.8573622,4.0017343,2.865871,2.1239023,2.3674111,2.6363378,1.5049993,2.6180394,1.3675187,1.4840311,1.5079669,2.0097566,2.0331094,1.8556154,2.939565,0.8131652,1.3875086,0.4806574,0.28846437,4.094921,2.7276897,3.294607,2.4559567,3.6915479,2.4428256,1.4652917,0.536756,3.3952458,1.0105498,2.1627104,3.046988,5.4480977,2.579868,2.470527,3.2168708,1.9805912,4.567375,1.1328893,4.131352,2.4675286,3.618786,2.3769279,2.113928,2.7802613,3.2294369,1.1508527,1.1849496,1.5795568,2.2027154,3.662389,3.5640745,3.5760412,2.9092429,3.3721695,0.7410558,2.11189,2.4817212,3.9412725,1.6059854,2.6932235,1.3285246,0.6434464,0.8872102,2.8477814,3.8035226,3.0033498,1.1237683,2.850447,2.4774287,3.950225,2.3914073,3.252805,2.701981,1.7385911,3.2305148,2.3204901,1.680133,1.0360584,0.87013155,1.4142331,1.032931,3.8067915,1.1229358,2.130463,3.340604,4.1422253,3.000284,1.6055348
1.2670717,2.914581,1.807557,3.4273899,3.282524,3.1708932,1.0408568,0.67746013,2.1152081,0.6747316,1.0099179,0.84325784,2.2938907,0.8697463,4.1909485,1.7643571,2.4714172,2.9661016,3.6893706,2.5506392,0.8374767,2.5007057,2.3856573,3.4219227,5.7441764,1.234479,5.7381396,2.3035984,1.0314109,2.5754244,0.7822732,3.0715318,1.3242965,2.9894836,1.3435841,1.5961663,2.373822,1.2826834,3.8690767,1.8969042,1.035762,2.6637702,0.9679191,1.0393332,3.2580404,3.5973783,2.6750073,0.9821216,1.6629388,2.1921442,0.94636345,2.7096436,1.875187,1.0997022,1.3789077,3.5325775,0.79326886,1.6789095,3.787453,3.6130512,1.5805106,2.415698,1.4848642,2.2355008,2.2620292,3.7565844,3.3155558,2.585743,2.15933,0.80259585,4.9732122,2.2116914,0.9522954,1.2975522,3.1452944,1.3650206,1.4162333,1.8928168,1.1572669,1.1869895,3.1845758,1.6538464,0.9325845,3.6958349,1.1709832,3.806872,1.2526553,3.4229484,2.37128,1.2338501,2.329094,2.5862741,2.690455,1.2902402,1.0224903,2.915262,2.1952639,2.485423,3.0280507,3.8362613,1.8022277,2.2294493,2.6818573,1.5437448,0.98980284,1.0068905,1.0522487,1.3608546,4.1644297,2.6818573,1.6182278,11.009254,3.0500169,2.0002348,1.547589,1.2145562,1.6013724,1.8826879,1.9891702,2.5338874,1.9679556,1.8151582,2.6921933,1.1177913,1.297045,1.8586498,3.7526724,4.0818725,2.1772392,0.63607836,3.8837857,1.0731399,0.84877026,1.1911378,0.91620755,1.3662403,0.86424667,1.5898609,2.4293993,2.0213318,3.4443269,1.2044823,3.2178347,0.808585,1.7551206,3.0300615,1.3879504,0.77292293,1.7222061,1.3565146,1.0849113,3.5022073,1.0658944,1.2086055,2.4290466,1.4090507,1.2883567,3.0714123,4.462151,2.8575907,4.0023255,3.3729258,0.97622305,3.4323092,2.8926003,1.8678848,3.2405577,2.160777,4.1017694,2.8642986,1.231931,2.686761,0.9384223,0.95762104,0.7371093,3.4807591,1.1490304,1.9085357,2.994047,0.8932679,0.78992325,2.3857527,0.88807887,2.3469052,2.2336588,1.464239,1.2108269,3.1797628,1.6639249,2.0972064,0.7575184,2.8909245,0.9353228,1.7076566,4.362581,2.6091466,0.70905906,3.1365285,3.8960733,4.3500905,1.8481046,0.65390235,3.0523527,1.730155,2.2323978,4.1070275,3.3488648,2.2572534,2.6270642,2.6700666,1.4368743,3.1615813,1.2398114,1.2886302,1.4345005,2.5442958,2.2646124,1.9238403,3.187775,0.6778974,1.5794809,0.77261573,0.6544091,4.180405,2.5678616,3.5318837,2.9069388,3.763093,2.2961962,1.5084075,0.6599224,3.1836543,1.4681964,1.9839456,3.5524766,5.799641,3.0179114,3.0168588,3.588301,2.1516347,4.5800037,1.0907527,4.331013,2.6306028,4.096497,2.5416713,2.1031914,3.2319868,3.0041153,1.6425626,1.581773,1.3970171,2.163989,3.469431,3.348567,3.7390766,2.8925035,3.6025,0.92863065,2.192389,3.0850155,3.8501174,1.388748,2.789534,1.6440974,0.80441916,1.1899703,3.3919506,4.2717533,2.7752848,1.1864543,3.0201561,2.2577746,3.7618337,2.4405112,3.6020062,3.128772,1.6917579,3.7836444,2.1682093,1.5358415,1.2116424,0.81867826,1.2936301,1.4787897,3.6015878,0.9829605,2.4422421,3.1098423,4.585506,2.8571844,1.4217454
1.1227309,2.1718862,1.7040468,3.529957,2.8708649,2.611092,0.6844621,0.5946169,1.3919568,1.0851004,0.69872165,0.7484095,2.5386279,0.7936035,3.88982,1.9700652,2.441194,2.4945858,3.1044147,2.7827349,0.57591295,1.8109885,2.469686,3.5237637,5.4896655,1.1515311,5.648259,2.5905216,1.0480072,2.4245212,0.44637135,2.4305627,1.313904,2.9800744,1.3487105,1.8548708,1.6188365,0.98088235,4.106259,1.8213247,1.0436065,2.969696,0.7125156,0.8864156,3.2815795,2.82927,1.8967447,0.6410896,1.6642634,1.4481858,0.7109362,2.7585385,2.0503936,1.8006623,1.2589887,3.2676928,0.19063982,1.1958725,3.197045,3.2039256,1.5671339,2.39654,2.0519085,2.6036663,2.579203,3.8608062,2.6923509,1.9182123,1.5079051,0.37562078,4.8730845,2.3258054,0.53515935,1.6804785,2.824898,1.3497782,1.4584482,1.2200842,1.1328858,1.1702986,2.399811,1.131859,0.8852428,3.4482458,1.3362567,3.3200514,1.2266247,3.3414035,2.5840406,1.3514943,2.5617118,1.9789252,2.0699286,1.2645826,0.65748566,2.7114081,2.100586,2.5048733,3.222622,4.02361,1.1194909,1.7372557,1.9267902,1.5277387,0.86713797,1.0115447,0.6709996,1.488705,3.6058817,1.9267902,0.8749739,10.756168,2.731897,1.576389,1.690187,1.2425449,1.6425116,1.7836291,1.3348097,2.3246505,2.2294195,1.98145,2.6847985,1.0866005,1.2496047,1.8472003,3.4347491,4.141117,1.4995663,1.0408068,3.2912617,0.70548594,0.32973263,1.2083308,0.77985495,1.3802072,0.5732923,2.0173326,1.8803291,1.4475712,3.013981,1.1087021,3.3991623,0.28706557,1.7664797,2.9895766,1.2895693,0.24196516,2.1171517,0.87549746,1.001848,3.573984,1.1068282,1.3307443,1.7851642,1.2679636,1.432421,2.5915997,3.7650506,2.191355,3.4551942,3.1271765,1.137432,3.4155507,2.9358459,1.5531349,3.1169653,2.4517386,3.9249086,2.465199,1.2065419,2.8333943,0.98079973,0.85007864,0.85973805,3.2032132,1.095963,1.2102927,2.6621795,0.820291,0.2758909,1.6014609,0.3741081,2.4710639,2.1570215,1.6240376,1.1785505,2.653148,1.521271,2.3026786,1.1322763,2.8413846,0.9711681,1.7746063,4.120243,2.55006,0.33620015,3.049502,3.3798194,3.7107565,2.2535412,0.90051085,3.0611901,1.5172695,2.4639227,3.6730967,3.0821505,2.5376077,2.9425359,1.9336547,1.6430154,3.1662667,1.1683332,1.2283616,1.5872827,2.700222,1.8069549,2.1226287,2.8474422,0.3490281,1.776666,1.0351605,0.93986666,3.7115526,2.1458707,3.0127003,2.7407286,3.128217,1.6246117,0.8797296,0.6489452,3.0033069,1.9463828,2.4436345,3.3027153,5.721105,2.6556368,3.1922715,3.7626119,1.7926646,4.5180745,0.70168537,3.7608445,3.0121596,3.8757849,2.9158719,1.3518946,2.8879433,2.525837,1.8790843,1.8589798,1.0582156,2.3054671,2.984929,3.1331444,3.2120888,2.1295748,3.3753524,0.7858911,2.4171095,3.299506,3.859375,1.2869188,2.1499777,1.9638263,1.2006438,1.2775569,3.2771664,4.335687,2.4760413,0.70105314,2.6629815,2.6387753,3.2739847,1.976294,3.2167497,3.1191661,1.6443604,3.8349216,2.0350177,1.5464013,1.3273127,0.5238089,1.3672953,1.4669502,3.4699662,0.49851614,2.6701229,3.1684992,4.599172,2.164857,1.3767816
1.1283346,2.7056477,1.8851837,3.561912,3.2814384,3.123385,0.8822089,0.57102203,1.9227113,0.8205756,0.88377225,0.7138291,2.3549724,0.75714755,4.2296968,1.7335029,2.5746355,2.9061792,3.6202705,2.5236373,0.65288734,2.2906647,2.475566,3.4081755,5.588879,1.1901656,5.6542754,2.3029842,0.9385606,2.499831,0.57601863,2.866617,1.2223883,3.037014,1.2473179,1.703457,2.185935,1.0664766,3.863696,1.9131092,0.9557365,2.6760607,0.8337852,0.90753794,3.2465398,3.415611,2.4888127,0.79783833,1.6436123,2.0077572,0.82359344,2.7874649,1.9594988,1.312038,1.3004303,3.5870366,0.6288711,1.4827716,3.7334538,3.5747108,1.484553,2.4577706,1.5697548,2.2841406,2.3351552,3.7221434,3.2122514,2.4073005,1.9577067,0.5958692,5.068155,2.2878995,0.73304635,1.3487931,3.0328345,1.2569461,1.3537918,1.6849822,1.0728618,1.1043999,3.000426,1.4313241,0.84997755,3.7564259,1.1278105,3.6496105,1.1553055,3.4755726,2.428829,1.206157,2.3016613,2.4144878,2.515548,1.1888715,0.8878668,2.814786,2.0441267,2.582045,3.0055249,3.8071547,1.6019181,2.0388496,2.4898796,1.4328203,0.8553986,0.9228034,0.829135,1.3526239,3.9965801,2.4898796,1.4194366,10.905628,3.086018,1.8472667,1.5223656,1.1238163,1.5448668,1.7933251,1.7993661,2.4785216,2.0053082,1.7789887,2.7699292,1.0339078,1.1902955,1.8093817,3.6542978,4.0095286,1.9942306,0.7425921,3.815744,0.85144234,0.64600617,1.1624908,0.80573004,1.2792708,0.7390866,1.646604,2.373439,1.8166488,3.364112,1.0705116,3.1882708,0.6406104,1.7076572,2.990237,1.2300311,0.60198015,1.8101118,1.1860583,0.9734802,3.629129,1.0376362,1.1920441,2.2506475,1.2280829,1.2988073,3.0231707,4.3580804,2.7690349,3.9107783,3.3233552,0.93791145,3.4373937,2.918043,1.8311216,3.1623857,2.1545756,4.1823745,2.8428953,1.1401044,2.6415374,0.86205345,0.8256824,0.7838465,3.4220567,1.0578641,1.6975429,2.9105754,0.7876363,0.5974602,2.2004097,0.6798698,2.4488306,2.3097658,1.4275064,1.115692,3.1055105,1.5610278,2.1782749,0.89384747,2.792007,0.8549194,1.6558703,4.2499757,2.5252576,0.515463,3.1396222,3.8343024,4.266723,1.9149655,0.7127283,3.0767875,1.7364007,2.3198836,4.0970654,3.279947,2.3268983,2.6914783,2.476636,1.4190446,3.1216059,1.2009916,1.2411829,1.4349655,2.5713096,2.0655472,2.0142512,3.1549914,0.49630612,1.5682385,0.7979429,0.6856627,3.983468,2.4177058,3.4429684,2.9026878,3.6925633,2.1185162,1.3260382,0.56830144,3.0792623,1.5286407,2.1886027,3.4903605,5.718055,2.907059,2.9976501,3.5695395,2.1499827,4.6894035,0.8686229,4.2597733,2.7400699,3.998509,2.605609,1.9145199,3.1423612,2.8521237,1.6456169,1.5701115,1.2708217,2.2644808,3.3095622,3.2414892,3.6872525,2.7018342,3.6213233,0.81448394,2.2971468,3.1132696,3.9686935,1.3164167,2.7027888,1.7780324,0.9436963,1.0998439,3.3174698,4.22872,2.6483135,1.0137539,3.026897,2.4523118,3.6040893,2.3707945,3.5220456,3.1299903,1.6847289,3.734199,2.0711286,1.4989492,1.1795654,0.60997134,1.2790885,1.3780812,3.5151346,0.7649249,2.5031552,3.24853,4.5157886,2.6700773,1.3625546
3.109121,4.3241673,1.9215999,0.8276194,2.3527775,2.8111908,3.076718,2.9691277,3.6311102,2.7444499,2.9457996,3.0122416,2.6060567,2.969267,2.0785923,2.8734386,1.1355749,2.9032516,3.2091317,3.58676,3.3624578,4.260803,0.8679978,3.4819124,6.644113,2.3527286,5.2411523,3.7189677,2.8879817,4.068573,3.2687616,4.6392765,3.1786835,1.7184101,3.0776281,2.5889523,3.9415455,3.6347299,5.57769,1.57636,2.6978242,2.8290482,3.0150015,2.9251819,3.052551,4.706616,4.0556984,3.4079015,2.1105385,3.6460774,2.9465966,0.6234184,1.4223064,2.6844404,2.582008,1.7744333,3.0923395,3.8090532,3.348289,3.1534493,2.8418477,1.2184172,3.0092316,2.4617765,3.8529956,4.069318,2.8915591,3.526527,4.115088,3.2593408,2.13432,1.1331079,3.3707178,2.9248905,4.475701,3.1991875,2.601606,3.853932,2.975978,2.9984426,4.3830733,3.7311828,2.8749022,1.8072325,2.6542485,4.0418143,3.110062,1.439663,2.6449099,2.5696638,3.4620562,3.4225883,3.5181966,3.1418087,2.9836233,4.3757334,4.284235,1.3754623,3.1573393,4.046099,3.493108,3.489975,3.9507337,3.3390884,2.909687,2.7489152,3.4438133,2.5327353,4.385599,3.9507337,3.4858198,9.748004,2.5418916,3.0123658,2.810098,2.8089104,2.5379596,2.708194,3.3674757,2.157201,2.1262665,2.6563542,0.52896607,2.9403481,3.0586348,2.3725438,4.288724,4.6042767,3.8454857,2.822377,3.4648325,3.4656384,3.2371197,2.3544378,2.9337087,3.1421387,2.9637616,3.374281,3.409092,3.9540203,3.627724,3.1570053,3.70069,3.1159818,2.4133375,3.7410734,3.8203673,3.1081347,2.667835,3.0109086,3.0040908,0.7556685,2.4275541,2.4665785,3.446713,3.7960627,2.3974059,3.3768947,4.315463,3.1698837,4.0515614,3.0828364,2.8622584,2.7681396,2.3655603,2.927704,3.1552665,3.344324,1.7448086,2.8678882,3.05816,3.3531342,2.8485808,3.0463269,2.8997993,4.043471,2.9393554,3.6900077,3.2000682,2.9501874,3.1857889,3.7396076,3.270437,0.85758066,1.6643258,2.6753905,3.0618334,2.417276,2.7610478,1.4682002,2.508239,3.309284,2.8265839,2.5582066,4.3248863,4.1890855,3.1985433,2.4137797,3.508644,3.9685016,3.4187615,2.6492918,2.2899458,2.450062,2.1158376,2.5930037,3.8418024,1.8419902,2.2444127,4.255135,2.542517,4.9689755,2.323085,2.3999372,2.2716496,2.9536498,4.243896,1.4516883,2.3804681,3.1694264,2.514287,2.7474298,3.0899818,4.956051,3.2217882,3.2625322,3.059358,3.4435534,3.3669379,3.3121738,3.0159771,3.4324062,3.0036826,2.0087671,4.2130365,5.326496,4.2877765,5.077588,3.5119627,3.10249,1.8979869,3.4703867,3.8318446,1.8857635,4.4378285,2.3859508,3.771815,4.022218,3.5172107,2.885709,2.924116,2.735126,1.029877,3.8718922,3.4926586,3.0623198,4.0943484,2.0189114,2.972141,1.2754759,3.777457,1.057079,2.5389876,3.1680946,2.2833667,2.6107242,3.0353403,4.1459246,4.238833,3.2909777,3.1592972,2.292698,1.8807838,4.0225654,2.2168581,3.3775675,2.6593883,1.9118685,5.660416,2.8254995,2.3414576,2.5679939,3.3120692,2.30012,3.2876375,3.5367365,3.355433,2.0465262,1.4473641,4.684517,3.7952726,2.4799495
3.3877976,4.5175047,1.885569,1.398335,1.7454052,2.3970826,3.3410163,3.2627592,3.782242,2.9973686,3.1901367,3.314936,2.5590293,3.2565243,1.3124253,3.2264924,1.1406596,2.4784603,2.7304466,3.722787,3.6178026,4.3585024,1.4339925,3.3740332,6.5088973,2.8885696,5.3295264,3.7340367,3.2183611,3.8196237,3.5904515,4.6354265,3.384038,1.4305987,3.3210266,2.5475416,4.0026026,3.9332044,5.326623,2.189453,3.143417,3.4777322,3.2670248,3.2694743,2.8767064,4.609432,4.1106696,3.634961,2.742488,3.7524414,3.2090037,1.4615934,2.1083863,3.1794794,3.203906,1.069978,3.4251435,3.938034,2.8042498,2.4817097,3.2942908,2.119963,3.364147,3.0840125,3.6672215,3.9879928,2.9240065,3.8906214,4.1926136,3.5896745,1.5794768,1.835842,3.7014797,3.1154847,4.1597114,3.4193382,3.0867255,4.011459,3.1917782,3.2027028,4.3808455,4.010744,3.1374779,1.044583,3.2218554,4.6060386,3.3111684,0.90346104,2.5296545,2.9306686,3.617233,3.8473284,3.9312809,3.3457234,3.2217064,4.1238627,4.3861213,1.1280005,3.5902443,4.2072344,3.734437,3.873441,4.051872,3.530094,3.3142285,3.1460855,3.7812464,2.8092248,4.8650584,4.051872,3.769269,9.916097,1.8895371,3.5226207,3.0212133,3.2414036,3.0859098,3.3839815,3.688485,2.8593225,2.7948897,3.2454832,1.41609,3.1678493,3.3037074,3.0206113,3.8830585,4.643512,3.8723335,3.077314,2.9186668,3.7906382,3.5804613,2.8545642,3.2051284,3.3274157,3.2273495,3.465935,3.1170187,4.068248,3.131338,3.42042,3.827835,3.4154913,3.0839846,3.4417636,3.9853182,3.4335363,2.8110304,3.4180167,3.260906,1.2541788,2.9544654,2.866686,3.8392506,4.014433,2.7086413,2.841642,3.8575666,2.9285524,3.4817321,2.6914515,3.1397328,2.449827,2.1666195,2.7385988,4.0007887,3.509078,1.0080984,2.3280835,3.2614424,3.5880082,3.1625612,3.3337536,3.0773563,3.5037148,3.1755617,3.965872,2.9370232,3.228544,3.5277698,3.926571,3.6143434,1.526256,1.4382105,3.0920353,3.2702029,2.7381017,3.4031298,2.0262172,2.8208084,3.8882947,3.166068,3.098499,5.1474648,4.0383554,3.525417,2.0765457,2.873632,3.423835,3.4287891,2.956124,2.0351899,2.3317604,2.098078,1.9214392,3.393893,2.4286354,2.656179,4.2749004,3.1852434,4.6543784,2.8544333,2.9977343,2.9055057,2.7944915,4.3169904,1.9820845,1.9719592,3.4852984,2.9710596,3.0288792,3.2945266,5.2271037,3.7862096,2.866259,2.5280733,2.9855335,3.7101407,3.503453,3.2857933,4.236924,3.2785025,2.5750275,3.6950366,5.389616,3.9639435,4.884606,3.7465265,2.7973378,1.3023419,3.7936778,3.1954546,2.4208612,4.155778,2.9863412,3.8756006,3.6079109,4.108295,3.0597265,3.2317238,3.239363,1.7410744,4.441103,4.2894516,2.492456,4.1632695,1.3041348,3.23066,1.8189819,3.511721,1.2803869,3.1610854,2.8955295,2.3320262,2.8630216,3.3494365,3.871108,4.198443,4.005564,3.4009676,1.692746,2.4862823,4.5881195,2.3244781,2.9716759,2.4320753,2.4884095,5.361879,3.5282123,3.0020285,2.959524,3.6279018,2.9001002,3.4530258,4.392875,3.6964102,2.2692423,1.9433521,4.694321,4.112118,3.1135623
1.4655828,3.6060216,1.9506955,2.9792757,3.372994,3.4699728,1.6172947,1.3783026,2.7652647,1.2078748,1.5439727,1.3521914,1.5395977,1.3242338,4.0356174,1.0285544,2.2820575,3.0937784,3.9113967,1.8188552,1.7072431,3.2298675,1.7712532,2.6012444,5.5336986,1.2506937,4.91597,1.839701,1.1595626,2.76485,1.6638752,3.6622455,1.4108244,2.3185322,1.3184851,1.4635509,3.140562,1.9166423,3.792592,1.5422769,1.1026509,1.5271106,1.5120538,1.3502237,2.5073688,4.294983,3.4268382,1.8029746,1.243143,2.8681421,1.4644567,2.059066,1.2139894,0.89590955,1.4626845,3.4761333,1.7309338,2.3572931,4.125719,3.6225512,1.2732481,1.9383746,0.6094775,1.0103068,2.3027906,2.9737096,3.488923,3.0517793,2.9461713,1.7145983,4.5682335,1.5142379,1.7902905,0.9381579,3.4057987,1.4197751,1.0679748,2.671121,1.3136563,1.3262287,3.9194753,2.2997563,1.2750353,3.612744,0.9357761,3.890384,1.3909379,2.839038,1.6803561,0.9143799,1.6360979,2.9505694,3.0685422,1.4060516,1.6064261,3.0816288,2.405944,2.124671,1.9800613,2.8588612,2.4494584,2.4894009,3.324449,1.5442548,1.3156248,1.113625,1.8245742,0.9595257,4.3288403,3.324449,2.4318542,10.273728,3.2768989,2.1847744,1.1059005,1.1097091,1.1417716,1.6672531,2.5115728,2.1905951,0.94565535,1.0770849,2.2107635,1.2962121,1.3602405,1.3855122,3.676273,3.3540442,2.8755386,1.1327392,4.155509,1.8293425,1.7642422,1.058533,1.3696436,1.3881996,1.5184484,1.3558346,3.1247094,2.6699655,3.5102167,1.4369121,2.3301213,1.7019941,1.3339994,2.712875,1.9442124,1.6940354,0.9896759,1.8370031,1.3500578,3.0482655,1.069923,0.8783005,2.8853498,1.9235497,0.8934493,3.432426,4.89485,3.3567526,4.2243485,3.0157077,1.0401883,2.708272,2.1529016,2.2202013,2.848769,1.4397079,3.9003367,3.0726886,1.363019,1.8601218,1.136929,1.3751304,1.4644424,3.521114,1.3103037,2.6308005,2.8295054,1.317015,1.7245381,3.1233287,1.7875309,1.7292475,2.1019053,0.89815897,1.3663225,3.2625928,1.6367093,1.2106377,1.0334162,2.289395,1.1233438,1.1402247,4.1580024,2.6402621,1.6508083,2.5402951,4.0447497,4.675768,1.5602596,1.0942328,2.326282,1.9181691,1.4756742,4.070449,3.2719846,1.1347053,1.40913,3.4337077,0.90947,3.451557,1.2281094,1.2900572,0.9326603,1.9140296,2.8086045,1.1662022,2.9589424,1.6172428,0.81905866,1.0027493,1.3610057,4.200811,2.6528509,3.5719924,2.7791202,4.144848,2.783973,2.1552882,1.375747,2.9386604,0.7637133,1.7062396,3.5702941,4.9698787,3.321795,3.2472763,2.542836,2.7472193,4.2254715,1.8522848,4.526368,1.4252131,3.7461941,1.2716537,2.882256,3.350436,3.1806452,1.0885221,0.90606844,1.6823391,1.5644478,3.5930407,3.124232,3.870576,3.5403502,3.2280266,1.3976667,1.3602091,2.5431023,3.4628954,1.4212779,3.2619677,1.2971528,1.0869032,1.151252,3.1048508,3.4111817,2.7479455,1.8034637,3.076991,2.0346663,3.8548284,2.4515295,3.4257133,2.4174461,1.3181937,3.9855142,1.9305804,1.2529768,0.90610325,1.6633403,1.0463634,1.5208206,3.2296443,1.8365052,1.4127493,3.013425,3.790636,3.344575,1.3278819
0.875035,2.9514759,1.7103406,3.596498,2.9298725,2.8701696,0.9549647,0.8201016,2.0236263,0.91797584,0.8770366,0.7870892,1.4171361,0.73125225,3.9492915,1.1920084,2.446061,2.3602097,3.2724342,1.6268353,0.9365197,2.3466105,2.3060734,2.4186928,4.843111,1.4868019,4.9817047,1.2576841,0.77975553,1.5361674,1.0933797,2.7023935,0.59580433,2.3736145,0.6920957,1.0030979,2.274448,1.23605,2.9204874,1.9769825,1.1137232,2.4506238,0.82191676,0.95764995,2.2881,3.3909535,2.612333,0.9602455,1.767928,2.086205,0.8274196,2.686567,1.9619324,1.5946695,1.7762233,3.361116,1.261875,1.3680617,3.4515927,2.9075105,1.3655821,2.6180515,1.1158649,2.0512393,1.4592594,2.7338548,3.1676135,2.7431874,1.9739687,1.1757423,4.8417554,2.196955,1.2226878,0.5195662,2.1985238,0.6708969,1.309488,1.8183191,0.54442775,0.5178729,3.092729,1.627702,0.6588519,3.5257878,1.3791392,3.9739728,0.54967004,2.947661,1.4582762,0.90713435,1.413749,2.7517743,2.849811,0.5814948,0.9186753,1.892581,1.4479173,2.1800427,2.5036018,3.0130727,1.8054137,2.1861036,2.5865176,0.75851613,1.0900992,0.9769833,1.2598699,0.81279457,4.293785,2.5865176,1.8445019,10.504159,2.7364187,2.158268,0.7447052,1.1068188,1.5417472,2.099007,2.069763,2.63916,1.9055649,1.7026407,2.7700713,0.57116395,0.7124307,1.915072,2.7374349,3.1484926,1.9085506,0.73262435,3.451244,1.2287902,1.2684534,1.3111895,0.75171363,0.5489451,0.88717026,0.7315637,2.168881,1.7325412,2.609619,0.76396364,2.3352585,1.1364738,1.897174,1.8838066,0.9026898,1.1957427,1.0127314,1.55772,0.6794492,3.6265883,1.3451117,1.0060501,2.6082475,1.0290147,0.88700277,2.500976,4.1154385,2.6229665,3.3101077,2.461896,0.5245461,2.5217102,2.0527477,1.2337682,3.4861507,1.2597884,3.98109,2.291149,0.5430897,1.9068683,0.7080348,0.75869215,0.8020159,2.4750714,0.62581366,2.024753,2.1222446,0.7069522,1.2415931,2.4912686,1.2833462,2.3459156,1.940352,1.1206269,0.55189335,3.2582014,1.9620628,1.9400883,0.9838079,2.6771166,0.7839293,1.5725847,4.6726356,1.5263532,1.1229912,2.3077435,3.2823737,3.9349627,0.9503295,0.8259958,2.244123,1.2248595,1.5677377,3.7469614,2.3171413,2.0395699,2.1755612,2.50901,1.61555,2.2431579,1.4710313,1.6317755,1.6007588,1.5130866,1.7957659,1.8257356,2.563733,1.0701531,1.2759384,0.5977816,0.6159027,3.8604379,2.727172,2.903767,1.9717382,3.4659224,2.4308183,1.3942676,0.7347401,3.4606638,0.8708725,2.4507418,2.5099986,5.01584,2.1131454,2.1803758,2.8568444,1.8445655,4.485424,1.2486843,3.7827728,2.391072,3.0645099,2.2945232,2.04434,2.2669268,3.2653713,0.75144666,0.9331546,1.6783543,2.234233,3.6597555,3.6211298,3.2661164,2.7829792,3.0399137,0.7262863,2.0689516,1.9832402,3.9637418,1.7562486,2.476259,1.2319145,0.8856045,0.7368624,2.273337,3.3221972,3.0723104,1.0983925,2.5920205,2.760299,3.935444,2.1962345,2.770851,2.227458,1.7373832,2.860195,2.372696,1.7825658,0.9681632,1.0616739,1.5346417,0.63085485,3.8656306,1.3031787,1.8643547,3.519965,3.6725855,2.964181,1.7376862
2.7170029,3.160146,2.3706708,2.372664,2.4140654,2.4706092,2.689808,2.7795005,2.7628293,2.9981651,2.635256,2.7465975,3.120066,2.732252,2.511846,2.7508051,2.091597,2.621382,2.7083697,3.6071968,3.0634234,3.3710191,1.7263751,3.6119354,5.912282,1.9624203,4.655833,3.9181764,2.6338148,3.9988852,2.907017,3.714891,2.945135,2.3161914,2.8252187,3.1437137,3.1099188,3.1007574,5.879076,1.3469198,2.371025,2.753892,2.714319,2.5497565,3.1843936,3.701907,3.115606,3.0673554,1.7083136,2.800319,2.6617448,1.4746507,1.8023274,3.184901,1.9811782,2.36483,2.731025,3.2598834,2.9961498,3.077107,2.3573277,1.0959251,3.3219235,2.620483,4.3753986,4.082765,1.7011309,2.2378557,3.399184,2.8726573,3.2032437,1.6295459,2.9087827,3.1626067,4.191918,2.9337695,2.231373,3.120804,2.7884476,2.820174,3.3612475,2.99309,2.6897511,2.4781818,2.347182,2.403727,2.894694,2.1690948,3.1657746,2.4372063,3.473969,2.0866325,2.15502,2.9106677,2.6532974,4.17755,3.8824117,2.3113348,2.975816,3.988,2.6694741,2.4011004,2.918569,3.060011,2.5045323,2.4578106,2.9361608,2.5122252,2.7135527,2.918569,2.7212183,8.813943,2.9445124,1.9405185,2.7797446,2.446117,2.1036727,1.901274,2.3701584,1.0105991,2.1487937,2.3158262,1.3690296,2.749662,2.7744067,1.7915386,3.966475,4.3413744,3.146433,3.0002375,3.0255368,2.9641435,2.8137116,2.0826204,2.6867592,2.9524827,2.6931648,3.6991005,3.2483256,3.2491758,3.3339252,2.8211446,3.6733398,2.773883,1.8555655,3.8069966,3.5135415,2.7585235,3.1411529,2.305152,2.73872,2.3122725,2.1537256,2.3396988,2.199714,3.3917694,2.41765,3.2752128,3.6026113,2.6106462,3.6278121,2.932107,2.785388,3.0322504,2.7452664,2.9132214,1.9601908,3.4499426,2.6662304,2.909379,2.8541079,3.1867566,2.6559303,2.7555578,3.0025568,4.01236,2.7168205,2.7967222,2.8304374,2.723832,2.799505,2.7380526,2.8241103,1.7848519,2.3006542,2.4821723,2.8499243,0.9948836,1.9870459,1.973212,2.7605624,2.4473438,2.6074407,2.1487904,2.886272,4.0754695,2.8696756,2.6334832,3.2157447,3.410829,3.837909,2.7157037,2.6758354,2.5771942,2.7963557,2.511875,3.717552,2.223489,2.6913486,3.3896585,2.2553532,5.102692,1.9557893,1.9482156,2.0384908,3.3292482,3.578846,1.9810634,2.1895041,2.8739643,2.3903954,2.794504,3.1694202,3.5950305,1.8830401,2.6866114,3.3097317,2.9365988,2.2053614,2.7049859,2.8725526,2.153956,3.2671802,2.969711,4.177336,4.7842116,3.9982288,5.281391,3.4565043,3.2306488,3.140316,2.9585545,3.4200733,2.663877,4.05729,2.7061799,2.992719,3.794957,2.0145218,2.9938543,2.9192848,2.0290298,1.762964,2.2853734,2.1398156,2.71961,3.0346372,2.3556914,2.7262845,2.0572727,4.220718,2.4445038,1.9578581,2.6755123,2.9682167,2.9105284,2.7956896,4.005923,4.1364803,1.9541919,2.690744,2.466413,2.9120123,2.3898923,1.459812,2.9683366,2.869306,1.5874443,5.7615156,1.8684539,1.8638008,2.402883,2.9436007,2.0063236,3.0605714,2.296276,2.8628497,2.5363185,2.522432,4.3801856,2.4613414,1.9445223
0.84285754,2.4733095,2.1523814,3.416827,3.1447244,3.0119622,1.0536498,1.1589007,1.7894009,1.674043,1.0910406,0.98748034,2.126182,1.0023633,3.9474638,0.99730223,2.57922,2.663781,3.3452258,1.9896271,1.3448498,2.2653916,2.0797002,2.7100353,4.86166,0.6768582,4.422767,2.242601,0.7793045,2.647392,1.2023675,2.6914034,1.1033946,2.513852,0.96263355,2.1075995,2.2443178,1.1958326,4.198852,1.2816827,0.5445704,1.6620241,1.0804386,0.7399845,2.546482,3.3263392,2.4703891,1.3705692,0.7296338,1.935704,1.0527675,2.241861,1.5307565,1.9159324,0.61852336,3.4831374,1.2778627,1.6656823,3.6469738,3.3243876,0.32473212,1.8027209,1.6155752,1.4946264,2.9586816,3.0040362,2.5982604,1.8531989,2.1285849,1.2211978,4.7834573,1.754153,1.180087,1.5363041,3.0389829,1.0569495,0.35431185,1.808014,1.0628116,1.0938982,2.9317727,1.3528136,1.0292563,3.6518862,0.46463168,2.6479034,1.1050292,2.9610093,2.2244053,0.76756513,1.8055171,1.7196983,1.8323387,1.095931,1.1306081,2.8270419,1.9656501,2.5058823,1.9038392,2.8880343,1.4590209,1.2119378,2.2808218,1.178766,0.64530563,0.63868165,1.1412284,1.003375,3.0647328,2.2808218,1.534941,9.535905,3.2933798,0.9343826,1.1540053,0.42674008,0.35841843,0.6018842,1.3821276,1.3780534,1.1597462,0.6426993,2.3289008,1.0365711,0.9359709,0.60356593,3.2536252,3.1415908,2.0673242,1.5366073,3.6182547,1.1533291,1.2215257,0.6422338,1.0204295,1.1550378,1.1457571,2.0208476,2.8231552,1.822406,3.0752168,0.93300927,2.389123,1.2619436,0.5639288,2.7173579,1.6014429,1.251338,1.8201983,0.8410934,0.96120095,3.4431474,0.6823153,0.74188995,1.6834255,1.4247128,1.0056183,3.1392515,4.176469,2.7453218,3.6851099,2.7150235,1.0350668,2.7790992,2.3533547,2.077406,1.977712,1.7742109,4.033395,2.8795276,1.0905513,1.7543796,0.88652366,0.95601785,1.6544806,3.3389938,0.98932326,1.6056002,2.3431432,1.009376,1.2360992,2.113804,1.2107122,2.1031861,2.3438396,0.6658393,1.0805103,2.4304702,0.53793365,1.6410851,1.5092189,1.4166087,0.81819975,0.45863914,3.152055,2.5204194,1.2450094,2.5319061,3.5955834,4.0583124,2.269491,1.2995609,2.4801662,1.9050523,2.11406,3.747168,3.0147574,1.6213889,1.9700011,2.5208201,0.5694343,3.60115,0.6894249,0.6517968,0.67664456,2.298082,2.0227454,1.6181812,2.6047542,1.2590023,0.7625534,1.2175586,1.5962372,2.97219,1.3941591,2.945145,2.8208895,3.5736914,1.6236942,1.3615655,1.2395955,1.932851,1.5585064,2.5883143,3.400172,4.5094132,2.9356136,3.5598292,2.5564792,2.7068691,4.53045,1.1634616,3.9971092,2.2134767,3.3077989,1.8371952,2.0119078,3.0014992,1.9538118,1.3990127,1.1326131,0.67943287,1.9251782,2.3394666,2.1006365,3.3996131,2.4954774,3.1507986,1.0535854,1.9063929,3.0199363,3.7837365,0.59163815,2.688142,2.0764863,1.6244301,0.82902473,2.9035637,3.3161552,1.5993706,1.1392279,2.9314585,2.8094354,2.6107042,1.7581067,2.9154603,2.4708922,0.920538,4.132374,0.8546728,0.5937182,0.6933712,1.1890608,0.64805996,1.2359687,2.3433473,1.1887252,1.901999,3.3877676,3.522599,2.1294687,0.54162616
2.3819053,4.1511645,1.7239767,1.6727148,2.815587,3.161768,2.4495013,2.2691019,3.3377218,1.9692168,2.3224125,2.2874146,1.7380961,2.2409086,3.019942,1.9170097,1.4104645,2.963049,3.5953557,2.6127594,2.6797142,3.9257383,0.6540675,2.7838025,6.133004,1.7518284,4.9113755,2.7334583,2.104975,3.447391,2.6088724,4.3240304,2.3798516,1.5789346,2.2707627,1.8276137,3.7016954,2.9466827,4.6686077,1.2429506,1.9520636,1.8752671,2.3555768,2.2247002,2.4967334,4.6820893,3.908493,2.749502,1.491224,3.3955293,2.2877758,0.8435463,0.67244035,1.6921357,2.0187726,2.5618916,2.524637,3.23922,3.7898426,3.3261886,2.0764105,1.2094041,1.8565222,1.3819921,3.0097387,3.3259718,3.2429757,3.4131863,3.7046256,2.6273372,3.2353067,0.5973388,2.7339737,1.9384547,4.000854,2.3972824,1.8219365,3.428803,2.2101758,2.2268202,4.3305607,3.1814976,2.1436026,2.6468549,1.8313566,4.0510306,2.3296587,1.823691,1.835108,1.7336773,2.4830232,3.2919886,3.4065077,2.3559854,2.3783417,3.7765102,3.4830809,1.3324716,2.3079743,3.222151,3.10864,3.0937328,3.7937312,2.5275059,2.2054539,1.9930727,2.795219,1.6873943,4.4711237,3.7937312,3.1070578,9.921676,2.8329377,2.6531513,1.9282973,2.0204613,1.7803781,2.1520941,3.059129,2.02244,1.1676772,1.783106,1.0726277,2.1823573,2.284979,1.7433385,3.9614022,3.8543434,3.5045128,2.0097024,3.856335,2.8096325,2.6373053,1.6529558,2.2341979,2.334339,2.3278282,2.3670356,3.3251262,3.471932,3.5459611,2.4015734,2.8253977,2.523986,1.7624743,3.1200104,3.0440903,2.5173469,1.6367393,2.5160866,2.2622783,1.7186373,1.7271978,1.6422191,3.2841206,3.0288203,1.5595093,3.409461,4.719194,3.3313212,4.1721888,2.8957705,2.0209835,2.4105897,1.8711836,2.5459845,2.914048,2.325912,2.7551718,2.9147005,2.282645,2.4689631,2.0682933,2.3155363,2.2146587,3.7411954,2.1888368,3.3200364,2.9399934,2.221764,2.5846782,3.5878234,2.6699426,0.56167775,1.5873375,1.780138,2.2898524,2.8677397,2.2061188,0.53380144,1.720085,2.712581,2.0507655,1.7713284,4.2500587,3.4512413,2.5567508,2.1699176,3.7793674,4.4007187,2.4318817,1.8897678,1.9176903,2.0728118,1.306855,3.31721,3.5005186,0.8086965,1.241466,4.019032,1.6883854,4.2547436,1.715903,1.801684,1.4776994,2.1803687,3.6885993,0.5689607,2.534165,2.5202503,1.5886565,1.9205704,2.3045757,4.68489,2.986792,3.4080884,2.7682002,3.8669925,3.1905866,2.850939,2.2945075,3.1598868,1.9097137,1.3896111,3.8543665,4.977531,3.863395,4.2137017,2.7372198,2.9181836,2.9289877,2.823202,4.21585,0.79659784,4.0258255,1.3194662,3.4807835,3.6876106,3.4274175,1.9373993,1.9259921,2.249301,0.5576266,3.8191304,3.289218,3.4709342,3.979745,2.432017,2.2716281,0.31303304,2.9647365,2.1427245,1.9647149,3.270423,1.4705857,1.8050194,2.1886058,3.5611196,3.6038635,3.0430713,2.5898674,2.5932932,1.5072769,4.0248055,2.2706559,3.3302202,2.2161458,1.377526,4.8741593,2.3389547,1.7005622,1.7366109,2.635873,1.5885391,2.4834821,3.3187022,2.7468143,1.15694,2.038272,4.0709243,3.7115176,1.8656784
1.8119557,3.6528065,1.2167372,2.5363235,2.8678598,3.0112233,1.6835479,1.3261467,2.7616904,0.6415141,1.547268,1.4779011,1.7699932,1.4411147,3.551651,1.8672681,1.6574484,2.8300235,3.5725787,2.57066,1.6789201,3.2499545,1.651741,3.1652412,6.1261444,1.4939073,5.723985,2.291516,1.4971776,2.7536998,1.6712366,3.747646,1.7553456,2.3215024,1.7403724,0.98346335,3.0210788,2.1625051,3.9263327,1.6574011,1.4818672,2.5705385,1.5545145,1.6102941,2.933946,4.1501036,3.2995665,1.7851298,1.7081177,2.8009634,1.499999,2.0430624,1.3436788,0.6778284,1.8126853,2.8719656,1.5910516,2.4238064,3.636635,3.3274474,1.9533867,2.0531147,1.3701063,2.002338,2.027104,3.627084,3.4080286,3.1856756,2.9070833,1.6951634,4.10309,1.6217457,1.8585457,1.2206148,3.4043622,1.8119833,1.6922692,2.666405,1.5368842,1.5550841,3.7776363,2.4997556,1.3754267,3.0017676,1.5475655,4.3106728,1.6705046,2.7004795,1.8416915,1.3827856,2.3717914,3.1614938,3.2746477,1.7177911,1.5863322,3.1669915,2.8142788,1.6349196,2.963367,3.7422872,2.5126116,2.8769782,3.300862,1.9807904,1.6108146,1.4568667,1.9643527,1.3575263,4.684942,3.300862,2.393424,11.019852,2.541743,2.5435388,1.6014239,1.6510704,1.8312395,2.2670465,2.6466825,2.5973732,1.7634034,1.9847199,2.0452263,1.5026265,1.7276919,2.0237205,3.8092635,4.1506777,2.7943747,0.7929829,3.7663627,1.977023,1.7305142,1.3856248,1.4500264,1.7290235,1.4630663,1.5300475,2.5162177,2.7560363,3.3870342,1.7618247,3.147247,1.5859467,1.9631021,2.919946,2.126596,1.579869,1.2666935,2.0178866,1.5772241,2.6182692,1.3508916,1.324029,3.0436375,2.1993048,1.2205126,2.951994,4.5328417,2.9495625,3.9849148,3.145381,1.299046,2.9732058,2.3778772,1.8400998,3.5111918,2.1484616,3.3143535,2.5950592,1.6272218,2.718709,1.3794187,1.5613277,0.99064803,3.3928027,1.5451888,2.6959317,2.9634793,1.4316275,1.6564058,3.0346758,1.7777156,1.5887268,1.521114,1.6351984,1.6237369,3.2086444,2.1384084,1.4956869,0.5548269,3.180007,1.3931823,1.8976123,4.7791233,2.8499823,1.5874577,2.674087,3.7231603,4.299127,1.653707,0.8644609,2.5137281,1.4849422,1.5177956,3.6746254,3.2876031,1.7734716,2.1336052,3.3351803,1.6656063,3.3266532,1.4694811,1.5953256,1.5200266,2.1565711,2.9856286,1.284746,2.8680072,1.5329083,1.6181989,1.0008613,1.0888085,4.7748137,3.0773354,3.4785757,2.5523767,3.697581,2.8944395,2.1565378,1.297797,3.5877833,1.3827124,1.0889194,3.4939618,5.7750397,3.2590199,3.2212324,3.425506,2.032002,3.6709812,1.9932399,4.192617,1.9404907,4.1429434,2.1694846,2.770951,3.2990644,3.5349002,1.591624,1.6674644,1.9237254,1.4661736,4.0035577,3.7433345,3.5228255,3.4982543,3.014563,1.472173,1.4405832,2.7567127,2.9870167,1.7885648,2.8667173,0.80350477,0.5577288,1.6370041,3.4169674,4.1356735,3.2611985,1.8445685,2.5760942,1.3982608,4.2713933,2.4106472,3.4984727,2.7132123,1.6170063,4.004253,2.5561619,1.7503959,1.3973194,1.7092549,1.4637477,1.8821188,3.9171169,1.8862225,1.8805668,2.3413286,4.575623,3.47676,1.7605466
1.6649853,3.0400765,3.2607865,4.491695,3.9141521,3.7866569,2.1068387,2.3106189,2.521291,2.8061275,2.1666763,2.0737007,2.3570886,2.0676913,4.727248,1.2752916,3.6647565,3.1478908,3.9011235,1.4049768,2.3481271,2.7445676,3.0439396,2.0463212,3.620197,2.1369526,3.2374055,2.039289,1.8143076,2.6362257,2.332422,2.8277411,1.6865729,2.9132316,1.5859025,2.8740234,2.9264538,1.9678196,3.8099134,2.4748724,1.879692,1.6860676,2.1281059,1.880956,2.1454177,3.7494857,3.1378427,2.313667,2.0021372,2.6722212,2.1374273,3.1719158,2.6441503,3.0286365,2.1213837,4.404873,2.5369015,2.2374375,4.3283377,3.6508749,1.3105018,2.925834,2.1388931,1.901854,3.305459,2.0408163,3.279901,2.671896,2.6884208,2.3857582,5.590476,2.7489862,2.2704365,2.144996,2.8896265,1.6074023,1.5812963,2.5152564,1.8714767,1.8610208,3.5033956,2.0741189,2.063565,4.5644393,1.8433832,3.0440922,1.7808167,3.4772358,2.437285,1.7713798,1.3798484,2.5319667,2.6019037,1.7305439,2.2046604,2.60798,1.7390194,3.3797517,1.2877449,1.7909982,2.3163226,1.8001138,2.882738,1.5045757,1.9102281,1.871509,2.1710067,1.8211932,3.4042947,2.882738,2.5722616,8.659122,4.167443,1.9759015,1.6350121,1.6213316,1.5498825,1.7982005,2.2852385,2.297123,1.9507133,1.4015155,3.3799322,1.8990232,1.645754,1.7345616,2.8398287,1.826667,2.6586006,2.6167753,4.158903,2.145267,2.4233117,2.0239217,2.0889359,1.6969738,2.2766564,2.404473,3.676369,2.2968302,3.1583204,1.719969,1.4628361,2.4582481,1.8059183,2.3794644,2.0780642,2.4852967,2.3170702,2.0849333,1.8737472,4.4871035,2.1238735,1.8519788,2.5519483,1.9046686,1.9556286,3.7049387,4.669166,3.5428295,3.8698611,2.5874507,1.9588,2.5889993,2.4294546,2.7974284,2.5052702,1.5613146,4.945976,3.5042763,1.8041905,0.9891484,1.9438184,1.9664764,2.7470279,3.274886,1.8525825,2.4612975,2.2920368,2.060423,2.4599469,2.9660983,2.3950183,3.118394,3.286702,1.4847499,1.814918,3.3441732,1.9045014,2.499375,2.6904182,1.0916059,1.9275627,1.446393,3.4706159,2.2560105,2.431803,2.6033196,3.9539392,4.5414257,2.576235,2.4842715,2.5686052,2.7748477,2.6105886,4.3845277,2.8366368,2.241754,2.1683161,3.06307,1.8163005,3.551697,2.1359398,2.149676,1.9784226,2.2911906,2.187742,2.5936022,2.9754946,2.4400837,1.5537393,2.2707586,2.5950599,2.4346988,2.145014,3.1802406,3.0623505,4.2558675,2.5188758,2.2624629,2.3401532,2.4533317,2.033649,3.8055482,3.241127,3.300277,2.9121327,3.4925804,1.680814,3.6030335,5.416154,2.155998,4.3609157,2.7180133,2.4814255,2.1253107,2.777746,2.9258103,2.6783054,1.7509786,1.5124323,2.089413,3.0058804,2.8243468,2.601431,3.925328,3.0530386,3.6001637,2.0910673,2.7969282,2.758795,4.82255,2.0937848,3.4348533,2.913035,2.7276511,1.616273,2.2970672,2.2191503,2.3515122,2.1482515,3.674687,4.070309,3.0230618,2.580783,2.8224897,2.336233,2.1502135,3.8309336,1.8219078,1.9980088,1.7668134,2.274991,2.0689483,1.6389312,2.744384,2.3142385,2.2252364,4.6780715,2.2389302,2.8139067,2.0277333
0.8014947,2.8819897,1.7416717,3.5387828,3.076832,2.9937394,0.8087749,0.5624846,1.9859418,0.72667474,0.75151336,0.5621257,1.67377,0.53116244,4.058562,1.2069992,2.457026,2.5758452,3.4317918,1.8323779,0.725496,2.338025,2.2856014,2.7011876,5.0789948,1.2645061,5.145092,1.5508791,0.6118961,1.8987948,0.82789177,2.7755153,0.6604929,2.5586789,0.715728,1.1846945,2.2657177,1.0748994,3.2264884,1.8641722,0.88040286,2.3701038,0.678258,0.7704091,2.5730617,3.4458153,2.598852,0.80405104,1.5979718,2.0664327,0.674076,2.6454651,1.8465897,1.343756,1.5112104,3.4497323,1.0022562,1.3702841,3.5996594,3.1737368,1.2445216,2.4821203,1.0572923,1.9644461,1.7427893,3.0123894,3.1898181,2.616171,1.9754137,0.90970886,4.9115615,2.1292167,0.9784642,0.64115226,2.5216048,0.7184982,1.1536455,1.7645173,0.55090654,0.5546602,3.100406,1.5077544,0.51563346,3.6161575,1.1153841,3.828009,0.60297436,3.0983653,1.7406721,0.8118723,1.610723,2.6122684,2.7150571,0.6381667,0.7939163,2.2338955,1.5894078,2.2804885,2.5425804,3.1851087,1.7111256,2.078489,2.5694401,0.86685485,0.8486611,0.76252186,1.0275615,0.8318119,4.1714945,2.5694401,1.6879756,10.592036,2.891198,1.9851323,0.87695366,0.92206484,1.3855761,1.8809111,1.9488398,2.5038507,1.7824559,1.5593922,2.7075605,0.54526836,0.7104152,1.7479529,3.0762198,3.370353,1.948834,0.51764596,3.6248748,1.0091337,1.0033727,1.1092119,0.58587795,0.66788155,0.7052398,0.9445314,2.2899272,1.7440599,2.9062672,0.69289905,2.5315394,0.90044457,1.6993318,2.2690575,0.9091222,0.93707836,1.165178,1.3581629,0.58956945,3.5845995,1.0950243,0.8774006,2.4670415,0.9795173,0.8549693,2.7333732,4.258303,2.713113,3.5678382,2.757534,0.39246544,2.803323,2.3044193,1.4555074,3.2858086,1.4509667,4.053369,2.519046,0.5903187,2.0445719,0.52262735,0.58310616,0.6673434,2.845271,0.5951893,1.8981419,2.3953993,0.5251928,0.9705922,2.4077132,1.0227251,2.2983963,2.0418124,1.0336828,0.58171475,3.1949859,1.718947,1.9032083,0.78748757,2.5979156,0.57959193,1.4418691,4.462432,1.8726943,0.8456585,2.5675528,3.5180287,4.1042895,1.2127383,0.5902655,2.4887755,1.3859562,1.7510921,3.892529,2.6784415,1.9998263,2.221064,2.5259652,1.3780969,2.5701606,1.2553446,1.3831031,1.388179,1.8414277,1.8688211,1.7749115,2.7665622,0.7952389,1.1938375,0.38589185,0.41843238,3.866715,2.563589,3.11286,2.320473,3.594597,2.3072262,1.3304205,0.47948477,3.2475169,0.89980656,2.2743917,2.8890278,5.1902494,2.4266741,2.454065,2.9941397,1.987349,4.547334,1.0325016,3.997376,2.3806443,3.3769991,2.2478046,2.0120018,2.6074405,3.0855258,0.9393237,0.96789,1.4550066,2.1533945,3.502798,3.4149113,3.4479988,2.777927,3.2362802,0.5732191,2.040557,2.3484728,3.9351344,1.4982903,2.593388,1.331595,0.73518544,0.6366564,2.6308234,3.5659199,2.8596725,0.98373777,2.7634997,2.5845156,3.787164,2.2312276,3.0414062,2.4987774,1.6057613,3.1709616,2.165071,1.5570303,0.84055966,0.8044654,1.3042976,0.7765339,3.6594217,1.0568217,1.9774576,3.3994563,3.8932438,2.8593936,1.4895599
1.3932617,3.3563643,2.023109,2.885582,3.2298324,3.3029246,1.6027243,1.4925575,2.584668,1.5681392,1.5496433,1.4045821,1.6788406,1.3824527,3.833444,0.86816937,2.2500067,2.9395456,3.6886103,1.8352305,1.8243787,3.0925524,1.5772408,2.4878912,5.316293,0.97921133,4.4841237,2.0845244,1.1428504,2.9007235,1.7288954,3.5003629,1.4478246,2.1474702,1.3035789,1.8044598,3.0108008,1.8996904,4.1479774,1.1578451,0.960248,1.1190387,1.5390271,1.2765443,2.349473,4.102979,3.2559326,1.8934017,0.7467354,2.701475,1.48703,1.7636962,0.97579515,1.4118471,1.1266235,3.3511827,1.7702531,2.3478827,3.9637167,3.489218,0.9198014,1.525376,1.1060083,0.6887859,2.7598622,2.8669727,3.0955937,2.687638,2.88666,1.7644764,4.4020534,1.2245378,1.8049264,1.2967461,3.4403067,1.4302433,0.7143842,2.5859678,1.3627918,1.382719,3.7233996,2.1818187,1.3372655,3.4916353,0.6873624,3.3485272,1.438453,2.6254876,1.8160172,0.8189086,1.6679821,2.5445929,2.662318,1.4431355,1.6116014,3.1585836,2.4538927,2.1226447,1.6038178,2.6594548,2.2740228,2.1225436,3.097658,1.5495446,1.2174333,1.0264517,1.815162,0.9319339,3.8024201,3.097658,2.306228,9.7002125,3.2945857,1.767272,1.1197128,0.9172615,0.65813756,1.1558348,2.2360806,1.6094711,0.38995892,0.5380525,1.9400535,1.3406297,1.3331637,0.80682707,3.5657015,3.1648228,2.7862196,1.479414,3.9634874,1.8249594,1.7886518,0.8160251,1.4105657,1.4382468,1.567691,1.7931368,3.176026,2.5862277,3.3821084,1.4216688,2.1926842,1.7533957,0.785018,2.748371,2.0805323,1.7419442,1.3287184,1.6223285,1.3651799,2.9323807,0.8832605,0.7485139,2.5246768,1.9919406,0.86985934,3.4115863,4.6761765,3.2036998,4.0728793,2.8091733,1.1682999,2.5390282,2.0280032,2.2910657,2.2532272,1.5503485,3.7702713,3.0390441,1.4087491,1.6494312,1.1756529,1.4034883,1.7392479,3.5376856,1.3265656,2.4538603,2.6218557,1.375044,1.7643473,2.914209,1.8022058,1.560359,2.11436,0.6663057,1.4115249,2.8195665,1.2080582,0.9731785,1.338457,1.7277611,1.1335794,0.6273049,3.582943,2.759972,1.7288657,2.3524058,3.8790598,4.4661064,1.9939271,1.3142669,2.167772,1.9721124,1.581269,3.8297,3.2246108,0.8220823,1.2172184,3.3053994,0.47975084,3.7519014,0.95725846,0.97982144,0.49621147,2.0078628,2.74944,1.0071968,2.70075,1.7113243,0.48585725,1.231701,1.6839235,3.748172,2.1561236,3.3096285,2.8125987,3.9570484,2.4538295,2.0600963,1.5327907,2.3695483,1.1680732,1.9776622,3.598568,4.55643,3.346438,3.6269286,2.2604206,2.8853984,4.121693,1.8429409,4.3282695,1.3353763,3.5522897,1.0174248,2.767355,3.3227282,2.6856813,1.216542,0.9511827,1.3872789,1.3863857,3.0707254,2.5482938,3.6602094,3.3094387,3.014877,1.4478985,1.2291712,2.7516067,3.3302042,1.0717044,3.1284785,1.628817,1.4445621,1.1493913,3.063242,3.1915572,2.2192335,1.7576206,2.976211,2.232136,3.3164132,2.10461,3.1786268,2.2467127,0.89055353,4.2837787,1.3867031,0.7986496,0.77894914,1.7283384,0.71623313,1.5638262,2.6427913,1.8323385,1.2792091,2.994464,3.5225716,2.9815674,0.94368845
3.0499985,3.3219016,4.116364,4.5217,4.6532507,4.470871,3.214894,3.379367,3.2760732,3.8839378,3.2880366,3.2309604,4.119679,3.2617378,5.090297,2.9721274,4.212408,4.2988195,4.6209908,3.7173188,3.48433,3.62966,3.5422413,4.1742864,5.461364,2.6586947,4.29676,4.272459,3.0724134,4.7059593,3.2914975,3.9248154,3.329698,4.0631223,3.191987,4.3327,3.7065585,3.1496878,6.2139688,2.7803571,2.804602,2.5312726,3.2936957,2.9803698,4.0642123,4.383994,3.740184,3.492394,2.4140387,3.4300947,3.2741866,3.3964949,3.1021006,3.852181,2.3324246,4.8698516,3.3034527,3.5655446,5.0108285,4.9011216,2.476266,2.7589393,3.6557944,2.8373504,5.228784,4.3319163,3.353205,2.5260003,3.7602174,3.2731516,5.7414455,3.1662376,3.1921458,3.775533,4.8801045,3.2648275,2.5680244,3.4612837,3.337444,3.365137,4.0122657,3.0418816,3.3065884,5.010705,2.5846734,1.6576049,3.3542166,4.290411,4.22586,3.0195508,3.6287746,2.256196,2.2920783,3.3332512,3.3057709,4.7443123,3.7947302,4.277716,2.782231,3.8241363,3.052104,2.2668104,3.440263,3.3188643,2.8633738,2.9209313,3.1212661,3.2205825,2.171577,3.440263,3.1409829,8.236511,5.0834656,2.0414755,3.3331835,2.7259173,2.3700643,1.8123872,2.7018337,1.8904521,2.632195,2.3240495,3.4710493,3.3156202,3.173258,2.0986757,4.801055,4.0987887,3.7377493,3.7817895,4.932589,3.145646,3.2280128,2.7567995,3.2717984,3.3842998,3.3399346,4.2412157,4.726258,3.5111327,4.688919,3.157018,3.7080607,3.344391,2.1060407,4.5961375,3.694207,3.3082643,3.944151,2.6755815,3.226458,4.5325885,2.7663486,2.9700994,2.439547,3.4524403,3.2117796,4.949116,5.2568555,4.2427993,5.126364,4.213992,3.3344634,4.2662916,4.025432,4.192405,0.7572505,3.6936498,5.2507377,4.7102494,3.3489084,3.19121,3.1799922,3.2052898,3.8906431,5.1914988,3.2621784,3.0322864,3.9214165,3.2745156,3.2632353,3.31483,3.2045574,3.547717,4.2165794,2.8182445,3.3401225,2.9302042,1.9996244,3.2283325,3.6888082,1.5883067,3.1091044,2.3673902,1.0235003,4.5027194,3.3294468,4.0931573,5.0307555,5.234886,4.4808726,3.526033,4.0696664,4.0101843,4.0633035,4.894375,4.77823,3.0676172,3.3701096,3.8996274,2.426872,5.7289124,2.6799557,2.5146239,2.5372388,4.266341,3.6894243,3.3129175,4.022822,3.3693678,2.7901208,3.4962,3.858668,2.7168143,1.6240766,4.229635,4.7783146,4.8568425,2.6080945,3.2585418,3.4758606,0.55593574,3.6858046,4.2294836,5.249755,4.4500713,4.796676,5.693219,3.443336,4.768034,5.6621065,3.1439676,5.2661543,3.5817397,4.5462527,3.0543962,3.576515,4.798667,1.6254177,3.5507092,3.2292461,2.464099,3.3954606,1.5864527,0.5760673,4.7264705,3.5793552,4.5152373,3.3035645,3.487764,4.9942856,4.80225,2.3357108,4.2711415,4.220239,3.8389013,3.0922408,4.5804815,4.26474,1.1232864,3.2175407,4.5890665,4.323601,1.6504538,3.1263828,4.262426,4.0354238,2.6204727,6.1514587,1.5252687,2.299391,2.9483774,3.286446,2.5922842,3.4191263,0.51736933,3.1589024,3.5617158,4.5881004,4.209827,2.6745796,2.3194087
2.1751902,4.283671,2.4914837,4.0058846,3.6786652,3.8121855,2.336406,2.148537,3.35999,1.8336353,2.251247,2.139853,1.3385504,2.0858054,4.537014,1.8958471,3.0326982,3.1996443,4.178575,1.64297,2.2691658,3.6119735,2.8757367,2.295488,5.1452413,2.6618202,5.2205544,0.9441871,2.057263,1.9347775,2.4316704,3.8437426,1.837288,2.677553,1.8940729,1.3332539,3.5671651,2.5362365,2.1093175,2.9384227,2.3328886,2.8308012,2.2007103,2.2840338,2.3589027,4.5850396,3.9079978,2.3046901,2.7862895,3.4085248,2.1984098,3.2803342,2.6687424,2.0288672,2.9691622,3.9726107,2.5936558,2.6324813,4.333937,3.500251,2.4492707,3.4598358,1.3149745,2.4237833,0.7976755,2.5486417,4.323725,4.0975246,3.223452,2.5153,5.178526,2.8462822,2.5700684,1.1697371,2.7139575,1.8832356,2.3905184,3.1372783,1.8683808,1.8351072,4.357223,2.9563541,2.0039961,4.0964065,2.4503803,5.21609,1.8440897,3.3154461,1.3580303,1.9930252,1.5512456,4.0875263,4.18747,1.8528479,2.296033,2.293013,2.214811,2.6059299,2.8002944,2.9073586,3.1717906,3.473794,3.8951247,1.8614025,2.3905625,2.2232068,2.6010935,1.8130853,5.5603113,3.8951247,3.2238235,10.98565,3.345945,3.4445612,1.6297735,2.2819245,2.5663755,3.2111819,3.4339232,3.688008,2.5466094,2.5432594,3.44584,1.9014481,1.9698306,2.924098,3.1490707,3.1439908,3.1626356,1.7483168,4.319463,2.5685241,2.6119897,2.444282,2.1140425,1.7577404,2.2510424,0.6909697,3.128694,2.98716,3.2518094,2.0719516,2.2947104,2.4830923,2.923168,1.9196911,2.0431395,2.5319269,1.103269,2.9112008,2.0233452,4.0444903,2.4948657,2.0799658,3.9631932,2.2118134,1.8834922,3.24768,5.0906935,3.7191381,4.0357265,2.92118,1.7754332,2.6130667,2.215298,2.185778,4.4870124,1.3433576,4.4595027,3.0018957,1.8456995,2.2032633,2.0019999,2.1156816,1.9154807,2.7681303,1.9467912,3.3932338,2.8252306,2.0625272,2.577792,3.8485372,2.6306045,2.9037263,2.542486,2.0663235,1.8648964,4.41958,3.140569,2.476585,1.912504,3.5093176,2.0648692,2.5359879,5.7567,1.8184354,2.4503038,2.6163082,4.0019155,4.8246293,0.4382115,1.9616747,2.4333713,2.1506672,1.6650014,4.463647,2.6829472,2.4537766,2.2956407,3.7577403,2.5660377,2.0647566,2.6363416,2.791744,2.571056,1.3995808,2.9127915,2.4218388,3.2655146,2.3943863,2.1131656,1.7761282,1.7463118,4.9115705,3.9772615,3.7526362,2.2641172,4.424099,3.7897384,2.7601752,2.0558028,4.5338435,1.1811692,2.790983,2.732732,5.20973,2.722524,1.7521601,2.8978868,2.6550803,4.794908,2.5910943,4.548814,2.4779792,3.3509736,2.5108397,3.3632467,2.785412,4.544595,1.368512,1.615696,2.971298,2.8545697,4.9175563,4.7102485,4.0799255,4.07592,3.5097961,2.0962284,2.5208216,1.2861696,4.403768,2.9361048,3.54015,1.5064934,1.757266,1.9293878,2.4175482,3.237756,4.2607346,2.480957,3.2898448,3.1441455,5.181408,3.2979991,3.4065268,2.4048524,2.7529874,2.497887,3.473899,2.8534112,2.0627637,2.4005568,2.6044276,1.7798839,4.863743,2.6550398,2.0659325,4.087032,3.7015932,4.3133764,2.8773718
1.2101092,2.8600135,1.7223859,3.4028904,3.1843324,3.0694435,0.9646578,0.59111893,2.0426753,0.60259706,0.9241158,0.77485275,2.2363827,0.7969854,4.110686,1.7415744,2.410677,2.8598864,3.5873213,2.51885,0.76316476,2.4322526,2.3475533,3.3682103,5.687629,1.2108862,5.7029257,2.2593164,0.98014665,2.482796,0.72377115,2.9975393,1.2614318,2.9206314,1.2875417,1.5196459,2.2948785,1.24152,3.8194788,1.8640891,1.0070076,2.6823077,0.8856168,0.98584604,3.193499,3.5145097,2.5987964,0.9053292,1.6499984,2.1140614,0.8641179,2.679591,1.8583823,1.1403252,1.3795775,3.452073,0.7276787,1.6051509,3.6833065,3.5054314,1.5599818,2.4017746,1.4897385,2.2495809,2.1985254,3.7087185,3.2410781,2.5443308,2.0845094,0.74619067,4.915914,2.1866794,0.9044211,1.2515497,3.0489364,1.3066719,1.3967705,1.8237399,1.0843753,1.113922,3.1075158,1.6064519,0.8545775,3.6168838,1.1783774,3.7941594,1.1838828,3.3536475,2.3079371,1.1914352,2.2961748,2.5522346,2.6557956,1.2242603,0.93542993,2.8265653,2.145887,2.4152977,3.02185,3.8139718,1.7397175,2.1945238,2.6102893,1.4874586,0.95253235,0.96675515,1.0113071,1.306826,4.14291,2.6102893,1.5622425,10.981305,2.9485416,1.9773769,1.4944886,1.1895117,1.5907623,1.8893967,1.9389807,2.518115,1.9731209,1.8200219,2.6599636,1.0443567,1.2368377,1.854323,3.6575701,4.0453134,2.0911436,0.5583874,3.7786481,1.0297699,0.79608136,1.16409,0.83779246,1.3013608,0.7761179,1.5479084,2.318648,1.9497815,3.3374925,1.145692,3.187601,0.7322498,1.7575871,2.94742,1.3298247,0.70459896,1.6808903,1.3160526,1.016135,3.472897,1.0484141,1.1706038,2.3910418,1.360791,1.2360538,2.9571915,4.3606176,2.756341,3.8926668,3.2828245,0.9160585,3.3607213,2.8245692,1.754641,3.2604878,2.1295877,4.033204,2.7532039,1.1616082,2.6593645,0.8786886,0.89139396,0.6274799,3.3750632,1.0779979,1.8566455,2.9015973,0.81868017,0.7329734,2.3217506,0.8378389,2.3161426,2.1510756,1.4413459,1.1404159,3.1267467,1.6689737,2.073034,0.7001671,2.890546,0.88148606,1.6974137,4.3851213,2.5326967,0.6453938,3.0581038,3.787444,4.2456627,1.8005153,0.57542366,2.982584,1.6242787,2.1752913,4.014802,3.2488458,2.2483532,2.6137457,2.5916588,1.453697,3.0832493,1.2146583,1.2804044,1.4363832,2.4769292,2.1964886,1.8953915,3.0959766,0.60656595,1.5621138,0.70224905,0.55941355,4.1452966,2.552856,3.4324245,2.8037271,3.6611803,2.2495253,1.4299561,0.56718194,3.2041893,1.4511445,1.9981962,3.449725,5.7634225,2.9171166,2.9605868,3.5672514,2.0397594,4.523485,1.0466974,4.2238164,2.6268654,4.0186934,2.5512133,2.0254362,3.128344,2.993242,1.5936611,1.5553436,1.3717055,2.1393282,3.457541,3.3658187,3.6361773,2.8195288,3.5165071,0.84832877,2.1661847,3.0213408,3.8148677,1.3881054,2.6847901,1.5836711,0.7393428,1.1480972,3.3123426,4.2283626,2.7832239,1.1093792,2.919531,2.2689505,3.749329,2.3636649,3.506697,3.0586538,1.6633584,3.7180197,2.1768003,1.5369473,1.174595,0.7622954,1.287488,1.4152908,3.6261652,0.9369617,2.4050393,3.0903056,4.5458,2.8124914,1.4225652
2.3435676,3.895386,1.8638097,2.599137,2.0992703,2.486969,2.5141382,2.5240624,3.0771627,2.4554238,2.3886905,2.4649248,1.2034246,2.3948677,2.5166547,1.9161217,1.7921755,1.9529705,2.6831217,2.1275866,2.8303213,3.569474,1.4226335,1.6633265,4.9642115,2.259277,3.947484,2.2896864,2.2551255,2.610264,2.854865,3.7194605,2.2448404,0.29259536,2.1710453,1.8308955,3.3731453,2.9866798,4.013287,1.8082881,2.3015134,2.3456674,2.433828,2.3792129,1.1703267,4.0818095,3.5577838,2.8202314,2.0522287,3.0970178,2.392284,1.6226659,1.7535107,2.7351506,2.5934422,2.2593448,2.8373039,2.9990335,2.995114,2.0679607,2.2098756,2.102632,2.2980013,2.0486739,2.743518,2.2735336,2.7544844,3.3660421,3.3900309,2.8911092,3.1829875,1.561582,2.9398363,2.0430796,2.9865654,2.259973,2.112952,3.235942,2.1643236,2.1559799,3.88464,3.120246,2.2592466,2.3565981,2.3928149,4.08759,2.219695,0.97201407,1.1688839,1.9289436,2.0687156,3.2953014,3.385501,2.231627,2.4375856,2.8377016,3.0554798,1.2678784,2.155417,2.5548317,2.9965405,2.9871073,3.426056,2.2912838,2.4719005,2.2672698,2.9704876,1.7345762,4.386134,3.426056,3.16068,9.177532,2.315398,2.8138866,1.7716687,2.2640748,2.1288297,2.6286876,3.0048559,2.375534,1.9204181,2.188909,1.8534583,2.1684413,2.198989,2.2022905,2.5973387,2.9326313,3.104018,2.4170353,2.914928,2.9583006,2.917402,2.1209521,2.3565094,2.1652167,2.4821923,2.3520021,2.8881109,3.1424499,2.2604365,2.372386,2.1454287,2.7672842,2.3099856,1.9439963,2.9224539,2.810408,1.7044649,2.702929,2.2829306,2.5267215,2.2840688,1.9359908,3.2866101,2.9376092,1.7382551,2.5167537,3.8362825,2.7698178,2.954589,1.3957503,2.168851,0.85257125,0.47153208,2.0353272,3.433578,2.0253055,2.6308784,2.0348349,2.185413,1.9864686,2.246233,2.4228554,2.4857955,2.4519444,2.1660802,3.269358,1.6947267,2.358467,2.886298,3.4320238,2.9349222,1.5904065,1.4461416,1.9723583,2.2061102,2.7987998,2.691386,1.3999549,2.2809777,2.723651,2.2636974,2.0740845,4.6693406,2.6548746,2.8491707,0.562246,2.6147037,3.4408016,2.3035896,2.3103333,0.34722316,1.7338035,1.0066824,2.4900115,2.1681778,1.5525974,1.4775414,3.6027246,2.3537858,3.540224,2.2211318,2.3947117,2.1654832,1.2932167,3.2387455,1.4724882,1.3296784,2.8086452,1.8678888,2.2217119,2.5705767,4.129748,3.1228976,2.2490032,1.556777,3.111331,3.146165,2.7259889,2.5312972,3.6219497,2.1412485,2.766544,2.5627677,3.984055,2.8714058,3.7222376,2.1663513,2.5766747,2.9972167,2.9668474,3.0889204,1.6854359,2.6429703,1.9624118,3.232516,2.4953191,3.608224,1.768094,1.9636084,2.588828,1.7046984,3.8946476,3.7169285,2.4779158,3.5653872,1.2807913,2.3710864,1.4222907,2.077395,2.7720037,2.5380914,2.6431758,1.7175968,2.285021,2.2571843,2.3271353,2.5312085,3.4174182,2.5902245,1.8274748,2.9080396,4.069332,1.857494,1.9305656,0.7430855,1.8671064,4.1191216,2.780006,2.3279002,1.984196,2.85442,2.226001,2.2460072,3.82715,2.9683466,0.9777755,3.0738482,3.040549,3.5707731,2.4551866
3.5618274,4.0876637,2.4072726,3.0558138,1.0128477,1.5705369,3.508812,3.5873055,3.4878316,3.5609186,3.3859904,3.601039,2.9947498,3.5421753,1.1791109,3.6564724,2.234144,1.6036156,1.5250145,3.937312,3.804097,3.9106266,2.619772,3.3759165,5.6831403,3.4395542,5.0887227,3.9059107,3.5499752,3.369386,3.8354933,3.9639347,3.5454295,1.9188658,3.528113,3.0245001,3.5616152,4.0208864,5.132884,2.9420643,3.5904071,4.2754254,3.4710977,3.554121,2.8240368,3.7451842,3.5947614,3.7557507,3.4051244,3.4004653,3.44104,2.7199078,3.145238,4.13241,3.7509315,1.3360025,3.7041361,3.762817,1.6201278,1.164729,3.66216,3.1487,4.045412,3.968343,3.8399923,3.898409,2.4321654,3.7590797,3.8231785,3.8348315,2.4918015,2.9265063,3.896698,3.575081,3.3921351,3.5792735,3.5637941,3.777777,3.411949,3.4116054,3.7006626,3.9591627,3.4287038,1.3724455,3.8164,4.6059647,3.4841084,1.5563959,2.894395,3.3853235,3.8549669,3.7991276,3.8455265,3.5099785,3.396208,3.5443385,4.2228556,2.043045,4.092457,4.412149,3.611471,3.8327446,3.566552,3.6318789,3.6601076,3.549983,3.9538968,3.2336035,4.69706,3.566552,3.7453783,9.574155,1.5138258,3.7233264,3.3410923,3.6450853,3.6117048,3.907267,3.61746,3.4043033,3.6603076,3.849488,2.676173,3.404322,3.4969893,3.616847,2.9245424,4.5028744,3.4515147,3.5862885,1.5939133,3.947618,3.8261888,3.4139907,3.4690545,3.4917421,3.4703782,3.8455958,2.6159434,3.7681115,2.0181007,3.6015427,4.0091615,3.6580179,3.7089684,3.054509,4.0057635,3.706385,3.4003391,3.6254916,3.4867957,2.9104369,3.5379128,3.3755224,3.7722678,4.0506124,3.2054079,1.8885652,2.5273988,2.2271278,2.0670497,2.0111008,3.5087445,2.359841,2.3796003,2.540248,4.5938754,3.8268976,1.7761494,1.5714338,3.4483535,3.830599,3.5118766,3.5825913,3.4514198,2.5624647,3.4043944,3.8445706,2.2844012,3.5103662,3.7957811,3.6265085,3.8457377,2.7808464,2.0131047,3.5694323,3.4588933,2.7596042,3.893992,3.036429,3.4564724,4.2337275,3.5331907,3.624888,5.5640273,3.7019553,3.8022826,1.9670352,1.4113164,2.0112717,3.7808402,3.4651275,2.2120457,2.4123921,2.7525299,0.8193542,2.5510724,3.4004283,3.521203,3.7188613,3.8745868,4.238061,3.4120803,3.5877216,3.6222908,2.9521036,3.949965,2.9852188,1.3283994,3.7684135,3.53845,3.4869359,3.6668477,4.7737665,3.953142,1.7530197,1.9906173,1.8611531,3.6119044,3.4342053,3.6040134,4.724726,3.8427346,3.8781352,2.7882385,5.133914,3.1856513,4.7088127,4.0788283,2.5562215,2.4263585,3.9428554,1.642573,3.578052,3.398099,3.9412544,3.546753,2.7220042,4.2380433,3.4173787,3.6714382,3.596556,2.9345396,4.4758067,4.7447925,1.1859218,3.5986047,0.8828917,3.4758599,2.9621232,3.5169947,2.842538,3.7182915,2.1706152,3.0266416,3.4604938,3.6558294,3.3228962,4.0938697,4.3685975,3.4886327,1.1193314,3.865766,4.5928335,2.2429233,1.9821829,2.423236,3.14211,4.918712,4.0266137,3.6505558,3.4316127,3.8571844,3.5582337,3.5564625,4.960978,3.891658,3.0045655,3.341199,4.4984856,3.8597956,3.70319
3.2846532,3.4095216,2.4126658,3.7382414,1.0147426,1.015375,3.1659343,3.3056197,2.887455,3.4070601,3.0705729,3.3237598,3.1619763,3.274908,1.9979147,3.6542728,2.6204739,1.0683231,0.8453307,3.9215853,3.408279,3.1798046,3.0818725,3.554034,5.2713265,3.3777997,5.337619,3.784301,3.350337,2.8368778,3.4720285,3.1676888,3.2783644,2.4758875,3.3039875,2.9913588,2.828842,3.596607,4.785995,3.1227205,3.452232,4.5479355,3.1534069,3.3104954,3.0422046,2.8323858,2.8353972,3.3302615,3.4871228,2.7599754,3.1437624,3.2658038,3.4350777,4.182801,3.6676157,1.9010048,3.3551457,3.1924865,0.8241414,0.67442244,3.568153,3.5033073,4.073289,4.2372375,3.6146448,3.9928715,2.1809716,3.343715,3.1098022,3.4661767,3.4773984,3.3166418,3.5062964,3.4914918,2.6907966,3.3166795,3.5147748,3.1526928,3.1661227,3.1635256,2.869357,3.4656112,3.1858213,2.0102787,3.7645988,4.436274,3.215971,2.3654623,3.051479,3.3158953,3.8183959,3.459138,3.4866693,3.240957,3.0605597,2.9635932,3.7568932,2.457431,4.331251,4.6152706,3.10083,3.4837775,2.8774688,3.3550196,3.437708,3.3879292,3.5578096,3.1829848,4.453302,2.8774688,3.240378,9.937055,1.363526,3.510881,3.2581239,3.511691,3.6135025,3.885864,3.1830094,3.5577862,3.8947468,3.9151917,3.1869886,3.1627955,3.2537484,3.6848156,2.4371855,4.5160875,2.7468684,3.4123852,0.7340653,3.545501,3.4564316,3.3698509,3.1955369,3.2416742,3.156278,3.7109191,1.8595771,3.1401095,1.3824724,3.315975,4.1236105,3.2981522,3.7600229,2.8510227,3.5529087,3.3576384,3.4751418,3.324412,3.222437,3.6247487,3.4727879,3.3299015,3.3820322,3.6145542,3.1801748,1.0139172,1.6454145,1.4976135,1.1333096,2.0021536,3.3309968,2.7257333,2.7170005,2.1081915,4.735278,3.8063526,2.578928,1.0320381,3.1900554,3.8898842,3.310851,3.3004785,3.1879258,2.0056849,3.1635025,3.3072484,2.008955,3.247086,3.4380312,3.0049224,3.4689336,3.23635,2.216308,3.5424206,3.1963272,2.7631485,3.8115132,3.3927867,3.369645,4.2940283,3.3411868,3.650163,5.6238947,3.2620258,3.4506052,2.3106341,0.51277333,1.1641836,3.670452,3.3073604,2.6196496,2.1938438,3.025952,1.2722702,2.1136272,3.7615356,3.9166784,2.9168124,3.9068484,3.6708603,3.3586807,3.5383317,3.6850495,3.0337496,3.3079183,3.2961082,1.4780631,3.4229753,3.5845304,3.3270326,3.397849,4.396299,3.7828562,1.2673587,1.7962192,1.0693526,3.194942,2.9529393,3.3155196,4.7662644,3.8277903,4.147955,2.2519948,5.3805604,2.4554741,4.239224,4.3628116,2.0156744,3.3384423,3.5357087,0.82076824,4.057131,3.1700408,4.301108,2.8749394,2.0868373,4.0472674,3.3659503,3.6372313,3.408745,3.325775,4.281737,4.788375,0.62644625,2.868771,1.6775465,3.1898813,3.3735712,3.5127776,3.6029863,3.6490827,1.4182268,3.120215,3.3549893,3.4623525,3.0443141,4.2845435,4.29762,3.0968535,1.0981555,4.1820602,4.418032,2.1476228,1.7349172,2.715468,3.241961,4.3641768,4.0189514,3.6754541,3.363482,3.4886818,3.565518,3.2742596,5.093799,3.4985936,3.3638682,3.7904928,4.6149163,3.3829434,3.666991
2.3039775,4.4654074,2.394378,3.6333427,3.509055,3.7419705,2.5029714,2.323766,3.528583,1.9746037,2.396913,2.3024347,0.93699175,2.2387078,4.224206,1.8063767,2.7713804,3.1246338,4.0899587,1.5475407,2.530977,3.8563218,2.527097,1.9589685,5.2073674,2.6323674,4.9172626,1.0848919,2.1539516,2.1995354,2.657495,4.077271,1.9905086,2.2447934,2.0023012,1.303248,3.7784328,2.7885487,2.4960635,2.740676,2.3750343,2.5474803,2.3639576,2.393692,1.999682,4.7694755,4.098372,2.567981,2.6506624,3.5782802,2.346187,2.9084485,2.4075758,2.046043,2.9619575,3.7094657,2.7830682,2.9100435,4.275003,3.362374,2.4315596,3.191196,1.30209,2.1315472,1.2433192,2.3029988,4.2242527,4.164494,3.5005634,2.7357218,4.750648,2.5247886,2.7981508,1.2507492,2.9397519,2.0288663,2.3475795,3.3838167,1.9953083,1.9656724,4.5392394,3.1812763,2.131732,3.8171566,2.4454992,5.1698647,1.9939672,2.883247,0.968452,1.9703597,1.4858873,4.12659,4.230928,2.0031452,2.451441,2.5421822,2.531884,2.2900054,2.5020735,2.614167,3.3405333,3.547772,4.05216,2.0179198,2.492964,2.284115,2.8312585,1.7602316,5.5310493,4.05216,3.4151993,10.6375885,3.2410493,3.4593306,1.6044586,2.3166099,2.483234,3.1497514,3.5442936,3.5002944,2.2966151,2.4208117,3.1149206,2.023208,2.0842702,2.7945733,3.1528313,2.98862,3.3860292,1.9079415,4.2514396,2.8039217,2.8214357,2.4051256,2.257982,1.8974032,2.4147186,1.0069919,3.280287,3.2395542,3.21466,2.225849,2.050123,2.6812568,2.814847,1.8768557,2.386265,2.726423,0.9025075,3.0112236,2.1604347,3.6619048,2.4847972,2.0400372,4.0315065,2.5163698,1.8155382,3.278304,5.0925922,3.7511969,4.0237527,2.7000632,1.8824381,2.201545,1.7959039,2.2784953,4.3268642,1.2754867,4.121864,2.9501884,1.9843647,2.0179856,2.1067374,2.275016,2.1079783,2.804195,2.0609837,3.5836287,2.7231698,2.2100527,2.782656,4.006718,2.842767,2.56283,2.3283966,2.0090065,2.0073028,4.273845,3.1238277,2.13484,1.9727463,3.364719,2.159986,2.4315076,5.6385636,2.0838661,2.667298,2.2498434,3.9127898,4.7783394,0.78335637,2.0632427,2.0054219,2.1393647,1.2505727,4.222759,2.668283,2.084945,1.8427262,3.990117,2.4949243,2.5060875,2.6003816,2.7616851,2.466296,1.0920967,3.1962457,2.1206403,3.0274994,2.610541,1.9911921,1.8858365,1.992416,4.942113,3.954812,3.647336,2.1474311,4.3853655,3.8664176,2.9381013,2.2503772,4.4296417,1.1962196,2.6241217,2.7884734,4.90663,2.9320822,2.2928216,2.5416565,2.7830846,4.3919277,2.8259747,4.462983,2.0097373,3.2585347,2.134635,3.5744445,2.8689742,4.527561,1.3264042,1.5790223,3.0059855,2.5477278,4.890531,4.599981,3.95141,4.233386,3.1603742,2.250817,2.1558294,1.1239343,4.023576,2.9184456,3.5767014,1.3486512,1.8463349,2.0351324,2.408632,2.9375582,4.209572,2.654891,3.1242986,2.9571445,5.1387663,3.171552,3.2559502,2.0197275,2.5975337,2.94226,3.398236,2.7705154,2.0423949,2.6335294,2.5390058,1.9454153,4.7113037,2.8750026,1.6181017,3.8427358,3.463523,4.394031,2.83835
1.2790303,2.9938738,0.80935925,2.8072078,2.2700233,2.3052971,1.10932,0.8804233,2.0563915,0.59466743,0.9427971,1.0087792,1.5275306,0.9497065,3.2006161,1.617742,1.5910705,2.0290978,2.8261406,2.2799184,1.2013092,2.5350742,1.6787463,2.781678,5.4598594,1.2578378,5.308954,1.9935731,1.0678477,2.045588,1.2508445,2.9743233,1.2179183,1.9945304,1.2364379,0.70912725,2.2875473,1.672057,3.6171641,1.4876767,1.1759838,2.644697,0.98050404,1.1431788,2.4847653,3.3631904,2.5700457,1.248638,1.5596262,2.073054,0.93441325,2.084508,1.4716045,1.4016109,1.6371562,2.5506253,1.1769009,1.7528161,2.9237711,2.579446,1.6190395,2.07886,1.5254074,2.1486318,1.8185868,3.2359593,2.767038,2.6360767,2.195744,1.2787246,4.0574694,1.6785194,1.4171824,1.0189456,2.6158776,1.2874459,1.4215385,1.995957,0.9751188,0.98929405,3.03109,1.9292905,0.84528416,2.7121248,1.4432536,3.907438,1.1124717,2.4114823,1.5503623,1.0414076,2.0732467,2.6539633,2.7573032,1.1669163,0.97427034,2.4411972,2.2578897,1.4520515,2.8276262,3.5051017,1.8750021,2.3371136,2.5764122,1.4492083,1.2273825,1.095032,1.5186936,0.95820004,4.2179575,2.5764122,1.8285185,10.618619,2.013565,2.1266887,1.1814413,1.3265891,1.6127294,2.0839398,2.0613856,2.369616,1.8399712,1.8760493,2.0799742,0.9444582,1.1963075,1.8553507,3.026097,3.7439647,2.0271978,0.6197624,3.0117164,1.517799,1.3169616,1.1487122,0.91516066,1.1867623,0.9129368,1.37929,1.7662497,2.051345,2.5598583,1.2376719,2.86178,1.1181898,1.833443,2.3053503,1.6040068,1.1552011,1.2050143,1.5504112,1.0377666,2.8360152,1.1736001,1.0301319,2.5158386,1.6893157,0.86809134,2.1543868,3.7544467,2.1834607,3.148529,2.4576344,0.887943,2.523355,1.9843041,0.98447096,3.4124248,1.9041833,3.155731,1.8374888,1.0650584,2.4132245,0.9430147,1.0614235,0.5489479,2.6205695,0.98753524,2.1012428,2.1944735,0.9255178,1.2535163,2.384267,1.3572339,1.7082002,1.1513512,1.38099,1.0628119,2.7555585,1.9329118,1.5621246,0.5579215,2.923149,0.9829124,1.6856002,4.6255765,2.2211528,1.1884398,2.1649227,2.9440584,3.5332832,1.4995524,0.5820625,2.1127877,0.6633961,1.3637004,3.1208103,2.5178723,1.8804133,2.192634,2.5847757,1.6500306,2.7992132,1.2327921,1.429266,1.4815863,1.7638634,2.2827587,1.3605683,2.2054298,1.1278392,1.4421656,0.66232866,0.7585129,4.1677313,2.6870875,2.6852348,1.860194,2.9691641,2.3283956,1.4796025,0.8505558,3.4395037,1.3671343,1.8477373,2.7368004,5.3591084,2.4459743,2.857789,3.2199364,1.3393967,3.672528,1.5281231,3.4207537,2.2091386,3.4570117,2.3447554,2.0593245,2.4823604,3.162574,1.2538658,1.4370677,1.5661871,1.6171285,3.603715,3.5756314,2.7988207,2.7621984,2.5297613,0.92450404,1.5882181,2.417367,3.1431847,1.6150533,2.0726845,0.8042296,0.51832145,1.2342477,2.762584,3.75451,3.01861,1.2293123,1.9563984,2.0818043,3.869014,1.7809613,2.734,2.2537024,1.4094101,3.5258858,2.3662064,1.6387388,1.0841768,1.2800595,1.3589787,1.327817,3.8230855,1.4473343,1.7851483,2.6558516,4.158926,2.8902032,1.6108302
3.0604043,4.381634,2.2142642,2.2885375,2.0619051,2.6019783,3.1770408,3.1777322,3.6303856,3.0577235,3.0456173,3.144476,1.9625423,3.078169,2.0175133,2.665584,1.8149804,2.273839,2.7505128,2.922997,3.507014,4.1562476,1.5523835,2.3131433,5.516886,2.7943535,4.175538,3.1005757,2.9546423,3.3412251,3.5063217,4.304484,3.0054655,0.6349426,2.9257011,2.4568443,3.9070907,3.6879592,4.741366,2.1562655,2.9401057,2.853876,3.105309,3.049595,1.8242037,4.49871,4.0412645,3.5012114,2.5409055,3.6316798,3.0570743,1.5912772,2.1009939,3.264281,3.1060023,1.9510748,3.435735,3.6896899,3.0283904,2.2215252,2.8778453,2.227921,3.0095692,2.5859756,3.4272327,2.9095511,2.8814855,3.7826433,4.013557,3.5286694,2.4727838,1.8040148,3.5917857,2.7932734,3.6473062,3.021714,2.7535315,3.8539433,2.8950686,2.893375,4.3169527,3.7766356,2.9465885,1.9905835,3.0029104,4.359025,2.9690874,0.42251453,1.9257696,2.6200314,2.8754358,3.7052255,3.7882743,2.9856925,3.089301,3.5610886,3.8522358,1.4146041,2.7226999,3.133542,3.5791416,3.54547,3.9116695,3.0713298,3.1222076,2.9278545,3.6332145,2.4560146,4.6331043,3.9116695,3.7233546,9.0389595,2.3835034,3.3091214,2.549839,2.9368246,2.7321637,3.125915,3.5334437,2.648503,2.4270194,2.7999747,1.786317,2.890117,2.9401531,2.708196,3.1391988,3.5558233,3.6969988,3.058057,2.9739332,3.6285887,3.5391397,2.69946,3.0334013,2.9333212,3.129492,3.1157997,3.2983966,3.801096,2.6605437,3.100571,2.8416328,3.38739,2.8175051,2.667532,3.6809337,3.4218216,2.4290702,3.2830126,2.9950352,2.1704369,2.851509,2.597831,3.7239273,3.689548,2.4240246,2.8395572,3.919926,3.0491664,3.1987994,1.852786,2.8863502,1.3571169,1.2499367,2.628296,3.7061222,2.8312855,2.1104162,2.3346164,2.9299939,2.7231061,2.939042,3.1177258,3.1090596,2.9721785,2.8866994,3.8399913,2.2549624,3.0440617,3.503247,3.901453,3.5604105,1.7147995,1.7125745,2.673848,2.9474084,2.8500009,3.208109,1.7998915,2.866574,3.2321548,2.9476106,2.6883948,4.8827333,3.4373353,3.4833913,1.1254969,2.7241554,3.475381,3.056792,2.9331717,1.0533456,2.2919548,1.662651,2.1898203,2.7359998,2.0058172,1.9875594,4.1408253,2.9294667,4.251558,2.7571447,2.911245,2.7060983,2.078348,3.94126,1.8772881,1.5084205,3.444972,2.543251,2.896417,3.2414355,4.5956774,3.5382187,2.482443,2.0820913,3.1778896,3.6004086,3.347442,3.1960022,3.9485586,2.8882914,3.0165336,3.113359,4.2202177,3.5100987,4.475244,2.6990418,3.0098026,2.3731892,3.6345234,3.1161134,2.0205464,3.1803458,2.4354227,3.7869487,3.0738387,3.9470139,2.56186,2.7317617,3.125359,1.901657,4.2090383,4.0126576,2.4935772,4.029304,0.9788201,3.0533593,1.7296672,2.7808123,2.3204858,3.0517871,2.9598489,2.2874887,2.89054,2.9950264,3.016546,3.0313272,3.7873945,3.2408419,1.9030856,3.062885,4.34638,2.1767454,2.2761946,1.4119037,2.3315675,4.8483195,3.2413597,2.8319147,2.6626449,3.5179,2.7636015,3.0245655,4.0844917,3.6062257,1.6074188,2.923031,3.5318844,3.9804685,2.9733949
3.353497,4.4855623,1.6593622,1.1852258,1.7755305,2.391887,3.2469907,3.1238658,3.734847,2.7847228,3.09061,3.21217,2.635471,3.1575909,1.472255,3.280176,0.8604467,2.569466,2.8271334,3.8436987,3.479918,4.314367,1.4343084,3.6359112,6.7740545,2.810693,5.7401214,3.7737384,3.157111,3.8347435,3.4498484,4.6505814,3.3554926,1.7198731,3.30436,2.4127448,3.933426,3.8541806,5.331295,2.1711879,3.074843,3.6028736,3.1677077,3.1995957,3.1537366,4.59669,4.0515356,3.509661,2.7347772,3.69868,3.1079774,1.5306594,2.0544608,2.9560184,3.1306694,0.99952364,3.2597408,3.8707888,2.819218,2.646341,3.3169978,2.116209,3.3052757,3.1531436,3.550087,4.2497315,3.0239222,3.8779836,4.1203117,3.443386,1.7129954,1.846079,3.57511,3.048574,4.216296,3.3991308,3.0818646,3.9323783,3.1382859,3.1527238,4.3408723,3.9498684,3.0461657,0.9821271,3.1625435,4.7020626,3.270814,1.3325535,2.612512,2.9002585,3.7155917,3.8518465,3.939079,3.3118255,3.1179388,4.1769013,4.3973923,1.0478729,3.798655,4.4742656,3.6736653,3.9010317,4.027551,3.5301642,3.2351303,3.0774937,3.6698377,2.7936137,4.967536,4.027551,3.658163,10.378891,1.7303761,3.5220459,3.0368297,3.2088146,3.1021044,3.390613,3.651435,2.9429293,2.83535,3.2887912,1.3994844,3.108707,3.278316,3.0526273,4.078999,4.9117274,3.8171265,2.8952608,2.997781,3.6833408,3.4315846,2.7894404,3.107921,3.304674,3.1035812,3.3903844,2.9563308,4.0255094,3.284387,3.3756912,4.04319,3.2623825,3.0913782,3.5892053,3.9073067,3.2742233,2.7815206,3.344865,3.1980236,1.0802872,2.8625195,2.8265073,3.8202634,3.9506598,2.6723988,2.8201938,3.914747,2.8797665,3.6135113,2.9639854,3.0636468,2.7723086,2.4101603,2.6591647,4.0959296,3.5795944,0.97918,2.3221996,3.218841,3.7602024,3.0834632,3.2495587,2.881055,3.6195486,3.123174,3.8921425,3.1306052,3.13269,3.371718,3.852093,3.4706821,1.4802502,1.3044662,3.1025484,3.2243195,2.7991676,3.3742487,2.0582168,2.627643,4.050139,3.0877006,3.135299,5.2523594,4.0850763,3.3696628,2.3718688,3.011598,3.5093296,3.3638644,2.7923996,2.318228,2.2373183,2.14778,2.106386,3.5526001,2.5096548,2.806048,4.2205787,3.1526477,4.609717,2.7782574,2.9190867,2.8664505,2.9126458,4.303239,1.9581165,2.2192106,3.3276746,2.9942737,2.903397,3.1194406,5.4064198,3.8296824,3.0571024,2.625565,3.0002155,3.6837697,3.4277475,3.1429944,4.3114815,3.2341719,2.2603157,3.8165095,5.8014693,4.007764,4.816383,4.0215626,2.5994277,1.2962588,3.6863508,3.3369534,2.503766,4.43062,3.0906034,3.793904,3.712883,4.1419096,3.0747776,3.2485561,3.1726356,1.6696076,4.514301,4.3725057,2.620831,4.1448903,1.6638589,3.1338694,1.8172984,3.6185055,1.122881,3.09344,2.8571942,2.1915436,2.6691062,3.3144736,4.0558167,4.5240893,4.0428944,3.311976,1.7129298,2.138007,4.6797686,2.3992846,3.2291827,2.7141616,2.4780316,5.3489466,3.5599577,2.9665883,2.9255579,3.4955018,2.8356314,3.4407456,4.496216,3.5666256,2.4151986,1.5406258,5.024923,4.1133294,3.0584588
2.500666,3.9722466,1.7357804,2.3339944,1.895857,2.3569288,2.6166542,2.605348,3.1579492,2.4839578,2.4805326,2.5738096,1.4053961,2.504285,2.216805,2.147776,1.5460944,1.9285115,2.5859792,2.4343774,2.9280312,3.674003,1.2837665,1.9959344,5.2519116,2.3205495,4.214041,2.5421069,2.3909774,2.7845778,2.9441354,3.8513167,2.4212198,0.069446295,2.351713,1.863453,3.4364078,3.1295469,4.2265496,1.7934604,2.4131477,2.5541902,2.5351315,2.4996343,1.4976596,4.126626,3.6072063,2.923152,2.1287203,3.1642952,2.48895,1.4778624,1.7305562,2.761102,2.6641467,1.9534839,2.8916755,3.1314566,2.8570695,2.0106225,2.3872275,2.031739,2.4641118,2.2210517,2.8486593,2.6078565,2.710648,3.4232216,3.4931858,2.972672,2.8580146,1.5064102,3.0377815,2.1948273,3.1543484,2.4433007,2.2588346,3.3346732,2.3086288,2.304687,3.9242876,3.2512302,2.3682864,2.040383,2.5101316,4.166537,2.382012,0.6739993,1.3657387,2.0693579,2.3616297,3.3608778,3.4507456,2.4006853,2.525942,3.0360494,3.2872584,1.0339352,2.4388728,2.8876307,3.087664,3.1239617,3.4930387,2.4957688,2.5852952,2.3848982,3.0814292,1.885036,4.45615,3.4930387,3.225568,9.32244,2.1040878,2.9104285,1.9717143,2.4105911,2.274869,2.7407568,3.0885134,2.4192083,2.045333,2.3667412,1.6732296,2.3058603,2.367649,2.3193305,2.7887263,3.27289,3.1928296,2.473285,2.812245,3.0736644,2.9918127,2.2024117,2.460869,2.345334,2.5628788,2.5155168,2.8344622,3.2738962,2.3304462,2.5297785,2.4825304,2.8327246,2.4187222,2.1906567,3.0856721,2.872111,1.8547599,2.7908409,2.4190435,2.2509239,2.3553715,2.0589354,3.3497822,3.1079974,1.8601998,2.4618826,3.7603164,2.7050407,2.959424,1.5665749,2.3010516,1.1244063,0.7896479,2.066235,3.5271783,2.2982228,2.2953286,1.9515209,2.3428862,2.3041084,2.3680723,2.5458925,2.523246,2.567867,2.3068802,3.356858,1.8655785,2.4687254,2.954792,3.4729621,3.013664,1.4554816,1.2650841,2.1519077,2.3610213,2.7216127,2.7912705,1.4204789,2.3068445,2.943079,2.3838143,2.2375503,4.757176,2.882988,2.9242055,0.7777658,2.5495708,3.3470626,2.4646418,2.3630428,0.656739,1.726708,1.1036489,2.2729883,2.3312593,1.6604598,1.6686972,3.6771586,2.4755235,3.696608,2.2819474,2.456778,2.2576926,1.5406042,3.4067163,1.4627316,1.295302,2.8823068,2.0431159,2.3115227,2.6436706,4.328175,3.2188337,2.2659132,1.6163679,2.9923813,3.2067454,2.8179522,2.615206,3.7264447,2.319175,2.662346,2.7031677,4.255107,3.0166762,3.8981357,2.4837124,2.5100605,2.660514,3.0809526,3.007687,1.7584288,2.9075427,2.1302373,3.2982752,2.6356068,3.6759243,1.9782711,2.1792698,2.6636631,1.603069,3.9767962,3.8131275,2.363012,3.626871,1.0660846,2.477876,1.3791221,2.3086429,2.4722137,2.6105504,2.5921702,1.7231387,2.3170023,2.427377,2.5942943,2.8579183,3.5075214,2.6894813,1.6427463,2.7664695,4.14804,1.8457562,2.0450206,1.0587612,1.9150492,4.31256,2.8957362,2.4098737,2.1206014,2.9526093,2.300863,2.439022,3.9266307,3.0593452,1.1729205,2.8221014,3.366557,3.6330447,2.5349526
4.86257,5.528972,3.385997,2.31988,2.5789454,3.1932976,4.7966247,4.7720423,4.974315,4.5799026,4.6606297,4.818217,4.13374,4.766278,1.2887703,4.742554,2.6393788,3.5133703,3.313933,5.2177815,5.1023583,5.5309777,2.9284408,4.6687484,7.4765863,4.309802,6.0122066,5.30039,4.731617,5.223686,5.055326,5.7402983,4.902644,2.8380558,4.8347864,4.1742415,5.1447806,5.372652,6.810573,3.5510395,4.6240153,4.8346996,4.7486644,4.743273,4.1516943,5.4622455,5.1579723,5.104674,4.1283813,4.9203815,4.6936097,2.773013,3.584146,4.767303,4.5608535,1.8030094,4.858214,5.32153,3.3226323,3.3100932,4.727903,3.3106968,4.9887342,4.538892,5.245893,5.2533607,3.583551,4.8945036,5.452153,5.040309,0.5603561,3.2734354,5.140311,4.737325,5.4090533,4.930963,4.5452414,5.2939577,4.7164807,4.7297072,5.3023076,5.356167,4.6575665,1.643718,4.6951213,5.3327985,4.831698,2.1418223,4.091818,4.4609146,5.1333137,4.8553457,4.9131975,4.863285,4.682839,5.468415,5.8478193,2.7590094,4.898273,5.4611764,4.9963923,5.066533,5.094823,5.034597,4.7792497,4.641331,5.214901,4.3614607,5.4945064,5.094823,5.0425673,9.74598,2.9206088,4.7226954,4.5719724,4.7211347,4.5085354,4.6697807,4.881559,3.9295514,4.237999,4.6749167,2.6693563,4.6910295,4.807352,4.3607183,4.9446745,5.859168,5.1023355,4.663891,3.440068,5.2281594,5.012965,4.321939,4.706751,4.8538504,4.7073874,5.097677,4.2730327,5.372621,4.1108537,4.914344,5.1929064,4.863407,4.4360085,4.79785,5.4891505,4.877655,4.4444227,4.763036,4.767329,2.139386,4.4188952,4.3916125,4.8899646,5.4985843,4.2659945,3.858303,4.2123113,3.8463268,4.187842,3.7712808,4.6976404,3.6471558,3.561509,4.153229,4.940839,5.060132,1.1458267,3.4465795,4.7834425,4.9963036,4.688392,4.8340497,4.6259174,4.636115,4.6905217,5.1993613,4.090405,4.7404494,4.9672456,5.0013976,5.043006,3.0053027,2.9874082,4.6020737,4.7906756,3.392696,4.7144513,3.5373564,4.402929,5.070567,4.684516,4.5218105,5.847753,5.4784155,4.9891634,3.3280377,3.505184,3.7733312,5.055593,4.5148635,3.3724775,3.8121357,3.7079391,2.1179996,4.5541234,3.893473,4.1016426,5.3811183,4.636925,6.084419,4.281522,4.3948116,4.3551474,4.3022285,5.6428022,3.5247214,2.9821565,4.957826,4.478697,4.6034207,4.8656483,6.1166964,4.8395085,3.6563616,3.8271964,3.5080137,4.7949934,4.850335,4.8089952,5.2033987,4.9017854,4.0282655,4.846725,6.0838118,5.200396,6.406944,4.9819813,4.098564,1.0024029,5.2263484,3.595905,3.8736663,5.192053,4.40943,5.0755324,4.772566,5.017069,4.6382475,4.793057,4.5758076,3.2080557,5.2576017,5.196351,3.0704854,5.1541066,2.218853,4.7330065,3.3569534,4.9741025,1.8032674,4.5240183,3.8720999,3.9797056,4.4602957,4.8745446,5.136668,5.309897,5.0233474,4.8215165,2.7523563,3.8415945,5.326421,3.441625,3.881713,3.7210102,3.8845503,6.7875943,4.744626,4.381108,4.481144,5.097152,4.3425865,4.96849,5.2680964,5.119538,3.780311,2.8509955,5.751202,5.060638,4.489531
2.7174416,4.257149,1.7679594,2.273505,1.9898913,2.5146065,2.81213,2.758076,3.4141862,2.5355246,2.665297,2.7500257,1.4252387,2.6777418,2.239344,2.355709,1.5301847,2.117787,2.7743778,2.583056,3.0869305,3.9221222,1.3940281,2.1384144,5.4959908,2.5438256,4.487891,2.6047895,2.5842412,2.876843,3.1176324,4.109607,2.6066103,0.44590044,2.5503669,1.828075,3.670362,3.3398144,4.1856065,2.0321603,2.6232607,2.7663069,2.7164636,2.7085557,1.6766256,4.3737473,3.8536813,3.090346,2.3810415,3.412473,2.6696694,1.6230316,1.880358,2.775724,2.9065332,1.9469014,3.0618074,3.3357334,2.9887383,2.1291842,2.6481068,2.2459695,2.5306513,2.3904698,2.7620149,2.7544134,3.016117,3.7333825,3.7108302,3.1487958,2.7607763,1.6716753,3.2290385,2.2708642,3.2890654,2.637383,2.5008478,3.5618029,2.485503,2.479553,4.176477,3.493368,2.5376208,2.011544,2.7211642,4.5279584,2.562547,0.7716135,1.3711671,2.2656672,2.513803,3.6815305,3.773559,2.5852695,2.7109575,3.1593645,3.4748297,0.971677,2.6824355,3.0698552,3.3414762,3.439265,3.7651756,2.6924593,2.7968173,2.5876296,3.282883,2.0657687,4.819663,3.7651756,3.4567785,9.612156,2.0726488,3.2170906,2.1479445,2.6353366,2.5331564,3.0267186,3.3714209,2.740485,2.2502568,2.6149044,1.8035758,2.4833262,2.5699918,2.5982816,2.9651382,3.4785435,3.414824,2.5451221,2.9721744,3.2746482,3.1735122,2.4159913,2.6372783,2.524666,2.733115,2.5376828,2.921594,3.505081,2.502357,2.7313817,2.6611874,3.0020652,2.6851168,2.288215,3.2461975,3.041803,1.8812829,3.0395923,2.6073844,2.1951141,2.5572271,2.255528,3.6568809,3.2941687,2.0330138,2.5473254,3.946118,2.8933954,3.1209764,1.7996997,2.4556818,1.286755,0.9608041,2.173062,3.849507,2.424116,2.2261252,2.0304012,2.5227232,2.5294054,2.5454926,2.7309115,2.6002753,2.6437862,2.4930038,3.612395,2.1251311,2.6416905,3.129837,3.7316098,3.1996665,1.5417062,1.2710841,2.3688622,2.5413039,3.0222504,3.0634232,1.5710306,2.3769283,3.2733688,2.5676053,2.499298,5.1002984,2.9995518,3.0897682,1.0211923,2.6928203,3.5131347,2.4512274,2.472849,0.8592101,1.8287164,1.0931208,2.3916793,2.463695,1.822627,1.7989322,3.9127712,2.6938474,3.694308,2.50386,2.6846926,2.4744308,1.5869229,3.6327534,1.5916324,1.5625398,3.0422819,2.2588153,2.4306903,2.7251863,4.692144,3.55415,2.5174747,1.6481173,3.1539915,3.5047233,3.042007,2.755983,4.0555577,2.396306,2.6056764,2.7781699,4.5183215,3.1541529,3.8839917,2.693457,2.5376391,2.5241032,3.2832851,3.1584935,1.8067367,3.1239715,2.2745922,3.527508,2.7747798,4.013561,2.1136448,2.345896,2.9185796,1.708767,4.33118,4.148283,2.5293233,3.8992708,1.1909505,2.6524527,1.4659663,2.272385,2.4120936,2.85345,2.7743912,1.67478,2.3677409,2.6209967,2.743924,3.0433004,3.8355396,2.8957696,1.7204322,2.70609,4.5082664,2.1515095,2.2959774,1.2616177,2.1647031,4.3151417,3.1994932,2.6549177,2.3216693,3.1284416,2.5171762,2.622279,4.253477,3.254609,1.3093525,2.7803442,3.5878255,3.9485297,2.7781065
2.598067,4.358953,2.0687542,1.7237978,3.1473572,3.4861333,2.6829572,2.4993417,3.5786488,2.2166095,2.5689507,2.5093582,2.016209,2.4699485,3.27202,2.0713167,1.718317,3.3032093,3.9109457,2.7755213,2.9066966,4.1689568,0.9428667,2.9738295,6.3209558,1.9148184,4.953356,2.952999,2.31585,3.761063,2.8174531,4.579226,2.6132214,1.8780342,2.4934404,2.152091,3.9618306,3.1441019,4.913709,1.4227087,2.1292639,1.7863101,2.5959768,2.4324827,2.726598,4.954826,4.163435,2.984039,1.6044573,3.6483111,2.5281403,0.979367,0.85768205,1.7998844,2.1233108,2.8482504,2.7386916,3.4872825,4.116008,3.672789,2.2181935,1.2474604,1.9925667,1.3406346,3.2947998,3.4913836,3.468004,3.5761755,3.9608474,2.834142,3.3673482,0.80059785,2.9352338,2.1760974,4.3188434,2.623076,1.970278,3.6689043,2.4558876,2.4742665,4.588632,3.3834445,2.3851824,2.9233212,1.9437776,4.09284,2.570681,2.0882628,2.126469,1.9447309,2.6559982,3.4329338,3.5479355,2.593226,2.6256006,4.0798783,3.7029512,1.6942339,2.3139694,3.2853074,3.329595,3.247975,4.0339103,2.7516494,2.3913803,2.1876848,2.9899135,1.9299446,4.5376673,4.0339103,3.3200781,9.876854,3.1892517,2.7783537,2.1630979,2.1876836,1.8941504,2.2000923,3.25202,2.0672312,1.1845797,1.8401251,1.2138615,2.4272814,2.5115995,1.8115711,4.266231,3.9768586,3.7769384,2.2536137,4.1811504,3.0074937,2.8409965,1.8295827,2.4710896,2.5740705,2.5689669,2.6009464,3.6673975,3.717924,3.8827686,2.6216698,2.944774,2.7481809,1.8222411,3.413186,3.2749352,2.7330282,1.8840896,2.698263,2.4953227,1.7872889,1.8892211,1.8474497,3.4419448,3.2425065,1.8054,3.7719798,5.02802,3.6461785,4.5104365,3.19286,2.2517004,2.663356,2.1495125,2.891166,2.8221703,2.50446,2.9777365,3.2797017,2.52608,2.5934138,2.2902021,2.5390978,2.4835336,4.0867534,2.4302206,3.5256875,3.239652,2.4545584,2.7910848,3.813765,2.8719213,0.826484,1.954786,1.9430133,2.532196,3.0260563,2.28139,0.77591074,1.9642392,2.7176309,2.2644627,1.8773905,4.1520534,3.730226,2.7672641,2.460288,4.1176963,4.7180915,2.6793618,2.1309679,2.1940382,2.4229958,1.6243205,3.6038797,3.8272834,0.8651299,1.290172,4.282524,1.7516509,4.5610194,1.8829455,1.9300007,1.5752044,2.461295,3.9345376,0.8611497,2.8434722,2.7357059,1.7355322,2.1613748,2.5533352,4.805071,3.0686073,3.7145574,3.126857,4.1832347,3.370016,3.0963366,2.5300243,3.097168,2.0913491,1.45772,4.1928425,5.0246363,4.1889896,4.4819164,2.7821064,3.2707932,3.0834908,3.0217712,4.5426636,0.7579353,4.2721167,1.2435334,3.7358356,4.0204654,3.4896796,2.1714444,2.1046238,2.402817,0.793971,3.8708472,3.2288842,3.7928197,4.2235584,2.7308567,2.510886,0.6596126,3.2252452,2.2225318,2.0701826,3.5948284,1.7912208,2.0606794,2.3892252,3.8345997,3.7260678,3.0506642,2.8271682,2.9432125,1.551772,4.067985,2.5301044,3.6284158,2.4756198,1.5431001,5.156999,2.3613193,1.7859583,1.9359229,2.8439593,1.7161899,2.7209823,3.2086978,2.945775,1.3670181,2.1216793,4.176532,3.8807635,1.9641843
2.5775888,4.4996586,2.1935914,2.0457537,3.3596559,3.695865,2.7026193,2.497671,3.6842725,2.1720273,2.5901911,2.4989276,1.8344165,2.456593,3.5559833,1.9485087,1.9510924,3.4304307,4.116677,2.5546339,2.8944848,4.245095,1.2197865,2.8082414,6.2351365,2.0202289,4.917485,2.7132013,2.289866,3.660936,2.828221,4.640567,2.5446157,1.9499563,2.4307206,2.0489273,4.0678296,3.131531,4.642587,1.6583517,2.1483524,1.655466,2.60262,2.4422567,2.6265304,5.097379,4.296213,2.9761293,1.7341204,3.7608278,2.538972,1.3404864,1.0618551,1.6752567,2.241606,3.1140783,2.7897086,3.4899926,4.3280616,3.7880962,2.2154553,1.603428,1.7430825,1.1731513,3.0848768,3.3023982,3.7305818,3.7644134,4.010055,2.8572557,3.652681,1.0793078,2.9544232,2.01047,4.2635,2.5548344,1.9829642,3.729005,2.411613,2.4242043,4.7389383,3.4192696,2.3690326,3.1911123,1.9533726,4.319521,2.5123172,2.2649121,1.9581563,1.9141273,2.446609,3.6243587,3.7415292,2.5317123,2.6514418,3.9841301,3.5894778,1.8279141,2.1792493,3.0819356,3.4216378,3.3511753,4.1702995,2.6676986,2.4109094,2.1916292,3.004017,1.8773494,4.7731004,4.1702995,3.4209006,9.987757,3.3470798,2.923812,2.0616271,2.1796596,1.9270426,2.3155756,3.3812897,2.3157024,1.1734176,1.8137633,1.5926132,2.39014,2.4656403,1.9152331,4.2387013,3.804887,3.8451588,2.1944296,4.3784604,3.0161812,2.8789258,1.8944554,2.4678013,2.4977171,2.5879307,2.3815196,3.76946,3.7484827,3.941874,2.5854223,2.7405245,2.7847114,1.922608,3.286011,3.1968925,2.7742703,1.6731547,2.7900956,2.469046,2.1143389,1.9550122,1.8366158,3.6214297,3.178587,1.7731097,3.8718128,5.238788,3.8305929,4.621646,3.2208998,2.189844,2.6166608,2.0954459,2.9191785,3.015235,2.2799218,3.2642336,3.3873026,2.471979,2.4335449,2.264137,2.5223074,2.46185,4.0536942,2.3979106,3.6245153,3.2757077,2.440133,2.829321,3.967121,2.9090393,1.1272812,2.086362,1.8845915,2.480765,3.345189,2.3940206,0.88031435,1.9395252,2.7484326,2.246127,1.8919518,4.3645406,3.5920212,2.7871482,2.4774017,4.266428,4.9238734,2.4453993,2.1163352,2.1734488,2.4744425,1.5024724,3.8600297,3.794593,0.81056666,1.0896592,4.3802032,1.7640494,4.393672,1.9873167,2.04376,1.6348441,2.294441,3.925371,0.98005533,2.992718,2.751505,1.6764907,2.110217,2.489616,4.8954163,3.24755,3.8605754,3.1096184,4.402473,3.5408883,3.1583211,2.5132623,3.2756138,1.8698893,1.497746,4.1388793,4.9762774,4.1554384,4.26281,2.6170876,3.3381648,3.3532467,3.0335417,4.7203074,0.49106854,4.2134976,1.036351,3.8338919,4.00218,3.7067013,2.0201566,1.953672,2.5212653,1.0893147,4.0862036,3.424223,3.9911144,4.3667274,2.9031804,2.5035248,0.8033359,2.9927814,2.5534792,2.1871023,3.7587044,1.6907716,2.009191,2.3242736,3.721506,3.5727234,3.2398205,2.86243,3.117362,1.671295,4.2937026,2.7404287,3.70355,2.4249904,1.7025287,4.951937,2.4936023,1.8979108,1.9139293,2.8464043,1.7991322,2.637781,3.395852,2.9776666,1.2445997,2.430268,4.041657,4.0673475,2.0727453
1.50687,2.670929,2.57414,4.6971645,3.444581,3.172963,1.4697292,1.5408314,1.9185721,1.869265,1.5056484,1.5082139,2.4546795,1.5040493,4.6674523,2.177698,3.4301984,2.6507964,3.4788072,2.296076,1.2554094,1.8780546,3.4464672,3.077414,4.4729843,2.3934817,5.432578,1.8214701,1.6628242,1.1888758,1.4914682,2.108774,1.3342665,3.353778,1.4984239,2.0254207,1.9510231,1.3291445,2.5991347,2.999622,2.002195,3.4835982,1.446595,1.6851581,3.0072484,2.9159117,2.3011906,1.1817266,2.7651238,1.9470313,1.5081952,3.8147635,3.1291902,2.6522434,2.572575,4.0997505,1.7128264,1.0514939,3.6123664,3.1833527,2.1836076,3.6760736,2.2254443,3.1898353,1.7843943,3.2193165,3.529321,2.9039927,1.462374,1.5542572,5.774893,3.3548594,1.5101951,1.727733,1.6363021,1.3739742,2.2492805,1.5304058,1.4267153,1.4020182,2.7146916,1.5671574,1.529651,4.2763586,2.322678,4.294736,1.3373711,3.8967495,2.4449422,1.9775946,2.1363604,3.0032716,3.0655293,1.3376203,1.4877506,1.4041588,1.0583229,3.190723,3.39453,3.6635752,1.8352395,2.4131918,2.3687682,1.3334048,1.8194246,1.8696316,1.5023309,1.9413643,4.5061693,2.3687682,1.8943286,10.935199,3.2150185,2.649195,1.8025005,1.9773031,2.4798849,2.878291,2.238575,3.4851289,3.046873,2.674448,3.8544397,1.45963,1.4817141,2.843984,2.6058586,3.4820995,1.5606303,1.7232854,3.5787756,1.4513364,1.6385288,2.2935982,1.510343,1.353512,1.5177621,1.6146591,2.121345,1.3496035,2.646153,1.4101044,2.997852,1.5824631,2.822796,2.134794,0.7470308,1.6540492,2.1913602,2.0295596,1.456132,4.716612,2.2959425,2.0832136,2.8089063,0.9752139,2.0381203,2.5467002,4.0126877,2.7294245,3.2062342,2.9147089,1.5915016,3.2857094,2.967001,1.6129377,4.2339134,2.0887856,4.8193865,2.6011953,1.3718622,2.6466765,1.6365296,1.4650526,1.5799378,2.367863,1.4841721,1.9690154,2.4316423,1.5013927,1.6540024,2.3921452,1.627286,3.5024679,2.855611,2.14445,1.3682259,3.8330371,2.695685,3.141996,2.0382347,3.360512,1.6974435,2.523136,5.2224846,1.2621928,1.5643994,3.0948474,3.410726,3.9484818,1.744865,1.8243941,3.142419,1.9468741,2.6957219,4.270148,2.3346882,3.2419722,3.338073,2.0360184,2.6099975,1.5978668,2.3938236,2.5181272,2.6424747,2.3425126,1.2156746,3.022571,3.1565294,1.5434387,2.3543563,1.68913,1.4221305,3.8017428,3.1815915,3.112395,2.3844607,3.581386,2.6203327,1.524403,1.4653308,4.098246,1.9975662,3.548667,2.3488998,5.4544272,1.6066697,1.6464013,3.6562889,2.0377765,5.424499,1.4578612,3.8556294,3.6245859,3.1169004,3.4571435,1.8049206,2.0631936,3.646449,1.8394285,1.9835051,2.330174,3.3938081,3.9821534,4.2408147,3.5490012,2.5181477,3.7864132,1.4615928,3.278731,2.48365,5.0073543,2.5767267,2.5724466,2.3559084,1.938636,1.6091458,2.3237748,3.8399377,3.6225417,1.4625231,3.1415107,3.839797,4.2546315,2.817976,3.0312502,3.0259683,2.7504299,2.1596558,3.1077864,2.71979,2.0183063,1.4380674,2.5259109,1.2678423,4.5646214,1.584052,3.0155542,4.510124,4.068964,3.017694,2.6070263
1.5148854,3.3949344,2.172274,2.994375,3.497282,3.533816,1.6473144,1.4801286,2.662285,1.5321119,1.6139157,1.4286413,2.0434513,1.4272597,4.105801,1.1954435,2.426038,3.2425017,3.9612029,2.1550844,1.790895,3.1564424,1.8258805,2.919514,5.6219015,1.0074337,4.8677406,2.3326814,1.2387928,3.1396139,1.6631677,3.6279874,1.6079375,2.557937,1.4824061,1.9830805,3.0802078,1.8876508,4.327907,1.3485225,1.002151,1.3615323,1.5925444,1.3363086,2.8022695,4.223141,3.327797,1.8852805,0.91006696,2.7860746,1.5421845,2.000225,1.1565496,1.2168404,1.0515817,3.58376,1.693825,2.411631,4.2010674,3.8319113,1.1106297,1.6517859,1.1940548,0.9819704,2.8971791,3.2691178,3.3092544,2.727468,2.9418676,1.6894469,4.641586,1.4677796,1.7418706,1.460018,3.695355,1.5935901,0.90143555,2.6208313,1.509527,1.5364085,3.8107932,2.1931844,1.4206895,3.7250705,0.646632,3.396541,1.5915321,2.9989707,2.1816154,1.0358726,1.9785509,2.586397,2.7048278,1.6001182,1.6679949,3.4110322,2.5887117,2.3882916,1.9590331,3.0286427,2.3182497,2.2054443,3.188127,1.7334028,1.2272694,1.0925604,1.7589226,1.2073532,3.86581,3.188127,2.2842495,10.011567,3.5101216,1.8087485,1.4125074,1.021786,0.8649489,1.1660539,2.2813153,1.7615515,0.74792373,0.7898456,2.1229503,1.4789171,1.4966155,0.9728979,3.9253151,3.526038,2.8864462,1.4624429,4.2312417,1.7786816,1.7071515,0.90435684,1.4701178,1.620316,1.5908532,1.9244972,3.3053339,2.666676,3.7212865,1.5314307,2.569299,1.7054948,0.87704724,3.1106129,2.1231115,1.6732492,1.5817585,1.6241406,1.4732,3.06543,0.87609684,0.95088303,2.5540564,2.0273678,1.1242231,3.6585047,4.9049025,3.384171,4.3813863,3.2297528,1.2793614,2.9971337,2.472196,2.496507,2.2628794,1.8446006,3.9958498,3.3090909,1.5647781,2.0199993,1.2582511,1.457905,1.738721,3.8692968,1.4700482,2.4574168,2.9972506,1.4319919,1.6806773,2.9481168,1.7229826,1.7685988,2.352612,0.943476,1.5599798,2.9744258,1.1668802,1.2930689,1.3244897,1.9350717,1.2059134,0.8922103,3.5526361,3.0050468,1.6507876,2.7945116,4.193419,4.7259197,2.158122,1.3124601,2.6144693,2.1881967,1.934124,4.128504,3.5814576,1.1915249,1.6120195,3.3842952,0.46563196,3.9242144,0.9990336,0.9488681,0.58252186,2.387071,2.8575144,1.2753427,3.0754395,1.6405466,0.8501363,1.2828984,1.6683896,3.9232686,2.2038326,3.6425085,3.158657,4.1811604,2.499329,2.1266391,1.5238645,2.3471627,1.324121,1.8670802,3.9305742,4.9444437,3.5978343,3.7473624,2.6545336,3.018197,4.3368406,1.7975107,4.631246,1.6188997,3.948983,1.3166635,2.8226957,3.634728,2.693067,1.5070515,1.2207307,1.3802958,1.5627604,3.104125,2.5369458,3.956946,3.406002,3.3911686,1.5093864,1.4963545,3.082888,3.471294,1.0132332,3.3247452,1.8093425,1.4494281,1.2800432,3.427414,3.6084218,2.1964145,1.8073909,3.254967,2.1258507,3.3609707,2.3622231,3.5684507,2.7021086,1.0958444,4.455621,1.4046221,0.81972146,0.9753682,1.670795,0.7406201,1.7464764,2.6326272,1.7623007,1.7096815,2.990328,3.9152613,3.0334022,0.9090812
2.52105,4.349744,2.152306,3.736649,3.0396106,3.2629979,2.576145,2.419684,3.4073653,2.036172,2.45094,2.4574325,1.3933173,2.38928,3.883132,2.415341,2.6554725,2.6921933,3.6163685,2.2412763,2.5664485,3.6834228,2.7683678,2.4268835,5.3258815,2.9207816,5.4339037,1.6003469,2.4225707,1.80748,2.7416074,3.866984,2.211934,2.333675,2.2818468,1.1949216,3.5333285,2.9240978,2.3556159,3.0127223,2.691708,3.4082475,2.4408338,2.6057196,2.305496,4.39604,3.8394768,2.5750208,3.0616941,3.401146,2.43278,3.1947856,2.7976627,2.4658732,3.2975945,3.3386981,2.8162344,2.8310688,3.6953242,2.8246818,2.8744357,3.5250268,2.0531983,2.9519553,0.7732267,2.800708,4.0788183,4.204665,3.299918,2.8077998,4.579216,2.8886378,2.8890603,1.6586248,2.5015647,2.2763875,2.7805617,3.2642608,2.1707351,2.1402416,4.2293406,3.24573,2.2768452,3.4444425,2.8987644,5.4326887,2.1815307,2.8656332,1.3034585,2.3384767,2.1536834,4.23438,4.326952,2.2055624,2.4846196,2.216211,2.6733546,2.1746194,3.3129282,3.3771942,3.3138206,3.7382426,3.8723238,2.277145,2.7427495,2.5740907,2.9476833,2.1073503,5.7173047,3.8723238,3.3727102,11.0945835,2.6013007,3.7037694,2.0006444,2.6940331,2.9620943,3.5986462,3.5860455,3.8646376,2.9505684,3.0411642,3.3124888,2.1960187,2.324368,3.2740803,2.847212,3.5392964,3.1472847,2.0162818,3.7034066,2.9172287,2.8875635,2.7310038,2.3806648,2.1219258,2.4653084,1.39032,2.6560261,3.1371996,2.7414682,2.436041,2.765565,2.706444,3.2949321,1.764936,2.4483073,2.7681577,1.4852009,3.1615033,2.337297,3.743793,2.803544,2.4082518,4.101327,2.6452553,2.1476119,2.595404,4.5311003,3.2990713,3.4472532,2.5622473,2.143136,2.3560646,2.015279,1.8572662,4.8721385,1.9859818,3.827021,2.3469076,2.1688304,2.7039766,2.340984,2.4414852,2.0436597,2.2084682,2.2438998,3.562755,2.5717647,2.357661,2.8434079,3.8541696,2.9134846,2.8305116,2.096477,2.5125256,2.188169,4.2686663,3.514554,2.5998263,2.1168127,3.9789338,2.4109232,2.9499884,6.1436286,1.9661803,2.7345243,2.2837234,3.3470993,4.207616,1.1276629,2.198712,2.1731672,1.8467841,1.5727354,3.817396,2.2669334,2.7418284,2.6292608,3.7132676,3.035598,1.9483526,2.8898895,3.0887244,2.940976,1.3680941,3.1123405,2.5091436,2.8193793,2.6712782,2.5471997,2.083579,2.022708,5.1668057,4.237352,3.3118787,1.6043115,3.844,3.8971539,2.8847315,2.3327312,4.939898,1.8606716,2.888831,2.2267244,5.41969,2.4549966,1.9800915,3.3134305,2.1322453,4.188559,2.932825,3.8904753,2.7417521,3.2618139,2.9876177,3.37061,2.392397,4.773564,1.8029287,2.1702688,3.2338495,2.849625,5.150267,5.088568,3.468179,4.021114,2.9328961,2.362187,2.5620525,1.270042,4.026381,3.263306,3.1081789,1.4304959,1.9534963,2.3763528,2.3558307,3.4674494,4.600383,2.6821508,2.6477752,3.1674266,5.3998427,3.1254196,3.0205638,2.2209074,2.9316945,2.552226,3.8632212,3.193621,2.4204087,2.7281473,2.9296734,2.1593173,5.27686,2.9578264,2.2059982,3.8330224,3.9875307,4.3998995,3.2188973
1.1796564,2.8941503,1.214915,2.6141868,2.6121209,2.6202245,1.0659508,0.84777623,2.0550525,0.8447864,0.95383775,0.916841,1.8278518,0.8934909,3.3654108,1.3956313,1.6778883,2.433609,3.1214228,2.3456886,1.2536126,2.6110075,1.4320322,2.9436295,5.604503,0.5528745,5.143887,2.3027885,0.87842953,2.6311803,1.1451235,3.1206844,1.2940928,2.1454222,1.221174,1.3653692,2.4039335,1.5781262,4.1705317,0.9183016,0.68765926,2.1258147,0.9875358,0.90437853,2.6732497,3.5320601,2.650191,1.336417,0.84995025,2.1254961,0.916439,1.7326142,0.9362642,1.163307,0.9063058,2.767012,1.0324888,1.9052542,3.2842698,3.0517108,1.180524,1.4718572,1.4412416,1.6630299,2.4872837,3.3818722,2.663984,2.3082695,2.3549337,1.1501179,4.1033316,1.2430226,1.2761725,1.2333162,3.150379,1.3229038,0.89987063,2.0536926,1.0567518,1.0949472,3.1283188,1.8164988,0.84706134,2.9259024,0.7824468,3.366277,1.2096707,2.5171924,1.9105041,0.7569958,2.1352162,2.252387,2.3690279,1.2497315,0.9977318,2.959277,2.4352396,1.7011477,2.4919946,3.4212646,1.7749392,1.9938792,2.5800502,1.5190351,0.85992765,0.72165185,1.3588144,0.871904,3.7460954,2.5800502,1.6971036,10.283082,2.548207,1.6091442,1.2180519,0.904747,1.0204302,1.3720956,1.811487,1.728402,1.2459546,1.2988518,1.7318017,1.0033798,1.1752042,1.1718441,3.4578807,3.7683558,2.2252576,0.8385005,3.3644335,1.3818438,1.1520435,0.48819458,0.88606143,1.3014108,0.9122402,1.7453545,2.3314238,2.1626558,3.0308816,1.192184,2.8492424,1.046515,1.1094328,2.7748697,1.7872792,1.0290987,1.4239445,1.1768626,1.020973,2.6633177,0.45430598,0.63949186,2.1590726,1.7559029,0.7054615,2.7476377,4.053558,2.4742677,3.6055934,2.7659998,0.87519854,2.7495234,2.1950927,1.6389388,2.663261,1.9853135,3.2911868,2.4089174,1.1606874,2.3011532,0.8063087,0.99085504,0.96270823,3.2390082,1.011558,1.957937,2.4876695,0.8889385,1.0952522,2.3115346,1.1887428,1.4127347,1.5168197,1.0210347,1.1500664,2.4331017,1.232521,1.195619,0.5978369,2.388378,0.7735672,1.1280872,3.898053,2.6808035,1.0774744,2.4032872,3.3755844,3.8688917,1.9476576,0.5739624,2.3114514,1.290169,1.6122289,3.3430934,3.036067,1.4656779,1.9433594,2.734303,0.9390509,3.4690192,0.5275728,0.67462504,0.7372525,2.1409452,2.4469116,1.0111837,2.4325175,1.0461485,1.0276799,0.71143824,1.0677634,3.9065583,2.1313858,2.954588,2.4862177,3.2795243,2.0311203,1.5014291,0.90302485,2.7063088,1.3988667,1.6189531,3.3478088,5.217335,2.99245,3.4472458,3.0540802,2.038612,3.7585864,1.3931733,3.8069563,1.9137392,3.7230341,1.9199315,2.1505568,3.0247014,2.5981698,1.3750219,1.3246456,1.009182,1.2298527,3.0599585,2.8525984,3.1262937,2.786789,2.767499,0.9304745,1.3049788,2.8976066,3.0118575,0.8778907,2.4176574,1.2544668,0.7708429,1.0968422,3.1535864,3.7967095,2.3383791,1.2090664,2.3711998,1.833795,3.3272796,1.6868219,3.0278912,2.4578032,0.77425355,4.1325755,1.6589371,0.8725322,0.7275144,1.1863801,0.588905,1.461349,3.0708961,1.2800994,1.7096238,2.4640272,4.148864,2.6114368,0.8582296
1.1838135,2.9117231,1.5355586,2.6974332,2.836367,2.8352416,1.1641568,1.0061271,2.1250257,1.1250956,1.0917059,1.0065495,1.9181701,0.9963175,3.5338387,1.2664127,1.8932654,2.6247554,3.2983863,2.2838857,1.3806843,2.680049,1.4803706,2.9177046,5.5467477,0.39640817,4.968429,2.3506668,0.8913451,2.8003983,1.2390904,3.1820211,1.3383926,2.2310894,1.2312838,1.6302942,2.517375,1.5885293,4.2977347,0.84549785,0.595113,1.8440136,1.1108865,0.91616374,2.6790597,3.6429577,2.752406,1.4621516,0.5784964,2.220265,1.0447303,1.7151635,0.8766981,1.2425954,0.6731563,2.9789715,1.1682647,1.9977367,3.5030015,3.2493374,0.98579055,1.3536992,1.415337,1.4254439,2.7096543,3.3315542,2.708426,2.2551777,2.4603565,1.2452493,4.22856,1.1975387,1.3354843,1.3363044,3.304104,1.3457459,0.6911278,2.1381032,1.145002,1.1837648,3.229008,1.8209771,0.9719158,3.1347682,0.51131296,3.1719477,1.277299,2.6126804,2.0196965,0.72250366,2.0810087,2.1593728,2.2792475,1.3047037,1.1393785,3.0953405,2.4520946,1.913208,2.2668622,3.2748833,1.8157978,1.8785399,2.6425622,1.5311377,0.82459694,0.6885556,1.389647,0.90364033,3.5848708,2.6425622,1.7607151,10.067064,2.8472114,1.4511253,1.2324488,0.7720081,0.7521463,1.070551,1.793066,1.5087508,0.9849557,1.0047802,1.7505592,1.0955603,1.1970942,0.8682767,3.5607474,3.6576169,2.3502076,1.0831906,3.5598156,1.4153863,1.2422103,0.32947975,1.0043828,1.3548582,1.0691172,1.8669256,2.6247294,2.234204,3.1956108,1.216753,2.7414823,1.1898427,0.7862489,2.8791425,1.8676988,1.1622161,1.5168052,1.141198,1.089635,2.7486315,0.2838357,0.58519065,2.0949244,1.7926037,0.7575534,3.0097048,4.228151,2.68078,3.7870674,2.8494031,0.9597238,2.7906168,2.2516665,1.9079454,2.3496187,1.9496223,3.4707572,2.66952,1.2345393,2.1669748,0.86960936,1.0609965,1.2511605,3.428379,1.0881145,1.9820753,2.5725174,0.9970187,1.2015818,2.3790631,1.2684579,1.4533187,1.7798297,0.87237287,1.2244155,2.4206326,0.9639658,1.1394677,0.8832278,2.0983622,0.8136549,0.86394954,3.6057515,2.7870047,1.1948563,2.4767916,3.5698817,4.0538707,2.0879114,0.82754815,2.368944,1.5767922,1.7295398,3.5095737,3.1814625,1.3139169,1.8164855,2.843025,0.6013635,3.6665895,0.37454447,0.44255835,0.39833117,2.2334704,2.503916,1.0128434,2.5502958,1.1784298,0.8480208,0.8918381,1.2938272,3.7549036,1.9363378,3.0756385,2.6993577,3.4815378,1.9988971,1.5981371,1.075155,2.4011788,1.4121704,1.7360424,3.5253596,5.048504,3.161671,3.6135762,2.888521,2.3688684,3.9118514,1.4278307,3.991791,1.8150061,3.7378864,1.7133671,2.2637084,3.188962,2.4162595,1.4056729,1.258066,0.89598113,1.2488015,2.8684087,2.557915,3.3095446,2.8543077,2.903299,1.0521146,1.3096111,3.0039535,3.1112967,0.63259226,2.6318417,1.4956075,1.0497895,1.0729996,3.2184973,3.7020285,2.080597,1.3060457,2.610427,1.9487668,3.133826,1.7514304,3.1170166,2.493564,0.6135013,4.29057,1.3574272,0.553434,0.6613813,1.2698737,0.27036658,1.5059366,2.7537248,1.3372451,1.6780894,2.5997064,4.026086,2.566665,0.5743912
1.5082204,3.416947,1.9378183,2.7701597,3.2973168,3.366843,1.6054748,1.4075936,2.6452563,1.3685627,1.5458745,1.3839065,1.8934128,1.3720605,3.8913124,1.2087775,2.1748164,3.0934088,3.8138218,2.1676714,1.7581816,3.1624568,1.6005583,2.8705442,5.6867247,0.93879634,4.926534,2.2938898,1.2039043,3.063022,1.6414299,3.6372726,1.5818688,2.3689811,1.4624069,1.7802378,3.0498636,1.9249636,4.286095,1.1954155,0.9768833,1.463299,1.5350804,1.3120551,2.7173839,4.188703,3.2989151,1.8542888,0.8557865,2.755121,1.477665,1.8069168,0.9369726,1.0625497,1.0731535,3.3541265,1.6421757,2.405377,4.035648,3.6667285,1.1661423,1.5170188,1.144427,1.0017827,2.7664754,3.2599363,3.2243552,2.749648,2.9317248,1.6665874,4.416522,1.2664913,1.7418547,1.354322,3.6326709,1.5793498,0.9117658,2.6162245,1.4499297,1.4772531,3.7811816,2.2304268,1.3455263,3.492728,0.6888196,3.4859395,1.5506423,2.7976627,2.0271165,0.95948285,1.9853163,2.6221187,2.7421494,1.5670238,1.6019276,3.3583946,2.6305475,2.1395679,2.0311074,3.0751991,2.3164265,2.2709649,3.174204,1.7315372,1.2203429,1.0561602,1.7766135,1.1009765,3.9421413,3.174204,2.2753677,10.085031,3.2853138,1.8601483,1.3457406,1.0361245,0.9032083,1.2662169,2.2940352,1.7573187,0.7084304,0.8942186,1.9224201,1.4159471,1.4722593,1.0140535,3.8560913,3.5781906,2.8511465,1.3210998,4.0793433,1.7962418,1.6845349,0.81951165,1.4063934,1.5836403,1.519351,1.8380992,3.1517463,2.6700733,3.6014626,1.5200309,2.593389,1.6523539,0.9318657,3.026384,2.1274133,1.6240218,1.4340478,1.6288695,1.4296477,2.8410661,0.8026677,0.8585333,2.5814064,2.055749,0.9891011,3.4937134,4.783199,3.250791,4.2568607,3.1174312,1.2056172,2.8739982,2.326582,2.343337,2.3889663,1.8326532,3.760658,3.1260273,1.5168395,2.0590649,1.1996427,1.4220723,1.5981778,3.748946,1.4136407,2.4732423,2.9073408,1.372221,1.6478405,2.929189,1.7070308,1.5391811,2.111621,0.93744004,1.513173,2.8927872,1.2502588,1.0913582,1.139538,2.07677,1.1538994,0.9396394,3.6963143,2.9664323,1.6143714,2.6485348,4.0405865,4.58605,2.0545447,1.1692882,2.4639099,2.0031934,1.735886,3.9419284,3.478967,1.0676061,1.5301956,3.3625352,0.5591578,3.8486948,0.9218389,0.91570747,0.53952837,2.2631788,2.876083,1.0445412,2.9228556,1.5956904,0.8264022,1.1627461,1.5604244,4.029328,2.2807007,3.5279138,2.9919934,4.0304813,2.5094326,2.0941553,1.4471724,2.4909241,1.2585949,1.6458763,3.821126,5.000457,3.5232031,3.6957242,2.6880252,2.8362083,4.0986996,1.8145565,4.4839253,1.4817374,3.9207585,1.2992586,2.7922566,3.5395887,2.7698407,1.4313312,1.2026476,1.3829815,1.3343047,3.1942124,2.67085,3.7963073,3.389814,3.1990252,1.4472598,1.2700534,2.9825208,3.2477837,1.0300728,3.1892424,1.581722,1.2690555,1.2742823,3.378467,3.6173413,2.3103428,1.7708106,3.0503561,1.9069997,3.4503925,2.2468674,3.4676464,2.5830483,0.9810114,4.4114285,1.5204138,0.8273604,0.9091958,1.6563737,0.67955667,1.7244734,2.7754948,1.7617527,1.5669205,2.767605,3.957656,3.0595012,0.9279301
2.0322468,3.754733,1.9526764,3.1490297,2.3787699,2.6421082,2.258727,2.2800536,2.8910272,2.2474153,2.1451921,2.1976612,0.7363066,2.1237352,3.0595777,1.604344,2.1733465,1.9350783,2.8320498,1.5683959,2.524896,3.29942,1.8648669,1.1987077,4.519754,2.2493763,3.9022899,1.6370147,1.9887836,1.99945,2.6011624,3.4055603,1.8433487,0.96542823,1.8010952,1.5436918,3.1658723,2.6573877,3.3103204,2.0546057,2.1441627,2.3334246,2.1677656,2.1486492,0.77606523,3.922618,3.3973577,2.5031667,2.1367834,2.918332,2.1419456,2.1519332,1.9969534,2.623325,2.5931783,2.727422,2.65307,2.6308787,3.1429663,2.0946906,2.0294373,2.504564,1.9617308,2.0371711,2.1943994,1.783144,2.9828672,3.3657873,3.0761852,2.6554658,3.8304005,1.9259344,2.6854074,1.637272,2.4424946,1.8613343,1.986471,2.9629421,1.8229297,1.8003476,3.7479672,2.8405993,1.9873974,2.8448334,2.2845962,4.223993,1.8377634,1.6462318,0.6553558,1.720973,1.5182563,3.318499,3.408001,1.842181,2.1950505,2.2248237,2.4984694,1.6087495,2.0336006,2.2316623,2.806544,2.8613372,3.282029,1.8462919,2.2745898,2.072482,2.7033892,1.4821081,4.517081,3.282029,2.994438,9.398669,2.466179,2.7999098,1.3865416,2.0642896,2.0607433,2.6540403,2.8984845,2.6375093,1.9913661,2.1035426,2.371994,1.8450111,1.8504694,2.2550848,2.1594996,2.4934242,2.8268423,2.167475,3.0335112,2.6787798,2.7039342,2.0693994,2.0942228,1.7493455,2.2460535,1.8362666,2.7372463,2.8060827,2.0400934,2.03459,1.7060732,2.553194,2.3513112,1.2736732,2.4639928,2.610375,1.3377829,2.5784488,1.9740236,3.1009831,2.229197,1.778264,3.276448,2.509605,1.5492312,2.396283,3.908837,2.7904978,2.8476012,1.2269405,1.860985,0.75312185,0.31657112,1.756706,3.6365235,1.4846439,3.197253,1.9938377,1.8154631,1.596224,1.9831421,2.135023,2.2373605,2.0036764,1.8488872,3.086769,1.4308916,2.0848367,2.6792455,3.3310714,2.7165616,2.0087306,1.653506,1.7572527,1.841481,3.1418765,2.6854255,1.6496495,2.129007,2.691836,2.0194771,1.9965597,4.8740363,1.9928743,2.6176686,0.6669051,2.6586196,3.548371,1.7578106,2.1183045,0.51341057,1.5804975,0.87565494,2.9036477,1.7063348,1.7143342,1.5274286,3.3655262,2.3021727,2.887817,2.2134252,2.4020157,2.173489,0.61346734,2.81895,1.6938367,1.5641454,2.5734122,1.7121469,1.9638187,2.2579522,3.9918888,3.1775486,2.2780385,1.2082388,3.2461798,3.1161218,2.4907222,2.2630343,3.7656915,1.7482582,2.9184616,2.0654955,3.9176779,2.369194,3.0504408,1.9788929,2.41137,3.6032708,2.690005,3.181221,1.8806299,2.2265427,2.0110965,3.0217915,2.0411928,3.713424,1.3202047,1.5941484,2.5442119,2.0640535,4.002906,3.882806,2.659341,3.4284687,1.7724961,2.0959477,1.7281078,1.4053898,3.3747838,2.541499,2.6240304,1.5551269,2.0877514,1.9269663,1.7169541,2.213784,3.5226786,2.3402603,2.0425189,3.1349235,4.202056,2.0376024,1.8300073,0.51577675,1.9941597,3.4260688,2.8343413,2.367403,1.7954242,2.584,2.2260232,1.7968713,4.025514,2.733193,1.0157965,3.512272,2.732806,3.5551362,2.463059
0.8543594,2.2477152,2.4212682,4.3856645,3.3754485,3.0898285,0.88787144,1.0542425,1.4841795,1.6379757,0.99209636,0.9341607,2.3407247,0.9568316,4.523058,1.6554099,3.2113566,2.6095283,3.406234,2.0477078,0.741856,1.5787151,3.0717025,2.9341257,4.4322534,1.7681745,5.053383,1.8292037,1.0643531,1.619778,0.90786237,1.9431087,0.8227115,3.1487117,0.9489834,2.0168445,1.6909857,0.5528458,3.143539,2.4658215,1.35654,2.8876579,0.9118837,1.0396535,2.851711,2.807936,2.0379195,0.6617537,2.1293416,1.5821986,0.97999084,3.3868089,2.6529245,2.3278122,1.8695679,3.9754436,1.1954583,0.61211187,3.610858,3.2478557,1.4881966,3.124856,1.895049,2.6489084,2.1971805,3.095541,3.1387784,2.2990324,1.2254609,0.97659975,5.590337,2.897918,0.86639386,1.4924167,2.0175557,0.82853377,1.5896082,1.1159203,0.9448184,0.9351647,2.5096042,0.8888601,1.0316262,4.1589885,1.6488948,3.5869265,0.84438443,3.6846323,2.3731766,1.438566,1.8613383,2.3514225,2.4234934,0.8301388,0.9785171,1.7865222,0.85266817,3.0314152,2.871089,3.3502145,1.2744937,1.7061701,2.0108075,0.825087,1.1435704,1.2460816,0.8062817,1.4939042,3.8475218,2.0108075,1.3521777,10.442375,3.2860205,1.9182607,1.4003683,1.3040267,1.8028517,2.1238146,1.6182266,2.8131812,2.4674869,2.0051634,3.4336162,0.9688022,0.91305476,2.15199,2.750144,3.2590158,1.341854,1.4553691,3.571432,0.7492029,1.0579568,1.689923,0.9797459,0.8969915,1.0204489,1.6057968,2.2688417,0.9644577,2.7448695,0.7788129,2.7137394,1.071561,2.1208272,2.2812295,0.17603734,1.1299976,2.0100138,1.3403317,0.8948158,4.4102154,1.6818506,1.5356413,2.1767416,0.17457555,1.588607,2.7245417,4.007864,2.6281018,3.3300786,2.8307347,1.1207117,3.1564775,2.7973826,1.651316,3.4562984,1.8317329,4.6725783,2.6891127,0.88680285,2.2352622,1.0862807,0.8703049,1.3802205,2.6942031,0.96815515,1.4024845,2.3102067,0.966411,1.0973052,1.9724528,1.030276,3.1176188,2.7192726,1.5550765,0.8728411,3.3298829,1.9426175,2.707286,1.7274122,2.6448448,1.1217551,1.8558357,4.430287,1.5472925,1.0236868,2.9422011,3.4693637,3.957046,1.8353511,1.4478592,2.9696062,1.8496661,2.532285,4.1506486,2.523925,2.7653906,2.9316666,1.8503829,1.9363269,2.32618,1.7764575,1.8601898,2.0089388,2.3093956,0.9509575,2.607788,2.9812245,1.0250437,1.7833486,1.3004928,1.1989073,3.258588,2.443535,3.0010393,2.5498931,3.5419886,2.01843,1.0105296,1.0217891,3.304622,1.702065,3.2584398,2.7001793,5.0984225,1.9603976,2.3053246,3.2665722,2.2162776,5.2687774,0.75916034,3.8983858,3.2317407,3.0941706,2.9607382,1.4843248,2.3143427,2.9233654,1.531912,1.5294813,1.6360449,2.9763365,3.2656248,3.4526677,3.4978619,2.2012353,3.6516042,0.93810177,2.8944788,2.6723895,4.7217593,1.8780085,2.5058172,2.252797,1.6947732,1.009529,2.432497,3.6292288,2.845059,0.88672256,3.1001117,3.5411572,3.5458274,2.405453,2.948806,2.8618727,2.1695263,2.83641,2.3390725,2.039413,1.4528314,0.8322957,1.8931612,0.8176866,3.7739747,0.94694424,2.6870973,4.2140183,3.8175728,2.450098,1.9118452
2.828033,4.399508,1.8032072,1.081472,2.7547374,3.1672323,2.8249736,2.6375961,3.6217885,2.2917929,2.690711,2.689926,2.2158992,2.6465514,2.7405977,2.4782457,1.2152497,3.120951,3.625046,3.188038,3.0512764,4.2348495,0.703251,3.2698915,6.6111226,2.0956137,5.3022704,3.2718072,2.5513482,3.8588767,2.967353,4.654866,2.8535075,1.7767335,2.7529845,2.1694615,3.9579797,3.3595955,5.1426177,1.4743242,2.372568,2.402374,2.7381697,2.6368454,2.93063,4.8833075,4.1338096,3.1221712,1.8675748,3.660049,2.6676116,0.7327884,1.0151653,2.0222163,2.3451493,2.2985597,2.8293755,3.6200197,3.7642415,3.4380014,2.5559874,1.234261,2.401438,1.9461274,3.3915792,3.8375945,3.3042853,3.6295435,4.027119,2.9716067,2.7744837,0.85606885,3.0950625,2.435723,4.3827534,2.877052,2.2882464,3.7503533,2.6560483,2.676708,4.5292583,3.5557919,2.5533414,2.3534036,2.273222,4.2395034,2.7896795,1.7947869,2.288181,2.2111914,3.056617,3.517716,3.6275065,2.8219163,2.7383444,4.2018385,3.983412,1.3352263,2.8467975,3.7586267,3.4181871,3.4434915,4.0379767,3.0213463,2.6103039,2.4208622,3.1708438,2.1745355,4.639934,4.0379767,3.3849378,10.101127,2.765891,2.9594343,2.4451745,2.4808197,2.2423997,2.5144749,3.3455977,2.2309175,1.6892382,2.2945735,0.8267762,2.621929,2.7511783,2.1468868,4.323116,4.388236,3.805659,2.3740506,3.876825,3.1913114,2.9673336,2.047554,2.63041,2.812668,2.6851,2.8553095,3.452808,3.8347993,3.7867928,2.8524988,3.38239,2.8480458,2.1591873,3.5593858,3.4893847,2.8353393,2.1468174,2.847048,2.6957092,1.1415603,2.101942,2.1070004,3.5154102,3.4799645,2.0298092,3.5354912,4.7454944,3.4159245,4.329169,3.1975951,2.4769807,2.7523212,2.2478576,2.8176725,3.1456912,2.8990421,2.3591251,3.0265691,2.7390254,3.035151,2.5020347,2.7328393,2.5318692,4.046089,2.6299999,3.6180809,3.2732842,2.6291292,2.909308,3.8015904,3.0043254,0.55929816,1.6398284,2.300643,2.743437,2.854762,2.5559118,1.0437491,2.0545685,3.160031,2.4826536,2.2549484,4.424135,3.9237378,2.8968577,2.4643629,3.8598566,4.413371,2.906344,2.249015,2.246654,2.322302,1.7306607,3.1851764,3.8421316,1.3734914,1.791812,4.2842503,2.145352,4.6602325,2.062899,2.1373339,1.9062235,2.6449914,4.0943613,1.0158947,2.678948,2.861482,2.122614,2.3343565,2.6744487,5.05021,3.2569447,3.5742779,3.034178,3.8577876,3.4267194,3.1805208,2.668696,3.4126632,2.4520392,1.3550738,4.1852903,5.374988,4.2205048,4.6582613,3.2539954,3.050951,2.4523299,3.201851,4.255908,1.2963163,4.4441633,1.8676791,3.7487147,4.020637,3.629993,2.470414,2.4833944,2.5674787,0.6639048,4.0258374,3.5181134,3.4887707,4.2110023,2.429344,2.669282,0.7822036,3.4238544,1.579744,2.2980766,3.3819265,1.8077649,2.147252,2.6742601,4.0130806,4.086847,3.2923138,2.94915,2.5904999,1.315791,4.214685,2.4355829,3.5879881,2.5963554,1.7184283,5.3201,2.681599,2.0696375,2.209818,3.006534,1.9745132,2.9671698,3.540984,3.0948741,1.6773618,1.5367445,4.5606647,3.9271324,2.2195485
2.9877937,3.8363187,2.005991,2.3207588,1.299242,1.8176196,3.006792,3.0681431,3.1851006,3.062597,2.8849,3.0520837,2.4119062,2.9947681,1.3104649,2.888358,1.6489797,1.7147373,1.9333801,3.311524,3.3598142,3.7165082,1.6709657,2.8208122,5.5302544,2.6741002,4.4557037,3.4481776,2.926762,3.31988,3.3405755,3.866354,3.0105877,1.1031256,2.943469,2.6177254,3.4079268,3.5328991,5.0656676,2.0307865,2.8866668,3.2575932,2.966786,2.9475074,2.2670155,3.8489754,3.4757257,3.3348408,2.505329,3.1543124,2.9220898,1.6770589,2.2122629,3.4525638,2.959195,1.3210944,3.215352,3.4478104,2.2052119,1.6963881,2.8869367,2.1330197,3.3442097,2.9889805,3.6685226,3.387437,2.108637,3.265731,3.6323502,3.3420088,2.2879496,1.932633,3.4016116,3.0038238,3.4898543,3.0293334,2.7682395,3.4883752,2.8707442,2.877023,3.6836786,3.5127885,2.8791828,1.396271,3.019074,3.9063299,2.956941,0.630439,2.363179,2.6726296,3.2259545,3.2258067,3.2923243,2.9786594,2.911204,3.518243,3.8525374,1.4559896,3.1544132,3.6749272,3.2048357,3.232578,3.3631117,3.0999374,3.0191288,2.8795986,3.4489563,2.550115,4.1038003,3.3631117,3.3411407,9.05347,1.8682733,3.0090096,2.6997647,2.9248981,2.7578492,3.0254385,3.1267414,2.432421,2.6779387,2.9441981,1.7041203,2.8566935,2.9228964,2.6930356,3.0168822,3.9433765,3.2822394,3.0743248,2.1715207,3.4497037,3.3297796,2.6460757,2.9318538,2.9591024,2.9730854,3.3808007,2.7985601,3.4874587,2.280592,3.046586,3.3192434,3.1828313,2.7971165,2.8677866,3.6152039,3.216402,2.7828655,3.0240796,2.9344053,2.1795394,2.78457,2.6388097,3.243298,3.6096337,2.5034,2.3183331,3.088225,2.3424373,2.620726,1.7886958,2.916231,1.830697,1.7275655,2.3906898,3.587316,3.1955717,1.6761633,1.8509434,2.915765,3.0793123,2.9085555,3.033297,3.0312457,2.842657,2.8471823,3.4446447,2.054725,2.9641786,3.298967,3.355359,3.3490686,1.844881,1.5629388,2.7923741,2.9267473,2.1533163,3.0684586,2.0743153,2.883681,3.3009005,2.911596,2.7547195,4.6399493,3.514674,3.3091564,1.3996248,2.0569692,2.654457,3.3651242,2.9022415,1.544391,2.0982318,2.096588,1.3035549,2.647019,2.4027107,2.565858,3.6312609,3.0011902,4.3215137,2.6438491,2.7940705,2.746683,2.4854703,3.694649,2.0779011,0.9841251,3.2793183,2.7080097,2.9149668,3.2210577,4.279415,3.198357,1.8671086,2.0467293,2.3384612,3.1181471,3.039035,3.104103,3.7769527,3.1901157,3.183751,3.0339355,4.5228834,3.3013654,4.647056,3.2400675,2.651489,2.2207184,3.4485495,2.3702257,2.6036756,3.2392437,2.9382243,3.328994,2.877528,3.5203428,2.7954025,2.9626606,2.895871,2.0042279,3.77233,3.806668,1.6918325,3.4485762,0.44176492,2.9516003,2.026994,3.2401698,2.2222474,2.9169018,2.2966282,2.5082953,2.9299114,3.0271213,3.1569495,3.515977,3.5152147,3.021546,1.2826751,3.1778026,3.893946,1.6408617,1.9545838,1.8310515,2.2579854,4.986283,3.122176,2.7776537,2.7049909,3.3624508,2.731133,3.0483272,3.959668,3.3954768,2.1297815,2.7616215,3.9275365,3.4304166,2.8753538
1.3170425,3.0481358,1.8147652,3.4739265,3.316184,3.22592,1.1202395,0.74293774,2.224107,0.5927217,1.077017,0.90629184,2.2074063,0.9204508,4.236214,1.7658862,2.4984484,2.987402,3.7444847,2.4836276,0.8873225,2.586749,2.4304013,3.3653193,5.7335787,1.3783034,5.7674847,2.179192,1.0821599,2.4825804,0.88992286,3.1343524,1.3148707,2.9807093,1.349718,1.4797163,2.4656518,1.3571131,3.6934693,2.0079074,1.1447372,2.7041192,1.0277562,1.1287452,3.2169888,3.6841018,2.7793632,1.0275788,1.785808,2.2949238,1.0106989,2.7763817,1.9428362,1.047489,1.5539885,3.5691893,0.9354768,1.7179886,3.835615,3.6107686,1.6661149,2.5352886,1.3928509,2.2593815,2.0695562,3.695983,3.4406192,2.7553644,2.2223074,0.92549455,5.007372,2.275491,1.0684143,1.191749,3.086844,1.3628598,1.5074759,1.9802115,1.1592857,1.1819675,3.2881446,1.7571968,0.96546954,3.729737,1.287428,3.9915109,1.2456169,3.4360926,2.2816067,1.2717284,2.264244,2.7611234,2.8647838,1.284017,1.0932555,2.838178,2.1573818,2.4755294,3.0468283,3.803322,1.9246527,2.3711853,2.7962332,1.5298008,1.1067941,1.0957409,1.1643242,1.3638585,4.3463864,2.7962332,1.758591,11.103822,3.0441287,2.169464,1.5202986,1.3006772,1.7033272,2.0406888,2.138715,2.6858852,2.0292068,1.894164,2.7720912,1.1273036,1.3151643,1.98488,3.717553,4.047017,2.2402077,0.5492245,3.92965,1.1757995,0.9876224,1.3053962,0.96922904,1.3455595,0.9378236,1.428978,2.4354835,2.081448,3.4346755,1.2372259,3.1740074,0.9240709,1.8892837,2.945565,1.3572999,0.9057535,1.6199849,1.5132742,1.1165214,3.5494158,1.1991835,1.2619488,2.6009922,1.4136794,1.3024756,3.0617247,4.527651,2.9259996,4.012613,3.362146,0.9691803,3.397534,2.8564122,1.8384974,3.409525,2.0832958,4.1366663,2.8553526,1.2270828,2.6701345,0.9800338,1.0097399,0.6820175,3.4145296,1.1671852,2.04366,2.9980128,0.9382122,0.92998445,2.5221262,1.025401,2.3939211,2.2297072,1.5039856,1.2091149,3.332481,1.8333489,2.1307945,0.73386043,2.993713,0.99241954,1.797204,4.55006,2.5163906,0.82943624,3.1183732,3.9142203,4.4027963,1.6804509,0.6670714,3.024659,1.714645,2.1683288,4.158083,3.2979124,2.283109,2.6154413,2.7515612,1.5456647,3.0119271,1.3788894,1.4471765,1.5451554,2.4543078,2.2929711,1.9578255,3.2173817,0.7882472,1.6193821,0.75076085,0.548441,4.294771,2.7437332,3.5738142,2.8420067,3.8245533,2.4592154,1.600373,0.6930924,3.3610902,1.3705256,1.9826934,3.4789124,5.82221,2.9681454,2.8441277,3.5763505,2.1199086,4.6035547,1.195191,4.36374,2.621696,4.0701814,2.552568,2.198641,3.1870387,3.1944966,1.5806634,1.5517368,1.5676613,2.2213016,3.6547058,3.5290728,3.7815392,3.00466,3.6168606,0.97444165,2.2145643,2.951414,3.9015532,1.5585958,2.8445332,1.5503161,0.7312543,1.2098955,3.3268728,4.2369146,2.9620845,1.2727753,3.0359075,2.2766724,3.9469237,2.540155,3.613981,3.0974352,1.8045261,3.6308596,2.3300145,1.67962,1.2627031,0.914788,1.4228142,1.4541162,3.7739086,1.1124588,2.420127,3.1732852,4.566305,3.0202794,1.5804302
1.3754103,3.5032058,1.9768578,2.972252,3.276041,3.3713548,1.5939084,1.4292108,2.6769009,1.3887825,1.5263983,1.3566676,1.4374996,1.3244747,3.9257755,0.781562,2.271594,2.9587116,3.7723455,1.6423539,1.7573191,3.1527545,1.6711453,2.3699195,5.3047,1.1656636,4.5953827,1.7904729,1.1029568,2.7132246,1.7068548,3.549299,1.3379698,2.1387591,1.217396,1.5489905,3.0757205,1.8920339,3.8260615,1.3951942,1.031077,1.26232,1.5017059,1.2935809,2.2684274,4.1931887,3.349182,1.8332027,1.0567746,2.7857215,1.4540261,1.9284497,1.1230307,1.2090725,1.3742148,3.410245,1.7804083,2.318753,4.0260725,3.481777,1.0617654,1.8037771,0.7286837,0.7607057,2.4224508,2.7462225,3.308047,2.916364,2.9003608,1.7573667,4.487078,1.3826312,1.8096752,0.9899209,3.3144982,1.3331616,0.8748634,2.6240866,1.263216,1.2743808,3.8288221,2.2375581,1.2651253,3.5487518,0.8440929,3.6817806,1.3304873,2.6732209,1.5819366,0.7850197,1.4672432,2.798728,2.915807,1.337683,1.5921537,2.9984045,2.331872,2.0812485,1.6760182,2.6017509,2.3708599,2.3203764,3.2176,1.4423397,1.2673297,1.050752,1.8278053,0.8277082,4.121638,3.2176,2.3979912,9.941871,3.2584853,2.025274,0.96107846,0.98425233,0.9128992,1.484735,2.4002585,1.9669797,0.6814774,0.8017461,2.111849,1.2497437,1.2666174,1.1547261,3.4974551,3.1043482,2.8097143,1.2918596,4.0290585,1.82992,1.8017803,0.9603392,1.361416,1.3113732,1.5336279,1.4503878,3.1298845,2.6001384,3.3554,1.3695416,2.088306,1.7438372,1.1321225,2.5725331,1.9531115,1.7420484,0.99982154,1.7603955,1.3033733,3.0247023,1.0188422,0.7541599,2.7533793,1.9058675,0.78482574,3.3673913,4.768433,3.2725983,4.080819,2.7961686,1.0322019,2.481283,1.9480882,2.1925128,2.6328754,1.303826,3.8385446,2.9988494,1.3029455,1.5923654,1.1116203,1.3553231,1.5901831,3.4100134,1.2507739,2.5637286,2.6226025,1.313149,1.7709831,3.047143,1.818998,1.6542553,2.0726418,0.6771909,1.3095992,3.0925667,1.4964898,1.0542496,1.1895752,1.995853,1.0915948,0.87950647,3.9544027,2.5648017,1.7080762,2.3251395,3.9045691,4.544214,1.6439848,1.1988436,2.1159353,1.8901951,1.3911887,3.9285264,3.1228719,0.90887135,1.1762362,3.3626993,0.75725967,3.4844081,1.1404557,1.2062007,0.7821987,1.7872915,2.7279747,1.061536,2.7638085,1.6793023,0.54123026,1.0767452,1.4990295,3.954231,2.4624052,3.3825698,2.6801314,4.0386596,2.6591234,2.0990725,1.4409769,2.7359872,0.811437,1.9034895,3.4582427,4.652915,3.2337627,3.3205864,2.256954,2.7865572,4.177251,1.851316,4.3810463,1.2990998,3.511487,1.0496064,2.8272514,3.2262614,3.006042,0.97778416,0.7460634,1.5871865,1.4983853,3.395809,2.9180968,3.7286704,3.430767,3.0588152,1.3911858,1.2645388,2.4724662,3.4317536,1.3244904,3.176901,1.3870871,1.2540466,1.0693445,2.931336,3.1434174,2.5655618,1.768223,2.987792,2.2041848,3.6486042,2.273781,3.2079237,2.1875522,1.1452721,4.0069504,1.7316967,1.1065203,0.77609533,1.7003242,0.9426674,1.4378808,3.0170107,1.85345,1.1987227,3.0757008,3.5112157,3.2032762,1.2130086
1.6841291,3.6185038,1.5015421,2.7995305,3.132821,3.230763,1.5936161,1.2183601,2.739527,0.59098065,1.4803562,1.3509525,1.8010482,1.323276,3.8511724,1.713101,1.9683094,2.9997342,3.7727852,2.4263005,1.5506346,3.2009923,1.8447015,3.140482,6.0282006,1.4333771,5.6670785,2.1611497,1.3598007,2.7386718,1.5385736,3.7054224,1.6236458,2.5003169,1.6062399,1.1099886,3.0191998,2.00062,3.8251905,1.7336551,1.3496029,2.4175768,1.4658535,1.4896954,2.962131,4.1895704,3.312322,1.669814,1.6588463,2.7984927,1.4164742,2.2148285,1.4246734,0.41596007,1.711752,3.1855123,1.5086107,2.3316512,3.8645024,3.5279317,1.8101023,2.1486065,1.1308628,1.8676958,2.0116987,3.560613,3.5335095,3.1626022,2.8544827,1.5717205,4.410795,1.7408139,1.7230321,1.0805513,3.407037,1.6736189,1.5645998,2.604008,1.4319038,1.4498677,3.8067317,2.3791416,1.2778355,3.3204863,1.3755558,4.259671,1.5514017,2.9298847,1.891565,1.2747147,2.2240214,3.12758,3.242061,1.5933201,1.5228283,3.1364245,2.6478095,1.9218432,2.8362646,3.6262937,2.4583502,2.7851412,3.3006964,1.8387885,1.4742156,1.32675,1.8172886,1.2839742,4.650902,3.3006964,2.3388577,11.004426,2.8388965,2.4685724,1.5000641,1.4997633,1.7089171,2.1487927,2.5985,2.5977764,1.6718575,1.8266943,2.2448826,1.4001912,1.6027935,1.933329,3.8500133,4.0351872,2.7804456,0.6844969,3.9739344,1.8290715,1.6172869,1.309142,1.3518018,1.6059605,1.3873354,1.3840209,2.678604,2.680416,3.5101619,1.6248932,3.0332782,1.5006027,1.8589132,2.9276094,1.9649203,1.4887911,1.2112992,1.933573,1.461541,2.8866806,1.2554655,1.2252319,3.0093153,2.025948,1.1642356,3.1423497,4.7109637,3.1129003,4.1372204,3.2463415,1.1627581,3.064346,2.4731765,1.9563977,3.4181204,1.9979024,3.6370072,2.8097289,1.5143746,2.5893557,1.251607,1.4338198,0.9716721,3.487731,1.4419949,2.6284108,3.0313387,1.3192352,1.5485898,3.0355122,1.6607026,1.7789539,1.808152,1.490267,1.5095503,3.3313353,2.0177996,1.5687723,0.5254002,3.0418482,1.2616394,1.7718829,4.6811585,2.7762954,1.4677316,2.8000734,3.9204512,4.4985256,1.5538824,0.7882934,2.6293588,1.648068,1.6277938,3.9369032,3.3583624,1.7576485,2.098058,3.327638,1.499913,3.2892156,1.413396,1.5147406,1.4125291,2.17858,2.887007,1.3872101,3.0426297,1.4167776,1.4883643,0.8831488,0.9744337,4.6791816,3.007479,3.6194556,2.7038915,3.9069564,2.8707485,2.10967,1.1850371,3.4765742,1.184056,1.2430634,3.5688553,5.7177258,3.2814548,3.12113,3.3323362,2.2259426,3.9908032,1.848464,4.394996,1.9514297,4.1384726,2.0720334,2.7584136,3.361006,3.479736,1.4835898,1.5004841,1.8469274,1.6297513,3.944619,3.644667,3.7387562,3.5069962,3.2501009,1.373202,1.5694045,2.7463555,3.2710044,1.6898996,3.0265617,0.97580796,0.5310257,1.472235,3.3992524,4.0760098,3.1675467,1.7697407,2.8361769,1.5837612,4.219442,2.5285416,3.605041,2.7885118,1.6241285,3.9263682,2.4413009,1.6572264,1.2810173,1.5681808,1.3726346,1.7531409,3.8124595,1.7592645,1.9127554,2.613537,4.492257,3.4553552,1.6578001
1.7282706,3.6898484,1.7680373,3.46151,3.2587335,3.314317,1.665182,1.3383014,2.7700746,0.7893947,1.5625718,1.4523747,1.6915828,1.4137058,4.156968,1.8610197,2.4339988,2.9418552,3.814149,2.230364,1.5026858,3.0985694,2.4442306,2.987531,5.6927433,1.972439,5.746652,1.6918863,1.5136228,2.1459842,1.6283274,3.5171256,1.5171703,2.7028294,1.5824183,0.8824488,2.9631166,1.970934,3.0100133,2.3619177,1.7131418,2.8651671,1.5223585,1.6753782,2.8727014,4.094667,3.2973664,1.5876769,2.2555902,2.8089194,1.5075475,2.8646145,2.1379693,1.1821882,2.2729497,3.486811,1.703143,2.140737,3.8851175,3.4092448,2.1043515,2.8901834,1.2082437,2.3572345,1.172267,3.340658,3.8233476,3.4586258,2.6862195,1.6898054,4.849704,2.403444,1.8109066,0.9098193,2.880961,1.5864308,1.9526737,2.5342262,1.4037293,1.3963839,3.7802968,2.3914998,1.3615965,3.6267405,1.8715982,4.713353,1.4605441,3.2211072,1.7361462,1.549483,2.0410337,3.4724197,3.5763483,1.4985452,1.5947143,2.5725765,2.2618232,2.22689,3.0818222,3.59453,2.544325,3.0069494,3.3326178,1.68781,1.7409302,1.618054,1.8926563,1.4650165,5.0570626,3.3326178,2.4691799,11.298963,2.850725,2.8645356,1.501975,1.7937225,2.1576524,2.6897423,2.8072546,3.2033021,2.263061,2.271029,2.918536,1.4022609,1.5977463,2.4826393,3.4830465,3.8568983,2.6417265,0.7842657,3.9643795,1.8796345,1.7724656,1.8133453,1.4422168,1.4795634,1.4873587,0.82867056,2.4906785,2.5285575,3.2696466,1.6211545,2.9421062,1.6315335,2.4327316,2.4955387,1.6458586,1.6592203,1.1462862,2.2232218,1.4925214,3.5267675,1.7934154,1.5830897,3.3184102,1.8110414,1.4420846,2.9244244,4.682806,3.1456535,3.9279463,3.138205,1.2309495,3.029738,2.4994094,1.7313983,4.055576,1.8114535,4.016412,2.681577,1.4429834,2.5967655,1.4004347,1.4990247,0.93898386,3.0281322,1.4617245,2.729865,2.9026537,1.4024049,1.7161957,3.1538901,1.8072627,2.4296048,2.04678,1.773067,1.4446952,3.813346,2.540751,2.1562243,0.97209775,3.4120407,1.4548073,2.1987994,5.2931356,2.209076,1.5947648,2.823871,3.8184752,4.472718,0.9373931,1.0776658,2.6866734,1.6179122,1.7223215,4.1289153,2.9764159,2.30141,2.4551427,3.214376,2.0651581,2.467013,1.9537587,2.0955162,2.0244823,1.9279647,2.6270103,1.998421,3.1384463,1.533162,1.8471091,1.0311158,0.81763256,4.7874694,3.4451077,3.5974643,2.3965733,3.9456468,3.143714,2.1309235,1.2408427,4.0693874,1.127237,2.0036972,3.0724664,5.7724233,2.7915304,2.2612479,3.431473,2.0025053,4.417429,1.9002262,4.325322,2.4596584,3.8592634,2.5464656,2.7252479,2.942908,3.9510376,1.3943347,1.5624399,2.2784598,2.3269987,4.3905807,4.23959,3.7740204,3.5252628,3.4130774,1.4325138,2.1707492,2.245508,3.8804464,2.255164,3.0120342,1.0490762,0.7974871,1.5372894,2.9883065,3.9661028,3.7108366,1.8210801,2.9106536,2.3421102,4.6725903,2.8288121,3.5029387,2.7677984,2.2071857,3.0946262,2.9850798,2.263418,1.5937871,1.6296315,1.97187,1.572568,4.4450684,1.8772641,2.1817331,3.2993498,4.389219,3.705611,2.2348185
3.5649302,3.188857,4.836013,5.9975605,4.597404,4.272755,3.8368647,4.2011943,3.3188734,4.848628,3.9162514,3.985187,4.3567047,3.9856815,5.329441,3.6222632,5.1601477,3.750998,3.9970052,3.6471064,4.141272,3.2924814,4.699156,3.5631719,2.6066053,3.9581368,2.707347,4.1926093,3.8324287,3.9481447,4.1170454,2.937497,3.6857016,4.273742,3.6280906,4.851527,3.5390923,3.671522,5.453546,4.086532,3.8670814,3.9190266,3.924551,3.7674189,3.5184436,3.499281,3.5048506,4.0400867,3.8384926,3.4025416,3.9463344,4.697116,4.52788,5.3270173,3.8822,5.3050613,4.2338233,3.5806403,4.5209827,4.067922,3.3825881,4.4315195,4.5939364,4.2027426,5.295144,3.432648,3.3386614,3.131765,3.5585399,4.1314464,6.4597883,4.4969983,3.9820876,4.381338,3.6267517,3.6207008,3.6380606,3.545397,3.8290951,3.823271,3.5121062,3.406942,3.9884698,5.455768,3.9505973,2.8147707,3.748956,4.57519,4.365177,3.8606334,3.667449,3.0516624,3.0193627,3.7077937,3.919608,3.6735709,3.3949225,4.929736,3.3714435,3.4289653,3.3932052,2.759862,3.190728,3.5191555,3.8161917,3.8643982,3.8755426,3.8956625,2.7871056,3.190728,3.7439137,6.9727774,5.1658673,3.1818511,3.7745984,3.6839132,3.582267,3.5038285,3.2342281,3.4886415,4.087242,3.6210139,4.8293037,3.849668,3.6274948,3.5790653,3.117648,2.927405,3.479222,4.681423,4.201207,3.8532724,4.1246023,3.9559572,3.9630873,3.708355,4.0594983,4.6498923,4.62284,3.326933,3.5009093,3.6584144,3.403303,4.171343,3.6842394,3.7051654,3.8906674,4.2073417,4.545099,3.6050045,3.800546,5.927365,4.064338,3.9199944,3.1639414,3.7121503,4.009221,4.369881,4.26793,4.0290456,3.784046,3.2581716,4.0426702,3.768555,3.946757,4.173718,3.4993842,3.8881435,5.8695807,4.3610106,3.7689357,3.214769,3.95156,3.8778355,4.6533546,3.9619288,3.7943437,3.446726,2.9902143,3.9781678,4.181318,3.534521,4.084788,4.829831,4.782162,3.7027342,3.774545,3.7211213,3.6069713,4.4216,4.7382836,2.679969,3.9350321,3.5304356,3.6580064,3.7303743,4.2133546,3.7594063,4.0566926,4.2927194,4.773145,4.486099,3.9531105,4.2908,4.547598,4.665866,3.535606,4.306831,4.27758,3.4761894,3.95851,4.947326,3.964867,3.9735477,4.015483,4.1294003,3.196156,4.510443,3.623483,4.2387657,3.776775,4.335346,4.6036906,1.0789107,2.9434218,3.239555,4.208879,4.354563,3.2067127,3.5906453,4.2552757,3.349671,4.4202447,5.901232,3.9394348,2.8138225,3.6513526,5.1973257,3.3943686,4.8600874,6.4659,3.845238,4.1871605,4.819659,2.6344192,4.3527746,3.5938325,3.5562818,3.0961468,3.9558234,3.8580506,3.681432,4.7745867,2.844244,3.3284557,4.107528,3.1961975,4.3592877,3.9596887,4.6915874,4.537573,6.1139755,3.8727477,3.980657,4.942332,4.790947,3.7414572,3.2764194,3.203973,3.2451346,3.7493875,4.534147,6.0728135,2.82756,3.4461632,3.0157065,3.668337,3.8958402,5.144041,3.36601,3.8706822,3.856689,4.071944,4.0216722,3.6249053,3.539764,3.9835973,4.1974783,6.214458,2.8272765,3.0098717,3.8633363
0.97531956,1.6043537,2.5571694,4.1412234,3.1385512,2.7994459,1.1258832,1.4870361,1.0643958,2.2185562,1.2462673,1.2895508,2.617865,1.3167058,4.134385,1.6128535,3.1216722,2.4019878,2.9959931,2.2743452,1.4124815,1.3880758,2.7967288,2.8931417,4.189201,1.423109,4.3089,2.493538,1.2375237,2.3578815,1.3359767,1.7161134,1.2646796,2.9280927,1.2141638,2.5834434,1.5070747,0.96819884,4.1652102,1.9703403,1.2479955,2.4836175,1.2445203,1.0819974,2.7196956,2.4558558,1.6982745,1.3366492,1.5996504,1.2371897,1.2692125,2.9579737,2.3934717,2.7656238,1.3506681,3.733272,1.4534713,1.1341767,3.3357942,3.094261,1.0366526,2.537883,2.3647063,2.4222043,3.2159476,3.081335,2.2587357,1.2779514,1.3906505,1.3412311,5.232461,2.5510197,1.1924917,2.0771682,2.4958894,1.2091957,1.2448019,1.1378866,1.3264427,1.3428249,2.1085525,0.7479326,1.3729137,3.9187343,1.4396024,2.2984552,1.2885133,3.3502715,2.6659713,1.4461564,2.1177943,1.2304705,1.3010896,1.2630117,1.2402033,2.3979309,1.5776578,3.0201716,2.4298222,3.1423597,0.84240013,0.4363442,1.4530381,1.2337197,1.1022053,1.243076,1.0899915,1.5898855,2.5785804,1.4530381,1.1248378,9.329501,3.3727393,0.84571314,1.6059936,1.1413107,1.3110458,1.3055223,0.7854882,1.8385453,2.1241043,1.5671653,3.0037036,1.3229619,1.1534258,1.4670947,2.7579732,3.0807118,1.3611336,2.0605268,3.2393045,1.0783701,1.32843,1.4494188,1.3019097,1.3412374,1.3557358,2.4472005,2.570612,1.0667504,2.651381,1.0824087,2.6424024,1.4045166,1.4836653,2.617713,1.441657,1.427575,2.4452534,0.8587144,1.2098105,4.13737,1.4904122,1.4890223,1.1533148,1.2174087,1.6595905,2.8481994,3.6037388,2.3697615,3.1536307,2.5643542,1.5157443,2.9762485,2.696119,2.0282874,2.366168,2.1772487,4.396418,2.750618,1.3016704,2.0589547,1.3468148,1.2102375,2.0164611,2.9969094,1.2659707,0.95714074,2.0289118,1.324103,1.3882971,1.4561781,1.2873555,2.8665228,2.7552094,1.4315606,1.2896159,2.3861723,1.2059766,2.4742465,2.1419427,1.6830815,1.3163884,1.3628087,3.2276459,2.2606418,1.4288764,2.7185657,3.2298691,3.5821228,2.6736436,1.8515947,2.8018188,2.08204,2.7019198,3.6999204,2.6753278,2.5064063,2.7563562,1.6963328,1.6150777,3.3835635,1.4421318,1.4511073,1.6712714,2.606906,1.2411469,2.4382484,2.556408,1.463254,1.6036333,1.7555523,1.9679153,2.166994,1.2142804,2.5233924,2.794109,3.200511,1.0735459,0.9728075,1.5581462,2.1787767,2.2088492,3.4622133,3.0459974,4.396183,2.3984046,3.48229,2.9224715,2.6699371,5.0178227,1.0695539,3.5708053,3.1072936,2.8937864,2.7338026,1.3484875,2.5446694,1.7131896,1.8727579,1.7316929,1.0541329,2.725119,1.9952811,2.288966,3.1277437,1.6509345,3.308959,1.3030264,2.7275243,3.2253208,4.4135876,1.3601587,2.313117,2.6835845,2.2139566,1.2516981,2.6268058,3.3752482,1.6958294,1.0422314,2.9657326,3.665818,2.2611892,1.7245675,2.557619,2.6912332,1.6795092,3.8765557,1.3873296,1.5159428,1.4175956,1.2985704,1.5678811,1.3151445,2.6542628,1.1872125,2.578352,4.066074,3.4571435,1.4357973,1.4005762
2.3610804,3.641967,1.5553414,2.3589761,1.5323824,1.958911,2.4345539,2.4607353,2.8549268,2.413337,2.3020263,2.4330032,1.5803201,2.3668044,1.9846861,2.1660328,1.4292288,1.5675422,2.1899452,2.5413995,2.7653632,3.3779416,1.2868786,2.1651742,5.1742916,2.173087,4.2722483,2.6352024,2.278743,2.6786466,2.7742136,3.5566313,2.3208542,0.4165629,2.2570617,1.8759594,3.116094,2.958689,4.313735,1.6485945,2.2929418,2.6795604,2.3685417,2.350535,1.631015,3.7605805,3.2646499,2.7488325,2.0246093,2.848636,2.3242333,1.4744813,1.7212849,2.8010917,2.5107532,1.7076702,2.6990802,2.9158957,2.4706273,1.7063564,2.2919767,1.9358873,2.5628684,2.3536074,2.9060068,2.7565634,2.3194468,3.1078932,3.2202861,2.793787,2.8316758,1.5073761,2.8551304,2.2202294,2.9845595,2.343786,2.1697912,3.0676794,2.194095,2.1939309,3.5615737,3.0288103,2.2367086,1.820112,2.4321475,3.9032824,2.2730474,0.67489946,1.5342387,1.9977667,2.448714,3.062492,3.1467757,2.2939985,2.3396187,2.9189243,3.1876,0.99285007,2.5673494,3.0682619,2.8151445,2.8815603,3.1548903,2.4059536,2.4397335,2.2650669,2.9004023,1.8327796,4.1637015,3.1548903,2.9565203,9.300332,1.831303,2.6802738,1.9479555,2.3077652,2.1939802,2.609304,2.8057878,2.246777,2.0964506,2.3503735,1.6011631,2.1871998,2.2547529,2.2246773,2.6372187,3.3700633,2.9013534,2.403196,2.427564,2.8943517,2.8029933,2.0844724,2.3129158,2.2550325,2.3911235,2.574237,2.526592,3.0257535,2.0605667,2.4009783,2.6325607,2.644453,2.324324,2.1956947,2.957754,2.6853418,1.9697971,2.5726404,2.2876313,2.2676032,2.235605,1.9836065,3.0476716,2.9717472,1.8032877,2.1457865,3.3662677,2.3146923,2.6374717,1.4180157,2.221098,1.2761264,0.978805,1.8418299,3.4126482,2.3974402,2.1589031,1.6371973,2.2327156,2.3881688,2.2561119,2.4062567,2.4032118,2.419468,2.1841786,3.0805979,1.644054,2.332215,2.7690914,3.1396031,2.8233805,1.472152,1.1015937,2.115662,2.2479184,2.3771687,2.640247,1.4951926,2.2409215,2.888377,2.2696133,2.1764486,4.5975614,2.8244202,2.7522545,0.79890287,2.2065907,2.9640503,2.5500886,2.2642431,0.85231525,1.5176767,1.2888052,1.9388565,2.190064,1.797605,1.902698,3.3546767,2.4290032,3.6543458,2.137324,2.3157067,2.1953843,1.6768608,3.1887395,1.498135,0.9326773,2.7142882,2.034282,2.2330573,2.5515256,4.1008563,2.9822276,1.910798,1.497883,2.5933788,2.8994331,2.5697758,2.479934,3.5836432,2.3964348,2.716972,2.579294,4.3235455,2.8213186,3.9076526,2.6655626,2.264203,2.6412227,2.8982584,2.653736,2.0075138,2.842579,2.3188272,2.993187,2.4447858,3.4143937,2.0062656,2.2056735,2.4634318,1.6019018,3.7147577,3.6577392,1.9817969,3.278736,0.8299898,2.3295844,1.4780405,2.4717658,2.4553218,2.4621453,2.211318,1.7768229,2.2628443,2.3446941,2.5657308,3.0066054,3.3124478,2.4831796,1.2955481,2.8030262,3.8842366,1.4889891,1.7975821,1.1821988,1.7878329,4.3035493,2.758881,2.300535,2.0449407,2.7865632,2.2005162,2.3470874,3.8127043,2.8678248,1.3910196,2.755904,3.4691741,3.3057015,2.4037182
3.805661,4.8909698,2.494131,2.1703277,1.942246,2.6291988,3.8219106,3.7941725,4.1756344,3.5816593,3.6763494,3.8122694,2.7515337,3.747101,1.3763348,3.5660143,1.9143541,2.572093,2.7802117,3.8614373,4.1213117,4.70357,2.073058,3.2476642,6.2994986,3.4641368,5.0363207,3.9115798,3.6859472,3.9356668,4.1231823,4.86493,3.7622592,1.4954242,3.7043002,2.9729247,4.376657,4.384278,5.35723,2.7822998,3.6629295,3.8091378,3.7496464,3.7537704,2.746452,4.84509,4.472588,4.1172185,3.2828054,4.1384125,3.6998067,2.08391,2.7348564,3.822518,3.7870805,1.4985838,3.9961395,4.319485,2.9070308,2.339543,3.7146873,2.7629995,3.7936552,3.4854224,3.9272301,3.8400543,3.188054,4.329015,4.559732,4.132546,1.6275041,2.4369607,4.2217813,3.5210016,4.193398,3.7927353,3.5559316,4.423272,3.612046,3.6139297,4.693639,4.4430666,3.6174507,1.4394673,3.7610953,4.970609,3.705078,0.89936215,2.690091,3.38991,3.7982366,4.288685,4.3630004,3.731933,3.7093382,4.184057,4.636268,1.6915773,3.7495148,4.145889,4.172479,4.2632365,4.397691,3.8640354,3.8255606,3.6491153,4.2861543,3.2304387,5.1900525,4.397691,4.271147,9.545838,2.1990979,3.9989643,3.3677216,3.7138526,3.5535448,3.8954875,4.13669,3.336022,3.2707064,3.6800332,2.130252,3.6000874,3.7003133,3.5096765,3.7147715,4.525071,4.2171392,3.6310143,2.9343925,4.2863364,4.132608,3.40429,3.6928897,3.6936383,3.7404048,3.8142855,3.4761353,4.419551,3.0352592,3.8395085,3.840187,3.9628677,3.6005425,3.3846345,4.374162,3.994833,3.1700304,3.9325259,3.7043788,2.0132787,3.5318763,3.3532293,4.2937784,4.4102483,3.1701078,2.963108,3.88609,3.229834,3.3627672,2.5136855,3.601863,2.228292,2.155316,3.0726995,4.4499674,3.7282703,1.3779461,2.481825,3.661459,3.7212043,3.6445389,3.8066149,3.625006,3.3818665,3.6046135,4.421799,2.9167292,3.7143056,4.08773,4.3624444,4.1606855,2.2014334,1.9814352,3.5144236,3.6753705,3.160679,3.9414544,2.5426614,3.41778,4.170944,3.6564887,3.5393026,5.5600324,4.146178,4.0773187,1.9582767,2.7600048,3.396459,3.7304904,3.523223,1.9680691,2.746583,2.3893847,1.8638897,3.2744217,2.855264,2.9213693,4.606683,3.7187426,4.756969,3.4285054,3.5860531,3.4593217,2.8722165,4.605957,2.5516675,1.9518793,4.036003,3.3976202,3.5449638,3.8164227,5.3598366,4.227218,2.816651,2.5071561,3.1192405,4.160104,3.942982,3.8095734,4.693524,3.6742399,3.3308175,3.5627277,5.079256,4.021844,5.0512075,3.7298074,3.1957562,1.5586096,4.289278,3.0568173,2.8074167,3.9233274,3.3401225,4.2816644,3.5672984,4.5627184,3.3818686,3.5906954,3.7856462,2.420227,4.836279,4.7356153,2.4776354,4.4875317,1.0902094,3.712031,2.3816888,3.4848475,1.974072,3.7401032,3.1713827,2.8106062,3.4357355,3.7735224,3.762065,3.9775183,4.4881144,3.869925,1.9050046,3.2825274,4.95849,2.6886134,2.7990043,2.3228846,3.0364895,5.409007,4.0182757,3.5631788,3.431307,4.1484895,3.4741302,3.794101,4.825876,4.225502,2.5236537,2.7940133,4.480143,4.512695,3.683501
4.509569,5.235552,3.0049453,2.246186,2.157588,2.8124995,4.442872,4.4187174,4.6366754,4.217433,4.3022137,4.4666033,3.733819,4.411017,0.944182,4.4127145,2.316901,3.0846891,2.948269,4.846388,4.7387967,5.1775103,2.673282,4.296808,7.117257,4.0305104,5.825603,4.884435,4.386919,4.755411,4.711018,5.372504,4.5270786,2.462986,4.4701543,3.757694,4.7920384,5.0226026,6.329425,3.3072438,4.3116364,4.619261,4.389143,4.4065166,3.771796,5.1249003,4.8229218,4.7362385,3.8804145,4.5767365,4.336933,2.588133,3.339504,4.466481,4.3110714,1.4208382,4.5247607,4.9396787,2.9499395,2.8504915,4.4270773,3.1596103,4.6456447,4.295577,4.784596,4.8848796,3.3503973,4.6540227,5.07758,4.7005863,0.79839176,3.0419638,4.8009467,4.354777,4.9433975,4.559582,4.248715,4.9370766,4.344553,4.354818,4.9775505,5.0176787,4.2971125,1.2617537,4.4127865,5.2206435,4.455485,1.7841402,3.6795323,4.126671,4.760795,4.630557,4.691176,4.487816,4.323969,5.0049286,5.4452934,2.3725834,4.6463113,5.160413,4.667687,4.788852,4.773452,4.6569834,4.4574027,4.315449,4.8769736,4.0087705,5.383715,4.773452,4.722202,9.825856,2.4621365,4.4774337,4.2036867,4.4058585,4.234002,4.449111,4.5879602,3.7687845,3.998171,4.412166,2.4965117,4.3221784,4.4441066,4.125804,4.5020843,5.5210643,4.7244606,4.2978864,3.0635133,4.8864026,4.679653,4.027606,4.3497367,4.4739285,4.3516493,4.6894803,3.8458848,5.0001082,3.6625614,4.554271,4.854105,4.5192313,4.2025337,4.3445935,5.0965533,4.5402093,4.064436,4.461999,4.4057965,2.0671127,4.1298075,4.0674124,4.6461043,5.12141,3.9212778,3.394923,3.8929918,3.4775667,3.7623968,3.3570843,4.336442,3.260927,3.1727364,3.7151597,4.854723,4.685292,0.8627453,2.9797652,4.408234,4.667163,4.338724,4.4790926,4.2470837,4.1484704,4.3247204,4.882892,3.68101,4.383261,4.6332526,4.6972427,4.70996,2.7669375,2.5845482,4.284094,4.4165583,3.2441921,4.4785147,3.271821,4.0556164,4.8613315,4.341639,4.247138,5.824142,5.0274816,4.6475153,2.9283562,3.08152,3.4303806,4.6339364,4.1641297,2.987301,3.3933427,3.3235252,1.7763796,4.0890136,3.6452007,3.832869,5.022138,4.3781257,5.589853,4.0005736,4.1331625,4.095445,3.8797312,5.253988,3.245784,2.5871758,4.612722,4.173625,4.243157,4.4855285,5.8806014,4.642375,3.275275,3.3401177,3.158696,4.5312276,4.495756,4.448048,5.096649,4.5394273,3.793145,4.3599796,5.8879924,4.7363114,5.927692,4.7080665,3.6545186,0.9662427,4.8849754,3.2146637,3.6375763,4.7961454,4.177949,4.7233505,4.3062463,4.862073,4.2602196,4.4445,4.3015537,2.9738517,5.121591,5.1036305,2.681907,4.834746,1.794699,4.372536,3.090977,4.5254436,1.7928938,4.2734447,3.4835205,3.589386,4.0979767,4.523863,4.6976633,4.9893184,4.874907,4.467361,2.3036423,3.640923,5.211262,3.1363075,3.4816563,3.335118,3.6242623,6.29296,4.5465803,4.1384764,4.15431,4.7501044,4.0748506,4.5839343,5.2046957,4.785508,3.4600842,2.7489579,5.447642,4.819363,4.239801
0.7123012,1.8784453,1.7478638,3.4739528,2.686062,2.4150698,0.41970086,0.6728907,1.0525324,1.3698593,0.487165,0.6084698,2.3226995,0.644263,3.6871152,1.5773402,2.396225,2.1893775,2.8161838,2.4359298,0.7375233,1.5832222,2.2502148,3.0939445,4.996171,0.7967621,5.005962,2.4226027,0.7469351,2.2965004,0.5839979,2.1314335,1.0278003,2.6432724,1.0047169,1.9233695,1.4402744,0.78154504,4.121656,1.4711773,0.69154227,2.5561876,0.5334597,0.5026417,2.8394783,2.6133754,1.6964637,0.7216605,1.2393556,1.1600345,0.5259835,2.4884808,1.8337907,2.0186913,0.8844618,3.1526158,0.5301674,1.029812,3.0227017,2.920088,1.0409483,2.0923533,1.986084,2.2745976,2.7409532,3.4199486,2.241523,1.4665636,1.3796833,0.5531652,4.717777,2.0586932,0.5401106,1.6200612,2.6216528,1.0317568,0.99720436,1.0426497,0.8831211,0.9242591,2.1939192,0.80798805,0.71616304,3.338356,1.0257403,2.7883554,0.9616356,3.0219715,2.371962,1.0183848,2.2276073,1.478566,1.5798334,0.98290896,0.46413913,2.5143723,1.8643438,2.3935676,2.7198992,3.5429223,0.72753906,1.1290232,1.6058501,1.1974225,0.49865267,0.67799556,0.57215077,1.1833496,3.0896833,1.6058501,0.6978083,10.070667,2.7378445,0.9831713,1.373172,0.82138556,1.1574566,1.2810462,0.8358885,1.7957485,1.8778183,1.534849,2.461459,0.8390675,0.89455605,1.3473041,3.0481653,3.6402884,1.2962831,1.2641875,3.04557,0.5958763,0.50850236,0.86484843,0.6050718,1.1014535,0.5258871,2.0449827,1.9871961,1.1908264,2.6785004,0.7783438,2.9549415,0.5139234,1.3032982,2.6883123,1.2471478,0.52411413,2.013779,0.2782696,0.724256,3.493257,0.83661795,1.0074161,1.3196392,1.1296942,1.1610217,2.4878242,3.5323606,2.0165756,3.1647737,2.6721127,0.98012245,2.9928913,2.5635636,1.4866699,2.6127129,2.1708078,3.8149624,2.3266907,0.9413892,2.3612132,0.7602263,0.62829715,1.1640148,2.9760377,0.80940753,0.90935224,2.1909237,0.66066337,0.5296928,1.3632035,0.49939522,2.2865832,2.0786994,1.2285074,0.9163045,2.2307951,1.0486591,2.0301795,1.3052976,2.2324352,0.7254762,1.2835501,3.633747,2.3534694,0.5989644,2.637954,3.1009724,3.4640005,2.2797139,1.0231975,2.675565,1.4322425,2.2754157,3.3985982,2.7619655,2.216721,2.5996788,1.7583742,1.3086218,3.2326968,0.8165357,0.8859241,1.2542458,2.4412951,1.5474243,1.9022545,2.429331,0.6239791,1.3891089,1.0485753,1.2093734,3.1084423,1.5728031,2.5852482,2.5345716,2.9331234,1.1575907,0.5384562,0.77409124,2.5012374,1.8496859,2.636404,3.071898,5.086538,2.4605458,3.3082104,3.2587914,1.9662833,4.424212,0.5876306,3.4797993,2.7704332,3.3827286,2.587873,1.180348,2.615381,2.027956,1.6299239,1.5641321,0.5444498,2.128326,2.4603996,2.625039,2.923449,1.8246062,3.0419402,0.6242283,2.2094874,3.1212215,3.7771971,0.90256286,1.9691287,2.004956,1.3984977,0.9674478,2.904743,3.8220723,1.9722129,0.3796904,2.4894145,2.8269289,2.7452798,1.4929539,2.7440617,2.693802,1.2361864,3.8650508,1.5105122,1.148171,0.9849653,0.6057048,1.0456122,1.1787808,2.9707146,0.50356597,2.3397927,3.2609248,4.0472126,1.7283881,0.984489
0.7627832,2.239761,1.7821618,3.7814748,2.8821716,2.6372962,0.4420555,0.46980613,1.3553516,1.0623211,0.46871322,0.50526375,2.171649,0.5234848,3.9923716,1.6599338,2.5940275,2.304267,3.062246,2.2889223,0.20912747,1.6717225,2.5702379,3.060166,4.971181,1.3371912,5.3130493,2.0291235,0.79777527,1.8065312,0.42506364,2.1737292,0.8177778,2.8153691,0.9184002,1.592793,1.573005,0.6806107,3.4820743,1.9981884,1.0265712,2.8564909,0.4190254,0.7240349,2.867566,2.773448,1.9130769,0.16874969,1.7848173,1.4173805,0.47318065,2.9025369,2.183576,1.8898839,1.518972,3.393297,0.59570414,0.77104366,3.2028663,2.9761653,1.4183844,2.651053,1.782383,2.5084412,2.1020045,3.3510747,2.8142486,2.129256,1.2900417,0.4808267,5.0244517,2.438643,0.5182079,1.3032051,2.258408,0.86772573,1.385308,1.0835832,0.7078501,0.72478926,2.4168422,0.97630197,0.5976875,3.5755062,1.3839334,3.5283103,0.7415398,3.2777832,2.202882,1.1641303,2.0745666,2.1917145,2.2784593,0.7753657,0.43584606,2.0918744,1.503524,2.497147,2.9678488,3.6028783,1.1198037,1.7310196,1.9289776,1.0063548,0.8251048,0.9167781,0.590998,1.2285819,3.8021293,1.9289776,1.0646651,10.614801,2.731779,1.7420611,1.3020602,1.1149107,1.6144333,1.9349964,1.448502,2.5180132,2.223391,1.9061124,2.8965113,0.69050926,0.8328195,1.9231162,2.9274309,3.6413925,1.2854513,0.924366,3.2346022,0.566052,0.563065,1.2884907,0.5150493,0.8792201,0.4195949,1.5523374,1.8083172,1.1350623,2.656163,0.694657,2.9483855,0.4556097,1.8759665,2.4219422,0.6867332,0.533428,1.7943325,1.0304116,0.6271422,3.8117082,1.2551973,1.2141262,2.0022328,0.73899734,1.2480081,2.3883622,3.7442467,2.2196848,3.1950154,2.761793,0.8189862,3.062455,2.6220622,1.2351509,3.3279958,1.9802767,4.0804653,2.288588,0.73984617,2.431363,0.7378862,0.532211,0.7466928,2.709639,0.71145517,1.2879571,2.281262,0.53587407,0.55762255,1.7587712,0.5692902,2.6025558,2.1536076,1.421118,0.7150508,2.9205036,1.7145815,2.3128963,1.1569381,2.7447958,0.7750966,1.7074138,4.3728833,1.900572,0.4678448,2.7547898,3.2044275,3.662219,1.7788634,0.87605655,2.7735784,1.3319378,2.220442,3.7043679,2.5824552,2.4868126,2.7671921,1.8338253,1.7004849,2.5596316,1.3425103,1.4577123,1.682168,2.2469988,1.3679221,2.162214,2.6853893,0.4381604,1.6168852,0.8390768,0.68521565,3.5588799,2.3272145,2.8178847,2.344521,3.1538808,1.8174423,0.7314679,0.43776116,3.2193913,1.6053628,2.6825655,2.776263,5.3683763,2.121496,2.5914915,3.4161706,1.684208,4.6765757,0.57357997,3.633993,2.9452658,3.366155,2.8092773,1.3188004,2.388937,2.7869372,1.4627173,1.5079535,1.2875944,2.4607544,3.1989598,3.3599966,3.1438985,2.1304524,3.2715032,0.47754684,2.452263,2.7549741,4.1100183,1.5284964,2.1172378,1.7977744,1.1448241,0.9280535,2.6975868,3.8772473,2.7206368,0.48664066,2.6163619,2.9330492,3.4851167,2.0197196,2.8901887,2.7657595,1.76496,3.2052517,2.1913066,1.7145004,1.174668,0.40371355,1.5126303,0.925843,3.684672,0.582473,2.4624546,3.5394845,4.1420264,2.336123,1.5787894
1.083661,2.8179858,1.8382727,3.8909738,2.9688234,2.8306742,1.0191003,0.929334,1.9094217,1.076778,0.96951795,0.9496921,1.7990348,0.9156086,4.0862617,1.6448592,2.6653183,2.3510087,3.2346003,1.9802576,0.8622512,2.13892,2.6654258,2.74108,4.8585215,1.7782466,5.289876,1.5059844,1.0834545,1.3437514,1.0891865,2.494072,0.8596624,2.696603,1.007409,1.2241987,2.066446,1.2115874,2.8169239,2.3114088,1.418445,2.9278154,0.9174105,1.1727365,2.6024973,3.1627836,2.418031,0.85294986,2.1355064,1.9459294,0.9498655,3.0542212,2.3558693,1.890846,2.0416656,3.4794748,1.2586356,1.1705719,3.3646631,2.9034948,1.715864,2.9687717,1.5623654,2.5409796,1.4001579,3.0199845,3.2354224,2.7682858,1.7208816,1.163512,5.068339,2.589557,1.2044557,0.98930705,1.9796425,0.93474597,1.6847539,1.6314445,0.8290431,0.8075092,2.8869102,1.5636239,0.8899011,3.6493146,1.7346054,4.126461,0.810783,3.235604,1.8080268,1.3195295,1.7814101,2.8244643,2.9111917,0.84044784,0.97802967,1.715852,1.3845776,2.4306555,2.95153,3.387886,1.7418936,2.2853186,2.450713,0.99203557,1.3119233,1.2792416,1.2500665,1.252253,4.402093,2.450713,1.7554355,10.798646,2.707424,2.3325243,1.1923417,1.4424317,1.925225,2.4104111,2.0824778,2.9572244,2.3697395,2.129173,3.0977373,0.85115165,0.99194425,2.2873154,2.7045507,3.4155827,1.6906409,0.9300098,3.3764944,1.2125671,1.2577212,1.6468139,0.9212453,0.8479468,0.9591907,1.0081295,1.9165822,1.5498229,2.5561466,0.96882266,2.701046,1.1247195,2.2619717,1.9815739,0.74703264,1.1960281,1.4508035,1.6681746,0.9075588,3.918911,1.6555666,1.4091351,2.6488187,0.9625806,1.3141488,2.34566,3.9739149,2.5093305,3.1914759,2.6186433,0.90524775,2.8200586,2.3923178,1.1403002,3.8138976,1.6554936,4.1473093,2.233212,0.81847036,2.2987933,1.0072854,0.93523103,0.8263853,2.3697147,0.90074855,1.9389219,2.2203708,0.9016406,1.2371463,2.3692653,1.2697778,2.7082412,2.125715,1.5551912,0.81696546,3.4058325,2.2364166,2.3729906,1.2336131,3.0339935,1.0810386,1.9744085,4.93595,1.4439402,1.1200883,2.5843215,3.223877,3.8298943,1.1749326,1.0598547,2.5717237,1.2969582,1.9516755,3.8241134,2.2914197,2.51498,2.66202,2.2709174,2.0092375,1.9530051,1.7691424,1.9238007,1.9916614,1.821049,1.6015065,2.2353065,2.7181802,1.0701368,1.7311342,0.9208586,0.66829294,3.941779,2.91137,2.9210577,2.0109127,3.3710575,2.4542375,1.3236833,0.8292345,3.748478,1.3326815,2.729948,2.4034274,5.3205605,1.8850992,1.945643,3.2738664,1.638333,4.6985235,1.2270741,3.7092354,2.8662543,3.161381,2.7899945,1.8536211,2.144348,3.4147618,1.2157575,1.4041728,1.8726416,2.6013281,3.8071585,3.9000525,3.256036,2.632828,3.235962,0.8799045,2.4813547,2.1667497,4.229493,2.034051,2.3571467,1.5296489,1.1183457,1.0819848,2.3413248,3.634019,3.3034513,1.1036226,2.6394148,3.0243282,4.086124,2.3546884,2.8491645,2.5414484,2.0910099,2.6147096,2.6783361,2.1264784,1.3705142,1.0569837,1.8834566,0.8645081,4.184176,1.2834677,2.3187544,3.7326295,3.9588964,2.95835,2.0446813
1.9001507,2.3146439,3.149428,4.099533,3.6048687,3.369323,2.1060698,2.3626916,2.0903697,2.9682777,2.182807,2.1778412,3.098475,2.1984248,4.286208,1.9849138,3.4215252,3.063877,3.4959795,2.704309,2.434096,2.4568646,2.8520777,3.1421745,4.480756,1.7843442,3.8083506,3.1958683,2.012383,3.4038522,2.287075,2.701162,2.1765432,3.114764,2.0517807,3.3059716,2.5384758,2.0602152,5.076306,2.016974,1.8340883,2.1236126,2.1942165,1.9084846,2.9839678,3.260096,2.6127412,2.4049404,1.626654,2.2449162,2.1856072,2.833903,2.4506423,3.2141972,1.5605669,4.018454,2.333528,2.3586385,3.9090166,3.6833148,1.4247234,2.301459,2.8409302,2.293907,4.1306987,3.3229332,2.3983145,1.5916451,2.5665307,2.2805884,5.191191,2.5244105,2.1752574,2.7738452,3.5329936,2.1099281,1.596367,2.2968729,2.2087767,2.2305067,2.918971,1.908478,2.2299294,4.181763,1.7667658,1.5510228,2.205389,3.4348872,3.1769779,2.0038435,2.597754,1.3494695,1.4080365,2.1800878,2.1979141,3.4230719,2.603164,3.3787658,2.1371593,3.068686,1.8979958,1.0581423,2.2986135,2.1418705,1.8485339,1.9116751,2.0926409,2.1727927,1.9877515,2.2986135,2.0929797,8.4430065,4.0159636,1.0091057,2.2410638,1.7137916,1.4569097,1.0727769,1.5885006,1.3037052,2.0174077,1.5401802,2.9197226,2.1959045,2.025475,1.3117174,3.4756205,3.1815443,2.5007277,2.8362145,3.7937357,2.1024334,2.2475414,1.8501003,2.1929388,2.228876,2.2754838,3.2253537,3.5439498,2.281446,3.378265,2.0202591,2.7879937,2.3330514,1.3677342,3.3421247,2.5569756,2.3248498,2.9895535,1.6310861,2.1099734,4.08855,1.9068,1.99125,1.4900124,2.3233159,2.2039392,3.6997337,4.160205,3.0956035,3.8538077,2.9905105,2.2897906,3.207526,2.9831033,2.9716597,1.2894609,2.6849759,4.5398555,3.5014396,2.2043061,2.2210164,2.1322088,2.12105,2.8875568,3.8585305,2.1361,1.9469364,2.6215677,2.204142,2.2905247,2.2645113,2.2181513,2.9092767,3.2423656,1.8375827,2.1979795,2.2439277,1.2180053,2.5202737,2.798596,0.89235586,2.0745301,1.4562346,2.11836,3.234736,2.3470953,3.0022693,3.8228812,4.117266,3.4471517,2.5792308,3.0414498,2.8682532,3.1057308,3.946696,3.4535909,2.43403,2.7004359,2.7238522,1.7170905,4.475347,1.8021256,1.7133096,1.7940173,3.1583018,2.436945,2.5745978,2.8912852,2.3815284,1.874656,2.507173,2.8589685,1.9443641,0.75390327,3.008406,3.5322678,3.764275,1.5825071,2.0781121,2.4534848,1.1135099,2.7729797,3.7250488,3.9146173,3.9354126,3.4465284,4.528823,2.729128,3.6129878,5.068144,2.0985851,4.1030917,3.039094,3.3253284,2.5557883,2.4137943,3.449033,1.1868399,2.4908972,2.2392268,1.5162753,2.771282,1.3197229,1.2048148,3.6024547,2.4533854,3.5260308,2.2159483,2.8047261,3.8730822,4.3598027,1.5566517,3.0859075,3.275685,2.9197109,2.0185678,3.310496,3.3764274,0.8913548,2.081006,3.4984891,3.8736715,1.5266138,2.0358818,3.0104897,2.9569757,1.7845266,4.924304,0.8685896,1.5603046,1.9503329,2.2691216,1.7995142,2.241933,1.5173866,2.153295,2.7124014,4.16166,3.3765187,1.751861,1.5477647
1.9029393,3.9832225,1.5970557,2.489325,3.0748284,3.3063095,1.963636,1.6775936,3.0828698,1.1904569,1.8361739,1.7259738,1.3185295,1.676942,3.6310487,1.5214869,1.8042774,2.9813888,3.7892594,2.1259158,2.0499117,3.580628,1.4417431,2.6535347,5.897557,1.615012,5.2011433,1.9931159,1.5904853,2.8298597,2.0438042,4.001878,1.7931167,1.989395,1.7328668,1.0912613,3.4073815,2.4001603,3.8104277,1.6206043,1.5748328,1.9856199,1.8317178,1.7763183,2.4827225,4.5140696,3.6878364,2.1412115,1.6071297,3.146679,1.7760563,1.8079019,1.1300352,0.8615835,1.9291115,3.0415273,2.038177,2.7116156,3.9420826,3.4092524,1.8322562,1.9452338,0.9795773,1.3965558,2.0911293,3.1215029,3.5784638,3.435475,3.2657123,2.087368,4.0453677,1.3566672,2.206796,1.0924181,3.5069582,1.8295833,1.5895798,3.0201004,1.6395572,1.6470649,4.163,2.7611039,1.5849314,3.1557102,1.5222096,4.357719,1.7439373,2.4584758,1.4343886,1.310319,1.961314,3.3606148,3.478382,1.7748094,1.8950465,3.2083855,2.8353598,1.6071519,2.375752,3.134078,2.8196528,2.985185,3.6256633,1.9569411,1.782468,1.5607998,2.2757282,1.2321329,4.770904,3.6256633,2.785896,10.559296,2.8708317,2.654966,1.406955,1.6430566,1.6730264,2.209813,2.9068704,2.4967296,1.3150456,1.6786376,1.9478093,1.6210784,1.7645781,1.86023,3.7342138,3.666431,3.1364584,1.2170597,4.0107527,2.279875,2.1338336,1.4385368,1.6957865,1.7415069,1.8043643,1.4204769,3.0099835,3.0337415,3.4494433,1.8648381,2.600113,2.0082915,1.8336629,2.7109969,2.3332088,2.0107813,0.8533364,2.2626305,1.7205893,2.56104,1.4702238,1.2657018,3.285934,2.377564,1.1275862,3.2491484,4.839737,3.3187835,4.1465216,2.9564164,1.3861492,2.554146,1.959005,2.1344728,3.3403444,1.7322636,3.399033,2.8327124,1.7045819,2.2384918,1.5185572,1.7640834,1.5058256,3.4200816,1.6518769,3.0298128,2.8804371,1.6592112,2.0748425,3.4208872,2.1698422,1.3877084,1.6683632,1.4207784,1.7120743,3.3591566,2.17218,1.0637201,1.0237764,2.856756,1.527866,1.6776558,4.679658,2.8108342,1.998408,2.3589618,3.880579,4.560325,1.5047163,1.2455888,2.1105492,1.7522396,1.0753647,3.7868772,3.23685,1.1818707,1.4279989,3.7096722,1.5131345,3.4471917,1.5817398,1.7015584,1.3981872,1.7815171,3.193079,0.9596805,2.8141859,1.9482627,1.3172412,1.2279528,1.5047215,4.719482,3.1347878,3.5464475,2.5354564,4.0153193,3.1557827,2.472587,1.6555334,3.4799912,1.0578061,1.2505567,3.4948053,5.2445874,3.3995771,3.2934172,2.798853,2.5269506,3.6598022,2.3000011,4.3756957,1.224941,3.8920894,1.4847744,3.1604745,3.356002,3.6427627,1.3207266,1.3591565,2.1104918,1.2909716,4.0712237,3.646402,3.69577,3.8284905,2.8998883,1.7204678,1.0335835,2.4079833,2.9737852,1.8850464,3.21675,0.7784402,1.0269991,1.6323649,3.2055142,3.5870245,3.26842,2.1418395,2.7630525,1.5854862,4.323518,2.5124073,3.414631,2.3044417,1.5515295,4.0440536,2.4751723,1.7121174,1.3348867,2.0591562,1.46853,1.8872074,3.74408,2.2481868,1.2761865,2.5710247,4.057408,3.7291052,1.8026844
3.7764916,5.0607905,2.4323676,0.93131554,3.35566,3.7557604,3.6348608,3.3857622,4.362235,2.930257,3.5049772,3.512807,3.4088333,3.4855168,3.1166162,3.6425734,1.7918664,3.985828,4.301016,4.427847,3.7708855,4.9748235,1.9023875,4.6060877,7.878008,2.933263,6.631438,4.38842,3.4768734,4.8429823,3.6635876,5.4901466,3.8410773,2.993517,3.7651134,3.0199711,4.6316442,4.169935,6.109068,2.4361558,3.2630994,3.5871778,3.557284,3.5131717,4.252763,5.5364304,4.774963,3.8626974,2.847868,4.376624,3.4872837,1.8741411,2.0939338,2.5654857,3.1151876,2.6412187,3.4520175,4.4337654,4.285391,4.3014317,3.6009316,2.0848267,3.3855646,3.1256142,4.181428,5.176527,4.0063705,4.3017063,4.759523,3.6442475,2.8012471,2.056237,3.802161,3.4170423,5.37111,3.8764691,3.3058841,4.475853,3.6037703,3.6322958,5.148984,4.3477902,3.4218483,2.6453555,3.1728094,4.94092,3.7567303,2.833018,3.4690676,3.2323904,4.272549,4.221067,4.322919,3.7991664,3.5359612,5.2299423,4.9960823,2.2273743,4.1485415,5.1093173,4.1658926,4.32156,4.7437577,4.052969,3.4563694,3.3220758,3.905621,3.240499,5.316742,4.7437577,4.0234184,11.144172,3.2091765,3.7746181,3.554046,3.4443939,3.279435,3.401384,4.092854,3.1286366,2.83742,3.3874037,1.6982884,3.5583332,3.739536,3.1566412,5.4502974,5.734135,4.5619555,3.0839794,4.5114446,3.9389217,3.6208148,2.9561071,3.4701939,3.8179305,3.450675,3.79224,3.9734924,4.653384,4.763889,3.7905734,4.7104583,3.5138564,3.1208034,4.7340803,4.3458767,3.480467,3.2178254,3.6156127,3.6099203,1.1155486,2.93924,3.1110952,4.199595,4.353082,3.068741,4.230878,5.3060484,4.0110016,5.16505,4.376773,3.404481,4.040384,3.5331545,3.6336942,3.925557,4.085576,2.489335,3.7693903,3.7042556,4.3286405,3.400509,3.594071,3.1876647,5.047728,3.5748346,4.3129044,4.4034915,3.4777715,3.5527875,4.4087434,3.6661594,1.7485659,2.4301028,3.3865752,3.7008228,3.4405425,3.3820179,2.3158321,2.7559795,4.292115,3.3776467,3.3355124,5.0511127,4.9888554,3.558891,3.7008603,4.6334953,5.0102696,3.8536057,2.9934494,3.5246255,3.1560829,2.9137595,3.7568455,4.929527,2.655684,3.1135015,4.973336,3.0923114,5.530439,2.911931,2.9437456,2.8625836,3.8482955,4.9858365,2.207299,3.697877,3.5279186,3.2447958,3.1720974,3.3786142,6.0732536,4.0566807,4.5052705,4.0334635,4.3843465,4.1240196,3.9574022,3.4168625,4.169196,3.4735165,1.4604408,5.2134943,6.713263,5.1763153,5.5139165,4.610469,3.5792756,2.3995879,3.9463556,4.958563,2.5539029,5.702991,3.0937946,4.425678,5.034499,4.303254,3.5898507,3.6011178,3.3436136,1.7792457,4.7319026,4.253725,4.193676,4.9037,3.364715,3.5093873,2.0685658,4.5673738,1.3874661,3.0893433,4.0277267,2.6862586,2.852972,3.6571867,5.222433,5.4577236,4.024617,3.7454152,3.280065,1.1056195,4.9133186,3.3265007,4.6868196,3.893695,2.7123818,6.245904,3.562874,2.9617605,3.2175498,3.723717,2.8630822,3.9820135,4.2810297,3.7828567,3.0110774,0.7437874,5.9303236,4.602589,3.0545049
3.6485739,4.5532713,2.2607014,2.300461,1.440186,2.1429415,3.6161067,3.6095827,3.862089,3.434101,3.4722855,3.6403341,2.7828717,3.5772374,0.9897477,3.5579076,1.7837545,2.1738362,2.2986171,3.8912494,3.907128,4.369572,2.1278036,3.3404534,6.186686,3.3496854,5.189688,3.8825831,3.5530806,3.7001376,3.9167316,4.5244865,3.6188223,1.5695368,3.5773113,2.859313,4.01642,4.181912,5.266137,2.7209406,3.5460882,3.9674747,3.5528085,3.5950427,2.8061132,4.418212,4.0942364,3.8921096,3.2388458,3.8042688,3.5075407,2.1890535,2.7623053,3.8017573,3.6777146,1.0840766,3.7734687,4.054304,2.3758194,1.9172573,3.641195,2.7828166,3.8125439,3.621439,3.8046966,3.9258633,2.857495,4.0606146,4.2332697,3.9198656,1.7521888,2.4973712,4.009123,3.4558632,3.9028857,3.6544504,3.4878821,4.1207495,3.4589684,3.461851,4.2866607,4.204187,3.4525766,1.042022,3.6959887,4.817168,3.55343,1.0113254,2.7066677,3.3058627,3.8094738,4.052713,4.119937,3.5833826,3.4964123,3.9466302,4.4650292,1.605023,3.8982837,4.3100934,3.8971477,4.066385,4.0469875,3.7303083,3.6765363,3.5234997,4.0782714,3.1505425,4.997042,4.0469875,3.9895031,9.713006,1.7230294,3.8337896,3.2970743,3.6144986,3.5095537,3.8340838,3.8796966,3.2938557,3.3493996,3.6925595,2.1691723,3.4455578,3.5594401,3.4827495,3.4801939,4.59696,3.8798683,3.4874392,2.4277868,4.078182,3.914887,3.30757,3.5149353,3.5561852,3.5364225,3.7487323,3.0393584,4.1323075,2.6853113,3.6824546,3.9415534,3.740426,3.5680404,3.2722185,4.174937,3.7762887,3.172675,3.733462,3.543179,2.1466649,3.4282832,3.272817,4.03982,4.2192693,3.0906928,2.5008428,3.380135,2.7762635,2.9242897,2.3583214,3.4783292,2.3011887,2.212612,2.7706957,4.469767,3.7414517,1.1810623,2.0478673,3.5101287,3.7758708,3.5051332,3.6373594,3.4279392,3.091244,3.4508998,4.1401877,2.697359,3.5450935,3.8714468,4.019993,3.9425642,2.2658963,1.7778047,3.4719102,3.5218487,2.918664,3.8476357,2.6259892,3.2931197,4.198985,3.5204787,3.5134015,5.545146,3.971969,3.8681068,1.9436177,2.289719,2.8883705,3.6741436,3.3760445,2.0359383,2.4884756,2.431928,1.3858116,3.031434,2.9943492,3.1171734,4.233631,3.6977649,4.5309806,3.3165998,3.4837089,3.4292214,2.8683407,4.33589,2.592724,1.6804996,3.828065,3.386574,3.4137523,3.6429145,5.190813,4.0798335,2.4509885,2.261138,2.6032615,3.8928177,3.6771133,3.6253352,4.671419,3.6648347,3.3561945,3.2954454,5.236034,3.7093601,4.883193,3.913819,2.80972,1.6360871,4.0783024,2.5701747,3.037634,3.8156228,3.5303402,3.9418652,3.2680879,4.3950596,3.3362267,3.5674334,3.6241145,2.4645333,4.675581,4.7074256,1.9925848,4.12111,0.84879553,3.5307384,2.4794345,3.4863324,2.0795865,3.6367981,2.724549,2.749818,3.3073096,3.6616292,3.6408343,4.112212,4.395404,3.642659,1.4462235,3.307646,4.8030453,2.4365306,2.5489702,2.3670347,2.9744813,5.217804,3.965852,3.506332,3.3484764,3.9449232,3.4055865,3.6518083,4.8514104,4.0076857,2.6544662,2.757235,4.590232,4.225452,3.5987072
2.4972188,3.7902365,3.8914332,5.226554,4.314965,4.234703,2.9377604,3.1378698,3.2640252,3.5308,2.9716907,2.9156752,2.5521557,2.8891819,5.158158,2.0622306,4.3170776,3.4168203,4.225333,1.3968859,3.1337879,3.34691,3.77309,1.5895339,2.67924,3.1801918,2.7454946,1.9857755,2.6791928,2.5032895,3.207266,3.193728,2.359447,3.209578,2.3222795,3.2952511,3.5631886,2.8099546,3.205636,3.4234822,2.8725271,2.5515535,2.9315245,2.7930655,1.9243193,4.181131,3.7801292,3.0730934,3.0677793,3.3736286,2.952419,3.9453342,3.5281234,3.8398209,3.269606,4.9045434,3.4393766,2.855371,4.672526,3.7117345,2.3819654,3.9051433,2.7497947,2.7400944,3.3453,1.2137887,3.9588895,3.6448588,3.2699265,3.2768073,6.052384,3.5763657,3.166951,2.677975,2.641845,2.302969,2.6193204,3.2259796,2.5859177,2.554822,4.075131,2.9245708,2.852027,5.050915,2.9232,4.075282,2.4615939,3.8229556,2.577679,2.6287,1.5350666,3.5585506,3.6123905,2.4110947,3.0076609,2.3303695,1.969713,3.882473,1.8420194,1.3117218,3.1629038,2.8168588,3.5603595,2.1242247,2.886835,2.8143673,3.0762572,2.5586367,4.341545,3.5603595,3.4677103,8.502603,4.543697,3.1086218,2.2529106,2.6215405,2.6435654,3.0272386,3.2312155,3.3873594,2.907096,2.504688,4.192852,2.6341524,2.4034567,2.8748872,2.3737698,0.7112715,3.2195654,3.3372438,4.428639,3.0337026,3.3363307,3.0244656,2.9012098,2.3296077,3.095637,2.7210386,4.106239,2.900415,3.093306,2.512929,1.1391733,3.324303,2.9651415,1.9704157,2.6425984,3.3767776,2.7412357,3.1070657,2.6586444,5.199123,3.148564,2.7435553,3.5577705,2.5656643,2.7283823,3.9040413,4.9452925,4.0534716,3.8507764,2.4836707,2.717666,2.4529538,2.5378895,3.1970606,3.7092733,1.7942975,5.446929,3.7609923,2.492892,1.2777926,2.7795796,2.7933202,3.4395497,2.96057,2.604401,3.3397639,2.3388946,2.8710442,3.3681147,3.7746618,3.310511,3.8809462,3.8153813,2.405359,2.5136695,4.221697,3.1134892,3.2628524,3.4629622,2.2447853,2.796382,2.53085,4.6037717,2.02246,3.3125238,2.6754055,4.055724,4.775443,2.7703862,3.2819335,2.6731033,3.2811449,2.9629555,4.7363877,2.5227022,3.0028138,2.693167,3.6144922,2.9276333,3.2340446,3.1698802,3.2450883,3.0430768,2.27067,2.6202288,3.3699207,3.2503414,3.3056917,2.4707763,3.02746,3.2728264,2.9108095,3.294014,3.3636134,3.0283089,4.640184,3.4834857,3.0433295,3.1312532,3.6850414,2.5843177,4.6218967,2.8416657,2.7358537,2.7699237,3.2247171,1.6158952,4.021042,5.901936,3.0447185,4.4769626,3.3246531,1.7286038,2.8404953,3.4685786,2.7089732,3.8095183,2.2455,2.1965156,3.1811209,3.8250248,3.8965569,3.8102472,4.1982493,3.689535,3.8425472,2.8876338,3.5168865,2.35799,5.512606,3.2369885,3.897507,3.407215,3.439232,2.4421985,1.6651981,1.4028044,3.5827959,2.9682894,4.0431185,4.911931,4.061051,3.3019953,2.7607632,2.3052585,3.1420407,3.2984855,3.0740595,3.12904,2.6628401,3.1401381,3.13163,2.2235608,3.9315953,3.2291207,2.6775901,5.5177956,1.3162997,3.7241395,3.169018
2.2441902,3.9735284,2.5429072,4.381406,3.3509946,3.4006903,2.3610358,2.2962158,3.0856206,2.1628466,2.2851112,2.2769196,1.630932,2.2197177,4.3749065,2.2582605,3.2015896,2.7085855,3.6768985,1.8935084,2.311247,3.2284076,3.2123928,2.2806406,4.6226974,2.9342802,5.1696615,1.1529549,2.2537713,1.1286911,2.5260196,3.3255394,1.8999276,2.7327714,2.0069966,1.5663784,3.1865501,2.537467,1.6751646,3.2110066,2.5972857,3.4170065,2.2509542,2.4244099,2.2719097,4.021816,3.5108674,2.287427,3.1210997,3.0937192,2.268749,3.6241505,3.1107833,2.7217824,3.2584162,3.85507,2.684762,2.3770864,3.8154857,2.9236581,2.694282,3.814496,2.0598314,3.055275,0.7171237,2.490788,4.0682225,3.979936,2.8485117,2.6040902,5.2520804,3.2418797,2.631821,1.6144521,1.8603677,1.9528222,2.6903684,2.8725016,1.9586891,1.9170625,3.8912468,2.8497102,2.1357975,3.9884326,2.840918,5.2263083,1.9042222,3.337613,1.5573711,2.280223,1.8194805,4.024835,4.106471,1.910888,2.3104558,1.4868644,1.9725403,2.7369237,3.2057714,3.1372967,3.0085423,3.4221275,3.5365705,1.8856053,2.5812695,2.4602218,2.65588,2.0748851,5.484504,3.5365705,3.1162822,10.915419,3.0172138,3.5276003,1.8552101,2.543328,2.8926992,3.5122633,3.3280985,3.9146385,3.0743134,2.9675243,3.7526658,2.0021977,2.058429,3.2570238,2.4011092,3.0939813,2.7587945,2.0662348,3.7598805,2.6117723,2.6964335,2.7434864,2.219543,1.8211673,2.3202713,1.2308918,2.6396627,2.6662874,2.56111,2.1480248,2.4952428,2.5500102,3.278788,1.3497401,1.952694,2.623488,1.6663414,2.9782503,2.1190743,4.3854914,2.8139791,2.3899217,3.8799763,2.163153,2.176745,2.6161413,4.46455,3.2798965,3.2993202,2.4967475,2.0143328,2.490508,2.235827,1.8190125,4.8203273,1.7177876,4.442903,2.500062,1.9144415,2.439713,2.2028146,2.228868,2.0632813,1.9055487,2.0428889,3.2395773,2.3614616,2.1917388,2.6745102,3.5908456,2.7074957,3.288024,2.5701616,2.410673,1.93454,4.3582935,3.4168224,2.926515,2.278617,3.768106,2.2792008,2.874676,6.0131383,1.1871343,2.5592911,2.466491,3.3787477,4.212776,1.0244642,2.2435124,2.4227073,1.9946849,1.9902359,4.131647,1.9347472,2.9921296,2.8510084,3.306848,3.018628,1.1705874,2.9112287,3.0962493,2.9900112,1.4155554,2.5247922,2.8529022,2.959223,2.506074,2.5119686,2.062346,1.9515382,4.6830173,4.0556083,3.233542,1.7026196,3.9100413,3.6782537,2.6042135,2.2024102,4.8227644,1.8145436,3.4134343,1.8434991,5.149086,1.889992,1.1990346,3.1890862,2.2613907,4.8955936,2.6268816,3.914187,3.1238136,2.8113942,3.1603239,3.043767,1.9741684,4.6014166,1.6764741,2.0179324,3.1320784,3.265418,4.939796,4.9749956,3.5877304,3.6793609,3.3070085,2.1868334,2.9805703,1.0999546,4.67953,3.2314618,3.073439,1.8904767,2.116122,2.1424909,1.8246446,3.2102852,4.460717,2.4398863,2.9666235,3.724374,5.193014,3.1710913,2.8810773,2.3213122,3.0402007,1.7397664,3.7614822,3.2069662,2.3616025,2.4887571,2.9672134,1.7888299,5.197583,2.7130816,2.4723525,4.4351583,3.633051,4.1354384,3.1985815
2.868026,4.495168,3.3224843,5.1780243,4.245486,4.238611,2.949413,2.8474443,3.6718228,2.6877418,2.9050057,2.849155,2.516731,2.8107114,5.3024445,2.9530206,4.0300465,3.6003249,4.534156,2.5294666,2.76944,3.6955988,4.069274,3.1008518,4.9845557,3.6167076,5.8994594,1.7473913,2.8816938,1.76554,3.0004811,3.7942522,2.5332224,3.7129824,2.6612415,2.3092594,3.7165804,2.9831927,1.1252078,4.02008,3.231394,4.0798187,2.8487022,3.040822,3.19602,4.5543437,4.055843,2.7588692,3.8609822,3.6845057,2.8783,4.492508,3.8869472,3.1536074,3.8960295,4.740176,3.1940427,2.8460476,4.623194,3.830861,3.3677676,4.627164,2.5671997,3.7327397,1.0595495,3.180071,4.919892,4.626103,3.2896137,3.0799286,6.1510735,4.0706573,3.1003988,2.2533097,2.3921144,2.5822725,3.3777988,3.3535721,2.6170788,2.5780895,4.4341965,3.3322644,2.7653666,4.8725095,3.4537678,5.922613,2.5470781,4.3166237,2.4722304,2.9863143,2.4717703,4.688184,4.7657833,2.5502958,2.9208236,2.0217857,2.326094,3.6194866,3.917409,3.7731268,3.5804276,4.050934,4.1234035,2.508781,3.1771023,3.095353,3.1189828,2.8284492,6.180068,4.1234035,3.6404896,11.710743,3.819746,4.1947365,2.6066005,3.1831067,3.5918994,4.1787796,3.9458098,4.716578,3.7999098,3.6418443,4.608322,2.659286,2.7111044,3.9811437,3.145411,3.6707988,3.3001935,2.5988967,4.5882525,3.073648,3.1803744,3.4340794,2.8291395,2.4793513,2.9051235,1.7443603,3.2561467,3.1525815,3.4112282,2.7517083,3.1704946,3.0669506,3.9768355,2.2224755,2.334912,3.1317902,2.3946526,3.5868673,2.7467642,5.204244,3.466594,3.0960214,4.5200768,2.5685031,2.9253454,3.3853776,5.203647,4.033746,4.076777,3.4635322,2.6461256,3.4626586,3.2122402,2.6068861,5.5249333,2.368687,5.326463,3.3556244,2.5679474,3.1475759,2.8285542,2.8154008,2.6015344,2.6743035,2.7037997,3.7635553,3.2771246,2.793396,3.1631267,4.163304,3.1887314,4.1180673,3.4374855,3.1027029,2.5816984,5.2073812,4.0566096,3.7446318,2.8674695,4.4616556,2.903087,3.5824003,6.683757,1.7500336,3.0384784,3.468582,4.2324057,5.0042944,1.5878533,2.835838,3.4086592,2.8242648,2.8727062,5.064183,2.773278,3.7753224,3.6328418,3.7983541,3.6527543,1.0203358,3.5999255,3.7589183,3.6735137,2.3533947,2.955432,3.658304,3.9388783,2.990765,3.2259538,2.6702464,2.4331124,5.289143,4.740433,4.12756,2.6633444,4.7048116,4.3241987,3.194376,2.739966,5.4893575,2.3874228,3.9591572,2.5709426,5.8661146,2.476907,0.5178786,3.9165986,2.905715,5.7589183,3.0900207,4.7446375,3.8751512,3.5469382,3.8631968,3.5775545,2.7213302,5.2750597,2.4222891,2.6854312,3.7780023,4.0702033,5.619313,5.655524,4.47499,4.2621436,4.2980866,2.7914002,3.7966855,1.8636022,5.513447,3.8783576,3.8348725,2.6270308,2.6921375,2.7579565,2.563715,3.917087,5.123283,3.0265691,3.8688853,4.2935867,5.8861327,4.0489836,3.801764,3.2956996,3.8183866,1.2869693,4.434647,3.8914864,3.0557578,2.9582179,3.6442235,2.4272275,5.883564,3.187201,3.3360279,5.142843,4.2841444,4.7695885,3.856897
2.0598593,4.146167,2.4100363,3.0153105,3.4237466,3.656779,2.3639636,2.2666955,3.3211453,2.1673665,2.2822523,2.1687336,1.1730311,2.1187458,3.893809,1.1308279,2.4870682,3.1268847,3.9606624,1.433374,2.5816221,3.785428,1.7484237,1.7568964,5.1383505,1.9592863,4.0166526,1.7891555,1.8749515,2.929503,2.57155,4.0525475,1.9397212,1.7892298,1.8219857,1.8878917,3.7179344,2.6658273,3.801634,1.8467565,1.8713652,1.0478803,2.2693362,2.0807393,1.7256217,4.7128906,3.9747758,2.6269953,1.6730086,3.4181528,2.2269108,1.9394319,1.50319,1.9645333,2.1845016,3.499808,2.6529272,2.984099,4.270889,3.4790077,1.6831,2.1050746,1.2352123,0.6906716,2.6387167,2.1735177,3.621264,3.543097,3.5593135,2.6286469,4.297446,1.5478102,2.6633806,1.5055299,3.508724,1.928761,1.5891126,3.3266208,1.9251977,1.9188935,4.4122133,2.970442,2.023822,3.6087925,1.7278711,4.1106124,1.9565173,2.3726847,1.3205227,1.4996878,1.3728766,3.4052348,3.515575,1.9525822,2.3502378,3.1709886,2.7546225,2.1294231,1.197285,1.9458746,3.073328,2.9083116,3.8117712,1.9583442,2.102063,1.8710002,2.668226,1.4012253,4.54359,3.8117712,3.1812518,9.452618,3.4834378,2.6715176,1.378761,1.762141,1.558676,2.1233091,3.0802717,2.319225,1.0088304,1.3272563,2.2455118,1.9317526,1.9001019,1.7024773,3.4187799,2.638675,3.4156163,2.0818424,4.21931,2.6595533,2.6769319,1.7571738,2.1379173,1.8757881,2.3316596,1.8096161,3.6371498,3.2284455,3.3989882,2.0630703,1.5594982,2.594494,1.7590795,2.401578,2.6203399,2.6107242,1.1657432,2.5422583,2.0222428,3.036539,1.8751812,1.5067663,3.399913,2.5921528,1.4181796,3.623659,5.042608,3.700618,4.1885633,2.5709476,1.7771858,1.9314592,1.4892068,2.6116228,2.9579089,1.2623636,3.81922,3.2005136,1.9345785,1.304789,1.8971822,2.1330564,2.351382,3.397685,1.9294897,3.2999175,2.6094022,2.0956242,2.6501062,3.7289705,2.6905997,1.7767291,2.2812932,1.3248023,1.9534969,3.450732,2.2297642,1.1337466,1.9755245,2.118816,1.8951535,1.4492798,4.2918377,2.724412,2.584868,1.9532799,3.9837706,4.743474,1.8640605,2.0219474,1.6453923,2.3016984,1.197071,3.9450758,3.0638998,0.74124986,0.33176178,3.976104,1.5679672,3.692279,1.9270535,2.0155058,1.5529233,1.499047,3.2776701,1.2989985,2.707686,2.5511386,1.1423978,1.8678107,2.2776833,4.1964803,3.007441,3.4586227,2.6352813,4.3240604,3.3078194,2.8005016,2.2669773,3.1509154,1.2698858,2.3715923,3.4251578,4.054672,3.46246,3.5527678,1.5507617,3.2622612,4.0484667,2.6794405,4.4750223,0.8049659,3.2405734,0.5736781,3.5009985,3.311635,3.5580597,1.2794552,1.1918575,2.3663342,1.7297504,3.8743274,3.3153644,3.8449144,4.0069623,2.8521707,2.1596515,1.3065494,2.1422005,3.434541,2.1252966,3.582323,1.6893662,1.9959906,1.7746876,2.7541876,2.4846113,3.103571,2.5167477,3.1257608,2.63925,4.086702,2.594858,3.105211,1.7029585,1.6984717,4.137249,2.292262,1.8363788,1.5259922,2.5557487,1.7489734,1.9636952,3.323192,2.7122335,0.66689736,3.3928418,2.9396896,3.8039532,1.9973373
2.6881804,3.4459329,1.1964597,2.9391265,1.385553,1.5221597,2.4219356,2.3474362,2.675121,2.126645,2.2835991,2.4860158,2.5959563,2.4393034,2.3742437,3.1358047,1.6705722,1.6906359,2.090963,3.6011207,2.5072942,3.0702322,2.4094257,3.6740618,6.0835476,2.6323655,6.118559,3.2335358,2.6068788,2.5958161,2.5771382,3.3853698,2.6516547,2.391263,2.7015953,1.856484,2.6575935,2.951606,4.3108544,2.526913,2.697923,4.108666,2.3572018,2.5940933,3.2315238,3.2671435,2.809392,2.493569,2.8904395,2.5713747,2.333735,2.742598,2.6362152,2.8645844,2.975807,1.7184243,2.405326,2.7040532,1.8835679,1.9315307,3.0824044,2.945744,3.1370175,3.627028,2.585542,4.1775336,2.7414575,3.281154,2.8003027,2.5684822,3.4577055,2.6582897,2.6930254,2.5815465,2.882665,2.7208698,2.917353,2.7495813,2.448821,2.455169,3.0775716,3.0014222,2.3561764,1.8537904,3.0013206,4.6515923,2.5510776,2.4429257,2.5217586,2.6047993,3.4339757,3.3921695,3.460004,2.5996058,2.274412,2.9569821,3.4103992,1.6635542,4.1718426,4.6819363,2.725658,3.3510544,2.939707,2.8346248,2.6935613,2.6288612,2.8011723,2.489765,4.8136153,2.939707,2.6778028,11.132356,0.6414449,3.2051406,2.6584725,2.8543632,3.071591,3.41328,2.9074278,3.344144,3.2722232,3.387439,2.6004493,2.428533,2.6432352,3.206811,3.1955044,4.792196,2.5250964,2.2215152,2.1236916,2.8005514,2.568794,2.6146166,2.3745687,2.6183088,2.281075,2.767282,1.1721411,2.8496528,2.319853,2.671219,4.065623,2.3738458,3.215817,2.9170797,2.8567445,2.416438,2.6108522,2.7366097,2.5014358,2.9078782,2.650233,2.5907083,3.2455375,2.981104,2.4216692,1.3305755,2.8946428,1.692857,2.5244071,2.6836154,2.4919858,3.0206108,2.6632092,1.4098405,4.552184,3.3056831,2.4056246,1.1097947,2.5132716,3.7280853,2.50277,2.5250695,1.9799323,2.4962125,2.4587069,2.9247937,2.5483706,2.4175222,2.5164273,2.8126822,2.6044028,2.480936,1.2993736,2.9322224,2.5124307,2.939948,3.2621539,2.7181358,2.1588502,4.2267485,2.540298,3.147093,5.63098,3.0435083,2.5037487,2.5675013,2.1530511,2.606883,2.7475812,2.2060916,2.6715841,1.3368828,2.350428,2.2719696,2.6404996,3.166405,3.4457958,2.8783605,3.1900444,3.2016413,2.611817,2.7979672,2.9583216,2.682469,3.1099758,2.5190787,2.1390278,2.4585078,2.9765103,2.3211453,2.2475004,4.9496036,3.6673546,2.4324834,1.8282675,2.050294,3.0333717,2.4296143,2.3300912,4.5866537,2.9517946,2.7658913,2.7070913,6.1627464,2.6365721,3.5567746,4.398844,0.80337775,3.0631795,2.79713,2.5314593,3.3893938,3.9264693,3.7352104,2.5656118,2.544994,4.000361,2.7204316,2.9971464,2.801104,2.5199356,4.3999786,4.664894,2.0164902,3.026646,2.2159908,2.3722198,2.6173277,3.187434,2.998814,2.9633992,1.6110233,1.9773502,2.1178496,2.7803328,3.3589547,4.660146,4.091475,2.4204087,1.1834849,2.8122911,4.6182785,2.1845894,2.7557511,2.8836017,2.6469479,4.0155573,3.6432536,3.0236595,2.6486132,2.6178982,2.8074646,2.707322,4.957867,2.69041,2.910441,2.6952806,5.0915375,3.4460976,2.9909737
5.0312843,5.8041086,3.3809974,1.9663092,2.8938005,3.5098772,4.9188695,4.82959,5.210686,4.5319066,4.774448,4.912193,4.308486,4.8635197,1.7133952,4.9306245,2.568762,3.9024744,3.767832,5.4786143,5.1779895,5.7899923,2.967368,5.06746,8.075133,4.3913894,6.6505995,5.490688,4.8527455,5.4919944,5.122233,6.0845003,5.071287,3.1560502,5.0077047,4.194819,5.3786883,5.516351,6.998381,3.654588,4.724413,5.0058985,4.859733,4.8680577,4.568473,5.8073225,5.413354,5.201628,4.2461314,5.1581225,4.799743,2.8336008,3.5977964,4.619627,4.6430626,1.9404408,4.9017696,5.513219,3.6923168,3.784125,4.91517,3.3613732,5.0244093,4.646715,5.2843876,5.6750727,3.9913661,5.1464686,5.6697903,5.1030188,0.4075601,3.3270369,5.2279634,4.8134747,5.7639866,5.107335,4.6920414,5.4890766,4.8581233,4.8750906,5.5985126,5.5418377,4.7604594,1.7660545,4.774535,5.667495,4.9896517,2.5174162,4.2800527,4.5872183,5.374152,5.11056,5.177625,5.027736,4.7964196,5.792277,6.0952187,2.8085816,5.195641,5.8487067,5.196482,5.3369203,5.3814325,5.23474,4.8870153,4.7477994,5.318967,4.501299,5.866505,5.3814325,5.182169,10.483736,3.0346615,4.9301505,4.7467847,4.856203,4.664695,4.8218575,5.0988145,4.1485195,4.3401318,4.8328714,2.677405,4.826504,4.977082,4.520073,5.445113,6.3159986,5.342317,4.649295,3.887549,5.3378716,5.0744042,4.4104347,4.8099694,5.0253105,4.792816,5.1643977,4.410433,5.6075134,4.5808253,5.071184,5.5381846,4.922857,4.5691485,5.1567454,5.633944,4.9269805,4.520878,4.9031887,4.902867,1.8206033,4.480058,4.5030804,5.1257076,5.657102,4.3804336,4.152204,4.665792,4.1211967,4.6890388,4.279473,4.7962027,4.0939097,3.8978884,4.3259525,5.1503253,5.2624593,1.1368216,3.7274306,4.937886,5.3058705,4.7917533,4.949047,4.6235466,5.0386033,4.833499,5.3878446,4.5461836,4.8408737,5.019117,5.215995,5.111137,2.9941096,3.050488,4.7546444,4.9425306,3.692372,4.8428946,3.6123016,4.365883,5.3837314,4.7865434,4.6928906,6.099493,5.761642,5.038546,3.7542155,4.000493,4.2521014,5.1275887,4.5234685,3.7421103,3.9449866,3.8340502,2.6460826,4.988885,3.9992473,4.2658973,5.643729,4.719257,6.2768974,4.3636436,4.466914,4.4320197,4.5501237,5.909599,3.5664313,3.4619074,5.004558,4.625131,4.6480446,4.875071,6.6034784,5.0933404,4.1809235,4.1470976,3.8821137,5.0282917,5.0260653,4.8621984,5.4178405,4.9730425,3.728836,5.2519546,6.722919,5.5455046,6.5418034,5.356092,4.170649,0.5391763,5.3374834,4.1270084,3.9200099,5.746751,4.5231843,5.282793,5.1758313,5.2684216,4.798987,4.9459596,4.6987453,3.1864586,5.5638037,5.4253774,3.547753,5.4574323,2.7204652,4.838797,3.3823216,5.219894,1.4094198,4.6094456,4.1553473,3.9670372,4.4248414,5.0173354,5.563535,5.8008833,5.232787,4.961159,3.0349112,3.4857142,5.6559663,3.7531688,4.4373875,4.1281323,4.0062733,7.01053,4.922763,4.4761963,4.602573,5.1729913,4.4127088,5.156983,5.4880333,5.2050867,3.9688516,2.3984644,6.277512,5.344421,4.579215
0.8604467,2.54073,2.2707238,4.0711055,3.4944723,3.279386,0.81181264,0.74542344,1.7739003,1.2451642,0.89454263,0.6894987,2.3141074,0.73707473,4.5394726,1.54333,3.0105023,2.9022985,3.6851149,2.151567,0.5380284,2.0058858,2.8312237,3.130446,4.994043,1.4599028,5.311941,1.9429615,0.8565114,2.1110532,0.6103161,2.4906077,0.8895812,3.1530972,0.9587018,1.8716841,2.037967,0.6295903,3.427163,2.2266102,1.052765,2.6402287,0.79585075,0.85489833,3.0455685,3.2438889,2.3711157,0.60622907,1.8526835,1.8841159,0.83475286,3.143735,2.322891,1.7744772,1.53696,3.9428883,0.9087844,1.0894442,3.858965,3.5623581,1.3513485,2.8334172,1.5492712,2.3438718,2.2215106,3.3475313,3.3039768,2.3965197,1.6647007,0.6878928,5.470723,2.6225321,0.65311134,1.290717,2.6156313,0.90349406,1.3609192,1.4452916,0.900009,0.9114218,2.8760645,1.1082224,0.84963596,4.1198964,1.2634834,3.620826,0.878375,3.6730807,2.380667,1.224764,1.9424776,2.409381,2.4995406,0.8839498,0.89739853,2.3562794,1.3966625,2.902115,2.8136134,3.4676945,1.4639909,1.8414594,2.3438766,1.0068257,0.87337965,0.9721257,0.6418034,1.3465061,3.946626,2.3438766,1.405146,10.670407,3.354863,1.8520522,1.3564497,1.0679442,1.5709729,1.8745216,1.7289892,2.649683,2.153711,1.7537103,3.1799757,0.8955422,0.9236862,1.9109614,3.2886505,3.5480454,1.7667414,1.0732585,3.8733487,0.61794364,0.7828451,1.3848152,0.8022959,0.9677589,0.83498275,1.4824773,2.4814408,1.4473652,3.1874237,0.7722136,2.8431962,0.8274791,1.8385153,2.6550071,0.6456526,0.8440941,1.8287966,1.22157,0.80943596,4.121104,1.3206728,1.2829707,2.2442489,0.6150743,1.3857565,3.0385754,4.368243,2.8651254,3.7824826,3.1562762,0.8927785,3.327686,2.8779778,1.8420492,3.2466574,1.8456995,4.582976,2.9193666,0.89811695,2.318836,0.84854585,0.7013853,1.1011114,3.1656406,0.90758115,1.5648971,2.6937485,0.7643755,0.79840934,2.1703186,0.77250946,2.8379688,2.6248164,1.3546929,0.87614405,3.3271954,1.6714971,2.440272,1.3298203,2.6053643,0.86333543,1.6457599,4.286561,2.036971,0.69643325,3.0959446,3.819837,4.297308,1.7651303,1.0780548,3.0571148,1.8850102,2.425599,4.2928257,2.993124,2.494659,2.7377594,2.266888,1.558557,2.731349,1.4710628,1.5200604,1.653497,2.4179652,1.5660422,2.3237333,3.1835802,0.69576067,1.5578679,0.9760522,0.8736838,3.6080918,2.4074693,3.3611097,2.8221922,3.802116,2.1102262,1.1937605,0.71411157,3.120954,1.4437172,2.7634223,3.1915197,5.3654733,2.5388505,2.5874777,3.319423,2.3263297,5.1202297,0.6429098,4.2568016,2.9366486,3.5819619,2.677955,1.7850355,2.8363235,2.8850067,1.4751981,1.3849896,1.4212735,2.6672342,3.2837873,3.2882447,3.7620146,2.553883,3.7580087,0.78115183,2.6129184,2.8554802,4.4624724,1.5487877,2.7681203,2.029343,1.3246608,0.86426884,2.8967474,3.8723106,2.698043,0.91267484,3.2186198,3.0556471,3.576962,2.4865549,3.3422174,3.0173194,1.927607,3.259778,2.1242216,1.7136135,1.214873,0.5505618,1.5394026,0.9876985,3.5747035,0.7399851,2.561141,3.8500457,4.103091,2.6120465,1.5804569
4.170622,4.568906,3.0533285,3.3539758,1.6147565,2.1057107,4.1383343,4.232173,4.0501366,4.2220125,4.0214887,4.2344394,3.56038,4.1769924,1.2478974,4.2087145,2.7636716,2.199388,1.9178543,4.4626236,4.454537,4.4649353,3.0852811,3.7789695,5.9481688,4.0045238,5.150631,4.4977264,4.164871,3.9914427,4.473364,4.473731,4.1677833,2.3689196,4.1388383,3.6842728,4.1259503,4.6388,5.7123556,3.4413874,4.1830606,4.701366,4.1078253,4.165181,3.235635,4.1855917,4.122151,4.40428,3.9178452,3.9643586,4.0764947,3.1046836,3.6508782,4.7454453,4.291719,1.731313,4.3384347,4.386688,2.0230072,1.7029588,4.208809,3.5545704,4.6448708,4.4419146,4.5005937,4.282056,2.7550347,4.21391,4.4201856,4.4702144,2.376335,3.3911285,4.5250235,4.208344,3.9561737,4.195112,4.1197104,4.375846,4.042936,4.0431833,4.1759295,4.5508027,4.0647335,1.7068849,4.3833847,4.884653,4.112231,1.8925042,3.4635231,3.9798896,4.3990297,4.2401123,4.2772055,4.1347713,4.0327106,4.127684,4.823221,2.6091506,4.487047,4.7654586,4.1870294,4.328628,4.073002,4.2410555,4.263375,4.1531672,4.5759773,3.8349888,4.941814,4.073002,4.3351426,9.283595,2.1588993,4.216122,3.9394467,4.2272553,4.1408615,4.3931165,4.151666,3.7882125,4.1462197,4.35818,3.066573,4.035375,4.110479,4.104585,3.352286,4.8576627,4.044294,4.246163,1.9611248,4.571036,4.456559,3.9882176,4.1042356,4.1147256,4.1115084,4.489784,3.2672622,4.3629236,2.5145636,4.2197776,4.439825,4.297484,4.2070403,3.5888638,4.651478,4.342767,4.004751,4.2017717,4.113801,3.1873536,4.117486,3.9654765,4.242237,4.68122,3.8075116,2.5137787,2.7549555,2.7721522,2.4482636,2.4405622,4.1398134,2.7363508,2.8522396,3.222125,4.9164505,4.388505,1.924326,2.248046,4.0770235,4.3016787,4.136452,4.2121997,4.123882,3.0917156,4.030864,4.410572,2.781293,4.1455617,4.429013,4.1542487,4.474179,3.2449558,2.6406186,4.1352353,4.0880866,3.0604444,4.406813,3.5275424,4.100791,4.6221538,4.1526074,4.145168,5.8064046,4.299836,4.442348,2.4138958,1.8207605,2.2414289,4.4207087,4.1109514,2.6547894,3.088352,3.3159165,0.98721445,3.0620534,3.8641844,3.9600255,4.266051,4.4125705,4.8636556,3.977634,4.139399,4.159772,3.5091264,4.5386357,3.504976,1.8222563,4.41169,4.0877366,4.130779,4.337417,5.0771294,4.3730297,2.1552439,2.6114461,2.241265,4.1037035,4.0460997,4.255459,5.0711493,4.451423,4.4208612,3.3047717,5.197898,3.7627804,5.349771,4.421391,3.2458048,2.4621031,4.5655417,1.8799667,4.012165,3.7308748,4.382058,4.129877,3.2638216,4.610835,4.017957,4.253013,4.1508365,3.4151886,4.7983313,5.0692625,1.6031911,4.085913,1.2995723,4.113323,3.4510179,4.0547104,3.0471861,4.25783,2.7423878,3.660284,4.114929,4.2648473,3.801218,4.3783317,4.760568,4.1137233,1.7923326,4.377481,4.8779073,2.7412014,2.3627434,2.853599,3.6620266,5.511373,4.479843,4.1723204,4.022113,4.494783,4.1107364,4.1763873,5.257869,4.5161424,3.4864168,3.7241874,4.757053,4.2934093,4.2383366
2.7384381,4.4598126,2.0607674,1.5452569,3.05177,3.434028,2.8143804,2.6376038,3.6761897,2.3365057,2.692604,2.652857,2.046692,2.609498,3.10073,2.222464,1.6188215,3.2694356,3.85105,2.8872988,3.0481772,4.273088,0.8689253,2.9944248,6.388521,2.0633464,4.973862,3.0541754,2.4638658,3.8189664,2.9660764,4.6693554,2.7461708,1.7716693,2.6303258,2.1986692,4.0481887,3.2988958,4.9867644,1.5022398,2.2893257,1.9615442,2.7258186,2.578344,2.719969,5.0076685,4.2416315,3.1202419,1.7556152,3.7362487,2.6575682,0.877079,0.96907353,1.9681915,2.2899199,2.6998591,2.8762207,3.6088762,4.0480175,3.5975761,2.3792043,1.2926525,2.1607413,1.531091,3.3544493,3.5330226,3.461514,3.677759,4.067425,2.9815738,3.1397448,0.8315878,3.086029,2.3026185,4.3646674,2.7591372,2.1331995,3.7842994,2.5836494,2.6007497,4.653783,3.524938,2.517024,2.7630775,2.1314802,4.1947465,2.7003238,1.9238309,2.1437225,2.0884695,2.774223,3.5402482,3.6531687,2.724383,2.7480967,4.140152,3.8379254,1.590125,2.4335573,3.3599138,3.445943,3.3789477,4.1161494,2.8851287,2.547785,2.3415422,3.1443765,2.0533664,4.625877,4.1161494,3.4427245,9.857655,3.101391,2.9137962,2.2840028,2.3510644,2.061666,2.371183,3.3680544,2.1605356,1.3745773,2.025675,1.1220256,2.5557992,2.6468508,1.9735899,4.2721105,4.0504093,3.8652902,2.3822806,4.116867,3.1610315,2.9872,1.9814204,2.6045594,2.702087,2.6974113,2.7172322,3.6792095,3.8322425,3.857205,2.763099,3.0291865,2.8833668,1.9950429,3.4375498,3.4164083,2.871946,1.9789565,2.8382227,2.6306877,1.5972549,2.0497727,1.9942119,3.5513763,3.3921134,1.9298851,3.738604,4.9837685,3.640811,4.4694924,3.1575613,2.3922641,2.6081574,2.1109636,2.923815,2.9618442,2.6256561,2.7856374,3.2325785,2.654308,2.7056353,2.4339693,2.6811452,2.593272,4.0724926,2.5597205,3.649534,3.2437577,2.5918243,2.935714,3.9047837,3.0191834,0.76282996,1.8940662,2.1030028,2.6614735,3.0265036,2.4525125,0.85433793,2.0877695,2.864898,2.4120095,2.0442998,4.27918,3.810022,2.9131358,2.3991914,4.0489473,4.6552033,2.7744098,2.2619395,2.1337388,2.4468107,1.6234522,3.4749255,3.8227837,1.0004727,1.3718411,4.367175,1.9513655,4.6224065,2.0299509,2.0905924,1.7571249,2.4845016,4.0513697,0.9358374,2.7764642,2.879492,1.8976727,2.296881,2.6814446,4.909477,3.1958508,3.678225,3.0900142,4.129057,3.4741716,3.2086337,2.6667628,3.2474756,2.2403057,1.525787,4.186343,5.043444,4.229258,4.570171,2.85044,3.276805,2.860605,3.1744022,4.467689,0.83146286,4.288281,1.4015832,3.8301985,4.0314636,3.6074045,2.2879238,2.2543604,2.5480022,0.7999379,3.982218,3.3689148,3.715752,4.299297,2.5930586,2.643352,0.6757433,3.2491837,2.0280447,2.2365139,3.5902557,1.8331362,2.1768641,2.5418537,3.8680594,3.7552438,3.195415,2.9525852,2.8573143,1.582147,4.171288,2.5424967,3.5962427,2.4430766,1.6632497,5.2291293,2.5269072,1.957402,2.0857677,2.9940894,1.8850473,2.8486624,3.3486915,3.0954216,1.397626,2.0293705,4.2223096,3.9770908,2.1344023
4.129739,5.163746,4.4880605,5.4061074,4.1242313,4.2932544,4.4525776,4.6258097,4.603884,4.7991977,4.403559,4.4716034,3.2201664,4.4125648,4.5905614,3.688752,4.622828,3.483584,4.0461416,3.0559013,4.7320895,4.7715807,4.2825465,1.9593127,3.2399986,4.5801105,2.6061208,3.3757272,4.250919,3.404614,4.830077,4.4780765,3.9584153,3.1068652,3.931075,4.117164,4.7964573,4.6211834,4.068561,4.390133,4.4341354,4.057251,4.4150424,4.368789,2.0170088,5.0241685,4.9321938,4.6581883,4.3906555,4.6229014,4.416133,4.399408,4.4685,5.2006416,4.8146124,4.644882,4.9470105,4.4389334,4.4811745,3.2170439,4.069085,4.737928,4.275213,4.1136456,4.219452,1.8612794,4.3851833,4.99406,4.710831,4.887222,5.359661,4.319381,4.8395743,4.0384717,3.3258693,3.9421494,4.1844616,4.7328095,4.068457,4.0365644,5.082768,4.6612616,4.308663,4.72031,4.5581346,5.4067373,4.0054016,3.4496536,3.1410108,4.06951,3.193784,4.9454174,4.988508,3.981666,4.4388337,3.2482224,3.9043977,4.0753965,3.3022423,2.502177,4.6507573,4.4613333,4.75698,3.8151553,4.50429,4.365548,4.802302,3.8815243,5.5540056,4.75698,4.972417,7.924131,4.4638653,4.6542354,3.6618705,4.263575,4.2010856,4.646933,4.700698,4.5052443,4.214286,4.1527605,4.650702,4.108517,3.9903624,4.3367314,2.310507,2.1653209,4.480193,4.6760473,4.161986,4.7636714,4.934125,4.428832,4.384175,3.8848372,4.5437083,4.0706687,4.673917,4.4405665,2.9278386,4.152983,2.5702655,4.829379,4.4730773,2.3999567,4.390523,4.898064,3.8207872,4.6691394,4.195979,5.305133,4.6009154,4.1554723,4.965203,4.4000688,4.004705,3.9511025,4.7783866,4.473664,3.5000231,2.193099,4.2090864,2.057306,2.6293244,3.9363208,5.1796284,3.3560548,5.0096993,3.7837472,4.0103197,2.9655483,4.2989955,4.3662987,4.706753,2.7994735,4.092641,4.8949733,2.6245563,4.3780165,4.940266,5.043885,4.925729,4.4493413,4.136327,3.9758792,4.0370293,4.8101807,4.7507205,4.087943,4.706903,3.9806874,4.3310866,4.0959873,6.089912,3.2530565,4.8918934,2.4675488,3.5940642,4.4349833,3.94996,4.620685,2.5827866,3.9865355,3.497515,4.1745005,2.4865685,3.9821327,3.5729513,4.8287807,4.539443,4.0576606,4.5537167,4.7023296,4.4895678,2.8376834,4.2466044,4.2101774,3.0708675,4.8642893,3.9601164,4.4207273,4.6759143,4.361505,4.802953,3.232408,2.9531639,4.563249,4.848488,4.477342,4.614144,5.288173,4.0644336,5.550236,2.7167742,2.514854,3.4094908,4.3639355,2.6500862,4.573238,5.358881,4.7697897,3.922971,4.086339,1.6303217,4.012371,4.773276,2.9344287,5.254113,3.6118126,3.786821,4.697385,4.5333595,5.3107595,5.352421,3.8605888,4.816714,3.267631,4.374236,4.2083335,2.7740612,5.4715953,4.767793,4.3061457,4.197377,4.661584,4.1077394,2.151979,1.6425298,5.1704807,4.4663324,3.9262638,5.7497377,5.40516,3.9386075,2.4568334,2.2675562,4.3070903,4.17392,4.6997147,4.6004243,4.1315966,4.788407,4.566536,3.832556,5.4434004,4.888315,3.3577702,5.947744,1.8422585,5.0409613,4.6925497
2.1592171,4.208392,2.5643144,3.0068622,3.6253705,3.8439305,2.4550705,2.347875,3.4188774,2.2646935,2.3849993,2.250777,1.5167799,2.2104342,4.047525,1.2377666,2.5982056,3.3640206,4.161632,1.6639084,2.6686528,3.8963737,1.7987226,2.0598164,5.3267307,1.9450358,4.0923834,2.0566738,1.9568934,3.213249,2.6291773,4.1961637,2.0846076,2.0338793,1.953864,2.1182485,3.836027,2.732266,4.079928,1.8379992,1.8938066,0.7851764,2.3700166,2.1465874,2.041024,4.854823,4.0851016,2.725022,1.6161771,3.527243,2.324609,1.9347707,1.4719515,1.941355,2.1167448,3.6549523,2.70269,3.1124804,4.473368,3.7514188,1.6976485,2.0169833,1.3207843,0.421129,2.9056065,2.4376721,3.7118568,3.5519865,3.6853492,2.6805418,4.391503,1.5372713,2.71431,1.6879762,3.786658,2.0668802,1.5937903,3.427772,2.0632823,2.0634017,4.529168,3.0349147,2.131891,3.762483,1.6780252,4.023787,2.1014614,2.5620697,1.6677468,1.5865915,1.5991161,3.393762,3.505777,2.0968246,2.4524405,3.4501834,2.9178276,2.3134265,1.1747259,2.0830507,3.146474,2.9241722,3.9106033,2.1112766,2.136878,1.9188151,2.7160933,1.5453379,4.4826126,3.9106033,3.234872,9.426994,3.703442,2.6412506,1.5652713,1.7909828,1.5229375,2.0129983,3.119953,2.2290857,0.8617882,1.2373868,2.2389147,2.0632212,2.0258064,1.6137365,3.7144632,2.8186398,3.5585372,2.185086,4.432672,2.7134123,2.7216861,1.762902,2.236007,2.0352652,2.423518,2.0214272,3.8389227,3.352829,3.6790438,2.1703646,1.765407,2.6604006,1.6567795,2.7334855,2.753006,2.6650581,1.4110311,2.5635269,2.13424,3.0410113,1.8625857,1.5720314,3.4020681,2.700923,1.541345,3.8789134,5.235959,3.8712337,4.449906,2.8582666,1.8922237,2.2428656,1.8085638,2.8414373,2.7514708,1.4960616,3.9453294,3.4539292,2.07929,1.4688733,1.9866979,2.2243512,2.473641,3.721019,2.056871,3.353765,2.8693664,2.1926737,2.696175,3.7989163,2.7347498,1.7985773,2.470275,1.379069,2.0943818,3.4668498,2.141257,1.1613274,2.0573385,2.0168843,1.9716679,1.4141572,4.0867314,2.9956343,2.639452,2.2458518,4.2348313,4.95278,2.1108534,2.1064632,1.9473999,2.5133946,1.4908386,4.1291533,3.3784292,0.6838354,0.46160814,4.104496,1.4649751,3.980127,1.9164667,1.9674232,1.4787635,1.8536447,3.4230092,1.3407854,2.9345179,2.6115596,1.1767443,1.9734606,2.3961787,4.2242036,2.9432895,3.680993,2.958323,4.512594,3.3311865,2.9031203,2.3587887,2.961817,1.419587,2.3305438,3.751848,4.141239,3.7363935,3.809779,1.6584924,3.4763966,4.1490655,2.733462,4.711263,0.76028305,3.5115066,0.24136968,3.6109273,3.6075325,3.475508,1.5014431,1.3307854,2.3511605,1.7252336,3.790934,3.13214,4.060522,4.111022,3.0771651,2.262779,1.3482226,2.4901128,3.4521425,2.058509,3.7684076,1.8926384,2.102491,1.8697013,3.0605767,2.6924484,2.9688058,2.6110091,3.3468392,2.587703,4.0000973,2.707886,3.3646398,2.01583,1.6857808,4.419299,2.1635158,1.751568,1.5931616,2.6167066,1.7010138,2.1289034,3.1042624,2.757129,0.9421432,3.3730297,3.105201,3.8237703,1.9245346
1.0573444,2.6061442,1.7880088,3.708636,3.0958707,2.9108217,0.7681634,0.50943655,1.7617947,0.79384357,0.7528314,0.66838014,2.233851,0.68929666,4.145481,1.7837577,2.5851133,2.6371398,3.3914816,2.4339373,0.4234774,2.0718694,2.5858161,3.2727485,5.358885,1.4146148,5.632162,2.1045961,0.9538351,2.0769274,0.5469,2.604143,1.0663217,2.963491,1.1514416,1.5169712,1.9584101,0.97785395,3.5190752,2.0839596,1.1254984,2.9030511,0.6990246,0.9365083,3.1017528,3.1664975,2.2891674,0.53710955,1.8748101,1.8195665,0.71624136,2.9361184,2.1608589,1.5660348,1.5967262,3.4998221,0.6580984,1.1960647,3.4876359,3.2846696,1.6103585,2.691998,1.6533337,2.5038118,2.0056784,3.5781655,3.1528904,2.4519274,1.6823955,0.59386957,5.0768404,2.4551725,0.7158705,1.2559701,2.610622,1.1220138,1.5184615,1.4752685,0.9293393,0.94811636,2.7937675,1.3397514,0.75905097,3.6735597,1.4088157,3.8164337,0.98953193,3.422884,2.279372,1.2693206,2.2142587,2.5009458,2.5936513,1.0287809,0.74216694,2.407688,1.7893056,2.5259988,3.1147375,3.7875733,1.5031914,2.0828,2.3289652,1.2745215,0.9788609,1.0350457,0.81787664,1.34189,4.1189837,2.3289652,1.3625096,10.965329,2.8517835,2.0028005,1.4492743,1.2574278,1.7435561,2.0710704,1.7961167,2.6951563,2.2416644,1.9986156,2.9210312,0.90462756,1.0896796,2.0489073,3.3120654,3.9029157,1.7085623,0.68872637,3.558654,0.8135898,0.67776054,1.3585746,0.7155377,1.1131816,0.62314856,1.4649849,2.0190408,1.5653907,3.0297575,0.9709249,3.1321619,0.58331555,1.9760832,2.681751,0.9329676,0.60984766,1.7493055,1.2821233,0.8695209,3.760157,1.2838182,1.2957134,2.3141456,1.0183892,1.3245411,2.6678364,4.0970335,2.5328567,3.5724535,3.0948443,0.8896745,3.2893627,2.7998064,1.4790354,3.4739456,2.0747232,4.1456547,2.536936,0.98079413,2.625488,0.8585517,0.752837,0.5613986,3.0226681,0.94259566,1.632363,2.66221,0.70793146,0.6360394,2.099307,0.706786,2.587306,2.207039,1.5334017,0.95829815,3.1727507,1.8427916,2.3224092,0.95726794,2.9684153,0.8908235,1.8412634,4.5531297,2.1623323,0.51599234,2.990321,3.5404608,4.0029507,1.7046229,0.7441723,2.961721,1.4929539,2.2493799,3.948266,2.9243214,2.4990895,2.8015366,2.2248938,1.7175705,2.6723151,1.4188339,1.5164163,1.7066157,2.3804245,1.7825342,2.1520133,2.9861166,0.46860456,1.7025905,0.77215296,0.43914992,3.9633286,2.5930367,3.2047787,2.5772285,3.4577045,2.1453614,1.1500413,0.43579313,3.3830435,1.5318009,2.414179,3.0874128,5.685329,2.482258,2.6070743,3.5941138,1.7959378,4.6936245,0.82791674,3.9781966,2.900872,3.7412107,2.8040297,1.7005526,2.751522,3.0408194,1.5556991,1.5848893,1.4633255,2.4326904,3.4798713,3.536003,3.4566655,2.5298426,3.4869354,0.69652295,2.4300148,2.856834,4.0782266,1.6074317,2.4399905,1.6939777,0.9297394,1.088854,3.0143445,4.1290936,2.9141636,0.87190855,2.8205385,2.681798,3.7717252,2.3197958,3.2741504,2.9912305,1.8669115,3.3166583,2.3471875,1.7825149,1.2734734,0.55846375,1.546123,1.1875976,3.8339517,0.772516,2.5313027,3.412068,4.425279,2.681354,1.6525462
2.9731133,4.406679,1.5569352,1.5259393,1.9114399,2.5064187,2.9635928,2.8455043,3.583048,2.5098255,2.8050368,2.894768,1.9416695,2.8303661,1.8969281,2.7263744,0.96075994,2.3950295,2.887997,3.1677542,3.2116904,4.1453924,1.1131067,2.9031167,6.221734,2.558807,5.150779,3.132113,2.7798898,3.372735,3.206726,4.434541,2.918225,1.0555145,2.8597932,1.964711,3.8268318,3.5478683,4.7331576,1.9483379,2.743375,3.0449367,2.8680055,2.8728845,2.4514046,4.5638885,3.9904618,3.2385283,2.4257133,3.570302,2.8101506,1.3133245,1.7371024,2.652302,2.9112496,1.4927415,3.0802782,3.5878217,2.9928613,2.4681776,2.9006124,2.0044007,2.7609074,2.6013417,3.0627046,3.5197322,3.067278,3.8105655,3.927931,3.2202473,2.2019234,1.5141737,3.3355196,2.5362353,3.8095763,2.9574082,2.6870239,3.7438612,2.7358518,2.7419748,4.3184175,3.6966102,2.7019906,1.5262189,2.816147,4.621099,2.850045,0.89686084,1.9190552,2.4721138,3.0617707,3.7626019,3.857965,2.8843942,2.8450484,3.7058887,3.9242218,0.65493214,3.162831,3.745809,3.4939384,3.6562674,3.9328418,3.0618722,2.9271815,2.7317097,3.4144871,2.3221066,4.9220467,3.9328418,3.5308733,10.052617,1.8930188,3.3241374,2.5093086,2.8265703,2.7098687,3.1135964,3.4974046,2.7556994,2.3712943,2.8346846,1.3733257,2.716968,2.8577652,2.7127376,3.6149657,4.21329,3.6338322,2.581408,3.082079,3.418957,3.22836,2.4777617,2.7884598,2.8513305,2.8371868,2.8519883,2.951454,3.7699382,2.9820993,2.9881487,3.3270073,3.0548973,2.7699013,2.9768128,3.530465,3.0773573,2.184367,3.1327648,2.8270605,1.4489152,2.5819404,2.4200528,3.7338493,3.5775895,2.228247,2.73514,4.049098,2.9343631,3.4765363,2.4641337,2.6568234,2.0877466,1.7018415,2.3844154,3.8929305,2.9308238,1.6304929,2.2005785,2.8014507,3.1045587,2.7176561,2.910838,2.6250224,3.206065,2.7316096,3.7411659,2.692577,2.8001027,3.172316,3.8080187,3.2636597,1.2059063,1.0838183,2.6295455,2.813021,2.9150825,3.1259387,1.579403,2.3396301,3.6061707,2.729194,2.7111368,5.1348076,3.553027,3.1474295,1.7529131,2.951124,3.6268775,2.7988448,2.498446,1.623082,1.9553913,1.4670571,2.3202896,3.0850945,1.9641104,2.1395395,4.105649,2.7851524,4.151881,2.5205197,2.6817257,2.5238924,2.2215195,3.981525,1.530583,1.9320512,3.100389,2.5057056,2.542368,2.8088198,5.09959,3.66103,2.8746784,2.168594,3.167711,3.590027,3.207238,2.8530455,4.1178794,2.6796012,2.1650045,3.371321,5.197984,3.6366718,4.317611,3.3162544,2.5379984,1.8683252,3.426151,3.3627946,1.9049886,3.8650815,2.5004578,3.670787,3.315561,4.060272,2.5043406,2.696497,2.96669,1.414429,4.420913,4.202398,2.659625,4.0686955,1.4211633,2.8116896,1.3526455,2.922812,1.656448,2.8636696,2.8609843,1.7269099,2.3587072,2.883666,3.4581835,3.80681,3.8869522,3.051373,1.716012,2.1653311,4.5991135,2.2572274,2.8565402,2.0306795,2.185357,4.8381653,3.2944946,2.6842911,2.5107994,3.2372725,2.5394926,2.979125,4.302971,3.345346,1.7243606,2.0278366,4.3366404,4.0517573,2.8020945
1.0044968,2.2486126,2.5314686,3.8158162,3.3853981,3.1766462,1.2327745,1.4327996,1.6975759,2.0483034,1.3211411,1.2376803,2.466399,1.2674305,4.222903,1.2591141,2.9781482,2.815034,3.4496791,2.1247241,1.5031737,2.0996664,2.4849327,2.8568988,4.6269865,1.0634646,4.3050923,2.4380734,1.0783944,2.7486315,1.3620173,2.4898028,1.2924112,2.8393028,1.1725974,2.4939597,2.1600983,1.1735435,4.320093,1.6448399,0.92441636,1.8500164,1.3032988,0.98940396,2.7267697,3.1842945,2.3611171,1.5007366,1.1118138,1.8659855,1.2973624,2.6127148,1.9591675,2.3262835,0.8877221,3.7963095,1.4718274,1.6341969,3.780564,3.4894252,0.5942945,2.1277792,1.9611418,1.8111188,3.2451565,3.077755,2.611967,1.6689103,2.0333176,1.3743488,5.1215076,2.156516,1.2748507,1.8789335,3.0520236,1.2290521,0.7844164,1.7233344,1.3193774,1.3448321,2.7972383,1.2224729,1.3215545,3.9697576,0.88908774,2.3674102,1.3182724,3.2790253,2.5568943,1.1616493,1.961117,1.5200837,1.6197677,1.2956115,1.3443941,2.8610146,1.8959389,2.9057887,1.9992919,2.93451,1.377389,0.91739905,2.1351204,1.3013881,0.9098622,0.991458,1.1928068,1.3763949,2.7759356,2.1351204,1.5028409,9.342528,3.5882125,0.79375184,1.4519571,0.7842976,0.7579519,0.6809031,1.2530795,1.4876215,1.5296743,0.92878866,2.6949878,1.3036201,1.1435779,0.8859273,3.2627385,3.0932312,2.0144503,1.8976812,3.721649,1.2006569,1.3661894,1.075397,1.2843292,1.3609053,1.3890034,2.3147585,2.9950385,1.7147084,3.1584623,1.1054947,2.4764538,1.455491,0.8676002,2.8555481,1.6566994,1.4466105,2.1971166,0.90427583,1.2005836,3.8351376,1.0988622,1.1649617,1.5024071,1.4318112,1.4117552,3.3061361,4.191608,2.8472755,3.7355292,2.8443272,1.3616266,2.9973881,2.6362884,2.3145258,1.8733567,1.9812908,4.368837,3.1001718,1.3195624,1.8432373,1.202409,1.1865426,1.9784311,3.4533544,1.2490044,1.4751049,2.421615,1.2794253,1.4054464,2.0109434,1.3388003,2.5179455,2.7241368,1.0283523,1.3083116,2.494094,0.64540195,2.0590525,1.9136834,1.2499936,1.1422185,0.8062884,2.921943,2.584454,1.431929,2.7726548,3.7099972,4.1189513,2.5685644,1.6731718,2.7570946,2.2164555,2.504527,3.9463174,3.108242,2.0030582,2.3006153,2.4000611,0.96896356,3.7167034,1.0844393,1.0156171,1.1113849,2.5744646,1.8851583,2.0530915,2.7910485,1.4619998,1.1457694,1.5808666,1.9007252,2.586596,1.1638802,3.0037882,3.056431,3.6753118,1.4813359,1.3968155,1.5135802,1.7454779,1.8935364,3.0302958,3.5005243,4.398511,2.9651206,3.6875029,2.643068,2.9598029,4.894568,1.2053808,4.081622,2.601669,3.2714295,2.1520889,1.952501,3.0647027,1.7209569,1.7003845,1.4255644,0.84261894,2.345199,2.0578535,1.9081446,3.536342,2.3427181,3.4125848,1.3065335,2.334855,3.2505867,4.1597776,0.8853995,2.7985878,2.497826,2.0191243,1.0812374,2.9506721,3.3458266,1.3932307,1.2624111,3.1940455,3.2440572,2.3301506,1.9138714,2.9771667,2.6961417,1.3031803,4.2004156,0.80276704,0.95921105,1.0994643,1.335451,1.0795379,1.3922998,2.1905003,1.2758029,2.259296,3.7784345,3.4703999,1.9111338,0.87876004
1.6900047,3.835388,1.5833908,2.7625954,2.9101114,3.1280432,1.8250437,1.6059217,2.9084163,1.2393436,1.6958083,1.6081711,0.79700655,1.5447385,3.5698857,1.239928,1.9039338,2.6735997,3.5542157,1.6833717,1.9431065,3.3696496,1.5486687,2.1672382,5.423094,1.6573321,4.8458643,1.5233661,1.4351732,2.375936,1.9841809,3.7165053,1.5066826,1.7239227,1.4578724,0.8270053,3.2232208,2.2477627,3.385787,1.6912092,1.5239012,1.9447521,1.6875662,1.6526234,2.005464,4.285898,3.51424,2.0054586,1.6496768,2.968393,1.6421541,1.9374512,1.3247108,1.2575544,2.0045962,3.014632,2.0275493,2.4810019,3.743871,3.0677354,1.6839954,2.1265743,0.843143,1.4027936,1.7635223,2.6356347,3.4421341,3.3602128,3.0517583,2.0422084,4.1108203,1.4901145,2.135021,0.76966274,3.0551455,1.5445452,1.4983824,2.8435786,1.3951555,1.3889393,3.976735,2.603789,1.4284536,3.137687,1.5521069,4.321861,1.4713401,2.2980502,0.9153958,1.144244,1.5246879,3.297517,3.410619,1.4961674,1.7580663,2.7409313,2.479215,1.5511979,2.1421483,2.7540932,2.6769235,2.8419101,3.4438257,1.633701,1.7092227,1.4720017,2.1881921,0.9733273,4.7092457,3.4438257,2.706165,10.323405,2.7359881,2.6063406,1.0449948,1.5320778,1.6117314,2.238365,2.7975254,2.5262024,1.3700796,1.6179763,2.1137786,1.3936828,1.508655,1.8635225,3.242191,3.2193758,2.9059744,1.2014061,3.7672265,2.1793437,2.1023014,1.4444431,1.5565494,1.4318663,1.7015026,1.0779916,2.8249476,2.7959418,3.0378041,1.645694,2.1765823,1.961549,1.869992,2.177304,2.0879588,1.9866258,0.35451797,2.2037735,1.5210769,2.8023727,1.5228157,1.1527493,3.2190216,2.1494536,0.9349911,2.9562607,4.6049886,3.1373754,3.7840014,2.5145524,1.1988376,2.1161556,1.535897,1.8439252,3.4180074,1.2986102,3.435729,2.5531971,1.4368691,1.8560361,1.3752321,1.6114888,1.4532964,2.9469264,1.4249078,2.9138155,2.4535291,1.5176405,2.0527382,3.3084695,2.1314483,1.5611819,1.5810119,1.2441642,1.4524827,3.3424587,2.209176,1.1268715,1.1072543,2.7216735,1.4038692,1.590782,4.751019,2.337683,1.9643075,1.958217,3.566494,4.313461,1.1189499,1.2421081,1.7171813,1.5178705,0.68382144,3.6258547,2.748902,1.1992505,1.2774875,3.4989028,1.5767989,3.030457,1.6214415,1.7792084,1.4767209,1.2452857,2.8985863,1.0649947,2.5129788,1.9106851,1.1698678,1.1293647,1.4215778,4.465472,3.0960226,3.2175007,2.0987518,3.8224308,3.0716982,2.3058481,1.5703678,3.5396633,0.77983814,1.751326,3.0057137,4.8779583,2.9658244,2.9182475,2.465404,2.353646,3.7514427,2.1995106,4.083731,1.3024594,3.3893325,1.4825116,2.9922116,2.896228,3.6393259,0.89875823,1.0521082,2.1079676,1.5012192,4.0395527,3.7029166,3.448853,3.64001,2.664582,1.5711638,1.1615177,1.8895191,3.1886709,1.9570595,3.0071483,0.6219384,1.0599976,1.4194682,2.6790197,3.1418934,3.3048763,1.9939919,2.5666943,2.0669765,4.289262,2.3581402,3.0030057,1.8591789,1.5770795,3.6121035,2.499729,1.7867911,1.1996557,1.9833682,1.5448174,1.5590224,3.8232534,2.1892636,0.99359536,2.9121943,3.6240747,3.6293147,1.8724883
1.4919697,3.7248514,1.8792369,3.067272,3.2402987,3.378625,1.6855195,1.4669482,2.8288648,1.2236851,1.590433,1.4327217,1.0675541,1.382797,3.9459736,0.9582473,2.257605,2.9064631,3.793757,1.494275,1.7738278,3.26159,1.8118565,2.2243788,5.3060284,1.5284057,4.781632,1.4067792,1.2301446,2.4172168,1.7999344,3.6263645,1.3184283,2.0776663,1.2549025,1.1302135,3.1724908,2.00873,3.354288,1.7426242,1.3141466,1.6862382,1.5577489,1.4654831,2.1477556,4.287172,3.4750996,1.8473096,1.5303982,2.9150617,1.5185395,2.1559093,1.4132462,1.1290883,1.8131361,3.393909,1.895472,2.3399143,4.00967,3.3665395,1.429993,2.1952062,0.3854531,1.1732184,1.876209,2.613341,3.5466871,3.252365,2.9496021,1.8655534,4.5097437,1.6441784,1.9367293,0.6101712,3.099235,1.3407528,1.2714461,2.722496,1.2511574,1.2462715,3.956763,2.4043565,1.2958443,3.5269268,1.2773597,4.166512,1.3054949,2.6680062,1.2072113,0.9690808,1.3189648,3.1739547,3.2882414,1.3199376,1.6555277,2.7501507,2.2527413,1.9680961,1.9442562,2.6245985,2.554987,2.6562147,3.3864322,1.4252193,1.4975618,1.2707886,1.9708887,0.87104875,4.576369,3.3864322,2.5813525,10.28174,3.1030555,2.4359097,0.899506,1.2828003,1.3857205,2.0101342,2.671162,2.4587128,1.2048144,1.329381,2.337046,1.2523909,1.3206649,1.6794809,3.3479404,3.090521,2.8543127,1.1326219,4.018488,1.9616917,1.9324886,1.3035694,1.4179443,1.2599806,1.5889341,0.9616465,3.0026555,2.6662931,3.237291,1.4419613,2.048409,1.8306311,1.6666547,2.2861614,1.8767114,1.8475261,0.48087278,2.040242,1.354414,3.1189802,1.3610091,0.99120325,3.0973327,1.9080434,0.8620667,3.2114406,4.800286,3.3030138,3.9960804,2.718455,1.0173631,2.359119,1.8094298,2.0139637,3.2138178,1.0859766,3.8346734,2.848863,1.2805125,1.6659374,1.1949258,1.4301933,1.4427915,3.1457112,1.2777667,2.769906,2.5830314,1.363182,1.892246,3.2430935,1.9553474,1.8071656,1.9573873,0.9842849,1.2937808,3.4249063,1.9823371,1.2696003,1.0986849,2.469966,1.2139853,1.357086,4.531252,2.2923236,1.7980765,2.2356565,3.8346257,4.5484266,1.1064111,1.1695346,2.0063183,1.7426234,1.1014911,3.9558315,2.913143,1.2054461,1.28999,3.4441268,1.2967198,3.0626166,1.4991976,1.6199977,1.2839724,1.4417864,2.7482736,1.2353258,2.776004,1.7523874,0.9291444,1.0089679,1.3269011,4.2804327,2.9242911,3.4068446,2.4014325,4.0562253,2.9679804,2.2076235,1.4342932,3.3079433,0.41093102,1.887661,3.1815333,4.8178334,3.0315437,2.8720996,2.3612225,2.5811193,4.1621885,1.9849998,4.3448596,1.3996089,3.4313889,1.3438094,2.928385,3.0284386,3.4792597,0.75783265,0.74625105,1.9473855,1.6963593,3.8744307,3.4866526,3.722235,3.5938377,3.025595,1.4331038,1.3886833,2.0267823,3.52141,1.7685965,3.178428,1.0083834,1.0725842,1.165261,2.724614,3.1156368,3.0962694,1.8679885,2.9074035,2.2290623,4.1325526,2.4741302,3.181592,2.078229,1.5403931,3.5903072,2.2717402,1.604387,1.0085206,1.7885561,1.3778723,1.3787365,3.6015587,1.9977956,1.1752785,3.1709461,3.5446475,3.5245209,1.6787355
0.7346564,2.3572617,1.651673,3.1675956,2.7990544,2.653178,0.63410676,0.63158405,1.5612175,1.157236,0.6203089,0.5692422,2.0806136,0.5884616,3.6745195,1.2781324,2.2001643,2.409192,3.0824695,2.25108,0.9078695,2.0898254,1.9181294,2.9476845,5.189584,0.3619615,4.9305253,2.2857883,0.5508528,2.4801638,0.73863465,2.6093085,1.0021605,2.4533365,0.92186207,1.7402322,1.9597384,1.0318604,4.1343985,1.1544864,0.2647959,2.1360862,0.6394806,0.41765878,2.714936,3.1169267,2.2095523,0.9605527,0.83008265,1.6706176,0.58815414,2.1568725,1.407143,1.6052994,0.54995435,3.1271133,0.7025045,1.4334102,3.2981484,3.099151,0.7850702,1.756849,1.6087005,1.8108711,2.6691108,3.3040082,2.4779367,1.8087306,1.8759177,0.73760825,4.5562415,1.6748853,0.7862664,1.3664998,2.9095771,1.0030304,0.6168661,1.5456258,0.82439023,0.87084603,2.6997225,1.2201931,0.62657964,3.3016028,0.54352695,2.9168506,0.93854713,2.8572922,2.1585276,0.6759608,2.0388827,1.7522799,1.866958,0.9623931,0.65258855,2.7349737,2.026233,2.1940794,2.4118104,3.3303275,1.2316142,1.3923724,2.1011918,1.1946484,0.29760805,0.3417689,0.82625735,0.8991081,3.2854872,2.1011918,1.1908289,10.043354,2.8319943,1.0789499,1.1607015,0.49882987,0.77525944,1.0122228,1.2565256,1.5982423,1.4080606,1.1359103,2.1651983,0.77060467,0.84447086,0.98583955,3.2621155,3.5588374,1.7934499,1.0552224,3.3310373,0.8527127,0.7250715,0.38984737,0.5857265,1.0564342,0.61896104,1.8571272,2.31209,1.6499629,2.9247768,0.78935665,2.760138,0.7074573,0.9157589,2.7223177,1.4160341,0.6882621,1.7073373,0.57149386,0.6924986,3.2022295,0.32602137,0.6130915,1.6456074,1.3073549,0.83097607,2.7601779,3.9063616,2.365212,3.4822366,2.73502,0.767848,2.8725257,2.3880565,1.659762,2.409129,1.9488602,3.7181108,2.5101912,0.9054164,2.1561575,0.5610514,0.6154332,1.0992017,3.1767478,0.746258,1.3969796,2.3400366,0.60178983,0.70813406,1.8518101,0.7376921,1.9298679,1.9547142,0.8740354,0.8851252,2.3284626,0.8040246,1.616843,1.0142654,2.0461376,0.4910222,0.91411394,3.5545576,2.4795337,0.72520274,2.544654,3.355172,3.7883499,2.1027281,0.7779388,2.5115805,1.4684516,1.9939517,3.501163,2.9356925,1.7724394,2.1925147,2.2766643,0.82767224,3.3857245,0.37912995,0.4592795,0.7620615,2.2856987,1.9427278,1.4966419,2.4930668,0.72779053,0.99105453,0.8040976,1.1185902,3.3462284,1.6505002,2.829427,2.6015546,3.2393823,1.5258061,1.0273153,0.73500377,2.3616693,1.5257164,2.2371337,3.2667086,5.010822,2.76518,3.3808572,3.0055776,2.1662226,4.251933,0.86084455,3.7618163,2.3163843,3.5021381,2.130047,1.7011303,2.8662794,2.145118,1.3996972,1.2687045,0.47445443,1.7486559,2.593141,2.5096846,3.1440394,2.3191116,3.0050757,0.63147604,1.8070353,3.0088944,3.5272827,0.54479295,2.3130367,1.7373208,1.1445615,0.7916188,2.9938686,3.697475,1.9248922,0.7469023,2.5797713,2.4480789,2.8754113,1.5984092,2.9112809,2.5651119,0.8720273,4.004982,1.2949249,0.7216917,0.61396337,0.76290685,0.55480736,1.1793929,2.7905328,0.78096527,1.9952468,3.0066514,3.962344,2.1019058,0.5831546
2.9493275,4.286763,1.8146863,0.81046414,2.583724,2.985029,2.9006536,2.7440782,3.5685349,2.4632494,2.771174,2.8044348,2.5342212,2.7664893,2.4676554,2.716962,1.1145387,3.060629,3.4434164,3.4903872,3.148157,4.1990333,0.7760645,3.5406747,6.742628,2.1370974,5.4225345,3.5882235,2.6919005,4.0302653,3.044161,4.629981,3.0210676,1.9064429,2.920285,2.4158854,3.891235,3.4481933,5.466705,1.4388683,2.4814203,2.6630816,2.8318229,2.7360241,3.1545243,4.754659,4.03088,3.2117846,1.9229028,3.595799,2.7607017,0.63929254,1.1576608,2.2900443,2.356728,2.0537493,2.8673725,3.6824186,3.5637386,3.3865743,2.6823556,1.0740888,2.738428,2.247808,3.6857944,4.114313,3.065689,3.4850123,4.02521,3.0347362,2.5205662,0.9596449,3.1580882,2.7114582,4.4964294,3.0435903,2.4162173,3.7443151,2.8085108,2.8339381,4.3968625,3.5866115,2.68172,2.1042771,2.4034424,4.0552363,2.9497437,1.7806972,2.5939262,2.381239,3.3507383,3.3774962,3.480916,2.9838157,2.8108523,4.3618503,4.160391,1.4102671,3.0972483,4.049877,3.3889616,3.4132454,3.9367175,3.1979444,2.7015896,2.5404844,3.23718,2.3683183,4.4324107,3.9367175,3.3438058,10.037091,2.66407,2.902651,2.6667502,2.6117268,2.3590744,2.5308876,3.2792919,2.1162894,1.9094101,2.46621,0.53057235,2.7689412,2.9018865,2.2081373,4.418368,4.6372695,3.7882464,2.554423,3.69886,3.2626219,3.0145075,2.137985,2.7407925,2.9899635,2.7672288,3.1625938,3.3971639,3.8614607,3.793245,2.9876308,3.6751268,2.901332,2.2210317,3.7762022,3.6400337,2.884199,2.4792073,2.846546,2.827732,0.85039604,2.1849298,2.2667785,3.3861442,3.6172752,2.2157884,3.4878821,4.5337834,3.2606256,4.256818,3.27223,2.6556096,2.938247,2.4648504,2.883218,3.0631332,3.208779,2.0847275,2.9888299,2.8973334,3.2930431,2.6444979,2.852378,2.663547,4.150445,2.7721398,3.5741842,3.3283033,2.7512193,2.9584384,3.6835535,3.0510182,0.660374,1.6661265,2.49265,2.8987286,2.5536163,2.5656216,1.2926431,2.224975,3.24478,2.6189597,2.3900955,4.2744894,4.1319466,2.9664695,2.5942144,3.7509358,4.214744,3.2286432,2.3936892,2.4340706,2.3901305,2.0411777,2.9470367,3.9531362,1.6702937,2.138983,4.2200003,2.2888641,4.884402,2.1086059,2.1693163,2.0271654,2.9314244,4.1592293,1.2411301,2.624159,2.936966,2.3294227,2.5102832,2.8416793,5.007301,3.1549413,3.4831784,3.1554577,3.6461105,3.3081398,3.192854,2.7888587,3.32836,2.768965,1.5617688,4.309479,5.507053,4.3133163,4.9320145,3.5252037,3.053314,2.221318,3.2694173,4.101085,1.7046684,4.577596,2.2021656,3.697119,4.1062922,3.467326,2.7343807,2.7432241,2.5568244,0.76542944,3.8580847,3.4099061,3.3224187,4.0971384,2.359783,2.781607,1.0774393,3.7462287,1.2565577,2.3156574,3.2556407,2.0833962,2.3368568,2.8467228,4.2050004,4.3325715,3.186529,3.0016983,2.4829464,1.4305604,4.031677,2.3083558,3.591039,2.78955,1.7514205,5.5740833,2.6734076,2.12068,2.3720577,3.0907767,2.0587556,3.1447697,3.4510186,3.1440926,1.9905746,1.2449459,4.779387,3.7760017,2.2556317
2.0768394,1.4250268,3.481669,4.9767985,3.6027687,3.1492856,2.2101872,2.5978703,1.5343077,3.332335,2.324871,2.4118094,3.4980333,2.4345171,4.573507,2.5766025,3.984021,2.7660747,3.1190367,2.994614,2.4681904,1.5318196,3.6722362,3.373859,3.6079328,2.4881487,4.0221148,3.3147702,2.3663988,2.913934,2.4157057,1.467372,2.30325,3.6042004,2.2699172,3.5981886,1.7964761,1.9846888,4.752017,2.8644867,2.3835783,3.2595372,2.334456,2.2186074,3.2153435,2.1551704,1.8003304,2.3650255,2.5713534,1.6515212,2.365329,3.7598271,3.3677723,3.9125965,2.372865,4.321105,2.5091062,1.9052768,3.529705,3.365805,2.0833073,3.3409193,3.436359,3.3408217,4.132035,3.4418724,2.3052297,1.4275285,1.816197,2.4103236,5.7956595,3.449831,2.2510054,3.1376188,2.7398767,2.2467055,2.3166919,1.7408644,2.400337,2.4077196,1.9589225,1.613299,2.4800181,4.502634,2.5455873,1.9517406,2.3402433,3.9482446,3.521556,2.537283,2.899409,1.412571,1.3876785,2.3091455,2.30815,2.778632,2.1828785,3.8740518,3.017644,3.52522,1.5801958,1.0312743,1.4757022,2.2077591,2.248466,2.3813617,2.1455116,2.6419783,2.0367932,1.4757022,1.9012072,8.657894,4.002387,1.6001132,2.6070516,2.2664595,2.3261466,2.17705,1.431852,2.432998,3.0738173,2.5211234,3.8016565,2.40627,2.2235892,2.378491,2.7897892,3.2297971,1.7974956,3.1778085,3.338506,2.1312606,2.3859925,2.537871,2.4099154,2.364506,2.442844,3.4572291,3.1513283,1.613216,2.8146746,2.1747413,3.1626983,2.466661,2.4287314,3.1153684,2.3637402,2.4932923,3.4626787,1.9080445,2.3101592,4.943711,2.5936487,2.5837479,1.4349642,2.1579635,2.7265165,3.2543452,3.4465935,2.695114,3.1312606,2.851338,2.6255891,3.462334,3.3610353,2.819724,2.7010832,3.0343285,4.994208,3.2709115,2.3592103,2.6901581,2.473171,2.3275752,3.092725,3.295949,2.3508854,1.5760959,2.3141346,2.4384894,2.4520855,1.737435,2.3413775,3.7695386,3.6100047,2.4841235,2.3523016,2.632271,2.1526215,3.4125779,3.260813,2.0710678,2.4498034,2.3466363,3.1441152,2.808641,2.50753,3.249332,3.3476033,3.5278006,3.6498961,2.971786,3.421111,2.9606807,3.6176405,3.966088,2.9508488,3.4212892,3.6023853,1.7943666,2.6649663,3.9482799,2.506701,2.5012643,2.7164865,3.3791757,1.6409745,3.4102933,2.9294312,2.5459366,2.6276894,2.8753953,3.060864,1.1080748,1.5363724,2.5685644,3.372003,3.3323436,1.4551785,1.8713104,2.6637578,2.4425564,3.262848,4.551114,3.3276715,4.1230297,2.6758049,4.1583176,3.3714666,3.4193168,5.6666765,2.1166353,3.5602264,4.0255194,2.8205037,3.6114566,1.8144617,2.7900577,1.7703663,2.8555002,2.7426238,2.0792418,3.6580145,1.7636145,2.4728937,3.306767,1.5484537,3.7634132,2.4052334,3.6721578,3.9209003,5.1625896,2.3848505,2.6675882,3.7199004,3.3268554,2.3527472,2.9082372,3.574436,2.0226443,2.0836716,3.510512,4.724338,1.9292275,2.259389,2.6308484,3.2378492,2.6338727,4.337034,2.1165245,2.518946,2.5170052,2.3790722,2.6328542,2.2980344,2.8648038,2.2340367,3.433012,4.947555,3.476172,1.331351,2.4266744
2.0426824,3.1255815,3.319226,4.0340443,4.163664,4.0453014,2.2991865,2.4065497,2.7515042,2.8584483,2.3625193,2.236767,3.0267851,2.2603588,4.7600927,1.7948391,3.5408015,3.7103612,4.281826,2.5503507,2.5370908,3.132803,2.8309104,3.2081196,5.002033,1.7991858,4.080429,3.0695095,2.0257683,3.7177348,2.3783233,3.4679978,2.2571979,3.3004494,2.113056,3.2677634,3.217578,2.2371047,5.030486,2.0980382,1.8026972,1.4777404,2.3432288,2.004894,3.1635942,4.1423335,3.3702116,2.5627313,1.5614144,2.920492,2.3235548,2.8195705,2.2819026,2.7861154,1.5410142,4.4140024,2.462989,2.7405267,4.654022,4.323264,1.4129934,2.2810276,2.419569,1.7361019,4.0564427,3.3737898,3.2675111,2.4067397,3.1224594,2.3885126,5.4259486,2.42793,2.314542,2.604325,4.0358872,2.1903884,1.5212673,2.814259,2.291967,2.3138542,3.7591298,2.3032546,2.2968807,4.5650187,1.5302893,2.3701453,2.2957597,3.694179,3.147983,1.9494547,2.4484816,2.1712844,2.2548914,2.270697,2.3961542,3.8060768,2.7835648,3.495404,1.8025403,2.899083,2.4486914,1.7914768,3.1064436,2.2372365,1.8954183,1.9052184,2.2419288,2.1463132,2.8781512,3.1064436,2.5445733,8.845131,4.443302,1.5594603,2.2137146,1.6695457,1.3375725,1.0207633,2.230363,1.5948924,1.6146353,1.1765391,2.9599173,2.2777867,2.1213255,1.2092403,4.0746393,3.247074,3.1117036,2.7304168,4.5830884,2.2566228,2.376884,1.8117996,2.2893972,2.3027864,2.4101045,3.0328982,4.0529466,2.8052447,4.052104,2.1265864,2.665874,2.4731922,1.2017369,3.6050034,2.6711226,2.4460402,2.7830167,1.93617,2.205316,4.063509,1.8308117,1.9209377,2.2579398,2.4504762,2.1594076,4.2991853,5.0647335,3.8080661,4.6464367,3.5152059,2.2484243,3.4464939,3.1270154,3.327099,1.2263011,2.488269,4.85067,4.030246,2.2941167,2.1074245,2.1390908,2.2015762,2.9007385,4.3677163,2.2300744,2.5020502,3.2185946,2.2708056,2.4047728,2.9767213,2.3568532,2.8328185,3.4356582,1.6885796,2.28883,2.9532595,1.2240438,2.345438,2.675855,0.8565941,2.0741613,1.3036113,2.2895446,3.4653256,2.4290972,3.3142457,4.5710115,4.9750147,3.274908,2.518136,3.2285705,3.142405,3.0385473,4.592509,3.9666982,2.1085925,2.357334,3.4435477,1.3543445,4.6547933,1.8142285,1.6748265,1.5542673,3.1915753,2.9296958,2.4294899,3.4732258,2.4565928,1.6661662,2.4345877,2.8096752,2.836106,1.5344048,3.8038757,3.9058235,4.550456,2.3282824,2.50798,2.4828482,1.1832123,2.4630375,3.3716083,4.4015617,4.194056,3.9760072,4.5388184,2.550618,3.9770417,5.254609,2.2643964,4.9204144,2.6300354,3.8489997,2.021047,3.0272062,4.009585,1.9353454,2.393851,2.0352557,1.7320528,2.6600482,2.1427753,1.3866948,4.342288,3.2949467,3.9741054,2.3189206,2.6330936,3.8641505,4.4087496,1.5278597,3.7786744,3.1707072,2.8006477,1.9876906,3.6657403,3.4630096,1.3115101,2.3567247,3.998576,3.5575345,2.3450098,2.658094,3.7051687,3.1766856,1.8216795,5.0604343,0.88180417,1.4262447,1.8821234,2.35939,1.6627208,2.3405771,1.4472442,2.3123062,2.5674748,4.116612,3.5185766,2.6318324,1.4674789
4.4797225,5.106556,2.952714,2.100425,2.1298556,2.7404752,4.3844004,4.3591,4.5443096,4.173606,4.2480135,4.4159775,3.8518898,4.3655796,0.8474467,4.43549,2.2405257,3.1126075,2.9130852,4.950216,4.6789937,5.0983706,2.62925,4.476947,7.252916,3.9357703,5.972305,4.9933987,4.351367,4.848002,4.63393,5.3280554,4.5266857,2.593123,4.4667416,3.8018935,4.69853,4.964947,6.4992685,3.2085521,4.248925,4.6307154,4.338545,4.35208,3.9443781,5.0319934,4.713195,4.680085,3.7976108,4.4835877,4.284683,2.5154965,3.2728145,4.4162564,4.1939993,1.3146546,4.427362,4.8979597,2.8908756,2.956591,4.38985,3.0204394,4.673675,4.303994,4.8868656,5.068416,3.2109342,4.4992146,5.0118456,4.61583,0.73482156,2.9845405,4.7194567,4.385817,5.034523,4.558551,4.202267,4.857366,4.3313155,4.345822,4.862738,4.942128,4.260269,1.1535952,4.3440466,5.0449657,4.4501657,1.9141039,3.807763,4.1045556,4.8504677,4.4763865,4.5347157,4.484254,4.26644,5.1041074,5.476443,2.399525,4.710061,5.309208,4.5724273,4.69562,4.6671133,4.669252,4.3901386,4.2624555,4.7986317,4.009585,5.203347,4.6671133,4.60503,9.893546,2.4534814,4.356052,4.231665,4.3598423,4.1813984,4.3437066,4.472101,3.6398625,3.9690816,4.378517,2.3735368,4.304008,4.4322753,4.0488095,4.643936,5.6756043,4.6641293,4.262253,3.0393076,4.81254,4.586474,3.9555779,4.3035493,4.4815865,4.2902393,4.7497025,3.7956164,4.9498506,3.7613394,4.529318,4.9870987,4.4345613,4.1170316,4.5029783,5.0841107,4.44913,4.1287174,4.3597703,4.376888,1.9227846,4.0458217,4.0347576,4.495176,5.098554,3.9099662,3.4240816,3.8259494,3.3875287,3.8285847,3.5024948,4.3185554,3.4569592,3.3239982,3.7251902,4.709823,4.7704167,0.68575984,3.0177116,4.401432,4.7515125,4.3023458,4.436341,4.202737,4.298416,4.305009,4.771794,3.7683609,4.3406134,4.5400167,4.560882,4.617304,2.7090573,2.5812304,4.2710886,4.4071207,3.0388803,4.3655705,3.259376,4.0073037,4.8288274,4.29978,4.2063794,5.6394825,5.1265006,4.564295,3.0858173,3.1394255,3.3955998,4.717544,4.1130304,3.1479228,3.3911843,3.4193397,1.7486373,4.233331,3.6549351,3.904571,4.9377947,4.3111644,5.7089357,3.9085107,4.027394,4.023248,4.0227976,5.233929,3.2192063,2.6546342,4.5331306,4.162934,4.213459,4.4535427,5.8314905,4.502938,3.3106508,3.4831827,3.077262,4.390434,4.4237776,4.395806,4.9455347,4.576721,3.705816,4.5175295,6.0456905,4.814817,6.0393624,4.8354855,3.6310084,0.8948029,4.8098044,3.2463706,3.683922,4.959053,4.2088857,4.6295414,4.4158535,4.685005,4.30895,4.471857,4.188674,2.9019587,4.9496727,4.9442887,2.6821003,4.726771,1.9366882,4.328804,3.0798767,4.713181,1.6020651,4.160266,3.4178052,3.624966,4.06417,4.5076933,4.854283,5.1775312,4.715924,4.4034023,2.3150291,3.52484,5.0351353,3.055432,3.5922675,3.4999301,3.5432317,6.4338107,4.433686,4.041925,4.124715,4.678179,3.9898024,4.5974755,5.052732,4.6964746,3.5434144,2.5258298,5.618393,4.6669884,4.135158
0.80856156,2.0285945,1.7886906,3.79463,2.7907681,2.5003252,0.42036453,0.5730093,1.1427456,1.2085177,0.4741442,0.5979008,2.299198,0.6227613,3.9181998,1.7675599,2.5962505,2.2052739,2.917157,2.421109,0.32498705,1.4825786,2.5962732,3.1447163,4.950791,1.3316524,5.3121934,2.1988678,0.88717324,1.8634956,0.44455838,2.011951,0.9307447,2.8431404,1.0177147,1.7317013,1.3583325,0.6653084,3.63952,1.9807696,1.0715342,2.944146,0.46152517,0.7558536,2.9267292,2.5669842,1.6933284,0.22804604,1.7898507,1.1999322,0.5151902,2.9110599,2.2277298,2.045419,1.4914731,3.3326337,0.54464877,0.66590464,3.0579534,2.9002187,1.450277,2.6323667,1.9713985,2.6132598,2.28256,3.4387584,2.6393597,1.9356201,1.1150744,0.46345899,4.9946795,2.468416,0.4765443,1.4880329,2.244024,0.9715093,1.4270504,0.8888511,0.8184158,0.839458,2.1992419,0.84442145,0.69883907,3.5185208,1.442452,3.3768313,0.8553055,3.2743282,2.3246558,1.2511592,2.2097685,2.0150394,2.0973253,0.88584775,0.41654018,2.1235735,1.5713552,2.5268576,3.0444424,3.6963458,0.9196884,1.5977845,1.7130824,1.1061165,0.85000736,0.97591364,0.54903424,1.327652,3.6312966,1.7130824,0.8583846,10.54415,2.6771898,1.6265404,1.4198139,1.169538,1.6442256,1.906197,1.2627131,2.4516742,2.2956357,1.9656156,2.8870978,0.79671717,0.9181598,1.9235877,2.898551,3.7100644,1.0961536,1.0892832,3.090106,0.5302449,0.51002526,1.3164799,0.5931237,0.99761707,0.4514402,1.7598532,1.6953049,0.98657686,2.5814471,0.77318305,3.0504742,0.4173452,1.8801061,2.4920278,0.803107,0.49859712,1.9592783,0.9202076,0.71647143,3.8186219,1.2844028,1.2914459,1.8165636,0.81567633,1.3413103,2.2969217,3.5650935,2.048217,3.077302,2.7398245,0.9620206,3.1038682,2.6802938,1.2183765,3.2725155,2.132021,4.036369,2.2201624,0.85172385,2.5214186,0.84223646,0.61965245,0.87871134,2.7015133,0.80468315,1.0884905,2.2344062,0.63583076,0.51938266,1.5335999,0.5085358,2.6347759,2.1645007,1.508451,0.82633764,2.766232,1.6773659,2.3755114,1.2821721,2.738161,0.86724466,1.7454875,4.2788506,1.9852822,0.4825483,2.7734013,3.0910368,3.5026433,1.9782703,0.99720573,2.81801,1.3364494,2.3283262,3.5983045,2.574043,2.5691338,2.871178,1.6316782,1.7587211,2.663208,1.3404565,1.449381,1.7266358,2.3614447,1.2819188,2.223388,2.6191351,0.47365615,1.7029176,0.98996323,0.8768092,3.436384,2.202977,2.6975334,2.3645253,2.9927552,1.6247768,0.5365677,0.5796866,3.1497161,1.792514,2.7796175,2.7795324,5.3727226,2.090561,2.7428355,3.497325,1.6424056,4.65879,0.52667433,3.5001795,3.0519524,3.3604927,2.915734,1.0999393,2.3577163,2.6402915,1.6068051,1.6467129,1.2123922,2.4949646,3.0494816,3.2796817,3.0187368,1.9143527,3.2335804,0.56310195,2.5175986,2.8947325,4.100474,1.5059416,1.9571497,1.9294662,1.2895446,1.0407327,2.7403069,3.9417362,2.6230326,0.37407172,2.547205,3.0082576,3.3334303,1.9018487,2.8205152,2.8108888,1.7607598,3.3163068,2.1486893,1.7182626,1.2555835,0.43807745,1.5394896,1.0372287,3.6245139,0.5116774,2.5549858,3.5365913,4.189516,2.134666,1.5704008
4.9112515,5.6032414,3.4758937,2.2395098,2.7573411,3.358196,4.8557563,4.827237,5.0561447,4.637969,4.7221484,4.869134,4.192482,4.8188243,1.4871686,4.756187,2.6939003,3.6682045,3.4876852,5.254229,5.168142,5.62706,2.9102335,4.7169094,7.5626235,4.3159013,5.981768,5.369823,4.771506,5.360944,5.10975,5.850413,4.9610023,2.8924608,4.8844533,4.2601657,5.2483706,5.427913,6.939805,3.5359852,4.644833,4.767648,4.8089604,4.7839947,4.210328,5.593787,5.262004,5.175218,4.107647,5.011367,4.751659,2.7148304,3.5560894,4.774594,4.5512023,1.9660152,4.9123015,5.40886,3.5213664,3.50259,4.735608,3.2423627,5.00632,4.4893246,5.363842,5.3004208,3.6497476,4.926028,5.55388,5.094056,0.5555533,3.2370458,5.1932726,4.7893767,5.5626493,4.986096,4.5499787,5.3795915,4.774852,4.7895255,5.416495,5.4153714,4.712203,1.8168817,4.6913295,5.289869,4.8919516,2.1978695,4.1609454,4.4880915,5.1712356,4.8713727,4.9307733,4.922544,4.7464905,5.606172,5.927278,2.833277,4.8573036,5.454876,5.061948,5.09178,5.18483,5.0926814,4.810452,4.6705046,5.2657256,4.398699,5.4667788,5.18483,5.1055098,9.638184,3.1163235,4.725214,4.6163116,4.739841,4.4986844,4.637424,4.9279504,3.8744814,4.1943536,4.6496205,2.6178398,4.7480307,4.858693,4.330022,5.090665,5.8881583,5.209496,4.7210555,3.6336102,5.2808704,5.06493,4.331659,4.7619863,4.9138594,4.7677026,5.1659446,4.43783,5.4623027,4.2790766,4.9664803,5.209745,4.9222484,4.4047813,4.914432,5.5663533,4.932451,4.4896193,4.7959375,4.821351,2.0598795,4.427094,4.4132094,4.9173703,5.565497,4.299214,4.052199,4.39961,3.9925783,4.383354,3.88525,4.7451267,3.717056,3.6212702,4.280806,4.8377404,5.0983667,1.2977132,3.626029,4.843189,5.0076094,4.73235,4.885976,4.700331,4.813879,4.745716,5.261065,4.2018814,4.7939386,5.0195003,5.079182,5.094748,2.977475,3.0829997,4.6137247,4.8501625,3.3976202,4.6948853,3.513092,4.448507,5.0221562,4.72427,4.509312,5.730509,5.5930705,5.043448,3.409034,3.7063344,3.9718902,5.133073,4.5637374,3.4334614,3.9196494,3.7579076,2.3071098,4.7069716,3.851085,4.0667477,5.493284,4.6143346,6.241407,4.2880354,4.389926,4.336159,4.380664,5.737415,3.5130193,3.0982044,5.013688,4.47959,4.653106,4.934691,6.134904,4.8202534,3.799323,3.9843833,3.6915112,4.8338504,4.9246416,4.8681326,5.1165104,4.934046,4.011888,5.020225,6.058438,5.3567066,6.5402503,4.958314,4.2569456,1.055472,5.2795434,3.8033726,3.819884,5.2951,4.350264,5.171118,4.933119,4.9879427,4.6850896,4.818546,4.5885835,3.1779795,5.2225637,5.1065,3.2546113,5.2501655,2.350059,4.7906337,3.3346343,5.073784,1.7200298,4.513602,4.022671,4.0447264,4.514787,4.91352,5.2504234,5.332726,4.969394,4.8857284,2.9227927,3.8147912,5.284666,3.4992316,4.0112853,3.7851708,3.8744917,6.9403467,4.7010183,4.3586006,4.504065,5.1520286,4.3343015,5.0319467,5.1546125,5.1712546,3.7827816,2.8166335,5.7678924,5.099967,4.47509
1.1824923,3.1109955,1.6187137,3.3534026,3.1114879,3.0692317,1.0604442,0.6875029,2.223954,0.38328212,0.97753614,0.82154864,1.8266714,0.8021886,4.038698,1.5290555,2.3187072,2.7532468,3.569497,2.183409,0.907782,2.601637,2.2350135,3.0158675,5.522784,1.348511,5.5217347,1.8452644,0.93281907,2.1999953,0.96965224,3.092008,1.095461,2.6626437,1.1356577,1.113346,2.4741347,1.3822238,3.422632,1.8980168,1.0767436,2.552875,0.9304848,1.0482879,2.8643212,3.6674523,2.7979178,1.023243,1.7075747,2.2878423,0.9084771,2.6101975,1.799521,1.0188498,1.6045146,3.3837957,1.042003,1.6762048,3.680205,3.3389814,1.5525147,2.461374,1.1391469,2.084739,1.7523627,3.36443,3.3543086,2.814137,2.2254746,1.0262284,4.8147225,2.1077073,1.1569668,0.8274662,2.8442333,1.1551042,1.3924788,2.0053954,0.93292826,0.946356,3.301657,1.7954491,0.7915706,3.5423594,1.2567025,4.0484476,1.0225278,3.1541255,1.8953106,1.0608549,1.9652551,2.8159819,2.9217288,1.0650159,1.00971,2.5751207,2.007822,2.2111447,2.8287756,3.5209775,1.9483,2.3766742,2.8025486,1.3137808,1.0780861,0.99551696,1.2444694,1.0868123,4.400331,2.8025486,1.8469821,10.932512,2.8380685,2.1997852,1.2178531,1.1996243,1.604293,2.0539014,2.1744072,2.6401877,1.8821692,1.7816437,2.6381595,0.90959275,1.1184367,1.9190898,3.4254339,3.7683117,2.1981554,0.24874435,3.7540178,1.2425549,1.103146,1.2211543,0.8441244,1.0988419,0.87319624,1.0825577,2.3190782,2.0513844,3.1648715,1.0907385,2.8765824,0.985611,1.8491288,2.5908585,1.2653004,0.997637,1.2528974,1.5517899,0.9493806,3.4169285,1.1653094,1.0736865,2.66419,1.3535556,1.039905,2.8453076,4.40709,2.8191714,3.7890413,3.0428176,0.7247397,3.04152,2.5017922,1.5869143,3.4429872,1.7723619,3.9540243,2.6105394,0.9991415,2.4042654,0.8147619,0.8994687,0.50399005,3.1028187,0.9606807,2.1142392,2.7151675,0.80351585,1.0458046,2.5791252,1.1391132,2.2178364,1.9791101,1.3135699,0.9885452,3.2924113,1.8757426,1.916052,0.53858685,2.9044073,0.8508626,1.6774927,4.6347003,2.2342172,0.9285939,2.7789378,3.6849172,4.245545,1.3217392,0.4880095,2.6769607,1.448162,1.8112667,3.9557014,2.9813688,2.068722,2.3476844,2.754322,1.5020536,2.7631848,1.3385376,1.4556665,1.4762094,2.0686524,2.2254393,1.7502321,2.9508498,0.8713063,1.4236828,0.48109046,0.30960345,4.247539,2.7821271,3.3516645,2.496533,3.6906276,2.5060964,1.5727232,0.6074077,3.422711,1.0634568,1.9431101,3.163963,5.568632,2.7307982,2.6183496,3.3020034,1.9509817,4.4159837,1.2635378,4.1592603,2.3872724,3.770168,2.3515615,2.214063,2.9070919,3.271743,1.2448033,1.2834389,1.603154,2.0672936,3.7192647,3.5902228,3.578328,3.0090325,3.3339205,0.84490174,1.9974571,2.5687463,3.771657,1.5952606,2.7144885,1.212675,0.46239683,1.0295386,3.0026584,3.9228375,3.0363789,1.2310693,2.8037925,2.2560322,4.0061107,2.3941052,3.3351858,2.7462294,1.6954901,3.3954248,2.349579,1.6598574,1.0770313,0.9799483,1.3791822,1.2183903,3.8234935,1.2159383,2.108629,3.1393285,4.281492,3.0747352,1.5937897
2.8612208,4.2124696,1.7806873,1.0975411,2.3039691,2.7571669,2.8676593,2.7636385,3.4787648,2.5444536,2.7345788,2.7906497,2.258552,2.7428477,2.1773121,2.5604327,1.0831839,2.7370107,3.1429212,3.2353694,3.160117,4.098687,0.58876634,3.1241174,6.3455377,2.1691864,4.97256,3.379591,2.642213,3.7854536,3.0801013,4.4565725,2.9067042,1.4070272,2.8033085,2.3267128,3.8034601,3.4196937,5.252067,1.4023803,2.4754024,2.5427873,2.798476,2.701027,2.7063775,4.600432,3.9395893,3.2030165,1.9052337,3.5015218,2.7310462,0.4040468,1.1979593,2.4960763,2.4248796,1.8480208,2.9312954,3.5966563,3.3183913,2.9933465,2.586297,1.1501769,2.7104974,2.1650317,3.574297,3.7115357,2.8502064,3.436064,3.9392142,3.0796778,2.3428621,0.8796753,3.1844172,2.6300807,4.211687,2.9258685,2.353536,3.6831388,2.717127,2.7362065,4.2841783,3.5391455,2.6403615,1.900508,2.433389,3.9874494,2.8441298,1.2413636,2.300717,2.301914,3.1165845,3.3285422,3.428209,2.8734343,2.777525,4.0887837,3.9985836,1.1691517,2.8351204,3.6954308,3.3317027,3.315584,3.8252416,3.0555565,2.6965873,2.5181735,3.2515407,2.2460027,4.343154,3.8252416,3.3481252,9.641246,2.484961,2.865933,2.5035944,2.5651472,2.2949388,2.5348175,3.2255287,2.042433,1.8553213,2.3925836,0.5178344,2.6858418,2.7935164,2.1612122,4.014788,4.25773,3.6722343,2.605138,3.4039383,3.2688687,3.066816,2.1405287,2.7096293,2.8636425,2.7614548,3.0734317,3.294429,3.7539885,3.4143212,2.9058344,3.3431752,2.9408355,2.2123246,3.4150925,3.5717628,2.939092,2.3476443,2.8424516,2.7587557,1.0438703,2.2306097,2.208034,3.3477113,3.5507414,2.1211276,3.234552,4.279391,3.0918837,3.9005063,2.808942,2.6037555,2.4412405,2.0210352,2.7144434,3.0670798,3.0009608,1.9139452,2.715592,2.7934318,3.0102398,2.6068926,2.8153474,2.7016442,3.7862597,2.6849976,3.5438602,2.937395,2.721151,3.0168972,3.6387665,3.0986445,0.6194505,1.4882536,2.3926656,2.7995765,2.4403467,2.5961556,1.1586101,2.3035245,3.07187,2.5886586,2.3015745,4.2911463,3.881311,3.018956,2.1062663,3.390781,3.9245517,3.111039,2.4389942,1.9562703,2.236684,1.7772222,2.6042535,3.5668468,1.5264559,1.898265,4.1125016,2.3176193,4.6865363,2.1360667,2.2292924,2.0526464,2.6067493,4.0160975,1.1669188,2.1884966,2.9870195,2.225197,2.508629,2.871317,4.771589,3.1042368,3.104131,2.7976286,3.4153683,3.2584617,3.128105,2.805109,3.3398118,2.6964793,1.9392567,3.9437072,5.0512466,4.0368586,4.783053,3.1701858,2.9660132,2.1025748,3.2753289,3.7515838,1.572915,4.134228,2.078669,3.627353,3.7668846,3.4511516,2.5658891,2.6118143,2.5757408,0.82415044,3.805532,3.4146776,2.9876401,3.9765706,1.8699015,2.7466116,0.9685743,3.4322693,1.3715893,2.3764877,3.0669413,2.0196314,2.3963552,2.7684252,3.8231702,3.8949754,3.198211,2.9592397,2.191451,1.881315,3.9674985,2.0764744,3.1487298,2.3229878,1.7059171,5.358328,2.6657612,2.1553197,2.3066766,3.116801,2.1001499,3.005989,3.4609497,3.1776338,1.6830022,1.6885821,4.3518023,3.7062838,2.3051493
2.9901943,4.692361,2.055979,1.8914784,2.5801637,3.1153238,3.100941,2.982599,3.84967,2.6668491,2.9554768,2.983304,1.6464947,2.916862,2.5822985,2.461929,1.6102502,2.8093636,3.427429,2.766007,3.3586218,4.3981285,1.2262114,2.4324012,5.9947543,2.6368349,4.6608367,2.8541415,2.7904427,3.440196,3.3556232,4.653867,2.8962338,0.96972674,2.814322,2.0695605,4.1559696,3.6239445,4.545342,2.0559988,2.7610075,2.5336185,2.9972758,2.9337862,2.0775602,4.959063,4.3493,3.3918972,2.389936,3.8720498,2.9404192,1.3715252,1.7126259,2.6245058,2.9668396,2.2905836,3.293764,3.7460659,3.6295638,2.8887181,2.7888489,2.0819006,2.490553,2.144185,3.0605018,3.034531,3.4613378,4.0542116,4.178435,3.3860044,2.6945362,1.4796,3.4798968,2.4247243,3.9322882,2.9211242,2.6024036,3.9791017,2.7646189,2.764446,4.708597,3.8275597,2.7851875,2.3249357,2.7523127,4.7070007,2.8550305,1.1243258,1.6593325,2.4172144,2.7014866,3.962486,4.0645003,2.8776662,3.0093067,3.7440522,3.854312,1.2071106,2.6163583,3.135367,3.7130306,3.7336712,4.2437344,2.9957008,2.9823353,2.7543542,3.5366435,2.2545805,5.0591917,4.2437344,3.789206,9.697216,2.6271493,3.4151587,2.374735,2.7807643,2.5915506,3.0557032,3.7045672,2.7625585,2.0740693,2.5931945,1.6199834,2.7555583,2.8436399,2.604875,3.651642,3.729463,3.9127567,2.6960976,3.647479,3.5360496,3.4090195,2.507817,2.892221,2.8191454,2.999687,2.7153053,3.4885457,3.9497428,3.2481146,3.0031996,2.8053017,3.2544281,2.676965,2.8429768,3.575976,3.2767775,1.9652603,3.2772574,2.8736138,1.8430837,2.6312454,2.379459,3.9571853,3.6061022,2.1904879,3.2486227,4.6100593,3.473714,3.8741987,2.4736857,2.6581721,1.7785978,1.4060535,2.7075536,3.7541354,2.5812745,2.3668034,2.7196503,2.8124466,2.674244,2.7527862,2.9799476,2.8328164,3.3724942,2.7658212,3.9685628,2.7685082,2.8854468,3.3593314,4.147889,3.4389994,1.3056669,1.6289215,2.4704719,2.8292606,3.2836742,3.1245553,1.3781055,2.4730482,3.3111901,2.7618368,2.5483165,5.048615,3.4925966,3.3179183,1.6334835,3.428831,4.190793,2.6491492,2.6267977,1.3535429,2.290905,1.2407861,2.931511,3.1672075,1.5577458,1.5367491,4.4295244,2.652032,4.2044787,2.5961857,2.7407987,2.4427214,1.9577682,4.097196,1.4512056,2.218455,3.271568,2.3043478,2.602553,2.9378655,5.057339,3.7274678,3.2006822,2.3678393,3.7817132,3.8319707,3.4200118,2.9856482,4.0177755,2.4472198,2.287498,3.488903,4.6975503,3.808692,4.276874,2.6989908,3.0582163,2.445492,3.5480433,3.8734398,1.3194156,3.6959898,1.9453684,3.981121,3.475853,4.1802416,2.316472,2.463764,3.0838373,1.4898852,4.5124645,4.121307,3.199441,4.3979635,1.8011557,2.9162273,1.1999916,2.6279876,2.1357455,2.9096282,3.3774333,1.7913043,2.487223,2.8260334,3.3056953,3.270768,3.893106,3.2161696,2.3465502,2.365524,4.6877,2.5624635,2.9886298,1.7364264,2.2128239,4.798364,3.220512,2.6566632,2.4575758,3.3713837,2.5363324,2.9370122,4.149994,3.5042713,1.2505834,2.5419707,3.8279421,4.305062,2.8147125
4.932313,5.6153483,3.3296168,1.8157687,2.896285,3.455335,4.80469,4.7207117,5.0652018,4.45769,4.668063,4.8043585,4.3654466,4.7615952,1.7463558,4.865675,2.5068378,3.9045749,3.7346504,5.490759,5.0688715,5.6572475,2.874575,5.14731,8.099423,4.226994,6.6519427,5.5313115,4.7512336,5.5391145,4.9921994,5.981457,5.0046115,3.2171586,4.934061,4.2162714,5.243955,5.3927946,7.12595,3.487041,4.591459,4.902746,4.75542,4.7484355,4.6446924,5.6811366,5.263619,5.0957923,4.079649,5.0178595,4.693926,2.698457,3.4657278,4.527558,4.4465237,1.9392344,4.7574854,5.416735,3.6675217,3.8657923,4.78956,3.1417375,4.9861474,4.556967,5.368748,5.752798,3.8102987,4.9195375,5.556469,4.966081,0.7242278,3.2024577,5.0896277,4.7894363,5.807366,5.037238,4.5628557,5.3575153,4.7845416,4.805642,5.447353,5.3995266,4.668242,1.7872497,4.626024,5.379827,4.921263,2.5854335,4.3496423,4.495065,5.3757043,4.876218,4.9410386,4.9593887,4.6878576,5.83738,6.0522275,2.829161,5.1391525,5.8768926,5.042136,5.156727,5.224092,5.1748657,4.7521377,4.6272326,5.1797686,4.4353595,5.580149,5.224092,5.012267,10.402153,3.0843265,4.722304,4.703384,4.7330484,4.5227127,4.61824,4.915648,3.9190488,4.218064,4.701056,2.5040667,4.7486176,4.8968844,4.3475313,5.517832,6.3516273,5.23788,4.5764036,3.8756945,5.203077,4.9290366,4.268519,4.708611,4.967232,4.682081,5.176009,4.3740373,5.4996967,4.6355247,4.9794545,5.562854,4.7910814,4.3897686,5.246325,5.5634828,4.788072,4.5305605,4.733279,4.8124743,1.6761314,4.327858,4.400919,4.900791,5.5695453,4.3055134,4.1877933,4.6114874,4.0308013,4.733523,4.3443823,4.7187486,4.1964025,3.9687161,4.3138485,4.875438,5.2654333,1.1929533,3.766747,4.8687654,5.2844934,4.6941943,4.846365,4.5501018,5.1481586,4.752284,5.2164397,4.5613275,4.741954,4.875502,5.032421,4.9650187,2.8882098,3.0456994,4.6595645,4.8710346,3.4333284,4.6393356,3.5292597,4.2810493,5.226081,4.6818686,4.5595007,5.774165,5.7993593,4.9055467,3.828729,4.0488296,4.2330227,5.1671095,4.429293,3.819621,3.9205806,3.8781955,2.653751,5.0754156,3.9221435,4.244882,5.5175576,4.564667,6.3687778,4.2023325,4.2866244,4.277948,4.626921,5.8262806,3.4789774,3.4734561,4.876516,4.530016,4.5688605,4.8062043,6.4392505,4.8549013,4.170268,4.2536297,3.8259547,4.8194165,4.9012227,4.7626486,5.139783,4.9457164,3.6226995,5.3648977,6.73637,5.581244,6.620752,5.3614874,4.1645575,0.8122396,5.2015777,4.1602573,3.8879964,5.8129277,4.455167,5.145879,5.237859,4.9909387,4.7784266,4.8946013,4.512763,3.061349,5.2838526,5.1380634,3.5493023,5.3008676,2.8061223,4.740384,3.312365,5.348362,1.2327622,4.4163866,4.0856533,3.9780312,4.3581185,4.929791,5.640395,5.8687954,4.9622726,4.8423185,3.0599189,3.3558354,5.368544,3.6206076,4.475623,4.2027287,3.849628,7.114809,4.7043033,4.2944655,4.501613,5.046533,4.25175,5.1029615,5.1994944,5.0594935,3.9719505,2.1771128,6.3207664,5.120374,4.392452
1.0703298,2.6816032,1.6287141,2.8735032,2.8598678,2.7949858,1.0188733,0.9144284,1.9224415,1.1942332,0.974291,0.8982161,2.07481,0.90383595,3.6073966,1.3158714,2.0385888,2.5986214,3.2467184,2.344748,1.2498906,2.4742556,1.666842,3.0067456,5.462396,0.21616179,4.9733014,2.4210324,0.8169567,2.7780867,1.079669,2.9934576,1.2845634,2.3762805,1.1810607,1.7683861,2.3232725,1.41034,4.342904,0.92054963,0.46854174,1.945534,0.9948784,0.7776581,2.7688649,3.4558089,2.5524483,1.3244758,0.5877822,2.0261102,0.93372345,1.8796505,1.0868462,1.4101099,0.45171234,3.0602174,1.0033653,1.8352058,3.4568334,3.25717,0.8991589,1.4489157,1.554237,1.5824918,2.8013394,3.3962975,2.5979605,2.029066,2.2725062,1.0756716,4.367498,1.3843869,1.1505746,1.435868,3.2431378,1.2855288,0.6375575,1.9381617,1.0993065,1.1424783,3.0308645,1.6092962,0.9092735,3.2233791,0.4378465,2.9836018,1.2247001,2.7490764,2.1696992,0.75085545,2.138813,1.9366465,2.05605,1.2493844,1.0136492,3.0523562,2.357458,2.0773149,2.3381069,3.3458831,1.6006655,1.6606331,2.4369318,1.4740058,0.6564746,0.58818585,1.1977613,0.97020423,3.389074,2.4369318,1.5380385,10.034114,2.8961787,1.2313099,1.2812265,0.674719,0.70955515,0.92681503,1.5644027,1.4493307,1.1389377,1.0224072,1.8934753,1.046811,1.1300067,0.8244763,3.5286572,3.6771934,2.1773365,1.1350219,3.5084105,1.2283335,1.0598655,0.27187613,0.9099627,1.3191586,0.9534573,1.9577862,2.5609365,2.0516613,3.1649406,1.1171476,2.8097749,1.0361787,0.72770864,2.9183912,1.762777,1.0017861,1.6816918,0.90695226,1.0073632,2.9200249,0.1273912,0.6290482,1.864821,1.664123,0.8500953,2.9826148,4.1288753,2.5860794,3.7307239,2.8758042,0.9569559,2.8963675,2.380357,1.8954923,2.260124,2.027396,3.5840342,2.676595,1.1860325,2.2121296,0.8127122,0.9537547,1.256056,3.427855,1.0307212,1.7516826,2.5503166,0.91161376,1.028543,2.1628966,1.0809937,1.6502326,1.9037309,0.899458,1.1713158,2.3261771,0.7701981,1.3536836,0.9858393,2.0330157,0.74471897,0.84829235,3.4721723,2.7660205,1.0415277,2.5724564,3.5417142,3.9837906,2.1942677,0.8585149,2.4953213,1.6107131,1.9176428,3.530788,3.1780298,1.5145398,2.0035057,2.6486301,0.6099233,3.6654873,0.2203614,0.2383693,0.46756104,2.3514524,2.3403232,1.2346567,2.5746658,1.0370263,0.92493415,0.92516935,1.2943319,3.5753934,1.7370225,3.0244322,2.757106,3.413988,1.7732128,1.4178535,1.0020471,2.2707396,1.5322529,1.9405217,3.5243127,5.0576997,3.0980492,3.6276345,2.972593,2.3600843,4.0607862,1.23831,3.9480553,2.0442157,3.7197008,1.8909525,2.068736,3.1538815,2.2131402,1.4875592,1.3244824,0.65468824,1.4481791,2.6712284,2.4249427,3.2839146,2.6507988,2.989899,0.95859957,1.5359792,3.1129868,3.2660522,0.42133388,2.5457177,1.6769783,1.1505196,1.0219011,3.2231195,3.7603388,1.904789,1.1428345,2.6487603,2.1398156,2.943805,1.6903316,3.0977638,2.5949926,0.6577971,4.286295,1.2186029,0.47318482,0.67741,1.1119165,0.2396715,1.4589667,2.6556783,1.142067,1.861758,2.7356787,4.0516944,2.340958,0.4025266
2.3433719,2.6256852,1.878026,3.7796302,1.3741028,1.0490065,2.1891327,2.3470092,1.9579604,2.539078,2.1103392,2.365514,2.6027672,2.3227406,2.6899095,2.8967144,2.451485,0.669491,1.2513167,3.1977098,2.3736415,2.2113545,2.8301134,3.1539752,4.8257394,2.6399448,5.2325606,2.967112,2.445174,1.8849936,2.471432,2.278633,2.3247955,2.402276,2.385087,2.2614012,1.8790572,2.5654416,3.9866705,2.6493154,2.6095705,3.9976988,2.1812754,2.3943255,2.718679,2.200177,1.9858066,2.2828937,2.8688521,1.8313868,2.1871543,3.109244,2.9707112,3.4267044,2.9264257,2.30555,2.395315,2.1100261,1.3167675,1.0610726,2.779502,3.1959019,3.2739756,3.6656635,2.782053,3.5442102,2.0766444,2.6801124,2.054893,2.4721076,4.093059,2.9681506,2.5005887,2.6415765,1.8163856,2.3695426,2.7492654,2.1206005,2.227166,2.2222292,2.1518512,2.4606135,2.2515872,2.471298,2.9733715,4.0262084,2.2608838,2.5731375,2.5087733,2.5121956,3.0630136,2.8225417,2.861273,2.2865586,2.0904987,2.0576673,2.7326164,2.261313,3.8204684,4.153689,2.1572587,2.6965015,2.0681257,2.4063323,2.5383513,2.5214245,2.5493357,2.3966737,4.0967045,2.0681257,2.2900653,10.208406,1.396254,2.7936385,2.4449403,2.6682723,2.8994753,3.2103946,2.3488424,3.1500223,3.3289232,3.2242508,3.0491626,2.2278779,2.3254235,3.0586534,1.9960396,4.0143976,1.7124008,2.5144887,1.2782191,2.5303345,2.474431,2.6192925,2.2459729,2.300543,2.1917298,2.829353,0.9249479,2.0931246,1.0468804,2.3560536,3.5663364,2.3189702,3.1087961,2.2317357,2.4729655,2.3889046,2.766901,2.4515624,2.2746842,3.7131698,2.7010999,2.5485804,2.6874664,2.5538285,2.4149356,0.27326712,1.9639485,0.9667297,1.2250993,1.8255969,2.4248612,2.590807,2.435188,1.1264458,4.2867923,3.0402174,3.0925293,0.56165564,2.2424932,3.2537055,2.4010036,2.3394744,2.251373,1.5026995,2.2330537,2.370799,1.5244089,2.297885,2.4621387,2.183823,2.483162,2.9641118,1.8857073,2.7678094,2.2454553,2.6437476,3.085132,2.9689298,2.5537763,3.7222905,2.4408567,2.9515014,5.2292504,2.3413985,2.4629,2.171999,1.1330202,1.7193829,2.8320315,2.4343617,2.434562,1.400956,2.5572104,2.0902307,1.6007597,3.3063097,3.4865923,1.9844478,3.1797965,2.769796,2.62588,2.8107507,3.0019715,2.4671266,2.257149,2.8405006,1.529352,2.4357429,2.8671746,2.4353979,2.4288313,3.8694224,3.1785395,1.2746588,1.3457991,1.3783188,2.46709,1.9545525,2.344557,4.2538424,3.0117755,3.6529262,1.7285849,5.2746086,1.5455394,3.2956326,3.9504125,1.1516696,3.847651,2.5205226,1.5750581,3.6787255,2.8231838,3.8081954,1.8931972,1.3878616,3.5145144,2.567474,2.8350418,2.6209826,2.9830155,3.805345,4.310929,1.2739187,2.1045494,2.0813012,2.2298849,3.003772,2.9346037,3.8135247,2.9157863,0.75850326,2.4818985,2.520699,2.5521338,2.4530997,3.96459,3.728645,2.107165,1.2035803,3.765323,3.9983938,1.7408209,1.6415043,2.463353,2.6613793,3.502817,3.3834834,2.9996812,2.561531,2.48005,2.8542955,2.3165822,4.654826,2.502284,2.9444926,3.6990724,4.273949,2.74144,2.9484615
2.824511,4.3956265,1.3341337,1.2452176,2.4299972,2.8821197,2.7368796,2.5011282,3.5510921,1.991265,2.5780973,2.6103346,2.0962214,2.55889,2.564317,2.6537714,0.81013006,2.8735318,3.410362,3.274766,2.8922608,4.1283817,1.048584,3.3736894,6.705994,2.255045,5.7591743,3.1449583,2.5482147,3.5392075,2.859655,4.55245,2.793111,1.8019902,2.7393887,1.7318538,3.806113,3.3166158,4.7866216,1.7910097,2.4593778,2.9568686,2.6288066,2.6393025,3.007756,4.7243094,4.0033445,2.96149,2.2117486,3.5552166,2.5635786,1.337789,1.3971404,1.9067858,2.584834,1.9698744,2.7051702,3.4756377,3.443038,3.1417053,2.7739627,1.814098,2.409177,2.4176965,2.9003816,3.9581163,3.391635,3.7726693,3.8609166,2.866095,2.729557,1.3517491,3.0175626,2.2896016,4.0919275,2.84018,2.4986937,3.630221,2.5705948,2.586429,4.3972354,3.5356543,2.4548755,2.0246682,2.4790554,4.6699877,2.7104285,1.8377166,2.1267836,2.276211,3.1265726,3.7233102,3.8305151,2.7537386,2.6173954,3.9341865,3.8997612,0.92985165,3.311692,4.074639,3.385319,3.626648,3.9785438,2.9888024,2.6497407,2.4654865,3.1181908,2.187818,5.023027,3.9785438,3.3207474,10.732578,2.192382,3.2072341,2.4465427,2.6047008,2.5382543,2.9047742,3.4084733,2.7404687,2.1609817,2.6661472,1.2995261,2.5384908,2.7290454,2.5535953,4.158724,4.6046605,3.631942,2.1216128,3.6069856,3.1336641,2.8721595,2.190517,2.5346842,2.7432144,2.5529366,2.616021,2.9783003,3.7222986,3.543408,2.8201401,3.598281,2.711376,2.5526357,3.3731627,3.3346348,2.7109623,2.0133352,2.9122686,2.6329715,1.302818,2.2300608,2.193069,3.6668038,3.387412,2.0431762,3.0949411,4.505016,3.1495175,4.050886,3.1417298,2.403057,2.7948341,2.2654846,2.4418237,3.7910697,2.9366243,2.1165624,2.6025355,2.6584754,3.2769015,2.459564,2.6665516,2.2140965,3.699591,2.5639658,3.5974665,3.203876,2.538295,2.802519,3.742248,2.9169526,0.9774314,1.1936556,2.471388,2.6627412,3.0890653,2.8700235,1.439464,1.8286538,3.6674893,2.4630625,2.5728865,5.0648465,3.703278,2.7736607,2.4619775,3.5756724,4.156971,2.6184676,2.073588,2.2804744,1.965401,1.593611,3.0148203,3.6006968,1.8600378,2.2019207,4.1238,2.460769,4.211532,2.2207632,2.3496091,2.209726,2.5051916,3.981301,1.2909772,2.615485,2.7254896,2.3506832,2.1897943,2.4011264,5.3468966,3.6075652,3.4664865,2.6646423,3.5800178,3.5314302,3.0811386,2.5049741,3.995153,2.4102895,1.1745577,3.8522658,5.8146753,3.9146628,4.2469153,3.6450975,2.4927907,2.283349,3.1437113,3.9946833,1.77972,4.4525366,2.3848367,3.603522,3.7391849,3.99807,2.4366734,2.564785,2.7193334,1.0792818,4.4281907,4.1056194,3.2580688,4.1424828,2.3282804,2.563867,1.1487154,3.1924124,1.6551855,2.545543,3.0966225,1.4066157,1.8661263,2.6909258,3.8975356,4.328028,3.7544692,2.857064,2.2220254,1.1543807,4.640445,2.5029106,3.5228312,2.6460638,2.0118768,4.9200215,3.1261334,2.3973532,2.2964609,2.9040484,2.2087066,2.8972995,4.204776,3.0237834,1.9031093,1.407338,4.8435564,4.056976,2.4941165
2.0068586,3.8437364,1.3286886,2.4940348,2.9796598,3.1517384,1.8808805,1.517652,2.9573164,0.8141516,1.7464961,1.6716881,1.8640883,1.6364627,3.6129618,2.0202951,1.6955171,2.9892437,3.7213864,2.6968117,1.8616629,3.4436142,1.7106491,3.2804475,6.300941,1.6673036,5.8609834,2.4043257,1.689339,2.9079516,1.8540891,3.9444842,1.9429736,2.4102452,1.9281359,1.0881153,3.2107928,2.3493114,3.9980645,1.7918773,1.6674651,2.658353,1.7521099,1.8055587,3.0565357,4.336702,3.4876542,1.9711285,1.8591535,2.9946408,1.6983792,2.0955968,1.4299173,0.6594906,1.9742433,2.9280918,1.7716941,2.6155634,3.7703886,3.4641612,2.130741,2.1368363,1.4557693,2.0810804,2.080084,3.7466068,3.5743232,3.3700376,3.0971735,1.87698,4.0963316,1.698344,2.0424452,1.3627421,3.5712547,1.9993091,1.8664093,2.858461,1.7304492,1.7474545,3.9638603,2.6926591,1.5730882,3.0485203,1.7085987,4.4775243,1.860804,2.7710192,1.9364688,1.5657765,2.503768,3.343567,3.4570785,1.9072402,1.7848355,3.3284094,2.9877205,1.6899112,3.0765722,3.8506181,2.7080805,3.0701847,3.4942088,2.1642594,1.8008865,1.6471264,2.1490636,1.5371388,4.8573112,3.4942088,2.5799444,11.154213,2.6242924,2.7243223,1.7717799,1.8339933,1.9953787,2.4225461,2.839469,2.7381613,1.8671277,2.1280837,2.0955179,1.6975657,1.9194446,2.1751175,3.9749124,4.285874,2.98738,0.97082585,3.9109337,2.162552,1.9116973,1.5627708,1.6476718,1.9146837,1.6590474,1.6319878,2.660379,2.9513988,3.549489,1.9547524,3.2662635,1.7715999,2.1122181,3.058852,2.3024397,1.7625034,1.3641931,2.2078922,1.7729319,2.5861018,1.5244997,1.5054456,3.2278202,2.3804483,1.4012612,3.0941288,4.688106,3.1116498,4.1445007,3.2960374,1.4874392,3.084192,2.4862943,2.008614,3.6357727,2.272632,3.3327103,2.730406,1.8185611,2.856332,1.5733156,1.7559984,1.1668988,3.537291,1.7406672,2.8869555,3.136503,1.6277523,1.8369126,3.2207522,1.959462,1.6325784,1.611577,1.8024812,1.8156404,3.3540354,2.3001301,1.5774345,0.7515514,3.3319244,1.5863714,2.0577266,4.9089656,3.0046573,1.7682768,2.795382,3.867932,4.4465637,1.7376308,1.0602064,2.6194732,1.6502041,1.5966148,3.779939,3.4427128,1.8486838,2.1992996,3.5250647,1.8073459,3.4351819,1.6430866,1.7587827,1.6655056,2.2666278,3.1784325,1.3719112,3.012039,1.7145222,1.7727607,1.1924067,1.2571065,4.9691234,3.250472,3.64604,2.679355,3.8404984,3.0817504,2.3539698,1.487124,3.7241006,1.495049,0.9531688,3.6380968,5.9103856,3.4280097,3.3092754,3.5325096,2.1575854,3.650958,2.179064,4.337006,1.9566503,4.3052187,2.227564,2.9611998,3.4630818,3.7009122,1.743155,1.8179808,2.1041548,1.5191896,4.1720996,3.8806326,3.6627128,3.6905563,3.1123903,1.6693981,1.4925905,2.8403814,2.9595602,1.9501511,3.0310442,0.88154215,0.7452343,1.821181,3.5692232,4.2563653,3.4141953,2.0421522,2.6905131,1.2766409,4.4383864,2.5814886,3.662638,2.8331769,1.7707987,4.1073723,2.70858,1.901775,1.5794082,1.892746,1.6222593,2.0660055,4.039889,2.069597,1.9674196,2.2909195,4.709026,3.6636271,1.9194336
1.0187235,3.228816,1.7104213,3.2727246,3.0994525,3.1193159,1.1429784,0.90000516,2.3277986,0.8017083,1.058183,0.8769559,1.3455637,0.83102447,3.9631784,0.9570374,2.29289,2.6762793,3.5540025,1.6198703,1.1744214,2.7310622,1.9974636,2.4577656,5.169802,1.2472926,4.9613433,1.4168899,0.75012606,2.1010478,1.2214782,3.1384485,0.85372484,2.2929018,0.8310384,1.037409,2.6472695,1.4569548,3.2733932,1.7012438,0.92428267,2.007677,1.0093204,0.9780516,2.344444,3.8025045,2.964897,1.2525359,1.4421974,2.4130912,0.9793168,2.3576028,1.5503949,1.1068062,1.5296178,3.3724012,1.3459997,1.7860215,3.7462533,3.2224205,1.1967738,2.2670913,0.6293421,1.5518789,1.7500994,2.8087628,3.2955756,2.8472493,2.3960836,1.2933389,4.6942253,1.8275665,1.3666376,0.3425429,2.761938,0.89339674,1.0548539,2.1704683,0.7532875,0.7533716,3.4597213,1.873239,0.7627579,3.5261168,1.0280107,3.9230416,0.8186419,2.858834,1.4442477,0.67934865,1.4041443,2.8042142,2.914556,0.84402794,1.1178802,2.4415936,1.8511934,2.070536,2.22716,2.9096334,2.04707,2.2750573,2.9033055,1.0216584,1.0284569,0.8406216,1.4082822,0.6432545,4.302242,2.9033055,2.0478833,10.435458,2.936989,2.1065528,0.707398,0.9319877,1.2503153,1.8340765,2.2179284,2.3974974,1.4301064,1.3351506,2.468134,0.7493885,0.8703072,1.6029296,3.1724033,3.2190073,2.331596,0.6392155,3.7657273,1.3965286,1.3707268,1.0398754,0.87646526,0.8193915,1.0376111,0.81500447,2.5764048,2.134986,3.0210686,0.9424259,2.2787595,1.2675002,1.5662506,2.2365093,1.32496,1.2907336,0.7647245,1.5860994,0.83782184,3.322273,1.0611802,0.73020935,2.6924887,1.3673441,0.6473445,2.9125571,4.4733877,2.9354615,3.7335453,2.6962905,0.49049324,2.5688345,2.0354939,1.6461576,3.1809003,1.2028089,3.9092429,2.6202052,0.7943272,1.8136162,0.6852146,0.88555264,0.9302328,2.9541779,0.78736174,2.2503664,2.4297101,0.8152913,1.3320026,2.745209,1.3930684,2.0018277,1.9233437,0.8371684,0.79947853,3.2331278,1.7303436,1.5404099,0.7441176,2.468253,0.72086924,1.2733591,4.433575,2.025011,1.2251776,2.3708105,3.6266024,4.2729764,1.0651722,0.69032866,2.2279313,1.4574873,1.4009926,3.877506,2.7516198,1.5864313,1.7782805,2.9175792,1.1970373,2.7780826,1.2267882,1.3592205,1.1963892,1.6066234,2.2435315,1.4395639,2.7167761,1.1771127,0.9196079,0.47258338,0.7625293,4.013617,2.6527274,3.2033696,2.3102627,3.764499,2.5474806,1.6820662,0.85238683,3.2023365,0.49515468,2.017962,2.9966755,5.0041523,2.6773684,2.6244116,2.6815193,2.208923,4.335111,1.420238,4.122917,1.9175055,3.3752809,1.8071498,2.3956802,2.7684295,3.1971354,0.68730044,0.69046414,1.5764302,1.8632548,3.6102195,3.3772151,3.5302567,3.1134095,3.095816,0.88443726,1.6772674,2.1734726,3.698711,1.499629,2.8140285,1.0709598,0.70476556,0.7233773,2.6409247,3.3433232,2.8906424,1.3298038,2.7742314,2.3482203,3.8849988,2.2653644,3.0647247,2.2667823,1.4533405,3.3525813,2.1186292,1.4506882,0.71900177,1.2068498,1.1899617,0.95158595,3.5659316,1.4343961,1.5759083,3.2316442,3.7154334,3.1096742,1.4488283
2.4470072,4.1361074,1.9962709,3.0338826,2.3346004,2.7110124,2.6205242,2.597593,3.259407,2.4403174,2.489742,2.5520706,0.9208284,2.4753106,2.901094,2.0438085,2.1104877,2.0645201,2.9126813,1.9715935,2.8589458,3.6735017,1.928658,1.4835941,4.864606,2.5923162,4.1974487,1.9269559,2.372395,2.236236,2.9436805,3.7817419,2.247043,0.90551454,2.2183585,1.6126046,3.4994283,3.0605085,3.395796,2.31641,2.5208566,2.690648,2.5179474,2.5336099,1.0854126,4.2185264,3.7250814,2.8449373,2.4881208,3.2672856,2.4883268,2.2247887,2.188997,2.7821863,2.9599137,2.581797,2.9686017,3.0074205,3.1681535,2.08124,2.476328,2.7025268,2.2342744,2.3515978,2.2198968,2.0710998,3.2308457,3.7531388,3.4320774,2.995044,3.5761163,2.0836573,3.047153,1.9191619,2.6854687,2.2766113,2.397471,3.3321378,2.1978521,2.1764758,4.0609508,3.2528157,2.3332813,2.6742086,2.6611266,4.6379137,2.2279837,1.5061771,0.8038293,2.1006262,1.9329857,3.7173917,3.8069103,2.2402406,2.537238,2.493115,2.9140499,1.4986615,2.436379,2.563162,3.1917102,3.310969,3.6386526,2.2754207,2.6577518,2.4490538,3.081357,1.8544757,4.921662,3.6386526,3.3533447,9.632416,2.3430567,3.2181706,1.7954346,2.4739861,2.4741747,3.0641842,3.295431,2.9842596,2.3151507,2.521533,2.432715,2.2157571,2.2622366,2.6497822,2.3832226,2.8552248,3.1676726,2.396226,3.0849967,3.0588357,3.0430005,2.4180174,2.4432845,2.1502082,2.5742195,2.057606,2.8451726,3.194306,2.1812062,2.4392993,2.0876937,2.8740425,2.7390325,1.5108274,2.83373,2.9303653,1.5441549,2.9665973,2.3536477,2.977806,2.5677981,2.1435075,3.6696756,2.9078279,1.8920542,2.435654,4.0132704,2.9547625,2.9401603,1.4327456,2.2107825,0.8518123,0.5590268,1.9418335,4.0283484,1.867902,2.9859438,2.0045416,2.2017448,2.056767,2.3450463,2.5050292,2.4560344,2.0799441,2.2286868,3.4739,1.7506332,2.435985,3.0092285,3.6748524,3.0617697,2.06906,1.6179099,2.1734972,2.2265546,3.3840268,3.0878353,1.836448,2.334865,3.160219,2.385159,2.4192426,5.2808723,2.2999504,2.944708,0.79451424,2.6851401,3.6086783,1.9225584,2.3779225,0.6173449,1.7420915,0.93445134,2.8372376,1.8756638,1.9554452,1.7576879,3.7006993,2.676109,3.0014305,2.5540364,2.7498248,2.5214014,0.86301357,3.2202127,1.864269,1.6774702,2.8946302,2.1130304,2.2548501,2.5062923,4.4603453,3.6023016,2.4556534,1.189857,3.3158474,3.5009441,2.8567376,2.5723023,4.1817536,2.0414605,2.933702,2.157833,4.202585,2.6038103,3.1855805,2.3217242,2.463049,3.3353019,3.0700152,3.2077203,1.988157,2.5151415,2.2738621,3.3612192,2.234931,4.12103,1.6972215,1.9978378,2.923758,2.1678095,4.421943,4.2944293,2.693116,3.7759035,1.6529379,2.4451525,1.8313086,1.4561532,3.2260768,2.9080932,2.787776,1.599723,2.278437,2.3342602,2.002283,2.4903028,3.9401507,2.705459,1.9939866,3.126815,4.6164384,2.3166254,2.0343575,0.79215366,2.3173263,3.5545783,3.252783,2.7305925,2.1758857,2.9341152,2.5692067,2.2078087,4.4245663,3.0933204,1.2430841,3.4440138,3.0529652,3.9446523,2.8314068
2.5728106,3.61176,2.8965366,3.8022861,2.6694481,2.7933764,2.8564825,3.0492866,3.0113578,3.3066938,2.8025992,2.8966587,2.0865912,2.8429973,3.2062316,2.2127705,2.9930375,2.0833275,2.684485,2.161061,3.2253864,3.3635774,2.555961,1.4096024,3.75886,2.7695572,2.7360537,2.6021702,2.6619174,2.669442,3.2508867,3.2803679,2.5240178,1.6279072,2.4476018,2.8424115,3.304567,3.1258454,4.177936,2.4943914,2.7391553,2.5998795,2.8375983,2.732135,1.0199775,3.7383022,3.4251068,3.1637795,2.5372212,3.0483077,2.8223152,2.6256351,2.698375,3.7124937,2.9787433,3.1599634,3.302067,3.0466273,3.1753721,2.1603127,2.3837042,2.830008,2.9993439,2.6031647,3.4844067,1.7662615,2.601608,3.200036,3.3271277,3.287884,4.111626,2.5365324,3.252722,2.732096,2.7320719,2.501361,2.463162,3.2367246,2.5643415,2.549327,3.6456892,3.1174908,2.7423568,3.273499,2.8471658,3.6269097,2.5472748,1.9893849,2.052025,2.4403281,2.1815715,3.117031,3.1736429,2.5309987,2.8392615,2.6581166,2.9026754,2.566712,2.025739,2.0905147,3.0116167,2.7443707,3.206163,2.4444222,2.8367171,2.7053916,3.2257147,2.3045511,3.840758,3.206163,3.307911,8.03422,3.1475754,2.8042393,2.2095757,2.601642,2.440619,2.7996714,2.9631784,2.5321496,2.520084,2.470847,2.8449683,2.5850477,2.4783778,2.4923086,1.9449112,2.1208465,3.0541182,3.1960757,2.9221718,3.2024558,3.3085306,2.6627796,2.8035467,2.4675205,2.9471602,3.0099382,3.3336654,3.0417325,1.9909004,2.6363928,1.8647757,3.214932,2.6384678,1.86482,3.1142433,3.2679958,2.5767307,2.9174848,2.6514816,3.7097774,2.8401096,2.4895494,3.1599987,3.0624962,2.3903153,2.8084517,3.6311078,2.9468422,2.6549504,0.9484599,2.6947277,0.9900348,1.3150691,2.562588,3.3365383,2.307322,3.606511,2.5124106,2.5366676,1.8065674,2.7185946,2.8052628,3.22228,2.3419545,2.5555155,3.258347,1.2626094,2.811005,3.31234,3.388421,3.3027148,2.728698,2.5894456,2.3630562,2.5578017,2.8810391,2.9125502,2.3950913,3.15134,2.351414,2.7283254,2.3553896,4.3355675,2.5872314,3.2950683,1.0480205,2.548938,3.3093567,3.002437,3.046035,1.2367854,2.4816213,2.1863034,2.8139448,1.886776,2.3677785,2.1933296,3.4333932,2.8111303,3.7314095,2.7449105,2.876735,2.714454,1.8813704,3.0215008,2.5110343,1.4708824,3.275583,2.3254104,2.8953938,3.2470257,3.1481802,2.935591,1.889721,2.0150087,3.2049387,3.0587409,2.8800085,3.0733328,3.4571993,2.8002157,3.984473,2.3918638,2.7793694,2.68114,4.0028524,1.8158263,3.2561839,4.06772,3.2055492,2.9306264,2.6750402,1.5998703,2.5766082,3.23954,2.2470553,3.383784,2.2808487,2.3847704,2.8756442,2.783486,3.5029767,3.5156302,2.549477,3.30241,1.8927009,2.8084576,2.5602603,2.458205,3.9031522,2.931726,2.8213315,2.8492382,3.166755,2.5921593,1.8381073,1.7339426,3.293094,2.8663788,2.492901,4.142813,3.62029,2.0519416,1.2911507,0.9903888,2.4380631,4.1555243,2.841742,2.7636907,2.4834259,3.2260876,2.772929,2.4660046,3.6464636,3.2788303,1.9114355,4.2518587,2.0337687,3.303259,2.861712
1.345254,2.442342,2.8525388,3.9878216,3.6816669,3.4824252,1.5934641,1.7747175,1.9952105,2.3578796,1.6826359,1.5820032,2.6871097,1.612321,4.461391,1.4236236,3.2416298,3.1188369,3.727962,2.2333791,1.8408347,2.3592067,2.677595,2.963763,4.632829,1.3423028,4.1853848,2.631873,1.4079365,3.0405347,1.6963729,2.7142768,1.6038054,3.0455935,1.4788183,2.7974021,2.455961,1.4809512,4.5227356,1.8486029,1.2410371,1.7593538,1.6607308,1.3416102,2.8737137,3.4278255,2.6345177,1.8432184,1.2923356,2.1687982,1.6544399,2.761925,2.137473,2.5328226,1.1122476,4.065258,1.8095281,1.9534256,4.0803337,3.7767348,0.8520713,2.247284,2.134444,1.8294152,3.5304942,3.1446269,2.8140266,1.8346423,2.3307266,1.7080741,5.311468,2.3205256,1.6051717,2.1411977,3.328087,1.5347846,1.0419446,2.0294738,1.6519251,1.6744183,3.0466793,1.5161762,1.6655588,4.233971,1.115187,2.271931,1.6415547,3.4791389,2.7868943,1.4492297,2.0932019,1.6500908,1.7403843,1.6143689,1.7071042,3.1258316,2.1042068,3.1724877,1.9247793,2.8952742,1.6875485,1.092601,2.3867843,1.5839324,1.252724,1.3185167,1.5167323,1.659054,2.7119784,2.3867843,1.8131047,9.147965,3.9188254,0.9798017,1.7129642,1.0909017,0.9505901,0.7339265,1.5213423,1.5295404,1.6032891,0.99130005,2.8633885,1.6396203,1.4660215,0.9897668,3.485146,3.0791712,2.3299954,2.2084959,4.008325,1.5254318,1.6987478,1.3569995,1.635216,1.6672064,1.7449608,2.5640366,3.3553023,2.0100389,3.43738,1.438835,2.50776,1.8014351,0.97674614,3.085043,1.952154,1.786498,2.4282634,1.2424716,1.5430725,4.008936,1.3772017,1.4479313,1.6748027,1.7183745,1.695925,3.6435783,4.4587264,3.1653523,4.0156302,3.0609264,1.6748127,3.1656358,2.8310385,2.6695592,1.6618658,2.1338167,4.606295,3.4315832,1.6457775,1.8885825,1.5331675,1.5321795,2.3156774,3.7391214,1.5862242,1.7532907,2.6641862,1.6247593,1.7391018,2.2759717,1.670474,2.7039685,3.0230145,1.2535577,1.6367427,2.651335,0.79903287,2.222733,2.2137437,1.0243217,1.4723716,0.9623488,2.6780393,2.8314323,1.7662206,2.9778183,3.995328,4.393002,2.8178897,1.9913775,2.9478576,2.561126,2.7351375,4.1958456,3.3697245,2.099976,2.3711452,2.6773844,1.1065767,3.9965339,1.3629242,1.2616196,1.2903354,2.796958,2.146385,2.2478518,3.0362844,1.7984443,1.3323096,1.8950965,2.2239752,2.5101569,1.1741043,3.253781,3.3557127,3.967764,1.698445,1.7474768,1.8527554,1.5185905,2.0991383,3.2288857,3.7760212,4.2857623,3.2575479,3.9380386,2.6023836,3.3240352,5.1051474,1.530566,4.354391,2.6875331,3.402569,2.1644263,2.262448,3.346869,1.6960057,1.939975,1.6261691,1.1444451,2.529439,1.9807259,1.6936849,3.8142104,2.5850112,3.64395,1.6576658,2.5105784,3.4586499,4.3391304,1.1093909,3.123464,2.7787442,2.3232312,1.3804272,3.1436536,3.3526058,1.2735467,1.6243747,3.5006754,3.4383266,2.2376287,2.1740057,3.1978981,2.8728294,1.5175765,4.4379773,0.7396437,1.1326611,1.3854245,1.6686748,1.3072027,1.6886911,1.9425182,1.6049936,2.4104652,3.983383,3.432677,2.0595071,1.0872017
0.87106574,2.6629486,1.7482594,3.6578498,3.050638,2.8979855,0.684159,0.42595467,1.7841188,0.7443419,0.6519422,0.52301717,1.9894831,0.52392805,4.0908833,1.5327538,2.530273,2.5506108,3.3552988,2.1605403,0.4338746,2.108556,2.466062,3.0055833,5.176339,1.3323362,5.3954835,1.8448331,0.75508356,1.9194471,0.5848156,2.5957987,0.82326233,2.7776148,0.91065234,1.3591341,2.0168915,0.92852426,3.3530726,1.9854463,0.9885984,2.6922405,0.58072436,0.7962589,2.8494732,3.216006,2.3539698,0.5309653,1.7519028,1.8519197,0.5968644,2.8222196,2.040992,1.5066196,1.5456907,3.462861,0.7538819,1.168943,3.4855955,3.1825428,1.4275085,2.6112695,1.428016,2.2968316,1.862629,3.3089745,3.1240823,2.4756951,1.7243099,0.65920585,5.009882,2.3272233,0.7511355,1.0022424,2.4878306,0.8831664,1.3455507,1.5188639,0.69546354,0.7087844,2.858811,1.332855,0.5705127,3.6355293,1.2773423,3.7925916,0.7491866,3.272776,2.0390112,1.0580441,1.9405801,2.5062735,2.6026063,0.7886768,0.6626231,2.2516406,1.6230989,2.4151068,2.870483,3.5179255,1.5204308,2.0260909,2.363612,1.034765,0.8676112,0.877969,0.82869786,1.1097566,4.1073656,2.363612,1.4425466,10.780389,2.835475,1.9579701,1.1871301,1.0838065,1.5794162,1.9775616,1.8029517,2.6030557,2.0625038,1.8120179,2.8387957,0.6781506,0.86267895,1.9134995,3.1404052,3.6434164,1.7261127,0.5803406,3.5322177,0.8132241,0.7570051,1.2360345,0.5619228,0.8609029,0.5559873,1.2337471,2.0744314,1.5511976,2.9080858,0.7693714,2.8600516,0.64828146,1.8531172,2.4524057,0.8073554,0.6903053,1.5114467,1.2608669,0.66571856,3.7041528,1.18878,1.1042594,2.334043,0.8976133,1.1134616,2.632634,4.1074085,2.5521483,3.5023067,2.9007678,0.6476778,3.056362,2.5700998,1.3932099,3.3920631,1.800191,4.1017265,2.4740777,0.7410423,2.3616571,0.6591046,0.5832451,0.536599,2.8774645,0.72221726,1.6819515,2.4857843,0.53406435,0.7219231,2.1730933,0.7797663,2.4769905,2.1191206,1.3125476,0.7215408,3.155505,1.7731334,2.1572766,0.8762976,2.794217,0.70586044,1.6617906,4.5082364,1.9651593,0.5891484,2.7807786,3.4724996,3.989807,1.4823236,0.64102334,2.7406478,1.392768,2.0372899,3.890859,2.7514079,2.305073,2.5710232,2.2786782,1.5776709,2.5629544,1.3314406,1.4471087,1.5743325,2.1290302,1.726317,2.0035994,2.8491335,0.5355023,1.486623,0.5774411,0.31922004,3.8675687,2.549367,3.104722,2.4150958,3.4644692,2.1645122,1.1404121,0.32192802,3.3181689,1.2829503,2.3919034,2.9329286,5.444907,2.3725026,2.488864,3.3310587,1.8240452,4.637017,0.8324427,3.9291024,2.706137,3.526658,2.591195,1.7603688,2.612701,3.0326486,1.2852211,1.3229239,1.4251251,2.3279438,3.4602194,3.4760895,3.4023607,2.5682292,3.3526998,0.5378262,2.2801127,2.6133213,4.0330205,1.5470214,2.4440098,1.5408704,0.8342792,0.8555633,2.7909195,3.8629076,2.874587,0.8234293,2.757353,2.6771472,3.7494967,2.2391303,3.1154442,2.7555704,1.7472878,3.1943967,2.2571802,1.6815493,1.0728868,0.5720128,1.4384663,0.94225913,3.7581053,0.82550824,2.3019161,3.4301012,4.167289,2.7075505,1.5724728
4.674609,5.433987,3.0507677,1.8509202,2.4884677,3.1140094,4.5683284,4.496842,4.8346076,4.2306304,4.424843,4.571744,3.9734921,4.5217223,1.3091911,4.592035,2.262565,3.486367,3.3625164,5.1294703,4.8378496,5.407546,2.6724713,4.7089357,7.6642694,4.071442,6.315368,5.1449447,4.510383,5.1035757,4.7878494,5.6846633,4.713201,2.7915056,4.6516314,3.8749402,5.0009127,5.1633587,6.6561894,3.338505,4.39404,4.7250423,4.511506,4.523579,4.1981635,5.4195147,5.0363436,4.8546124,3.9320672,4.7803473,4.453318,2.5568085,3.3155081,4.376075,4.3323455,1.5550543,4.5736613,5.1403675,3.3070364,3.3669763,4.572693,3.0926266,4.727715,4.367722,4.9680114,5.314469,3.612969,4.794507,5.29137,4.7700624,0.3675977,3.039416,4.889077,4.4874134,5.3576083,4.748651,4.3593025,5.1184773,4.5050235,4.520941,5.2193346,5.179247,4.416632,1.3821353,4.461934,5.352033,4.6328125,2.1426942,3.9397326,4.249933,5.0249395,4.7634583,4.8297687,4.66993,4.446219,5.393784,5.7165337,2.4739728,4.8786836,5.515776,4.830495,4.973145,5.0006814,4.87097,4.5504055,4.4125423,4.9768515,4.1584234,5.5448604,5.0006814,4.831515,10.26272,2.6721408,4.5887985,4.3964067,4.519407,4.3375306,4.508548,4.73807,3.8379247,4.0504723,4.516673,2.4048765,4.47497,4.620246,4.2035503,5.0280013,5.9498935,4.9579573,4.3385525,3.4886408,4.9936724,4.7425704,4.087368,4.4654903,4.666704,4.450757,4.8418565,4.044584,5.2263055,4.1606345,4.716289,5.1915193,4.588645,4.258631,4.7687325,5.275312,4.596931,4.205538,4.5594945,4.5518184,1.6874458,4.164649,4.171069,4.7759624,5.297745,4.044163,3.7555141,4.2887874,3.733917,4.2749143,3.8682115,4.4579754,3.7219744,3.534031,3.9485943,4.8818884,4.921358,0.7594049,3.3277524,4.581856,4.955341,4.4520564,4.6032567,4.3025193,4.633519,4.480677,5.0277133,4.130921,4.4979835,4.689549,4.853263,4.777723,2.7185993,2.7010086,4.42011,4.586998,3.3573666,4.5273724,3.318452,4.064651,5.053991,4.4485507,4.3648286,5.8488173,5.375581,4.708762,3.3667428,3.5883687,3.8665934,4.8061094,4.2067604,3.3744643,3.5783064,3.5094528,2.2441504,4.5783253,3.7151837,3.9780858,5.26018,4.4168706,5.912447,4.043273,4.155316,4.127942,4.195191,5.5207777,3.271143,3.042431,4.67484,4.298263,4.3225346,4.5536976,6.2209587,4.7594934,3.7588592,3.7538345,3.4982412,4.672285,4.6598716,4.5296774,5.136757,4.659513,3.5538301,4.8481255,6.3868804,5.139193,6.1951957,5.0310235,3.817949,0.4172858,4.9928117,3.727305,3.6741197,5.338722,4.256131,4.90992,4.7637005,4.9498224,4.45508,4.6106076,4.3674774,2.914312,5.243284,5.1461396,3.136776,5.0750847,2.3063295,4.492987,3.1017306,4.875016,1.3114101,4.2981224,3.762207,3.6633995,4.121471,4.671874,5.1643124,5.4472218,4.929742,4.605079,2.6304042,3.338262,5.3400817,3.3669233,4.015807,3.7538333,3.684452,6.6446257,4.611943,4.168867,4.267868,4.8361926,4.1034937,4.7938967,5.228758,4.8673596,3.6511214,2.295508,5.917065,4.986782,4.2687936
3.725409,4.9836774,2.4182563,1.0401658,3.378742,3.7512753,3.5734115,3.3219168,4.296929,2.876816,3.4475837,3.4523473,3.434845,3.428215,3.1807196,3.6179225,1.8169309,3.991433,4.3052325,4.4275193,3.702105,4.907594,1.9234347,4.6423583,7.875794,2.8676376,6.6614904,4.386804,3.4247527,4.833855,3.588361,5.435686,3.8002238,3.0510736,3.7246351,3.0173657,4.566279,4.0998015,6.1162972,2.3982756,3.202362,3.5718348,3.4991724,3.453776,4.2920103,5.4812636,4.708412,3.7962596,2.7963917,4.3132987,3.429449,1.8989757,2.06973,2.5062857,3.0361574,2.6902342,3.372517,4.3737636,4.287991,4.332126,3.5524921,2.0500839,3.3595784,3.1111803,4.1819987,5.2069044,3.977132,4.22401,4.6942925,3.566447,2.918171,2.0536652,3.7248964,3.3934014,5.3612576,3.8350706,3.2563605,4.4060245,3.5610209,3.5909917,5.085249,4.275086,3.370332,2.7030137,3.1085882,4.8671203,3.7150722,2.9071388,3.4984157,3.1925023,4.267253,4.1439643,4.2456055,3.757724,3.4770668,5.2204313,4.955066,2.2708645,4.1497893,5.1321154,4.0952244,4.254399,4.679128,4.01533,3.3907764,3.264765,3.8288808,3.212272,5.244749,4.679128,3.9421823,11.174865,3.231006,3.701441,3.532013,3.389644,3.2302887,3.3318157,4.0194955,3.0800915,2.8105397,3.3447235,1.7106981,3.5140753,3.6962159,3.1046915,5.4644284,5.7494645,4.5050993,3.031912,4.517663,3.8638322,3.5405166,2.899102,3.414101,3.7811468,3.3887088,3.7749438,3.9418085,4.592708,4.7775207,3.7399106,4.725545,3.4396372,3.062187,4.7540894,4.290853,3.4030025,3.217848,3.5409622,3.5599756,1.2215497,2.873652,3.0685613,4.120522,4.294158,3.037972,4.2328243,5.29524,3.9818676,5.175204,4.4081593,3.3596816,4.094057,3.5778246,3.615246,3.859167,4.079851,2.572195,3.780447,3.662895,4.3268924,3.3484437,3.5369575,3.1337817,5.067726,3.5301528,4.234154,4.412211,3.422179,3.4728296,4.332836,3.5858345,1.7644324,2.4488478,3.3491223,3.6582525,3.3988414,3.30561,2.3191783,2.7043598,4.2543793,3.3234737,3.2917988,4.9731865,4.9781566,3.4819663,3.7470827,4.653344,5.0132484,3.8476868,2.9376936,3.5752249,3.1415842,2.9455206,3.7966633,4.947888,2.6593072,3.1371584,4.9098,3.0324955,5.523438,2.848095,2.8717015,2.8067846,3.8756676,4.9320455,2.2029777,3.7253523,3.452851,3.212423,3.1238506,3.3243012,6.024728,3.9833508,4.5133667,4.063572,4.3774667,4.048584,3.8944721,3.355217,4.093312,3.4513142,1.4117049,5.233077,6.7456827,5.16516,5.500697,4.6339817,3.5573795,2.518725,3.870975,4.9764333,2.5851018,5.7232556,3.0971012,4.3582,5.039521,4.221104,3.5753086,3.5759594,3.2681658,1.7753786,4.654656,4.178527,4.21032,4.8403406,3.4262094,3.453818,2.0840073,4.6009235,1.4919027,3.0127978,4.0029345,2.688734,2.807066,3.6105533,5.2377596,5.493486,3.942893,3.6827555,3.3042629,1.0458205,4.838681,3.3033798,4.708091,3.9370668,2.6684444,6.2405815,3.4932392,2.8966484,3.1742027,3.6499667,2.800622,3.945662,4.211766,3.7033165,3.039544,0.72901493,5.9567065,4.5266237,2.98243
1.3933967,2.5000048,2.9117293,4.034404,3.670698,3.4830322,1.688797,1.8900388,2.0537596,2.4679778,1.771175,1.6831293,2.6309273,1.7048692,4.4417486,1.3746492,3.284253,3.0746207,3.6934564,2.1172462,1.960006,2.405688,2.692154,2.7964299,4.4399986,1.4584129,3.9422536,2.5733583,1.4803123,2.995706,1.8357532,2.7043154,1.6246223,2.970052,1.4947354,2.8301356,2.5154026,1.5856236,4.470958,1.8955388,1.346936,1.6827391,1.7511541,1.4344637,2.7187548,3.4421933,2.6894467,1.9513716,1.3560387,2.2247355,1.7461317,2.7685564,2.186085,2.65646,1.2731102,4.0741096,1.9586604,2.011052,4.071232,3.7081404,0.86794907,2.2941644,2.1673708,1.8021873,3.5459492,2.9596646,2.795576,1.9062862,2.3900352,1.8537352,5.2984233,2.3408008,1.7466254,2.1684995,3.2619808,1.5508149,1.093298,2.1084852,1.6945488,1.7120588,3.0856895,1.6097273,1.7434402,4.2411075,1.2369268,2.2734604,1.6721374,3.4148343,2.727454,1.488956,1.993746,1.7177302,1.8030033,1.640186,1.798758,3.0577314,2.0735152,3.1792705,1.7570571,2.69882,1.7725791,1.1245942,2.4258637,1.5753671,1.3708827,1.4117755,1.6548535,1.672416,2.7053728,2.4258637,1.9399152,8.94508,3.9386141,1.079374,1.6928632,1.1665643,0.9907187,0.8554723,1.6070081,1.5399549,1.6092447,0.99017406,2.8922606,1.688646,1.4929227,1.031618,3.3528295,2.86782,2.3715522,2.311686,3.9763498,1.6570258,1.8502598,1.4513994,1.7235947,1.678753,1.8503717,2.5827563,3.4067953,2.0515335,3.3504028,1.4902904,2.3345993,1.9372293,1.0539341,2.9721632,2.010099,1.9313713,2.4257965,1.3746204,1.6046906,4.046747,1.498661,1.5001643,1.7578048,1.7795873,1.726483,3.6314895,4.4349895,3.1868017,3.9449437,2.9270303,1.7365621,3.024339,2.7245781,2.6877577,1.6743385,2.0596676,4.612117,3.4160986,1.678298,1.7266397,1.6116445,1.6188397,2.420135,3.6535418,1.6330086,1.8575217,2.5476656,1.7124001,1.890431,2.3602068,1.8215852,2.73179,3.0439506,1.2630087,1.673138,2.6690657,0.96270853,2.225631,2.3188577,0.82486594,1.5569211,0.96981585,2.689312,2.7646942,1.9110911,2.8620355,3.9354653,4.357975,2.8222847,2.0977538,2.837615,2.5870142,2.7022269,4.156596,3.2631354,2.0759304,2.297869,2.7221203,1.2064717,3.9747474,1.4739331,1.3967441,1.3779202,2.7133844,2.152616,2.2715425,2.9540193,1.9390517,1.3322873,1.9804039,2.326332,2.3801715,1.2254772,3.1692772,3.292138,3.9619138,1.7777405,1.8259956,1.9632651,1.5528673,2.1170743,3.342367,3.6836414,4.042084,3.201798,3.9312403,2.410436,3.3780184,5.1087875,1.6622812,4.2961006,2.661745,3.2171535,2.1173258,2.334975,3.26362,1.7588285,1.914591,1.6077782,1.2864834,2.57102,2.001312,1.7194577,3.770192,2.6173513,3.5710337,1.7436938,2.5228114,3.3686635,4.3734555,1.2619648,3.1367178,2.8146088,2.4200947,1.4241363,3.0021977,3.1386456,1.3519917,1.7163568,3.4874752,3.5545528,2.2428691,2.1594162,3.0695124,2.7391515,1.567614,4.39702,0.8324394,1.2430538,1.434611,1.8031629,1.4162886,1.6887674,1.9493078,1.7523825,2.3426604,4.0797844,3.2028174,2.1127102,1.2257214
2.7309198,3.6921322,1.5881202,1.2802119,1.9422172,2.2753808,2.6405733,2.5810308,3.0477831,2.4803562,2.5208526,2.6277754,2.6127532,2.5924835,1.9166273,2.700649,0.9719674,2.4622378,2.7019928,3.5066433,2.9441426,3.6822333,0.8910454,3.4897447,6.364652,1.9519542,5.209482,3.6228318,2.5443401,3.7710207,2.8349073,4.079465,2.8548691,1.7632036,2.7611432,2.4594812,3.3418522,3.1969078,5.4846053,1.1937072,2.3382893,2.8578615,2.6026392,2.5292196,3.0285017,4.07542,3.4288304,2.9766042,1.7879436,3.0531838,2.5372276,0.7450541,1.3084346,2.6058311,2.1632307,1.5365098,2.627999,3.3322427,2.8401039,2.8197575,2.5217261,0.9518078,2.9509115,2.5000677,3.7528808,4.0576096,2.2728066,2.9034157,3.567236,2.8120594,2.4089317,1.0828149,2.916508,2.7669518,4.113259,2.874815,2.2918775,3.3058293,2.6392467,2.667108,3.7399292,3.2281575,2.5123315,1.6287712,2.352852,3.518682,2.7778888,1.5312144,2.6440573,2.2895968,3.3586745,2.8202426,2.9104726,2.8114085,2.5476692,4.060646,3.944697,1.3344508,3.1566274,4.0884037,2.934678,2.970071,3.329699,3.0261457,2.5118413,2.3926096,2.9903665,2.2857645,3.8304882,3.329699,2.918319,9.709291,2.2079415,2.4958847,2.5909982,2.474062,2.2427282,2.3344378,2.7893486,1.7536534,2.057371,2.4539132,0.42870554,2.5980444,2.7197335,2.065505,3.9898427,4.5354805,3.2925901,2.5509923,2.9702003,3.0156064,2.7746418,2.0038073,2.5461128,2.8339818,2.5427895,3.2531672,2.9041653,3.4385622,3.2571483,2.7916257,3.6848278,2.6620195,2.101229,3.5804307,3.4468265,2.6529553,2.628001,2.5088615,2.6397066,1.221822,2.0683758,2.182325,2.8363442,3.4077635,2.1474352,2.9436724,3.757567,2.5746574,3.616013,2.8644345,2.566183,2.7788894,2.3699512,2.5357225,2.8624825,3.2568083,1.7626472,2.4767716,2.7259498,3.2593644,2.5074024,2.6650314,2.5651479,3.7663012,2.591434,3.1160283,2.8688571,2.576481,2.7287135,3.1036866,2.80536,0.9232592,1.4348626,2.437258,2.7251303,1.7833601,2.349853,1.4813006,2.2519093,3.0717397,2.4805741,2.2932158,3.9785337,3.9268246,2.7625918,2.3427129,3.094807,3.4590101,3.3337045,2.3356032,2.3044112,2.0876143,2.1560733,2.2505248,3.5695348,1.9183841,2.4001315,3.6557233,2.29526,4.73247,1.928025,2.003749,2.0072842,2.9149706,3.7670898,1.4046624,2.0567024,2.7409265,2.318902,2.4586706,2.7826989,4.486736,2.7055504,2.8176641,2.85413,2.8951826,2.7544558,2.7962391,2.6423566,3.0774598,2.9080615,2.0871372,3.9492998,5.3047514,3.9048595,4.8891315,3.5696967,2.6875663,2.1790748,3.0158625,3.3920414,2.1633832,4.22021,2.520756,3.185421,3.6801233,2.967822,2.725416,2.7585185,2.252054,1.0055016,3.3378272,3.1249125,2.611764,3.4652436,1.8970078,2.5846024,1.3741013,3.7766566,1.4166633,2.1291976,2.5985713,2.21844,2.3728538,2.7280424,3.9463487,4.2526765,2.8356159,2.69258,1.920964,1.9792392,3.4965818,1.6561872,3.0546644,2.6307166,1.5605308,5.450596,2.450049,2.0004292,2.280283,2.8834484,1.972672,2.9753933,3.251884,2.8879309,2.1301906,1.4846026,4.647746,3.164647,2.0993552
2.6927211,3.6506708,2.230756,3.1563547,1.6393476,1.9568098,2.8119926,2.9377983,2.9625647,3.0305436,2.7079868,2.8691063,2.00726,2.8050985,2.1724918,2.5547318,2.2362528,1.3699988,1.9157089,2.6935642,3.157577,3.3840408,2.1408489,2.0409133,4.598536,2.7383912,3.8468108,2.8384213,2.7166429,2.6033843,3.1961613,3.3894477,2.6378295,1.0648259,2.5930884,2.4494681,3.1685636,3.2474828,4.2960625,2.320924,2.7919238,3.1370664,2.7710173,2.769696,1.4831529,3.569558,3.276127,3.1035125,2.605906,2.9390218,2.7451613,2.269545,2.5086756,3.539685,3.0398083,2.116439,3.1600566,3.0746353,2.3018198,1.2453185,2.67698,2.6455388,3.1146324,2.9267402,3.227182,2.552887,2.2850258,3.2581954,3.2896144,3.2194784,3.2144594,2.3060412,3.240345,2.711914,2.7018585,2.6504745,2.6453288,3.2133646,2.5773084,2.5678077,3.4809945,3.2391346,2.6832342,2.2186508,2.9766068,3.9880912,2.6121137,1.1949751,1.922057,2.499564,2.647337,3.2362206,3.2973092,2.6206114,2.7361429,2.7228284,3.239379,1.8136897,2.799727,3.026721,3.0127285,3.030829,3.1489677,2.655499,2.8874404,2.7461545,3.260939,2.3265235,4.1651564,3.1489677,3.2350671,8.838399,2.1083243,2.987293,2.3399343,2.7558193,2.6735864,3.0601168,3.011523,2.679475,2.717677,2.8248007,2.3930774,2.5847147,2.594107,2.723029,2.063507,3.1230106,2.9492,2.983861,2.120992,3.244414,3.2312152,2.6540182,2.7454412,2.5727193,2.8286717,2.9933655,2.6771908,3.1015062,1.5442164,2.740091,2.6536968,3.084396,2.8447256,1.9908519,3.2045982,3.1400793,2.5138416,2.947231,2.675044,3.04152,2.8171384,2.5214674,3.233346,3.2149909,2.3539886,2.0234647,3.0124388,2.3274844,2.0973635,0.8019053,2.6899362,1.0663085,1.2019396,2.09017,3.7723742,2.6717613,2.596633,1.6376632,2.5850346,2.5193233,2.7181308,2.8125315,2.9370372,2.0034275,2.5732188,3.2775025,1.2483178,2.7693172,3.2139654,3.2665396,3.2404203,2.3298419,1.8248167,2.5793483,2.6029818,2.6002266,3.102224,2.2650926,2.8933208,3.084809,2.738829,2.639749,4.832669,2.754597,3.2005832,0.6897513,1.7416698,2.586592,2.9436982,2.8506014,1.0278438,1.9585756,1.9140846,1.8146062,1.7374494,2.46925,2.446117,3.3310366,2.9954917,3.615962,2.7080984,2.883757,2.8018835,1.8815687,3.186991,2.2953324,0.627853,3.1687205,2.5406651,2.7758114,3.0587919,3.8520713,3.219246,1.4126664,1.3849919,2.4200995,3.0845938,2.8165581,2.9539528,3.906644,2.899865,3.576196,2.1581187,3.8858874,2.5616941,3.9871666,2.713655,2.5559132,3.1285317,3.2448778,2.1680093,2.7077107,2.245732,2.894472,3.110259,2.061376,3.6273131,2.404662,2.6256855,2.9099169,2.4446251,3.8393822,3.9573574,1.6766477,3.2301266,0.8015716,2.751213,2.3059757,2.5186076,3.158877,2.9957633,2.203128,2.455193,2.8960311,2.7389002,2.2044938,2.7195213,3.625845,2.817165,1.4687526,3.6744034,3.975497,1.7294375,1.1085287,1.1131632,2.3982096,4.198676,3.167136,2.865227,2.5529635,3.1941855,2.7991738,2.6142714,4.1368585,3.255887,1.964495,3.5616748,3.124483,3.3816528,2.9474967
1.7802924,3.744451,2.170607,3.2290497,2.9065652,3.1025302,2.1041863,2.1045272,2.8974588,2.1211922,2.0163987,1.982463,0.6828789,1.9180415,3.5480874,1.0308338,2.3954113,2.4373255,3.328858,1.0602709,2.3641796,3.3148792,1.8405293,1.1004444,4.5030046,1.9704685,3.7113807,1.3803284,1.7029266,2.224687,2.4083755,3.4776092,1.6022725,1.3638432,1.5157919,1.6302413,3.247284,2.4235852,3.346689,1.8809737,1.8206148,1.6305171,2.0150182,1.8979543,0.94237,4.1310987,3.4996731,2.3647914,1.7817942,2.9698787,1.9863446,2.0937512,1.7502667,2.303197,2.2587068,3.186313,2.5047174,2.5641751,3.6667752,2.736817,1.5957073,2.3124366,1.4636993,1.3747467,2.2925696,1.6128353,3.1861162,3.2736735,3.0955637,2.470546,4.2054358,1.7459618,2.4844856,1.3542279,2.736257,1.5974971,1.5727162,2.9275262,1.6222197,1.6021763,3.898221,2.6675115,1.7994533,3.3101964,1.8542948,3.999072,1.6240064,2.0496345,0.76302785,1.3811953,1.0054355,3.1803095,3.279158,1.6161184,2.0778635,2.4319522,2.2988963,1.9171383,1.3618032,1.76167,2.7284455,2.6413763,3.3454423,1.5780008,1.989203,1.7706604,2.4829955,1.1843288,4.3574257,3.3454423,2.9065292,9.280217,3.005755,2.5437899,1.0448982,1.6872008,1.6116207,2.2342734,2.7861068,2.3675172,1.4497173,1.5320724,2.3641388,1.6451745,1.5933428,1.8257943,2.5568347,2.1997328,2.9079945,2.0084448,3.564912,2.4609158,2.524331,1.7634704,1.9136001,1.5162494,2.1089406,1.6159984,3.1033146,2.769659,2.5803907,1.7855529,1.2132756,2.4124331,1.9168446,1.575944,2.2860277,2.4557772,1.0585845,2.37046,1.7582632,3.2111773,1.9199295,1.4419333,3.1558344,2.2855186,1.271568,2.9403224,4.3845143,3.150153,3.4008365,1.7448109,1.5985953,1.2074676,0.79244494,2.0518596,3.1945815,0.9679982,3.6212592,2.5534878,1.6068965,0.9940724,1.7276474,1.9142569,2.1759279,2.5527008,1.6406939,2.9883096,1.8030853,1.8847495,2.5053847,3.3543487,2.5326514,1.944594,1.9819685,1.2842867,1.6330477,3.2182963,2.3031616,1.3758794,1.9707422,2.1637242,1.7490813,1.5111685,4.4691796,2.0558634,2.438384,1.2359912,3.2532578,4.073911,1.6156586,1.9465325,0.9975648,1.8388715,0.920786,3.4369326,2.2002823,1.2355276,0.94969827,3.466168,1.8110291,3.0921872,1.9367095,2.08634,1.7522804,0.7746149,2.7705305,1.4810072,2.061685,2.4008796,1.1998963,1.753111,2.1243901,3.8089666,2.9084308,2.738303,1.8630223,3.7273657,3.027492,2.4347816,2.095338,3.3307128,1.3046337,2.7539625,2.57686,3.7366288,2.6939502,3.0977633,1.4556924,2.7788055,3.9750578,2.4768143,3.760127,1.4568852,2.4371474,1.3690068,3.0672617,2.4810448,3.4761274,0.9538192,1.0792617,2.29064,1.9381226,3.7666829,3.4727428,3.2033408,3.519457,2.3316686,1.9220413,1.5474027,1.5483652,3.5493217,2.2027786,3.0019357,1.5745746,1.954606,1.5839041,1.9326037,2.0260205,3.1656134,2.2190576,2.5863159,3.011481,3.9760978,2.1832347,2.3027027,0.93228275,1.728856,3.560033,2.4083853,1.9813212,1.4424856,2.3829408,1.8687187,1.5691615,3.5704606,2.5384958,0.6328298,3.5845187,2.510844,3.4905229,2.1001277
1.6407068,3.0144699,1.2431936,2.1466436,2.0871985,2.219913,1.6415664,1.619309,2.248996,1.6878058,1.5310225,1.6054933,1.8133863,1.5662122,2.6343596,1.6017376,1.2887585,2.057522,2.6319976,2.476043,1.9841336,2.8661687,0.80441177,2.6844404,5.470443,0.9670499,4.6126904,2.6239595,1.4617572,2.8728354,1.8858157,3.2607553,1.7637588,1.4794071,1.6540585,1.7421334,2.6180665,2.1688578,4.57601,0.30671117,1.2757096,2.037206,1.5992539,1.4713323,2.294306,3.5343707,2.7838588,2.0109262,0.79675436,2.2983754,1.534777,0.9881068,0.67477703,1.9416444,1.2598575,2.1734755,1.7584938,2.3632827,2.8780394,2.58856,1.4097067,0.859216,1.9941584,1.6647859,2.9799552,3.195872,2.1102397,2.2793057,2.7134087,1.8832315,3.380836,0.6581011,1.959445,1.7796366,3.2684486,1.7741233,1.1867244,2.4355483,1.5713917,1.5986764,3.1796095,2.257298,1.4811755,2.3234422,1.3206074,3.0839682,1.699072,1.7173424,1.8717074,1.1846129,2.3099682,2.1827967,2.2916737,1.7259004,1.5714906,3.1447375,2.854778,1.2880523,2.2796955,3.226195,2.0673573,2.0657046,2.6489744,1.9207561,1.4682012,1.3214048,2.0114183,1.198428,3.44483,2.6489744,2.1064265,9.553685,2.2896714,1.6480685,1.5042915,1.3716791,1.1668383,1.4366615,1.9710236,1.2096908,1.1819694,1.4178157,1.025902,1.5337236,1.6200538,1.0982916,3.253212,3.6106744,2.477213,1.6814225,2.9182265,2.0280192,1.8654556,0.95616275,1.5262692,1.7458674,1.5796475,2.3065217,2.4757154,2.506921,2.724143,1.7057492,2.745424,1.7595254,1.1474357,2.7292569,2.403902,1.7618312,1.7426676,1.5686406,1.5733969,2.1366298,1.0726235,1.0859991,2.1688023,2.3456554,1.0755212,2.5939195,3.6821284,2.2777715,3.2657907,2.2768934,1.5094728,2.231776,1.7449809,1.8064375,2.3867188,2.2203279,2.6470096,2.164349,1.6497095,2.2449532,1.4472138,1.6195374,1.7384207,3.1239395,1.5189312,2.282068,2.136541,1.5475707,1.829182,2.4614375,1.888741,0.88642114,1.2274644,1.3213834,1.6502885,1.8215154,1.4386994,0.81619215,1.4393255,2.1857977,1.4177605,1.2165118,3.63487,2.9404998,1.8436269,1.8295029,2.9241686,3.4309695,2.4345207,1.4313333,1.7735548,1.3861643,1.4873827,2.6349282,2.8608654,1.2033955,1.6963513,2.9328356,1.2994682,3.874299,0.9344667,1.064154,1.0159919,2.0915706,2.7856793,0.7251737,1.7611524,1.8217206,1.227649,1.4806519,1.8847362,3.7115393,2.001513,2.4480278,2.2923255,2.8890388,2.0608046,1.8794905,1.6837039,2.526928,1.915504,1.9709637,3.263537,4.6980715,3.093749,3.974053,2.7619634,2.2496426,3.1264772,2.032255,3.3227918,1.690536,3.433279,1.8001279,2.4220479,2.9488924,2.4390326,1.6783445,1.6718832,1.3266268,0.7956598,2.8385215,2.6287773,2.5878415,2.8250036,2.007223,1.5656705,0.9372206,2.972728,2.4405704,1.211911,2.238706,1.5656416,1.5643562,1.620365,3.0679207,3.4707873,2.2231016,1.7176323,1.9066561,2.0689812,3.05495,1.1172079,2.5302753,1.9854726,0.5258176,4.541154,1.6231145,1.0527235,1.1754245,1.9165725,0.98173285,1.8845757,2.810552,1.9494101,1.397326,2.2547295,3.8342397,2.562498,1.1572164
3.4004166,4.9541535,3.8848438,5.6773195,4.6089883,4.6251936,3.540514,3.4886591,4.16593,3.3761146,3.499252,3.458494,2.848207,3.415209,5.637613,3.3815413,4.54055,3.9054484,4.831101,2.740476,3.4131105,4.1472507,4.5450616,3.1016016,4.7089224,4.196693,5.7873287,2.050134,3.4501994,2.0248535,3.644549,4.125471,3.0546026,3.9927683,3.1718628,2.876468,4.201347,3.555617,0.50005984,4.5426526,3.8089685,4.4478807,3.447093,3.61598,3.2695386,4.9121633,4.522764,3.3846846,4.388579,4.1751385,3.478039,4.952695,4.4181833,3.8292952,4.4800863,5.1456656,3.8489802,3.369706,4.951924,4.01934,3.8539062,5.144772,3.1069827,4.1596613,1.6755747,3.077546,5.3123045,5.122423,3.7803411,3.7264848,6.487652,4.5608664,3.72765,2.81696,2.5033019,3.0931053,3.8964484,3.8800395,3.1705713,3.1270015,4.8572493,3.867511,3.3593962,5.268715,4.02624,6.351872,3.0839167,4.602157,2.7833123,3.5212111,2.744335,5.1806602,5.252166,3.0788167,3.5175884,2.1500916,2.6896505,4.0647955,4.156519,3.7687569,4.1098104,4.5113106,4.5711517,2.983439,3.764146,3.6718888,3.7311754,3.3406906,6.5885477,4.5711517,4.2230415,11.615284,4.2361975,4.70817,3.0746403,3.726207,4.0948205,4.700106,4.4632893,5.189646,4.2763963,4.113617,5.0998816,3.2194228,3.2325969,4.4794474,3.0992765,3.5587728,3.7722008,3.2754838,4.8662815,3.6813328,3.8260524,4.003551,3.4285161,2.9921656,3.5249965,2.322801,3.7548149,3.6274438,3.551241,3.2961664,3.2447488,3.7130284,4.496186,2.2560456,2.9049275,3.7839992,2.8796136,4.15876,3.3123603,5.6867995,4.0601516,3.6410475,5.0273223,3.117698,3.4579387,3.708763,5.4708223,4.4629045,4.2163253,3.5701847,3.2294095,3.5477762,3.422918,3.1001048,5.9869275,2.6948342,5.7146297,3.7029889,3.1078968,3.3641474,3.4143772,3.4054568,3.2817314,2.6998568,3.256492,4.303651,3.4628098,3.3940768,3.8150527,4.680417,3.8297505,4.6138735,3.9179182,3.5972655,3.1258974,5.6680827,4.606407,4.214706,3.527565,4.8053412,3.4886425,4.0640116,7.1314754,1.9489301,3.6944509,3.6485634,4.429833,5.252296,2.1287954,3.4869082,3.6053417,3.3395953,3.2605908,5.3556213,2.812738,4.206641,3.9673076,4.2432604,4.200932,1.1501623,4.177735,4.34332,4.2248645,2.5845995,3.3637755,4.1601906,4.1984444,3.6487236,3.709399,3.297414,3.1201837,5.5106745,5.2194347,4.3443756,2.8727658,5.046136,4.8328443,3.7429988,3.3878095,5.960935,2.9158237,4.5989933,2.5425053,5.7295623,2.649897,0.88394046,4.00689,3.4429417,6.1305857,3.696718,4.932504,4.2733645,3.4180794,4.2489486,4.0923514,2.8225935,5.763967,2.878332,3.1512327,4.3506317,4.589321,6.0679955,6.121739,4.7478595,4.69203,4.5410147,3.3904703,4.274004,1.8721755,5.982191,4.4576254,4.250351,3.1808908,3.3572102,3.2970214,2.496651,3.7945259,5.6212487,3.6055202,4.2348924,4.9305267,6.319158,4.4788632,3.913111,3.4366162,4.3421426,0.9804159,4.936191,4.4444637,3.5961516,3.5958955,4.215986,2.9195557,6.3360863,3.8153718,3.6787143,5.7323785,4.1412883,5.2406483,4.4262595
1.1472012,2.415062,2.453388,3.5860646,3.2274945,3.0737371,1.3994597,1.5846436,1.8508915,2.1286247,1.4498394,1.3962753,2.3351474,1.4078707,3.984304,1.1807985,2.8052285,2.7055507,3.326041,2.0710042,1.7288918,2.306157,2.2405586,2.6727324,4.625381,1.0291824,4.058773,2.460311,1.1820762,2.8239846,1.5932803,2.6549454,1.404712,2.5725963,1.2604308,2.4709456,2.3239677,1.4688843,4.4223995,1.4225873,0.9957688,1.622119,1.450401,1.1272079,2.5114791,3.2909768,2.5038495,1.726211,0.90943694,2.005094,1.4308802,2.3307178,1.7555346,2.3639755,0.90280575,3.5983036,1.6633753,1.8657649,3.6841843,3.347443,0.5571701,1.8677256,1.9758545,1.6091704,3.3135862,2.9316742,2.4612894,1.7361432,2.2552738,1.6054097,4.84305,1.904516,1.5327928,1.9086292,3.1232612,1.3440034,0.71663254,1.9515555,1.410277,1.4343328,2.9188235,1.5032755,1.4259887,3.7650976,0.91761595,2.2961752,1.4255441,2.991151,2.4270115,1.1364193,1.9208972,1.5569317,1.6600239,1.4056158,1.482206,2.9391983,2.0975094,2.7195208,1.7554895,2.754996,1.5669099,1.0425563,2.2583642,1.4145468,1.064674,1.0738766,1.4706942,1.3246138,2.7221353,2.2583642,1.7170728,9.076382,3.488834,0.8203569,1.421043,0.8517933,0.5962521,0.53963953,1.394489,1.1864854,1.3013178,0.7506116,2.4374015,1.3939734,1.2422392,0.62019986,3.2047806,2.9756982,2.1780114,1.9902663,3.6144783,1.4785069,1.5947677,1.030691,1.4128886,1.4506708,1.5336391,2.3806167,3.0478868,1.933643,3.0724823,1.2580063,2.330711,1.6464723,0.6626847,2.795107,1.8978981,1.6416355,2.1389349,1.0724355,1.3224345,3.5948591,1.101439,1.1238946,1.5815946,1.6945387,1.3509922,3.2696536,4.1321,2.8203018,3.6625102,2.6527476,1.4412056,2.751647,2.4038923,2.3272254,1.6677575,1.9485897,4.136823,3.0187526,1.4175553,1.700316,1.3010572,1.3429844,2.0860806,3.4145105,1.3383385,1.6980613,2.289454,1.4108801,1.6216493,2.1527135,1.5754602,2.285027,2.5802531,0.96603614,1.4119381,2.3036907,0.6403535,1.8198078,1.9549878,1.0011559,1.2412531,0.6092893,2.8053038,2.6657858,1.6473292,2.5285265,3.5900955,4.0249267,2.610715,1.7464572,2.5062876,2.1758618,2.340243,3.7331753,3.0435705,1.7492709,2.050253,2.5713491,0.89996463,3.8442602,1.0406826,0.9870751,0.9912832,2.4563396,2.105459,1.8458955,2.5698428,1.6677417,1.0192332,1.6550668,2.038675,2.5864594,1.1099081,2.8602555,2.9568956,3.5910437,1.5645903,1.5682911,1.6672649,1.6120867,1.9088397,2.9617496,3.4716306,4.157264,3.0295417,3.8417954,2.4061916,2.9932272,4.6413503,1.4831944,3.9610124,2.3630311,3.160363,1.9202971,2.1277723,3.0528584,1.6895268,1.670021,1.4036872,0.9158413,2.1271222,2.0107727,1.7682357,3.3888206,2.4577253,3.1552105,1.4407915,2.1077352,3.1886172,3.915089,0.87925386,2.7729588,2.4357305,2.0686488,1.1884788,2.8985977,3.1479044,1.3190426,1.4378029,3.0455751,3.1576114,2.2634885,1.7325413,2.8103623,2.4601307,1.0970665,4.340465,0.6312151,0.83585024,1.0783237,1.5746505,1.0065777,1.4985114,2.0162294,1.5320084,2.0205147,3.6255925,3.2922997,1.9850193,0.8327319
1.2008176,2.8913863,1.6449032,2.6895742,2.7976983,2.8064578,1.2650229,1.1938792,2.1300426,1.3871766,1.2028319,1.1404375,1.8763809,1.1252996,3.4567595,1.1521671,1.9248801,2.5607612,3.2240925,2.186717,1.5482862,2.6964602,1.3956833,2.750761,5.3810525,0.4085975,4.6823106,2.3543932,0.956919,2.8274732,1.4093915,3.1568341,1.3690174,2.0889192,1.2363445,1.7604045,2.549626,1.6672398,4.3613343,0.6805628,0.65394306,1.6345078,1.2274997,0.9827212,2.5043044,3.6281586,2.767122,1.6081829,0.2800623,2.2325203,1.1648309,1.5827271,0.80351853,1.4955754,0.64753723,2.9539635,1.3588175,2.061362,3.472941,3.1729453,0.84059507,1.2013716,1.49502,1.2662336,2.8498101,3.1654198,2.57221,2.1811671,2.514269,1.4178176,4.155715,1.0694915,1.4763466,1.4332255,3.2954772,1.3622384,0.553114,2.1930754,1.20648,1.2417554,3.2265213,1.8570414,1.089445,3.1085377,0.5198978,2.9876182,1.32313,2.4714556,1.979981,0.7124931,1.9972397,2.0580747,2.1780581,1.3414565,1.2532351,3.0919156,2.4594576,1.9104267,2.0278187,3.0720599,1.8338703,1.7676682,2.621386,1.5274587,0.90383905,0.7576242,1.5082641,0.8873134,3.41022,2.621386,1.8341613,9.75151,2.8947988,1.3298196,1.198266,0.74842834,0.5321158,0.8816955,1.7614124,1.2509302,0.7794729,0.7942643,1.6564193,1.163855,1.2110256,0.5864604,3.456354,3.4671938,2.3833966,1.3258233,3.501377,1.52982,1.4117085,0.33446783,1.1259356,1.3804556,1.2198148,1.9791309,2.7257588,2.2618086,3.1144984,1.2583218,2.5700028,1.3685197,0.5384788,2.8105464,1.9671906,1.3497303,1.561483,1.1642495,1.1597135,2.725669,0.41393682,0.5795185,2.024396,1.8687937,0.76579285,3.0254607,4.174772,2.679393,3.7175002,2.6914287,1.0646865,2.617063,2.1047144,1.9749093,2.1216266,1.894477,3.4340742,2.67095,1.2823358,1.9874054,0.97230095,1.1636009,1.4834158,3.3914683,1.1432421,2.0106106,2.435343,1.1210663,1.3836786,2.3932898,1.429355,1.3918355,1.810113,0.7722564,1.2763032,2.275921,0.84620684,1.0108583,1.1401411,1.8297769,0.91353816,0.6313595,3.404756,2.7874055,1.3854212,2.3142986,3.4969916,3.9914327,2.1885316,1.0654422,2.210257,1.6418117,1.6951888,3.4125254,3.1070206,1.141739,1.6478372,2.8667676,0.49222147,3.7561312,0.38138574,0.43580106,0.20768474,2.172894,2.515686,0.941035,2.4042008,1.374269,0.70428133,1.0773629,1.5190285,3.5593464,1.7683114,2.9484897,2.6687393,3.4463103,1.9421619,1.6501716,1.2679747,2.1972218,1.4785397,1.9228445,3.4869108,4.766929,3.1583545,3.7259014,2.6588328,2.4990554,3.8739588,1.5407288,3.912619,1.7048435,3.570887,1.548746,2.3092816,3.1447563,2.268979,1.3918893,1.2188381,0.8795922,1.198624,2.6975298,2.3508532,3.2289472,2.8294637,2.7716231,1.1725941,1.234332,2.9791386,3.083442,0.5888333,2.630736,1.6164553,1.292042,1.1007347,3.1183147,3.48783,1.9084713,1.3893436,2.5827012,2.1168997,2.9523168,1.6131933,2.961367,2.3229365,0.37063414,4.362311,1.1520236,0.3672514,0.6492967,1.4301119,0.19727713,1.521719,2.533539,1.4770899,1.5316764,2.6804817,3.7986596,2.4886372,0.48453277
1.3745617,3.4121356,1.3382318,2.6535122,2.8392315,2.955603,1.391361,1.1075779,2.5167058,0.749966,1.265509,1.1595007,1.3798172,1.1128019,3.551553,1.2433616,1.7621757,2.6415982,3.443179,2.0237007,1.4950507,3.0160306,1.4594371,2.6510787,5.6101007,1.1068122,5.1133337,1.8941962,1.0496657,2.5145924,1.4746852,3.4652379,1.3155516,2.0175717,1.257053,0.9664359,2.8454134,1.8500072,3.7597072,1.3134577,1.0309474,1.9854652,1.2636663,1.2139474,2.445952,3.976505,3.1275058,1.5851951,1.2287719,2.5849714,1.2050737,1.8303622,1.0246841,0.82386726,1.4434192,2.944806,1.4644029,2.1667998,3.605019,3.1648655,1.3872205,1.7937131,0.92902577,1.4383905,2.0465581,3.0953426,3.1604075,2.8943558,2.707327,1.5152763,4.1644588,1.3176677,1.6349713,0.8137142,3.147986,1.3548908,1.1339704,2.4492073,1.1258368,1.1425306,3.6108725,2.1938295,1.0266819,3.085937,1.057549,3.912529,1.2505437,2.492336,1.4824816,0.8217313,1.8238714,2.835325,2.9517663,1.2873137,1.3234273,2.8799417,2.4230826,1.6199083,2.3356829,3.149934,2.2450545,2.4566624,3.0671127,1.5140493,1.2204415,1.0087316,1.7072752,0.7944714,4.306656,3.0671127,2.204147,10.445139,2.6754165,2.1452012,1.048477,1.136571,1.2662754,1.7959429,2.3435652,2.173983,1.2052405,1.3824335,1.918031,1.0966938,1.2652994,1.4995896,3.4504688,3.568586,2.5875525,0.7363415,3.6690662,1.713429,1.558757,0.9283225,1.1290798,1.2820166,1.2296675,1.2816795,2.5883062,2.4823656,3.1347592,1.340949,2.5655136,1.4329104,1.4595674,2.547685,1.8476889,1.4360946,0.8645261,1.6953503,1.1808257,2.7123802,0.94847625,0.7670639,2.7436042,1.8737798,0.65932024,2.9125464,4.435021,2.8757706,3.8023293,2.7570362,0.8667835,2.5509982,1.9628383,1.7317095,3.057575,1.619416,3.4129107,2.5410876,1.2066936,2.1035836,0.9659546,1.206927,1.0180014,3.173394,1.1263738,2.4505246,2.5684974,1.0969485,1.5009202,2.8526092,1.5943043,1.4329917,1.53466,1.0246152,1.2084681,2.9801588,1.7105167,1.084179,0.5281353,2.5760486,0.9716744,1.3076236,4.3563786,2.5178385,1.4288893,2.289573,3.5799813,4.2005587,1.4484135,0.68769026,2.1171434,1.3778496,1.1955649,3.5914104,2.9820187,1.267481,1.6117275,3.152005,1.1438558,3.2297778,1.0758822,1.2164103,1.0159824,1.7636591,2.6737695,0.9268789,2.5816462,1.380148,0.98747635,0.6822642,1.0278474,4.267144,2.663218,3.2024217,2.363817,3.6439953,2.6064332,1.9024559,1.0972004,3.1403117,0.91641825,1.4480481,3.2558773,5.1666956,3.0245576,3.1271584,2.8220572,2.17227,3.7924309,1.732234,4.0613065,1.5605547,3.6685462,1.6416699,2.5933628,3.034405,3.1723406,1.0619752,1.076125,1.573457,1.289103,3.6116216,3.3037744,3.3949325,3.273486,2.8213933,1.1573344,1.1518819,2.4507916,3.098309,1.4050303,2.780054,0.7867468,0.582788,1.1439005,2.997188,3.5692282,2.8501668,1.5689399,2.5374165,1.7558631,3.8756602,2.1093268,3.137099,2.2666984,1.1745386,3.858969,2.0818012,1.2980934,0.84000134,1.4929231,1.0157834,1.4406252,3.4644597,1.6730614,1.3873446,2.6190765,3.9840481,3.1848106,1.3430501
1.1832838,2.942828,1.9847381,3.70289,3.4180944,3.2921338,1.0292313,0.70682037,2.128879,0.7785887,1.0188975,0.81690997,2.2178853,0.84022546,4.385207,1.6821419,2.6974423,2.9983623,3.7786472,2.3503718,0.7463556,2.4443424,2.5907023,3.2862132,5.5174136,1.4304904,5.655025,2.0475316,0.998242,2.3422666,0.783916,2.971751,1.1668093,3.0587802,1.2173227,1.571358,2.371905,1.1587147,3.536504,2.1187592,1.1185832,2.6841931,0.9475995,1.0474716,3.1685853,3.5943546,2.6978955,0.8814041,1.8372954,2.210832,0.9478695,2.9329054,2.0900712,1.250055,1.5794393,3.734948,0.9227022,1.5414655,3.893048,3.630157,1.5837702,2.6767502,1.3696169,2.27924,2.0361598,3.5776036,3.465321,2.7050714,2.0757606,0.8381546,5.2020483,2.4174073,0.9425368,1.1550974,2.937113,1.2092181,1.4730524,1.8458753,1.0586785,1.0765219,3.2088163,1.5927663,0.90709305,3.9004931,1.2803054,3.9431283,1.1134107,3.5471373,2.2911744,1.2490819,2.1328294,2.7136252,2.8138306,1.1440033,1.032937,2.67344,1.911588,2.635215,2.9781363,3.6912303,1.8243934,2.2593422,2.7065964,1.3581263,1.0388862,1.0536629,1.0159106,1.3465468,4.291886,2.7065964,1.685052,11.025573,3.172832,2.1222713,1.4479468,1.2310317,1.6798458,2.0246909,2.063101,2.728614,2.0775285,1.858039,2.9470458,1.0360714,1.1876353,1.9924222,3.5990608,3.8887131,2.1243901,0.6664491,3.9623446,1.0179577,0.9192384,1.3467615,0.9013794,1.2078004,0.8937508,1.3539727,2.4683404,1.9148904,3.3853683,1.0915933,3.0583258,0.8840476,1.9018439,2.8413484,1.1208186,0.87717235,1.6411916,1.4587404,1.0094355,3.7719386,1.2516717,1.2656742,2.549688,1.1752263,1.3207155,3.0795972,4.533035,2.9543412,3.978197,3.3238697,0.90389776,3.3887854,2.8717492,1.8422841,3.4080844,1.9686213,4.3258324,2.9021423,1.1063199,2.5548232,0.91615087,0.9003124,0.77492136,3.339656,1.0729973,1.9383954,2.9316542,0.86152285,0.87961006,2.4631011,0.945402,2.5671988,2.3805907,1.4511589,1.0875257,3.4012773,1.8176595,2.247107,0.91579163,2.9055882,0.934035,1.7657887,4.525248,2.3392253,0.7630888,3.1320598,3.9268131,4.4230247,1.6247568,0.7749065,3.049215,1.778325,2.2407067,4.2559495,3.21114,2.3584151,2.6510954,2.6388745,1.5551368,2.8670197,1.4340031,1.4978545,1.5942365,2.4213848,2.0898674,2.0932178,3.2490923,0.7286752,1.5967617,0.77351844,0.55313677,4.1351314,2.6971335,3.5549197,2.839369,3.8706558,2.408705,1.5039773,0.6458949,3.3363035,1.3238262,2.2403386,3.3879404,5.707078,2.8356345,2.6834543,3.4974597,2.1906338,4.810555,1.0399876,4.3786545,2.7209933,3.9344914,2.5872512,2.1070561,3.0865533,3.1611924,1.5120401,1.4668552,1.5594044,2.3948042,3.604262,3.5074954,3.8255413,2.9162073,3.7017457,0.89676327,2.359932,2.88044,4.124621,1.5858897,2.8638644,1.6824297,0.8974203,1.0837641,3.1888385,4.1258407,2.934117,1.1772097,3.1319351,2.5419536,3.8985434,2.5776324,3.5657732,3.0840433,1.8778027,3.4545631,2.3067865,1.717927,1.242086,0.7856747,1.4789898,1.2931179,3.7617083,1.003342,2.4655914,3.4300215,4.429785,2.9555786,1.6084535
1.3305328,3.2408135,1.8270884,2.7900167,3.152287,3.2000413,1.4308834,1.2567222,2.4590998,1.2868595,1.370252,1.2204934,1.8155637,1.2065012,3.7900043,1.0908734,2.11105,2.914806,3.6386037,2.0850546,1.611413,2.980482,1.5579402,2.777424,5.5397916,0.76546854,4.8390565,2.2114105,1.030182,2.9089057,1.4949878,3.4488595,1.4184942,2.2741995,1.2953744,1.6959406,2.8657894,1.7693608,4.2117376,1.0784205,0.7948927,1.4904227,1.3634295,1.1330512,2.6061416,3.998133,3.1145792,1.6995804,0.7102152,2.5681539,1.3051511,1.7780615,0.90401775,1.135231,0.9357391,3.255426,1.4964621,2.2323523,3.8676538,3.500194,0.9982518,1.4783142,1.141808,1.0441839,2.6989772,3.1694531,3.0536726,2.5842566,2.7534907,1.5204675,4.379826,1.2291569,1.5909581,1.2631358,3.4602206,1.4154524,0.72959334,2.439593,1.2802275,1.3091513,3.5951886,2.0615711,1.1764994,3.4003837,0.53165776,3.3660243,1.3843495,2.7111988,1.9424433,0.7792966,1.8957732,2.4629247,2.5828846,1.4011734,1.4270825,3.1979523,2.4865708,2.0625558,1.9924077,3.0231175,2.135647,2.1000044,2.9873755,1.5726546,1.0473729,0.8750962,1.6242898,0.9362893,3.8103049,2.9873755,2.1080544,10.010108,3.1571693,1.7021093,1.1985967,0.8576314,0.74080825,1.1520684,2.1165588,1.653573,0.695296,0.79674995,1.8869686,1.2447225,1.2993177,0.8876145,3.6826904,3.4858415,2.6644206,1.2244388,3.9040325,1.6426228,1.5376519,0.62840253,1.2361697,1.4222265,1.3539383,1.7722731,2.9881349,2.4896104,3.4199784,1.3489757,2.5211158,1.5002844,0.8112436,2.8882277,1.9832697,1.4766262,1.3771703,1.4557428,1.2562721,2.8506286,0.6282132,0.67132545,2.4176447,1.9071838,0.8227971,3.3223953,4.599571,3.071201,4.0707517,2.958133,1.0510038,2.7636738,2.2217927,2.1767669,2.3489478,1.7529675,3.6944225,2.9634805,1.3490055,1.9682837,1.0302719,1.2536542,1.4802576,3.5840516,1.2390558,2.3010447,2.7285743,1.205229,1.5029665,2.7526333,1.5588403,1.5163255,2.0059543,0.7788859,1.3449563,2.7537608,1.1221254,1.0573301,1.0522875,1.9898751,0.98189604,0.79055834,3.651116,2.8225744,1.471892,2.5220745,3.8648996,4.406991,1.9928722,1.0443437,2.3584287,1.8471439,1.6683581,3.802745,3.3115213,1.0707145,1.5331573,3.1772392,0.4435366,3.7286634,0.74629134,0.7622854,0.38319358,2.1625383,2.7001235,0.9992376,2.7632942,1.4533782,0.6840098,1.0284504,1.4501817,3.8736308,2.1431642,3.3438907,2.844737,3.8576007,2.3378723,1.9109236,1.3022306,2.4347076,1.2093716,1.7306306,3.6588533,4.913539,3.346607,3.605183,2.6395202,2.6913912,4.0675826,1.6601255,4.3068256,1.5395951,3.7650146,1.3517318,2.6105156,3.363118,2.6456695,1.3132778,1.0925195,1.2172368,1.3144253,3.0710044,2.6105456,3.6272254,3.2024214,3.076527,1.2780939,1.2567183,2.9004164,3.2454054,0.8892548,3.007561,1.5232841,1.1859847,1.1136962,3.2307067,3.5321033,2.2160928,1.5928257,2.9050941,1.9853956,3.330129,2.0714862,3.2918909,2.467155,0.82998127,4.3014326,1.4207077,0.69182605,0.7247267,1.5088272,0.51080483,1.5649725,2.7428515,1.6105524,1.5147456,2.7824934,3.8657386,2.8910513,0.78590846
1.0691447,3.0800188,1.9123038,3.81114,3.0042055,2.9530122,1.2157211,1.1522334,2.1608026,1.2399579,1.1523216,1.0921803,1.3354429,1.0374036,4.048404,1.2719188,2.6392572,2.3547826,3.3072307,1.4535031,1.2041581,2.42278,2.500513,2.2203097,4.608212,1.7896696,4.860649,0.98207575,1.0544337,1.2532328,1.3865197,2.694587,0.72691715,2.390462,0.8391034,1.0902419,2.3834517,1.4196855,2.592986,2.2292278,1.4086826,2.5598855,1.1002392,1.2322685,2.1291602,3.4353156,2.7237751,1.1974806,2.0272963,2.2158518,1.1165602,2.884761,2.2100167,1.8795696,2.077616,3.4867485,1.5741336,1.4520123,3.501347,2.8449457,1.5534317,2.8728845,1.2356416,2.1927576,1.2708529,2.5009444,3.3003058,2.9393065,2.0500329,1.4709641,4.9628353,2.413101,1.4915923,0.6523367,1.9606735,0.7895643,1.5433086,1.9482772,0.77662396,0.7357792,3.1817994,1.7880478,0.9640148,3.648255,1.6660231,4.1579227,0.72261745,2.9993777,1.3534877,1.1503774,1.260929,2.9543815,3.0466785,0.7338817,1.1885885,1.6112016,1.3047925,2.303951,2.5072227,2.8656397,1.9825771,2.344083,2.697736,0.78515714,1.3806269,1.2696235,1.510248,1.0089904,4.461066,2.697736,2.0678918,10.461888,2.8100157,2.385618,0.823279,1.3564302,1.7657077,2.3480432,2.2654052,2.8636916,2.1055803,1.8902645,2.9916868,0.8212403,0.8847289,2.1471238,2.506398,2.9391093,1.9813589,1.0700245,3.4705944,1.4702764,1.5652496,1.6053408,1.0504105,0.65655905,1.1889482,0.6414793,2.2437713,1.7980827,2.4845383,0.9628062,2.1759915,1.4390296,2.1472807,1.5898157,0.9592122,1.5063039,1.0481621,1.819274,0.93059,3.83152,1.6601635,1.267413,2.8138235,1.1168725,1.1204054,2.474917,4.1387525,2.7195752,3.222435,2.3334787,0.829406,2.3959913,1.9789498,1.2729056,3.7068686,1.1263206,4.1124864,2.290054,0.73294413,1.8203708,1.0105755,1.0377532,1.1134937,2.244472,0.8636093,2.2097938,2.0134044,1.0112215,1.5474216,2.6633413,1.5737855,2.5569057,2.0786448,1.3078469,0.7507584,3.4599833,2.2314162,2.1265054,1.3128829,2.780507,1.085814,1.7731026,4.88589,1.2061783,1.4315072,2.233959,3.2406123,3.9462185,0.791115,1.1768192,2.1802495,1.3449758,1.5897666,3.8085637,2.0906842,2.1930556,2.2354648,2.5816135,1.8805053,1.9462329,1.7723874,1.9377371,1.8760381,1.3291591,1.7763641,2.03563,2.5668104,1.3826092,1.4587046,0.9472799,0.93938625,3.877256,2.9358535,2.8750322,1.8228567,3.526548,2.6313992,1.5763005,1.0690683,3.682118,0.95623624,2.7227583,2.2529938,4.882543,1.9069881,1.8967483,2.7683427,1.9249794,4.616187,1.4887213,3.7548487,2.5104618,2.8299286,2.4074314,2.177683,2.0583315,3.4845572,0.75687474,1.0159248,1.9607633,2.4668126,3.8524315,3.8407784,3.2861834,2.8825126,3.0547621,1.0194784,2.2555468,1.6886464,4.1616993,2.05499,2.5520494,1.365707,1.1979176,0.94787353,1.9846746,3.1272907,3.305268,1.3298882,2.6505573,3.0377007,4.12125,2.3442557,2.6642132,2.1157882,1.9917047,2.5419579,2.6073656,2.0627944,1.221235,1.3446755,1.8307265,0.6647033,4.080903,1.5756755,1.9071789,3.7842984,3.4829662,3.13662,2.029743
2.4049673,3.156511,3.455504,3.988333,3.9378765,3.8388696,2.6693473,2.8488185,2.869328,3.3185775,2.7126606,2.6695714,3.1691241,2.677374,4.4083185,2.1232946,3.551394,3.5120006,3.9589784,2.777296,3.0043933,3.2756853,2.8144205,3.0915558,4.7514772,2.129672,3.457106,3.3948302,2.4360409,3.8880916,2.8575206,3.496972,2.6209624,3.0984473,2.4694118,3.5608408,3.3297417,2.698217,5.3767276,2.1443636,2.226745,1.7162963,2.7214406,2.4006503,2.9782896,4.0508895,3.4157903,2.9991727,1.7818865,3.0166004,2.6983886,2.7074416,2.443742,3.3578882,1.9380751,4.2021904,2.9003818,3.0555274,4.394761,4.0490584,1.7629448,2.2337325,2.9407907,2.0476105,4.4405055,3.2746737,2.8731582,2.3670177,3.346413,2.8613646,5.096331,2.4574077,2.785454,3.0205922,4.086824,2.5544493,1.8817958,3.0678394,2.6482508,2.6670246,3.7228994,2.6488528,2.682575,4.342454,2.0385432,1.9608637,2.6551168,3.393937,3.2665665,2.296305,2.7102206,2.1067502,2.1700246,2.6300383,2.7444744,3.9256623,3.1348264,3.4873092,1.7784089,2.8090847,2.6581514,1.875826,3.105192,2.5821705,2.3314564,2.3191454,2.7166336,2.4390213,2.4420445,3.105192,2.8321311,8.014362,4.3793993,1.6881332,2.5044513,2.091395,1.6710722,1.3585482,2.3635345,1.3500943,1.8808935,1.5763321,2.8620021,2.6367862,2.4721742,1.4347119,3.8807387,3.1167786,3.255527,3.1981456,4.275286,2.727267,2.8386903,2.1570637,2.6802454,2.6501658,2.798968,3.4802282,4.145992,3.0352602,3.829388,2.514412,2.6846976,2.901266,1.5145203,3.61151,3.1250465,2.888604,3.1098921,2.2582908,2.5832841,3.9775398,2.2322934,2.2683551,2.2663357,2.908804,2.4581532,4.216212,4.7363157,3.6912005,4.3645334,3.210988,2.6643186,3.1884716,2.9904022,3.459676,0.94837826,2.7974265,4.602235,3.935924,2.648203,2.1937745,2.5509737,2.6171117,3.322734,4.2825074,2.5821164,2.7385137,2.9909823,2.6780314,2.8665016,3.0577996,2.8186326,2.8594592,3.4614785,2.0541787,2.6477697,2.5799527,1.6144054,2.4418,3.1072767,0.61138266,2.491974,1.6155686,1.9457648,3.6677532,2.9053438,3.062765,4.260835,4.6290736,3.679568,2.9502091,3.0321898,3.2689593,3.1509087,4.1916556,3.8415756,2.2364435,2.4377954,3.5319471,1.8551323,4.947534,2.1371784,2.041436,1.9369354,3.2769463,3.1607003,2.5672958,3.1355224,2.9290526,2.000051,2.8676682,3.2868514,2.4540539,1.440817,3.4405997,3.8473692,4.2845716,2.3545856,2.7620568,2.9330556,1.0280464,2.927744,3.760785,4.3321376,3.5947087,4.0160384,4.9476256,2.3945403,4.128502,5.015039,2.7295485,4.555213,2.7636092,3.563012,2.226748,3.1893463,3.9364796,1.7668575,2.7037003,2.4187922,2.045209,2.7401707,1.8308628,1.1275816,4.007704,3.2592413,3.6227138,2.7097962,2.726578,4.00457,4.26549,1.9150174,3.674981,3.454388,3.234065,2.4123716,3.6033776,3.201394,1.2711399,2.6915684,3.8278284,3.8959064,1.9517566,2.4406977,3.337883,2.969178,1.958898,5.3675404,1.1242592,1.7735906,2.2447941,2.842203,2.0382948,2.682062,1.1491377,2.7740467,2.6025167,4.1984205,3.2079732,2.5437748,1.853785
1.0507269,2.4758167,1.956952,3.65629,3.2637203,3.0578768,0.7682224,0.5570836,1.722225,1.0058392,0.80866283,0.66444325,2.466099,0.72564256,4.237066,1.763229,2.6533425,2.8520172,3.5360131,2.5715477,0.5472311,2.084892,2.5489075,3.4474313,5.4852448,1.147567,5.597287,2.3914742,0.91753566,2.4977531,0.4063201,2.6767466,1.2040341,3.093479,1.2275816,1.8549832,1.9928778,0.89415276,3.9522545,1.9113953,0.9175973,2.715456,0.7614576,0.8261575,3.2776082,3.224367,2.2888968,0.67955023,1.6223925,1.8152063,0.76123226,2.841176,2.0324118,1.5300356,1.2104983,3.611883,0.47283578,1.3285236,3.6608858,3.5441685,1.4252797,2.467087,1.7261537,2.3601139,2.4876094,3.747952,3.075878,2.1924186,1.7727357,0.40565675,5.1260195,2.3498125,0.52806586,1.4820248,2.9787073,1.2297941,1.3242629,1.4842935,1.0677899,1.1024563,2.800323,1.2198882,0.8447403,3.786533,1.1176729,3.4546945,1.1406932,3.520785,2.53616,1.2319424,2.3506274,2.2065623,2.3042328,1.1697899,0.79990464,2.7845502,1.9767295,2.672766,3.0205286,3.8319738,1.392176,1.8389767,2.2828653,1.4030482,0.76241845,0.89213836,0.62378436,1.3996247,3.7898755,2.2828653,1.198675,10.796409,3.112506,1.6715513,1.565665,1.0815176,1.5105306,1.6960101,1.5868706,2.395987,2.056977,1.7724156,2.8150992,1.0276681,1.1562344,1.7618667,3.600083,3.996799,1.8240049,0.91688544,3.7342103,0.6548239,0.44174725,1.1520318,0.7669236,1.275808,0.672676,1.7955831,2.3250227,1.636796,3.3072553,1.0098449,3.2189465,0.50083655,1.6610918,3.0141625,1.1685349,0.4491295,1.9561154,1.0027595,0.9367994,3.716591,1.025972,1.2202665,2.0364778,1.1301415,1.3563273,2.986052,4.235104,2.6648376,3.8287535,3.3005345,0.9878437,3.4735405,2.9741497,1.8310568,3.057502,2.2267525,4.227883,2.8302064,1.1293644,2.6534615,0.8637395,0.7697902,0.90132105,3.4090397,1.0403193,1.4694986,2.8556814,0.76217437,0.40947217,1.9878647,0.46855727,2.531306,2.3819795,1.4427435,1.1018128,2.9852417,1.4476929,2.2608876,1.0578419,2.7065687,0.8472761,1.6296241,4.101554,2.5236256,0.3556219,3.1655433,3.7723682,4.167333,2.0669296,0.8323816,3.1262534,1.7678471,2.438786,4.062514,3.2564795,2.4089053,2.7827134,2.2829878,1.4233596,3.166674,1.1650339,1.1892571,1.4469256,2.655512,1.9097011,2.103476,3.123622,0.36712107,1.5996552,0.90596026,0.82640857,3.7891793,2.2388122,3.3552513,2.9353337,3.6009152,1.9079748,1.1542877,0.5860544,2.947933,1.6679574,2.3663328,3.4790514,5.665756,2.8490028,3.0749605,3.593987,2.1653156,4.763005,0.66860276,4.180984,2.8612664,3.94691,2.693187,1.7211596,3.0979047,2.6601605,1.7220218,1.6312943,1.12913,2.3451352,3.1127927,3.1041293,3.6231587,2.4956462,3.6344507,0.7747075,2.397746,3.2126055,4.044412,1.2348645,2.6072893,1.9407929,1.1205786,1.0906984,3.3050025,4.235615,2.4894717,0.8694653,3.025687,2.611721,3.4085648,2.284531,3.460182,3.1643908,1.6722126,3.7745967,1.9610084,1.4597425,1.1982824,0.44689846,1.2721018,1.3614616,3.40099,0.54704195,2.591354,3.3367572,4.494992,2.4490016,1.2993282
2.1920707,4.050856,1.7932078,2.4126165,2.5425534,2.9067798,2.3784177,2.296758,3.1859381,2.1086876,2.2486987,2.251654,0.8916572,2.1837234,2.939599,1.5949671,1.7269069,2.4282348,3.2106924,1.9075149,2.6459923,3.6982284,1.1685059,1.7631055,5.2698503,2.0148997,4.202324,2.0507767,2.0195236,2.7299397,2.6569498,3.9396107,2.0742707,0.8073604,1.9857719,1.54405,3.5213387,2.8447561,3.9117887,1.6249596,2.037615,1.9008017,2.2758431,2.1869526,1.4390961,4.3962398,3.7464952,2.670118,1.784937,3.231749,2.2260382,1.4340616,1.3462493,2.175893,2.3496401,2.5672414,2.6544535,2.9886677,3.4804056,2.6600132,1.9919082,1.8931308,1.758656,1.5026621,2.516365,2.3517973,3.1277473,3.4672647,3.4717004,2.700119,3.4051595,1.2261202,2.7670803,1.6618557,3.2493358,2.0908177,1.8446164,3.2733877,1.9810818,1.9756755,4.1374917,3.0710769,2.051578,2.6631904,2.0470603,4.1904297,2.0497375,1.4034538,0.94507986,1.6409292,1.8277047,3.3737338,3.478414,2.0642087,2.3082821,3.01301,2.993416,1.24405,1.9012849,2.4620662,3.024338,3.0133157,3.6203969,2.1458175,2.2510245,2.0153325,2.804147,1.4575627,4.554835,3.6203969,3.1360452,9.515538,2.610208,2.7647262,1.5229094,2.0074732,1.8564997,2.4117148,3.0433981,2.3135834,1.4516035,1.8422108,1.7142867,1.9808351,2.0295134,1.9557279,3.0476317,2.999292,3.2370367,2.0781832,3.4497492,2.796324,2.7354574,1.8436948,2.166005,1.9939113,2.3114202,1.987486,3.0860093,3.2018204,2.7869058,2.2031724,2.0277,2.5938663,2.0357141,2.1528044,2.7763515,2.6242025,1.2336063,2.5947628,2.1008472,2.3887348,1.9879962,1.6325854,3.3558512,2.7928622,1.4344746,2.9148848,4.3580256,3.10711,3.5172665,1.9811652,1.8927416,1.3412553,0.79706836,2.1450162,3.2860045,1.7177699,2.882917,2.4294019,2.0127819,1.8213897,2.0013037,2.2264,2.238031,2.8662448,1.9863774,3.285474,2.1533394,2.150652,2.6960452,3.5543354,2.7580929,1.2758518,1.4786223,1.6561556,2.0326564,3.0313678,2.4755714,0.9235405,1.9150457,2.6043253,2.0141063,1.7950782,4.6047325,2.7078397,2.6436133,1.2006687,3.200006,3.9937594,1.9603592,2.000497,0.8769278,1.7744044,0.57687736,3.0369334,2.5941732,1.0026013,0.9164755,3.783393,1.9698747,3.5646725,1.9742976,2.1317158,1.8023438,1.2250894,3.3070695,1.0248425,1.9298832,2.5994995,1.5064489,1.9092008,2.2851362,4.3477135,3.1212664,2.8179202,1.9354535,3.5843434,3.2255282,2.7216268,2.2969317,3.491636,1.6705639,2.2431285,2.952018,4.2392807,3.148925,3.605712,2.0508292,2.6885302,3.1518137,2.8101912,3.689138,1.029478,3.055923,1.3913627,3.3350062,2.8782926,3.636607,1.4639611,1.6057187,2.4381847,1.3504591,3.96838,3.6173203,3.0376227,3.7897937,1.8913118,2.1863158,0.93441087,2.0216305,2.725265,2.2904491,2.9862514,1.3272581,1.9222406,2.010205,2.5956695,2.6734767,3.3317673,2.5002751,2.246177,2.4316278,4.1678605,2.1159499,2.5279512,1.1590972,1.6443999,4.1303267,2.5955446,2.04037,1.6906462,2.6581347,1.9081678,2.1002758,3.688179,2.8030696,0.41402546,2.8636355,3.2002618,3.714255,2.1884177
4.1706586,5.1383543,2.68256,0.88319427,3.1737716,3.5949397,4.001036,3.8124595,4.5251102,3.4489675,3.872511,3.9343894,3.8651595,3.9068182,2.6699913,4.1199713,1.9247679,3.978968,4.093403,4.9200463,4.182762,5.146454,2.1919038,4.9612045,8.099631,3.3051894,6.7882686,4.913279,3.91009,5.1771016,4.068087,5.632376,4.26831,3.1613154,4.1920285,3.497834,4.7610307,4.558929,6.635689,2.7042487,3.687452,4.0903106,3.9424396,3.910274,4.539837,5.5127296,4.8463216,4.254148,3.2108612,4.5163784,3.8738093,2.0666494,2.5283666,3.2640884,3.4749143,2.327557,3.8223794,4.749276,4.039965,4.230558,4.002099,2.2900038,4.0193133,3.6732275,4.708531,5.552746,3.8290415,4.3696375,4.9830275,4.037046,2.2363822,2.4066787,4.186792,3.9584224,5.6109967,4.3024364,3.7224884,4.7148304,4.0234838,4.053549,5.1532006,4.6545925,3.840988,2.292802,3.6400528,4.9301815,4.1787815,2.8168774,3.9028478,3.6765594,4.7669907,4.3022614,4.389797,4.2216396,3.8954027,5.5398145,5.414977,2.4383488,4.577789,5.5319533,4.386568,4.53418,4.817683,4.4778504,3.8624651,3.7481673,4.289663,3.6816273,5.2466464,4.817683,4.257715,10.989872,3.1355948,3.992386,4.005249,3.873204,3.684235,3.7345028,4.2729626,3.2731853,3.3231127,3.841458,1.808944,3.9764698,4.1529946,3.5126932,5.6006594,6.1068954,4.7471375,3.5989273,4.289787,4.3243613,3.9985077,3.3630545,3.8759108,4.247741,3.835566,4.364863,4.057293,4.911764,4.802733,4.202162,5.1491833,3.8888702,3.4965281,5.0560813,4.7795057,3.8594625,3.7696145,3.9146118,4.0217032,0.9652311,3.3613334,3.5544767,4.2994366,4.77667,3.5134368,4.234591,5.0367184,3.9378915,5.0792203,4.4827447,3.871615,4.249894,3.81028,3.8785014,4.1120486,4.6054482,2.0187917,3.7893698,4.124657,4.7628474,3.8396306,4.009724,3.6383922,5.2075133,3.9866886,4.5264845,4.535976,3.897536,3.9354532,4.4965367,4.0412493,2.088751,2.621636,3.8460424,4.120664,3.2451198,3.720862,2.7496784,3.2710443,4.6055536,3.8151028,3.7463822,5.117954,5.375119,3.962417,3.8650165,4.485824,4.7400484,4.419812,3.4693897,3.7535005,3.4181285,3.3506668,3.3987002,5.1032505,3.1374009,3.6030934,5.090178,3.5699027,5.9402127,3.2857575,3.3212857,3.310947,4.2562613,5.273845,2.6485786,3.6699822,3.9362166,3.712003,3.6577544,3.8702679,6.1765594,4.2030597,4.4276896,4.2199717,4.1412325,4.232459,4.225534,3.8557374,4.359081,4.0634723,2.2197618,5.3999023,6.88022,5.392434,6.0201364,5.006412,3.7488942,1.8993537,4.326937,4.7285814,3.1024508,5.891033,3.6367042,4.59138,5.2023463,4.3687286,4.0768194,4.1100945,3.648312,2.1642258,4.7615976,4.403719,3.9857311,4.9485345,3.256404,3.9148498,2.5149155,5.01625,0.92901134,3.4523427,3.9889717,3.1967554,3.3757093,4.1112967,5.5127273,5.7790165,4.1944284,4.0782437,3.199757,1.8704405,4.907263,3.3533812,4.708336,4.1373677,3.0393546,6.689764,3.8595264,3.3476832,3.6621947,4.132289,3.28456,4.407038,4.449521,4.1545916,3.4398873,0.70370483,6.2339597,4.641941,3.43253
2.5462146,4.0685363,3.6680894,5.1404715,4.1285653,4.1149077,2.9423587,3.0782645,3.401087,3.3230224,2.9408593,2.89625,2.1623197,2.8540096,5.020958,2.1359963,4.143511,3.2415235,4.143072,1.1964897,3.0793571,3.4788783,3.729013,1.2825646,2.9590158,3.3123083,3.3377566,1.4567595,2.6933353,1.9762269,3.2123494,3.3319588,2.2951167,3.0206108,2.3038464,2.8996933,3.6366234,2.898001,2.358989,3.5407603,2.9668627,2.8751762,2.898805,2.8502994,1.674264,4.285261,3.8953216,3.0213284,3.2676198,3.4777908,2.9210916,3.9820368,3.558871,3.6904502,3.4993894,4.720916,3.4446886,2.848976,4.5259943,3.4381764,2.614354,4.074947,2.5774536,2.8923674,2.6822996,0.90875536,4.1673975,3.9999087,3.3031027,3.2928598,5.904123,3.6124985,3.216461,2.4193037,2.2265277,2.267736,2.7898877,3.3050616,2.5081682,2.466404,4.2081656,3.0897949,2.79168,4.8588552,3.0814576,4.7076173,2.3842278,3.6772323,2.1488488,2.6410015,1.3556936,3.9570765,4.0205173,2.3438277,2.9781153,1.8428122,1.8962893,3.635807,2.2321196,1.5545801,3.3208828,3.2135637,3.74547,2.0822074,2.9804723,2.8736165,3.1537118,2.4958189,4.9649863,3.74547,3.5967216,9.184232,4.218154,3.4739747,2.1501064,2.7496943,2.8762267,3.3998933,3.48549,3.7625833,3.073499,2.7777433,4.22517,2.5643058,2.3942802,3.1750915,2.0535824,1.0773754,3.2310367,3.1436658,4.302534,3.1045923,3.370121,3.1222503,2.8629668,2.2359524,3.052822,2.3053112,3.8417628,2.9677174,2.831852,2.52287,1.1733156,3.3106427,3.2557492,1.3374078,2.5344625,3.3763025,2.4239867,3.2891247,2.6303136,5.1143165,3.2473016,2.7705932,3.9099422,2.5528686,2.6695995,3.5852258,4.9001627,3.9799097,3.643404,2.289956,2.6319246,2.1931896,2.2803261,2.9036558,4.3098125,1.5616,5.268548,3.4520476,2.413993,1.475289,2.7551332,2.7812815,3.2314498,2.4333181,2.5547137,3.5335257,2.223469,2.8290565,3.3872201,3.9517024,3.3538914,3.8405385,3.5688343,2.5015693,2.4397113,4.487389,3.4388373,3.2580962,3.3008494,2.890685,2.79589,2.77598,5.3333917,1.4956864,3.3053772,2.4603877,3.8516116,4.679968,2.261991,3.1607552,2.4412992,3.0289412,2.6493099,4.630972,2.080838,3.060746,2.6953712,3.6900473,3.1322038,2.5123634,3.2947693,3.4185622,3.2055762,1.7851561,2.664681,3.3328054,3.1565986,3.2819953,2.5737846,2.8972783,3.0641227,3.6232169,3.7831826,3.322658,2.543539,4.5454535,3.7848012,3.0939415,3.0408666,4.309815,2.3715906,4.4641476,2.2763333,3.2938972,2.387371,2.5123668,1.9014692,3.6762602,5.7067027,3.1181967,4.324444,3.2818444,1.6085087,2.9580748,3.5358434,2.3106003,4.334712,2.0494077,2.1498861,3.3951495,3.8102558,4.4967847,4.4469614,4.0723624,3.8748138,3.668128,2.8409657,3.4561937,1.5678041,5.424497,3.4636056,3.7907445,3.065807,3.2290237,2.4559565,1.1225737,1.5028648,4.130441,2.9907224,3.808799,4.773563,4.6883783,3.4090204,2.6646657,2.074088,3.2869785,2.5441158,3.519624,3.358659,2.700224,3.1469433,3.277144,2.1296532,4.5908313,3.292469,2.5639064,5.425575,1.7031244,4.096885,3.396417
0.8337514,1.8465372,2.0909195,3.8656585,3.0914967,2.7761104,0.5337623,0.72831845,1.1084269,1.456838,0.67762077,0.681416,2.586431,0.7503052,4.1356187,1.7683886,2.7949803,2.5448039,3.1726727,2.5554404,0.5465408,1.4806303,2.6707165,3.3468413,5.031163,1.1447998,5.2622476,2.4799552,0.90982926,2.3365695,0.37966716,2.0754755,1.1115484,3.070429,1.1317124,2.1243176,1.4300224,0.4892126,4.0427012,1.9045163,0.9274245,2.7767885,0.656163,0.6933141,3.1514745,2.649726,1.7152305,0.53712165,1.6014189,1.2298874,0.6872974,2.922261,2.2042964,2.0914624,1.1414764,3.5780609,0.48393685,0.8685869,3.351013,3.274598,1.2660321,2.5021853,2.0646696,2.513862,2.7561297,3.6149073,2.6249084,1.6185353,1.2358562,0.33874574,5.1681743,2.465384,0.20050363,1.732741,2.6661706,1.1134803,1.2692021,0.90220946,1.0304931,1.0645268,2.224616,0.593711,0.8797125,3.764256,1.212796,2.9605935,1.0650357,3.4802282,2.6394513,1.2805643,2.346058,1.6577197,1.7449423,1.0786426,0.6380594,2.5394628,1.727301,2.7932305,2.9539254,3.7330186,0.75509876,1.2511556,1.6656365,1.2556121,0.6676224,0.89979786,0.19323923,1.4544357,3.2505941,1.6656365,0.624067,10.359261,3.0750263,1.2268766,1.5818887,1.0240968,1.4404794,1.5233531,0.97337455,2.1827874,2.171977,1.7616899,2.8952508,0.99808484,1.0317245,1.6657076,3.239131,3.7829523,1.288629,1.3369874,3.3775847,0.24031831,0.30320767,1.1950557,0.7512455,1.2057854,0.6488955,2.074009,2.1460683,1.0743959,2.9563675,0.8526511,3.1360898,0.47046015,1.5972916,2.8700395,1.0427188,0.46464884,2.2052615,0.55340934,0.8581851,3.8983567,1.1226715,1.2914304,1.4711366,0.910245,1.4532899,2.7467968,3.7906134,2.3035872,3.4287877,3.0242546,1.1174532,3.3556678,2.929581,1.722114,2.8415554,2.2882748,4.2489743,2.650021,1.0643455,2.549031,0.9224547,0.7110379,1.2322658,3.1682694,0.97927475,0.83007723,2.5073943,0.78274125,0.38220957,1.4125141,0.25084862,2.691308,2.467373,1.4567204,1.035122,2.638125,1.2704332,2.405857,1.4650081,2.4406302,0.8987108,1.5597183,3.7880583,2.365238,0.44962972,3.0330188,3.4335299,3.7667885,2.332426,1.1723405,3.061993,1.7516845,2.594014,3.8312817,2.9809337,2.5495343,2.9052086,1.714193,1.519159,3.1583054,1.1699444,1.1921916,1.54019,2.6872375,1.408686,2.2755463,2.862584,0.5084409,1.6464933,1.1842481,1.2002891,3.1853108,1.7861109,2.9407313,2.8239768,3.248865,1.3310027,0.6215936,0.79927105,2.6786425,1.9440486,2.8426883,3.2407558,5.338497,2.5286882,3.1781316,3.5028734,2.1471946,4.855604,0.2216839,3.8061175,3.083689,3.5875618,2.8521297,1.1627035,2.78396,2.2026086,1.8076321,1.7174101,0.8645286,2.5198538,2.6215298,2.8122377,3.30071,1.8829783,3.4935164,0.75013614,2.5849495,3.2745295,4.1922193,1.1736637,2.25446,2.2454698,1.5328948,1.0723832,3.0613816,4.051497,2.1497402,0.48422357,2.8875067,3.0565531,2.9149108,1.9573973,3.0847337,3.0510678,1.6470376,3.7526433,1.740726,1.4492708,1.2464056,0.37928542,1.3469543,1.2471955,3.1674933,0.13569602,2.6817763,3.592458,4.2461977,1.8464191,1.2632034
1.1765753,2.818752,1.9067267,2.9318306,3.0416858,3.002704,1.2666652,1.2226642,2.1082923,1.5107347,1.2425724,1.1424159,2.06958,1.1447905,3.7179117,1.1587855,2.211386,2.7513194,3.4032373,2.211402,1.5292342,2.6487558,1.672584,2.8597295,5.341111,0.44533926,4.676133,2.4170744,0.96051687,2.9189386,1.36731,3.120576,1.3830897,2.3507104,1.2455016,1.9714663,2.5441322,1.5702827,4.421042,0.912242,0.61795545,1.5812159,1.2516636,0.9610323,2.6536658,3.6385741,2.7602808,1.5915393,0.36243796,2.2297359,1.1979178,1.8252249,1.0564097,1.5753347,0.4829887,3.2252755,1.3476621,2.030319,3.6637876,3.3866787,0.73665065,1.3647699,1.5380876,1.2857026,2.984022,3.2299283,2.66989,2.1034567,2.484698,1.3741205,4.422889,1.3222042,1.4077548,1.5350736,3.372642,1.3631123,0.493376,2.1505196,1.2552018,1.2917467,3.224268,1.7587628,1.1423037,3.382128,0.35040987,2.8525515,1.3520807,2.7421613,2.1797504,0.7952349,2.0234616,1.9637014,2.0834296,1.3623455,1.2886844,3.1597676,2.4049425,2.2083757,2.0062625,3.081927,1.7844446,1.6414288,2.5999537,1.5211506,0.84328544,0.7499953,1.4203756,1.0185617,3.2928786,2.5999537,1.7804409,9.720303,3.1515982,1.19862,1.2852321,0.6778363,0.42585412,0.6602032,1.6911411,1.2445694,0.8397767,0.6736101,1.8981922,1.2145017,1.220532,0.47554553,3.5627792,3.46232,2.3910172,1.4296085,3.6825664,1.4449594,1.3647702,0.42675206,1.159081,1.4118736,1.2547369,2.0641508,2.8800514,2.2211542,3.2736583,1.24034,2.5972679,1.3656944,0.36485606,2.9374678,1.9302149,1.3374956,1.7210808,1.0844042,1.1793089,2.9734976,0.43766683,0.68398553,1.9362979,1.8013076,0.93024725,3.2169776,4.3090734,2.8234088,3.8729966,2.8634756,1.1209131,2.8103876,2.3191822,2.1484716,1.959103,1.9366217,3.7089062,2.8919227,1.3197926,1.9908437,1.0032718,1.1614879,1.5941749,3.5486999,1.1868045,1.9329114,2.571234,1.1489271,1.3487957,2.3653636,1.3747742,1.660587,2.0979042,0.7765215,1.310657,2.3630633,0.6202066,1.2580713,1.2880362,1.6812701,0.93282646,0.5467808,3.2230945,2.84147,1.3578892,2.5317607,3.6886408,4.1544895,2.2979503,1.1759902,2.4324608,1.8601292,1.9375844,3.6456857,3.2505486,1.3014891,1.7793013,2.854097,0.28531298,3.8384545,0.4440385,0.36811173,0.18996845,2.3449547,2.4679716,1.2131244,2.6191432,1.3586291,0.7423735,1.1721995,1.5908457,3.4335039,1.624674,3.1029499,2.8837328,3.617166,1.8774759,1.6447226,1.3035637,2.001967,1.5426607,2.0965786,3.6322865,4.764946,3.247199,3.7793517,2.684535,2.6874094,4.14966,1.4562596,4.0939136,1.8707347,3.6434739,1.6081843,2.3005984,3.2694821,2.1289272,1.4884791,1.2501353,0.7865523,1.4599103,2.5544174,2.16855,3.4292014,2.8125525,3.0305974,1.2045726,1.4950917,3.1210089,3.3324182,0.42651448,2.7805967,1.8496659,1.4393513,1.0824339,3.2073312,3.5385857,1.7224894,1.3852929,2.8348572,2.2967405,2.8159864,1.7694024,3.1120374,2.5108755,0.5883123,4.4157405,0.94455737,0.19735608,0.71386516,1.3818918,0.20852962,1.537826,2.3567317,1.4061651,1.7310241,2.896995,3.8099496,2.4113405,0.29746693
