1,2,3,4,5,6,7,8,9,10,11,12,13,14,15,16,17,18,19,20,21,22,23,24,25,26,27,28,29,30,31,32,33,34,35,36,37,38,39,40,41,42,43,44,45,46,47,48,49,50,51,52,53,54,55,56,57,58,59,60,61,62,63,64,65,66,67,68,69,70,71,72,73,74,75,76,77,78,79,80,81,82,83,84,85,86,87,88,89,90,91,92,93,94,95,96,97,98,99,100,101,102,103,104,105,106,107,108,109,110,111,112,113,114,115,116,117,118,119,120,121,122,123,124,125,126,127,128,129,130,131,132,133,134,135,136,137,138,139,140,141,142,143,144,145,146,147,148,149,150,151,152,153,154,155,156,157,158,159,160,161,162,163,164,165,166,167,168,169,170,171,172,173,174,175,176,177,178,179,180,181,182,183,184,185,186,187,188,189,190,191,192,193,194,195,196,197,198,199,200,201,202,203,204,205,206,207,208,209,210,211,212,213,214,215,216,217,218,219,220,221,222,223,224,225,226,227,228,229,230,231,232,233,234,235,236,237,238,239,240,241,242,243,244,245,246,247,248,249,250,251,252,253,254,255,256,257,258,259,260,261,262,263,264,265,266,267,268,269,270,271,272,273,274,275,276,277,278,279,280,281,282,283,284,285,286,287,288,289,290,291,292
0.6140594,2.0726342,2.1233504,3.6438227,3.0784376,2.8497057,0.70285875,0.9162397,1.3652549,1.594791,0.8005203,0.73721933,2.2969708,0.77753526,4.004934,1.260985,2.6815295,2.5258548,3.1903617,2.1573966,0.98207283,1.8152195,2.3367872,2.9103212,4.788842,0.78196555,4.667705,2.2902024,0.6758491,2.438917,0.8305629,2.29128,0.96072656,2.7190619,0.8764736,2.1157963,1.8047993,0.76173276,4.103989,1.5135387,0.5534663,2.1348205,0.78563726,0.50249064,2.7315128,2.9327037,2.048796,0.9832507,1.0726612,1.5176908,0.78144264,2.5355434,1.829073,2.035808,0.72665215,3.5126116,0.9316339,1.2286043,3.4618604,3.229923,0.61716396,2.0935235,1.8041236,1.9452096,2.8788462,3.1816738,2.4917088,1.5835415,1.6640413,0.83953524,4.9571443,2.0628455,0.7547266,1.5881747,2.7839506,0.9222196,0.6844206,1.3342746,0.9197044,0.95472586,2.5278003,0.87486035,0.85434324,3.6923838,0.7349613,2.6325943,0.9494064,3.1559703,2.3730004,0.8992379,1.9611593,1.5113773,1.6172584,0.9435647,0.8161093,2.6100805,1.7313324,2.6283534,2.3047698,3.1777358,1.010797,0.96174985,1.8862991,1.0549886,0.41902402,0.5894876,0.6962535,1.1206161,2.9943671,1.8862991,1.0763865,9.770432,3.1891112,0.82306415,1.2495849,0.5207415,0.8050464,0.9131114,1.0083596,1.6459353,1.6082776,1.1165521,2.5733223,0.8908708,0.80477434,1.0324665,3.1303406,3.3097494,1.6364099,1.4491894,3.4411225,0.7090964,0.8315528,0.80112714,0.78714174,1.0434723,0.85588545,2.0251274,2.5137792,1.3786104,2.924142,0.7100478,2.6338363,0.9077571,0.9859634,2.6976523,1.2773606,0.90356266,1.9740496,0.4499031,0.76297694,3.6679428,0.7922998,0.9034292,1.4140178,1.0837091,1.1362398,2.9189641,3.9294996,2.4853153,3.4827511,2.7459676,0.9787042,2.9623508,2.5507612,1.8730041,2.2700098,1.933526,4.1287904,2.7309437,0.94355243,2.0107641,0.77536786,0.7045925,1.4764181,3.1870775,0.841927,1.1475489,2.2870686,0.7952932,0.86827725,1.7076325,0.8069683,2.3674634,2.3865008,0.94001245,0.92371947,2.4238725,0.7227691,1.975609,1.4934272,1.7508284,0.71616584,0.91194814,3.3243086,2.3618965,0.89597225,2.6807046,3.4472053,3.8556013,2.2834918,1.2207423,2.6793141,1.7949321,2.3091242,3.7305162,2.9030185,2.03112,2.3715386,2.079872,0.97740805,3.379783,0.8056478,0.7989898,1.039344,2.4169166,1.62371,1.9064158,2.629129,0.92537606,1.1099375,1.1582204,1.4222143,2.873136,1.3778534,2.829893,2.7649229,3.3683267,1.3211008,0.92879575,1.0047468,2.1509805,1.702123,2.7591388,3.2509608,4.7512045,2.6687684,3.3767385,2.8999918,2.464233,4.6878843,0.7135265,3.835097,2.6111872,3.299251,2.2863927,1.5640693,2.8103147,1.9053115,1.5109766,1.3197819,0.5281655,2.1934524,2.3045921,2.3009038,3.2823126,2.1066332,3.2487931,0.8094505,2.2115908,3.0890856,3.9849806,0.73571825,2.4298582,2.1598356,1.5920508,0.7813687,2.8633215,3.5415578,1.7006187,0.73898166,2.8707304,2.978275,2.5912342,1.7267491,2.8702877,2.6529646,1.1872071,3.9305747,1.1354266,0.9249306,0.84222066,0.81129426,0.9077075,1.1006169,2.613246,0.7550586,2.2223425,3.519959,3.7260823,1.8444277,0.77658165
2.588392,0.5805219,3.525105,4.996922,3.5332546,2.9341176,2.4638205,2.8084986,1.4007496,3.5138428,2.572782,2.720733,4.190945,2.7596002,4.493629,3.3618,4.025886,2.939215,2.9746675,4.0056157,2.65084,1.3741866,3.943117,4.421454,4.760662,2.720556,5.2399325,4.161213,2.8121397,3.51939,2.5512028,1.5839735,2.8872406,4.1288486,2.8776655,3.9648676,1.4498905,2.3219314,5.5443935,3.0894756,2.7531226,4.084341,2.6100426,2.5831933,4.150891,1.5465252,1.2308015,2.559483,2.9389067,1.4353322,2.6354816,4.0141015,3.668437,4.163885,2.5629349,4.2133036,2.5102756,2.176964,3.2315648,3.5955155,2.7248616,3.4984097,4.0561104,4.0455847,4.6195707,4.602232,2.0583012,0.92834145,1.7737195,2.4996142,5.787349,3.7686038,2.3824675,3.6915982,3.322211,2.8584206,2.8464139,1.6995549,2.8779664,2.9007916,1.2181324,1.836848,2.8300996,4.395741,2.9557347,1.82996,2.8741693,4.3218684,4.207118,3.045883,3.859473,1.1099676,1.009826,2.8669655,2.5289712,3.473041,2.9858031,4.1007266,4.0466247,4.7337008,1.562678,1.4663855,1.0118668,2.9009907,2.5767033,2.7699037,2.3246694,3.1868832,1.7288326,1.0118668,1.6855879,9.417592,3.8980174,1.7948583,3.276357,2.766183,2.875133,2.5651777,1.3569543,2.7052536,3.644633,3.1881027,3.9288073,2.860779,2.787098,2.8577924,3.5697172,4.5206447,1.774404,3.4192123,3.1528785,2.334551,2.430519,2.8636134,2.7205503,2.9646134,2.6391487,4.0503163,2.9202385,1.8417138,3.228633,2.679724,4.298456,2.5274115,2.861993,3.9681897,2.8214693,2.5315425,4.064717,2.0398848,2.7442193,4.970248,2.8602283,3.0486805,1.0635638,2.6479533,3.207239,3.254989,3.0153637,2.3687909,3.2644684,3.5672479,3.076694,4.277981,4.0878873,3.0311396,3.041684,3.9244998,4.904275,3.354228,2.8791192,3.7583318,2.873585,2.6926327,3.2413678,3.840841,2.8165278,1.3974293,3.0051599,2.7730932,2.4906776,1.1007558,2.3935654,4.0160017,3.7631881,3.1183047,2.8613832,2.340183,2.444528,3.8589478,3.4686983,3.0062373,2.8430278,2.9610946,3.262931,3.5963237,2.5954669,3.9277487,3.4086723,3.244931,4.261164,3.1955783,4.1240883,3.1695476,4.183364,3.8886073,3.6248739,4.012606,4.3581657,1.4399943,3.126765,4.48913,2.7482758,2.7176733,3.1133854,4.150914,2.1119244,3.7861097,3.2979114,2.645232,3.2623794,3.2116592,3.2979734,2.0547464,1.7029022,2.8276753,3.8550248,2.968466,1.1338946,1.9873272,2.8895729,2.736354,3.8994653,4.6443844,3.9359481,5.3546433,3.1729844,4.755189,4.5000963,3.3345869,5.6412787,2.3093693,3.493972,4.629251,3.8838718,4.3408885,1.553713,3.351069,1.5894862,3.5519192,3.468889,2.2268863,3.8948371,1.6439903,2.7163665,3.2581108,0.9823981,4.074608,2.7206414,4.0605264,4.7648435,5.1234474,2.5989757,2.4434547,4.082402,3.558259,2.9210565,3.876103,4.793559,2.1630812,2.293272,3.5423937,4.7423587,1.7973315,2.3931675,3.2382083,4.0488005,2.9545722,5.0006933,2.5201404,2.846089,3.0118732,2.5504158,2.9462354,2.942757,3.1900659,2.3200884,4.123309,4.7548695,4.7678595,0.6249205,2.6985316
1.4085768,2.9037478,0.6667042,2.7774045,2.114543,2.1221468,1.1630431,0.9627318,1.98384,0.72944784,1.0002863,1.1177454,1.7525673,1.0682733,3.0746486,1.8484484,1.5180255,1.9346093,2.674049,2.5231807,1.2493353,2.4708593,1.7342461,2.9818132,5.5709558,1.331507,5.4628468,2.2316272,1.2264432,2.1258197,1.2885201,2.9280818,1.3891162,2.078323,1.41527,0.9008721,2.18013,1.7395669,3.7808678,1.5307056,1.3067361,2.8611896,1.0556171,1.2516414,2.6537802,3.229119,2.4462647,1.2876,1.6650964,1.9805074,1.0126222,2.1274726,1.5771186,1.5632122,1.6969131,2.4066048,1.1593866,1.7655507,2.7340684,2.4986885,1.7755885,2.10688,1.7928778,2.3711617,1.9676682,3.4427948,2.6490223,2.5653515,2.1387174,1.2995033,3.9799707,1.766341,1.447085,1.2854506,2.6454582,1.4582897,1.5790443,1.9463254,1.1401803,1.1581546,2.8945367,1.944968,0.98229986,2.5723877,1.5931307,3.8880136,1.2780777,2.430577,1.7616626,1.2384217,2.3172028,2.6039274,2.7028334,1.3335245,1.0156219,2.5183969,2.3929172,1.4517199,3.046912,3.7347484,1.832021,2.3583167,2.4773507,1.6228777,1.3298318,1.2351207,1.5595891,1.1782484,4.1761947,2.4773507,1.7594951,10.703894,1.8295705,2.1428134,1.4115584,1.4818088,1.7634938,2.173044,2.0191112,2.4069843,2.0257182,2.0606532,2.078031,1.1053255,1.3586031,1.9740627,3.0735357,3.947839,1.9542719,0.79233605,2.849485,1.5631405,1.3218018,1.2666409,1.0215939,1.368803,0.9627658,1.6228621,1.5573558,2.0389788,2.5229557,1.3770951,3.0930908,1.1170048,1.9497992,2.4472883,1.7104297,1.1518558,1.4719775,1.5624126,1.177197,2.802064,1.2782881,1.2162905,2.4563305,1.7956067,1.0833589,2.0092509,3.5760806,1.9931871,3.049105,2.5153599,1.0907099,2.6560476,2.1344485,0.9231962,3.481247,2.1586454,3.038395,1.7085496,1.2317703,2.6382961,1.1034545,1.1800547,0.61486673,2.635046,1.1434349,2.049026,2.236417,1.0484753,1.2563703,2.2659774,1.3643758,1.7649784,1.0935961,1.5867428,1.2258983,2.648818,2.0056918,1.7111776,0.7205721,3.0691953,1.1370203,1.8497258,4.6603346,2.3554127,1.2113695,2.261481,2.8254888,3.3648741,1.7344127,0.73249865,2.2421658,0.6083975,1.5589848,2.985275,2.56305,2.070973,2.4136515,2.4826298,1.8097388,2.8799827,1.3102499,1.5007716,1.6239424,1.9674172,2.3077884,1.4957355,2.1778674,1.1547549,1.6519054,0.8672691,0.8895396,4.206309,2.697157,2.6149387,1.8891494,2.7778406,2.2620723,1.4527546,0.9452339,3.498379,1.6382883,1.9029735,2.7696228,5.5168195,2.4536834,2.9847567,3.440882,1.1386077,3.590263,1.569172,3.2831733,2.406741,3.5625668,2.5668821,1.9614837,2.4949703,3.1397364,1.5055726,1.68483,1.5927814,1.6816815,3.5864441,3.6235747,2.660209,2.654185,2.5001473,1.0302261,1.7173883,2.6160326,3.0820649,1.6811974,1.8947387,0.99814373,0.70607954,1.4208882,2.893243,3.9511683,3.0464017,1.2507491,1.8209519,2.0984075,3.8490927,1.7184117,2.7400959,2.3973773,1.4942592,3.632864,2.4479873,1.7393833,1.2724729,1.3287016,1.4731699,1.5015017,3.89064,1.4632138,1.9903002,2.5634995,4.348028,2.8132358,1.6951228
2.8804722,4.5094028,1.8092827,1.3333639,3.0835314,3.4376311,2.8063517,2.5321765,3.7128417,2.0409114,2.6729627,2.6372802,2.4296541,2.6030626,3.1936376,2.6436327,1.4094138,3.4414825,3.9788663,3.3919759,2.934728,4.303879,1.2345335,3.6811311,6.9933476,2.144429,5.904522,3.3435664,2.562238,3.9534965,2.8510885,4.796362,2.8978047,2.331405,2.8199656,2.0952573,4.021276,3.3231516,5.1137233,1.7563298,2.3867204,2.685051,2.7084315,2.647141,3.3877068,5.0376077,4.223302,3.0319598,2.056537,3.750637,2.6388347,1.3927548,1.2447574,1.5986928,2.3812954,2.6314654,2.7007365,3.62537,4.0446196,3.817402,2.7059104,1.6180317,2.3132322,2.1617093,3.2483191,4.2237086,3.6833296,3.7944226,4.048295,2.852173,3.218658,1.3069288,3.0029027,2.390333,4.54416,2.9322488,2.4110615,3.7652373,2.6806433,2.7043982,4.6516304,3.5726888,2.5293002,2.6921551,2.283449,4.544992,2.8236122,2.4211233,2.5108798,2.2884672,3.2359915,3.7054043,3.8190463,2.8627918,2.715768,4.3403068,4.038022,1.6318309,3.23239,4.158041,3.4772856,3.6214528,4.172647,3.0975668,2.6021628,2.4318743,3.0969462,2.2793684,4.9560437,4.172647,3.37036,10.797912,2.912152,3.1229732,2.5672278,2.540146,2.4077342,2.6735187,3.4538321,2.599749,1.9212589,2.4755757,1.3659035,2.6412687,2.8122432,2.3693292,4.667877,4.776376,3.872872,2.168577,4.2071204,3.1223152,2.8511662,2.1036613,2.5993085,2.8663955,2.6231325,2.7595918,3.4619853,3.8873572,4.1269712,2.8806434,3.7225418,2.7363596,2.332871,3.8231378,3.4320889,2.7114072,2.1733596,2.883159,2.7073886,1.4714257,2.1000493,2.1787517,3.6663003,3.4464498,2.115804,3.7211766,5.044109,3.6026845,4.6638165,3.6647656,2.4542675,3.2693212,2.7083924,2.8900082,3.4466658,3.0371983,2.7268023,3.250351,2.7736428,3.344126,2.4870722,2.708504,2.3425674,4.30222,2.6614022,3.6522825,3.6605682,2.5924509,2.7830994,3.8759627,2.8952343,1.0591334,1.8300493,2.424727,2.7733457,3.2253187,2.6544638,1.4183091,1.847018,3.5080163,2.4701781,2.4480705,4.714581,4.0359025,2.7618768,2.9749281,4.2240686,4.74615,2.8287873,2.1014535,2.7536397,2.40965,1.973008,3.6427157,4.149739,1.7280002,2.170302,4.3594265,2.2039404,4.627264,2.1169105,2.1752324,1.9939129,2.893705,4.1642747,1.2974107,3.1668844,2.7237856,2.279079,2.2357404,2.4813566,5.402699,3.488998,3.9929953,3.3008668,4.1346407,3.570206,3.213839,2.550254,3.6670482,2.41112,0.6464139,4.435991,5.9730697,4.3800287,4.553534,3.700075,3.0104802,2.8101823,3.1346927,4.632875,1.6346914,4.870634,2.1537287,3.7902498,4.2684865,3.8548775,2.571946,2.577425,2.6265488,1.028806,4.297941,3.7916203,3.8717265,4.3565173,2.9825537,2.6369114,1.1783384,3.5984135,1.8973696,2.3455493,3.5712688,1.7333004,1.9326445,2.7058682,4.3175106,4.561981,3.5057297,2.9469407,2.8971212,0.576432,4.514054,2.7924228,4.048049,3.081502,1.9419601,5.2993593,2.880852,2.1784346,2.2811773,2.898691,2.0279558,3.0290654,3.8372283,3.0034733,2.0744798,1.3710644,5.0388913,4.1069484,2.2862995
2.3003669,2.872326,1.2001045,2.8033743,0.642646,0.71423346,2.1256175,2.1967218,2.1524916,2.2513885,2.005382,2.2476616,2.3680818,2.1998217,1.8841718,2.6977146,1.5316987,0.8236858,1.2501938,3.21858,2.381784,2.6286833,1.9952726,3.146293,5.412858,2.197291,5.2182107,3.084965,2.2837534,2.471421,2.4042926,2.8695993,2.3376157,1.8140173,2.3425214,2.0016706,2.231512,2.655697,4.475258,1.954152,2.3259008,3.5761704,2.0984323,2.2391803,2.63985,2.750334,2.3260665,2.3373368,2.3447948,2.0623803,2.0712519,2.234317,2.2564855,2.981405,2.50917,1.396501,2.2427034,2.411302,1.3105011,1.2521154,2.5506108,2.3810103,3.032761,3.199005,2.9387224,3.651227,1.7490953,2.5736659,2.476756,2.3919172,3.204856,2.1960425,2.4675846,2.4900904,2.6192973,2.382122,2.4313374,2.3907213,2.159363,2.1687894,2.5625446,2.5983338,2.1094565,1.5806843,2.619103,3.7781167,2.2526455,1.8248956,2.3027046,2.2299066,3.0669215,2.6530256,2.7140949,2.2889295,2.001598,2.7296379,3.112602,1.4668489,3.5442498,4.0961056,2.2404945,2.660462,2.3449101,2.480131,2.3400311,2.277945,2.541474,2.130799,3.922345,2.3449101,2.3058453,10.067037,0.84334236,2.5338845,2.302042,2.4354036,2.5351105,2.808924,2.3082104,2.5617812,2.8008578,2.864177,2.1241772,2.1397476,2.2800102,2.6008134,2.6340525,4.1765227,2.1262486,2.2784877,1.4245056,2.5406108,2.3754706,2.2020652,2.1209447,2.3089397,2.0677488,2.8131318,1.2831056,2.455853,1.6766045,2.3329616,3.5409825,2.2063723,2.6502814,2.5706456,2.6993551,2.2524323,2.5096693,2.2691555,2.1966753,2.7305555,2.2870355,2.2140417,2.558698,2.7439969,2.0824242,1.0592797,2.301466,1.0534527,1.9185553,1.9137706,2.2653222,2.405017,2.127752,1.2457376,3.7882426,3.0025296,2.188932,0.65213275,2.2141001,3.1730459,2.226764,2.251508,2.0747662,2.2078204,2.1438801,2.465161,1.7656668,2.1743007,2.342905,2.2954369,2.3977516,2.1246545,1.114104,2.4979627,2.2156465,2.0387058,2.7107184,2.3001254,2.1811385,3.4605215,2.247328,2.5960572,4.809265,2.8345602,2.358909,1.8911941,1.4670866,1.9767187,2.8356311,2.1395266,2.0868702,1.1207569,2.1303592,1.5266813,2.177966,2.7212682,3.0046785,2.4571576,2.764564,3.408121,2.1768816,2.3576212,2.5218427,2.4027169,2.7280006,2.1588864,1.161456,2.327978,2.5285597,2.2063417,2.3192694,4.064797,2.898371,1.4815395,1.5423052,1.4205124,2.3631222,2.0326865,2.2189045,3.8312628,2.825935,2.9462173,2.4341614,5.279518,2.365378,3.7991397,3.765216,1.23514,2.943553,2.533526,1.8655264,3.0630798,3.2470243,3.305169,2.1651533,2.1436572,3.2211282,2.4392762,2.6642263,2.2977722,2.1715841,3.562315,3.8835793,1.1760645,2.4255917,1.4681901,2.126416,2.279284,3.0808988,2.8188722,2.4903057,0.97419554,2.071042,2.197381,2.4480045,2.8991258,4.0094743,3.3560677,2.0911434,0.44437084,2.9913733,3.7509642,1.228644,1.891699,2.2680163,2.0877717,4.1716986,2.9826274,2.5209115,2.266527,2.4357104,2.385317,2.3889363,4.179264,2.4541605,2.474289,2.7532814,4.3803797,2.7214863,2.5097618
2.3346155,2.3968089,1.6042594,3.1942565,0.9338637,0.40437222,2.1186602,2.2687182,1.8145316,2.4872124,2.0371256,2.3055117,2.79734,2.2740111,2.152657,2.8919752,1.9864048,0.8545689,0.95164645,3.462493,2.379614,2.258826,2.3829327,3.4552197,5.311497,2.2633193,5.28443,3.369162,2.3789618,2.5994802,2.3811765,2.4922552,2.439748,2.289021,2.449223,2.4172027,1.8340079,2.5738466,4.7350535,2.123,2.4017584,3.792466,2.134195,2.2744448,2.9642472,2.213784,1.8544596,2.314516,2.4550867,1.697666,2.1182034,2.57034,2.5492578,3.270805,2.5020049,1.7628849,2.207119,2.2717805,1.0327897,1.4151666,2.6099572,2.5572493,3.3276286,3.467453,3.2974308,3.90841,1.3363863,2.177156,2.188112,2.3530054,3.5715892,2.5142608,2.4011402,2.7756345,2.6110752,2.4745028,2.5297203,2.1234448,2.2783406,2.2923884,2.0274198,2.4077618,2.2149568,1.9473039,2.7146409,3.429061,2.3592126,2.288687,2.7424047,2.401338,3.3053186,2.2977808,2.3383079,2.3905752,2.0166564,2.7927697,3.1082902,2.011773,3.7500548,4.3348694,1.978417,2.4178483,1.8843925,2.5693095,2.3644426,2.3630822,2.4624026,2.3529074,3.510932,1.8843925,2.0511317,9.971612,1.2785279,2.3519826,2.522516,2.5116742,2.627135,2.7838693,2.0155137,2.5384762,3.0324855,2.9927619,2.4307444,2.256333,2.3684878,2.6681108,2.6705902,4.3321214,1.8301315,2.4960027,1.1439795,2.4644203,2.3180265,2.3156662,2.191251,2.4344418,2.1054413,3.1166954,1.1738371,2.2267158,1.6896437,2.3839192,3.7864895,2.1836853,2.7124536,2.8296149,2.7082398,2.2262113,2.8891149,2.151424,2.2753775,3.1229742,2.3839755,2.38644,2.1971097,2.7212493,2.3148139,1.0846931,1.849132,0.48841396,1.7459326,2.1254985,2.4274585,2.7820683,2.5473225,1.4391692,3.7014472,3.2687404,2.5555787,0.9577916,2.3270557,3.3724885,2.3394911,2.3062239,2.2525496,2.3639348,2.2499878,2.163352,1.845123,2.2555,2.3008256,1.8558549,2.3313808,2.5044937,1.6435345,2.6595821,2.3232896,1.7707859,2.666845,2.6491666,2.4289153,3.4558952,2.3510547,2.703584,4.5925837,2.9636443,2.3445597,2.2760181,1.3853304,1.6290104,3.1787956,2.3251095,2.5105438,1.4404677,2.6040332,1.616108,2.3236294,3.04703,3.3671312,2.0365598,2.883275,3.577526,2.2530737,2.4040627,2.6618102,2.7985961,2.5383055,2.511183,1.3884536,2.3288224,2.7211032,2.400153,2.4894803,3.7407243,2.6625433,1.3258212,1.9304897,1.0134735,2.0061924,1.8756812,2.3075135,3.6893601,3.116582,3.310301,2.586531,5.3578205,2.3432987,4.0007086,4.013038,1.4092346,3.353611,2.4511068,1.6706198,3.4670863,3.3151805,3.6166751,1.8206259,2.191326,2.9107473,2.7072046,2.885977,2.225608,2.516521,3.2240582,3.720448,1.0577661,1.9323883,1.8759483,2.194695,2.6739135,3.4704285,3.1888585,2.4953623,0.49850038,2.5140142,2.4647114,2.5569124,3.0603456,4.2347426,3.1619904,2.033187,0.9570219,3.346521,3.4018023,1.1482714,1.9302725,2.632099,2.226284,4.3260584,2.9250584,2.5883868,2.4242473,2.4129903,2.495111,2.4953694,4.0645514,2.371141,2.8716567,3.0577254,4.5320454,2.2775755,2.5412526
0.86121255,1.8342925,1.9579762,3.5525653,2.8881922,2.6041307,0.6452577,0.85238624,1.1215596,1.537299,0.7360118,0.78135073,2.52214,0.831744,3.8431664,1.6612165,2.551785,2.4172723,2.9934173,2.560452,0.89205223,1.6344699,2.3547237,3.2527156,5.074075,0.79649246,5.035389,2.599431,0.88834786,2.5398033,0.68989533,2.2046862,1.2047741,2.8247592,1.1632493,2.1546252,1.5287647,0.8286804,4.322743,1.5125301,0.7445272,2.530372,0.76067036,0.64327323,3.0149724,2.6864507,1.7558497,0.89256376,1.2192239,1.2509452,0.7534208,2.5567627,1.8919195,2.0838711,0.7457268,3.3227077,0.6393127,1.1757858,3.2082133,3.1536405,1.0458037,2.083899,2.086644,2.287066,2.9738603,3.560951,2.2962384,1.3497821,1.482443,0.6449803,4.84571,2.1262734,0.602768,1.7954869,2.8463702,1.1947585,1.0173392,1.123254,1.0867555,1.1286825,2.2447166,0.810317,0.9219629,3.5067282,0.9910177,2.606302,1.1543393,3.1879003,2.5827036,1.1441455,2.3555403,1.3345981,1.4389299,1.1679862,0.71833473,2.7364984,1.982663,2.5858867,2.7386332,3.617924,0.7627582,1.0161185,1.6408147,1.3528967,0.5631008,0.777103,0.6045484,1.3468131,2.9278438,1.6408147,0.69399256,10.022682,2.970957,0.80712396,1.5396384,0.86483836,1.1378037,1.1228297,0.76753026,1.7094824,1.8834103,1.5041738,2.525363,1.0435456,1.0621772,1.2803869,3.258131,3.730091,1.4415619,1.4357816,3.2316337,0.6433516,0.57892674,0.9105207,0.8139694,1.2867508,0.75010866,2.2290936,2.2239728,1.2976978,2.9099646,0.93645144,3.0571392,0.6699458,1.2183442,2.9161246,1.3926107,0.6469969,2.1903443,0.12346633,0.91554934,3.5775833,0.85339373,1.1181383,1.1861125,1.238044,1.3185521,2.7401614,3.678073,2.1945505,3.3766289,2.8775525,1.1512126,3.1814115,2.7549844,1.7697358,2.4228406,2.306759,3.9642322,2.582131,1.1387866,2.4436727,0.9231066,0.805333,1.3704205,3.233184,1.0091964,0.87187004,2.3951578,0.8551801,0.61495924,1.3632935,0.5597641,2.378794,2.2908053,1.2991301,1.1133287,2.2196198,0.868455,2.1174219,1.459583,2.1383057,0.8717196,1.2723132,3.408841,2.56327,0.70813686,2.8355389,3.3146718,3.6327872,2.479265,1.1894432,2.8644922,1.6999702,2.468933,3.5653799,3.002561,2.2747667,2.681394,1.8407735,1.2553054,3.4655778,0.82746464,0.82410663,1.234688,2.6555834,1.6569452,2.0016396,2.621903,0.7511525,1.4498402,1.2240344,1.3960639,3.030142,1.3890452,2.767079,2.8023915,3.1015086,1.0635307,0.7229593,0.95856464,2.2861896,1.9811754,2.7046103,3.324618,5.123443,2.6935258,3.513203,3.3230405,2.2261562,4.562194,0.63360584,3.6722884,2.8446388,3.546538,2.616227,1.2756779,2.856873,1.8283567,1.7998135,1.6775647,0.4005026,2.2055032,2.2707775,2.4120383,3.1144586,1.8607429,3.232713,0.8371291,2.3100464,3.3417559,3.8653176,0.7792656,2.1675086,2.209284,1.5711113,1.0899458,3.106829,3.932899,1.7503599,0.613099,2.712566,2.8857007,2.5616903,1.6150889,2.9369712,2.8803027,1.2655586,4.074386,1.3346125,1.0725578,1.0925933,0.7114832,1.0283045,1.3574241,2.7660406,0.5447049,2.4733875,3.3238208,4.130464,1.6275628,0.88269585
0.8669818,2.384491,1.7896488,3.3715715,3.0384345,2.8593419,0.6390815,0.50932544,1.6153802,1.0490769,0.6618577,0.53976566,2.2986102,0.5942505,3.9510186,1.515901,2.404998,2.654007,3.3202133,2.4356205,0.7028559,2.0795238,2.2084494,3.2327793,5.376398,0.7043015,5.276006,2.375774,0.690814,2.5434446,0.49141473,2.6529367,1.1016744,2.7893116,1.0688468,1.8121395,1.9639523,0.9224639,4.1105647,1.4951688,0.54009163,2.3938713,0.64637566,0.5578489,3.0308228,3.1718972,2.2332656,0.79872334,1.1841543,1.7219409,0.6154044,2.4671633,1.6763368,1.5127366,0.7738847,3.362172,0.46341354,1.3828142,3.4891124,3.3536098,1.0795184,2.0559142,1.6537898,2.0538042,2.6290476,3.563078,2.7564802,1.9401251,1.8248858,0.47818634,4.82616,1.9793438,0.57152796,1.4284377,2.9977312,1.1135284,0.9443319,1.4963931,0.9349716,0.9794619,2.739178,1.1777076,0.6935442,3.536827,0.7461552,3.1210306,1.0355991,3.196213,2.3763318,0.93755984,2.2166452,1.9149446,2.0229557,1.0631019,0.67217654,2.8145669,2.0304403,2.4319437,2.710067,3.6000628,1.266302,1.567743,2.171392,1.3056861,0.43026513,0.5646709,0.64406544,1.1468979,3.479795,2.171392,1.1277469,10.406285,2.983928,1.3046631,1.3715876,0.7494712,1.110143,1.2781932,1.3632401,1.9453458,1.6937859,1.4148706,2.4508474,0.883192,0.9903045,1.3284714,3.4805052,3.807651,1.8096201,0.95540416,3.547323,0.68332297,0.4686767,0.73725504,0.6201041,1.1703147,0.57219,1.8523242,2.3344994,1.6416595,3.1557624,0.87514496,3.0127094,0.5068622,1.2306423,2.9191494,1.3107619,0.45121914,1.8413795,0.6878958,0.7858607,3.4222298,0.6063853,0.8952676,1.7753489,1.2204701,1.083669,2.9032557,4.081161,2.5144775,3.6898212,3.054864,0.84983045,3.2062616,2.7089312,1.7687984,2.6556823,2.1076658,3.9606125,2.6959648,1.0121691,2.4184651,0.663845,0.63712776,0.98209906,3.3472764,0.87711036,1.3801352,2.6326058,0.6266219,0.44040504,1.8789501,0.49147326,2.1985016,2.167444,1.1402733,0.9860011,2.6128993,1.0336818,1.9161729,0.98376554,2.3427646,0.6127506,1.2432292,3.746685,2.5533454,0.45074642,2.8848572,3.5910304,3.9922647,2.1179795,0.7400627,2.8457139,1.6288283,2.2309427,3.7861092,3.1464937,2.0680776,2.4812303,2.276809,1.0525779,3.3448026,0.7255946,0.7433788,1.0451334,2.5071394,1.9414697,1.7737346,2.8286014,0.46533749,1.276628,0.8129592,0.9671276,3.5509503,1.87612,3.114525,2.8121896,3.4258254,1.6568836,1.0562488,0.6033939,2.5726182,1.5943962,2.2464654,3.4297,5.352888,2.8577654,3.294642,3.3109305,2.1849656,4.492456,0.69429755,3.9943867,2.5689838,3.7687135,2.3868105,1.6922171,3.0319293,2.3260036,1.5736238,1.4463876,0.713193,2.0076103,2.7850807,2.7261393,3.3985353,2.3902984,3.3357143,0.6529577,2.0782166,3.1602113,3.7506273,0.7936327,2.4660332,1.8410283,1.0999272,0.9156843,3.200096,3.9971235,2.1220074,0.75595236,2.8153546,2.4713519,3.0765798,1.933224,3.2194839,2.8965573,1.2414377,3.960914,1.5524977,1.0226237,0.8846854,0.53425276,0.84967726,1.2800367,3.0162332,0.565331,2.2993486,3.117379,4.2560935,2.2238808,0.85842216
1.832243,0.74065226,2.6366475,4.1828856,2.8737857,2.3464484,1.6417964,1.9622148,0.7171214,2.633939,1.7301052,1.8989819,3.411975,1.9338781,3.870115,2.6521485,3.166466,2.3403776,2.5516796,3.3988814,1.8638909,1.0954514,3.1095166,3.8585215,4.8927045,1.8734747,5.129058,3.4924057,2.007779,2.9558663,1.7472742,1.5822237,2.1458688,3.3849583,2.1321619,3.102879,0.9628578,1.6478853,5.0090313,2.2663128,1.9323155,3.4561172,1.7812539,1.7700329,3.5551083,1.6929932,0.90662247,1.7854223,2.1496189,0.7773829,1.7967457,3.2238972,2.8248732,3.2968848,1.772056,3.4937754,1.6609676,1.5568284,2.7854195,3.0658193,2.0131745,2.7335436,3.2681973,3.3214211,3.8575053,4.122734,1.6753453,0.41560084,1.3067176,1.6896592,5.106307,2.9475033,1.6042649,2.8845906,2.9276652,2.1292973,2.076474,1.0940965,2.083996,2.1126392,1.2291241,1.2099414,1.9968214,3.6818109,2.1694229,2.011361,2.1108112,3.6028187,3.4332178,2.233088,3.2267601,0.6666895,0.66427916,2.1144564,1.686426,3.0150185,2.5204346,3.2504175,3.4987206,4.2696266,0.7957995,0.9622821,0.6874843,2.2140565,1.7637426,1.9479747,1.5749794,2.3744826,2.116693,0.6874843,0.8868591,9.671402,3.1575415,1.127671,2.5128877,1.9892229,2.1323264,1.9041545,0.54457396,2.0899236,2.88854,2.4932883,3.1317306,2.0576236,2.030046,2.1419926,3.236498,4.182354,1.2217497,2.5532608,2.7642014,1.591974,1.6132836,2.0212295,1.8875062,2.2201674,1.789497,3.2761323,2.2415812,1.3239094,2.7840662,1.9235786,3.7673478,1.6842014,2.1351483,3.3973691,2.171221,1.6874148,3.2467914,1.2113607,1.946718,4.1673036,2.0133555,2.2231314,0.4529613,2.0155208,2.3723407,2.665817,2.8950284,1.7941818,2.9626026,3.0421085,2.2601519,3.6584105,3.3810933,2.2455187,2.7012317,3.248275,4.1920996,2.6760335,2.1055915,3.1940203,2.050871,1.8868518,2.3742378,3.3521097,2.017599,0.6958962,2.489671,1.9463459,1.6625314,0.45520604,1.5843798,3.1740658,2.9059272,2.3590093,2.0859387,1.8560333,1.7377737,3.036597,2.5793614,2.6114013,2.0195227,2.2381136,3.2822104,3.066727,1.7725692,3.2704766,2.9917123,3.0020432,3.4876125,2.3183677,3.4299998,2.3236787,3.360913,3.3684654,3.143233,3.23574,3.6201491,1.1740904,2.3666945,3.9562035,1.8994546,1.8925295,2.314915,3.4290884,1.7223337,2.9384544,2.69185,1.8169006,2.4990606,2.3583791,2.4591582,2.4436946,1.3009686,2.4296837,3.1782613,2.5733588,0.33779863,1.1932479,2.0494022,2.4688563,3.1152089,3.7491446,3.4674842,5.234484,2.7461216,4.1867995,3.9913893,2.5603864,4.90754,1.5668374,3.1863298,3.8369453,3.6089013,3.617036,0.9271677,2.901954,1.4256215,2.7906725,2.7276688,1.4051136,3.0471795,1.7289598,2.4979713,2.7897348,0.841417,3.4247978,1.8927507,3.219343,4.0964355,4.349608,1.8065588,1.8497792,3.2029903,2.6745286,2.161216,3.4296947,4.3913503,1.8335029,1.4778996,2.8338132,3.8542094,1.9696598,1.6694987,2.8278217,3.406272,2.1365805,4.5506153,1.941722,2.0681353,2.199554,1.7595198,2.12385,2.2318847,2.9547038,1.5347171,3.3541012,3.928218,4.477668,0.49681488,1.9126434
1.110524,2.81786,1.3318467,3.060136,2.8029752,2.7326682,0.86183435,0.48432633,1.9499257,0.40313017,0.7578648,0.68571144,1.9739488,0.6762413,3.7047706,1.5951856,2.0168548,2.528956,3.257547,2.415667,0.8322879,2.414085,1.9679273,3.1448684,5.613556,0.97121215,5.4983883,2.192025,0.8426606,2.3801043,0.78815454,2.9551704,1.1656665,2.5340018,1.1702868,1.2550862,2.2230961,1.3215675,3.853732,1.5204736,0.8453719,2.544212,0.7580029,0.8596331,2.9170952,3.410692,2.513522,0.9456358,1.3975981,2.0081604,0.7099235,2.311938,1.5304221,1.1146272,1.240429,3.0538166,0.70820576,1.6136402,3.3631456,3.1623058,1.4224888,2.0839474,1.4429936,2.0825827,2.150788,3.535255,2.9415808,2.4289615,2.0824997,0.80501974,4.51806,1.8362403,0.9741262,1.1210794,2.9366527,1.2175382,1.2173122,1.8158841,0.93068993,0.96441305,3.0129702,1.6341326,0.6745989,3.2186935,1.0643299,3.6752868,1.0685861,2.9451592,2.038545,0.9637641,2.1928988,2.430369,2.5381331,1.1177084,0.78231657,2.7366178,2.195033,2.0140533,2.8588226,3.666958,1.6717149,2.109318,2.5098143,1.4139974,0.853088,0.8016733,1.0882492,1.0501157,4.0203633,2.5098143,1.5333039,10.749731,2.5958214,1.8500346,1.2999536,1.0586644,1.4104323,1.7612915,1.8401798,2.2652075,1.7559392,1.6781164,2.2894309,0.8813941,1.1131783,1.6550876,3.4480333,3.9212978,2.0141847,0.38828158,3.459124,1.1054863,0.83915174,0.9114452,0.686094,1.1869674,0.6331523,1.5096781,2.1070685,1.9355721,3.0580022,1.0663741,3.0406146,0.701049,1.5784429,2.7507493,1.4195904,0.6912535,1.4792014,1.2149603,0.88688,3.1179264,0.82871455,0.9233227,2.28236,1.4486607,0.94715965,2.6736083,4.094861,2.4824455,3.6176078,2.9651914,0.7588827,3.0365322,2.4921606,1.4814724,3.1316268,2.0263767,3.6355765,2.4212348,1.030358,2.5137055,0.7188421,0.8006188,0.4400844,3.1490803,0.9156324,1.8339891,2.6184707,0.682812,0.7653428,2.2343342,0.88651496,1.9498255,1.7466862,1.2697576,1.0127327,2.824681,1.559559,1.7419851,0.38620895,2.764999,0.7234918,1.5180508,4.300773,2.4663475,0.6974433,2.7044904,3.4629772,3.9461303,1.7330607,0.23543793,2.635082,1.2705772,1.8550556,3.6242425,3.0128937,1.9776129,2.3671675,2.53746,1.325314,3.0833287,0.9645657,1.0842912,1.2313886,2.232116,2.2057464,1.549486,2.7192333,0.6449653,1.365213,0.48143816,0.53368366,4.062929,2.4276347,3.1151752,2.4991903,3.355914,2.1273944,1.333809,0.48429146,3.111248,1.3702706,1.8142303,3.243397,5.560604,2.7848039,3.031613,3.3819776,1.7977442,4.1348953,1.1192915,3.9046512,2.368954,3.8159811,2.3587713,1.9587452,2.9253368,2.8826113,1.4191178,1.4268246,1.223635,1.78588,3.3490417,3.2630935,3.2866333,2.7165384,3.1099427,0.70908296,1.8232054,2.856624,3.4520688,1.2366107,2.408497,1.2884896,0.4805634,1.057207,3.1398995,4.0349126,2.6867018,1.014322,2.536601,2.0672328,3.632528,2.0185032,3.199406,2.7406688,1.3549594,3.7568486,2.0548742,1.3467758,0.9562957,0.8350539,1.0700258,1.327826,3.519676,0.99720347,2.1039271,2.7950358,4.378662,2.7064662,1.2593523
0.79601204,2.1091678,1.7628342,3.370488,2.8507948,2.6285384,0.5429839,0.6152148,1.3396779,1.2507077,0.5870648,0.58649457,2.3369596,0.6344247,3.7847564,1.5395696,2.3692415,2.4340856,3.060603,2.4646175,0.76403874,1.8510627,2.1782947,3.1819313,5.2133174,0.6252064,5.115597,2.456882,0.7129562,2.4947116,0.55064464,2.4183567,1.0988097,2.7013578,1.0564986,1.9111536,1.7188172,0.87152326,4.2058563,1.3918624,0.5449527,2.4292789,0.6081595,0.49582055,2.946847,2.90059,1.9682618,0.80591214,1.1088123,1.4502991,0.58052427,2.4119253,1.6932749,1.7860736,0.67719537,3.2292216,0.47156885,1.2575572,3.2529113,3.1531487,1.0023592,1.9776273,1.8513924,2.1274302,2.7669246,3.5155811,2.4435632,1.6289421,1.6405501,0.51574606,4.7298746,1.9558319,0.5530718,1.5685644,2.8773925,1.1022651,0.9024011,1.2963003,0.93676794,0.9826772,2.4660106,0.99875236,0.7210547,3.4093592,0.81612116,2.853473,1.0329136,3.0813572,2.4035637,0.9568156,2.2511675,1.608391,1.7165271,1.0566018,0.5847508,2.735564,2.004373,2.3995643,2.6849036,3.573991,0.99476355,1.2877829,1.8819075,1.2863157,0.3895782,0.5760746,0.6038984,1.1622293,3.1929908,1.8819075,0.8929673,10.177614,2.8705447,1.0279069,1.3886198,0.7339352,1.0529728,1.1556599,1.0519159,1.7535871,1.7278326,1.4134449,2.385508,0.8851215,0.9600203,1.2342796,3.307358,3.7395515,1.5901612,1.1561226,3.2958302,0.643807,0.46725994,0.7124835,0.6247007,1.1715835,0.5599698,2.0137212,2.1980164,1.4549192,2.9488895,0.84603494,2.9957628,0.50817996,1.1585466,2.8553417,1.3432944,0.47333974,1.9597517,0.37397543,0.77312225,3.4050312,0.627538,0.9173593,1.4674853,1.2252904,1.110783,2.72979,3.803856,2.2652264,3.452254,2.8760583,0.9388119,3.1055017,2.6399982,1.6733423,2.5175269,2.171579,3.8526773,2.5354846,1.0087943,2.3903759,0.7161159,0.6467591,1.120179,3.2179148,0.8624895,1.1269299,2.4296937,0.65974516,0.4675198,1.5979037,0.47302428,2.190034,2.1153853,1.1566696,0.9828327,2.3316743,0.90300477,1.9275539,1.1658064,2.2161093,0.6617155,1.1926364,3.5766563,2.5238278,0.5349461,2.76161,3.3581312,3.7266166,2.2653997,0.9038584,2.7595983,1.5532613,2.2642932,3.5663345,3.0016773,2.0999117,2.5176964,2.0387456,1.1069548,3.3809664,0.65192413,0.6805013,1.0671201,2.5096848,1.7916213,1.7946782,2.616779,0.56241053,1.2983706,0.9611877,1.1494693,3.289989,1.6136172,2.8501508,2.7148855,3.1725817,1.3393819,0.8303998,0.72707504,2.4202845,1.758542,2.42612,3.3103151,5.1980467,2.724691,3.3960721,3.2722611,2.1181555,4.422325,0.6442417,3.7421975,2.6420949,3.603498,2.453345,1.454255,2.8779387,2.0655634,1.6296556,1.517442,0.4546756,2.0107772,2.520171,2.5582764,3.155139,2.100861,3.1716201,0.65768886,2.104055,3.1980414,3.71042,0.701188,2.225917,1.9503639,1.2835745,0.9510961,3.1003165,3.917685,1.9248616,0.5958968,2.6502311,2.622962,2.8094575,1.66317,2.991821,2.8004432,1.1436378,4.0060954,1.4104239,0.9690627,0.9048395,0.5884988,0.84994084,1.27016,2.879103,0.51684904,2.3057563,3.1373105,4.155612,1.9134616,0.7892633
0.75223255,2.1100452,1.9410946,3.4857233,3.0060878,2.7810183,0.6142329,0.7236581,1.381206,1.3774198,0.69092983,0.63459367,2.368688,0.68863785,3.9270117,1.4571284,2.521409,2.550018,3.184925,2.3884895,0.83230364,1.8651874,2.2617643,3.14293,5.116462,0.65069795,5.002787,2.4307742,0.6988492,2.5372384,0.621071,2.4151642,1.0772425,2.7689817,1.0190238,2.0227365,1.7849478,0.8094911,4.206818,1.4473553,0.5089385,2.3131418,0.6894006,0.48763797,2.9353762,2.9585354,2.0317445,0.8693151,1.0800189,1.5123569,0.67121077,2.4779403,1.744507,1.8415626,0.6146127,3.3905263,0.6322422,1.2722394,3.4029603,3.267331,0.87448746,2.018539,1.8237889,2.0514388,2.8411844,3.4509037,2.514599,1.6148932,1.6769277,0.6018778,4.8594084,2.008357,0.58305794,1.5909026,2.9138715,1.0652905,0.8158539,1.3286374,0.95763737,1.0012823,2.5261292,0.94808906,0.78464603,3.5698915,0.72633964,2.7636023,1.0312989,3.169246,2.4432678,0.94649255,2.179627,1.5701666,1.6789203,1.044567,0.6960343,2.754855,1.934559,2.5322986,2.5668175,3.468195,1.0159141,1.1810354,1.9181007,1.236213,0.34292746,0.5600645,0.5872285,1.174048,3.1196668,1.9181007,0.95364946,10.067155,3.0543664,0.934607,1.371981,0.6418727,0.95224106,1.0233736,1.0423747,1.7123613,1.6731488,1.2919675,2.4734643,0.9123843,0.9318569,1.1431953,3.3261774,3.6326692,1.6510994,1.2632594,3.4268365,0.6246645,0.5678261,0.72470003,0.69570065,1.1574013,0.6846217,2.0345418,2.3752098,1.4581097,3.0269246,0.81381166,2.90595,0.65306807,1.0636631,2.8693519,1.327863,0.62157166,1.98898,0.35250843,0.7868889,3.5208106,0.64634854,0.9160075,1.444522,1.1762477,1.1414983,2.87791,3.9210076,2.4121802,3.5488677,2.9122977,0.96145535,3.1244376,2.6712384,1.8143218,2.3938293,2.113971,4.004404,2.6858878,1.0143145,2.2898388,0.7388004,0.6684148,1.2660708,3.2899048,0.8809403,1.1322669,2.4612186,0.71567684,0.5885303,1.6564909,0.5576317,2.2733974,2.2685308,1.0846334,0.98918676,2.3956888,0.7720791,1.960281,1.2860492,2.0530386,0.6755639,1.0876971,3.4486754,2.5208435,0.64180034,2.8053086,3.4754713,3.8502707,2.296665,1.021743,2.796282,1.705156,2.3241637,3.698429,3.0493402,2.0825841,2.4835172,2.0900664,1.0114074,3.4291182,0.68120545,0.66882133,1.0229318,2.533069,1.7661071,1.8503007,2.7005384,0.676201,1.2345133,1.0369923,1.2517971,3.1666787,1.5130594,2.926018,2.8128183,3.315289,1.3384918,0.89729816,0.8283946,2.2831628,1.7411481,2.5296304,3.3704312,5.086802,2.7766924,3.421126,3.1734526,2.3045785,4.563316,0.6276816,3.8589745,2.6389098,3.5705636,2.3907676,1.5250404,2.9347088,1.9857259,1.6177226,1.4605082,0.41699046,2.0887473,2.4282482,2.429218,3.2810879,2.1395624,3.2733216,0.7263921,2.1601932,3.2134993,3.8351254,0.64056045,2.370796,2.0566857,1.4016374,0.89667505,3.087285,3.8372774,1.8049785,0.6682158,2.8046124,2.736163,2.7197561,1.7463634,3.0337949,2.81564,1.1627803,4.0230227,1.27274,0.9085811,0.88543963,0.63628745,0.8315226,1.2435424,2.7459764,0.5575929,2.3108883,3.2816706,4.053304,1.8970767,0.72219867
1.7761513,3.9683235,2.0839767,3.3572521,3.2004607,3.3880363,2.0250366,1.8862208,3.0486534,1.6729819,1.9241002,1.8267418,0.5359507,1.7618797,3.9342122,1.1799563,2.4657335,2.7720973,3.7267864,1.1441523,2.1291907,3.4221053,2.089993,1.6730669,4.9352584,2.0645,4.5085692,0.9310495,1.6222831,2.0666108,2.2214353,3.664055,1.4970567,1.8840675,1.4709679,1.127004,3.3499467,2.3287635,2.8294015,2.1765406,1.8160784,1.9934651,1.8956093,1.8650441,1.6505303,4.361021,3.6567888,2.1625845,2.0418804,3.1149561,1.8717304,2.449558,1.8983148,1.7886221,2.3830004,3.4363503,2.3455563,2.5034919,3.9628246,3.1017828,1.8122705,2.6526723,0.8990236,1.5791922,1.543497,2.070596,3.6984048,3.5953417,3.1034296,2.297155,4.5361056,2.0219316,2.3459613,0.8222297,2.763223,1.5233625,1.7333478,2.9476194,1.5001918,1.474111,4.1040163,2.697267,1.6496574,3.5602248,1.8705008,4.5329766,1.5053571,2.5526938,0.65224296,1.385834,1.0302261,3.536893,3.6427372,1.5104371,1.9852698,2.3843453,2.1957219,2.0100317,1.9584529,2.2812972,2.8415473,2.9611824,3.5726676,1.5251497,1.9578296,1.7356894,2.3683758,1.1755613,4.904106,3.5726676,2.9375257,10.16208,3.0554025,2.8530526,1.0180184,1.7343497,1.8551825,2.5259433,2.999822,2.8725467,1.7023844,1.7919127,2.6680498,1.5259084,1.5574554,2.1625452,2.9127405,2.685103,2.976117,1.5726177,3.9244075,2.3439186,2.374852,1.8320636,1.7796141,1.4036394,1.9617581,0.864259,3.0367115,2.8110638,2.9316366,1.7187122,1.6734741,2.2469556,2.1926725,1.7152811,2.0327249,2.2892022,0.41782182,2.465912,1.65985,3.379269,1.9311122,1.4574863,3.4591873,2.1109018,1.2442383,3.053604,4.7454653,3.3703475,3.7490048,2.3458176,1.3863484,1.8932141,1.4195746,1.9772482,3.68916,0.80405796,3.8843417,2.7013164,1.4913759,1.4901949,1.5959955,1.7877523,1.7938554,2.6880512,1.5526305,3.0876043,2.3130965,1.7317915,2.3416784,3.5216982,2.3924532,2.1373692,2.0279503,1.3891839,1.5156789,3.7151492,2.5177486,1.6183863,1.6060301,2.731707,1.6395229,1.7951357,4.9949,1.9179062,2.2386503,1.8839828,3.6272874,4.4513535,0.8095019,1.6493667,1.6436698,1.7908432,0.88859785,3.8902988,2.4632714,1.5411685,1.3492249,3.5785463,1.9026312,2.6570628,2.0321507,2.1892009,1.8746817,0.8142631,2.8014848,1.6244274,2.619455,2.1877713,1.3597518,1.4465427,1.6823583,4.3720536,3.3276935,3.2479098,1.988608,4.0416856,3.3076172,2.466946,1.8340659,3.789862,0.73812157,2.417113,2.6937823,4.518604,2.7323122,2.5122528,2.1160316,2.5987248,4.2089148,2.3654227,4.165026,1.6159005,2.9684017,1.6309311,3.1388242,2.6572392,3.9034534,0.74875593,0.9815033,2.4337568,2.0977995,4.258084,3.9573023,3.6124294,3.7613666,2.8436005,1.7793021,1.708401,1.2924914,3.750497,2.3359149,3.2094517,1.1252366,1.521487,1.496657,2.2019806,2.6508799,3.5752072,2.1792517,2.833653,2.7424867,4.5026565,2.6361718,2.8830466,1.6485665,2.0029967,3.1394517,2.765381,2.1701238,1.4568834,2.1964095,1.9605637,1.469328,4.0740237,2.4174743,1.1044385,3.5723162,3.141883,3.8316126,2.2481182
0.725135,2.1570203,1.8856044,3.4279213,2.9658422,2.7556112,0.59659636,0.68960536,1.4108082,1.3295927,0.65869194,0.59975904,2.3047197,0.64887744,3.8799994,1.4077313,2.461732,2.5181594,3.1634886,2.3477573,0.8320012,1.9041387,2.1961668,3.0938506,5.119518,0.5909294,4.979132,2.3894243,0.6486703,2.5147653,0.6278896,2.4466934,1.0438014,2.7042227,0.9806786,1.9627705,1.815226,0.8383694,4.1814575,1.3906796,0.4432527,2.2696187,0.6598555,0.4443353,2.8827531,2.9872737,2.0640934,0.8723225,1.0263928,1.5383037,0.63560283,2.4168997,1.6796131,1.7926016,0.58989376,3.3417785,0.63402086,1.2921929,3.3823812,3.230616,0.8371653,1.969278,1.7715613,1.9969156,2.7992127,3.4100783,2.5065656,1.651756,1.7094145,0.6139794,4.803593,1.9440558,0.60915446,1.5363584,2.9027112,1.0337081,0.7614092,1.3646535,0.91415817,0.9585971,2.5584738,0.9925861,0.73703045,3.5203433,0.67584115,2.7927246,0.99484146,3.1073515,2.380024,0.88208497,2.1379838,1.6041481,1.7143793,1.0098209,0.66951376,2.7393048,1.9375333,2.4669256,2.5255551,3.4292793,1.0514686,1.2142112,1.9506879,1.2095257,0.29355922,0.49778834,0.62092125,1.1100942,3.151783,1.9506879,0.9969591,10.057535,3.0115097,0.9552384,1.3172626,0.59084505,0.9042117,1.0109557,1.0794417,1.687006,1.6156508,1.2490282,2.4162014,0.86725885,0.8946096,1.103348,3.303747,3.6052752,1.671929,1.2154784,3.4068468,0.6553999,0.5859214,0.6564048,0.654947,1.1200657,0.6545928,1.9888802,2.3605115,1.4863484,3.0001328,0.78665465,2.8647614,0.64955163,1.0255514,2.8293667,1.3299099,0.62104464,1.9261248,0.3803602,0.7478333,3.4627712,0.58115935,0.84814024,1.4824425,1.1857771,1.073477,2.8514447,3.9175444,2.4015896,3.5312376,2.8697631,0.90876657,3.0677714,2.6092372,1.7773932,2.3938382,2.0681832,3.95195,2.6485145,0.9750483,2.2501614,0.6860576,0.635187,1.2265396,3.2594433,0.8363344,1.1807469,2.4283693,0.6740488,0.59876573,1.6935486,0.5805997,2.2082887,2.2077196,1.0291183,0.95057887,2.3838654,0.76637304,1.891992,1.2297133,2.0410037,0.6206192,1.0406483,3.468707,2.4996705,0.6433906,2.748187,3.4489095,3.8372219,2.2486207,0.96772754,2.7346396,1.6546152,2.2550545,3.6605287,3.0177958,2.0179875,2.4202838,2.1226268,0.96487767,3.410602,0.6197527,0.6208161,0.96602166,2.475387,1.7898313,1.7811482,2.6560502,0.67144585,1.175691,0.98172957,1.2159493,3.1948383,1.5357752,2.9022994,2.7649531,3.300367,1.3728344,0.911031,0.79541016,2.2955146,1.6879374,2.4750292,3.3411715,5.0622306,2.764718,3.4026215,3.129735,2.2750535,4.506144,0.66001517,3.8378675,2.5725715,3.5460777,2.333317,1.5549396,2.9121416,2.0161867,1.5627662,1.4089881,0.40942788,2.0244434,2.4594448,2.4425914,3.25277,2.1719208,3.2192543,0.6887133,2.0912056,3.1631784,3.779525,0.61024433,2.3571715,1.9913212,1.3471069,0.855493,3.0570283,3.7985086,1.825792,0.6654754,2.7599998,2.6835904,2.7493787,1.7141078,3.0025887,2.7588322,1.1039414,4.0087557,1.2690302,0.8645132,0.8206757,0.6442078,0.77279025,1.2132027,2.752202,0.589847,2.2435439,3.2338223,4.0237036,1.9361819,0.6845727
3.466875,3.9751375,2.0679562,2.0853927,1.0898645,1.6465876,3.3468144,3.3689332,3.4098365,3.3002021,3.220971,3.4169874,3.1482794,3.3703966,0.49761856,3.574494,1.5727451,2.0545828,1.8947448,4.149435,3.6529512,3.955479,2.0132735,3.8121152,6.375946,2.9963443,5.4428606,4.177709,3.3771124,3.8831892,3.6101456,4.192056,3.5401933,1.9784157,3.4898198,3.0119452,3.5551775,3.9097798,5.726035,2.3563514,3.291171,3.9815927,3.3168197,3.3482811,3.2585065,3.913677,3.5692575,3.638888,2.928199,3.343738,3.2688613,1.9891039,2.568364,3.7090878,3.2563095,0.55208987,3.4050593,3.8026688,1.9257054,2.0650816,3.44505,2.3477974,3.9082031,3.6477876,4.123497,4.385236,2.1543772,3.4168062,3.880166,3.588328,1.7922273,2.3279889,3.6783745,3.53721,4.033078,3.5712054,3.278811,3.7335556,3.346586,3.3626409,3.729396,3.8483477,3.2735636,0.5861476,3.442564,4.1384706,3.4612098,1.4358723,3.1027937,3.1837943,4.0276427,3.4186437,3.475258,3.4948885,3.2320445,4.1250157,4.451659,1.7303602,4.028982,4.67334,3.4588032,3.6279278,3.5249171,3.6828995,3.396503,3.2964633,3.7524853,3.102975,4.2863603,3.5249171,3.5041583,9.70943,1.601345,3.3349376,3.328469,3.404755,3.282226,3.4371285,3.3707356,2.8025258,3.249121,3.539466,1.8162657,3.3186154,3.4419608,3.1799932,3.7367349,4.9380317,3.5300186,3.3672945,2.0736265,3.7647736,3.5548973,3.030717,3.3012092,3.505333,3.2732394,3.927213,2.7478478,3.8302686,2.8001535,3.5223935,4.2695656,3.407322,3.2474377,3.669159,4.0536675,3.4272888,3.3804862,3.3125904,3.3779294,1.9354622,3.1223621,3.1221495,3.417053,4.0590177,3.0127647,2.4235358,2.907062,2.2644086,2.888305,2.665971,3.3739698,2.841016,2.6511183,2.7044137,3.970494,3.9609268,0.9176363,2.0216382,3.4145415,3.9558678,3.3326235,3.4322069,3.2632422,3.4190867,3.315573,3.656882,2.7992778,3.346467,3.5153716,3.4296403,3.5815625,2.1283038,1.7515855,3.3774128,3.4178593,2.0864165,3.4268312,2.5986543,3.144436,3.9957495,3.3306496,3.32316,4.9221277,4.1757526,3.5478175,2.3715947,2.2236624,2.5034566,3.9306762,3.193221,2.5021915,2.4064736,2.7531116,0.9523272,3.3351905,3.0328603,3.3399255,3.7924569,3.4596791,4.819991,2.9722757,3.1029017,3.1739507,3.2838397,4.126451,2.5238519,1.7047664,3.5210493,3.3091066,3.291033,3.5186565,4.8345003,3.5184317,2.3024738,2.643224,2.0783985,3.2956471,3.326525,3.411632,4.138968,3.77475,3.2203212,3.6461375,5.522142,3.799147,5.173185,4.22197,2.654535,1.6878468,3.7593832,2.3928726,3.227844,4.1320086,3.6355076,3.4930782,3.4497895,3.7236884,3.447965,3.6108139,3.184085,2.2772286,4.009768,4.146201,1.7046065,3.5861337,1.253472,3.3236258,2.4824195,4.030646,1.8064837,3.2277846,2.2968624,2.8960433,3.2062066,3.5460863,3.992632,4.5593734,3.8143945,3.3428001,1.3082305,3.108479,4.1234818,1.9709706,2.6857407,2.8130107,2.66137,5.5607624,3.540121,3.1586013,3.2032347,3.6524396,3.101379,3.6125042,4.3342543,3.6517994,2.9093058,2.3032258,4.959559,3.5770385,3.2200582
1.2583482,3.0580335,2.4324982,3.4361129,3.3751836,3.3551104,1.6096383,1.6698964,2.374991,2.0099347,1.6125048,1.4885079,1.865573,1.4758364,4.060102,0.6716398,2.7263153,2.8878114,3.6317031,1.5673888,1.8897694,2.8175478,2.0422971,2.233154,4.6832843,1.1965362,3.9127355,2.025755,1.1829922,2.7652788,1.8045535,3.13107,1.3508135,2.3137343,1.1881602,2.195725,2.828365,1.7426935,4.0849605,1.4656603,1.0695595,0.99784184,1.5931783,1.277941,2.1512752,3.8399644,3.0556655,1.9139779,0.9460224,2.5158038,1.5641879,2.1717842,1.5386938,2.0592444,1.2264285,3.656656,1.9147781,2.1670806,3.9849954,3.4489675,0.5917334,1.8779473,1.4519047,0.95242333,2.9939651,2.509896,2.9454625,2.430271,2.681767,1.8452908,4.7668695,1.6937373,1.8098612,1.5504332,3.1958582,1.2954947,0.66684186,2.402307,1.3783737,1.3897884,3.4929626,1.9466107,1.4515705,3.8084936,0.8767401,2.9510505,1.3879454,2.826427,1.9855503,0.9613703,1.4303708,2.2650645,2.3711772,1.3661253,1.6675903,2.9219005,2.1168594,2.5408015,1.1914066,2.2489603,2.0844584,1.7131202,2.8402648,1.343434,1.2438616,1.1207236,1.7665548,1.0824124,3.3941312,2.8402648,2.217466,9.164212,3.5601516,1.5074539,1.1133403,0.8723706,0.5405285,0.9776809,2.0099142,1.5178787,0.82374424,0.24773794,2.365431,1.3745567,1.2298625,0.7238701,3.2361228,2.6422813,2.5973063,1.8659935,3.915004,1.7646832,1.8689746,1.066757,1.4998871,1.3561631,1.683938,1.9990355,3.2856128,2.3313787,3.201016,1.3221719,1.8192357,1.8743942,0.7789296,2.5616152,1.9688178,1.8771278,1.6635996,1.5390893,1.3653896,3.4553921,1.1688734,0.96724033,2.2750864,1.819494,1.1278414,3.4402535,4.5504117,3.193434,3.9014807,2.5978827,1.317658,2.438857,2.051272,2.389525,1.9948058,1.429663,4.1316285,3.1246426,1.3780009,1.2052201,1.2865521,1.4321947,2.062622,3.3955574,1.3349802,2.2566688,2.354876,1.4689696,1.8752438,2.747177,1.8618296,2.0767696,2.4909282,0.63428104,1.3835465,2.7750864,1.1057783,1.4658339,1.819713,1.0764569,1.2436948,0.39988494,3.2501535,2.5396032,1.8523755,2.3089242,3.7997837,4.3746634,2.205315,1.6831629,2.1880593,2.180201,1.9142636,3.9084146,3.01545,1.237312,1.4232216,3.0783136,0.7290498,3.7044113,1.1875262,1.1878227,0.87059224,2.0399225,2.4258988,1.5477065,2.6437669,1.8507354,0.5742627,1.5337611,1.9691418,3.0949724,1.8126919,3.1120453,2.841147,3.9428008,2.2279654,1.950325,1.7195381,2.0532396,1.4267461,2.7029362,3.4304636,3.9909496,3.1325572,3.6176753,1.8846555,3.1012928,4.5444455,1.7795105,4.2292852,1.7941059,3.099875,1.268174,2.6136816,3.1120555,2.3802102,1.2717,0.9428038,1.368709,1.9308,2.687618,2.2305136,3.6305928,3.0438888,3.1108923,1.5268427,1.7676184,2.7471027,3.820876,1.1792402,3.1117265,2.1139758,1.906533,1.0934509,2.7377455,2.7635992,1.9231949,1.718095,3.1363397,2.9459903,2.9224746,2.051663,2.9133008,2.1444678,1.1347395,4.163824,1.1222993,0.9647668,0.92521584,1.7792449,1.0284206,1.4200039,2.3502457,1.8398803,1.5028584,3.5864568,2.993218,2.682991,1.0668069
1.685056,3.2780945,0.4873255,2.2556741,2.1089118,2.270729,1.5222821,1.2939769,2.3830316,0.90237784,1.3581997,1.4234656,1.6467481,1.371819,2.8499196,1.8582814,1.079257,2.1345012,2.8296728,2.5850837,1.6619991,2.9246798,1.2484586,2.955865,5.843668,1.320817,5.4179907,2.3774188,1.4354197,2.525377,1.6513484,3.3783739,1.6734303,1.8050518,1.6515396,0.9221015,2.6289778,2.1129568,4.0549774,1.2654238,1.416425,2.647525,1.4124055,1.4959315,2.6082208,3.6507297,2.8684516,1.7206467,1.5183399,2.3925443,1.3521214,1.6582407,1.1577312,1.3822329,1.7037375,2.1810725,1.5067412,2.2330089,2.9026012,2.6310391,1.8466648,1.734678,1.7426714,2.118294,2.1852121,3.4692452,2.7388277,2.7917602,2.6266265,1.6601995,3.580331,1.3240877,1.811227,1.3804407,3.0677516,1.731091,1.5949938,2.401493,1.423448,1.4437373,3.3058658,2.3308485,1.272555,2.3283856,1.5892472,3.9552543,1.5729221,2.1095095,1.6765826,1.2916827,2.390356,2.7857432,2.8925116,1.6237924,1.3906113,2.9171946,2.771089,1.0541966,2.9137514,3.6779587,2.2067232,2.5886276,2.862582,1.8995842,1.5358922,1.3851457,1.9175327,1.2242169,4.281178,2.862582,2.1383286,10.597983,1.8642915,2.2671323,1.5111643,1.5925715,1.7263463,2.141655,2.3098876,2.2532177,1.765119,1.9762642,1.6156648,1.3856267,1.6147501,1.8692944,3.3494413,4.0151234,2.4266336,1.0070498,3.0305526,1.9284977,1.6733383,1.2472851,1.337305,1.640647,1.3269312,1.7745937,1.9904503,2.495544,2.780443,1.6703652,3.0807977,1.4921691,1.8502102,2.6401815,2.132569,1.5057169,1.3884293,1.8019722,1.4689972,2.2891943,1.2741826,1.2286221,2.6764548,2.1902783,1.0807314,2.3151813,3.8284354,2.2828686,3.3244576,2.589072,1.2965539,2.553132,1.9884951,1.349405,3.349053,2.2137802,2.710949,1.9153018,1.520535,2.641769,1.3257095,1.4860904,1.01022,2.9297376,1.4164418,2.4235532,2.4203122,1.3513743,1.6045332,2.6319237,1.717647,1.2554777,0.818677,1.597499,1.5189976,2.603924,2.0216339,1.301943,0.75584733,3.0332456,1.3405944,1.7993197,4.588516,2.7075036,1.5686327,2.1602855,3.00735,3.5705025,1.8638777,0.9183173,2.0769901,0.8948308,1.3104016,2.9141462,2.8226926,1.7205939,2.1108568,2.945343,1.7184652,3.2834208,1.2902042,1.4708544,1.4858514,1.9680476,2.7649012,1.0653342,2.1684752,1.516467,1.583191,1.0611708,1.2374691,4.424844,2.7773495,2.787517,2.0426319,2.9714532,2.507778,1.864265,1.2948856,3.4312012,1.6475548,1.4598943,3.0704324,5.47582,2.8831866,3.347415,3.3228557,1.5439376,3.1819224,1.9370763,3.4618459,1.9895428,3.7464159,2.263033,2.40921,2.8391829,3.217187,1.577201,1.72447,1.7137552,1.1852962,3.668452,3.556687,2.770959,3.0412655,2.3267467,1.3611455,1.2406843,2.6903126,2.6004515,1.6752733,2.2040744,0.78854704,0.7969577,1.619934,3.1179032,3.931463,3.0494623,1.6354897,1.8281487,1.635307,3.9189255,1.7580506,2.883444,2.308604,1.3193507,4.0177,2.4101503,1.6443089,1.3181481,1.6947048,1.384312,1.7938104,3.7695696,1.8220214,1.710243,2.1159885,4.366827,3.0657175,1.6589713
2.0929878,2.3612177,1.910468,3.5550134,1.3129512,0.9998885,2.038243,2.2693746,1.7342784,2.5901897,1.9746786,2.2240834,2.4408417,2.182731,2.4935088,2.5293655,2.3329759,0.34544775,1.0392181,2.9088805,2.3505397,2.1030228,2.4771354,2.77932,4.4853096,2.2867346,4.535715,2.8997025,2.2169764,2.0943928,2.3906112,2.1486096,2.1429188,2.0218844,2.1494358,2.3615968,1.8189613,2.4124615,4.2507343,2.1927476,2.3147995,3.476976,2.0538578,2.1528873,2.3084106,2.1589046,1.8846399,2.2580063,2.4012864,1.6536734,2.0502505,2.672969,2.6100414,3.3766499,2.5322785,2.2244697,2.320858,2.0621262,1.4247324,1.0241271,2.3440723,2.7045724,3.1237285,3.2306333,3.0956085,3.1776645,1.4288776,2.2051792,2.053581,2.389136,3.890218,2.5573616,2.388069,2.5650015,2.0132911,2.162768,2.3446844,2.0340853,2.0622666,2.062388,2.0594602,2.2523465,2.108705,2.3980184,2.6306124,3.3436427,2.095019,2.18318,2.372153,2.2176695,2.7867544,2.29212,2.3311253,2.1097443,1.9664882,2.1949968,2.6323032,2.1391644,3.2578852,3.6704035,1.9108661,2.1886501,1.8194852,2.1947143,2.2798522,2.2549875,2.410286,2.1279526,3.4314756,1.8194852,2.1266704,9.415807,1.740362,2.2729077,2.1888802,2.3341153,2.4398098,2.6870985,1.9686958,2.4959774,2.8761017,2.7513897,2.6491544,2.0606182,2.093058,2.531436,1.8568767,3.5652008,1.6805551,2.5354078,1.2583182,2.3953779,2.3787374,2.2804554,2.1043606,2.1233299,2.0939677,2.8686793,1.5208073,1.9855759,0.9627396,2.148182,3.1487095,2.2527003,2.6107764,2.1538336,2.4635189,2.3143861,2.6585598,2.1315207,2.0931983,3.4741738,2.3939157,2.244581,2.2171545,2.4651365,2.153126,1.067528,1.9756827,0.9866011,1.3017324,1.3596021,2.270216,2.183137,2.0723855,1.3316582,3.6041396,2.805986,2.9756136,0.9549573,2.0743556,2.8000705,2.2121994,2.1772451,2.3410838,1.7387075,2.044402,2.1414366,1.0176278,2.157009,2.377449,1.9713264,2.379649,2.6321807,1.8332295,2.403941,2.079038,2.0254805,2.617138,2.5837648,2.5233567,3.0536165,2.2326689,2.4756365,4.5181074,2.3917568,2.3974628,1.7415472,1.1324075,1.7201881,2.91013,2.37388,2.0405731,1.4410396,2.3804677,1.8362268,1.582048,2.8759298,3.0625477,1.9577644,2.7819195,3.1871507,2.2729213,2.438711,2.6042433,2.3172657,2.166801,2.5063443,0.93002546,2.380964,2.4775257,2.3498418,2.4980345,3.2319002,2.5642927,0.66048115,1.4700742,1.4056239,2.0266025,1.7920437,2.2985547,3.5902433,2.874832,3.5961883,1.9378793,4.596617,1.7785115,3.6396527,3.408428,1.7036293,3.7206514,2.3850884,1.5498375,3.3134193,2.4522574,3.3651814,1.8204366,1.5101279,2.9036615,2.3634143,2.5590413,2.2381341,2.6489348,3.1499517,3.6312344,1.073457,1.8728269,1.7127053,2.0996866,2.6727624,2.9432666,3.5885637,2.5151205,0.8419421,2.4994624,2.5366895,2.3126729,2.2877183,3.4784784,3.1099374,1.953361,1.1974795,3.7003276,3.3209586,1.0915065,1.1029091,2.0446045,2.204098,3.857371,2.8101032,2.5587237,2.2557359,2.3946254,2.4836836,2.1433887,3.9581034,2.3816817,2.5672534,3.5932171,3.7433972,2.2722657,2.5341306
2.7406309,2.4803948,2.2609096,3.747582,1.1633382,0.5867588,2.5945778,2.8104324,2.0649748,3.0990314,2.535661,2.8055317,3.1431792,2.7732763,2.3034132,3.2651706,2.591226,0.79403675,0.37369618,3.6905086,2.868945,2.3746023,2.919079,3.523315,4.9637537,2.8173695,5.0924735,3.6421216,2.8522496,2.6934469,2.8927407,2.4062824,2.8261333,2.559647,2.8410363,2.9298599,2.0156293,2.9637725,4.8583884,2.6712728,2.912155,4.1674237,2.6239054,2.751981,3.03124,2.0077596,1.9646665,2.7780573,2.9620466,1.9353746,2.6198814,3.0711823,3.12213,3.9072907,3.032091,2.1251543,2.766244,2.5680132,0.7118835,1.115067,3.0092506,3.0930035,3.8115764,3.9085104,3.6649075,3.9240472,1.3399783,2.4168723,2.390479,2.8720887,3.8260412,3.0492554,2.8837883,3.2411761,2.5021572,2.8510072,2.9875262,2.409041,2.7186916,2.7246635,1.9831003,2.7365472,2.7143798,2.284381,3.230244,3.54032,2.766028,2.5326807,3.0677764,2.879992,3.563829,2.5509033,2.5650532,2.7865624,2.5143797,2.7814832,3.2911615,2.5268068,3.9920273,4.4295554,2.3148093,2.6613274,1.9725207,2.901218,2.859616,2.8648703,2.919505,2.812925,3.5342393,1.9725207,2.4697864,9.636239,1.6743038,2.7241766,2.9154253,2.9730446,3.0739737,3.2232983,2.3428354,2.9279144,3.508481,3.4160712,2.96998,2.7087457,2.7700746,3.1157405,2.3713033,4.30268,2.0230403,3.0794466,0.55149406,2.912519,2.8430865,2.8562074,2.6911137,2.817128,2.6302826,3.541258,1.5510088,2.438277,1.3485855,2.796159,3.9261737,2.724396,3.1832159,2.8562646,3.0614557,2.7766037,3.3412697,2.6178424,2.7269588,3.6524174,2.944923,2.8874364,2.4759302,3.0681844,2.810999,1.0661181,1.262591,0.7259978,1.133569,1.993426,2.9144762,2.832248,2.7502356,1.8528548,4.0297465,3.5726972,2.8797174,1.143499,2.7432365,3.5768116,2.8344398,2.7799911,2.8379142,2.1803837,2.6957245,2.4880624,1.743793,2.752708,2.839886,2.110852,2.8465233,3.0644584,2.2074769,3.094494,2.7432067,2.036964,3.1344955,3.1572282,3.0472553,3.6847494,2.8500962,3.12939,4.81574,3.0622222,2.8809958,2.3743567,0.8188407,0.99909055,3.5791905,2.9164567,2.6850197,1.9660611,3.0209322,1.5133196,2.1512332,3.5065787,3.747324,2.1102557,3.3890357,3.6845515,2.8078759,2.9555101,3.1895971,3.0425878,2.6697183,3.0568063,1.3839419,2.8695655,3.1644027,2.9457536,3.0394635,3.5909944,2.9486196,0.85373783,2.0193555,0.63399005,2.3011389,2.2709706,2.8450594,4.002468,3.573438,3.992684,2.404524,5.160744,2.246987,4.2007008,4.151977,1.8964875,3.6883385,2.8976386,1.0098687,3.9292886,3.0497632,4.0398703,2.0873418,2.011514,3.1616428,3.0948434,3.287661,2.7254026,3.096501,3.3818676,4.0120196,0.6175481,1.9534684,1.9503988,2.687972,3.2050376,3.637463,3.6788354,3.0240386,0.7101795,3.0591066,3.06911,2.98636,2.9711597,4.1913314,3.489506,2.4862654,1.265074,4.037147,3.5201132,1.5138762,1.6026123,2.7364533,2.7491593,4.376846,3.3258893,3.105315,2.9091144,2.9100351,3.0419364,2.8434696,4.3634577,2.8594303,3.245729,3.7017994,4.4362736,2.4288657,3.0642588
1.5910597,3.58026,2.7607968,3.871654,3.6484108,3.6909697,2.0272422,2.0709877,2.836322,2.2896202,2.0136504,1.8826532,1.4904325,1.8481771,4.37342,0.6691138,3.0977023,3.0352037,3.9076102,0.7055283,2.23919,3.1721368,2.4468982,1.5092494,4.222565,1.9378544,3.5670464,1.3691081,1.5722741,2.4430299,2.255345,3.3473213,1.462747,2.3045044,1.35219,2.1636043,3.23465,2.1059947,3.3812077,2.150285,1.671929,1.1777922,1.9736706,1.7578493,1.6338325,4.191437,3.4997394,2.245495,1.7588164,2.9607027,1.9616344,2.6439147,2.0832992,2.3583374,2.0739737,3.9909003,2.4382303,2.4084556,4.277749,3.4680107,1.2497252,2.5892668,1.3261975,1.1786444,2.6276329,1.6910317,3.4925435,3.1316853,2.985651,2.3249753,5.0593486,2.1920257,2.2830338,1.4598197,2.928553,1.4146464,1.3626752,2.7921298,1.5928193,1.5751369,3.9232972,2.382352,1.7910877,4.132576,1.598154,3.7052402,1.538142,2.9454403,1.6029315,1.3595893,0.65778446,3.0041254,3.1001635,1.5036955,2.073097,2.56397,1.9121469,2.7365732,0.87547284,1.473456,2.5971396,2.329138,3.3052957,1.3485469,1.80448,1.644308,2.2342312,1.3103517,4.1054435,3.3052957,2.7827578,9.166918,3.7700243,2.3039527,1.0902702,1.4436625,1.368138,1.9096558,2.633939,2.3541367,1.3942579,1.1234783,2.9012976,1.62196,1.4523394,1.629568,2.902039,1.892744,2.904492,2.1221437,4.159282,2.2100325,2.3840804,1.7411765,1.8769703,1.4196767,2.0987656,1.6987928,3.5316184,2.6072938,3.123782,1.6005507,0.95167893,2.3510711,1.6946346,2.0143917,2.0420425,2.3807414,1.4493855,2.2031708,1.6713405,3.8808053,1.859546,1.4415637,2.9914806,1.9642992,1.4375014,3.5394976,4.847843,3.5700338,3.931262,2.4013817,1.5645485,2.0683537,1.7761171,2.5016487,2.8279867,0.74299103,4.4608593,3.2367465,1.5452018,0.42614993,1.656011,1.7965282,2.3373525,3.0924506,1.600262,2.8029523,2.2623885,1.8297993,2.3883133,3.3110993,2.3767703,2.507128,2.7295382,1.0667814,1.5655156,3.4796226,2.0033212,1.8310452,2.1581156,1.5864147,1.657341,1.2353821,4.032047,2.0932798,2.3223207,2.1279914,3.9005938,4.626366,1.822197,2.0514593,1.9612072,2.3701613,1.770196,4.193791,2.698978,1.5136065,1.2941905,3.433065,1.5287775,3.2604303,1.9195291,1.9893663,1.6427485,1.5351042,2.5461166,1.9421847,2.7747896,2.3041894,1.0432323,1.817146,2.1818726,3.3870788,2.6247041,3.2534227,2.630939,4.275141,2.9083729,2.379396,2.0719264,2.896457,1.2446556,3.092659,3.0694082,3.6030583,2.9351814,3.1233025,1.2710072,3.2854815,4.8338237,2.2291002,4.3798766,1.8553137,2.6300156,1.3373529,3.039681,2.8809602,3.2059252,1.0596265,0.8484248,2.1410642,2.416626,3.4611251,3.067117,3.8566287,3.4960618,3.2104895,1.883778,2.0911217,2.0418189,4.252606,2.0274866,3.4375522,2.143824,2.1660144,1.3556854,2.177418,2.0498555,2.8014066,2.1443045,3.3498042,3.3880982,3.6807723,2.556913,2.8383067,1.7997488,1.8598523,3.6019247,2.0460927,1.8320293,1.3839697,2.209252,1.7927175,1.4233238,3.1483452,2.3441887,1.3845891,4.128535,2.3444705,3.3415685,1.9229339
0.9081327,2.2648141,1.942956,3.6059637,3.1550949,2.9270434,0.62663114,0.54687214,1.521923,1.1480349,0.6957474,0.5835835,2.461068,0.65448946,4.120043,1.6696492,2.6081712,2.7236664,3.380501,2.5310311,0.56598485,1.9294072,2.458398,3.3660226,5.346104,0.9503454,5.3984876,2.432439,0.8090474,2.5080578,0.33247724,2.5227442,1.1403247,2.9963775,1.1385794,1.9361504,1.8393883,0.77212876,4.071879,1.741997,0.7468407,2.597377,0.66389006,0.65383357,3.178608,3.0628767,2.119091,0.66177547,1.4300148,1.6296765,0.6599101,2.7222257,1.9392842,1.6687224,0.97362614,3.5255046,0.37110206,1.2381577,3.5360463,3.4343975,1.2300813,2.3056328,1.7928411,2.2773645,2.6463537,3.6680968,2.8369317,1.9190391,1.6613842,0.30212858,5.038645,2.2398012,0.38237485,1.5419247,2.9399588,1.1528267,1.1450332,1.3399261,1.0051129,1.0453651,2.6289885,1.0316342,0.78258973,3.703637,0.9669879,3.1631017,1.0802149,3.4089906,2.5316896,1.1282037,2.312556,1.920676,2.020616,1.1045074,0.6849583,2.7663841,1.9427222,2.6339815,2.884326,3.731398,1.1710505,1.55898,2.0788522,1.3300346,0.55969554,0.7435724,0.46352208,1.3236295,3.5001729,2.0788522,0.9981744,10.5328665,3.0795653,1.3754109,1.5055183,0.91298735,1.3175786,1.4474816,1.3206222,2.144068,1.9390757,1.6128924,2.6968274,0.9605327,1.0546823,1.5456427,3.4962142,3.8866208,1.691885,1.0478963,3.5936694,0.5094129,0.2916927,0.9874199,0.68322617,1.2210222,0.5933721,1.9113531,2.3027453,1.5020143,3.1924648,0.90249515,3.1345596,0.41781455,1.4493417,2.9759638,1.1898181,0.3543713,1.9984139,0.71500176,0.84504086,3.6567154,0.8667348,1.1093088,1.7585809,1.0982589,1.2829525,2.9234374,4.079787,2.5274389,3.7039025,3.1661594,0.9647503,3.371061,2.889155,1.8046113,2.8062541,2.2121282,4.148018,2.762296,1.0671524,2.5454159,0.78612316,0.6747684,1.0233214,3.3634586,0.956479,1.2528627,2.7083833,0.69285095,0.2873441,1.7836584,0.30497086,2.4514642,2.343433,1.3226241,1.0383297,2.7395825,1.1905893,2.173043,1.1414008,2.476841,0.7505894,1.4455166,3.8380353,2.5241694,0.3094481,3.0528448,3.645272,4.0189924,2.1822512,0.8838618,3.0303347,1.7322353,2.425574,3.9176095,3.1805508,2.318366,2.7091882,2.1394165,1.2772033,3.2702043,0.97384816,0.9831322,1.2966678,2.63811,1.8041784,2.0288527,2.967798,0.35343623,1.4827831,0.9436096,0.98271036,3.5309289,1.9439298,3.1807098,2.8972757,3.460888,1.6364987,0.9773782,0.62299705,2.687688,1.722167,2.444345,3.4391727,5.473667,2.8041089,3.2185667,3.4730399,2.192149,4.7005353,0.5185703,4.040153,2.8158,3.8159037,2.6168494,1.5667582,3.028031,2.3712118,1.7022114,1.5863948,0.84891343,2.263805,2.8220162,2.8382561,3.4777772,2.2961564,3.5101576,0.6998944,2.3331537,3.2448967,3.976575,1.002606,2.479156,2.0063484,1.2307947,1.0054053,3.2352304,4.1185985,2.211825,0.7070538,2.9345305,2.67099,3.117284,2.069835,3.30046,3.061038,1.4894531,3.876402,1.703823,1.25765,1.0834363,0.37724316,1.1060326,1.3060704,3.1495297,0.37183306,2.5205352,3.3157778,4.3572793,2.1833434,1.0802596
1.9810128,0.32126328,3.0207882,4.766404,3.2086883,2.62266,1.8281381,2.183796,0.7028334,2.8950229,1.942714,2.1008024,3.6156914,2.1372669,4.3206277,2.86371,3.6538358,2.4946048,2.746253,3.4475586,1.9673941,0.56195664,3.6208112,3.9432738,4.5080905,2.3277993,5.1896834,3.4904556,2.232328,2.7653153,1.9186814,0.9825465,2.2388732,3.7393422,2.2639155,3.3208773,0.71192193,1.6590984,4.77452,2.8082597,2.2588344,3.7981353,1.9706709,2.0133743,3.6921542,1.3079175,0.64263684,1.857714,2.6333113,0.7418025,2.0094273,3.7784443,3.3283842,3.6352146,2.2513528,3.9465554,1.9188995,1.3969445,2.9762805,3.1851616,2.2955618,3.3385577,3.4778063,3.685808,3.8577328,4.127333,2.1105394,1.0116627,0.94949317,1.8783404,5.633558,3.4662354,1.7535249,3.0540009,2.6177056,2.2205858,2.4171681,0.9143723,2.2406435,2.258242,0.9119433,1.171582,2.2095723,4.137858,2.533411,2.3910458,2.2232969,4.0204377,3.623364,2.5217383,3.289601,1.2334055,1.2025083,2.21796,1.8920007,2.7456698,2.282588,3.6631188,3.7408857,4.355203,0.92309386,1.2034084,0.45400497,2.2559426,2.0434134,2.2399116,1.6971984,2.6379216,2.4145062,0.45400497,1.0902048,9.803314,3.4418542,1.6166017,2.695115,2.2723181,2.5084934,2.3690393,0.9397441,2.6723595,3.3115196,2.8389935,3.7132697,2.2296212,2.1706197,2.5988665,3.046006,4.125776,0.9873795,2.788272,2.90707,1.6951199,1.8273988,2.430676,2.0975473,2.3162227,2.0093756,3.35638,2.3047693,1.0475858,2.7393084,2.0500178,3.8421698,1.9058799,2.5961015,3.3372993,2.0763035,1.9279644,3.4642367,1.5736395,2.1171627,4.748929,2.427357,2.547471,1.0559617,1.9346685,2.6746767,2.7122746,2.915133,1.9895082,2.8861246,3.1432416,2.4643114,3.8505979,3.6249025,2.3601778,3.2095702,3.3373785,4.688078,2.8342795,2.2334394,3.3124936,2.28077,2.0670476,2.5851288,3.2177706,2.1928124,0.77879053,2.534895,2.1495655,1.8900081,0.6349148,1.7884631,3.6960695,3.2926524,2.6359303,2.2153716,2.4691303,2.2007565,3.492938,2.8918474,2.8970318,2.2661047,2.5974462,3.7138817,2.8678012,1.9749486,3.5073266,3.0730891,3.0818932,3.5585706,2.604138,3.6914406,2.56881,3.6519628,3.726775,3.0382621,3.6574419,3.9681985,0.7208726,2.762543,3.688442,2.352172,2.3656056,2.7520056,3.554675,1.3471438,3.397852,2.9709938,2.0189214,2.8131583,2.6002016,2.6223001,2.2942088,1.796275,2.537705,3.2556503,2.7551684,0.96709824,1.3070581,2.2464921,2.9406657,3.2957065,4.2168784,3.3012161,5.281668,2.46729,3.950513,4.16545,2.6899319,5.42781,1.6693159,3.2595482,4.25233,3.4637349,3.990879,0.80569655,2.72353,1.9341725,2.9520793,2.9150195,1.8645777,3.5729759,2.13414,2.9771519,3.001615,0.5530801,3.7730093,2.086961,3.6867964,4.1047482,4.936427,2.2845967,2.0056474,3.4891045,2.9512777,2.3313994,3.2888293,4.427659,2.3346996,1.6430801,3.141788,4.3594403,2.3530343,2.1302195,2.8777897,3.604287,2.6329336,4.2172737,2.4144697,2.5450175,2.5013726,1.9087605,2.5705354,2.28106,3.4345815,1.7057197,3.6863616,4.5152197,4.463369,0.8943767,2.382909
1.9358768,3.326007,1.5163918,2.0283186,2.1692426,2.3930387,2.0050645,1.9915369,2.5868285,2.0213475,1.8972716,1.956265,1.7954465,1.9123487,2.5464568,1.6964091,1.3585187,2.1903467,2.7431335,2.4843662,2.3570101,3.194192,0.6531031,2.5425851,5.4739146,1.320011,4.373789,2.7132437,1.7683206,3.0650222,2.2684348,3.5361848,2.026279,1.2486087,1.9048357,1.9361808,2.962748,2.5070992,4.694715,0.5905742,1.5976042,1.9136202,1.9586293,1.8080635,2.1419728,3.8168283,3.1160073,2.3802712,1.0119578,2.6379116,1.89654,0.7262555,0.7381861,2.1693444,1.5757776,2.1725202,2.1650803,2.699867,3.0244722,2.6307347,1.6114914,0.81678295,2.1252744,1.5830389,3.1594954,3.0751507,2.2382123,2.5622365,3.059734,2.2729611,3.1828303,0.51982576,2.3383284,1.9768012,3.4521728,2.0298064,1.4167153,2.793018,1.8644654,1.88534,3.4877822,2.5977004,1.8180519,2.301452,1.586268,3.1913438,1.9763956,1.455814,1.8551536,1.4365388,2.346664,2.4418023,2.5463622,1.9966931,1.942613,3.3188155,3.0804625,1.2847434,2.1211238,3.0588524,2.4194257,2.318578,2.9583917,2.1513593,1.8100126,1.6432846,2.379344,1.4153868,3.5603456,2.9583917,2.4921057,9.279884,2.4417965,1.9155341,1.6720804,1.6453682,1.3506966,1.6265694,2.300418,1.2423817,1.1588825,1.5061346,0.88863397,1.8352087,1.8903283,1.235487,3.3052351,3.5078266,2.8111675,2.0105329,3.0376554,2.3922412,2.2610574,1.2822304,1.8771242,1.9958144,1.957535,2.4867249,2.7948697,2.8318074,2.8128104,2.002496,2.6413367,2.1580615,1.3168659,2.7646215,2.7134767,2.1634052,1.8357455,1.9307778,1.8878398,1.9993643,1.4137387,1.351633,2.4599187,2.6527624,1.3161861,2.791095,3.8386,2.5391335,3.374849,2.2143736,1.8006818,2.0347378,1.5815512,2.0867777,2.3812358,2.2716835,2.5562265,2.328489,1.9299024,2.1949902,1.7669494,1.9559664,2.0988348,3.219025,1.8186097,2.6392019,2.1818314,1.8908073,2.227741,2.8090084,2.281757,0.7766944,1.357688,1.4972783,1.9353963,1.9288185,1.6942288,0.69530207,1.7662759,2.1568258,1.740253,1.3565712,3.647853,3.1023982,2.235491,1.6679094,3.0018606,3.550944,2.5856888,1.7830487,1.5771002,1.6640315,1.4486275,2.6048129,2.9267862,1.0397923,1.4872329,3.263081,1.4934721,4.076438,1.2870371,1.3945012,1.2334946,2.0768332,3.0762248,0.7237668,1.7189192,2.2126088,1.356219,1.7992209,2.2257073,3.7985053,2.1895666,2.5089924,2.3570015,3.053576,2.3686216,2.2419364,2.0491276,2.5811536,2.0596871,2.1065018,3.3542604,4.4593167,3.2907572,4.1765304,2.5558257,2.55534,2.9701824,2.3977659,3.3966722,1.4792916,3.3938663,1.6375761,2.7801921,3.0806227,2.6199677,1.8120321,1.8043542,1.676309,0.762376,2.9766614,2.6750379,2.659512,3.1255116,1.8518703,1.9145733,0.8140338,2.9693446,2.3053231,1.5220737,2.495431,1.7215797,1.8771008,1.8819988,3.094887,3.2859583,2.3661067,2.084299,2.0005488,2.1870196,3.1677363,1.2978027,2.5175402,1.8186882,0.7988648,4.7176976,1.7690668,1.2968038,1.4344207,2.2922287,1.2726601,2.1257083,2.7989886,2.3339412,1.2206272,2.3112233,3.6678379,2.8324323,1.4442856
2.3779907,4.315563,3.1694407,4.079052,3.8677158,4.029202,2.7927387,2.818844,3.5521412,2.8961895,2.7488496,2.6556208,1.4815608,2.6055167,4.469863,1.478526,3.3883297,3.2880194,4.1758456,0.8475314,3.0046446,3.8689213,2.7448797,0.88651067,4.1366687,2.713744,3.214926,1.4961504,2.3571525,2.6674755,3.0574963,3.9394853,2.1791947,2.2454028,2.0986848,2.4730673,3.9129379,2.9308453,3.236908,2.7299185,2.4897978,1.642132,2.7197697,2.5605295,1.2431936,4.7595716,4.1707277,3.0020072,2.4845688,3.6511767,2.7059765,2.9298432,2.57586,2.9308314,2.909685,4.170014,3.2252455,3.1198976,4.560764,3.533584,2.113752,3.0934389,1.8622829,1.6744317,2.761854,1.0418193,3.9694483,3.89659,3.6767414,3.130914,5.0379863,2.5872352,3.1050143,1.9825308,3.1345508,2.1498399,2.1886065,3.5329595,2.2982392,2.271514,4.5568724,3.1953907,2.5180411,4.2853694,2.4438634,4.405278,2.2453313,2.8994222,1.5547012,2.0983906,0.9981145,3.776248,3.8670363,2.2171688,2.809155,2.7584403,2.4893076,2.909881,1.0710728,0.85382515,3.3683796,3.129524,3.9833279,2.0585058,2.6353655,2.4470768,3.068734,1.9604766,4.778888,3.9833279,3.5805707,8.965131,3.9921713,3.1251345,1.7190486,2.288019,2.1895878,2.746942,3.4207082,2.9907627,1.9975604,1.9542797,3.2402189,2.3336904,2.2018702,2.4009647,2.8763692,1.492137,3.5519867,2.7527013,4.40687,3.0396578,3.1956031,2.5052965,2.6224806,2.107002,2.8411777,2.071798,3.982741,3.3086903,3.2339845,2.3759098,0.44277218,3.1261735,2.4896882,1.8849608,2.7454517,3.166824,1.7486115,3.0331793,2.4202278,4.067756,2.6437025,2.177944,3.7744043,2.7220643,2.0800776,3.7930892,5.167415,4.0299025,4.08165,2.3322804,2.2802615,1.7058332,1.6007696,2.9173346,3.5076656,1.0997629,4.560386,3.4630122,2.249134,0.7759814,2.414615,2.5694897,2.9609478,3.0763414,2.3230689,3.6006749,2.4187682,2.5790868,3.1915412,4.04569,3.1933312,2.8276992,2.9992344,1.8737334,2.2754323,4.017362,2.8621855,2.1980042,2.7725935,2.2419696,2.4317493,2.0527945,4.702234,2.3071277,3.115874,1.9882393,4.0382066,4.877092,2.0585024,2.7254474,1.7676529,2.7874157,1.8404219,4.3273077,2.6831067,1.8615534,1.353436,4.0865326,2.3539307,3.371209,2.6874838,2.7889643,2.4069035,1.4093033,3.1927083,2.3496158,2.8992517,3.0869858,1.807047,2.4917169,2.8277085,3.9160845,3.4101691,3.4591217,2.6319318,4.6052375,3.677414,3.1186712,2.8030245,3.6375864,1.774428,3.5162349,3.0238378,3.210626,3.1781735,3.2571507,0.789303,3.6866636,4.8476915,3.0581899,4.531923,1.9564006,2.4377885,1.6136084,3.7433124,2.997953,3.9805548,1.5850236,1.5713278,2.9699917,2.8068192,4.1969724,3.790266,4.0573454,4.154095,3.184867,2.6249554,2.3915079,1.6869477,4.4206467,2.8569787,3.8741918,2.4426947,2.746777,2.152145,2.0454707,1.3966527,3.5976686,2.9053426,3.5542285,3.8030598,4.387103,3.0478568,2.879747,1.5472108,2.5214963,3.6223154,2.8649232,2.6253042,2.1442423,3.0135086,2.5683005,2.1010568,3.8162224,3.1702125,1.4526734,4.495024,1.8563675,4.0864472,2.7449894
4.188099,4.23195,5.583547,6.948362,5.442464,5.1735554,4.528609,4.860211,4.2032747,5.4388137,4.602964,4.634289,4.6582146,4.62488,6.277573,4.1181617,6.004454,4.4525814,4.888713,3.7070508,4.7537394,4.048618,5.5492387,3.557735,1.082008,4.84713,2.6471107,4.1863813,4.471626,3.9862084,4.8045053,3.5659785,4.1754103,4.886078,4.1550264,5.2838607,4.3664145,4.2938857,4.8825316,5.057729,4.62143,4.525573,4.5856586,4.474827,3.7172728,4.356827,4.4168572,4.647385,4.7599554,4.2805877,4.619937,5.63344,5.3768854,5.923575,4.842542,6.215106,4.9993405,4.144257,5.389819,4.638626,4.123723,5.4961905,4.963362,4.8098817,5.3492136,3.1763458,4.592033,4.369501,4.2108502,4.845982,7.3934526,5.370511,4.6913195,4.7679696,3.6240137,4.115383,4.40197,4.282931,4.385494,4.362962,4.454711,4.147249,4.6162386,6.362591,4.727002,4.3682175,4.2630095,5.3173404,4.647799,4.5116696,3.801939,4.323579,4.3101544,4.214016,4.612279,3.606104,3.5258236,5.636048,3.813408,3.324653,4.269911,3.8048496,4.166814,3.9493322,4.561967,4.5787024,4.5784364,4.486201,4.3831964,4.166814,4.6336493,7.2980175,5.879585,4.289404,4.246937,4.397292,4.397219,4.518849,4.2567115,4.682807,4.842174,4.363714,5.823162,4.425575,4.1880097,4.5172462,3.1038442,2.5028803,4.179125,5.2478333,5.0364213,4.539117,4.8733053,4.775401,4.614895,4.1773705,4.7458005,4.859853,5.280547,3.95771,3.9172387,4.2400317,3.3986647,4.8998194,4.619885,3.661494,4.275487,4.9528866,4.9063563,4.509121,4.405026,6.882899,4.8924656,4.611117,4.372738,4.156879,4.642261,4.9394784,5.1592183,4.931709,4.30339,3.6694553,4.604616,4.0737033,4.3551064,4.7179766,4.775432,4.0565133,6.799947,4.977018,4.2961273,3.4685912,4.5840445,4.5097914,5.241747,4.0240626,4.382431,4.356655,3.4847398,4.612715,4.9282446,4.5584745,4.833402,5.6865993,5.502589,4.3348436,4.3087273,5.065367,4.6046257,5.1773705,5.377292,3.5967517,4.59039,4.317827,5.105236,3.6596265,4.9191856,4.2352805,4.7148056,5.1396475,4.922044,5.1338763,4.399731,4.9183216,4.9979076,5.601783,3.6392627,4.9948993,4.786158,4.252564,4.7572813,4.6999807,4.8477445,4.8938413,4.8512754,4.31481,3.6467252,5.275515,4.385849,4.93278,4.427243,4.9221745,5.127178,2.4581718,4.2197523,4.0154805,4.5150337,5.276135,4.358631,4.353953,4.8786087,4.6473866,4.7705216,6.648124,3.9039862,2.6459768,3.766689,4.913057,3.5702064,5.450206,7.364428,4.5371165,4.9144607,5.409555,2.413942,4.925772,4.4146485,3.7024179,4.5017586,4.335842,4.2946897,4.643579,5.6430397,4.3360043,4.679185,4.9450502,4.1809316,5.091006,4.5984,5.4413714,4.3968573,7.1061544,4.82657,4.8204246,5.4363537,5.3774114,4.3012767,3.0940897,2.9554942,4.548783,4.466043,5.2966824,6.8860517,4.37323,4.4792686,3.5412786,4.0200505,4.819074,4.633877,4.450533,4.800935,4.53075,4.7407174,4.883014,4.0523696,4.850611,4.7234774,4.713521,7.219571,2.4354057,4.2692313,4.7997074
1.3401504,2.369451,2.1541986,3.1743402,3.0527196,2.8973541,1.3463151,1.4341341,1.8166394,1.9013784,1.3723221,1.3472565,2.574514,1.3722413,3.748326,1.6075097,2.4601002,2.7463443,3.258446,2.6271374,1.6401298,2.3653004,2.00787,3.2216048,5.3140707,0.64488524,4.7236285,2.8679156,1.25244,3.13115,1.4331318,2.8593743,1.6514603,2.6711922,1.5295426,2.433501,2.2646956,1.5592434,4.8145566,1.0849895,0.9112491,1.9858432,1.3998694,1.124407,2.981472,3.2881072,2.4196346,1.6728778,0.678251,1.9473451,1.3603563,2.0808644,1.4828374,2.0997624,0.32091507,3.3024209,1.3655423,1.9801406,3.5315526,3.4310765,0.96068805,1.4673384,2.1267798,1.8220147,3.4354334,3.5618637,2.322564,1.5579894,2.296257,1.4072442,4.5615935,1.6796792,1.3998326,2.0411055,3.4620268,1.6216176,0.86805403,1.9430833,1.5385423,1.5794543,2.8501134,1.5735335,1.4078898,3.4680068,0.81572,2.268791,1.620866,2.975745,2.6657772,1.2347028,2.4456544,1.3909932,1.5092494,1.6266958,1.3924141,3.3200839,2.5372288,2.5405967,2.337648,3.4183495,1.5077565,1.2326151,2.2278044,1.7694926,0.99024546,1.0424392,1.3923244,1.4645543,2.701538,2.2278044,1.5008087,9.534388,3.261898,0.6689256,1.709374,0.9782094,0.7808557,0.36785078,1.2863351,0.975783,1.3644954,1.0811262,2.0850859,1.4954427,1.4716797,0.62720746,3.6425087,3.6999204,2.2108798,1.825228,3.545641,1.4275037,1.3573874,0.81247705,1.3683386,1.706198,1.397614,2.5586412,2.8665404,2.0698016,3.2991714,1.4382523,2.9649537,1.4149743,0.5443938,3.2326097,2.0812407,1.3766826,2.2831228,0.85733867,1.4125746,3.2017848,0.7899655,1.1475105,1.3908529,1.9061648,1.3983771,3.2397542,4.0567083,2.6465764,3.7968495,3.0024803,1.5018934,3.1199565,2.6898143,2.312073,1.6253806,2.4042435,3.8202436,2.9718943,1.5954583,2.3359041,1.313681,1.3623673,1.8905697,3.7031486,1.4541364,1.5973697,2.6395946,1.384659,1.3651667,1.9660354,1.3537009,2.011185,2.3744998,1.2367165,1.5801334,1.9802451,0.21011809,1.7350491,1.7110264,1.6264809,1.2382184,0.9074515,2.763593,3.0827818,1.4303831,2.7996123,3.6347766,3.9649432,2.8010712,1.5414109,2.7726748,2.0850885,2.44256,3.5918765,3.3990767,1.8203995,2.3011363,2.569111,0.84032977,4.115771,0.6744583,0.50697607,0.8066252,2.788246,2.3755324,1.6867725,2.6715205,1.4562176,1.2604526,1.5747204,1.921902,3.0527017,1.046953,3.0040755,3.133565,3.4351876,1.3811918,1.525503,1.5403033,1.5791264,2.100359,2.5363572,3.7996824,4.830191,3.3194435,4.1199794,3.0198681,2.8060663,4.3270435,1.427809,3.977105,2.4166558,3.7469828,2.133296,2.0457113,3.3633742,1.5117809,1.9611309,1.7376571,0.50716543,1.8215014,1.9598308,1.7203221,3.3402944,2.4307969,3.1692142,1.4099536,1.9619509,3.574764,3.5103655,0.3262902,2.643576,2.352869,1.8699876,1.4051808,3.4241748,3.8114436,1.1678351,1.3856378,2.9105654,2.6760404,2.2293487,1.6272132,3.1261785,2.8299148,0.84461033,4.6992636,0.5789262,0.48000944,1.1556908,1.4539361,0.6967372,1.8032248,2.0040762,1.362157,2.2303255,3.0671885,4.0073757,1.8719809,0.37084135
4.559124,5.2010555,5.4868426,5.8634133,5.3844314,5.404606,4.9444437,5.1746078,4.9792223,5.57713,4.9636216,4.9601946,4.4757323,4.9376397,5.647323,4.005281,5.4808254,4.8214173,5.2000055,3.8420093,5.2962866,5.206408,4.748406,3.3567429,3.8096669,4.675902,0.8540888,4.6076474,4.676526,5.072096,5.2554307,5.030829,4.5956264,4.2364283,4.479719,5.3609867,5.3392806,4.9539413,6.0785556,4.497843,4.650488,3.5414734,4.9688377,4.7229195,3.4537005,5.6312284,5.393937,5.246302,4.3021,5.083838,4.960339,4.6251426,4.6880794,5.69591,4.654816,5.7467465,5.3651867,5.069264,5.75169,4.961966,4.07867,4.583789,4.8575454,3.998845,5.90927,3.206917,4.577548,4.7258286,5.3213964,5.288916,6.233031,4.548958,5.1923614,4.9010777,5.041821,4.531065,4.256915,5.197732,4.715769,4.707063,5.544991,4.896849,4.892154,5.8419256,4.5641403,4.1176486,4.6635976,4.4906616,4.5131583,4.4804435,3.9527812,4.537493,4.5599747,4.6248846,5.001208,4.914681,4.648999,5.1682596,2.920617,2.7272434,4.919276,4.2014995,5.068798,4.441273,4.75007,4.6738214,5.109114,4.4653687,4.3195834,5.068798,5.232314,5.632109,5.970738,4.313093,4.3425016,4.4414654,4.114106,4.155461,4.7252135,3.9311607,4.111106,3.9378715,4.889917,4.7359834,4.527259,4.0297437,4.2520347,2.7276366,5.1745777,5.4296994,5.457604,5.0921497,5.298795,4.6093154,4.929604,4.576418,5.099183,5.1750407,5.98138,4.9863343,4.6638427,4.643599,3.1785743,5.304763,4.1636763,4.304594,5.1003046,5.3314376,4.7989144,4.7653556,4.742888,5.787233,4.75221,4.5164847,4.6938133,4.9440365,4.5584793,5.585846,5.881089,5.437754,5.171577,3.8100512,4.806969,3.647758,3.9343126,5.212926,3.7602165,4.159181,6.031939,5.3475466,4.6694984,3.2847617,4.7899957,4.860125,5.545588,4.992743,4.688155,5.058917,3.9300594,4.920949,5.3283834,5.275375,5.2754865,4.864138,5.2527757,4.2139826,4.685207,4.645304,4.3872027,4.4232125,5.388679,2.948259,4.7686076,3.9930813,4.1222854,4.752328,5.330457,3.8759735,5.1926827,5.6952734,5.2357955,5.248908,3.9007754,5.1252694,4.630855,5.3069224,4.5003223,4.127114,3.8717256,5.4102454,4.4005823,6.032159,4.666747,4.6736894,4.451673,4.337278,4.8857512,4.62627,4.2341824,5.33658,4.1510315,5.0750775,5.4833784,3.3635926,4.0894923,4.4092126,4.8842664,5.6919146,4.7327123,4.965286,5.2217197,3.8800502,4.775259,6.066167,4.961945,1.0322458,5.0808372,6.1326866,2.6442242,5.9792275,6.336253,5.0959535,5.415743,4.384458,3.385745,3.9395297,5.291079,4.7892413,4.3465414,4.420378,4.288273,4.661507,4.8649,4.1715465,3.8820918,5.1491795,5.146388,4.5795784,4.941191,4.6599045,4.720451,5.995485,4.616667,5.365872,5.304351,5.4468446,4.5436244,4.017578,2.5544841,4.1308103,4.9525485,5.2840753,6.2218823,4.138245,4.358395,3.9263148,3.6614268,4.371967,6.1897273,4.005097,4.421136,4.481574,5.21619,4.5887513,4.5426755,3.7727678,5.211029,4.037244,6.409446,2.1813018,4.7612658,4.5342126
1.1811532,3.2648082,2.428805,4.026605,3.3856022,3.3585553,1.5658277,1.5989517,2.429272,1.8158168,1.5471144,1.4333596,1.2845503,1.3897697,4.325935,0.82128465,2.9982407,2.6632874,3.6157994,0.6731644,1.6714339,2.680396,2.6060853,1.678523,4.1367655,1.9081581,4.1632395,0.66419435,1.2221912,1.5928756,1.7837062,2.8562896,0.87945026,2.3871908,0.87828237,1.6458768,2.738965,1.6255591,2.6504412,2.2978659,1.5132053,2.015436,1.4890089,1.4275512,1.7401105,3.7330549,3.0530415,1.6584039,1.9699445,2.526535,1.5000979,2.9193885,2.2704818,2.178293,2.1244342,3.8553357,2.0113971,1.7866677,3.9152622,3.1183887,1.3323066,2.889282,1.1535535,1.8015425,1.8309569,1.861116,3.4381368,3.0340033,2.4005795,1.8698107,5.173787,2.4371252,1.8330784,0.9287199,2.1868892,0.8636006,1.4287273,2.2749515,1.0689212,1.0298736,3.4923232,1.9667946,1.3290336,4.0112667,1.637253,3.98067,0.96319926,3.0571787,1.3463583,1.1899768,0.47426596,2.9875083,3.0792043,0.9293266,1.596829,1.7780472,1.2065017,2.6123517,1.8079491,2.0866709,2.2246788,2.270574,2.9361837,0.73793024,1.544337,1.4106017,1.7977576,1.0712537,4.3187103,2.9361837,2.393585,9.838648,3.3559036,2.3521633,0.72047967,1.3286363,1.5817847,2.1853411,2.412122,2.72371,1.8594425,1.5500935,3.106659,1.1211092,0.9882391,1.959634,2.4629707,2.1946442,2.3435473,1.6255897,3.817129,1.7571065,1.9547666,1.7001686,1.4174267,0.81220907,1.6252068,0.9916633,2.8984838,2.0545893,2.6830525,1.1252569,1.4122752,1.8875833,1.9913342,1.4836065,1.3052924,1.9414018,1.1415467,1.988811,1.1979507,4.038966,1.7935722,1.3248907,2.9011104,1.3264278,1.24073,2.979532,4.4806943,3.1564753,3.49189,2.2478025,1.1139739,2.154692,1.821249,1.8741888,3.394324,0.4475637,4.429404,2.759701,0.98771304,1.0538607,1.2666913,1.3374078,1.7695187,2.4814627,1.1227183,2.4457552,1.9862297,1.3668983,1.9568484,2.959854,1.9489709,2.6731129,2.4861958,1.1061639,1.0128931,3.5682318,2.1569543,2.0877416,1.7890837,2.2383995,1.3100523,1.5212551,4.5687203,1.2602887,1.8600421,2.133027,3.5380287,4.2803526,1.122325,1.6441041,2.037822,1.8825934,1.6651566,4.071079,2.1821196,1.9692043,1.8575237,2.9141967,1.7480489,2.3468344,1.891064,2.0175433,1.8217052,1.2116106,1.9411962,2.0929112,2.667031,1.8297673,1.2273027,1.3729295,1.5749892,3.527422,2.8112462,3.0116925,2.1281142,3.922696,2.7608702,1.9118229,1.5573382,3.3888996,0.90970606,3.0473547,2.444701,4.181766,2.2003303,2.2275696,2.0354178,2.6406176,4.885943,1.7772214,4.045371,2.3019886,2.4764376,2.0023003,2.5455427,2.2646554,3.3948364,0.6153713,0.68413347,2.067707,2.5820513,3.6992464,3.5558982,3.582856,3.123478,3.1806006,1.4009359,2.2914689,1.5734289,4.3922563,2.0910904,2.994176,1.7897993,1.7302583,0.97640437,1.7405888,2.446288,3.1241157,1.6773701,3.0468984,3.370671,3.9493728,2.4860835,2.6416924,1.8699644,2.0053434,2.7507832,2.39401,2.0151706,1.2494228,1.7262576,1.865947,0.76027226,3.7390118,1.9151888,1.6780795,4.142309,2.763134,3.223788,2.0291803
0.7044446,2.334811,2.0216184,3.4275103,3.080712,2.9147332,0.80170846,0.89480126,1.6149023,1.4687084,0.85163397,0.7423298,2.1787596,0.77258927,3.940862,1.1409322,2.5259497,2.6076095,3.2854853,2.1174262,1.0668614,2.0940192,2.1298153,2.8745337,4.975111,0.5690563,4.692215,2.261758,0.6201348,2.5578058,0.90306324,2.5748768,1.0042799,2.6038265,0.89426214,2.0044372,2.0505285,0.9718988,4.148657,1.3238078,0.36036468,1.930693,0.8387257,0.51329255,2.6949418,3.184315,2.2927623,1.1021173,0.84027815,1.7561673,0.81220376,2.3270006,1.5805484,1.8025626,0.5324791,3.4362793,0.9704214,1.4630781,3.5490272,3.2944343,0.5187395,1.883221,1.6215004,1.7027934,2.842153,3.1763034,2.5847232,1.7712083,1.924547,0.9153648,4.814076,1.8345517,0.8844516,1.4735227,2.9596415,0.9724679,0.47534302,1.5923704,0.92482495,0.96328175,2.7736037,1.1535614,0.8289574,3.6099339,0.44401142,2.7347534,0.9843642,3.040268,2.2684848,0.74249893,1.9174044,1.675566,1.7885813,0.98537785,0.883649,2.7613595,1.9023255,2.4838395,2.1854696,3.1253116,1.2634591,1.1969758,2.1375246,1.1265595,0.3745298,0.45681357,0.8596202,0.9930436,3.1280532,2.1375246,1.2869756,9.805278,3.1735244,0.9270588,1.1730721,0.36506942,0.5900396,0.77354676,1.2389318,1.5357628,1.3499397,0.9072483,2.375496,0.88851446,0.83932424,0.8302883,3.2732942,3.3422678,1.8800998,1.3348646,3.5445285,0.87884754,0.91155374,0.56833184,0.792415,1.0712165,0.883175,1.9471341,2.6155925,1.6472473,3.0467358,0.7836245,2.5891023,0.9620015,0.7608458,2.7479682,1.4177207,0.94536227,1.8215476,0.60646015,0.78762215,3.4599504,0.5483188,0.71355426,1.5978857,1.2508597,0.97807294,3.0145698,4.084373,2.6058097,3.6292787,2.7911065,0.8975934,2.9120464,2.4645996,1.925685,2.1817744,1.8633528,4.0151753,2.7798018,0.96789074,1.9625496,0.70827615,0.7346311,1.419317,3.2957258,0.84678835,1.4037771,2.3831599,0.78813165,0.9255977,1.9313077,0.9022376,2.1458042,2.2768726,0.7717813,0.95049083,2.4380488,0.59200335,1.7411677,1.3317151,1.7151568,0.63417464,0.7157777,3.3133337,2.4750998,0.9401329,2.6336164,3.5466826,3.982811,2.2071965,1.0936793,2.5955129,1.7754092,2.1550019,3.734063,3.0094926,1.7886474,2.162437,2.3402193,0.6926237,3.4792511,0.59107023,0.56702846,0.757568,2.353326,1.8877805,1.6735649,2.6429076,0.9583401,0.90834165,1.0431283,1.3692658,3.0836995,1.4638754,2.943474,2.7873106,3.473062,1.5151315,1.1395316,0.9843835,2.1081812,1.5533516,2.5081074,3.3638294,4.7759204,2.8431103,3.4428911,2.8152125,2.5051756,4.5362954,0.8887651,3.9472876,2.3614225,3.4154413,2.0477617,1.8027813,2.9529185,1.9946549,1.4209452,1.1994332,0.5056961,1.961252,2.411113,2.269664,3.3547554,2.3574839,3.1983736,0.8269747,1.9769101,3.05529,3.7943232,0.5269419,2.5515254,2.002066,1.4480436,0.74571556,2.9575312,3.533571,1.7080911,0.89190906,2.8652792,2.7308364,2.694223,1.7519374,2.9667993,2.60045,0.98355854,4.038758,1.041477,0.67295355,0.6675296,0.8968659,0.6362436,1.1609688,2.543868,0.8885242,2.0436006,3.320439,3.7506068,2.0533469,0.5374061
1.3671017,2.5178134,2.2006266,4.2390633,2.6389205,2.418145,1.4649798,1.6698035,1.6944993,2.036391,1.4463749,1.5699724,1.9052908,1.5282707,3.8433821,1.853519,2.9412494,1.6888157,2.596733,1.8971626,1.5828953,1.814858,2.913173,2.264821,3.8965225,2.1996107,4.564353,1.637797,1.5769686,0.63358295,1.7602861,1.8531755,1.191062,2.4959738,1.2994453,1.8238559,1.8004138,1.586215,2.7885592,2.5494409,1.9005035,3.1414154,1.4426461,1.6123168,2.0749836,2.5733669,2.0922532,1.4742019,2.4319859,1.6982908,1.4819959,3.2447367,2.7630274,2.8557615,2.449311,3.3955932,1.9035597,1.1905699,2.8441474,2.1624577,1.9081533,3.2226744,2.2673619,2.8877041,1.9550551,2.4846427,2.7733722,2.6088152,1.5299983,1.8149302,5.027044,2.8744826,1.7692214,1.6754386,0.95985484,1.2190868,1.9951676,1.5863535,1.2776096,1.2449075,2.4444745,1.6633972,1.4743032,3.569039,2.2456882,3.8877351,1.196103,3.020775,1.8525223,1.7297015,1.768214,2.685511,2.745472,1.1902753,1.4462763,0.80752915,1.1967785,2.5986912,2.871358,3.05883,1.7160721,2.1189973,2.067384,1.1384858,1.7930582,1.7702266,1.756051,1.6072954,4.0707846,2.067384,1.9409983,10.020915,2.6080906,2.372972,1.4391148,1.830181,2.1885767,2.6424246,2.0206618,2.982692,2.7134564,2.4013088,3.3179862,1.3189683,1.2899116,2.5034738,1.5584704,2.8353975,1.36793,1.8913571,2.7212431,1.7077498,1.874196,2.0855048,1.4907972,1.1604749,1.5579417,1.7344779,1.8108628,1.3203644,1.5621972,1.3358341,2.4120312,1.7631761,2.5452273,1.2507583,1.2333677,1.8504388,1.9521768,1.9318383,1.3674643,4.2152534,2.1727092,1.8429599,2.5423725,1.3336099,1.731851,1.8011073,3.269391,2.1111817,2.2552915,1.7672027,1.5366739,2.2931983,2.089428,1.064356,3.8831735,1.790271,4.1195326,1.7967933,1.2146391,2.1047194,1.5786244,1.4804412,1.7504784,1.4135463,1.3215898,1.9542608,1.2802086,1.502676,1.8858784,2.2230792,1.8643038,3.0249674,2.2929287,1.8769805,1.22705,3.1977198,2.5305312,2.677114,2.0855234,2.9088914,1.6378993,2.1998427,4.904942,0.8438872,1.8269448,2.0880303,2.4427364,3.1175022,1.7851336,1.876761,2.2238078,1.4290783,2.1481984,3.358525,1.2486136,2.8002548,2.8354542,1.8923881,2.4714856,1.7893018,2.1884754,2.3591535,2.4305263,1.6635479,1.2036176,2.6007304,2.1183698,1.8002522,2.0464914,1.7122583,1.7098149,3.2946663,2.8401165,2.0616417,1.4432596,2.8351686,2.3384876,1.4098774,1.6327807,3.808098,1.9740084,3.5388303,1.4318293,4.587029,0.8574225,2.121061,3.0018203,1.7706617,4.751446,1.7094404,2.9201784,3.2059329,2.1165092,3.0880697,1.7053311,1.0512633,3.3325343,1.5185258,1.7576387,2.1724958,2.9714215,3.6180923,3.9228933,2.6196218,2.196797,2.8091197,1.4534214,2.8242333,1.9768019,4.4650292,2.434585,1.9156176,2.123529,2.013853,1.5193418,1.416677,3.0363052,3.3537397,1.4311237,2.3363185,3.7897549,3.8558304,2.0669436,1.8725584,2.063849,2.3504832,2.3984103,2.8380919,2.4969192,1.7920603,1.7163459,2.3399308,1.0758566,4.2333965,1.8250097,2.4165134,4.227967,3.2949967,2.7058406,2.4393282
0.977954,2.2260113,1.9970999,3.5599074,3.1764004,2.9457982,0.7330041,0.69867444,1.5293987,1.2788554,0.8042967,0.70875627,2.5436063,0.77653813,4.1036296,1.6926876,2.6110373,2.7707477,3.3927345,2.6012447,0.7556555,1.9644217,2.4238384,3.4184458,5.3880463,0.85924405,5.357282,2.559263,0.87839854,2.6626532,0.512959,2.5648541,1.2487633,3.0121732,1.2231641,2.0622864,1.8736756,0.86561966,4.2488337,1.6582916,0.7299002,2.5349538,0.7869592,0.70357084,3.2234986,3.080054,2.1298304,0.83540386,1.3271236,1.6462902,0.774423,2.6585252,1.8871089,1.7227793,0.8117738,3.5250049,0.4882595,1.3509712,3.560721,3.4898293,1.186973,2.1935663,1.8720481,2.2373383,2.8279874,3.724078,2.765939,1.8050816,1.7379684,0.47052813,5.0078363,2.1841881,0.51249564,1.6619141,3.0718815,1.2514975,1.0979894,1.3967819,1.115209,1.1580371,2.6324549,1.0608096,0.8956445,3.7024462,0.8987984,2.9951565,1.193716,3.4037206,2.6196647,1.1578323,2.3858056,1.7870809,1.8898004,1.2144029,0.7965763,2.9073315,2.0609639,2.6642716,2.8492577,3.7463956,1.166439,1.46646,2.0669067,1.4283979,0.5690564,0.76486284,0.56347054,1.3762376,3.3451939,2.0669067,0.9904843,10.423314,3.1432211,1.2263076,1.5782577,0.9014324,1.2406454,1.2875135,1.2483032,1.9928056,1.8758669,1.5438945,2.6279068,1.0681815,1.1393555,1.4263715,3.5816815,3.9201381,1.7609302,1.1891794,3.617743,0.615912,0.42577666,0.9355853,0.7995395,1.3303885,0.72390914,2.0620122,2.4057136,1.5750802,3.2643838,0.99658275,3.170587,0.56269795,1.3220564,3.0875325,1.3519658,0.4930706,2.0927896,0.62840325,0.94832855,3.6106293,0.8032772,1.1217227,1.6384724,1.2326199,1.3259165,3.012435,4.0932126,2.5530012,3.7634528,3.2098012,1.0708295,3.409639,2.9303236,1.9249619,2.6208305,2.2939203,4.133741,2.839478,1.1785698,2.5655136,0.87474316,0.78888196,1.1822722,3.4817805,1.0552713,1.2305566,2.755707,0.81268555,0.43216956,1.7528706,0.42969695,2.4130895,2.3867846,1.3250486,1.1506041,2.6229076,1.0215992,2.1427808,1.2354121,2.3691669,0.82394964,1.376782,3.6424885,2.667925,0.4928508,3.085827,3.689834,4.0381694,2.3342984,0.9924158,3.0632172,1.8252205,2.4876745,3.9089465,3.2806103,2.2823782,2.6996262,2.1798189,1.1906149,3.458614,0.88916624,0.85898715,1.212852,2.732064,1.8937291,2.0068486,2.9783075,0.53832144,1.4702116,1.0619308,1.1609111,3.4543247,1.7801746,3.1982245,3.0015106,3.4760373,1.5361167,1.0356696,0.78902924,2.4982715,1.8174598,2.450317,3.562029,5.438902,2.9330075,3.4114676,3.4660122,2.315239,4.682381,0.6206698,4.071245,2.7987323,3.8722801,2.5815244,1.605075,3.1378305,2.1966355,1.7901037,1.6438136,0.707118,2.2184145,2.6539848,2.6473582,3.4957182,2.2850394,3.5189333,0.8241063,2.3121588,3.371191,3.9290345,0.8486589,2.51856,2.1031797,1.3472991,1.0792688,3.332923,4.1438594,2.0219996,0.79668933,2.9730816,2.6604497,2.9491405,2.0244362,3.3339348,3.0997272,1.4058211,4.0599174,1.535319,1.1304233,1.1006889,0.5532361,1.016598,1.418079,2.96059,0.47621292,2.5346413,3.272063,4.370339,2.0822127,0.93950206
2.361505,0.5289737,3.368443,5.103709,3.321263,2.6996183,2.263007,2.6376603,1.1063303,3.3410137,2.3677292,2.5386126,3.8738487,2.5659966,4.4334173,3.1798804,3.9765801,2.5382712,2.6910417,3.6563308,2.4249425,0.81709576,3.9479103,4.036545,4.2083583,2.764709,5.0662527,3.7307081,2.6402624,2.8783526,2.4018104,0.77784985,2.5859413,3.9252608,2.612846,3.6655462,1.0125985,2.0959122,4.9071302,3.170908,2.6920807,4.104916,2.3977036,2.440452,3.7850895,1.0067054,0.83523524,2.302662,3.021689,1.1002249,2.4379659,4.0900874,3.7111542,4.1079803,2.7058427,4.1326904,2.4162254,1.7524791,2.9554174,3.1576822,2.6553726,3.6913326,3.8642578,4.031623,4.1462545,4.1816187,2.138059,1.329324,1.2615933,2.3704624,5.8120975,3.8126986,2.241811,3.417854,2.5812519,2.5642638,2.8034391,1.3417196,2.6135678,2.6248257,0.80191976,1.6193001,2.622386,4.3201747,2.9695098,2.4704301,2.580729,4.1858335,3.8668633,2.9034123,3.5214667,1.5362427,1.4783889,2.5703409,2.3210535,2.7800658,2.483917,3.949336,3.9512916,4.4597,1.390553,1.5266105,0.64996666,2.5676324,2.4901457,2.6656086,2.1796145,2.9922123,2.3928447,0.64996666,1.6108829,9.549441,3.625016,2.0033724,3.0140398,2.6775835,2.8840466,2.7603173,1.3887774,2.9702892,3.6747572,3.1964922,4.036178,2.6102953,2.5294995,2.9659142,2.906012,4.1331835,1.2536225,3.227796,2.8263776,2.16994,2.3281555,2.8535423,2.5219631,2.6527395,2.4537125,3.697301,2.5117998,1.3596638,2.6535187,2.4327323,3.9823072,2.3882918,2.9851477,3.4076734,2.4345589,2.4199548,3.800433,2.0431073,2.5120127,5.069473,2.8732994,2.9401352,1.4202334,2.3039517,3.045741,2.7654648,2.7053392,2.0867116,2.7026966,3.1357193,2.8627203,3.935131,3.7898736,2.618015,3.4847705,3.5999212,4.881317,2.9458983,2.5938892,3.5014672,2.695422,2.4889505,3.0189135,3.1789834,2.5717273,1.3016331,2.5346768,2.5729935,2.3893166,1.0565819,2.2894557,4.042109,3.5846388,2.9977043,2.5801785,2.6363304,2.6263773,3.836172,3.3350449,3.106182,2.686465,2.9552302,3.888783,2.9847908,2.4645402,3.6137784,2.975609,2.9190083,3.8759334,3.048054,3.8389413,2.86807,3.937095,3.7488253,2.9995887,3.9906516,4.256197,0.8500286,3.1812406,3.8088217,2.7854815,2.811603,3.166591,3.7549493,1.5309776,3.75798,3.0268073,2.5031705,3.1702967,3.0227733,3.0560417,2.0665493,2.0884247,2.435122,3.3587644,2.714662,1.3570545,1.7308553,2.6941092,3.2154315,3.6613183,4.674109,3.2545528,5.1563582,2.4462914,4.139898,4.300873,2.9553406,5.6434507,2.1456852,3.102701,4.584621,3.3196778,4.3169255,1.198388,2.67269,2.1791835,3.2638342,3.2499623,2.318567,3.9388344,2.2714055,3.229183,2.9636579,0.5655672,3.8615365,2.5084088,4.0341167,4.2654037,5.2319655,2.7329507,2.1004448,3.8492303,3.3844564,2.7120616,3.275406,4.436502,2.6419818,2.0777113,3.2813954,4.813055,2.4405694,2.3344564,2.7790163,3.7172835,3.00848,4.2933006,2.7764277,2.9632494,2.8913786,2.3853865,3.0006032,2.5987504,3.6839142,2.203489,3.9582806,4.9012413,4.422654,1.1070728,2.819829
0.4162944,2.2214608,2.0327222,3.5927236,3.0176063,2.8263257,0.63981175,0.83691347,1.4530168,1.4844861,0.7121217,0.62441474,2.0633569,0.6465822,3.9518163,1.0375499,2.6032674,2.4400892,3.1645033,1.9249549,0.9408547,1.8938553,2.2419486,2.6871917,4.691283,0.78287995,4.560238,2.049856,0.47850895,2.2610667,0.83730453,2.3298168,0.7411638,2.5548198,0.6402993,1.9284493,1.882146,0.7665173,3.8954082,1.4810485,0.44640875,2.0171368,0.6866189,0.37130675,2.5183494,3.0085857,2.145966,0.9412259,1.0423776,1.5955815,0.68046147,2.4663508,1.747538,1.9394104,0.8337892,3.4560068,0.97361857,1.2072388,3.4430223,3.121893,0.46298313,2.090613,1.605129,1.8038559,2.6751153,2.9651647,2.5491972,1.7664682,1.7080559,0.86981255,4.891754,1.978248,0.80020523,1.3682667,2.646521,0.69922554,0.5454535,1.4036143,0.7140678,0.7455018,2.6267557,0.9635739,0.6986902,3.6338832,0.6745536,2.807026,0.73675334,3.028945,2.139852,0.6946718,1.725032,1.6986885,1.8041123,0.7274845,0.74419606,2.4450667,1.5959883,2.49926,2.1505594,2.9860678,1.121211,1.1064975,1.9902043,0.8362311,0.35147607,0.44092083,0.7502671,0.9015179,3.1678596,1.9902043,1.2162877,9.75926,3.1091475,1.0059845,1.0050532,0.333253,0.71543074,1.0069039,1.16861,1.7047852,1.4974539,1.0100003,2.5292988,0.6914804,0.57820976,1.019893,2.9800124,3.1283517,1.6608565,1.3229612,3.4126768,0.74849576,0.88804275,0.7296601,0.6605351,0.8168429,0.78775895,1.8068013,2.4768636,1.3974541,2.8071134,0.51602495,2.421836,0.91923285,0.99144936,2.4783955,1.1646936,0.9315911,1.7494621,0.61498964,0.5784131,3.6147313,0.7573594,0.72617245,1.604204,0.9910591,0.94031274,2.8358607,3.9455252,2.4931347,3.4115446,2.5844,0.77929074,2.7629414,2.345721,1.7451245,2.3810768,1.6923478,4.0702157,2.6302445,0.73058856,1.8064173,0.5990109,0.5636009,1.3740054,3.0228817,0.63899446,1.2959806,2.144612,0.65580046,0.91377264,1.8470575,0.86970925,2.280019,2.2694066,0.7329349,0.7142969,2.5120392,0.85773057,1.8474199,1.3811102,1.7345693,0.54723,0.8020195,3.4826028,2.1678886,0.90829706,2.4991753,3.376177,3.844632,2.0590498,1.1097298,2.4853098,1.6628581,2.1014569,3.684804,2.7331367,1.888512,2.1905613,2.1509511,0.92267203,3.2047997,0.79516613,0.8392768,0.9813126,2.177264,1.598097,1.7846553,2.5226462,0.92182773,0.9249238,1.0018514,1.300154,2.9436529,1.5511705,2.7656052,2.582795,3.3678489,1.4942678,0.9555015,0.9103175,2.2928038,1.4831674,2.691747,3.0799918,4.636172,2.5399497,3.195054,2.7186947,2.3852952,4.6172385,0.7589322,3.7886248,2.4557571,3.138163,2.1371584,1.6416626,2.664627,2.1005542,1.2663052,1.0840755,0.67965174,2.1150873,2.4870107,2.4473538,3.234415,2.208925,3.1319406,0.6807517,2.0865316,2.8443942,3.9405553,0.82604575,2.4177666,1.9806335,1.463271,0.5491005,2.664419,3.3493137,1.8772094,0.71594554,2.785305,2.9295762,2.7675629,1.7120785,2.7511683,2.450384,1.141139,3.7532997,1.244559,0.94168335,0.64878386,0.807607,0.8769939,0.88136643,2.7353382,0.82594454,2.0256588,3.5093162,3.558444,2.0187664,0.8330382
1.9078711,3.8168106,1.7252108,2.72906,2.5015314,2.7942216,2.1183057,2.0596795,2.9304237,1.925379,1.9929336,1.998821,0.53844404,1.9270561,3.078509,1.3520436,1.8624321,2.2253036,3.087106,1.587015,2.374493,3.4039228,1.4082565,1.5235777,4.9572344,1.9138939,4.1398253,1.6778271,1.7687235,2.3205254,2.4139533,3.6203463,1.7490226,0.9271657,1.6765754,1.3111659,3.251629,2.5585198,3.5438426,1.6743748,1.8543532,1.9348384,2.0127065,1.9489214,1.2074578,4.135221,3.4951036,2.3867266,1.7560203,2.976182,1.9714541,1.7196933,1.4771742,2.1261978,2.2624598,2.675769,2.4442668,2.6641133,3.3651402,2.490047,1.7979013,2.0746086,1.5657755,1.5444899,2.198106,2.0997381,3.0560758,3.3141663,3.1615396,2.4653687,3.6927345,1.4305795,2.5201297,1.3691213,2.854607,1.7681937,1.6843446,2.9863434,1.6807394,1.6681523,3.8917222,2.7950063,1.7908369,2.7903829,1.9197922,4.135175,1.7311544,1.605484,0.5838593,1.4241674,1.496146,3.2395985,3.3420377,1.7428181,2.0520215,2.601823,2.6115758,1.3467376,1.8437275,2.3157876,2.7777035,2.8107104,3.3770843,1.8035374,2.038676,1.8067456,2.550624,1.203846,4.483141,3.3770843,2.9093208,9.575754,2.537959,2.6324039,1.2036837,1.801993,1.7384228,2.346262,2.8397548,2.3599951,1.4969922,1.7475258,1.9649763,1.6896007,1.7273557,1.9120808,2.7081447,2.7563922,2.9363725,1.8661219,3.3145106,2.5357585,2.5106447,1.7226979,1.9090961,1.6606609,2.0664866,1.6670808,2.8492308,2.8844762,2.5107164,1.9088786,1.7980285,2.365145,1.9909341,1.763234,2.4328635,2.4059699,0.9754593,2.40308,1.8187637,2.707455,1.8724254,1.4482887,3.2024648,2.4629967,1.2212082,2.6820748,4.19936,2.9299688,3.282292,1.7499797,1.6249477,1.2099087,0.61811095,1.8492863,3.3398027,1.389438,3.0858886,2.2333817,1.6988522,1.5773934,1.752485,1.9596938,2.0085251,2.5252497,1.6971804,3.046264,1.8634654,1.8913181,2.4758806,3.3402321,2.5299752,1.5212052,1.4651612,1.4534255,1.7216564,3.0507963,2.3851795,1.0988696,1.7627329,2.5258946,1.7768741,1.6767454,4.643294,2.2891421,2.4134483,1.071207,3.0324368,3.853349,1.635037,1.8074222,0.78931606,1.5395716,0.40870368,3.0652132,2.2487028,1.1614957,1.0448543,3.497499,1.8941671,3.1663487,1.8745469,2.0500128,1.751537,0.83717674,2.9566517,1.1554643,1.8324404,2.3676605,1.3496783,1.6771355,2.0305467,4.14322,3.0279577,2.6350224,1.6423312,3.4596612,3.0572095,2.4539878,2.0492413,3.5001001,1.417695,2.3739793,2.5968313,4.1697025,2.7653096,3.2193973,1.9711856,2.4623103,3.427854,2.5500262,3.5437574,1.3020442,2.7538888,1.5074781,3.0683203,2.5193408,3.5678122,1.1264014,1.3315827,2.3001332,1.5581213,3.898977,3.6321049,2.9313455,3.5470319,1.9467984,1.9221998,1.1690711,1.6841426,3.0353663,2.2062008,2.7891695,1.186836,1.7453372,1.7323896,2.2206557,2.504646,3.2931726,2.2365117,2.1731012,2.5994992,4.110665,2.0225017,2.3058043,0.968912,1.624341,3.7277424,2.5462255,1.9909683,1.488607,2.406484,1.8355097,1.7529503,3.7417576,2.5647142,0.48003832,3.0897272,3.0216618,3.5477624,2.1124046
0.49997294,2.349144,2.0405934,3.5293145,3.0637782,2.9013903,0.74114525,0.88073367,1.591197,1.4745163,0.794027,0.67726684,2.0178914,0.6944362,3.9620478,0.94944096,2.5780034,2.5151124,3.2450383,1.8804957,1.0255084,2.0377045,2.1749015,2.6543381,4.7470875,0.730963,4.530576,2.0320544,0.48281354,2.3391814,0.9160705,2.4693065,0.78346735,2.5202343,0.6629689,1.9153671,2.02325,0.88204885,3.9203167,1.4225285,0.38995457,1.8842269,0.7671584,0.43120185,2.494621,3.1460166,2.2833083,1.0412182,0.94894683,1.7330405,0.7516764,2.3934724,1.6575425,1.8610789,0.779756,3.4670334,1.0442419,1.3441757,3.5267425,3.185849,0.3605764,2.0158513,1.5162413,1.667965,2.6862693,2.9384665,2.6147437,1.8555237,1.8528525,0.950235,4.8616714,1.8947006,0.8970384,1.3298535,2.7473238,0.7401977,0.42541528,1.5472482,0.75216395,0.783288,2.7624931,1.1008627,0.73523587,3.6416552,0.55038947,2.832417,0.78253025,2.9997747,2.1034293,0.6290064,1.681059,1.7707571,1.8790469,0.77334636,0.8335144,2.5304003,1.6708595,2.4726737,2.0513978,2.922446,1.25795,1.1928511,2.123552,0.87788224,0.38094285,0.411772,0.8544998,0.85432285,3.2114358,2.123552,1.3403355,9.73607,3.1554718,1.0422438,0.9704585,0.22987498,0.5931962,0.92974776,1.2826301,1.6531845,1.3664918,0.8742518,2.4685738,0.72876185,0.6194613,0.9163335,3.0549488,3.1059825,1.8039283,1.3150189,3.4987066,0.8559633,0.96991247,0.65790284,0.7164839,0.8495308,0.85814375,1.7845021,2.5786486,1.5413922,2.8901732,0.5863391,2.367727,0.99778885,0.88306797,2.5090652,1.2522168,1.0034609,1.6901575,0.70639694,0.63331026,3.5547636,0.68991417,0.65069413,1.6899588,1.0849426,0.8860476,2.9260957,4.051114,2.593521,3.5091448,2.6166434,0.76943564,2.7420974,2.3131595,1.8197583,2.3127306,1.6410396,4.060891,2.6991608,0.773092,1.7467273,0.6054655,0.6262043,1.4013549,3.0982957,0.6795023,1.4273003,2.2031925,0.70233333,0.98846215,1.9728835,0.95619524,2.2069955,2.2656062,0.6266653,0.759455,2.5407808,0.7997541,1.7530051,1.3532697,1.6652564,0.54619616,0.6790484,3.4460642,2.229396,0.9777194,2.4890294,3.4568698,3.9390612,2.038933,1.1003146,2.455214,1.7050525,2.048265,3.7234545,2.800589,1.7723783,2.079834,2.294505,0.78540003,3.2726736,0.74120647,0.7748079,0.8625676,2.1550784,1.7312175,1.6994015,2.5545766,0.9877968,0.8087251,0.98824954,1.321246,3.0051432,1.571075,2.8422208,2.625024,3.4577694,1.5910236,1.0925901,0.95227474,2.2421865,1.4128664,2.6147475,3.153925,4.606999,2.6450133,3.240992,2.6416323,2.4618723,4.5871286,0.8686537,3.8741102,2.3392868,3.1816263,2.0061557,1.781975,2.7535815,2.1268668,1.2246394,1.0093648,0.6995497,2.0374658,2.5149667,2.4036133,3.3046038,2.3419685,3.1370335,0.7417742,1.9986526,2.8335567,3.8903272,0.7649062,2.5189164,1.9434482,1.4421104,0.53686637,2.7068598,3.3149405,1.8576373,0.8375324,2.828362,2.8564997,2.793573,1.7538004,2.8095562,2.4281485,1.070429,3.8146,1.1784753,0.8432306,0.57252574,0.89008254,0.78140926,0.9255826,2.6716175,0.92362016,1.9419798,3.4637313,3.5326157,2.1159246,0.7521078
1.1934385,3.1072469,1.0895826,3.0039136,2.428456,2.481141,1.1480259,0.9503639,2.1515179,0.7132229,0.9935491,1.0134448,1.2228239,0.9422068,3.370871,1.3997862,1.8108456,2.0676577,2.9472306,1.942441,1.2352483,2.5856464,1.7892509,2.4733624,5.2121873,1.3863851,5.0981407,1.6179582,1.0039792,1.7963728,1.3289036,2.9662602,1.03205,1.9227014,1.0611323,0.50214213,2.3934546,1.648856,3.2799995,1.6384015,1.20101,2.5063705,1.004293,1.1467496,2.2205427,3.4617722,2.6958582,1.2709816,1.6324415,2.1804116,0.97028637,2.2034707,1.5752196,1.4448863,1.7641078,2.7540863,1.3435472,1.7255249,3.0843728,2.5782287,1.5459441,2.2460027,1.2877744,2.0227618,1.5408081,2.9086134,2.9305153,2.7868073,2.233836,1.380152,4.215428,1.7713872,1.4877529,0.70809805,2.4260325,1.1045316,1.3863701,2.0587237,0.83846384,0.8356718,3.1576376,1.9526541,0.81712705,2.9112506,1.4584793,4.021014,0.94433844,2.429499,1.2458929,0.9491516,1.7405885,2.7946424,2.8976905,0.9927628,1.0369625,2.1967435,2.0311518,1.5491608,2.6194446,3.2065096,1.9682338,2.3766024,2.684117,1.2340306,1.2598804,1.095357,1.5659902,0.7949343,4.3383493,2.684117,1.9750757,10.5214405,2.1892672,2.2267387,0.9228336,1.2825978,1.5891646,2.1443093,2.1769283,2.4795828,1.7936361,1.7976038,2.2575624,0.8289045,1.0520861,1.8839229,2.826151,3.4343996,2.0771923,0.6527697,3.130122,1.5527614,1.4405802,1.2247709,0.92149895,0.97507113,0.9943421,1.0413222,1.9297972,2.044339,2.4807527,1.1330745,2.5490646,1.2534242,1.8763852,1.9942958,1.4670161,1.30296,0.8984139,1.6619918,0.9589088,3.0280602,1.2779906,0.9827829,2.6628394,1.5718957,0.76350975,2.2144158,3.8879106,2.3630764,3.1455123,2.3035703,0.7572181,2.3116612,1.7802529,0.988119,3.4856374,1.5648848,3.3492086,1.9027791,0.90298504,2.1374025,0.8931286,1.0303239,0.6808626,2.4412158,0.8784843,2.209305,2.0595253,0.9104689,1.3882489,2.5471625,1.472619,1.8329637,1.3040171,1.2508943,0.91013896,2.9682884,2.0180016,1.5662546,0.7003472,2.8385718,0.9511141,1.6329095,4.7209253,1.9214518,1.299614,2.0121806,2.987404,3.6527264,1.1475412,0.69327855,1.938326,0.75080186,1.1660731,3.2623117,2.31718,1.8068137,2.020431,2.6657467,1.6531342,2.5428169,1.3589439,1.5589272,1.5241656,1.4337958,2.2017503,1.4052494,2.2087135,1.2375803,1.3214153,0.61724705,0.74718636,4.1197634,2.7863054,2.6972413,1.702021,3.137047,2.4754677,1.5521355,0.8959873,3.51621,1.0838839,2.0175874,2.5309324,5.1379323,2.2865863,2.5732093,2.9610898,1.496786,3.8420153,1.5670131,3.4913082,2.1126316,3.2122812,2.2083406,2.1697488,2.3166583,3.299803,0.9380326,1.1845039,1.6973442,1.7529608,3.7190888,3.661602,2.901748,2.871451,2.5546591,0.9205712,1.620495,2.056011,3.3497071,1.735745,2.2259274,0.6953263,0.6012437,1.0898056,2.4686713,3.459296,3.1247964,1.2831604,2.0843966,2.2893221,3.98392,1.911855,2.6370237,2.036097,1.5092299,3.239049,2.4251435,1.7223111,1.0146682,1.3355374,1.4454553,1.106191,3.893178,1.5383111,1.6084522,2.9394307,3.874326,3.0295665,1.7118287
1.8696655,0.6682118,2.5798352,4.2902718,2.8187132,2.2466009,1.6108536,1.9173642,0.554094,2.5642412,1.6946738,1.8862689,3.4410136,1.9202486,3.903494,2.780558,3.1912806,2.2624505,2.481329,3.4788198,1.7642677,0.8424517,3.2403245,3.9574444,4.9516244,2.0202613,5.3991637,3.4745243,2.05161,2.7887018,1.686509,1.4034172,2.147154,3.4771538,2.166258,3.0309138,0.6008798,1.6154112,4.854526,2.4514515,2.0328915,3.7063699,1.7449579,1.8166032,3.6506834,1.4425229,0.5473688,1.6743807,2.3647237,0.5329054,1.7696441,3.4007914,2.9764955,3.3117304,1.9745123,3.4877937,1.5952257,1.3986198,2.6507406,2.985362,2.192659,2.961907,3.3155832,3.522658,3.700952,4.2230144,1.8355442,0.85062706,1.0223548,1.6274686,5.187326,3.1148305,1.5534263,2.8754003,2.7407105,2.144018,2.2418418,0.8743964,2.0787094,2.104316,0.95150745,1.1819694,1.9852837,3.6783986,2.3211398,2.4356894,2.1030283,3.704516,3.449377,2.3198936,3.2999892,1.1046158,1.1029254,2.112025,1.6395539,2.8600483,2.4610717,3.2689717,3.7388666,4.450163,0.7541722,1.2644436,0.49408114,2.2278342,1.8343832,2.0235155,1.5409825,2.4393463,2.503288,0.49408114,0.7824933,10.02186,3.0157566,1.4577825,2.5664237,2.109594,2.338684,2.1985402,0.74707025,2.4284585,3.0963502,2.713056,3.293864,2.05449,2.058844,2.4025643,3.1720395,4.325158,0.94960666,2.4922428,2.6533365,1.5528908,1.5567461,2.1514597,1.8700402,2.2201505,1.7402065,3.2199202,1.9431418,1.1577132,2.6859329,1.9385363,3.9068396,1.60939,2.3878272,3.354017,2.0636399,1.6223742,3.263612,1.3272182,1.9494134,4.277091,2.1341927,2.320401,0.88046426,1.9483031,2.4394975,2.4547973,2.7502835,1.6190343,2.8210933,3.0840323,2.269074,3.7473657,3.4623156,2.0887663,3.1090188,3.3077896,4.2214713,2.5305529,2.0997176,3.3512805,2.0734677,1.8817229,2.2649136,3.2033336,2.0241294,0.6412443,2.5099742,1.932638,1.6031252,0.05757221,1.5305127,3.3050358,2.8856986,2.4915507,2.079031,2.1065738,2.0014207,3.18879,2.5522623,2.9478788,2.0554056,2.449518,3.7130246,2.9581943,1.7061901,3.3485196,2.8871148,2.8799148,3.4203925,2.2911868,3.519019,2.2350755,3.401569,3.3799064,3.054322,3.419159,3.7934034,0.830643,2.5580173,3.7240412,2.0439703,2.0655594,2.4978957,3.4402788,1.5810694,3.0658717,2.747963,1.7464052,2.650093,2.3412704,2.3604176,2.7184653,1.7189053,2.4250414,3.0845168,2.4420106,0.7255858,1.1017821,1.9891919,2.882816,3.1454868,3.784019,3.321868,5.494216,2.5467207,3.9844804,4.2015247,2.3138564,4.9602275,1.5258201,3.0844343,3.9991367,3.6529353,3.8200788,0.6038395,2.7585065,1.857353,2.8281953,2.8105876,1.5871736,3.1836932,2.1597617,2.9213762,2.7319736,0.649023,3.4815917,1.8668342,3.3497314,4.0568385,4.451596,2.0099614,1.6676738,3.1722054,2.6256993,2.2120395,3.4052129,4.547947,2.2444031,1.4296324,2.768076,3.8961828,2.394425,1.8087392,2.8541946,3.4970355,2.327473,4.3372207,2.278762,2.2870817,2.296597,1.7006805,2.2893476,2.2250767,3.374385,1.4869925,3.4833255,3.9833567,4.6562514,0.86756194,2.1206393
0.8809484,1.8500278,2.3204699,3.927196,3.2846615,2.9780757,0.7696959,0.9754482,1.2309535,1.6953365,0.91499734,0.86293435,2.678665,0.9310786,4.2670493,1.6859617,2.9437478,2.730081,3.33683,2.519069,0.8775848,1.6009594,2.701843,3.3302047,4.952328,1.0897856,5.0581274,2.5637352,0.9688654,2.5625043,0.6949981,2.1615248,1.2073897,3.1344607,1.1811681,2.3503118,1.6178802,0.59731007,4.22216,1.865661,0.8946848,2.5616517,0.8898913,0.757312,3.1599169,2.7840059,1.8634806,0.87715584,1.4700547,1.38704,0.9081448,2.9075396,2.1878452,2.18612,0.96412534,3.7467632,0.7995926,1.0985475,3.56212,3.4615493,1.0902169,2.421798,2.090304,2.3695118,3.0166197,3.5728476,2.6373763,1.499155,1.4477624,0.6725558,5.26348,2.4444776,0.5401635,1.8564761,2.8697014,1.1823767,1.1409276,1.1027455,1.1682019,1.2027357,2.35195,0.6363343,1.0544726,3.9310517,1.0792828,2.6764822,1.188017,3.547288,2.74722,1.2897863,2.3198001,1.4803494,1.5719715,1.1872765,0.897707,2.725905,1.7850876,2.9444387,2.7568893,3.5962532,0.8503683,1.014866,1.7448872,1.3075782,0.6710917,0.91338253,0.45740283,1.5034101,3.0029182,1.7448872,0.79947436,10.08952,3.345466,0.9671704,1.6234837,0.9354083,1.263279,1.2314341,0.9137499,1.9767997,2.0357447,1.5559387,2.9022295,1.1386019,1.0965631,1.4520046,3.3528075,3.6682112,1.509383,1.564345,3.5651119,0.49083143,0.63885015,1.157812,0.9452703,1.3060662,0.917394,2.2321684,2.4900944,1.2324816,3.1280994,0.9352847,3.0434175,0.80818635,1.3791809,2.9923613,1.2384448,0.7854331,2.3055105,0.48533243,0.9896283,3.9600708,1.088743,1.2925549,1.3324475,1.0393339,1.5091434,3.0250742,3.9634247,2.5241048,3.6168714,3.097678,1.2357,3.3911638,2.980207,2.0142589,2.5019042,2.2859244,4.3898406,2.9042687,1.1907316,2.4316921,1.0290992,0.8663951,1.5315316,3.3804538,1.10384,0.88407755,2.5889604,0.9624189,0.70447034,1.5079544,0.5961749,2.7193265,2.6576178,1.3758181,1.1644278,2.5902903,0.9903475,2.386355,1.6548774,2.1217337,0.98275715,1.3781272,3.4290392,2.5193145,0.76703733,3.0929115,3.6215293,3.9456031,2.5034873,1.3707303,3.1101863,2.0035255,2.6934237,3.9662032,3.1414979,2.4706097,2.8287387,1.8850238,1.3456168,3.423883,1.1215799,1.0843003,1.4174165,2.7869844,1.5262284,2.2886438,2.955292,0.8232699,1.5550822,1.3561399,1.4740797,2.9487083,1.4934912,3.0490465,3.0348566,3.4455905,1.2452823,0.85960805,1.0586977,2.318506,1.9979503,2.944333,3.4436598,5.1427298,2.749997,3.414086,3.351996,2.5009418,4.976794,0.48409173,3.982478,3.034061,3.5972886,2.7221322,1.3711873,2.9770637,1.9279392,1.8652864,1.6966491,0.7246027,2.5364733,2.3351445,2.4590874,3.4668663,1.9641939,3.5976667,0.9553283,2.5983913,3.4018383,4.2645993,1.0009129,2.4860864,2.4302566,1.7457064,1.0908122,3.1410072,3.9562404,1.8128105,0.7450589,3.094203,3.1553369,2.6310236,1.9963094,3.1623716,3.0831368,1.5749562,3.9729168,1.4190923,1.2782048,1.2371837,0.68102264,1.2519612,1.3405528,2.8102086,0.5072441,2.6726227,3.6979408,4.113187,1.7396975,1.0879983
3.6523974,5.230492,4.3564415,6.1212883,5.18689,5.175142,3.8230522,3.767093,4.4816117,3.686981,3.8030953,3.722024,3.23287,3.6880288,6.2229424,3.5920732,5.023431,4.4456387,5.38661,2.8985047,3.6627657,4.423317,4.9520893,3.4010046,4.7625237,4.479135,5.9439936,2.2661765,3.706605,2.4676178,3.886589,4.404204,3.3129241,4.4715962,3.4255283,3.298312,4.5354023,3.7492378,0.39737442,4.893439,4.0596004,4.5853443,3.73646,3.8761866,3.6514626,5.2837625,4.865633,3.6424546,4.6669407,4.511528,3.771351,5.351196,4.7517767,4.0477433,4.723591,5.717471,4.123356,3.6303828,5.530039,4.6127696,4.0728407,5.4919496,3.275975,4.3441467,2.0972414,3.2849517,5.7577677,5.4135604,4.0638437,3.9722197,7.0477424,4.9216857,3.9580474,3.0905592,2.9306984,3.341104,4.1373515,4.1555667,3.4580019,3.414987,5.2136297,4.0855427,3.6501596,5.8458695,4.2396584,6.5866466,3.3571835,5.1138377,3.1948316,3.7966418,2.9199271,5.4594345,5.530725,3.3452747,3.8224545,2.5425892,2.8198938,4.5615034,4.3052244,3.870333,4.394509,4.744129,4.900618,3.219386,4.0084295,3.9289248,3.947242,3.643679,6.8405223,4.900618,4.5018406,11.796162,4.832453,4.9597,3.3588398,3.9575462,4.3282876,4.913455,4.7454424,5.488607,4.5123677,4.305055,5.5136065,3.5083325,3.4943912,4.722346,3.5513718,3.6473079,4.1082344,3.5715258,5.437891,3.8968751,4.0758705,4.28333,3.7144651,3.2611156,3.8212428,2.5734673,4.2647943,3.8933237,4.0920954,3.5444179,3.3964348,3.9907167,4.729652,2.7027862,3.103456,4.0550723,3.1902874,4.422195,3.5858862,6.1429486,4.327738,3.9197068,5.3087125,3.2973244,3.7682023,4.2899623,6.011549,4.9643064,4.7736745,4.05988,3.5004761,3.995338,3.8618302,3.5820224,6.175016,2.8831055,6.285204,4.283466,3.3876588,3.536526,3.6832163,3.6673083,3.613365,3.2719412,3.5425165,4.5654793,3.9199142,3.6717958,4.0711145,5.003968,4.075266,5.0082893,4.421644,3.8310661,3.4041708,6.083956,4.8247366,4.5537376,3.8417995,4.9571548,3.7523825,4.291233,7.2899528,2.274501,3.947167,4.128104,5.0154867,5.8199043,2.4215028,3.790061,4.0598607,3.811607,3.6714687,5.94218,3.3314273,4.487191,4.226785,4.568453,4.404832,1.6083354,4.4634466,4.6070914,4.47158,2.9951093,3.5944355,4.51172,4.7194166,3.9071097,3.9485447,3.5873997,3.4077358,5.6775265,5.4593964,4.8588758,3.4559395,5.60368,5.1299148,4.0492444,3.6664689,6.1320615,3.12278,4.9116864,3.0990803,5.8808193,3.1034722,1.1019166,4.168158,3.9666378,6.6870894,3.9140584,5.516835,4.5512557,3.7564068,4.4469423,4.4172597,3.3301032,6.006527,3.1577988,3.367573,4.6158705,4.9628186,6.299098,6.3030505,5.321194,5.0293007,5.0975895,3.676451,4.635704,2.282913,6.465279,4.703623,4.75709,3.5828576,3.6775897,3.526989,2.8713229,3.9830158,5.8250937,3.8949714,4.810302,5.2642283,6.5534625,4.90952,4.407445,3.8678148,4.658416,1.1756178,5.140707,4.692579,3.8637362,3.8311372,4.4771085,3.1768582,6.501351,4.0498576,4.0168076,6.167088,4.273853,5.531321,4.6700344
1.6515307,2.845108,1.7693925,2.459431,2.6548636,2.6603036,1.6465055,1.6437416,2.2066848,1.8613695,1.5938417,1.609133,2.314723,1.6018035,3.16936,1.680064,1.8489178,2.5677075,3.0579145,2.6889007,1.9701551,2.820149,1.3191154,3.0831428,5.606735,0.72522676,4.714206,2.9184153,1.4765633,3.2461464,1.7985597,3.2818239,1.8782995,2.1488569,1.7482955,2.2121582,2.6246755,2.0523694,4.9254527,0.42966682,1.152701,1.8980381,1.6463294,1.4244146,2.7681508,3.5900643,2.7698226,2.0128334,0.45828688,2.295131,1.5853616,1.3489921,0.8784669,1.9685513,0.776581,2.7342162,1.6691525,2.3865864,3.3135815,3.1741133,1.2592672,0.7467349,2.1114795,1.6270568,3.3875651,3.5222049,2.226537,1.9907666,2.7176785,1.779285,3.8579252,1.0000354,1.8320487,2.0277152,3.6212833,1.8679426,1.0473037,2.3866389,1.7090417,1.7468082,3.1782932,2.1102774,1.5749065,2.8830643,1.0534004,2.6248233,1.827261,2.3667924,2.4020581,1.277904,2.5159323,1.8383793,1.9534521,1.8455894,1.6273242,3.485033,2.9247947,1.9691468,2.2941747,3.3982685,1.9574586,1.791576,2.600821,2.0267158,1.337824,1.2654189,1.8646432,1.4258528,3.0455375,2.600821,1.9520773,9.4969845,2.8813834,1.2406819,1.7353413,1.2577095,0.9382707,0.8777745,1.7648538,0.7618967,1.0912262,1.193742,1.348895,1.663358,1.7041085,0.68752825,3.676285,3.794833,2.5493827,1.838069,3.3562543,1.8953439,1.7393087,0.8382702,1.5817682,1.8959101,1.6198246,2.5775688,2.8393612,2.5056152,3.2169282,1.7360636,2.9614227,1.7114778,0.6787255,3.1946979,2.4485667,1.6837153,2.106191,1.3386467,1.6430885,2.478742,0.8823754,1.1544274,1.8562334,2.329129,1.3066399,3.1027377,3.9957,2.5882297,3.7217717,2.8066082,1.625067,2.7947195,2.3317337,2.250003,1.7888688,2.4423647,3.171815,2.737572,1.7858086,2.3862624,1.4956871,1.6354958,1.9249737,3.648015,1.6353947,2.1056325,2.5756164,1.5995653,1.7169521,2.347261,1.7545904,1.3189048,1.8892837,1.3285816,1.7779549,1.7707398,0.9000089,1.1756194,1.6121912,1.8777454,1.4347351,1.0269308,3.034672,3.2502544,1.7615266,2.4396355,3.4357028,3.8220227,2.7695432,1.553039,2.3790562,1.8941702,2.0552125,3.151377,3.3562136,1.3835943,1.9463209,2.9476402,0.97244895,4.2455664,0.7174188,0.6803564,0.7398315,2.59697,2.8155835,1.1267537,2.3343086,1.7622414,1.2473571,1.621711,2.0260792,3.5008457,1.5296826,2.8743765,2.9132874,3.267511,1.8132128,1.8788116,1.7358475,1.9049206,2.0945723,2.10206,3.771184,4.8179874,3.4578755,4.2809615,2.9250836,2.6893818,3.6251805,1.8982455,3.7895288,1.9382124,3.7887695,1.8468031,2.4141357,3.3945174,1.936503,1.948486,1.7996722,0.98650366,1.1437228,2.3638852,2.0192952,3.0774815,2.7893806,2.6593814,1.6286212,1.3573672,3.4543638,2.7920997,0.7355601,2.5856147,2.041576,1.7794592,1.6463631,3.466703,3.7513344,1.6157693,1.7152691,2.521533,2.190356,2.5925338,1.4120339,2.997596,2.531158,0.42593586,4.878102,1.0386004,0.5795546,1.2210525,1.8323576,0.69616634,2.026563,2.2091055,1.8034959,1.8352867,2.4531653,4.0345283,2.3029106,0.68649775
1.058938,2.3055775,2.1581721,3.3539398,3.1093671,2.9382334,1.1208543,1.2324803,1.6954246,1.7659587,1.1665099,1.1087879,2.4217443,1.137676,3.885959,1.3751775,2.555415,2.7028425,3.2902112,2.375872,1.4083631,2.2080812,2.107993,3.0473974,5.094133,0.60019934,4.6410723,2.6022685,0.9959531,2.8850532,1.2160075,2.6898842,1.37273,2.6676412,1.2519108,2.2964544,2.1507564,1.2790016,4.526171,1.2185496,0.68535155,1.9115841,1.1765169,0.8722958,2.8425198,3.2201872,2.3417916,1.4371105,0.72526157,1.8393611,1.1451981,2.2318838,1.5621444,2.0153985,0.33869636,3.4221373,1.2131689,1.7367125,3.5712328,3.3929982,0.69489944,1.6896027,1.9196626,1.746507,3.2142315,3.3581743,2.4356077,1.59794,2.1098669,1.2048038,4.7349095,1.7836449,1.1740131,1.8206297,3.2334542,1.3365134,0.6519806,1.762676,1.2885813,1.3273882,2.7940257,1.3414643,1.1842502,3.5925314,0.6222586,2.4047558,1.3532586,3.0396671,2.51382,1.0294751,2.1902623,1.4536892,1.5703009,1.3534291,1.1902169,3.066765,2.225455,2.572187,2.2116532,3.2388992,1.3607692,1.1080835,2.1530235,1.4771287,0.7373528,0.80760366,1.1485343,1.2723227,2.8244488,2.1530235,1.382326,9.587797,3.2817473,0.6716089,1.4782759,0.7063456,0.616588,0.41954517,1.205217,1.2094576,1.3398921,0.93102133,2.26509,1.2505363,1.1977533,0.63773394,3.461849,3.4841642,2.0486174,1.6596419,3.5675864,1.1771259,1.1715469,0.7042233,1.1434947,1.4342899,1.200499,2.3172843,2.7951987,1.8520584,3.1907504,1.1557024,2.7579818,1.2385757,0.5579894,3.0164168,1.7887633,1.2088888,2.1090941,0.6935169,1.1566657,3.3823123,0.6875524,0.9684614,1.4227992,1.6051781,1.2351019,3.1721985,4.080694,2.650632,3.729199,2.903131,1.2656242,3.0283308,2.6001394,2.1766243,1.8102351,2.1540718,3.9710863,2.9241896,1.3340522,2.1226656,1.0762763,1.1085067,1.7344443,3.5326674,1.2058848,1.4666399,2.512305,1.1516498,1.1877075,1.9247006,1.1615561,2.1200013,2.3887706,1.0127112,1.3183604,2.1947777,0.20119272,1.76333,1.5978113,1.5539222,1.0008187,0.74704456,2.9383776,2.8079565,1.2362484,2.734275,3.6145284,3.9903889,2.5691965,1.3925439,2.7050872,1.9920124,2.3490453,3.6919127,3.2259965,1.8106025,2.2357771,2.4441707,0.72233045,3.8503664,0.63037235,0.50425446,0.76050013,2.6094997,2.1238775,1.7160269,2.6717896,1.2626277,1.082972,1.3830237,1.7241927,2.9668055,1.142901,2.975155,3.0074956,3.4783077,1.3874325,1.3428907,1.3330636,1.7365904,1.8769174,2.5898528,3.6130028,4.738927,3.1067326,3.835605,2.88155,2.724982,4.4869566,1.1804246,3.9809747,2.409436,3.562945,2.0810223,1.9210217,3.1813326,1.6604127,1.7326483,1.4950641,0.42229587,1.9315107,2.0862718,1.8917705,3.370562,2.3652244,3.213555,1.1812325,2.0065768,3.3573947,3.7037547,0.34028035,2.6244473,2.251927,1.738657,1.1224245,3.1985319,3.6440318,1.3306936,1.1715407,2.9350603,2.7703962,2.364737,1.6864734,3.0443635,2.7272096,0.90807873,4.411375,0.6778749,0.5138597,0.9498174,1.2226846,0.65300965,1.5205656,2.1755853,1.1512904,2.157375,3.2565002,3.8349655,1.8966229,0.36843157
2.4105568,4.0036516,3.2515795,3.5501368,4.127353,4.2130985,2.7284777,2.7372212,3.435013,2.931615,2.722532,2.5885549,2.5469494,2.5783548,4.516154,1.6679876,3.2718155,3.8008428,4.4564753,2.2422063,2.9907522,3.8902452,2.3979464,2.6720679,5.2232933,2.087136,3.7273166,2.8465059,2.2955215,3.8306525,2.8779747,4.1807966,2.4902608,2.7739084,2.329978,3.062194,3.9037578,2.8506398,4.890943,2.0511494,2.1138172,0.4988551,2.708865,2.3878736,2.670397,4.848222,4.0915527,3.033008,1.6612765,3.5787184,2.6712315,2.3519878,1.9644083,2.6469557,2.0298045,4.2131753,2.9519434,3.3127148,4.837508,4.2774606,1.7247715,2.0892825,2.1498733,0.9907151,3.8879683,2.9046323,3.640886,3.2416763,3.8008287,2.9089563,4.9193068,2.0172932,2.88767,2.4847817,4.258819,2.4384007,1.7311566,3.5073085,2.5060084,2.5177293,4.4976068,3.0324404,2.5520532,4.332565,1.7993978,3.2461689,2.526045,3.184184,2.684242,2.0194898,2.1929302,3.0154495,3.1132255,2.5068097,2.778182,3.969269,3.1735902,3.1260352,1.0750042,2.2788992,3.1470904,2.617212,3.8439643,2.474917,2.319306,2.1957493,2.8485613,2.112017,3.7482572,3.8439643,3.2585936,8.690757,4.3845544,2.3238,2.1564236,1.9737941,1.5320425,1.6216505,2.985153,1.8315647,1.1619099,1.1784886,2.611022,2.498799,2.378073,1.4177155,4.122639,2.9384727,3.7140515,2.8267214,4.763377,2.855554,2.9209697,2.0043602,2.6056392,2.4859567,2.7751207,2.8885074,4.3457227,3.4536526,4.1271915,2.4705975,2.1677065,2.9395905,1.4664237,3.419802,3.0951424,2.925566,2.4210649,2.5584056,2.4986672,3.5766096,2.07955,1.987095,3.096458,2.9428265,2.1160214,4.433184,5.424643,4.1546817,4.82205,3.327008,2.394408,2.9144835,2.6033342,3.4520884,1.7820884,2.203466,4.5128016,4.057045,2.513311,1.7635401,2.3808293,2.5522459,3.075778,4.3526464,2.4655035,3.2872975,3.237574,2.573538,2.9215858,3.7348042,2.9176245,2.3959186,3.2194095,1.7163037,2.5199,3.2929485,1.8596001,1.840904,2.7072954,1.206814,2.3331423,1.4204668,3.011868,3.5574577,2.908785,2.8915243,4.6517596,5.219913,3.056698,2.6571467,2.6953626,3.1668036,2.5307417,4.507027,3.9374921,1.4186406,1.4853778,4.1545205,1.5040941,4.727328,2.07802,2.0157454,1.6235796,2.77755,3.5418196,2.0229802,3.3479338,2.909287,1.5587214,2.5466137,2.9932542,3.6096408,2.395639,3.9374616,3.728915,4.8048816,3.1109712,3.0654697,2.7889369,2.008197,2.2432806,3.0556805,4.3823047,3.8204768,4.2109275,4.576855,1.8180684,4.128875,4.76356,2.8701582,5.053472,1.7516514,3.7797582,1.0851656,3.6982005,4.117235,2.843716,2.2303743,1.9138697,2.2981718,2.2768552,3.0604746,2.1769829,4.422025,4.0364614,3.6338,2.6381269,2.102158,3.4426289,3.953696,1.9840038,4.0944686,2.8733594,2.809766,2.2199142,3.5700142,2.9343185,2.2311666,2.840054,3.9256918,3.248045,3.22917,2.8508816,3.6892486,2.689405,1.8562411,5.1229463,1.6007438,1.6962014,1.980967,2.8623006,1.8476448,2.551275,2.0476346,2.9069104,1.9019104,3.8671148,3.1265063,3.4918213,1.8598381
0.7720084,2.0639777,1.833841,3.4416635,2.8983428,2.6637154,0.5377831,0.6460251,1.3055804,1.3073623,0.60357875,0.59483373,2.3676298,0.6475401,3.840224,1.5357951,2.4419897,2.4574666,3.0837717,2.4528317,0.7580613,1.8055294,2.239501,3.1821177,5.1625767,0.669166,5.088084,2.4555845,0.7167154,2.4886167,0.542732,2.3713012,1.0870141,2.7443469,1.045042,1.9621828,1.6915039,0.8143877,4.198993,1.4421815,0.56067693,2.4294567,0.61713964,0.48985636,2.9552672,2.8743098,1.9417629,0.79294115,1.1368028,1.4237031,0.59721124,2.4684434,1.7503041,1.8381752,0.6893351,3.2915416,0.49832666,1.2179414,3.2834654,3.1794193,0.9813141,2.026592,1.8708941,2.143687,2.792856,3.5039225,2.4527097,1.594509,1.6019168,0.5094472,4.7943482,2.0107703,0.51961565,1.5928315,2.8610933,1.0857944,0.90433437,1.2547581,0.9419351,0.98678946,2.4399228,0.9339482,0.74219185,3.4724426,0.8263922,2.8161879,1.0274165,3.1305447,2.4345708,0.97769624,2.2408767,1.5729153,1.6799808,1.0474778,0.5990081,2.718608,1.9595984,2.4649944,2.6742854,3.5578976,0.95142996,1.228287,1.8486476,1.2638222,0.3807175,0.5903651,0.5547636,1.1867753,3.1549063,1.8486476,0.85986847,10.149087,2.927663,0.99053425,1.397599,0.7263157,1.0530704,1.1400574,1.0086073,1.7635509,1.7521601,1.4088391,2.4467978,0.8931208,0.94845796,1.238778,3.294871,3.710767,1.5627688,1.2046502,3.319055,0.5950983,0.46150985,0.752614,0.64130664,1.1645013,0.5856568,2.0312676,2.2292156,1.4085227,2.9553921,0.8260292,2.98243,0.5275204,1.164061,2.8555315,1.3126904,0.49558374,1.9932296,0.32577875,0.7722072,3.47526,0.67290133,0.94577134,1.4310527,1.1823709,1.1457022,2.7575245,3.8136184,2.287458,3.4591715,2.8854828,0.9573872,3.1248765,2.6677132,1.7053903,2.500084,2.1684134,3.9183984,2.5727956,1.0069509,2.3743029,0.73228955,0.6445568,1.1697868,3.2239945,0.86715174,1.0776558,2.4293263,0.67427707,0.47502485,1.5718704,0.45832318,2.253268,2.180935,1.1603646,0.9806387,2.3516498,0.8857641,1.9767947,1.2281041,2.1817696,0.67757654,1.1904676,3.5459874,2.5069597,0.5441588,2.7874603,3.3789911,3.7435987,2.2861848,0.95981246,2.7888384,1.6022489,2.3090386,3.6079743,3.0024316,2.1348128,2.543325,2.0062652,1.1176058,3.3774965,0.69718355,0.71451914,1.095233,2.5299728,1.7413594,1.850592,2.6442797,0.5777487,1.3097954,1.0013356,1.1843035,3.228942,1.5768768,2.85841,2.7427254,3.1978793,1.3063521,0.80486923,0.7554113,2.3920047,1.7762903,2.4970803,3.312409,5.170886,2.7126274,3.3907905,3.263081,2.163296,4.4910254,0.594795,3.760681,2.6827524,3.5825467,2.4741175,1.4276094,2.8741949,2.0320542,1.6418159,1.5203102,0.4483286,2.073878,2.4813862,2.5306723,3.183048,2.0688293,3.214393,0.67117053,2.1605887,3.2106674,3.7804894,0.7155574,2.2476022,2.0079231,1.341392,0.94129866,3.0867789,3.9029295,1.8935608,0.5795007,2.6988304,2.696405,2.7720084,1.687984,2.9945197,2.8188925,1.1838492,3.9928973,1.388632,0.9884723,0.9249216,0.57274383,0.8854245,1.2549776,2.8561785,0.48237085,2.3387032,3.213157,4.130081,1.8752866,0.80458844
0.8238616,2.1198137,2.0862668,3.486977,3.0513906,2.8381314,0.8434487,1.0009978,1.4540836,1.6234633,0.91462016,0.8652301,2.3814669,0.9039514,3.9195368,1.3625871,2.5851815,2.5802865,3.19702,2.320454,1.124572,1.9484122,2.2233374,3.0343676,4.9846888,0.62993985,4.733755,2.4749138,0.8074969,2.6522963,0.93649095,2.4492328,1.1635417,2.7097013,1.067203,2.1818168,1.8994446,0.9782398,4.3274674,1.3576152,0.5629415,2.1017523,0.9182991,0.6348233,2.8323042,3.0124583,2.1168318,1.1430656,0.9162992,1.6005281,0.8979923,2.3938286,1.699425,1.9989351,0.4867626,3.430321,0.96213484,1.4342667,3.4616442,3.2882006,0.68406636,1.8990545,1.8801483,1.9064786,3.0319135,3.3318205,2.4237998,1.5222625,1.8211601,0.9264679,4.8356814,1.9342331,0.87700677,1.7028983,2.9960732,1.1313765,0.6768004,1.4745803,1.0825338,1.1222458,2.5881295,1.0494095,0.9719215,3.6073532,0.6645407,2.5167365,1.1395578,3.106389,2.4628994,0.9570331,2.1249936,1.4256856,1.5385888,1.1408604,0.9302104,2.8355224,1.9887578,2.5813997,2.3409178,3.2875795,1.1014661,0.9994228,1.9497917,1.2777536,0.5053229,0.6510123,0.84497494,1.1955777,2.898823,1.9497917,1.1211519,9.749754,3.1817482,0.6934297,1.3796897,0.5991743,0.7452508,0.72220206,1.0196629,1.4560201,1.5231003,1.0833625,2.4150333,1.0446696,0.9962465,0.887837,3.3050845,3.4680026,1.7769856,1.5025741,3.4582846,0.8720452,0.8961173,0.7119125,0.9084406,1.2377398,0.95056784,2.1720448,2.577314,1.565514,3.0411377,0.918376,2.7650309,0.973783,0.8220783,2.877964,1.5088066,0.9512649,2.052869,0.4310661,0.92945987,3.5142367,0.68216825,0.92272323,1.3465132,1.3253232,1.1760913,2.9952908,3.9515755,2.4984465,3.5755165,2.8404367,1.0982444,3.0318189,2.6050968,1.9761223,2.0902188,2.0870318,4.0230103,2.7836864,1.1246463,2.1341064,0.8879948,0.8615734,1.5389218,3.3505414,0.9996834,1.2175866,2.4051528,0.92211735,0.92204356,1.7257924,0.8800183,2.2434833,2.3534303,1.0014018,1.1050444,2.2743554,0.49532512,1.8901765,1.4934609,1.7306731,0.8175998,0.8754259,3.1630042,2.593457,0.97117317,2.7302434,3.4982069,3.8757613,2.4291785,1.2470231,2.7209687,1.8462374,2.3417528,3.6818802,3.0661614,1.964899,2.3596501,2.1916294,0.8764924,3.6006188,0.6613299,0.603742,0.9130637,2.5382175,1.8459744,1.8181257,2.6433253,1.0021809,1.1294581,1.2287143,1.5183424,2.9412003,1.2488654,2.8828347,2.8755271,3.3658345,1.2745006,1.0583323,1.1020172,1.9834402,1.8053142,2.647208,3.4272735,4.8245406,2.8682714,3.5982165,2.9709184,2.5245223,4.5708494,0.87417966,3.8722515,2.5535045,3.467416,2.2461152,1.6595595,2.9848495,1.7623714,1.6413347,1.4382112,0.32598713,2.060637,2.18781,2.1319313,3.289564,2.1681235,3.228144,0.94061553,2.121695,3.2501254,3.829439,0.5033416,2.4616828,2.1868954,1.6170806,0.9516892,3.058626,3.6640782,1.5277752,0.8817568,2.8631856,2.844262,2.4748294,1.6719425,2.9618049,2.725559,1.0458515,4.1679964,0.9578267,0.7364979,0.88653415,0.93779165,0.76295847,1.3144536,2.4428647,0.85613024,2.2287588,3.3500614,3.8551333,1.8088695,0.5649079
2.068367,4.0498376,2.714694,3.7491088,3.4314032,3.6036103,2.4505484,2.4637582,3.2355733,2.5068476,2.387866,2.3177986,1.017569,2.2598925,4.07929,1.2287977,2.9663527,2.8717022,3.7822995,0.72943485,2.668838,3.579961,2.3917763,0.7915728,4.2366085,2.4043703,3.4766037,1.2313914,2.0320344,2.3185513,2.7324913,3.6798978,1.8505499,1.86054,1.7780757,2.022552,3.5806925,2.6580467,3.097775,2.4053788,2.1857753,1.6876208,2.3666344,2.2405906,0.9702752,4.4446845,3.84445,2.6650813,2.216155,3.3204997,2.3498287,2.6227207,2.2566745,2.6268625,2.6491249,3.7447107,2.8805773,2.8084133,4.140961,3.1276996,1.8809088,2.8189697,1.604974,1.5689272,2.3928523,1.1686887,3.6488335,3.6401021,3.3633318,2.8048215,4.702419,2.2710507,2.7951546,1.6115484,2.824206,1.8338377,1.9216561,3.2212796,1.9414194,1.9136955,4.237474,2.9258788,2.1577828,3.8641994,2.190321,4.2888927,1.902125,2.5427048,1.0851816,1.7618052,0.8011832,3.540268,3.6342962,1.8812662,2.4483013,2.4627106,2.290942,2.4722834,1.2377023,1.280182,3.0628533,2.9191978,3.6796577,1.7596596,2.3317454,2.13013,2.773716,1.5872788,4.6499496,3.6796577,3.263221,9.191097,3.520813,2.8952124,1.3523791,2.0084684,1.9549888,2.5637548,3.1383379,2.7864676,1.7986608,1.7898833,2.9125826,1.9759551,1.8762358,2.1920283,2.617306,1.7576525,3.2146332,2.3718827,4.006666,2.744759,2.8697612,2.1895394,2.268971,1.7671851,2.4804354,1.7298284,3.535103,3.0131404,2.8654552,2.0611787,0.7154609,2.7780054,2.2793348,1.5612569,2.45232,2.8234272,1.349273,2.7373588,2.0790243,3.7355006,2.3341386,1.8439035,3.5198972,2.4519196,1.7049742,3.3495622,4.793969,3.61711,3.7161613,2.0026793,1.9276763,1.4050637,1.1959078,2.4661615,3.4579663,0.8455777,4.1651373,3.0072632,1.8999656,0.76998186,2.073184,2.2360146,2.560185,2.7132072,1.9706941,3.3108075,2.0782378,2.229675,2.859339,3.7278705,2.8719027,2.4838946,2.541667,1.5959363,1.9276515,3.7164292,2.6485372,1.8798395,2.386779,2.261766,2.097736,1.8340499,4.6944685,2.0277069,2.7815127,1.6153741,3.6451309,4.493449,1.704254,2.3475716,1.390657,2.3259008,1.3962487,3.9379077,2.3426476,1.6287616,1.1846824,3.7676117,2.1365278,3.0737107,2.374883,2.5034726,2.1467874,0.9482183,2.9301279,2.0029247,2.5184333,2.747013,1.5364288,2.1200283,2.4512784,3.884465,3.2333307,3.1098523,2.187073,4.1966667,3.4017966,2.780536,2.4437869,3.581735,1.468513,3.1852777,2.6840332,3.4802852,2.8396542,3.0101202,1.1227655,3.2204134,4.486356,2.7626908,4.1531315,1.7615486,2.3336272,1.5375422,3.4077814,2.649153,3.8108604,1.2058483,1.2784346,2.684964,2.4699829,4.0643487,3.732214,3.6586607,3.8512595,2.8054595,2.2707348,2.0574722,1.394208,4.08137,2.5957909,3.4571218,2.0055277,2.3525083,1.8494029,1.8307779,1.6350217,3.4693944,2.5648687,3.1054354,3.4691062,4.2678022,2.6875873,2.5698628,1.198608,2.2134311,3.4163356,2.715834,2.377533,1.8193601,2.6936774,2.283562,1.7771031,3.8009193,2.8597577,1.1062417,4.1290317,2.1294038,3.838239,2.4900212
2.8002143,1.0625997,3.3841298,5.199763,3.096984,2.402885,2.6080759,2.9375517,1.4467102,3.5376968,2.676449,2.8954105,4.1308775,2.9127774,4.2573414,3.6748338,4.0083723,2.3993776,2.3635783,4.121191,2.7276535,1.1599824,4.1725507,4.403209,4.602806,3.1746433,5.625138,4.0676365,3.0481758,2.9534504,2.7403722,1.0683062,2.979668,4.089925,3.0341892,3.7905948,1.0916363,2.5582561,5.043808,3.5054407,3.129498,4.699989,2.7217844,2.8547618,4.092228,0.18519002,0.81154966,2.603115,3.4795291,1.3262113,2.760041,4.342984,4.0360894,4.401886,3.1898277,3.9641924,2.7007122,2.0793672,2.4990382,2.9354887,3.2044947,4.028145,4.263543,4.5458293,4.22264,4.596426,2.1977732,1.8595926,1.476319,2.703084,5.7238975,4.1187477,2.6180997,3.730968,2.567936,2.9806125,3.3003957,1.6619233,2.9655933,2.9749875,0.36508682,2.1272264,2.952048,4.1446795,3.4593134,3.1161206,2.9513385,4.27659,4.0963163,3.3099415,3.9790764,2.1148741,2.0622847,2.9536073,2.6217642,2.881023,2.923492,4.005881,4.5486383,5.0069323,1.8138717,2.2245598,0.94086355,2.9981928,2.9272504,3.085265,2.5951514,3.3593807,2.9748461,0.94086355,1.9513891,10.04149,3.3382773,2.5969064,3.4012423,3.1613019,3.4106443,3.354302,1.9012978,3.4675417,4.1588345,3.7623854,4.2433386,2.960267,2.9430435,3.5046842,2.9595528,4.6622205,1.3928877,3.4591315,2.4064856,2.5856411,2.660611,3.2635071,2.8556201,3.032739,2.747221,3.971205,2.1651945,1.7305741,2.515791,2.8521376,4.4861803,2.673159,3.5225432,3.5892057,2.7859406,2.7127528,4.0926337,2.502261,2.885768,5.1551747,3.2811115,3.342943,1.9697978,2.727116,3.3970013,2.409321,2.106663,1.7651523,2.3289144,3.2660067,3.2172604,4.1596184,4.026476,2.6080291,4.153759,4.030912,4.738962,2.714967,2.9579587,4.039196,3.0684566,2.8630953,3.1839166,3.0589933,2.9350584,1.7603076,2.6984203,2.915597,2.7054567,1.2853271,2.6338096,4.2735085,3.6024187,3.4768863,2.944839,2.8189235,3.1932921,4.17164,3.565081,3.8254418,3.0729501,3.4932349,4.589135,3.2057505,2.7763927,3.7928064,2.632139,2.4034975,4.1120043,3.30831,4.0556984,2.9158108,4.15909,3.5197453,3.0074453,4.408282,4.6867986,0.84248114,3.6979072,3.787896,3.1905332,3.2522838,3.631975,3.996144,1.9235997,4.0600324,3.0631537,2.8034878,3.6463275,3.318297,3.2754714,2.8248723,2.7468696,2.340652,3.3166568,2.2482672,1.8556857,2.0518007,2.979436,3.9186788,4.038321,4.8666925,3.1677582,5.704965,2.3885198,4.228551,4.8466806,2.7246344,5.545115,2.5604913,2.6769724,4.9661846,3.5854394,4.811115,1.3636602,2.613362,2.8093183,3.6308002,3.6973977,2.7868037,4.196935,2.9366796,3.9242795,2.6707087,0.7405804,3.844303,2.8379529,4.319854,4.4658875,5.264673,3.2158923,1.8012118,4.0062456,3.5942376,3.153566,3.502788,4.899084,3.313585,2.4177375,3.1025667,4.9771247,3.0878868,2.5298915,2.833835,3.9706717,3.4059324,4.329158,3.4097047,3.4532769,3.3106966,2.7373998,3.4404542,2.9904337,4.3826056,2.578146,4.3049636,4.935701,4.9419813,1.6606221,3.3095598
2.1890404,0.48236692,2.8644187,4.483833,2.9449868,2.3360915,1.958206,2.2715135,0.85382676,2.9177847,2.0420358,2.2323158,3.737734,2.2657716,3.9881442,3.0635254,3.4248323,2.4094532,2.4998965,3.7513032,2.1251884,1.0035735,3.4712887,4.1786866,4.9752817,2.3004267,5.436411,3.7861178,2.3790162,3.0635338,2.041135,1.441248,2.4722688,3.689986,2.483471,3.3667662,0.8303842,1.9421246,5.152414,2.675266,2.342649,3.9305477,2.0938547,2.143682,3.8629,1.2936589,0.6110033,2.0346746,2.6052067,0.8230823,2.1167126,3.598053,3.2315512,3.6475437,2.2263482,3.625762,1.9475536,1.7215078,2.6789753,3.104157,2.4571142,3.1415503,3.6465225,3.7804585,4.046729,4.432053,1.7741015,0.8092602,1.29006,1.9813516,5.2998757,3.3470376,1.9021477,3.215056,2.9429355,2.4639232,2.5189788,1.1950665,2.4128034,2.4378653,0.8078797,1.4847134,2.328094,3.8128119,2.6097913,2.2795713,2.4334948,3.8769994,3.7435212,2.6289732,3.5812821,1.0866024,1.0461414,2.4395156,1.9895227,3.09895,2.7326968,3.519709,3.9425488,4.649617,1.0785961,1.4023931,0.5103503,2.5379424,2.1553087,2.3422859,1.8819538,2.7498093,2.277009,0.5103503,1.1307517,9.884324,3.2089293,1.6201723,2.8745372,2.409083,2.5933588,2.393342,0.98103356,2.5437622,3.3471224,2.9604483,3.4820383,2.3896246,2.37898,2.6198618,3.306932,4.4954486,1.2212301,2.8478644,2.6658287,1.8943714,1.9079512,2.4428327,2.2153034,2.544172,2.0933406,3.5668967,2.1764348,1.4367491,2.8124354,2.265819,4.1349664,1.9668909,2.61293,3.599084,2.399078,1.9766564,3.5893972,1.6249257,2.2848892,4.4623156,2.4309468,2.62636,0.90829515,2.273366,2.7508936,2.6239321,2.6486847,1.7176774,2.862162,3.2390835,2.6068592,3.9460752,3.6958292,2.3916533,3.1579847,3.6043603,4.3501196,2.7252,2.4307792,3.5853343,2.4085224,2.2234483,2.623839,3.3943663,2.3559372,0.9476025,2.6720834,2.277526,1.9553744,0.3711808,1.880735,3.5408459,3.1445618,2.7813177,2.4112108,2.0814302,2.2181778,3.4445145,2.8951206,3.074537,2.3871744,2.6994085,3.63907,3.2309868,2.0618563,3.546137,2.9435856,2.8303757,3.764387,2.6378317,3.7371259,2.537111,3.6927779,3.4234648,3.2399938,3.6718397,4.0476804,0.94463027,2.8258607,4.011093,2.3247857,2.3331766,2.765459,3.7238631,1.8185501,3.331964,2.8798316,2.1036675,2.931259,2.6878228,2.7233388,2.6023617,1.7612312,2.4739041,3.323,2.4397721,0.82389313,1.4486969,2.3465106,2.9136627,3.4772353,4.0815325,3.5158694,5.5383587,2.7512426,4.2979665,4.3965926,2.5949984,5.1025763,1.867369,3.0802126,4.261547,3.7713115,4.0721307,0.9209426,2.9414816,1.7962719,3.1419103,3.1161885,1.8514832,3.42604,2.0354724,2.9267426,2.77743,0.5534238,3.620859,2.2136946,3.60842,4.346754,4.6131415,2.2622035,1.795533,3.4998424,2.974413,2.532539,3.6094608,4.7149205,2.2797155,1.7781643,2.9363453,4.175061,2.2410693,1.9541758,2.9498246,3.708782,2.569857,4.607422,2.4338772,2.5316641,2.6034126,2.0543883,2.5639756,2.5438778,3.3924906,1.8342252,3.744659,4.1820292,4.789859,0.7000929,2.3722303
0.8664669,2.1492,1.9412346,3.6438046,3.099904,2.8501203,0.5555699,0.5487626,1.399846,1.2036066,0.6423614,0.5685261,2.4758742,0.6408777,4.086752,1.6872058,2.6203597,2.6444683,3.2930195,2.5357747,0.5206447,1.8086863,2.4843853,3.3517141,5.2702823,0.96865034,5.3617983,2.4406981,0.8083532,2.4507172,0.27507794,2.403738,1.1155846,2.9877264,1.119478,1.9594712,1.7179325,0.69657797,4.0653734,1.7532549,0.76601434,2.6429684,0.6162457,0.62662387,3.1564457,2.94115,1.9983971,0.59510124,1.4517487,1.5080585,0.61981463,2.7463112,1.9838384,1.7719772,0.9928691,3.500212,0.31853387,1.1361134,3.452391,3.36156,1.2261603,2.3303201,1.8609205,2.3336294,2.6621742,3.6503189,2.7516794,1.8249434,1.5446432,0.22629258,5.038153,2.2725446,0.28408527,1.5778867,2.8577337,1.1271348,1.1590625,1.2197654,0.9853381,1.0252608,2.5086658,0.9229332,0.7716574,3.6808062,1.0180676,3.1033812,1.0550778,3.3965003,2.5408542,1.1452031,2.3185108,1.8369946,1.9346799,1.0783844,0.6225182,2.6987267,1.8917696,2.6413693,2.9005673,3.7324903,1.050362,1.4727236,1.9578024,1.3000758,0.5504446,0.7546262,0.37124017,1.3347158,3.4277482,1.9578024,0.8813769,10.485209,3.0389411,1.3185822,1.5086713,0.92224544,1.3339723,1.4543887,1.2140274,2.132771,1.9880166,1.6444572,2.717779,0.94196504,1.0282458,1.5606233,3.4156291,3.8620365,1.5728781,1.0994986,3.5043478,0.4208406,0.19463447,1.012797,0.6591934,1.1996579,0.5533195,1.9452407,2.2260807,1.3880543,3.1066883,0.86807066,3.1333826,0.3560869,1.4723521,2.935096,1.1461781,0.30060554,2.037536,0.63492876,0.81879264,3.689044,0.9057495,1.1328766,1.6677823,1.0476669,1.3021591,2.8444371,3.9756691,2.4338636,3.606526,3.1068532,0.9810751,3.3470821,2.8777692,1.7480217,2.8099222,2.2279985,4.1371984,2.6974254,1.0435692,2.543635,0.7917889,0.6491629,1.0436921,3.292641,0.9342522,1.135382,2.6347542,0.67850256,0.21630295,1.668718,0.19626471,2.4856756,2.3382812,1.3437743,1.0141052,2.681761,1.1950694,2.2113464,1.1999617,2.4667664,0.7590928,1.4619114,3.8241115,2.4766865,0.27132368,3.0230927,3.55923,3.9223506,2.2116282,0.92877567,3.0154436,1.698412,2.4468095,3.8588161,3.1101656,2.363495,2.7488217,2.017812,1.330703,3.2341027,0.992697,1.0102152,1.3430479,2.634265,1.7029731,2.0683744,2.9091005,0.32822004,1.511969,0.98031116,1.0143815,3.4447246,1.8911192,3.090876,2.8509955,3.3712683,1.5383458,0.861324,0.6294665,2.68213,1.7735372,2.5294554,3.3699381,5.4374404,2.7184358,3.2065878,3.4780173,2.1426933,4.706281,0.42556655,3.948645,2.87216,3.748219,2.6715019,1.4454876,2.9466264,2.3166182,1.7159826,1.6119223,0.8169649,2.3031337,2.7626276,2.8273787,3.3976707,2.1750715,3.472949,0.6722969,2.374901,3.2419546,4.000476,1.0229473,2.3858423,2.0436952,1.2846355,1.0067202,3.180956,4.0977087,2.188068,0.6102916,2.883993,2.7502227,3.0575676,2.005399,3.2217548,3.0385418,1.5020586,3.8435185,1.7034713,1.2878636,1.1035476,0.32086107,1.1463355,1.2770555,3.1516287,0.2580021,2.5446842,3.356416,4.3283324,2.0828907,1.1062558
1.5691681,2.8852785,2.2115989,2.9282227,3.1985095,3.1554646,1.6534256,1.6564461,2.2959929,1.9593538,1.6466262,1.5747186,2.435528,1.584441,3.7602053,1.5032729,2.3798904,2.9711647,3.5236208,2.5328171,1.9337869,2.8477967,1.7696795,3.0988069,5.4850216,0.77965784,4.615258,2.8328753,1.4059453,3.3277018,1.7461861,3.3122063,1.8102818,2.5267968,1.6658556,2.4111464,2.746993,1.9050933,4.864121,0.96224827,1.0561577,1.576059,1.6653501,1.3671122,2.8827999,3.7706664,2.915206,1.9870355,0.49153695,2.422605,1.6150031,1.8037391,1.1893616,1.9373596,0.6080836,3.3275778,1.6969283,2.3632808,3.8065581,3.6011395,1.0301986,1.2031708,1.9548957,1.4060745,3.4596832,3.4610205,2.6251493,2.0538936,2.7503743,1.7374557,4.412078,1.383974,1.7540354,2.0040648,3.726086,1.7805169,0.875896,2.4043493,1.6990579,1.7355621,3.3463,2.008704,1.5909812,3.4772255,0.79129267,2.5468638,1.7868804,2.8391225,2.5467312,1.2469627,2.3653414,1.8660401,1.9818925,1.7921095,1.6840495,3.538234,2.7625813,2.440718,2.0569441,3.2192059,1.986833,1.6758697,2.7213485,1.9224496,1.2385514,1.1938576,1.7542452,1.455459,3.0197546,2.7213485,1.9874038,9.452477,3.3990128,1.1471306,1.7061834,1.0911796,0.6994101,0.45274088,1.7923175,0.9152734,0.9478869,0.84112513,1.8664198,1.6594919,1.6384534,0.40774015,3.8320498,3.6301243,2.652568,1.894968,3.8210812,1.7846813,1.7077137,0.8574516,1.5921205,1.8434981,1.6656886,2.5334804,3.1900012,2.4959226,3.522695,1.6519749,2.8126528,1.7368588,0.29928285,3.2910914,2.3402472,1.6996486,2.14485,1.3059431,1.6121817,2.9658027,0.86269057,1.140966,1.8937494,2.1831517,1.3724728,3.5005949,4.4116325,2.9985304,4.0786843,3.072023,1.5933172,3.0152688,2.5626462,2.5282915,1.5061558,2.306562,3.7610886,3.1692188,1.7573755,2.2083297,1.4609431,1.5899881,2.041531,3.8845143,1.6248885,2.1002688,2.8001113,1.5907688,1.7006282,2.4766493,1.7124143,1.7500111,2.3662426,1.1727871,1.7481295,2.2025764,0.56116205,1.4185342,1.7286613,1.5257921,1.3879141,0.77779365,2.7875988,3.240579,1.736327,2.7368712,3.8694067,4.270919,2.7619774,1.6318685,2.6462328,2.2284265,2.2719786,3.7076664,3.560694,1.4267955,1.9338087,3.0531173,0.61395067,4.288981,0.7881067,0.6361539,0.57632565,2.7084131,2.7601712,1.4178782,2.762087,1.7481829,1.1033722,1.6492335,2.057467,3.349099,1.4116453,3.2409256,3.222902,3.7411149,1.8883623,1.9395361,1.7474631,1.5836854,1.9827443,2.3027248,3.975209,4.7201405,3.5966012,4.243129,2.776809,3.0446534,4.180903,1.7915468,4.2354956,1.9988282,3.8513498,1.6984168,2.5221033,3.5913465,1.8606635,1.9139668,1.6557654,0.95126957,1.5528423,2.2698197,1.7456446,3.5604296,2.9236152,3.15148,1.6373775,1.6562681,3.511199,3.3094378,0.56917155,2.9834309,2.2589016,1.8912674,1.5175704,3.5193818,3.681454,1.3746219,1.7388152,3.0390525,2.446769,2.5129473,1.8449981,3.284283,2.7327075,0.7373687,4.856283,0.6360054,0.34911513,1.1689901,1.7642804,0.62789416,1.9562104,1.908985,1.7348078,1.9616693,2.920786,3.9135416,2.3632262,0.47584122
1.719621,0.8338581,2.4665112,4.0805526,2.7739725,2.253214,1.4852741,1.7918639,0.59201306,2.4493268,1.5680817,1.7471583,3.2990232,1.7819878,3.8008518,2.580711,3.0313976,2.254483,2.5066638,3.3365932,1.6897959,1.0396341,3.0136673,3.8191268,4.966977,1.7685395,5.2268243,3.3844976,1.881955,2.8340526,1.5780388,1.589089,2.0262835,3.3072858,2.0222583,2.9332387,0.84015787,1.5259796,4.884733,2.1883504,1.8184235,3.4365413,1.621965,1.6415701,3.511089,1.7064161,0.83850914,1.612997,2.0860372,0.640732,1.637763,3.152925,2.7277324,3.1390543,1.6964519,3.3889642,1.4760823,1.420616,2.7110786,2.9916902,1.9580451,2.6809692,3.1457171,3.2654788,3.683884,4.098982,1.719484,0.59703845,1.1832949,1.5171478,5.0334625,2.864108,1.4444138,2.7436302,2.840798,2.0170782,2.000828,0.95115185,1.9485148,1.978054,1.227785,1.109315,1.8458521,3.578698,2.0786605,2.2083547,1.9827499,3.5344367,3.3184898,2.1221097,3.156474,0.82311153,0.84362435,1.9909649,1.520233,2.92089,2.4441836,3.1190717,3.4986484,4.269286,0.65827215,1.0280654,0.68711203,2.1128883,1.6404572,1.826531,1.4288079,2.2592037,2.3309128,0.68711203,0.7001019,9.848588,3.0066855,1.1479002,2.4070828,1.8950919,2.0770342,1.895229,0.4910796,2.1146595,2.828721,2.4513855,3.053523,1.9200128,1.9155488,2.1115012,3.2040658,4.1973057,1.0902444,2.3751717,2.7119925,1.4469899,1.4393408,1.9135453,1.7333751,2.1002626,1.6183797,3.127778,2.0568724,1.2209133,2.7244344,1.8026177,3.7418666,1.5006268,2.0969517,3.3147945,2.0340996,1.5051348,3.114672,1.0981765,1.8109733,4.0695786,1.8982389,2.1115944,0.58976114,1.8950211,2.251193,2.5360515,2.8825061,1.6855898,2.9192133,3.0051024,2.1206257,3.6091638,3.30788,2.0763178,2.7904298,3.162876,4.0975704,2.5447621,1.9756795,3.1673665,1.9130025,1.7434081,2.1811407,3.2602355,1.8844608,0.57226926,2.450986,1.7948791,1.4850072,0.33146134,1.4134341,3.0743816,2.7603827,2.2758954,1.9548733,1.8936487,1.7061845,2.9480522,2.4067855,2.6755297,1.8851612,2.1898766,3.435029,2.9674692,1.5957272,3.2112868,2.9355185,2.9737573,3.3379211,2.1480753,3.3632534,2.1583707,3.2413883,3.320252,3.0724962,3.1664495,3.5580614,1.1004705,2.2958844,3.8130357,1.7938288,1.8000026,2.2343953,3.3261917,1.6502848,2.8350835,2.6437018,1.6381992,2.4211974,2.1993623,2.2755313,2.6283958,1.4123602,2.4139037,3.0607734,2.512552,0.4153208,1.0298898,1.8763431,2.5739675,2.9905207,3.594691,3.379547,5.3272996,2.6509614,4.0397086,3.9925005,2.3634953,4.813407,1.4212538,3.1519992,3.7566981,3.6174495,3.5630708,0.7647498,2.822067,1.579698,2.6796465,2.6328688,1.3176717,2.9460251,1.9174652,2.615758,2.7371442,0.86473083,3.3621056,1.7374811,3.1193154,3.987757,4.2569466,1.7317005,1.7343746,3.041482,2.497491,2.0498056,3.3801339,4.400931,1.9353735,1.3182905,2.718862,3.703853,2.1657856,1.6217967,2.8142905,3.3520668,2.060566,4.427615,1.9665612,2.0045793,2.0911384,1.5950593,2.031022,2.118561,3.063753,1.3727707,3.2746103,3.8011737,4.514685,0.7204231,1.8419207
0.76138955,2.1939232,1.7825996,3.369537,2.9106212,2.7062614,0.54919636,0.5828484,1.4235742,1.2085457,0.5908828,0.542467,2.2896757,0.5922673,3.833592,1.4677125,2.3830514,2.4916508,3.1384065,2.4000485,0.7532931,1.9215996,2.1651516,3.1424012,5.2133102,0.59669304,5.0959682,2.3953927,0.6500179,2.4938045,0.54134935,2.480554,1.0550759,2.694949,1.0070573,1.8779075,1.8047371,0.8623824,4.1612673,1.3899695,0.46763197,2.353828,0.59811366,0.45060626,2.9209485,2.9908621,2.0604193,0.8072607,1.0750965,1.5378796,0.5679038,2.40301,1.6591644,1.7106209,0.652789,3.2751565,0.50265974,1.2881023,3.334537,3.2033708,0.9460588,1.973836,1.7594774,2.0484376,2.7257867,3.4724884,2.526735,1.7125957,1.7026759,0.5197993,4.755227,1.9321768,0.558847,1.4998208,2.8982806,1.0570233,0.83896995,1.3620012,0.8968349,0.9428552,2.5598054,1.0357525,0.68220806,3.453575,0.7288347,2.9011605,0.9925834,3.090525,2.3615994,0.8933701,2.1857836,1.6820511,1.7913239,1.0152862,0.59806097,2.738687,1.9781945,2.4014082,2.622306,3.515916,1.0733413,1.3304733,1.9711773,1.2434475,0.31852466,0.5044117,0.60484,1.1083934,3.2518623,1.9711773,0.98065776,10.184964,2.9210258,1.0683268,1.3325156,0.6604961,0.9955299,1.1289122,1.1339658,1.7646272,1.6616386,1.3421426,2.3885179,0.8453284,0.9168172,1.1959529,3.3285139,3.696641,1.6608372,1.1061988,3.3747954,0.6427674,0.48806512,0.662117,0.59471667,1.1275476,0.5576957,1.947047,2.2673864,1.5029713,2.9941084,0.80551535,2.9381592,0.53004974,1.1149585,2.8389652,1.3179604,0.4942065,1.8946754,0.44157913,0.7339813,3.4074643,0.56870747,0.8539818,1.5480007,1.1992205,1.0576359,2.7905896,3.895157,2.3540921,3.5170927,2.892337,0.8757576,3.0908713,2.618405,1.7043906,2.5083709,2.1014712,3.8888457,2.5872061,0.9688164,2.3324049,0.6560122,0.60529184,1.100205,3.240861,0.8236513,1.205417,2.4551206,0.61923873,0.48490226,1.6957536,0.49489942,2.1728315,2.1299138,1.0841758,0.94311476,2.4047058,0.8811483,1.8864888,1.1193331,2.1814778,0.5968261,1.1335926,3.5865192,2.5051548,0.53110635,2.7592726,3.4235523,3.8111262,2.2039611,0.8578666,2.744167,1.5750217,2.224457,3.6286347,3.0195403,2.0416453,2.4538648,2.120059,1.0280718,3.3674128,0.6226061,0.64738095,1.0038582,2.4711127,1.8198711,1.7576349,2.655443,0.55477816,1.2268869,0.9028741,1.1084284,3.321664,1.651483,2.9110675,2.72811,3.2593865,1.4261658,0.89560354,0.6925295,2.4174895,1.67482,2.3838518,3.327948,5.176948,2.7527788,3.3615704,3.2166445,2.1653023,4.4445267,0.64758307,3.8158681,2.5792494,3.6060483,2.3787398,1.5389656,2.906061,2.1152446,1.5677007,1.4408985,0.48594055,1.9896362,2.5676396,2.562301,3.2253726,2.191133,3.2004483,0.6299724,2.0673606,3.15441,3.7225425,0.67321587,2.3095088,1.9108801,1.2374643,0.88349116,3.0897713,3.878959,1.9419338,0.6306063,2.7011359,2.5917227,2.8573897,1.7230822,3.0283234,2.7831082,1.1259545,3.9838006,1.3929335,0.92639434,0.83793986,0.5735995,0.79545873,1.229796,2.8709793,0.5367071,2.2568078,3.147996,4.1206155,1.9975148,0.7504443
2.2073584,3.5065613,1.81609,1.9167844,2.4268796,2.6570306,2.2760465,2.25511,2.830104,2.2836025,2.1810389,2.2204144,2.1146524,2.1851084,2.6439922,1.9228342,1.5290577,2.5262737,2.994882,2.7400813,2.6232858,3.447163,0.74570197,2.797274,5.70944,1.4767139,4.41795,3.0236418,2.0298176,3.4444532,2.5079186,3.8056626,2.3266642,1.519947,2.194092,2.2719758,3.2210793,2.7496529,5.040392,0.69939125,1.8064954,1.8850347,2.2395487,2.0568132,2.4203207,4.0609913,3.3537602,2.6553566,1.0943414,2.8898578,2.1757922,0.583656,0.80018044,2.307179,1.655428,2.321684,2.3930132,2.991196,3.276533,2.9550295,1.7959014,0.55084306,2.3369806,1.6087539,3.5050607,3.316087,2.363718,2.6682584,3.3384945,2.5058305,3.1438122,0.5331766,2.5694737,2.2734385,3.8241959,2.3233848,1.6006091,3.052354,2.1688685,2.1931245,3.7157686,2.8281732,2.1052668,2.4341192,1.7226338,3.1213384,2.2811036,1.6216844,2.186814,1.6988162,2.6106267,2.5190039,2.622201,2.2990854,2.2252038,3.6891587,3.3790822,1.5544094,2.1819546,3.199955,2.64831,2.4653325,3.1805608,2.4483705,2.0292423,1.8770128,2.6068816,1.7154349,3.514653,3.1805608,2.704003,9.163872,2.7345917,2.0051143,1.9774659,1.8564422,1.4851114,1.6365259,2.4798934,1.1192952,1.1844959,1.5946493,0.7646234,2.136431,2.179786,1.2737882,3.6502724,3.7056181,3.1022434,2.2815728,3.298451,2.6255314,2.4852116,1.4723713,2.156355,2.3043375,2.2312036,2.7923195,3.1251633,3.1111107,3.1624472,2.2805543,2.8438838,2.4038455,1.3482869,3.1255496,3.0090337,2.3973837,2.1262937,2.1183848,2.1744514,1.8930099,1.5816318,1.5996478,2.5660622,2.9288812,1.6089427,3.1426947,4.0717793,2.8141477,3.693332,2.5361784,2.0850477,2.3097794,1.8884913,2.462768,2.1749318,2.5398066,2.6119509,2.6818228,2.235806,2.3973055,2.036618,2.2268927,2.390181,3.600819,2.1166413,2.8445866,2.519619,2.1682353,2.4535062,3.006882,2.5051315,0.8103848,1.6729573,1.7169243,2.2392855,1.9242934,1.7418264,0.82627934,2.0166667,2.1511445,1.9993662,1.4888734,3.4381804,3.460435,2.4715803,1.9766867,3.3005002,3.794268,2.9028702,2.045629,1.8694267,2.0361133,1.7592651,2.7737439,3.296649,1.0894077,1.577929,3.526158,1.572971,4.455642,1.4492338,1.503885,1.3280207,2.4162142,3.3692086,0.8984405,2.0128994,2.4546652,1.5538268,2.0780284,2.5123365,3.8948214,2.1992595,2.7924187,2.743351,3.2947762,2.507055,2.5123327,2.3211324,2.4223626,2.3124516,2.1451547,3.7354167,4.514274,3.664455,4.5321736,2.6613307,2.9005506,2.9621224,2.6307714,3.6628036,1.4939091,3.6842792,1.6387453,3.0384734,3.4549794,2.5827167,2.1173065,2.0572352,1.8175423,0.78664035,2.9265964,2.5072427,2.918239,3.3460329,2.0798151,2.1975894,0.9254593,3.3031857,2.2027023,1.6035101,2.7928298,2.0251677,2.1452641,2.1449838,3.435893,3.46671,2.281009,2.3552542,2.3014734,2.1840234,3.1002395,1.5358413,2.8215883,2.1128855,0.94234985,5.087018,1.7351238,1.3546468,1.6814208,2.5350583,1.3937036,2.434892,2.5837917,2.5577536,1.4410189,2.244257,3.8281183,2.9449065,1.5214415
1.7613931,3.2318134,1.7239292,2.2291143,2.7209034,2.8311703,1.8098884,1.7417724,2.5289316,1.8083384,1.7321906,1.7130287,2.0608232,1.6918641,3.1533718,1.5625802,1.7051457,2.6780746,3.2379968,2.533013,2.1119006,3.134045,1.0186617,2.894312,5.6922274,0.89944285,4.6612434,2.7657912,1.5359882,3.262744,1.9685811,3.5733893,1.9159399,1.9263304,1.7797447,2.044431,2.9430094,2.243232,4.804103,0.42336023,1.2482426,1.65106,1.7745693,1.5559572,2.5961096,3.9298882,3.1152303,2.16749,0.5219933,2.614622,1.7085357,1.0710717,0.49867138,1.770077,1.0479354,2.710551,1.8665161,2.5924923,3.4904168,3.22451,1.3342468,0.63220334,1.889068,1.3059825,3.240693,3.3606687,2.5332315,2.4112642,2.9908466,1.9657818,3.709572,0.63394266,2.0344093,1.8825489,3.7041357,1.9105053,1.0879393,2.671499,1.7484407,1.7804017,3.5351338,2.3776288,1.6395774,2.8447757,1.0932398,3.0039346,1.8685834,2.1802776,2.1609035,1.2409108,2.3698523,2.2606215,2.3763483,1.8878456,1.7783124,3.5270257,3.005521,1.7669263,2.1029828,3.208004,2.2734945,2.127523,2.9554918,2.0624902,1.4857433,1.3461668,2.0727654,1.3424509,3.4372914,2.9554918,2.2761755,9.542495,2.898095,1.618493,1.6469854,1.3301378,0.9762317,1.1249907,2.1299515,1.0297697,0.7795457,1.1198804,1.1578263,1.7078574,1.7595223,0.78501165,3.724148,3.6942382,2.8172808,1.7945344,3.5323834,2.0976884,1.9459243,0.90646,1.6804305,1.9132142,1.7534198,2.4246666,3.0008187,2.75621,3.301947,1.8269612,2.784483,1.8923521,0.792043,3.1115532,2.5484688,1.8704885,1.8610818,1.6356815,1.72102,2.2574103,0.9747511,1.1149294,2.2744486,2.4542863,1.2117963,3.2098658,4.2473607,2.8299105,3.8672194,2.7812598,1.6152104,2.6122458,2.1161416,2.3075616,1.9829733,2.272879,3.0845919,2.7972403,1.824536,2.2506788,1.5432466,1.7376449,1.9424067,3.6601682,1.6888125,2.4458885,2.629716,1.683797,1.913473,2.7224753,1.9666638,0.998177,1.7754613,1.2636484,1.8220598,2.095253,1.1857383,0.7751476,1.5374045,1.9478561,1.4917622,1.0215504,3.2955725,3.2455022,1.9297646,2.2945943,3.5546076,4.027818,2.593414,1.5454704,2.1707017,1.9025859,1.766784,3.2231846,3.3664467,0.98122364,1.5768855,3.2649775,0.9403117,4.221039,0.87587506,0.88652116,0.6858212,2.395714,3.0278103,0.76048756,2.359956,1.9178419,1.1178908,1.592665,2.0282054,3.785694,1.9170914,3.0224984,2.8494828,3.480079,2.2179232,2.128409,1.8147342,2.1609235,1.901553,1.841836,3.7759635,4.755613,3.5534182,4.219729,2.7169945,2.765182,3.4613943,2.105636,3.9420161,1.5027549,3.794182,1.480344,2.7236187,3.4568918,2.3476343,1.808684,1.6688349,1.3031998,0.8131843,2.7545185,2.2889602,3.2122438,3.1472497,2.5797074,1.7268283,0.96189636,3.252437,2.6133194,0.994619,2.804592,1.8158414,1.6926373,1.6711932,3.4297898,3.5978243,1.9670014,1.9138674,2.5522313,1.9517901,2.9742904,1.63083,3.0615337,2.3554533,0.46948352,4.8428426,1.2996775,0.72777015,1.1972244,1.9978262,0.7546613,2.054428,2.404932,2.0231957,1.5039535,2.330935,3.9312654,2.7193763,0.90129113
1.6826546,3.6424906,2.1412334,3.1984673,3.697909,3.7334173,1.6924175,1.369231,2.8498676,1.1232893,1.6443144,1.420257,2.1339557,1.4219472,4.396057,1.5877084,2.5421457,3.463981,4.2346716,2.3671827,1.6374619,3.2803233,2.1897511,3.2586374,5.9794283,1.4154856,5.5437036,2.260002,1.3708043,3.0569003,1.5676054,3.7986772,1.6800383,2.9101639,1.6279835,1.7395183,3.188276,1.9161782,4.0150437,1.8778181,1.2801841,2.061983,1.6004813,1.4939106,3.169831,4.400524,3.4792488,1.7684057,1.5765632,2.9521327,1.5599436,2.4711685,1.5932811,0.56357414,1.5352333,3.7745547,1.6126877,2.4167402,4.386769,4.0457,1.6301142,2.233549,1.018503,1.604032,2.4588385,3.598046,3.775156,3.1369836,2.9738822,1.6036775,4.9206595,1.9457563,1.7059171,1.2936449,3.706132,1.697993,1.4259055,2.6866553,1.5607178,1.5821685,3.9880054,2.3237793,1.4296069,3.9139602,1.1225573,4.053719,1.6450244,3.375147,2.2594583,1.3134176,2.1735094,3.0578892,3.173602,1.6676055,1.6893859,3.3941543,2.6029634,2.5123632,2.5973308,3.4850957,2.506596,2.6578872,3.420031,1.8475901,1.4128304,1.3037935,1.7594233,1.4269146,4.4915576,3.420031,2.390537,10.835955,3.5114508,2.330086,1.5977963,1.371759,1.5206074,1.8664833,2.594794,2.50668,1.4894917,1.5279124,2.5414214,1.5321027,1.6397531,1.7338709,4.143193,3.9338548,2.9662392,1.0979347,4.463393,1.776283,1.6470878,1.3032081,1.4816258,1.6894763,1.5557278,1.6031413,3.2115195,2.7530842,3.9295616,1.6356941,2.9504776,1.6219864,1.6275387,3.2184427,1.989866,1.5879581,1.5042418,1.8936616,1.5427196,3.2964606,1.2131634,1.2629724,2.9637785,1.9783851,1.3405998,3.6979651,5.141798,3.5446095,4.5860276,3.5828943,1.2749664,3.3663867,2.7992601,2.4578838,3.0612497,1.9729966,4.207135,3.386021,1.6220248,2.4643667,1.3215444,1.4895391,1.418731,3.929685,1.5546598,2.6327887,3.3261418,1.4318724,1.6009808,3.1455288,1.6760285,2.1088989,2.4286647,1.376239,1.6139394,3.504169,1.7607206,1.7494231,1.0380199,2.7090154,1.3018104,1.5725645,4.2929544,2.969032,1.530136,3.1590884,4.4195333,4.9687567,1.842969,1.1190236,2.9697528,2.192793,2.0506132,4.4506283,3.731741,1.754208,2.0900476,3.48898,1.1841725,3.6210227,1.4084696,1.4130752,1.2432647,2.494135,2.9320905,1.6431936,3.4537137,1.5037526,1.3719676,1.1335279,1.3000122,4.496981,2.8194184,3.9922059,3.2273488,4.389634,2.8713605,2.2333443,1.3618299,3.0986595,1.1988372,1.6054614,3.9829588,5.6025105,3.6123185,3.3550518,3.2008557,2.8436635,4.537456,1.7992438,4.8832693,2.002174,4.2986894,1.8799747,2.9159164,3.7337084,3.2899268,1.6053275,1.4323899,1.7686677,1.915309,3.7362037,3.2885702,4.229622,3.6394746,3.7382715,1.5075983,1.8442669,3.0433397,3.7070253,1.5187384,3.4702024,1.6147637,1.1016123,1.4233805,3.6100671,4.06396,2.870713,1.8745341,3.4187913,1.9383366,4.013239,2.800123,3.937354,3.0713935,1.6728734,4.1634336,2.1360004,1.4746572,1.2833477,1.5814372,1.2657499,1.8155347,3.4182029,1.7431345,2.0952766,3.041217,4.4135823,3.4365084,1.4728109
1.7267343,2.4750426,2.5464387,3.359294,3.3871002,3.2144027,1.7362306,1.8252101,2.0747325,2.2851157,1.7801983,1.7412789,2.9704251,1.7745942,4.0075803,1.9427589,2.7826312,3.1142802,3.552115,2.9461396,1.9960223,2.587463,2.2965198,3.5452204,5.4978566,1.0640842,4.808761,3.239544,1.6561975,3.5355344,1.7745278,3.0813177,2.045087,3.0201201,1.9223106,2.856805,2.516049,1.8597915,5.1909566,1.3931252,1.3162125,2.0994372,1.8016812,1.5247294,3.3240786,3.4817061,2.6326966,2.0308414,1.0178723,2.2123232,1.7673496,2.3011801,1.7695743,2.3844745,0.69427603,3.5967717,1.7070688,2.3052943,3.8312194,3.7973614,1.300955,1.6078374,2.4551678,2.0231776,3.8502023,3.8590047,2.4884617,1.606477,2.570628,1.74117,4.7700615,1.9470363,1.7198247,2.4376569,3.8375082,2.0083222,1.2478745,2.2149572,1.9521483,1.9923415,3.0327306,1.831296,1.8235201,3.7563472,1.1555983,2.0342512,2.023759,3.2841415,3.0684144,1.6456896,2.7764387,1.3979563,1.5040691,2.0251865,1.7950104,3.7019172,2.8477247,2.9078825,2.5029743,3.6311405,1.7747396,1.3695699,2.4227467,2.1437068,1.3780729,1.4506979,1.6998717,1.8807888,2.504785,2.4227467,1.7506429,9.431536,3.6348464,0.8057886,2.1098444,1.3630731,1.1194376,0.48537523,1.4917983,0.99837464,1.5968903,1.3213598,2.2949827,1.9109246,1.8692036,0.8823464,3.9962995,3.927828,2.5139062,2.2159183,3.8454576,1.7388891,1.6829392,1.2303125,1.7770435,2.10539,1.7964009,2.9470963,3.23831,2.3587546,3.6677787,1.8246552,3.2342465,1.7730199,0.8011377,3.6283438,2.426031,1.7247326,2.6734793,1.1893344,1.8188686,3.3915596,1.190092,1.5594492,1.4474775,2.230564,1.8170867,3.6254675,4.3000994,2.9560626,4.130953,3.3591557,1.9103692,3.4675794,3.058423,2.7405534,1.302094,2.748096,4.0754647,3.367786,2.0028493,2.60713,1.7232753,1.7580739,2.289432,4.1070824,1.8685529,1.8068782,2.999944,1.7909025,1.6978672,2.1467683,1.6747615,2.284748,2.763415,1.6020061,1.9869064,2.057493,0.47878987,2.0374784,2.0974844,1.6264166,1.6461132,1.21932,2.3803244,3.4645565,1.7737619,3.1614003,3.9700642,4.2368107,3.1979449,1.9408652,3.1317847,2.5175855,2.8339481,3.8651695,3.7894847,2.0783727,2.5632663,2.8054862,1.114025,4.5165935,1.0939038,0.9013133,1.1329823,3.1891022,2.6631,2.0113432,3.011189,1.8080701,1.6087664,1.9820083,2.3118033,3.035287,0.9396217,3.314131,3.557566,3.7150977,1.5070916,1.8698366,1.9315132,1.2178003,2.45985,2.775918,4.201266,4.927237,3.7000227,4.5024233,3.2215624,3.2094514,4.5597568,1.737499,4.2795677,2.6591837,4.050973,2.3285346,2.31378,3.7508276,1.2988083,2.3546011,2.096411,0.88403004,2.0920694,1.7349287,1.3611695,3.6502848,2.6141737,3.4959488,1.8170519,2.2620528,3.972533,3.6914375,0.7134349,2.9748063,2.7586272,2.2625036,1.7884258,3.787135,4.0549836,0.8393644,1.7617897,3.2759368,2.8879976,1.9949872,1.9370954,3.4565341,3.1853902,1.2055554,5.078531,0.47312286,0.8143144,1.5635929,1.7949296,1.070792,2.1915393,1.6500579,1.6739222,2.5627272,3.2399542,4.207942,1.9077282,0.74822915
2.5736144,3.3584409,0.97136664,2.2223425,0.7761455,1.1930869,2.3839993,2.3554018,2.6203368,2.2244496,2.2411594,2.4448452,2.4006238,2.3949578,1.5809532,2.8489602,0.9923069,1.4475322,1.7515827,3.4336843,2.615831,3.1467593,1.675446,3.3624136,5.968856,2.2606125,5.5215664,3.2855148,2.4705675,2.9034712,2.614827,3.4604788,2.6043143,1.7317501,2.5927572,1.959305,2.735851,2.9695616,4.739617,1.8742628,2.45866,3.582628,2.332688,2.4513068,2.8532972,3.3364642,2.8413665,2.6065762,2.367033,2.5473473,2.2898424,1.9112244,2.0506501,2.8039038,2.5905018,0.91895217,2.4174452,2.831454,1.7158905,1.7205962,2.7457597,2.168967,3.0369942,3.1497707,3.0274887,3.919236,2.1230521,2.938355,2.9643304,2.5998232,2.706411,1.9621184,2.7116895,2.5697174,3.166072,2.6540961,2.5636642,2.8308415,2.3894088,2.403551,3.106149,2.9773862,2.297113,1.0980551,2.6919231,4.0609503,2.5098944,1.6136731,2.3495455,2.3517122,3.277271,2.9864151,3.059765,2.5528977,2.2470531,3.2176964,3.5217164,1.0773143,3.6619904,4.294152,2.6411083,3.035909,2.8632352,2.779402,2.5240474,2.4294536,2.8047378,2.2539241,4.250958,2.8632352,2.642847,10.323268,0.7109201,2.788156,2.4794097,2.6024234,2.6485453,2.9254105,2.6813152,2.6181428,2.7481108,2.9522426,1.7522656,2.3613849,2.537268,2.6765254,3.1821966,4.5043626,2.6403117,2.3021758,1.9122847,2.8123372,2.5816329,2.2661285,2.3248448,2.5694964,2.271449,2.9095943,1.6903334,2.9329176,2.2640023,2.598479,3.7548153,2.4040606,2.7128599,2.929748,3.0234435,2.4341717,2.5054307,2.5180836,2.430556,2.1531627,2.3367155,2.3065317,2.9046578,3.0751925,2.1627612,1.605501,2.7983766,1.6036738,2.5175748,2.3142817,2.4164665,2.56387,2.2123716,1.6050398,3.861255,3.1729066,1.6673821,1.1583604,2.4631703,3.391608,2.395092,2.4732246,2.1466618,2.697648,2.3732636,2.8575196,2.2717633,2.3705409,2.533016,2.7285583,2.6143646,1.7781949,0.8021061,2.6272461,2.4643762,2.1777036,2.837169,2.1238196,2.1286497,3.6693532,2.4099057,2.712122,4.941636,3.2450466,2.5445597,2.0547693,1.9880378,2.450172,2.92051,2.1762862,2.1603715,1.3094419,2.0442607,1.5845457,2.6765704,2.6005368,2.9294205,2.9970925,2.7995975,3.7572906,2.2356536,2.4084072,2.5261815,2.5454073,3.228786,1.9625765,1.5054225,2.5074818,2.612828,2.2878418,2.4177473,4.560191,3.1557705,2.0614264,1.8619802,1.8662012,2.7269704,2.4088616,2.3762555,3.9567015,2.8767958,2.5356982,2.9184313,5.58471,2.9225287,4.0774817,3.91476,1.464434,2.3823342,2.8087347,2.3465526,2.8512096,3.7306056,3.2176752,2.6323504,2.6989038,3.4690406,2.585466,2.799593,2.4694643,1.8591256,3.8446984,4.0143104,1.6260035,2.9607847,1.4557334,2.3393621,2.0203335,3.2521358,2.2284498,2.5672653,1.5698563,1.9285338,2.156197,2.6542952,3.3348427,4.274178,3.5282412,2.3907895,0.64123416,2.524544,4.0334907,1.53982,2.4071672,2.4389617,2.0919254,4.536994,3.1121793,2.5590084,2.3832157,2.6583269,2.4070563,2.680238,4.2650447,2.6965737,2.4199276,2.1651256,4.69835,3.1297817,2.5749242
1.0877838,2.16383,1.9018952,3.4666967,3.0545878,2.813132,0.7777503,0.74533236,1.4740542,1.2894427,0.8294426,0.79654247,2.6095784,0.8569348,3.9761744,1.8256211,2.5107594,2.696632,3.2768478,2.7465847,0.8210608,1.9400436,2.3777385,3.5148878,5.4920464,0.85658956,5.4493985,2.692157,0.9874161,2.7199857,0.5787385,2.5607457,1.3641632,2.9979353,1.3418992,2.079502,1.802621,0.9863253,4.369127,1.6090333,0.8225102,2.655327,0.83614665,0.7959965,3.289602,2.9974382,2.0428364,0.8925143,1.3459309,1.5761635,0.817791,2.6069667,1.8710705,1.7719861,0.8224881,3.3930402,0.42923573,1.3949032,3.4253519,3.4213495,1.3051385,2.1338444,2.0065613,2.3429532,2.8948693,3.8418283,2.6482444,1.7240657,1.7231085,0.51101,4.894628,2.1581435,0.5856429,1.7647561,3.1088016,1.3733037,1.1950235,1.3783591,1.2044584,1.2490227,2.5401113,1.1135145,0.9629889,3.5709624,1.0096886,2.961291,1.2973118,3.353216,2.6790452,1.245195,2.5298553,1.7207388,1.8226091,1.3233837,0.812711,2.9722564,2.1979227,2.6020977,2.9746993,3.8839211,1.1301073,1.4904982,1.9945154,1.5561608,0.6769183,0.8604727,0.6611946,1.4528105,3.2974546,1.9945154,0.91209126,10.462874,3.0213528,1.2161273,1.6813768,1.0231895,1.3293563,1.3391653,1.1966978,1.9634836,1.948347,1.660317,2.549056,1.1532415,1.2495685,1.4781228,3.6127214,4.0568624,1.7242618,1.22696,3.499622,0.7161952,0.43323582,0.9691978,0.8621289,1.4412184,0.7437849,2.1747017,2.2922523,1.59667,3.23341,1.1129687,3.3059242,0.5445058,1.3763789,3.1582923,1.4709362,0.4650112,2.1765153,0.617206,1.0414125,3.5155032,0.83500355,1.1965588,1.5642593,1.3656464,1.3863997,2.9249885,3.967084,2.4202318,3.69681,3.2164478,1.1699071,3.4446468,2.9631562,1.8848886,2.6425607,2.435272,4.005957,2.7542474,1.2769728,2.700794,0.9687933,0.8855309,1.1782408,3.487603,1.142136,1.1887606,2.763003,0.8896889,0.42554408,1.6480198,0.44839382,2.3666098,2.309437,1.442346,1.2489618,2.4926102,1.0655136,2.154243,1.24289,2.471977,0.92063755,1.4731797,3.6478083,2.7642512,0.52323383,3.0944684,3.6019316,3.9166815,2.4362173,1.0142313,3.0844803,1.7742685,2.5203912,3.7861857,3.3008728,2.3360326,2.7800426,2.1222188,1.290386,3.5288,0.8870979,0.86287194,1.2698611,2.803382,1.9527116,2.0040216,2.9233353,0.56666595,1.575276,1.1261543,1.2098124,3.5005248,1.7659094,3.135057,2.9918292,3.338041,1.4551125,1.0147636,0.8417452,2.5231462,1.9463801,2.414436,3.5813246,5.533914,2.9535499,3.5132082,3.5870004,2.219218,4.5681205,0.7146401,3.9697037,2.8523793,3.938752,2.6767194,1.5364517,3.1484656,2.152001,1.8991476,1.7787102,0.68614244,2.1755464,2.622055,2.6608484,3.3868265,2.2084622,3.4527273,0.88843215,2.3070495,3.4629433,3.8192937,0.8634713,2.3988237,2.1153598,1.3638567,1.2151808,3.4123313,4.256133,2.0210712,0.81606424,2.8676798,2.600687,2.9148843,1.9376861,3.318256,3.139777,1.3941375,4.155967,1.5805887,1.1641737,1.1904224,0.6380927,1.0514014,1.5351545,2.9863327,0.5251739,2.590117,3.14509,4.4898314,2.0065892,0.9700366
0.9314607,1.5244465,2.1636074,3.9723477,2.9797046,2.6029377,0.6580406,0.96107316,0.7765047,1.6995358,0.8002413,0.893763,2.6999266,0.9475522,4.0600185,1.9048162,2.8666713,2.3782477,2.9563901,2.650817,0.76577854,1.1684597,2.7693963,3.3652358,4.860749,1.290559,5.1724405,2.6034636,1.089768,2.2923343,0.6634938,1.7714375,1.2225598,3.0887985,1.2463729,2.280296,1.1179712,0.5856705,4.1237106,1.9801223,1.1201473,2.926626,0.8053932,0.85799,3.1464238,2.323867,1.3938365,0.69662166,1.7164534,0.90834135,0.8426226,3.0038373,2.3540623,2.3891752,1.2799151,3.5366788,0.70849335,0.73356754,3.1502807,3.1185656,1.3673477,2.583406,2.3128166,2.6954749,2.9055576,3.6240103,2.394789,1.364747,0.9725096,0.6240624,5.1689816,2.5804045,0.4965354,1.9340446,2.525962,1.2190633,1.4084599,0.61478233,1.1622913,1.1919402,1.8999738,0.38931954,1.0533363,3.7269065,1.4254237,2.7853944,1.1816639,3.4739566,2.7392697,1.4416008,2.4507277,1.438826,1.5146582,1.1902295,0.75002724,2.4534202,1.7218783,2.8613002,3.0364597,3.780583,0.42319018,1.0537055,1.3293039,1.3345948,0.86753947,1.0901579,0.46007082,1.5952977,3.0339751,1.3293039,0.3632974,10.202,3.0210564,1.1391909,1.7055436,1.1895696,1.5643781,1.6008916,0.7011753,2.1738236,2.3362956,1.9060361,2.9677122,1.1361713,1.1403213,1.7604328,3.07455,3.7671442,1.0082867,1.5824203,3.1576972,0.47240382,0.5796757,1.358306,0.9253887,1.314161,0.82248545,2.272426,2.0248706,0.8257974,2.771047,0.97516966,3.1922326,0.6858746,1.7136551,2.8425667,1.1378472,0.70173573,2.3886511,0.5562437,1.0014917,3.9908721,1.315254,1.4594293,1.2352114,0.99498236,1.6074542,2.5940936,3.5170436,2.0876231,3.1957278,2.9107404,1.3130647,3.3378649,2.9538698,1.6879355,2.8520162,2.4207532,4.2346563,2.5383108,1.1836555,2.6109722,1.115885,0.8928138,1.4346813,3.0466063,1.1089406,0.5093584,2.3607962,0.9707861,0.64910525,1.104094,0.53602207,2.8082216,2.5156043,1.6105169,1.1571962,2.4845722,1.3619651,2.5430496,1.7012994,2.446373,1.0968645,1.6781431,3.7339313,2.3478863,0.72665155,3.0013857,3.2305481,3.5187564,2.513478,1.4046907,3.0710554,1.7705863,2.713702,3.6881664,2.8566387,2.7009106,3.04653,1.4017437,1.7147465,3.1730144,1.3152152,1.3458333,1.7168896,2.7565815,1.2180811,2.4198396,2.7405221,0.7755536,1.8017441,1.409012,1.4345055,2.950441,1.6671734,2.7208602,2.7743738,3.0269828,1.0752251,0.42030755,1.0310636,2.668464,2.1656392,3.083556,3.125382,5.2517066,2.3776824,3.2624035,3.5547833,2.1166499,4.8789644,0.44581172,3.5777626,3.2569323,3.4500504,3.0243895,0.8581305,2.6324437,2.0591412,1.9493871,1.8835104,0.9266623,2.6507215,2.4536583,2.782967,3.1081874,1.5471923,3.4229023,0.9195571,2.7274666,3.3487744,4.260126,1.3119398,2.0455024,2.4191034,1.7657065,1.2392372,2.9874232,4.0365767,2.1025484,0.51269376,2.7991571,3.2785983,2.740456,1.8247811,2.9057345,3.0428538,1.7406211,3.7685518,1.7838798,1.5895023,1.4137228,0.6579931,1.5205212,1.3333443,3.1677089,0.445825,2.7944121,3.7104516,4.2046213,1.5641835,1.407017
3.0824566,2.7517107,2.2929487,3.639522,1.0465562,0.47025195,2.8724635,3.038833,2.3760352,3.2459693,2.8014433,3.0742757,3.4499488,3.0443227,2.0859294,3.6328497,2.544775,1.2049032,0.5319557,4.1230264,3.1155217,2.7033074,3.0213888,3.9733813,5.5249443,3.0382702,5.5966887,4.026412,3.1523838,3.0887454,3.1268575,2.8100183,3.1785088,2.7924764,3.1955447,3.1114142,2.2873547,3.2816205,5.2179823,2.8439295,3.1829286,4.504754,2.8957014,3.0437605,3.462468,2.2491858,2.2120957,3.039688,3.2051752,2.2321985,2.8854587,3.1618333,3.273163,4.0364532,3.2550738,1.8999971,2.9542542,2.9067605,0.29219693,1.405258,3.358467,3.1999023,4.091722,4.2036138,3.8933434,4.409647,1.5371064,2.667046,2.7028995,3.0957434,3.6189058,3.195455,3.1336758,3.5244567,2.9437983,3.211551,3.2965188,2.7084405,3.0359886,3.0466332,2.2058432,3.063763,2.9880104,2.0453815,3.4942389,3.8014367,3.1042497,2.6595974,3.3750699,3.177915,3.983751,2.812977,2.826431,3.1324575,2.776693,3.2235632,3.7248614,2.5836368,4.4042516,4.903071,2.6142566,3.0275486,2.2748675,3.2869124,3.1363232,3.143858,3.188906,3.1188982,3.7831907,2.2748675,2.6981452,10.004134,1.491711,3.0160944,3.2646399,3.283163,3.3828666,3.5023155,2.6358912,3.1618235,3.774087,3.741717,3.0034463,3.0183334,3.1174006,3.400652,2.8887687,4.828436,2.350805,3.2616768,0.5396354,3.1891162,3.0578759,3.0976715,2.9613996,3.1713197,2.8710363,3.829561,1.5790434,2.8001401,1.8292639,3.132284,4.388891,2.9326148,3.4539285,3.301933,3.396781,2.9757466,3.6127028,2.883466,3.0368521,3.5432265,3.1674132,3.167325,2.7309985,3.4164455,3.0890565,1.227957,1.1997356,0.8250881,1.5061723,2.4610002,3.2006364,3.2162087,3.091343,2.101661,4.288149,3.9652083,2.6386442,1.3006628,3.0760388,4.0248227,3.1166296,3.0702457,3.0023634,2.5824895,3.0114565,2.764413,2.261979,3.026062,3.045394,2.32576,3.0681932,3.1505737,2.2629285,3.4237921,3.073403,2.1108239,3.3970492,3.3548775,3.2009168,4.090579,3.1301453,3.4529383,5.0562935,3.497523,3.0935967,2.731723,1.0750206,0.93203944,3.8642411,3.10519,3.016277,2.1646101,3.2626584,1.3628067,2.618519,3.7559247,4.0462737,2.4003532,3.654866,4.0022755,3.02914,3.171097,3.4319186,3.4008245,3.0783312,3.2295902,1.7281446,3.0806572,3.4823678,3.1786213,3.2406423,4.061192,3.2420924,1.3850225,2.3355834,0.26273334,2.562537,2.568198,3.0738611,4.272001,3.8705654,3.9953525,2.8198705,5.668519,2.6765075,4.516518,4.5966864,1.9251978,3.4689453,3.173571,1.1137415,4.1477795,3.5960422,4.3289027,2.354191,2.471497,3.4025798,3.4385052,3.635759,2.9691794,3.1929655,3.6472588,4.274008,0.73021805,2.2471654,2.090934,2.9615648,3.3593774,4.0049214,3.5168853,3.25054,0.90337205,3.218337,3.2277522,3.3187175,3.4723978,4.689267,3.74865,2.7703445,1.269558,3.9942524,3.7803156,1.7927892,2.1205177,3.1280448,2.9747036,4.732473,3.6129763,3.3443112,3.2028406,3.1567771,3.2696235,3.2162185,4.6247697,3.1005385,3.5371394,3.5150912,4.9625144,2.6907718,3.299441
2.5648222,3.1482894,1.9131348,3.4383755,1.0558294,1.1404682,2.5236886,2.6616147,2.4631042,2.7742794,2.4210105,2.6492424,2.3275487,2.5918446,2.1780355,2.8317795,2.224323,0.50691354,1.1777109,3.0533657,2.7909932,2.8064291,2.507791,2.7183619,4.765996,2.7425056,4.7352915,2.9433854,2.6278083,2.154822,2.8676672,2.8235686,2.518528,1.7878444,2.5365825,2.2855093,2.5110228,2.9612036,4.1112676,2.5277805,2.760705,3.7574356,2.4945142,2.6261916,2.2137594,2.8124704,2.6069107,2.716014,2.8235886,2.3753762,2.4836564,2.7412727,2.7978148,3.5247805,3.0594697,1.9351945,2.7980125,2.6128724,1.4137365,0.38866347,2.8261793,2.987748,3.2734425,3.4518106,2.9344153,3.171338,2.06746,2.9977858,2.68018,2.8785353,3.5290074,2.699137,2.9113443,2.704485,2.1447556,2.5541978,2.784684,2.6851196,2.4262543,2.4181917,2.7697637,2.8988845,2.4878268,2.0766678,3.0637023,4.1041822,2.465947,1.8898402,2.2187002,2.5611615,2.953832,3.0746133,3.1226134,2.4869044,2.4236927,2.3120158,3.0339756,1.9183105,3.5116017,3.780152,2.608158,2.9342694,2.5935967,2.5785575,2.7669325,2.686328,2.953216,2.402702,4.206053,2.5935967,2.7854252,9.683517,1.3515208,2.9647095,2.4416935,2.7868211,2.8904257,3.2500868,2.7120519,3.0177689,3.154278,3.1582205,2.7360976,2.429999,2.5021677,3.0051672,1.8728399,3.7189476,2.319972,2.74971,1.2803279,2.9350038,2.8851593,2.692949,2.5175838,2.4696767,2.5230074,2.9267812,1.6841456,2.6162431,0.88958,2.5918994,3.2653558,2.7202468,3.088111,2.0462868,2.8729277,2.7863703,2.6699855,2.7455435,2.5062814,3.3423016,2.815523,2.5908732,2.9974012,2.9330735,2.4210625,0.8793942,2.1987216,1.4638789,1.2654325,1.2470626,2.5907674,1.9507453,1.8995883,1.4708722,4.1925664,2.9449153,2.6416733,0.60574925,2.441025,3.0356507,2.5964348,2.6104271,2.572217,1.4639052,2.4302197,2.8556552,1.247257,2.5594783,2.8669393,2.7190568,2.8964653,2.6723766,1.6813099,2.763492,2.4518473,2.5816677,3.1920989,2.6965063,2.721688,3.5842547,2.6314616,2.9092104,5.1941195,2.5175939,2.8601537,1.5268033,0.88885695,1.7917815,2.8863332,2.6491764,1.8326849,1.5356554,2.243861,1.5997108,1.4434844,3.0159354,3.1202834,2.6410158,3.1961322,3.1017113,2.719208,2.9135113,2.9934375,2.1792,2.7438815,2.619268,0.8680357,2.8274243,2.803879,2.6224396,2.74315,3.9572365,3.291232,0.99050516,1.0216347,1.5618888,2.8007429,2.3963897,2.665221,4.2354274,3.019711,3.6206865,1.7004282,4.7726517,1.92596,3.5990705,3.5379906,1.6862586,3.3451123,2.9297051,1.42853,3.321638,2.5313778,3.5167499,2.497627,1.5099885,3.6565425,2.5347128,2.8150034,2.8219547,2.7471545,3.9172027,4.2861714,0.9829679,2.6421928,1.3096617,2.5111663,2.7122867,2.708128,3.4235685,3.03301,1.3021665,2.4220545,2.698251,2.7053423,2.29111,3.5072136,3.7986326,2.4816663,0.8528685,3.7157397,4.0832677,1.6538403,1.1668556,1.8975317,2.5922167,3.7870274,3.402072,3.0237234,2.6174774,2.8737688,2.9004812,2.5005925,4.567931,2.91926,2.5649133,3.5644646,3.8679419,3.0841153,3.031454
1.3961238,2.5212493,2.592551,3.5668151,3.3856695,3.2386615,1.6012298,1.7535315,2.0276058,2.2674217,1.6523114,1.587026,2.5529156,1.6055002,4.075695,1.3964375,2.8847675,2.9324853,3.5020266,2.3095539,1.909296,2.4906242,2.2879646,2.9092891,4.8505645,1.095561,4.1621504,2.7141988,1.3921971,3.1222913,1.7460539,2.8670094,1.6654552,2.735406,1.5208889,2.6678243,2.501454,1.6622368,4.692516,1.4473827,1.1462686,1.6105357,1.6547922,1.3261411,2.7503376,3.458707,2.6604695,1.9203469,0.924762,2.1834362,1.6303604,2.3338206,1.774398,2.4123683,0.8760714,3.6977475,1.7893836,2.0976727,3.8529174,3.5775034,0.796357,1.7975668,2.119291,1.6345956,3.5506299,3.1693616,2.5480201,1.768903,2.459983,1.7481035,4.878653,1.9254096,1.6847558,2.1146104,3.4234998,1.6078308,0.88695174,2.139801,1.6521878,1.6801802,3.0672445,1.6848189,1.632822,3.8601346,0.98638797,2.1711574,1.6800913,3.1143227,2.6530552,1.3348763,2.1636946,1.5597864,1.6626978,1.6638795,1.6824054,3.2429936,2.3661282,2.8493893,1.8486035,2.9207432,1.7338458,1.1650751,2.4113247,1.690604,1.229769,1.250127,1.6279372,1.5410908,2.6328244,2.4113247,1.8434529,9.053131,3.6597953,0.8349814,1.6691136,1.0437243,0.7190252,0.35340682,1.5132633,1.0715564,1.312624,0.8197985,2.4296212,1.6298741,1.500003,0.59270227,3.498571,3.1889055,2.3951292,2.1444705,3.797853,1.6445166,1.7262791,1.1364881,1.6144564,1.7143638,1.7168452,2.5978441,3.2515426,2.1583817,3.3398087,1.5023942,2.5394335,1.7953796,0.6048487,3.090838,2.134152,1.7766496,2.330395,1.1977934,1.5532501,3.5824666,1.1789513,1.2975562,1.6116244,1.9251262,1.54204,3.5036023,4.299643,2.993627,3.904265,2.9083517,1.6495374,2.9733803,2.6173644,2.5705166,1.3969483,2.18175,4.202942,3.2423265,1.6694975,1.9155726,1.5017024,1.5520144,2.2538736,3.7085998,1.5774465,1.8312675,2.5633233,1.6127104,1.7512279,2.2674363,1.7088237,2.314695,2.7290611,1.1639848,1.6617221,2.2958453,0.5463509,1.8804212,2.08127,0.9737566,1.434186,0.7435338,2.5567133,2.9652514,1.7884585,2.7469528,3.80736,4.2021394,2.8354259,1.8926576,2.7105584,2.3899665,2.5222132,3.8630655,3.3387609,1.796897,2.141442,2.7558143,0.9076491,4.129633,1.1117942,1.0029771,1.0132836,2.707711,2.3535142,1.9129144,2.76781,1.8135211,1.181565,1.8301365,2.2145388,2.6640878,1.0197775,3.0770566,3.2232199,3.752633,1.6320423,1.7721341,1.8426895,1.3426598,2.0897756,2.962092,3.7709174,4.2696195,3.325365,4.107143,2.545862,3.1983232,4.6848116,1.6485335,4.160432,2.4045298,3.4347541,1.9462959,2.3048618,3.3489192,1.5614915,1.907948,1.6184335,0.97892797,2.1453373,1.889037,1.5107743,3.5704606,2.6079652,3.3156528,1.6468003,2.1639514,3.4521062,3.9044187,0.8581553,2.9644036,2.601344,2.21171,1.4203963,3.197851,3.349896,1.0941523,1.6416217,3.2236028,3.1389506,2.1383948,1.8744535,3.0592167,2.687735,1.1485561,4.6260858,0.35375237,0.80562913,1.2660712,1.7357368,1.0428884,1.771409,1.7464476,1.673399,2.1671631,3.594489,3.481115,2.028791,0.8124727
2.135938,3.2439046,2.1927748,2.3725119,2.9366906,3.006731,2.1851854,2.1838975,2.6875954,2.3538308,2.1378686,2.1356554,2.5863564,2.1273625,3.2415123,1.9724989,2.0681937,2.934819,3.3549979,2.933123,2.5108066,3.2938206,1.3908277,3.2263606,5.810766,1.2561555,4.589024,3.262989,1.9675307,3.7077253,2.3364708,3.7204797,2.3477192,2.2634664,2.203192,2.6328335,3.1149018,2.5508273,5.323034,0.7905579,1.6450782,1.8017063,2.1848774,1.9376401,2.9228666,4.008537,3.2310019,2.554496,0.85443175,2.780083,2.1250687,1.246431,1.0486872,2.2997022,1.2297512,2.8978033,2.2201517,2.904877,3.6379323,3.4807951,1.6241984,0.56542313,2.421337,1.6327487,3.8237953,3.664572,2.4356368,2.31859,3.2281609,2.3195062,3.764526,1.044422,2.36207,2.439684,4.0705028,2.3287587,1.4482833,2.8976755,2.2032492,2.2373219,3.607091,2.5972652,2.096702,3.0238087,1.4611899,2.607657,2.3101137,2.4027882,2.682471,1.7204752,2.7870843,2.1239746,2.2295349,2.3224206,2.1744473,3.927805,3.3594131,2.204631,2.256493,3.4234917,2.45032,2.140814,3.0332458,2.4684663,1.8463291,1.7627854,2.383065,1.8502227,3.0601826,3.0332458,2.463927,9.182919,3.2389174,1.5851008,2.1291084,1.7044715,1.2722404,1.1044432,2.2071204,0.64218026,1.1529878,1.3858476,1.2912916,2.162796,2.1751342,0.9169507,4.009614,3.905173,3.0560353,2.33569,3.6677704,2.4133341,2.2802002,1.3382064,2.1130471,2.3586624,2.1688733,2.9854636,3.347431,3.0026658,3.5733774,2.2241738,3.083693,2.2643113,0.9398407,3.5316296,2.9518037,2.2340522,2.435953,1.8448429,2.148834,2.38692,1.3876483,1.6030618,2.1975393,2.8193495,1.7418982,3.5341308,4.3115807,3.009113,4.071443,3.0425315,2.1081684,2.9232335,2.5022688,2.7514286,1.5024291,2.7286658,3.2185843,3.1401284,2.2710886,2.5451648,1.9989104,2.1534393,2.4555857,4.0396037,2.132602,2.5837078,2.8902698,2.1242435,2.2611115,2.7980697,2.292855,1.3757812,2.2231,1.6889457,2.2664175,1.8601072,1.2390352,1.2770696,2.0912251,1.8394934,1.9374926,1.3107542,2.7789557,3.6771872,2.3048146,2.6095936,3.7481353,4.1214976,3.163813,2.0660486,2.521507,2.3742359,2.3041863,3.302213,3.7165685,1.3886368,1.9407915,3.426756,1.2731097,4.7231193,1.2485219,1.1808671,1.0977949,2.8845994,3.293096,1.3139671,2.557592,2.3072455,1.5556798,2.1190138,2.544679,3.63357,1.6945789,3.159084,3.278773,3.5952868,2.1981688,2.4079592,2.2726393,1.7316915,2.4415557,2.2858152,4.1610227,4.703807,3.916145,4.7442317,2.8985498,3.1946702,3.5860312,2.4168978,4.076142,1.8859264,4.0174794,1.7830131,2.9193869,3.8037813,2.0287373,2.3173497,2.138515,1.4825321,1.2328093,2.3961604,1.8295641,3.3542025,3.2101288,2.783031,2.1595547,1.4468384,3.7535062,2.6964667,1.1909215,3.0183873,2.4129546,2.2562466,2.0988607,3.7829113,3.7991464,1.6213077,2.2544522,2.8376076,2.327713,2.582694,1.7391605,3.250989,2.6892643,0.8795861,5.3322053,1.1424983,0.97202426,1.6656711,2.3661518,1.153159,2.483017,1.9159245,2.334296,1.9470859,2.4949715,4.069435,2.6158147,1.1224902
1.1758627,3.3605018,2.2445889,3.451145,3.5192666,3.5363407,1.4659204,1.3409187,2.5555623,1.4505357,1.4401618,1.2209836,1.5778421,1.2012403,4.2813253,0.6175663,2.667132,3.0615003,3.9104803,1.4181774,1.574513,2.9561038,2.1239982,2.3553607,5.0257134,1.2905552,4.5542903,1.5616807,0.9659145,2.5250165,1.5488858,3.3323424,1.1072853,2.460041,1.0002066,1.6877341,2.948484,1.6169022,3.5604396,1.7299043,0.9905822,1.3710909,1.3859103,1.170964,2.3327994,4.084228,3.241733,1.6430297,1.2850559,2.6800258,1.358502,2.385361,1.5732495,1.3887343,1.4354056,3.761441,1.7048455,2.0815203,4.177461,3.6127067,0.9390579,2.2011378,0.6241269,1.029118,2.3330107,2.6388278,3.4409206,2.87145,2.6961997,1.6141478,4.9325814,1.8369144,1.6283382,0.9075135,3.1239493,1.087372,0.8690092,2.4370022,1.1169354,1.1205486,3.7287762,2.005336,1.173637,3.9107997,0.84270954,3.6726046,1.1329721,3.0391512,1.714175,0.79469126,1.2319812,2.7647474,2.8764606,1.1249256,1.5022231,2.776779,1.9510912,2.4539714,1.6729654,2.5024633,2.2362192,2.1801343,3.108919,1.1623653,1.1542863,0.98207366,1.6187667,0.86958563,4.1027145,3.108919,2.2817452,9.984328,3.4918878,1.9908394,0.86468947,0.8657694,0.9575264,1.5178887,2.3076699,2.174847,1.0450497,0.82126653,2.557845,1.1178554,1.0694128,1.2904499,3.3941443,2.9115765,2.6577213,1.2997489,4.1570873,1.6114393,1.6749477,1.0875798,1.2576773,1.0956876,1.4513263,1.2893274,3.1645648,2.3743722,3.3671033,1.151069,1.9601364,1.6489888,1.2585162,2.4745703,1.6358193,1.6531961,1.1069558,1.6825125,1.1478298,3.5020266,1.1247003,0.8297364,2.7039692,1.574436,0.9066764,3.4380593,4.8405113,3.3534176,4.1081367,2.8684251,0.9166447,2.6350007,2.1487365,2.2176895,2.725646,1.0881475,4.24435,3.1291568,1.12421,1.4418445,1.0055957,1.1963941,1.5877569,3.3610897,1.1154314,2.4130862,2.624192,1.1955882,1.6597579,2.967608,1.6815621,2.1202755,2.3866284,0.6120837,1.1303163,3.2989151,1.503848,1.5173242,1.3213835,1.927035,0.992333,0.9186247,3.9858603,2.3091054,1.5826848,2.516459,4.0144773,4.650773,1.5289832,1.2446418,2.3387442,2.0154886,1.6742291,4.198957,3.0677016,1.3433557,1.4871935,3.2091641,0.84906286,3.2546408,1.27622,1.3245451,0.99786377,1.8308444,2.4457417,1.5186211,2.9549572,1.5605116,0.62450624,1.0576082,1.4148062,3.7643194,2.4442847,3.4607534,2.7597644,4.1703215,2.6107361,1.9716179,1.340395,2.764813,0.67587936,2.28262,3.3812943,4.606034,3.0719233,3.044609,2.2478573,2.8612552,4.6234264,1.6356716,4.494339,1.7281817,3.39125,1.349935,2.70047,3.134041,3.0039735,0.87908345,0.5368475,1.5892243,1.9615732,3.3752155,2.95677,3.8923473,3.324938,3.3522763,1.2761794,1.7399288,2.410995,3.9019716,1.3974351,3.2466733,1.6293157,1.3558472,0.83646977,2.779433,3.0746708,2.5745716,1.6374838,3.2202086,2.6030064,3.6378767,2.4400048,3.2537575,2.3303163,1.4171704,3.7221522,1.7589767,1.2574998,0.78632694,1.5215876,1.1141945,1.1858016,3.0828545,1.6874938,1.5170507,3.507677,3.3904111,3.1382403,1.3057297
2.0291233,3.7830298,2.710927,3.109334,3.7236764,3.8279705,2.3011527,2.2556727,3.1255379,2.3761282,2.273336,2.136202,2.1469846,2.1213174,4.155383,1.3169667,2.7564895,3.4520867,4.1385727,2.0722055,2.5510147,3.6202803,1.9151833,2.5812356,5.361841,1.607883,4.089207,2.5477076,1.8534081,3.5010726,2.4383266,3.9704833,2.1020684,2.4277499,1.943431,2.534336,3.5832944,2.5053658,4.6296597,1.5784279,1.6541241,0.49518013,2.263523,1.9600248,2.5118506,4.5956073,3.79199,2.6074648,1.1953557,3.258016,2.2177353,1.9340241,1.4164706,2.077684,1.6128814,3.7816617,2.4885032,2.9723008,4.473757,3.9525895,1.3833628,1.6784437,1.6887674,0.5278341,3.4363918,2.901578,3.399887,3.024001,3.4828553,2.4688118,4.5799165,1.5241834,2.476823,2.008373,3.9856129,2.06365,1.3038864,3.1786418,2.0731874,2.08871,4.225939,2.7286313,2.0862348,3.9050207,1.3298591,3.2873738,2.118913,2.8535714,2.2898347,1.5456426,1.9748727,2.8233,2.9326131,2.1097605,2.3319938,3.697343,2.943215,2.6304035,1.2279629,2.4387162,2.8240066,2.4352303,3.5793939,2.1357408,1.8884695,1.7377647,2.4600072,1.6410692,3.7822697,3.5793939,2.896927,9.1480875,3.9069614,2.0779424,1.7447209,1.5544974,1.1234459,1.3421555,2.6986382,1.6180029,0.59428257,0.7921712,2.1762254,2.0589974,1.9851211,1.0458281,3.9429162,3.0764322,3.3843396,2.2878683,4.437077,2.4702234,2.4827516,1.5076485,2.1482842,2.0938485,2.3102226,2.4491534,3.8871357,3.1550262,3.8488545,2.0791376,2.1695364,2.4800599,1.072586,3.1706336,2.7331796,2.4639986,1.9442357,2.1856112,2.0700483,3.1478667,1.5780214,1.4936711,2.8689742,2.6059859,1.6148227,4.0299864,5.136274,3.773976,4.544146,3.1139066,1.9230478,2.7179415,2.3079112,2.9983323,1.8951918,1.9258493,4.103571,3.6391642,2.098042,1.6955663,1.9175352,2.1167533,2.5465088,4.054751,2.0332315,2.9809813,3.0035267,2.1155508,2.471573,3.42789,2.4874518,1.8976724,2.7108376,1.2861114,2.1033695,3.0429494,1.5338066,1.3252158,2.1431506,1.405985,1.8702599,1.0292319,3.223472,3.2848864,2.452483,2.6250222,4.341866,4.920261,2.6244934,2.1205168,2.4150498,2.6794484,2.072606,4.182916,3.6799092,0.9350447,1.1732068,3.8598769,1.0221554,4.381076,1.5937881,1.5499699,1.1060332,2.4417012,3.283864,1.481062,3.0536313,2.4459248,1.0987525,2.0309145,2.4819813,3.7363899,2.2743986,3.6901934,3.3561692,4.4564743,2.8521883,2.6906376,2.3045146,2.1023624,1.7916765,2.4822488,4.101745,4.1740947,3.9147918,4.2357073,1.9723269,3.630215,4.372278,2.4862092,4.7640595,1.3477263,3.7353492,0.749054,3.3593304,3.837259,2.7593799,1.8195268,1.5171689,1.9098194,1.7574661,3.0607107,2.2806242,4.099514,3.7816517,3.317259,2.1842587,1.5860943,3.158002,3.5428798,1.5612264,3.7113755,2.3268087,2.2504156,1.8125361,3.404771,3.0573406,2.1787603,2.431621,3.5049143,2.6883934,3.263673,2.514385,3.4941235,2.4653292,1.3800919,4.8404703,1.4222709,1.247659,1.505724,2.431349,1.3449272,2.187145,2.23751,2.4968812,1.5195892,3.3660738,3.3324513,3.3023064,1.4274408
2.581448,4.4217176,2.852357,4.5920095,3.946103,4.007662,2.6504266,2.4784627,3.5341897,2.185677,2.5809493,2.5046885,2.0651448,2.4603567,4.923156,2.5823767,3.51089,3.4198828,4.369838,2.2960498,2.4827971,3.6688662,3.5354164,2.9105544,5.2770796,3.1937861,5.8225102,1.4947816,2.521586,1.8497918,2.6926687,3.864255,2.2460847,3.2961357,2.3555465,1.7740375,3.6345742,2.7787855,1.6465063,3.5524273,2.840124,3.6490474,2.5280352,2.703774,2.9627492,4.5801554,3.9810333,2.5004852,3.4197645,3.554956,2.5434675,3.9641647,3.3505883,2.558034,3.4940178,4.329848,2.8588598,2.738994,4.4535065,3.6868389,3.0270975,4.121678,2.0518358,3.2458897,0.52182406,3.092304,4.6827154,4.418399,3.2470827,2.771853,5.6694303,3.5423133,2.82337,1.7770888,2.5893888,2.3028069,2.9878335,3.2424433,2.2841353,2.2494433,4.4002104,3.1727896,2.4017797,4.456535,3.0309746,5.6922073,2.2448008,3.8933938,2.039248,2.5742993,2.209063,4.4588466,4.5479507,2.2567813,2.6060553,2.2054987,2.346672,3.116901,3.5860002,3.5922344,3.3979175,3.854474,4.034798,2.2689264,2.825903,2.7128372,2.8602073,2.4109893,5.9883018,4.034798,3.4260643,11.615893,3.496791,3.9031174,2.232923,2.815894,3.1961899,3.8027177,3.7341154,4.3186083,3.311598,3.2371001,4.080366,2.3187752,2.4080255,3.5724733,3.2565045,3.6527588,3.2275846,2.1190426,4.4535875,2.8223054,2.8716006,3.002985,2.4825003,2.1837215,2.56524,1.2572674,3.0857916,3.0879886,3.3798747,2.4628558,2.970029,2.7425506,3.5606418,2.1837897,2.1805902,2.7992704,1.8640457,3.286508,2.4218788,4.629702,3.0307705,2.6678987,4.2987485,2.4088144,2.4823601,3.2639995,5.1478453,3.8521166,4.0820146,3.3134356,2.2507184,3.1948242,2.8557065,2.3449788,5.1512547,2.046984,4.8719563,3.1403918,2.254967,2.8945851,2.4522681,2.4879386,2.1725214,2.7480452,2.3697546,3.5954516,3.1579888,2.4416828,2.8411927,4.011217,2.8885438,3.567134,2.9699755,2.7057898,2.268897,4.8760448,3.6854799,3.21494,2.3540833,4.175546,2.5246158,3.18971,6.368394,1.8490794,2.7116501,3.1686282,4.132272,4.917321,1.0714667,2.3753924,3.0579622,2.4562397,2.3659384,4.7826285,2.800789,3.2586057,3.1464612,3.7758558,3.2105575,1.4924788,3.1736212,3.3338373,3.2136612,2.0155745,2.9719062,3.1208797,3.6785424,2.6569068,2.8011432,2.2251449,2.0126553,5.2681723,4.463962,4.007327,2.4730427,4.5471826,4.1058636,2.9834657,2.3694327,5.1497965,1.9001657,3.3232079,2.6908796,5.8014383,2.618889,1.1012388,3.6523058,2.6438105,5.258669,2.8414264,4.6631594,3.3159587,3.628624,3.3635223,3.4598587,2.7973564,5.006851,2.0239222,2.2911892,3.426473,3.5184433,5.3830667,5.32132,4.29317,4.1942153,3.9646947,2.452221,3.2421334,1.6806208,4.9556303,3.4722319,3.6636353,2.05444,2.1740339,2.4188128,2.6360602,3.8213859,4.8052397,2.7596865,3.5607116,3.661666,5.65493,3.737211,3.7116277,3.0086775,3.3712306,1.9202551,4.073351,3.4596753,2.6431427,2.6605718,3.1959105,2.1727026,5.5250196,2.908753,2.8597007,4.5619655,4.245641,4.600923,3.4415176
2.6416175,4.397149,3.5866172,4.4903307,4.1486845,4.2692275,3.081345,3.161769,3.7120566,3.3298273,3.0584226,2.9747326,1.9598607,2.9307575,4.750896,1.8016411,3.8075716,3.4971783,4.3451905,1.1190308,3.309653,3.9816833,3.1434655,0.9664767,3.7530918,3.0293362,2.751411,1.8405842,2.6746445,2.8744528,3.3582876,3.9788969,2.4704764,2.5804603,2.3895218,2.9430852,4.072336,3.1520514,3.411657,3.057314,2.803443,1.8578854,3.0287757,2.8536372,1.4050832,4.8359194,4.3094587,3.2918382,2.7827768,3.8174214,3.0217726,3.2873917,2.974952,3.4009378,3.1828232,4.5078053,3.5403967,3.3177836,4.7707853,3.7221174,2.3496487,3.4087963,2.3163536,2.0311007,3.180886,0.84333414,4.095384,4.008581,3.8365955,3.4298282,5.3593884,2.9689782,3.3787181,2.41781,3.2367883,2.4290118,2.4771242,3.7114203,2.6202548,2.5932028,4.6631947,3.3678942,2.854942,4.624867,2.757132,4.3845725,2.5491703,3.2016315,2.0163326,2.4489872,1.3034892,3.8797092,3.9600244,2.5132184,3.1142602,2.8809657,2.6046891,3.3348544,1.1184105,0.34825483,3.5495481,3.2174082,4.0957527,2.3119922,2.9274938,2.7655752,3.3244083,2.3343728,4.7380567,4.0957527,3.7975976,8.55195,4.345153,3.2792332,2.0791028,2.5780025,2.4574108,2.9444015,3.5788693,3.1672432,2.3427494,2.213937,3.5998542,2.6584966,2.4890492,2.6418095,2.8709133,1.0334064,3.7212856,3.172929,4.5772386,3.292939,3.4905157,2.8378506,2.9459345,2.4091387,3.1643865,2.5042713,4.280701,3.45803,3.3543715,2.6525552,0.36074,3.4395266,2.7419498,2.0545914,2.9932582,3.4816139,2.2427998,3.2690954,2.7274249,4.4683714,2.979385,2.533288,3.8972707,2.9445982,2.466314,4.042342,5.2836666,4.2515106,4.1828566,2.4371526,2.6408548,1.8960817,1.9303254,3.243759,3.5669281,1.4784274,4.906167,3.7465267,2.5594804,0.90378726,2.7507648,2.8764286,3.3616483,3.2239726,2.6393003,3.7689152,2.5240016,2.9062328,3.4968593,4.2057486,3.481293,3.2367833,3.4102252,2.196733,2.5848677,4.184485,3.0811648,2.6087003,3.2066991,2.2129807,2.7635446,2.3141725,4.6667333,2.4687598,3.429953,2.226502,4.192648,5.0116324,2.5024743,3.1262121,2.064949,3.1560626,2.3192055,4.5424027,2.7947602,2.258238,1.7707499,4.2148576,2.6615324,3.594346,3.006997,3.0930135,2.7362459,1.8133255,3.3002262,2.7724218,3.0924993,3.408205,2.1480772,2.88633,3.222028,3.7145007,3.4956193,3.5592809,2.916469,4.7969728,3.8174994,3.3473885,3.1533678,3.6807895,2.2217302,4.0056195,3.1503577,2.7390308,3.3068812,3.5067093,0.5768077,4.0427713,5.210244,3.3094707,4.659482,2.3949506,2.2649078,1.980676,3.92497,3.1165452,4.0464344,1.9869099,1.9420753,3.2202961,3.2154691,4.20308,3.8215349,4.238666,4.2536817,3.432089,2.946474,2.8236682,2.0084405,4.805587,3.1328971,4.098048,2.9335523,3.1888418,2.4575973,2.0586882,0.9937062,3.6800947,3.1724024,3.856297,4.284084,4.370818,3.263111,2.931028,1.7792982,2.8374617,3.7678468,3.0181878,2.9117625,2.4882476,3.3082402,2.8954709,2.377472,3.835218,3.4412959,1.8938134,4.9265404,1.3640211,4.1685443,3.0251472
2.596634,1.9615675,2.5791612,3.6065173,2.0122175,1.5904515,2.4884357,2.7531183,1.8371598,3.2131875,2.4799147,2.7022948,3.4569943,2.6962118,2.7027118,3.0781307,2.7497635,1.8158491,1.5831635,3.76452,2.8434408,2.2823186,2.7513254,3.7583137,5.1009946,2.3595922,4.7398896,3.9564974,2.6998506,3.4053411,2.7486694,2.4614108,2.8384297,2.8156242,2.7865214,3.3481095,2.0024278,2.7757683,5.5781894,2.1850789,2.5913916,3.6498716,2.5683136,2.5357385,3.3078191,2.1456077,1.8622218,2.7735507,2.3961966,1.7981455,2.5528536,2.7364807,2.7925656,3.8253736,2.3920262,2.5834975,2.596639,2.621402,1.933406,2.3387046,2.5838418,2.4472375,3.79363,3.5215883,4.3231444,4.131833,0.20469111,1.4351975,2.4553492,2.7050133,4.005101,2.7214587,2.6836903,3.3866632,3.299665,2.8304076,2.5829515,2.3153977,2.73168,2.7550898,1.9130088,2.4529557,2.677638,2.7438323,2.7897573,2.1391296,2.7914183,2.7654002,3.4470456,2.708531,3.6279464,1.4753892,1.4701103,2.8019915,2.4621968,3.4671998,3.4186444,2.849957,3.5967145,4.326063,1.9891026,1.9226521,1.6773169,2.910406,2.5612006,2.6152003,2.6896288,2.7595203,2.1509352,1.6773169,2.1378107,8.904434,2.646381,1.8608737,2.9330451,2.6454015,2.56949,2.413038,1.7376486,1.9379585,3.0563507,2.905386,2.6189218,2.706035,2.7050385,2.444495,3.1316018,4.309965,2.1623497,3.1752894,1.8657498,2.7025754,2.6395583,2.486303,2.6263943,2.863732,2.5740995,3.8345356,2.4308312,2.430182,2.405115,2.7029352,3.916791,2.6070123,2.5100226,3.4825482,3.1624494,2.623194,3.533181,2.1424534,2.666918,3.5269563,2.5566187,2.6749523,1.5264794,3.0518255,2.7329142,2.3863168,2.118213,1.4740784,2.4068244,2.5463982,2.8898463,3.1986282,3.0502427,2.4798238,2.820151,3.660347,3.2002792,2.2862387,2.767217,3.4385068,2.7283022,2.682246,3.013109,3.2551656,2.668316,2.0795362,2.2255104,2.6883612,2.6536834,1.6928873,2.632367,2.8664432,2.601984,2.8301678,2.759938,0.8188057,2.3764093,2.9266472,3.0798376,2.876383,2.7027283,2.636611,3.406827,3.5909224,2.742432,2.75565,2.1853604,2.090024,3.9671357,2.911317,2.9908235,2.4269564,3.28753,2.1263483,3.0287116,3.205134,3.5664966,2.1670792,2.875065,4.533663,2.364006,2.412144,2.7039814,3.4653244,2.7537117,2.869954,1.8686876,2.7579463,2.8723412,2.9613585,3.186761,2.7929397,1.820697,1.6373425,2.9520175,1.7321107,1.4766821,2.1595578,2.8376367,2.7657876,3.6241,3.9075844,3.4316342,4.8562875,3.081759,4.8943596,3.9476836,2.730443,3.9373057,2.6846316,2.2529075,3.7404056,3.4643292,3.6933942,2.0318873,2.9370835,1.859617,3.190241,3.2081966,2.1332867,2.8387053,2.0237234,2.7251391,1.7885301,1.6911519,2.4618967,2.6423795,3.049672,4.233494,3.5873642,2.3934307,1.5886298,3.3678265,3.1813228,2.8569472,3.5295386,4.2518578,2.281374,2.3745213,2.140629,3.9182057,2.122713,1.1480247,2.2264647,3.0428274,2.2596135,5.182186,2.4000158,2.4874558,2.6947734,2.7720156,2.5670214,2.9074044,3.0930092,2.6291053,3.2326384,3.5535889,4.3903966,1.4580249,2.4456596
2.655773,1.5041349,3.4117289,4.428895,3.468642,3.0087907,2.575811,2.8666034,1.8651108,3.505904,2.657843,2.7760887,4.1055036,2.8110478,4.170842,3.212868,3.7033324,3.0917976,3.0955348,4.006536,2.850049,2.1546443,3.4822798,4.3606915,5.195785,2.4248018,4.9742713,4.293138,2.7917466,3.9649625,2.6826427,2.454764,2.9966795,3.8508465,2.930229,3.97374,2.1148336,2.5666473,5.9784265,2.613433,2.6056595,3.6111708,2.7070758,2.5745041,4.0615997,2.4319832,1.9662962,2.7970285,2.4966424,1.9374309,2.7059505,3.444226,3.210125,3.9665735,2.195804,3.9463193,2.5900373,2.631326,3.3981872,3.7435813,2.5279303,2.842555,3.9447684,3.6220682,4.861454,4.604822,1.8095871,0.81321746,2.4434671,2.625703,5.2837367,3.267699,2.5406885,3.6928957,3.901106,2.9599266,2.6038983,2.2301197,2.9469693,2.9786248,2.0665042,2.171893,2.866682,4.1136065,2.6911824,0.90855414,2.9782186,3.9625213,4.1464777,2.909818,3.8618343,0.7257201,0.6345144,2.973692,2.632928,3.9802823,3.3932562,3.8507905,3.685382,4.5631914,1.8731668,1.4371618,1.6999633,3.0370584,2.5183902,2.6729066,2.4954214,3.0805895,0.9887139,1.6999633,1.9578191,8.929532,3.9357522,1.4351368,3.23831,2.629811,2.5469854,2.0656457,1.4749494,1.9721115,3.1890304,2.827429,3.3550942,2.9180863,2.8468678,2.382128,3.9610384,4.535547,2.3679497,3.4306064,3.3469942,2.5208333,2.542891,2.6039145,2.7752705,3.0669339,2.721182,4.150043,3.302528,2.3974724,3.54676,2.7717729,4.2019653,2.6382816,2.3923,4.1936183,3.1580682,2.6206248,3.9820719,1.985135,2.8086374,4.402672,2.6054475,2.872572,0.9084907,2.9550018,3.0652084,3.5851684,3.3797872,2.6205034,3.6659334,3.6049669,3.0777137,4.1430664,3.9229689,3.251708,2.1470025,3.914373,4.5231953,3.5299785,2.9698944,3.6295323,2.8620455,2.7608645,3.326088,4.240757,2.8675606,1.772225,3.1469953,2.8236578,2.588698,1.5962852,2.5154014,3.5386724,3.5976913,2.9336083,2.9533179,1.7160103,2.021854,3.4304707,3.3840654,2.527753,2.8097808,2.6290977,2.3133283,3.9970717,2.7046282,3.7839975,3.6309974,3.5110502,4.371857,3.1544428,3.9338129,3.2253492,4.011237,3.7117887,3.9546154,3.564671,3.9709554,2.249585,2.7647264,5.033779,2.4525409,2.3712347,2.7306428,4.1540833,2.715826,3.3906057,3.1858926,2.7528608,3.011305,3.1950023,3.4056244,2.1644688,1.0551392,2.9686697,4.0210857,3.1599247,1.1154813,2.2532475,2.9706295,1.8726721,3.8401246,4.286073,4.356124,5.113438,3.7395773,5.238227,4.2209024,3.6013706,5.1829014,2.500616,3.7269082,4.1778164,4.121212,3.8896298,2.1110022,3.7969272,0.6592491,3.5259094,3.3797324,1.9826595,3.415421,0.7083532,1.8047061,3.3295445,1.7502784,3.8468244,2.79381,3.6337712,4.8958836,4.552982,2.226288,2.7204046,3.9889755,3.5166936,2.9232976,4.161257,4.700441,1.3493704,2.4547782,3.5099635,4.335813,0.86983174,2.148651,3.3624291,3.917052,2.533667,5.5847692,1.9324571,2.414186,2.8578582,2.6959636,2.5990486,3.0879717,2.270574,2.4691067,3.8194268,4.252955,4.698456,0.7628746,2.3099465
1.5935752,0.9097354,2.5884664,4.506617,2.9812381,2.4420323,1.3648134,1.6920822,0.4103607,2.3689184,1.4714485,1.6409527,3.2106147,1.6747833,4.167096,2.564351,3.3156447,2.2608538,2.6756814,3.1372666,1.434613,0.37583464,3.3483748,3.7044837,4.616805,2.0508027,5.329707,3.0564353,1.8291967,2.2984505,1.4324915,1.0526668,1.8086762,3.473122,1.8670295,2.8007298,0.36221752,1.2355568,4.290007,2.5990045,1.9185024,3.6393647,1.4940813,1.6229366,3.4571126,1.5092283,0.6392629,1.3166573,2.4341886,0.42693314,1.5411438,3.5718567,3.0481524,3.1755116,2.0538495,3.7081199,1.4454299,0.86427015,2.849491,2.9707987,2.0693264,3.1943007,3.0489793,3.444319,3.275175,3.9198208,2.26034,1.3232579,0.39234918,1.3983917,5.452304,3.2190838,1.2913841,2.5777824,2.2669554,1.8087064,2.1548536,0.33687037,1.7913544,1.8069426,1.1184553,0.8226797,1.7478486,3.901803,2.2472184,2.8535316,1.7783692,3.8027208,3.2136924,2.1597383,2.9614916,1.5247108,1.5413618,1.7816224,1.4124795,2.3540006,1.9210359,3.299294,3.6146479,4.2089157,0.6038908,1.3144687,0.67417103,1.8595338,1.67986,1.8707209,1.258834,2.254936,2.9505198,0.67417103,0.7169043,10.205247,3.0739706,1.6397144,2.3101182,1.9588128,2.298736,2.2982821,0.9019248,2.695119,3.0827127,2.6438236,3.5088384,1.7809452,1.7680396,2.4641633,2.8656054,4.0203114,0.48166853,2.2655852,2.8213966,1.2495129,1.3628664,2.1235065,1.63381,1.8840374,1.5216541,2.839754,1.8382118,0.58915305,2.5321357,1.6330916,3.6306255,1.4114811,2.4478326,2.9857368,1.564105,1.4475292,3.0145068,1.3086607,1.6768909,4.5006833,2.110342,2.1952024,1.2997142,1.4737934,2.2900753,2.3669212,2.9727108,1.7968678,2.7719896,2.96283,2.0150182,3.6188235,3.3369873,1.85701,3.3761618,2.9735603,4.4676714,2.4819741,1.788332,3.1062546,1.8510015,1.6172156,2.032868,2.8818917,1.7565862,0.5471623,2.3519123,1.6867313,1.4192295,0.6674139,1.3285589,3.416418,2.9049914,2.330327,1.7686,2.595592,2.090658,3.2095535,2.4057047,2.9568675,1.8509928,2.395772,4.0672984,2.4491746,1.4851934,3.2685316,2.9358275,3.0737004,3.0361748,2.120249,3.4266617,2.103888,3.2548065,3.63128,2.751335,3.4002333,3.7044764,0.55752707,2.5210412,3.1662173,2.0713186,2.1213937,2.4995108,3.162995,1.0003521,3.0871396,2.8133795,1.5205932,2.5243561,2.1196613,2.0684202,2.756713,2.0082996,2.4868965,2.8652005,2.6769009,1.1251621,0.8351403,1.7365003,3.1495557,2.855842,3.8024025,2.966124,5.4066386,2.101617,3.4098234,4.032591,2.1649292,5.1938,1.2238773,3.2019951,3.9603007,3.3757594,3.7514277,0.28334057,2.416542,2.2682087,2.5446656,2.5526955,1.6585778,3.2918108,2.5627468,3.2208672,2.8943737,0.8436912,3.581213,1.6149437,3.380958,3.6773849,4.7103176,2.0845053,1.7690094,3.0020328,2.4411237,1.9408981,3.0245838,4.3134317,2.5404394,1.1756647,2.855863,3.9698677,2.8123488,2.0218644,2.7831206,3.3586538,2.4128208,3.7453387,2.4209063,2.3508344,2.150277,1.4226978,2.303411,1.854543,3.6539078,1.2554263,3.3857796,4.2260737,4.423672,1.346661,2.1813457
1.0212616,2.1532555,2.0012004,3.5613186,3.146639,2.9011607,0.7550261,0.7496928,1.4730177,1.3361093,0.8289742,0.7636964,2.6028998,0.8304126,4.0750813,1.7579311,2.6111934,2.748385,3.3470259,2.6705894,0.7940933,1.9168404,2.438902,3.4687269,5.402767,0.8716892,5.3770094,2.6343162,0.93845636,2.6959462,0.54757595,2.527085,1.3051137,3.032906,1.2798849,2.1155832,1.8160355,0.89016557,4.3174896,1.656995,0.7813489,2.5906074,0.8211984,0.74705267,3.2630057,3.0156815,2.0627916,0.86350894,1.3432713,1.5884179,0.8093314,2.665491,1.9131951,1.7947967,0.8071734,3.500779,0.4835476,1.3495386,3.5122802,3.4736252,1.2279456,2.1869829,1.9614989,2.2990036,2.8943849,3.7771523,2.7022424,1.7250377,1.7037102,0.49168414,4.9937544,2.203043,0.52810293,1.7393988,3.0851254,1.307484,1.1420869,1.3570893,1.1686503,1.2120074,2.562331,1.0392958,0.9471834,3.6792166,0.95575076,2.932695,1.2482495,3.409294,2.676098,1.2147677,2.4558651,1.7121569,1.813821,1.2691755,0.81555235,2.9354372,2.1049747,2.679253,2.9008784,3.8037415,1.1127769,1.4256252,2.0004294,1.4832644,0.6169444,0.8199355,0.5795369,1.4320368,3.2759602,2.0004294,0.9211061,10.409293,3.1251714,1.1786062,1.6396668,0.9557838,1.2769748,1.2866563,1.1813655,1.9686488,1.9234176,1.593065,2.6244721,1.1208967,1.1914313,1.4428778,3.5906427,3.968692,1.7235245,1.2537689,3.57214,0.63501227,0.4274824,0.96868527,0.8452376,1.3875133,0.75368476,2.14306,2.3759515,1.5541126,3.2540524,1.0473334,3.2305427,0.57212436,1.3401997,3.128796,1.4000567,0.50022453,2.1652195,0.5855395,0.99914277,3.6099195,0.838612,1.1755276,1.5599332,1.2772379,1.3794458,2.9909394,4.033121,2.499502,3.7345228,3.2184892,1.1389115,3.4403732,2.9661272,1.931911,2.6014478,2.3685818,4.1140146,2.8247397,1.2325444,2.622418,0.9359343,0.8414176,1.2266898,3.494164,1.1060393,1.1667756,2.7578652,0.8655181,0.4389115,1.67391,0.42910483,2.4298944,2.3944778,1.3853941,1.2043648,2.557648,1.014371,2.178645,1.2909392,2.3857634,0.88500226,1.416443,3.6037729,2.7128837,0.52279127,3.1067777,3.659131,3.9860554,2.4121864,1.0488933,3.0934641,1.8359973,2.5383646,3.872176,3.2948532,2.329904,2.7565093,2.125526,1.2409409,3.5042117,0.903492,0.8680846,1.2520022,2.7871635,1.8903979,2.0407767,2.9655688,0.5724488,1.5283629,1.1287572,1.2234473,3.4225333,1.7287836,3.1682017,3.0204647,3.4215984,1.458514,1.007656,0.84394044,2.4718032,1.9029403,2.488699,3.5788507,5.4608917,2.940628,3.4730215,3.5181189,2.3063807,4.6722965,0.6355088,4.0310054,2.8532472,3.8911328,2.6414084,1.5495526,3.1446843,2.1308658,1.8586433,1.717597,0.67411596,2.236488,2.5913434,2.6153445,3.4574196,2.217312,3.5124285,0.86963665,2.3463335,3.4346275,3.920639,0.8484168,2.4720955,2.1568406,1.4060723,1.1458987,3.367481,4.189221,1.9793705,0.7977982,2.9534388,2.6873255,2.886334,1.9881308,3.3254228,3.1322682,1.4153429,4.1113043,1.5259289,1.1470338,1.1573796,0.5923235,1.0472348,1.4731964,2.9389558,0.4753298,2.584706,3.2620068,4.410424,2.0030763,0.94981104
4.5053835,5.425731,2.8752275,1.3932177,2.6119316,3.2368567,4.4047294,4.297849,4.78397,3.9812725,4.258074,4.3795075,3.7701073,4.330332,1.5991755,4.372574,2.0277166,3.561965,3.5558832,4.9407644,4.6598516,5.377842,2.3883264,4.594651,7.706792,3.8510487,6.3022265,4.9543757,4.310673,5.0424857,4.6019783,5.6984954,4.540087,2.6716955,4.4723983,3.6560018,4.9805684,5.0032787,6.5210004,3.1152837,4.1782827,4.440802,4.3393803,4.336999,4.1091824,5.509793,5.0427895,4.690746,3.6987004,4.7441106,4.277155,2.2684286,3.016053,4.0306935,4.1104646,1.6426649,4.390081,5.0363984,3.5186243,3.5181563,4.3745747,2.8260865,4.4371195,4.063849,4.7782655,5.207278,3.6977491,4.742629,5.236995,4.5862846,0.6359473,2.7508607,4.713971,4.251119,5.365003,4.5758276,4.1424985,5.039735,4.325658,4.3430047,5.270962,5.0575447,4.2262764,1.4962089,4.213902,5.3039546,4.459325,2.0780091,3.752466,4.033365,4.831555,4.6957097,4.7715597,4.49749,4.283926,5.357489,5.589841,2.273037,4.6621785,5.351642,4.739935,4.8738627,5.0021744,4.706888,4.3518066,4.203358,4.8049426,3.9494092,5.542206,5.0021744,4.7214484,10.379948,2.7212064,4.450933,4.2000127,4.3094416,4.1156464,4.296095,4.6494155,3.6678348,3.7630825,4.2723327,2.1213067,4.293513,4.4455323,3.9800851,5.0907073,5.848331,4.9210744,4.0975294,3.7073648,4.8239727,4.5615582,3.8604736,4.280928,4.493415,4.2727346,4.6094456,4.049698,5.153798,4.262808,4.542197,5.0244117,4.4102864,4.0249963,4.708682,5.1172013,4.4127154,3.9530947,4.402325,4.372015,1.240797,3.929118,3.9466846,4.7056823,5.1389003,3.82417,3.8444686,4.5411534,3.8093438,4.46194,3.9028761,4.247272,3.6640704,3.4126582,3.8708954,4.685482,4.7108335,0.90181476,3.3831136,4.406976,4.7764745,4.2488856,4.4180164,4.0940185,4.688213,4.3015532,4.937302,4.147952,4.30784,4.504485,4.8213587,4.5992274,2.4062493,2.5444236,4.196235,4.4117785,3.3632877,4.3177485,3.029524,3.8067946,4.8794475,4.2428064,4.142398,5.707053,5.2865653,4.518499,3.3189006,3.7926774,4.1285877,4.5809097,3.9737885,3.2736309,3.4607012,3.2826476,2.518131,4.6144943,3.4182658,3.698596,5.2610908,4.152468,5.8332276,3.8220043,3.925779,3.8677127,4.0417576,5.452041,2.981992,3.103272,4.483127,4.0607424,4.095472,4.3357043,6.2218623,4.643438,3.8946896,3.7442276,3.7002141,4.605111,4.551613,4.329304,4.955629,4.396668,3.1481745,4.893386,6.37412,5.1523952,6.056908,4.85461,3.7665808,0.32201034,4.8252606,3.9878807,3.3329642,5.3721566,3.9437115,4.8633294,4.804799,4.856939,4.2465277,4.382894,4.1869497,2.6002274,5.1771817,4.9797025,3.3393993,5.096992,2.3912537,4.311137,2.790796,4.734514,0.8667459,4.07466,3.8299575,3.4078975,3.8681688,4.4715166,5.1353326,5.360801,4.7736874,4.4599266,2.6964746,2.9187424,5.2895985,3.3296213,4.1121387,3.670986,3.4629965,6.5632205,4.4102416,3.9291224,4.0479255,4.6518054,3.856993,4.6299257,5.0390997,4.6946964,3.411361,1.9141233,5.8475327,4.9618196,4.0382457
1.9027497,3.3670697,1.681505,2.0541945,2.5875843,2.756726,1.9623795,1.8999647,2.652403,1.9203514,1.8710496,1.8727239,1.9844978,1.8426726,2.950648,1.6425397,1.5595276,2.5991657,3.1490004,2.5515704,2.2785943,3.2636256,0.7970128,2.8017058,5.701065,1.1055741,4.5788374,2.792512,1.6860278,3.2835128,2.15291,3.6730072,2.0294359,1.7068976,1.8952008,2.0357053,3.0562923,2.4241126,4.8265595,0.44214103,1.4347341,1.6928974,1.9192926,1.720799,2.4749289,4.0007815,3.2214708,2.327039,0.7289954,2.7268136,1.8528255,0.82174546,0.4443428,1.8949598,1.2924871,2.5347672,2.047843,2.7299128,3.4071836,3.0990016,1.4903332,0.5426179,1.9779876,1.3435903,3.2576752,3.2963262,2.5029497,2.548836,3.121785,2.153076,3.4744413,0.41281527,2.2244606,1.9517995,3.718204,2.027267,1.2556418,2.8170333,1.8620661,1.8901078,3.6256692,2.55115,1.7734256,2.6609437,1.3137809,3.1156924,1.9814641,1.9297844,2.0765638,1.3599774,2.400038,2.4023812,2.514893,2.001383,1.9184895,3.5493429,3.1199381,1.5952641,2.0940065,3.1640623,2.4233294,2.2819777,3.0614908,2.1695929,1.6730992,1.5162525,2.2653117,1.4149684,3.5353222,3.0614908,2.4457269,9.449269,2.7908154,1.7960395,1.7069978,1.5039029,1.1503214,1.3445243,2.283165,1.0968453,0.8541352,1.2715071,0.95350885,1.8251524,1.880329,0.97145367,3.6719658,3.6695738,2.9222803,1.9144094,3.4446428,2.2866771,2.136456,1.0912776,1.8246465,2.0148597,1.9026123,2.4847522,3.0181513,2.8875954,3.2275374,1.9671752,2.7565708,2.0643547,1.0102044,3.061291,2.6919584,2.0503244,1.8626223,1.8235853,1.8554751,2.0680017,1.1824101,1.2444623,2.4232943,2.6105406,1.2890834,3.1543996,4.196875,2.8204675,3.7938595,2.658562,1.7401749,2.4450388,1.9579709,2.31476,2.1065881,2.3053994,2.8787541,2.715074,1.9357839,2.259528,1.6884208,1.8906994,2.054414,3.5968678,1.8081236,2.611492,2.5637743,1.8296901,2.1017628,2.8513744,2.1583672,0.79977846,1.6542658,1.3865348,1.9365438,2.0744536,1.4206512,0.6298287,1.6473736,2.039638,1.6453764,1.1735464,3.4167852,3.2798395,2.1136105,2.1232114,3.4489872,3.9485564,2.6262314,1.6771353,1.9920076,1.8886096,1.6540006,3.0536506,3.3026388,0.8989829,1.4806223,3.3738937,1.1632234,4.25282,1.0773466,1.1214414,0.9075696,2.3215084,3.1499557,0.6501448,2.2101576,2.096794,1.2243385,1.7165776,2.1552773,3.8707743,2.0718036,2.935475,2.7504954,3.4143307,2.3590786,2.2650416,1.9663308,2.3146837,1.9772243,1.8626115,3.7190254,4.6709676,3.5648515,4.2756786,2.6549942,2.7673707,3.238434,2.2943397,3.8375466,1.3846028,3.7330918,1.4544563,2.8474224,3.4239347,2.4955304,1.8512634,1.7515815,1.5082837,0.655118,2.883279,2.430196,3.0979779,3.2454226,2.3644793,1.8688593,0.79479456,3.1930985,2.4201121,1.2382385,2.7911437,1.7883866,1.7889434,1.8108194,3.391264,3.5148044,2.1408541,2.0628922,2.4222147,1.952844,3.0888846,1.5925941,2.958723,2.206369,0.6076123,4.8804913,1.4985878,0.97334856,1.3311039,2.1811588,0.98207426,2.1553714,2.527651,2.2160196,1.3747085,2.246025,3.8720315,2.8472626,1.1466575
0.9926587,2.000464,2.1025674,3.6672251,3.1657016,2.8907936,0.7563536,0.8422619,1.349902,1.4870343,0.8573352,0.81259125,2.6615765,0.8810096,4.108959,1.7647219,2.7098713,2.7245207,3.3084478,2.6656332,0.83677495,1.7861215,2.518308,3.4550214,5.2758417,0.9181422,5.2811756,2.6631382,0.9676712,2.6843684,0.59808505,2.391007,1.3045858,3.0698476,1.2763277,2.225014,1.7113072,0.81348425,4.3446608,1.6999984,0.81944525,2.5988972,0.85051924,0.75296736,3.251966,2.8988104,1.9498588,0.87903494,1.3647604,1.4782071,0.84766525,2.7301753,1.9999752,1.9601488,0.810653,3.5563629,0.5736455,1.2731904,3.4929342,3.4579644,1.1884835,2.2345393,2.0520332,2.3432367,2.9845045,3.746582,2.6232502,1.5757072,1.6028929,0.5436935,5.0606318,2.2746184,0.5169337,1.8217598,3.035349,1.2979443,1.143323,1.2480888,1.1932673,1.2351946,2.44522,0.8997259,1.0007508,3.7374103,0.99949497,2.7856295,1.257285,3.446889,2.7324364,1.2569747,2.4556024,1.561646,1.6610297,1.2719582,0.8394036,2.8973374,2.042044,2.7671165,2.8756216,3.7703037,0.97976995,1.2537981,1.8678344,1.4606197,0.62965083,0.858497,0.52965313,1.477371,3.1220043,1.8678344,0.8124287,10.284978,3.1833215,1.0433846,1.6653277,0.9579649,1.2679949,1.2312152,1.0281708,1.924815,1.9680454,1.5891243,2.6942165,1.1495914,1.1850626,1.4254192,3.526181,3.9048796,1.6310453,1.3915083,3.5365448,0.58490705,0.4750255,1.0228425,0.89105374,1.393112,0.811414,2.224765,2.396056,1.4425956,3.2087905,1.0342114,3.2064166,0.6415743,1.3313575,3.1166334,1.3845394,0.5851983,2.2518046,0.47122696,1.0157555,3.7092347,0.91281116,1.227147,1.4085099,1.2350378,1.4406456,2.9899917,3.9686847,2.4669135,3.6796575,3.1828141,1.2012218,3.4398024,2.9875455,1.9634027,2.526585,2.3875117,4.1809916,2.8402722,1.2461996,2.592405,0.9875324,0.8667503,1.3532536,3.4726746,1.1263465,1.0199617,2.7033677,0.9150842,0.51325,1.5546727,0.45664856,2.518885,2.4783196,1.4025049,1.2181485,2.5023403,0.95838434,2.2519042,1.4385895,2.2937589,0.935274,1.4045013,3.4952908,2.6895995,0.6063757,3.109784,3.6257162,3.9361095,2.4941325,1.1809443,3.1116154,1.893617,2.6145787,3.8701968,3.2599955,2.3882303,2.8029199,2.0131547,1.2770237,3.5221262,0.95232546,0.9080028,1.301882,2.82161,1.7821286,2.1267614,2.9460318,0.6629138,1.5550494,1.2347732,1.3425548,3.245046,1.5894768,3.105847,3.0393932,3.3890991,1.3133206,0.93041813,0.93842584,2.375192,1.9816495,2.6531885,3.5543103,5.367479,2.894011,3.5076997,3.4906936,2.3672016,4.754351,0.58040315,3.987247,2.9323325,3.8130877,2.6893666,1.4505401,3.1021345,1.99315,1.8987219,1.7482651,0.616402,2.3287184,2.4430516,2.5145106,3.4303985,2.0857508,3.5276043,0.9121275,2.4348626,3.4695096,4.0132017,0.8550738,2.4420836,2.2763078,1.5497577,1.1578383,3.3234434,4.1421027,1.8652945,0.7655299,2.9812129,2.8476794,2.7391603,1.949502,3.2653694,3.1322942,1.4466298,4.1157517,1.4508426,1.1653627,1.1988658,0.62698567,1.1025841,1.4641371,2.854523,0.45422578,2.6339297,3.385408,4.3399005,1.8475358,0.96185285
0.5557827,2.8056333,1.7728063,3.3756895,2.9570813,2.9019518,0.8287579,0.77412397,1.9297606,1.0920331,0.77944005,0.6196836,1.4484398,0.5744034,3.8652604,0.65967757,2.3582463,2.4249847,3.2794588,1.4961182,1.0147623,2.3478043,1.9976925,2.306786,4.79355,0.97694474,4.598807,1.4839159,0.33817068,1.9870931,1.0285717,2.7306979,0.4769455,2.217979,0.3725363,1.335886,2.295747,1.1232637,3.4154887,1.5069493,0.5773787,1.861138,0.73385805,0.58595204,2.1667347,3.4253361,2.5978713,1.0514617,1.1637013,2.0339775,0.7093509,2.3082507,1.5398169,1.5165977,1.2288678,3.3278933,1.1805319,1.4647187,3.5288208,3.0211308,0.7136447,2.1287236,0.9781026,1.5081193,2.0723395,2.6350222,2.907215,2.403499,2.0657518,1.0983756,4.7044635,1.7841423,1.1149424,0.6717063,2.5443366,0.4832549,0.6433394,1.8223343,0.41018745,0.41843367,3.08351,1.4794806,0.5100934,3.4935746,0.76656497,3.4475548,0.4609326,2.7780247,1.536851,0.3068563,1.275028,2.349427,2.4570882,0.46941817,0.84442526,2.2587714,1.5774182,2.1431067,1.9892069,2.7220857,1.6462471,1.7735274,2.4913182,0.63819563,0.66627765,0.47370738,1.1207958,0.37218887,3.8157694,2.4913182,1.7149009,10.010033,2.9260013,1.6531765,0.4317061,0.4833452,0.86743987,1.4565799,1.7820519,2.0411327,1.3106529,1.0237484,2.4206445,0.40925747,0.4106818,1.2547895,2.8857272,2.9566753,1.9873965,0.90755904,3.510121,1.1046326,1.1641282,0.77247787,0.60981053,0.4676121,0.8275754,1.1499578,2.4697206,1.7621688,2.7529492,0.52128613,2.097837,1.0896139,1.2406415,2.1031876,1.1302744,1.1216133,1.056513,1.1947553,0.4664836,3.4052024,0.8401635,0.42952386,2.2506926,1.0904539,0.46485478,2.7608333,4.1688614,2.673661,3.4558024,2.4244325,0.27441382,2.418697,1.9365306,1.5397586,2.8191555,1.1578256,3.906967,2.4923313,0.43601236,1.5499212,0.36969557,0.5661794,1.0743469,2.7969232,0.4063938,1.8612672,2.0906212,0.5546223,1.1489406,2.3698354,1.1711828,2.0328012,1.9623344,0.45156458,0.4413082,2.883574,1.3610951,1.5333371,0.9919388,2.0379727,0.38963768,0.8922118,4.033045,1.8825039,1.0688893,2.2007782,3.3836577,3.9942033,1.3916734,0.79398733,2.1143322,1.3966266,1.5295291,3.6853085,2.5348446,1.5610629,1.7732958,2.5599813,0.9709338,2.840126,0.96124226,1.0948032,0.9886402,1.617728,1.8780282,1.463968,2.4571834,1.038086,0.6375802,0.55921936,0.94577616,3.4824812,2.1885262,2.863741,2.2346485,3.514348,2.1122732,1.3231562,0.77458817,2.8115666,0.80621314,2.3391066,2.8419006,4.652374,2.4552867,2.7702312,2.4767451,2.2138047,4.391164,1.1254431,3.8587146,2.0267584,3.0505157,1.8006934,2.052525,2.5374093,2.7502055,0.62574065,0.51728266,1.2059335,1.889989,3.1391563,2.9781504,3.2831123,2.7029066,2.9520833,0.62189865,1.739385,2.2646742,3.7607303,1.1978431,2.5583425,1.3905857,1.0141326,0.24818714,2.4170334,3.1141596,2.473544,0.99605715,2.6579425,2.6298673,3.4105902,1.9139386,2.7340474,2.1027513,1.1986346,3.4022334,1.7254431,1.1683481,0.3483009,0.99948776,0.96302116,0.6100646,3.198259,1.1778576,1.562644,3.3598065,3.4278593,2.6549811,1.1502918
1.9978447,2.275357,2.8107326,4.834602,2.8151083,2.43736,2.0480804,2.3370507,1.7166055,2.801475,2.0677965,2.2330706,2.6912796,2.2083623,4.0681314,2.570409,3.5207508,1.7422173,2.4303765,2.563497,2.1741548,1.6079161,3.5492024,2.7516005,3.4797986,2.7961276,4.595411,2.4040215,2.27067,1.1133027,2.3253381,1.3412901,1.9249742,3.0395474,2.0183847,2.6420364,1.6662474,2.050757,3.1897,3.1195168,2.5473213,3.7870185,2.0778627,2.2367432,2.5509748,2.0243535,1.8594767,2.0381966,3.0255206,1.6772189,2.1245906,3.8330815,3.4451323,3.6637917,2.9838464,3.718428,2.442373,1.4982843,2.6994114,2.1378186,2.4974604,3.7711418,3.1058981,3.6077797,2.7087867,2.8784583,2.7121372,2.6221762,1.4852668,2.3585258,5.4056706,3.521339,2.2776134,2.5303886,0.63152355,1.9344438,2.6299949,1.6899589,2.0177772,1.9938855,2.0518122,1.9309673,2.1819437,3.892785,2.8995924,3.8680594,1.9357479,3.4708095,2.623921,2.4561262,2.471734,2.7480009,2.7724068,1.9240608,2.0482635,0.9215252,1.5967923,3.217333,3.4282784,3.5128396,1.9001607,2.2731588,1.847465,1.8443218,2.4011755,2.435206,2.2442555,2.3704393,3.9389248,1.847465,2.1783497,9.834527,2.9036129,2.6716223,2.2243788,2.4755986,2.794647,3.1211367,2.177437,3.37563,3.4019542,3.0319514,3.8783786,2.0512733,1.9902198,3.0548859,1.2506468,3.089039,1.3214666,2.666477,2.4995053,2.198426,2.3936322,2.7310207,2.1625626,1.9206123,2.185142,2.5919986,1.9488207,1.392836,1.3449283,1.9985187,2.9433975,2.3194246,3.108001,1.705323,1.8234165,2.4025736,2.8053071,2.3581948,2.0594938,4.790125,2.8149233,2.5582955,2.6106527,1.8720162,2.4881139,1.7930826,2.8251762,2.0504677,1.8175188,1.9349592,2.3034294,2.731373,2.6757517,1.6359171,4.221269,2.5503027,4.480285,1.9923186,1.9571667,2.6798203,2.2910147,2.144328,2.4736705,1.3554939,2.0403156,2.0797644,1.3918855,2.1898685,2.4227746,2.1700275,2.3729982,3.6780705,2.885546,2.5805569,1.9635875,3.3196347,3.0119178,3.378971,2.8505847,3.2768939,2.3365104,2.8108463,5.069215,1.3426538,2.3985968,2.5300238,2.225985,2.761726,2.6370857,2.6176815,2.7607765,2.0591142,2.9168618,3.410306,1.2484443,3.5132575,3.553262,1.6013336,3.1252227,2.0821369,2.7917852,2.940214,3.0855324,2.3926537,1.1979843,3.3105361,2.3148215,2.3888044,2.7540772,2.4854164,2.4635458,3.004783,3.0326061,1.8639991,1.8590075,2.6395576,2.4190812,1.7621688,2.320572,4.0967627,2.8175292,4.304131,1.36368,4.619267,0.5142201,2.5751753,3.497641,2.1563551,5.1819334,2.1908836,2.6026776,3.9574163,1.9783518,3.8097675,1.7064451,0.83749527,3.436422,2.339408,2.5339239,2.6414528,3.6350121,3.6369529,4.178081,2.5184665,1.8966932,3.0976682,2.126908,3.534763,2.622441,4.9879923,2.9781318,1.8696587,2.9372087,2.7980742,2.2333288,1.5927535,3.330045,3.6073165,1.9439789,2.596267,4.5237017,3.8405645,2.3309286,1.7613316,2.558321,2.9424555,2.5812426,3.2624173,3.0804412,2.504847,2.283549,2.97519,1.8204279,4.5319643,2.311345,3.1341224,4.806422,3.4723659,2.6131783,3.0035183
0.47885096,2.2207048,2.1068575,3.63215,3.0700092,2.8762262,0.7218914,0.92279756,1.4779971,1.5651188,0.7986879,0.70995206,2.1016867,0.73286074,3.993854,1.0333705,2.6609025,2.4850867,3.2022285,1.9194516,1.015988,1.9106879,2.2764647,2.6838703,4.655597,0.81883913,4.505535,2.0760179,0.5544661,2.3073597,0.90959173,2.3363426,0.79421526,2.5852265,0.68745095,2.0016866,1.9143895,0.8011943,3.9298089,1.5042319,0.5050618,1.97816,0.7730078,0.45965937,2.5235837,3.0276892,2.1714375,1.0141124,1.0443083,1.6260309,0.7683034,2.4888384,1.7766029,1.9926999,0.83743924,3.5087168,1.0478158,1.2494301,3.4908447,3.165021,0.42463148,2.1010866,1.6362234,1.7893225,2.7408884,2.9513826,2.5590382,1.7534955,1.7412921,0.9403305,4.92999,2.0025055,0.86161566,1.4237823,2.6811252,0.74539274,0.54663247,1.4370642,0.78654295,0.8155921,2.646881,0.97936124,0.78418994,3.6861358,0.6861052,2.753242,0.799515,3.0596898,2.1804674,0.74305284,1.7242596,1.6753159,1.7801361,0.7856841,0.8293692,2.4783084,1.6037527,2.5558429,2.1064503,2.9513366,1.1463724,1.065024,2.003913,0.8671144,0.4295656,0.5132584,0.8021967,0.9509764,3.1194913,2.003913,1.2530279,9.694137,3.1785274,0.97217995,1.0418326,0.36661628,0.6939368,0.96012414,1.1721016,1.6774687,1.490013,0.97429574,2.5576112,0.7672726,0.6345309,0.9901891,2.9962993,3.0929108,1.699253,1.4030292,3.4537709,0.8005533,0.9557386,0.7710207,0.7482367,0.86897427,0.87493604,1.8598579,2.5497816,1.4235269,2.8416827,0.579947,2.3988569,0.9976116,0.9647111,2.5053616,1.2117772,1.0074488,1.7964518,0.64597434,0.65737337,3.6533875,0.8014765,0.7737603,1.5901248,1.0263531,0.9941525,2.8966787,3.9787242,2.54291,3.4468296,2.6020818,0.8508593,2.7767224,2.369005,1.8193411,2.3196397,1.7015204,4.118241,2.691776,0.7962337,1.7783545,0.6789798,0.6474227,1.4608392,3.06495,0.7136901,1.312645,2.1630113,0.7420991,0.9848286,1.868431,0.9349812,2.3149903,2.333893,0.74209535,0.7815066,2.5165074,0.82390565,1.8712105,1.45752,1.6568563,0.62683415,0.774154,3.4156327,2.1982088,0.98318946,2.5216482,3.4164488,3.881098,2.1124885,1.1906146,2.507438,1.7380478,2.145919,3.7224972,2.764735,1.8938998,2.1899896,2.1774828,0.91338,3.256082,0.83227694,0.8604042,0.98920166,2.211142,1.6140167,1.8185966,2.5514033,0.99950564,0.92921364,1.0798944,1.3823842,2.8821225,1.5016286,2.7889688,2.6355388,3.4116542,1.4904698,1.0085924,0.99570966,2.2269466,1.5202378,2.7451742,3.1188924,4.5831265,2.579493,3.2424886,2.6834548,2.466648,4.6624494,0.8103248,3.824895,2.46724,3.1298475,2.1252596,1.6786977,2.7009919,2.056145,1.3024278,1.1015885,0.69548076,2.1493173,2.4346166,2.382866,3.2738364,2.2217722,3.166176,0.767728,2.1181345,2.8774652,3.979967,0.8295589,2.4696043,2.0483506,1.5415293,0.59794897,2.6758788,3.3217483,1.8203478,0.7882388,2.8417432,2.981839,2.7141566,1.7366911,2.7662034,2.4648075,1.1587179,3.7920823,1.1876172,0.93703306,0.6946742,0.8782822,0.8983002,0.9244815,2.6692438,0.8849422,2.0426738,3.5592186,3.5190449,2.003603,0.8325609
1.3345081,2.5861564,2.404874,3.3609457,3.2882688,3.1678228,1.4998885,1.6044214,2.035878,2.0699954,1.5345974,1.4608784,2.4527414,1.4781712,3.964113,1.342703,2.6881874,2.8943777,3.4750144,2.3217282,1.8001349,2.533308,2.1015568,2.938454,5.0421906,0.87967247,4.340594,2.6748166,1.2726709,3.1075907,1.6260127,2.9516091,1.6031854,2.6411572,1.4572853,2.5030856,2.5051825,1.6279308,4.6714983,1.2543511,0.981851,1.5812587,1.5404915,1.2117174,2.7606475,3.5086515,2.6767056,1.8267641,0.70750594,2.1838849,1.5074608,2.1620898,1.5569851,2.1835625,0.6572784,3.555178,1.6447531,2.0849962,3.7990537,3.5443852,0.74252427,1.6130186,1.9799424,1.5226158,3.4335067,3.234961,2.5542536,1.8164083,2.4683871,1.625521,4.7343736,1.7340379,1.5876489,1.9826399,3.45115,1.5548767,0.7450063,2.134948,1.5546384,1.5866556,3.1020277,1.6914339,1.5022489,3.7160685,0.7847935,2.3166695,1.6039536,3.0126946,2.5569017,1.1931329,2.1616805,1.6208211,1.7318027,1.5952934,1.5678023,3.2644432,2.410219,2.6771917,1.9043751,3.0048294,1.7254634,1.2755682,2.451449,1.6640623,1.0981607,1.1017587,1.5495409,1.4127306,2.7791085,2.451449,1.7937014,9.247671,3.524072,0.85633403,1.5854858,0.9213888,0.56882447,0.1628399,1.5248797,1.0177042,1.1514518,0.72391176,2.2459378,1.5255035,1.4318837,0.40952486,3.561115,3.3151858,2.3959246,1.9605696,3.7693267,1.5712726,1.6021141,0.9302104,1.4883177,1.6496578,1.5837183,2.4842775,3.1543615,2.1807213,3.3506358,1.4337709,2.5958016,1.6604888,0.37357908,3.0956442,2.0935743,1.6355127,2.1925106,1.1129073,1.4543282,3.3846812,0.9600922,1.1341872,1.6520519,1.9013295,1.3880752,3.440803,4.3031,2.9391508,3.9182944,2.9270146,1.5169233,2.959936,2.561607,2.4718616,1.471449,2.148965,4.050466,3.1599827,1.5868831,1.968328,1.3676023,1.4426332,2.0815387,3.705964,1.4781549,1.8323431,2.5943904,1.4860088,1.6172383,2.2669873,1.5915536,2.1152854,2.559885,1.0550518,1.5777637,2.2594538,0.3702089,1.7003115,1.8734034,1.1773314,1.2957375,0.6292116,2.6801353,2.9762568,1.6530879,2.7117248,3.789511,4.1924973,2.7242298,1.7031851,2.6577983,2.2571638,2.3858607,3.7966268,3.3559997,1.649434,2.0471947,2.7813082,0.6940841,4.0958047,0.8958806,0.7704246,0.78023916,2.6465127,2.4037101,1.7150316,2.7354882,1.6743946,1.0569527,1.6625304,2.05523,2.8976498,1.1283262,3.0974345,3.162941,3.710654,1.6549444,1.7244552,1.6956652,1.4518648,1.9648052,2.7093997,3.7772095,4.4448385,3.341662,4.0624614,2.6135786,3.0683024,4.5203733,1.576788,4.153315,2.2544835,3.5423675,1.8429723,2.292492,3.3659313,1.6552352,1.8206441,1.5364383,0.8401087,1.9347883,2.0269287,1.6223394,3.534898,2.654415,3.2433548,1.5255262,1.9729085,3.4091115,3.7156296,0.63238555,2.9114444,2.4176836,2.013325,1.3332503,3.2508223,3.448215,1.1870648,1.5593032,3.119955,2.884378,2.2821255,1.8203462,3.1013632,2.6691701,0.9505605,4.6198616,0.36793327,0.5547709,1.117259,1.6244338,0.80495435,1.7281297,1.8448945,1.5746484,2.061322,3.364507,3.620218,2.0998628,0.57129765
1.4226209,0.94034725,2.474598,4.254475,2.982336,2.4896839,1.1897448,1.5154303,0.40455663,2.225203,1.3081698,1.4550288,3.1305897,1.4986242,4.085369,2.3671858,3.1433346,2.3501556,2.7643087,3.062449,1.3167949,0.7534481,3.1020625,3.6657727,4.7806387,1.7151229,5.2315493,3.0532198,1.6238357,2.51347,1.2389498,1.3966223,1.7070974,3.3554676,1.7305465,2.7420743,0.7005431,1.0873461,4.4729815,2.2868514,1.6336647,3.3395908,1.3353992,1.3898097,3.414488,1.8117149,0.8857209,1.2254626,2.0897458,0.5359893,1.3702337,3.2952747,2.7539055,2.94582,1.6609576,3.6223276,1.2209156,0.9643086,2.9624257,3.0915062,1.7888235,2.8501627,2.8748631,3.1574807,3.353698,3.905254,2.1399348,0.99539906,0.7802228,1.1902443,5.2995253,2.9350414,1.0795357,2.467294,2.5694764,1.6980869,1.8608824,0.48774457,1.665418,1.690526,1.364503,0.64615744,1.5839832,3.8151698,1.9230107,2.526687,1.6735907,3.673832,3.153413,1.9373957,2.8783534,1.1616387,1.1977872,1.677472,1.2541467,2.6013653,2.0072472,3.1692395,3.3865938,4.0964365,0.3222911,0.9874836,0.7983068,1.7797052,1.4053512,1.6156695,1.041827,2.0745602,2.683578,0.7983068,0.39521372,10.0591345,3.113925,1.2258967,2.1750085,1.6881386,1.9795396,1.8957858,0.50835115,2.3175108,2.7715282,2.3322008,3.2297938,1.6443514,1.6261432,2.105,3.0758045,3.993265,0.8112773,2.1245217,2.9513803,1.0493954,1.1317885,1.8187237,1.4621998,1.7914318,1.3517834,2.7970288,2.022867,0.7869252,2.721474,1.4840871,3.5375133,1.2176859,2.0778031,3.0921369,1.5808507,1.2328401,2.8962617,0.94540405,1.5221971,4.2560205,1.7924304,1.9519534,0.92828375,1.440868,2.0905495,2.561961,3.1603682,1.8944706,3.0082886,3.003838,1.8530177,3.5759861,3.2570672,1.9293615,2.9554768,2.8818808,4.3474135,2.5900075,1.677241,2.9695141,1.6571836,1.4425364,1.9333506,3.1169004,1.6123492,0.11430275,2.416941,1.515707,1.1929882,0.58029824,1.0947306,3.1571789,2.8009372,2.089617,1.6545664,2.3369517,1.681524,2.9485002,2.22317,2.647497,1.6388199,2.087931,3.6665888,2.6134696,1.2852265,3.217092,3.092066,3.2367878,3.0185404,1.9371003,3.3457146,2.0725265,3.136464,3.6142745,2.9381168,3.1281605,3.4771383,0.9608345,2.1809835,3.4278822,1.740912,1.758533,2.1644766,3.1390584,1.2246801,2.832116,2.785895,1.3316624,2.2698863,1.9546533,1.9724932,2.6749086,1.6077988,2.5774446,2.9689302,2.7899268,0.7645878,0.7150962,1.5844187,2.7274182,2.712415,3.5507393,3.2077353,5.3193145,2.4055407,3.6090586,3.8733435,2.2791708,5.0458684,1.0222983,3.365155,3.7073987,3.4944582,3.4754448,0.5251865,2.6627445,1.8777955,2.4314547,2.3835628,1.272637,3.0158134,2.2160096,2.8028665,2.9716792,1.0074636,3.5256894,1.4554821,3.1317184,3.72936,4.4803176,1.6969645,1.8896612,2.891439,2.290082,1.7615178,3.158512,4.266864,2.1125977,1.0113603,2.8637497,3.7082384,2.4827816,1.847121,2.8698983,3.3019986,2.093206,4.0131903,2.0094426,1.980776,1.9115933,1.2387855,1.9653893,1.7879161,3.2346969,1.0219265,3.2025728,3.9749322,4.38155,1.105073,1.8025135
0.48456016,2.2441983,1.8295718,3.4007974,2.877678,2.7012482,0.5386554,0.6792304,1.4445273,1.3096871,0.5770088,0.51027304,2.0413299,0.5320442,3.7994523,1.1264889,2.4039085,2.3723934,3.08033,2.0564635,0.8606078,1.9337394,2.0862625,2.7830725,4.89536,0.5833353,4.7224236,2.1296096,0.4178888,2.3097694,0.7275415,2.4109528,0.80004996,2.4808383,0.71026343,1.8073571,1.8626677,0.8338801,3.9746313,1.3224157,0.27583283,2.0817788,0.57228166,0.25153908,2.5791318,3.010576,2.124474,0.8808714,0.93489254,1.5717416,0.5453747,2.3219197,1.5923584,1.7905645,0.69676334,3.2798758,0.79967725,1.2500302,3.331081,3.0624688,0.58368874,1.9424161,1.5939424,1.8120272,2.6370475,3.1004643,2.4798887,1.7530314,1.7295119,0.7479304,4.7264524,1.8364942,0.7270617,1.3319372,2.7148337,0.78196055,0.5329103,1.4108539,0.68746126,0.7289114,2.6130602,1.028523,0.5816861,3.4574378,0.59401184,2.8515787,0.7606045,2.926674,2.1162424,0.62842965,1.8487587,1.6953691,1.805605,0.7697354,0.61158353,2.5289893,1.7601672,2.3363783,2.2712283,3.1376362,1.1104693,1.2052089,1.9917892,0.9546051,0.17569847,0.29026923,0.7193825,0.8487039,3.2116916,1.9917892,1.1490208,9.888789,2.9429107,1.0088828,1.0310954,0.33207977,0.718257,1.0044668,1.1580446,1.6505268,1.457741,1.0631229,2.3605647,0.6468822,0.63125026,0.9949365,3.0623732,3.3125315,1.6607578,1.1682538,3.327903,0.73021746,0.75496405,0.5505408,0.53519744,0.86750156,0.6318031,1.7984937,2.3476396,1.4570206,2.807631,0.5668234,2.5645227,0.761081,0.9508023,2.5480382,1.2298743,0.76552206,1.7038393,0.5161756,0.54050195,3.4265943,0.5578002,0.6239377,1.5902247,1.0896137,0.84357727,2.7465968,3.881096,2.3831835,3.391552,2.6100106,0.71038336,2.7821565,2.3338366,1.6446909,2.4075983,1.7884407,3.8910596,2.523545,0.7393093,1.9546103,0.496962,0.4923385,1.2071887,3.041306,0.6040435,1.2909571,2.1844397,0.54321444,0.76462805,1.8021052,0.748686,2.1165469,2.0953898,0.7635042,0.71960986,2.4061518,0.8209203,1.7351358,1.1936783,1.8825406,0.43172514,0.83444387,3.5299704,2.2670603,0.7675958,2.4843657,3.3170285,3.7722108,2.047858,0.92544246,2.466558,1.5206119,2.025852,3.5657792,2.7756991,1.8330837,2.1866653,2.1562457,0.8758453,3.243943,0.5964093,0.6644648,0.8764085,2.1920893,1.7078583,1.6453594,2.4661255,0.7762673,0.93104994,0.86516017,1.1739169,3.1124945,1.5827547,2.745738,2.5416718,3.263193,1.468508,0.9113288,0.76918423,2.3363252,1.4803756,2.49407,3.114801,4.799766,2.5881488,3.2442124,2.8450603,2.2351003,4.438432,0.73958576,3.7287867,2.3936498,3.2697098,2.1390824,1.6111423,2.7030997,2.1121032,1.2902393,1.1413878,0.53888494,1.9469911,2.5285664,2.4867687,3.1474154,2.2116115,3.0404956,0.5686657,1.9534862,2.8877773,3.7497962,0.6898351,2.315835,1.8436946,1.2924073,0.6021031,2.7759314,3.4936206,1.9011887,0.63803494,2.6490612,2.720868,2.8110564,1.6157674,2.778212,2.470799,1.0029328,3.830478,1.2679632,0.83650595,0.57509184,0.71994,0.7249874,0.964837,2.7765827,0.7407036,1.9946079,3.283971,3.7307994,2.0243425,0.71140736
0.44631007,2.264395,1.8258394,3.4115574,2.8819203,2.7091756,0.52142465,0.65891325,1.4564298,1.2893943,0.5578992,0.48061496,2.009358,0.5000973,3.8091145,1.0968698,2.4077387,2.3682892,3.0876262,2.0196679,0.84093666,1.9384996,2.090709,2.7541072,4.8765225,0.60854495,4.7150397,2.0860639,0.37539437,2.274286,0.7181657,2.4102426,0.756865,2.4706604,0.6672567,1.7780702,1.8709743,0.81895167,3.9303901,1.3410709,0.26754928,2.0752654,0.54804087,0.21774244,2.5544405,3.0207977,2.137627,0.8611494,0.95421314,1.5827314,0.52218115,2.332444,1.5985419,1.7766405,0.73453456,3.2876031,0.80351204,1.2347789,3.3383188,3.0549195,0.5756384,1.9651432,1.5602435,1.8018833,2.5967808,3.0699072,2.504465,1.7871449,1.7269236,0.743939,4.7356706,1.8435739,0.7229398,1.2924011,2.687008,0.739159,0.52883744,1.4131134,0.64624554,0.6873355,2.6272173,1.0306044,0.5481859,3.4650002,0.5977364,2.8882432,0.7179612,2.9247987,2.084179,0.60046184,1.8110214,1.7318035,1.8413777,0.726882,0.59538466,2.4956033,1.7262262,2.330312,2.257628,3.1130376,1.124726,1.228917,2.0074015,0.9134106,0.16182394,0.262778,0.71475625,0.8179335,3.2472484,2.0074015,1.1673479,9.899813,2.940106,1.0477356,0.99320453,0.30896628,0.7242275,1.0361137,1.1851293,1.6825621,1.4568101,1.0607886,2.3752203,0.6065524,0.58884495,1.0150372,3.039805,3.286169,1.6592394,1.1432525,3.333441,0.72262406,0.7572404,0.559706,0.50587016,0.824293,0.61528,1.7561113,2.3427765,1.4503858,2.7943292,0.52577865,2.5354016,0.7577551,0.97302103,2.513256,1.1960026,0.76574045,1.6694299,0.54984325,0.5001942,3.4374418,0.5713218,0.60395634,1.6253135,1.0591068,0.8185525,2.737935,3.8910944,2.392367,3.385735,2.5943708,0.67063856,2.762075,2.3130171,1.6253222,2.4399462,1.7492771,3.899841,2.5150518,0.6969884,1.9280345,0.45912954,0.45680228,1.1858473,3.015531,0.5634979,1.308884,2.1696644,0.5103148,0.7661368,1.8241477,0.75121737,2.1218646,2.089706,0.73928714,0.67738366,2.4394717,0.85788006,1.7325295,1.176985,1.891575,0.39527526,0.83542085,3.5656872,2.2282834,0.7615306,2.4686077,3.314857,3.7795353,2.0057387,0.9064016,2.4487975,1.5052775,2.0017054,3.5748305,2.750564,1.8266971,2.1710844,2.162111,0.8822233,3.2047257,0.6194138,0.69469565,0.8863843,2.1576703,1.6925362,1.6431571,2.464289,0.7676595,0.91334414,0.8352319,1.145258,3.12504,1.6201624,2.746181,2.517455,3.2730534,1.5010961,0.91220665,0.7449463,2.3703861,1.4425521,2.4930573,3.086877,4.790756,2.5626514,3.2019558,2.8256948,2.2236662,4.445717,0.7331891,3.7308795,2.3831093,3.2473907,2.128368,1.6192203,2.6793616,2.1520524,1.2510277,1.1048898,0.58355266,1.9537797,2.5657392,2.521947,3.1519916,2.2270844,3.0385885,0.53834933,1.9507021,2.8478673,3.7623222,0.72611296,2.3210938,1.819223,1.2708306,0.5580438,2.7440155,3.4696677,1.9396882,0.62919724,2.648247,2.7246184,2.847882,1.6323766,2.768873,2.4499793,1.0200729,3.7897217,1.300074,0.86182237,0.55019045,0.7072588,0.741371,0.9225304,2.8089402,0.74224627,1.9764109,3.2988853,3.7097106,2.0555155,0.7428649
2.663194,0.59203666,3.2763894,4.8761578,3.1279337,2.4626882,2.4515457,2.7747166,1.2784572,3.4110565,2.5319865,2.7325191,4.1491575,2.762095,4.161087,3.5228052,3.8155446,2.5825076,2.5129461,4.14427,2.6117415,1.2294296,3.901852,4.494497,4.9574966,2.8165424,5.5806584,4.1827235,2.8741505,3.3254592,2.5484455,1.4476489,2.9257047,4.0318336,2.944032,3.804138,1.1157384,2.4134235,5.4379406,3.138033,2.8570025,4.389116,2.5841012,2.6465957,4.1701636,0.95688295,0.77789146,2.5109859,3.0973501,1.2125566,2.6102414,4.0133753,3.7109838,4.170099,2.748297,3.8638365,2.463413,2.1167226,2.6795628,3.2108865,2.9363065,3.5822701,4.139992,4.2619476,4.4325604,4.723984,1.8770882,1.2033972,1.591857,2.4923732,5.538942,3.800292,2.4089332,3.6845727,3.0836785,2.916867,3.0144536,1.6000056,2.881699,2.9027426,0.57875025,1.9421191,2.8178234,4.0454273,3.1290812,2.4173803,2.8919632,4.179921,4.1421795,3.1183753,3.987012,1.4662057,1.3940048,2.8955662,2.4790115,3.3086524,3.068247,3.904613,4.3442082,4.984558,1.5647669,1.8199822,0.74346024,2.9711664,2.6704016,2.8507051,2.3845177,3.222154,2.2910647,0.74346024,1.6456228,9.834497,3.4384894,2.0941732,3.3262675,2.9103405,3.0836625,2.878938,1.4841361,2.9543717,3.8330123,3.4432085,3.890453,2.8632867,2.843471,3.100908,3.4006908,4.756249,1.5244676,3.3420112,2.638329,2.3918712,2.4239638,2.9538827,2.7089267,2.9928432,2.5907602,4.014469,2.397924,1.7844199,2.9041252,2.738513,4.4906855,2.4749975,3.1055846,3.8697183,2.821289,2.4904854,4.048688,2.1494334,2.765516,4.8416257,2.9520545,3.1223516,1.3444396,2.7060473,3.2321775,2.7558205,2.424805,1.8483391,2.8099654,3.441713,3.094329,4.2350926,4.041984,2.742128,3.5288112,4.0280747,4.5924335,2.931065,2.891882,3.9711106,2.9050941,2.7160685,3.1014166,3.5326657,2.8298054,1.4414282,2.8819163,2.7714334,2.471569,0.86716837,2.3962562,3.9829354,3.5252824,3.2646122,2.8743482,2.3063962,2.7224205,3.907299,3.3959377,3.4522107,2.8884082,3.181033,3.8733628,3.5165231,2.5727174,3.8396478,2.9535708,2.6944132,4.1964684,3.1406403,4.0669165,2.9298239,4.1156425,3.5158076,3.4029405,4.1388817,4.4937096,1.0688663,3.3383803,4.2516475,2.8391693,2.853273,3.274902,4.095545,2.097803,3.8006887,3.0943139,2.6122339,3.4142385,3.1836705,3.2050831,2.6047773,2.1470902,2.5338218,3.5790713,2.4077141,1.2985141,1.9178017,2.8435931,3.2732167,3.9563086,4.5789533,3.6549664,5.6833997,2.895707,4.598791,4.75123,2.8945298,5.3724594,2.3648427,3.0033097,4.727749,3.8938541,4.542673,1.3025132,3.0775323,2.096233,3.5892615,3.5826693,2.3738356,3.883787,2.232965,3.2606993,2.8245354,0.60056525,3.8468237,2.7039754,4.0671496,4.686584,4.957878,2.7821476,1.9441509,3.9535308,3.466694,3.0135887,3.8246105,4.9770045,2.6598916,2.2659793,3.162777,4.659771,2.3857434,2.2873673,3.0630896,4.0213046,3.0512326,4.823365,2.894428,3.0392601,3.0980453,2.5578444,3.079063,2.9785945,3.731395,2.3459575,4.1732097,4.58037,5.0149155,0.973097,2.8881943
1.3234072,1.2701195,2.6143837,4.1557755,3.2456927,2.8362606,1.2251166,1.5316917,0.9265629,2.2651622,1.359165,1.4183447,3.0884678,1.47092,4.225046,2.108132,3.1816976,2.6572978,3.1034632,2.896682,1.4183267,1.2823685,2.9618404,3.558139,4.7852182,1.4532021,4.940256,3.0271447,1.4941367,2.8027523,1.2658199,1.8151803,1.6669458,3.3214257,1.6349819,2.8337324,1.3300403,1.0641342,4.6431665,2.0623293,1.4009542,2.8883083,1.3714468,1.2627012,3.345432,2.330201,1.4665403,1.366412,1.7434937,1.0969049,1.3911026,3.1030357,2.5268486,2.8055348,1.2705146,3.785802,1.2815435,1.2719885,3.3639681,3.3983347,1.4375259,2.5683405,2.691826,2.779422,3.535293,3.7823257,2.2429192,0.87527746,1.3341155,1.2237518,5.325763,2.717839,1.0922645,2.4150498,2.9320045,1.6332481,1.5394232,1.0119483,1.644679,1.6754048,1.8897038,0.7149115,1.5661021,3.9735887,1.5779172,2.118132,1.6536294,3.6592565,3.1404808,1.7578933,2.718506,0.8798522,0.94754094,1.6472306,1.3289237,2.8858407,2.0607233,3.2143834,2.995081,3.818282,0.65318286,0.55718493,1.2687253,1.7203345,1.213484,1.4306222,1.0168115,1.9497415,2.3808315,1.2687253,0.7288924,9.72398,3.4424584,0.7250223,2.0630257,1.4168888,1.5987602,1.3699087,0.4553219,1.9056115,2.4047186,1.9112635,3.071268,1.6198508,1.5451741,1.6700546,3.3131764,3.7983084,1.3705369,2.1483223,3.3362582,1.0371597,1.1619931,1.5745221,1.4550794,1.7586676,1.4061654,2.8043404,2.5416045,1.1769981,3.0460727,1.4134011,3.3144603,1.2998583,1.6340033,3.2147925,1.692102,1.28911,2.8233576,0.7247273,1.481064,4.166093,1.543176,1.7564006,0.72399986,1.4808098,1.9621886,3.0116882,3.6024303,2.3321347,3.418658,3.1028419,1.7809191,3.5453415,3.211252,2.242608,2.3645434,2.7334614,4.4503,2.9471354,1.6567656,2.7076755,1.5658295,1.3994883,2.0572093,3.452134,1.5743324,0.5618008,2.5562437,1.4925581,1.2282395,1.065527,1.1199851,3.0026908,2.910441,1.819728,1.6345172,2.2625616,1.1790893,2.727252,2.20593,2.1180887,1.5218167,1.7031616,3.095981,2.7903621,1.3239048,3.2219422,3.4562933,3.6474342,3.0541234,1.9231931,3.3052294,2.276537,3.0894282,3.8226528,3.1950333,2.831558,3.1956224,1.5616217,1.782499,3.7559543,1.485992,1.4364884,1.8173177,3.14263,1.515754,2.6471221,2.9036288,1.3793722,1.9793146,1.9212539,2.0554364,2.4426017,1.0849565,2.829668,3.2111614,3.1967974,0.685077,0.9805074,1.6219099,2.1164837,2.574983,3.4360576,3.5288262,5.0397825,2.7975817,3.8479383,3.5616508,2.7026434,5.092513,1.0174776,3.7430556,3.436331,3.5566845,3.113238,1.1587703,3.0000355,1.422315,2.3342996,2.1857097,0.94595844,2.8385723,1.7838945,2.208403,3.2837684,1.4710499,3.6175563,1.4631399,2.948333,3.787016,4.422839,1.3102127,2.3317986,2.917479,2.3054507,1.609242,3.2695913,4.0824113,1.5272634,1.1092001,3.1218884,3.5991385,2.0724382,1.872347,3.037441,3.2580872,1.8227077,4.2967825,1.4406006,1.5866975,1.7091758,1.2596953,1.6514077,1.76773,2.629259,1.0348101,3.0196009,3.9346616,4.169232,1.0783478,1.4100264
0.68306506,2.2578175,1.764602,3.3254564,2.8917985,2.7104876,0.5532942,0.59291244,1.4741212,1.2024558,0.5813534,0.513193,2.17848,0.5523105,3.8003807,1.3319691,2.3459234,2.461739,3.1315424,2.2786078,0.8021201,1.9773971,2.0841148,3.0146623,5.143374,0.5122356,4.974019,2.300654,0.5496573,2.45507,0.6155969,2.5099723,0.9756354,2.59264,0.9100998,1.8223693,1.8701628,0.8860598,4.1090193,1.3122619,0.3314644,2.2216249,0.5859318,0.36786363,2.7975714,3.044696,2.1271708,0.8521452,0.9681014,1.5917267,0.5492059,2.3219767,1.571586,1.6781555,0.6057859,3.2518404,0.61311126,1.3184559,3.3449335,3.1635244,0.8125485,1.9077436,1.6623026,1.918162,2.6861336,3.3473861,2.5207353,1.7536778,1.7613451,0.6122929,4.707825,1.8411252,0.6398433,1.4136603,2.8709772,0.97309834,0.69736826,1.4264051,0.8204951,0.8664924,2.623431,1.0788747,0.62585384,3.428881,0.61310875,2.8966534,0.9175831,3.0037699,2.2541556,0.7646161,2.0657074,1.7079601,1.8195871,0.9379717,0.60314375,2.6981502,1.9379462,2.339058,2.481923,3.379772,1.1279477,1.3189061,2.0226693,1.1600959,0.21761991,0.38058197,0.6709369,0.98840183,3.257382,2.0226693,1.0771356,10.088911,2.9177134,1.0516521,1.2144754,0.52386594,0.8611059,1.0517663,1.1757078,1.6939484,1.5359523,1.2089874,2.326448,0.7696215,0.82593,1.0830324,3.2659988,3.575306,1.7061168,1.0888532,3.3739896,0.70020473,0.5981288,0.547059,0.5573886,1.043498,0.5727891,1.8778026,2.3115175,1.5363438,2.9522152,0.7353863,2.8054657,0.6169458,1.0086558,2.750665,1.313756,0.5945682,1.7938112,0.4763198,0.66492426,3.3610687,0.47421488,0.7251945,1.587979,1.1914971,0.9416989,2.790439,3.9167902,2.3822398,3.500273,2.8029604,0.7913811,2.974094,2.5015664,1.688698,2.4504108,1.9833953,3.857282,2.5694556,0.89189494,2.1982892,0.57103497,0.5590712,1.1129658,3.1935697,0.7433379,1.2786238,2.3797853,0.5743068,0.59405994,1.771545,0.6033286,2.0960298,2.0843403,0.94466525,0.8683229,2.397596,0.82310796,1.7775598,1.092471,2.0721219,0.5038307,0.99664646,3.559269,2.4479086,0.61808145,2.6529293,3.402446,3.8183558,2.1329758,0.8326539,2.6296508,1.5426382,2.119522,3.600325,2.956892,1.9164103,2.319004,2.1814137,0.91391844,3.3465812,0.5347261,0.5764042,0.89111894,2.3624249,1.83109,1.65966,2.587554,0.6321868,1.0866263,0.8480283,1.1093013,3.2873738,1.6333654,2.872457,2.665714,3.275854,1.4683024,0.93666565,0.6990879,2.3747814,1.5752214,2.358262,3.2774234,5.053995,2.7310915,3.336491,3.0757747,2.1920798,4.4027624,0.70796686,3.8038814,2.4602773,3.5152683,2.2475734,1.6078268,2.8644276,2.12208,1.4543976,1.3163486,0.47011933,1.914314,2.566899,2.523571,3.2071192,2.2430105,3.1288493,0.5969135,1.9700474,3.057329,3.68283,0.614467,2.3303614,1.8454049,1.2107731,0.77988094,3.0029864,3.7483952,1.9203706,0.6553173,2.6742923,2.573613,2.8540711,1.6809016,2.9593775,2.6648474,1.026979,3.9555323,1.3244964,0.8317284,0.70564383,0.63548404,0.69402695,1.1514452,2.8193889,0.63306457,2.1280935,3.1425276,3.9949899,2.039438,0.67092294
2.6007528,3.5786996,0.7805963,1.8806422,1.2294607,1.6307882,2.3994782,2.2971582,2.8072686,2.041034,2.246362,2.4133708,2.352628,2.3644443,1.7663064,2.817251,0.62384146,1.8556286,2.2101843,3.4533443,2.5985153,3.3576791,1.4603924,3.4625032,6.2624764,2.1792023,5.7174535,3.2823043,2.4399369,3.0731704,2.5843322,3.7329328,2.6255581,1.7791502,2.6073115,1.8205278,2.9528637,3.0047014,4.783564,1.7740277,2.3991854,3.4805038,2.3316193,2.4388187,2.9815102,3.6650991,3.0849154,2.6152318,2.283377,2.751747,2.280447,1.7246026,1.8352126,2.5073779,2.516407,1.0344177,2.3740158,2.9481916,2.1573539,2.1473358,2.740898,2.0103831,2.8776278,3.0047536,2.9585016,4.0343776,2.439264,3.1000504,3.1419017,2.569599,2.6377294,1.770399,2.7044392,2.47106,3.428884,2.678968,2.5198526,2.9747694,2.3901162,2.4074948,3.3929038,3.0693822,2.267206,1.1793419,2.5919087,4.204831,2.5259104,1.679778,2.3211951,2.2960286,3.2883563,3.1289728,3.2129428,2.5730689,2.2582774,3.4265838,3.6252654,0.8795135,3.6529937,4.3483963,2.771132,3.1659238,3.1094112,2.8231008,2.49129,2.3800569,2.8091736,2.2081444,4.4383683,3.1094112,2.7273655,10.560451,0.9916911,2.8510015,2.4657366,2.5660126,2.6015527,2.8885164,2.8116298,2.6222475,2.609261,2.8850064,1.5424856,2.356741,2.556371,2.6248536,3.5078094,4.6393332,2.8484864,2.151077,2.372817,2.8217957,2.553508,2.1801746,2.3038824,2.5901015,2.2504299,2.81668,1.9186653,3.0977364,2.6521075,2.6159115,3.8061416,2.3743382,2.6433659,3.1015809,3.0606127,2.3932395,2.3789937,2.545531,2.430242,1.8390368,2.2320862,2.2339206,3.0451972,3.117487,2.0901673,1.982827,3.23675,1.9656134,2.9614909,2.608731,2.3603976,2.7105772,2.2857025,1.7504385,3.8420541,3.1534376,1.6332144,1.5345346,2.4754045,3.4316785,2.3512514,2.459542,2.0353491,3.0004911,2.3748405,2.9806776,2.5738046,2.3422,2.4947042,2.91678,2.5928135,1.5231797,0.66556865,2.5776296,2.4754894,2.3539686,2.7969506,1.9463477,1.9352947,3.7125294,2.3627884,2.6696367,4.9719768,3.386902,2.4993582,2.2257617,2.4481769,2.904614,2.8327663,2.0422096,2.2547066,1.3726376,1.9392089,1.9642372,2.973899,2.4449492,2.8113818,3.2401545,2.6841247,3.8667583,2.1524403,2.3165846,2.4040651,2.578291,3.4050798,1.7612759,1.8517919,2.458337,2.5428674,2.1830552,2.3122652,4.8086863,3.2433386,2.487208,2.091172,2.2993836,2.8761227,2.514064,2.3146026,3.9584267,2.7549515,2.119071,3.2071092,5.7809534,3.1953743,4.1128526,3.9508638,1.5852698,2.2477276,2.8211715,2.8124309,2.6415696,4.015876,3.0648036,2.8152628,3.0083113,3.5671391,2.5507965,2.7468903,2.4580166,1.6020496,3.9747493,4.029376,2.0909874,3.2276783,1.7178789,2.3233407,1.7944664,3.292215,1.9585272,2.4918795,1.937324,1.724202,1.9694183,2.6338527,3.55326,4.4090753,3.5571716,2.4367118,1.0845234,2.0870757,4.1752796,1.7626858,2.7771108,2.5691795,2.0140228,4.649796,3.0933225,2.4671144,2.322698,2.634361,2.2944832,2.719325,4.2533703,2.6907992,2.3366122,1.7668271,4.8590856,3.324642,2.4930425
1.3705561,2.7215538,2.3590608,3.2935736,3.4064183,3.2999003,1.4736688,1.4948293,2.1471136,1.8957794,1.5037724,1.3888476,2.5006042,1.4144213,4.076573,1.4142749,2.6561518,3.070213,3.6643553,2.431772,1.7083532,2.6443315,2.1011293,3.1368783,5.334487,0.791055,4.674734,2.7095678,1.2383378,3.2014809,1.5153146,3.122531,1.6307616,2.7766953,1.4957634,2.4367228,2.5993693,1.6092123,4.689456,1.2788249,0.90508294,1.6449453,1.5009363,1.1837692,2.9710767,3.6698606,2.7894452,1.7631809,0.72217405,2.2922142,1.4629781,2.186363,1.4872466,1.9149464,0.5105273,3.6165779,1.5203568,2.129732,3.9454286,3.7325964,0.8657948,1.6125182,1.8587321,1.5077283,3.3692443,3.4443057,2.7785165,1.9740058,2.5382702,1.5112537,4.7911167,1.7263184,1.5001045,1.915471,3.6016726,1.5927669,0.779549,2.1902878,1.5543103,1.5905933,3.2391913,1.7382549,1.4530121,3.7753787,0.6199229,2.5490234,1.6201795,3.1484098,2.6138716,1.1817566,2.2570536,1.7985662,1.9125398,1.6189258,1.5370753,3.395963,2.4935527,2.6872637,2.0922868,3.208046,1.8047718,1.4925423,2.5994217,1.7275348,1.0331875,1.042418,1.4795988,1.4257606,3.017485,2.5994217,1.7986472,9.589094,3.5659237,1.0369673,1.6322813,0.90890247,0.65373045,0.36650935,1.6443098,1.2265781,1.134752,0.7908582,2.248188,1.518121,1.467783,0.56813055,3.799832,3.5578792,2.4932044,1.802411,3.9501617,1.509488,1.487618,0.854902,1.437294,1.6816007,1.5149813,2.412217,3.183691,2.2726982,3.5635235,1.4474773,2.7768192,1.5562035,0.4308847,3.2551885,2.0750163,1.5155623,2.1488528,1.1231631,1.4435835,3.3376777,0.81988883,1.1023796,1.7996022,1.8973266,1.3724042,3.5552876,4.494533,3.0602086,4.132082,3.1737967,1.4585019,3.1667995,2.7190711,2.5180511,1.6267927,2.206044,4.097272,3.2694345,1.600452,2.15216,1.3112462,1.3993671,1.9498962,3.873973,1.4808806,1.8932401,2.839819,1.428449,1.4934112,2.3576002,1.4838674,2.083425,2.5680532,1.0842336,1.587802,2.4357262,0.3675523,1.6940852,1.7040592,1.4873569,1.2345302,0.7470949,2.8290594,3.0819037,1.5255083,2.9101348,3.987954,4.3863463,2.667501,1.5580035,2.8284292,2.2818656,2.4096253,3.9654095,3.553659,1.6607583,2.1043587,2.892181,0.53228384,4.123859,0.812505,0.6352907,0.6621538,2.7415998,2.5157597,1.6780084,2.9525552,1.5466329,1.084484,1.5494237,1.916676,3.2154236,1.3636307,3.3452978,3.2903578,3.8650277,1.7962129,1.7715405,1.5842577,1.6077569,1.8850894,2.471174,3.9467907,4.7750187,3.4882705,4.04396,2.824605,3.0591197,4.5433474,1.5178304,4.3620906,2.229555,3.8251896,1.8491203,2.3656182,3.5472314,1.8388772,1.8458608,1.5496205,0.82942426,1.87933,2.247459,1.7893535,3.723693,2.810019,3.4167807,1.4779037,1.941431,3.4874597,3.6866307,0.49532303,3.0357885,2.3347769,1.8543329,1.3261528,3.4562285,3.701718,1.3527194,1.5586749,3.2278218,2.6541252,2.5114539,2.013535,3.371241,2.86877,0.9833534,4.660093,0.6041753,0.46042353,1.0958579,1.5228574,0.6727508,1.7766333,1.990977,1.4859974,2.1373658,3.230212,3.900074,2.274397,0.43731618
4.050424,3.1827114,4.8362536,5.2594476,4.801018,4.4670887,4.0921564,4.35218,3.5750744,4.94431,4.169185,4.22975,5.2618365,4.2610745,5.160606,4.2802877,4.904172,4.52343,4.4438176,5.0100126,4.3936076,3.8282204,4.470088,5.235751,5.7787943,3.6943722,4.880681,5.5037184,4.153504,5.4483624,4.207,3.9973736,4.374929,4.856468,4.268059,5.367079,3.8615873,4.0525737,7.319058,3.6997607,3.9134665,4.1539135,4.2076283,3.9841912,4.998114,4.0224032,3.7145495,4.358708,3.554928,3.6676726,4.1968327,4.2778535,4.2188387,5.174216,3.4059765,5.111994,4.143521,4.232365,4.813887,5.066359,3.6714258,3.6633813,5.081046,4.3711853,6.3201733,5.4130197,3.071399,2.5552688,4.1321955,4.161734,6.0100927,4.2054954,4.0725,4.9928856,5.376462,4.3204355,3.7658932,3.914052,4.356036,4.3856173,3.7493777,3.7292683,4.306168,5.2457695,3.8506827,0.9675665,4.379052,4.8908405,5.3246226,4.167272,4.9139333,2.3745384,2.3214388,4.364604,4.16228,5.4166594,4.7365346,5.0561013,4.228022,5.116367,3.5355027,2.8434942,3.4205747,4.3746295,3.9016736,4.0104065,4.010836,4.3439956,0.98273236,3.4205747,3.6425428,7.7715116,5.398441,2.7711408,4.482321,3.8851745,3.614432,3.0342696,3.1219208,2.7363913,4.0325766,3.738765,4.242457,4.3308563,4.2136717,3.3335526,5.1929564,5.166944,4.0674105,4.863012,4.716749,4.036348,4.087556,3.8540483,4.239367,4.435711,4.2385406,5.4783607,5.008667,4.016343,4.9144726,4.1747956,4.9785604,4.1945868,3.364312,5.436507,4.646202,4.167841,5.1924486,3.475846,4.2315717,5.224911,3.8715682,4.1190844,2.6037147,4.411746,4.3306184,5.1539426,4.718508,4.232806,5.04336,4.713772,4.443273,5.081888,4.950359,4.8254056,2.1372442,5.0035596,5.510007,5.03049,4.3715506,4.477244,4.247148,4.204572,4.8433766,5.6477184,4.274282,3.453551,4.3911643,4.2721024,4.130814,3.376072,4.060439,4.514161,4.9227543,4.073426,4.359836,2.7735438,3.1326718,4.388961,4.7694974,2.9720666,4.1838455,3.6476767,1.2635802,5.3739724,4.235323,4.8182964,4.9714055,4.8288984,5.7009645,4.573847,4.9301815,4.722799,5.159911,4.7974076,5.279084,4.394062,4.742977,3.965974,3.788846,6.5595956,3.7182183,3.5917134,3.797756,5.329462,4.2482014,4.4306045,4.34848,4.282515,4.083981,4.5895457,4.893456,2.5701432,2.1812832,4.2343016,5.3987117,4.58704,2.8184874,3.881454,4.459904,1.9284314,5.032099,5.394175,5.74461,5.0563607,5.252441,6.712208,4.743308,5.256376,6.0354247,4.022229,5.0059977,4.952205,5.065112,4.5717444,3.8539662,5.2235518,1.7161549,4.7495975,4.526128,3.3561606,4.406234,1.2846854,1.729839,4.630734,3.4504306,4.883652,4.265267,4.6083884,6.0929866,5.3519006,3.4229696,4.332698,5.3050523,4.9214883,4.2345576,5.329735,5.281086,1.9842674,4.012143,4.8800287,5.4068356,1.0080502,3.4801297,4.504165,4.90022,3.6489744,7.0338764,2.767743,3.4886515,4.106621,4.213568,3.7594683,4.456415,1.9378163,4.0115113,4.7608523,5.2457447,5.1518145,2.5133042,3.4597132
0.4211824,2.2175703,1.9341542,3.509138,2.9448454,2.7575157,0.5682077,0.75040275,1.4300672,1.3986961,0.6291598,0.55227625,2.0508797,0.5749925,3.8782394,1.0800128,2.5111053,2.3963509,3.1143324,1.9854325,0.88446015,1.893995,2.1741927,2.730653,4.7795877,0.6948524,4.6386523,2.081774,0.43151018,2.2686706,0.76854765,2.3504503,0.7515953,2.5197492,0.6572928,1.866616,1.8543875,0.77647716,3.9237149,1.4118792,0.36446676,2.0579157,0.6120702,0.28777602,2.5442553,2.9931998,2.118752,0.8920655,0.9986237,1.5657182,0.5981909,2.4052005,1.6823436,1.8740448,0.7738909,3.3710074,0.87997955,1.2051771,3.379644,3.083468,0.51935816,2.02911,1.6014818,1.8171653,2.6488335,3.0270734,2.509263,1.7504785,1.6978878,0.7962965,4.816739,1.9187287,0.7459787,1.3461214,2.6623049,0.7214149,0.539034,1.3863513,0.68337524,0.7199303,2.604198,0.9732673,0.6279326,3.5491214,0.6411738,2.82757,0.72949755,2.9813597,2.1257455,0.6584979,1.7812657,1.6896082,1.7971599,0.7291295,0.6619963,2.469322,1.6601076,2.4227042,2.2143083,3.0605035,1.0961157,1.1424317,1.9744917,0.8777917,0.2533141,0.3611909,0.71426225,0.87118274,3.1861582,1.9744917,1.1669817,9.82391,3.0234787,1.0016712,1.0103834,0.3204809,0.72070926,1.0112966,1.1481793,1.6846193,1.4880186,1.0425607,2.456209,0.65227103,0.58368796,1.0148901,3.0062153,3.214203,1.6404213,1.2451036,3.3615546,0.7177387,0.8101879,0.6502475,0.58363265,0.82497144,0.69850004,1.7968972,2.4014275,1.4045585,2.7940624,0.5159113,2.4900954,0.8303427,0.9797192,2.5015452,1.1771737,0.8406081,1.7266926,0.55106014,0.53821206,3.5325105,0.6699065,0.67635286,1.5880759,1.0190461,0.8917792,2.7801733,3.9026096,2.4283707,3.388421,2.588462,0.73565966,2.7693849,2.3381896,1.6835016,2.4021382,1.735625,3.9863186,2.568668,0.71631616,1.877669,0.5367088,0.50731045,1.2871238,3.0179949,0.6030393,1.2757317,2.1522071,0.5852405,0.82986116,1.8105402,0.7965023,2.2095132,2.185158,0.74674666,0.69788045,2.46015,0.8435359,1.8012588,1.2920489,1.810956,0.47937924,0.8219733,3.5115204,2.2013123,0.8279221,2.48855,3.3367946,3.798815,2.0479653,1.0193393,2.4747565,1.5861475,2.0656853,3.6234434,2.7405207,1.8705084,2.1955795,2.134991,0.90863746,3.2094216,0.70748127,0.7635925,0.94000983,2.1795907,1.6307566,1.7252004,2.4893217,0.8395615,0.9306749,0.93110454,1.2312323,3.0177538,1.5644782,2.7451205,2.5531273,3.3074536,1.4705943,0.9114974,0.8312116,2.320284,1.4807082,2.6057487,3.0829053,4.715034,2.5457149,3.2065988,2.782733,2.3022795,4.5357075,0.7276426,3.749093,2.435004,3.191738,2.1475532,1.6081128,2.6677842,2.1048725,1.2725253,1.1092691,0.608905,2.0430734,2.5056465,2.4724247,3.1837976,2.1941211,3.0856724,0.6090966,2.0304565,2.8592052,3.8562717,0.7670369,2.356116,1.9148206,1.3803016,0.55981463,2.707033,3.4173229,1.8919749,0.6542712,2.7139022,2.8386707,2.7875235,1.6600931,2.7539177,2.4571788,1.0814389,3.7770002,1.2614543,0.89968055,0.6100953,0.74769866,0.8129432,0.9051353,2.763317,0.7669586,2.01448,3.4089544,3.6395874,2.011079,0.7819663
2.069283,3.8441267,1.435443,2.2761216,2.2038214,2.5706887,2.192725,2.107556,2.9652567,1.9020987,2.0499802,2.0881062,0.919666,2.0178401,2.6776898,1.6505197,1.4136345,2.1353197,2.9129183,2.0486248,2.459418,3.4885802,1.0132269,1.9500858,5.3242736,1.8754376,4.4196672,2.0927887,1.8957027,2.5752192,2.4749079,3.7498174,1.9641382,0.6831954,1.8907863,1.3185819,3.2744997,2.7051048,3.9071982,1.4770176,1.9208401,2.1385355,2.0888956,2.0423584,1.562497,4.1406674,3.4951046,2.4798825,1.7173197,2.9947715,2.0375443,1.3493694,1.2577192,2.0921276,2.2404087,2.2519972,2.443273,2.803036,3.1498055,2.390483,1.960157,1.805946,1.8034258,1.7029681,2.3918264,2.5444832,2.8966415,3.2867875,3.253372,2.5118515,3.2497811,1.147838,2.5916443,1.5872501,3.0832376,1.991624,1.7919257,3.0619388,1.8365782,1.833937,3.881457,2.9113972,1.8808273,2.3591955,1.9883941,4.119665,1.9216355,1.2571557,0.9390765,1.5471154,1.9402567,3.2170262,3.3204033,1.9442526,2.104385,2.8837302,2.928561,0.9009983,2.1635435,2.741536,2.8235893,2.900027,3.3927188,2.0660744,2.1160638,1.8902682,2.6416695,1.3562126,4.4614534,3.3927188,2.9190555,9.690975,2.2365317,2.6480637,1.4689742,1.9279468,1.8332059,2.3764322,2.8592143,2.2621696,1.5459471,1.90123,1.5659217,1.8312117,1.9168961,1.9401999,2.9397714,3.1958559,3.002219,1.8899523,3.1437829,2.635373,2.5424197,1.7198502,1.9894726,1.8860744,2.1089835,1.9335147,2.7389343,3.0137303,2.565747,2.0792212,2.2554045,2.384772,2.0117567,2.1096516,2.6412387,2.417914,1.2159534,2.428354,1.9537119,2.2477324,1.859312,1.5323428,3.1822326,2.6715636,1.31293,2.5854127,4.059949,2.7809544,3.2618206,1.8787966,1.7632074,1.4132591,0.83911604,1.8424976,3.3291662,1.8194097,2.6296976,2.0896802,1.879778,1.9976106,1.8599586,2.0722709,2.0041764,2.680906,1.8408853,3.0878432,2.0089002,1.9836391,2.4986653,3.3141978,2.568362,1.1395028,1.1008552,1.640516,1.8974979,2.8271706,2.4045506,0.91941905,1.7169023,2.7148893,1.8770174,1.7999126,4.6327424,2.6260002,2.4509225,1.1407565,2.9202192,3.6964474,1.9107525,1.8057734,0.9001452,1.4468434,0.48790684,2.7603986,2.4476626,1.1669005,1.2345387,3.5423355,1.9592571,3.4290996,1.8342948,2.0120018,1.7563821,1.2404722,3.1507742,0.9329254,1.704605,2.4043062,1.5208213,1.7447593,2.0925596,4.32207,3.0351121,2.5909085,1.7016717,3.2602348,3.0365443,2.509249,2.1077645,3.5112891,1.6847302,2.1188526,2.7912226,4.4605227,2.9565282,3.5181806,2.346611,2.3358054,2.967885,2.6471796,3.4111435,1.2800701,3.0683234,1.6547205,3.09231,2.6934805,3.536619,1.4418446,1.6299306,2.2909575,1.2223233,3.8888083,3.6302652,2.743298,3.5574121,1.678055,2.0090716,0.8874634,2.0667849,2.565068,2.185158,2.6617067,1.1165409,1.7221045,1.9266458,2.57817,2.9026754,3.2876916,2.304493,1.8973005,2.2915654,4.0950294,1.8778735,2.3816743,1.2199576,1.5313911,4.0490713,2.577585,1.9743448,1.6004944,2.4830604,1.815459,2.0017116,3.7428277,2.6225178,0.691347,2.6500845,3.4154863,3.532288,2.0998855
1.8434078,4.0247865,2.0017009,3.2408187,3.1412392,3.3540695,2.064527,1.906465,3.0963047,1.63709,1.9538642,1.8644481,0.50167936,1.7979732,3.8498065,1.2762578,2.3597283,2.7626245,3.7084315,1.2960608,2.1669679,3.4849892,2.0084877,1.7567488,5.0655785,2.0749254,4.604131,1.0623759,1.6711642,2.130368,2.2561955,3.7399933,1.5733443,1.8240457,1.5479765,1.042306,3.392402,2.399355,2.8986835,2.1506877,1.8514328,2.051523,1.930621,1.910459,1.7024573,4.4043555,3.6969318,2.2049582,2.0533848,3.1568868,1.9028776,2.3778214,1.8452246,1.7345513,2.4062293,3.3430116,2.3623385,2.5693922,3.9294252,3.0802035,1.8832165,2.6113052,0.9409544,1.6081455,1.5256557,2.1795866,3.703008,3.6387613,3.1613705,2.328952,4.4241667,1.9632249,2.3892665,0.8560722,2.8314219,1.6048292,1.7820536,3.0023522,1.5521631,1.5285896,4.144131,2.766084,1.6814746,3.4627542,1.9063274,4.588993,1.5712807,2.478768,0.61616415,1.4235551,1.1827357,3.582452,3.6895,1.5813856,2.0147583,2.465294,2.315162,1.9018059,2.0504766,2.3949654,2.891453,3.032481,3.6204128,1.6213855,2.0005412,1.7737352,2.4200988,1.2096927,4.9605093,3.6204128,2.9751399,10.234579,2.9741473,2.901626,1.0924054,1.789509,1.9028217,2.570111,3.0480406,2.8878036,1.7138517,1.8523383,2.5914938,1.5735625,1.6275061,2.1973352,2.979099,2.8161106,3.0250068,1.554797,3.903732,2.3979552,2.4043033,1.8457165,1.8128263,1.4801095,1.9852161,0.9096824,3.0128386,2.8802955,2.9520943,1.7862769,1.7997155,2.26825,2.2252114,1.7868087,2.1111038,2.308939,0.3779544,2.5061095,1.7110457,3.2644312,1.9422959,1.4840492,3.5034213,2.1955962,1.258489,3.0306914,4.74103,3.358543,3.7590554,2.3727434,1.4257619,1.9019367,1.4069625,1.9665763,3.7323344,0.9578898,3.7764874,2.6636329,1.5529823,1.6192487,1.6345108,1.8340764,1.7757233,2.7149382,1.60313,3.139237,2.358549,1.7674936,2.3665786,3.5572546,2.42502,2.052051,1.9352019,1.4517149,1.5762438,3.7059991,2.5584512,1.565434,1.5669801,2.8208566,1.6778224,1.8491216,5.0485806,2.0166621,2.2645853,1.8742616,3.612641,4.4375095,0.83689076,1.6370243,1.623782,1.754508,0.7901428,3.8357096,2.5071583,1.5196543,1.3489711,3.6282372,1.9364136,2.7070274,2.0411494,2.2024438,1.8893225,0.84670174,2.8886905,1.5616139,2.6031492,2.2114534,1.4107763,1.4533161,1.683874,4.4769883,3.3805318,3.2605495,1.9695188,4.017141,3.3491938,2.5104969,1.8539242,3.842583,0.80028945,2.3091903,2.7310522,4.614996,2.7898743,2.571503,2.210426,2.5535634,4.0878,2.4191344,4.1509547,1.5597429,3.060726,1.6439964,3.1798499,2.7034729,3.9505243,0.83669126,1.0767298,2.4641724,2.0206409,4.313993,4.008279,3.5860946,3.8085034,2.7867367,1.8142723,1.6294334,1.3395026,3.635244,2.358663,3.1997993,1.0130056,1.4799577,1.5679058,2.2951925,2.7512708,3.6246948,2.2207165,2.7733684,2.6308768,4.5584893,2.6346066,2.9141855,1.6653645,1.9997542,3.2105832,2.8141499,2.190058,1.494289,2.2363052,1.9716288,1.5568123,4.122946,2.4581368,1.078726,3.4581277,3.2558713,3.8800883,2.2714179
0.9532645,2.706859,1.896743,3.0823884,3.0169559,2.9532104,1.089425,1.077225,1.9674534,1.4395949,1.0743555,0.96353036,1.9630436,0.96450025,3.7618527,0.9877852,2.2779436,2.647507,3.3386695,2.0361738,1.3636137,2.4868171,1.7698727,2.7227945,5.1433983,0.4411908,4.591535,2.2313204,0.7536415,2.7091508,1.2191708,2.941588,1.160264,2.330034,1.0201145,1.8798959,2.4040775,1.3751594,4.22199,1.0216379,0.43452018,1.5980587,1.0748065,0.7652437,2.5305417,3.509485,2.6364086,1.4167385,0.47870502,2.0933273,1.0265124,1.9541943,1.184067,1.6023281,0.5316636,3.2663507,1.2406114,1.8319122,3.6085305,3.289235,0.52545506,1.5431994,1.437947,1.3129909,2.8353016,3.07471,2.6497192,2.0508332,2.3111627,1.2364637,4.522807,1.44197,1.2536691,1.3860036,3.161542,1.1360558,0.27746293,1.9867346,1.0500014,1.0850961,3.1068795,1.5824032,0.9633566,3.4285517,0.22286168,2.870445,1.1357558,2.762345,2.0689664,0.6153153,1.8430336,1.9252039,2.0433948,1.1422336,1.1234396,2.9410756,2.1711202,2.2272024,1.9433713,2.9650283,1.6415358,1.5187794,2.4760034,1.2905245,0.66190636,0.55814105,1.2557559,0.856178,3.2953842,2.4760034,1.6644813,9.712077,3.1182098,1.1493288,1.0968918,0.44722307,0.29720956,0.7056745,1.5835267,1.3521391,0.9149979,0.61137587,2.0375953,1.0130596,0.99656737,0.535272,3.375319,3.3002312,2.223819,1.3308018,3.61163,1.273775,1.2382466,0.35297596,0.9816721,1.1923777,1.101334,1.907663,2.774191,2.0309393,3.1258678,1.0185627,2.4541626,1.2374554,0.4620249,2.7503066,1.7160823,1.2198417,1.616549,0.96514016,0.9730314,3.1182065,0.398949,0.52791756,1.8829236,1.5841247,0.7974163,3.1029432,4.230743,2.7456882,3.7434676,2.7354224,0.93703,2.716737,2.2361789,2.0082304,2.0701616,1.7645675,3.7837574,2.7974172,1.1066573,1.8397794,0.81451803,0.9661156,1.4870198,3.373254,0.9810338,1.8035754,2.4169874,0.96743107,1.2282989,2.268901,1.2438577,1.7752948,2.0913987,0.5898807,1.0978334,2.4175212,0.6393902,1.3319018,1.2374184,1.636274,0.7440978,0.43428487,3.3121793,2.6194813,1.2267519,2.4485717,3.5936866,4.0806584,2.1470487,1.0830597,2.3618598,1.7581577,1.8811492,3.6428218,3.0725312,1.3603648,1.7797449,2.7044928,0.31909528,3.6330833,0.43965584,0.42972818,0.32147798,2.2053874,2.2566514,1.2864816,2.5532439,1.226623,0.613389,1.0380462,1.4593639,3.3155622,1.6174299,2.9987934,2.74948,3.560076,1.8086448,1.481186,1.1547654,2.0848832,1.4096681,2.214271,3.4481676,4.6752014,3.0438821,3.578603,2.598292,2.5901666,4.247583,1.2863637,4.0095387,1.9353147,3.4630065,1.6460115,2.159704,3.0821743,2.1510503,1.3159572,1.0748688,0.7281519,1.5865287,2.5662782,2.2524865,3.3682566,2.691092,3.0123796,1.0242295,1.578737,2.9615092,3.4733157,0.48189726,2.6893559,1.7984595,1.3708938,0.85958475,3.0083125,3.4077883,1.7775242,1.2120053,2.7942655,2.435226,2.8334358,1.7324929,2.982357,2.4099488,0.665352,4.2004547,0.99611735,0.3670172,0.53024125,1.2234182,0.29841077,1.312327,2.4607387,1.2622507,1.7000259,3.051279,3.672449,2.347435,0.3817845
1.3905897,3.3583894,2.6387727,3.8223526,3.5154006,3.5268197,1.8318591,1.899398,2.617418,2.173364,1.8247194,1.7017814,1.5035453,1.669493,4.274791,0.5169735,3.006369,2.8852868,3.7467597,0.7891769,2.060173,2.959462,2.3779392,1.5913708,4.1891336,1.7617232,3.6116028,1.3943967,1.3900547,2.3444965,2.0698874,3.1472263,1.2871665,2.2689962,1.1687168,2.0980759,3.0204344,1.908791,3.4213858,2.011766,1.4889446,1.2260889,1.786617,1.5627124,1.6573066,3.9823656,3.282674,2.0613174,1.6045474,2.7438567,1.7758787,2.5778146,1.9974332,2.3036022,1.8923156,3.8848846,2.2511904,2.2112603,4.1165304,3.3507767,1.0440397,2.4821422,1.3209927,1.2021211,2.6106713,1.7913448,3.3040369,2.9111793,2.7800636,2.1371696,5.01074,2.1164348,2.0890834,1.386838,2.8110738,1.2338581,1.1784427,2.5805004,1.4188839,1.4032822,3.7074184,2.169535,1.6168946,4.0326705,1.4366348,3.5213122,1.363251,2.898236,1.610828,1.1955663,0.69461507,2.7873266,2.8831596,1.3271114,1.8825657,2.4651155,1.7778805,2.6669245,0.96995974,1.6304928,2.3773882,2.1087494,3.085911,1.1727638,1.6110281,1.4610312,2.0372272,1.1641594,3.9156787,3.085911,2.567485,9.17091,3.6488702,2.0919132,0.9517844,1.2524431,1.1924924,1.7337728,2.4108715,2.200341,1.3317797,0.9863486,2.816426,1.4468753,1.2638,1.4697217,2.8124714,1.9748532,2.697864,2.0008283,4.000526,2.0133028,2.193016,1.5719746,1.6957182,1.2513258,1.9156166,1.6696283,3.362671,2.401427,2.9965272,1.408876,1.0932382,2.164282,1.5355176,1.9839035,1.879929,2.1944838,1.4365804,1.9908714,1.4869492,3.829946,1.6922001,1.2815409,2.7711463,1.7883601,1.297184,3.3935487,4.6700115,3.3827543,3.7879968,2.321087,1.409843,2.0755486,1.7678778,2.352284,2.7056406,0.7785542,4.3800216,3.102079,1.3706076,0.49008605,1.4823244,1.6115491,2.1980872,3.005636,1.4201298,2.5826507,2.1345956,1.6517727,2.2002559,3.0894432,2.183886,2.4415925,2.6302006,0.8988384,1.3897065,3.2998705,1.8168507,1.7777739,2.0407178,1.4746355,1.4808097,1.0646987,3.9031446,2.0156991,2.139689,2.0863771,3.7624128,4.4623485,1.8152606,1.9107208,1.9485149,2.2302039,1.7594357,4.070282,2.611613,1.502367,1.3668633,3.2214415,1.3893296,3.2096698,1.7451583,1.815593,1.501833,1.5452533,2.3560812,1.872912,2.656831,2.124243,0.9028513,1.678714,2.0497062,3.2254019,2.4241683,3.1030707,2.5533586,4.1036515,2.686568,2.168879,1.9065988,2.754954,1.2164062,3.046707,2.992068,3.6550806,2.805476,3.1008577,1.4113222,3.1404803,4.78383,2.0313544,4.234659,1.9071302,2.5866318,1.4030844,2.825473,2.7664196,3.0085177,0.9741599,0.73986846,1.9381746,2.342383,3.2706196,2.9236379,3.7102664,3.277861,3.1339471,1.7028465,2.0483358,2.1013188,4.194947,1.8475114,3.254624,2.0917275,2.0566783,1.1765462,2.1393664,2.1502666,2.6247294,1.9420937,3.2240355,3.3357117,3.4956515,2.3775837,2.7243881,1.7921479,1.7073088,3.5805373,1.8755796,1.6700587,1.2169316,2.0235279,1.6349131,1.2551248,3.03289,2.147705,1.4009678,4.045381,2.422825,3.120659,1.7489045
2.5524585,1.6677742,3.3528569,4.30308,3.5059102,3.0913072,2.4984026,2.7740839,1.9179027,3.4039993,2.5797276,2.6762094,3.985744,2.7117121,4.1772738,3.0492954,3.6211205,3.139175,3.2061844,3.868062,2.7812464,2.2494156,3.339962,4.2467566,5.2101245,2.2690403,4.862677,4.183362,2.6701212,3.9601557,2.6018274,2.5753899,2.897879,3.75342,2.8191073,3.8839536,2.218828,2.4927917,5.927379,2.456755,2.4606755,3.3752904,2.6251347,2.4615293,3.9620988,2.64619,2.1118162,2.738387,2.3072722,2.0098333,2.619879,3.290003,3.0377162,3.8073025,2.01482,3.9404452,2.5162454,2.6224117,3.5215197,3.7985206,2.3602736,2.6629305,3.7801592,3.4030657,4.794494,4.492925,1.8964201,0.8649339,2.504428,2.5477464,5.231492,3.1005561,2.4643362,3.568732,3.9441261,2.857453,2.4336572,2.261146,2.8487747,2.8815756,2.2653239,2.1341395,2.767347,4.1063247,2.510063,0.79098165,2.8824959,3.8818367,4.0363054,2.7677772,3.7242224,0.6893955,0.6354974,2.8767543,2.56065,3.988687,3.3388724,3.7657874,3.4811769,4.400753,1.8714337,1.3488445,1.8360844,2.938474,2.3921878,2.5387328,2.4165173,2.949223,1.0314717,1.8360844,1.9521177,8.872011,3.9647272,1.2736378,3.112192,2.4781446,2.3579977,1.8392729,1.4548535,1.7608554,2.9774964,2.618436,3.2158308,2.8188162,2.7408197,2.1709824,3.994181,4.4186006,2.4333568,3.3261263,3.472756,2.4439242,2.466664,2.4480646,2.6811728,2.9679031,2.641169,4.0383024,3.375436,2.4207087,3.6068535,2.6709898,4.0531125,2.5673335,2.1787596,4.148455,3.098063,2.5449913,3.8474562,1.8840387,2.7091238,4.2828603,2.4486406,2.7251215,0.9057309,2.8859427,2.930636,3.6624815,3.5742388,2.7281058,3.786116,3.5832467,2.960537,4.056584,3.8198647,3.2430978,1.865051,3.7739527,4.495787,3.5703695,2.87326,3.4721012,2.7457387,2.6616187,3.249521,4.276925,2.7669165,1.7844913,3.1409757,2.7249074,2.511058,1.7053186,2.439837,3.3891413,3.5344987,2.7693787,2.8569894,1.7092083,1.8156786,3.2585845,3.2684348,2.3020034,2.6885972,2.4367867,2.0913808,3.9641182,2.6242073,3.7103128,3.730489,3.6723983,4.2661805,3.0450354,3.8362074,3.1851037,3.8881636,3.7642176,3.9714766,3.3685658,3.7793198,2.379529,2.5606065,5.0334864,2.297311,2.1998186,2.5377185,4.0548096,2.7342925,3.2293966,3.1769352,2.6724243,2.8356388,3.0813415,3.3182635,2.1770046,0.8269605,3.0416572,4.009476,3.2992184,1.1261752,2.230938,2.8808115,1.5862498,3.6913676,4.132195,4.387468,5.003703,3.7891505,5.2038765,4.0447536,3.6286643,5.1266394,2.4258916,3.8573904,3.9809885,4.1080937,3.671406,2.1819859,3.8389757,0.37141588,3.3979185,3.2276654,1.8409504,3.2579877,0.5173568,1.5239707,3.4186819,1.914757,3.8186362,2.7030275,3.4704533,4.8098097,4.452622,2.0438368,2.816746,3.8795688,3.4077842,2.7963002,4.130237,4.58025,1.063609,2.3943949,3.5288348,4.186801,0.74560857,2.1149633,3.388406,3.8237295,2.3657596,5.57935,1.6851765,2.2158375,2.7109334,2.6145742,2.4208195,2.995132,1.9932408,2.3949702,3.66105,4.1494594,4.584093,0.9062833,2.1205368
2.6141279,1.6256778,3.4166038,4.385709,3.5354335,3.104564,2.5559256,2.8386383,1.9276897,3.475481,2.639271,2.740979,4.0575404,2.7767203,4.2153463,3.1274033,3.692671,3.1594145,3.204491,3.9330878,2.8348694,2.2360065,3.4259596,4.3044505,5.1960998,2.3554409,4.8920407,4.244317,2.7406163,3.9885423,2.6596239,2.5465615,2.9580753,3.8206482,2.8831384,3.9521542,2.2110868,2.5404747,5.967122,2.5462735,2.5398188,3.4700408,2.684909,2.5295374,4.018633,2.5927963,2.0889788,2.788137,2.4019823,2.0147364,2.6816149,3.378017,3.131467,3.8951962,2.1061954,3.9861956,2.5751772,2.6499538,3.5185742,3.8148873,2.4397976,2.7579339,3.8631544,3.4993846,4.850668,4.5447226,1.8998169,0.8735636,2.5071297,2.6050384,5.2881327,3.1924124,2.5187733,3.6414416,3.9525614,2.9179175,2.5180845,2.2756636,2.9119885,2.94417,2.220612,2.167837,2.8331623,4.15237,2.5987098,0.7829718,2.9431043,3.9450622,4.1053443,2.8460007,3.7904167,0.72560924,0.6558467,2.9370484,2.6183271,4.008389,3.3725455,3.8361876,3.5616457,4.4642835,1.8995057,1.3922291,1.8138098,2.9955797,2.4642885,2.614383,2.4698162,3.0246,0.9684218,1.8138098,1.984243,8.865238,3.9998615,1.3533349,3.1827824,2.55634,2.4472094,1.9375497,1.4890827,1.8580523,3.0749831,2.7100873,3.3010612,2.882863,2.803893,2.267413,4.0027637,4.4627786,2.438538,3.396929,3.4658258,2.4962435,2.5238066,2.5334814,2.7450984,3.0286043,2.7018728,4.105765,3.3917603,2.434477,3.6156,2.7320135,4.117042,2.624811,2.276393,4.188467,3.1422489,2.6040266,3.9247577,1.9485924,2.7724862,4.3634005,2.5345006,2.8060718,0.9330025,2.931091,3.0086432,3.6749723,3.5379796,2.7317362,3.7744875,3.6167228,3.030934,4.1121955,3.884596,3.2840493,1.9594862,3.8434837,4.5475717,3.5969326,2.9347818,3.5401342,2.8159366,2.7251313,3.3124356,4.293479,2.8310297,1.8049189,3.1686244,2.7898757,2.5695384,1.6982728,2.4961312,3.4776425,3.5986996,2.850866,2.9184687,1.7465125,1.9100277,3.3501465,3.344658,2.379738,2.760278,2.5256522,2.1372478,3.9974074,2.6833484,3.7651725,3.7305794,3.6499918,4.332397,3.1178372,3.8992987,3.2387576,3.96438,3.7841735,3.9919214,3.463219,3.8693066,2.358662,2.6552706,5.060364,2.3836892,2.290137,2.6323817,4.117616,2.7448711,3.3194387,3.2135508,2.732032,2.9213338,3.153472,3.3820643,2.1436982,0.91847765,3.0459158,4.0482492,3.2896874,1.15232,2.2692208,2.944361,1.6763545,3.7695997,4.2232413,4.403985,5.0332394,3.797577,5.240809,4.115178,3.661845,5.1870713,2.4775095,3.8451734,4.0765243,4.124303,3.7677042,2.187042,3.8511312,0.4733928,3.4690962,3.3041215,1.9206011,3.3487968,0.53757495,1.6087743,3.4247766,1.8813852,3.8642497,2.7656336,3.561114,4.866043,4.5269427,2.13576,2.8235433,3.9547863,3.481629,2.8656795,4.1597743,4.6298428,1.1642184,2.4459708,3.5645597,4.2771235,0.739346,2.1641216,3.4040034,3.8820434,2.456397,5.603268,1.785796,2.3120267,2.7905748,2.6716728,2.5125997,3.052107,2.0766108,2.4490674,3.744052,4.2272067,4.6251516,0.8761042,2.2141044
0.42264012,2.2096226,1.9833608,3.548909,2.9766173,2.7857037,0.604169,0.7977431,1.4329339,1.4475565,0.6718392,0.59312624,2.0639799,0.6159248,3.9099884,1.0659257,2.5557299,2.4142468,3.1326876,1.9639268,0.91578513,1.8876512,2.2068105,2.714134,4.7364955,0.7339822,4.5987105,2.076176,0.4617029,2.2702453,0.80409807,2.3349488,0.7540604,2.5375493,0.6564314,1.9042014,1.8611302,0.7720157,3.9198725,1.4413748,0.40705594,2.040493,0.65182734,0.332315,2.5347393,2.993047,2.1240208,0.91897297,1.0155982,1.5724394,0.64184177,2.432988,1.7142801,1.9132612,0.7955375,3.40943,0.9255634,1.2054585,3.4050765,3.099868,0.49086043,2.0544515,1.613549,1.8145908,2.6715932,3.0019255,2.5182815,1.7453846,1.6988796,0.8330675,4.850715,1.9469361,0.772163,1.3669419,2.6569395,0.71804506,0.5414493,1.389597,0.7052606,0.7394729,2.6068463,0.96301746,0.6686526,3.5875583,0.65843785,2.8050094,0.74025285,3.0033715,2.1394114,0.6815675,1.7621309,1.6806586,1.787295,0.7355842,0.70361614,2.4617505,1.6344332,2.4613748,2.185741,3.0287232,1.0995353,1.1126877,1.9729729,0.86480397,0.30401903,0.40516528,0.7308782,0.89193577,3.1645465,1.9729729,1.1832814,9.786024,3.0643055,0.98970187,1.0152307,0.32943326,0.7154468,1.0002815,1.146114,1.6849594,1.494001,1.0273471,2.4889927,0.6781133,0.587491,1.0115968,2.993873,3.1761377,1.645661,1.2908212,3.3808503,0.73224497,0.8477013,0.68833894,0.6262195,0.8287172,0.7450698,1.8126407,2.4367957,1.3974717,2.7986188,0.5219167,2.4623666,0.8745887,0.97992384,2.4954195,1.1773139,0.8855603,1.7467179,0.5707884,0.56393504,3.5713038,0.7122349,0.70494443,1.582884,1.0104765,0.9207713,2.8057425,3.9164119,2.453838,3.3960204,2.5857384,0.76556873,2.7682273,2.3446736,1.7153549,2.3830686,1.7236276,4.02451,2.5974934,0.7303671,1.8478181,0.57443607,0.54051864,1.3356079,3.0224445,0.62686765,1.2766156,2.146786,0.6257324,0.8709452,1.8186551,0.8313671,2.243747,2.2271526,0.74506104,0.7129169,2.4744556,0.84056,1.8252293,1.3418075,1.7692132,0.51951784,0.81078327,3.4872873,2.191419,0.86908543,2.494441,3.3520045,3.814836,2.0640223,1.0696956,2.4818292,1.6253879,2.0887022,3.648069,2.738498,1.8817202,2.1973362,2.136409,0.9156777,3.214821,0.7468404,0.7955596,0.95939493,2.1851308,1.6136559,1.755836,2.5019522,0.8823067,0.93190557,0.973521,1.2727197,2.9732373,1.5449303,2.7496994,2.570262,3.330564,1.4694349,0.92778903,0.87579596,2.2972796,1.4923458,2.6516721,3.0841253,4.6753025,2.5445423,3.2104666,2.754794,2.3439422,4.57374,0.7420224,3.763234,2.4491582,3.1662676,2.1463895,1.6179317,2.667267,2.0897777,1.2781208,1.1057413,0.6320576,2.078016,2.4838953,2.4501083,3.2032356,2.192233,3.1059422,0.64919007,2.0596292,2.8603487,3.8953335,0.78856045,2.3808687,1.9538199,1.4279292,0.5634711,2.6900802,3.3873124,1.8732762,0.68250805,2.7463286,2.8857331,2.76522,1.677408,2.7495666,2.4560318,1.1064755,3.773593,1.2438353,0.9151083,0.63387394,0.7793048,0.8423171,0.9009807,2.7408695,0.7942151,2.0239468,3.4565403,3.6021352,2.002368,0.80062103
0.8033345,2.1329918,1.7718545,3.3907459,2.8842769,2.6627002,0.5360324,0.58226496,1.3633602,1.2184852,0.58232236,0.56585073,2.3460333,0.6179035,3.822387,1.5531875,2.3885756,2.4687495,3.1002958,2.472319,0.7246851,1.8627052,2.206138,3.2058957,5.2383595,0.6586379,5.159567,2.449666,0.7121705,2.492954,0.50472575,2.4355536,1.0970321,2.734834,1.0605155,1.9009722,1.7333598,0.85397005,4.185681,1.4318719,0.55719453,2.4505396,0.5966974,0.5011105,2.9763865,2.9235833,1.9879763,0.7745623,1.146971,1.4728291,0.57081395,2.4455783,1.7157149,1.7558156,0.7104638,3.2595174,0.42834336,1.2516265,3.2857642,3.1866791,1.0312986,2.0149498,1.8349785,2.1428506,2.7420404,3.5370014,2.4969802,1.6713921,1.6419709,0.46862638,4.762559,1.9851525,0.5160602,1.5544494,2.8847349,1.1026347,0.9297067,1.2996821,0.93459916,0.9803437,2.488478,1.0018909,0.7117314,3.4393356,0.8256171,2.9015007,1.0303218,3.1190255,2.4132345,0.9692984,2.2574859,1.6547843,1.7619137,1.0549283,0.57874,2.738405,1.9973227,2.4195254,2.7127812,3.5971184,1.016621,1.3302777,1.9096407,1.2879997,0.39303076,0.5828218,0.5744164,1.1740235,3.240805,1.9096407,0.9005307,10.232764,2.887816,1.079629,1.3972281,0.74956936,1.0854565,1.1955439,1.0899299,1.8071766,1.7504226,1.4377058,2.4183986,0.88292587,0.9649322,1.2748507,3.3333433,3.7630424,1.6015173,1.1238768,3.33217,0.6160844,0.42138588,0.73766863,0.61316687,1.1708674,0.5404485,1.9916219,2.202341,1.4606911,2.9796288,0.84479785,3.0151277,0.46953827,1.1951845,2.8691006,1.3189958,0.4289196,1.9550011,0.41925237,0.77004474,3.4278965,0.6438625,0.9317361,1.5100554,1.2056707,1.1223005,2.749096,3.839054,2.2951975,3.4842887,2.9138768,0.9283593,3.1384969,2.6688347,1.6805664,2.5596743,2.1735904,3.882702,2.5582592,1.0070391,2.4118152,0.70913273,0.63429976,1.0885626,3.2343476,0.8634368,1.1427258,2.4667633,0.6456552,0.4188972,1.6218607,0.42972,2.2146482,2.1337214,1.1727625,0.9804095,2.3859577,0.94098777,1.9517295,1.1429185,2.256309,0.65666604,1.2241952,3.617162,2.5221891,0.48478177,2.7971804,3.3933656,3.7632327,2.2459671,0.8797116,2.791593,1.5649176,2.2765462,3.6084054,3.0238254,2.1226437,2.5384173,2.0520835,1.1225017,3.3624918,0.68474764,0.711644,1.0893347,2.521237,1.794629,1.8156272,2.6609821,0.5136591,1.3170828,0.94099915,1.1117197,3.3314695,1.6637113,2.8939588,2.733016,3.2069685,1.3819747,0.842959,0.69281405,2.4605875,1.7450923,2.4132392,3.325043,5.2409015,2.7335405,3.3689358,3.3005662,2.115718,4.449641,0.6176322,3.7795558,2.6578724,3.6348338,2.470643,1.4663928,2.8961947,2.1116498,1.6321849,1.5206405,0.5090165,2.0338554,2.566956,2.6005077,3.1946423,2.1286173,3.2117903,0.6449632,2.1247156,3.1997013,3.7355707,0.73537064,2.254553,1.9439027,1.2583218,0.9497097,3.1185856,3.9470646,1.9678216,0.5967101,2.6803474,2.6142642,2.8571959,1.7164334,3.0334208,2.832619,1.1841744,3.9871194,1.4522886,1.0022174,0.9181855,0.54575247,0.87387794,1.2693901,2.9195478,0.4812567,2.3283825,3.147829,4.186889,1.9537452,0.82220906
1.6041845,2.5823178,2.6451137,4.64935,3.0037563,2.750928,1.7613075,1.9959987,1.866628,2.410237,1.7746466,1.8677962,2.172858,1.8354651,4.2043934,2.0334008,3.3700979,1.9885643,2.850572,1.9105216,1.8573287,1.8592963,3.2906408,2.2787907,3.4985452,2.5140038,4.4222302,1.7018689,1.8570652,0.64431083,2.034757,1.7611966,1.4301637,2.8094366,1.5344492,2.2120411,1.9499328,1.7443562,2.6524296,2.8957233,2.184756,3.2916908,1.7570316,1.8909482,2.1701865,2.6109915,2.2249181,1.7411066,2.7233589,1.8829195,1.8042312,3.6054087,3.1186507,3.1906426,2.723418,3.7953017,2.2156858,1.3356184,3.1280909,2.4064806,2.1057007,3.5644062,2.4980996,3.1024861,2.1747594,2.38813,3.008987,2.7692657,1.6246207,2.092555,5.4054494,3.2283132,2.014956,1.9618375,0.7419276,1.4387227,2.244174,1.7345604,1.5781544,1.5428851,2.5351076,1.7922835,1.7993098,3.9673846,2.506247,3.9744005,1.4652685,3.3512685,2.1223333,2.0244167,1.8177683,2.8447044,2.8938313,1.4449837,1.7730997,0.53386295,1.0353113,3.010286,2.9400141,2.9940543,1.9080399,2.222654,2.1810207,1.3071655,2.0637403,2.05871,1.9756085,1.916661,4.136297,2.1810207,2.1675518,9.904544,3.0132115,2.5666718,1.6967425,2.0763485,2.4243782,2.8544447,2.2065763,3.2314363,2.9732833,2.599209,3.6976697,1.6256154,1.5393842,2.743537,1.4036729,2.6419103,1.5230509,2.2491748,2.9626284,1.9223719,2.1539416,2.3989959,1.8088429,1.4089037,1.8886336,1.9624475,2.1675756,1.401007,1.687057,1.5763249,2.3800623,2.0745606,2.7905192,1.2516056,1.368379,2.1592758,2.2437336,2.183704,1.6559947,4.6228776,2.486356,2.1479218,2.7107615,1.4454838,2.060791,2.1071043,3.4306495,2.416866,2.361358,1.8988999,1.8414425,2.4523795,2.329888,1.509703,4.040795,1.8905156,4.517517,2.1589653,1.4957983,2.1297529,1.8813214,1.7657737,2.1297936,1.4573148,1.6209974,2.117289,1.41036,1.8140063,2.1777616,2.4047794,2.1355646,3.4055161,2.722749,2.1135685,1.5085255,3.4782472,2.757434,3.011564,2.4632623,2.9679363,1.9361053,2.4209647,5.00421,0.66545796,2.1201692,2.3209994,2.6515985,3.3096418,2.0082972,2.240642,2.466121,1.8741193,2.4782903,3.669374,1.2630053,3.0804303,3.0613513,1.9741075,2.7216396,1.720052,2.5058968,2.6588604,2.7169876,1.870579,1.1374834,2.95759,2.3962796,2.1015105,2.2910705,2.0548105,2.0495887,3.1477845,2.990337,2.233262,1.7329271,3.1018143,2.523423,1.667227,1.9601873,3.942569,2.2087252,3.9345868,1.4088998,4.4362392,0.76251084,2.0624948,3.0129697,2.1830175,5.149388,1.9237604,3.1024628,3.4887578,1.904896,3.3041382,1.8895115,1.0449798,3.4762115,1.7615895,1.9623041,2.4418771,3.3488963,3.7166328,4.0558014,2.885991,2.2924674,3.119326,1.7698753,3.180187,2.0497522,4.874985,2.7104647,2.2252557,2.5108535,2.3915324,1.7542888,1.2355149,2.9303107,3.507237,1.7162459,2.715824,4.197448,3.9445217,2.3820179,1.9634758,2.2417045,2.6710014,2.206588,3.025468,2.7730236,2.0822527,1.9795208,2.6416228,1.2850579,4.3661313,2.0738237,2.6847022,4.6604505,3.1242769,2.8295445,2.7134397
0.78005344,2.0720897,2.6657634,4.401997,3.4811406,3.1906574,1.0490476,1.3317008,1.437266,2.017758,1.1826463,1.1141387,2.4191794,1.1419896,4.541914,1.4052751,3.3312669,2.6808438,3.4272227,1.8806887,1.1605533,1.5884261,3.012509,2.7368016,4.083523,1.6254592,4.4687943,1.9817568,1.0718501,1.9959818,1.1797633,1.8823912,0.91157264,3.084773,0.91976035,2.3709798,1.7834065,0.64451176,3.5407608,2.293517,1.24977,2.468378,1.1222447,1.0172333,2.6761928,2.8192062,2.0663238,1.091779,1.8569491,1.5923214,1.169898,3.2495787,2.5573792,2.5515182,1.6219496,4.0750875,1.4367826,0.924919,3.729351,3.33418,1.0845203,2.9088774,1.9857044,2.3699963,2.7399273,2.8551404,2.9119456,1.9642168,1.4232794,1.2295319,5.592903,2.7696018,1.0658656,1.7191792,2.2694438,0.8498568,1.3073294,1.2399206,1.0879645,1.086628,2.509696,0.7787151,1.2122468,4.2588816,1.4477907,3.0007625,0.97972053,3.6146228,2.4730413,1.3635311,1.7184148,1.9472162,2.0179296,0.93749774,1.185803,2.0521693,0.9319554,3.1527884,2.3955965,2.9578414,1.1890122,1.1720165,1.9109067,0.8045832,1.0755118,1.189989,0.9420567,1.47523,3.2914383,1.9109067,1.3885713,9.755743,3.5670242,1.4704767,1.37162,1.0931274,1.4492254,1.6667624,1.3617532,2.3789814,2.1950505,1.6074449,3.331232,1.1086636,0.89946014,1.7525358,2.7312498,2.8671114,1.5011488,1.82427,3.6388366,0.9010124,1.2733653,1.5653517,1.1630332,0.99624914,1.2663316,1.9616247,2.6774056,1.0517071,2.806548,0.8056532,2.3993108,1.3444926,1.7448001,2.3655796,0.8756287,1.3814856,2.16374,1.1658278,1.0044092,4.4158044,1.5886265,1.4549459,1.8330346,0.6331099,1.5881188,3.0018055,4.0506315,2.7532005,3.4084241,2.7136056,1.2695616,3.0224886,2.7158728,2.0019743,2.8625762,1.7665652,4.7431884,2.920432,1.0199225,1.8584884,1.1773422,1.0137801,1.8231674,2.9072783,1.0677485,1.3049916,2.1914608,1.1511123,1.3315085,1.9205122,1.2316989,3.0687926,2.8917959,1.331141,1.0105352,3.0607424,1.5493774,2.5892074,2.0053625,1.9606749,1.1743002,1.4763415,3.7876234,1.7974272,1.3066919,2.8402815,3.542911,4.0075,2.2009861,1.7128022,2.8724372,2.115566,2.6113348,4.14245,2.6168008,2.5623782,2.718214,1.9371564,1.6652676,2.869682,1.6387129,1.674117,1.7886195,2.382153,1.0237623,2.546867,2.891611,1.3290495,1.5501775,1.5464674,1.6683468,2.610971,1.9012116,2.9101,2.7581575,3.6297247,1.7292048,1.1067408,1.3554347,2.6921105,1.8208317,3.4412336,2.9089708,4.5300174,2.229541,2.8587625,2.844738,2.6805086,5.32975,0.90678126,3.9442084,3.0975053,2.8662255,2.6942568,1.5972966,2.477999,2.408381,1.5688924,1.4298183,1.4032371,2.9203367,2.6941798,2.8378403,3.5273132,2.1075542,3.6117754,1.1446975,2.835631,2.8485472,4.731523,1.6266536,2.6523309,2.526083,2.0275571,0.96269745,2.4011748,3.2677636,2.283792,1.0315632,3.239063,3.7073553,2.9631474,2.2326257,2.8122356,2.7246666,1.9573214,3.2985516,1.8167417,1.7550403,1.3543878,1.1078156,1.7151968,0.90983367,3.1500087,1.1164005,2.5609667,4.320628,3.374414,2.11132,1.6449199
1.7198193,3.6757426,1.118072,2.6814036,2.5218573,2.7341845,1.7145853,1.4725052,2.725025,0.9778503,1.5584095,1.5456867,1.0312911,1.4776593,3.2804945,1.6232827,1.6110731,2.353235,3.2135165,2.0702872,1.7944843,3.1813946,1.5867409,2.4715695,5.5681787,1.7120627,5.215042,1.7382905,1.4834893,2.1763573,1.8655854,3.5474184,1.5432303,1.7402048,1.5429438,0.2832098,2.9700181,2.2135227,3.3715057,1.7519192,1.6086602,2.5027552,1.5699481,1.6539377,2.2214973,4.0033364,3.2583597,1.8488098,1.8398108,2.7494535,1.5265632,2.0273721,1.4877987,1.3413072,2.101313,2.659492,1.8546876,2.3280478,3.327377,2.7437284,1.9133984,2.2385526,1.2831703,1.9596697,1.5251943,2.9608383,3.2686436,3.2816894,2.8347516,1.9131577,3.931128,1.6437076,2.0355184,0.91058934,2.844239,1.6059843,1.7137725,2.6573448,1.3729753,1.3689705,3.7074163,2.53478,1.3542416,2.789035,1.7583559,4.419333,1.4730119,2.2355814,1.061706,1.2985958,1.8967148,3.2667317,3.3745449,1.5143335,1.6064243,2.592894,2.5227551,1.2792976,2.6668696,3.2302325,2.5404031,2.8830154,3.2434654,1.7179762,1.7361425,1.5337139,2.117258,1.1192594,4.761407,3.2434654,2.535285,10.651082,2.218234,2.6645274,1.2435107,1.6864628,1.8706964,2.4519517,2.7103682,2.6884036,1.8012588,2.000117,2.1133862,1.3644907,1.5586203,2.1193438,3.1331315,3.582419,2.6644042,1.0046061,3.3934147,2.1090915,1.968559,1.5385145,1.467739,1.4724547,1.547172,1.1511824,2.3179007,2.645213,2.77916,1.6652075,2.6118736,1.7877793,2.1172903,2.167892,2.0178406,1.8221484,0.7403868,2.1645367,1.498029,2.7144537,1.5971206,1.3027701,3.1562412,2.1263173,1.0555433,2.4998882,4.2331166,2.7504926,3.4588094,2.4614506,1.2245078,2.2440283,1.6727724,1.4272207,3.705845,1.6841007,3.1460888,2.111466,1.4325031,2.28436,1.381748,1.5704788,1.1339555,2.6852632,1.4092045,2.7809732,2.3653243,1.4485556,1.9083941,3.0948138,2.0054262,1.6109617,1.188574,1.5349749,1.4436493,3.2332208,2.3658,1.4032676,0.9185638,3.0963383,1.4257374,1.8910218,5.0026364,2.2857044,1.8222525,1.9847871,3.2200246,3.9414515,1.1559131,1.0879141,1.8244103,1.093316,0.832062,3.3212423,2.5784817,1.6571077,1.8224841,3.24658,1.8691275,2.7994678,1.6776403,1.866857,1.716155,1.3793595,2.789059,1.2488482,2.3459172,1.7599539,1.5206801,1.0545813,1.2015735,4.592607,3.1941378,2.997519,1.8019067,3.4245539,2.9799302,2.137123,1.4230413,3.7980196,1.1530991,1.7037721,2.7765472,5.247199,2.7166684,2.7812777,2.9589584,1.7925963,3.5320263,2.1251788,3.7348254,1.7902414,3.4629047,2.0588138,2.7504742,2.6649559,3.7065701,1.1558667,1.4089578,2.1241224,1.5734295,4.12939,3.9464922,3.111132,3.4267213,2.4880557,1.4755679,1.3635108,1.9835826,3.0565727,2.0636528,2.617142,0.11484378,0.81994206,1.5424092,2.710644,3.5041862,3.472565,1.860918,2.166698,1.9845148,4.3844337,2.2207592,2.8861723,2.0035694,1.6993945,3.475443,2.7290223,1.9730891,1.3603115,1.8782574,1.696324,1.6033914,4.122552,2.0827308,1.4106919,2.707536,3.987946,3.5392606,2.0141141
2.4640884,4.117553,3.3537996,3.7169423,4.181606,4.2813973,2.8229506,2.8457813,3.5295026,3.0377913,2.8149626,2.6828384,2.4448154,2.666255,4.5878024,1.6319638,3.392638,3.8007588,4.492581,2.0367565,3.0869823,3.9584253,2.517958,2.4079974,4.986225,2.268778,3.450488,2.6971984,2.3729935,3.7355807,2.9998047,4.1981907,2.501662,2.7274506,2.3464165,3.0753152,3.991469,2.931301,4.705218,2.2322266,2.2436368,0.45229456,2.7971008,2.487496,2.4608188,4.911462,4.188252,3.119942,1.8540428,3.6712947,2.763932,2.4955359,2.13356,2.7899446,2.2502964,4.304179,3.0985768,3.3594031,4.8921194,4.2381988,1.8060157,2.3200388,2.148233,1.0364523,3.8222382,2.6028588,3.748787,3.4047992,3.8635037,3.0396307,5.003372,2.1657956,3.0102525,2.480463,4.1580462,2.4478562,1.8448822,3.5927188,2.5455215,2.550535,4.5880437,3.1234868,2.630104,4.421969,1.9645981,3.4289963,2.54856,3.178814,2.577774,2.089251,2.0206647,3.1873646,3.2823684,2.5246468,2.8728566,3.852698,3.1051114,3.1817894,0.76737887,1.927634,3.2571769,2.7278974,3.9371302,2.4566085,2.4427578,2.3060186,2.9650984,2.1461964,3.9119418,3.9371302,3.399409,8.553444,4.4419465,2.5009005,2.1346936,2.0747693,1.6684943,1.8501208,3.1205513,2.053913,1.3100652,1.2975981,2.7817254,2.5466704,2.4078994,1.6144384,3.9707513,2.6206772,3.7719424,2.9201195,4.793522,2.9650328,3.061278,2.1587555,2.6931958,2.4872015,2.879543,2.8426054,4.412048,3.5005069,4.0550547,2.5181913,1.8718239,3.0695412,1.6814294,3.246212,3.1139286,3.0651703,2.3839724,2.709874,2.5588913,3.7339926,2.2519279,2.0788743,3.2641287,2.9718099,2.1757538,4.439475,5.468988,4.2352257,4.780124,3.2031574,2.451456,2.740417,2.478236,3.4736226,2.0590413,2.057,4.609695,4.06683,2.5398877,1.5384318,2.461963,2.6327507,3.1705256,4.235035,2.5141382,3.4129252,3.148641,2.6577086,3.0636148,3.8685472,3.0562491,2.5344281,3.2863412,1.7674747,2.5502996,3.4691093,2.0809836,1.9389833,2.824056,1.2374365,2.4233963,1.5362571,3.2483256,3.4301229,3.0401998,2.779822,4.634151,5.2496185,2.9879274,2.7694857,2.5758157,3.21121,2.4865873,4.552531,3.8069162,1.4812679,1.3946017,4.2258353,1.693512,4.615246,2.2564635,2.2215772,1.8131603,2.6340692,3.544707,2.1364384,3.326493,3.036967,1.6162564,2.6289556,3.072529,3.597924,2.5857472,3.9142997,3.6470554,4.868734,3.2661097,3.1568348,2.8879383,2.269923,2.221868,3.238172,4.248738,3.5327184,4.1297245,4.463568,1.4780257,4.1875067,4.8566294,2.9805517,5.047988,1.7658982,3.562762,1.0699315,3.7934957,4.0160193,3.0576782,2.1801565,1.8841195,2.4816735,2.4360383,3.250669,2.4319327,4.4432845,4.125886,3.6153007,2.72104,2.2015252,3.248191,4.108928,2.2018883,4.159053,2.9048457,2.9071891,2.2622373,3.3728538,2.6060548,2.4774013,2.9345112,3.9639492,3.449201,3.4139395,2.9434621,3.594153,2.530172,2.027797,4.971691,1.8397276,1.9142396,2.0640142,2.9765413,2.038199,2.5373642,2.3103206,3.03837,1.8328236,4.081893,2.7990544,3.6397824,2.0755374
2.6531732,4.2646284,3.6794407,4.3087664,4.2789507,4.371256,3.0870156,3.1800463,3.6761637,3.4212372,3.0826502,2.9824743,2.369432,2.9533439,4.771728,1.7864655,3.8025432,3.7189028,4.4654183,1.6344993,3.359017,4.007682,3.0013945,1.7172514,4.1267214,2.8017912,2.6149173,2.425448,2.661126,3.430194,3.337519,4.0803304,2.6007404,2.7374206,2.4741163,3.2406929,4.098584,3.1420147,4.2284784,2.7882984,2.6668055,1.2708769,3.0595043,2.7994947,1.9367636,4.889105,4.300369,3.3554041,2.4526956,3.8063064,3.0427547,3.0377467,2.7486277,3.3676941,2.8548212,4.5544066,3.4896295,3.4294608,4.915946,4.0443687,2.1394553,3.013999,2.4345837,1.6877288,3.7462764,1.7333933,3.9185023,3.7175224,3.923744,3.3935568,5.3079677,2.7356439,3.335219,2.644201,3.7677467,2.5430145,2.269546,3.7312036,2.7198958,2.7078695,4.656984,3.3124428,2.8993537,4.6729736,2.5146906,3.7981353,2.6738427,3.267624,2.464649,2.409628,1.7274945,3.5336185,3.6139343,2.6377554,3.1388123,3.4520626,2.9012034,3.4456646,0.5282808,0.94003075,3.4718246,2.9520316,4.0410132,2.4711864,2.8191779,2.678547,3.2720687,2.382517,4.2026396,4.0410132,3.7011437,8.125126,4.5711865,2.924095,2.2273023,2.4422772,2.161033,2.4774396,3.3952608,2.6506526,1.9894164,1.8489698,3.350471,2.742561,2.5568054,2.2236524,3.4132402,1.6281661,3.8188646,3.2712753,4.7407765,3.2538965,3.432969,2.6534927,2.9722414,2.5661523,3.1826656,2.8848183,4.5095315,3.5369291,3.7404416,2.6973705,1.1180316,3.4202464,2.3262472,2.7467809,3.177729,3.4419978,2.517042,3.091015,2.7762508,4.2945566,2.7834816,2.4555957,3.5998995,3.060479,2.4791489,4.3638988,5.405845,4.336712,4.50976,2.8094509,2.709176,2.327036,2.2710133,3.516914,2.7904985,1.8722547,4.9090734,4.0368214,2.677994,1.0966238,2.7591603,2.8958519,3.4835188,3.8174322,2.7097733,3.6567585,2.8294666,2.9364126,3.444301,4.0976915,3.421005,3.0723965,3.5369706,2.0910473,2.6966472,3.8541307,2.6787488,2.4430673,3.2468696,1.5310297,2.7444093,2.0091722,3.8451371,3.0509267,3.4039743,2.5342686,4.4610286,5.167612,2.9652503,3.156942,2.3704975,3.3551376,2.5810125,4.6082625,3.3552005,2.0198493,1.6628987,4.2710924,2.334408,4.27872,2.7855172,2.810796,2.439037,2.3702743,3.4592593,2.6416445,3.2349846,3.3952668,1.9990389,2.953238,3.360648,3.4054632,3.019124,3.7280183,3.411907,4.904895,3.5731845,3.351468,3.2021158,2.9384947,2.4112957,3.9086053,3.7843199,2.6619768,3.7957165,4.1754904,0.5988765,4.3117137,5.1943083,3.2687783,4.8846116,2.245547,2.8104236,1.6559646,3.9391916,3.6283772,3.5232477,2.22437,2.0313249,2.9627862,3.0211904,3.6437726,3.0748882,4.392455,4.2073245,3.5823107,2.9856207,2.7002041,2.8054862,4.639526,2.8058016,4.2235136,3.1561131,3.2829993,2.480156,2.7453792,1.6135668,3.0701036,3.1759574,4.036753,4.1508274,3.7882335,3.1514335,3.224664,2.1742487,2.5680025,4.5195565,2.4763606,2.554901,2.4167922,3.2958126,2.630284,2.5622454,3.0136256,3.3798263,1.9682,4.7454796,1.7620652,3.8939872,2.6898944
1.5744519,0.9945704,2.5407119,4.062004,2.962683,2.499648,1.4100888,1.7240388,0.7536096,2.4179864,1.5112399,1.6443871,3.2208908,1.6852508,3.9364736,2.372966,3.0731637,2.4271648,2.7461152,3.1627681,1.641753,1.194417,2.9405107,3.6954176,4.8828077,1.5916941,5.02066,3.2792094,1.7363862,2.89292,1.5000219,1.7208087,1.9098976,3.2765107,1.8825777,2.9328701,1.1192592,1.3932248,4.8726416,2.059597,1.6354651,3.1493852,1.5530763,1.4958882,3.4196405,2.0070941,1.1646891,1.5771315,1.8708814,0.8774441,1.5659592,3.0600524,2.5933936,3.023864,1.4549584,3.5306973,1.4343357,1.4305879,2.99466,3.16728,1.7080021,2.539347,2.9806743,3.020082,3.7031128,3.9566953,1.8425225,0.46924165,1.326765,1.4447137,5.10317,2.7418103,1.3497244,2.6426368,2.945936,1.8872492,1.7747122,1.0409429,1.8515786,1.8829974,1.5481329,0.9902413,1.7581859,3.718725,1.8467283,1.9792347,1.8794242,3.5376356,3.2566202,1.9645827,2.986026,0.58814573,0.6391732,1.8808528,1.4735508,2.9728453,2.3454192,3.145923,3.2318182,4.048338,0.64858186,0.70311135,0.9501023,1.9811112,1.4684988,1.662608,1.3097994,2.1298683,2.1723433,0.9501023,0.73122966,9.662904,3.2164679,0.8171849,2.2730913,1.6858675,1.8256787,1.5799758,0.28887293,1.8823178,2.5976305,2.177434,2.9893785,1.8230506,1.782964,1.8433489,3.2687597,4.009321,1.2761643,2.3266761,2.9761398,1.3311404,1.3683035,1.7399309,1.6481493,1.9901135,1.5666431,3.0490665,2.3390625,1.2613049,2.8756871,1.6702441,3.5461497,1.4618604,1.8254464,3.3030412,1.9688984,1.4570103,3.0149276,0.9089048,1.7017696,4.057504,1.7234637,1.9514866,0.3563955,1.7911534,2.1268413,2.7848823,3.1911247,1.9834352,3.148938,3.0237954,2.006542,3.554735,3.2449763,2.196555,2.459054,3.0011587,4.2092776,2.7439504,1.8745811,2.9523158,1.7894768,1.6329708,2.1853328,3.387587,1.7799608,0.55711657,2.4793932,1.70096,1.4216615,0.69996303,1.3363314,2.9942713,2.8214989,2.069565,1.8536984,1.914223,1.4031522,2.809049,2.3516433,2.3412101,1.750352,1.9347202,3.1252515,2.9556887,1.5319804,3.1856763,3.1602058,3.2585819,3.2767649,2.0847075,3.3100336,2.235469,3.1769524,3.4930806,3.1523976,2.9771695,3.3666387,1.3641101,2.0416539,3.8902745,1.6208826,1.5947176,2.0130165,3.2647538,1.65588,2.7174053,2.7122507,1.5805517,2.2108088,2.1156492,2.2450778,2.4431653,1.078721,2.5619678,3.1534157,2.8062181,0.24455658,1.0412846,1.8174943,2.2266726,2.845233,3.527312,3.4912367,5.1255755,2.7791374,4.0619373,3.7643166,2.5778835,4.890129,1.3078684,3.4000626,3.583538,3.5814927,3.3293076,1.0011683,2.9409173,1.306148,2.5531514,2.4539855,1.0963893,2.8505845,1.6645793,2.2806008,2.9535983,1.1374197,3.4297147,1.6573528,3.0070658,3.942887,4.2722783,1.4918559,2.0162616,3.0157185,2.4551234,1.8862581,3.356437,4.23382,1.594506,1.2649728,2.8874757,3.650948,1.93468,1.6466602,2.8819308,3.2861497,1.8909866,4.4734745,1.6296064,1.7622546,1.9230013,1.5096678,1.8277985,2.0086324,2.7259972,1.2800297,3.137445,3.8228936,4.328869,0.6900766,1.5985628
2.555595,1.8474544,3.5032654,4.4318824,3.6240332,3.2414343,2.58782,2.8856761,2.0558581,3.5332503,2.6720436,2.7527046,3.9147148,2.7828286,4.281631,2.9397264,3.757379,3.1761606,3.2959428,3.6862075,2.8980849,2.3584275,3.3848472,4.0181074,4.8656855,2.3548617,4.4231114,4.078729,2.6968658,3.9228337,2.7336736,2.5896993,2.8818657,3.6919024,2.7916853,3.9428945,2.3901951,2.5506942,5.8387485,2.518366,2.5067582,3.1906564,2.7099895,2.5135295,3.7654455,2.788763,2.3060803,2.8482594,2.3195734,2.164168,2.706685,3.3220441,3.0844188,3.913445,2.1090882,4.0851135,2.6922524,2.6883776,3.671665,3.804127,2.2901359,2.7292125,3.7511535,3.2908976,4.821026,4.2241974,1.9977124,1.1158483,2.6212668,2.6937082,5.3217535,3.1264973,2.5927382,3.5669458,3.8881936,2.8312316,2.4068115,2.392414,2.8674493,2.8953693,2.4557006,2.2094767,2.8295412,4.2489843,2.5333135,0.5918365,2.8831577,3.853499,3.9673028,2.7648194,3.564181,0.90558726,0.86643046,2.8692682,2.6611264,3.9143488,3.2513764,3.8371034,3.217834,4.090503,2.0049016,1.3087255,1.9893173,2.88556,2.4555047,2.5813015,2.5272026,2.934634,0.91907996,1.9893173,2.1571438,8.45636,4.1250453,1.3255334,3.0576556,2.475022,2.3093576,1.8155427,1.5987808,1.7260375,2.9122283,2.5185683,3.297844,2.844965,2.7280986,2.121965,3.8435397,4.086206,2.5452795,3.4344912,3.5732088,2.546799,2.626028,2.5024772,2.755924,2.9462314,2.7533112,4.02913,3.5710385,2.4799714,3.5603302,2.6794722,3.7960553,2.7230728,2.15453,4.0160766,3.12557,2.7090623,3.8218706,2.0019836,2.741731,4.4039993,2.5283644,2.7354536,1.1379869,2.9010525,2.9378324,3.7647223,3.702404,2.9099133,3.789909,3.4413233,2.9901488,3.8895628,3.7013202,3.3286564,1.706693,3.6424093,4.629826,3.658687,2.878114,3.2420764,2.7901392,2.7182617,3.3856306,4.2194695,2.7882044,1.9525405,3.0216334,2.7926607,2.6741567,1.953752,2.5954957,3.4469888,3.6350622,2.7133737,2.8655772,1.8731974,1.8505597,3.2468016,3.385976,1.9941654,2.734296,2.3603528,1.9190377,3.8738132,2.7730894,3.5910833,3.7645812,3.7754812,4.2500143,3.1554618,3.7163956,3.2760525,3.8559442,3.8437266,3.8719559,3.2969909,3.6483433,2.5268323,2.5519905,5.0210757,2.3796916,2.2886167,2.553793,3.9546447,2.7284148,3.2516563,3.1355438,2.8185375,2.7720413,3.153039,3.427462,1.7974364,0.7870562,3.0047488,3.9867795,3.4584072,1.3347408,2.344454,2.9885955,1.4276222,3.6579797,4.2843513,4.3126006,4.5673676,3.757514,5.185237,3.749141,3.80423,5.241943,2.5314262,3.9055853,3.9107792,3.8502102,3.5448492,2.3557842,3.7768745,0.51886,3.3371546,3.1515107,1.9522737,3.323735,0.34338906,1.3590866,3.486978,2.0689027,3.7989762,2.7764137,3.483602,4.6930676,4.5874896,2.1281104,2.972974,3.9375246,3.5186954,2.781838,3.9489434,4.2556233,1.0148473,2.4931233,3.6282535,4.3609986,0.5567046,2.168434,3.2582543,3.6664941,2.3977993,5.522691,1.6202453,2.248399,2.7116048,2.7343373,2.4737122,2.9594803,1.8071222,2.5367434,3.5633945,4.37102,4.2159777,1.1296285,2.1803696
2.3413167,0.55780417,3.0593364,4.54821,3.0359826,2.4387715,2.168705,2.4992666,1.0890574,3.1613245,2.2534974,2.4350991,3.858869,2.4665966,4.007568,3.1374106,3.5502143,2.5041332,2.530029,3.824296,2.3826017,1.2438966,3.5313203,4.195793,4.8816667,2.403887,5.2320757,3.9373019,2.5383778,3.267813,2.2836375,1.5564513,2.6378446,3.7290826,2.629243,3.581141,1.1487263,2.1460464,5.3670516,2.7165143,2.4751046,3.908925,2.3064208,2.3070567,3.8785377,1.3952281,0.9172376,2.293162,2.6416378,1.0887542,2.3248608,3.6151357,3.303067,3.8459508,2.2985046,3.7068856,2.198816,1.9684352,2.7651033,3.1764061,2.511273,3.1375246,3.7994113,3.8096397,4.304421,4.436878,1.6398033,0.66563416,1.5800979,2.2272081,5.3119183,3.3914368,2.1377466,3.397096,3.1133525,2.6197145,2.5922875,1.4756259,2.5911994,2.6161835,0.98434967,1.6775026,2.5231762,3.8899739,2.7082627,1.9435463,2.6081126,3.8920505,3.8681593,2.7528358,3.6663036,0.918233,0.8428392,2.6090589,2.2084541,3.2720492,2.8893666,3.6424534,3.8954792,4.611957,1.2877709,1.3556356,0.700676,2.6839528,2.310528,2.4880223,2.1042173,2.8786905,1.9021243,0.700676,1.3963895,9.532712,3.3921647,1.5886624,2.999618,2.5188417,2.6339154,2.3743849,1.0789039,2.4416444,3.3772173,2.9830916,3.509722,2.5691772,2.5308876,2.6164203,3.3560908,4.452417,1.4941996,3.0841923,2.7167654,2.1168852,2.1530755,2.552028,2.4169495,2.707826,2.3195946,3.7740402,2.4709573,1.6635715,2.888533,2.432946,4.141108,2.2184525,2.6232233,3.7085497,2.6311636,2.2257893,3.7457163,1.7639406,2.4646187,4.517982,2.5539525,2.7469537,0.8205131,2.481473,2.8835952,2.814345,2.6643038,1.8789494,2.9232583,3.248031,2.7859144,3.958581,3.7432387,2.6229327,2.9767518,3.7091758,4.4063406,2.8920383,2.6053429,3.5948124,2.5835803,2.4161966,2.886383,3.5330937,2.528724,1.1725186,2.700263,2.4768353,2.2026486,0.70995647,2.1237192,3.6074245,3.2953043,2.8679352,2.5876858,1.9448804,2.236928,3.5030212,3.1109061,2.947302,2.5558293,2.7295518,3.3655677,3.4003665,2.3106873,3.5704026,2.9990625,2.853283,3.9721727,2.853716,3.770506,2.739493,3.812003,3.4222732,3.3381696,3.7068794,4.0758514,1.2245512,2.8898935,4.2668834,2.428296,2.4216516,2.8338606,3.8384047,2.0061884,3.4135888,2.8858726,2.353829,3.0031886,2.8912125,2.9802861,2.3243437,1.5972637,2.4587543,3.4672108,2.5112042,0.8156002,1.6804222,2.5818112,2.7241821,3.6348054,4.254465,3.6525643,5.3429523,2.931866,4.5575113,4.345575,2.8821971,5.1524253,2.0911186,3.1028464,4.31011,3.7431016,4.0919085,1.2402236,3.0727172,1.559287,3.2761166,3.227688,1.9432899,3.497393,1.7286125,2.7142937,2.8103101,0.70009434,3.635315,2.419277,3.6815312,4.4869757,4.659626,2.331411,1.9661832,3.6918585,3.201212,2.6783755,3.6789377,4.659497,2.111809,1.9962181,3.0522344,4.3380575,1.9084784,1.9577855,2.9307642,3.731362,2.6173518,4.8408585,2.3679037,2.5770228,2.7234087,2.293264,2.6507638,2.7053118,3.183298,2.070795,3.7980318,4.2969112,4.699455,0.42388597,2.4334018
0.4883158,2.2098315,2.2162106,3.7539375,3.1161075,2.9145494,0.81352466,1.0479071,1.4826105,1.6919713,0.8962995,0.8192628,2.092188,0.83564883,4.053911,0.99229944,2.7718315,2.4762623,3.2075243,1.8142474,1.1044803,1.8798912,2.3707187,2.5778463,4.472806,0.9817994,4.3612103,2.00745,0.6447854,2.2336369,1.0280119,2.2594235,0.7714753,2.5961316,0.6644504,2.0655394,1.9187561,0.81838477,3.8519526,1.6161702,0.66534644,1.9664892,0.86626124,0.5833077,2.4363246,3.0008578,2.175464,1.0846856,1.1557425,1.634741,0.87121,2.5795476,1.8912433,2.1283498,1.0000688,3.588368,1.1908311,1.2274697,3.516758,3.1443949,0.42510703,2.2132084,1.674818,1.8163686,2.7501352,2.8194256,2.577067,1.7809165,1.7244439,1.0652616,5.009111,2.099229,0.9668578,1.457723,2.5855515,0.70875025,0.6327527,1.441844,0.8202419,0.84040564,2.6397,0.9759754,0.87712175,3.7660697,0.82888365,2.7462075,0.79991865,3.088827,2.1674418,0.8173019,1.6278336,1.7017739,1.8010342,0.77434343,0.9257879,2.3766754,1.4816445,2.6347487,2.0263734,2.8264804,1.1721479,1.0255946,1.9932829,0.7901552,0.5931747,0.65408236,0.8906454,0.9943978,3.103972,1.9932829,1.3264563,9.581843,3.2452328,1.0252849,1.0258367,0.48087376,0.76275426,1.0421711,1.2042701,1.7383399,1.5521805,0.99846625,2.6643412,0.81391495,0.6272788,1.0634803,2.8779159,2.932744,1.6848098,1.5196848,3.4578948,0.8789658,1.087263,0.91970456,0.84926975,0.8439679,0.9899383,1.8692882,2.6009843,1.3816733,2.7794693,0.5925083,2.2777865,1.1273106,1.0587145,2.407068,1.1890883,1.1462718,1.8244826,0.7703859,0.71332866,3.769481,0.96924424,0.87088567,1.6243509,0.99173224,1.0665007,2.9041867,3.9736876,2.577769,3.3996203,2.5247114,0.9224636,2.7143912,2.336032,1.8484261,2.3494136,1.6304853,4.203989,2.7112184,0.8059138,1.6606029,0.7782548,0.73426145,1.574702,2.9920964,0.75679916,1.3430429,2.0774117,0.8404733,1.1219906,1.9028023,1.0620356,2.4193282,2.417252,0.7689446,0.7955265,2.577022,0.9409017,1.9492818,1.5919003,1.5773618,0.73917127,0.811985,3.4267037,2.0945606,1.1144633,2.4819572,3.3968327,3.8771076,2.1147258,1.3236263,2.4768546,1.7975465,2.1741338,3.7530918,2.6748617,1.9438086,2.1944425,2.1610882,1.0244092,3.1983874,0.99227256,1.0262582,1.1139334,2.1658657,1.5279864,1.9131687,2.5363994,1.1298602,0.96346813,1.1861373,1.4814456,2.7548332,1.5201681,2.7454567,2.608021,3.4352095,1.526769,1.0479816,1.1100272,2.2502906,1.5429819,2.8958075,3.0355287,4.4365797,2.497245,3.192069,2.579534,2.5324392,4.7524834,0.8880781,3.8067813,2.5167606,2.9805667,2.1456435,1.6964247,2.616775,2.0844665,1.2846204,1.0836143,0.8473645,2.2626336,2.4344943,2.4043422,3.2782853,2.2069416,3.177349,0.86083525,2.2057939,2.8117087,4.0937986,0.98976684,2.496137,2.1273694,1.6626812,0.6189611,2.5453293,3.1838808,1.858065,0.8619225,2.884352,3.13785,2.708634,1.7716423,2.6858945,2.4044654,1.2688426,3.710278,1.2411541,1.0699815,0.7820637,0.9864205,1.0479406,0.87085277,2.6890879,0.9969031,2.0503638,3.7100139,3.3633924,2.011129,0.9841115
1.0212991,2.1520112,2.2174473,3.507256,3.1680837,2.9531963,1.0371143,1.1742778,1.5612515,1.7670921,1.1090702,1.0529909,2.535791,1.0944594,3.9938922,1.48182,2.669898,2.7297146,3.307687,2.453943,1.2942991,2.050395,2.2788758,3.1654754,5.08082,0.70069456,4.7611437,2.6426008,0.99465835,2.852454,1.0911515,2.557529,1.3568541,2.8231921,1.2553262,2.3512566,2.008824,1.1293987,4.50946,1.3863474,0.7185505,2.0932882,1.1134412,0.8327526,2.967619,3.0982175,2.203915,1.3187467,0.9260445,1.7114296,1.0918505,2.4171846,1.7368966,2.071038,0.42994374,3.5170393,1.0976713,1.6007733,3.5754583,3.4385128,0.790316,1.870206,1.9958165,1.929653,3.2187448,3.457422,2.4588363,1.4955385,1.9536508,1.0727851,4.8828654,1.9695038,1.0241462,1.8678253,3.1839585,1.3214781,0.7819403,1.6009394,1.2804989,1.3201311,2.6631203,1.1689715,1.1644648,3.6916971,0.7232433,2.3929193,1.3368046,3.1976519,2.62278,1.1128106,2.263988,1.3724828,1.4858997,1.3366742,1.122429,3.0271351,2.148421,2.6960611,2.373738,3.3647795,1.210779,1.0101019,2.0250497,1.4618092,0.6903008,0.824769,0.98965317,1.3583729,2.7945802,2.0250497,1.2116798,9.701085,3.3205976,0.625767,1.5485483,0.75373113,0.7942137,0.59384817,1.0704656,1.3775219,1.539289,1.1025375,2.432822,1.2424297,1.1903331,0.8567,3.4724336,3.5649765,1.9204584,1.6564115,3.5754528,1.0218767,1.0326035,0.8149036,1.1021159,1.4306521,1.1343838,2.3415422,2.7365775,1.7090473,3.205394,1.1143777,2.8694985,1.1287968,0.7755566,3.0607846,1.6856672,1.0953655,2.2025244,0.55747175,1.1288205,3.5375993,0.7701871,1.0654417,1.3156011,1.4925503,1.3295822,3.1614897,4.04976,2.6169832,3.722949,2.9873414,1.2787244,3.1642573,2.7408097,2.166807,1.9261525,2.2299628,4.090214,2.9463499,1.3224415,2.233431,1.0734472,1.0565561,1.7040446,3.5397298,1.1982667,1.2918288,2.5602252,1.1141876,1.0592115,1.782864,1.0163394,2.2901344,2.4827704,1.1239811,1.3032309,2.2537649,0.34414127,1.949448,1.6274728,1.6784368,1.0001545,0.92291886,2.9853442,2.7836065,1.1187693,2.8648,3.6362932,3.9840865,2.602373,1.398511,2.8503995,2.0221937,2.4810197,3.7708788,3.2474563,2.008656,2.4236033,2.2987564,0.8815297,3.7989514,0.7360188,0.61934644,0.936285,2.705494,1.994152,1.8867663,2.765384,1.1544042,1.2273401,1.3954374,1.6862581,2.925749,1.1350098,3.0068154,3.0595102,3.4711418,1.2778624,1.2218053,1.2767525,1.8080603,1.9444675,2.689107,3.617585,4.8580956,3.0568984,3.78559,3.03345,2.694962,4.6271462,1.0227649,3.9954078,2.6011515,3.6073167,2.2722838,1.7760632,3.1697412,1.6316522,1.8056858,1.5776875,0.3744366,2.100277,2.0630584,1.958971,3.406417,2.2397752,3.3379078,1.13553,2.1839578,3.4262667,3.8525162,0.45866337,2.5937407,2.3353117,1.7620223,1.1288992,3.2299104,3.7615285,1.3568915,1.0685956,2.9960668,2.8727245,2.3505654,1.7558141,3.0999258,2.8606672,1.0865519,4.3578176,0.8104086,0.7083934,1.0362116,1.0967765,0.8014946,1.5055761,2.2711835,0.99398804,2.3294332,3.3641849,3.9367409,1.7892048,0.53093463
0.92146194,2.3054852,2.0735202,3.35263,3.0678635,2.8996277,0.9848685,1.0892738,1.6466335,1.6345325,1.0289731,0.9603861,2.3182802,0.9890142,3.8763206,1.2839848,2.5108044,2.6421278,3.2623703,2.2831519,1.270357,2.155239,2.0861285,2.979691,5.0591726,0.53004366,4.6666837,2.4766889,0.84760505,2.7569954,1.0850334,2.6405683,1.2325395,2.6206732,1.1152815,2.1683133,2.0962286,1.1622026,4.3885193,1.220915,0.54162955,1.9187794,1.034476,0.7254029,2.7786934,3.192713,2.3062809,1.3016163,0.72995394,1.7886157,1.0030913,2.2395363,1.5383892,1.9190611,0.35411593,3.3950255,1.0975537,1.6269901,3.5352006,3.3328695,0.6136566,1.7341642,1.8049561,1.7226505,3.0677,3.2922661,2.4670827,1.6471004,2.029718,1.079918,4.736145,1.7736118,1.0526718,1.6836087,3.1248953,1.1991754,0.5576696,1.6857003,1.1438413,1.1831619,2.7707033,1.2624898,1.0371033,3.5669522,0.52591175,2.5290341,1.2103796,3.0141764,2.4089751,0.90442383,2.091336,1.5234499,1.639718,1.2120206,1.0553218,2.9492621,2.111877,2.5089545,2.2044513,3.2024956,1.3045025,1.1313306,2.1311247,1.3468844,0.5884646,0.6606632,1.0305567,1.151142,2.9370294,2.1311247,1.3241371,9.675791,3.2103217,0.7500074,1.3559797,0.56991124,0.5759198,0.5503654,1.1958065,1.3164263,1.3266007,0.91083103,2.2760167,1.1052119,1.0591092,0.6862516,3.3836179,3.4390574,1.9703774,1.521091,3.5333495,1.0570369,1.0544844,0.6076346,0.99729383,1.2951039,1.0619396,2.175748,2.7021122,1.7669482,3.1195412,1.0136236,2.6986694,1.1134868,0.6085767,2.910036,1.6516664,1.0875413,1.9905186,0.62144893,1.0101662,3.3823702,0.58874655,0.8496717,1.4720649,1.475987,1.1174836,3.0888202,4.059565,2.6056962,3.6727493,2.8458974,1.118859,2.9714327,2.5331912,2.0599892,1.9545833,2.0470383,3.9564023,2.8435237,1.190852,2.0654333,0.9274907,0.96003985,1.5967056,3.431406,1.0617491,1.4261625,2.4489772,1.003199,1.0687189,1.9070411,1.0456419,2.0997796,2.3150527,0.91097045,1.174503,2.2608042,0.34634712,1.7295612,1.4745564,1.6213577,0.8519637,0.7133283,3.0865593,2.6833696,1.1079736,2.6784132,3.5658581,3.963681,2.4293804,1.25857,2.6467047,1.8833078,2.2575154,3.67921,3.1337237,1.7848821,2.1977377,2.391534,0.6858327,3.7090251,0.55926347,0.46766597,0.72417593,2.5037954,2.033332,1.6716766,2.636368,1.1313618,1.0023321,1.2402406,1.5784146,3.0172386,1.259826,2.9423811,2.9065301,3.4492595,1.4150298,1.2462723,1.1878736,1.8836918,1.7524612,2.5340836,3.5092702,4.7593164,2.9994402,3.6900194,2.859397,2.6164653,4.4759045,1.062186,3.9452872,2.376593,3.5055573,2.0609527,1.8585011,3.0845444,1.782659,1.6098785,1.3818455,0.3892577,1.912101,2.2081995,2.040149,3.3383014,2.3469336,3.1819108,1.034909,1.9692211,3.2399457,3.7081995,0.351511,2.5697236,2.1371558,1.6090935,0.981072,3.1057022,3.605671,1.4762245,1.0482163,2.878655,2.7288554,2.4887323,1.679204,2.9994745,2.6661735,0.8960432,4.273902,0.81805515,0.5319592,0.8252906,1.0895332,0.59965724,1.3848822,2.3209708,1.0370833,2.0988781,3.2491252,3.8097076,1.9423515,0.37693274
0.9688812,1.9211305,2.2130451,3.769599,3.2238593,2.933643,0.78891236,0.93125224,1.3003241,1.6086091,0.90901357,0.8628656,2.6952093,0.93140507,4.173867,1.7426006,2.8143785,2.7417018,3.3244162,2.6285746,0.89414656,1.718064,2.5917869,3.4222236,5.1555843,0.9728422,5.179546,2.6594827,0.9881175,2.6781158,0.6721512,2.307672,1.2959421,3.1057897,1.262845,2.3132434,1.6797962,0.75748235,4.344319,1.751817,0.85084236,2.5700083,0.89720565,0.7694835,3.23051,2.8530722,1.9135807,0.91836685,1.3846006,1.44274,0.90131724,2.7925525,2.0713646,2.0739007,0.83196586,3.6397326,0.696844,1.2348876,3.5293896,3.4770477,1.1385736,2.2870529,2.0921886,2.3480682,3.0475545,3.6945045,2.6073816,1.5007951,1.5599043,0.6291146,5.141486,2.3366578,0.55425787,1.8696977,3.0052402,1.2798636,1.1328703,1.2036152,1.2131779,1.2528746,2.4037971,0.8062059,1.0520611,3.8220134,1.0195974,2.6842158,1.2606412,3.491897,2.7665098,1.2823505,2.4236875,1.4781529,1.5755968,1.2684971,0.89189553,2.8676546,1.9731284,2.8546915,2.8205204,3.706663,0.9219626,1.1224127,1.8097184,1.4280633,0.65173286,0.89022833,0.52539176,1.5058949,3.0207136,1.8097184,0.7986582,10.173144,3.2713656,0.9548245,1.6710249,0.9487568,1.247445,1.1815809,0.95060366,1.902683,1.9840163,1.5594532,2.768144,1.1744322,1.1741158,1.4044566,3.480877,3.8203232,1.599728,1.4993985,3.5558217,0.5745739,0.57127607,1.0719163,0.94251007,1.3888576,0.8864516,2.2691076,2.4636025,1.3788422,3.1972673,1.0210689,3.153376,0.74280304,1.3172257,3.0993383,1.3685726,0.699391,2.302901,0.43868855,1.0330062,3.8075547,0.9783684,1.2621536,1.3305869,1.1943421,1.4846728,3.0303833,3.9694295,2.4978433,3.671151,3.1628628,1.2439818,3.4345431,3.0002744,2.018364,2.4597688,2.371651,4.268748,2.8902273,1.2545137,2.5359147,1.0286653,0.8953422,1.4668963,3.4694123,1.144603,0.9515332,2.6719646,0.9643289,0.62296736,1.5206801,0.54101926,2.598785,2.5697365,1.3961323,1.2272439,2.5045192,0.9168841,2.3058512,1.5566448,2.1919408,0.9754445,1.3774151,3.4064803,2.661409,0.70737666,3.1159418,3.6377513,3.9454596,2.5403295,1.2894487,3.1245193,1.967012,2.6689093,3.9100797,3.241349,2.418264,2.8162203,1.9692566,1.2865236,3.5337405,1.0077156,0.9549413,1.3331527,2.8367674,1.7052397,2.1948507,2.9555695,0.7649825,1.556038,1.3160979,1.4393361,3.0982049,1.4916376,3.0883818,3.0689902,3.4170704,1.2458879,0.9176077,1.0251602,2.2915144,2.0165575,2.783951,3.5447755,5.267122,2.8717477,3.522104,3.4354944,2.4572213,4.847261,0.56840956,3.994776,2.9759243,3.7428007,2.6983807,1.4261384,3.0829115,1.9052784,1.9118062,1.7460983,0.61514324,2.4101377,2.3410404,2.4308362,3.4519472,2.0284352,3.5629241,0.9607432,2.5038197,3.479497,4.1108804,0.8759529,2.4716473,2.3701417,1.6637186,1.1524233,3.2786193,4.076286,1.7795169,0.78124964,3.0418997,2.981133,2.6379392,1.9573807,3.2343488,3.1268325,1.4823196,4.1082187,1.3839326,1.1810251,1.2234305,0.68376726,1.1477808,1.4463168,2.7781432,0.49881852,2.6589873,3.510813,4.253393,1.764907,0.97874624
0.85478187,2.7355554,1.7253594,3.0033252,2.8048418,2.7725856,1.0408344,1.0459608,1.9380379,1.3731163,0.9938609,0.92003477,1.6812063,0.8966104,3.5723257,0.80383813,2.1226478,2.4069026,3.1445923,1.8344982,1.355985,2.4627266,1.6188431,2.4525986,4.98726,0.5275073,4.4410233,2.021452,0.6579273,2.4822538,1.2566779,2.873643,1.0053107,2.0499196,0.8575294,1.6637748,2.3645437,1.4000962,4.02974,0.94951224,0.45642275,1.5824119,1.0032222,0.72530377,2.2364929,3.4445434,2.6055918,1.3930559,0.516814,2.0504322,0.95237315,1.8395039,1.104772,1.6282322,0.7697045,3.0842154,1.2865727,1.7745264,3.425818,3.023326,0.4794367,1.5396613,1.3420641,1.2615398,2.6403184,2.8318243,2.5541706,2.1165407,2.2712042,1.2853606,4.361347,1.327479,1.3069571,1.2056483,2.943257,0.9871181,0.20106576,1.9721103,0.88808,0.9173516,3.0695481,1.6112313,0.8515786,3.246539,0.45657945,2.9846091,0.9777935,2.5156152,1.7796887,0.3914691,1.6408132,2.0069168,2.123036,0.9859032,1.051464,2.7212946,2.0664384,2.0040774,1.8284023,2.7876744,1.6459777,1.5676501,2.4482362,1.1347494,0.69670767,0.51553386,1.3141898,0.5902067,3.387552,2.4482362,1.7116104,9.640704,2.9093425,1.2615267,0.8456874,0.42079654,0.32169548,0.91755784,1.6219677,1.3999541,0.87581486,0.63780266,1.9469075,0.8571026,0.84418297,0.63046056,3.1136045,3.112243,2.147056,1.25582,3.4146898,1.3216535,1.2996755,0.34291697,0.8998744,1.0151911,1.0503887,1.7403982,2.6225646,1.9796777,2.8643813,0.9187567,2.2504892,1.2547369,0.63167274,2.4648266,1.6513373,1.2577461,1.3956438,1.0398464,0.85570097,3.0265372,0.49430692,0.3139141,1.9603064,1.5456296,0.5438142,2.8779707,4.0755253,2.6022449,3.5119202,2.4405985,0.798046,2.4132025,1.9300946,1.7874621,2.2373285,1.562099,3.6153846,2.554997,0.9429585,1.6518475,0.71402115,0.90095335,1.4025486,3.0957968,0.82548255,1.8474244,2.1454916,0.88641125,1.2851485,2.2832804,1.3075085,1.6508806,1.8712604,0.4062311,0.94075406,2.3881056,0.8797736,1.1721649,1.1653354,1.6663605,0.661922,0.40070832,3.493924,2.4045813,1.2678822,2.1426983,3.3569036,3.897511,1.9553752,1.01466,2.058911,1.5279688,1.6088073,3.4380755,2.7911208,1.2259877,1.6030049,2.6589036,0.53622395,3.4352713,0.5055366,0.61443925,0.44414178,1.9098601,2.1823606,1.1310959,2.2903051,1.2554773,0.42628983,0.9297205,1.386677,3.3116016,1.7381283,2.771209,2.450544,3.3945496,1.859722,1.4346837,1.1101345,2.2737956,1.2638307,2.2132502,3.1723258,4.5175114,2.8249295,3.4137366,2.4224663,2.4163272,4.0881777,1.3344703,3.791524,1.8039521,3.210892,1.5625246,2.128341,2.8262763,2.290806,1.0758513,0.8902388,0.85764354,1.4878031,2.6899595,2.4315257,3.1529367,2.6586382,2.7504978,0.9390819,1.4249377,2.6893747,3.3764112,0.71731365,2.527522,1.5937911,1.2768437,0.74524003,2.7423034,3.1832635,1.9630632,1.1674589,2.5622914,2.4417095,2.9496675,1.5728629,2.7161818,2.1049838,0.59543735,4.0133615,1.1864575,0.5768299,0.32872704,1.2555621,0.445349,1.1433835,2.6369457,1.3265574,1.4497032,3.0263722,3.4779491,2.400295,0.62812555
4.0179615,2.8789124,4.808866,5.3955307,4.6759405,4.279853,4.0333366,4.320699,3.375214,4.9457064,4.116025,4.201266,5.3006434,4.2334166,5.1107583,4.347307,4.934328,4.3572803,4.2192316,5.0548835,4.3274565,3.5734572,4.5740633,5.2712436,5.609815,3.7397287,4.9751472,5.5073385,4.1514196,5.309162,4.1537437,3.7015254,4.343883,4.8962207,4.25208,5.3627415,3.6122737,3.9773533,7.2421565,3.7823856,3.939448,4.3723197,4.157723,3.9661233,5.016167,3.6463504,3.429615,4.278797,3.6546245,3.4523199,4.1530952,4.4138155,4.34112,5.268037,3.4689522,5.0642715,4.088154,4.086852,4.5783896,4.8971543,3.7191184,3.8148625,5.166079,4.5555677,6.276792,5.4422374,2.8843324,2.3711548,3.913463,4.105451,6.0714498,4.3331323,4.0088606,5.016056,5.17469,4.292317,3.8254237,3.72901,4.32812,4.356503,3.4066055,3.6077528,4.2814627,5.2043805,3.9279296,0.91752636,4.3456736,4.9301124,5.3511224,4.200835,4.9540863,2.2359543,2.1608708,4.3317266,4.1019444,5.256194,4.6403637,5.0802064,4.3965573,5.2310214,3.3850217,2.7504647,3.1457717,4.340873,3.8981977,4.023811,3.9462276,4.3698983,0.6468339,3.1457717,3.502659,7.898826,5.277829,2.7569277,4.499481,3.9162254,3.7000024,3.1463583,2.9853153,2.872493,4.1946306,3.8653123,4.360886,4.304494,4.1901007,3.4522855,5.0132904,5.200889,3.8502963,4.8621836,4.4717813,3.9691727,4.0291724,3.9033704,4.2058268,4.4073706,4.1897373,5.486651,4.809262,3.8330626,4.7182107,4.141449,5.054851,4.134546,3.4846625,5.360406,4.562485,4.1135826,5.2433567,3.4297266,4.2016306,5.3540554,3.9216027,4.161316,2.45099,4.334528,4.363699,4.949922,4.3828564,4.0074296,4.7793303,4.626853,4.444018,5.094811,4.9799542,4.7101164,2.454111,5.049275,5.5114236,4.876461,4.3402505,4.5515537,4.2420874,4.1732087,4.8069634,5.472223,4.2482066,3.288009,4.269967,4.244304,4.076429,3.1390457,3.9996884,4.63012,4.908881,4.134734,4.327778,2.7052321,3.2115157,4.514512,4.7895875,3.1356764,4.183785,3.7418957,1.7371271,5.2652764,4.185057,4.812076,4.7484508,4.5375395,5.705422,4.576408,4.9583535,4.652975,5.212545,4.670618,5.1263666,4.554298,4.90301,3.6826513,3.9058707,6.4134326,3.7645118,3.6543922,3.9048035,5.33621,4.0636425,4.5380692,4.2627006,4.2336464,4.1686425,4.593367,4.865395,2.36785,2.189588,4.0360775,5.297184,4.3322763,2.6607392,3.7574737,4.426429,2.210253,5.0909743,5.5164175,5.571698,5.145184,5.046347,6.6093044,4.8835015,5.1112123,6.090957,3.9523153,4.7484303,5.1342444,4.9477506,4.7709265,3.6379642,5.0344954,1.6990364,4.775069,4.5792065,3.3592036,4.525872,1.2400721,2.0287216,4.4334307,3.1472044,4.8465066,4.2274866,4.73203,6.080625,5.465134,3.489761,4.114686,5.3334637,4.9332294,4.2385964,5.2299566,5.337934,2.1244442,3.9316494,4.7693195,5.534187,0.95601517,3.406032,4.3547087,4.914912,3.7281356,6.889226,2.9030306,3.589847,4.1449394,4.1594305,3.8406022,4.418106,2.314382,3.9452488,4.86548,5.3432813,5.200458,2.2687302,3.5399277
2.3413167,0.55780417,3.0593364,4.54821,3.0359826,2.4387715,2.168705,2.4992666,1.0890574,3.1613245,2.2534974,2.4350991,3.858869,2.4665966,4.007568,3.1374106,3.5502143,2.5041332,2.530029,3.824296,2.3826017,1.2438966,3.5313203,4.195793,4.8816667,2.403887,5.2320757,3.9373019,2.5383778,3.267813,2.2836375,1.5564513,2.6378446,3.7290826,2.629243,3.581141,1.1487263,2.1460464,5.3670516,2.7165143,2.4751046,3.908925,2.3064208,2.3070567,3.8785377,1.3952281,0.9172376,2.293162,2.6416378,1.0887542,2.3248608,3.6151357,3.303067,3.8459508,2.2985046,3.7068856,2.198816,1.9684352,2.7651033,3.1764061,2.511273,3.1375246,3.7994113,3.8096397,4.304421,4.436878,1.6398033,0.66563416,1.5800979,2.2272081,5.3119183,3.3914368,2.1377466,3.397096,3.1133525,2.6197145,2.5922875,1.4756259,2.5911994,2.6161835,0.98434967,1.6775026,2.5231762,3.8899739,2.7082627,1.9435463,2.6081126,3.8920505,3.8681593,2.7528358,3.6663036,0.918233,0.8428392,2.6090589,2.2084541,3.2720492,2.8893666,3.6424534,3.8954792,4.611957,1.2877709,1.3556356,0.700676,2.6839528,2.310528,2.4880223,2.1042173,2.8786905,1.9021243,0.700676,1.3963895,9.532712,3.3921647,1.5886624,2.999618,2.5188417,2.6339154,2.3743849,1.0789039,2.4416444,3.3772173,2.9830916,3.509722,2.5691772,2.5308876,2.6164203,3.3560908,4.452417,1.4941996,3.0841923,2.7167654,2.1168852,2.1530755,2.552028,2.4169495,2.707826,2.3195946,3.7740402,2.4709573,1.6635715,2.888533,2.432946,4.141108,2.2184525,2.6232233,3.7085497,2.6311636,2.2257893,3.7457163,1.7639406,2.4646187,4.517982,2.5539525,2.7469537,0.8205131,2.481473,2.8835952,2.814345,2.6643038,1.8789494,2.9232583,3.248031,2.7859144,3.958581,3.7432387,2.6229327,2.9767518,3.7091758,4.4063406,2.8920383,2.6053429,3.5948124,2.5835803,2.4161966,2.886383,3.5330937,2.528724,1.1725186,2.700263,2.4768353,2.2026486,0.70995647,2.1237192,3.6074245,3.2953043,2.8679352,2.5876858,1.9448804,2.236928,3.5030212,3.1109061,2.947302,2.5558293,2.7295518,3.3655677,3.4003665,2.3106873,3.5704026,2.9990625,2.853283,3.9721727,2.853716,3.770506,2.739493,3.812003,3.4222732,3.3381696,3.7068794,4.0758514,1.2245512,2.8898935,4.2668834,2.428296,2.4216516,2.8338606,3.8384047,2.0061884,3.4135888,2.8858726,2.353829,3.0031886,2.8912125,2.9802861,2.3243437,1.5972637,2.4587543,3.4672108,2.5112042,0.8156002,1.6804222,2.5818112,2.7241821,3.6348054,4.254465,3.6525643,5.3429523,2.931866,4.5575113,4.345575,2.8821971,5.1524253,2.0911186,3.1028464,4.31011,3.7431016,4.0919085,1.2402236,3.0727172,1.559287,3.2761166,3.227688,1.9432899,3.497393,1.7286125,2.7142937,2.8103101,0.70009434,3.635315,2.419277,3.6815312,4.4869757,4.659626,2.331411,1.9661832,3.6918585,3.201212,2.6783755,3.6789377,4.659497,2.111809,1.9962181,3.0522344,4.3380575,1.9084784,1.9577855,2.9307642,3.731362,2.6173518,4.8408585,2.3679037,2.5770228,2.7234087,2.293264,2.6507638,2.7053118,3.183298,2.070795,3.7980318,4.2969112,4.699455,0.42388597,2.4334018
1.4731412,1.2424198,2.3598738,3.917151,2.9815738,2.5522313,1.2187746,1.4702091,0.84798884,2.1353602,1.3181205,1.4334506,3.1517231,1.4833744,3.958023,2.3225522,2.9287183,2.5197446,2.8872526,3.1660388,1.3885916,1.311546,2.838361,3.7792728,5.1657233,1.4130635,5.2970743,3.21339,1.5790558,2.8860445,1.2199192,1.9314198,1.8104699,3.2868247,1.7925225,2.748692,1.1818811,1.2375484,4.8043914,1.9666615,1.4594551,3.1279752,1.3570479,1.3280973,3.5082915,2.2137299,1.2926308,1.3487796,1.7752471,0.95959467,1.3662984,2.9875116,2.4504368,2.729548,1.2774698,3.4872484,1.1136155,1.3578712,3.079092,3.2733603,1.6655676,2.4557397,2.8041792,2.9404826,3.5287778,4.0642715,2.0657663,0.8099876,1.3261335,1.1495128,5.072749,2.6401768,1.0820836,2.4772358,3.0262287,1.7988898,1.6813855,0.993661,1.7176219,1.7541666,1.7301403,0.91932297,1.5719858,3.674898,1.6758753,2.2663832,1.7651253,3.5586708,3.194416,1.8370355,2.9726646,0.9006456,0.96923447,1.7751874,1.2752037,3.0210605,2.346662,3.0370722,3.2939165,4.1511574,0.6267658,0.95275766,1.1775979,1.9231654,1.2773691,1.4899035,1.0691609,2.0184336,2.4947755,1.1775979,0.48414707,10.017579,3.1384501,0.89296126,2.1942174,1.5607412,1.757615,1.5385351,0.45680732,1.9394875,2.5089762,2.1225908,2.8985026,1.6810228,1.6862422,1.8009055,3.4463375,4.1663685,1.3117867,2.060285,3.1083014,1.1034665,1.0591061,1.5744132,1.452119,1.8952672,1.3348345,2.8806593,2.2401521,1.2873399,3.0226276,1.5512244,3.6169088,1.1694251,1.7524053,3.3573978,1.8313978,1.1483009,2.8735735,0.72698265,1.554076,3.9292705,1.5210015,1.8117989,0.68216985,1.6718872,1.9938171,2.8047504,3.3720639,2.0365565,3.322069,3.17279,1.8333905,3.641267,3.273688,2.105168,2.548379,2.9537694,4.158807,2.7449677,1.7563106,3.009868,1.6105126,1.4510543,1.9146397,3.4692638,1.6466801,0.5189084,2.6393237,1.5051316,1.1075435,0.79930687,1.0323853,2.8711443,2.7020445,1.9814848,1.7314596,2.050212,1.3089259,2.707552,2.085412,2.481499,1.5694431,1.8860168,3.2872102,2.9661396,1.2310365,3.2605715,3.299838,3.4232035,3.1200128,1.8275516,3.3532732,2.1169648,3.0849674,3.585846,3.2653096,2.8985674,3.3222673,1.4731348,1.901264,3.82003,1.4455942,1.4118271,1.869455,3.2393653,1.7168552,2.5892231,2.8312216,1.2838645,2.1259785,1.8934364,1.9815553,2.8238177,1.2787127,2.7670605,3.1659317,2.9120219,0.57761914,0.9296559,1.565353,2.3325825,2.6878746,3.2449317,3.576026,5.3975506,2.8530586,3.9481652,3.8610635,2.4248297,4.820964,1.0799166,3.5667658,3.4850833,3.798975,3.262325,0.997367,3.0473049,1.5210094,2.4633179,2.3630083,0.93236226,2.711905,1.938319,2.408237,3.0804741,1.3745222,3.497003,1.4638407,2.8864288,3.9138973,4.1601825,1.3234485,2.066851,2.8261802,2.1934063,1.762715,3.4735157,4.3904104,1.7060703,1.0902386,2.8853295,3.3720174,2.219359,1.7406043,3.0859342,3.35984,1.7974397,4.4288673,1.642956,1.6349683,1.7905499,1.2444271,1.6603634,1.9335344,2.8351533,0.99762344,3.094552,3.6109195,4.526015,1.0526074,1.4470074
10.03394,9.925833,10.734206,10.616988,10.133031,10.128246,10.348506,10.6210785,10.049531,11.070342,10.37566,10.41954,10.029239,10.40409,9.991699,9.616826,10.54648,9.779716,9.724332,9.53141,10.730057,10.208037,9.904842,8.900879,8.0687065,10.006315,5.9649515,10.274664,10.168977,10.491675,10.657159,9.919141,10.133659,9.421215,10.018322,10.872931,10.329302,10.353711,11.569299,9.698433,10.087028,9.033868,10.400247,10.1606245,8.915461,10.163158,10.245062,10.666843,9.6202,10.123546,10.390489,9.647758,9.970969,11.200635,9.923312,10.398569,10.711562,10.400601,10.245228,9.752151,9.552969,9.593475,10.498737,9.502994,11.513314,8.752067,9.100605,9.51604,10.462597,10.668997,10.341436,9.760176,10.565656,10.514248,10.252594,10.069901,9.714363,10.373118,10.226893,10.224645,10.19647,10.165919,10.367367,10.44296,10.000265,8.342989,10.189003,9.3943205,10.047907,9.988394,9.637111,9.343761,9.318557,10.154234,10.401399,10.265886,10.144326,10.343161,8.550827,8.368551,10.078993,9.316083,9.916623,9.995702,10.171055,10.130538,10.481842,9.994178,8.29228,9.916623,10.385253,0.30565867,10.898929,9.42474,9.925248,9.914694,9.544961,9.397199,9.797501,8.931973,9.540588,9.423226,9.839032,10.238974,10.043073,9.357046,9.299502,8.269604,10.300615,10.943005,9.923315,10.472991,10.652816,10.002348,10.383182,10.125256,10.513694,10.829378,11.0620985,10.209176,9.601538,10.137436,8.858669,10.675326,9.484965,9.747372,10.599702,10.694434,10.40178,10.030948,10.229025,10.50345,10.1338625,10.001413,9.553559,10.4219,10.062118,10.538348,10.021777,10.2492,9.761108,8.957485,10.3393755,8.94396,9.323406,10.540313,8.497655,9.842149,10.48767,10.367882,10.191178,8.969806,10.281475,10.328269,11.014303,10.103667,10.186158,10.158561,9.132419,10.390123,10.6882925,10.163967,10.626628,10.019464,10.45148,9.754501,10.2030945,9.154617,9.631768,9.766024,10.861603,8.320429,10.251021,9.450176,8.080848,10.246151,10.723276,9.12374,9.7742,9.926094,10.886328,10.719274,9.217656,10.4598,10.09983,9.650987,9.672849,9.541475,9.365338,10.332429,9.824498,11.471158,10.002307,9.980208,9.842104,9.8853035,10.145127,9.96504,9.182003,10.739557,9.684554,10.588623,11.002537,7.8501644,9.000518,9.144153,10.130312,10.151897,9.65341,10.24067,10.686962,8.599982,10.420664,11.361995,10.095538,6.0290403,10.277142,11.685384,8.294254,11.195536,10.681727,10.469972,9.736886,9.757453,8.5121565,9.413056,10.361818,9.930977,8.965958,10.037447,9.912315,9.912542,10.054506,8.589474,8.493361,9.698728,9.911005,9.367876,10.398127,9.957972,10.259577,10.553453,9.895035,10.241355,10.793596,10.945203,10.083665,9.386212,8.044856,8.942848,10.316033,10.1873455,11.419886,8.38727,9.373205,8.857514,9.040857,9.666503,11.583594,9.171131,9.733178,9.979422,10.628305,9.952903,10.094484,8.319162,10.560692,9.517091,11.227189,7.636535,9.447034,9.835787
2.5849748,3.352372,1.3317136,3.1323297,1.2024281,1.3391039,2.3829641,2.3692803,2.5705078,2.2385216,2.2493603,2.46477,2.3961842,2.4109187,2.3280497,2.9937983,1.8200626,1.2949487,1.8082229,3.354184,2.510857,2.936069,2.4390144,3.3241763,5.6469045,2.657418,5.739354,3.0113738,2.5499058,2.267579,2.602929,3.159322,2.5206556,2.1658728,2.5731177,1.8278306,2.5552151,2.8909984,4.053902,2.543577,2.681654,4.0085263,2.3213277,2.5500875,2.8732417,3.0928068,2.7088757,2.4742172,2.879818,2.465353,2.3044143,2.770981,2.686875,3.0206978,3.0112877,1.7657781,2.4742198,2.5838647,1.6795826,1.4660364,2.9832711,3.0082185,3.098437,3.5636618,2.4793937,3.8118742,2.5977244,3.2281253,2.6824172,2.6051538,3.5138533,2.6803298,2.7029805,2.5072367,2.495675,2.585435,2.8552868,2.6653948,2.351751,2.3507006,2.9556005,2.922912,2.3157341,1.9075094,3.0029027,4.5725474,2.4323485,2.2644768,2.300756,2.537012,3.2051528,3.337234,3.4008949,2.4743104,2.2435033,2.5956106,3.1920478,1.6607294,3.9704015,4.3797493,2.6541917,3.2343051,2.8134568,2.6689599,2.6742795,2.5998433,2.7930033,2.3922892,4.718507,2.8134568,2.6775048,10.792628,0.6184933,3.156594,2.509145,2.7972348,3.009909,3.390589,2.8437526,3.3057458,3.2363715,3.3129795,2.6792169,2.341625,2.5234714,3.1633644,2.7183146,4.4294405,2.3786895,2.2910395,1.8351239,2.7836282,2.6140895,2.6172256,2.3420408,2.4778113,2.2801473,2.6744065,1.1137793,2.7030163,1.8389851,2.5724688,3.7741134,2.4176884,3.1937547,2.5171618,2.7521715,2.4740646,2.517702,2.7211018,2.4241915,3.08096,2.6819484,2.544207,3.199953,2.8761363,2.356165,0.92096055,2.6641703,1.547862,2.088967,2.242175,2.438736,2.655696,2.3679366,1.2068803,4.522476,3.104919,2.4898393,0.66049874,2.3990247,3.478796,2.4615932,2.4779449,2.0575066,2.012268,2.3670807,2.8772986,2.132661,2.383951,2.5712733,2.7702253,2.642701,2.5434394,1.3066458,2.8402486,2.4027095,2.91108,3.2600307,2.6984406,2.2594583,4.0675144,2.505139,3.067863,5.600282,2.7270117,2.5521314,2.2172105,1.7429013,2.337108,2.6319115,2.267399,2.3674524,1.2209455,2.2137165,2.0840075,2.1638896,3.1113696,3.3222718,2.7450538,3.18716,2.942885,2.6347804,2.8350794,2.9657128,2.4007397,2.9117427,2.5299318,1.787461,2.5070298,2.8912504,2.3277562,2.29205,4.692378,3.6047645,2.037212,1.3792882,1.8629377,2.9811316,2.3547888,2.3495657,4.5557175,2.8791475,3.0222538,2.2323346,5.7761173,2.2525017,3.3635972,4.126002,0.8179584,3.1687934,2.7802267,2.1759915,3.3504798,3.4660878,3.6599941,2.4854,2.0914218,3.9653788,2.5669193,2.8718436,2.8072805,2.59577,4.3316283,4.631721,1.700482,2.891145,1.9356717,2.3348377,2.6296635,2.8790586,3.1765237,2.9939146,1.4155788,1.989988,2.2074268,2.6892219,2.9330075,4.284495,4.068089,2.3707066,0.9318047,3.1017263,4.54187,2.03878,2.3026001,2.5389748,2.6357336,3.7385883,3.6093724,3.0349798,2.5908659,2.6304734,2.8305,2.5468986,4.9258013,2.7090013,2.7594988,3.0169287,4.707257,3.3700938,3.0118928
2.2011204,1.9434252,3.0763695,3.9549227,3.4141052,3.0954435,2.2105222,2.4563322,1.9201692,3.0566797,2.2827096,2.340733,3.5532877,2.3724215,4.0552444,2.5629954,3.3143382,3.0464811,3.2629964,3.4195695,2.5202124,2.3391373,2.9171262,3.832161,5.1228595,1.837281,4.560272,3.7797887,2.2818334,3.7536793,2.3300045,2.698268,2.5418012,3.3778834,2.4392567,3.5220804,2.3121037,2.2390969,5.6273313,2.0189512,2.039146,2.7894416,2.3214927,2.1007767,3.5718174,2.9459698,2.2934017,2.4946828,1.800542,2.0418317,2.3075032,2.8636541,2.563209,3.3675976,1.561525,3.7855947,2.264979,2.4756181,3.6038356,3.7110908,1.8846238,2.2194693,3.2976413,2.8326645,4.466213,4.0909677,1.9841319,1.0227387,2.51003,2.2869534,5.012521,2.6352303,2.2104528,3.1510317,3.8354678,2.4958665,1.9516482,2.2201993,2.4939065,2.5273855,2.5478466,1.9719621,2.4200792,3.94987,2.0275626,1.005026,2.5321028,3.5562704,3.6193786,2.3279636,3.2773328,0.74838674,0.7880415,2.5243223,2.2775688,3.8123162,3.0857093,3.4267724,2.9413161,3.9285333,1.7782596,1.1281832,2.007154,2.5824664,2.015749,2.1329098,2.1604688,2.5197392,1.4340862,2.007154,1.8698381,8.805219,3.8452055,0.882008,2.687672,2.0372756,1.8426018,1.2875147,1.3604617,1.2590103,2.4219542,2.0686667,2.8318896,2.4634306,2.3733342,1.6229721,3.8625877,4.036524,2.4296467,2.9710374,3.5541039,2.1884794,2.2155194,2.0026343,2.3503618,2.6066387,2.3462799,3.6398823,3.3505278,2.347468,3.52636,2.3233504,3.591216,2.3115258,1.6339114,3.8524656,2.8388896,2.2859485,3.3998046,1.588588,2.3606455,3.9440303,2.0124736,2.278342,0.96040624,2.619353,2.4984984,3.6215675,3.8091419,2.7869651,3.8331091,3.3451812,2.5718634,3.6901376,3.42076,3.0406618,1.3640513,3.3197172,4.311907,3.4574397,2.5204039,2.9981282,2.3668883,2.3233383,2.9492817,4.1348877,2.409596,1.7496787,2.9389918,2.3843176,2.254407,1.8523846,2.1914995,2.9585438,3.237682,2.2882473,2.5060494,1.6893302,1.3135712,2.7671862,2.8944008,1.7730978,2.303171,1.9116298,1.928618,3.7097666,2.3543453,3.3706212,3.7410183,3.8313518,3.871293,2.6844904,3.4500732,2.9249585,3.4554286,3.7216685,3.7971585,2.831561,3.2399666,2.521188,2.0342526,4.833224,1.8640267,1.7491413,2.0266273,3.6559768,2.643159,2.7596078,2.9814608,2.398082,2.331451,2.7035897,2.9970872,2.245697,0.32296598,3.0123212,3.774681,3.4206152,1.1420912,2.0630126,2.564722,1.1155831,3.2309992,3.7151108,4.2359376,4.6980925,3.6927953,4.9468555,3.5477748,3.5060036,4.89088,2.175826,3.940513,3.4428482,3.9027722,3.1005383,2.213666,3.7187319,0.29393858,2.965882,2.7611263,1.4625715,2.816141,0.69163376,1.1073443,3.4262667,2.136865,3.5885882,2.3779542,2.99754,4.4303493,4.1580825,1.5820924,2.8436587,3.4850068,3.0406158,2.3931687,3.8712313,4.179995,0.5368877,2.1445632,3.3888514,3.7909915,0.96362275,1.9102479,3.254117,3.4443247,1.895711,5.3725386,1.1037526,1.7062099,2.2653708,2.3397632,1.9425972,2.646703,1.5690024,2.151361,3.1709285,3.8659384,4.216209,1.2034991,1.6366779
0.75602233,2.7605855,1.8854055,3.2309186,2.8881507,2.8497155,1.0755898,1.1332037,1.9544849,1.4948028,1.0434114,0.9592959,1.5355625,0.92792255,3.6967967,0.5200458,2.3157089,2.3826058,3.1752245,1.5262151,1.3880948,2.429341,1.7987915,2.1804318,4.6924806,0.83440936,4.210737,1.7644157,0.6430549,2.2806497,1.3337758,2.7779326,0.8378201,2.0299976,0.6744046,1.6667744,2.3781393,1.3594556,3.788412,1.2118933,0.61494994,1.5083154,1.0354006,0.76567,2.0046792,3.4345064,2.6325924,1.4051242,0.7988857,2.0721123,1.0007749,2.0288095,1.3397586,1.7863675,1.0380899,3.2323158,1.4282604,1.7033857,3.4854012,2.9749746,0.3574859,1.7981896,1.2608793,1.2404405,2.5274987,2.5281808,2.64326,2.2130618,2.235062,1.3794074,4.514946,1.5266169,1.3701887,1.1061443,2.7419837,0.80395854,0.30516776,1.9657674,0.80046517,0.8153822,3.0900133,1.5889499,0.87305754,3.394954,0.6597114,3.0633078,0.8429367,2.5577848,1.632592,0.3820096,1.3360605,2.1079314,2.2180407,0.83521056,1.1036526,2.4928398,1.8278692,2.1160204,1.6239556,2.505338,1.6792111,1.561591,2.463468,0.9077944,0.7913289,0.6123686,1.3543369,0.50527066,3.454746,2.463468,1.8011107,9.518174,3.0024426,1.3758048,0.6225306,0.4376297,0.43576887,1.0811164,1.6892393,1.57741,0.97127557,0.6130219,2.1719494,0.7912363,0.6960125,0.802672,2.8881454,2.7940407,2.116776,1.3456676,3.4395256,1.3479775,1.4113266,0.649184,0.93620265,0.83489823,1.1279281,1.6055342,2.67548,1.9084454,2.7418287,0.815799,1.949541,1.3665203,0.83886886,2.2096906,1.5304743,1.3858774,1.301966,1.1636288,0.8060367,3.2457752,0.7885698,0.4233648,2.0621693,1.4239326,0.5649267,2.865799,4.0998216,2.6708944,3.4352643,2.274831,0.7647154,2.2411063,1.7921048,1.7690928,2.3564975,1.2844105,3.7774231,2.5597217,0.81926805,1.3454295,0.7312256,0.8995082,1.494234,2.9213033,0.753405,1.8946306,1.9761226,0.91180944,1.4069837,2.3595815,1.4114708,1.8505791,1.988925,0.2078643,0.8251367,2.5612442,1.0731497,1.3049791,1.3193611,1.5612357,0.7008426,0.41454005,3.5961635,2.1506977,1.3723831,2.020816,3.3274236,3.9168372,1.8126276,1.1493812,1.939559,1.5677885,1.5613523,3.5144722,2.5916073,1.2787237,1.5298961,2.6456983,0.7281087,3.2446816,0.81626034,0.92158407,0.7284472,1.7059191,2.0446944,1.2997125,2.2616105,1.358194,0.32344627,0.9903663,1.4327534,3.1844754,1.8347692,2.7134526,2.334906,3.456663,1.9558811,1.4539901,1.1779248,2.38243,1.1405483,2.445778,2.9771984,4.27917,2.647706,3.2203138,2.1775444,2.4746675,4.2529087,1.3625396,3.7774365,1.840334,2.9372158,1.5339866,2.1528287,2.6455395,2.412586,0.8638195,0.65653366,1.0618253,1.7105498,2.7751698,2.5423696,3.1758637,2.670815,2.764594,0.9626667,1.5714529,2.4553735,3.5946498,0.99130976,2.5749412,1.6397067,1.3927709,0.60860854,2.4606192,2.8956747,2.0927951,1.1969113,2.6257138,2.6956663,3.0302153,1.6636328,2.5751593,1.9271531,0.8711883,3.7856455,1.3179705,0.8628683,0.36775765,1.3131818,0.76929593,0.93848777,2.7417932,1.4064085,1.3747438,3.3030655,3.1829512,2.4716399,0.9080058
1.0668674,2.5360785,2.2534776,3.3935764,3.278774,3.1460176,1.210108,1.2769592,1.9102355,1.758461,1.2512842,1.1376204,2.3265102,1.1624945,4.0333424,1.2031169,2.6357214,2.858549,3.4959683,2.2088914,1.466319,2.3925297,2.1207697,2.9378796,5.0741177,0.6885624,4.5635195,2.4663904,0.97149646,2.8991768,1.2916123,2.8520381,1.3366872,2.6724677,1.2029121,2.2681077,2.36506,1.3306913,4.422802,1.2920642,0.6739378,1.6786182,1.2427377,0.91181874,2.7757227,3.4496188,2.574908,1.5073422,0.7190754,2.0589843,1.2114016,2.251422,1.5335461,1.9078906,0.48792875,3.566304,1.3356447,1.838843,3.785604,3.5275898,0.58268815,1.7407495,1.7293594,1.5263019,3.1488118,3.2325008,2.6756032,1.8597208,2.271805,1.2974131,4.82491,1.7715654,1.2667121,1.7128502,3.2909856,1.2943535,0.5471231,1.9341666,1.2786916,1.3133347,3.0337784,1.4715345,1.2034223,3.7321486,0.47540763,2.573974,1.3318803,3.085313,2.4315999,0.95986766,2.0276458,1.7074237,1.8214931,1.3267552,1.2856535,3.0839918,2.1846602,2.6158526,2.0167456,3.0616875,1.5665569,1.2868452,2.3858204,1.423947,0.7762664,0.79713994,1.2340444,1.2079037,3.0140357,2.3858204,1.5966166,9.58376,3.4288082,0.9172177,1.3866644,0.6325765,0.48078516,0.43456855,1.4478062,1.3143134,1.1713051,0.70511687,2.3219137,1.2465221,1.1723936,0.5712489,3.5136545,3.350343,2.226738,1.6398574,3.773814,1.2566974,1.284013,0.7144025,1.1847476,1.3921719,1.2806412,2.2007673,2.9734886,1.9875256,3.308578,1.1495341,2.5916393,1.34794,0.47569597,2.982094,1.784861,1.3201305,1.9881366,0.9047795,1.1644981,3.4288983,0.7047859,0.9060024,1.6841459,1.6027309,1.1818206,3.3311515,4.3153725,2.8783011,3.8934627,2.950998,1.2176833,2.9945073,2.5580068,2.2774947,1.8176669,1.9870877,4.091852,3.066547,1.3158691,1.9579257,1.0616995,1.1301163,1.7682397,3.594422,1.2042853,1.6780819,2.5867279,1.1753117,1.296832,2.177513,1.2751372,2.1246219,2.465225,0.86631393,1.3032259,2.4302514,0.35441875,1.6968696,1.585389,1.444648,0.98686785,0.5891701,2.9921243,2.776357,1.3201796,2.740473,3.784805,4.2088842,2.4574807,1.3972746,2.6779184,2.0820367,2.280197,3.8669956,3.27497,1.674038,2.0696661,2.6495197,0.5160211,3.8327415,0.7097288,0.59014326,0.6537984,2.5289304,2.2127886,1.6720939,2.7874265,1.3405826,0.9223422,1.3540289,1.7188864,3.0566986,1.3348029,3.1376605,3.0555902,3.7051685,1.6523923,1.5094428,1.3644385,1.7689514,1.7126502,2.5470707,3.6604922,4.65688,3.1828525,3.77099,2.7112708,2.860341,4.5719924,1.2657177,4.1714487,2.2598126,3.5607011,1.8761154,2.1301148,3.2561374,1.8615568,1.6179351,1.3335012,0.67380136,1.9315073,2.2630796,1.9439954,3.558239,2.6000993,3.304771,1.2216182,1.9546398,3.2566125,3.7728546,0.46987924,2.8381257,2.2092295,1.7187811,1.0460933,3.171288,3.5223024,1.4521575,1.2928523,3.082588,2.752973,2.5357108,1.8785067,3.142037,2.6895535,0.95188415,4.365125,0.702805,0.4960537,0.87675965,1.288528,0.6271879,1.4779894,2.1795123,1.2622731,2.0472713,3.3352752,3.7191148,2.1492176,0.4234628
1.5623019,2.670979,2.505668,3.3093288,3.3197513,3.2126038,1.7142017,1.8193113,2.1728024,2.2589066,1.7425658,1.6855999,2.5884764,1.700769,3.9271874,1.5214548,2.715899,2.9734862,3.50461,2.4848876,2.0255058,2.6819735,2.0964348,3.0325472,5.1335387,1.0262647,4.295428,2.873865,1.4992154,3.307594,1.845139,3.089415,1.8303093,2.6687574,1.6818676,2.671447,2.6423683,1.8572168,4.8892703,1.2546593,1.1982774,1.5894773,1.7564951,1.4350979,2.8406045,3.599044,2.788536,2.0507374,0.7708713,2.3163502,1.7206458,2.105317,1.5796404,2.3339145,0.79311377,3.5504963,1.8400395,2.294132,3.8385043,3.6103733,0.95961154,1.5193475,2.1669948,1.5749558,3.6428826,3.3370533,2.5179842,1.84014,2.644942,1.8387283,4.6644354,1.7210732,1.8054459,2.187001,3.6303344,1.7827045,0.9498273,2.3110168,1.7750691,1.8071775,3.1928825,1.8869491,1.7188163,3.7062855,0.9920204,2.1855388,1.8289634,2.9978614,2.6925557,1.3908645,2.335307,1.6210201,1.7285179,1.821265,1.7743832,3.4573753,2.6329498,2.7298276,1.9321084,3.0684853,1.881023,1.3729041,2.5503552,1.889001,1.3231015,1.321256,1.7707572,1.597499,2.6652246,2.5503552,1.9501393,9.095129,3.5986075,0.9147699,1.779752,1.1516712,0.74866444,0.22796081,1.636928,0.8391749,1.1928668,0.8591375,2.1873841,1.7449787,1.6564844,0.4588124,3.683932,3.4039915,2.5587623,2.1616018,3.8078582,1.7947129,1.8079606,1.0973171,1.705914,1.8725969,1.7928556,2.697668,3.2926419,2.366624,3.4508286,1.6653018,2.7002397,1.8642582,0.45428714,3.2520993,2.333072,1.8367406,2.3598354,1.2882934,1.6790485,3.329006,1.1313624,1.3226101,1.6854002,2.1398628,1.5634822,3.55298,4.3362427,3.0129244,3.9976244,2.9967358,1.7368507,3.0154777,2.633316,2.6354222,1.2414898,2.3291297,4.0162363,3.2597313,1.8098048,2.0857508,1.5891937,1.6702664,2.2803192,3.8493657,1.6976669,1.9786862,2.6900146,1.7073958,1.8215048,2.3643641,1.7986244,2.1088831,2.635302,1.2509027,1.8015368,2.163922,0.50684464,1.7291933,2.048948,1.1276877,1.517524,0.7904411,2.4816384,3.1810446,1.8653551,2.764776,3.8452506,4.2238297,2.9296436,1.8963416,2.7122617,2.4008036,2.494272,3.7773483,3.4896653,1.6744375,2.0879378,2.917688,0.85536164,4.3166866,1.0406597,0.9065186,0.90480787,2.7895255,2.5987232,1.7612598,2.7630048,1.8871635,1.221531,1.8697175,2.2714252,2.8948178,1.0645233,3.1406174,3.2902052,3.7463884,1.7121539,1.9082309,1.9134179,1.255753,2.1615293,2.774787,3.9270694,4.407593,3.5161831,4.2951803,2.6477897,3.2172732,4.4722004,1.7985818,4.19095,2.275236,3.637312,1.8691094,2.4409175,3.5138588,1.5561104,2.0114868,1.7325287,0.99103963,1.9344404,1.9131119,1.4212868,3.5630915,2.7450886,3.244832,1.7445191,1.998354,3.5730462,3.6507664,0.7691645,2.9975312,2.563672,2.1963153,1.5657778,3.3979278,3.5040867,1.0415066,1.7650877,3.173442,2.9243598,2.1534276,1.8384774,3.159941,2.7363808,1.0014824,4.843317,0.21401389,0.6595146,1.3173245,1.8480763,0.945447,1.9524534,1.6281269,1.7858276,2.1272986,3.3380942,3.6661294,2.121454,0.71065515
2.356485,2.718456,3.2169862,3.751099,3.7640688,3.5855405,2.4516928,2.6100705,2.5352836,3.1009068,2.504586,2.487403,3.4673636,2.5139375,4.249635,2.4132533,3.3293517,3.4752808,3.7967608,3.2994962,2.7550533,2.9911966,2.7439506,3.7415273,5.3895965,1.8264742,4.400971,3.751073,2.3529751,4.0545783,2.5519552,3.36309,2.6632307,3.333752,2.5272205,3.555208,2.9748225,2.50825,5.7296185,1.9152637,2.0537875,2.2492473,2.5287125,2.2357764,3.5360806,3.731061,3.0193102,2.7641687,1.6127038,2.674099,2.5009186,2.6304166,2.3220224,3.1717327,1.5163561,3.9783177,2.5104787,2.8909261,4.149865,4.10512,1.8258032,1.953,3.091813,2.3772943,4.5455146,4.003256,2.5578408,1.802745,3.082733,2.523885,4.9802895,2.3922632,2.468846,3.1093204,4.255154,2.6110334,1.8600168,2.7605426,2.6182292,2.6515446,3.3279703,2.3900928,2.5498474,4.126261,1.883908,1.4555992,2.6636333,3.535348,3.5624156,2.2963202,3.1724312,1.528937,1.5947434,2.653456,2.519904,4.1469355,3.31304,3.4317327,2.5442612,3.6599588,2.3084085,1.6254411,2.7421422,2.7016819,2.1192703,2.1758506,2.4221435,2.4997337,1.9879937,2.7421422,2.3738863,8.667378,4.166869,1.2324103,2.6743486,2.0265265,1.6731138,1.0520747,1.942166,1.0353737,2.0276728,1.7574167,2.6594524,2.5874228,2.488768,1.3578402,4.2279778,3.9398,3.0109408,3.0181062,4.1083508,2.4521182,2.4679823,1.9590739,2.5106838,2.7165627,2.554663,3.6159778,3.848064,2.8557355,3.9645336,2.4708266,3.4021313,2.5597503,1.3625225,4.007398,3.0729601,2.523578,3.2851593,1.8813496,2.5018985,3.7582703,1.9699371,2.2284665,1.6981585,2.8513908,2.465284,4.098643,4.490357,3.3721364,4.3854666,3.563119,2.6177382,3.6764166,3.374606,3.3604562,0.56799996,3.201694,4.400142,3.845835,2.648608,2.8208826,2.4439642,2.4749615,3.0920727,4.4983163,2.5359354,2.3205342,3.249907,2.5249426,2.4941778,2.5620525,2.4513004,2.755388,3.3374476,2.169988,2.6377332,2.094043,1.2179091,2.505102,2.8982503,1.399931,2.3713453,1.7090243,1.5743297,3.9369907,2.5710163,3.417674,4.2363944,4.4444227,3.850657,2.738969,3.4129758,3.1533387,3.3515828,4.064251,4.1234546,2.4618173,2.8672488,3.2133124,1.7634404,5.108096,1.8480452,1.6906528,1.7987726,3.6385999,3.1100202,2.5484772,3.2441554,2.6071346,2.1466644,2.7438462,3.1081283,2.6770022,0.8729541,3.4899795,4.014127,4.0084186,1.8371758,2.4886436,2.7146409,0.41273797,3.0915825,3.483593,4.585729,4.5425634,4.1338615,5.1266217,3.230098,3.8819575,4.8621974,2.4483545,4.4870005,3.0303717,4.1308913,2.6219919,2.8275084,4.1242127,1.0212474,2.9184136,2.6443627,1.6291854,2.5998943,1.2489812,0.51804847,3.900649,2.897002,3.7331994,2.546613,2.7486987,4.429413,4.020462,1.5199878,3.4066608,3.444849,3.0571542,2.4314578,4.0684223,4.0432444,0.38383615,2.450223,3.7032368,3.5635703,1.429965,2.25311,3.6064394,3.4295223,1.7828902,5.6201887,0.76834637,1.5113313,2.2238486,2.5600898,1.8058864,2.7763312,0.8603419,2.4256682,2.9411876,3.7588353,4.1000056,2.0219438,1.5191444
1.9699024,1.2406514,2.8748868,4.1114674,3.1654403,2.729425,1.8834977,2.179469,1.293837,2.8442876,1.9732826,2.0826867,3.509592,2.120036,3.994512,2.5947857,3.2688553,2.7048907,2.9086661,3.4106736,2.1561522,1.676413,3.0414705,3.8662279,4.9673333,1.8091451,4.8496017,3.644374,2.10871,3.363287,1.9901876,2.084165,2.3161402,3.416862,2.255198,3.3359897,1.6345636,1.8748118,5.335514,2.1351032,1.9398594,3.1418018,2.0171301,1.8858322,3.5855954,2.2777832,1.5913721,2.104775,1.9524347,1.4020202,2.0184999,3.0754828,2.7082012,3.337538,1.5961841,3.6706433,1.9166577,1.9791187,3.2046378,3.4110026,1.8994027,2.4902422,3.2878547,3.0953825,4.188436,4.1210732,1.7593539,0.32432878,1.8833319,1.9371231,5.1104503,2.8136904,1.8469374,3.0209908,3.3834739,2.2813485,1.9759356,1.6206818,2.265203,2.2975779,1.8530384,1.5020543,2.1820512,3.8495288,2.0587125,1.3864553,2.2958477,3.6192238,3.5546684,2.259316,3.2509546,0.122239225,0.14936733,2.292217,1.9484254,3.414297,2.7638047,3.3729432,3.233646,4.114058,1.2208918,0.81478685,1.3209318,2.367481,1.8322144,1.9988655,1.7995209,2.4370093,1.610041,1.3209318,1.3137066,9.233609,3.5349522,0.8103421,2.5913866,1.9666289,1.9533005,1.5425283,0.8059072,1.6700708,2.6658468,2.2633705,3.0080488,2.2359605,2.1682255,1.8571401,3.5501833,4.1072936,1.8162476,2.757261,3.165366,1.8242986,1.8586687,1.9776397,2.0869615,2.3906977,2.035854,3.467414,2.8208175,1.7925677,3.165961,2.082635,3.688424,1.9567715,1.8548863,3.6398308,2.472123,1.9416848,3.3415117,1.2944567,2.1206932,4.0988054,1.9739587,2.2296064,0.27886584,2.2703974,2.4267888,3.1701791,3.338809,2.2947755,3.4056926,3.205655,2.3964503,3.7046292,3.4304597,2.659163,2.0606186,3.2867482,4.2922697,3.093587,2.2884307,3.0933635,2.1786482,2.0668867,2.658011,3.7648816,2.1861882,1.1429644,2.7102628,2.1339784,1.9070836,1.1512722,1.8293453,3.0948195,3.099,2.3014317,2.2704418,1.7037511,1.44587,2.9253383,2.734557,2.174927,2.1276631,2.0472639,2.5833437,3.3864036,2.0184207,3.3471022,3.3807676,3.4151366,3.6962137,2.4890258,3.471489,2.638558,3.4392722,3.5631795,3.483651,3.0598295,3.462265,1.8319172,2.1744168,4.4104376,1.8385874,1.7695279,2.1501257,3.5671086,2.1342924,2.8687558,2.8479607,2.066719,2.4026937,2.5187721,2.7200832,2.2057436,0.6841721,2.7142026,3.506397,2.9985707,0.5044095,1.5861807,2.2820718,1.803106,3.1768003,3.7561622,3.8712413,4.9723744,3.2246044,4.5781713,3.7897274,3.06061,4.9500437,1.8046651,3.5711486,3.6794648,3.7494035,3.3878362,1.5639883,3.3203547,0.7345507,2.8785033,2.7353263,1.3326323,2.9550126,1.0736758,1.8154086,3.117446,1.4515262,3.5387943,2.1043398,3.1375358,4.2925487,4.297248,1.629114,2.3557463,3.3693893,2.859573,2.243425,3.6542172,4.301047,1.1765797,1.7657892,3.1367495,3.848274,1.3415318,1.7534505,3.0410054,3.450903,1.9977813,4.9714966,1.4832045,1.8505156,2.2079186,2.0005224,2.0010765,2.4144096,2.2811027,1.7785112,3.2914863,3.9247372,4.3512497,0.5404593,1.7209705
2.387916,2.756713,2.9926481,3.4179127,3.3616161,3.2301576,2.4783278,2.6452105,2.5186555,3.0925028,2.5020795,2.5300298,3.2952278,2.5419898,3.7628603,2.4033864,3.0143178,3.1456587,3.410133,3.2720964,2.8337984,3.0274892,2.4349625,3.5455954,5.343458,1.8041825,4.2025976,3.72894,2.3790374,3.9676385,2.6462827,3.3600953,2.6767888,2.959184,2.5370488,3.4306772,2.9504447,2.6426315,5.730598,1.673578,2.0903144,2.256215,2.5443397,2.2717605,3.276924,3.6339378,2.97617,2.833229,1.5235305,2.6331253,2.509677,2.2776928,2.134276,3.2167587,1.591113,3.550787,2.5737648,2.9450233,3.7805777,3.7277286,1.8625519,1.6572087,3.1308327,2.3473082,4.4935894,3.859415,2.1720269,1.7948356,3.1203704,2.6188407,4.5000815,2.1263158,2.5812688,3.0905502,4.1435723,2.6314645,1.8681313,2.812567,2.6097705,2.6415732,3.2581997,2.5085697,2.5502567,3.691307,1.9655691,1.4895144,2.6675355,3.0906734,3.376459,2.2647574,3.1509192,1.5308464,1.5974209,2.6617372,2.520139,4.065843,3.400692,3.1131487,2.4803064,3.5732543,2.3406217,1.7027541,2.6952794,2.7237906,2.183035,2.2031603,2.5497527,2.4290667,1.9721429,2.6952794,2.4378777,8.447974,3.8342426,1.2907773,2.6199362,2.0732024,1.6772294,1.1728954,1.9662154,0.6668095,1.9568062,1.7977374,2.304195,2.5787826,2.4972382,1.3237007,4.0056353,3.8655083,2.9820333,3.0224636,3.7312796,2.576677,2.5626667,1.9309754,2.523598,2.7149303,2.5691912,3.616699,3.6706717,2.89881,3.6672218,2.5087943,3.3199806,2.6139784,1.3753144,3.8360534,3.165718,2.5882883,3.2021155,1.9403235,2.515533,3.4019017,1.9785352,2.1919827,1.7157375,2.9654818,2.3872468,3.8199832,4.15728,3.1051123,4.0635395,3.2271767,2.6239047,3.3470018,3.0762072,3.193732,0.76782966,3.1814625,3.9487686,3.5382094,2.6456947,2.7657545,2.4603255,2.5134745,3.0776777,4.263695,2.5279922,2.3989708,2.9729183,2.5453744,2.5801606,2.545137,2.551583,2.470103,3.0436697,2.1661842,2.6381829,1.6721452,1.3527972,2.2873242,2.8706064,1.4605843,2.3936546,1.7044122,1.7917484,3.8915439,2.6557095,3.064032,3.8592143,4.0727696,3.822114,2.7304156,3.0812864,2.9582553,3.1380196,3.584412,3.8874052,2.2967024,2.7039082,3.1954124,1.8377665,5.071993,1.8167415,1.7056022,1.7930684,3.4590983,3.165562,2.341961,2.8297136,2.6827743,2.1168659,2.740772,3.1329975,2.7110288,0.9525435,3.122255,3.73996,3.6531584,1.8237889,2.4917722,2.749478,0.85334027,3.1038847,3.403191,4.3692994,4.3459907,4.0058484,5.1506543,3.101195,3.7042227,4.4155264,2.5719702,4.0945635,2.8587098,3.919368,2.540979,2.818752,3.9227514,1.1192504,2.8651447,2.6436148,1.6706738,2.3495607,1.3303678,0.8594866,3.4918914,2.837242,3.2734668,2.560782,2.5137987,4.290118,3.6329396,1.581121,3.1439652,3.3056087,3.027733,2.4723535,3.9101148,3.868808,0.7665541,2.472331,3.3277938,3.454929,1.4717917,1.9029237,3.2590463,3.124879,1.6204307,5.617546,0.94265735,1.5213565,2.2038176,2.6592054,1.8004884,2.7841885,1.1064265,2.5384448,2.7232676,3.5007982,3.9615731,2.011257,1.5677077
1.9613158,3.5612166,2.6108627,3.0060174,3.6316838,3.6961915,2.172542,2.1312714,2.9443529,2.2949655,2.152576,2.0270596,2.3405585,2.0221634,4.068213,1.4459401,2.659222,3.4019206,4.030204,2.331693,2.4273138,3.4613667,1.8583769,2.8676264,5.5143113,1.3834536,4.3139033,2.7548292,1.7779908,3.576826,2.281685,3.8582232,2.0975707,2.5280192,1.9385892,2.5774016,3.4048276,2.3852696,4.8380804,1.3781765,1.5114076,0.8889661,2.15089,1.8388469,2.7452893,4.4226904,3.5957015,2.4882193,0.96968704,3.077628,2.1019409,1.8517841,1.3025393,2.021849,1.3228282,3.6793485,2.296826,2.8717542,4.3478765,3.9486618,1.3105893,1.4451809,1.8257083,0.8415748,3.5528126,3.203516,3.2033873,2.7557507,3.342362,2.298157,4.527307,1.4419376,2.3107486,2.0862675,4.0373626,2.0606146,1.1998395,3.017082,2.038183,2.0621088,4.027843,2.572499,2.0033522,3.8082447,1.1632051,3.0147867,2.1009815,2.8966634,2.4770494,1.5083148,2.2083023,2.5486553,2.659197,2.0967164,2.2050729,3.7806034,2.9894247,2.6185992,1.5613596,2.7868001,2.633997,2.243026,3.3854012,2.160568,1.7388687,1.6206081,2.2991674,1.6528957,3.5181496,3.3854012,2.6755877,9.236857,3.826617,1.8158027,1.8194901,1.4552113,0.99457616,1.0456734,2.4735646,1.3410584,0.6283644,0.76780564,2.0379174,2.0138834,1.9577814,0.8134867,4.0412197,3.3623557,3.2486079,2.2200117,4.3331156,2.317993,2.296478,1.3370028,2.045705,2.1051826,2.1787236,2.5680282,3.764733,3.038327,3.8667004,2.023027,2.486432,2.309809,0.80715066,3.3438432,2.6980793,2.2826476,2.0894744,1.9668334,2.003376,3.0500207,1.3811681,1.4299593,2.598747,2.5551214,1.5989676,3.9726236,4.9954762,3.6153884,4.512334,3.213614,1.8889775,2.919021,2.487775,2.9542458,1.6148038,2.15263,4.0154543,3.5935292,2.0766106,1.9590553,1.8398019,2.0226984,2.4544983,4.137031,1.985019,2.7690187,3.052795,2.0215979,2.2859335,3.193982,2.3016331,1.8265946,2.6621888,1.2959288,2.0765095,2.7851307,1.2394094,1.3428662,2.0544102,1.4034934,1.7806726,0.94785607,2.9579003,3.400361,2.2857397,2.7584946,4.2964554,4.8054843,2.767999,2.0190697,2.5826395,2.6274195,2.215586,4.0939384,3.7754483,1.0851237,1.4763874,3.694031,0.84188426,4.486017,1.3759247,1.2895256,0.9113577,2.6444507,3.2171905,1.4547995,3.0469215,2.2861938,1.1320835,1.9718653,2.4158,3.6509013,1.9967088,3.646226,3.435031,4.313166,2.5972302,2.537013,2.1955302,1.8113449,1.9229857,2.383814,4.200749,4.4105597,3.9454045,4.3628917,2.3177578,3.540592,4.3155284,2.3314016,4.695398,1.5605559,3.8990936,1.0910585,3.1788652,3.89195,2.450538,1.9420104,1.6363554,1.6555809,1.6581297,2.778931,1.9907956,4.0163555,3.5879683,3.3351011,2.0864208,1.5977507,3.401233,3.4343498,1.2760912,3.5737603,2.3703392,2.1876707,1.7889271,3.5771186,3.3656259,1.8592374,2.2919502,3.4391859,2.5603027,2.9886339,2.3644583,3.5377262,2.6565099,1.1868765,4.983304,1.1199266,0.9738249,1.4505411,2.284197,1.1274635,2.2086258,1.9782954,2.3167346,1.7288284,3.1799808,3.6180305,3.0458794,1.1504618
1.7822531,3.0151145,2.7470648,3.3916821,3.5843492,3.5244846,1.9958605,2.0741668,2.5222445,2.456652,2.0197654,1.9302471,2.6145003,1.9405472,4.1266932,1.5217806,2.9000585,3.238498,3.7986143,2.42415,2.2903545,3.0070932,2.1862493,2.968048,5.1456294,1.3064327,4.124836,2.8888144,1.7049907,3.483154,2.1239834,3.380265,2.0045393,2.7345052,1.8468593,2.8156133,2.99535,2.1099594,4.934297,1.4548786,1.4285128,1.287633,2.0226243,1.6878152,2.8268046,3.9439058,3.1496117,2.322082,0.9642558,2.6702864,1.986777,2.166649,1.6631593,2.4110963,1.1104045,3.773321,2.1483762,2.5737207,4.151323,3.8394427,1.1055187,1.6286085,2.1564152,1.382681,3.7556384,3.2478333,2.8261433,2.199747,2.96406,2.1286602,4.7729745,1.7867025,2.0939867,2.277605,3.831643,1.9515314,1.1138917,2.638886,1.9758998,2.0028133,3.5511835,2.1839988,1.9500184,3.9200063,1.153818,2.3617415,2.0175424,3.0856233,2.7312224,1.5455377,2.2972064,1.9695411,2.0709891,2.0045512,2.0590303,3.6244497,2.7667987,2.878489,1.6883854,2.8725705,2.2275937,1.6745002,2.9023774,2.0371022,1.5815172,1.5453628,2.0530188,1.7330997,2.8637097,2.9023774,2.309587,8.9404545,3.8669322,1.2834408,1.877852,1.3416156,0.8847895,0.5810674,2.0000215,1.0223744,1.101338,0.8024311,2.2990808,1.9523277,1.8442633,0.6205638,3.8335342,3.2813764,2.8863144,2.3539004,4.106333,2.072518,2.1102245,1.3278621,1.9552869,2.036932,2.06992,2.770154,3.6235173,2.6617315,3.6738908,1.8750939,2.5685031,2.1639695,0.6377838,3.3354254,2.5362225,2.1380725,2.3991838,1.6350325,1.9006608,3.4150214,1.3716673,1.4857398,2.0488336,2.3444073,1.7106719,3.842188,4.6607823,3.3584895,4.261228,3.1183217,1.912943,3.0284545,2.662349,2.898146,1.1534488,2.2998312,4.1923223,3.5270698,2.0013347,1.9816548,1.7998251,1.9077263,2.516799,4.034224,1.9071373,2.3289132,2.861984,1.9450799,2.121913,2.7397509,2.1012955,2.1913261,2.8360827,1.3319454,1.996935,2.457033,0.8499602,1.7498819,2.2386854,0.9365946,1.7319388,0.86525124,2.4473107,3.305942,2.149914,2.8355498,4.107923,4.529493,2.9947872,2.1115124,2.7457004,2.6486523,2.5412176,4.013406,3.651456,1.5859076,1.9431363,3.260418,0.93027735,4.4705267,1.3141799,1.1901932,1.0341318,2.826184,2.8491898,1.8285238,2.9537811,2.1675367,1.2605565,2.0587265,2.4805357,3.0043833,1.3589578,3.3848104,3.4616919,4.07049,2.0840402,2.2342649,2.1578217,1.2405038,2.1839333,2.8574574,4.0976586,4.236849,3.7375174,4.4078946,2.4395125,3.5137565,4.5940437,2.0798545,4.4652643,2.1514423,3.693282,1.6597235,2.7937295,3.7155497,1.8203605,2.0749054,1.7607951,1.349805,2.0233872,2.1190646,1.4245132,3.8357382,3.0957325,3.392259,1.9927217,2.0306046,3.5888083,3.7549112,1.07957,3.3330357,2.6824148,2.378405,1.7235011,3.472884,3.371982,1.2271206,2.0656617,3.4258544,3.0182986,2.3346627,2.130528,3.330728,2.7580354,1.2103916,4.9585257,0.50839466,0.8904117,1.4770656,2.1200843,1.154456,2.1114032,1.5221074,2.085788,2.0860338,3.4945366,3.5258038,2.466731,0.99239326
2.2387462,3.4915955,1.6165241,1.6731887,2.3635545,2.5911684,2.2294319,2.1636207,2.8082561,2.1272357,2.1256611,2.1707628,2.2401423,2.1396248,2.5786083,2.0768576,1.2870246,2.5680554,3.0014741,2.9525554,2.5439646,3.440696,0.6360637,3.0903175,5.9977922,1.4025617,4.8188076,3.149671,2.0290022,3.5170403,2.416964,3.855387,2.37233,1.6982061,2.252518,2.204591,3.1775022,2.7355742,5.1327987,0.608259,1.7828479,2.128635,2.1896129,2.0380542,2.7054064,4.0505714,3.3099256,2.5887537,1.1193634,2.8577065,2.1215634,0.5192787,0.67683035,2.1369312,1.5901997,2.179106,2.2611306,2.983395,3.2208679,3.0254319,1.9012113,0.33736566,2.3668602,1.7832558,3.4823997,3.6191077,2.3902674,2.6552076,3.3128324,2.4052367,3.059012,0.47806793,2.4929173,2.2857141,3.9192016,2.3790781,1.6648043,3.0168674,2.1798642,2.209178,3.6818273,2.820597,2.0670028,2.2929742,1.7123346,3.2139707,2.310868,1.7458496,2.310412,1.7315178,2.8026052,2.5257876,2.631217,2.33705,2.1647334,3.794693,3.475983,1.4561267,2.504186,3.5353253,2.619382,2.5365217,3.169032,2.528817,1.9968706,1.8581889,2.5487788,1.7659596,3.6014693,3.169032,2.6201367,9.521681,2.5957503,2.0314796,2.072658,1.8881017,1.578355,1.6928765,2.463605,1.2391797,1.3197026,1.7390789,0.51439387,2.1393852,2.224951,1.3788742,3.8386145,4.031258,3.0831318,2.1582203,3.2936027,2.573671,2.3769917,1.4307836,2.1096516,2.3563464,2.150762,2.8074086,2.9993415,3.1198986,3.2759993,2.3036413,3.1384664,2.2903657,1.4129838,3.3026414,3.0105293,2.275195,2.1703253,2.0724974,2.1725512,1.6711433,1.5046881,1.6143243,2.5509703,2.9428446,1.628323,3.1099436,4.0596275,2.7398968,3.766498,2.7591867,2.0731404,2.5819592,2.1173136,2.4192688,2.3077686,2.7037477,2.469522,2.652065,2.2616334,2.669402,2.013966,2.2000306,2.251081,3.7102497,2.1263382,2.802305,2.704945,2.1260548,2.3367045,2.9416568,2.4032524,0.6361952,1.5449128,1.8123078,2.2612083,1.8931364,1.746106,0.8946973,1.8634171,2.4207253,1.9754468,1.6166954,3.548877,3.5751898,2.3609266,2.2094593,3.3490913,3.7942817,2.926761,1.9230272,2.107801,1.9677196,1.838893,2.7698603,3.4482572,1.2646517,1.8165475,3.4997182,1.5976026,4.490904,1.3768071,1.426625,1.3252739,2.5751638,3.4169366,0.86437523,2.1530309,2.3429248,1.6667452,2.00703,2.4045873,4.106334,2.2672064,2.9101617,2.8233783,3.2419584,2.4852753,2.4750412,2.2310073,2.5323343,2.356042,1.8600696,3.8575666,4.9149513,3.7423303,4.561568,3.0115795,2.7585425,2.8290262,2.5781267,3.7034988,1.6273918,3.9582539,1.8436886,2.9857848,3.5675123,2.617365,2.214475,2.1662505,1.7650843,0.57015574,3.0032423,2.6174865,2.938034,3.3364544,2.1883175,2.1531398,0.9086549,3.4552844,1.9909506,1.545525,2.734351,1.9437195,2.0043645,2.1849046,3.6487713,3.8186388,2.3411999,2.3108447,2.2497995,1.8612266,3.189114,1.5755681,3.0198112,2.377904,0.9408045,5.157228,1.8212292,1.3431238,1.70877,2.4557927,1.3449091,2.4999962,2.7185094,2.473633,1.6511544,1.8794702,4.190517,2.9462817,1.4834641
0.525584,2.2389834,1.813393,3.3774831,2.8698738,2.6924672,0.5422781,0.6707848,1.4429463,1.2981701,0.57808894,0.51638764,2.0669854,0.5407551,3.786987,1.1638951,2.3851016,2.3799436,3.078279,2.1008625,0.8597469,1.9393053,2.0745823,2.8233573,4.9391613,0.5510086,4.7586946,2.1691983,0.445239,2.3426557,0.7157136,2.426495,0.83937544,2.4918277,0.7526406,1.8145078,1.8599849,0.8496271,4.0113025,1.3032086,0.27138478,2.1005647,0.5777099,0.27027395,2.6145437,3.0107956,2.1190555,0.8840794,0.9221417,1.5688027,0.5479008,2.308414,1.577732,1.7767605,0.6615545,3.2640853,0.77172446,1.2667313,3.3239155,3.0730202,0.6172671,1.9197826,1.613525,1.8259616,2.6571944,3.1450317,2.4698236,1.7379574,1.7361646,0.73104036,4.7112145,1.8248867,0.7174378,1.3543614,2.7467833,0.8239784,0.5504376,1.4130169,0.71694356,0.7595804,2.608367,1.0369877,0.5932651,3.4416373,0.58784634,2.8423142,0.79597974,2.929078,2.142016,0.6497404,1.892648,1.680775,1.7917566,0.8073462,0.6105242,2.5652792,1.8013546,2.3298442,2.3035195,3.1796446,1.1064681,1.2118534,1.9892187,0.9992157,0.17073809,0.30002847,0.7158878,0.8724664,3.2031431,1.9892187,1.1314418,9.9101305,2.932918,0.9959042,1.0668296,0.3625176,0.7293745,0.9938606,1.1480801,1.6369157,1.4622843,1.0803899,2.34065,0.6738782,0.67221576,0.992298,3.0973442,3.3594131,1.6671308,1.1624608,3.3261511,0.73042655,0.7328729,0.5332947,0.5424589,0.9064119,0.6244863,1.8236568,2.3401184,1.4720603,2.828454,0.60435575,2.6080463,0.74085855,0.9431077,2.5870936,1.256589,0.74097264,1.7243165,0.49141324,0.5681374,3.4044316,0.5296122,0.635791,1.5743268,1.1183524,0.857875,2.750612,3.8776896,2.3739443,3.404569,2.6376083,0.73087424,2.8106904,2.3584995,1.6524776,2.3981373,1.829187,3.8739307,2.5264926,0.7732807,1.9976798,0.51374173,0.5099368,1.1981568,3.069138,0.6335057,1.282693,2.212986,0.55352646,0.7406748,1.788112,0.7282187,2.1021965,2.0868976,0.79323834,0.75296134,2.3849201,0.8013972,1.7330846,1.1800853,1.9045497,0.44657305,0.85132885,3.5191696,2.3073668,0.7491744,2.50698,3.3238678,3.7704504,2.0734022,0.91379756,2.489073,1.5217178,2.040764,3.5589907,2.8073814,1.8397896,2.2051642,2.1577146,0.872565,3.2736084,0.5661051,0.63027626,0.8658613,2.2243543,1.733476,1.638853,2.4760811,0.75905234,0.9536971,0.86798126,1.1730738,3.133589,1.5728054,2.7576473,2.5625112,3.2552211,1.4533845,0.91217965,0.76499,2.3267365,1.5049545,2.469682,3.1454408,4.837081,2.6167762,3.274465,2.8822873,2.2283223,4.421629,0.7390994,3.732754,2.4001393,3.311053,2.1531925,1.6068926,2.7321665,2.096089,1.3242233,1.176833,0.5022059,1.9304501,2.5182493,2.4763808,3.1471345,2.20922,3.0449781,0.5779216,1.9478797,2.923879,3.7267413,0.65670097,2.3102787,1.846338,1.2838705,0.64124453,2.8185022,3.5365117,1.8869056,0.6401109,2.6447132,2.6927395,2.8014636,1.6098149,2.8021908,2.4999607,0.9886381,3.8649669,1.2596766,0.8171917,0.59398305,0.71326625,0.7040132,1.0062246,2.767972,0.72611684,2.0131512,3.2508223,3.7749012,2.0131476,0.68464124
0.4964702,2.2269742,2.0188985,3.5401564,3.0147207,2.827036,0.6697382,0.84694034,1.4716072,1.4835283,0.73655033,0.6504713,2.099907,0.6755169,3.9299316,1.0722247,2.5713646,2.466239,3.1733541,1.9892106,0.9715511,1.9294901,2.2028482,2.7414064,4.7655315,0.7090731,4.5904512,2.1220963,0.51357466,2.344505,0.8467528,2.3798792,0.820257,2.5593407,0.7161892,1.9527392,1.9058594,0.81811696,3.9794726,1.4221944,0.40695137,1.9995416,0.7180062,0.39235756,2.5648677,3.033264,2.1616616,0.9801645,0.9748967,1.6143099,0.7050799,2.418235,1.6970315,1.9140103,0.74037766,3.4333901,0.95911527,1.2691697,3.4488254,3.152048,0.46195716,2.0214791,1.62599,1.7835971,2.7324421,3.0280104,2.5282214,1.735902,1.7521213,0.871625,4.8570848,1.9314499,0.81157196,1.4080547,2.7286968,0.7819075,0.5127575,1.4372231,0.7727491,0.807127,2.642185,0.9987488,0.72917664,3.6106093,0.6151916,2.761757,0.8091903,3.0196385,2.1791935,0.7035334,1.7894468,1.6603637,1.7683347,0.80374664,0.76790255,2.53276,1.6881903,2.4865854,2.1633584,3.0306342,1.1332295,1.1004206,2.0040803,0.9248426,0.33224428,0.43077523,0.7686547,0.92508715,3.130276,2.0040803,1.2105964,9.758536,3.1118264,0.94992113,1.0557691,0.32604092,0.66986936,0.9284403,1.1548753,1.637026,1.4585444,0.9814825,2.4753253,0.7448355,0.6536475,0.95539117,3.0524244,3.191402,1.7024982,1.3304365,3.4254258,0.77394813,0.8811375,0.67329323,0.6885161,0.893281,0.80225396,1.8598474,2.4991374,1.452223,2.8578541,0.59313303,2.4748929,0.91817224,0.9188851,2.5541081,1.2410631,0.922613,1.778659,0.57385457,0.6338364,3.563945,0.6923812,0.71660644,1.5702883,1.0682949,0.9474075,2.868693,3.958359,2.499251,3.4523988,2.6291127,0.814886,2.798591,2.3741848,1.7843876,2.3130786,1.7521257,4.0399833,2.6553602,0.7989926,1.8547248,0.6254524,0.6059075,1.3857423,3.091233,0.69456077,1.2998841,2.1961749,0.68665075,0.9045383,1.842338,0.8647867,2.23635,2.260679,0.74351555,0.782123,2.4622335,0.7696758,1.815049,1.3694211,1.7198058,0.5652755,0.7695454,3.4205492,2.258351,0.90805364,2.526947,3.4027035,3.8583,2.1134706,1.1045045,2.5095205,1.6824787,2.1175084,3.6761777,2.8020303,1.8622614,2.1872003,2.1821046,0.8635203,3.2878232,0.7241213,0.754321,0.91812384,2.2297904,1.6703018,1.7504299,2.5363412,0.9238006,0.920662,1.0152882,1.3234329,2.9631097,1.4987015,2.7921054,2.6321495,3.3720243,1.4669096,0.9840973,0.9278274,2.2273684,1.5170649,2.646335,3.1530552,4.6692743,2.6173093,3.276044,2.7487404,2.407128,4.583208,0.7834736,3.809998,2.4348364,3.2084084,2.1195374,1.663468,2.735741,2.044706,1.317051,1.125905,0.5997162,2.0666752,2.4403567,2.3823416,3.2446244,2.2234385,3.1341674,0.7138794,2.0537703,2.9112916,3.890142,0.7335273,2.4310093,1.9898347,1.4624852,0.610175,2.745021,3.4016855,1.810158,0.74626106,2.789252,2.877624,2.721943,1.6943312,2.7937267,2.486523,1.0823052,3.8417645,1.1728022,0.8602994,0.6483844,0.8247656,0.8055937,0.9659916,2.670103,0.8288041,2.031219,3.4497576,3.611861,1.9976146,0.74379057
1.8880861,2.7601144,2.655826,3.2586575,3.377468,3.2749102,1.9988577,2.1025944,2.3458827,2.5176322,2.0227463,1.9882271,2.8576634,2.0042865,3.8930144,1.8564569,2.7769008,3.1113703,3.5548666,2.8096373,2.3145642,2.868458,2.15316,3.281246,5.341911,1.2515103,4.3633485,3.2157829,1.8222262,3.6161978,2.1205373,3.2776027,2.1668777,2.7933257,2.0205243,2.9349883,2.8068345,2.1580403,5.2403436,1.3246751,1.503375,1.7663544,2.047123,1.7415022,3.0638192,3.7006874,2.9150212,2.3395967,0.9680397,2.4810805,2.0084453,2.0913785,1.6834607,2.558564,0.997303,3.5550897,2.077824,2.5722177,3.888526,3.737859,1.3096375,1.4406339,2.4825313,1.7852912,3.9606516,3.5981188,2.472036,1.8540885,2.868169,2.1030402,4.5902705,1.7823571,2.077245,2.5089073,3.9089653,2.1222923,1.2798401,2.5311413,2.0959702,2.129916,3.2892184,2.140465,2.021394,3.7040963,1.3008488,1.9942031,2.1588016,3.0477087,2.9591427,1.7048718,2.6672308,1.6117183,1.7115911,2.1541104,2.0499067,3.7616463,2.9704561,2.8467283,2.1356962,3.2980533,2.0779464,1.5342851,2.6682787,2.2325113,1.6251674,1.6314237,2.0493133,1.9034928,2.4923778,2.6682787,2.1316664,8.966018,3.705436,1.0302235,2.106226,1.4872396,1.0766306,0.5161484,1.7803451,0.6607447,1.3884171,1.1764096,2.1485114,2.0625126,1.9889723,0.72198266,3.9150174,3.65211,2.769754,2.4396245,3.8663545,2.078169,2.0596151,1.3589106,2.0032015,2.2084322,2.0685432,3.0305996,3.464992,2.6146405,3.6306324,1.9946574,2.9732134,2.118086,0.72415644,3.5409462,2.662429,2.0846827,2.6534436,1.5147313,1.9969574,3.2745926,1.3838818,1.6239846,1.7153459,2.4678202,1.8535649,3.7158754,4.3711405,3.103388,4.1301856,3.174022,2.057534,3.1977687,2.8325145,2.8733041,0.94488436,2.6631522,3.98216,3.415281,2.136843,2.3758073,1.9030209,1.9816781,2.5454597,4.0920205,2.016043,2.1539843,2.8898313,2.011313,2.0714478,2.4655664,2.0519657,2.159297,2.770231,1.5859063,2.127914,2.0210059,0.7423302,1.8643123,2.2974226,1.2502903,1.8303896,1.1179585,2.2023551,3.5090773,2.1294692,2.9312115,3.9448888,4.2662344,3.2569528,2.1635153,2.8874633,2.618342,2.7211897,3.768792,3.730863,1.832722,2.2756655,3.0828536,1.1482744,4.6463976,1.2664368,1.1193752,1.1539011,3.0697196,2.8719232,1.9029211,2.8599803,2.153752,1.536,2.1652527,2.563403,2.9435031,1.0105491,3.2390223,3.5157566,3.787238,1.7763904,2.1477063,2.2021594,1.0023869,2.4877856,2.8798804,4.1817627,4.48696,3.7836282,4.6431527,2.8466249,3.4126647,4.4250073,2.0793142,4.2576632,2.4136658,3.8591535,2.043469,2.620225,3.7589452,1.4022887,2.337828,2.0714376,1.1975718,1.9924759,1.7464793,1.1491342,3.6193767,2.8503175,3.3047614,2.0435984,2.1134493,3.8775387,3.5759304,0.9813909,3.1107237,2.8039336,2.4559908,1.9091508,3.6789775,3.714521,0.8451174,2.0358071,3.2686226,2.987132,1.9646896,1.9019932,3.306621,2.9348612,1.1594259,5.1856375,0.32836306,0.8866573,1.6321037,2.1315267,1.1856084,2.291671,1.3497244,2.0460126,2.3311026,3.29094,3.8625228,2.1313424,0.9429371
2.4914098,3.1582265,3.1402287,4.8679595,2.9308057,2.7690558,2.6925924,2.9444628,2.5889637,3.2944386,2.676152,2.8075993,2.4787648,2.761999,3.9854212,2.634727,3.6634707,1.8922608,2.6183891,2.3101494,2.9049404,2.6177535,3.561872,2.019052,2.946918,3.2086687,3.771379,2.3191526,2.7184017,1.4372457,3.0433843,2.2969012,2.3475432,2.6986072,2.3923447,2.8514245,2.6607454,2.7820485,3.0914328,3.3263943,2.9833012,3.659084,2.6878748,2.7605574,1.8541876,2.909733,2.8209186,2.7915065,3.271064,2.5761132,2.7154534,3.8088133,3.5770829,4.01985,3.436969,3.7751093,3.168285,2.3890553,2.9945378,1.9733655,2.7756748,3.9093149,3.2531102,3.5509913,2.9013426,2.0911722,3.0146234,3.2837873,2.5326006,3.091411,5.2144938,3.5655355,3.022827,2.7578046,1.0820894,2.3453124,2.9172385,2.6497977,2.4646914,2.4322681,2.978759,2.7392824,2.6913369,3.922007,3.2649074,4.227765,2.3802195,3.1523533,2.3868222,2.7438679,2.3077366,3.3373725,3.3699725,2.3602967,2.6836925,1.1780213,2.0932496,3.222413,3.1042645,2.8749413,2.7165444,2.8240921,2.7229614,2.2164617,2.9285958,2.8791382,2.985648,2.5909894,4.322767,2.7229614,3.0346518,9.146763,3.1394558,3.1648452,2.3788695,2.8555627,3.0339208,3.4494762,2.8930194,3.5499246,3.4493113,3.1705468,3.936094,2.506997,2.408485,3.2683465,0.256571,2.3747742,2.3238971,3.1554115,2.7047086,2.9398594,3.135492,3.0959,2.7204413,2.3025804,2.8158445,2.796107,2.6979632,2.3383334,1.1766994,2.5023644,2.4207563,3.039048,3.3640113,1.1543065,2.5193195,3.1212213,2.8377135,2.9868035,2.5608075,4.7982416,3.2295988,2.8524501,3.267122,2.5564559,2.7292418,2.1692145,3.1882741,2.6475012,1.8632557,1.2851915,2.7116735,2.0306244,2.2145884,2.1345687,4.392844,2.4427238,4.440566,2.21532,2.3960686,2.3781667,2.7536674,2.7013912,3.0524886,1.0271295,2.493069,2.9398267,1.062462,2.7329352,3.154512,3.0527134,3.119967,3.7195551,3.0208712,2.7820644,2.4148653,3.6160402,3.4261894,3.3723898,3.2857304,3.2607994,2.7988155,2.996225,5.2984962,1.472992,3.1154823,2.0112808,2.2198384,2.985718,2.7587976,3.105055,2.264998,2.4204051,2.772032,3.347025,0.64727193,3.4291449,3.2970054,2.6378336,3.4032965,2.3611593,3.1933477,3.3570945,3.354451,2.0590553,2.1211567,3.3734837,2.0951438,3.0953515,2.8917515,2.926563,3.031663,3.1773002,3.4526467,1.8072004,1.640637,3.0017624,3.09964,2.5498066,2.926876,4.3509326,2.9628394,4.576383,0.9458075,3.7662017,1.1387082,2.8446116,2.923187,2.7596884,5.0588,2.9389153,2.6279757,3.7830698,0.9272832,3.6553617,2.6748087,0.7771346,3.9008512,2.425061,2.6513836,3.169954,3.7272992,4.0443153,4.4284225,2.581985,2.772081,2.7755327,2.6939259,3.525974,2.1762776,4.989106,3.4119968,2.4544246,3.0905688,3.2279234,2.62015,0.79779047,2.4597316,3.9823413,2.6423278,2.6959949,4.7991567,4.210085,2.5783064,1.240905,1.9610702,3.1760166,2.7097077,3.563391,3.4018164,2.8067753,2.9985588,3.316921,2.2104201,4.701827,3.0669868,2.8927088,5.053628,2.6278484,3.2936397,3.393961
2.8726244,4.107299,4.0734224,4.9443307,4.410579,4.4097133,3.3161159,3.5046432,3.6400263,3.8759248,3.3365436,3.2814167,2.8008316,3.2553518,5.005268,2.2302196,4.2861633,3.6858227,4.3783727,1.8868364,3.6005483,3.8586419,3.5778377,1.7653569,3.2360096,3.2249033,1.9504741,2.6651492,2.9887414,3.3470604,3.6040304,3.7737608,2.8256857,3.0965981,2.7260606,3.6667466,4.0170074,3.283751,4.2113667,3.269283,3.051856,2.115685,3.315695,3.0892782,2.0143,4.6187563,4.1845536,3.559675,2.9433048,3.7621186,3.3153698,3.6239488,3.3713005,4.0190573,3.2639902,4.8536043,3.778556,3.4421272,4.875133,3.964866,2.47798,3.5760157,3.0258741,2.4884944,4.0400147,1.559402,3.8846686,3.712821,3.8433173,3.6590378,5.7285304,3.3448164,3.563891,3.0802016,3.4993558,2.7610798,2.6846054,3.7179432,2.9915297,2.9736347,4.46801,3.3584666,3.2100227,4.981918,2.9923406,3.7359703,2.9119604,3.6104624,2.8548129,2.8223205,2.0108607,3.554891,3.610801,2.867224,3.3809667,3.2414162,2.816242,3.9004397,1.3286088,1.0252916,3.5106611,2.9460566,3.906141,2.640891,3.138918,3.042877,3.479219,2.7858071,4.049927,3.906141,3.8075416,7.630841,4.77864,3.0958118,2.5771642,2.8069623,2.606552,2.8687856,3.442526,3.014439,2.6805313,2.3904963,3.907296,3.0235417,2.7992136,2.690517,3.009036,1.0672184,3.7429087,3.7042985,4.6319766,3.4519646,3.696714,3.0955932,3.263326,2.7984555,3.462697,3.27568,4.5827312,3.4631307,3.5230663,2.9257002,1.291071,3.6931546,2.8069313,2.6545646,3.2986608,3.7283342,3.0332117,3.310956,3.0432513,4.9067497,3.2342007,2.8941352,3.6273043,3.1719596,2.915694,4.338714,5.1867957,4.330617,4.2421126,2.6728382,3.071247,2.4416163,2.5620723,3.662275,3.139615,2.2357113,5.2812576,4.098781,2.927037,1.3889394,3.1005101,3.1722488,3.8492196,3.6172647,2.9836435,3.683584,2.6598063,3.2377515,3.7233627,4.072342,3.6745787,3.6820328,3.9262772,2.5347188,2.946035,3.9924614,3.0480628,3.083349,3.7310653,1.7613277,3.09337,2.4693775,3.9893582,2.9429586,3.6914,2.681917,4.3125267,4.9867697,3.344379,3.5826783,2.6381633,3.6113033,3.0820026,4.6746745,3.1277218,2.7465756,2.4253638,4.118439,2.8816533,4.2209024,3.2131844,3.251021,2.9821935,2.6439357,3.3047647,3.2557018,3.2685497,3.6891131,2.5112755,3.3621502,3.725959,2.872545,3.1263735,3.5366914,3.4643452,4.83835,3.603432,3.4468656,3.5268753,3.2048168,2.9271286,4.6222672,3.5542002,1.9896892,3.564615,4.2145905,1.0656043,4.487504,5.654671,3.462068,4.692608,3.0479217,2.2412117,2.5092747,3.911278,3.3874068,3.5938199,2.6087103,2.4734693,3.2637248,3.6405916,3.618858,3.3073874,4.330449,4.0383935,3.7474892,3.2668922,3.349997,2.9674451,5.2099557,3.223094,4.210332,3.6638403,3.75472,2.7943432,2.4437075,1.2506299,3.2788188,3.3580859,4.190492,4.863628,3.7318208,3.287069,2.9676902,2.3317313,3.0372365,4.3784404,2.8331797,3.0372066,2.8368182,3.5518222,3.1232538,2.7466748,3.314846,3.6073499,2.5649183,5.3576355,1.0763735,3.815511,3.1320899
1.4701493,0.92275566,2.3697124,4.219055,2.7289324,2.2074978,1.2409035,1.5822898,0.111020416,2.2580602,1.331285,1.5265498,3.0472882,1.5547198,3.878214,2.408306,3.050799,2.0491612,2.45459,3.0438852,1.4011492,0.6156915,3.0650845,3.5551424,4.654496,1.8162999,5.160999,3.0098653,1.687608,2.3246388,1.3672493,1.2070805,1.7158986,3.2114458,1.7510339,2.6685913,0.4176946,1.2325342,4.3760433,2.3066444,1.7384651,3.4375343,1.3724364,1.4712902,3.274838,1.5602677,0.64204407,1.2905573,2.1757703,0.18281311,1.4077183,3.2699463,2.7860162,3.0472455,1.8284554,3.4331312,1.338239,0.9365063,2.6546834,2.7800505,1.8830333,2.8898163,2.939915,3.2395482,3.267731,3.8075078,1.9546063,1.0837004,0.6479155,1.3275653,5.1506543,2.937941,1.2359113,2.4726686,2.322457,1.7145377,1.9518968,0.46004727,1.6708299,1.6908232,1.1409615,0.81839144,1.6146278,3.6267636,2.0643384,2.6455472,1.6774364,3.514794,3.052848,1.9782646,2.865686,1.2764531,1.3046659,1.6836436,1.2765272,2.4030771,1.9975508,3.048576,3.4256501,4.0724316,0.4065855,1.121024,0.5760969,1.7835655,1.524042,1.70231,1.2133628,2.0762167,2.7639453,0.5760969,0.59044456,10.006283,2.875762,1.3867441,2.163455,1.7885611,2.0806088,2.0651414,0.6410368,2.3883667,2.8514671,2.4435234,3.2030773,1.6544875,1.6470791,2.21504,2.8075728,3.9329705,0.5367008,2.161548,2.6288955,1.2109395,1.2802864,1.9023564,1.5042626,1.7867159,1.396212,2.7880025,1.7609514,0.7039282,2.4025507,1.5294031,3.5037146,1.3122885,2.2070968,2.9089487,1.6162854,1.3460683,2.8748438,1.1027291,1.5544754,4.207861,1.9010549,2.0015216,1.0549768,1.5120186,2.0995264,2.2427053,2.8412845,1.5941026,2.6593153,2.7668467,1.8893087,3.4077911,3.119085,1.7267575,3.1275663,2.8751616,4.1817894,2.3036337,1.6792465,2.96433,1.7118721,1.5037533,1.9389867,2.8285751,1.6251494,0.44104174,2.173213,1.5636967,1.3305291,0.49679217,1.2502341,3.1373909,2.664934,2.1526282,1.6601251,2.2648237,1.8672744,2.9519563,2.2603948,2.754852,1.705061,2.180487,3.857881,2.4775424,1.4086274,3.0364568,2.7590647,2.9100869,2.982826,1.9813068,3.1960502,1.9171199,3.0557384,3.3587465,2.6688879,3.1582718,3.4836493,0.7168108,2.3218873,3.2734091,1.8356736,1.8896389,2.2750914,3.0213475,1.145806,2.8334584,2.5467603,1.4420209,2.3300636,1.9915345,2.0037742,2.6840124,1.7613912,2.2715714,2.7227437,2.48356,0.8523237,0.6917455,1.6415724,2.9243844,2.749645,3.6093988,2.930544,5.2437205,2.1396363,3.5225186,3.8560667,2.0681176,4.904726,1.1853682,3.0302374,3.726971,3.2901497,3.536453,0.26644787,2.376267,2.0384154,2.4146624,2.4187427,1.4236113,3.0175774,2.3540332,2.9906464,2.666365,0.7878635,3.30592,1.4930816,3.1229436,3.6018806,4.4123435,1.8559489,1.5770508,2.839652,2.312514,1.8220478,2.9699755,4.1743913,2.3107946,1.0499244,2.6148484,3.7615604,2.6048114,1.6957831,2.5936608,3.1485739,2.1393583,3.8803408,2.1843812,2.1116252,1.96604,1.3663702,2.0771906,1.777619,3.420086,1.1906204,3.1605668,3.9649503,4.302408,1.1520535,1.951448
0.94785494,2.7485363,1.448645,3.1298084,2.8693705,2.786226,0.74882597,0.38318396,1.8860906,0.5403288,0.66159624,0.5369912,1.9334325,0.5328622,3.77138,1.4285358,2.1076336,2.5426362,3.2848907,2.2799616,0.75920653,2.350272,1.9742848,3.0417345,5.4753103,0.842431,5.340879,2.1065795,0.6645302,2.3523915,0.6931021,2.8823411,1.024967,2.5202847,1.0139276,1.3228606,2.1911423,1.1861587,3.8280623,1.463866,0.6563504,2.3849597,0.648164,0.68888444,2.8313725,3.3881583,2.4839396,0.8730465,1.267516,1.9611539,0.59758484,2.3027914,1.494936,1.1463697,1.098285,3.1428642,0.66596687,1.534305,3.4225662,3.1872709,1.2305578,2.0430331,1.3463204,1.9476674,2.1976588,3.4153552,2.9104052,2.339709,2.0325205,0.720383,4.590642,1.8056031,0.8682705,1.0519696,2.9017563,1.0679648,1.0346411,1.7525895,0.80125076,0.8382284,2.9881883,1.5155188,0.54478127,3.309777,0.87822795,3.546771,0.9356956,2.954767,2.0068176,0.80507755,2.0566304,2.3262422,2.4357932,0.9802265,0.6957267,2.6880045,2.0702524,2.0811906,2.6936522,3.5168386,1.586316,1.9621226,2.4552486,1.267562,0.66980994,0.6134713,0.9667616,0.92547745,3.902717,2.4552486,1.4730824,10.597341,2.712134,1.7093933,1.1706618,0.862997,1.2328308,1.5953192,1.7406389,2.151484,1.626306,1.4965388,2.3020787,0.75022835,0.95849615,1.4966228,3.3905761,3.7698424,1.9735532,0.45185596,3.4972515,0.98316544,0.7607794,0.76593053,0.5570904,1.053982,0.5490385,1.472313,2.201812,1.8537099,3.045885,0.9088183,2.8978717,0.6478393,1.4189161,2.6929166,1.3218137,0.6371101,1.4366633,1.0865618,0.740856,3.1847143,0.68190426,0.76824605,2.1863036,1.323275,0.8340706,2.7355723,4.123954,2.522772,3.626347,2.913128,0.61584485,2.9785116,2.4425423,1.5255167,2.9817545,1.9008099,3.7247634,2.4834876,0.89901245,2.3548782,0.5514183,0.6495183,0.56047213,3.1458228,0.77749056,1.750776,2.555202,0.543193,0.6966456,2.1934183,0.801727,1.9613104,1.8289276,1.0935029,0.88023305,2.7920125,1.3976436,1.6916775,0.4772709,2.575657,0.54519993,1.3398474,4.15424,2.397878,0.62450284,2.6625578,3.4898322,3.980352,1.7144058,0.2378276,2.590785,1.3264097,1.8436607,3.66913,2.9803119,1.886869,2.2688181,2.502428,1.1536158,3.0911443,0.8377551,0.9508129,1.0855836,2.1823223,2.1111903,1.5197706,2.7040434,0.57812786,1.2018961,0.39423403,0.5698436,3.9046574,2.2874527,3.0928404,2.5181017,3.4051354,2.0394423,1.2597594,0.4048409,2.9555047,1.2732779,1.9060305,3.2312593,5.4046307,2.760343,3.027435,3.2336574,1.9215097,4.223513,0.9993131,3.932552,2.3095381,3.715758,2.2408397,1.9232062,2.9010944,2.760617,1.3092993,1.2755609,1.089284,1.7892022,3.219484,3.1122298,3.3179736,2.6674838,3.1266441,0.5862645,1.8061664,2.8180842,3.526473,1.0927137,2.4468434,1.3516647,0.57824934,0.879813,3.058307,3.9022062,2.5414312,0.91785073,2.6031628,2.166527,3.5042965,1.9788569,3.1507025,2.6754549,1.2549682,3.7406626,1.890101,1.2005666,0.7889104,0.7300687,0.92932737,1.1954216,3.366407,0.89772165,2.0319633,2.9028504,4.2295675,2.6191905,1.1095359
2.9100688,2.5597956,2.4117894,3.997362,1.3378689,0.7562287,2.7371726,2.944899,2.1713006,3.2158499,2.6808758,2.954246,3.3215961,2.923215,2.507293,3.489917,2.8030422,0.9715583,0.5822492,3.8712883,2.9673963,2.403101,3.2008743,3.7258797,5.0321956,3.0566757,5.3671103,3.75587,3.031056,2.67699,3.012787,2.4040453,2.975473,2.824118,3.0103323,3.0395188,2.0406253,3.0828485,4.82031,2.9671729,3.1202304,4.462314,2.7647088,2.9305813,3.249885,1.9278724,1.9861672,2.8715153,3.2443383,2.0218089,2.767077,3.3817573,3.3962054,4.0689416,3.2779999,2.3070633,2.8915083,2.6309066,0.638826,1.1874106,3.2497485,3.4127476,3.9865768,4.184699,3.6705532,4.10845,1.6735877,2.6275516,2.4036007,2.992638,4.0400586,3.3432114,3.0060024,3.3868272,2.4360874,3.006215,3.2306154,2.47111,2.8728817,2.8763657,1.963018,2.8561208,2.868882,2.459644,3.4602873,3.8268642,2.913785,2.8131497,3.2364187,3.091791,3.7434921,2.7894037,2.7984428,2.935746,2.6539116,2.7592628,3.365021,2.734063,4.2800245,4.6689305,2.4480445,2.8825529,2.0535536,3.0506132,3.0464911,3.0615797,3.0455441,3.017728,3.797007,2.0535536,2.5857599,9.924966,1.6935467,2.9813547,3.1050475,3.1870713,3.337318,3.5047812,2.52681,3.2691033,3.7929564,3.6852634,3.2723184,2.865404,2.9379451,3.4075983,2.400646,4.4980106,2.0516963,3.2007515,0.517148,3.0358407,2.9675832,3.09091,2.8416781,2.9669888,2.7666,3.642393,1.4348263,2.4988573,1.3744936,2.9531739,4.144572,2.8452566,3.466845,2.941242,3.1337123,2.9012966,3.5080311,2.812276,2.884294,3.906461,3.1698246,3.1068645,2.690914,3.1631637,3.0204747,0.92084134,1.1004851,0.78207314,0.9985019,2.1953926,3.0765765,3.0605133,2.9835267,1.9120921,4.366286,3.7475078,3.0688643,1.1682603,2.8940177,3.8105316,3.0046647,2.931511,2.9327724,2.1269355,2.8575892,2.6084094,1.9323322,2.9034421,2.9643216,2.2086062,2.9712646,3.341012,2.3906982,3.3241527,2.8933947,2.373725,3.3959374,3.435845,3.1953042,3.9922783,3.0269508,3.3969908,5.1398,3.0926223,3.0006127,2.618166,0.79541785,0.87142426,3.6688173,3.0644674,2.9294698,2.093808,3.2207677,1.7211343,2.1811295,3.7921913,4.022611,2.0959463,3.642322,3.5862455,3.048081,3.2007833,3.449307,3.1991184,2.7123077,3.321165,1.6834211,2.987757,3.4094148,3.0963264,3.1340327,3.7982218,3.2322607,1.0946739,2.082484,0.5784277,2.5062551,2.3924398,2.9694362,4.3212757,3.7390852,4.1764,2.353066,5.427668,2.1755457,4.141827,4.4231677,1.843751,3.8829513,3.020322,0.93638724,4.202451,3.1716337,4.32345,2.1376803,1.9813181,3.4393814,3.2713845,3.4863343,2.9551933,3.3712487,3.6622474,4.334615,0.80060977,2.0132368,2.2091374,2.833324,3.4735482,3.7260838,3.9244359,3.2732663,0.74969125,3.2034879,3.20096,3.1631875,3.05399,4.4122434,3.7866204,2.621828,1.4247822,4.2262383,3.805235,1.8452563,1.7923843,2.970157,3.0331209,4.28058,3.6205933,3.374458,3.124789,3.029268,3.2911,2.9843647,4.6993937,2.9840665,3.5044272,3.904977,4.6574273,2.6194918,3.3200624
0.9398802,1.9125085,2.1977944,3.7776396,3.209051,2.9171536,0.7526686,0.9014348,1.2773806,1.5876753,0.8760164,0.83186907,2.6750176,0.9010061,4.1688743,1.7317042,2.8098254,2.718398,3.3079038,2.6090097,0.8541961,1.6919802,2.594507,3.4039657,5.134483,0.9802504,5.178143,2.631025,0.9652366,2.6378946,0.6349152,2.281134,1.2647936,3.095305,1.2358271,2.2881413,1.6541348,0.71832347,4.3068776,1.7611411,0.84304184,2.5804846,0.86276263,0.7449067,3.212652,2.8330402,1.8935941,0.87618774,1.3978026,1.4190152,0.8691014,2.8009567,2.078425,2.0697162,0.8561983,3.632596,0.6688761,1.193865,3.511634,3.4532876,1.1361603,2.3049295,2.078716,2.3546193,3.0127432,3.6754205,2.6072984,1.5103408,1.5258886,0.59281504,5.1429334,2.343622,0.51257735,1.8458453,2.9660969,1.2498431,1.1326772,1.1709439,1.1829308,1.2222338,2.386377,0.7745349,1.0232633,3.815349,1.0264498,2.7103996,1.228906,3.4854996,2.744812,1.2690247,2.4035478,1.4934396,1.590178,1.2370148,0.8575893,2.828323,1.9385128,2.844113,2.822377,3.6975923,0.89848,1.125436,1.7934626,1.3977665,0.63411146,0.87557787,0.48254195,1.4888016,3.042729,1.7934626,0.7771613,10.185631,3.2510524,0.97526073,1.6497611,0.9399428,1.2545235,1.208818,0.9455314,1.9260495,1.993526,1.5678803,2.7775304,1.1447445,1.1459353,1.42155,3.449778,3.805017,1.5666012,1.4761332,3.5371685,0.5317636,0.5368407,1.0729215,0.91173697,1.3582689,0.85379946,2.2406352,2.432831,1.3436692,3.1684918,0.9898229,3.139657,0.70953304,1.3366354,3.0676801,1.3280978,0.66889775,2.283614,0.43116188,1.0024186,3.8149724,0.9819212,1.2524557,1.3417844,1.1558377,1.4702353,3.0006433,3.9520612,2.478268,3.6443307,3.141411,1.2191384,3.4178956,2.9843962,1.9849916,2.4946916,2.3512297,4.2659445,2.8638058,1.2233814,2.524594,1.0044835,0.8634568,1.4386234,3.4340887,1.1154708,0.93399364,2.6478796,0.93410045,0.59115314,1.5092163,0.50467163,2.6031835,2.5555837,1.3883947,1.1958772,2.5170193,0.9457409,2.3082948,1.5407045,2.2068307,0.95345545,1.383353,3.44327,2.6236227,0.6741062,3.0996828,3.6150393,3.9273741,2.5111015,1.2695634,3.1098845,1.9407269,2.6532097,3.9007144,3.208768,2.4226217,2.8153384,1.9431368,1.2993598,3.491409,1.0141339,0.97032434,1.3443471,2.812381,1.6694782,2.1958272,2.9408684,0.73210174,1.5524782,1.2931014,1.409181,3.1003704,1.5171106,3.0694354,3.0388525,3.400534,1.250675,0.8824226,0.99401253,2.327427,1.998295,2.7870743,3.5087512,5.264465,2.8328042,3.481995,3.4308386,2.4261014,4.8470182,0.5252863,3.9744463,2.9786265,3.7182746,2.7041872,1.3987492,3.0475988,1.9339174,1.889769,1.7301881,0.62989175,2.4161537,2.3675091,2.466562,3.4349818,2.0126574,3.551414,0.9285182,2.5053296,3.4500294,4.118001,0.8984544,2.449227,2.3512208,1.6441286,1.1293445,3.2478275,4.0627923,1.8144734,0.7431346,3.024101,2.9869778,2.6642199,1.952258,3.2129986,3.1101277,1.4907829,4.0669246,1.4137828,1.1997656,1.2122971,0.6449589,1.1582553,1.4142777,2.8141997,0.45773217,2.6517804,3.519456,4.2416224,1.7712227,0.99916714
1.0623875,2.073887,2.009201,3.5603087,3.1119006,2.8514507,0.78452337,0.8129063,1.4123791,1.4061728,0.8605828,0.8248695,2.658143,0.8896214,4.03939,1.8147196,2.610796,2.7196395,3.293324,2.732619,0.8493158,1.8681334,2.4483244,3.508467,5.4057755,0.880517,5.3781166,2.7077339,0.9972217,2.7305577,0.60360384,2.4853609,1.3602629,3.044893,1.3333784,2.1738157,1.7576839,0.92228603,4.390349,1.6474942,0.8297851,2.6346848,0.8626805,0.79092276,3.291668,2.9469228,1.9927778,0.90636045,1.3498663,1.5271318,0.8511196,2.6645381,1.9345882,1.8762554,0.7967864,3.4726124,0.50789446,1.353546,3.4588454,3.450706,1.2584128,2.1714983,2.0508478,2.3518207,2.968697,3.8194952,2.6246023,1.6309482,1.672936,0.5386936,4.973283,2.2150457,0.5647868,1.81826,3.0972824,1.3613254,1.1772947,1.3205607,1.2224605,1.2662313,2.488034,1.0198044,1.0025148,3.6520336,1.0074675,2.8527002,1.3025402,3.4056535,2.7286768,1.2669986,2.5191648,1.621472,1.7223626,1.3231502,0.8426031,2.9628625,2.1487916,2.6922019,2.938799,3.8484464,1.0555341,1.3707774,1.9273815,1.5351962,0.66515326,0.8729358,0.6120645,1.4835896,3.1896274,1.9273815,0.85313594,10.373108,3.1081667,1.1147684,1.6961989,1.0038044,1.3025945,1.2729555,1.1033522,1.9285067,1.9618856,1.6312323,2.6143563,1.1742796,1.2409098,1.4468992,3.5917497,4.004823,1.6867807,1.3294275,3.5197473,0.6687341,0.45957056,0.99777263,0.89639837,1.443139,0.7947363,2.228007,2.3520749,1.5342968,3.236823,1.0975231,3.2795627,0.6044441,1.3470883,3.1648583,1.4554244,0.5343795,2.2369332,0.5368967,1.0509826,3.6059463,0.8727768,1.2248006,1.4670329,1.3272194,1.4296056,2.9687803,3.9661148,2.442293,3.6989076,3.2163694,1.2079526,3.4603467,2.992929,1.9419637,2.566043,2.4378467,4.089846,2.8082514,1.2862811,2.6679626,0.9980618,0.8977121,1.2854369,3.5032725,1.1566669,1.0999982,2.7499366,0.92317724,0.47637057,1.5897123,0.45780006,2.4420302,2.401762,1.4378349,1.2581537,2.4779422,0.9962439,2.2078288,1.3560182,2.3855755,0.9463632,1.4447715,3.548972,2.7571676,0.5779784,3.1175346,3.6213937,3.9267285,2.4937782,1.1147575,3.1140559,1.8488084,2.5854607,3.826627,3.3032973,2.3689117,2.8040905,2.0704021,1.2841045,3.5561829,0.9140974,0.87295234,1.2844799,2.8373842,1.8874272,2.0699372,2.942208,0.6297317,1.5780575,1.201028,1.2990899,3.3744848,1.6598946,3.1274247,3.036353,3.3614688,1.3674276,0.98200715,0.91097176,2.4295692,1.9878839,2.5346403,3.5924027,5.4645705,2.9474025,3.542411,3.5565376,2.305534,4.657981,0.6651108,3.9829772,2.9010644,3.8984108,2.6921737,1.4945619,3.1476214,2.0485008,1.9234247,1.7858155,0.6323067,2.2503958,2.511555,2.5670536,3.411157,2.142997,3.496541,0.9209177,2.375506,3.495454,3.908559,0.84191114,2.422363,2.2141376,1.4746871,1.2093824,3.3948555,4.221079,1.9208095,0.80567354,2.9298508,2.7212398,2.8060927,1.9398806,3.3054273,3.154335,1.4160645,4.1679955,1.5020007,1.1552644,1.209083,0.64989924,1.072947,1.5266615,2.9013197,0.49843094,2.6264904,3.254351,4.435914,1.9107283,0.95301986
1.2122345,2.5221615,2.0424345,3.082986,3.0173688,2.9071672,1.2690554,1.3233106,1.8937666,1.7464172,1.2773983,1.226603,2.338371,1.2422011,3.7134392,1.373343,2.3525374,2.6994739,3.276435,2.4074368,1.5686753,2.4419763,1.8551271,3.0156455,5.255848,0.4940678,4.6326246,2.6485872,1.0860816,2.9999459,1.3800962,2.9181805,1.4917127,2.4993649,1.3590193,2.2356489,2.3443696,1.520238,4.624959,0.9691345,0.7375112,1.7803656,1.2986312,1.002246,2.7878947,3.395774,2.5266578,1.6089729,0.46595117,2.023061,1.2537191,1.9574956,1.3008873,1.9140288,0.2848963,3.2544987,1.3386037,1.9569095,3.5538232,3.365968,0.7742766,1.402763,1.8827188,1.5813303,3.2392151,3.365517,2.421577,1.752931,2.3358295,1.3690633,4.495537,1.5151058,1.3721887,1.8180822,3.374263,1.4627473,0.63821405,1.9903237,1.3778571,1.41704,2.971399,1.6034616,1.2621192,3.4178624,0.59531784,2.4768343,1.4632584,2.84436,2.4357336,1.0138062,2.2246897,1.5959032,1.7150697,1.4691533,1.309055,3.2040029,2.4316528,2.3890057,2.1419332,3.2213259,1.5777451,1.3384291,2.3416412,1.6123755,0.8745399,0.8732331,1.3684989,1.2432581,2.9123466,2.3416412,1.587363,9.55229,3.1986034,0.83676183,1.4910972,0.7890698,0.541123,0.36733657,1.4097031,1.0223198,1.1269635,0.8510703,1.9953308,1.3363694,1.3132827,0.4351973,3.5467973,3.5356588,2.2426085,1.662386,3.5627491,1.3980955,1.3364335,0.6089556,1.2437255,1.5370803,1.3060098,2.3419929,2.849894,2.0849283,3.2330253,1.3035561,2.7561672,1.3706478,0.33464852,3.0583231,1.9824969,1.3390546,2.0396988,0.8951935,1.2697002,3.112774,0.611064,0.9220115,1.5858907,1.8206484,1.1757962,3.1946387,4.1238513,2.6856594,3.7783124,2.8814578,1.3154564,2.9376464,2.4896927,2.2099848,1.725382,2.1726773,3.7643898,2.9031477,1.435573,2.1312728,1.1482607,1.2371182,1.7624698,3.5898538,1.297092,1.7004031,2.5438883,1.2506938,1.3366871,2.102451,1.3367752,1.8589453,2.2432544,0.99879247,1.4229593,2.1063707,0.27985537,1.5229518,1.5428529,1.5661126,1.0730819,0.673612,2.9292092,2.935371,1.3794184,2.6350183,3.6113338,4.004258,2.580218,1.3849533,2.5838869,1.9621464,2.21384,3.5797894,3.2813034,1.5873907,2.0588331,2.6498625,0.5982098,3.9722269,0.5151836,0.36545834,0.55756253,2.566701,2.3625343,1.4819682,2.594443,1.3956563,1.0074463,1.3956971,1.7786424,3.144982,1.2443444,2.9869175,2.9882355,3.4771667,1.5514867,1.5280269,1.4219049,1.7194642,1.8598171,2.3880184,3.6802037,4.732189,3.23978,3.95715,2.8225965,2.7403526,4.2498894,1.4028974,3.9813766,2.1838021,3.6338263,1.8969173,2.1155202,3.2705245,1.7427423,1.7321337,1.5013934,0.55205387,1.6674275,2.1738632,1.8730762,3.3347151,2.549499,3.070196,1.2871426,1.7617155,3.3526394,3.4408205,0.24231045,2.663436,2.1443048,1.6973786,1.2245071,3.2739403,3.6341505,1.3688191,1.3391955,2.8473284,2.552558,2.4391427,1.6267848,3.0549893,2.6428194,0.672895,4.5507264,0.6515477,0.24707723,0.93332356,1.396035,0.4741849,1.6433669,2.1170704,1.3504407,1.9932553,3.017986,3.8567352,2.062125,0.1819439
0.72095853,2.2476664,1.7937808,3.3698957,2.93992,2.748132,0.54917145,0.56681144,1.4723768,1.186823,0.5883241,0.50882316,2.2399502,0.5577319,3.857272,1.3993595,2.389914,2.51333,3.1769426,2.3350394,0.7526413,1.9628981,2.1499348,3.091092,5.189876,0.5796241,5.058043,2.3361013,0.5920928,2.4760416,0.5501551,2.5111477,1.0083368,2.6730092,0.9547365,1.8480406,1.857221,0.854846,4.1172237,1.3839566,0.40241733,2.289882,0.58650565,0.40732667,2.8789058,3.043854,2.1174583,0.81101286,1.046286,1.5893602,0.5547885,2.3909695,1.6329937,1.668794,0.64608854,3.2995667,0.54531384,1.3014159,3.3789225,3.2190626,0.88968897,1.970083,1.6885674,1.9836295,2.6898546,3.418428,2.5713072,1.7659172,1.7393111,0.5409837,4.765935,1.9102421,0.57591593,1.4418764,2.8939679,1.0085114,0.7803425,1.4024947,0.8546319,0.90042186,2.6174088,1.0574267,0.6469764,3.476946,0.6641877,2.9295714,0.9490722,3.0815778,2.3151472,0.83394665,2.1206403,1.7284056,1.8384088,0.9705283,0.6031324,2.7220387,1.9454992,2.394292,2.5603557,3.4535732,1.1204791,1.3494264,2.0238953,1.1956695,0.2582043,0.44139418,0.6149067,1.0548075,3.2870395,2.0238953,1.042651,10.169651,2.9480538,1.0915092,1.2749286,0.59336686,0.9432307,1.1084521,1.1835946,1.765676,1.6072426,1.2805848,2.3874476,0.80382985,0.8692307,1.1613749,3.3190732,3.6429126,1.6997176,1.0763253,3.4146237,0.64905035,0.5232341,0.62255573,0.56803423,1.0800445,0.55821455,1.8918456,2.309504,1.5264982,3.0039117,0.7626408,2.8759806,0.560031,1.0798388,2.804976,1.2939678,0.52854234,1.8378294,0.48580557,0.69365835,3.408859,0.53080165,0.79685545,1.599814,1.1741881,1.0072577,2.8187547,3.9452305,2.4048579,3.5428207,2.8791726,0.82105845,3.0575082,2.5824368,1.7135429,2.5001512,2.0346172,3.907733,2.6086383,0.92557573,2.2704182,0.6034099,0.56831723,1.0920265,3.2359536,0.7817823,1.2572061,2.4484692,0.58467627,0.51919055,1.7596233,0.5294976,2.156976,2.1321523,1.0170041,0.9004195,2.4480467,0.8687439,1.8495638,1.0930525,2.1427982,0.5405906,1.0786378,3.5932071,2.4736795,0.5479161,2.735522,3.4508736,3.8550894,2.1513462,0.8308594,2.7124321,1.5792514,2.1827533,3.65802,3.0090728,1.9908012,2.3951454,2.1686745,0.96969074,3.346047,0.6037606,0.63122267,0.95669705,2.4245365,1.8272842,1.7255608,2.662001,0.56721807,1.1619902,0.8596774,1.0842414,3.3277836,1.6728456,2.93247,2.7181208,3.3075879,1.4805714,0.9317896,0.6733439,2.4148965,1.6065407,2.3652046,3.319017,5.1377234,2.7539034,3.3284,3.1565764,2.1932914,4.454757,0.65684986,3.8497453,2.5267208,3.5816567,2.3162217,1.5915036,2.9044511,2.148264,1.5075294,1.3711303,0.5120024,1.9726818,2.5967515,2.564074,3.2578864,2.2445157,3.2030056,0.604655,2.0353692,3.1052282,3.7302074,0.6617779,2.3553057,1.877941,1.2095622,0.8204772,3.0583134,3.827242,1.9540193,0.6485893,2.7234814,2.581443,2.8861918,1.7489758,3.0295284,2.748031,1.1070682,3.9555047,1.3781885,0.89661914,0.77667904,0.5752387,0.75773865,1.1844912,2.864039,0.56553817,2.2066247,3.1632588,4.07139,2.0500743,0.72741735
0.33866835,2.3205695,1.9552909,3.536666,2.9779034,2.8113844,0.61103773,0.7724888,1.5197269,1.3876381,0.65930605,0.55300945,1.9345822,0.562803,3.9125369,0.9383166,2.5341082,2.4044428,3.1583602,1.8292726,0.9103066,1.9602369,2.1740594,2.598088,4.697478,0.7742642,4.5564995,1.932125,0.35536364,2.182549,0.8298978,2.3856611,0.63344926,2.468022,0.5230896,1.8013483,1.9371896,0.7985929,3.7946007,1.4550848,0.3858686,1.9761925,0.6285705,0.3082189,2.4307034,3.0680807,2.2111866,0.91679317,1.030415,1.6536068,0.6178113,2.4162889,1.6853906,1.8499225,0.8838539,3.4078767,0.9739507,1.220969,3.432194,3.0737755,0.44433606,2.0773551,1.4847509,1.7351108,2.5503476,2.8873477,2.593955,1.8785158,1.7508838,0.8726961,4.8388176,1.9193218,0.82192963,1.2322711,2.5999453,0.59573984,0.4957664,1.4580935,0.5965525,0.6275941,2.6946023,1.0407839,0.5978255,3.5842164,0.6444416,2.9265354,0.62573516,2.9587483,2.0119557,0.57188696,1.6244404,1.8153436,1.9213858,0.61864376,0.70134246,2.383577,1.5651063,2.4092474,2.1057749,2.9247184,1.1985002,1.2270156,2.066179,0.7467683,0.32754657,0.34872565,0.78550303,0.7726264,3.2875457,2.066179,1.2901124,9.801381,3.0477402,1.122703,0.875118,0.24529462,0.6977052,1.0778581,1.2712052,1.7506697,1.4412543,0.9815757,2.4881008,0.5747234,0.46566334,1.0355557,2.9356058,3.0819368,1.693506,1.220529,3.403735,0.77934515,0.90308595,0.6827437,0.58045596,0.70247436,0.7373045,1.6766442,2.4451704,1.4385895,2.7666407,0.4281679,2.346153,0.9078164,1.0111655,2.3844595,1.1211029,0.9263936,1.6133488,0.7036422,0.4752597,3.5594192,0.72359914,0.6175685,1.7189705,0.9700601,0.8185225,2.7913222,3.963712,2.4976935,3.392038,2.5253875,0.6504135,2.6759694,2.2465053,1.6698686,2.460874,1.5795889,4.0187445,2.5731516,0.616016,1.7382083,0.48378465,0.48416328,1.2866148,2.9532404,0.5230878,1.3877596,2.1012816,0.5668346,0.9197353,1.9287952,0.8904807,2.2130063,2.184898,0.6318946,0.6013432,2.5630183,0.9399219,1.7674532,1.2833749,1.77984,0.43626273,0.7759303,3.5889852,2.089592,0.8968909,2.4171562,3.3492763,3.8473623,1.9265214,1.0160295,2.3926115,1.5770986,1.9785326,3.6594832,2.6676054,1.8100117,2.099343,2.2068193,0.89903176,3.118068,0.7802263,0.8516408,0.94727373,2.0552428,1.6238391,1.702227,2.4797244,0.90065736,0.8346134,0.88785577,1.2053503,3.0384135,1.6684434,2.7545447,2.4898696,3.3689766,1.5998895,0.98647773,0.83679783,2.3906672,1.353699,2.6142132,3.00908,4.628157,2.4950526,3.101625,2.6599252,2.323209,4.556931,0.7927757,3.7752373,2.36449,3.0988326,2.0629745,1.6945853,2.6113336,2.2218497,1.1340444,0.96294206,0.7564475,2.0517716,2.6091895,2.5474665,3.2154627,2.2839828,3.0722008,0.60097945,2.0024612,2.7222874,3.890474,0.86947197,2.413337,1.8555863,1.3574499,0.42140052,2.593948,3.2902148,1.9895681,0.71542203,2.7319584,2.8614795,2.8876486,1.716593,2.718667,2.3615727,1.1150433,3.6722572,1.3267765,0.9534713,0.53318405,0.7990111,0.8527332,0.78168267,2.8223784,0.8582589,1.9218165,3.4658372,3.52005,2.1306026,0.8631131
0.86274946,2.284427,1.7645191,3.3577473,2.964722,2.7691982,0.6053157,0.53583384,1.5182785,1.1099703,0.6329424,0.5591643,2.3309562,0.6127503,3.8838265,1.5527564,2.3788512,2.5798953,3.2258167,2.4780183,0.7158839,2.0001576,2.1953313,3.2449024,5.350591,0.66962767,5.2525873,2.430948,0.7150896,2.5425277,0.4930332,2.5784783,1.1223508,2.7691348,1.0881169,1.8495916,1.8722292,0.91312736,4.1657047,1.4553217,0.5514119,2.4309914,0.63268024,0.5475112,3.0276425,3.0728548,2.1333964,0.7955897,1.1632878,1.6237751,0.6015336,2.445484,1.68039,1.6056203,0.73229784,3.3028271,0.41995615,1.3449233,3.3970678,3.2878304,1.0780078,2.0221105,1.7439518,2.10043,2.6871777,3.579425,2.6443589,1.8280482,1.7593166,0.46428502,4.783174,1.9710296,0.55002224,1.4949049,2.9713087,1.132862,0.949185,1.4239641,0.9514535,0.9971391,2.6366875,1.1211661,0.7092483,3.4794548,0.7823881,3.0309517,1.0537258,3.1608343,2.4041617,0.96177334,2.2601793,1.8070976,1.9148961,1.0812294,0.63670075,2.805968,2.045836,2.4162688,2.7320125,3.6256366,1.1717054,1.4844302,2.067992,1.3243932,0.42350692,0.5804846,0.6234172,1.1698831,3.381783,2.067992,1.031569,10.350995,2.931069,1.2154436,1.4011322,0.76474726,1.108884,1.2446809,1.2562535,1.8827323,1.7207541,1.4370946,2.419832,0.89837635,1.0014961,1.3084724,3.4409277,3.8196135,1.7326498,1.0218716,3.4547107,0.66588396,0.43307513,0.7304334,0.62416124,1.192575,0.5558363,1.9266543,2.271311,1.5830169,3.0943584,0.8844519,3.0405297,0.4748373,1.2158079,2.9207115,1.3355563,0.41838574,1.8996601,0.58580273,0.7957426,3.4036167,0.6079026,0.9170534,1.6650307,1.237852,1.1063752,2.838641,3.977627,2.4166608,3.6116126,3.0113356,0.8957812,3.1926873,2.703883,1.7340313,2.6149473,2.159736,3.9102237,2.6366484,1.0292642,2.4418063,0.6941028,0.64985764,1.0174044,3.315851,0.88763267,1.2872237,2.5804574,0.64344823,0.4102359,1.7700839,0.45374885,2.191211,2.1415467,1.1701266,1.0027205,2.5063205,0.9924525,1.9267913,1.0386817,2.3247623,0.6417317,1.2468368,3.6918666,2.5657644,0.45106414,2.8590024,3.5109444,3.8943589,2.1868253,0.789615,2.833491,1.5984883,2.2550888,3.70385,3.1137326,2.0935054,2.5149934,2.1898608,1.084425,3.3708277,0.69369435,0.71312594,1.0598301,2.5298655,1.902268,1.7836193,2.76272,0.47259456,1.3065434,0.8693943,1.0277776,3.4802756,1.7907993,3.0300317,2.788479,3.3276598,1.5434141,0.9776468,0.6400396,2.5263875,1.6736921,2.294542,3.4037542,5.331868,2.8243628,3.345637,3.329875,2.1465251,4.456573,0.67258793,3.9056232,2.6079607,3.7391033,2.4305425,1.602093,2.9929063,2.2345679,1.6169136,1.4981368,0.6230025,2.0034385,2.6954725,2.6735756,3.3111365,2.2863655,3.2826464,0.65775484,2.0901651,3.1970718,3.7225823,0.75564337,2.373752,1.8811861,1.158217,0.95165783,3.1919727,4.0030675,2.0564408,0.70013887,2.7516084,2.5060253,2.9864197,1.8407905,3.1562486,2.8849308,1.2095045,3.9945557,1.5128665,1.0068226,0.9088167,0.5409039,0.85006404,1.2997966,2.9760547,0.5281316,2.3199828,3.1004045,4.25604,2.1130447,0.8332533
0.85386837,3.0305524,1.8887304,3.6708424,3.0836415,3.035895,1.0519067,0.9513546,2.1229408,1.0881274,0.99636304,0.8639448,1.3457817,0.8130216,4.0714936,0.99007124,2.5706158,2.4850535,3.4101436,1.3918672,1.0660298,2.4364786,2.337749,2.2608469,4.7176337,1.5071334,4.8004236,1.0808165,0.76909596,1.5903138,1.2004801,2.7649374,0.53538716,2.378016,0.6031157,1.1365846,2.4040902,1.2601482,2.8670106,1.9994681,1.1035824,2.2562277,0.93166685,0.98218346,2.1769817,3.513927,2.7392814,1.0890431,1.7324924,2.2023346,0.9368987,2.7020526,1.9641472,1.6249107,1.7740082,3.5068135,1.3990487,1.4542794,3.6220024,3.0210128,1.2546631,2.6281168,0.955131,1.8868126,1.5356069,2.5499635,3.2528758,2.7958405,2.0855546,1.287684,4.9338965,2.1969488,1.3097833,0.43217176,2.2532039,0.5886464,1.2288536,1.9229217,0.57265806,0.53982574,3.2185054,1.6690698,0.7476835,3.669285,1.3188636,3.9468827,0.5359079,2.9831693,1.4048629,0.85217315,1.1758835,2.7832787,2.8825214,0.5460605,1.0452213,1.9110438,1.3585879,2.2800188,2.2872396,2.7848454,1.8883791,2.1687794,2.6850061,0.6396008,1.1046284,0.9741346,1.3238426,0.75796205,4.282924,2.6850061,1.9548581,10.357332,2.9335194,2.152025,0.6023239,1.040633,1.4496685,2.0340407,2.1275349,2.6073463,1.7930242,1.5567361,2.8158824,0.6109542,0.66348046,1.8389965,2.7367995,2.9388146,2.0323515,0.89313453,3.6004024,1.2906598,1.3811349,1.3124378,0.8470026,0.47607633,1.0228075,0.6597359,2.4004598,1.8066177,2.6926715,0.7468183,2.1122668,1.2767334,1.8271176,1.8317227,0.9339423,1.3299524,0.93596274,1.6050462,0.71282434,3.701081,1.3587126,0.9684633,2.6552238,1.024101,0.8664832,2.6826384,4.2666993,2.7972438,3.425899,2.4559653,0.5340508,2.4568954,1.9995986,1.4332098,3.396522,1.0220165,4.107889,2.461387,0.5411134,1.6818565,0.73563486,0.81291646,1.0260365,2.5466118,0.6507693,2.1054666,2.1319149,0.7903937,1.3626577,2.6075306,1.3899487,2.3781366,2.078709,0.9872353,0.55675745,3.3298457,1.922729,1.9062966,1.1151406,2.5132868,0.8023325,1.4591647,4.5919576,1.4864932,1.2466968,2.2869966,3.4104893,4.082895,0.90397877,0.9617721,2.2023528,1.4082772,1.5511658,3.8699229,2.3478434,1.9399016,2.0301995,2.6302066,1.5272948,2.3028476,1.4911187,1.6383601,1.5477911,1.4350551,1.829773,1.8225236,2.6239831,1.2014338,1.1439974,0.6999407,0.8170421,3.7804563,2.7016337,2.9825008,2.060972,3.6322732,2.4912946,1.5030931,0.8815213,3.3766692,0.695792,2.5239642,2.5636182,4.8327436,2.193117,2.1952603,2.6422372,2.0898986,4.591368,1.3127625,3.9140313,2.292795,2.9789286,2.133552,2.1751962,2.3313074,3.2574718,0.57586473,0.7189054,1.7048061,2.2630234,3.6364968,3.543693,3.3983927,2.884641,3.1058512,0.8266496,2.0610845,1.8982959,4.051412,1.7498496,2.6497743,1.3232102,1.0349033,0.6394164,2.197737,3.13356,3.0245967,1.2010077,2.7450507,2.8450785,3.909542,2.269576,2.7934372,2.157544,1.7320634,2.8642051,2.2990603,1.7453614,0.913657,1.1587558,1.5166769,0.541792,3.7688344,1.3940401,1.7664229,3.6411984,3.4757974,3.0172527,1.7162149
2.251368,2.3207064,1.9398565,4.041061,2.0471306,1.606952,1.9379395,2.045805,1.6818925,2.2546618,1.888822,2.1313412,2.9801674,2.1132946,3.3354735,3.0542092,2.701069,1.5918564,1.993504,3.4844217,1.9586672,1.840692,3.1503124,3.7687635,5.2819953,2.570144,5.952311,3.131504,2.3403032,2.0267766,2.064649,2.1129625,2.2733467,3.078145,2.3705935,2.3073301,1.4617598,2.2326972,4.0333333,2.8175275,2.5036674,4.2435904,1.9467876,2.2410233,3.4051158,2.0070481,1.6164331,1.8772671,2.9530692,1.5343074,1.966559,3.465328,3.1272411,3.2078936,2.805577,2.8050478,1.9631125,1.7577919,1.8893081,2.0968778,2.8312032,3.3972342,3.2624824,3.8687043,2.71281,4.1217713,2.4673545,2.5457876,1.5934744,2.0476243,4.664601,3.232367,2.0927749,2.632654,2.058916,2.3288915,2.78341,1.6859028,2.1518042,2.1555748,1.8548634,2.1316693,2.0932195,2.978903,2.8915372,4.1016583,2.1934175,3.2942362,2.9176161,2.5424442,3.3102722,2.7406292,2.7777438,2.2275937,1.8437778,2.2571704,2.6382434,2.6563203,4.206121,4.660421,1.8616294,2.6472337,1.8432708,2.4017646,2.3599086,2.4138272,2.1633604,2.4932406,4.178192,1.8432708,1.8495961,10.966129,1.7958354,2.739714,2.5791185,2.6187553,2.9708993,3.213186,2.1522162,3.3592424,3.5032394,3.3322809,3.3507948,2.1421309,2.2868607,3.1628568,2.694081,4.531545,1.3658584,2.2517667,1.999242,2.1509686,2.0425718,2.5853941,2.0464156,2.281826,1.9085993,2.7836607,0.31453457,1.7815766,1.9683704,2.238422,4.0149055,1.9090723,3.1632366,2.7652173,2.1625144,1.969195,2.91172,2.23568,2.1493025,4.016472,2.6004672,2.5703554,2.5401862,2.2688637,2.4899704,1.1146166,2.3838897,1.1572381,2.0641298,2.7063622,2.3268678,3.3750346,3.0904977,1.2042431,4.4114523,3.248958,3.5948234,1.373501,2.179864,3.6148446,2.2724776,2.142419,1.9118221,2.187476,2.1578188,1.9990443,2.2765026,2.1027877,2.030032,1.8204962,2.05369,3.2346115,2.208927,2.847313,2.1711397,2.9070096,3.0125458,3.24232,2.3527565,3.969494,2.3115404,3.0610547,5.30889,2.495931,2.0389557,2.9571605,2.0802639,2.330007,2.8458076,2.2123752,3.1443093,1.5457823,2.9331794,2.8549716,2.3263788,3.5920842,3.8634467,1.5841649,3.1640737,2.694161,2.5672243,2.7226202,3.01838,2.9241624,2.0286984,3.0618074,2.4034975,2.0188787,2.99022,2.2725637,2.0938704,4.087202,3.1939955,2.1654186,2.0713491,1.8670272,2.3128767,1.6636665,2.03435,4.313231,3.0290601,3.5414243,2.356257,6.001441,1.7966634,3.1342485,4.4711013,0.84938246,4.342911,2.1376092,2.3976538,3.9947195,3.529308,4.0821376,1.4553595,1.979401,3.4886672,2.714702,2.9357224,2.4783835,3.1936114,3.836905,4.3849125,2.1230586,1.8946779,2.9388616,2.0238984,3.2778842,3.3476794,4.1480546,2.8142254,1.0494621,2.5681796,2.3153057,2.49037,3.0096636,4.619139,3.7227836,1.8351321,1.898071,3.6643174,4.064993,2.1353102,2.5630352,3.1839738,2.7860897,3.4595287,3.4152348,2.9942489,2.5758889,2.0848818,2.8204856,2.3005888,4.769846,2.083852,3.3684971,3.7301927,4.904418,2.6151416,2.8828275
1.2978815,0.9951263,2.5042112,4.272005,3.015482,2.544177,1.1345793,1.4904621,0.42077982,2.2269962,1.2630378,1.3951324,3.025288,1.436798,4.113315,2.2157364,3.16469,2.332139,2.7918687,2.8885157,1.2970256,0.7600904,3.0666509,3.4958873,4.5924244,1.6636432,5.0252476,2.9171228,1.5284121,2.4251256,1.2253995,1.3420705,1.5851331,3.2770894,1.6011093,2.7092226,0.799239,0.98686606,4.3697133,2.2434704,1.5509858,3.186843,1.2829926,1.3030301,3.262198,1.8790601,0.9960097,1.1991986,2.0082185,0.59600675,1.320319,3.2569914,2.7073321,2.928765,1.6062918,3.6649547,1.2509342,0.8896449,3.0270615,3.0681822,1.6400546,2.8181765,2.7751672,3.0301216,3.3075633,3.7177281,2.1479182,0.99994415,0.7959667,1.1896813,5.3182163,2.8843155,1.0565807,2.3807092,2.482743,1.567287,1.7420312,0.50128263,1.5700371,1.5926651,1.4603521,0.51478,1.5195664,3.857692,1.8331718,2.462068,1.563807,3.622067,3.0510614,1.83628,2.7105443,1.1300794,1.1714104,1.5611048,1.2159767,2.4936337,1.8496677,3.1561491,3.2027235,3.8953676,0.26730543,0.80986786,0.84721726,1.6337868,1.325529,1.5308851,0.9954611,1.9729404,2.636489,0.84721726,0.50958973,9.8952675,3.1722386,1.1274979,2.0497434,1.5726957,1.8562498,1.7894616,0.44678208,2.238655,2.6635444,2.193194,3.2158,1.5538322,1.502583,1.9937453,2.9534264,3.7818978,0.82275385,2.109167,2.9895647,0.99586433,1.1427617,1.7508963,1.4036659,1.6703569,1.3258841,2.7120974,2.1186204,0.69632924,2.6610281,1.3674072,3.3462589,1.230986,1.9753745,2.9592388,1.4898617,1.2517126,2.8062828,0.8866634,1.4295927,4.2712836,1.7386113,1.8603531,0.9189541,1.3275367,2.003882,2.593348,3.2231061,1.9723606,2.9934793,2.887696,1.770518,3.4468794,3.1418908,1.9213233,2.853805,2.7281704,4.3850574,2.6050594,1.5713156,2.7799273,1.5780103,1.3649821,1.9432418,3.0451155,1.5162599,0.18707629,2.2974312,1.4522308,1.2087668,0.73540735,1.1010225,3.1272345,2.8037453,1.9600688,1.5502943,2.3541493,1.5924102,2.8757718,2.2138088,2.4615748,1.5589685,1.9543234,3.5844026,2.48568,1.2896029,3.1094193,3.0923827,3.2832518,2.9349618,1.9186139,3.2349286,2.063315,3.0556865,3.6346865,2.8367684,3.0256572,3.349564,1.0294819,2.0822604,3.3687708,1.6885074,1.7070185,2.0820208,3.0196667,1.1014634,2.7751167,2.7263463,1.335054,2.1444645,1.9072878,1.9588044,2.5086238,1.5118924,2.529526,2.9092083,2.8595512,0.763872,0.6772621,1.5593301,2.6265588,2.6084697,3.5677893,3.1248925,5.1119494,2.333806,3.539466,3.6818614,2.3494897,5.073525,0.97069645,3.38052,3.6115947,3.3243797,3.348103,0.63278455,2.580297,1.8289173,2.3092198,2.2482495,1.2183527,2.9861476,2.150923,2.7078538,2.9871178,1.0617563,3.4845407,1.3962182,3.0752027,3.6067836,4.506417,1.6379926,1.9514086,2.8574278,2.2788987,1.6404754,3.0039887,4.068854,2.0295327,0.96051097,2.883118,3.7386813,2.419273,1.8114833,2.7684937,3.1709137,2.0258582,3.9312263,1.896566,1.9030672,1.8113027,1.2131361,1.8988572,1.6560918,3.1322305,1.0111806,3.089115,4.0373487,4.170885,1.1113635,1.7330403
2.2295563,2.7088172,2.3942103,4.1800885,1.9761212,1.7624269,2.2792134,2.5170596,2.07045,2.8285449,2.2306614,2.4380348,2.3531046,2.390001,3.1383772,2.5800867,2.9153583,0.90662515,1.6717561,2.625565,2.524353,2.2394927,2.9980736,2.4167566,3.8470395,2.744634,4.3227773,2.5450041,2.4107733,1.5027646,2.6377678,2.0828748,2.1582289,2.2685208,2.202366,2.4354398,2.1006415,2.533011,3.5742998,2.7758024,2.62438,3.6520169,2.2771504,2.4041283,2.0409324,2.3686275,2.230144,2.4139142,2.8645263,2.0057988,2.29294,3.2493796,3.0918643,3.6429482,3.0072386,2.8867679,2.667015,2.0909574,2.0087643,1.121108,2.5728278,3.3492942,3.150716,3.4361424,2.7966406,2.7094183,2.249464,2.7663271,2.1405694,2.663556,4.4778967,3.065265,2.635009,2.566495,1.2651913,2.177183,2.635396,2.2268116,2.1680198,2.1487467,2.3893595,2.4361117,2.3109467,3.043671,2.9540303,3.8945563,2.1423006,2.59155,2.2541716,2.4394627,2.5462055,2.8565764,2.8921113,2.1439877,2.2274888,1.4915258,2.3054004,2.5654757,3.2753484,3.3860805,2.2484603,2.530418,2.1832857,2.1317186,2.5680695,2.5284576,2.6349666,2.2968106,3.975211,2.1832857,2.5156848,9.466307,2.206727,2.7611299,2.216265,2.5792184,2.7627668,3.1296527,2.4136865,3.1050603,3.198795,3.005586,3.2974744,2.190864,2.1780078,2.9504676,1.001373,3.1091397,1.8269105,2.7354856,1.763125,2.6013842,2.6856456,2.6755273,2.3255029,2.12039,2.3605258,2.7189653,1.82342,2.033596,0.35069764,2.2531366,2.8569586,2.5586274,3.035368,1.5234627,2.3792396,2.6379726,2.6580126,2.5389612,2.2442656,4.1041064,2.79889,2.5142674,2.7655346,2.425878,2.3820062,1.2075812,2.3679173,1.6830993,1.137824,1.084371,2.4112508,2.0181215,2.04393,1.454795,4.126555,2.603785,3.6088405,1.2617452,2.1392705,2.6431756,2.4144776,2.3616004,2.5600755,0.91690695,2.1812644,2.4865282,0.71694446,2.3602703,2.6919513,2.4476886,2.6800587,3.1574786,2.2926161,2.5838227,2.1517603,2.8795006,3.0668168,2.9704773,2.811682,3.273481,2.4559245,2.7666783,5.058765,1.8036453,2.6755092,1.7432029,1.3411373,2.1235235,2.7058187,2.649001,2.053003,1.7368321,2.4703374,2.4733207,0.73913,3.170907,3.2000299,2.1406453,3.1199389,2.5539038,2.7287045,2.908619,2.997363,2.063611,2.0180438,2.918151,1.3846436,2.652651,2.6856031,2.546952,2.637665,3.303426,3.0859237,1.0150536,1.1512821,2.0287468,2.5696945,2.0700054,2.5131402,4.0958796,2.8633492,4.031774,1.080769,4.349878,1.0813725,3.0822122,3.2649648,1.947172,4.2999196,2.59543,1.8092613,3.5571332,1.7868769,3.55709,2.1204097,0.6463593,3.4888427,2.3213382,2.5763288,2.71015,3.1763806,3.6974397,4.1582713,1.6474819,2.2267451,2.1147063,2.3051326,3.0776477,2.4513814,4.2502494,2.986515,1.4845179,2.6598725,2.7729456,2.415812,1.5572492,3.0811286,3.646407,2.2070067,1.7689446,4.19951,3.8729825,1.8539219,0.85790336,1.914636,2.7053585,3.13955,3.2662342,3.0122006,2.4978123,2.617261,2.9082317,2.084028,4.470227,2.6576378,2.7027745,4.277069,3.334236,2.7981884,2.989895
0.5478072,2.1398118,2.0753396,3.6268017,3.0850966,2.8678606,0.62866455,0.8135896,1.4048613,1.4901354,0.72472435,0.6326233,2.2399642,0.67598003,4.0198593,1.222348,2.653178,2.5379567,3.2239747,2.1183226,0.887184,1.8467491,2.3214262,2.8985777,4.8281527,0.7654466,4.728769,2.2182236,0.58123904,2.3894384,0.7390487,2.330297,0.8852701,2.710414,0.8070391,2.0286367,1.8307803,0.7076409,4.0253487,1.5238152,0.47908768,2.1362786,0.69999087,0.411837,2.7260344,2.9798748,2.0888069,0.89877754,1.0861322,1.5519981,0.69555116,2.537407,1.8058083,1.9378409,0.7461729,3.5112813,0.859074,1.2004752,3.483459,3.2385583,0.6243202,2.1135166,1.7120141,1.9216012,2.778481,3.1734223,2.566418,1.6788113,1.6671069,0.7558011,4.9611707,2.0527802,0.68015033,1.4917847,2.7628417,0.85170555,0.6662747,1.340996,0.83591413,0.8720109,2.5760717,0.8857437,0.75987744,3.6905434,0.6875635,2.7507668,0.869791,3.1591225,2.3172352,0.834901,1.916752,1.6163449,1.722145,0.8667134,0.74377626,2.5763507,1.6930155,2.5940423,2.3187203,3.1804185,1.0471117,1.0713937,1.9429857,0.9960977,0.3186444,0.502789,0.6290194,1.0582032,3.1121879,1.9429857,1.0912541,9.86803,3.1646562,0.93496543,1.1884724,0.46005005,0.8142739,0.9814776,1.08415,1.7221045,1.5947874,1.1183743,2.57622,0.80555373,0.73470485,1.0720799,3.1386454,3.320992,1.6458127,1.340726,3.4697585,0.64091974,0.7582739,0.7643562,0.69336283,0.96956074,0.7693876,1.9235679,2.4852538,1.3842123,2.935047,0.63009304,2.6230955,0.8287488,1.0184929,2.6662285,1.1985708,0.82524025,1.8927048,0.48444676,0.6749481,3.6547818,0.7455452,0.8430797,1.5099726,1.0157663,1.0726025,2.907217,3.9717793,2.50575,3.5048885,2.7610521,0.87968236,2.9597714,2.5344706,1.8265723,2.3583548,1.8764192,4.1274204,2.7166142,0.863469,2.0049489,0.67662024,0.60492575,1.3759208,3.1675568,0.76046675,1.1887606,2.3068094,0.69595844,0.79090166,1.7579147,0.7364332,2.3480113,2.3502355,0.896481,0.8422809,2.5002348,0.7860871,1.9518384,1.3970892,1.8261964,0.617553,0.9218866,3.4270694,2.3144162,0.80576396,2.6806967,3.4679432,3.891888,2.1858702,1.1214596,2.6699364,1.7471852,2.2559004,3.7585368,2.8939214,2.0105574,2.34772,2.1083212,0.95538676,3.3069372,0.78727573,0.79395723,1.0198643,2.3681183,1.623233,1.874755,2.653367,0.831909,1.0752705,1.0544589,1.3106011,2.9765067,1.4945295,2.8703442,2.7339008,3.3975236,1.4085796,0.92091477,0.898882,2.2470853,1.6105411,2.6891184,3.2295742,4.808748,2.6490476,3.289599,2.9099479,2.4133034,4.6804733,0.64909846,3.8657286,2.5776973,3.3213584,2.2646966,1.5825945,2.8001924,2.0176413,1.4417851,1.2552242,0.57290417,2.1722596,2.4217591,2.4009185,3.3101127,2.164465,3.2601995,0.7157215,2.1813164,3.02896,3.9776106,0.7537857,2.4445994,2.077735,1.4910583,0.69561464,2.8507218,3.5542915,1.8053018,0.6896198,2.8665242,2.917756,2.709168,1.7742788,2.9021335,2.6479726,1.1957586,3.8617678,1.2190512,0.93841064,0.779186,0.71779907,0.88551545,1.0336548,2.7047503,0.6904924,2.1937673,3.4943883,3.7524827,1.9396415,0.7907867
2.3414855,4.0758758,3.3722715,4.1751666,4.018157,4.1092296,2.7815146,2.8654094,3.4241455,3.0865848,2.7693229,2.6705048,1.9772274,2.6356661,4.5904994,1.45577,3.5603101,3.421716,4.2250957,1.196308,3.0388994,3.7482996,2.8138237,1.367196,4.0178666,2.5847168,2.826497,1.9856762,2.3518553,3.012305,3.0413136,3.8241634,2.2469997,2.4884644,2.1316938,2.8586912,3.8302279,2.852423,3.8123014,2.6157317,2.4047272,1.2626467,2.7427852,2.5096717,1.606753,4.651588,4.053846,3.0327182,2.2855265,3.5471246,2.7286615,2.9116871,2.562252,3.092902,2.6841526,4.330809,3.2050545,3.1107252,4.6563597,3.7491817,1.903729,2.923042,2.0969973,1.5421485,3.3112855,1.4230688,3.7761846,3.5813,3.6290858,3.103731,5.185332,2.5710495,3.0505028,2.2622511,3.3863137,2.1943946,2.032117,3.4510834,2.3748784,2.3581104,4.4251776,3.0523791,2.57351,4.4549356,2.2951047,3.8514073,2.3218439,3.0753975,2.068587,2.1058137,1.2947125,3.4217637,3.5063825,2.2859383,2.8266048,3.0518818,2.5479524,3.1690376,0.4740476,0.8054973,3.223622,2.795644,3.8167055,2.1119967,2.5495334,2.3968458,2.9924688,2.0496304,4.2440825,3.8167055,3.452728,8.452122,4.2576866,2.7898307,1.8580861,2.176716,1.964047,2.3796518,3.1938906,2.6143801,1.8375076,1.677539,3.2176871,2.4025874,2.2219796,2.0963385,3.087652,1.4617624,3.5213795,2.9314506,4.487751,2.9697669,3.1518288,2.4142864,2.654285,2.203137,2.8704588,2.4743586,4.1657147,3.243075,3.422895,2.3733342,0.71985775,3.1238585,2.196082,2.3343112,2.8245237,3.1527665,2.1364336,2.862765,2.4491646,4.1627407,2.5493495,2.1680021,3.4601822,2.7301395,2.161632,4.0239177,5.1743937,4.0640836,4.2211866,2.5196881,2.370962,2.0438094,1.9527321,3.1485739,2.9180403,1.4456965,4.7244916,3.7045312,2.3274229,0.68090874,2.4428427,2.5798776,3.1377323,3.4383123,2.3743844,3.4250474,2.5237331,2.6159656,3.160374,3.8773172,3.1415386,2.8914804,3.2382877,1.8044337,2.348423,3.7626169,2.5467322,2.2414956,2.9294493,1.5989716,2.4377065,1.8131073,4.036166,2.633588,3.109028,2.2491894,4.1860805,4.9287624,2.5430346,2.8382542,2.0809467,3.006612,2.2378924,4.410606,2.990807,1.8478985,1.4629451,4.0029163,2.1538856,3.8426163,2.5658617,2.6178727,2.2490704,1.953126,3.151413,2.419673,2.9923809,3.0950167,1.7302587,2.61919,3.007638,3.4062085,2.96555,3.4871366,3.0327005,4.6565037,3.4069152,3.0625033,2.8769207,3.0424051,2.0429602,3.6840665,3.4005072,2.858606,3.4170845,3.7428007,0.50539416,3.9484203,5.0380054,2.9857655,4.6350927,2.0864632,2.552859,1.5382127,3.6660903,3.2610273,3.5060265,1.8312373,1.6739069,2.7650192,2.8408499,3.6682224,3.1885028,4.147354,3.9870033,3.3626506,2.663642,2.4947135,2.376208,4.5129986,2.634227,3.9364774,2.8020093,2.9480336,2.1557112,2.371212,1.4820697,3.0849493,2.8761265,3.750693,3.9461794,3.8371181,2.9464035,2.967278,1.86493,2.38048,4.098127,2.42735,2.3962238,2.1248977,2.9969008,2.4270444,2.1946168,3.1829076,3.1025324,1.6884983,4.5782323,1.7305077,3.7625208,2.5206962
1.0291725,2.1617613,1.8981814,3.4800308,3.05194,2.8125343,0.72652864,0.7009444,1.4578632,1.2686914,0.78247637,0.74175966,2.566001,0.803524,3.9810598,1.7732825,2.5146077,2.6763391,3.270917,2.6887982,0.77564514,1.9209992,2.37112,3.462648,5.4401493,0.83822453,5.405141,2.635585,0.93179274,2.6710563,0.53163373,2.534511,1.3056024,2.9717884,1.2834928,2.0485947,1.7921616,0.9341678,4.316222,1.603723,0.77618146,2.6202402,0.785376,0.73981005,3.2420938,2.991682,2.038805,0.84679615,1.3278036,1.5630218,0.7682073,2.6045852,1.8623942,1.7605705,0.81411827,3.3997073,0.40648448,1.3530785,3.4257245,3.399852,1.2569406,2.1399398,1.9626383,2.3096387,2.8543901,3.7858975,2.6507297,1.7296209,1.6990249,0.4683431,4.902879,2.1496022,0.5383429,1.7172356,3.0636315,1.3140044,1.1522547,1.3549764,1.1496314,1.1939797,2.5387053,1.0763772,0.9122898,3.578061,0.97420436,2.9665146,1.240136,3.3375459,2.6356745,1.1982281,2.4721797,1.7247312,1.8271073,1.2654611,0.76725775,2.9217908,2.1404345,2.5913532,2.9297872,3.8304808,1.1094704,1.4658444,1.98663,1.496238,0.6213606,0.80989873,0.61184037,1.4061284,3.3037612,1.98663,0.9067599,10.4379635,3.0199819,1.2050253,1.6283884,0.9718672,1.2926527,1.3229748,1.1857129,1.96054,1.921519,1.6221844,2.5544746,1.0990921,1.1915311,1.4549019,3.5672364,3.999791,1.7005528,1.1973372,3.4940398,0.6659886,0.39578643,0.9400238,0.8105812,1.3834913,0.6993807,2.1264064,2.2869291,1.5615476,3.201363,1.053625,3.2506359,0.5104171,1.3554428,3.1059837,1.4172521,0.43395355,2.13396,0.588193,0.98516506,3.527711,0.8099949,1.1540571,1.5686619,1.3100005,1.3446801,2.9088597,3.9664013,2.4197135,3.6749651,3.1775155,1.1181619,3.4035454,2.9239542,1.8560089,2.6417618,2.3790145,4.01528,2.737692,1.2205737,2.6464126,0.9157921,0.8286612,1.1532981,3.4471593,1.0873321,1.1769308,2.7229114,0.8368055,0.3909946,1.6522722,0.4091945,2.362719,2.2997296,1.3937039,1.1924928,2.5069258,1.0513569,2.1348915,1.2226408,2.4378393,0.867719,1.4346231,3.654963,2.7088637,0.48366112,3.058545,3.5860891,3.9129858,2.3889973,0.98487544,3.0478368,1.7502054,2.4861188,3.7854187,3.2570486,2.3094811,2.7444658,2.109581,1.2614481,3.4827962,0.86809486,0.85049635,1.2465291,2.7552774,1.9099761,1.9876577,2.9010236,0.5277598,1.5316498,1.0849984,1.1749294,3.473242,1.7620966,3.11333,2.956092,3.3398426,1.4565556,0.9818947,0.79817945,2.5230634,1.8983932,2.4230773,3.5381215,5.4884515,2.91141,3.4652598,3.5381846,2.210021,4.577241,0.66556424,3.9586806,2.8275242,3.8880708,2.6446147,1.5244031,3.1069257,2.1608508,1.846672,1.7253587,0.6705624,2.1725745,2.6270323,2.6628625,3.3784606,2.2021365,3.43639,0.8365314,2.2922165,3.411168,3.8341155,0.8528526,2.3932161,2.089109,1.3402325,1.1568866,3.3582428,4.202823,2.0242524,0.7703473,2.8594964,2.616077,2.920343,1.9272217,3.2841113,3.0976627,1.3786057,4.106127,1.5678403,1.1481562,1.1441929,0.58806163,1.031008,1.4763151,2.9867773,0.48245353,2.5540817,3.1716933,4.4361453,2.0103562,0.9552142
1.8347005,2.7351627,2.5476713,3.168126,3.3032591,3.203907,1.9222435,2.0120583,2.2966392,2.4130774,1.9409868,1.9089113,2.8119576,1.9251144,3.8259315,1.8348131,2.673828,3.058617,3.5048532,2.811875,2.234073,2.8328347,2.0707889,3.2947786,5.404802,1.1459011,4.4606996,3.188118,1.753547,3.5754573,2.0361102,3.261879,2.1163723,2.7502615,1.9724499,2.8480473,2.7540517,2.1054533,5.210115,1.2264829,1.4230303,1.7956882,1.9678926,1.6689256,3.0660853,3.6685216,2.8670757,2.2633567,0.87885207,2.428151,1.9267641,2.0204823,1.5909431,2.4579844,0.89069325,3.4696686,1.9802349,2.5211868,3.8239136,3.6918705,1.2792808,1.3553686,2.4277687,1.7704755,3.8898828,3.6264286,2.4399042,1.8269515,2.819434,2.0161555,4.5242352,1.7027898,1.9996799,2.4434385,3.8806858,2.075854,1.2235746,2.4776568,2.031343,2.0669477,3.249715,2.096212,1.9422067,3.6195471,1.2242501,2.0551147,2.1020644,3.0004127,2.9128559,1.6380068,2.66182,1.5944765,1.698562,2.1005418,1.9677241,3.7348502,2.955002,2.7589495,2.1861594,3.3493643,2.023544,1.5319884,2.6319015,2.196125,1.5483284,1.5542638,1.9792628,1.8402941,2.5451517,2.6319015,2.0601306,9.081777,3.612431,0.9953006,2.060268,1.4272853,1.0294712,0.46773955,1.7339011,0.6401808,1.3479449,1.1604995,2.0640712,1.9951264,1.9368141,0.67190534,3.9105947,3.706997,2.718239,2.3418343,3.8141203,2.0101857,1.9706479,1.2648154,1.9230387,2.158194,1.9807388,2.9701035,3.3757908,2.5743246,3.5998318,1.9390713,3.003286,2.0252068,0.6573367,3.5221317,2.610745,1.989542,2.5922732,1.4396287,1.9301015,3.1873562,1.2823528,1.5500183,1.6844735,2.422616,1.780513,3.6469197,4.328,3.0325372,4.0961003,3.1628928,1.985065,3.1898177,2.8064227,2.794808,1.0489144,2.6462066,3.9007027,3.3431847,2.0778887,2.4007263,1.827425,1.9091941,2.4445734,4.057387,1.9506294,2.1022604,2.874994,1.9325912,1.9791288,2.4109843,1.9654628,2.0720558,2.6758046,1.5415686,2.0680678,1.977556,0.6673944,1.7963883,2.191946,1.3536549,1.7539964,1.0856715,2.2949283,3.4837213,2.0386052,2.9084349,3.9006324,4.220755,3.1974204,2.0631685,2.8629107,2.5310092,2.660957,3.714357,3.7078109,1.7928156,2.2602768,3.039012,1.0820453,4.598195,1.1614248,1.0092576,1.0684077,3.0355358,2.8457096,1.8207258,2.8240032,2.061971,1.4926258,2.0771399,2.4711204,3.02177,1.0326487,3.2141156,3.4638035,3.7261114,1.7356126,2.0815907,2.1127653,1.1033982,2.4337516,2.766607,4.1516643,4.5819936,3.7492087,4.59564,2.896843,3.315575,4.34697,2.0113246,4.2171245,2.3742669,3.8854349,2.033724,2.5614908,3.7294078,1.4260789,2.2929885,2.0348868,1.1076638,1.8997095,1.7982914,1.2460744,3.5690613,2.816855,3.259732,1.9647385,2.0375776,3.8490052,3.490536,0.8750989,3.041352,2.7143486,2.3539467,1.8559437,3.6786685,3.7644527,0.8991882,1.9623626,3.1927726,2.871147,2.023882,1.845718,3.298496,2.9235454,1.0664822,5.151441,0.35324073,0.78820646,1.5637381,2.051047,1.0857219,2.2482014,1.4541912,1.9664615,2.2973616,3.177388,3.9292881,2.1152306,0.84048754
2.0059953,3.7191,2.6634383,4.3393397,3.228393,3.2693586,2.282357,2.3422186,2.8835442,2.4283142,2.2272842,2.2287638,1.3346307,2.168477,4.1966157,1.793709,3.2133522,2.4366505,3.4181197,1.1863211,2.3889139,3.0531628,3.0054605,1.3550153,3.8211517,2.734532,4.1429334,0.85201377,2.088382,1.1004484,2.5597768,3.0407505,1.6865228,2.3172667,1.7389243,1.8431258,3.0713995,2.4252594,2.0590978,2.9321082,2.408625,2.8668056,2.200193,2.2611132,1.4099137,3.8271306,3.362791,2.3390563,2.7929988,2.9196844,2.2156594,3.345858,2.912082,2.941244,3.0259538,3.7974436,2.7401752,2.291869,3.6998065,2.6430266,2.2793245,3.5211504,2.0167756,2.6410205,1.6256467,1.5244485,3.659071,3.6414511,2.7722895,2.6389744,5.1119676,2.98144,2.6188128,1.6314616,1.6506704,1.7032188,2.351495,2.7718568,1.8173459,1.7719914,3.7166097,2.6664088,2.074118,3.9358032,2.615835,4.6684923,1.7304441,2.974701,1.2661308,2.038313,1.1821816,3.6438107,3.7204669,1.7142525,2.2632072,1.2433097,1.6815832,2.694671,2.4523916,2.240502,2.815045,2.9866874,3.2916977,1.5722868,2.4223917,2.286814,2.6041622,1.825202,4.926044,3.2916977,3.027609,9.901549,3.1557188,3.146805,1.5211214,2.2722213,2.5044138,3.1174304,3.0511827,3.4399247,2.6978445,2.5261972,3.5345154,1.8705813,1.8129051,2.8398194,1.7631985,2.1191218,2.6403959,2.2836616,3.5518558,2.5570624,2.7210197,2.53618,2.1623352,1.5988867,2.3215795,1.472756,2.8533235,2.4959695,2.165085,1.9534051,1.6151222,2.6001265,2.9027317,0.5159957,1.9617426,2.6753495,1.6165029,2.7753043,1.9807335,4.3179464,2.6548874,2.1638858,3.5484204,2.0735803,1.9749413,2.6321676,4.256363,3.1778307,3.0078647,1.7938304,1.9329292,1.7639017,1.6522552,1.8908292,4.2723856,1.21592,4.3778067,2.4672732,1.745993,1.6372722,2.0943727,2.1373377,2.3209448,1.6526576,1.8838631,3.0658498,1.7058157,2.1358378,2.7162733,3.4254925,2.719913,3.115887,2.580336,2.0548313,1.7736748,3.9779334,3.089437,2.646678,2.4429631,3.0637157,2.1564708,2.4454033,5.4258127,0.8609409,2.6212573,1.8540711,3.1162136,3.992567,1.3553398,2.3464444,1.8390657,2.0257883,1.8025929,3.8696258,1.4228108,2.6155581,2.3728435,3.1784365,2.7335708,1.755717,2.7104857,2.885754,2.7232065,0.9112244,2.3025198,2.6481936,2.4886532,2.5800545,2.1384628,2.1124735,2.206641,3.9526572,3.585897,2.762799,1.5166277,3.7650037,3.3719404,2.476859,2.2831628,4.290065,1.744949,3.6246345,1.5578612,4.122693,1.7201886,1.8728005,2.3198552,2.588484,4.843331,2.5707848,3.6448092,2.8187964,1.8972133,2.7223256,2.9465284,1.6294059,4.1481843,1.3780863,1.6758455,2.896435,3.101996,4.416568,4.430423,3.3223083,3.4316256,2.9357755,2.1363096,2.7748072,0.76066446,4.6122823,2.9901445,2.9721766,2.0767486,2.3353784,1.9173106,0.94788194,2.2225823,3.9920008,2.3456411,2.867124,3.9231973,4.6418657,2.7911649,2.2340288,1.5934433,2.733472,2.1382189,3.3145115,2.912995,2.1194077,2.510337,2.7436757,1.533701,4.626628,2.6958866,2.0287457,4.537771,2.623493,3.7781186,2.9366515
0.6082454,2.1049736,2.185736,4.089186,3.1897275,2.9100492,0.54424644,0.74642384,1.3001808,1.4301418,0.67685837,0.6163858,2.2940173,0.6574094,4.295237,1.5343674,2.9483128,2.503476,3.262949,2.1220999,0.44792038,1.5324041,2.7977166,2.9781513,4.6431665,1.4135871,5.054199,1.9718746,0.791832,1.8406992,0.55395055,1.9928133,0.7185093,2.9926467,0.8067291,1.9212892,1.5747734,0.25566277,3.4551547,2.1393554,1.0297899,2.7162774,0.5972291,0.7068243,2.8465831,2.7581303,1.9111766,0.3729336,1.8057578,1.4118714,0.6638132,3.095713,2.356403,2.1156538,1.5031829,3.741157,0.8421519,0.59474987,3.465647,3.1819484,1.2421706,2.7878966,1.8104621,2.458026,2.3254387,3.1953323,2.8937914,2.0257797,1.2028176,0.61941856,5.3392034,2.6096487,0.49700668,1.4213139,2.2352345,0.724047,1.3089479,0.9866909,0.75677043,0.7663174,2.408706,0.6785314,0.76203394,3.9257193,1.3395673,3.3263147,0.70717007,3.4925683,2.3379288,1.1966629,1.9193466,2.0649495,2.146481,0.70536125,0.6593061,2.0378213,1.1624472,2.8218045,2.7766113,3.3897119,1.024447,1.4704882,1.8667125,0.8073408,0.7920635,0.9324419,0.4369907,1.2991974,3.6080732,1.8667125,1.0614634,10.358368,3.128508,1.5940422,1.2928143,1.0184323,1.5210527,1.8000716,1.3359991,2.486219,2.2167745,1.7697645,3.123799,0.7591176,0.73572075,1.8466543,2.8796823,3.3755753,1.2759662,1.2560605,3.4494298,0.3796036,0.695058,1.3609787,0.67859894,0.81342256,0.6969709,1.6564096,2.1711876,0.9438501,2.757498,0.55494446,2.761337,0.7252725,1.8046504,2.4164402,0.44594836,0.7774414,1.9341911,0.97179794,0.64427775,4.116613,1.3383716,1.2702911,1.8906788,0.3216571,1.3635806,2.6714423,3.9043884,2.4580748,3.3226094,2.8042486,0.9144757,3.1135285,2.7167213,1.5645312,3.1555166,1.8721311,4.4257774,2.5927827,0.7340653,2.2275167,0.8143125,0.5678834,1.179842,2.8135147,0.7501152,1.1642281,2.2885277,0.6761103,0.7390399,1.7553482,0.6649239,2.8356557,2.508362,1.3442703,0.71032596,3.0154126,1.598912,2.4558992,1.4847887,2.4651465,0.83343834,1.5967827,4.1498127,1.8090775,0.67884964,2.8559005,3.3972092,3.8498578,1.9063026,1.185603,2.877104,1.6850115,2.4135728,3.9577863,2.625725,2.5431092,2.7804933,1.7947705,1.6425667,2.6248653,1.4253558,1.4999225,1.6975994,2.3250582,1.0950065,2.3460321,2.8366706,0.6894174,1.5679733,1.0756259,1.0391675,3.2063005,2.1456504,2.9090717,2.5548267,3.390246,1.7341065,0.74577075,0.7456827,3.011083,1.6393784,2.9952736,2.8491073,5.111267,2.1404338,2.6176937,3.2387345,2.1153958,5.020077,0.39209178,3.8162155,3.0386548,3.215457,2.782112,1.3329926,2.4360092,2.6239243,1.473286,1.4321518,1.2638185,2.6831586,2.997529,3.1577225,3.3599088,2.0739362,3.4894564,0.64491004,2.6440508,2.802994,4.4270735,1.5151641,2.3568616,2.11139,1.4880613,0.8179065,2.6000686,3.6930208,2.5346186,0.5518739,2.9320133,3.2592127,3.283829,2.1433983,2.9187033,2.8098645,1.8474355,3.1797426,2.026346,1.7012483,1.195485,0.4765361,1.55868,0.7958842,3.4842868,0.57911986,2.5406375,3.896497,3.8955634,2.2124493,1.5597513
1.0591626,2.1533265,1.9252329,3.48479,3.0705967,2.82843,0.7641127,0.7454107,1.4651116,1.3066899,0.8221449,0.7821269,2.599894,0.84394246,3.9924266,1.7951303,2.5312479,2.7003703,3.2853394,2.7169285,0.8173856,1.929308,2.3824801,3.489938,5.4566593,0.84211564,5.4112515,2.6727052,0.9642073,2.7112787,0.5725477,2.5455852,1.3410126,2.9943504,1.3159115,2.0884898,1.8019086,0.95766973,4.357846,1.6055462,0.7963464,2.6233346,0.8260509,0.7704151,3.268985,2.9968681,2.0429268,0.8866522,1.3264642,1.5719299,0.8087363,2.6092649,1.8703372,1.7816494,0.7974773,3.4140556,0.44716763,1.3804609,3.4412587,3.4256415,1.267139,2.132845,1.9914109,2.318415,2.8991058,3.812369,2.6470594,1.709396,1.7161946,0.50839865,4.9115906,2.1568983,0.57018584,1.755036,3.098494,1.3475908,1.1636559,1.3693264,1.1874503,1.2319322,2.5406039,1.0869583,0.9521818,3.5922115,0.9806783,2.9357703,1.277089,3.3550992,2.670556,1.2247139,2.5010192,1.7014669,1.8038576,1.3015091,0.8069168,2.9587646,2.169657,2.6152086,2.938999,3.848659,1.1154197,1.4553119,1.9875323,1.5287108,0.64651674,0.836459,0.63763547,1.4363023,3.2748513,1.9875323,0.90880424,10.4274645,3.045856,1.1844841,1.6603149,0.9901829,1.2968938,1.304384,1.1776124,1.9438108,1.9269941,1.6259576,2.5569546,1.1369681,1.2243394,1.4486169,3.596899,4.0200324,1.7196816,1.2375213,3.510082,0.6927505,0.43346304,0.9526949,0.85099775,1.4195005,0.74233687,2.166827,2.315675,1.5805919,3.2292185,1.0868458,3.2731857,0.55326563,1.3471208,3.1424623,1.4531314,0.47687563,2.1686642,0.58761,1.0219573,3.532842,0.82047284,1.177964,1.5474641,1.3409513,1.3737029,2.9382508,3.976734,2.4345841,3.6981559,3.203277,1.1555356,3.4298444,2.9512668,1.8940583,2.6124759,2.4095864,4.0268164,2.767118,1.2577393,2.6662264,0.95173097,0.86678225,1.1962209,3.483242,1.1239067,1.1749035,2.748246,0.87709117,0.43209654,1.6477152,0.4441531,2.3727527,2.3257773,1.4134009,1.229764,2.4934008,1.0306756,2.1480854,1.2567158,2.4294086,0.9017145,1.4400153,3.6188188,2.7469032,0.5271288,3.0840356,3.6078076,3.9265134,2.4302354,1.0230105,3.0736141,1.785661,2.5169654,3.7978487,3.290662,2.320932,2.7608318,2.1193662,1.2621524,3.5257895,0.8733991,0.8451672,1.249251,2.7907672,1.9318532,2.0024726,2.9204574,0.5722748,1.5485752,1.1243671,1.218848,3.463351,1.7356993,3.130734,2.9925182,3.3526204,1.4407512,1.0048552,0.8430435,2.4908752,1.9309878,2.4354837,3.574736,5.4959235,2.9460413,3.5077703,3.55322,2.2447844,4.5882044,0.69159055,3.9765081,2.8417315,3.9130526,2.6545212,1.5357577,3.1405733,2.1284628,1.8804077,1.7530278,0.65868044,2.181079,2.5960555,2.6300192,3.3952284,2.2026784,3.4558656,0.8774665,2.3066573,3.4503298,3.8384585,0.83872575,2.4116511,2.124403,1.3773216,1.1874803,3.391017,4.2236247,1.990935,0.8032766,2.882517,2.6245944,2.8894467,1.9344441,3.3062303,3.1240973,1.381871,4.1473064,1.5453593,1.1406401,1.1685965,0.627378,1.0337062,1.5115713,2.955274,0.5111361,2.5761843,3.1735008,4.4533057,1.9919605,0.9447452
1.1292576,3.3858278,1.8604555,3.305874,3.1181116,3.1830587,1.3784901,1.2295367,2.4873693,1.1829062,1.2976022,1.147884,1.023745,1.0931921,3.9406497,0.6908585,2.3600836,2.6502345,3.5635831,1.2409807,1.4856426,2.8846548,1.959984,2.052197,4.927057,1.4181639,4.6019964,1.1397775,0.9263353,2.0398965,1.5405152,3.217432,0.9093468,2.077523,0.8558113,1.1039283,2.8253028,1.6652075,3.1395853,1.7444957,1.1092069,1.7653661,1.2559757,1.1760914,1.9740754,3.9254682,3.1355023,1.5352782,1.4819809,2.5763304,1.229306,2.3057835,1.5684497,1.3853921,1.7033736,3.400843,1.6798229,1.955402,3.8015249,3.1415133,1.175535,2.2924242,0.5229263,1.33676,1.7611401,2.407146,3.328648,2.9845042,2.5746272,1.6153514,4.6461024,1.7892648,1.6584611,0.33578467,2.6998188,0.9301965,1.0801378,2.3670785,0.88658667,0.8721729,3.6125867,2.0544562,1.0026824,3.5482838,1.1689526,3.9614034,0.91088367,2.6977007,1.1403632,0.72622526,1.0348368,2.9221797,3.0312965,0.91827273,1.3622643,2.3506238,1.827499,2.046703,1.8838733,2.5008903,2.2277052,2.3461018,3.0425367,0.99585515,1.2461196,1.0310683,1.6768129,0.5951875,4.345131,3.0425367,2.2923446,10.141527,3.0150049,2.209817,0.50523895,1.0313766,1.2404763,1.8916174,2.3737206,2.3907874,1.3129131,1.2391163,2.4731166,0.9019813,0.9349094,1.595157,2.9846015,2.8456035,2.4845994,1.0328865,3.7832165,1.658105,1.6906016,1.186047,1.1268232,0.8426625,1.3231556,0.7806134,2.7587419,2.2756097,2.9213536,1.0717961,1.8712256,1.590241,1.594484,1.9740885,1.494157,1.622182,0.52244854,1.7859045,1.0111634,3.3415587,1.2613686,0.8065768,2.8345418,1.5236487,0.6689022,2.957555,4.524513,3.050314,3.6875522,2.4625542,0.7093009,2.2360272,1.7239143,1.7413923,3.164743,0.8229359,3.9141176,2.6396086,0.89315325,1.441529,0.90852565,1.1154054,1.2883662,2.8269649,0.9247749,2.4511926,2.2583065,1.0694649,1.6617669,2.9389966,1.7057943,1.987417,1.9600261,0.75344384,0.9107062,3.2930481,1.8452089,1.4363447,1.0917995,2.3059695,0.9420155,1.2128599,4.4415135,1.8968457,1.5629308,2.1023006,3.5856216,4.295292,0.9730583,1.0505952,1.9308745,1.550912,1.1759216,3.8463435,2.5796673,1.3934424,1.4580345,3.0781817,1.2596484,2.7599328,1.3922889,1.5308903,1.2675469,1.2754307,2.3285077,1.396871,2.5913744,1.5191745,0.7912988,0.8169227,1.1405036,3.9357321,2.715831,3.1252663,2.1778984,3.8306985,2.6945617,1.8746395,1.1923342,3.2155018,0.28320947,2.2051015,2.8533604,4.637568,2.6389396,2.614394,2.2795362,2.3919797,4.314995,1.6809747,4.0953856,1.7027172,3.0923502,1.5522202,2.589687,2.665135,3.285477,0.36066297,0.40516135,1.7565211,1.8761089,3.6653457,3.3898213,3.5131354,3.247394,2.9567742,1.1328766,1.600111,1.8689973,3.7211103,1.6626961,2.914812,1.114271,1.0527605,0.8080222,2.3758385,2.9369364,2.954404,1.5501508,2.7815053,2.5331833,3.92702,2.2773492,2.889084,1.9365765,1.493098,3.2892303,2.1526024,1.5443105,0.78581643,1.5151851,1.3231945,0.94936484,3.54812,1.7278804,1.2645738,3.3825598,3.3299057,3.2363822,1.5864266
1.455438,1.6953475,2.4607654,3.7008502,3.1147728,2.7952724,1.3848623,1.6126223,1.3412249,2.246814,1.4689151,1.5150633,3.0100808,1.5569644,3.9344783,2.0258393,2.8743238,2.691071,3.0919712,2.9433718,1.6583959,1.832404,2.5665038,3.5282943,5.0945807,1.1520035,4.831473,3.1561723,1.5174683,3.1196046,1.4570509,2.3368192,1.8151596,3.0777714,1.7338432,2.8094296,1.7726246,1.4335355,4.9546795,1.6272633,1.2861487,2.5716321,1.5010911,1.3054577,3.278905,2.715197,1.8693014,1.644611,1.3311659,1.4833667,1.489884,2.6412878,2.125305,2.6425405,0.88486576,3.5203152,1.3931868,1.735484,3.3676586,3.4176924,1.3083261,2.033645,2.6285214,2.4690945,3.699839,3.8131506,2.0666022,0.89345974,1.8708615,1.4099325,4.924788,2.2924933,1.3406614,2.4298172,3.3084548,1.7809755,1.3399348,1.5292276,1.7406003,1.7788203,2.264658,1.2283326,1.6258866,3.698579,1.3551375,1.8467029,1.7902724,3.3549218,3.0772803,1.6530619,2.7656574,0.7437528,0.85543174,1.7902102,1.4581912,3.2431114,2.4594212,2.965792,2.7808638,3.7508085,1.0771655,0.7311868,1.6517694,1.9006622,1.2080196,1.3701164,1.3021647,1.8669199,2.203734,1.6517694,1.0967143,9.499504,3.3734715,0.27935553,2.0546062,1.3326731,1.3196107,0.90596277,0.7372259,1.3349663,2.039297,1.637968,2.601971,1.7039168,1.6513749,1.2493236,3.5459137,3.864986,1.8203664,2.156895,3.3615584,1.3363181,1.336341,1.3253645,1.5390952,1.8918523,1.5105119,2.8991752,2.7294257,1.6993165,3.1965046,1.5641714,3.2897606,1.4437325,1.2101905,3.368956,2.0529354,1.413596,2.7552478,0.7393833,1.5850319,3.712422,1.2979736,1.6073208,0.7159588,1.8493787,1.8389585,3.1466663,3.7102325,2.4097412,3.5849938,3.0974894,1.808811,3.4290729,3.0669644,2.3694181,1.8288177,2.764153,4.1155457,2.9874146,1.7776935,2.6624892,1.587612,1.5145751,2.1199696,3.6731641,1.6561552,1.0746943,2.632127,1.5748496,1.3761209,1.3918992,1.3126755,2.5947971,2.7187698,1.6896034,1.7578793,1.8697821,0.7448395,2.3642442,2.1187375,1.8497589,1.5243763,1.4340026,2.6737828,3.1036644,1.4782668,3.0871265,3.5094998,3.7068152,3.1462662,1.8840451,3.1397274,2.2718394,2.9294982,3.6291738,3.3853428,2.4758885,2.9077685,2.0448797,1.4765334,4.1261773,1.1864792,1.0837831,1.4721882,3.135052,2.0442545,2.3002536,2.7732651,1.5248641,1.7849987,1.9155997,2.1569588,2.6000328,0.65827096,2.859189,3.2758405,3.2154164,0.75445634,1.2964555,1.7213688,1.6312538,2.551401,3.125961,3.7702858,4.943904,3.158829,4.2005215,3.4082797,2.8243654,4.711912,1.3237574,3.7924175,3.0877283,3.7179468,2.7857587,1.5948403,3.2644234,1.05652,2.3332708,2.1485472,0.67016727,2.4250743,1.5090117,1.7232852,3.2435496,1.8432376,3.399609,1.5658011,2.584618,3.8757143,3.9710364,0.9230064,2.4322588,2.8102045,2.2561553,1.6667497,3.4716213,4.0541735,1.02908,1.3262985,3.0155432,3.2515576,1.8013957,1.6490816,3.0796633,3.1462584,1.4258808,4.6985235,0.9415289,1.1741922,1.5880839,1.4713955,1.3205074,1.9446236,2.129754,1.2777307,2.7765849,3.5174875,4.17287,1.1957767,1.0214051
0.56307864,2.1955848,1.901328,3.4672418,2.9665937,2.768923,0.54346055,0.673597,1.4234376,1.3297695,0.6089327,0.525353,2.1752093,0.5666568,3.8922827,1.2431059,2.4840777,2.471284,3.1563804,2.1687772,0.8167589,1.9009365,2.1846795,2.9248576,4.9676685,0.61965746,4.832896,2.227883,0.5068822,2.3903306,0.65190923,2.4069567,0.88624406,2.6219556,0.81216604,1.8971897,1.8370312,0.77524143,4.0415783,1.40109,0.34807897,2.1628468,0.5971453,0.31353927,2.7283754,3.0017583,2.097493,0.84572464,1.0056814,1.5556443,0.57689565,2.4142709,1.6729131,1.799538,0.6646543,3.3644173,0.72394323,1.235796,3.394994,3.1724381,0.6833327,2.0015182,1.6616826,1.90004,2.7049181,3.2311223,2.5291708,1.7135252,1.6989738,0.66259396,4.81966,1.9296448,0.634543,1.4190905,2.7881298,0.8689808,0.63942343,1.3682659,0.7793356,0.82143945,2.5908966,0.9685613,0.6462385,3.5428011,0.6208771,2.8283641,0.84734505,3.0561817,2.2513242,0.7536843,1.9603778,1.6602007,1.7695959,0.856718,0.63180393,2.6072237,1.7932984,2.4437454,2.3792853,3.2561526,1.0704302,1.1885356,1.9719713,1.0398725,0.1723206,0.3800507,0.6245576,0.9802843,3.188855,1.9719713,1.0729933,9.969328,3.020301,0.98481447,1.1596166,0.43435207,0.8062062,1.0072217,1.1182145,1.6978608,1.5449293,1.1406677,2.4389722,0.73779094,0.7308844,1.05762,3.1717808,3.4242496,1.6561544,1.193686,3.40075,0.64430827,0.66035545,0.62578547,0.5779827,0.96269125,0.6360067,1.8707733,2.3784888,1.4415382,2.9132757,0.6331276,2.6870203,0.70259666,0.995777,2.6736896,1.2292932,0.6940989,1.8116934,0.44717243,0.61634296,3.498004,0.5906481,0.7417048,1.546174,1.0789299,0.967515,2.8228502,3.927828,2.4252152,3.4769258,2.7488527,0.7916002,2.9338865,2.4842734,1.7257291,2.407312,1.8982077,3.9770222,2.6156158,0.8302802,2.0741615,0.57258326,0.52852386,1.2240133,3.148381,0.7000707,1.2245828,2.310008,0.5873778,0.67661655,1.7573789,0.6506586,2.20615,2.194277,0.8808635,0.8075246,2.4405365,0.7944053,1.8426336,1.2282103,1.9399257,0.50689715,0.9295551,3.502632,2.3500957,0.6925602,2.6335707,3.4097855,3.8359632,2.1293645,0.95624727,2.616914,1.6144421,2.1565335,3.6591465,2.8922577,1.9410218,2.308124,2.1325674,0.91413504,3.3000536,0.64083135,0.67117494,0.9342136,2.3297067,1.7086643,1.7462157,2.5912151,0.7120043,1.0461953,0.91981107,1.1861423,3.1279159,1.5630826,2.8449216,2.6657763,3.3187728,1.4318172,0.8994044,0.76931506,2.316698,1.5627896,2.519168,3.2213585,4.912242,2.6609087,3.2886474,2.968766,2.2810152,4.5271163,0.6529167,3.8120708,2.4984987,3.3894463,2.2362127,1.5804394,2.800851,2.0743425,1.4100467,1.2500733,0.49772102,2.028814,2.4990952,2.4681513,3.2355852,2.1936345,3.1678119,0.609463,2.055653,3.0100543,3.82049,0.67078674,2.3663077,1.9359305,1.3316178,0.69002616,2.8946595,3.6246252,1.8679541,0.63124025,2.7460308,2.7430122,2.7863915,1.703327,2.900455,2.6225626,1.0889637,3.8838265,1.267366,0.8679447,0.69604707,0.64822036,0.76960117,1.0520952,2.7675672,0.6394469,2.1310341,3.3157165,3.850104,1.9873806,0.71457314
2.957996,4.488039,1.76232,0.9984548,2.869594,3.2617934,2.8837588,2.645095,3.708925,2.204619,2.7463024,2.7414176,2.467785,2.7039108,2.8800836,2.7282596,1.2028177,3.3044171,3.7843058,3.4760218,3.0521388,4.3165083,1.0516868,3.6617126,6.970606,2.195547,5.804851,3.4617603,2.6581635,3.997097,2.965651,4.788221,2.9881504,2.163375,2.9053433,2.1903675,4.014354,3.4255538,5.252403,1.685774,2.4762547,2.7536967,2.7928288,2.7302945,3.3275075,4.973161,4.195009,3.137342,2.0724647,3.7379794,2.7220216,1.1532618,1.2335137,1.8806623,2.4395204,2.3540165,2.7994032,3.6915612,3.853022,3.647311,2.7667842,1.4784871,2.5087333,2.255321,3.3941393,4.225379,3.5016234,3.7495553,4.0835624,2.962685,2.87678,1.2013247,3.1085873,2.533258,4.5480685,3.021189,2.4769092,3.804949,2.7671032,2.791041,4.600064,3.637247,2.6225555,2.4045913,2.392319,4.4608693,2.9121087,2.1652536,2.536624,2.3691032,3.325602,3.6596358,3.7698185,2.9510796,2.787631,4.3723288,4.1368365,1.4735475,3.2561424,4.178056,3.498288,3.6220737,4.1367292,3.1839643,2.6931581,2.5229619,3.2012215,2.3496401,4.8557625,4.1367292,3.409466,10.604158,2.756533,3.1190667,2.6437945,2.6267784,2.4603684,2.7052972,3.4516294,2.5073874,1.9801431,2.5480416,1.0960152,2.727517,2.8932092,2.387889,4.6018367,4.7875285,3.8806744,2.327185,4.015706,3.2264113,2.9551053,2.1679218,2.6903987,2.9544015,2.7113872,2.9257112,3.4220572,3.9275248,4.0139475,2.9695973,3.7586687,2.8339524,2.369099,3.821934,3.5529053,2.8130171,2.296164,2.928358,2.7952707,1.1250511,2.1831622,2.257718,3.633129,3.5610924,2.1871521,3.6168845,4.86319,3.4826908,4.5194006,3.540607,2.5667908,3.158917,2.6244686,2.8840888,3.408838,3.142584,2.405801,3.1300838,2.8602371,3.3868454,2.5880146,2.806062,2.4701564,4.245595,2.743501,3.6802683,3.568607,2.6907408,2.8891408,3.853518,2.997924,0.8845312,1.7112496,2.5078735,2.8608334,3.0328429,2.700395,1.3902313,1.9976082,3.5081096,2.5702796,2.4984996,4.660197,4.099899,2.87736,2.8429794,4.0443025,4.550049,2.9840689,2.2314427,2.6401908,2.391453,1.9794904,3.3682723,4.089233,1.7467053,2.1934178,4.350447,2.3059409,4.724634,2.166643,2.2331598,2.069199,2.9130256,4.2144423,1.2824959,2.9795628,2.8404672,2.3556967,2.3649201,2.633426,5.3511677,3.4540937,3.8279216,3.229851,3.9497552,3.5382547,3.2500806,2.670532,3.646243,2.577407,0.9700965,4.3920455,5.877064,4.3738914,4.7018714,3.6969814,2.9945865,2.4845266,3.2366986,4.4336376,1.6708617,4.8055587,2.22431,3.7971516,4.222392,3.8014328,2.6655872,2.6874502,2.6635392,0.9153097,4.2303877,3.7551177,3.6650672,4.310979,2.7366357,2.7287261,1.1267297,3.653123,1.5563265,2.4017527,3.459813,1.8323607,2.0884776,2.8095045,4.305866,4.529035,3.4842634,3.0104778,2.7115123,0.8333891,4.4323273,2.6544695,3.9060397,2.9905448,1.9265443,5.4115667,2.8951015,2.2268193,2.363936,3.0143473,2.0980067,3.1161072,3.801343,3.104042,2.0606093,1.1703588,5.0068903,4.054668,2.3434544
1.2298925,2.44347,2.0678337,3.1375492,3.0505795,2.9146118,1.2438799,1.2996383,1.8364291,1.7463486,1.2627096,1.2147495,2.4461613,1.2383246,3.7632897,1.479955,2.4003975,2.736888,3.2935803,2.511674,1.5255063,2.38139,1.9455512,3.1421702,5.3148465,0.50939316,4.7492375,2.7283714,1.1111821,3.03676,1.3226799,2.8811963,1.527153,2.6137455,1.404436,2.2890034,2.281473,1.4761838,4.677587,1.0470583,0.7574659,1.9095622,1.2841516,1.0005597,2.9132206,3.3425593,2.4597712,1.5678762,0.5904024,1.9667782,1.2416388,2.0494795,1.3905727,1.9319967,0.18137206,3.294154,1.2676207,1.9211177,3.5577157,3.418323,0.85715616,1.470285,1.9556222,1.7097476,3.2817833,3.4861066,2.4214725,1.6768209,2.2792711,1.3035331,4.5609374,1.6148224,1.306387,1.879366,3.4023616,1.5001032,0.7321057,1.926759,1.4082633,1.4495327,2.906842,1.5436084,1.2724446,3.4595997,0.6415073,2.4400592,1.4948857,2.9466918,2.5411859,1.087301,2.3248396,1.5261514,1.6452512,1.5023644,1.2880731,3.2413085,2.4491012,2.462528,2.2782714,3.3510318,1.5127435,1.3016561,2.282068,1.6550977,0.8590049,0.89453566,1.304576,1.3246602,2.8707933,2.282068,1.4968109,9.637505,3.2206635,0.78132516,1.5751764,0.83564806,0.6655407,0.4092327,1.338921,1.0846545,1.2586454,0.9754913,2.0651922,1.3642541,1.3501987,0.5799609,3.6099832,3.6469142,2.1990945,1.6668661,3.575963,1.3387821,1.2624781,0.6616806,1.2401788,1.5799924,1.2806363,2.3960795,2.825304,2.0440369,3.2813623,1.3195843,2.8798022,1.3120191,0.47329044,3.1435452,1.9702089,1.273672,2.1277065,0.8231527,1.2856503,3.1706028,0.6286231,0.99652135,1.5063605,1.8046576,1.2543714,3.2096443,4.1126275,2.6671312,3.8055859,2.974848,1.3500719,3.0619388,2.6123636,2.2296832,1.7487843,2.2706017,3.813455,2.9340792,1.4683084,2.2514467,1.1685036,1.2341913,1.7509547,3.6444309,1.3259666,1.6170574,2.6168685,1.2508564,1.2650167,2.0205507,1.2619991,1.94388,2.2980912,1.0968143,1.453032,2.1007755,0.22045344,1.6391656,1.555034,1.658201,1.0917739,0.803121,2.9137874,2.9833283,1.3183054,2.7491865,3.6450999,4.009171,2.6412354,1.3883057,2.706646,1.9952289,2.3201678,3.6224937,3.3467739,1.7204471,2.198849,2.5898046,0.6872767,3.998391,0.5395602,0.3596103,0.6591103,2.6719651,2.339171,1.5832313,2.6703029,1.3398619,1.1237131,1.4168059,1.7713019,3.1505508,1.2056577,3.0303762,3.058187,3.4729383,1.4766275,1.4836202,1.4025576,1.7155666,1.9340669,2.4127445,3.736852,4.8501925,3.263735,3.983623,2.9609942,2.7325091,4.309973,1.3420225,4.0063276,2.3094702,3.7214737,2.0303218,2.0505793,3.3152378,1.6832017,1.8191468,1.5922759,0.47157142,1.748166,2.1291018,1.8665301,3.364884,2.4906511,3.1564856,1.2832086,1.8661841,3.4489076,3.493049,0.16983655,2.6524928,2.2076876,1.7127663,1.2656538,3.3560524,3.7622283,1.330202,1.3046949,2.888082,2.5714965,2.4005494,1.6631998,3.1275086,2.7661548,0.7734591,4.5819,0.67706704,0.35326368,1.0054111,1.3428134,0.5391859,1.6840706,2.130605,1.2767569,2.1265333,3.0300705,3.9763718,1.990268,0.20296781
1.0296862,2.7545743,1.8827256,3.0267293,3.038785,2.9830122,1.1314651,1.0889938,2.0207741,1.4147142,1.1119361,0.99672717,2.0078962,1.000061,3.7645402,1.0670418,2.2482598,2.7041318,3.3835545,2.1172671,1.3873918,2.5462253,1.7441064,2.8062117,5.253201,0.41373453,4.680202,2.2970731,0.8094711,2.7854295,1.23353,3.0172148,1.2344902,2.364051,1.099878,1.8891811,2.4528313,1.4268026,4.2837014,0.99857545,0.47121817,1.6215464,1.1137507,0.8168972,2.6110013,3.5657833,2.683058,1.4493706,0.46587455,2.1442356,1.0624684,1.9256037,1.1380411,1.5365648,0.49308768,3.2598407,1.2374514,1.8934138,3.641757,3.3464954,0.6334738,1.4975779,1.4478663,1.3187829,2.863487,3.1651022,2.687709,2.085268,2.3670285,1.2465757,4.502106,1.411531,1.275915,1.4168917,3.2468748,1.2146446,0.3825356,2.0374374,1.111025,1.1476347,3.155433,1.6384475,1.0020366,3.420304,0.20776267,2.8997796,1.2045383,2.7822545,2.1159952,0.6736219,1.9231236,1.9591492,2.078229,1.2142868,1.159688,3.0270715,2.256253,2.2211044,2.008313,3.04574,1.6908565,1.5864686,2.5295472,1.375437,0.70043844,0.6023373,1.2860894,0.9127131,3.3296888,2.5295472,1.691123,9.778264,3.1271987,1.1881633,1.1693958,0.52754354,0.38721174,0.71794516,1.629097,1.3574572,0.9075129,0.6653238,1.9995829,1.0709987,1.0742317,0.56132317,3.47129,3.3980825,2.282621,1.3180639,3.6563003,1.3078909,1.2447892,0.34905753,1.0187922,1.2666811,1.1248862,1.9398314,2.799738,2.097754,3.2030516,1.0889456,2.5387723,1.2451572,0.46553946,2.8362603,1.7733592,1.220997,1.641275,0.99768233,1.0316213,3.0678596,0.35785177,0.5723277,1.9161632,1.6463058,0.83624816,3.1489038,4.277738,2.7805684,3.8125725,2.8180213,0.9780763,2.7862895,2.2946937,2.051454,2.0682106,1.8346974,3.76627,2.8380914,1.1737989,1.9287746,0.856689,1.0125011,1.4817345,3.4515774,1.0431976,1.8450189,2.506004,1.004899,1.230403,2.303712,1.2535895,1.738533,2.089929,0.6695246,1.163908,2.4267347,0.6416466,1.3166881,1.2065325,1.7043637,0.785268,0.5183722,3.314398,2.7042038,1.2312468,2.5122387,3.650131,4.1276846,2.1806405,1.0691245,2.41845,1.7865211,1.9052855,3.6679907,3.1586921,1.3578997,1.8026636,2.7590363,0.28616557,3.6945975,0.41358423,0.3760622,0.26443422,2.2684374,2.334847,1.2620487,2.6097157,1.2309569,0.67577106,1.0467907,1.461662,3.4008262,1.6515111,3.0683866,2.809748,3.5949104,1.8453594,1.5316033,1.1675498,2.089001,1.4370089,2.132333,3.5298123,4.764899,3.1255507,3.6316357,2.6721768,2.606573,4.220829,1.3205204,4.0636888,1.9222336,3.567534,1.651215,2.205292,3.1663327,2.1700363,1.3780389,1.1395887,0.74051636,1.5419632,2.5947907,2.2574914,3.412866,2.744918,3.0475347,1.0631093,1.5532465,3.0258238,3.4264076,0.44301242,2.729311,1.7934104,1.3489705,0.9302205,3.1056435,3.4986694,1.7865826,1.257477,2.8195672,2.3496878,2.862313,1.7742516,3.0665557,2.4811125,0.6579771,4.2684274,1.01156,0.32098004,0.58826286,1.24354,0.22557227,1.3915395,2.4599242,1.280914,1.7325672,2.9788895,3.768944,2.3878732,0.33810994
2.557726,1.5388858,3.3451774,4.352129,3.4651136,3.024596,2.4863868,2.7705405,1.8377714,3.40845,2.5693157,2.6771405,4.0133147,2.7129855,4.1656537,3.0974333,3.6360128,3.086836,3.1327767,3.9056313,2.7623367,2.1505644,3.3900685,4.281954,5.190288,2.3077753,4.9278474,4.199284,2.6858232,3.9191504,2.5890076,2.4731264,2.901988,3.7828643,2.8309498,3.8876097,2.1152685,2.4765303,5.9095464,2.5094118,2.4901001,3.4769123,2.616362,2.4708948,3.9907317,2.5066245,1.9912832,2.7141144,2.3728392,1.9213456,2.6137514,3.3527544,3.0982451,3.8465676,2.0667217,3.9260528,2.500115,2.5733213,3.438989,3.7482119,2.4076777,2.7382236,3.8239975,3.490079,4.78218,4.5276103,1.8428776,0.77781,2.4201024,2.5330708,5.254195,3.1631756,2.448294,3.5887759,3.882607,2.863838,2.4823017,2.18968,2.8521578,2.8845143,2.127154,2.0976899,2.7699234,4.093933,2.5622733,0.88609594,2.8845625,3.9089277,4.058964,2.799279,3.7596233,0.6461211,0.57053965,2.879652,2.5466063,3.9432085,3.3205268,3.7811017,3.5685222,4.466411,1.8161405,1.3456624,1.7208639,2.9437792,2.4083817,2.5617416,2.4017894,2.976236,1.0491478,1.7208639,1.8967245,8.940846,3.919576,1.3117595,3.1366606,2.5125568,2.4201407,1.9245061,1.4081297,1.8573864,3.0596511,2.6949482,3.2703907,2.822607,2.749159,2.2506797,3.9504893,4.45973,2.3492823,3.3314881,3.39111,2.42831,2.4508188,2.4873075,2.6798491,2.9729457,2.6309335,4.0504055,3.2948873,2.356272,3.549398,2.6744108,4.1050563,2.5499024,2.2578337,4.137845,3.0765314,2.529898,3.8776085,1.8835069,2.711945,4.330085,2.4867775,2.759968,0.84489244,2.8692763,2.9594498,3.589173,3.462837,2.640694,3.7030969,3.5733247,2.97436,4.0813227,3.8483808,3.2036018,2.016488,3.8092635,4.4980106,3.5172553,2.8759677,3.5258467,2.7582083,2.6627162,3.238897,4.2255487,2.771604,1.7196106,3.1173804,2.7261987,2.4963784,1.596945,2.4234078,3.442477,3.5346751,2.8154836,2.8592582,1.7084974,1.8838675,3.3207576,3.2822003,2.405584,2.7037542,2.502469,2.2338295,3.9386694,2.6113808,3.7270257,3.660393,3.5771272,4.2761674,3.0538166,3.8643708,3.164328,3.9191136,3.7289753,3.93209,3.445195,3.8548284,2.2659695,2.6299038,4.9869537,2.3361416,2.2475953,2.601915,4.072156,2.6755426,3.283358,3.1630545,2.6599677,2.890584,3.092736,3.312481,2.1704488,0.91602045,2.986651,3.9823968,3.2093103,1.0625463,2.1885765,2.8757975,1.7382855,3.7262468,4.176695,4.3381863,5.06663,3.7239156,5.1729636,4.119779,3.5705905,5.145871,2.408981,3.7769449,4.059176,4.095313,3.761067,2.0923507,3.7832284,0.5164037,3.4237347,3.2666748,1.8668272,3.3137035,0.6385574,1.6792458,3.356717,1.7895305,3.818863,2.699743,3.5283313,4.8184056,4.4927645,2.0973191,2.7336469,3.895948,3.4174864,2.8160007,4.1154695,4.6274276,1.2018975,2.372581,3.4933188,4.231477,0.8430182,2.1053593,3.3569236,3.8494775,2.4203553,5.536688,1.7875314,2.2831602,2.7449207,2.6020942,2.4743543,2.9968808,2.1490862,2.377395,3.7163808,4.1811104,4.631722,0.78219754,2.1795752
0.66731614,2.11265,2.2788737,3.9882677,3.3469641,3.0799937,0.62911636,0.78030473,1.4003717,1.4866331,0.7772748,0.63860154,2.4446707,0.7078892,4.366502,1.4878061,2.9587252,2.7436497,3.448019,2.2391465,0.622332,1.7047286,2.719123,3.1317735,4.848592,1.1764123,5.0482883,2.2093372,0.7589692,2.285775,0.52186465,2.219869,0.9132196,3.0758379,0.9185694,2.1109679,1.7483228,0.331561,3.827898,1.9720674,0.82747126,2.4963384,0.7083033,0.62086064,3.0037878,2.9429169,2.044245,0.6349152,1.5600817,1.5433621,0.74280447,2.9730253,2.2004058,2.003194,1.1566105,3.8195863,0.7756808,0.95834535,3.666207,3.4477375,1.044931,2.5684936,1.7935075,2.2703853,2.6565511,3.3563588,2.8900907,1.8690311,1.4608611,0.5572499,5.343755,2.4749775,0.41249004,1.5459017,2.6710072,0.89366984,1.1030225,1.1646297,0.91338193,0.9399016,2.5450983,0.69612676,0.84154385,4.002183,1.0462964,3.0509,0.90532386,3.5503044,2.5136943,1.1371708,2.0348802,1.861309,1.9519386,0.9013556,0.7713012,2.4719334,1.4786385,2.8941045,2.661522,3.4182227,1.043768,1.2945833,1.9559885,1.0115904,0.58742136,0.7924578,0.30573282,1.3228034,3.378258,1.9559885,1.0232301,10.247481,3.3362303,1.3084892,1.3847159,0.82904947,1.2776896,1.4376423,1.2261128,2.2179894,2.0034816,1.521766,2.997426,0.8953441,0.8492849,1.56218,3.2228677,3.4847648,1.5416809,1.3255858,3.6624196,0.30026656,0.59532666,1.1636894,0.74824995,1.0151665,0.7697256,1.8657354,2.467408,1.2077794,3.0754092,0.66893905,2.83233,0.72547096,1.4941185,2.7467115,0.8723419,0.7269985,2.0362258,0.74278045,0.7504894,4.0258765,1.1053389,1.1741889,1.70978,0.6848078,1.3553796,2.9905312,4.1092587,2.6421049,3.6281977,3.0267298,0.9745761,3.270395,2.848488,1.8812419,2.7751994,1.9854611,4.4664764,2.86795,0.91884106,2.24745,0.81338614,0.625929,1.3218412,3.2108357,0.87140936,1.1297282,2.5299973,0.74056745,0.6514452,1.7710125,0.5570901,2.7371542,2.6126761,1.2294511,0.8926265,2.8904603,1.2224001,2.3495915,1.4850024,2.2145875,0.78811944,1.3711939,3.7633815,2.2115595,0.6358225,3.0077386,3.656772,4.06435,2.1429818,1.1932932,3.0025277,1.8991766,2.514317,4.0771775,2.985209,2.407144,2.7050784,1.9962069,1.3400598,3.0810173,1.198267,1.2081319,1.436193,2.5406353,1.4141814,2.2507987,2.9845846,0.6746288,1.4358201,1.1218483,1.193548,3.1352122,1.8494207,3.1134956,2.8755023,3.575442,1.5970376,0.8932587,0.82843053,2.6196346,1.6868968,2.8759665,3.2543821,5.1187606,2.5737288,3.023551,3.2189007,2.410599,5.0345464,0.31784287,4.0569196,2.9321475,3.471385,2.6211655,1.4944148,2.828649,2.3214037,1.5915974,1.4398159,0.9738156,2.5594265,2.713834,2.7752333,3.5525978,2.1742847,3.6138973,0.74438274,2.556964,3.08959,4.34989,1.1778468,2.5714905,2.2248807,1.53971,0.82337445,2.922477,3.7979593,2.162177,0.66858226,3.1135726,3.1276572,3.0069432,2.151005,3.1485212,2.9578567,1.6588798,3.6133401,1.6585398,1.3936548,1.1013093,0.46616966,1.2981123,1.0377095,3.093433,0.46080247,2.5418503,3.783762,3.9807951,2.092415,1.2315441
0.9408366,2.7874162,1.6637323,2.9008713,2.807327,2.7872589,1.0671991,1.024721,1.9917024,1.2995689,1.0112139,0.9312495,1.7316679,0.9109869,3.5505545,0.91819245,2.0445552,2.4652405,3.1853096,1.9531684,1.3606173,2.5293782,1.5500864,2.5736234,5.146665,0.43029264,4.5757427,2.109651,0.70358926,2.5775778,1.2467115,2.9673078,1.0948404,2.079928,0.9571266,1.6449894,2.412092,1.4513121,4.1098075,0.87502414,0.44708556,1.6202451,1.0240103,0.76053584,2.350204,3.5066006,2.6511357,1.4112222,0.45146644,2.1000955,0.9668103,1.7735698,1.0010326,1.5130903,0.7004827,3.0451627,1.2491556,1.8415227,3.447137,3.0842214,0.6104281,1.4530351,1.3406476,1.2653381,2.6607692,2.9650824,2.588274,2.148556,2.3306458,1.2694894,4.3097787,1.252451,1.3104457,1.2271389,3.0524654,1.0844657,0.3107647,2.0224702,0.95077044,0.98372024,3.1194263,1.6701009,0.8701986,3.2056146,0.3993722,3.0234098,1.0563633,2.522875,1.8329153,0.44862714,1.7569304,2.0396986,2.1578414,1.0707579,1.0675406,2.8334446,2.1802106,1.9617472,1.9285227,2.9111094,1.6922591,1.6475472,2.5051615,1.2456218,0.70796436,0.52840066,1.3308142,0.6518901,3.4323425,2.5051615,1.7241906,9.743901,2.8898292,1.2953464,0.9424088,0.49104753,0.39560992,0.9190348,1.6642178,1.3942719,0.8484852,0.69753003,1.8656248,0.91302544,0.93743414,0.6390634,3.2426946,3.2593012,2.2091954,1.2000474,3.4547708,1.343944,1.2788779,0.2344595,0.91601586,1.1063915,1.0462283,1.7689846,2.6284473,2.0561428,2.9587488,0.9961386,2.3777592,1.2318075,0.61181134,2.5813155,1.7146959,1.2261518,1.4104474,1.0531005,0.91080356,2.9313402,0.37648043,0.33005336,1.990048,1.6165323,0.56365496,2.9174745,4.120755,2.6245499,3.591839,2.549963,0.82459253,2.5063374,2.0040798,1.8203626,2.2397275,1.6610703,3.563492,2.5857353,1.018184,1.7860645,0.73660576,0.93415,1.357418,3.1929848,0.8885008,1.8847008,2.2637615,0.9037227,1.2570698,2.3110282,1.2918451,1.5667763,1.8324014,0.51524335,1.0135443,2.3814604,0.86435133,1.1196314,1.0776268,1.765866,0.68009925,0.4938713,3.504746,2.5172565,1.24279,2.2229474,3.4160888,3.9422247,1.986648,0.9497513,2.1292295,1.5340122,1.6211286,3.4498715,2.9031157,1.2057166,1.6293417,2.7168558,0.4793026,3.5085025,0.40435028,0.51328397,0.32884178,1.9910702,2.279562,1.0577371,2.3526936,1.2292292,0.50637263,0.9011013,1.3568501,3.43248,1.7755015,2.8537352,2.5178301,3.4188857,1.8917801,1.4791228,1.092014,2.284189,1.28643,2.073322,3.2757723,4.653675,2.9270236,3.4768517,2.5355804,2.406679,4.0257897,1.3568611,3.8475912,1.7723376,3.3591423,1.5665177,2.1699727,2.9330351,2.3107014,1.1550183,0.97602963,0.8396187,1.3908763,2.7262087,2.4427364,3.1933112,2.716609,2.7796068,0.9592873,1.3576208,2.7733183,3.2863274,0.64652807,2.5573597,1.5520955,1.2050878,0.8251936,2.8780682,3.3190494,1.9735231,1.2010611,2.5692093,2.2976172,2.987627,1.6070343,2.8257768,2.2010722,0.5306766,4.09976,1.1996233,0.49784634,0.37934068,1.2545913,0.30682603,1.2439156,2.6433074,1.3249961,1.4838293,2.8985407,3.6232073,2.4424944,0.55433136
2.345798,2.635933,1.9751688,3.9368556,1.5719565,1.2475222,2.193759,2.352349,1.9658526,2.549108,2.1210678,2.3699133,2.6255445,2.3280706,2.8844275,2.9207733,2.5932102,0.83659047,1.4264045,3.1783853,2.350264,2.1688945,2.9649606,3.1654499,4.7555823,2.7129915,5.2845426,2.9119608,2.4603872,1.7499057,2.465553,2.2138455,2.3086405,2.523184,2.3817897,2.269016,1.8596646,2.5389135,3.841885,2.7724078,2.6492875,4.063248,2.1848085,2.414167,2.7553377,2.1806104,1.9835594,2.2548897,2.9605682,1.8383508,2.19654,3.2593184,3.079751,3.4563918,2.9984477,2.4898944,2.4083202,2.053422,1.4765326,1.1828511,2.8209343,3.3398893,3.2765362,3.730868,2.6935844,3.532396,2.2405813,2.7532167,1.9934689,2.4702196,4.2753525,3.0936508,2.4936225,2.633034,1.6606847,2.3550687,2.8012857,2.0881758,2.2252634,2.2173588,2.1511014,2.443341,2.2608385,2.6538625,3.0220757,4.1287136,2.2483292,2.7301726,2.5285752,2.5497384,3.0454183,2.9033017,2.9409077,2.2727125,2.0992434,1.9172484,2.6451292,2.3851805,3.8728073,4.1678977,2.1694117,2.7387667,2.083088,2.381554,2.564583,2.5530427,2.5396657,2.4308162,4.196756,2.083088,2.3036613,10.310871,1.5291263,2.8670444,2.4569318,2.701458,2.9627686,3.2891462,2.3928185,3.2798665,3.4100926,3.2822704,3.2072983,2.229791,2.3244648,3.1442206,1.9299128,3.9976249,1.668578,2.517681,1.4294124,2.5171676,2.4785805,2.6842222,2.2541697,2.2846184,2.20027,2.7853637,0.9058822,2.0416641,1.0506996,2.3498755,3.569908,2.3245807,3.1908584,2.1734738,2.405246,2.3981097,2.7784576,2.4935265,2.2764757,3.875372,2.7621307,2.5950363,2.7580397,2.4997654,2.458843,0.33545774,2.0506516,1.1003938,1.2462095,1.8865119,2.4311311,2.6563923,2.5054803,1.1178818,4.398623,3.0241258,3.2739308,0.7053354,2.2338846,3.2687206,2.4153485,2.3409903,2.2478876,1.3980892,2.237339,2.379108,1.5628117,2.3036668,2.4683294,2.2154434,2.4858744,3.0958185,2.0053146,2.8052576,2.2370424,2.8166368,3.1565475,3.0726526,2.5835147,3.7898679,2.4596794,3.0136595,5.34083,2.2280285,2.462484,2.2624266,1.2533317,1.8332025,2.783037,2.456795,2.5190346,1.453435,2.6136367,2.2875836,1.5367082,3.3961232,3.559286,1.9432956,3.240279,2.5969722,2.6996913,2.8854668,3.0755687,2.4681103,2.1771429,2.9427145,1.6884964,2.4347343,2.9163866,2.447122,2.4094045,3.8969018,3.266662,1.4003996,1.3465496,1.5309623,2.5339913,1.9554541,2.3421354,4.3540764,3.0078251,3.7318573,1.6148145,5.3215046,1.3884759,3.1411488,3.991611,1.1417918,4.0203633,2.5076787,1.687697,3.765792,2.7944818,3.880374,1.8790346,1.2768115,3.6118102,2.5693815,2.84543,2.6856806,3.1083083,3.901785,4.4164186,1.4563988,2.1178768,2.2480779,2.2338657,3.112554,2.882481,3.9855773,2.9891095,0.89022315,2.5163584,2.5385761,2.5554829,2.3868113,3.9770117,3.8234937,2.1099684,1.3865407,3.8591855,4.100067,1.8925244,1.709564,2.5259817,2.7631903,3.32743,3.4680564,3.0808945,2.6015983,2.4699495,2.9271777,2.2897894,4.7649307,2.5002363,3.0189047,3.8444686,4.280838,2.806986,3.0229974
3.640601,2.600995,3.3273761,4.7578435,2.1759355,1.5682324,3.453279,3.7081048,2.5897837,4.074528,3.4322808,3.7059817,4.285129,3.6897397,3.0903633,4.2952046,3.671407,1.9256877,1.1882073,4.698912,3.6735258,2.6786172,4.0478125,4.5529604,5.2405405,3.7704487,5.765081,4.63932,3.8012307,3.4742897,3.693507,2.5722702,3.760236,3.7345083,3.7920756,4.0125628,2.3688557,3.6987364,5.626873,3.7106388,3.8583865,5.2143736,3.513884,3.6589608,4.09405,1.7018268,2.166169,3.567351,3.9592035,2.4324896,3.5232933,4.1656733,4.2149305,4.9300823,3.9117262,3.036964,3.5656474,3.2239401,1.1663413,2.0562785,3.9534075,4.0987005,4.871301,4.996924,4.6138973,4.877832,1.9004898,2.8372443,2.824155,3.659505,4.641397,4.1584826,3.6463385,4.2852626,3.07386,3.7796385,3.9669726,2.9335783,3.676654,3.6838367,1.8979065,3.3676057,3.6614835,3.169596,4.1868863,3.8575332,3.7067957,3.6559775,4.207384,3.9029396,4.576702,3.0303948,2.9989955,3.7229836,3.3952954,3.467524,4.0119658,3.6792223,5.01557,5.410042,2.9294984,3.2874904,2.241984,3.81658,3.754593,3.8153002,3.6694543,3.8685381,3.6854665,2.241984,3.0635405,9.853334,2.5964136,3.450919,3.957266,3.9213192,4.05161,4.0883417,2.945366,3.8055346,4.5793433,4.4105577,4.0269065,3.6672413,3.710674,4.076399,3.0055144,5.1499395,2.529851,4.053593,1.0412331,3.663753,3.6177962,3.8445213,3.610291,3.7697697,3.5159981,4.554758,2.2077901,2.9902515,2.1348665,3.6977887,4.9300613,3.537727,4.133231,3.7933533,3.8351738,3.5843928,4.4524364,3.4046714,3.6563423,4.659532,3.9088132,3.9134462,2.956408,3.83062,3.8736446,1.8851619,0.2699025,1.4557916,1.4595104,2.9883196,3.898227,3.9216852,3.9014056,2.837838,4.7629538,4.608362,3.7308197,2.1903782,3.692602,4.5808306,3.7913342,3.682475,3.7711034,2.9130578,3.6509864,3.009969,2.6989453,3.6765852,3.6284559,2.4563642,3.613032,4.182543,3.3424602,4.111628,3.688253,2.663599,3.9805498,4.293338,4.0550914,4.5297527,3.803551,4.1185107,5.295427,3.8629277,3.6885784,3.5026648,1.4876411,0.69610244,4.6059556,3.8948443,3.834613,3.0398102,4.1930304,2.236592,2.9618905,4.6352806,4.8924203,2.3197079,4.368205,4.346417,3.769859,3.8859415,4.1930094,4.146743,3.2022247,4.18701,2.5082037,3.6902397,4.208216,3.9372377,3.9644952,3.8294241,3.572267,1.7156885,3.0608695,0.9293924,2.821875,3.0083706,3.746017,4.6678615,4.628597,5.0362973,3.1107614,5.838824,2.839367,4.933671,5.172215,2.73257,4.5566025,3.6432703,1.1935267,5.089892,3.729541,5.1553254,2.5524848,2.712571,3.6305416,4.1527977,4.3235917,3.5636182,4.2009068,3.7550604,4.641366,1.4876227,2.1076148,3.0259047,3.6022637,4.351109,4.659932,4.626231,3.917162,1.5388612,4.1741138,4.0788217,3.9375196,3.791708,5.106096,4.1216106,3.3052773,2.3654497,5.0576787,3.842088,2.523403,2.4519942,3.8447053,3.7747188,4.9826126,4.15091,4.056679,3.9230235,3.7098787,4.022296,3.7712426,5.037899,3.6091986,4.4089994,4.6135263,5.257313,2.7227027,3.982086
2.2327113,1.6488025,2.1179917,3.857393,1.7476587,1.0835761,1.9828925,2.2263427,1.2435291,2.645282,1.9647143,2.2377272,3.1810918,2.2290204,2.9294548,2.9948978,2.653808,1.2825762,1.3160188,3.5717833,2.202166,1.5683173,2.9379213,3.726444,5.0336185,2.333041,5.370142,3.4878356,2.3655531,2.556244,2.1995025,1.8062236,2.3942335,2.907995,2.423844,2.772524,1.1337944,2.273049,4.76302,2.436816,2.4051745,3.979905,2.0494595,2.2019503,3.3018215,1.4237984,1.0716115,2.108114,2.6074352,1.0870347,2.056441,3.1206546,2.9373455,3.4950297,2.4766262,2.5685062,2.055522,1.8838761,1.4254534,1.9182677,2.590639,2.932365,3.5016565,3.7135494,3.4999876,4.087419,1.3313129,1.6904023,1.5951762,2.160066,4.358675,2.9708521,2.1593637,2.942043,2.4342377,2.4174335,2.576823,1.5872056,2.2773917,2.292947,1.2014244,1.982785,2.2161756,2.7527475,2.7458243,3.093927,2.3269687,3.006553,3.1394947,2.5103452,3.4083936,1.8865976,1.8984908,2.3494265,1.9230698,2.6686392,2.844734,2.6891391,3.9174948,4.498629,1.5201519,2.0411892,1.1491746,2.4954143,2.285092,2.364699,2.1951475,2.516631,3.1104894,1.1491746,1.6100502,10.003473,2.0069745,2.1273415,2.650228,2.498454,2.6871605,2.742036,1.5818709,2.6585748,3.276439,3.0739183,2.989179,2.2582319,2.3275971,2.7508485,2.670843,4.375934,1.2649821,2.6172798,1.4506961,2.1954117,2.1136668,2.4161308,2.1507275,2.41891,2.0350318,3.2628179,1.1832364,1.7241976,1.8447297,2.2882442,3.9405599,2.034851,2.7791717,3.0011659,2.4805555,2.0770762,3.187383,1.9388756,2.2299085,3.8040156,2.4568899,2.5122528,1.7455785,2.4622028,2.5060768,1.3922735,1.7242545,0.41090146,1.8042028,2.4576914,2.479143,3.2367637,3.020179,1.6267083,3.6650085,3.401751,3.3503265,1.5195459,2.3087394,3.4811816,2.3482335,2.2294579,2.338951,2.5095577,2.242695,1.6361783,1.9978771,2.2205596,2.1216462,1.1863824,2.1115522,3.0447426,2.288635,2.7488513,2.2987301,1.893636,2.5890257,3.0769932,2.625523,3.4117913,2.355021,2.777285,4.4071927,2.8954334,2.187043,2.7753391,1.7390391,1.7374089,3.3717537,2.4405806,3.0199246,1.7927854,3.0787656,2.305054,2.4579937,3.4142652,3.7426507,1.2869301,2.9594638,3.5280814,2.3361237,2.4501724,2.797113,3.1364136,2.0615609,2.9414701,1.9420333,2.1906967,2.8645048,2.5007687,2.5292277,3.2809963,2.4098938,1.524084,2.354357,1.2420975,1.5512431,1.555327,2.2731607,3.5580604,3.2832043,3.7300477,2.696219,5.4498043,2.1734684,3.9558578,4.2278085,1.6606171,4.150162,2.1751997,1.9262887,3.9134948,3.3388839,3.9261994,1.2076178,2.1899137,2.5980332,2.871405,2.9985209,2.1175742,3.0045433,2.878474,3.5818617,1.573217,1.1580961,2.60436,2.1458395,3.1626647,3.7528942,3.8964944,2.486843,0.50269324,2.9263544,2.6654117,2.535185,3.1201391,4.4191003,2.9652934,1.8359995,1.7578676,3.798811,3.063317,1.412306,2.147168,3.0532398,2.4435,4.231196,2.8579552,2.6639602,2.5208302,2.2226903,2.6023057,2.4437928,3.9876127,2.1177278,3.2945173,3.6309628,4.623551,1.7100048,2.5628836
2.9488122,2.7321637,2.865705,4.5876975,1.9770305,1.58034,2.8891947,3.1414225,2.339073,3.4667761,2.8516402,3.098692,3.2453961,3.0622358,3.1285737,3.451261,3.3406658,1.145941,1.25981,3.5825303,3.1076624,2.409668,3.595995,3.343876,4.2225604,3.361586,4.9211836,3.4722624,3.1362598,2.2372684,3.2035365,2.1723287,2.9415362,2.9456527,2.9937768,3.1620874,2.2054162,3.1278648,4.2894115,3.3584242,3.309332,4.4978633,2.912657,3.0738328,2.941093,1.9934291,2.204081,2.9892995,3.5241642,2.2149734,2.9304476,3.808455,3.7504282,4.343208,3.5904293,2.9749298,3.1751025,2.6016612,1.4964854,1.1456709,3.322664,3.8786864,4.0093207,4.277698,3.5266314,3.6218398,2.2079263,2.9575508,2.410441,3.2069511,4.6164136,3.7050495,3.182298,3.3979783,1.7906551,2.9639747,3.3717258,2.563259,2.9184573,2.907686,2.1668,2.9218915,3.0028899,3.1205359,3.6593862,4.0979013,2.9099777,3.0819223,3.1418793,3.2091694,3.4949827,3.1067228,3.1121976,2.9179947,2.830667,2.1861713,3.0422716,3.1072164,4.1556253,4.30117,2.6276565,2.989098,2.231199,2.9434881,3.2214413,3.225694,3.1919787,3.0995376,4.0601196,2.231199,2.8570766,9.663103,2.2687821,3.2371888,3.0763004,3.3073564,3.4919064,3.7452304,2.766881,3.6175523,3.9746385,3.7864861,3.7826655,2.9305336,2.9451585,3.6277313,1.6018082,3.9678755,2.0912008,3.4045126,1.1914754,3.165856,3.2069528,3.345327,2.9890714,2.9220889,2.9639971,3.5604126,1.8446175,2.4485161,0.77375615,2.980636,3.802782,3.0907874,3.704415,2.4437547,3.0495343,3.163476,3.5187457,3.05939,2.9600868,4.4954433,3.4471452,3.2637057,3.0113068,3.0926545,3.1562893,1.1213452,1.534843,1.5034198,0.31159645,1.8444974,3.1656735,2.8288653,2.886963,2.0276716,4.6440945,3.546297,3.713164,1.4529856,2.9044602,3.5717084,3.1301732,3.0417979,3.1628306,1.4692886,2.9207735,2.8073616,1.5767862,3.038411,3.2157788,2.538651,3.2011268,3.7538157,2.795349,3.3897026,2.9102411,2.9832788,3.6585028,3.6965296,3.4667323,3.9828851,3.1650243,3.520546,5.424698,2.6213212,3.226361,2.5093336,0.8694824,1.3499557,3.5538359,3.3044045,2.852338,2.3315277,3.2873094,2.3059745,1.539339,3.9632895,4.0627027,2.1622608,3.8436322,3.1157377,3.3511438,3.5160546,3.6974707,2.9902875,2.4948347,3.6183598,1.8133545,3.2114794,3.4961958,3.258876,3.2911782,3.5734446,3.4924002,1.0103974,1.8663809,1.4798948,2.8243258,2.5473452,3.147667,4.5831037,3.7284253,4.624705,1.6544635,4.9571443,1.5835142,3.739688,4.1646543,2.1910844,4.4771857,3.1531706,1.1162653,4.363737,2.453372,4.407194,2.324454,1.3095784,3.770998,3.2082033,3.4498515,3.2515156,3.7835782,3.9382157,4.61043,1.3353333,2.184371,2.4517274,2.9697683,3.7746255,3.349809,4.5583158,3.5802624,1.3669022,3.3859644,3.4401102,3.191651,2.4197407,3.92916,4.0807433,2.775473,1.9309417,4.7389183,4.0791955,2.2410843,1.3607241,2.770149,3.344832,3.7019017,3.856935,3.6571004,3.2563093,3.1958284,3.570493,2.8922417,4.964796,3.1835246,3.5504637,4.6001534,4.127252,2.9121695,3.6101823
1.7802267,3.1489882,2.0837286,3.5567288,2.2248182,2.2948196,2.0119212,2.1657848,2.35572,2.3717623,1.9346459,2.043693,1.3213685,1.9793633,3.1114051,1.6353227,2.4539127,1.4713795,2.3786607,1.6400013,2.3197744,2.7043717,2.2083066,1.344132,3.955818,2.179142,3.6753547,1.7706101,1.8638914,1.6491264,2.4004757,2.7192776,1.6461033,1.3886477,1.6195815,1.8564483,2.6075032,2.3350646,3.3540537,2.104122,2.0475378,2.5457702,1.9643017,1.958986,0.91194296,3.2506075,2.8116148,2.2565036,2.129885,2.3765075,1.9560679,2.457148,2.2656486,2.9374433,2.4751534,2.8227897,2.4673522,2.1891866,2.7603774,1.731458,1.8639989,2.6398249,2.2587044,2.3430092,2.4288347,1.7888446,2.5028064,2.8661892,2.5426698,2.4480166,4.1373453,2.217316,2.4351964,1.8223675,1.8942767,1.650654,1.9063382,2.4725978,1.6698902,1.6463822,3.1182065,2.40786,1.8643456,2.9673462,2.2636285,3.7637186,1.6519505,1.9469452,1.2537581,1.708741,1.5791715,2.845253,2.9180377,1.6459845,1.9694983,1.7641976,2.1103854,1.9826491,2.1440458,2.3221164,2.339335,2.3743236,2.6745336,1.6016227,2.1059732,1.9670796,2.4299498,1.5153643,3.9962468,2.6745336,2.595228,9.117328,2.4487376,2.4477093,1.3887792,1.943444,1.9924599,2.5006063,2.4318333,2.4950416,2.2084413,2.1137838,2.6235826,1.6976821,1.6464252,2.1900651,1.5300512,2.322428,2.2754045,2.2585444,2.5833318,2.3994677,2.4871302,2.0379422,1.9358314,1.5729806,2.0704782,2.0492175,2.4203942,2.2748299,1.4409697,1.8069814,1.7822114,2.3575957,2.2972112,1.0447229,2.188557,2.425041,1.7480879,2.2785,1.7925853,3.4964466,2.2006104,1.7867261,2.8011384,2.2033482,1.6192094,2.0249832,3.356484,2.335083,2.2691755,0.7043653,1.8244699,1.0051726,0.9168131,1.5217835,3.4797425,1.6338001,3.4125338,1.733369,1.6405182,1.5791833,1.8864031,1.9560242,2.2445292,1.5764686,1.6848533,2.6157522,0.67655826,1.9425374,2.4817586,2.8096895,2.4874954,2.3671243,1.8755153,1.7503825,1.6639978,2.8251786,2.514431,2.0134263,2.274985,2.4768827,1.920909,1.9430546,4.6010213,1.6648656,2.4398026,0.80782235,2.2033563,3.0501022,2.032756,2.1624706,0.98983335,1.5108676,1.4914852,2.727102,1.1735967,2.0967972,2.0106351,2.7625222,2.3347812,2.7299109,2.1520178,2.3339944,2.225988,1.060229,2.2608519,2.0351293,1.2494434,2.4079406,1.7800716,2.00018,2.2664526,3.3399606,2.7916727,1.678437,1.0879769,2.8109112,2.6365767,2.0844803,2.163275,3.5395594,2.000516,3.341039,1.6444222,3.7023265,1.8101041,3.0078487,2.1200764,2.2645488,3.9495208,2.4046524,2.7068465,2.4367092,1.6802485,2.4069777,2.5061586,1.461893,3.307206,1.441149,1.678082,2.319149,2.3886259,3.551749,3.637441,2.2666228,2.8005316,1.8197147,1.9297308,2.1564703,1.7157688,3.7330313,2.4332063,2.1613822,1.9655542,2.2488747,1.8031272,1.2912945,2.1774247,3.2284126,2.0346365,1.9282556,3.5472386,3.7427814,1.6851788,1.1918697,0.7816989,1.998286,3.265718,2.6497872,2.3295045,1.7763699,2.374557,2.229172,1.5739466,3.8472714,2.475761,1.5491325,3.824626,2.5623984,3.0046525,2.3813822
0.5679821,2.44106,1.8089427,3.30456,2.9361215,2.804701,0.664974,0.69920266,1.6434058,1.2343061,0.67196226,0.5484989,1.9486556,0.56011313,3.8149018,1.0161626,2.3494105,2.471269,3.1971164,1.9888448,0.94122946,2.131074,1.98662,2.737627,4.98589,0.5122232,4.722978,2.0707064,0.3848918,2.3782256,0.81282735,2.602934,0.8213992,2.4278898,0.7133463,1.7345487,2.0574992,0.96610636,3.9620264,1.2548226,0.10901076,1.9333576,0.6585124,0.33566853,2.5466037,3.2069693,2.3209026,0.98479307,0.8318801,1.7675326,0.62005,2.2268615,1.4582747,1.629051,0.6602404,3.2876804,0.883422,1.4119987,3.4452763,3.142628,0.5302281,1.8593179,1.4321607,1.6381524,2.5921118,3.065949,2.6041703,1.9199384,1.9158667,0.8406826,4.6835904,1.7204261,0.8458503,1.2270023,2.8255532,0.80526096,0.40356636,1.6009474,0.69951975,0.7401735,2.8098798,1.2105187,0.590426,3.4603872,0.4112492,2.9527335,0.7841437,2.8863575,2.0352461,0.50507057,1.7793435,1.8464632,1.9596338,0.79490244,0.71839786,2.6144137,1.8358548,2.2759442,2.1712096,3.0685816,1.3095688,1.366917,2.190326,0.9830468,0.2354539,0.19049633,0.8485219,0.7527129,3.333584,2.190326,1.3305881,9.915314,2.9834783,1.1239548,0.9597358,0.20911354,0.60358375,0.9711868,1.3470936,1.6382196,1.2917922,0.92611533,2.2813175,0.6580068,0.6575189,0.90903735,3.1557822,3.2968798,1.8482649,1.0941939,3.4481926,0.8603131,0.8567953,0.42436445,0.5799246,0.87606823,0.70411026,1.7136455,2.4625945,1.6407782,2.9130933,0.6271283,2.499946,0.8514562,0.8540146,2.5665796,1.3061863,0.848395,1.5785013,0.6884864,0.5800748,3.3369582,0.43041494,0.48145607,1.754115,1.1802939,0.73112184,2.8509016,4.0331235,2.5224156,3.520969,2.6555219,0.6434934,2.7522836,2.2814305,1.7151061,2.3842435,1.7011818,3.8718698,2.5995624,0.75846773,1.8910047,0.45780063,0.54489666,1.1896785,3.1197984,0.6232183,1.4851143,2.2660549,0.5686722,0.85357165,1.9932413,0.8583979,2.0064425,2.0644548,0.6277033,0.7420818,2.4876316,0.8095077,1.5971643,1.0952553,1.8582417,0.38158917,0.7203063,3.5509841,2.3171384,0.8395606,2.468738,3.425024,3.9065554,1.9665049,0.8535702,2.4207036,1.5479095,1.9222959,3.6252775,2.8504994,1.6756526,2.0373604,2.3527129,0.7042032,3.2869804,0.5192159,0.5878733,0.71475405,2.1348715,1.8716873,1.511714,2.517008,0.8395912,0.77975875,0.7845187,1.1426127,3.2452958,1.6783834,2.8606098,2.5725484,3.389973,1.6423496,1.0964648,0.7802388,2.3394575,1.3419808,2.3489368,3.1904323,4.7987742,2.7051704,3.2539153,2.7640088,2.3043916,4.3887486,0.8739687,3.8479106,2.226052,3.3335474,1.9693031,1.8037974,2.804375,2.2127774,1.2026083,1.0241679,0.6256346,1.829891,2.6326213,2.4991903,3.2472947,2.4097657,3.0481157,0.61886376,1.8180462,2.8384376,3.6759264,0.64180666,2.452513,1.7407497,1.2013586,0.55852664,2.8198144,3.4616973,1.9456881,0.7970478,2.6974492,2.5869846,2.912889,1.6996441,2.8648803,2.4387825,0.9214277,3.8681269,1.2526432,0.7314187,0.43588817,0.80812323,0.585395,0.99081594,2.7602396,0.86679846,1.8722147,3.2065268,3.7178135,2.1992984,0.63285476
2.15201,4.1145287,2.5962527,3.690348,3.2590196,3.4659293,2.4958348,2.496578,3.2692776,2.480373,2.4163446,2.3723783,0.8201146,2.3074052,3.9178715,1.4198942,2.8546853,2.7173219,3.644671,0.91418695,2.704032,3.6108139,2.3708246,0.7213716,4.2944403,2.5074244,3.640783,1.1831425,2.1128516,2.1628726,2.788964,3.696684,1.9054452,1.7065874,1.8548719,1.8721656,3.5822198,2.748376,2.9410646,2.4729617,2.2947013,1.9961826,2.4016316,2.3228915,0.82146966,4.4184566,3.848471,2.6957917,2.3560956,3.3357906,2.385001,2.634409,2.3149083,2.665176,2.7924025,3.5798774,2.923117,2.8343782,3.9802146,2.9140487,2.0586169,2.9038277,1.6971213,1.805394,2.193351,1.1941965,3.645861,3.7424424,3.3743103,2.8614175,4.5553393,2.3127239,2.864936,1.6064969,2.6832063,1.9030596,2.0752347,3.2550547,1.9768988,1.9461164,4.232121,3.0143151,2.1925871,3.694233,2.345842,4.480025,1.9443426,2.3983681,0.8436255,1.8502996,0.965696,3.6637974,3.7568932,1.9302815,2.4745347,2.332919,2.352913,2.3178077,1.5826532,1.5276978,3.1229913,3.0645547,3.7074752,1.8326968,2.4319787,2.2247648,2.855806,1.6387403,4.820032,3.7074752,3.3194687,9.356427,3.3072457,3.046107,1.409602,2.1429415,2.1343584,2.7653353,3.2267377,2.9447553,1.9864289,2.0224967,2.9117634,2.0125813,1.9468317,2.3804433,2.4652667,1.9141029,3.2045245,2.3592727,3.850059,2.825032,2.9286683,2.2907963,2.3086662,1.8114762,2.5078883,1.674709,3.3876593,3.0459452,2.6845567,2.1354225,0.97951746,2.8145652,2.4668005,1.3409326,2.48892,2.866516,1.2933148,2.8364449,2.1319742,3.6697693,2.4373267,1.9341432,3.6295784,2.5216875,1.7506207,3.1488125,4.6669445,3.5158343,3.5401235,1.8403301,1.9741447,1.20669,1.0027137,2.3260326,3.712497,0.9692718,4.0038314,2.8032558,1.9391533,1.0809163,2.134815,2.2947154,2.5218108,2.470958,2.0149658,3.383575,1.9717119,2.273703,2.912803,3.76448,2.9344888,2.4734097,2.3895164,1.7496068,1.9681636,3.7569177,2.8280706,1.9292917,2.3775363,2.5564153,2.169373,2.0287313,4.958599,1.9293199,2.8304846,1.4332498,3.4575531,4.343457,1.593333,2.35686,1.2070001,2.197858,1.2414819,3.7798362,2.1349633,1.757985,1.3347372,3.7649033,2.3216197,2.8861604,2.4752798,2.627184,2.2969816,0.6605856,2.9636943,2.0282106,2.3843162,2.7899637,1.7005081,2.1376681,2.4339626,4.0641694,3.4119494,2.9939585,1.9137245,4.0583935,3.4929626,2.8121846,2.4671702,3.8371773,1.5288434,3.1718466,2.4456503,3.6352708,2.6934862,2.8675647,1.4065571,3.0483162,4.3278327,2.8422112,3.978315,1.8430983,2.2658212,1.7579627,3.4172394,2.4676735,3.9867308,1.237986,1.4139767,2.8026266,2.4831696,4.2529798,3.9819875,3.499601,3.8717022,2.62637,2.3071012,2.0652928,1.1001977,3.9995453,2.7394493,3.3448715,1.879855,2.3236187,1.9496543,1.6933775,1.7263676,3.6856341,2.606337,2.9188564,3.4506235,4.458341,2.6799607,2.4399066,1.0221734,2.3133287,3.2565994,2.9346693,2.5350015,1.9189575,2.753428,2.4111528,1.8241854,4.069767,2.930596,1.1194082,4.0740833,2.267313,3.935963,2.6407251
1.9146425,3.886038,2.2011716,3.2936203,2.9178486,3.1397738,2.2222168,2.2077024,3.020775,2.1712792,2.1269784,2.0990877,0.53633475,2.0309687,3.5665236,1.216135,2.4370027,2.4498637,3.3630764,1.08167,2.4579043,3.4192307,1.94903,1.017235,4.516084,2.1537745,3.7979312,1.2945853,1.8393916,2.1468737,2.523361,3.563039,1.7005956,1.3637131,1.6353271,1.5788311,3.3459163,2.547168,3.178586,2.0647857,1.9883423,1.8487722,2.1242857,2.0421968,0.87381226,4.2140703,3.6054308,2.4567027,1.9974295,3.0830903,2.0983438,2.226028,1.9076514,2.3731837,2.4609332,3.2013018,2.6227746,2.6498818,3.6844473,2.697694,1.8033459,2.4993577,1.5243307,1.574724,2.1484957,1.5510738,3.323547,3.4568133,3.1815796,2.5887134,4.215079,1.8992698,2.6087224,1.3829515,2.6799915,1.7045683,1.7758324,3.0346634,1.722485,1.6980727,3.9992867,2.8030624,1.9069583,3.3197765,2.0455189,4.2295794,1.719917,2.063666,0.5884096,1.5378832,1.0464267,3.3773193,3.4748719,1.7144426,2.1869226,2.3663063,2.3463264,1.9181254,1.562228,1.8065917,2.8665047,2.8332732,3.4682922,1.6754768,2.1454587,1.9259083,2.6125216,1.3177751,4.576155,3.4682922,3.0423353,9.407214,2.9726956,2.7544248,1.1572659,1.8651677,1.8342794,2.469129,2.9519858,2.6017225,1.6684121,1.7661426,2.491891,1.7491206,1.7146606,2.0627043,2.5005798,2.2176878,2.990589,2.0650535,3.5823295,2.587592,2.6479197,1.9423693,2.0254512,1.6066626,2.21568,1.5697631,3.1057463,2.865992,2.5473745,1.9069443,1.2510858,2.5239341,2.1485453,1.4432476,2.3490887,2.5720277,1.040018,2.539545,1.8732806,3.2737737,2.09391,1.6049656,3.342402,2.3749502,1.4061215,2.9067302,4.420326,3.2070403,3.3804533,1.7213664,1.7024771,1.1289766,0.729043,2.0489306,3.4512582,0.994202,3.6321497,2.5229,1.704169,1.1396378,1.8515114,2.0323813,2.2237794,2.4423475,1.7517097,3.131821,1.8244016,1.996014,2.626107,3.4882488,2.6580336,2.0548258,1.9908471,1.4744587,1.7316802,3.3900185,2.5242002,1.5267775,2.0425255,2.4112144,1.8818594,1.7410384,4.7251916,1.991557,2.5514808,1.2048893,3.237857,4.0943527,1.5222694,2.0346823,0.9521872,1.8560272,0.8667755,3.4610186,2.1150095,1.4178078,1.0958347,3.5561736,2.021214,2.9589303,2.1191182,2.279841,1.9571692,0.56919163,2.8480809,1.6150042,2.0968044,2.5096087,1.4049752,1.8392131,2.1719282,3.9861746,3.1353576,2.7759266,1.746694,3.7621844,3.2030566,2.550976,2.1871147,3.5858686,1.3515966,2.8133028,2.4589214,3.81151,2.646193,2.9707327,1.5587662,2.7557228,3.97467,2.6038277,3.7571023,1.5590672,2.4075336,1.5456265,3.170815,2.4178543,3.7030003,1.0199025,1.2126437,2.4797187,2.0648117,3.996101,3.727426,3.22102,3.6377,2.3266137,2.029728,1.659943,1.3211528,3.605281,2.4062276,3.0476754,1.5464138,2.004765,1.7177341,1.8471816,2.018156,3.408945,2.3371603,2.581855,3.076236,4.2064247,2.3224974,2.309508,0.87942535,1.9288591,3.4207544,2.6518776,2.196318,1.6066803,2.4972885,2.0627022,1.6525872,3.828325,2.6668456,0.74613786,3.6572068,2.5381463,3.6677394,2.3079655
1.2510208,2.3075354,1.5350821,3.692244,2.1316388,1.8887041,1.095906,1.2374306,1.388128,1.5441991,1.0240284,1.2401426,1.9641539,1.1983627,3.3642344,1.9448196,2.3511567,1.4033955,2.2455812,2.3408604,1.2183104,1.694724,2.4938855,2.728797,4.6432147,1.7954547,5.05932,2.0473084,1.3568869,1.2564687,1.3647635,1.9739473,1.1907874,2.3434362,1.2882918,1.4945546,1.4774516,1.4536086,3.3294404,2.1201935,1.6061357,3.193317,1.0649608,1.3304322,2.424184,2.4031198,1.7719388,1.1284342,2.1227598,1.3507881,1.0872284,2.840177,2.36556,2.4691055,2.0814488,2.8280222,1.3826426,1.0891778,2.3907866,2.0148833,1.8400704,2.7855463,2.2314155,2.8417535,1.9971257,3.074245,2.4026608,2.2934031,1.3607359,1.391477,4.554574,2.495716,1.414573,1.593134,1.5830355,1.2477803,1.8204188,1.3288761,1.1010871,1.0927857,2.1763542,1.5090244,1.1411337,3.0098116,1.9946388,3.7263172,1.1207933,2.7604103,1.9225719,1.5289792,2.1630054,2.396473,2.4660058,1.1505381,1.0065961,1.556854,1.7149162,2.1366715,3.1108048,3.5508165,1.3988124,2.0174737,1.8143518,1.30369,1.4942039,1.4876344,1.4612547,1.4416895,3.9172003,1.8143518,1.5058941,10.350448,2.0081053,2.1115556,1.4606336,1.6529467,2.0259905,2.4193077,1.7089595,2.6929717,2.5477793,2.333968,2.834165,1.1075983,1.2247363,2.2938268,2.1444106,3.4853244,1.1227536,1.4585054,2.3796408,1.4322038,1.4272335,1.7304099,1.1338955,1.1792253,1.1009128,1.7859048,1.1276604,1.2671126,1.6988297,1.2270708,2.892047,1.2662717,2.3099422,1.8463423,1.2820739,1.3506402,1.8904471,1.5660089,1.1494588,3.6773436,1.7870923,1.5935847,2.224979,1.386036,1.4859217,1.4199928,2.9757154,1.5555187,2.2414217,2.005944,1.3152946,2.50902,2.1725342,0.39925924,3.713835,2.107132,3.5768487,1.3602448,1.1092057,2.4832227,1.3051176,1.2075781,1.2107164,1.7892606,1.1229169,1.6449124,1.5428724,1.1748224,1.4165237,1.8175284,1.4343805,2.5876765,1.747591,1.8009921,1.1085085,2.7392588,2.2569177,2.3899612,1.5998595,3.0256996,1.3588846,2.0862536,4.7590237,1.58438,1.3785483,2.155735,2.2560904,2.8238122,1.8733205,1.4088842,2.2801802,0.8194392,2.0142393,2.9562082,1.7261171,2.6429393,2.8384218,1.6809224,2.2529812,2.2165947,1.7849525,1.9686332,2.1429758,1.8984696,1.4322529,2.2495587,1.9460392,1.3443646,1.9547746,1.3561642,1.3034341,3.5600843,2.6321912,1.9862324,1.4713577,2.3860722,1.9976083,1.0265517,1.2128786,3.6498268,1.9713464,3.009481,1.9054583,5.1020927,1.3718793,2.519639,3.3743665,1.0515369,4.2399397,1.4291886,2.718931,3.0629852,2.774227,3.0581827,1.3337021,1.5120665,3.08021,1.5940766,1.8241465,1.7915325,2.5263321,3.4392028,3.7570963,2.2906766,1.9605528,2.5665958,1.1046919,2.4879553,2.3983972,3.9076002,2.0736473,1.3813835,1.7718996,1.5495632,1.4454631,2.1409173,3.5969696,3.1363893,1.0504391,1.8438209,3.2165828,3.6900275,1.661337,2.0722954,2.2647822,1.9893824,2.9496956,2.6452653,2.1839066,1.5796344,1.3570558,1.9929101,1.1953522,4.089547,1.4450762,2.3766685,3.5587304,3.90272,2.4375253,2.1039975
3.4973414,3.5827506,4.2814827,4.4098573,4.6733694,4.5160403,3.6102726,3.7646828,3.5914931,4.225195,3.6650555,3.642042,4.473678,3.6688013,4.951225,3.4400024,4.256058,4.461327,4.651158,4.235463,3.9051242,3.9912999,3.6195965,4.570902,5.9390965,2.957788,4.556409,4.7812996,3.4964378,5.1501946,3.6985214,4.2968473,3.7919679,4.206399,3.6509962,4.658539,4.0028877,3.6288576,6.771042,2.9193804,3.1964314,2.9398441,3.6880796,3.3903387,4.3960705,4.587975,3.9903295,3.9146526,2.6857493,3.723792,3.6605394,3.398395,3.2674196,4.183875,2.6479907,4.799877,3.6549485,4.006098,5.0252333,5.0326486,2.9280388,2.7551742,4.1126113,3.206149,5.664273,4.78454,3.3156235,2.7113888,4.146462,3.6685555,5.5230722,3.2777088,3.6092236,4.2062197,5.300824,3.73484,2.9721215,3.8426797,3.7618532,3.7932277,4.217999,3.4851406,3.703438,4.925258,2.9871778,1.5936184,3.800605,4.3171144,4.5733056,3.4128678,4.141942,2.4434671,2.4681232,3.7868774,3.6803925,5.2049828,4.3577433,4.391612,3.2220776,4.293452,3.4018366,2.66018,3.695868,3.8086407,3.271719,3.3209333,3.556883,3.6052818,2.0712705,3.695868,3.469379,8.075156,5.1625395,2.3586557,3.7633464,3.1570833,2.7640254,2.1774783,3.0106778,1.9599347,2.9451346,2.7608628,3.4326336,3.733488,3.6218271,2.4269505,5.1535106,4.6047673,4.0838714,4.149995,4.967033,3.5870569,3.6101832,3.0846307,3.6679144,3.8419225,3.7143252,4.7072845,4.938366,3.93271,4.9262905,3.611196,4.1936045,3.7110312,2.4410965,5.011295,4.1966047,3.6710658,4.3333225,3.0315812,3.6512637,4.410627,3.0956614,3.3437982,2.6541443,3.9645321,3.571666,5.134296,5.267389,4.353251,5.28882,4.4575043,3.7539322,4.517554,4.2873926,4.48928,0.83377314,4.1939783,5.109125,4.877598,3.787429,3.6850886,3.590233,3.6281648,4.2398705,5.5188375,3.6814687,3.380969,4.208266,3.6797845,3.637732,3.5460732,3.5924828,3.621331,4.353998,3.2500315,3.77816,2.7819397,2.3604138,3.424018,4.011475,2.0959423,3.5174541,2.7736576,0.5642384,4.999819,3.7173903,4.306641,5.125439,5.2451572,4.936037,3.8743336,4.297021,4.2689686,4.346612,4.806935,5.115325,3.3222322,3.674146,4.2065864,2.817994,6.2188063,2.9770446,2.8141932,2.8648703,4.644299,4.1615014,3.5062582,4.1319904,3.7555742,3.1972618,3.8804908,4.2541857,3.0646856,1.8773398,4.3575106,5.0527782,4.868117,2.8360841,3.6233094,3.8685746,0.82205147,4.142887,4.3817954,5.6028986,4.7229857,5.190715,6.228022,3.856356,4.9987235,5.491607,3.5828714,5.3091087,3.8096807,4.928418,3.3807812,3.8891068,5.145974,1.7143879,3.9896035,3.6967351,2.7848153,3.4897866,1.6242629,0.67086345,4.756104,3.815056,4.545738,3.7039049,3.6486003,5.4288034,4.631137,2.6508555,4.4110665,4.5147696,4.175288,3.555359,5.0167127,4.674726,1.354519,3.6048508,4.664132,4.413864,1.5984267,3.2368617,4.47003,4.3102455,2.8476434,6.6918273,1.8908796,2.6075764,3.3418167,3.7060835,2.906818,3.893943,0.467411,3.5639887,3.8450167,4.485744,4.6416965,2.8507257,2.641165
1.3425418,3.4509983,2.4651399,3.6342535,3.4757829,3.5188336,1.7504936,1.7498902,2.663328,1.9328136,1.72525,1.5776924,1.339303,1.5417064,4.2206597,0.36110157,2.8324745,2.9129338,3.7913885,0.8457745,1.9485866,3.0336351,2.2147877,1.7093817,4.4799414,1.6394085,3.8954318,1.3038958,1.2673273,2.356674,1.9585698,3.276048,1.2139436,2.2068362,1.0960823,1.8697183,3.0618138,1.8802589,3.3793142,1.8997428,1.361674,1.1768899,1.6839212,1.4704298,1.7505889,4.0815363,3.3390183,1.9700255,1.502948,2.7848287,1.6658877,2.4445138,1.8048667,1.9971828,1.8022459,3.789711,2.1301243,2.2191484,4.127367,3.3856628,1.0261245,2.3687813,1.0028769,1.0142158,2.4218793,1.9645745,3.3781526,2.9844556,2.816745,2.0281987,4.9057827,1.9556019,2.0055578,1.1396148,2.8944385,1.1746448,1.084994,2.6022985,1.3091451,1.2955223,3.785869,2.1934974,1.4821789,3.9346516,1.2876709,3.6647604,1.2755606,2.8413105,1.465387,1.0357139,0.7053441,2.8664122,2.9693177,1.2486573,1.7878692,2.534947,1.8522711,2.502758,1.1156399,1.822683,2.4018853,2.2166061,3.1660054,1.1510259,1.5107234,1.3324789,1.9711092,0.9956479,4.0729594,3.1660054,2.5501912,9.442248,3.5478747,2.1346068,0.81055814,1.1532134,1.1222291,1.7199848,2.454524,2.21566,1.1637055,0.9095218,2.679118,1.3324097,1.1949545,1.425622,2.9673116,2.233609,2.7364469,1.7693279,4.041968,1.9506294,2.0887702,1.4302038,1.574793,1.1708922,1.7957116,1.4430997,3.2988052,2.45331,3.0832684,1.3426168,1.2694436,2.0476186,1.4701645,2.046074,1.8282508,2.0735176,1.1694627,1.9572282,1.3872366,3.653924,1.5395548,1.1142362,2.8357406,1.7610489,1.1114041,3.3799443,4.7434387,3.3872974,3.8771472,2.4304893,1.2382681,2.1295638,1.7445306,2.2738833,2.7710667,0.6713325,4.2695856,3.0663733,1.2760936,0.7417678,1.3392773,1.5041841,2.0007207,3.062116,1.3160596,2.6100616,2.2563746,1.5238025,2.085744,3.1266167,2.0865061,2.2613235,2.4767594,0.7544672,1.294794,3.3309538,1.7811338,1.5917971,1.7978027,1.6663996,1.3400799,1.006472,4.016296,2.0617445,2.0151694,2.1129742,3.816894,4.524758,1.5992249,1.7001611,1.9381456,2.1125302,1.56806,4.073141,2.7025318,1.3212994,1.218216,3.2847607,1.2404473,3.1706028,1.6196914,1.6976622,1.3463064,1.4683878,2.439978,1.6715369,2.6995258,1.9933895,0.7326458,1.4711286,1.8474885,3.4925945,2.5140357,3.2054572,2.5284674,4.127798,2.7419093,2.1551216,1.7493525,2.8357239,0.92325217,2.7572193,3.0585544,3.9369094,2.8754487,3.0240555,1.5844212,3.0268512,4.6502976,1.9712155,4.3027043,1.6975728,2.814318,1.2346168,2.8485885,2.8501992,3.0992146,0.78672403,0.5111255,1.8858688,2.1539636,3.4002671,3.0127318,3.74638,3.3660746,3.1224241,1.58482,1.8463149,2.0452664,4.0341415,1.755487,3.2596848,1.8392801,1.8095663,1.0650306,2.2841806,2.369449,2.6944177,1.8862749,3.1714075,3.0593145,3.636601,2.3969798,2.8607864,1.8382045,1.6008235,3.5745237,1.8996463,1.5668123,1.0600902,1.9180986,1.488679,1.207057,3.1161993,2.0671654,1.2554024,3.8358743,2.6901019,3.2159011,1.6515782
2.9659672,4.041137,1.1575514,1.3270956,1.6813481,2.150989,2.7848375,2.6347647,3.2865715,2.2852764,2.6305337,2.7571943,2.56783,2.710653,1.7823924,3.054246,0.46676013,2.404849,2.7014263,3.7248018,2.9771602,3.8650496,1.3500046,3.7195868,6.7221794,2.3939745,5.930144,3.5899127,2.757659,3.575004,2.9376304,4.270521,2.995854,1.9178269,2.9581327,2.0923507,3.4668539,3.3936229,5.1535077,1.8769655,2.665042,3.5185351,2.7097042,2.7731276,3.2528312,4.2076983,3.595391,3.0155904,2.4249003,3.2473087,2.6502018,1.5430231,1.8069526,2.5291705,2.708949,1.0979313,2.7185214,3.4205127,2.6460857,2.644969,3.0056837,1.9213821,3.0279431,3.029897,3.2727535,4.3134346,2.8120186,3.46647,3.651379,2.92177,2.2835736,1.704728,3.068174,2.7321024,3.9786623,3.0456285,2.7537408,3.452275,2.7537498,2.7739263,3.9119024,3.4897442,2.6151268,1.1692063,2.7814455,4.435796,2.89865,1.7126437,2.556907,2.5614755,3.5654147,3.4630103,3.5524645,2.9455597,2.649938,3.9412885,4.061976,0.96254927,3.7814794,4.5400357,3.2106562,3.5331895,3.603079,3.1997285,2.79776,2.668074,3.175661,2.487804,4.703632,3.603079,3.1425526,10.671419,1.4884007,3.140816,2.7685537,2.8390167,2.8020215,3.0600579,3.211802,2.7305455,2.651987,3.0411403,1.3254055,2.7166853,2.9159954,2.7757733,4.0160418,4.935173,3.373663,2.4183347,2.87263,3.1940975,2.9033072,2.3983808,2.6607008,2.9589283,2.6197538,3.0903568,2.4950595,3.5892386,3.1926305,2.982019,4.040016,2.7361963,2.7867768,3.5201705,3.476204,2.741088,2.5699067,2.8853884,2.791067,1.2973645,2.4394853,2.478749,3.4017482,3.5230582,2.3480973,2.572024,3.7327707,2.5168793,3.5121126,3.0188463,2.6712701,2.956551,2.512065,2.2825627,3.8970866,3.4129856,1.3923478,2.1111107,2.8454936,3.6770475,2.6694818,2.813505,2.3686726,3.525023,2.7350698,3.4092858,3.0463185,2.6906946,2.8391953,3.373029,2.9459603,1.3616815,1.009505,2.8128295,2.8456907,2.5690389,2.9942622,1.9359351,2.1493235,3.8983154,2.6720724,2.864385,5.045908,3.849101,2.8437822,2.507672,2.9609814,3.3904738,3.1040592,2.313875,2.469675,1.8564887,2.088985,2.2369633,3.4779978,2.435428,2.8275833,3.7699564,2.8201478,4.334902,2.3659055,2.5029855,2.532779,2.8660812,3.9044347,1.7650995,2.2529852,2.8032656,2.7364974,2.4700832,2.6331666,5.1979313,3.499504,2.9845452,2.5586214,2.7921002,3.2571874,2.9632916,2.6557968,4.0622697,2.9579494,1.8786165,3.7241943,5.9975176,3.7553148,4.5210085,4.1020203,2.1335242,1.8456323,3.1958265,3.2986944,2.5321276,4.448445,3.0461261,3.3131812,3.554091,3.8031218,2.8330379,2.9930189,2.7336872,1.474177,4.216888,4.1328454,2.563682,3.7293303,1.9451544,2.6869528,1.7165706,3.590641,1.4215882,2.68096,2.5075183,1.8974197,2.2009149,2.9504266,3.9940338,4.6544266,3.7271354,2.8457797,1.5919971,1.7610759,4.4077396,2.1484907,3.2396424,2.8314664,2.1690416,5.1056542,3.255072,2.6133964,2.5793355,2.99202,2.4559903,3.102143,4.3042474,3.0528288,2.4239235,1.2509794,5.1286087,3.7134955,2.6682577
2.050192,2.77368,1.4307349,3.3673859,1.2602308,1.1583723,1.9221144,2.0263681,1.9784822,2.133086,1.813931,2.051037,2.1173515,1.9974934,2.533173,2.5001166,2.0192876,0.6560094,1.4955395,2.8334744,2.1263356,2.3328168,2.3639345,2.8119895,4.9006295,2.2884421,5.0733867,2.5992851,2.098834,1.7529799,2.2215989,2.4844801,2.0026548,1.9536173,2.0503547,1.7746013,2.0084624,2.374911,3.791543,2.2560573,2.260707,3.578123,1.8856124,2.0841682,2.367146,2.5616624,2.1732223,2.0561159,2.4919767,1.8870531,1.8797506,2.67386,2.5122333,2.9764159,2.6163504,2.0739489,2.1461456,2.0184715,1.6023433,1.1181878,2.4485176,2.8104756,2.823355,3.212299,2.4265857,3.252418,2.1249547,2.6751935,2.1192844,2.2311497,3.8258882,2.511361,2.281155,2.2047098,1.8922325,2.0532162,2.3856125,2.1132233,1.8806305,1.8753783,2.43339,2.3534608,1.9046308,2.2434325,2.6063552,3.9918914,1.9317857,2.18517,2.0273073,2.1110678,2.6912913,2.7776654,2.8365781,1.962362,1.8077612,2.0094929,2.578561,1.774241,3.4405756,3.8196292,2.089226,2.5911884,2.216475,2.1061165,2.2292898,2.171373,2.3398552,1.9715894,4.1302037,2.216475,2.2077699,10.1758995,1.2059525,2.6101005,2.0370808,2.3236306,2.537547,2.9132924,2.2740333,2.866299,2.889505,2.8438795,2.6378512,1.8796756,2.0000036,2.7082329,2.0480797,3.7813694,1.783459,2.114509,1.5989213,2.3221886,2.242444,2.2413914,1.9225792,1.964422,1.8930417,2.4173698,1.0227365,2.0843909,1.1916264,2.05673,3.2190254,2.0655842,2.7583125,1.980678,2.2631757,2.1346884,2.2820745,2.2335112,1.9501209,3.3094733,2.332885,2.1429987,2.6502879,2.3507016,1.9795125,0.6411811,2.3998737,1.184684,1.6207879,1.6301384,2.0432453,2.233208,1.9969507,0.7620294,4.036505,2.6426756,2.8412192,0.36874434,1.9059322,2.9004364,2.0443046,2.0292473,1.8881184,1.5237987,1.8902647,2.3348088,1.384302,1.9680907,2.2189665,2.2635498,2.2578745,2.4963315,1.4036819,2.3749704,1.9117459,2.5563176,2.7991943,2.4877577,2.127038,3.449876,2.0866654,2.5834394,5.076954,2.1685162,2.204985,1.7957433,1.4159029,2.1097593,2.4133544,2.0387805,2.0109763,0.93307984,2.0403678,2.078213,1.5491542,2.8313205,3.0089195,2.1808884,2.7961032,2.676928,2.2685485,2.4688349,2.6058757,2.0312083,2.2580307,2.3571103,1.3088363,2.1686277,2.453856,2.034902,2.0715966,3.923078,3.0369759,1.4136921,1.0123482,1.695571,2.4293227,1.8143115,2.0192518,4.039182,2.5692677,3.1860907,1.7394031,5.114342,1.6414232,3.1203332,3.5884051,0.9605329,3.5496278,2.3170226,1.915266,3.1758008,2.7715058,3.3397987,1.9510028,1.4517605,3.4278166,2.141317,2.4248605,2.3581514,2.519289,3.7546668,4.113332,1.4422514,2.3005605,1.803846,1.9109676,2.5103238,2.571333,3.4491124,2.598022,0.985884,1.973687,2.090394,2.2061648,2.304282,3.6967516,3.5483673,1.8809876,0.9655999,3.3133423,3.9627674,1.5268849,1.6310028,2.0819223,2.2733102,3.4304032,3.1088817,2.6439655,2.1664689,2.2323387,2.47556,2.0051446,4.4247065,2.2912574,2.4578812,3.3310568,4.0581646,2.7942984,2.614302
0.42600408,2.2241247,1.8934186,3.4726257,2.9117029,2.728305,0.5502147,0.72499794,1.4285755,1.3686113,0.6029493,0.53275925,2.0351255,0.55347496,3.843566,1.0860007,2.471029,2.373545,3.0909684,1.9973878,0.8745589,1.9014102,2.140972,2.733245,4.8053145,0.66289234,4.6557455,2.085876,0.41554585,2.2669482,0.75682634,2.3618119,0.753297,2.4944649,0.6597617,1.8381486,1.8510156,0.7935312,3.9295363,1.3807693,0.33646375,2.06473,0.5902652,0.26401803,2.5400496,2.991569,2.1152267,0.8843388,0.9785415,1.560966,0.5725049,2.3746378,1.6520549,1.8511566,0.75860727,3.3331873,0.85713404,1.2117914,3.352677,3.0610402,0.53385866,2.0017223,1.5959083,1.8140557,2.6354635,3.037213,2.4919875,1.7514561,1.7018995,0.7832096,4.7808676,1.8890363,0.7418418,1.3331101,2.6640384,0.7271277,0.53224003,1.3894701,0.67037994,0.7084447,2.6014276,0.989019,0.60300726,3.5112264,0.6318166,2.838075,0.72522306,2.9524324,2.1093283,0.6385633,1.7920345,1.6924442,1.8007374,0.7279188,0.6370539,2.47356,1.6832976,2.3859098,2.2265434,3.0756474,1.0965878,1.1609234,1.9744325,0.8892386,0.22914775,0.3328183,0.7178261,0.8515634,3.1959186,1.9744325,1.1613051,9.8385935,2.9869285,1.0063925,1.0033847,0.31709662,0.71800154,1.0152547,1.1494578,1.6738944,1.4773399,1.0486214,2.4226868,0.6364869,0.5833952,1.0094588,3.0072193,3.2344322,1.6382042,1.217955,3.338195,0.7226433,0.7958945,0.6184775,0.5590726,0.82432115,0.67165405,1.789311,2.3743281,1.4138556,2.7816231,0.51891255,2.5030742,0.80847245,0.97378063,2.4997725,1.1874129,0.8187306,1.7102803,0.5415535,0.5252041,3.4960375,0.63874334,0.6518559,1.5896314,1.036243,0.8661049,2.7554605,3.884806,2.4036849,3.3742418,2.5781293,0.71815205,2.7579591,2.322089,1.6570407,2.4097989,1.7422137,3.9483485,2.540039,0.7091363,1.8921032,0.5146207,0.49294564,1.2576306,3.00842,0.5883501,1.2797388,2.1450493,0.56305575,0.8123464,1.8053293,0.7845295,2.176058,2.1467836,0.7441806,0.6904611,2.4393873,0.84461385,1.7752178,1.2591549,1.8328037,0.4557789,0.82287616,3.5243487,2.2082486,0.8108883,2.4715292,3.315767,3.7782109,2.0387418,0.98715043,2.457475,1.5523916,2.04168,3.5935595,2.7342794,1.8543288,2.1860857,2.135447,0.90300804,3.208635,0.67484814,0.73868096,0.9223791,2.1688657,1.6469188,1.6951656,2.4669075,0.8207945,0.92445093,0.90474784,1.2092929,3.043966,1.5732412,2.730314,2.5327597,3.2824416,1.4691494,0.9034031,0.8079458,2.3323405,1.4745362,2.5728383,3.0761464,4.732117,2.544049,3.209257,2.7935655,2.270769,4.498018,0.7323372,3.728802,2.4177492,3.2007132,2.142191,1.6034998,2.662286,2.1115308,1.2660987,1.110589,0.5921006,2.0098839,2.5163133,2.4834764,3.1589549,2.1939719,3.0578036,0.5867253,2.0011878,2.8543804,3.8191195,0.75094193,2.3318763,1.884198,1.3493513,0.56251115,2.7127059,3.429197,1.9015821,0.6406647,2.680618,2.8040712,2.7979925,1.6352459,2.7449439,2.4460132,1.0538311,3.7829838,1.2693675,0.88445455,0.59002644,0.7394765,0.78875196,0.9104172,2.774091,0.7613878,1.9982053,3.3698363,3.6571891,2.0146413,0.7667286
1.909206,3.5708811,3.0817945,3.9258955,3.8094294,3.8325574,2.3322763,2.4340768,2.9566088,2.7456388,2.3386872,2.2317233,2.0400357,2.2098832,4.4199862,1.111772,3.29903,3.2375066,3.9939532,1.3691688,2.6100786,3.318967,2.538603,1.8175178,4.217524,2.0419326,3.1494873,2.091026,1.914286,2.9871378,2.5682163,3.4780676,1.9084727,2.4759374,1.7675778,2.7140718,3.3951206,2.3867917,4.062578,2.147965,1.8946513,0.9072928,2.3148172,2.033475,1.892855,4.2725353,3.6067524,2.6106606,1.7333896,3.0953534,2.2974105,2.6161916,2.1761074,2.7591214,2.0758128,4.120488,2.7152784,2.721968,4.4147906,3.681777,1.3512074,2.4645185,1.9018012,1.2231023,3.3311896,1.9623404,3.367069,3.0042896,3.2234063,2.6195102,5.0730615,2.2292848,2.5592346,2.0605938,3.3551311,1.8455224,1.4970366,3.0003364,2.0140054,2.008735,3.994808,2.5591161,2.169791,4.258444,1.7436361,3.2569947,1.9768547,3.022419,2.1489356,1.6891013,1.3590643,2.8258507,2.9144387,1.9415196,2.3931413,3.0529714,2.3484857,3.0055225,0.46412843,1.4807353,2.721785,2.2255743,3.356899,1.80213,2.0395756,1.9151297,2.495925,1.7106316,3.6799812,3.356899,2.9286578,8.559005,4.0688243,2.1665628,1.594216,1.6664723,1.3886043,1.7180331,2.644624,2.0369818,1.392638,1.0906956,2.8826008,2.0303009,1.8392493,1.4855437,3.1774395,1.9524163,3.1319706,2.58962,4.2755322,2.481683,2.6536198,1.9029435,2.230611,1.8901436,2.4341857,2.386132,3.8768208,2.8414776,3.368317,1.9632266,1.2433794,2.653311,1.5791321,2.5148811,2.4972954,2.6699977,2.0471096,2.303936,2.0445807,3.924308,2.0245066,1.7310923,2.8727586,2.3579085,1.8032837,3.8558886,4.915451,3.7262988,4.117989,2.5762405,2.002587,2.2732613,2.0616992,2.9173365,2.2898297,1.4728771,4.548708,3.5432124,1.9794024,0.78217286,2.0214927,2.14893,2.7894757,3.5048985,1.9921726,2.899542,2.45195,2.1967485,2.6671877,3.367611,2.6406343,2.6007845,3.0251734,1.3557432,1.9938958,3.2782571,1.8991431,1.9531753,2.569998,0.978609,1.998015,1.2399586,3.4395192,2.6526654,2.634271,2.3230355,4.064559,4.713016,2.52744,2.4483206,2.1873183,2.753308,2.20967,4.232611,3.0622537,1.5856553,1.4378932,3.5919285,1.5847865,3.903361,2.0295632,2.0451767,1.7087592,2.0978262,2.8186939,2.1112633,2.8636987,2.6301963,1.2870826,2.2554555,2.67065,3.0392282,2.3273065,3.3231177,3.0562527,4.382852,2.8409185,2.60753,2.4664476,2.387335,1.8655167,3.3726401,3.4982517,3.2165146,3.3478284,3.8113759,1.12983,3.700215,4.9112563,2.4960983,4.4926147,1.992808,2.7767646,1.359288,3.2173336,3.2522955,2.8671396,1.6592108,1.398353,2.1766124,2.5079472,3.0539958,2.544472,3.9598517,3.5384123,3.3074276,2.246949,2.2455592,2.6772053,4.2794676,2.0295713,3.6243434,2.6439762,2.6235218,1.7495037,2.5740552,2.0641706,2.413398,2.4214923,3.5667756,3.6199558,3.239071,2.552428,2.9421196,2.0344968,1.8765352,4.238537,1.7499744,1.8035661,1.6838807,2.528942,1.8826774,1.8998845,2.5703547,2.5992503,1.65216,4.2333546,2.2382255,3.2042322,1.9195483
0.6906675,2.3318832,1.9064144,3.359347,3.008736,2.844327,0.70917016,0.76788753,1.5842102,1.3403194,0.7471806,0.6414475,2.1609738,0.6741392,3.8803544,1.1985066,2.4344292,2.56153,3.2389517,2.174451,0.9655281,2.07613,2.0836308,2.92696,5.0657525,0.494826,4.8124776,2.2687562,0.565276,2.528368,0.79199916,2.57959,0.9867983,2.5860841,0.89071226,1.9138047,2.0055442,0.9471434,4.134279,1.29043,0.27867106,2.0231802,0.73913926,0.43667334,2.7325916,3.1585224,2.2541394,1.0107083,0.8539717,1.7161756,0.7065195,2.2980084,1.5395836,1.7123253,0.5157554,3.3559353,0.83488816,1.425806,3.4817028,3.2529051,0.62699515,1.86426,1.6052309,1.756497,2.7708397,3.244841,2.5726798,1.7830359,1.8858047,0.8000753,4.7568626,1.8052356,0.79402477,1.4261309,2.9438405,0.96716136,0.5304253,1.5510523,0.8726618,0.9149016,2.7422724,1.1440303,0.735139,3.5302265,0.4502953,2.8124256,0.9507906,3.0134633,2.247231,0.7164181,1.9680153,1.7045622,1.8182166,0.9601872,0.7781402,2.751784,1.9295506,2.407701,2.2923815,3.2224505,1.2321874,1.2661877,2.1192248,1.1388035,0.27355185,0.37872764,0.79115295,0.9649988,3.1966064,2.1192248,1.2232684,9.928527,3.0722022,0.9826847,1.172331,0.38845906,0.671689,0.86903715,1.2335353,1.5860554,1.388383,1.0039961,2.3302402,0.82943976,0.8252353,0.90665585,3.288351,3.440755,1.8367369,1.2147664,3.4924715,0.8148654,0.7939489,0.5049847,0.691606,1.0532405,0.7620477,1.902112,2.5089777,1.6281655,3.025574,0.7582489,2.6706634,0.8324769,0.83028007,2.7540631,1.3829887,0.81215185,1.7849586,0.5575781,0.7286063,3.3945484,0.45673826,0.67716223,1.6113164,1.2349806,0.9324133,2.9391122,4.0394974,2.533775,3.598138,2.8032305,0.8313473,2.9323716,2.469126,1.8378009,2.280589,1.8982877,3.940716,2.7041614,0.9294376,2.0514464,0.62893367,0.65539056,1.2870516,3.2687147,0.7940763,1.3768073,2.394249,0.69203395,0.79963255,1.8917238,0.79094565,2.095516,2.186472,0.8120342,0.90965044,2.4252489,0.6637244,1.7222772,1.2079998,1.8595077,0.552854,0.8054544,3.4117393,2.474056,0.81486267,2.6370716,3.5044253,3.9361606,2.1617513,0.9659668,2.5998232,1.6801566,2.11877,3.6849875,3.0018454,1.8065755,2.1979313,2.3054981,0.7357454,3.4350188,0.51807064,0.516626,0.7618526,2.3470788,1.8898157,1.6336056,2.6250064,0.83043426,0.9482631,0.9401851,1.2525803,3.1909792,1.540291,2.9315193,2.7421143,3.4104733,1.5149114,1.0786824,0.8629026,2.2110274,1.5342531,2.4105065,3.3432915,4.8945904,2.8181689,3.4035323,2.9115825,2.3872077,4.4665036,0.8248823,3.9072764,2.367142,3.4708138,2.0964649,1.7506592,2.9348438,2.054894,1.4161526,1.2236836,0.4686363,1.9095845,2.486053,2.368844,3.3081224,2.3399532,3.1673336,0.72970355,1.9410136,3.049823,3.7269127,0.5146476,2.4804642,1.9150888,1.3281392,0.7393041,2.9865344,3.6208532,1.7933714,0.81069446,2.7910907,2.631878,2.7710412,1.7273434,2.977864,2.6208887,0.96735847,4.0149965,1.1453695,0.69333124,0.6434146,0.7955628,0.6035589,1.1548432,2.6476417,0.7953131,2.0534453,3.2233346,3.8540132,2.0699117,0.54301316
0.6661206,2.2293627,1.9261851,3.485528,3.046541,2.8453445,0.5736857,0.63768876,1.4747909,1.2824771,0.643116,0.53041744,2.262242,0.585029,3.9688053,1.343079,2.5175886,2.5792036,3.2527359,2.2692263,0.7702565,1.9394016,2.2408452,3.0567176,5.0940685,0.6517147,4.9811015,2.2977467,0.57598263,2.468981,0.57609284,2.4740663,0.9684379,2.732327,0.908779,1.9244052,1.8717476,0.77439266,4.0840454,1.4628654,0.40601933,2.2344575,0.62367743,0.39408377,2.866476,3.0557947,2.1343973,0.82044536,1.0725365,1.6047366,0.6040728,2.4737883,1.7097056,1.7326678,0.6638894,3.423459,0.6397024,1.2701155,3.471366,3.2845273,0.8089788,2.044015,1.6741345,1.9583511,2.7201905,3.3614056,2.624601,1.7600217,1.7258347,0.57863754,4.879953,1.9850413,0.5681509,1.452571,2.8801346,0.9575212,0.7428414,1.3895537,0.8522474,0.8952983,2.6334295,0.9926086,0.68420476,3.6011612,0.63724566,2.8878412,0.9249029,3.1589122,2.3409393,0.8391493,2.0578604,1.7130922,1.8217953,0.9380441,0.659349,2.696895,1.8572292,2.5024495,2.4905612,3.3778095,1.1114463,1.2771913,2.026039,1.1330307,0.22737412,0.44552052,0.57287157,1.069635,3.2508552,2.026039,1.0613424,10.105217,3.070496,1.0545924,1.2574087,0.53481156,0.9029167,1.0609547,1.1707245,1.7782648,1.6050636,1.220814,2.4857438,0.8080172,0.8290638,1.1393533,3.3035963,3.555226,1.7056639,1.1551541,3.492263,0.60300815,0.57148975,0.6766179,0.60694796,1.0474082,0.63072133,1.8920729,2.4063325,1.490491,3.0349114,0.71350074,2.807168,0.63952035,1.0588539,2.790927,1.2425592,0.6141002,1.8612139,0.48432407,0.684997,3.523804,0.59897673,0.8173358,1.5901396,1.099216,1.0430642,2.8988533,4.009353,2.489997,3.5862296,2.8935704,0.83225805,3.0700266,2.6075077,1.7894584,2.4552257,1.9834952,4.0315447,2.697676,0.90851086,2.1962817,0.6175784,0.56465155,1.1877868,3.256612,0.7795645,1.2400833,2.4537828,0.61333084,0.5848205,1.7816806,0.56505984,2.2503216,2.2487211,0.9766797,0.8836472,2.5129387,0.827299,1.9059173,1.1942751,2.0481899,0.5527749,1.0312666,3.5384557,2.4356596,0.60521466,2.7669077,3.5163326,3.9258976,2.1586561,0.926852,2.7426498,1.6764055,2.2338638,3.7532823,3.0155609,2.010518,2.3931742,2.171105,0.94194764,3.3401277,0.67678934,0.6827724,0.9717184,2.4324374,1.7686456,1.7980545,2.7192976,0.6307071,1.1354529,0.91823536,1.1458279,3.2345676,1.629296,2.9720464,2.7692428,3.394342,1.4809369,0.94549215,0.7350807,2.3571699,1.5933793,2.4712,3.3299916,5.060676,2.7517676,3.3088005,3.0931654,2.3020008,4.5760193,0.6128119,3.9156296,2.5543592,3.5365474,2.3003342,1.6087856,2.9120655,2.1178443,1.4926089,1.3286704,0.5342137,2.0650177,2.5539079,2.5112743,3.336572,2.2482066,3.2803605,0.63824314,2.1075013,3.0986698,3.8494732,0.6798427,2.436854,1.9605889,1.3022087,0.76679283,3.022445,3.7645879,1.9063404,0.6676199,2.827778,2.6959045,2.8446112,1.8142939,3.044456,2.7580864,1.1624418,3.926481,1.3238058,0.90683466,0.77897024,0.5820125,0.79688376,1.1386627,2.8105369,0.5674021,2.2271528,3.2976208,3.9918451,2.0375242,0.7375731
0.9940158,2.5402822,1.3066465,3.2015712,2.645107,2.5072486,0.6462414,0.34283814,1.6560315,0.608595,0.5376978,0.57138956,2.0454092,0.56485856,3.632174,1.6656755,2.0700305,2.3034055,3.0194185,2.4516656,0.6300251,2.1128833,2.0866,3.1447327,5.4424353,1.0151695,5.460357,2.2173004,0.8114783,2.1942496,0.61209077,2.6545198,1.0771009,2.5493636,1.1072304,1.324306,1.9051434,1.1483289,3.8154986,1.5829057,0.87218994,2.708492,0.5586884,0.7651765,2.8949928,3.0879548,2.19988,0.71429294,1.4812498,1.7020707,0.52240103,2.4264047,1.7028066,1.4437805,1.2774259,2.9916925,0.4991848,1.3442042,3.1226573,2.962458,1.4287252,2.1900136,1.6525863,2.2787535,2.165481,3.5242724,2.736801,2.2212825,1.7759581,0.6197002,4.5503736,1.9761872,0.789482,1.2294312,2.6967528,1.1330248,1.2660515,1.5212364,0.839262,0.87354785,2.6975472,1.407087,0.57620674,3.165708,1.1830753,3.5593972,0.97073996,2.9498851,2.0905218,1.0184289,2.2291908,2.2526536,2.3539567,1.0220208,0.5404328,2.5360172,2.0507636,2.0588765,2.949732,3.7153268,1.4048657,1.938746,2.2118826,1.3249397,0.79919565,0.8046589,0.9140004,1.0938181,3.870321,2.2118826,1.2713928,10.691098,2.4561365,1.7422895,1.3180324,1.0759332,1.4732536,1.795652,1.6137912,2.274059,1.9314114,1.7860187,2.3879511,0.790103,1.0273801,1.7215694,3.2409787,3.8948228,1.6957177,0.5621949,3.2114232,0.92719233,0.6494999,0.9834252,0.5442941,1.1084846,0.40559715,1.5951608,1.8246177,1.6523669,2.823997,0.9556562,3.0758524,0.46205488,1.6586897,2.6459105,1.2606223,0.4805834,1.6202444,1.0594959,0.77724826,3.2444236,0.9217168,1.0003617,2.0859597,1.2941068,1.0199058,2.421874,3.810806,2.2041924,3.3508554,2.8280761,0.77591884,3.0100086,2.4979904,1.2540817,3.176251,2.0879714,3.6256533,2.2135925,0.93515116,2.5450993,0.6924408,0.6815984,0.38727927,2.9448469,0.820779,1.5764679,2.43537,0.5711826,0.5772158,1.9499178,0.6965785,2.0928,1.7353582,1.3434416,0.91410077,2.6965983,1.5766288,1.9023243,0.6432054,2.7817266,0.707429,1.5860057,4.299005,2.3225179,0.5183475,2.6560903,3.226778,3.682312,1.8093767,0.41234514,2.6327574,1.1208518,1.9530334,3.4770072,2.8218858,2.156082,2.5302658,2.217543,1.4723856,2.9436939,1.0128611,1.1473966,1.3739468,2.2424662,1.9462521,1.7124913,2.5783446,0.4609213,1.4715561,0.57905215,0.5426782,3.8833506,2.3304777,2.8856115,2.3623857,3.1018639,1.9116967,1.0481381,0.35449344,3.127713,1.5299996,2.0892966,3.045558,5.523126,2.5315135,2.9576519,3.4459329,1.5772716,4.1796875,0.93553144,3.6578567,2.5825908,3.6639159,2.5580325,1.6445267,2.6941628,2.7755404,1.4702147,1.5121566,1.1520125,1.9431776,3.2331014,3.2680104,3.0698256,2.4143841,3.0342774,0.556361,1.994584,2.860317,3.5512834,1.280141,2.127627,1.4259645,0.69294703,1.0439621,3.006509,4.025471,2.6543944,0.7632006,2.3869917,2.3178391,3.5163252,1.8605162,3.0082576,2.7164834,1.4178283,3.6354837,2.07779,1.4363915,1.0180646,0.66435105,1.1847074,1.2324185,3.5601516,0.80704576,2.2215052,2.9243624,4.3488307,2.4805598,1.324098
2.489047,3.3208866,2.7273366,4.6271753,2.621166,2.5096939,2.573223,2.7367446,2.6186385,2.9254417,2.5207243,2.670241,2.299674,2.6168206,3.7667105,2.751931,3.3333983,1.6930314,2.5022712,2.5025175,2.7005665,2.6729338,3.4370694,2.3469336,3.7710776,3.1856184,4.619735,2.207686,2.6543822,0.9765899,2.8804471,2.4896808,2.2901795,2.63039,2.3772829,2.3908982,2.6078937,2.7592785,2.7314806,3.3182008,2.9559255,3.9214041,2.5362341,2.7104702,2.1232333,2.9635658,2.812598,2.5993261,3.3422093,2.5663376,2.5623515,3.7602036,3.4960759,3.7263865,3.4809084,3.4466815,2.9743063,2.306955,2.7201307,1.7255588,2.9319868,3.930223,3.1161573,3.67213,2.284251,2.5467553,3.179403,3.487522,2.4633918,2.9286306,4.989693,3.5137012,2.906618,2.5311325,0.8118867,2.3214846,2.997828,2.6041718,2.3475187,2.313761,3.0105844,2.7883096,2.5343204,3.5893111,3.2857273,4.6882977,2.2897422,3.0692108,2.1774578,2.705311,2.4531233,3.5813694,3.6261518,2.2889128,2.5228603,0.95193356,2.1906083,2.8921406,3.506711,3.3777294,2.745062,3.114933,2.8221476,2.2335842,2.892479,2.8309274,2.908127,2.5193124,4.799829,2.8221476,2.978807,10.024007,2.5859451,3.3717432,2.34557,2.891961,3.1643014,3.646196,3.0102255,3.7851553,3.5406487,3.3481567,3.8441556,2.385905,2.3824658,3.4378662,0.941088,3.0310185,2.2439272,2.8236296,2.524899,2.8632946,2.9811475,3.0649915,2.5708194,2.2337394,2.6276941,2.4818695,2.1444502,2.3512232,1.0851682,2.4644349,2.8168058,2.8421562,3.5077922,1.1122073,2.3779576,2.9297695,2.609665,3.0090492,2.4652255,4.56888,3.1771307,2.8081636,3.4604955,2.5025902,2.6305382,1.6273302,3.1029906,2.4135828,1.750653,1.5491605,2.5672445,2.195556,2.2316551,1.6706003,4.775053,2.4958644,4.135713,1.7256418,2.298004,2.7394388,2.641606,2.5915432,2.6716638,0.3020945,2.3943272,2.980535,1.3616168,2.5856974,2.9823081,3.0685036,2.9780648,3.5808141,2.644592,2.8448539,2.315329,3.7549946,3.5684092,3.324504,2.9727805,3.7518008,2.7033138,3.1538775,5.782,1.3355356,2.926718,2.079828,2.0346706,2.862035,2.3928335,2.8380497,2.3002295,2.0257444,2.5510824,3.2057936,0.51966673,3.4748201,3.3926842,2.6171014,3.470627,1.7451165,3.1668365,3.3601217,3.3849063,1.9160547,2.1992922,3.267883,2.124572,2.892559,2.9615102,2.6940234,2.6845756,3.9020298,3.7732973,1.9493123,1.1214713,2.7898016,3.2531533,2.4765134,2.6937456,4.7435737,2.815785,4.232054,0.274359,4.610187,0.77195126,2.3418071,3.391392,2.1186476,4.756989,2.8635366,2.5094204,3.7662473,1.8035165,3.7785394,2.6006122,0.42104897,4.2315955,2.3471172,2.666851,3.2128775,3.598475,4.4650583,4.836107,2.43649,2.8803973,2.6776118,2.538833,3.4124107,1.9402809,4.7502465,3.4583654,2.1935987,2.6905284,2.8774285,2.5993874,1.2082142,3.0676,4.3123946,2.5379028,2.33591,4.452985,4.663621,2.639398,1.6014966,2.1138444,3.204649,2.282688,3.822523,3.4735546,2.779691,2.8471646,3.3154852,2.1686194,5.1276546,2.9551153,2.9034076,4.7245345,3.3656847,3.5341444,3.4509454
0.52236956,2.2286098,1.8450664,3.402486,2.8922172,2.7111964,0.55555946,0.6939,1.4395313,1.3261836,0.59875774,0.53352016,2.0815392,0.5595509,3.8094304,1.1599436,2.4142144,2.3948464,3.091985,2.0953534,0.8705962,1.9314619,2.0968578,2.8225842,4.920252,0.5693669,4.7425313,2.1718853,0.4570665,2.348581,0.72628325,2.416295,0.84157676,2.5091023,0.7532116,1.8406141,1.8596408,0.8384185,4.014517,1.3206053,0.28867134,2.0926938,0.5956298,0.28360173,2.6177511,3.0086281,2.117873,0.8927995,0.9291426,1.56829,0.56884617,2.3271942,1.597657,1.7978826,0.6624322,3.289977,0.7899809,1.2631706,3.3411767,3.088376,0.60057795,1.9339684,1.622228,1.8265435,2.6744962,3.1391976,2.4749084,1.7278562,1.7326273,0.7420022,4.734966,1.8435973,0.7205241,1.3692502,2.748539,0.8231028,0.5476741,1.4089663,0.7290354,0.7708185,2.606429,1.0229846,0.6146027,3.4676278,0.58929896,2.8240938,0.8022515,2.9480312,2.1571326,0.6634642,1.8881538,1.6683526,1.7790514,0.8114144,0.630092,2.566188,1.7890464,2.3573143,2.2923572,3.1688678,1.1008209,1.1892277,1.9842557,0.9946223,0.18385872,0.31919932,0.7126936,0.8875138,3.185918,1.9842557,1.1311296,9.892466,2.9603825,0.97953725,1.0739918,0.3581775,0.7229831,0.97929025,1.1385686,1.6343545,1.4664912,1.0708485,2.3615346,0.6877803,0.6741033,0.98664343,3.0973284,3.3453557,1.667397,1.1884619,3.340457,0.7267289,0.7437821,0.55312866,0.56310236,0.9103686,0.64715624,1.8359917,2.3613532,1.4646302,2.8369849,0.6042193,2.5997763,0.7589666,0.93784565,2.5915394,1.254368,0.7588618,1.7406926,0.48680228,0.5792146,3.4291756,0.5503186,0.6524522,1.5634394,1.1102346,0.87740904,2.7692165,3.8872654,2.3892632,3.4135942,2.643814,0.74740237,2.8186073,2.3702295,1.6742804,2.3824618,1.82825,3.8997493,2.5477488,0.78141075,1.9875001,0.532161,0.5223184,1.2256474,3.0784564,0.64587283,1.2744554,2.2165718,0.5727767,0.7546661,1.7864144,0.736973,2.1248684,2.1158512,0.79319376,0.76123387,2.391393,0.7878671,1.7503141,1.2093017,1.881646,0.46540406,0.84364,3.4997194,2.3072114,0.7640868,2.5183246,3.3374085,3.7824187,2.0869172,0.9426663,2.5011203,1.548471,2.0605035,3.577364,2.8134181,1.8495708,2.2113657,2.155029,0.87115175,3.280991,0.585317,0.6413831,0.87346405,2.2353084,1.7227315,1.6597036,2.4892957,0.77583975,0.95591444,0.8924254,1.195587,3.1080453,1.5547154,2.7649603,2.5794964,3.2704563,1.4452039,0.91537637,0.7870226,2.307602,1.5143744,2.49607,3.1530604,4.8212733,2.6206145,3.2802613,2.8733454,2.2544343,4.4475646,0.73534113,3.7450676,2.4123378,3.3044403,2.1556966,1.607535,2.7378538,2.0801525,1.3323324,1.1783577,0.5014905,1.9528375,2.4998062,2.4578238,3.1623554,2.2044606,3.0630436,0.5970517,1.9683102,2.932367,3.751655,0.65828377,2.325829,1.873245,1.3121983,0.6416098,2.8167207,3.5277734,1.8686422,0.6487624,2.66805,2.7195556,2.7832587,1.6214021,2.8063786,2.5076723,1.0025421,3.8675752,1.2425737,0.8195555,0.6070079,0.7213136,0.71642333,1.0062528,2.7502284,0.72938055,2.0248127,3.2783525,3.7613804,2.001868,0.6859794
1.7010531,0.92164326,2.741896,4.2434373,3.166237,2.688535,1.5495478,1.8608876,0.86763823,2.5672002,1.6635188,1.7768723,3.3929002,1.8231833,4.1346,2.4963243,3.275182,2.6190317,2.9176161,3.2744865,1.7505753,1.2040944,3.1285021,3.8361754,4.8910384,1.741024,5.081154,3.4020665,1.8717299,3.0206215,1.6063392,1.7237488,2.0379047,3.475032,2.01239,3.110241,1.1922735,1.4585971,4.9702067,2.233669,1.7696912,3.244947,1.6964145,1.6313165,3.5788224,2.0271566,1.2146113,1.6870927,2.014433,0.9948198,1.7132405,3.239713,2.7608616,3.1518884,1.5683793,3.7353084,1.5582167,1.5137659,3.1652641,3.3555114,1.8218875,2.695235,3.103783,3.1400867,3.8476698,4.074084,1.9882742,0.48324713,1.3765442,1.5507689,5.2987566,2.916487,1.442922,2.7862139,3.0551977,2.011104,1.9048858,1.1069516,1.9954166,2.0261583,1.5690277,1.0379918,1.9058515,3.9228115,1.9603906,1.9120232,2.0143008,3.7403965,3.4318304,2.1137016,3.1009207,0.5997288,0.62536114,2.012534,1.6249728,3.0824206,2.400364,3.352777,3.330161,4.1447034,0.7709319,0.73889756,0.9984666,2.096779,1.5945665,1.8002476,1.391523,2.2883458,2.093807,0.9984666,0.8328609,9.670615,3.4203856,0.90815264,2.4200041,1.8100382,1.9487787,1.6614604,0.46369618,2.000643,2.729387,2.2826958,3.1704078,1.9685923,1.9158051,1.9618479,3.395373,4.087629,1.3748878,2.4718885,3.142113,1.4130496,1.4748809,1.8905344,1.7925743,2.1228983,1.7126102,3.1819665,2.5051713,1.3241833,3.0387516,1.7940294,3.654855,1.5895786,1.9382557,3.4503815,2.0504258,1.5803756,3.1732092,1.0441865,1.8403318,4.241804,1.8653407,2.1028495,0.39209569,1.8613617,2.2897198,2.9653397,3.309015,2.1560814,3.2968926,3.1960368,2.1479533,3.7308888,3.428241,2.38245,2.4733672,3.1228697,4.4101715,2.9421127,2.0132735,3.0596488,1.9302192,1.764782,2.3364325,3.5426822,1.924941,0.6126202,2.6431177,1.8415447,1.533719,0.76705813,1.4391414,3.1778598,3.0301383,2.2006085,1.991802,2.0525777,1.4886719,2.9804354,2.5074909,2.3858743,1.8895649,2.0553842,3.0638623,3.065379,1.6444634,3.373599,3.3329022,3.4020865,3.417111,2.2365737,3.4965312,2.434243,3.361686,3.6830199,3.3053246,3.1295905,3.5154717,1.4016931,2.150802,3.9973722,1.7724789,1.7287948,2.1444378,3.432179,1.6978018,2.8933346,2.9084728,1.6976209,2.3457785,2.2637036,2.380597,2.375058,1.094393,2.7278795,3.3425193,2.9663632,0.39585954,1.185041,1.9528016,2.2094474,2.975724,3.6807427,3.638592,5.1884356,2.8984194,4.1565437,3.8724031,2.7583458,5.089463,1.3895597,3.5583844,3.739655,3.6897585,3.4573245,1.0949551,3.0829365,1.2642004,2.6983247,2.5816958,1.2310226,3.028435,1.5965977,2.2590487,3.135016,1.1697716,3.6336663,1.8004305,3.1847706,4.0944715,4.4578276,1.6090432,2.1933942,3.1958132,2.611002,2.0090597,3.4812272,4.34178,1.5799654,1.4055284,3.0959144,3.8060687,1.8664575,1.8484244,3.0426545,3.4612892,2.0549676,4.5590186,1.6886983,1.8858342,2.068929,1.6123106,1.9652336,2.132809,2.7138212,1.3731554,3.3070035,3.9924326,4.411497,0.6474088,1.7173477
1.5800656,2.6598597,2.2101989,3.817751,2.2838764,2.1832895,1.8033556,2.046817,1.926358,2.4178393,1.7634422,1.8994259,1.7278825,1.8485302,3.2805166,1.6708844,2.6709125,1.3638872,2.2227955,1.7800956,2.128736,2.231917,2.4446197,1.6871334,3.6957297,2.0844502,3.6686637,1.940016,1.7509744,1.564638,2.2008739,2.2067027,1.5146534,1.8073388,1.497156,2.0893655,2.1752584,2.0458102,3.478449,2.131259,1.9359034,2.6585712,1.7944053,1.7887148,1.341128,2.7785738,2.3626459,2.0406,2.0914595,1.9520411,1.7994457,2.669773,2.4156656,3.0659785,2.3250175,2.9943419,2.2789865,1.8382454,2.6376328,1.7694709,1.7203574,2.7089868,2.413126,2.5070293,2.6348698,2.0111105,2.219407,2.4505317,2.1221,2.2410111,4.425082,2.4025319,2.1949322,1.9470105,1.6615078,1.5063065,1.82038,2.0705745,1.566697,1.5467408,2.6524336,2.0317106,1.7613851,3.155995,2.188901,3.3868895,1.5282383,2.2946827,1.6819091,1.6923974,1.7003409,2.4474676,2.5086308,1.5147035,1.785407,1.5972402,1.8433093,2.2887661,2.2580879,2.4985695,1.9477545,1.9598026,2.2021978,1.4443629,1.9376423,1.8567289,2.1705716,1.5591661,3.585326,2.2021978,2.2472503,9.024471,2.5678804,2.1351426,1.4378648,1.8215684,1.9120111,2.3304627,2.036074,2.3761783,2.3176966,2.0848677,2.7976031,1.5944358,1.5018781,2.1072514,1.3709522,2.3643935,1.8573521,2.2856772,2.4341269,2.1379766,2.2709203,1.97882,1.7998408,1.4694691,1.9154959,2.2001777,2.2690568,1.8511485,1.2972147,1.62649,1.9629394,2.1690397,2.2104769,1.2472051,1.9696949,2.238562,2.0154948,2.0050652,1.6503338,3.7599695,2.130013,1.7764395,2.3986063,1.9485258,1.6743324,1.9447502,3.0894935,2.0891705,2.0743206,0.8883881,1.7858418,1.4931426,1.4243995,1.4741174,3.308815,1.7901707,3.6451743,1.7571703,1.5256627,1.6641847,1.7947705,1.7996403,2.2270803,1.5888715,1.5685954,2.211235,0.42191476,1.8169554,2.2810318,2.3884392,2.2615304,2.5972192,2.1008115,1.7338973,1.5439128,2.6239524,2.3249342,2.2415717,2.335059,2.3106241,1.8228765,1.8803916,4.3389854,1.5790403,2.2562852,1.2725273,2.113533,2.8547263,2.2401075,2.1581986,1.4870303,1.5646597,1.8931847,2.7825263,1.1612232,2.3278975,2.321342,2.3034337,2.2963536,2.7334008,2.0660174,2.229363,2.21194,1.4855641,1.8309503,2.2458713,1.334765,2.236461,1.8143923,2.0006208,2.2426434,2.8640316,2.4568872,1.4629247,1.3622316,2.6309865,2.2358778,1.7561637,2.0578203,3.3095577,2.1485214,3.5474,1.6544209,3.7094882,1.5646571,3.0441034,2.319161,2.2415676,4.2484984,2.1385608,2.5768983,2.7627738,1.5874666,2.6355493,2.0985384,1.2990638,2.9534626,1.5695246,1.742737,2.1009572,2.5851636,3.173276,3.3972034,2.1874797,2.3210092,2.087391,1.7896556,2.4210098,2.0807052,3.9865274,2.292747,1.9238684,2.233652,2.325392,1.6987467,1.3096454,2.3593652,2.9478965,1.7814901,2.0313916,3.7500033,3.365142,1.512807,1.0737256,1.2795874,1.9856359,3.2612357,2.45714,2.2485256,1.7468349,2.1695247,2.180417,1.4399116,3.6562152,2.2279136,1.9093125,4.001319,2.6259513,2.555661,2.263114
0.7075688,2.1692784,1.8605392,3.4066224,2.942662,2.7375069,0.5834454,0.6751245,1.4142466,1.3122164,0.6397271,0.5829711,2.2747412,0.6294398,3.8562002,1.3854841,2.4365034,2.4956117,3.145838,2.3270943,0.8299614,1.9116296,2.169526,3.0676153,5.111622,0.56971884,4.9634657,2.3685026,0.6248418,2.4969692,0.630819,2.4499722,1.0244172,2.6728637,0.95954615,1.9359674,1.8192511,0.84584695,4.1661887,1.3680307,0.41677582,2.2543035,0.64264613,0.42168823,2.85438,2.9899886,2.069192,0.8698732,1.0068241,1.5402162,0.6161682,2.3926194,1.6557243,1.7796663,0.5879652,3.318005,0.6360302,1.2924368,3.3657963,3.206166,0.8199748,1.9518206,1.7525114,1.977567,2.7790596,3.3871295,2.4962192,1.6619427,1.7144809,0.61940783,4.778995,1.9190397,0.61853296,1.5127662,2.8880422,1.0150716,0.73891956,1.3716087,0.89089245,0.93558145,2.563427,1.0039597,0.7135688,3.4964247,0.6615834,2.8027077,0.97415125,3.0776002,2.3497863,0.8534205,2.1170678,1.6140046,1.7246631,0.9897704,0.6528403,2.7236476,1.9322001,2.4376152,2.5073197,3.4095116,1.0580378,1.2216117,1.9555343,1.1925206,0.27193546,0.47060952,0.6325266,1.08044,3.1617842,1.9555343,1.0093971,10.048623,2.9883747,0.96156716,1.2905208,0.5690226,0.88556516,1.0099635,1.0878539,1.6770883,1.5951703,1.2336133,2.3937788,0.84346336,0.87340355,1.0892881,3.2838006,3.5880039,1.6711953,1.1974659,3.3896556,0.6652547,0.5940642,0.6299658,0.63407516,1.0990486,0.6388584,1.9687244,2.3473942,1.4890685,2.978497,0.7698767,2.8435385,0.64747703,1.0138134,2.80457,1.3260283,0.62168074,1.8991305,0.38725227,0.72645813,3.4407847,0.5591621,0.8191118,1.4934652,1.1849079,1.0431731,2.8316212,3.9069118,2.3890252,3.5133605,2.8429182,0.8848967,3.0376813,2.5780332,1.7544965,2.3971047,2.04634,3.927953,2.6249042,0.95322126,2.229901,0.6617115,0.6175228,1.2100358,3.236902,0.8123908,1.1940539,2.404637,0.6534564,0.60433894,1.7020402,0.59023786,2.1828663,2.1793973,1.0052737,0.9290658,2.3754387,0.7695099,1.8648902,1.2091695,2.035054,0.5958054,1.0218586,3.4793017,2.48302,0.6453028,2.7176473,3.4282982,3.8226402,2.226863,0.9470106,2.703429,1.627712,2.2239375,3.6382177,2.9946444,1.9929944,2.394397,2.1272936,0.95192766,3.3963766,0.5973826,0.6075114,0.94748265,2.4461927,1.7907058,1.7538753,2.6294677,0.6705366,1.1514221,0.95894724,1.2014638,3.1994774,1.5435039,2.8824177,2.7369063,3.2859883,1.3813502,0.9080945,0.7812208,2.3035603,1.6665415,2.4590187,3.319163,5.046076,2.7495804,3.3904088,3.1085753,2.2571654,4.4814725,0.67029554,3.8195527,2.5474246,3.5261605,2.3121874,1.5591124,2.892351,2.0277634,1.5367706,1.3861883,0.40872458,2.0001526,2.4704726,2.450571,3.2324266,2.1766305,3.1905873,0.6689036,2.064086,3.1370425,3.757927,0.60536104,2.3429146,1.9637085,1.326461,0.8355268,3.0354335,3.7765143,1.8362249,0.6571118,2.7348843,2.668373,2.7596135,1.693846,2.979472,2.728794,1.0803686,3.9964645,1.2707149,0.8517819,0.792537,0.646951,0.7537451,1.1946167,2.7580254,0.6018611,2.2139206,3.217936,4.005239,1.9465468,0.67584693
1.0702847,2.121242,1.9779488,3.5276663,3.105549,2.8545403,0.7856659,0.7871164,1.4504446,1.3608415,0.85333943,0.81189424,2.6385574,0.8757083,4.02837,1.8110447,2.5801613,2.7258844,3.3045478,2.7317812,0.8393491,1.908043,2.4232001,3.5097725,5.4412036,0.8674227,5.4038744,2.697302,0.98876095,2.732644,0.59317636,2.5258982,1.3596159,3.0317898,1.3334861,2.1398752,1.7906296,0.94506985,4.3806176,1.6341065,0.8193413,2.6305716,0.85521674,0.7900404,3.2923074,2.9829307,2.0283237,0.9039356,1.3432188,1.5615456,0.8409419,2.6439688,1.9075563,1.8265476,0.7980247,3.4552083,0.48514742,1.3765187,3.464626,3.454089,1.2689458,2.1568398,2.022957,2.3371623,2.94073,3.8257277,2.648672,1.677688,1.7040446,0.5286426,4.9521136,2.1924088,0.5724126,1.7927765,3.110759,1.3632175,1.1763734,1.3544241,1.2147975,1.2588956,2.5246315,1.0609127,0.98707455,3.6338038,0.9951122,2.8975,1.2992684,3.3925831,2.709761,1.2537612,2.5170696,1.6682279,1.7697668,1.3216248,0.83692014,2.9726543,2.1660633,2.6643908,2.9439929,3.855585,1.0965971,1.4211196,1.9683241,1.5406116,0.6631455,0.86214215,0.6293571,1.4689925,3.2365637,1.9683241,0.889726,10.408184,3.0901458,1.155992,1.6871245,1.003009,1.3045977,1.2898872,1.1506512,1.9416481,1.9474227,1.6313521,2.5925558,1.1655354,1.2420293,1.4516991,3.608895,4.020923,1.7151963,1.2883266,3.5301113,0.6856459,0.451933,0.98177475,0.88376117,1.4405451,0.7792967,2.2026649,2.3466847,1.567565,3.2488937,1.1010535,3.28405,0.5875117,1.3496667,3.166195,1.46015,0.51328045,2.20956,0.5733272,1.0461392,3.5752363,0.85127777,1.2088777,1.5144643,1.3395548,1.4103978,2.9685717,3.9856398,2.4527183,3.7143755,3.2248209,1.1893282,3.4579616,2.9841828,1.9320059,2.5886185,2.4302309,4.068884,2.802807,1.2816762,2.674401,0.9831413,0.89110667,1.2478483,3.5079722,1.1503588,1.1458471,2.7642746,0.9093622,0.45997664,1.6280925,0.45623067,2.4141037,2.3754098,1.4316738,1.2535886,2.4953969,1.0141858,2.1844358,1.3113294,2.4112375,0.93198645,1.4473338,3.5820827,2.7623906,0.5577335,3.114361,3.630496,3.941539,2.4680932,1.0752957,3.106289,1.8307661,2.5607352,3.8264563,3.311739,2.3498785,2.7881842,2.1052494,1.2733982,3.54978,0.9001125,0.86225384,1.2694492,2.8248756,1.9189731,2.042832,2.9465432,0.6066984,1.5689243,1.169464,1.2641634,3.4261715,1.7022098,3.1449609,3.0289376,3.3714163,1.4130123,1.0063176,0.8843365,2.4589152,1.9633719,2.4846313,3.5979133,5.4895544,2.9601097,3.5311232,3.5619955,2.2873626,4.6323037,0.68347615,3.9953954,2.87564,3.9190648,2.6761513,1.5260422,3.1587393,2.091204,1.9099516,1.775297,0.65267324,2.221616,2.5568612,2.5977254,3.4186096,2.1836078,3.4903326,0.9092277,2.3475034,3.4827566,3.8799844,0.84181005,2.4317474,2.1770277,1.4312444,1.2053338,3.4055455,4.2321296,1.9559518,0.8167528,2.920666,2.6725752,2.8509665,1.9511956,3.321484,3.1518428,1.4062707,4.1653895,1.5246365,1.1502662,1.19621,0.6435999,1.0567051,1.5282394,2.9268062,0.5098745,2.6096964,3.2170773,4.4539375,1.9589664,0.9506365
2.0835674,0.7755719,2.7688212,4.241224,2.978404,2.4339921,1.8591374,2.149397,0.96339035,2.7932217,1.9434091,2.1087453,3.6608949,2.1472695,3.93415,2.9051554,3.269135,2.5285752,2.6497476,3.6831474,2.054092,1.2799329,3.2479963,4.1451945,5.1488943,2.0344906,5.3697634,3.767766,2.2348173,3.2221432,1.9229666,1.7748408,2.4037812,3.5907235,2.3897762,3.3051956,1.1199527,1.8704779,5.2757397,2.4040108,2.1327064,3.6636174,1.9967452,1.9908156,3.8309274,1.7325776,1.0008487,1.9862219,2.3154159,0.99423844,2.0088222,3.3438978,2.9681926,3.4350176,1.9076382,3.5624208,1.8057339,1.7973814,2.8466156,3.246391,2.2490892,2.823323,3.4881647,3.5245998,4.083475,4.4188294,1.729458,0.46728134,1.5041746,1.8558344,5.1621847,3.0908158,1.7845142,3.1159303,3.187228,2.3900652,2.2924917,1.3038996,2.3265963,2.357835,1.2527852,1.4420072,2.2150378,3.7473016,2.3517447,1.9820869,2.3630652,3.7685943,3.6835825,2.4584289,3.507398,0.73012197,0.7033532,2.36989,1.8973747,3.2893438,2.79531,3.403472,3.7456431,4.5505805,1.039918,1.2074226,0.8463881,2.4852793,1.968506,2.1583226,1.7656988,2.6091628,2.0559196,0.8463881,1.0416241,9.786219,3.2606406,1.2945931,2.76882,2.2112496,2.3389847,2.0553968,0.79659814,2.2011304,3.074283,2.7028356,3.224204,2.2961278,2.2850122,2.3187132,3.5070868,4.4771295,1.4404027,2.7286537,2.8534696,1.7890794,1.7701283,2.202916,2.102126,2.4797063,1.9857987,3.5135605,2.353689,1.5717726,3.0103674,2.1718316,4.053708,1.8487422,2.301876,3.6848633,2.4093633,1.8418857,3.4783695,1.4035946,2.1833832,4.2281604,2.179636,2.4369762,0.5484713,2.2576864,2.5928285,2.8222222,2.9231887,1.8815503,3.12886,3.2982068,2.4849217,3.9154,3.6292608,2.45602,2.7649686,3.5207527,4.247451,2.8428829,2.3555827,3.4731624,2.2702713,2.110027,2.5420792,3.600959,2.2587168,0.89812195,2.7574298,2.162127,1.8155643,0.5353969,1.7445754,3.3033528,3.0564492,2.592686,2.3345048,1.8528464,1.8838669,3.211469,2.7402194,2.8181584,2.2356946,2.452385,3.2628613,3.3503382,1.9349233,3.5122137,3.1371179,3.0628786,3.7288833,2.492203,3.671291,2.519192,3.5835667,3.4479089,3.409726,3.4279914,3.8418236,1.3125974,2.5430193,4.198773,2.062492,2.0388339,2.4847593,3.6963353,1.9791561,3.1050444,2.887657,1.9816285,2.7246091,2.557455,2.6423151,2.5987513,1.4026625,2.6160047,3.4153683,2.6206908,0.52686954,1.4274293,2.2390137,2.520877,3.3477426,3.8388224,3.7245765,5.480461,2.9982362,4.429547,4.2582426,2.6951709,4.9662185,1.7633942,3.2951963,4.025997,3.895548,3.82138,1.1070182,3.1586533,1.4119663,3.0464559,2.9776163,1.5665538,3.1740777,1.7118787,2.534584,2.9041839,0.9502684,3.5903053,2.109703,3.3819065,4.373993,4.3940134,1.9472384,1.9676678,3.3939633,2.8432615,2.4040499,3.72543,4.6793413,1.8801737,1.7001371,2.9684825,3.9210794,1.9396456,1.8374944,3.0663435,3.6662607,2.3014634,4.803169,2.078823,2.2220557,2.4202578,1.9435728,2.2863333,2.4990683,2.9995706,1.706339,3.5817828,3.9388611,4.763086,0.50083846,2.061916
1.0564051,2.0235655,2.0304782,3.5861106,3.106966,2.8369868,0.7818916,0.8364034,1.3690608,1.4467566,0.86460507,0.8381618,2.6749525,0.90312165,4.039763,1.8218219,2.6323168,2.7037823,3.2715044,2.736253,0.8593057,1.8250796,2.4679902,3.506562,5.3719525,0.8936686,5.3544173,2.7191973,1.0073882,2.7247488,0.6156094,2.441939,1.361981,3.0518887,1.3348686,2.2020836,1.718703,0.9044709,4.4000034,1.6571676,0.843254,2.6444194,0.8681979,0.79354215,3.2886543,2.9044604,1.9509627,0.90827304,1.357622,1.4864777,0.8590152,2.6803179,1.9588206,1.925696,0.80065674,3.478994,0.5265409,1.3293229,3.4415057,3.4375508,1.2528139,2.18323,2.0815835,2.370397,2.993332,3.8140564,2.5925686,1.5814984,1.6383988,0.5499071,4.985138,2.2341306,0.5608249,1.8433784,3.0794208,1.3611022,1.1819308,1.2835456,1.2295351,1.2729896,2.4450903,0.98030853,1.0164138,3.6592753,1.0258236,2.809945,1.3060732,3.4112766,2.7442484,1.2808473,2.523968,1.5733473,1.6735544,1.3253319,0.8447236,2.9500787,2.1346443,2.711629,2.9380164,3.8446865,1.010598,1.3220241,1.881042,1.5317501,0.67122805,0.88580346,0.5999568,1.4973135,3.1434975,1.881042,0.8120012,10.339656,3.114301,1.0753974,1.7054858,1.0090827,1.3048362,1.262394,1.0527855,1.9154803,1.9789907,1.6368506,2.6303196,1.182273,1.2409759,1.4458253,3.5698578,3.9916468,1.6528628,1.3669784,3.4984818,0.6565586,0.4680557,1.0140554,0.90759194,1.4463015,0.80678654,2.2532518,2.3464472,1.4990736,3.2168026,1.0959109,3.2777634,0.6180115,1.3490465,3.1603558,1.4528937,0.5523375,2.2628944,0.4999734,1.0559965,3.6295414,0.8952117,1.2410772,1.4174474,1.3186582,1.4472775,2.9583097,3.9362328,2.4209194,3.6742027,3.2021484,1.2266285,3.4585686,2.9974902,1.943316,2.5491338,2.4478536,4.1004095,2.8030367,1.290815,2.664812,1.0133655,0.90511185,1.3171957,3.491749,1.1624967,1.0514959,2.730084,0.93626434,0.49202713,1.5453773,0.46118927,2.4648106,2.4187353,1.4471887,1.2626932,2.4538002,0.9852674,2.2288043,1.3960856,2.3661492,0.96164876,1.4464943,3.5217457,2.7507198,0.5977304,3.115239,3.6020558,3.9011927,2.5184581,1.1501293,3.1171255,1.8579557,2.606007,3.8160431,3.289053,2.3881793,2.8207417,2.0302467,1.3007369,3.5596335,0.92781645,0.88584197,1.3024203,2.8470368,1.8555483,2.0936887,2.9296942,0.6514198,1.5899606,1.2304784,1.330985,3.325438,1.6200961,3.1014752,3.0360713,3.3402438,1.3182508,0.9531069,0.9353265,2.4067407,2.0142386,2.5807414,3.5807662,5.441591,2.929423,3.5529218,3.5539627,2.312862,4.674118,0.65120804,3.9601119,2.9262316,3.8755364,2.7111309,1.4571296,3.130377,2.0077903,1.9371098,1.7991122,0.613934,2.274625,2.468536,2.5422153,3.3930776,2.0968263,3.493974,0.93116313,2.3999617,3.505999,3.9292479,0.846656,2.4021902,2.245859,1.5135541,1.2165651,3.3819103,4.2111855,1.8908845,0.7920122,2.9280643,2.7652912,2.7632885,1.9208783,3.2828035,3.1530333,1.4242386,4.169347,1.4856923,1.1638658,1.2231236,0.6586364,1.0911659,1.5260692,2.8821378,0.49042577,2.6415873,3.2839472,4.420033,1.8598087,0.9598969
1.98885,3.4060519,1.5203408,1.9096872,2.2786856,2.5085223,2.0404751,1.995604,2.668963,1.9849156,1.9318012,1.9744046,1.8657533,1.9337145,2.6143079,1.7433506,1.3194745,2.3465714,2.8867295,2.5675468,2.3742785,3.283314,0.5555096,2.6771135,5.640792,1.2928876,4.5152826,2.7827563,1.7942144,3.182924,2.2745261,3.6545167,2.0856247,1.3784769,1.9627682,1.9522433,3.0476289,2.5447187,4.7747126,0.5310305,1.5973098,1.8954769,1.9907283,1.8346786,2.2951925,3.9317183,3.2042363,2.4089596,0.9776724,2.723264,1.9254113,0.61467695,0.58263475,2.0619514,1.5379585,2.2172594,2.1606843,2.7712922,3.1457198,2.794756,1.6504941,0.66675556,2.1013463,1.5399079,3.1961105,3.2078617,2.3570776,2.6218252,3.1403267,2.2765684,3.1801262,0.34621108,2.35163,1.9933281,3.5946639,2.0906284,1.4317662,2.8610995,1.913119,1.9366205,3.5863109,2.6520486,1.8448398,2.3411047,1.5535998,3.2385826,2.0325282,1.5620097,1.9352548,1.4601401,2.4245422,2.4964597,2.6038303,2.054965,1.9776992,3.450894,3.1679482,1.3059146,2.180361,3.1582732,2.4831054,2.3909261,3.0533814,2.2230914,1.8205962,1.6533844,2.3980298,1.4571424,3.6225557,3.0533814,2.5292108,9.393679,2.5126421,1.9510325,1.7342194,1.6631162,1.3589069,1.6108586,2.3609247,1.2487907,1.1001531,1.5036683,0.77266836,1.8801645,1.9474882,1.225263,3.4843798,3.638837,2.9042659,1.9869252,3.1788423,2.4145293,2.262697,1.2636881,1.9033252,2.058437,1.9774985,2.5087936,2.8726413,2.9173014,2.9877102,2.0514476,2.7439656,2.1638765,1.2886132,2.908626,2.7641506,2.1620755,1.8515404,1.9554545,1.9294193,1.8954512,1.3780231,1.3615716,2.5130966,2.7032955,1.3403807,2.9180768,3.9749618,2.646946,3.5434206,2.404938,1.8218694,2.1955848,1.7221361,2.1786153,2.3554869,2.3347588,2.568635,2.4537117,1.9847769,2.2896144,1.7869056,1.9849261,2.0920045,3.377973,1.866125,2.6930587,2.3652568,1.9146342,2.225661,2.8753607,2.2859883,0.6403087,1.3955532,1.5234667,1.9886538,1.9901069,1.6752611,0.6160792,1.7217329,2.2123199,1.7562896,1.3729534,3.6359775,3.2178707,2.234079,1.8397496,3.1624906,3.693265,2.615689,1.7608552,1.7264128,1.7385676,1.4961292,2.724374,3.0955927,0.9900148,1.4940915,3.3573985,1.4451904,4.169209,1.2603419,1.35212,1.1779932,2.181364,3.1736305,0.6300768,1.9008883,2.2113078,1.3715903,1.795575,2.220552,3.9210033,2.2285943,2.6877666,2.4989214,3.174993,2.428364,2.304696,2.054285,2.5657015,2.0613585,1.949205,3.5128384,4.6022277,3.4322658,4.243975,2.6491978,2.6150537,2.951824,2.4208302,3.5539753,1.4124937,3.5761337,1.5966337,2.8554602,3.240794,2.6478338,1.8672225,1.8403003,1.6791089,0.5958044,3.0194952,2.6644552,2.8073893,3.2251513,1.9966762,1.9433846,0.7130158,3.0672553,2.2222311,1.484671,2.61046,1.7107579,1.842531,1.9180224,3.253305,3.4249296,2.3652072,2.1291873,2.1140366,2.020399,3.2139418,1.43082,2.7118266,1.9784633,0.7767456,4.814528,1.7598418,1.2505273,1.4510298,2.3024588,1.2236814,2.1959,2.7747016,2.3453043,1.2730864,2.1753469,3.8100364,2.9036129,1.4047635
1.3918366,3.063798,0.8038264,2.8728044,2.0993721,2.1673665,1.2700337,1.1148006,2.1134133,0.8850296,1.1053144,1.2054653,1.3766931,1.1378502,3.0740893,1.6839247,1.5936383,1.8134676,2.6600711,2.216725,1.3829633,2.56596,1.7343891,2.6099641,5.3111277,1.498944,5.2089067,1.8930076,1.2374413,1.8317252,1.4699771,2.9404657,1.2766014,1.8298894,1.3098588,0.5873967,2.314602,1.8178575,3.4467041,1.6419734,1.3984509,2.75689,1.1452917,1.326262,2.2913473,3.3213816,2.5947034,1.4013528,1.7533627,2.113115,1.110745,2.1513546,1.6364809,1.6679481,1.888343,2.442681,1.4215885,1.8003422,2.7612321,2.3120792,1.7597781,2.2367158,1.6433065,2.2723234,1.6697586,3.0757303,2.7473288,2.7572558,2.2254024,1.5040355,3.9773412,1.7875936,1.6211631,1.0725685,2.3995926,1.3490354,1.5937577,2.0693417,1.068111,1.0695986,3.0314553,2.0515165,1.0175635,2.6025136,1.6827501,4.039235,1.1798416,2.2658064,1.366696,1.1911076,2.024124,2.7865016,2.8846023,1.230136,1.1342655,2.2373827,2.2375524,1.3504707,2.8511906,3.4284794,1.9807187,2.4504094,2.6063528,1.4772973,1.4418828,1.3027133,1.7112455,1.0443374,4.3272386,2.6063528,1.9811577,10.557731,1.8236179,2.2944922,1.1994646,1.5081174,1.7838384,2.2906442,2.1854026,2.5141816,1.9943267,2.0345528,2.1644704,1.0528849,1.2805266,2.0338345,2.773876,3.6292899,2.0246758,0.88739836,2.830384,1.7014847,1.547247,1.3769547,1.0948153,1.2259725,1.1118762,1.3642544,1.646309,2.0820594,2.29874,1.3494831,2.7781603,1.3428587,2.0344207,2.0529363,1.6687851,1.394858,1.1858921,1.74308,1.1677431,2.8841846,1.4330575,1.2058116,2.6502848,1.7775438,0.9944336,1.9143442,3.6086679,2.091692,2.9097385,2.2136974,1.044365,2.3041117,1.7917163,0.7690764,3.5983992,1.8663343,3.0683322,1.5845081,1.1367393,2.3796928,1.1270851,1.2290895,0.7897783,2.317916,1.0949408,2.2264342,1.9834734,1.1069225,1.4921814,2.4695778,1.5818973,1.7930064,1.0341742,1.5111852,1.1413934,2.8180006,2.1574664,1.6508799,0.8752956,3.023325,1.1782631,1.8381793,4.8113527,2.0506055,1.425088,1.9456868,2.708535,3.3592732,1.4259572,0.88617986,1.916157,0.4524422,1.2414637,2.9596264,2.2362027,1.9690374,2.210425,2.5888052,1.8769308,2.6025841,1.4713919,1.6808876,1.7060465,1.5569152,2.2757144,1.4694163,2.0093226,1.3649601,1.5712434,0.89401937,0.9637991,4.186229,2.8421347,2.4930286,1.5316873,2.8293407,2.4507296,1.5733868,1.0754706,3.6326768,1.4437093,2.059987,2.439438,5.250958,2.2274375,2.721767,3.1650248,1.1841367,3.600206,1.7105634,3.2055113,2.267865,3.2418869,2.4360754,2.1101916,2.2205205,3.325554,1.2424049,1.5030092,1.7843055,1.7410476,3.7457783,3.762564,2.6077049,2.7790725,2.3283663,1.0944618,1.6653088,2.1915686,3.170925,1.8625456,1.9555805,0.77742845,0.80146825,1.3623004,2.5334873,3.6092122,3.2111094,1.3671409,1.7557987,2.28559,4.0027947,1.7657628,2.505378,2.05071,1.5814035,3.3434486,2.5621684,1.8667675,1.250936,1.4884049,1.6010722,1.3470094,4.0111465,1.6566902,1.7424594,2.7836635,4.031668,2.9901426,1.8519995
1.1648197,2.8208196,2.2109256,3.2178361,3.2108562,3.1573672,1.3960303,1.4392885,2.1510572,1.8117688,1.4000038,1.2910856,2.0555654,1.29155,3.8954632,0.9521884,2.5091321,2.8095915,3.4863636,1.966713,1.6864996,2.648306,1.8854946,2.6191018,4.9954305,0.78635293,4.280786,2.303261,1.0397654,2.8779714,1.5493877,3.0485814,1.3576217,2.3763123,1.199512,2.161657,2.6101665,1.5887922,4.339507,1.1542997,0.7871877,1.3035808,1.3956685,1.0641901,2.4618433,3.6588519,2.8226376,1.7245604,0.5609431,2.2899716,1.3564644,2.0052173,1.318513,1.88429,0.7523264,3.4582162,1.5995191,2.0488377,3.8031044,3.426634,0.5085346,1.5800847,1.5685451,1.1505293,3.0794928,2.9385643,2.7163188,2.1208572,2.5187237,1.5698661,4.621688,1.5196303,1.5538543,1.6062279,3.297226,1.3140292,0.4384522,2.2014918,1.3095862,1.3365351,3.2706292,1.7585481,1.2877749,3.615184,0.53778785,2.7239938,1.3616613,2.8145869,2.1694934,0.862888,1.8005639,1.9546071,2.0684848,1.3538978,1.4484768,3.066376,2.252849,2.4284363,1.6420408,2.728053,1.8368946,1.5158467,2.621018,1.4238597,0.9770934,0.8902478,1.5280261,1.0649796,3.1746047,2.621018,1.9113092,9.373343,3.3862255,1.1687026,1.2292296,0.6836751,0.22334078,0.5619921,1.723537,1.22432,0.8034512,0.32521957,2.134188,1.2853794,1.1989464,0.33828008,3.411792,3.0945761,2.4334464,1.6930064,3.77337,1.5410638,1.5715963,0.723067,1.3099749,1.384598,1.449668,2.1098535,3.083715,2.2082572,3.237861,1.24361,2.2808318,1.590701,0.3250977,2.8074875,1.9357169,1.5765394,1.7789878,1.2023951,1.2476085,3.2458458,0.79277587,0.8095058,1.9565117,1.776674,1.0463736,3.3366683,4.3827643,2.9702098,3.8730218,2.746689,1.2280585,2.6787653,2.2448418,2.2884507,1.7986884,1.7625444,3.9443204,3.02443,1.3413454,1.6601259,1.1296111,1.2667751,1.8629344,3.5064015,1.2449521,1.988854,2.457011,1.2922713,1.5738157,2.4556584,1.5684817,1.9000472,2.339309,0.6695108,1.33756,2.4664326,0.65640044,1.3929907,1.6057523,1.259246,1.0656589,0.24196966,3.0646598,2.7291665,1.5757934,2.4591403,3.7349117,4.2304935,2.339756,1.4615728,2.3634553,2.048009,2.007022,3.7655299,3.160546,1.300559,1.668611,2.8904467,0.38280493,3.8314936,0.78574497,0.7344948,0.5044069,2.2750459,2.3923388,1.4181137,2.6241827,1.5812688,0.6348648,1.382147,1.8137952,3.1356108,1.5232306,3.0751457,2.9114435,3.7469223,1.9160022,1.7311144,1.5124274,1.8358376,1.556852,2.4676569,3.5687752,4.3702292,3.1986878,3.7681093,2.3411138,2.9215953,4.383549,1.552867,4.1414943,1.8968054,3.3866587,1.4853173,2.3828232,3.2060664,2.0711432,1.4369373,1.1402538,0.958201,1.7235179,2.4391773,2.0114708,3.5107012,2.8302283,3.0891588,1.3471508,1.6767359,3.0306556,3.6026192,0.7041128,2.914753,2.064502,1.7295997,1.0628608,3.0136538,3.2029157,1.620494,1.4991127,2.9993668,2.6809814,2.6908715,1.8441494,3.0027237,2.379749,0.80656046,4.3526,0.7880032,0.49329045,0.7928372,1.5420374,0.6200562,1.4782484,2.18102,1.5635543,1.683877,3.27072,3.4330137,2.40367,0.58798325
0.45273295,2.2153637,1.895934,3.468092,2.9177413,2.731893,0.5538134,0.72446966,1.4251674,1.3699791,0.6086071,0.5386812,2.06011,0.56248075,3.8467116,1.1106312,2.4713368,2.387166,3.0974953,2.026974,0.87417775,1.9009856,2.143375,2.763175,4.829397,0.647455,4.6765294,2.1148367,0.43498066,2.2930777,0.74804246,2.3682609,0.78119594,2.5115848,0.68959016,1.8536692,1.8482987,0.7953803,3.956278,1.3755648,0.3332083,2.074434,0.5973561,0.27384526,2.5685463,2.9911509,2.1105607,0.88630414,0.9722421,1.5580959,0.57872415,2.3745272,1.6505337,1.8481293,0.7333888,3.335064,0.841969,1.220078,3.3568802,3.077273,0.5493205,1.9929339,1.6114559,1.8236728,2.6561205,3.0678265,2.4890134,1.7362796,1.7036883,0.77137035,4.7824674,1.8897016,0.7312223,1.3536559,2.688149,0.75594926,0.5407261,1.3873992,0.69435257,0.73316723,2.5973346,0.98582333,0.6161395,3.5131679,0.6241392,2.8241117,0.75161314,2.9644618,2.134775,0.65707326,1.8215712,1.6766535,1.7853913,0.75521976,0.64091206,2.5002024,1.7063893,2.3942273,2.2453928,3.1019468,1.0895511,1.1548176,1.9703251,0.91884,0.21890704,0.33961886,0.70850813,0.8737265,3.183068,1.9703251,1.146552,9.848359,2.992979,0.9891698,1.0316032,0.331363,0.72144276,1.0002191,1.1371294,1.6642332,1.4819248,1.0555273,2.4189823,0.6590577,0.61257386,1.004596,3.0338783,3.2629564,1.6421212,1.2220892,3.3451195,0.7158147,0.7807701,0.6127472,0.5682608,0.8528961,0.67207664,1.8108456,2.3783293,1.4199384,2.8020127,0.54350203,2.531478,0.7982082,0.9651116,2.5307605,1.2027357,0.8054285,1.7310759,0.51894593,0.5462387,3.4923513,0.6259173,0.6646289,1.573308,1.0502735,0.88306326,2.7675686,3.8883104,2.4049418,3.389288,2.602793,0.7363722,2.7837822,2.3464108,1.6720439,2.3964543,1.7706795,3.949327,2.5526998,0.73521036,1.9192877,0.5293702,0.505479,1.2604663,3.0336375,0.6121875,1.268365,2.1690667,0.57369184,0.79745805,1.794132,0.769457,2.1765702,2.1541865,0.7638613,0.7159787,2.4290144,0.8232609,1.7816403,1.259832,1.8388262,0.46843383,0.83041584,3.5084114,2.2370403,0.799887,2.4946508,3.3285682,3.7841258,2.0614836,0.98832935,2.480589,1.5648568,2.061284,3.599096,2.7610872,1.863548,2.2024095,2.1347888,0.8976586,3.2322836,0.66109073,0.7188476,0.91670007,2.1974237,1.6594926,1.699823,2.482057,0.81151736,0.94037133,0.9138608,1.2151287,3.0485756,1.5582062,2.7441986,2.5563138,3.2851486,1.4545585,0.9032834,0.810195,2.3170533,1.4942547,2.566195,3.102561,4.7537885,2.5667295,3.2320178,2.8174136,2.2771902,4.4992046,0.7250922,3.7391114,2.4278843,3.2292845,2.1532092,1.5997453,2.6867456,2.0933383,1.2933041,1.1355336,0.5653106,2.0085065,2.501273,2.4680717,3.1675112,2.1902506,3.0711584,0.5969541,2.0065415,2.8842723,3.8150744,0.72747135,2.335822,1.897003,1.3531991,0.5883057,2.7437117,3.4576316,1.8832197,0.6421662,2.6893678,2.7953033,2.783766,1.6378584,2.7662158,2.472084,1.049978,3.8079562,1.2552865,0.8708719,0.6059799,0.7329871,0.77789795,0.93940055,2.7603786,0.7476628,2.0172355,3.3590198,3.684354,2.0018067,0.7473261
2.476749,2.0476446,2.4508286,3.2961183,2.2126026,1.8861818,2.3499067,2.5698326,1.8791769,3.008263,2.342123,2.5319576,3.4153643,2.5337303,2.7884786,2.9249704,2.5605593,2.1426592,2.043562,3.7382898,2.7023072,2.4060395,2.4879794,3.8447692,5.4321074,2.0334191,4.876662,3.9520547,2.5251663,3.5912907,2.5630856,2.7185175,2.7568948,2.81382,2.6846685,3.2610955,2.125695,2.6554656,5.7030263,1.8385348,2.3407106,3.372523,2.429525,2.351653,3.412488,2.5054085,2.0264013,2.6589694,2.0480018,1.8774606,2.4033718,2.4336684,2.4570413,3.511352,2.0107312,2.5970728,2.382311,2.6341448,2.3306432,2.7222455,2.3718395,2.0183425,3.591158,3.2376313,4.3297153,4.2400527,0.72156733,1.269014,2.543892,2.5107305,3.9334164,2.4082355,2.504579,3.257272,3.5992787,2.7464485,2.3330777,2.3266954,2.6244564,2.655778,2.1739516,2.3700051,2.5263498,2.7558346,2.4794328,1.8912868,2.7042847,2.7671654,3.4308107,2.5149558,3.5867345,1.2382622,1.2589277,2.7178967,2.3287845,3.7008173,3.4661818,2.7464712,3.4483058,4.323661,1.9258014,1.7926102,1.835643,2.856321,2.336332,2.39432,2.5177453,2.6080182,2.0163116,1.835643,2.0048668,9.034909,2.7716215,1.5542166,2.8323493,2.4220166,2.2900274,2.0324013,1.6069045,1.5095074,2.7410617,2.6254282,2.2903945,2.589036,2.6004865,2.102144,3.510302,4.415178,2.2907972,2.983539,2.335456,2.541957,2.434035,2.1956952,2.4720235,2.7902822,2.4146278,3.7482498,2.5922523,2.494649,2.8160653,2.58775,3.9169188,2.4206605,2.148089,3.6719203,3.1173372,2.4177046,3.4080796,1.9070172,2.5384328,3.2371056,2.2436357,2.45473,1.3199139,2.9875479,2.5529306,2.7046678,2.6492653,1.7641327,2.9200122,2.8236916,2.732395,3.3244205,3.090064,2.5604558,2.374454,3.595621,3.156589,2.5320508,2.6751766,3.3881528,2.5530014,2.5304708,2.8577814,3.5980954,2.55051,1.9948118,2.5075638,2.5310109,2.443333,1.7007028,2.4305875,2.5727396,2.524676,2.6274629,2.6646328,0.40638182,1.9989085,2.6583328,2.849591,2.659674,2.5132825,2.3722239,3.0100546,3.7404811,2.5430906,2.8769164,2.6547127,2.611598,3.9085217,2.6982195,3.046605,2.4202638,3.2000697,2.3979678,3.3535883,2.9363935,3.3713408,2.3532126,2.537129,4.709017,2.0418954,2.050106,2.3625605,3.5019827,2.8626018,2.5974293,2.111289,2.5630186,2.6489515,2.7774138,3.0327394,2.928447,1.4843504,2.1097138,3.1648948,2.1566384,1.314607,2.103236,2.6671305,2.3347352,3.4629192,3.5492442,3.7694852,5.0020046,3.3840501,4.990604,3.9003959,2.8121803,3.8400633,2.525478,2.771858,3.4815834,3.7864628,3.4239562,2.0909636,3.2781672,1.4895093,3.0981057,3.0625417,1.8157948,2.5161147,1.7426881,2.296568,2.2122939,1.9009762,2.619653,2.4973078,2.782994,4.3220353,3.3276122,2.015787,1.8830533,3.2299392,2.9785106,2.7069,3.7719085,4.3659506,1.8523637,2.2596831,2.313497,3.5410085,1.8690473,1.1311581,2.6190126,3.138247,1.933973,5.371064,2.0068543,2.1131256,2.4846706,2.596051,2.224917,2.8573358,2.6586735,2.4405398,3.097531,3.197338,4.522458,1.3967938,2.0728955
2.0706358,2.4741771,2.9552977,3.652837,3.5986679,3.3940866,2.122177,2.2719553,2.2409172,2.7791626,2.1802974,2.1622307,3.3075178,2.1945765,4.16742,2.2435262,3.1402013,3.2980888,3.6527882,3.1798663,2.40599,2.710461,2.617461,3.7002594,5.398472,1.5240924,4.6081424,3.5602632,2.0595849,3.816792,2.193838,3.1378171,2.3942854,3.2528687,2.2676506,3.2957559,2.6794066,2.180471,5.5114894,1.7310314,1.7510917,2.2572832,2.2038343,1.92277,3.4852152,3.5119097,2.7434108,2.4198725,1.3993464,2.3817532,2.1768684,2.5571618,2.1535146,2.892104,1.1828723,3.836315,2.1425056,2.578867,3.9745052,3.9633741,1.6023841,1.8581148,2.87176,2.3022761,4.275086,3.9772067,2.4596329,1.5647227,2.7750754,2.160473,4.946235,2.2699137,2.1099985,2.857362,4.0403957,2.3470385,1.6186816,2.4395945,2.3343334,2.3707073,3.0844996,2.0688064,2.2415695,3.9925601,1.604193,1.5777625,2.386577,3.4801378,3.4011662,2.044284,3.0325925,1.3070294,1.3889402,2.3802097,2.1914873,3.9313464,3.0772753,3.25751,2.5832171,3.6973455,1.9893897,1.3885535,2.4890246,2.4538825,1.7956495,1.875261,2.068996,2.2642672,2.0819623,2.4890246,2.020822,9.0154705,3.943221,0.9276237,2.457131,1.7511637,1.4609697,0.7981885,1.6370934,1.0055658,1.9140561,1.6082358,2.5614066,2.2995608,2.2189,1.181576,4.106725,3.9568658,2.7170057,2.699316,3.9552062,2.1028872,2.0999908,1.6770884,2.1921248,2.454899,2.2186801,3.3622084,3.5492241,2.5620165,3.8123794,2.1812909,3.3712227,2.1997244,1.1549474,3.856695,2.7658336,2.1589186,3.076168,1.5337487,2.2044995,3.669177,1.6662039,1.9729794,1.4366904,2.5483832,2.2221706,3.869475,4.341333,3.1379557,4.2351604,3.4828663,2.3308682,3.63117,3.288004,3.0859904,0.9200672,3.0428848,4.29899,3.6306722,2.3708344,2.7612944,2.1436825,2.1597276,2.7591777,4.3188796,2.2501996,1.993688,3.128375,2.2088614,2.1262298,2.2668197,2.0838692,2.622481,3.126463,1.9560186,2.3569443,2.0198035,0.8967752,2.37747,2.5904076,1.4971728,2.06939,1.5264326,1.8875498,3.7228417,2.2083251,3.3444033,4.094314,4.30408,3.6073017,2.4205422,3.341456,2.889364,3.1898777,3.9760008,3.970169,2.3774474,2.818031,2.9341996,1.5314914,4.8446026,1.5507994,1.381462,1.5650057,3.487593,2.8434992,2.3866227,3.14789,2.2470837,1.9577352,2.4406905,2.7781956,2.731747,0.6994693,3.380375,3.8311307,3.8335314,1.5611019,2.1647344,2.3787775,0.74707484,2.8661044,3.250078,4.4095874,4.7405896,3.9107323,4.858129,3.2843788,3.5806112,4.7889853,2.0984178,4.361372,2.963353,4.088204,2.5816011,2.515526,3.93895,0.9460151,2.7095423,2.4431834,1.283628,2.4506254,1.3055177,0.865759,3.76717,2.6574423,3.6609595,2.2282224,2.6154785,4.2728415,3.9413154,1.1967349,3.1709852,3.2025373,2.750616,2.161387,3.9468358,4.0885286,0.33749747,2.1192706,3.522913,3.341984,1.5423365,2.0890698,3.5270274,3.366531,1.5733418,5.3771734,0.565467,1.253349,1.9677316,2.2060685,1.5333054,2.5200539,1.2216463,2.0620422,2.8480694,3.586495,4.175371,1.8184587,1.2193872
1.7804514,3.459632,1.7247493,2.2286692,2.7011957,2.8848014,1.9082673,1.8346368,2.6989033,1.8315924,1.8145384,1.7855389,1.6888885,1.7480924,3.1182556,1.3593642,1.679588,2.6170163,3.2600474,2.2263644,2.214339,3.283141,0.867078,2.5026844,5.513738,1.1331812,4.4062123,2.4860628,1.5566674,3.1013951,2.1143966,3.6641314,1.856085,1.5887547,1.7171088,1.8627332,3.1093996,2.349607,4.539538,0.66645193,1.3535275,1.4245709,1.8488547,1.6403729,2.2155063,4.0833097,3.3033924,2.2633588,0.7407201,2.7814717,1.7850896,0.98363006,0.46055752,1.7742765,1.3564517,2.697171,2.0576591,2.6674974,3.5360816,3.0965207,1.3471532,0.89507514,1.6887152,1.0295331,3.0298333,2.991235,2.693112,2.6933541,3.1158643,2.130285,3.6322367,0.48869962,2.1941798,1.7051731,3.5750234,1.8518667,1.1221459,2.8232162,1.713776,1.7354672,3.7233074,2.526771,1.667107,2.8228,1.2171007,3.2836049,1.8199703,1.9307543,1.7943665,1.1828566,2.0818913,2.548413,2.662681,1.8355895,1.8704437,3.3672833,2.9295852,1.5896322,1.804882,2.8497944,2.458084,2.310452,3.1406488,1.977706,1.609817,1.4180282,2.226921,1.2058297,3.7100708,3.1406488,2.5058134,9.434812,2.8667135,1.8830297,1.4608127,1.3778929,1.0274881,1.3795129,2.358316,1.294198,0.58111006,1.0717717,1.1963739,1.684991,1.7227165,0.94272196,3.5253549,3.383353,2.926972,1.8025179,3.5494535,2.2409635,2.1311867,1.044749,1.7386204,1.8297373,1.8536042,2.2237499,3.064116,2.851658,3.169836,1.8336979,2.432698,2.0527506,0.994918,2.8212163,2.5518274,2.0471506,1.5730388,1.8565571,1.732497,2.2449508,1.1598073,1.0854695,2.5596633,2.4798715,1.0994264,3.1680942,4.3261294,2.9374819,3.801432,2.5324974,1.5776501,2.232556,1.7273303,2.2543774,2.2273104,1.9821755,3.050203,2.7257602,1.7769573,1.9531778,1.5647265,1.789958,1.9824401,3.4603753,1.6702646,2.6627774,2.4577522,1.7314504,2.0974722,2.9626384,2.1515536,0.88508224,1.6710815,1.1635184,1.7820492,2.3479164,1.4678332,0.39241633,1.5618092,1.9328352,1.5291778,1.0138463,3.5690832,3.0572364,2.0882463,1.9638821,3.4909577,4.0643916,2.3564312,1.5941591,1.7907587,1.8411458,1.3992424,3.198734,3.1521952,0.5621208,1.13713,3.4166875,1.0474464,4.0451674,1.0998785,1.1691214,0.8266332,2.0367627,3.0682762,0.5037604,2.2165122,2.0660243,0.97100544,1.583094,2.0434265,3.8647354,2.1942072,2.9632435,2.6167998,3.5545206,2.4839983,2.2614214,1.8872476,2.4307315,1.689548,1.8754742,3.5638127,4.487869,3.4425232,4.0371594,2.354117,2.776925,3.3875835,2.25213,3.9125254,1.1094246,3.5423665,1.1361128,2.893746,3.3003025,2.669628,1.5734818,1.4686072,1.5709804,0.7583505,3.0445497,2.5641685,3.1929374,3.3311088,2.3863933,1.7795845,0.66458654,2.892901,2.617867,1.2958517,2.88179,1.6146207,1.6815012,1.6358664,3.1616907,3.2337062,2.28119,2.0280972,2.4920385,2.0255978,3.2569244,1.716599,2.8938756,1.981976,0.66566503,4.6430182,1.554489,0.99480855,1.1654767,2.1318316,0.9617692,1.9667487,2.6446898,2.2012055,1.052817,2.471674,3.6110005,2.985906,1.1826261
0.9738506,2.7184474,1.3692445,2.9992728,2.7748458,2.700638,0.77352875,0.46395603,1.8640258,0.6252559,0.6779985,0.5939845,1.93919,0.5874227,3.647754,1.4284301,1.991637,2.4845364,3.2021916,2.3241818,0.8575633,2.3624527,1.8426883,3.0407917,5.5045853,0.70055985,5.2925806,2.1937058,0.6847912,2.4314518,0.7603869,2.897849,1.0858741,2.4352593,1.0550958,1.3590715,2.1845517,1.2498709,3.9569354,1.3031704,0.5997854,2.3329313,0.6863743,0.68614525,2.8082962,3.3674343,2.462136,0.9596506,1.1319598,1.9384115,0.6251822,2.1583636,1.3608124,1.1742373,0.9793354,3.0271823,0.6818697,1.5931262,3.345845,3.1337829,1.1872289,1.8800304,1.4107915,1.8955998,2.3133843,3.431408,2.7895615,2.256518,2.0667331,0.77348846,4.4612575,1.668284,0.9187253,1.1309601,2.9599965,1.1237347,0.96733904,1.7738814,0.8498228,0.89038163,2.9609344,1.5390666,0.58675134,3.1940494,0.8133831,3.439283,0.9948552,2.846013,2.013612,0.77265495,2.1027102,2.2340794,2.3457832,1.0388238,0.71342325,2.7612655,2.164335,1.9903452,2.6562617,3.5169601,1.5659256,1.9088756,2.421958,1.327553,0.65051425,0.5831782,1.0159619,0.9069076,3.7990978,2.421958,1.4549046,10.5008335,2.6496384,1.614518,1.1900024,0.8334059,1.149836,1.4904858,1.6841801,2.0028603,1.5372868,1.4357574,2.14929,0.7941064,0.99477345,1.382689,3.402063,3.7868016,1.986609,0.56938094,3.4238095,1.0374228,0.7940441,0.64249533,0.5962352,1.1134024,0.5831712,1.5855876,2.1957834,1.8883643,3.0232575,0.95627326,2.9098585,0.68308055,1.3057119,2.7305741,1.4376409,0.66561073,1.4715782,1.0267608,0.7832539,3.0517027,0.5544459,0.710225,2.1035795,1.4216604,0.79317755,2.7117817,4.0577254,2.456519,3.5924711,2.8704503,0.67551833,2.9350183,2.396735,1.5326881,2.8618715,1.9528726,3.6017802,2.441532,0.9534605,2.356648,0.5829665,0.70079225,0.65716505,3.1691968,0.81291425,1.7339123,2.5222223,0.5948791,0.730351,2.149923,0.8351038,1.8294922,1.7434714,1.0663471,0.9354026,2.6416202,1.2961787,1.5823761,0.49583763,2.5075877,0.5617497,1.2647746,4.041557,2.4840124,0.6859847,2.603119,3.431907,3.9095256,1.8188344,0.29589608,2.534158,1.2949036,1.8140907,3.5569959,2.9929564,1.8003621,2.2148461,2.5053616,1.0759858,3.211334,0.6942849,0.81509554,0.97445196,2.2002819,2.166552,1.406481,2.6151593,0.6474401,1.155915,0.47508934,0.71829534,3.8623583,2.1844468,3.024618,2.513986,3.3265917,1.9608883,1.259134,0.51457554,2.8465855,1.3431932,1.8473363,3.2637882,5.360729,2.8099098,3.1690054,3.2086508,1.9261189,4.1021595,1.0509433,3.8668008,2.2409153,3.718077,2.184903,1.91871,2.9243221,2.6523461,1.3474913,1.3047338,0.985294,1.6536754,3.1156988,2.9989002,3.2344954,2.6336856,3.027322,0.634282,1.6981821,2.8766422,3.3905163,0.97118115,2.389619,1.3547606,0.63490087,0.92238027,3.0931497,3.8950183,2.432332,0.93231535,2.5206892,2.0895708,3.3973045,1.8557147,3.101695,2.633708,1.106685,3.8685944,1.7846348,1.0748975,0.7480049,0.8039699,0.8017288,1.260957,3.251959,0.93446565,1.9759182,2.7784045,4.2230477,2.544473,0.9883487
3.4140759,3.6239326,4.3347745,4.571399,4.62088,4.4843225,3.615035,3.8098183,3.5888379,4.2986584,3.6687975,3.648848,4.2414827,3.6653721,4.9283037,3.2324266,4.3295374,4.2931657,4.537673,3.873861,3.9443884,3.9559977,3.6262112,4.090904,5.3000813,3.0385056,3.7601428,4.5053816,3.4547257,4.9031816,3.7709866,4.149563,3.6683056,3.9782054,3.5231779,4.5986023,4.012854,3.6154208,6.459701,2.9737928,3.2099714,2.6931047,3.687232,3.3791354,3.9586527,4.543537,4.0147734,3.9359808,2.7111444,3.7252836,3.664714,3.4189677,3.3173237,4.3085475,2.78462,4.8291693,3.7739904,3.9472716,4.976462,4.80647,2.8128119,2.8882036,4.019264,3.056049,5.532145,4.245433,3.2804878,2.8170128,4.1187716,3.7572238,5.5469823,3.2906127,3.6779265,4.1041574,5.012814,3.60299,2.9124246,3.847166,3.6806588,3.7037504,4.230162,3.477047,3.6835444,4.95531,3.0204282,1.7014235,3.695099,4.1372566,4.333715,3.341964,3.8168044,2.5470889,2.5704424,3.6725929,3.690475,4.907893,4.1254234,4.355467,2.7827766,3.724829,3.4237225,2.596342,3.6885848,3.637931,3.2926254,3.3154671,3.6092827,3.4988656,2.139486,3.6885848,3.5733664,7.4483137,5.158911,2.415852,3.593107,3.1121657,2.6997232,2.2343986,3.0560224,1.9997704,2.8717318,2.6427588,3.5218403,3.6636212,3.5113382,2.402166,4.7371655,3.9908094,4.036629,4.1961713,4.8553567,3.6275587,3.7146766,3.1186264,3.6629632,3.7065961,3.746932,4.5780854,4.955274,3.8589256,4.6372805,3.5305645,3.7103891,3.799268,2.4595835,4.6399155,4.115207,3.7761686,4.19474,3.1003218,3.5955765,4.5517654,3.170216,3.2984245,2.7644923,3.8831365,3.4997363,5.022324,5.182579,4.3484797,5.044944,4.0734506,3.7037382,4.111403,3.9703813,4.4084907,1.0389812,3.9112005,5.1573615,4.766112,3.687212,3.2716203,3.5645103,3.6080573,4.295598,5.205162,3.607623,3.4429295,3.8693988,3.6701057,3.74689,3.637785,3.6926508,3.660852,4.3385315,3.1306787,3.6834812,2.8942826,2.460654,3.369586,4.08248,1.6867667,3.4999328,2.670054,1.0813872,4.704282,3.8101475,3.9729426,4.926707,5.130485,4.783228,3.9290576,3.974312,4.2174497,4.17872,4.714232,4.763439,3.2014225,3.4332023,4.1869993,2.8393624,5.9912753,3.051643,2.9252782,2.9002497,4.349733,4.0137477,3.4913604,3.894089,3.8430252,3.0753653,3.8835378,4.2863245,2.6385007,1.9426658,4.1030545,4.8084393,4.830269,2.9217,3.621966,3.9052448,1.0835154,4.021391,4.58425,5.2674804,3.9293833,4.9316316,6.019843,3.3187845,5.0120397,5.5454836,3.6250439,5.1245923,3.6843128,4.3849716,3.1960294,3.9132876,4.840977,1.9258248,3.8044126,3.5228033,2.8837855,3.5532994,1.7574425,0.99391097,4.6179338,3.8026154,4.339067,3.6941912,3.6224222,5.089303,4.780477,2.7750902,4.3765473,4.47472,4.2269177,3.4628901,4.5792494,4.049563,1.5833179,3.6095464,4.588835,4.6562333,1.7159619,3.1677508,4.097769,3.9293962,2.8676877,6.4072027,1.944604,2.6825426,3.2838142,3.7642484,2.97452,3.737207,0.8138982,3.647993,3.6178427,4.771537,3.9578729,2.9270117,2.7417948
0.71872437,2.3266711,1.9487354,3.3757482,3.0368612,2.8701618,0.7519607,0.8203591,1.594408,1.3910416,0.7949177,0.69058406,2.1901407,0.72386986,3.9007487,1.2038646,2.4646003,2.5881858,3.258853,2.1836007,1.0085385,2.0849056,2.0997627,2.9358897,5.057812,0.50675106,4.7894454,2.2949667,0.6062713,2.563424,0.8325342,2.5858934,1.018914,2.6057055,0.9189492,1.9611449,2.0210197,0.96532124,4.166835,1.295056,0.31870806,2.001952,0.7867747,0.4800021,2.74445,3.1678088,2.2649407,1.0515493,0.84269524,1.7296813,0.75583076,2.3051229,1.5511836,1.7440472,0.4910514,3.3826332,0.87645787,1.4505025,3.5069177,3.2800598,0.6109594,1.8593019,1.629402,1.7485031,2.8171792,3.249516,2.571642,1.7653083,1.9044429,0.8390371,4.774376,1.8140963,0.8256526,1.4645938,2.9720612,0.9956455,0.52611077,1.5677392,0.9139017,0.9553304,2.750398,1.1506493,0.7849409,3.5566669,0.44652894,2.7713907,0.9872599,3.0309005,2.277808,0.74564534,1.979369,1.6799624,1.7938014,0.9943609,0.8248255,2.7804165,1.9445735,2.4402046,2.2741635,3.214049,1.2408164,1.2398751,2.1232746,1.1621602,0.3204499,0.42290884,0.8163712,0.9963317,3.1597598,2.1232746,1.2366339,9.892785,3.111516,0.9485563,1.198973,0.40262827,0.6517587,0.8219271,1.2269969,1.5568804,1.3802321,0.9814255,2.3393943,0.87221944,0.85596627,0.8764991,3.3067381,3.4339402,1.8578488,1.2657853,3.5148063,0.8404983,0.83032316,0.52569824,0.7415943,1.0859762,0.81255627,1.9408404,2.550465,1.6438878,3.0500548,0.79045355,2.6695924,0.87695473,0.7984867,2.7799058,1.4139752,0.8552046,1.8185829,0.56162447,0.77049696,3.410658,0.4801924,0.7057025,1.5922225,1.2586858,0.96594834,2.9755576,4.056559,2.5590768,3.62125,2.8194442,0.87534636,2.9471776,2.4882512,1.8824908,2.2323322,1.9143201,3.9640956,2.7407446,0.967263,2.0470347,0.6757749,0.7004764,1.3408135,3.3004918,0.8350915,1.3799354,2.4104426,0.7416701,0.8389742,1.896952,0.82527405,2.1113923,2.2235124,0.8201725,0.94796896,2.4167783,0.61676455,1.7338967,1.2560252,1.8173131,0.5997516,0.78601223,3.361307,2.5020268,0.85785246,2.6548605,3.5287693,3.9557314,2.2011368,1.0174809,2.6176312,1.7248993,2.1490588,3.7038674,3.028004,1.8087665,2.2008793,2.319138,0.7189863,3.474551,0.5315968,0.51220703,0.7562159,2.3751194,1.9037656,1.6510587,2.642376,0.87575006,0.95250607,0.99004865,1.304405,3.1591787,1.4996686,2.9462025,2.7781222,3.4327605,1.5025781,1.1042849,0.9151062,2.1601188,1.5627108,2.438196,3.374134,4.87298,2.8480422,3.4415333,2.9007292,2.4350417,4.488346,0.84997565,3.9284282,2.3742406,3.4771662,2.0906646,1.7682506,2.962941,2.0159812,1.444043,1.240999,0.45594397,1.9243733,2.4452338,2.318818,3.3297157,2.343796,3.1873662,0.77892375,1.9572927,3.0797815,3.7431076,0.49074706,2.5079858,1.9583883,1.3776537,0.7675928,3.0046284,3.6167767,1.7455765,0.84680045,2.822789,2.657292,2.7300873,1.7361499,2.9913619,2.6359804,0.9684159,4.049082,1.0962565,0.6717831,0.6707149,0.8347916,0.60503125,1.1839509,2.5975266,0.82477653,2.0670774,3.2443008,3.8435378,2.0527833,0.51868516
1.6104434,2.8480463,2.5838192,3.3334067,3.4160056,3.3403926,1.8115687,1.9028846,2.3306098,2.310227,1.8347969,1.7583562,2.513567,1.7683305,4.0000124,1.4260418,2.7724473,3.0566902,3.6214435,2.361129,2.1186628,2.8265176,2.0962594,2.9078681,5.0805607,1.1320086,4.157377,2.7930167,1.5395176,3.32204,1.9523876,3.2081192,1.8461351,2.6314352,1.6901858,2.6752567,2.8031468,1.9454643,4.830191,1.3192632,1.259893,1.3729448,1.8416529,1.5101422,2.7437968,3.7607436,2.9605267,2.1462553,0.8131551,2.4762468,1.8057172,2.1015553,1.5751244,2.3307402,0.9440496,3.6331165,1.9707946,2.3934853,3.9684527,3.6705515,0.9491408,1.561907,2.0858908,1.4039065,3.625128,3.2018113,2.6669567,2.0392525,2.778445,1.955505,4.695694,1.7078639,1.9212196,2.1552222,3.6643226,1.7949762,0.9536839,2.4526024,1.8086808,1.8369695,3.3668156,2.010045,1.7775971,3.7846494,1.0164965,2.318768,1.8542513,2.986702,2.6244729,1.3925946,2.2229233,1.8188686,1.924062,1.8429477,1.8727114,3.468185,2.6341462,2.7506928,1.728918,2.8868406,2.037673,1.5129057,2.7182224,1.8878242,1.4071147,1.376411,1.8826092,1.5853962,2.8056035,2.7182224,2.1224701,9.0114355,3.692726,1.108949,1.7423155,1.1796776,0.72873527,0.40936917,1.8148799,0.9340802,1.0713173,0.72927785,2.21965,1.7834618,1.6802183,0.45688564,3.6867146,3.260433,2.693113,2.206006,3.9263046,1.9021363,1.9352595,1.160721,1.7788544,1.88071,1.8887745,2.6567347,3.4238331,2.480348,3.502067,1.7077093,2.5428183,1.9845618,0.48045442,3.2068756,2.3796422,1.9609313,2.2974856,1.4447174,1.728988,3.353654,1.2097955,1.3321167,1.8861332,2.1897047,1.5619749,3.6505704,4.479585,3.1626859,4.0824757,2.9833212,1.7580478,2.9380147,2.5628674,2.710285,1.2512097,2.2221,4.07914,3.3429644,1.8367271,1.9391688,1.6342354,1.7353686,2.351961,3.8697715,1.7370167,2.1470633,2.7061381,1.7725048,1.9472038,2.5538962,1.9263215,2.108985,2.6850743,1.2027947,1.8314649,2.3241765,0.6816196,1.675986,2.0951788,0.9828782,1.5658259,0.72824323,2.5279431,3.164961,1.9778979,2.7217236,3.932344,4.3507752,2.8827448,1.9549387,2.6473076,2.4683795,2.4376168,3.8657103,3.4957895,1.557679,1.9344118,3.0722265,0.8266937,4.320988,1.1406056,1.0237379,0.9091088,2.717409,2.680582,1.7359343,2.802942,1.9954877,1.1488241,1.9053968,2.3247902,2.9395995,1.2421745,3.217262,3.302276,3.886486,1.908431,2.039812,1.9893051,1.3066105,2.0925083,2.789471,3.938076,4.266958,3.5629592,4.278384,2.4609003,3.3228214,4.50788,1.9085929,4.291529,2.148232,3.5882685,1.6934726,2.60033,3.5464299,1.7360318,1.9553812,1.6572851,1.1601721,1.9396566,2.060826,1.4819207,3.663679,2.9134843,3.265098,1.8164372,1.9575875,3.4900908,3.6880984,0.9118176,3.1361995,2.5564861,2.2351403,1.572809,3.351018,3.3540688,1.1908115,1.8765757,3.255751,2.952618,2.289458,1.9531125,3.1826332,2.661279,1.0564377,4.825951,0.39393416,0.73661566,1.3232387,1.949639,1.0040735,1.9576645,1.6323652,1.9113928,2.0217104,3.4121974,3.5188794,2.311845,0.8277856
4.3551383,3.9987595,5.1909156,5.315174,5.426601,5.1989474,4.4480963,4.639377,4.2272835,5.1557093,4.5203304,4.51433,5.4435368,4.5473056,5.6801014,4.3841352,5.17768,5.198162,5.2613173,5.1303525,4.729181,4.5381455,4.59574,5.436534,6.3025494,3.8874583,4.990283,5.6902943,4.3954945,5.9451027,4.52277,4.7826247,4.664993,5.130775,4.5353127,5.617674,4.5868807,4.4015718,7.6133676,3.879367,4.1118035,3.92421,4.5441165,4.2647123,5.2678,4.9801197,4.512309,4.725337,3.6626105,4.3507123,4.5245023,4.3604326,4.2708907,5.1643224,3.5595686,5.5940704,4.4788127,4.729626,5.6364503,5.7568245,3.84084,3.7190392,5.0925407,4.222125,6.5942664,5.600039,3.876364,3.2521267,4.768971,4.4857793,6.2876086,4.273255,4.408761,5.159019,6.0028534,4.604932,3.913825,4.4977517,4.6494436,4.680329,4.649974,4.187194,4.593656,5.7167788,3.9349184,1.7834306,4.6772423,5.199949,5.5354543,4.3555527,5.0460825,3.016231,3.0027084,4.6608157,4.526658,5.9516144,5.1030703,5.3355455,4.1323967,5.10834,4.0882373,3.335025,4.215244,4.6660495,4.1503415,4.230341,4.3466835,4.5512953,2.064802,4.215244,4.1601496,7.774092,5.969918,3.1412182,4.6945257,4.071013,3.720673,3.1136806,3.6823947,2.895761,3.9669569,3.7366476,4.3685575,4.622705,4.49948,3.4033225,5.8316216,5.322365,4.7305055,5.076983,5.561502,4.3763328,4.4201474,4.029265,4.543457,4.72278,4.5722375,5.6493077,5.6714587,4.5942006,5.622654,4.471926,5.0556273,4.538778,3.41681,5.845905,4.9951043,4.4989777,5.317558,3.8381934,4.527981,5.306926,4.0336547,4.2942796,3.238395,4.751064,4.5268,5.8634925,5.7091255,5.002319,5.88762,5.2352133,4.670939,5.389288,5.2113185,5.3279815,1.8573766,5.1206264,5.900404,5.6601973,4.6685615,4.569777,4.493398,4.497109,5.1363354,6.272571,4.5681186,4.0205383,4.963036,4.5605884,4.4566097,4.1020813,4.396955,4.6044044,5.2735734,4.2003636,4.657802,3.405353,3.2655334,4.4352403,4.957163,2.9491699,4.421781,3.7350996,0.5121245,5.7964454,4.547682,5.180623,5.7676063,5.7563562,5.884155,4.798543,5.2089214,5.1516147,5.3323483,5.4715242,5.8691607,4.3451595,4.6794667,4.7404838,3.7957265,7.022773,3.9102786,3.7467415,3.849338,5.578184,4.811276,4.510829,4.910929,4.592895,4.1697474,4.808176,5.1526203,3.2631621,2.5888886,4.9973536,5.902157,5.443906,3.4515712,4.3776274,4.745559,1.7400777,5.1106095,5.365814,6.354593,5.1693482,5.8970313,7.0611043,4.712199,5.8107815,6.303523,4.368515,5.876608,4.8362994,5.586491,4.397215,4.517501,5.868619,2.2487676,4.932499,4.6434927,3.641191,4.479466,1.9666662,1.5641989,5.402764,4.294205,5.3579545,4.5757227,4.6575437,6.3445168,5.4832687,3.5709248,5.082914,5.4962993,5.120278,4.4538,5.783504,5.4303126,2.13727,4.4148326,5.4608016,5.3797073,1.8068149,4.024959,5.1593447,5.197396,3.814079,7.4689183,2.8233542,3.5726364,4.2850494,4.5286455,3.8689919,4.758191,1.4806969,4.3563957,4.8374805,5.356015,5.307945,3.3048368,3.5800383
1.2848204,2.8253274,2.5250607,4.444116,3.1963997,3.0317357,1.542335,1.7039624,2.0298042,2.064783,1.5506052,1.5555601,1.7849418,1.5193795,4.3210826,1.5410746,3.2342298,2.2876115,3.218539,1.3773421,1.6102337,2.1213663,3.0465646,2.017138,3.7224355,2.2325623,4.3641253,1.1322433,1.4898221,0.82317686,1.7888914,2.170299,1.0182749,2.673219,1.1214827,1.8908527,2.216089,1.5155782,2.4362304,2.667746,1.8427771,2.8172584,1.5059332,1.5908662,1.9921696,3.0752397,2.5296764,1.5282906,2.4185119,2.0886765,1.5479549,3.3760428,2.7944863,2.7280378,2.446737,3.8645294,2.0166137,1.3350699,3.4969769,2.7393475,1.7455826,3.3296854,1.9234624,2.6149251,1.8429364,2.1332786,3.2322066,2.85893,1.8342077,1.8655491,5.3878665,2.941184,1.7969394,1.4542675,1.3164093,1.0226313,1.8790574,1.8403692,1.2185403,1.175162,2.9160602,1.7232314,1.4790486,4.0333753,2.114353,4.0017815,1.0812664,3.2869077,1.7691749,1.6319333,1.2617303,2.888796,2.9574952,1.0516601,1.5681878,0.92525655,0.72322315,2.858827,2.5190516,2.627564,1.9472839,2.1872468,2.461178,0.85633206,1.7553667,1.7127556,1.7547709,1.5198416,4.240731,2.461178,2.1666436,9.97488,3.1576667,2.4472857,1.2381556,1.7042611,2.0669615,2.5712988,2.2320178,3.057459,2.5517802,2.1779113,3.5024676,1.276097,1.1648899,2.4293778,1.8486714,2.4148252,1.779825,1.8815016,3.3675244,1.7002871,1.9458922,2.0782316,1.5167001,0.98143315,1.6507894,1.4234399,2.421822,1.5363123,2.1320035,1.2292162,1.9726423,1.8711066,2.4647355,1.2062725,1.0543503,1.9489421,1.759327,2.0240972,1.3235601,4.4369116,2.1616588,1.7691483,2.7630637,1.1398463,1.681743,2.468608,3.9200637,2.7323225,2.8805504,2.059843,1.4313928,2.3514428,2.1342237,1.5586171,3.8111842,1.3121494,4.539978,2.4042487,1.1197028,1.6913137,1.5195153,1.4481066,1.8523926,1.8617876,1.2772503,2.1640983,1.6470491,1.4974394,1.9633113,2.5898461,1.9308473,3.1407263,2.618806,1.6782075,1.1378571,3.561784,2.486199,2.667473,2.1105828,2.6834652,1.5777941,2.0482087,4.8623776,0.521612,1.8799793,2.265647,3.069573,3.7699914,1.5004127,1.9025016,2.314023,1.8048128,2.1407876,3.9018507,1.6258802,2.672325,2.6228194,2.311042,2.313407,1.7513206,2.2221196,2.368147,2.345723,1.5395027,1.3075227,2.62622,2.548393,1.855307,1.8558327,1.67199,1.7034291,3.3000143,2.91112,2.6072328,1.853296,3.4852705,2.5894518,1.6480187,1.6554602,3.737034,1.6432163,3.562174,1.8061433,4.377196,1.3495618,1.863446,2.646405,2.3001833,5.1064606,1.7105485,3.5542872,3.0537207,2.1251163,2.8252935,2.0830998,1.5522816,3.448471,1.2535146,1.4318614,2.2386255,3.0650578,3.7242491,3.8766608,3.227356,2.6142976,3.1991603,1.4792944,2.8491743,1.7367029,4.7357597,2.4281688,2.549047,2.1646492,2.0316455,1.3225745,1.3344032,2.7325013,3.3556857,1.5629009,2.873543,3.858366,3.969852,2.4406178,2.2856667,2.1009822,2.4030788,2.2084699,2.766176,2.454334,1.6929905,1.7252465,2.3050287,0.8420661,4.1451907,1.8740834,2.3100994,4.4763064,2.9728084,2.9774826,2.4109883
1.0295826,2.2150779,1.9611583,3.5232084,3.1393344,2.9061987,0.75561,0.7120156,1.5215397,1.2721934,0.81814057,0.7438344,2.573031,0.8090964,4.0632644,1.7508326,2.5738282,2.7551658,3.361974,2.6645184,0.7773325,1.9666052,2.409055,3.4661562,5.443927,0.8617156,5.409019,2.6139305,0.9253272,2.6918852,0.5327373,2.5768108,1.299944,3.0151575,1.2764927,2.0665338,1.8576629,0.91840804,4.2961655,1.6451583,0.7697965,2.586247,0.8092823,0.7460748,3.2602956,3.0615308,2.1085298,0.8570452,1.3401912,1.6323104,0.7941549,2.6427832,1.8815074,1.7274837,0.8194409,3.4805772,0.45725086,1.3758173,3.5203428,3.4760742,1.2430568,2.1746655,1.9202602,2.2803657,2.8502493,3.780456,2.7367163,1.7887034,1.7413687,0.4790785,4.969348,2.177097,0.5396136,1.700314,3.096513,1.3059154,1.1430112,1.3991305,1.1547545,1.1983254,2.6096423,1.0913683,0.9237741,3.657936,0.94305927,2.99627,1.2397095,3.3930056,2.646961,1.1962217,2.448195,1.7765058,1.8789035,1.2629528,0.80696386,2.9415128,2.1216557,2.6433244,2.9068794,3.809659,1.165376,1.4920003,2.053236,1.4858917,0.6167651,0.80610394,0.6035825,1.4105785,3.3417544,2.053236,0.9692505,10.4564705,3.1015801,1.2366751,1.6240606,0.9557252,1.282801,1.3158004,1.2434545,1.9924786,1.9067912,1.5952857,2.601082,1.1058301,1.1897063,1.4544127,3.607937,3.9853091,1.7579708,1.1944796,3.5855722,0.6576356,0.4210518,0.95171684,0.8260964,1.3795762,0.7317357,2.1028383,2.3674505,1.594225,3.2663667,1.0489941,3.2324326,0.5505134,1.34956,3.1245894,1.4005817,0.47420898,2.1246734,0.63653004,0.98976994,3.5742426,0.81546724,1.1544089,1.6245201,1.2888266,1.352628,2.9883227,4.0586615,2.513745,3.7520869,3.226603,1.1102794,3.4344008,2.9521484,1.9155933,2.6379504,2.3534985,4.089658,2.8158686,1.2223936,2.6277533,0.9135853,0.83006316,1.1728342,3.4948652,1.0945321,1.2258645,2.7735274,0.84429294,0.41994718,1.7248135,0.4309694,2.3967028,2.3603702,1.3765745,1.1943214,2.5863326,1.0460763,2.149803,1.2292982,2.4214878,0.8640618,1.4222322,3.653986,2.7127187,0.49486393,3.100538,3.669554,4.005282,2.3715053,0.9934659,3.0811915,1.8105015,2.5032291,3.8735964,3.3007762,2.3061192,2.7349465,2.169076,1.2308477,3.4877632,0.89186573,0.86291325,1.2367576,2.7658577,1.9271735,2.007156,2.9708385,0.5398554,1.5162199,1.0827063,1.1712738,3.4897664,1.7888128,3.189913,3.0065348,3.4353552,1.5200169,1.038287,0.804171,2.5170121,1.8656061,2.4252727,3.5802104,5.491606,2.9514115,3.4497888,3.5230181,2.2804925,4.6417737,0.6601209,4.0463066,2.8202326,3.9133701,2.620768,1.5893809,3.153966,2.192309,1.8363932,1.7002158,0.7091037,2.2025962,2.6555288,2.662298,3.4672155,2.2697515,3.5044742,0.8514076,2.3114016,3.411438,3.8879452,0.858222,2.4842615,2.1048293,1.3450156,1.1375469,3.3755758,4.199807,2.0321045,0.81172115,2.9416075,2.6269891,2.9500198,2.0055428,3.3438559,3.1261961,1.4076865,4.099432,1.5621728,1.1476177,1.1399055,0.5825192,1.0316204,1.4704555,2.9791574,0.49356523,2.5613744,3.2190392,4.4302945,2.0681393,0.9552229
1.7490145,3.6621513,1.8982759,3.1669931,2.5979435,2.8083415,2.0079033,1.999101,2.7756486,1.9630315,1.8996742,1.9076995,0.42948714,1.8350376,3.32044,1.2329043,2.1959739,2.1249924,3.0531456,1.2517782,2.2503433,3.1849332,1.8128403,1.2198248,4.5507708,1.9991014,3.9826632,1.3194437,1.6786153,1.9269285,2.3246949,3.342317,1.5376273,1.2052761,1.4877028,1.331071,3.0784159,2.3814936,3.1668568,1.9119595,1.8449118,2.042444,1.9075258,1.8663805,0.94618845,3.9392421,3.3364377,2.2422438,1.9011285,2.823068,1.8812147,2.1261349,1.8063337,2.2878075,2.3361304,2.9255419,2.4029534,2.4306703,3.353838,2.394852,1.7323481,2.3977182,1.5470552,1.7161993,1.9939554,1.7609198,3.078199,3.2602196,2.937301,2.385998,4.0573955,1.8027164,2.415474,1.2605547,2.4580915,1.5537461,1.6857551,2.799182,1.5284333,1.5045578,3.7268596,2.6178277,1.7021557,3.0523956,1.9620444,4.136475,1.539344,1.9042177,0.4245817,1.3997083,1.1705172,3.202734,3.299114,1.5416929,1.955826,2.1792333,2.2482905,1.6712769,1.8076513,2.1082861,2.6423824,2.6912541,3.2189734,1.5426543,1.9849417,1.7709588,2.4301927,1.1568505,4.461653,3.2189734,2.8115425,9.540708,2.6311378,2.6148539,1.02983,1.7512047,1.7731785,2.406807,2.746796,2.5188684,1.7034942,1.7864109,2.3536134,1.5526884,1.5512962,2.0106988,2.3290699,2.4232967,2.725964,1.8653631,3.2648988,2.4054327,2.4423301,1.7967018,1.8183101,1.4408373,1.9909644,1.4800189,2.755353,2.6451728,2.2672358,1.7404021,1.5218664,2.301684,2.0925865,1.3188444,2.1804488,2.3549104,0.9629838,2.353457,1.6847626,3.1424994,1.9489466,1.4667916,3.1523879,2.2218075,1.2381881,2.5573554,4.109875,2.8758352,3.088027,1.5308782,1.5327369,1.1046675,0.62011343,1.7078933,3.4621527,1.100427,3.4049954,2.1707323,1.5184603,1.3321407,1.6756308,1.8451563,1.9811772,2.1906803,1.5589988,2.9155576,1.5939848,1.7975056,2.417436,3.2351038,2.4548345,1.9304765,1.6922829,1.4137678,1.54544,3.1803463,2.431325,1.4676521,1.8440801,2.487407,1.7122612,1.7043904,4.7280397,1.8546152,2.3456993,1.0400138,2.9321506,3.7839406,1.4343508,1.8293236,0.84796256,1.5163889,0.70783705,3.1870308,1.8900787,1.4768125,1.2942028,3.29288,1.9814436,2.7916844,1.9636925,2.1451435,1.8828604,0.4471838,2.6551547,1.5088576,1.8348392,2.3010402,1.3716938,1.6493317,1.9618965,3.9316716,3.0254824,2.5066812,1.4334135,3.4357343,2.9970386,2.3106859,1.9773533,3.5786786,1.3349379,2.7032495,2.2326689,4.0017457,2.3961847,2.8647046,1.8584536,2.4057963,3.8004353,2.4197514,3.4581277,1.6769594,2.3726168,1.7298303,2.9076803,2.1650007,3.5844622,0.92699456,1.1956671,2.3155582,1.9438968,3.8952453,3.7135334,2.9145112,3.3844237,2.101023,1.8207726,1.5823137,1.3344462,3.4571466,2.2842164,2.712898,1.3366605,1.8008182,1.5919309,1.7730387,2.2462838,3.342734,2.1130621,2.252134,2.9550505,4.1115675,2.0693648,2.0962014,0.82765937,1.7947202,3.3204322,2.605783,2.1062658,1.4760534,2.303486,1.949525,1.4967016,3.8523946,2.4702294,0.81723446,3.4769373,2.7468877,3.4685469,2.1996527
2.7510014,2.8266213,2.289659,3.8942924,1.2603076,0.97075856,2.6607263,2.8583612,2.294433,3.0853662,2.5886962,2.8440068,2.8769624,2.7997909,2.4445748,3.190827,2.6723967,0.58324724,0.7840467,3.4436762,2.911523,2.5447388,2.992929,3.1825583,4.686713,2.9830446,4.9488654,3.3346093,2.8700056,2.3042762,2.9841142,2.489832,2.753368,2.3965201,2.7860763,2.743472,2.2417064,3.025544,4.3816447,2.8573058,3.0004086,4.1688952,2.6647325,2.8177998,2.7067788,2.2893136,2.2669854,2.8157415,3.1196191,2.1739721,2.6657562,3.2000983,3.2227669,3.9139907,3.2491233,2.255457,2.9062448,2.5860586,1.0292264,0.60763556,3.0705845,3.33105,3.6939378,3.8962684,3.316359,3.568627,1.8828677,2.8329663,2.4904716,2.9827704,3.9213734,3.1488822,2.9941087,3.0958004,2.0945027,2.7841868,3.0614185,2.554019,2.6745863,2.6695616,2.3246157,2.867251,2.7220936,2.402642,3.3331733,3.9832842,2.7023876,2.4558895,2.775977,2.8819056,3.337812,2.9562085,2.9809663,2.7204795,2.5750024,2.3834782,3.1260037,2.467377,3.9118605,4.186767,2.5265932,2.8987806,2.2852159,2.803259,2.9551032,2.927926,3.0272043,2.7628336,4.0051003,2.2852159,2.712337,9.714225,1.6127003,3.0103388,2.8021185,3.0323706,3.171276,3.440789,2.6308565,3.2203975,3.5617273,3.4771712,3.1530852,2.6768775,2.7340088,3.27517,1.8967552,4.013675,2.1282032,3.0535398,0.7994838,3.0093398,2.976928,2.9707341,2.7212715,2.7251167,2.6916096,3.3169208,1.560033,2.5017152,0.8167393,2.786443,3.6734407,2.8354795,3.351208,2.4028125,2.9857988,2.901587,3.1548913,2.8214395,2.722567,3.7979238,3.0761986,2.9137177,2.868604,3.0317433,2.7869053,0.72485465,1.5853071,1.1456895,0.7313516,1.6289474,2.8797097,2.5025122,2.4832036,1.6951823,4.3453574,3.351163,2.9984183,0.8599787,2.6838846,3.4079587,2.8472095,2.8043768,2.823953,1.5893881,2.6712284,2.735612,1.4561576,2.7731674,2.9706335,2.4738116,2.981284,3.150377,2.169304,3.090709,2.6897464,2.5555263,3.359559,3.1803198,3.056211,3.796483,2.8783371,3.2062342,5.218701,2.7026289,2.9831173,2.097069,0.47148246,1.2362689,3.3068576,2.9380996,2.4251487,1.8776858,2.820603,1.6844231,1.624171,3.5013092,3.6471047,2.3083155,3.4963741,3.2413638,2.967714,3.1433449,3.3084137,2.7036884,2.6402125,3.0906715,1.2760023,2.9611804,3.1640298,2.9256675,2.9979126,3.7752583,3.2935493,0.7753213,1.5345889,1.1052018,2.674641,2.3965278,2.8702543,4.3344235,3.4318128,4.0583916,1.824047,4.9940386,1.8537289,3.8033304,3.968488,1.8009709,3.764628,2.9985018,0.9540308,3.8705602,2.6622612,4.0020027,2.2982743,1.5198866,3.5882108,2.9336581,3.1850379,2.9511726,3.2004268,3.8118138,4.3653812,0.75330937,2.2824807,1.8268344,2.7106566,3.2207372,3.189913,3.8476098,3.2336245,1.0054841,2.915302,3.0418055,2.9615848,2.52932,3.8814769,3.8456514,2.57281,1.2188268,4.1417427,3.9630291,1.7873894,1.2766838,2.4391136,2.9044728,3.9129221,3.569673,3.2829711,2.9286811,2.9901118,3.1834204,2.7353308,4.6948695,2.9902835,3.111654,3.9230835,4.1615868,2.8555272,3.256359
3.6680725,2.8942163,3.2433705,4.550737,1.9115177,1.4228274,3.522185,3.7667794,2.7727284,4.089805,3.483806,3.755799,4.1025205,3.7301598,2.7397244,4.2162476,3.5025122,1.7260852,0.87988025,4.576071,3.7780046,2.9297686,3.8610415,4.306723,5.162307,3.7708898,5.490278,4.547156,3.813637,3.4477746,3.8015351,2.8063958,3.7646163,3.4360085,3.7851825,3.9238148,2.62012,3.8168986,5.5736113,3.6164427,3.871328,5.0819488,3.5684261,3.6959743,3.8260093,2.0880253,2.4581966,3.6754818,3.904707,2.6282394,3.5715036,3.9631326,4.0966234,4.913759,3.9423535,2.771243,3.6774333,3.3638947,0.9586334,1.709895,3.9319398,3.9760373,4.8097057,4.869107,4.560304,4.6525006,1.8374245,3.0048175,3.0468981,3.7748666,4.2911525,4.0002947,3.7686183,4.2328863,3.0690997,3.783822,3.9382994,3.13278,3.6801567,3.6848547,2.2562854,3.5198925,3.6833868,2.890832,4.186456,3.9404826,3.7130713,3.3131976,4.016939,3.8633153,4.4678774,3.1637526,3.1433613,3.728841,3.4558673,3.44628,4.069204,3.468021,4.8475547,5.1987343,3.0870612,3.381988,2.4883785,3.8152196,3.7989874,3.8279452,3.793088,3.8044116,3.7976542,2.4883785,3.2481651,9.580376,2.427077,3.5149283,3.88677,3.9223437,4.011185,4.090097,3.0876205,3.73001,4.4693217,4.349639,3.845015,3.6729255,3.7134547,4.026011,2.8305235,4.9647717,2.7184355,4.0696793,0.7087246,3.7855887,3.7391193,3.8272295,3.6490526,3.761423,3.578364,4.5076923,2.3116627,3.1572716,1.9161199,3.727679,4.747737,3.6416256,4.0981317,3.6203074,3.9260545,3.6917176,4.3387575,3.4930177,3.6793313,4.437521,3.9112027,3.8737614,3.1117883,3.9254096,3.8107932,1.789535,0.38965166,1.5256027,1.2229182,2.6911292,3.8942413,3.603517,3.6318088,2.8093107,4.732357,4.503289,3.4316132,2.0223024,3.6958096,4.4395003,3.8046224,3.7261379,3.810641,2.7426593,3.656694,3.206191,2.5000968,3.7122686,3.7445612,2.7064948,3.737113,4.008753,3.1754887,4.059427,3.6951365,2.6069071,4.009453,4.1323767,4.0492697,4.455335,3.818484,4.064099,5.3222604,3.827396,3.7960973,3.1964767,1.115261,0.27202505,4.5359454,3.9086773,3.5407681,2.9702687,3.9994872,1.8400947,2.7736905,4.4709625,4.692954,2.6044614,4.342083,4.355311,3.765209,3.8944387,4.152174,3.95461,3.3497505,4.0437956,2.192317,3.7916923,4.134405,3.9384599,4.007643,3.890213,3.6320024,1.4298283,2.8413208,0.8039164,2.974043,3.1257687,3.8030612,4.6795864,4.5645213,4.966152,2.9507072,5.5596695,2.8396697,4.9507084,4.949976,2.7554338,4.2400575,3.7675729,0.72679555,4.892604,3.5139613,4.992859,2.7736144,2.604335,3.7285447,4.06791,4.255743,3.61814,4.052579,3.84939,4.653479,1.1155238,2.381991,2.643272,3.6433117,4.1787753,4.4740243,4.3886943,3.9395602,1.5767778,4.064538,4.0706296,3.9387043,3.627916,4.846922,4.172165,3.3915708,2.1215599,4.9825597,3.9282954,2.417345,2.1544213,3.560654,3.7037847,4.99064,4.151578,4.0370107,3.8892705,3.8165138,4.0025005,3.7685602,5.0190015,3.7378047,4.200897,4.4996257,5.021962,2.9199953,3.988459
1.373631,3.5659924,2.091168,3.7128067,3.4047377,3.4384954,1.5444282,1.3467929,2.6596916,1.18902,1.4775354,1.3144879,1.2936224,1.2692516,4.3155675,1.2204992,2.7058227,2.8914645,3.8365524,1.418783,1.4862816,2.9598207,2.4615867,2.327191,5.0101805,1.8587672,5.01666,0.9547973,1.2230765,1.8544582,1.6148283,3.2845407,1.0754129,2.5206552,1.1171297,1.1055411,2.9253619,1.7315912,2.6737225,2.2834294,1.4902289,2.3024235,1.4132842,1.4520842,2.3160667,4.038841,3.2657495,1.5394124,2.033895,2.73511,1.4089705,2.8442516,2.096693,1.4692155,2.128613,3.7302682,1.7972453,1.9588841,4.022193,3.3591218,1.6489496,2.8476677,0.69055974,1.8903619,1.2771254,2.6074271,3.7391171,3.315027,2.5896485,1.7004148,5.046388,2.338302,1.7482153,0.42836145,2.5932908,1.1179733,1.5860828,2.4365304,1.0940708,1.0685247,3.7472768,2.1766083,1.2075263,3.877533,1.6070802,4.4201746,1.0794348,3.146401,1.3694859,1.2109945,1.2325709,3.2913227,3.3946245,1.0893797,1.527115,2.20235,1.7155071,2.3860142,2.3878267,2.8111475,2.4161096,2.6828194,3.226251,1.1459363,1.538782,1.3843195,1.7734594,1.0986174,4.7810597,3.226251,2.4480891,10.655217,3.1706593,2.6214302,0.9551153,1.4418396,1.7791479,2.387358,2.651007,2.9643052,1.9120859,1.7953789,2.9827065,1.1208109,1.1880593,2.1553097,3.0745852,3.058368,2.5527778,1.0409852,4.017372,1.7457403,1.7963647,1.6485004,1.3132948,1.016558,1.4686145,0.23662238,2.7695298,2.3274653,3.079095,1.2679307,2.1589222,1.6928736,2.133993,2.0005596,1.3564411,1.7326947,0.76678044,2.0816567,1.2218136,3.758941,1.679613,1.300177,3.1680005,1.4745482,1.1694602,3.0405862,4.7301493,3.253951,3.8376443,2.7709482,0.95465046,2.5997038,2.1227384,1.8054168,3.71298,1.0072167,4.2704134,2.790767,1.0801853,1.829712,1.1746008,1.2942921,1.2639586,2.8173342,1.1642135,2.621305,2.5369189,1.2515738,1.7665644,3.1302528,1.8123436,2.478597,2.2537997,1.2952474,1.0940921,3.769645,2.2949166,1.99878,1.2407864,2.826924,1.2306229,1.7709515,4.9528418,1.7173444,1.6409967,2.4946349,3.7972665,4.5177846,0.52761364,1.2124077,2.3413465,1.7314788,1.5292215,4.2014084,2.6514747,1.9839094,1.9963307,3.1497138,1.7600896,2.330343,1.839081,1.9739827,1.7942883,1.4522506,2.3229966,1.9243816,2.9768467,1.5909688,1.3857301,0.9907863,1.0361538,4.267905,3.1637406,3.4236166,2.2780623,4.0607386,3.0106616,2.0271626,1.2642068,3.7258294,0.49052358,2.4136,2.8162773,5.036266,2.5594764,2.0836675,2.7014077,2.369919,4.6766386,1.7702831,4.319485,2.1991158,3.2726233,2.0919826,2.6933923,2.6820047,3.7225764,0.7689055,0.9083709,2.1365705,2.3724353,4.1098466,3.9050536,3.7932775,3.4256713,3.348312,1.3000159,2.1117058,1.7665122,4.1330814,2.1006343,3.1019344,1.2536051,1.1226163,1.0974302,2.4264808,3.228628,3.4286675,1.7080561,3.0456762,2.7686632,4.3830733,2.7167652,3.182375,2.3205326,2.041398,2.8410408,2.6574423,2.051751,1.2675788,1.5814693,1.8072301,1.0708158,4.084997,1.8328003,1.7940406,3.7094443,3.6188347,3.5480762,2.0504436
0.8775629,2.5813117,1.5359823,3.1229482,2.8668797,2.7539449,0.6839575,0.4426525,1.7558348,0.8148225,0.6294973,0.51838285,2.049959,0.534953,3.7483819,1.3962708,2.1408427,2.5339587,3.2344344,2.3232563,0.79323184,2.251102,1.9457136,3.0710065,5.423321,0.6010458,5.2267466,2.2411237,0.6117468,2.4719431,0.6491854,2.7964513,1.0487566,2.5360844,1.0069172,1.5416589,2.0993345,1.1092957,4.0212207,1.3136148,0.4655218,2.2863789,0.6297715,0.562562,2.850701,3.2916782,2.3725219,0.8925068,1.0656788,1.8459517,0.5737306,2.232646,1.4307727,1.3001384,0.81977373,3.1471927,0.5908466,1.5067288,3.397758,3.2053525,1.0641755,1.8913842,1.4707075,1.8902708,2.4510393,3.438807,2.744133,2.106263,1.976557,0.6565034,4.58354,1.7376919,0.78067195,1.2230597,2.9704745,1.0737307,0.8658331,1.6655825,0.8362094,0.8806175,2.8745387,1.3868455,0.57486695,3.3173335,0.68846065,3.2708337,0.9679635,2.9482188,2.1284332,0.7582438,2.1024275,2.075502,2.187452,1.0048612,0.66115737,2.775002,2.0946705,2.147464,2.609706,3.4945655,1.4343479,1.7353475,2.3149676,1.2772979,0.48356432,0.47385758,0.8653514,0.94052505,3.6354806,2.3149676,1.3245771,10.4035225,2.7866213,1.4412674,1.2086468,0.71081334,1.0446566,1.3324943,1.5333766,1.9108353,1.5240505,1.3452948,2.2264316,0.7795306,0.93901366,1.276428,3.411259,3.7467353,1.9156429,0.733054,3.4631133,0.8922015,0.66770685,0.574088,0.5522932,1.0933204,0.54197645,1.6809354,2.267182,1.7859339,3.058748,0.87534535,2.898347,0.60393333,1.190635,2.781176,1.3810765,0.5738015,1.5910556,0.8539723,0.731008,3.1735158,0.4585107,0.697595,1.9469866,1.3294083,0.8464091,2.7896247,4.0622764,2.4745727,3.6210034,2.9072165,0.6914081,2.99978,2.4782605,1.6243377,2.7170117,1.9711688,3.7285683,2.5380611,0.93206733,2.322617,0.5428107,0.623445,0.80501544,3.2310665,0.78495884,1.5881939,2.5313141,0.5527409,0.61597157,2.038773,0.70204633,1.9351476,1.900067,1.0156614,0.9106407,2.5906444,1.1223189,1.6593084,0.70184296,2.3722582,0.49932513,1.1698985,3.8732634,2.4987214,0.589399,2.6738782,3.48262,3.9346242,1.9300622,0.47571522,2.6151662,1.419636,1.9491884,3.6274877,3.0353794,1.8432486,2.2615232,2.4188025,0.9780215,3.2771559,0.6057408,0.6928173,0.91108793,2.2911916,2.0709515,1.5025897,2.665175,0.5681722,1.1241847,0.5824867,0.82591623,3.7000122,2.0128944,3.0340664,2.6192973,3.3600953,1.8152993,1.1635484,0.5242603,2.6802185,1.4074229,1.9992822,3.3203921,5.2992125,2.8253527,3.2317855,3.1881506,2.0482767,4.2396507,0.90538126,3.905965,2.319579,3.7025776,2.2009914,1.8304747,2.9555297,2.4820843,1.3931981,1.3031399,0.81470776,1.7505425,2.94326,2.8342164,3.2835615,2.5309324,3.118825,0.5942109,1.8034792,2.969563,3.510418,0.8186316,2.4148242,1.5442345,0.8335853,0.8571081,3.1080832,3.8841205,2.2573037,0.836793,2.6257644,2.2342236,3.2282138,1.8421654,3.1157408,2.6934593,1.0802019,3.9151819,1.6237969,0.9652586,0.71561277,0.69072616,0.7222785,1.2302496,3.098479,0.79032177,2.052087,2.902742,4.183822,2.3959258,0.8492534
1.9481539,3.9152596,2.176874,3.2509234,2.8896177,3.12466,2.2464006,2.226014,3.0463717,2.1725523,2.147419,2.1229775,0.50915396,2.0540087,3.5257027,1.2597164,2.3989463,2.441304,3.351458,1.1410106,2.482024,3.4501498,1.9182451,1.0441375,4.562289,2.168574,3.8284059,1.3316668,1.8667576,2.168614,2.5472386,3.5968313,1.7351731,1.3185586,1.6708572,1.5614642,3.3688893,2.5829031,3.198975,2.0613253,2.0122335,1.8771782,2.1466916,2.0689433,0.88183945,4.2345753,3.6272335,2.4819703,2.011167,3.1060407,2.1194901,2.1976826,1.8950845,2.3709958,2.481213,3.1606615,2.6406255,2.6820354,3.6681345,2.6791074,1.8400093,2.4887304,1.5445564,1.5922713,2.1459262,1.5884874,3.3261971,3.4817796,3.210663,2.6117308,4.1637774,1.8800719,2.6356153,1.3998973,2.703446,1.7413054,1.8041693,3.0635595,1.7491637,1.725325,4.0200877,2.8382654,1.9280032,3.277052,2.0702784,4.2585206,1.7510109,2.0184953,0.5566848,1.5608983,1.1048836,3.4032981,3.5011702,1.7472901,2.2072906,2.39453,2.394867,1.8740345,1.6035831,1.8494389,2.8941586,2.8694854,3.492955,1.7168698,2.1719675,1.9503266,2.642333,1.3379201,4.6044493,3.492955,3.0664608,9.426964,2.939519,2.7827,1.1895511,1.8957742,1.8623369,2.4965208,2.979278,2.6139998,1.680789,1.7988646,2.4637465,1.7746068,1.748146,2.085485,2.5190918,2.2668142,3.0153303,2.0716758,3.5695658,2.6180356,2.6702554,1.9581583,2.047306,1.6406261,2.2345052,1.5866503,3.1004844,2.899253,2.5478904,1.9401457,1.304081,2.5429235,2.171078,1.4622153,2.384712,2.5908105,1.0394405,2.5651174,1.9006958,3.2301912,2.109591,1.6244833,3.368117,2.4137948,1.4200058,2.8948507,4.4159493,3.2040439,3.3777943,1.7196858,1.7255186,1.1074048,0.69182307,2.0477178,3.4762223,1.0457158,3.5848677,2.5041115,1.7338345,1.2001114,1.8752143,2.0588474,2.2291481,2.4437425,1.7783389,3.1607165,1.8372922,2.0187447,2.6468885,3.509802,2.6814308,2.0248654,1.9559181,1.5067346,1.761151,3.389376,2.5507388,1.5097154,2.0425773,2.4539082,1.9058192,1.7713072,4.754051,2.0263844,2.572507,1.1788584,3.2244549,4.0844493,1.5323306,2.042619,0.91498643,1.8461391,0.82345515,3.431436,2.123352,1.4125689,1.0923873,3.5812676,2.045038,2.9752166,2.1332827,2.296132,1.9734795,0.5641598,2.886941,1.5967671,2.0800974,2.5297506,1.4330379,1.8526096,2.1838791,4.031599,3.164657,2.7748716,1.7277945,3.7503974,3.227464,2.5758054,2.205119,3.6153908,1.3745968,2.7886646,2.464282,3.8417423,2.6660361,2.9915383,1.5957713,2.7432969,3.9218655,2.6341612,3.744427,1.5378392,2.4368777,1.5540758,3.1939106,2.4301982,3.729953,1.0514503,1.2514184,2.5019572,2.040579,4.025678,3.7558908,3.2042959,3.6616542,2.289041,2.0520463,1.6328568,1.3241065,3.5602188,2.4261978,3.0449536,1.5219377,2.0041242,1.7520292,1.8772324,2.0507665,3.4376838,2.3618472,2.5528967,3.048409,4.2354126,2.3233483,2.3127975,0.86369884,1.9357358,3.443855,2.6807039,2.214606,1.6300244,2.52279,2.07799,1.6901743,3.8554926,2.6929667,0.72318566,3.6211863,2.5777981,3.6941044,2.3279784
1.0941741,2.546082,1.1599753,3.2578146,2.0134678,1.9107724,0.984597,1.037242,1.594063,1.2306235,0.85407305,1.0474766,1.5799781,0.98573023,3.1382709,1.6208209,1.9458946,1.4405845,2.321999,2.125108,1.1843936,2.0195208,2.0204933,2.5048337,4.821812,1.4618229,4.9200935,1.8819559,1.0945399,1.4863541,1.2896829,2.3439915,1.0226781,1.9483054,1.0768582,1.1133553,1.7912047,1.4850023,3.410601,1.7062284,1.3102484,2.8095376,0.9077314,1.117854,2.1765301,2.767858,2.073228,1.1392397,1.7438345,1.5891162,0.8987885,2.3819654,1.8939286,2.0922234,1.8037342,2.5789514,1.2802266,1.325534,2.489787,2.0416465,1.5713208,2.3668396,1.8779564,2.4184709,1.9031152,2.915209,2.3745804,2.3331156,1.7060971,1.3219122,4.2206707,2.0224824,1.3807247,1.2570444,1.9302572,1.0852588,1.4938177,1.5807345,0.86262596,0.8597429,2.4999824,1.6203966,0.8825597,2.756626,1.6705735,3.6690655,0.93420476,2.3908072,1.5557598,1.1593409,1.9364166,2.3869991,2.473633,0.9747879,0.86593264,1.8251164,1.8519154,1.7088739,2.786656,3.3169131,1.5160619,2.0110445,2.0667706,1.1839541,1.2744079,1.19821,1.4418901,1.0419127,3.914184,2.0667706,1.5998478,10.232832,1.9006813,1.9798776,1.126228,1.3727776,1.6925163,2.1481855,1.7497886,2.3854833,2.1162622,1.989435,2.395921,0.8587148,1.0230137,1.9535279,2.3218448,3.379295,1.4711943,1.153718,2.498175,1.4216397,1.3592484,1.3677405,0.9188428,0.9891784,0.9319414,1.551307,1.3826076,1.549375,1.8621213,1.0757602,2.6628954,1.1730797,1.9727526,1.8182878,1.3686872,1.2474025,1.4892619,1.4509879,0.9424501,3.2483163,1.4437935,1.2088767,2.2422218,1.4494888,1.0599711,1.6115793,3.1987863,1.7087315,2.4732883,1.9080037,1.011443,2.238016,1.820402,0.38185897,3.4504638,1.8479624,3.2822053,1.3779861,0.90203243,2.233762,1.0263946,1.0258332,0.97441083,1.9779121,0.8796998,1.7813735,1.5367838,0.95319647,1.3307415,2.0050466,1.3771907,2.110979,1.3500699,1.4553891,0.90555316,2.5839736,2.0079641,1.9042976,1.226075,2.7921987,1.0786885,1.7482455,4.581284,1.7247275,1.2836328,1.867032,2.3709748,2.9936419,1.6444184,1.0727164,1.9350259,0.42786983,1.5637176,2.8419309,1.8535651,2.1748402,2.393863,2.0431721,1.8988128,2.44641,1.4426827,1.647605,1.7577314,1.6078933,1.7381289,1.760601,1.7739497,1.2384132,1.5737627,1.0201793,1.0975131,3.6559582,2.5144305,2.0564759,1.3936402,2.5110447,2.0285532,1.1184834,1.01924,3.4345908,1.6317053,2.5803366,2.0992517,4.966563,1.7416162,2.6621833,3.0842257,1.1355159,3.8971481,1.4244901,2.8569393,2.5810118,2.832754,2.6179657,1.6082683,1.7670109,2.9959404,1.2600466,1.4982033,1.5834645,2.0505939,3.3804126,3.5513062,2.3201404,2.2338169,2.3098242,0.90479124,1.9944572,2.2374382,3.5056505,1.7847284,1.5529042,1.3346492,1.188754,1.2056473,2.1925328,3.4242568,2.9656773,1.0118116,1.6961229,2.7918453,3.6333642,1.4638351,2.092169,1.9752419,1.5895468,3.1728485,2.3921041,1.8402673,1.2170464,1.2917365,1.6270043,1.0655513,3.8457432,1.4133685,1.9264704,3.1761248,3.7774706,2.5284865,1.7932132
1.752003,3.911795,1.7816287,3.038695,2.9669385,3.1853218,1.9393526,1.7668926,2.9777884,1.4686604,1.8177745,1.7406605,0.4918423,1.672435,3.6693714,1.2446356,2.136603,2.63612,3.5636837,1.4337991,2.0556426,3.395224,1.803135,1.8699262,5.1650133,1.9047083,4.673091,1.2206721,1.555693,2.1528864,2.1324825,3.6785278,1.5076845,1.7016425,1.4763284,0.8740834,3.2763517,2.319708,3.0653443,1.9540639,1.7135491,2.0352557,1.8029187,1.7867335,1.7505699,4.2977576,3.5749488,2.098249,1.8924209,3.0343509,1.769009,2.185512,1.6444402,1.589073,2.2510078,3.1459363,2.213131,2.493763,3.7728662,2.9769034,1.7923228,2.4169598,0.9260189,1.5540315,1.5688641,2.3250232,3.5420485,3.4994926,3.0731838,2.1998782,4.251226,1.7677071,2.2722373,0.78023195,2.8438919,1.544102,1.6618654,2.9005704,1.4495308,1.4310335,4.0244875,2.675582,1.5504477,3.2677906,1.7765795,4.468947,1.4906762,2.335476,0.6101024,1.2909609,1.2985764,3.4448986,3.5534892,1.507395,1.8789213,2.504448,2.34849,1.6976461,2.0885346,2.529426,2.771354,2.9323535,3.5026047,1.5876131,1.8724091,1.6403285,2.3124156,1.0754732,4.8400087,3.5026047,2.840461,10.246872,2.79709,2.7694497,1.0218538,1.6771806,1.7847847,2.4438963,2.9183645,2.7342598,1.5949656,1.7684324,2.3840353,1.4636549,1.5442163,2.066178,2.9995544,2.9532237,2.9247665,1.4008758,3.763695,2.2942154,2.269625,1.6810093,1.6823858,1.4172027,1.8445067,0.9440519,2.8651102,2.803639,2.8909817,1.7000133,1.93251,2.1259987,2.0906222,1.8610504,2.072336,2.1640658,0.24492498,2.3675575,1.6030087,3.0635285,1.776766,1.3372171,3.3646605,2.1523914,1.0988828,2.9088905,4.606722,3.1984723,3.67663,2.3364785,1.3087986,1.9033631,1.3652052,1.8335786,3.620194,1.075759,3.5839255,2.525113,1.4652728,1.6939315,1.5087396,1.720074,1.619073,2.7114494,1.4945189,3.0200636,2.308402,1.6414342,2.2274778,3.4188712,2.2934947,1.8443307,1.7245318,1.3571918,1.4866853,3.5224168,2.4239364,1.3848664,1.380159,2.7811868,1.5496689,1.7435573,4.941826,2.0843256,2.130666,1.8142562,3.5008855,4.3036,0.9078607,1.4670134,1.5709587,1.5796915,0.6326431,3.6725535,2.510002,1.3979905,1.3148831,3.525917,1.8121071,2.7789583,1.8695326,2.0369523,1.7374854,0.9100246,2.8485842,1.3591553,2.478983,2.0763195,1.3083318,1.3050208,1.5570648,4.44253,3.2549677,3.1570973,1.911487,3.8601847,3.208886,2.389272,1.7195504,3.7336206,0.78602576,2.117932,2.7481234,4.691962,2.7797909,2.6745887,2.3006508,2.3992295,3.9073164,2.314522,4.033876,1.4701543,3.12276,1.6039952,3.059891,2.690248,3.8157988,0.80259967,1.0464627,2.3122182,1.8104876,4.1920776,3.8958294,3.4444683,3.6917737,2.652491,1.6876129,1.4365976,1.5031983,3.4337356,2.2032406,3.0474143,0.80262476,1.3017901,1.4867475,2.3767893,2.873821,3.4997857,2.0971742,2.604102,2.4314675,4.437805,2.4666185,2.8601263,1.6566167,1.8211542,3.3263555,2.694858,2.0371485,1.3609381,2.1195972,1.8084893,1.5140147,4.0190635,2.3356812,0.9934249,3.2352076,3.3737717,3.7484157,2.118649
3.299457,3.4128377,2.2962282,2.9544508,0.8080137,1.0520887,3.1911047,3.3187788,2.9582794,3.4331079,3.0935888,3.330048,3.2472024,3.287679,1.1329283,3.5483837,2.1487093,1.4753896,1.0178971,4.0463934,3.5181801,3.4198341,2.4914403,3.6753635,5.7076902,3.0393465,5.1030383,4.0950117,3.3059642,3.5212626,3.4957232,3.5376816,3.387534,2.1801367,3.3541684,3.1610785,3.0422413,3.6794853,5.533367,2.5501583,3.2708716,4.127523,3.191058,3.2435443,3.1168022,3.1685703,3.0027564,3.4667444,3.0227735,2.8696964,3.1598063,2.5123894,2.919877,4.0253954,3.2730973,1.2609836,3.3208616,3.4514592,1.1892073,1.4556496,3.355014,2.715544,4.050218,3.85959,4.1415434,4.180126,1.5490199,3.0088801,3.4148576,3.473394,2.6484926,2.7203336,3.5235152,3.5887563,3.4933732,3.4112236,3.261369,3.3312573,3.2350178,3.2466738,3.0700083,3.5249872,3.202004,1.3638932,3.489469,3.78022,3.3199186,1.8138312,3.1825173,3.1855452,3.9331684,3.0523195,3.0847607,3.3456635,3.0929134,3.6760051,4.1121736,2.1724443,4.0300007,4.565206,3.099755,3.267768,2.9510157,3.4910607,3.3177927,3.2587445,3.5759678,3.1066628,3.8343382,2.9510157,3.2131038,9.347475,1.6295085,3.1225903,3.2767255,3.3504703,3.282723,3.412557,3.0187774,2.8214061,3.4532018,3.5758278,2.385327,3.2153294,3.2978554,3.2141325,3.1266673,4.6483192,3.0449018,3.4562883,1.2166533,3.5803125,3.438121,3.0812106,3.2094955,3.3612597,3.176083,3.9593985,2.4058542,3.3924866,2.1410007,3.3656676,4.152107,3.3044176,3.297159,3.371998,3.824613,3.338684,3.5224926,3.140023,3.2580025,2.8171732,3.1856153,3.1529536,3.0478244,3.8182733,3.058831,1.913455,2.024396,1.685195,2.063815,2.2401571,3.3450816,2.7452617,2.6718228,2.488461,3.9699209,3.9160123,1.8312801,1.6534523,3.2826202,3.8387816,3.2815628,3.3210874,3.2950528,2.918958,3.2033904,3.2896633,2.294254,3.2636242,3.4164565,2.9684737,3.4532053,2.6395557,2.0443118,3.3721836,3.2858226,1.8535748,3.3898623,2.931204,3.30585,3.8531914,3.2843125,3.322841,4.8054457,3.835727,3.4580522,2.269691,1.4216179,1.6126423,3.9729912,3.2682593,2.5257795,2.3459125,2.9713438,0.38932914,2.8333063,3.3204393,3.5825186,3.2153034,3.5520918,4.522754,3.020995,3.1580915,3.2964587,3.2567687,3.6576746,2.8640816,1.2921937,3.4394135,3.3544934,3.329223,3.5315635,4.22317,3.2675674,1.504504,2.3966339,1.2990983,2.9181528,3.0275812,3.3642614,4.06477,3.8632314,3.7831626,3.1510634,5.1823916,3.2560825,4.970442,4.1746497,2.5045378,2.609333,3.5702229,1.5080115,3.6340032,3.5882192,3.8974547,3.0448377,2.891682,3.4491005,3.431334,3.6056082,3.09476,2.745123,3.6702178,4.055103,0.8499144,2.9683113,1.268128,3.2228637,2.9033222,3.9608471,2.7404287,3.2511342,1.7226076,3.1468344,3.3567886,3.4566162,3.5781765,4.336627,3.6733596,3.1385155,1.1330886,3.7365825,3.7677622,1.6815484,2.0461602,2.7193673,2.7712233,5.23373,3.4911506,3.2338996,3.209054,3.5265503,3.1975348,3.432768,4.311126,3.4953012,3.113812,3.090859,4.656273,3.0938435,3.2609072
2.1330779,3.204827,2.580678,4.398156,2.624716,2.5488007,2.300658,2.4764466,2.4615812,2.704297,2.2514563,2.374102,1.9042249,2.3178887,3.7165363,2.2703557,3.1531117,1.6657252,2.5642562,1.9896961,2.4756167,2.5819204,3.1142957,1.8368338,3.5698135,2.8373215,4.1618958,1.810941,2.3003144,0.9049551,2.6378477,2.4361942,1.9256008,2.3036582,1.9891069,2.1763732,2.550244,2.4826753,2.6989155,2.9651783,2.5949898,3.3986232,2.2611516,2.3780696,1.6289254,3.0383148,2.7739272,2.3802335,2.9401348,2.445114,2.2831528,3.421408,3.1319408,3.4352074,3.1232772,3.398003,2.7546918,2.1211395,2.8622553,1.8067445,2.4934232,3.5734673,2.7225094,3.18551,2.2002807,2.0478096,3.0203488,3.2555203,2.3805614,2.693037,4.8762817,3.1476657,2.6600783,2.1825264,0.9551784,1.9449797,2.5782483,2.460952,2.0093806,1.9733348,3.023887,2.5403278,2.2289648,3.5455487,2.8921728,4.3581967,1.9410421,2.8150802,1.7977644,2.3111994,1.9493226,3.310783,3.3641913,1.9322422,2.264862,0.8852416,1.8815274,2.686122,2.952655,2.83681,2.5336487,2.7818623,2.7219653,1.8395202,2.556815,2.4757948,2.6485848,2.1219466,4.5129986,2.7219653,2.794682,9.661105,2.6727889,3.024689,1.915885,2.4973931,2.7284756,3.2307506,2.7626402,3.385497,3.0834596,2.8762383,3.5428429,2.0521708,2.0098698,3.0033193,0.84966695,2.5293157,2.162593,2.5801384,2.6563468,2.6032274,2.7487738,2.700192,2.277558,1.8620608,2.3736382,2.181172,2.28758,2.1849883,1.1608411,2.117628,2.271327,2.6196523,3.0827534,0.65974414,2.1315608,2.7045784,2.2415607,2.7111073,2.13567,4.3438063,2.826997,2.4206636,3.2113075,2.2232006,2.2505357,1.840044,3.2872458,2.4548335,1.9750786,1.2153616,2.2258608,1.7848692,1.8138586,1.5805496,4.3288555,2.0167816,4.064156,1.8067063,1.9506495,2.1869087,2.3063185,2.281392,2.482123,0.7227167,2.0534425,2.784759,1.0066047,2.2849205,2.7526317,2.9533575,2.7432525,3.2594361,2.4769497,2.403362,1.9717182,3.5284927,3.1809542,2.928833,2.715771,3.2407374,2.3634663,2.7005143,5.364308,1.0686964,2.694182,1.7085091,2.1845405,3.0370412,2.1137333,2.571035,1.9042274,1.8596554,2.1983674,3.197469,0.40640548,3.025383,2.9113626,2.5982392,3.0489948,1.8953142,2.8172162,3.0041897,2.9801002,1.497293,2.0239143,2.9009557,1.9174618,2.6614552,2.5101476,2.3960063,2.4671288,3.5763538,3.4139507,1.8855103,1.050058,2.9137425,3.0178657,2.262749,2.440808,4.3125114,2.4244123,3.9812877,0.682644,4.157569,0.94651055,2.3525913,2.8385613,2.212974,4.6556106,2.606156,2.6822772,3.3337252,1.4671057,3.2886636,2.506986,0.6036259,3.9059274,1.9188229,2.2160645,2.8840547,3.2677784,4.1343327,4.4125695,2.4927225,2.8095245,2.514955,2.249398,3.048569,1.6318166,4.5580883,3.0954108,2.2406578,2.440554,2.6342537,2.2139642,0.773888,2.5701413,3.924724,2.2843447,2.3206391,4.216966,4.334451,2.3788311,1.4064331,1.6667866,2.8238528,2.3946896,3.3980665,3.0781443,2.3857758,2.5985615,2.9377763,1.7930977,4.678251,2.713295,2.4556744,4.5506577,2.8778934,3.3267863,3.0731387
1.9124507,3.6564019,2.2847385,2.6910238,3.1927576,3.3516726,2.1554625,2.1196861,2.943657,2.1963334,2.094588,2.0159082,1.7960453,1.9848111,3.5928202,1.2320356,2.266404,2.9835868,3.6583927,2.0068681,2.4563303,3.480885,1.4041442,2.3166919,5.2910223,1.4384938,4.0078316,2.4346483,1.7307377,3.2532837,2.359906,3.811805,1.970396,1.8631376,1.8134418,2.2139509,3.3851037,2.4775128,4.531545,1.1805664,1.549105,0.8402313,2.1064065,1.8396498,2.1393461,4.3510385,3.5842874,2.5006053,0.97729254,3.0522988,2.05327,1.4350305,1.0227541,2.0336564,1.5587289,3.2356057,2.3707714,2.8512132,3.9900289,3.4438827,1.3269521,1.3143986,1.6812062,0.61062384,3.2308364,2.7337599,3.0154278,2.8899312,3.3372614,2.387771,4.051457,1.0417581,2.4146428,1.8500329,3.7210755,1.9445646,1.1970528,3.0471344,1.9030608,1.9178103,4.002392,2.6711133,1.9179031,3.355862,1.3219866,3.2714918,1.9691103,2.270991,1.9225196,1.3580575,1.9001892,2.709546,2.820136,1.9681338,2.1546745,3.4690268,2.9116883,2.107506,1.2787926,2.4199975,2.6833606,2.3711617,3.3823311,2.027615,1.8018491,1.6172278,2.4158664,1.3949283,3.7301934,3.3823311,2.7740104,9.093167,3.4023569,2.00141,1.5401523,1.478595,1.0374718,1.3749105,2.564928,1.4025465,0.39184234,0.8557791,1.7044754,1.886916,1.846681,0.9479112,3.606778,3.0305798,3.1809847,2.1254354,3.9558108,2.4241817,2.398719,1.3266128,1.9918472,1.9452215,2.1476347,2.328138,3.5207796,3.0251899,3.4187775,1.9688234,2.093575,2.3539298,1.0244212,2.8654106,2.6733823,2.3491657,1.7079421,2.0788026,1.9241278,2.707243,1.4421176,1.2971262,2.7494295,2.572382,1.3515651,3.5832574,4.705013,3.3712902,4.1018825,2.660985,1.7750995,2.2586834,1.82762,2.6359642,2.0383422,1.8416564,3.5590305,3.1610255,1.9385263,1.6308798,1.7771965,1.9951346,2.3480353,3.6668801,1.8634953,2.8764324,2.6045349,1.9704145,2.3790505,3.2469587,2.4090583,1.4215142,2.2129326,1.1729146,1.9469513,2.6889794,1.5454816,0.83693266,1.9431704,1.5461739,1.7385418,0.9490181,3.3921654,3.1048865,2.361854,2.1146026,3.849953,4.453115,2.46756,1.9393885,1.909516,2.2801526,1.6431254,3.6329281,3.3034468,0.50120944,0.8752885,3.6689444,1.0625412,4.189232,1.4132376,1.4335399,0.9960232,2.1015937,3.177773,1.0293436,2.5274704,2.3464217,0.95288897,1.8627423,2.3379867,3.7215476,2.2348175,3.2365623,2.9033275,3.994258,2.7030385,2.5177827,2.1685648,2.266291,1.7170753,2.2899344,3.7366338,4.0899663,3.6273549,4.1258307,1.9060422,3.2526143,3.848886,2.4378967,4.2742877,1.0525678,3.4608219,0.7120914,3.1722865,3.4865682,2.7320306,1.6260978,1.4246508,1.8011649,1.3169082,3.049635,2.4166768,3.5932229,3.5756907,2.7406282,2.0288036,1.1166341,2.9004114,3.0860507,1.497788,3.304966,1.9895777,2.0474617,1.7253007,3.1397722,2.9045682,2.2470756,2.278513,2.977109,2.4712443,3.2486959,2.0872705,3.0546782,2.0131853,1.0535799,4.704931,1.4891435,1.1606348,1.3361713,2.3600876,1.2123352,2.0540884,2.4247894,2.4318392,1.07377,3.0090377,3.2432482,3.1677392,1.3636004
2.0137475,3.9628465,2.4972842,3.0243664,3.4125805,3.6070392,2.3339367,2.288363,3.1981087,2.3077776,2.2695334,2.166432,1.4669905,2.12444,3.8565104,1.0931379,2.5410936,3.1036415,3.881031,1.5530515,2.5983896,3.6776538,1.7219545,1.8421279,5.037075,1.8289778,3.7767231,2.036292,1.8549584,3.0689628,2.5558906,3.9417727,1.9628497,1.8339632,1.8214059,2.1402745,3.622118,2.6128926,4.0977683,1.6794299,1.7920108,0.7129328,2.2631786,2.0261102,1.7791084,4.5872755,3.8538556,2.6364021,1.4599774,3.3059247,2.2197948,1.8324707,1.4351023,2.1349266,1.9983,3.5049245,2.6272593,2.9547877,4.2256093,3.4914455,1.5101569,1.8949554,1.4712113,0.5065905,2.9693635,2.2350075,3.403193,3.3004427,3.4985394,2.6044402,4.2926435,1.4530336,2.621787,1.7104177,3.581962,1.9373727,1.4412829,3.2473018,1.9525673,1.9523814,4.277348,2.866063,2.0420072,3.619112,1.6089784,3.7349615,1.9841291,2.3672004,1.6037843,1.47684,1.4924252,3.137982,3.2458062,1.9752387,2.3353553,3.2733006,2.778082,2.2397635,0.91272897,1.9008324,2.9480407,2.6706116,3.6595986,1.9705145,2.0281858,1.8170568,2.6141143,1.4316792,4.178174,3.6595986,3.0728014,9.109461,3.5674665,2.4148672,1.4416893,1.6656032,1.3496121,1.8357008,2.8981602,1.9774916,0.78723425,1.082061,2.1431973,1.954386,1.8892343,1.4192421,3.4347765,2.5895815,3.3519895,2.2132347,4.159682,2.6094866,2.6397302,1.6551477,2.1399822,1.9143394,2.3314729,2.0853014,3.6880193,3.1584806,3.4011743,2.0435889,1.577944,2.5795283,1.4956145,2.5469766,2.665555,2.5900214,1.4683273,2.4015117,2.0206976,3.0369992,1.7817407,1.4695607,3.1598568,2.5955455,1.4460933,3.673554,4.945459,3.6367936,4.1629214,2.5511515,1.8295914,1.9852005,1.5883168,2.696511,2.5470831,1.439359,3.828027,3.2559679,1.9624556,1.2323217,1.9014295,2.125021,2.4644625,3.505527,1.9387096,3.1623666,2.56147,2.1043413,2.6210496,3.579518,2.6483226,1.7579113,2.3751874,1.2471313,1.9786819,3.1937885,1.9857398,1.0998204,2.0907984,1.7268369,1.8841181,1.2240813,3.870244,2.8543618,2.5747433,1.9782431,3.9580448,4.6661844,2.1785367,2.096589,1.7125205,2.385282,1.4557272,3.8757894,3.1333513,0.63675636,0.41399527,3.8804746,1.3991007,3.9251704,1.8004143,1.8594751,1.3950585,1.7418537,3.2265725,1.3013995,2.6394653,2.5505877,1.0442765,1.9536253,2.402933,3.8864138,2.685933,3.3617184,2.7768097,4.253965,3.09165,2.7295103,2.3095348,2.7537942,1.4989194,2.5153537,3.540961,3.8327875,3.52792,3.8186624,1.4247795,3.3729303,4.082656,2.6270263,4.42144,0.9261995,3.2043614,0.4328621,3.4120927,3.3704915,3.2225144,1.4263443,1.2605051,2.1936014,1.6949694,3.5137644,2.9125392,3.7850988,3.8524978,2.8361478,2.166495,1.3380263,2.4440644,3.4239163,1.9379178,3.535376,1.9451342,2.1444228,1.7664262,2.829862,2.4452834,2.7476242,2.4708161,3.1481047,2.751104,3.713409,2.4290557,3.0359995,1.7512529,1.5189669,4.3724937,1.963909,1.6268061,1.4849224,2.5407286,1.6100649,1.9989551,2.9049182,2.6604335,0.8089568,3.4084718,2.8378906,3.5584872,1.804233
2.0034912,0.504997,2.7961771,4.5896196,2.956058,2.3479216,1.771559,2.0966804,0.61025125,2.7543561,1.8634471,2.054304,3.5687344,2.0864196,4.0933585,2.9314017,3.4457877,2.3084493,2.5219896,3.5426142,1.8924861,0.5877997,3.510166,4.0121264,4.760948,2.2943408,5.423366,3.5158231,2.2233534,2.7081366,1.8530343,1.1002237,2.2489576,3.6508296,2.2861094,3.176483,0.4361746,1.7037994,4.7697606,2.7427485,2.2539039,3.9148057,1.9042846,2.0008974,3.7231903,1.164539,0.29818615,1.7853223,2.6393318,0.5545494,1.939453,3.6859405,3.2574651,3.5429475,2.2625866,3.6930654,1.8041558,1.3808802,2.691394,3.0034318,2.3808503,3.2775095,3.477325,3.7446005,3.7385285,4.241422,2.001404,1.0983291,0.8711094,1.8043028,5.4257784,3.3936162,1.7128518,3.0114126,2.5790918,2.2453368,2.458682,0.8530166,2.2116992,2.2310984,0.696658,1.2514026,2.1511097,3.8840837,2.5593908,2.6095808,2.2143328,3.8986523,3.5673532,2.5126681,3.3729784,1.3542933,1.3353629,2.2189174,1.8062918,2.7351162,2.398324,3.4840667,3.8889804,4.517708,0.9024044,1.41677,0.32917646,2.3025055,2.0392408,2.228048,1.6877867,2.6145167,2.628653,0.32917646,0.98982376,10.057319,3.1426537,1.72165,2.7008774,2.3068545,2.5681362,2.4659333,0.98567927,2.7204657,3.3437371,2.9289286,3.5916417,2.1957517,2.1839862,2.6623452,3.0554657,4.318046,0.84168047,2.670602,2.6640236,1.6892864,1.7477967,2.4037971,2.037753,2.3206172,1.9168013,3.311627,1.9678768,1.0740092,2.6259382,2.0629516,3.972509,1.7977183,2.6542914,3.332363,2.0835748,1.8218303,3.4138856,1.5718914,2.0939524,4.5718455,2.39423,2.530462,1.1470028,1.9806119,2.6343136,2.445126,2.6814346,1.6845727,2.7223566,3.1143296,2.4285572,3.8377123,3.5884416,2.1635242,3.376061,3.396032,4.447469,2.5881476,2.2180157,3.4435563,2.2482038,2.0369308,2.4297516,3.1146193,2.1667545,0.78905886,2.516858,2.0973103,1.7991962,0.3802931,1.7174777,3.5837054,3.089994,2.6773853,2.1989584,2.3771906,2.2749834,3.4419158,2.765095,3.1164193,2.2389295,2.6689847,3.936995,2.8853176,1.8876171,3.4583523,2.8718715,2.847524,3.501896,2.4940248,3.6486068,2.3801801,3.570112,3.5111237,2.9851723,3.6585476,3.9946125,0.52658564,2.8060906,3.6095328,2.3164904,2.3495176,2.7606537,3.5233088,1.4417137,3.3230658,2.8589272,1.9257835,2.8504674,2.5207546,2.5055661,2.6550844,1.964676,2.4296165,3.1148403,2.474347,1.0074426,1.2279,2.155573,3.1348336,3.2895415,4.063303,3.2205975,5.5122433,2.3960676,3.9029257,4.3096204,2.3885744,5.202344,1.6623379,3.054186,4.23555,3.5697618,4.0418077,0.5798112,2.6498306,2.1005077,2.952211,2.953513,1.8660938,3.468889,2.350027,3.1717515,2.7852755,0.4309706,3.62788,2.0268245,3.60728,4.082297,4.7419324,2.29606,1.7147404,3.3517807,2.819884,2.3559446,3.3392823,4.5754566,2.5063508,1.581276,2.9002452,4.189732,2.5706637,2.0258322,2.8440344,3.5954435,2.6035535,4.1934614,2.5430386,2.566134,2.4970295,1.8559073,2.559034,2.3021393,3.628192,1.6589788,3.6711516,4.293548,4.6589656,1.0267385,2.4010956
1.667865,3.0517633,2.548179,3.2487643,3.6118448,3.55526,1.800823,1.7874147,2.498754,2.0976887,1.818902,1.6884574,2.5864503,1.7080129,4.1890807,1.5184652,2.7507544,3.3257942,3.915976,2.509595,2.0236871,2.9953063,2.1099281,3.1933393,5.4988747,1.0537769,4.6442394,2.8406587,1.5114629,3.4653869,1.8374618,3.458146,1.8921655,2.8410277,1.7484794,2.5995603,2.953901,1.9372079,4.85794,1.3732772,1.1876686,1.444944,1.8135675,1.494562,3.0508814,4.008333,3.1379693,2.0868387,0.8442306,2.6433225,1.7719818,2.1500232,1.4837624,1.959076,0.8206614,3.7492182,1.8431065,2.4702287,4.2055397,3.9602532,1.093937,1.5746348,1.9095186,1.3567106,3.5463634,3.4997375,3.0058036,2.2680802,2.892926,1.8376236,4.7991924,1.7069,1.8351887,2.0704896,3.8881962,1.8529683,0.9997111,2.5469325,1.822852,1.8561093,3.5800543,2.0861397,1.7344272,3.897567,0.83813435,2.6601043,1.887636,3.201136,2.7117116,1.3886404,2.3508124,2.0712068,2.1822438,1.8849446,1.857537,3.6623368,2.750935,2.7854505,1.9986732,3.1728714,2.160653,1.7953974,2.9396174,1.9775008,1.3499999,1.3219966,1.8166645,1.6127223,3.1571932,2.9396174,2.1551921,9.507934,3.7819848,1.3344053,1.8106774,1.174573,0.82782406,0.57147056,1.9863499,1.2592288,1.0313623,0.806527,2.2397351,1.7894608,1.7368666,0.66029197,4.0354524,3.6033776,2.8452291,2.0152428,4.2100153,1.8453429,1.8188657,1.0901076,1.7353479,1.9323703,1.8264111,2.561995,3.4956362,2.6192076,3.8204155,1.7377092,2.795974,1.8802761,0.5462563,3.439271,2.3681467,1.8379545,2.239881,1.4798291,1.7313704,3.2999196,1.0663339,1.3038641,2.0985432,2.1958935,1.5536429,3.8377953,4.779471,3.3598814,4.407456,3.3472106,1.6966013,3.2448723,2.797734,2.7973948,1.4910429,2.2966158,4.1722918,3.5225046,1.8672558,2.1947095,1.580157,1.6993694,2.2016997,4.1230855,1.7555516,2.2473822,3.0628428,1.7195613,1.8193306,2.7003715,1.8181375,2.0754461,2.720822,1.2411355,1.8577609,2.5989854,0.6913875,1.6719257,1.8891327,1.4532893,1.506668,0.8726638,2.744721,3.3189967,1.843057,3.018598,4.238431,4.654078,2.8087723,1.7874768,2.903138,2.526754,2.4797735,4.1349955,3.7878542,1.5680147,2.010444,3.2454898,0.61868036,4.372993,1.0668643,0.89843786,0.764798,2.8576663,2.843676,1.6918019,3.1309903,1.8597351,1.18369,1.7755722,2.1616428,3.392264,1.5623528,3.5872476,3.4995828,4.134323,2.112977,2.122747,1.8691795,1.5383985,1.9803972,2.4543295,4.1922565,4.7472076,3.7828252,4.2605944,2.763365,3.340532,4.562497,1.8555439,4.6145115,2.1005313,3.997005,1.681711,2.7221334,3.8159053,2.0016737,1.9933112,1.672832,1.1729478,1.8713214,2.3817177,1.7312645,3.9577878,3.147195,3.535502,1.7767352,1.9183844,3.6046703,3.663371,0.79783684,3.3367648,2.4548843,2.0405786,1.5720879,3.6468387,3.7184737,1.428413,1.8983305,3.43525,2.6295412,2.6260443,2.2405229,3.5804923,2.9561846,1.1171622,4.890901,0.6958368,0.6464819,1.3069642,1.8447791,0.8643979,2.0300233,1.849463,1.8254448,2.1336274,3.237654,3.9203384,2.5660243,0.71496665
3.166607,4.345629,3.7882564,5.8091617,4.4053507,4.281851,3.2403185,3.2512634,3.6495793,3.2816205,3.225769,3.224149,3.0969768,3.192636,5.5707726,3.4158788,4.5530357,3.607561,4.4645753,2.9339476,3.0806022,3.518867,4.632984,3.37913,4.449919,4.047937,5.9070516,2.2654572,3.281786,1.6408066,3.3246179,3.4556906,2.8672066,4.1363935,3.0115936,2.9432433,3.6012151,3.1814644,1.1509765,4.4806776,3.6535168,4.632143,3.1764982,3.3912218,3.464568,4.214188,3.9054325,3.0252583,4.3172483,3.6410635,3.2218778,5.039842,4.47371,3.915172,4.3007536,5.068082,3.5279257,2.8754454,4.5605745,3.7908776,3.7319863,5.1343694,3.280337,4.3497515,1.8661358,3.3615859,4.9535003,4.6718364,3.1674266,3.3965397,6.601975,4.6356726,3.3767548,2.8687954,1.9524534,2.9063754,3.8004856,3.33484,2.9880576,2.9473143,4.1969266,3.4168537,3.1613226,5.2102523,3.9316876,5.9916706,2.8911095,4.7147617,3.0276806,3.4488504,2.8962722,4.770995,4.827539,2.886006,3.2264905,1.6958824,2.3211167,4.14058,4.344982,4.0783725,3.6470234,4.1371384,3.992803,2.7964745,3.5461318,3.5105243,3.3738563,3.301629,6.172064,3.992803,3.758006,11.625195,4.050706,4.410762,3.055433,3.586264,4.0172987,4.5509853,4.0348954,5.066162,4.3704705,4.109782,5.1398616,3.035345,3.0460594,4.40256,2.8122838,3.736169,3.1983516,3.171659,4.4730563,3.32151,3.4881582,3.8898716,3.1975012,2.8277218,3.2530506,2.446463,3.2806256,3.0819995,3.2236688,3.0664558,3.5002744,3.3917391,4.412405,2.2867131,2.5384288,3.4673555,3.0757196,3.842007,3.0991046,5.813297,3.932342,3.5717225,4.5959706,2.7570164,3.4217591,3.3201015,4.942041,4.0100884,3.781711,3.5023165,3.1091447,3.739447,3.606564,2.8143554,5.8682194,2.8719761,5.725984,3.4355779,2.921132,3.4956782,3.2488363,3.1700191,3.0912213,2.423234,3.0682147,3.8081515,3.256307,3.1763134,3.4887145,4.133612,3.4851613,4.7098007,3.8983884,3.5639813,2.9333787,5.386318,4.420867,4.338197,3.461426,4.742129,3.3230221,4.011163,6.9173474,1.6803699,3.382639,3.7444725,4.0920453,4.8004913,2.333336,3.3589802,3.7790856,3.1659873,3.4772587,5.17333,2.591214,4.385478,4.24678,3.588968,4.1588674,0.5084018,4.0358033,4.1956363,4.181749,2.8126676,2.7963557,4.254655,4.0714316,3.345959,3.7213001,3.1893005,2.9449267,5.0944157,4.9168043,4.0225143,2.806767,4.6160693,4.3972454,3.32328,3.1555002,5.783657,3.0528755,4.731473,2.272557,5.8664646,2.1034288,0.6534824,4.2826657,3.099973,6.2485647,3.3314092,4.551658,4.5737896,3.308814,4.503383,3.5303924,2.4372883,5.416584,2.9338105,3.1961658,4.099261,4.665814,5.706691,5.930747,4.4412704,4.089514,4.544775,3.1524744,4.421189,2.3067343,6.085815,4.2892594,3.8056436,3.3031423,3.301326,3.156905,2.428996,4.0606055,5.3713145,3.2605484,4.062025,5.046748,5.957367,4.2405214,3.7026536,3.5971382,4.268517,0.41911685,4.779145,4.3436103,3.5173583,3.2743597,4.125337,2.732507,6.2059364,3.4566553,3.9060724,5.7595077,4.3290076,4.7486796,4.2852416
1.3179449,2.3767276,2.1172256,3.1442785,3.0148365,2.8655012,1.327867,1.4153708,1.8098793,1.8777478,1.3495383,1.327718,2.5327947,1.3503855,3.7109878,1.5772574,2.4220645,2.7089908,3.226998,2.597722,1.6288755,2.3634825,1.9674766,3.1832697,5.2981753,0.6118711,4.701726,2.8378477,1.2273322,3.101479,1.4253308,2.85344,1.6260144,2.62421,1.5028205,2.3968582,2.2585747,1.5553792,4.788476,1.044127,0.88645643,1.9665884,1.3786414,1.1029135,2.9395258,3.2819862,2.4156828,1.6608953,0.63749,1.9388705,1.3379369,2.043794,1.4463485,2.082651,0.3123078,3.2650118,1.3571826,1.9695951,3.5014868,3.3911715,0.9354022,1.4392087,2.101989,1.7960393,3.404935,3.5280428,2.3020048,1.5670708,2.2906337,1.4008986,4.5255837,1.6409304,1.395758,2.0105512,3.4347312,1.5968586,0.8364539,1.9391061,1.5106496,1.5513933,2.8468378,1.5736096,1.3819382,3.4305995,0.79672575,2.288156,1.5945443,2.9305434,2.6234112,1.200401,2.4161267,1.4022835,1.5210826,1.6008117,1.3709286,3.2924216,2.5231645,2.4972458,2.3125632,3.3905363,1.5035822,1.2361041,2.2242224,1.7452999,0.97278047,1.0169413,1.3899078,1.4273467,2.718569,2.2242224,1.5019913,9.525358,3.2247133,0.6761985,1.6746686,0.9536012,0.7493319,0.37196228,1.286875,0.957824,1.3342389,1.0580676,2.0506601,1.4675512,1.4453797,0.59634763,3.6089408,3.6740844,2.1990242,1.8014883,3.5146646,1.4241136,1.352595,0.77748656,1.3450989,1.6787894,1.3774705,2.5306246,2.8409855,2.0618603,3.2628927,1.4165856,2.9345374,1.4036827,0.51810265,3.194994,2.0683541,1.3673699,2.2471235,0.85099995,1.3878366,3.1704388,0.7623125,1.1123003,1.4011147,1.8962233,1.3603929,3.2056959,4.034199,2.6214268,3.7646453,2.9605353,1.4743367,3.075114,2.6439927,2.2775745,1.6421137,2.3739858,3.783662,2.933724,1.5682607,2.3067718,1.2879442,1.3417053,1.8672259,3.6662304,1.426259,1.6012084,2.6015878,1.3616605,1.358975,1.9668633,1.3497272,1.9730852,2.3324096,1.205322,1.5534182,1.9646232,0.22810593,1.6946763,1.6845434,1.6201309,1.2130096,0.87678504,2.7901635,3.055172,1.4221156,2.7535436,3.599364,3.9373286,2.7705314,1.5161358,2.726379,2.0466292,2.3989356,3.5553923,3.3618093,1.784229,2.2648535,2.564006,0.82120377,4.0896597,0.6400828,0.48019093,0.77631485,2.7467937,2.3662794,1.6464376,2.628955,1.4461893,1.2268069,1.5477389,1.9009639,3.0568295,1.0630095,2.9697876,3.0909932,3.4079492,1.3854431,1.5118562,1.5211294,1.6041112,2.0723884,2.5149314,3.7635055,4.8074665,3.2914958,4.097198,2.9901981,2.7759833,4.2907777,1.4246713,3.9446208,2.3820524,3.714586,2.104903,2.039314,3.3298836,1.534624,1.9268051,1.7077703,0.49607244,1.784947,1.9808335,1.7444167,3.3054674,2.427358,3.1246474,1.3870507,1.9222791,3.5366766,3.4794252,0.31021136,2.616288,2.3152757,1.8429862,1.3810811,3.3900166,3.7792218,1.1963301,1.3692026,2.8704367,2.6556773,2.2491016,1.5912404,3.088316,2.785278,0.80010706,4.6754756,0.592514,0.44982082,1.1222793,1.4460424,0.66532546,1.7774932,2.0249047,1.3596076,2.1878808,3.0447001,3.9801228,1.8809652,0.34714895
1.5571742,2.5194235,2.2945588,3.1583252,3.2090619,3.0690465,1.5577509,1.6147442,2.0195882,2.0352457,1.5829093,1.541919,2.7342787,1.569366,3.8421957,1.7603478,2.541747,2.9546525,3.4358428,2.7878914,1.8253065,2.5608857,2.0618212,3.386649,5.496196,0.8057704,4.8149567,3.0462883,1.4499229,3.3628151,1.6085635,3.0645816,1.8615217,2.8057048,1.7372329,2.5948143,2.4614012,1.7510089,5.008648,1.1598192,1.0945821,1.9914793,1.6074551,1.332448,3.1540086,3.4710362,2.602953,1.8680845,0.77337515,2.1499355,1.5663038,2.098652,1.5193882,2.1406312,0.45579156,3.4035876,1.5307834,2.1964555,3.7023978,3.632574,1.1427975,1.4335272,2.233522,1.8483161,3.6134977,3.7265768,2.4521723,1.6739753,2.5023923,1.5791898,4.5960236,1.716038,1.578607,2.2026923,3.7013073,1.8313566,1.0402741,2.1449301,1.7477148,1.7889471,3.0242772,1.7696527,1.607906,3.563418,0.9332794,2.2486866,1.8320739,3.084819,2.8323803,1.4145955,2.6103458,1.489873,1.6041112,1.8381178,1.6029712,3.554711,2.7426722,2.6573806,2.4087858,3.5323882,1.7102215,1.4038216,2.411051,1.9796137,1.186017,1.233086,1.5733837,1.6471653,2.7043672,2.411051,1.6781725,9.54376,3.4217458,0.82406366,1.8979324,1.165761,0.92439306,0.40394267,1.4699287,0.96230435,1.3952931,1.1634841,2.0958476,1.7037446,1.6842964,0.7053348,3.8729603,3.8506725,2.4279852,1.9715513,3.726682,1.6120644,1.526212,0.9739665,1.5707414,1.9156953,1.5949979,2.7212658,3.0647664,2.2852185,3.5246866,1.6498863,3.1058228,1.593485,0.6052153,3.4496274,2.2815444,1.5466518,2.4270785,1.0649495,1.6224326,3.1931858,0.93315107,1.3183417,1.5101756,2.1043177,1.5707928,3.451403,4.2304807,2.8330133,4.012382,3.2056959,1.6873089,3.2864342,2.8514884,2.5297534,1.4832177,2.5643246,3.886373,3.1740904,1.8065331,2.4798393,1.5066158,1.5652735,2.054323,3.9365163,1.6650156,1.7763262,2.8606257,1.583556,1.5314642,2.1295943,1.5243338,2.0481217,2.5144608,1.3970948,1.7911375,2.036145,0.3411194,1.7971532,1.8381698,1.6663643,1.4295431,1.0391786,2.62692,3.3063927,1.598719,2.9717162,3.8333707,4.1422353,2.9667528,1.6934057,2.9300234,2.2833967,2.5829568,3.724192,3.6302004,1.86551,2.3678575,2.765792,0.901286,4.334072,0.8338743,0.6386176,0.8833028,2.9703846,2.5931685,1.7571608,2.8508506,1.6259265,1.3967437,1.7409825,2.085431,3.1626139,1.0931311,3.2044837,3.3466978,3.6043558,1.5286272,1.7451524,1.719739,1.4497316,2.2356915,2.5303385,4.0340548,4.926418,3.5594032,4.318293,3.1181538,2.9976168,4.3662434,1.6128534,4.16526,2.4449785,3.954876,2.1547103,2.244653,3.6011517,1.4998113,2.137782,1.8952175,0.71806675,1.8511157,1.9478294,1.5953281,3.5172675,2.6099749,3.3126833,1.6135432,2.0161781,3.7611945,3.5048053,0.46550304,2.8407383,2.4891315,2.005213,1.5977621,3.6439807,3.9549775,1.0863264,1.6022344,3.0793948,2.6533859,2.2097313,1.7999861,3.3344598,3.0003617,0.9585078,4.913456,0.54447526,0.55995405,1.3325002,1.6327997,0.8061008,2.0153062,1.8575017,1.5379258,2.3415456,3.042551,4.145693,1.9882283,0.49271876
1.5419872,2.9767516,2.332854,3.08879,3.4107566,3.363506,1.6523862,1.6282418,2.3802917,1.9230838,1.6569794,1.5400633,2.4418797,1.5552132,4.000658,1.4310637,2.54445,3.1438704,3.739365,2.4533942,1.8898072,2.8999643,1.9278378,3.112945,5.490337,0.8529455,4.6694613,2.7483165,1.3660511,3.3305151,1.7049361,3.3714736,1.7667797,2.6733463,1.6238993,2.4170258,2.8310666,1.8469923,4.7690077,1.1742845,1.0271943,1.482363,1.6586468,1.3484045,2.9424858,3.8948038,3.0199318,1.9538039,0.6445892,2.516743,1.6122806,1.9895793,1.2999647,1.8291135,0.65868646,3.5470407,1.691899,2.3579361,4.0180173,3.7783098,0.99500626,1.4247359,1.8160744,1.319304,3.4014595,3.447065,2.8678885,2.1931384,2.7826636,1.7039435,4.6301703,1.5338384,1.7153233,1.9316138,3.7602973,1.7338238,0.85492206,2.4363534,1.6750541,1.7100453,3.4671254,2.000174,1.573437,3.6968346,0.6899619,2.690006,1.7523963,3.0292234,2.5627522,1.2275977,2.2851605,2.0097,2.1247988,1.7544055,1.6968797,3.5430079,2.6867332,2.582638,2.0124588,3.1727195,2.0468473,1.743743,2.8324275,1.8711035,1.2072328,1.1646706,1.7084618,1.4506209,3.172354,2.8324275,2.0363243,9.569824,3.5686688,1.2603804,1.6759193,1.0410439,0.6928828,0.5189086,1.8852241,1.176523,0.92986774,0.74963933,2.0693092,1.6383163,1.6065136,0.52648056,3.9135249,3.5957572,2.716967,1.8472512,4.030914,1.7377694,1.6842753,0.89277637,1.5773519,1.803645,1.6641077,2.4396594,3.3044562,2.5161123,3.6605458,1.6121246,2.7644923,1.7287006,0.3899274,3.3142986,2.2670646,1.6881427,2.097578,1.3503045,1.586456,3.1377206,0.8724777,1.131533,2.0240135,2.1072555,1.3782547,3.6461077,4.618689,3.17982,4.2442036,3.2047114,1.5450686,3.1153007,2.6525435,2.6086555,1.5958018,2.21945,3.9810977,3.3238375,1.7275102,2.1590378,1.4255402,1.556212,2.0254982,3.9669867,1.6062007,2.1503465,2.9222734,1.5649112,1.6789458,2.5867794,1.6875037,1.8963001,2.509266,1.1173284,1.7178612,2.470458,0.6010738,1.5082307,1.7061507,1.5259845,1.3519192,0.7606633,2.864134,3.2111847,1.7024,2.8668485,4.0607963,4.4836226,2.6814795,1.6084788,2.75598,2.3249774,2.3140774,3.950895,3.6436093,1.4549245,1.9292097,3.131912,0.47789067,4.246846,0.86370134,0.70158595,0.5692759,2.7207537,2.7563083,1.5101849,2.9593217,1.7150799,1.0574318,1.6081543,2.003906,3.416897,1.5462615,3.431279,3.3212392,3.953966,2.0192258,1.9848652,1.7118459,1.6508266,1.8712503,2.3023593,4.043973,4.769694,3.645223,4.1546965,2.7563124,3.139556,4.3838005,1.7477762,4.4417367,2.0036848,3.914284,1.6428463,2.595938,3.6700013,2.0030465,1.8656704,1.5703926,1.0270354,1.6903044,2.4053307,1.832635,3.776404,3.0411596,3.3561957,1.6208174,1.7499493,3.4859195,3.4992008,0.62665963,3.1550407,2.270911,1.8618311,1.450735,3.543729,3.6883678,1.4785688,1.7539219,3.2311149,2.4768739,2.6550477,2.0679564,3.4398785,2.8248026,0.91369647,4.7891216,0.71501285,0.44005504,1.145541,1.7170341,0.65750474,1.9118501,1.975215,1.7047588,2.0034292,3.068186,3.9149737,2.4990778,0.52929384
1.8151803,3.9467227,2.2176554,3.5598342,3.1952837,3.3675454,2.0936964,2.006537,3.03756,1.8718864,2.0012438,1.9253637,0.5190871,1.858991,3.9666038,1.236742,2.6224105,2.6864572,3.6591146,0.97001463,2.2120643,3.376599,2.2628973,1.422011,4.6625304,2.2154112,4.323561,0.74515796,1.717982,1.877778,2.322479,3.5603468,1.5140371,1.8820444,1.4994801,1.2729269,3.3251247,2.3662806,2.6386886,2.3281229,1.9461067,2.1077747,1.97303,1.9534228,1.4325063,4.284035,3.6293166,2.2256281,2.1912205,3.0999537,1.9573249,2.6130772,2.1106045,2.0824277,2.5307202,3.5012052,2.4636512,2.481404,3.9159873,2.9798522,1.8826941,2.8277037,1.1424572,1.7569423,1.5328401,1.8022968,3.686142,3.6219292,3.068057,2.4009256,4.626866,2.2069607,2.4317305,0.9806277,2.5522768,1.5359356,1.8465472,2.9412107,1.5555454,1.5228059,4.058245,2.71093,1.7456179,3.626779,2.0323493,4.558391,1.5354683,2.572382,0.5837322,1.5076271,0.8880336,3.5707483,3.6712494,1.5335251,2.0593233,2.1645055,2.0805802,2.1283612,1.942779,2.1151502,2.8577166,2.9661038,3.5399952,1.4997929,2.0654056,1.8552046,2.4432964,1.2826748,4.9095025,3.5399952,2.988522,10.026219,3.0792966,2.9167635,1.0588808,1.8389243,1.9707172,2.642956,3.027099,2.9720507,1.8850342,1.912442,2.8378003,1.5903529,1.5908875,2.2857265,2.6550274,2.445887,2.9339693,1.7561082,3.8480608,2.4128914,2.4806612,1.9849708,1.8709927,1.4147971,2.0580003,0.9547934,3.030914,2.7682202,2.7553024,1.7604226,1.4868054,2.3529725,2.3304572,1.4270388,2.0295188,2.4039812,0.6792056,2.5462883,1.7246779,3.5682428,2.0970652,1.5976125,3.4942014,2.112025,1.3827635,2.973712,4.659173,3.3483098,3.5930333,2.1544695,1.499464,1.7206831,1.3174051,1.959533,3.7917638,0.7098465,3.9715602,2.645213,1.5283667,1.3735396,1.704132,1.8688751,1.938144,2.4641933,1.6126995,3.1106462,2.137998,1.8267313,2.4544117,3.5334206,2.4935486,2.3316598,2.130697,1.4964976,1.5556583,3.7682264,2.6405237,1.8100469,1.8186136,2.7437248,1.7526214,1.9016407,5.0731225,1.6999872,2.3522487,1.7616135,3.5101144,4.3622785,0.8586147,1.8250792,1.5483557,1.833087,1.0024371,3.864869,2.2251813,1.7251151,1.4731151,3.5303104,2.0750804,2.4864724,2.1839697,2.3475223,2.0529807,0.5830151,2.7165792,1.828977,2.5406783,2.3031504,1.4889367,1.6043793,1.8232502,4.2652473,3.378839,3.1243403,1.8385688,3.995338,3.338004,2.4882722,1.9532657,3.8817399,0.9408502,2.71194,2.4518359,4.325249,2.5412102,2.3816428,2.0033033,2.6225855,4.319529,2.433112,4.0511565,1.8224467,2.6878414,1.7998424,3.1309102,2.4440353,3.9597278,0.7940203,1.0671275,2.5429542,2.3052235,4.2911234,4.043662,3.5404005,3.719884,2.8032315,1.8650264,1.9146442,1.0159503,3.92234,2.4841385,3.1754062,1.3335378,1.7285805,1.5680445,1.9077103,2.4164598,3.6600575,2.2305431,2.8246346,3.028695,4.5295706,2.651412,2.701304,1.4862001,2.1472895,2.939971,2.8694274,2.326971,1.5843916,2.290268,2.1321785,1.4505191,4.170228,2.505883,1.1982666,3.7984905,2.9100077,3.838373,2.3995612
1.261747,1.0870295,2.6501687,4.4675975,3.148875,2.6844246,1.1866705,1.5624436,0.56362987,2.3112757,1.3251811,1.4347795,2.9832144,1.4724362,4.276415,2.1568573,3.3343287,2.3715787,2.8891828,2.731727,1.3305677,0.6774578,3.2035987,3.3574603,4.3056426,1.8078586,4.8730106,2.7665608,1.5423822,2.2510076,1.3030899,1.161738,1.5092665,3.3180559,1.537676,2.7353725,0.87862825,0.92658806,4.157117,2.4029558,1.6235807,3.1742892,1.3276329,1.346721,3.1611118,1.8969312,1.102616,1.2166275,2.1278992,0.7278689,1.3756236,3.4072254,2.8406298,3.0199394,1.7666147,3.8391452,1.3985444,0.7578955,3.1498585,3.0840852,1.6372104,3.0008476,2.7466857,3.044315,3.2305973,3.534829,2.315696,1.2287462,0.7086192,1.2888111,5.4933157,3.0164964,1.1309552,2.3491638,2.2808099,1.4840231,1.7835169,0.5042226,1.5474069,1.5616934,1.537484,0.45458046,1.5519719,4.0319495,1.9075868,2.5844152,1.5082157,3.7069113,3.0057254,1.8610476,2.5653265,1.3381147,1.3723382,1.4957894,1.2836534,2.277174,1.5903738,3.2700853,3.1243966,3.7351665,0.48486146,0.84829164,0.94403166,1.5115812,1.3933039,1.5859195,1.0441308,1.9798994,2.7514648,0.94403166,0.7709945,9.823817,3.3023114,1.2874455,1.9992265,1.5987273,1.906712,1.9000024,0.70173883,2.3927894,2.7223475,2.2095652,3.3951013,1.5433244,1.4521122,2.08377,2.7730873,3.5633726,0.7904998,2.171615,3.078325,1.0276126,1.2666142,1.8595817,1.4461038,1.5936456,1.4039434,2.639282,2.2175972,0.50295097,2.5933824,1.3228676,3.1880918,1.3498026,2.0756562,2.7963135,1.3558553,1.383061,2.7847776,1.0525532,1.4232451,4.4644146,1.8621811,1.9079406,1.1560585,1.1847445,2.038977,2.6314158,3.3081887,2.1155891,2.965556,2.8152328,1.7742401,3.3857696,3.1111016,1.9457191,2.9697583,2.604188,4.566791,2.6633809,1.5260098,2.645274,1.6048006,1.3808094,2.0197463,2.9194775,1.5043931,0.48858526,2.208918,1.4851887,1.3367131,0.9804624,1.2205192,3.2720854,2.924939,1.9548929,1.5080498,2.5801306,1.7244095,2.966504,2.3103256,2.4237425,1.5944482,1.9858533,3.698679,2.2700782,1.3913615,3.0860271,3.1239257,3.3648016,2.8566446,2.0053682,3.2148664,2.133657,3.068348,3.7677667,2.6975577,3.0790153,3.348983,1.0286998,2.1553047,3.1871917,1.8297995,1.8592534,2.181614,2.9356043,0.8229129,2.8803864,2.7693107,1.4322622,2.1536484,1.9519277,1.9962592,2.3753836,1.654115,2.5378106,2.8648145,2.9885643,1.0190338,0.7581911,1.6166515,2.7382634,2.56514,3.7263649,2.9763927,4.952466,2.1593575,3.3559709,3.565351,2.439762,5.2519627,1.0061477,3.4274185,3.6594539,3.1182542,3.3610165,0.75025743,2.4350452,2.0039554,2.2462258,2.1894553,1.3926128,3.1352296,2.2826355,2.8266041,3.0748265,1.1401314,3.5570738,1.4308616,3.1791596,3.4693117,4.7094817,1.7924051,2.0676532,2.9080222,2.3571796,1.602917,2.7976518,3.8947196,2.1742046,1.0207793,2.994454,3.9206011,2.5439448,1.9536375,2.7012727,3.1114998,2.157587,3.7070704,2.0038207,2.0301175,1.8442702,1.2713059,2.020333,1.5482762,3.2393103,1.1108183,3.094209,4.2720575,3.9734902,1.2962503,1.8716632
1.6922003,3.2554908,1.545783,2.1904786,2.4671366,2.6267092,1.7776928,1.7288845,2.4978287,1.7687596,1.6795974,1.688343,1.7346947,1.6507959,2.9288511,1.4212525,1.5299475,2.395535,3.0099478,2.3105376,2.1052425,3.0970998,0.80094707,2.5616367,5.4743347,1.0071679,4.4559827,2.5367248,1.4853265,3.0093086,2.0013988,3.4837315,1.7943504,1.5307752,1.6622388,1.820136,2.8986886,2.250719,4.5636783,0.4227221,1.2767655,1.6453294,1.7269033,1.5383078,2.2304611,3.850994,3.0804691,2.1455407,0.6597524,2.5707724,1.6621882,0.9361527,0.46584466,1.8361802,1.2561625,2.4986598,1.9184245,2.5282965,3.2803133,2.8983152,1.3156168,0.79602075,1.8034545,1.271992,3.0229592,3.0591075,2.4381964,2.4898982,2.9399076,2.0098085,3.5343215,0.4704403,2.076169,1.724627,3.4495041,1.7939655,1.0865852,2.6493704,1.632663,1.657337,3.4912057,2.390541,1.5689698,2.6337233,1.2050157,3.1486454,1.747808,1.8354629,1.8228055,1.1406219,2.1561491,2.3580472,2.4710224,1.767146,1.7304122,3.2742615,2.8813481,1.4746886,1.9641519,2.9811063,2.27589,2.165915,2.9232242,1.9292947,1.514907,1.3391036,2.1144655,1.1674851,3.5537367,2.9232242,2.3231165,9.44475,2.6565073,1.7331743,1.4504137,1.3277185,1.01216,1.3287693,2.1694045,1.173028,0.7930132,1.1547637,1.0898575,1.5997863,1.6517866,0.9167804,3.4080641,3.4528112,2.7339504,1.7453864,3.3006,2.1299891,2.0024743,0.94933313,1.6298138,1.7725738,1.7242781,2.256229,2.8409743,2.6941264,2.9896045,1.7536383,2.5390646,1.9167042,0.9732734,2.7795346,2.4769373,1.9132149,1.636728,1.7029004,1.6420363,2.1958797,1.0715511,1.0377444,2.3636909,2.405188,1.0519085,2.9502363,4.067252,2.6770883,3.58783,2.416677,1.5256484,2.2188153,1.7197748,2.0804417,2.2241614,2.063656,2.8962233,2.5140805,1.7020593,2.0418859,1.4882816,1.6953772,1.880562,3.3294501,1.5831668,2.4836268,2.313107,1.6335983,1.9687648,2.741699,2.0233073,0.8472681,1.5061638,1.1796684,1.7052493,2.1049507,1.3895905,0.5237573,1.5014758,1.9741452,1.4525056,1.0264341,3.5363955,3.0043771,1.9702662,1.8951449,3.2679832,3.812309,2.3912518,1.5127759,1.7688545,1.6653643,1.4298,2.9753447,3.0326436,0.816129,1.3545955,3.2091198,1.0900606,3.9854715,0.9732825,1.0634291,0.8296038,2.0541852,2.935954,0.5373147,2.0254319,1.9492339,1.024397,1.523672,1.972765,3.7583942,2.0571275,2.7482207,2.4933538,3.292641,2.279193,2.0881135,1.7888162,2.4041393,1.7701054,1.9141489,3.446443,4.540804,3.301055,4.0201745,2.4939253,2.5822744,3.2899199,2.1384287,3.6786935,1.346291,3.4813988,1.3975099,2.6900606,3.1579003,2.5219312,1.5964159,1.523637,1.4231583,0.7233614,2.9068503,2.5253248,2.9537594,3.1089647,2.2319567,1.6712486,0.74325657,2.9294877,2.5437603,1.1982179,2.6288774,1.5985593,1.6279826,1.5974073,3.1142747,3.3092682,2.1935794,1.8811347,2.2712834,2.04278,3.1210966,1.459449,2.7350142,1.9664955,0.49326274,4.609685,1.5087768,0.9380912,1.123553,2.023716,0.89946616,1.911123,2.6479292,2.0758905,1.1738775,2.3838942,3.6764786,2.7805765,1.103121
1.8650683,2.9008775,1.6680864,3.117235,1.5233841,1.606307,1.9514798,2.1063476,2.1315742,2.3019266,1.8540918,2.0340204,1.6686676,1.9736649,2.4528356,1.9415467,1.9678149,0.90274364,1.7420712,2.2627697,2.2986252,2.576528,1.8831906,2.0205083,4.4506593,2.0025914,4.0672755,2.3388019,1.9135076,2.0029204,2.3387415,2.6705356,1.8379793,1.2071936,1.8048861,1.8832215,2.3606727,2.388002,3.9245844,1.7779018,2.0122972,2.7854295,1.919406,1.9413337,1.5106865,2.9467854,2.510836,2.2378302,1.9810199,2.1172848,1.8984861,2.1029916,2.0545237,2.9278405,2.30886,2.1614075,2.3100462,2.2111206,2.1143627,1.2802415,1.9566873,2.2793694,2.5329618,2.526499,2.7202568,2.5054865,1.8951424,2.5405734,2.4491174,2.3606982,3.6030703,1.9618031,2.3757288,2.05274,2.1701443,1.8542455,1.931037,2.3527644,1.7644231,1.7580024,2.7889304,2.378242,1.8607074,2.3180377,2.2568166,3.5011718,1.8025241,1.5553119,1.6059842,1.7653762,2.15857,2.5399556,2.6097221,1.8140694,1.877332,2.1672373,2.5022526,1.6029838,2.5396755,2.9465861,2.1595476,2.2727978,2.3926327,1.878476,2.0696762,1.9541086,2.396591,1.6136045,3.7031772,2.3926327,2.3760886,9.208518,1.8733389,2.2517524,1.6489158,1.9893602,2.0040755,2.4026744,2.199342,2.2085142,2.2459867,2.2291968,2.185962,1.7692318,1.787501,2.1138487,1.8642013,3.0028758,2.1187682,2.2356853,1.9802593,2.3794136,2.3723998,1.9241,1.9089195,1.785251,1.980446,2.3797333,2.01477,2.255242,1.2884531,1.9138296,2.4354515,2.228912,2.215789,1.6863953,2.374063,2.2883098,2.002257,2.1148925,1.847061,3.040877,2.0773861,1.796527,2.4975646,2.3781514,1.6482879,1.5987394,2.8146808,1.7483602,1.9517955,0.86046106,1.9109526,1.361974,1.1859099,1.3196915,3.3385286,2.166126,2.8030279,1.2275966,1.7751328,2.1314337,1.9138645,1.9763768,2.1561635,1.7644178,1.7555163,2.431477,0.77946067,1.9392412,2.3590775,2.4772615,2.379461,2.0551813,1.4345978,1.8966444,1.7896812,2.2218237,2.3925614,1.900752,2.182645,2.6312091,1.9363365,1.9980465,4.427159,2.1719458,2.3478267,0.8936096,1.7114086,2.485974,2.392365,2.0851948,1.1570556,1.2215842,1.6061875,2.0420146,1.4768122,2.1397305,2.2374322,2.552337,2.3400872,3.107281,1.9761468,2.16242,2.1576674,1.5745598,2.3785102,1.874409,0.60902417,2.318648,1.9123207,2.0100148,2.273933,3.398226,2.577665,1.2152752,1.1147223,2.1686614,2.3252444,1.9409895,2.1262188,3.4058728,2.2967052,3.1399186,1.9224832,4.1183157,1.998118,3.4437196,2.6438859,1.9156479,3.4212582,2.3787458,2.195277,2.5200698,2.2014062,2.6022787,2.2736132,1.6451508,3.026398,1.7741127,1.987711,2.1259537,2.0958686,3.2973623,3.477577,1.6271442,2.504329,1.3035101,1.9119798,1.9975009,2.313183,3.2244337,2.2716467,1.6036301,1.949473,2.1904233,1.9588192,1.9396383,2.8127286,3.035666,1.9458777,1.2683488,3.2786765,3.479751,1.1014167,1.0862415,1.190713,1.7796354,3.7445598,2.5471122,2.2012038,1.8179543,2.3357797,2.109806,1.8298098,3.7204394,2.390844,1.7276685,3.3292778,3.174124,2.6861198,2.242138
1.0157964,2.2572892,1.9302384,3.5025673,3.1312985,2.9073822,0.7393078,0.66943187,1.5491134,1.2178099,0.79471767,0.7112382,2.535455,0.7756443,4.055713,1.7290392,2.5487213,2.7504296,3.3682015,2.639562,0.7489106,1.9932526,2.3874485,3.4451845,5.4530835,0.8550946,5.417074,2.5777483,0.8979904,2.6680393,0.5075913,2.6004488,1.2751033,2.9931252,1.25367,2.0185792,1.8814112,0.92061,4.2587914,1.6388103,0.75032234,2.5749578,0.7834859,0.72849095,3.2408307,3.0894012,2.1375532,0.8357101,1.3373591,1.6573082,0.76672435,2.628422,1.8593845,1.6770985,0.8346366,3.4675455,0.4346502,1.3779961,3.5234892,3.4674153,1.2406659,2.1724484,1.8761044,2.2591493,2.8010607,3.7622728,2.7620106,1.8369687,1.7573498,0.45834976,4.9549956,2.15867,0.53413445,1.6547295,3.084831,1.2836215,1.1331662,1.4192741,1.1252215,1.1687007,2.640521,1.1152893,0.8894674,3.6443052,0.92810625,3.0465357,1.2129087,3.3758266,2.609677,1.1685598,2.4221628,1.8255163,1.9284247,1.2375925,0.7856485,2.9244313,2.1114073,2.613472,2.8979242,3.7957737,1.1952454,1.5321572,2.08643,1.466044,0.6020821,0.78201723,0.60572445,1.3797525,3.393168,2.08643,1.0017492,10.483085,3.0815911,1.2780885,1.5943731,0.94158185,1.2791761,1.3378361,1.2844206,2.01331,1.889967,1.5882446,2.5889087,1.0758833,1.1683017,1.4603659,3.6011207,3.9767437,1.7717303,1.1402255,3.5904384,0.6578886,0.4086692,0.93475485,0.794911,1.35289,0.70119965,2.0552223,2.355904,1.6085256,3.2607334,1.0296491,3.214555,0.5253973,1.3554561,3.1004846,1.3801883,0.44818112,2.0801601,0.66728956,0.96362567,3.5547888,0.7967632,1.1271322,1.6733681,1.2764047,1.3200994,2.9771743,4.073666,2.5212748,3.7534661,3.2169173,1.0716697,3.4147522,2.9277885,1.8909149,2.6697237,2.3226352,4.075124,2.8007035,1.1947972,2.6132793,0.8800377,0.80269,1.1234052,3.477297,1.0671505,1.263408,2.7687037,0.81097466,0.39911938,1.7614561,0.42381996,2.373948,2.3316796,1.3559097,1.1668183,2.6134205,1.0714648,2.12508,1.1778166,2.438928,0.8321936,1.4174274,3.6976657,2.6899705,0.46310306,3.0825412,3.668402,4.014771,2.3236535,0.9431644,3.058985,1.7819116,2.4656532,3.8728585,3.2863274,2.2829256,2.7091868,2.1930978,1.2199454,3.4554634,0.8834737,0.863128,1.2237371,2.7321725,1.9360615,1.979857,2.9655654,0.50404686,1.4952886,1.0348417,1.1194744,3.5286613,1.8340211,3.1956275,2.980994,3.443183,1.5651425,1.0482825,0.75955564,2.555112,1.8220674,2.3851058,3.5621114,5.498167,2.9403584,3.412482,3.5106642,2.255219,4.6232023,0.6621841,4.0503426,2.7904465,3.909258,2.598127,1.6116049,3.1423447,2.2427845,1.8016714,1.6699255,0.73587674,2.180136,2.7062252,2.7021158,3.4689264,2.3030546,3.4920235,0.8204324,2.2834826,3.3742294,3.8712282,0.8704711,2.4883344,2.0573077,1.292026,1.1120377,3.359694,4.188336,2.0761826,0.80656964,2.9282484,2.5915992,3.000458,2.0148375,3.3429153,3.1062903,1.4014207,4.0692434,1.5899489,1.1496929,1.1138172,0.55944663,1.019971,1.4468296,3.013934,0.49552822,2.5331373,3.1995115,4.425467,2.116241,0.9621873
1.3262978,3.060512,2.229201,3.1059046,3.2688313,3.2667394,1.5643483,1.56242,2.3750648,1.8395605,1.550431,1.4294364,1.9774066,1.4224203,3.8941538,0.9332806,2.466723,2.9127967,3.603372,1.9339081,1.8397431,2.8779402,1.7835139,2.5652382,5.1030717,0.9026431,4.2640667,2.2892318,1.1633914,2.9748032,1.712104,3.271071,1.473279,2.3056362,1.3130361,2.1398003,2.8299246,1.7838128,4.354839,1.1467212,0.9238909,1.1037096,1.544939,1.226075,2.4201481,3.8788953,3.0461152,1.8873898,0.588133,2.5087032,1.5008905,1.8953441,1.204702,1.8073139,0.9114488,3.459866,1.7579378,2.2451332,3.9180484,3.500383,0.68229157,1.5128973,1.4802408,0.91851085,3.0759704,2.9005575,2.8614514,2.3467474,2.7347376,1.7367855,4.545828,1.4022589,1.7365822,1.5929551,3.4267852,1.4344654,0.5700586,2.4212732,1.4204085,1.4444557,3.4946144,1.9835932,1.4038879,3.6089704,0.6291812,2.8920274,1.4772943,2.7495618,2.10154,0.9183409,1.7763174,2.1757345,2.290056,1.4714329,1.6040769,3.1773984,2.391661,2.3729606,1.5239147,2.647497,2.0639415,1.7556542,2.8488305,1.5405463,1.1452653,1.0207438,1.7195318,1.0907333,3.3541477,2.8488305,2.1302624,9.374485,3.432128,1.3961567,1.2552159,0.83103806,0.37215063,0.7339172,1.9577837,1.2799143,0.5780994,0.23152678,2.0528278,1.3978711,1.3267806,0.41789442,3.510489,3.0855234,2.6419628,1.73112,3.8924308,1.7319119,1.7440915,0.81093854,1.4440023,1.4866883,1.5926952,2.0951536,3.217371,2.4223552,3.3440268,1.3919579,2.220561,1.7488936,0.4168308,2.8396783,2.0825834,1.7342029,1.7015319,1.4198469,1.3812252,3.138414,0.88533086,0.8570565,2.1843052,1.9404286,1.0610148,3.4460814,4.538021,3.1216571,4.0003705,2.7892017,1.303147,2.630107,2.1820135,2.3868265,1.8355873,1.7232887,3.9077783,3.1059437,1.4544119,1.6226822,1.2395018,1.410364,1.9347073,3.5885086,1.3641465,2.222502,2.5489175,1.420211,1.7385019,2.6814914,1.745797,1.7882206,2.3273304,0.6991747,1.4536855,2.5798938,0.85461324,1.2454867,1.6187352,1.3043392,1.1809939,0.32579333,3.1419797,2.8155215,1.7305862,2.432521,3.837692,4.363457,2.3130934,1.5164988,2.3020666,2.1126964,1.9118558,3.8137813,3.2404025,1.0971628,1.471785,3.1134164,0.36831784,3.9060373,0.89424413,0.85428995,0.4814258,2.2312894,2.594549,1.2970536,2.6729224,1.7296722,0.5877897,1.4351114,1.8836159,3.3210092,1.722395,3.1910906,2.9468248,3.8770711,2.1438673,1.9339389,1.6267794,1.9214649,1.4997396,2.355811,3.6492877,4.350866,3.332672,3.8199396,2.2381482,3.0160475,4.3061986,1.7456659,4.2545,1.6797272,3.4545174,1.2531404,2.6002371,3.3164551,2.2572145,1.4266878,1.1225836,1.1618246,1.613608,2.6185226,2.1003275,3.6070678,3.0572448,3.0790474,1.4819627,1.5326173,2.990566,3.5097604,0.8583102,3.06231,2.0069785,1.7405473,1.1713667,3.0706022,3.1567228,1.7716724,1.6831486,3.0495117,2.5736148,2.8607502,1.9589218,3.0880342,2.3366776,0.82696974,4.421482,0.9329525,0.57997984,0.85646236,1.7066485,0.6769084,1.5882427,2.2208514,1.7508969,1.5420122,3.2029748,3.413014,2.6323926,0.7268942
0.7086383,2.5473144,1.6245421,3.2032492,2.8992891,2.7833683,0.6130638,0.45024228,1.7167771,0.91644627,0.5754268,0.42287177,1.9598708,0.4370928,3.7897341,1.2134182,2.2198062,2.5055068,3.232742,2.148792,0.781026,2.2030442,1.9604485,2.913208,5.243364,0.5595253,5.04109,2.1089554,0.43281445,2.3837748,0.65017074,2.7197437,0.89252824,2.4821663,0.83275807,1.553996,2.0841937,1.0107077,3.931092,1.3046875,0.2781804,2.143558,0.5614021,0.40316832,2.7097778,3.2706964,2.3621743,0.8648626,0.9882485,1.8195195,0.5081036,2.2407238,1.435555,1.3771651,0.7759746,3.2112892,0.6710551,1.4353306,3.4268973,3.174912,0.86946994,1.903321,1.3811297,1.7733757,2.4325752,3.265134,2.7248554,2.0710297,1.9380682,0.6754144,4.636771,1.732129,0.7567897,1.1390386,2.8781214,0.9075185,0.690099,1.62838,0.7016639,0.74628574,2.8637505,1.3045167,0.47741258,3.382525,0.55383307,3.1992345,0.8230899,2.9244711,2.0422754,0.59847784,1.929508,2.027771,2.140272,0.85344166,0.6191844,2.6681938,1.9474971,2.181872,2.433521,3.3092585,1.3877218,1.6209054,2.2813432,1.1082093,0.31935656,0.27742666,0.813503,0.8055952,3.569567,2.2813432,1.3273898,10.248347,2.8550382,1.3573123,1.0532032,0.50886077,0.8865776,1.227446,1.4818206,1.8473848,1.4250382,1.1836655,2.262894,0.64769894,0.7695472,1.1591473,3.2915056,3.5522141,1.877977,0.79593855,3.4675922,0.8326914,0.69936395,0.48535585,0.46531093,0.9404369,0.5295244,1.6107554,2.327343,1.7116288,2.9899795,0.71477985,2.7160108,0.65252733,1.0832106,2.6555827,1.286036,0.6383323,1.5184225,0.79366946,0.58983266,3.2477524,0.40584987,0.55413705,1.9086187,1.21397,0.7371583,2.799334,4.0676107,2.5017514,3.579549,2.7988243,0.5661875,2.8855143,2.3778923,1.621041,2.633131,1.8112811,3.7960937,2.5478187,0.7895292,2.1327496,0.3942523,0.4990785,0.89205575,3.15622,0.6430962,1.5545008,2.4182396,0.45317596,0.66595185,2.0388217,0.72140104,1.9616197,1.9474095,0.83384836,0.7690073,2.5949223,1.0331308,1.6217107,0.79654783,2.1996782,0.33364904,1.0050344,3.7991629,2.3750646,0.6306628,2.5799062,3.4617436,3.9374092,1.8658805,0.5480258,2.5208929,1.4340961,1.896086,3.6429322,2.9358516,1.7633193,2.1522334,2.3936272,0.862124,3.2191248,0.5630358,0.65696937,0.82617533,2.1820261,1.9692757,1.4895195,2.6109571,0.61407685,0.9632768,0.5562796,0.86679727,3.5526903,1.9295934,2.9743924,2.5677752,3.3858573,1.7800167,1.1178565,0.5316706,2.5942595,1.3037379,2.1168907,3.2358322,5.112529,2.7448134,3.170618,3.0109413,2.1208758,4.3073177,0.848265,3.891482,2.2617617,3.5444508,2.093067,1.817884,2.8687613,2.4274704,1.2541517,1.1370128,0.76095945,1.7801435,2.8732307,2.7526014,3.2792237,2.4998758,3.0933447,0.50968164,1.7947885,2.862224,3.5890825,0.76769066,2.4328845,1.5651202,0.910972,0.6717273,2.9625504,3.703508,2.1844482,0.7780985,2.6510768,2.362283,3.1575584,1.8075662,3.0166173,2.5748012,1.0277587,3.8353386,1.5193985,0.8899853,0.54977095,0.6699798,0.6588013,1.0748323,3.0132246,0.7792438,1.9553005,3.0339863,3.9920826,2.3556702,0.7814364
0.8589557,2.6482294,1.535976,3.334606,2.9039812,2.7813838,0.62217903,0.2227216,1.7743857,0.5807543,0.5504144,0.41783902,1.9683533,0.42047405,3.8712378,1.4651536,2.2590616,2.505916,3.2666514,2.2483082,0.5452298,2.1951916,2.164687,3.0393705,5.3517213,0.99806905,5.3615885,2.0270104,0.6350484,2.1807852,0.535342,2.7208526,0.9126301,2.6175869,0.9375897,1.3359624,2.054972,1.0247306,3.6732464,1.6487015,0.73511714,2.5159974,0.5147884,0.64792544,2.842723,3.2612574,2.3649347,0.6628731,1.4378526,1.8469776,0.48533097,2.5023527,1.7107915,1.3026797,1.2317859,3.242184,0.57670265,1.3401289,3.400538,3.156244,1.27527,2.2530031,1.3986541,2.0987537,2.0908782,3.387888,2.939597,2.3251777,1.8535752,0.58037686,4.7445474,2.009206,0.72493124,1.0367388,2.7261763,0.9626629,1.1275288,1.5932401,0.7063885,0.7392473,2.8726704,1.3771317,0.46043646,3.413245,1.010625,3.593569,0.8219984,3.0712662,2.031141,0.87559813,2.0240157,2.3327231,2.4370992,0.8674384,0.5746538,2.512883,1.8898164,2.204031,2.770818,3.5333781,1.4836799,1.9282899,2.3520179,1.1541852,0.66823024,0.6567635,0.8264302,0.97599256,3.9302514,2.3520179,1.3760854,10.65667,2.7285166,1.748712,1.1642746,0.9059233,1.3454201,1.7119097,1.6913769,2.2982752,1.8024,1.6105729,2.5029159,0.66183054,0.8757975,1.6381154,3.2782218,3.7305763,1.8150996,0.44832322,3.4659553,0.8339149,0.6455724,0.9214601,0.45077038,0.9500225,0.4198757,1.4015021,2.0994604,1.6803176,2.9633067,0.7985633,2.897271,0.51841646,1.5670483,2.6027803,1.1074036,0.5293594,1.4814932,1.074279,0.6412623,3.3847604,0.8517762,0.87483907,2.1761308,1.1296972,0.92354804,2.6568139,4.0664177,2.4753127,3.5416152,2.8922164,0.57675254,3.0104725,2.4943223,1.4317231,3.1167731,1.8768871,3.854346,2.444325,0.79321855,2.363263,0.51811945,0.53311175,0.46674034,3.0287037,0.6957194,1.6479278,2.5023558,0.43536803,0.5859911,2.1106353,0.6837036,2.163502,1.9233958,1.1625899,0.7715953,2.884351,1.5035254,1.88007,0.6163178,2.6439648,0.53438187,1.4471129,4.259517,2.2337983,0.48118898,2.7020586,3.4463995,3.937502,1.6486396,0.3416233,2.6494303,1.3109125,1.9290416,3.7220678,2.8779163,2.0621815,2.4042325,2.3527231,1.308015,2.8989434,0.99674225,1.1112978,1.2664067,2.172252,1.9224294,1.7137104,2.732405,0.4233264,1.3054293,0.40381217,0.41454065,3.8511033,2.3386714,3.0583444,2.4660037,3.3778849,2.0177627,1.1320379,0.19590709,3.0658476,1.2925655,2.1079438,3.1060386,5.421207,2.589756,2.842096,3.28438,1.8404034,4.3765273,0.8509503,3.8914723,2.4858003,3.6345682,2.3960843,1.7877403,2.769597,2.8136604,1.3005557,1.2933646,1.157428,2.000734,3.2627268,3.2214215,3.310338,2.562761,3.1973753,0.4622263,1.9997425,2.7607288,3.7174385,1.2314618,2.3891246,1.4306915,0.6546208,0.830612,2.954174,3.897965,2.629276,0.7881437,2.6302958,2.373551,3.5505123,2.0322816,3.1108897,2.7067945,1.4268948,3.5464258,2.0008876,1.3653544,0.8710869,0.56268346,1.1094607,1.0740154,3.493779,0.77028096,2.148518,3.0984113,4.21281,2.587137,1.2582371
3.1105788,2.4827702,4.4926915,5.5675735,4.5616446,4.1741986,3.3032186,3.648008,2.776088,4.3529606,3.4140964,3.450241,4.372076,3.4763703,5.2955112,3.324468,4.8247786,3.8515446,4.0791454,3.7268178,3.5805097,2.8209054,4.3409615,4.014333,3.8504066,3.2845292,3.6939492,4.244375,3.3394923,4.133893,3.4788845,2.750219,3.3517253,4.3450303,3.2739677,4.6423535,3.0656977,3.0754812,5.7865634,3.5339084,3.2615235,3.519151,3.420494,3.2125747,3.9189103,3.2665555,3.0129561,3.5061457,3.204722,2.9014163,3.4371169,4.307134,4.0201287,4.7344813,3.0683172,5.1565757,3.5602582,3.1630008,4.538302,4.3855696,2.8459566,3.8174787,4.2378664,3.7924151,5.262432,4.0080967,3.0163264,2.2355611,3.1228845,3.4699795,6.3676972,4.059438,3.3167005,4.0995646,3.974885,3.2811408,3.0802853,3.0005784,3.4511924,3.4623146,3.0930376,2.7656755,3.5218413,5.3210516,3.2785087,1.577963,3.4003136,4.627171,4.4201255,3.4210882,3.6753063,2.098824,2.0557969,3.364664,3.409953,3.9765162,3.272723,4.7486954,3.280287,3.8177688,2.7575984,1.9713664,2.6760304,3.2438037,3.1927228,3.3029234,3.20602,3.5542185,1.6492597,2.6760304,3.0182014,7.6875534,5.079668,2.3090703,3.5322125,3.1218898,2.9918559,2.65956,2.4858952,2.7648823,3.5864527,3.0646718,4.3795795,3.4529483,3.2473242,2.9102433,3.8062525,3.584493,3.1172652,4.200969,4.327764,3.2028925,3.436876,3.3512452,3.464327,3.4090714,3.52278,4.4593706,4.409167,2.9143074,3.9131253,3.2196176,3.677853,3.5440068,2.969534,4.1218867,3.5132864,3.550299,4.357121,2.8731534,3.3571343,5.531101,3.4061134,3.4437969,2.251505,3.276815,3.6255848,4.4561152,4.3798413,3.818537,4.2007303,3.720813,3.6169715,4.1722665,4.1342196,4.0269327,2.460742,3.8387823,5.722154,4.410212,3.4157212,3.2611182,3.4636886,3.3727043,4.1848474,4.4471846,3.3923798,2.717,3.317324,3.4827106,3.5004387,2.8540115,3.3938906,4.4258485,4.568079,3.2674289,3.4104612,3.1389186,2.7451525,4.0532203,4.2310233,2.1167443,3.4223273,2.981809,2.3967128,3.9392242,3.5640311,4.0329933,4.3620996,4.4702034,4.6625276,3.968138,4.168461,4.074628,4.4707274,4.743691,4.0404677,3.9586027,4.1137424,3.0737221,3.282053,5.167339,3.3047867,3.2369244,3.3725052,4.2892933,2.9340699,4.111542,3.7875867,3.6074612,3.3482358,3.8734322,4.1404514,0.71029013,1.9152474,3.5197117,4.4672904,4.3285513,2.3870742,3.0659602,3.7272694,2.181545,4.125204,5.3083606,4.467664,3.8324122,3.9381607,5.311054,3.642535,4.651563,6.3214197,3.1920025,4.508252,4.5453367,3.5453062,4.025738,3.07449,3.973438,1.911461,3.7695749,3.5670106,2.9082944,4.312933,1.5922537,2.1427717,4.2509966,2.7207975,4.532345,3.471272,4.3359203,4.8584013,5.744043,3.0769641,3.823616,4.688899,4.326828,3.3067434,3.8578222,3.9131334,2.073446,3.212637,4.514848,5.454255,1.5843279,3.1276767,3.5259066,3.9805033,3.325527,5.4775047,2.4584813,3.1416917,3.3838441,3.4466562,3.3524673,3.3583221,2.4265702,3.293413,4.0989428,5.6289935,3.660697,2.1366844,3.0954483
2.9259582,2.4874818,3.789198,4.3935385,4.0220222,3.7197075,2.9709778,3.2075024,2.643324,3.7892516,3.0457773,3.0851457,4.190082,3.1174827,4.517425,3.1652143,3.9276526,3.7010667,3.8184278,3.9740756,3.2718837,2.9920225,3.4642222,4.326906,5.372531,2.535636,4.57123,4.4213624,3.003201,4.462683,3.0772872,3.2780886,3.2565696,3.9312472,3.1443236,4.2461843,3.005339,2.9564848,6.2895694,2.6241226,2.7479508,3.1350615,3.0796669,2.8384717,4.093038,3.4753647,2.9410148,3.24971,2.4141304,2.760839,3.0651588,3.3312333,3.1323214,4.0054083,2.233902,4.3358974,3.0208948,3.2086241,4.1811247,4.318177,2.529241,2.6735196,3.9223917,3.2881472,5.200466,4.5456877,2.4567635,1.6708395,3.2141716,3.0356326,5.385209,3.1677783,2.9538658,3.844311,4.504287,3.2036436,2.6093981,2.944833,3.2265048,3.258358,3.1167262,2.6882198,3.1648293,4.485771,2.674319,0.53884494,3.2571917,4.056733,4.262851,3.0181787,3.8557827,1.426462,1.41806,3.2448616,3.043611,4.4863453,3.7278392,4.058991,3.284667,4.2712283,2.52579,1.8131856,2.643297,3.2748346,2.744817,2.8505843,2.89586,3.2098637,1.0778327,2.643297,2.6180427,8.354208,4.522332,1.6377841,3.3634217,2.7256238,2.4616897,1.8629681,2.1095839,1.6991584,2.9259026,2.6052694,3.3102727,3.198507,3.0896182,2.1905973,4.435089,4.391635,3.1506915,3.7046456,4.112297,2.9236567,2.9652011,2.6939764,3.100957,3.3192039,3.1082728,4.3351173,4.0952888,3.0557516,4.147037,3.0482872,4.0404024,3.0719852,2.2085276,4.48611,3.5576174,3.042086,4.0614634,2.3504086,3.0977561,4.3780456,2.7047083,2.9658797,1.6553903,3.325104,3.190688,4.3180876,4.2905197,3.453002,4.4108357,3.9032943,3.2922995,4.2095003,3.9911458,3.7998762,1.2378851,3.9191508,4.7894297,4.1521907,3.2476585,3.483011,3.0957406,3.0649354,3.7060087,4.795676,3.1431665,2.470622,3.5443654,3.1296823,3.0052435,2.5279071,2.9401064,3.498973,3.9136503,2.9294806,3.2349062,2.0952344,1.9535639,3.3201284,3.6135793,2.0210402,3.029354,2.5062788,1.2314838,4.3817596,3.1039915,3.92796,4.3179607,4.337688,4.567155,3.4182496,4.002557,3.6717653,4.0899086,4.2012005,4.4305787,3.3285995,3.711163,3.175112,2.6214693,5.552367,2.560947,2.4260159,2.6379313,4.2923484,3.3140132,3.3470216,3.5502577,3.1494415,2.9455068,3.4322448,3.7440853,2.2828145,1.0536562,3.5631607,4.4579754,3.983719,1.8629737,2.829944,3.3155613,0.9503812,3.8806832,4.297375,4.8904176,4.7285194,4.3757877,5.655001,3.8817384,4.2675567,5.32354,2.9120088,4.4634404,3.912074,4.364215,3.525073,2.9360898,4.376865,0.676678,3.631114,3.395558,2.2035449,3.3657825,0.47243813,0.8060943,3.9832857,2.737151,4.1127343,3.129457,3.5521073,5.066496,4.569759,2.2510726,3.5255282,4.1824,3.7662718,3.0911093,4.4544888,4.5266395,0.8114429,2.9107642,4.0333657,4.346792,0.5204374,2.5606115,3.789507,3.9873629,2.530159,6.0542016,1.6048086,2.3248897,2.9530318,3.084555,2.594848,3.352639,1.2268294,2.8962824,3.7195315,4.3523183,4.4892774,1.751199,2.2876785
2.3911784,2.4124632,2.4452674,3.9672842,1.6849118,1.3611127,2.4023297,2.6800451,1.9421781,3.0652347,2.3638833,2.5989053,2.7396784,2.561415,2.7399938,2.77024,2.8132625,0.7662542,1.107807,3.0399864,2.7265675,2.2114058,2.8708122,2.7903526,4.101299,2.6586432,4.2230105,3.1151867,2.5630515,2.2625601,2.7672672,2.0949938,2.4421787,2.2821436,2.4427152,2.8152559,2.01078,2.6883495,4.39013,2.5628204,2.6666958,3.6597304,2.4335482,2.4981632,2.342465,2.1052012,2.0239105,2.6205468,2.7227414,1.8713126,2.4372559,3.0217872,3.0041933,3.833118,2.863198,2.6029825,2.7306967,2.3116403,1.6003754,1.1078366,2.5894074,3.0442777,3.467931,3.4912715,3.457177,3.1225693,1.4787576,2.3292475,2.246819,2.7691348,4.156612,2.9273386,2.737413,2.9325702,2.017938,2.4478133,2.642202,2.2688007,2.4102614,2.4062054,2.1021867,2.4789834,2.4949317,2.7623477,2.9635334,3.2994273,2.415814,2.4306126,2.667416,2.564092,2.9486477,2.408794,2.4281485,2.4192593,2.356158,2.252028,2.7549584,2.5894408,3.3352804,3.637567,2.1585422,2.2964208,1.9114082,2.4430592,2.6250126,2.610359,2.7358255,2.4781432,3.3324041,1.9114082,2.4306011,9.005631,2.2070048,2.474839,2.4893293,2.6443636,2.7144399,2.925196,2.1803534,2.695963,3.1691203,2.9941332,3.0268774,2.4162695,2.3964243,2.7900655,1.6236831,3.4290445,1.8923738,2.9890301,1.3025442,2.7165048,2.759508,2.6509507,2.4879339,2.424619,2.4981086,3.2170522,1.9715078,2.1650937,0.8449694,2.4559762,3.1779592,2.6572108,2.8862019,2.219317,2.743521,2.7199967,3.0195086,2.4451818,2.4396253,3.8734965,2.774884,2.6029508,2.366275,2.722804,2.5281937,1.408905,1.8682016,1.344042,1.0895696,1.2797031,2.6415863,2.2348993,2.2617826,1.7999415,3.7102828,3.0136988,3.312684,1.4004744,2.403539,2.8801124,2.5816195,2.533878,2.8110433,1.7482661,2.391972,2.3681219,0.9581404,2.5365407,2.770071,2.1728144,2.7521005,3.0362895,2.3292708,2.6948,2.4102414,2.192738,2.8860326,2.940407,2.9932358,3.0891428,2.599304,2.731678,4.5277915,2.5071287,2.7928782,1.8690252,1.0902498,1.6381721,3.2526488,2.8231888,2.2106616,1.9463519,2.7370741,1.9747545,1.534468,3.1749978,3.3026137,2.0744414,3.0947652,3.3685772,2.6471074,2.7963622,2.943067,2.5474303,2.2744615,2.898761,1.0832988,2.7828748,2.7696676,2.7693036,2.9359775,2.9598055,2.6735885,0.29847524,1.7292262,1.5435946,2.2032278,2.109589,2.7118258,3.6835542,3.2118015,4.089172,1.9214547,4.2835655,1.820286,3.858056,3.4106963,2.211961,4.048685,2.705252,1.4185337,3.6218703,2.1601431,3.6142845,2.06331,1.4876962,2.9820664,2.6635306,2.8388658,2.5604267,3.0586562,3.1457436,3.7068446,1.1617186,1.924128,1.8995987,2.4810772,3.0562224,3.114948,3.9713356,2.8458207,1.2318164,2.9568093,3.0071602,2.6213098,2.2123322,3.343091,3.2323678,2.3041348,1.6290152,4.1972857,3.2830393,1.4080226,0.7903602,2.138544,2.5524542,3.965265,3.0052652,2.878634,2.600507,2.7608984,2.8422816,2.4166932,4.031896,2.7325711,2.8391657,4.0668917,3.5398834,2.3343909,2.8601046
1.9912785,3.4619465,2.0918653,3.97231,2.5284252,2.5697598,2.092372,2.1327438,2.5852914,2.140123,2.0005684,2.0930264,1.4339216,2.0265229,3.5962727,2.097702,2.71338,1.8065927,2.777602,1.9095794,2.1904964,2.7937093,2.7662807,1.966803,4.3201284,2.610776,4.708807,1.463451,2.0496993,0.8402962,2.374414,2.836075,1.7169929,2.1030037,1.7997149,1.4758945,2.6860566,2.3799398,2.4298844,2.7484586,2.3605223,3.274907,2.004698,2.1734653,1.755423,3.3938286,2.9628096,2.132374,2.761774,2.5678227,2.015934,3.1437416,2.7817166,2.8473275,2.954749,3.1486988,2.472845,2.1065261,2.9632301,1.9933254,2.4132469,3.3568664,2.2479749,2.9356773,1.4258568,2.2944245,3.2560446,3.4300244,2.480814,2.4361477,4.623105,2.838358,2.4562604,1.6744694,1.3960177,1.7661978,2.4144723,2.5084677,1.737548,1.7005601,3.2948956,2.5635781,1.9191573,3.2898881,2.6544967,4.6538568,1.7039698,2.6517885,1.3142633,2.0378585,1.8229547,3.4831414,3.5565722,1.7137299,2.0216842,1.1847115,1.962492,2.2305348,2.9910443,3.0090158,2.5821896,2.967547,2.9636822,1.7121122,2.349492,2.2301867,2.4808457,1.8134884,4.8673716,2.9636822,2.749055,10.287068,2.3401263,3.0824528,1.6430619,2.313536,2.5972676,3.1765099,2.853685,3.3944554,2.8431678,2.7451727,3.2528646,1.775566,1.8255218,2.9058893,1.6814482,2.9192367,2.2813435,2.0478957,2.8685465,2.439914,2.504983,2.4483535,1.9935309,1.6344838,2.081918,1.5908091,2.0716147,2.304716,1.6439375,1.9385873,2.3713381,2.3397272,2.9583986,0.85035145,1.9419323,2.4216402,1.6901746,2.624558,1.8947052,3.9417908,2.5549073,2.1381276,3.3570168,2.100312,1.9123584,1.8144311,3.6098678,2.5159287,2.4141018,1.6285871,1.8753718,1.8612014,1.6696918,1.2260628,4.408887,1.7786984,3.7861555,1.6719759,1.702629,2.2498345,2.0104144,2.030613,1.9680182,1.1302707,1.8011072,2.8435006,1.4994943,1.9911708,2.486866,3.0691247,2.5140107,2.8842793,2.0249796,2.1982813,1.7242141,3.6291268,3.0967882,2.5922337,2.1870408,3.4139776,2.080287,2.58398,5.5614796,1.1209958,2.4036212,1.7314707,2.458741,3.326531,1.4655828,2.1124847,1.8056803,1.4405402,1.7029727,3.2542462,1.1097968,2.736727,2.653193,2.807898,2.8260088,1.6141527,2.5855098,2.7908196,2.73625,1.1255908,2.2250836,2.5231676,2.0668712,2.35472,2.290661,1.954987,1.9604943,4.148972,3.5644398,2.304361,0.80820525,3.060671,3.147412,2.2091424,2.0708017,4.421639,1.9584839,3.3702464,1.1531351,4.7048874,1.3344538,1.9639206,2.9624553,1.7808763,4.3215694,2.4481187,3.0001512,2.9608157,2.2276,3.0317538,2.579159,1.203839,4.083173,1.5689716,1.9426439,2.7704537,2.8918815,4.394268,4.5445285,2.6750133,3.0855746,2.48541,1.9658017,2.6549911,1.2550833,4.184922,2.9248092,2.300663,1.7804402,2.067743,1.988684,1.3663577,2.9194665,4.028365,2.1283286,2.1589715,3.6232028,4.6244497,2.4340127,1.9684983,1.7033333,2.6272752,2.268175,3.3994963,2.898732,2.1223245,2.3460274,2.6912625,1.6135391,4.7924643,2.5183523,2.1628175,4.074454,3.3364255,3.5640235,2.8978846
3.0136058,2.474852,2.4232526,3.8317919,1.3151199,0.64803797,2.8026097,3.003098,2.1800122,3.2837696,2.7498999,3.0254793,3.5434988,3.0019042,2.352122,3.616472,2.728663,1.2621839,0.59063864,4.119496,3.0475116,2.4738605,3.1448426,4.0150023,5.3743525,3.0050392,5.5371337,4.0465703,3.1112592,3.0717268,3.0522153,2.562681,3.132865,2.9431927,3.1508412,3.2141235,2.0696952,3.1659737,5.2449727,2.8697147,3.1394465,4.502031,2.8422904,2.9835567,3.5206857,1.9456296,1.9586495,2.962986,3.1859355,2.0320508,2.837402,3.2773943,3.3407266,4.092746,3.1902876,2.171988,2.887648,2.775291,0.54756624,1.5558738,3.2953835,3.2462144,4.1221514,4.227831,3.9767833,4.422138,1.3801898,2.4450004,2.5166135,3.0175877,3.8828664,3.2802002,3.0390034,3.55505,2.877727,3.1604106,3.2555418,2.5336154,3.0037878,3.015427,1.9117924,2.9068053,2.9579508,2.3242624,3.4555428,3.5856435,3.0634723,2.8503506,3.4751103,3.1662583,3.9788373,2.6062236,2.6090968,3.0882761,2.72028,3.1746185,3.6210248,2.7713938,4.391211,4.899564,2.445924,2.846116,2.0171163,3.230595,3.0726438,3.1027844,3.0844328,3.1259975,3.5402925,2.0171163,2.5424948,9.906133,1.7626503,2.875837,3.2641835,3.2319593,3.3399732,3.4191175,2.4555676,3.106201,3.7917886,3.7063892,3.1230006,2.9865615,3.0680122,3.3556283,2.8489404,4.786714,2.1726837,3.2853441,0.6283401,3.0845716,2.975045,3.0764897,2.9194374,3.1347647,2.824184,3.8675823,1.593783,2.6296434,1.833692,3.0695674,4.3879375,2.8676124,3.4073524,3.3325782,3.314848,2.9100118,3.6833425,2.7736442,2.990371,3.740697,3.141749,3.1592383,2.5234888,3.3183155,3.104313,1.3287498,1.0351642,0.705595,1.4771012,2.5073478,3.1859965,3.3150892,3.195863,2.1372375,4.183898,3.9738579,2.9118607,1.4608452,3.0388691,4.0039253,3.085404,3.0169175,3.0193837,2.6220648,2.9750073,2.5762131,2.2414658,2.9862695,2.9706194,2.096306,2.980308,3.2726893,2.4338024,3.4014995,3.0345805,2.0268896,3.3090882,3.43584,3.2415276,3.9929073,3.0956876,3.4132838,4.894269,3.4633648,3.0270848,2.838593,1.1764139,0.89631355,3.9212253,3.1171916,3.1310165,2.2369337,3.382603,1.6005632,2.633842,3.816979,4.1149273,2.1604803,3.6246078,4.0105834,2.9998162,3.129616,3.4177318,3.4808114,2.9117002,3.3143952,1.8261136,3.0205739,3.4741864,3.1846783,3.2444534,3.8158052,3.0763419,1.3436754,2.45725,0.29407117,2.361687,2.4467874,3.0437362,4.139116,3.8984172,4.116443,2.8480148,5.613737,2.6128101,4.5245233,4.6030836,2.0152268,3.7426622,3.0670106,1.172823,4.246558,3.5480397,4.374229,2.162799,2.4487522,3.2108278,3.4558203,3.631477,2.8806605,3.29636,3.435448,4.1350017,0.8947673,1.9704342,2.2937996,2.9183726,3.4668741,4.087064,3.7303214,3.190105,0.82136977,3.333666,3.274665,3.2753541,3.4584625,4.6913676,3.5993307,2.6830308,1.506604,4.1264725,3.564503,1.7589356,2.1152544,3.211604,2.973583,4.7234087,3.515426,3.3055954,3.1864152,3.0793629,3.2480628,3.1696584,4.5052295,3.0016642,3.622836,3.68657,4.9272933,2.4396064,3.2470732
2.2548246,1.3231112,3.0643861,4.198617,3.2483943,2.8012702,2.1656787,2.4558167,1.5178868,3.1031256,2.2492337,2.3653262,3.745588,2.4010916,4.0208054,2.848927,3.408164,2.8352678,2.9460127,3.6619935,2.4404678,1.8683733,3.1887197,4.068628,5.081321,2.044256,4.907346,3.9163556,2.3878596,3.6124012,2.2725108,2.2353375,2.5990658,3.5698996,2.5352097,3.5844545,1.8156874,2.1678467,5.6095786,2.2976632,2.2074056,3.328439,2.2972531,2.1670935,3.7745104,2.3193152,1.720495,2.389343,2.154467,1.6061411,2.2963943,3.1893492,2.8861647,3.5816343,1.8250285,3.737887,2.1838417,2.2522378,3.2430599,3.5204504,2.1569297,2.5933535,3.5558138,3.302216,4.4618697,4.3249474,1.7206786,0.45717287,2.1118402,2.2165773,5.136845,2.9687989,2.1322722,3.2939992,3.5978324,2.564369,2.2277591,1.8699847,2.544326,2.5767782,1.9126827,1.7862947,2.4590523,3.9120274,2.3110418,1.1743833,2.577851,3.72698,3.7885656,2.5203228,3.5077507,0.32185206,0.24470058,2.5746922,2.2242718,3.6517162,3.0373776,3.5374312,3.4181812,4.3046923,1.4867494,1.0783151,1.4514182,2.648917,2.1117194,2.271198,2.0886314,2.6945052,1.3564166,1.4514182,1.5699812,9.11727,3.6624928,1.0558563,2.8552573,2.237291,2.18851,1.7410262,1.0776612,1.7512852,2.865445,2.4890277,3.108226,2.5144935,2.4491267,2.055556,3.7167013,4.2945538,2.0355449,3.024091,3.2025363,2.114409,2.1349206,2.2207305,2.3659058,2.6710436,2.3111706,3.7480183,2.9917605,2.0454361,3.305889,2.3691452,3.904706,2.229558,2.0588038,3.8671548,2.7623632,2.2126937,3.5976615,1.5742178,2.4029284,4.1799016,2.2190843,2.485107,0.5117376,2.5620265,2.6792595,3.3143222,3.3208828,2.3881774,3.4905584,3.3552005,2.673445,3.8716547,3.6180398,2.8867397,2.0680199,3.5487683,4.3406434,3.2443674,2.5691233,3.3178227,2.4561806,2.3514948,2.9209647,3.9525135,2.4647725,1.3989549,2.8775122,2.4142578,2.1808498,1.3015496,2.107394,3.2431293,3.2721303,2.5578766,2.551727,1.6375413,1.668237,3.1089315,2.986547,2.316161,2.404419,2.2785916,2.4588244,3.6446633,2.2953444,3.5083375,3.4536386,3.418833,3.9729414,2.7507734,3.644281,2.85907,3.6586616,3.5804005,3.6708071,3.2493007,3.6591325,1.989883,2.4067347,4.6711235,2.0728095,1.9980928,2.3729625,3.8025322,2.3826857,3.0580533,2.956352,2.343196,2.646376,2.7892065,2.995331,2.198323,0.79027265,2.790702,3.7025948,3.0225823,0.7300842,1.8570049,2.559605,1.8049272,3.4481096,3.9453425,4.0654154,5.0374007,3.434745,4.8569655,3.967689,3.2582133,5.0010214,2.094445,3.6032581,3.866184,3.9051347,3.5827959,1.7757443,3.5103943,0.61575866,3.1430123,3.0005457,1.5868006,3.1109693,0.889197,1.782567,3.1666667,1.5464727,3.631506,2.3843358,3.3149543,4.54015,4.3561234,1.8569025,2.4696157,3.6074042,3.1162004,2.5250046,3.866206,4.469681,1.2054275,2.0468414,3.2530875,4.0155554,1.1304924,1.8738753,3.15598,3.630048,2.1924152,5.233202,1.6476126,2.0633552,2.4685433,2.2857459,2.229974,2.6958315,2.2542129,2.0613673,3.4938776,4.0128884,4.5024614,0.5464781,1.9458995
1.1965301,1.3382049,2.1357975,3.7811384,2.786389,2.386349,0.9481974,1.2352759,0.7029295,1.9208367,1.0419701,1.1814692,2.853427,1.2236433,3.7967598,2.0652866,2.7366385,2.2760289,2.7267647,2.8897688,1.173835,1.2491845,2.6365306,3.4857624,4.9901204,1.2254993,5.110701,2.9259706,1.3166302,2.6021926,1.0243899,1.8438268,1.5273393,3.0176272,1.5110818,2.4746833,1.1025857,1.041014,4.537204,1.7892861,1.2320327,2.9465196,1.0869467,1.0681183,3.2116444,2.203877,1.2743043,1.1223922,1.5990394,0.82638454,1.0968045,2.8127894,2.2627888,2.561772,1.1627735,3.3172247,0.9366831,1.138185,2.9371207,3.0296736,1.4390067,2.3359332,2.5664473,2.738718,3.256265,3.7806337,1.9906626,0.92800057,1.199974,0.96517587,4.919041,2.448879,0.89629453,2.2062855,2.7700217,1.5183679,1.4561502,0.85159814,1.431432,1.4666754,1.7455808,0.7532752,1.3009964,3.5067542,1.4945158,2.3909812,1.4792358,3.3207695,2.8920538,1.5744178,2.695477,1.0011277,1.0834109,1.4901828,1.0006152,2.7492669,2.1172583,2.7968483,3.0765188,3.9005446,0.41685262,0.8663602,1.1514392,1.6435968,1.0452429,1.2452282,0.8858223,1.7391483,2.6321983,1.1514392,0.37340868,9.951947,2.93311,0.82960445,1.9060525,1.3249986,1.5554475,1.4450032,0.34051332,1.8539299,2.3162992,1.9319929,2.7454438,1.3964694,1.4027712,1.6420635,3.1782348,3.9168804,1.1371441,1.8333923,2.952024,0.9126942,0.88618696,1.3597555,1.1848199,1.6076331,1.0801841,2.6111665,2.0569956,1.1042848,2.7658079,1.2776216,3.349175,0.9639472,1.6062849,3.0491366,1.6014003,0.95982873,2.595901,0.50208,1.2755672,3.7889054,1.3278586,1.5595864,0.7954115,1.4509636,1.7238278,2.5788608,3.286384,1.8913568,3.1195557,2.8886082,1.5667073,3.3477063,2.9786968,1.8213108,2.5677097,2.6754632,4.0010543,2.4988253,1.4690338,2.750956,1.3482723,1.1878841,1.6864696,3.186543,1.3609923,0.4658123,2.3574471,1.2411411,0.9330385,0.8449537,0.859792,2.6802752,2.4602237,1.7339416,1.4453664,2.0249946,1.2185719,2.487529,1.8675672,2.3559265,1.3126963,1.6792439,3.4030874,2.6836526,1.0441831,2.9716537,3.0954945,3.2985904,2.8417583,1.5984509,3.0635118,1.836588,2.8005376,3.4207237,2.9759681,2.6804268,3.0795898,1.4151722,1.7353631,3.5630424,1.253388,1.2585552,1.691084,2.930013,1.5318716,2.3701968,2.5824711,1.089428,1.8861579,1.6435361,1.7520897,2.8063343,1.3110975,2.5544868,2.865684,2.790415,0.62739336,0.65018976,1.3291354,2.3858838,2.4309497,3.1020691,3.2917047,5.2043014,2.596689,3.7000022,3.6166494,2.2057316,4.661463,0.8900829,3.3976243,3.263411,3.5355294,3.0532293,0.88384736,2.7736492,1.6511544,2.1759508,2.0982795,0.7728468,2.5286627,2.0649226,2.4738054,2.8978744,1.3658612,3.2577457,1.195013,2.6696682,3.6046276,4.0299006,1.1988137,1.8932973,2.5637715,1.9660572,1.5000703,3.1809525,4.1256747,1.7788241,0.8118026,2.6611722,3.2480972,2.346058,1.5357846,2.8308783,3.0644307,1.6027894,4.1805224,1.5843,1.4882102,1.5358773,1.0436022,1.4828635,1.6478062,2.8820508,0.8227091,2.8271222,3.520891,4.283975,1.1735982,1.3098983
0.780073,2.4083502,1.7624927,3.413874,3.0249496,2.8497238,0.5498009,0.3807482,1.6078928,0.96451664,0.56788605,0.41486397,2.2108393,0.47141045,3.96406,1.4575608,2.4122586,2.610433,3.307904,2.3429718,0.58357924,2.0534327,2.2286346,3.1538868,5.305752,0.77254707,5.256588,2.25186,0.59987926,2.4143794,0.3993855,2.6127586,0.98640096,2.757033,0.967384,1.7134212,1.9454186,0.8506345,3.9664695,1.5506511,0.5299361,2.4031255,0.5375711,0.48841453,2.9604385,3.160486,2.2304354,0.6866887,1.2441195,1.7111772,0.5106801,2.5068939,1.7100067,1.4867158,0.8857578,3.3695781,0.43543246,1.3001525,3.4758217,3.302469,1.0716003,2.1334772,1.5720155,2.053357,2.4922788,3.4791873,2.7983642,2.0095458,1.7751577,0.41014507,4.8504653,2.011851,0.51261914,1.3145556,2.8857987,1.0040705,0.94723547,1.4611777,0.8196765,0.8625669,2.740105,1.1496727,0.5785765,3.5447598,0.77891636,3.216697,0.9178286,3.185392,2.2854705,0.8822558,2.1222482,1.993681,2.1001039,0.9473113,0.58176094,2.6922083,1.9191711,2.4084408,2.691312,3.5426931,1.2661271,1.604658,2.1768098,1.1968797,0.39693546,0.51720876,0.59115636,1.0750586,3.5684857,2.1768098,1.1450286,10.439516,2.9490826,1.3860681,1.2802424,0.7225838,1.1357433,1.36736,1.4029043,2.0341434,1.7157114,1.4304324,2.5007734,0.76969236,0.88995385,1.3894696,3.3908455,3.7363203,1.7617615,0.85199577,3.528585,0.62139374,0.43221986,0.7662341,0.50586045,1.0542321,0.4686047,1.7228496,2.2786543,1.5840591,3.086396,0.77109855,2.9416656,0.43969277,1.3005824,2.8072264,1.1841092,0.4016616,1.7485573,0.7375816,0.67514503,3.4629915,0.6559467,0.85795695,1.8478179,1.109969,1.0242413,2.8409252,4.072291,2.5029333,3.636652,2.9935465,0.7361507,3.1453023,2.6489682,1.6786094,2.7611406,2.009413,3.9775798,2.639266,0.89570075,2.3582337,0.56016314,0.52039886,0.87706625,3.244068,0.7692133,1.3952906,2.5695293,0.5057785,0.3993575,1.9058422,0.45688018,2.2241664,2.138093,1.1007993,0.86909795,2.6910117,1.1330698,1.923416,0.9213963,2.376678,0.5201054,1.2595642,3.8604448,2.423898,0.36829787,2.8324575,3.551249,3.977343,1.9888141,0.65620846,2.7928646,1.5580084,2.1650329,3.7891588,3.0499103,2.0709908,2.4573832,2.2516484,1.0957355,3.2017539,0.7881374,0.83555,1.0927364,2.4080648,1.8646743,1.7801143,2.8024566,0.36990047,1.2514732,0.70409495,0.8385068,3.5692687,1.966384,3.0848823,2.720205,3.4191744,1.7177428,1.0147926,0.4682075,2.679955,1.4968021,2.262758,3.3214264,5.3287377,2.7504978,3.148285,3.2705429,2.1137295,4.5113745,0.635968,3.9659574,2.5610669,3.6896877,2.3832002,1.6726304,2.9335268,2.4296963,1.4736209,1.3653728,0.80492264,2.0398164,2.881113,2.8352096,3.38054,2.3955662,3.315377,0.53449816,2.083784,3.0403006,3.793367,0.8993497,2.442462,1.7647709,1.0184476,0.8203195,3.09509,3.9328551,2.232063,0.6879714,2.7875724,2.5020332,3.1726005,1.9539739,3.1687243,2.8348994,1.2909467,3.8173583,1.6448485,1.1028532,0.8396157,0.43499357,0.9095983,1.1632497,3.1233337,0.52883744,2.2603495,3.1716218,4.1986103,2.2841651,0.951747
3.6989808,3.5083857,4.5234737,4.7323246,4.8326235,4.619366,3.7900493,3.9724686,3.6374032,4.4788036,3.8566878,3.8495266,4.7860403,3.8807847,5.13961,3.7324648,4.532354,4.5973167,4.7224054,4.5183625,4.0780907,3.9920347,3.9479675,4.854719,5.966365,3.2076306,4.718586,5.052704,3.727386,5.32033,3.8710454,4.274908,4.0091043,4.504882,3.8773322,4.9378076,4.020139,3.7723508,6.9986258,3.2086182,3.4380622,3.3285592,3.8814979,3.5992978,4.671857,4.5125556,3.9731894,4.077752,2.9822824,3.7646804,3.8594003,3.7349794,3.604478,4.499198,2.8842483,5.0060563,3.8242726,4.1142097,5.093589,5.1760974,3.1789453,3.0785522,4.433286,3.588912,5.9250546,5.0494466,3.3511705,2.6935163,4.190048,3.8354185,5.7797866,3.6188042,3.7647955,4.488289,5.4164734,3.9512043,3.241027,3.902997,3.9844503,4.0161324,4.1568036,3.578218,3.9240756,5.1352525,3.2618659,1.3820554,4.0177417,4.6013174,4.8787622,3.6810598,4.4228234,2.4411037,2.4443274,4.003173,3.8650796,5.351269,4.5078354,4.681421,3.564439,4.5928965,3.4774845,2.7323852,3.677398,4.0205703,3.4840157,3.5579932,3.7072124,3.877977,1.8012918,3.677398,3.5467982,8.023587,5.34438,2.4916806,4.0311933,3.402279,3.0480192,2.4377296,3.073827,2.2331932,3.3092613,3.0781853,3.7460043,3.956365,3.8404999,2.72692,5.2792745,4.8322067,4.140303,4.4009156,5.0290303,3.7374387,3.7711494,3.3488111,3.8765898,4.065539,3.907857,4.984905,5.0498886,4.002366,5.046976,3.8156815,4.486337,3.882926,2.7391014,5.231509,4.3623514,3.8435204,4.647741,3.1853092,3.8642728,4.7277474,3.3545177,3.6170661,2.6601732,4.1235447,3.8496065,5.256627,5.245079,4.421828,5.3529925,4.6517572,3.9997914,4.7941194,4.583336,4.6726956,1.2091945,4.4853764,5.3405347,5.037353,4.0070796,3.9728568,3.8229175,3.834189,4.463475,5.673413,3.9025998,3.4279563,4.3705792,3.8934493,3.8047602,3.5431771,3.7498076,3.9567196,4.6135955,3.5336168,3.9962835,2.859872,2.5922182,3.7752693,4.277903,2.3675873,3.750911,3.066968,0.2186898,5.182108,3.893397,4.5693316,5.2186904,5.2649593,5.2191358,4.121386,4.5892663,4.4852467,4.668923,4.9408216,5.2765374,3.6980977,4.053932,4.198775,3.1245675,6.396029,3.2300074,3.0676882,3.1713526,4.932464,4.2335596,3.8439443,4.317871,3.9364202,3.5024307,4.1320796,4.482303,2.9537604,1.9575377,4.450557,5.2664824,4.9138136,2.8626034,3.7436748,4.078716,1.0747498,4.447791,4.716666,5.758785,4.8897667,5.3044367,6.430675,4.178918,5.162098,5.760044,3.7304473,5.365669,4.2078443,5.074392,3.7787354,3.9308405,5.2777066,1.6755102,4.270861,3.9860585,2.9737666,3.8251998,1.4808221,0.88911545,4.8542724,3.776603,4.772898,3.910028,4.0010095,5.7102647,4.9262486,2.894034,4.492817,4.81649,4.4408865,3.7922359,5.2038827,4.9336276,1.4782045,3.7640016,4.845209,4.7434545,1.3937907,3.3989487,4.6061745,4.588241,3.135173,6.864439,2.14873,2.8923705,3.6101038,3.8782356,3.1885772,4.1079607,0.87416077,3.7137394,4.1925874,4.765709,4.8630652,2.7884414,2.901261
1.006777,3.2219188,2.142092,3.4550004,3.3734403,3.3759732,1.3207796,1.224419,2.3997707,1.386188,1.2923826,1.0875167,1.4730005,1.0612721,4.1745095,0.47461066,2.6032462,2.879639,3.7392182,1.3192372,1.4518286,2.7972372,2.0915287,2.2440958,4.8835006,1.2268215,4.4835315,1.4470059,0.8148819,2.3378143,1.4417965,3.1584885,0.91859776,2.357282,0.80859107,1.5846453,2.7877889,1.4889576,3.460669,1.6787091,0.8915761,1.4556603,1.2389627,1.0333401,2.202075,3.9119644,3.08359,1.5082633,1.2497996,2.520493,1.2143366,2.3668318,1.5714544,1.4590927,1.4011824,3.6580718,1.605944,1.9183897,4.0105243,3.433128,0.8267004,2.1962008,0.66624534,1.1209818,2.233986,2.5348694,3.3013158,2.7596052,2.5348158,1.5106302,4.8789816,1.8225383,1.5186671,0.7901402,2.9270284,0.8984596,0.77535343,2.2853444,0.93803674,0.93854266,3.567149,1.8704035,1.023963,3.8114576,0.81947106,3.6114569,0.9472539,2.9462388,1.5999318,0.6472883,1.1190385,2.6638384,2.774033,0.9374431,1.3554771,2.5870912,1.7949483,2.3704007,1.6713785,2.460629,2.093199,2.0621023,2.9520755,0.97180164,1.0424248,0.8614273,1.5072362,0.7046746,4.025062,2.9520755,2.1578982,9.934574,3.3536067,1.9051499,0.67063546,0.7463853,0.8985725,1.498426,2.1801026,2.136546,1.0902829,0.82144296,2.5340889,0.9436462,0.88355374,1.2639577,3.1987064,2.8208718,2.4853709,1.2211084,3.982104,1.4953918,1.5745507,1.0139169,1.1130456,0.9019594,1.318246,1.1992058,2.9998667,2.2089348,3.1701076,0.9810141,1.8873359,1.5374849,1.2451029,2.3000505,1.4872664,1.5507599,1.0321931,1.5732784,0.9816031,3.4972863,1.0694638,0.7096203,2.5965717,1.4295911,0.7697922,3.2553508,4.661999,3.186174,3.9123769,2.693412,0.7621381,2.5062299,2.026912,2.0411067,2.7484741,0.9824716,4.1667576,2.9561791,0.93899935,1.3539758,0.8606379,1.0492384,1.4836597,3.1665614,0.9395567,2.282857,2.4331508,1.0516638,1.5614358,2.828967,1.5796808,2.1036804,2.2803671,0.47436947,0.94731015,3.2011638,1.472764,1.50498,1.2633985,1.9024954,0.8548366,0.86168087,4.000589,2.1315477,1.4821947,2.3758774,3.8309999,4.472759,1.4392369,1.1569663,2.2184885,1.8589735,1.5904132,4.059177,2.8725762,1.3683118,1.5041509,3.043768,0.87381095,3.1038659,1.2111522,1.2840339,0.9936831,1.6955651,2.2750428,1.4975473,2.7954657,1.4580535,0.538817,0.94550174,1.3140552,3.648521,2.37547,3.2776513,2.5837154,4.0026965,2.4920757,1.8159847,1.2220781,2.776598,0.62358314,2.3392434,3.1880047,4.534014,2.872398,2.928776,2.2142897,2.7090425,4.5731792,1.5190471,4.312465,1.7815526,3.2197585,1.4310288,2.54429,2.9328368,2.9443467,0.71054715,0.35994264,1.5074131,1.9531646,3.3131394,2.9623268,3.7230613,3.1659513,3.2224898,1.128571,1.732123,2.2928116,3.886059,1.3629128,3.073636,1.5583247,1.2894913,0.6627601,2.6023424,2.9862878,2.5522838,1.488599,3.071036,2.6547718,3.5767093,2.2989168,3.0689664,2.1969523,1.3594601,3.585754,1.7446454,1.2399783,0.65219057,1.4105705,1.0845116,0.99289566,3.11174,1.5809778,1.4663974,3.5105147,3.3026826,3.0189357,1.2774867
2.4341648,4.2437425,1.9189236,2.3700328,3.5098498,3.7078311,2.3499823,1.996657,3.4270904,1.437993,2.2429721,2.1210136,2.3325062,2.1022139,3.950182,2.2870526,2.0103676,3.6024432,4.2752533,3.041522,2.3485417,3.942691,1.8196272,3.6586483,6.766058,1.8684261,6.039987,2.8867216,2.0925648,3.6028373,2.2771096,4.4805984,2.4273655,2.7768886,2.3740284,1.8098354,3.7307389,2.7572348,4.5755806,1.918867,1.9565585,2.5328703,2.2428737,2.196763,3.471035,4.880195,3.9869998,2.4744635,1.9412036,3.4887486,2.1837769,2.0880058,1.4409281,0.6621539,2.0683029,3.3067124,2.1881666,3.1465948,4.3458543,4.0896664,2.3610086,2.045404,1.691525,1.9835161,2.751228,4.1141586,3.9351807,3.6436636,3.6344767,2.2898424,4.208496,1.7208382,2.4435253,1.8697593,4.2643995,2.4641278,2.080704,3.3500407,2.2330706,2.2564504,4.4684725,3.098968,2.0637386,3.4079404,1.8358661,4.5397277,2.3607385,3.0790288,2.4383967,1.9215257,2.8621922,3.570417,3.6879783,2.3986301,2.284703,3.999672,3.4863493,2.1168156,3.1298294,4.038454,3.1333032,3.350349,3.958967,2.6325493,2.1332767,1.9890432,2.5361779,1.9588397,4.9704685,3.958967,2.9822452,11.186868,3.2372658,2.910232,2.2117865,2.1141737,2.13528,2.4436119,3.1854265,2.747733,1.8114399,2.1822991,2.0967944,2.1954918,2.3723028,2.2207744,4.607029,4.596746,3.5480986,1.5583165,4.493375,2.5605023,2.3087444,1.7981994,2.127505,2.4117932,2.1516728,2.1700757,3.3521533,3.4678683,4.2029095,2.4011807,3.5354242,2.222871,2.1355224,3.66452,2.8212583,2.1883214,1.8220954,2.519943,2.243703,2.5017118,1.7333858,1.8298961,3.4893079,2.848566,1.8102511,3.795503,5.261508,3.6853604,4.800616,3.8325622,1.9554617,3.5074637,2.9063883,2.7180922,3.4597423,2.6356673,3.5817208,3.4039726,2.32037,3.1132803,2.0073206,2.208563,1.8067548,4.2483134,2.2254682,3.2796288,3.698087,2.101635,2.2403011,3.6410718,2.3529034,1.6763648,2.1471329,2.060603,2.3155272,3.5552726,2.3631845,1.6508453,1.3132547,3.3645356,1.9938691,2.190655,4.725646,3.6292999,2.1925573,3.2501893,4.488953,5.0267024,2.3016355,1.5774555,3.0278125,2.325316,2.0349765,4.2235694,4.104844,1.827654,2.237329,4.0606103,1.8263184,4.1439133,1.8495891,1.885368,1.719518,2.7861817,3.7114537,1.4990239,3.5061786,2.1545334,1.9747015,1.7057537,1.8533417,5.24111,3.3644028,4.201393,3.3615713,4.400945,3.387715,2.842647,1.9932437,3.5904968,1.8510486,0.5524226,4.344842,6.1005983,4.1293287,3.9440608,3.6712365,2.8904984,3.7792351,2.5779147,4.936986,1.8489058,4.828873,2.1069002,3.4702404,4.1534166,3.7759206,2.1931243,2.1450639,2.3249557,1.5307353,4.246094,3.7530997,4.219698,4.163725,3.5446713,2.159565,1.5578161,3.384874,2.9137588,2.0444322,3.6323009,1.5294487,1.3804711,2.2137802,4.149426,4.5528846,3.3864317,2.5176632,3.2614272,0.90359735,4.5018454,2.972307,4.216937,3.2598774,1.9200429,4.768646,2.6979494,1.9468757,1.9065868,2.3182342,1.7363158,2.565956,3.8388917,2.4591224,2.1914864,2.1750555,4.9910955,3.960299,1.9976221
2.5962987,3.4534411,2.8996923,4.7841387,2.8135202,2.7105691,2.7028325,2.8650703,2.7640262,3.05217,2.6551068,2.7910755,2.3630524,2.7380764,3.939743,2.82166,3.5019257,1.8865385,2.6870825,2.4963818,2.8203282,2.7928815,3.5812194,2.3239431,3.6554382,3.3239756,4.5846934,2.1986015,2.766586,1.0012423,3.0056045,2.581547,2.3829687,2.7470837,2.4712672,2.5040376,2.7553384,2.861215,2.604074,3.4680784,3.077201,3.9820807,2.664635,2.831767,2.143176,3.0979483,2.963205,2.7194743,3.4721794,2.7181547,2.6926281,3.9047728,3.6317437,3.8344667,3.6152823,3.62934,3.1149533,2.4165437,2.9112036,1.8925387,3.0318272,4.0806265,3.1783307,3.7474153,2.3117375,2.4818711,3.3544402,3.6358545,2.5849226,3.0575404,5.1434903,3.6510565,3.0299819,2.6114123,0.81385225,2.4114594,3.1084764,2.7333615,2.4576018,2.4215882,3.1572692,2.9013903,2.6570408,3.769082,3.3988667,4.8133235,2.3904018,3.203153,2.2407634,2.8166375,2.462472,3.7256236,3.7697842,2.3862867,2.6588833,0.9188309,2.2065969,3.0446806,3.5393271,3.3402755,2.8844512,3.2323961,2.9676557,2.3099108,3.0142465,2.9505424,3.0261426,2.627879,4.9256372,2.9676557,3.1243699,10.022185,2.7758546,3.5054357,2.432077,3.0009992,3.27399,3.765951,3.1528153,3.923818,3.6416209,3.4395406,4.0012493,2.4991522,2.4836483,3.5558612,0.9121329,2.9572873,2.3837664,2.9440775,2.706366,2.9792986,3.1140127,3.1958401,2.69629,2.3249762,2.762234,2.5302818,2.3354852,2.4629455,1.2406145,2.5682113,2.7936885,2.97962,3.627052,1.0789503,2.4549654,3.06756,2.6836593,3.1465826,2.579101,4.7265716,3.30908,2.9247887,3.6070156,2.581572,2.747002,1.8267535,3.2657642,2.612372,1.8918487,1.6379944,2.6750915,2.243044,2.30845,1.844072,4.8892446,2.515408,4.306983,1.9253067,2.4018154,2.755744,2.7577903,2.7084236,2.8051007,0.40319735,2.5075648,3.1168087,1.4790246,2.7071593,3.116862,3.2251248,3.1095717,3.724562,2.811509,2.9398088,2.4201584,3.9315736,3.6936586,3.4452085,3.1030176,3.8218508,2.8204708,3.2569354,5.894103,1.3059388,3.0569465,2.1734748,2.2015374,3.0291462,2.4305882,2.968218,2.382836,2.1950023,2.6460109,3.3812203,0.58382595,3.5726457,3.4597776,2.7523515,3.5795407,1.6789731,3.3051572,3.4963903,3.5054107,1.9556249,2.277109,3.396885,2.28221,3.0229466,3.0569608,2.812141,2.8005352,3.9546034,3.9027808,2.107685,1.2608978,2.9804378,3.4031634,2.6175497,2.8188145,4.856735,2.878577,4.366102,0.22106127,4.5673804,0.842882,2.278798,3.3890646,2.301471,4.914123,2.980447,2.6659064,3.8514922,1.7364737,3.8484519,2.74899,0.5501921,4.3678365,2.4185486,2.7359118,3.3525918,3.7419856,4.5920367,4.9519587,2.6180263,3.0250342,2.823446,2.663214,3.5377512,1.8951759,4.9135923,3.592049,2.393084,2.8059182,3.0028157,2.694364,1.1236235,3.0100102,4.43762,2.6716053,2.5265207,4.596325,4.7892094,2.8120995,1.7093062,2.1725836,3.3437116,2.1587281,3.939947,3.6012928,2.8920329,2.9684732,3.4445097,2.2508552,5.2371345,3.082228,2.9857094,4.897062,3.2992048,3.678286,3.5811694
4.0727386,5.0136843,5.1201744,5.683428,5.2100697,5.241932,4.496414,4.7017307,4.677858,5.0711846,4.514705,4.481403,3.888671,4.45565,5.605858,3.4382799,5.19955,4.5612574,5.1000047,3.111299,4.811263,4.885259,4.4574494,2.6913195,3.4117224,4.311422,0.88175815,3.8794234,4.1874824,4.4808383,4.7975454,4.721985,4.0547,3.901841,3.9486406,4.819732,5.043235,4.478095,5.2710986,4.222434,4.209911,3.0501416,4.505299,4.2688193,2.9068515,5.4637847,5.1541367,4.7658067,3.9658241,4.790999,4.501051,4.4083834,4.3439455,5.173031,4.321854,5.6049895,4.9460597,4.609985,5.6358767,4.7260647,3.6289628,4.3972116,4.2279863,3.499323,5.232411,2.447975,4.5732,4.5893016,4.9383087,4.844214,6.2175646,4.2472734,4.747339,4.302298,4.523429,3.9905453,3.8201807,4.8233423,4.2030015,4.188044,5.362967,4.4916415,4.4075003,5.710689,4.126544,4.2423935,4.134205,4.282284,3.9305902,3.9961927,3.2497694,4.4122243,4.4498725,4.091807,4.5569935,4.328422,4.031287,4.8267283,2.3367445,1.906811,4.5874853,3.9319477,4.8485126,3.8789923,4.3084283,4.2164636,4.661667,3.9618645,4.4987035,4.8485126,4.899457,6.454227,5.6940584,4.0703416,3.7866304,3.9786913,3.7045853,3.8584006,4.4576054,3.802816,3.6915379,3.4875362,4.7007523,4.2308426,4.0131626,3.6983027,3.8174365,1.8986369,4.8158717,4.911067,5.351635,4.6383424,4.8705573,4.2076087,4.4568324,4.0279627,4.6464105,4.511261,5.635179,4.5770593,4.350637,4.1387525,2.4171762,4.8705196,3.8258598,3.6900473,4.5382466,4.9024415,4.198507,4.4127913,4.248458,5.623716,4.3508973,4.051087,4.531895,4.4014716,4.0748515,5.2746058,5.847336,5.237739,4.9696503,3.4593604,4.2847414,3.2052512,3.4689336,4.7740126,3.7303333,3.4660385,5.93827,5.0337715,4.1454067,2.616273,4.299685,4.3752694,5.050229,4.5285406,4.188122,4.744886,3.5651612,4.437796,4.898549,5.050589,4.847715,4.5687265,4.9051027,3.7118287,4.1637897,4.6700053,4.0744214,4.0430965,4.9040847,2.632288,4.2868004,3.5697784,4.3107686,4.103414,4.88034,3.4976819,5.0278006,5.6427674,4.558919,4.767901,3.4801235,4.706211,4.1187167,5.2759767,4.0362263,3.7018852,3.36319,5.1194024,3.9768224,5.3530803,4.299996,4.3223996,4.056374,3.7263799,4.4257407,4.2444153,4.026221,4.8812203,3.659569,4.564669,4.9514055,3.3342168,3.9582603,4.253121,4.430519,5.5950418,4.5418196,4.5762773,4.7335033,3.8360767,4.1459937,5.652239,4.467182,0.9496978,4.59305,5.391568,1.9519302,5.577883,6.247854,4.6458383,5.3289294,3.931908,2.9062805,3.4443536,4.9707327,4.3379507,4.317708,3.8238783,3.6971905,4.334164,4.557883,4.2229476,3.8871634,5.036782,4.949515,4.405175,4.463865,4.2885675,4.011505,5.880629,4.28086,5.1359625,4.785216,4.940402,4.0160294,3.4094853,1.8106896,4.0380588,4.5238495,5.0463886,5.8540525,4.252803,4.1687317,3.676441,3.1959867,4.048686,5.4555464,3.7569606,4.0777698,4.005817,4.7501554,4.2064953,3.9821606,3.8044155,4.7807198,3.5471232,6.207696,1.3992469,4.6522436,4.189489
1.9319407,2.2353642,2.6326897,4.663774,2.6225338,2.245453,1.9530723,2.2339678,1.6303573,2.6795404,1.9612792,2.1430612,2.606687,2.1156907,3.8854616,2.5253437,3.3420959,1.5606685,2.2633727,2.5747225,2.089975,1.5786272,3.4017606,2.7491848,3.655458,2.686779,4.654766,2.4000757,2.1893108,1.1039323,2.2380786,1.3775989,1.8662829,2.9091105,1.9586442,2.5140586,1.5782093,2.009142,3.2515135,2.9870539,2.4582064,3.746746,1.9792415,2.151129,2.5129755,1.9738833,1.7745081,1.9559238,2.9236016,1.5784209,2.0224776,3.688761,3.3159072,3.5567904,2.888882,3.5254755,2.3341112,1.45137,2.5199733,1.9807591,2.4404101,3.6365893,3.0462306,3.5440416,2.643682,2.9192827,2.5773745,2.5455475,1.437386,2.267873,5.2275534,3.3879218,2.1993766,2.4532204,0.7110468,1.8816035,2.553216,1.626176,1.9342282,1.912407,1.9808424,1.8899217,2.0836568,3.700412,2.819432,3.8287637,1.8659024,3.322624,2.5367067,2.3673604,2.471851,2.6755402,2.7033348,1.859457,1.9407681,0.9937635,1.6638913,3.0497603,3.4160142,3.5486155,1.8197968,2.234416,1.7748785,1.8097483,2.316942,2.3464682,2.176628,2.2779512,3.9045238,1.7748785,2.0862103,9.878299,2.702986,2.5980093,2.1554627,2.4029925,2.7204201,3.049824,2.0977807,3.2767336,3.317931,2.9745078,3.723008,1.9641237,1.9240183,2.9736428,1.2922043,3.171672,1.2333174,2.554241,2.3345819,2.1333473,2.2997513,2.6261117,2.0646305,1.8598641,2.077383,2.536078,1.7576579,1.3597264,1.2257965,1.9340415,2.9666107,2.2137177,3.025793,1.6988586,1.7980081,2.2973268,2.720024,2.2681246,1.9768069,4.6184344,2.7100646,2.4633994,2.5340698,1.8530684,2.3856642,1.5997605,2.6973088,1.8650819,1.7040846,1.8559374,2.2169294,2.661331,2.58308,1.4622546,4.165232,2.5347486,4.29161,1.7961808,1.8824269,2.6843596,2.201468,2.0604262,2.348896,1.2959824,1.9550126,2.0113745,1.3082371,2.0960572,2.324404,2.0750709,2.2823684,3.530873,2.7089107,2.5132031,1.8882769,3.1807616,2.9350383,3.259394,2.7260244,3.2655447,2.2473395,2.742724,5.0340834,1.3916659,2.3027165,2.4274902,2.0737097,2.618492,2.58018,2.5002277,2.662342,1.8892816,2.8031993,3.236828,1.2071028,3.4186585,3.4804692,1.5414293,3.0478103,2.109222,2.6814265,2.8362606,2.991283,2.3277156,1.2307327,3.1822548,2.167913,2.2905917,2.6817856,2.3814726,2.360133,3.0708086,2.9729598,1.7344294,1.7250085,2.4666038,2.333745,1.6638057,2.2189717,4.0504985,2.757626,4.1604753,1.3393778,4.68225,0.5176941,2.6079597,3.5034497,1.967853,4.9985867,2.1252916,2.4634957,3.8611515,2.0544844,3.7434154,1.6117048,0.78739077,3.3756356,2.2766237,2.483328,2.5447884,3.49158,3.5940354,4.1305933,2.3494327,1.8287588,2.9432428,2.0303102,3.404604,2.6024501,4.8099804,2.8827665,1.6790473,2.8061244,2.6754272,2.1720636,1.6488415,3.3746223,3.5505664,1.8481194,2.403565,4.370877,3.8005648,2.1818302,1.6821796,2.48551,2.826085,2.6606302,3.1987739,2.9862452,2.416832,2.2018816,2.8736506,1.7741468,4.4862185,2.229786,3.043009,4.6260304,3.5445435,2.5490675,2.9099886
2.8395998,4.315737,3.5470538,5.491883,4.4836173,4.3912187,2.9135141,2.8430977,3.5603464,2.7941132,2.900422,2.8324165,2.8330855,2.8073869,5.607867,3.0340545,4.313159,3.7631044,4.676651,2.645542,2.689324,3.503339,4.329997,3.3455992,4.8500185,3.6636791,5.9937816,1.9135275,2.8931706,1.8116283,2.9233296,3.5921853,2.5309033,4.038621,2.6706252,2.5869203,3.582439,2.8366137,1.2213277,4.1623855,3.2481747,4.1950164,2.8334448,3.0266113,3.460304,4.412835,3.9225268,2.6707053,3.944102,3.5815527,2.8741972,4.744771,4.0800405,3.291743,3.8985002,5.036368,3.1452436,2.693253,4.774318,4.0609484,3.3757727,4.7940383,2.7039,3.885232,1.4493829,3.3657043,4.982523,4.5303183,3.106194,3.0014741,6.527659,4.2910285,2.9979713,2.399089,2.3623765,2.572134,3.4173472,3.1941917,2.6432753,2.6057372,4.2946353,3.1715157,2.7891219,5.1814775,3.4762864,5.8333673,2.5547855,4.6516104,2.8032632,3.0638332,2.5799885,4.602839,4.673422,2.5521333,2.9081268,1.998607,2.1245275,3.9407263,4.0364347,3.9170158,3.4688504,3.9455516,3.9970284,2.4869998,3.1553595,3.1130393,3.0014424,2.9434483,6.0770326,3.9970284,3.5239143,11.778495,4.0889153,4.1420727,2.7138,3.1915143,3.6362445,4.174008,3.8508291,4.7873783,3.9386044,3.694276,4.849414,2.6865003,2.713777,4.034264,3.2385733,3.7384236,3.177658,2.685568,4.731545,2.9537423,3.1020539,3.4965057,2.8319657,2.4971342,2.8963237,1.9157574,3.3277586,2.9844587,3.5565555,2.7216463,3.315175,3.0193243,4.0202475,2.4404166,2.1841552,3.0819452,2.6453927,3.5311637,2.7466915,5.52256,3.5135303,3.1788146,4.425714,2.4102504,3.0494063,3.5451171,5.264026,4.100109,4.1905575,3.6824064,2.694937,3.7728896,3.5219128,2.7412968,5.521839,2.5022998,5.6638107,3.5687847,2.5845382,3.2464533,2.852055,2.7955463,2.6702874,2.8608618,2.7263527,3.6195805,3.4120815,2.7963617,3.096084,4.046125,3.1033027,4.375511,3.71891,3.1681895,2.59429,5.2858653,4.036617,3.973655,2.98973,4.4565024,2.922951,3.6344392,6.6154838,1.7450463,2.9753716,3.7619622,4.4091043,5.1181545,1.8402538,2.9129589,3.7238894,3.0062156,3.198187,5.313097,2.9414067,3.989286,3.8797467,3.6346805,3.6968606,1.014472,3.6528678,3.7929623,3.7489963,2.6640217,2.7493708,3.883587,4.1621256,2.9368162,3.3202057,2.7447836,2.4717743,5.1296706,4.678818,4.2561865,2.9600263,4.822507,4.2388973,3.1185272,2.7381718,5.4447165,2.5287054,4.1930733,2.745643,5.9654,2.4680657,0.3057366,4.084004,3.0544088,6.138469,2.9689198,4.9010577,4.15245,3.6386063,4.058545,3.4522104,2.8170593,5.195449,2.565312,2.7769167,3.7583404,4.303582,5.5259576,5.6114984,4.657283,4.1319084,4.6095533,2.7902315,4.0561914,2.241235,5.8382087,3.888227,3.9092524,2.9161198,2.8258507,2.761522,2.6875384,4.0895863,5.063737,2.9735568,4.1206803,4.533362,5.795675,4.1582417,3.9615734,3.582656,3.9283328,1.1387672,4.4200754,3.9377396,3.124352,2.8738883,3.7057652,2.4220989,5.859932,3.08502,3.6093624,5.403166,4.3879213,4.6546874,3.8790894
2.639578,4.158073,3.5999408,4.225696,4.086561,4.180853,3.0648937,3.1817455,3.582338,3.4423525,3.0561361,2.9832182,2.3417504,2.9511065,4.5616107,1.8183701,3.7023659,3.5281043,4.243105,1.6949372,3.36501,3.92281,2.915246,1.6102651,4.0153775,2.776955,2.4222515,2.4822488,2.6631105,3.3718812,3.3432105,3.970469,2.5986667,2.5752163,2.4710732,3.228518,3.9994085,3.1478121,4.29122,2.7086525,2.6673768,1.3931502,3.0421488,2.7890115,1.7736043,4.737404,4.184947,3.3521664,2.4171581,3.7046912,3.0246592,2.9363413,2.7144222,3.4499614,2.8420286,4.379545,3.480339,3.3933494,4.707595,3.8301713,2.1322227,2.9331152,2.542375,1.7744565,3.7803028,1.6643431,3.7082386,3.605708,3.8576407,3.3956556,5.130673,2.6695108,3.3367517,2.6852314,3.6657245,2.5419955,2.2640235,3.6725256,2.7093716,2.6976974,4.521057,3.28288,2.8907332,4.4967394,2.5428863,3.6702633,2.6670868,3.080139,2.423725,2.4050446,1.7825143,3.4244187,3.5009372,2.6321857,3.110501,3.3812582,2.9162943,3.3404582,0.6067356,0.97467804,3.4026806,2.872636,3.918915,2.4709067,2.8174999,2.6777987,3.2753484,2.3676577,4.054771,3.918915,3.6488862,7.9409223,4.4219575,2.8544567,2.2223673,2.4477062,2.1522837,2.4588006,3.3124614,2.540602,2.0111756,1.8811737,3.246057,2.7313588,2.5469644,2.1940684,3.2360685,1.5839138,3.728829,3.2954695,4.5194173,3.2570777,3.4302597,2.6372292,2.9613912,2.5620463,3.166339,2.9493053,4.396219,3.4768949,3.541545,2.6929393,1.1380025,3.409894,2.3119059,2.6514084,3.1969085,3.4350526,2.5493379,3.0520294,2.7670624,4.1985984,2.7789772,2.4495904,3.4988697,3.07889,2.4638662,4.2013197,5.18068,4.1696353,4.292666,2.5880587,2.7208133,2.13526,2.1271744,3.4259982,2.7444305,1.937676,4.7362237,3.8745723,2.6689804,1.1093177,2.7612224,2.8933933,3.4848647,3.6674304,2.6960497,3.595056,2.6332703,2.9320772,3.4420295,3.9949017,3.418129,3.0020185,3.4307454,2.104648,2.6881084,3.6704898,2.664026,2.4011674,3.2614126,1.4883648,2.746971,2.00287,3.7864463,3.0207655,3.408099,2.3392942,4.2362704,4.936166,3.0215368,3.1651256,2.2039614,3.2670214,2.535064,4.373756,3.1944714,2.0153406,1.6759557,4.1668553,2.370404,4.2729664,2.7596793,2.7949278,2.4455829,2.3170528,3.4082646,2.6018467,3.0114467,3.3993669,2.012789,2.9674406,3.3836768,3.2631238,2.928227,3.494782,3.2710176,4.6963644,3.4701445,3.292775,3.2081969,2.8987162,2.491802,3.9426172,3.6435344,2.4769652,3.6846466,4.2247396,0.550997,4.220316,5.0385,3.2700164,4.646129,2.268892,2.6196373,1.7346402,3.8530812,3.4809406,3.4236588,2.239482,2.0768173,2.9250886,2.9652092,3.5290458,3.0198522,4.165953,4.076235,3.3633158,2.9749591,2.657029,2.793212,4.5236177,2.7920625,4.0588107,3.1481397,3.300616,2.4964569,2.629881,1.483132,3.0109873,3.1416643,3.8589363,4.168839,3.6624649,2.9796298,2.9861887,1.9979429,2.5090096,4.5376577,2.447666,2.5427318,2.4150338,3.3036182,2.6250944,2.558467,2.9748363,3.377181,1.918465,4.681451,1.6354715,3.7716317,2.6794157
2.0958729,2.8230212,1.5696392,3.749102,2.1122284,1.9071794,1.8075185,1.7906058,2.020316,1.7814394,1.7158191,1.9111581,2.5080385,1.8776882,3.3372638,2.7711697,2.3941176,1.7453897,2.3742268,3.1504638,1.7714102,2.2517014,2.857102,3.4827223,5.4279394,2.4215376,5.961784,2.6884959,2.1081254,1.7787563,1.9168891,2.563082,2.0281692,2.7951584,2.1359901,1.7119813,1.9279778,2.1788502,3.5796804,2.6654215,2.3104262,3.9765365,1.7595639,2.078166,3.1496258,2.681084,2.1663876,1.724856,2.799665,1.9214423,1.770438,3.2322485,2.833049,2.717771,2.722495,2.7229583,1.8400083,1.8122009,2.2841823,2.191466,2.6902173,3.2557044,2.7911353,3.5402153,2.0578055,3.8653252,2.8558116,2.9074993,1.9000117,1.9217832,4.51081,2.9621043,2.007962,2.1614797,2.0711827,2.1003969,2.6015596,1.9301039,1.886762,1.8847294,2.4937015,2.2412841,1.8317575,2.8867276,2.6821105,4.438849,1.9402802,3.0835311,2.4439468,2.2688115,2.9725285,3.056172,3.1177058,1.9826103,1.687812,2.1323335,2.5165703,2.2804546,3.9785519,4.4074893,2.0793962,2.8437738,2.3437374,2.1824296,2.2068527,2.2043405,2.0988712,2.1777313,4.592027,2.3437374,2.042194,11.190491,1.6514966,2.8626533,2.254851,2.4320405,2.8099258,3.1712823,2.3978903,3.3828623,3.2272785,3.1311092,3.1492305,1.8801204,2.0717869,3.0484414,2.7481472,4.3681245,1.7083337,1.8006167,2.4063883,2.083141,1.9450498,2.38532,1.8215228,2.0144844,1.710556,2.2451048,0.6638913,1.9849292,2.116181,2.0503182,3.7370703,1.7686594,3.0412066,2.4874408,1.9691489,1.8326585,2.4003036,2.2612903,1.9270314,3.7420752,2.4001932,2.3013256,2.8599384,2.1325383,2.1671739,1.2886579,2.9772995,1.6460818,2.424575,2.6514168,2.002875,3.1277554,2.775328,0.8939015,4.4685855,2.8664098,3.4657176,1.348419,1.9219475,3.3723412,2.0116246,1.9340147,1.4801767,2.1033,1.9142457,2.2596803,2.3030925,1.8617411,1.9113426,2.2684593,1.9687576,2.9265292,1.8545388,2.5933352,1.9172686,3.1781342,2.9757917,2.9141128,1.9163677,3.9449646,2.0651083,2.8899786,5.502788,2.2492876,1.8778323,2.7418895,2.3651,2.825122,2.2721524,1.8396094,2.8583646,1.1938968,2.4622154,3.0132124,2.2592406,3.2597306,3.4951336,2.1021445,2.9491475,2.3253038,2.410727,2.5901656,2.8014414,2.495064,2.1832292,2.7217221,2.4245408,1.8367072,2.7208514,1.8932369,1.661254,4.4321547,3.387274,2.45049,1.7780652,2.338879,2.6288183,1.7486583,1.7467595,4.413607,2.565532,3.0684443,2.2548463,5.9983826,1.8404294,2.684123,4.2278605,0.39813295,4.133631,2.0786955,2.7798266,3.5833313,3.5362277,3.7314785,1.8308182,2.0001664,3.76196,2.3272336,2.5947018,2.4650555,2.8906927,4.1525803,4.513247,2.4081373,2.4443562,2.842324,1.7975342,2.9165637,2.8688807,3.9179866,2.7218652,1.5034226,2.0021763,1.835237,2.2425256,2.8562813,4.4280214,3.8685756,1.7745215,1.8562583,3.227919,4.4006243,2.2571335,2.6828446,2.9290388,2.6279566,3.1357534,3.4150422,2.8563817,2.315561,1.9368169,2.6275444,2.0542715,4.854171,2.0229368,2.9950461,3.4661968,4.78418,3.0401602,2.7681606
4.463073,5.3890586,2.7882023,1.5397912,2.4540524,3.104579,4.3587823,4.254315,4.7293615,3.9276412,4.2082925,4.3386397,3.679184,4.2865405,1.4565625,4.3499045,1.9776167,3.4177556,3.4180117,4.878469,4.607222,5.308387,2.4121222,4.507446,7.60442,3.8641715,6.2954764,4.8582497,4.2768846,4.8919406,4.564476,5.6109023,4.481121,2.5862436,4.4224,3.5515842,4.906879,4.962011,6.3570027,3.1499703,4.1693172,4.4956536,4.2898855,4.3074408,4.0152965,5.416413,4.9737887,4.633206,3.7347157,4.6814337,4.2300153,2.3410475,3.0555577,4.028741,4.144531,1.4913294,4.3575134,4.9626107,3.3609843,3.3313687,4.372748,2.9241595,4.406624,4.103576,4.632267,5.1210685,3.6725316,4.749583,5.1574864,4.5513496,0.6479634,2.7964609,4.6795855,4.187012,5.2053227,4.5203037,4.1452255,4.9775224,4.2689743,4.2839727,5.19612,5.018246,4.1781907,1.3306398,4.2299085,5.381952,4.3994474,1.9941651,3.6495671,4.0080266,4.7708488,4.7164083,4.791567,4.4383254,4.2330275,5.2079616,5.5068035,2.1782105,4.6805077,5.319595,4.699883,4.8714356,4.9456415,4.6459885,4.3343587,4.1839676,4.772186,3.908633,5.6082463,4.9456415,4.688119,10.456037,2.5250874,4.4752984,4.146647,4.2987614,4.1337943,4.3485656,4.632464,3.7464273,3.8071518,4.300154,2.2022145,4.239203,4.396022,4.0239697,4.9333763,5.7858367,4.8355894,4.0436134,3.5509346,4.788401,4.5304956,3.8642623,4.234822,4.43083,4.2253394,4.52246,3.9029007,5.0815744,4.095998,4.4951386,4.97482,4.370118,4.0715413,4.564456,5.0438805,4.3779345,3.8863418,4.392873,4.3234577,1.3894944,3.9372697,3.9291093,4.7151504,5.0782576,3.7896907,3.6604285,4.4019833,3.696669,4.2840853,3.7728992,4.201001,3.5564747,3.318918,3.7429416,4.8103323,4.649856,0.73744774,3.206551,4.347788,4.7429867,4.210968,4.3746457,4.025713,4.4960437,4.2495694,4.9048367,4.030511,4.2624516,4.4729013,4.781313,4.5684166,2.4440584,2.438494,4.1839194,4.3534565,3.404854,4.3601995,3.050784,3.7667744,4.9281855,4.210322,4.1601267,5.8521223,5.1556215,4.482282,3.2095544,3.613127,3.9742587,4.479081,3.9325156,3.1781118,3.3514495,3.2029219,2.3769398,4.446778,3.4512262,3.7083814,5.178728,4.1860332,5.656145,3.8340242,3.9523323,3.8992293,3.92957,5.368932,2.9942563,2.9887362,4.444322,4.0578794,4.0486917,4.2702436,6.2186646,4.692158,3.7683825,3.5643673,3.5611746,4.6015635,4.49656,4.279953,5.0675807,4.350174,3.1811857,4.7031894,6.3606772,4.9928384,5.9010286,4.8427453,3.6133587,0.14260593,4.789606,3.8140347,3.3671582,5.2485147,3.9866462,4.795887,4.637039,4.923531,4.1851163,4.347205,4.1988583,2.6439533,5.2476006,5.095891,3.1864834,5.0361967,2.2510273,4.262207,2.8096263,4.5928507,1.0627441,4.1084704,3.707465,3.324684,3.8154006,4.434194,4.997669,5.296661,4.858405,4.4111257,2.5320861,2.972441,5.3667197,3.2941513,3.9804118,3.5736308,3.4883308,6.386855,4.474792,3.9702742,4.028543,4.6127615,3.8814669,4.5632706,5.1742563,4.6634088,3.383027,2.0177367,5.79362,4.961825,4.073732
0.9632537,1.8825821,2.194151,3.7713075,3.1912668,2.8940487,0.7660211,0.9206229,1.2538286,1.6058707,0.8877197,0.85543585,2.6961567,0.92355937,4.1503983,1.7595541,2.8034544,2.7055554,3.2845724,2.639412,0.87448657,1.675019,2.5946453,3.4240808,5.1447105,0.9836125,5.186941,2.6629126,0.99101084,2.6532507,0.65440583,2.268513,1.2913067,3.0986779,1.2622805,2.3054492,1.6308101,0.7425302,4.3373327,1.7561787,0.86389047,2.603182,0.8789414,0.7662004,3.2272122,2.8062515,1.8654912,0.8935257,1.4021612,1.3946117,0.88463897,2.7978737,2.0837839,2.0934873,0.8555089,3.6160724,0.6718473,1.1999471,3.4870446,3.4425602,1.1568115,2.297332,2.1131177,2.3780122,3.0384676,3.6980982,2.5763288,1.4739671,1.5156192,0.60784775,5.1297045,2.3458955,0.5306761,1.8752574,2.9734857,1.2768629,1.1516472,1.1582314,1.2060379,1.245649,2.356872,0.7741325,1.0438857,3.7991014,1.0492579,2.6839573,1.2538617,3.481789,2.7647665,1.2908902,2.4341779,1.4594009,1.5559304,1.2625487,0.8674417,2.842418,1.9642868,2.844033,2.8443654,3.7225025,0.8763876,1.1098444,1.7651371,1.4250121,0.6573609,0.8980416,0.50441766,1.5097132,3.013298,1.7651371,0.748343,10.17925,3.238301,0.9542729,1.6747192,0.9648172,1.2701755,1.2101992,0.91457576,1.9132956,2.0103567,1.5890877,2.770014,1.1672443,1.1706783,1.4279699,3.4536657,3.8276908,1.5529686,1.4976889,3.514027,0.5540414,0.54589576,1.0839851,0.93102455,1.3842722,0.8667574,2.2726693,2.4184513,1.3401057,3.1621392,1.0157561,3.165682,0.7170398,1.3439555,3.084669,1.3551184,0.67581725,2.3098598,0.41420552,1.0255728,3.8077197,0.9935204,1.2722138,1.3058289,1.183783,1.4891105,2.9886162,3.923691,2.4526317,3.629766,3.1425474,1.245727,3.4274592,2.9955823,1.9857641,2.4867935,2.382897,4.250744,2.85375,1.247593,2.5499017,1.0289878,0.8876947,1.4534194,3.4381368,1.1376436,0.90754336,2.647381,0.9560946,0.59998393,1.4747286,0.51422244,2.6039608,2.5529435,1.4134575,1.2201005,2.485032,0.94529814,2.3178961,1.5575333,2.2164898,0.9779108,1.400441,3.4280565,2.6451108,0.6893916,3.104592,3.598441,3.9018023,2.5415459,1.2874333,3.1184587,1.9415259,2.6693542,3.8796062,3.2138858,2.43815,2.8355322,1.92194,1.3194013,3.5121224,1.0179754,0.9730544,1.358055,2.8329253,1.6745756,2.20426,2.9311755,0.74779445,1.5754507,1.3163748,1.4318945,3.0903125,1.4949567,3.0537066,3.0436184,3.3736787,1.2146795,0.87370354,1.0147716,2.3175628,2.0314953,2.7966595,3.5151305,5.274237,2.8373096,3.5098205,3.4525876,2.4196093,4.83545,0.54584444,3.9537601,2.9963713,3.7269225,2.7262268,1.3765323,3.0502994,1.9054314,1.917113,1.7607385,0.6175737,2.4176376,2.3410208,2.4539628,3.4144566,1.9838765,3.5430722,0.94811773,2.5136127,3.475073,4.1074495,0.8990835,2.4267359,2.3678012,1.6626905,1.1595179,3.2632463,4.0820885,1.797282,0.74865866,3.0107198,2.9918935,2.637636,1.9329281,3.2071235,3.1206937,1.4913305,4.091097,1.4114313,1.2056184,1.2341585,0.6673747,1.1683961,1.4406062,2.8058624,0.47007608,2.668504,3.5089393,4.2597694,1.7361199,1.0034966
3.3900254,3.0724702,2.8501427,4.1867557,1.4679364,1.1462893,3.282647,3.4976013,2.739561,3.7462783,3.2206502,3.4850287,3.561494,3.447044,2.3833606,3.835548,3.0952516,1.2338585,0.5734008,4.120911,3.5488293,2.9591742,3.450674,3.7698157,4.9755454,3.5238657,5.1815557,4.0686283,3.513685,3.027044,3.5948946,2.8512058,3.434542,2.88185,3.4551415,3.44726,2.6463466,3.632067,5.090162,3.3214297,3.6004813,4.714924,3.3035185,3.4357536,3.276371,2.3781946,2.5726743,3.451824,3.63061,2.606749,3.3022492,3.5861042,3.7361283,4.553336,3.751844,2.387499,3.4878397,3.1914077,0.7826861,1.0424812,3.6529918,3.7050328,4.3897862,4.4757414,4.0648203,4.1449895,1.8843172,3.0937839,2.9939528,3.5814667,3.9217954,3.6229243,3.588187,3.8098168,2.7184558,3.4592226,3.6459966,3.0651302,3.3501353,3.3496397,2.4931087,3.4082773,3.3781185,2.5064466,3.9156904,4.0876093,3.3834624,2.78436,3.4632127,3.5194871,4.0229025,3.2251616,3.2283216,3.4004936,3.2026615,3.0585191,3.7895832,2.9725864,4.451774,4.738112,3.012653,3.318077,2.5877187,3.483255,3.555924,3.5451791,3.6186483,3.4216855,4.02606,2.5877187,3.1912975,9.553477,1.9799889,3.424342,3.4846559,3.6404667,3.7279751,3.9080064,3.0502093,3.5575268,4.1126385,4.0422854,3.5044498,3.3475988,3.3965702,3.7726495,2.3936334,4.541979,2.6374466,3.7260935,0.3855237,3.606338,3.5604675,3.5436723,3.366222,3.414089,3.3214993,4.059525,2.083476,3.046914,1.3986944,3.4398339,4.280167,3.4352462,3.854023,3.086546,3.6629493,3.493098,3.8573465,3.342356,3.379659,4.0699034,3.6455388,3.5374365,3.1671011,3.6864023,3.4338171,1.3411071,1.028978,1.4315555,0.81674516,2.1385736,3.553559,3.0178647,3.0653691,2.409592,4.642611,4.04973,3.06113,1.5024778,3.3638802,4.0198994,3.497561,3.4499764,3.4891727,2.2106984,3.3365486,3.1844687,2.0396678,3.4232945,3.5576453,2.7948277,3.56306,3.6095605,2.7088127,3.7163413,3.3677082,2.6159222,3.839991,3.7164097,3.701617,4.234341,3.5195894,3.7665167,5.382973,3.4140542,3.5891101,2.6210449,0.44108188,0.56776553,4.0551662,3.585885,2.9678867,2.5518024,3.4658628,1.4872794,2.2510533,4.0512323,4.220978,2.6739438,4.060872,3.9363015,3.511391,3.6669745,3.861253,3.3984518,3.2078226,3.63582,1.6723075,3.5741596,3.7772758,3.5956423,3.681779,3.9600253,3.6090286,1.0189929,2.2355726,0.82460463,3.003414,2.9637392,3.5222538,4.631334,4.1375055,4.597508,2.4338982,5.236685,2.4906504,4.5291667,4.4971685,2.409453,3.8466468,3.5923793,0.25433865,4.4241295,3.094799,4.5689254,2.751747,2.1573355,3.804348,3.6341255,3.8600264,3.4517705,3.6747236,3.9683933,4.6287584,0.61970174,2.5310838,2.0824347,3.3596964,3.7469747,3.8946164,4.0435076,3.7397127,1.4014052,3.5871437,3.705941,3.620741,3.1464467,4.3675838,4.149785,3.1783478,1.617743,4.6335125,4.0735683,2.1708035,1.6657221,2.9969916,3.41195,4.5820274,3.9979153,3.7955453,3.5572252,3.6064732,3.7322423,3.4260483,4.9631095,3.5710158,3.7031875,4.218582,4.6033874,3.0658882,3.7699897
2.175042,4.1652517,2.4755566,2.814363,3.5215216,3.7503085,2.444727,2.336533,3.385903,2.2503936,2.370047,2.2489035,1.589548,2.2095077,3.8993487,1.3087997,2.4553428,3.3142512,4.076845,1.8359874,2.6757114,3.888851,1.6239737,2.1799905,5.4396744,1.8569015,4.1422114,2.21786,1.9607661,3.299386,2.620186,4.206228,2.1305032,1.9585639,1.993581,2.1332836,3.8075197,2.7522533,4.257898,1.6789051,1.8607373,0.79867786,2.3634703,2.1342087,2.1085672,4.819339,4.0446167,2.7340808,1.4956919,3.4914973,2.3132875,1.7317733,1.3008522,1.9182382,2.0253847,3.513152,2.6682935,3.134533,4.384091,3.7087052,1.6875305,1.8085294,1.4269149,0.38871282,3.0094638,2.5860696,3.593108,3.4697099,3.6883543,2.6647425,4.2212296,1.3475633,2.7054908,1.7583234,3.858579,2.1142066,1.5583843,3.41921,2.085512,2.0901146,4.4844193,3.0347943,2.130601,3.6183035,1.6336882,3.917133,2.1380289,2.443698,1.7362646,1.5768951,1.7590346,3.3061554,3.418986,2.1370165,2.436495,3.5432835,3.0207598,2.2068856,1.2623276,2.2383883,3.1147385,2.8852873,3.8681397,2.1754081,2.1148546,1.8981801,2.7128816,1.5496916,4.3790393,3.8681397,3.193498,9.392375,3.6198413,2.5630617,1.6176684,1.7790303,1.4681467,1.9214705,3.065796,2.0709126,0.72941375,1.2071613,2.0367928,2.0795138,2.0549765,1.5106312,3.7725332,2.9673607,3.549864,2.1842341,4.3541203,2.7143888,2.6978905,1.6910152,2.2303667,2.0850873,2.4066823,2.1332912,3.799098,3.3653882,3.6774168,2.1950145,1.9290503,2.6356997,1.5549875,2.834417,2.8145146,2.6362076,1.4860127,2.5132785,2.1464374,2.8482916,1.7905712,1.543547,3.3217251,2.7556973,1.5235825,3.8451426,5.159296,3.7949762,4.4250607,2.86202,1.911301,2.26476,1.8165354,2.8313196,2.6204545,1.6560483,3.785597,3.4075181,2.1113994,1.601991,1.9874784,2.229664,2.4642723,3.7699444,2.071466,3.3197849,2.875421,2.1923084,2.670177,3.7404244,2.71271,1.61731,2.37614,1.388366,2.1247282,3.3089569,2.0570564,0.9990634,2.0251422,1.9936273,1.9667608,1.3686223,3.9666305,3.110415,2.622417,2.2281015,4.181588,4.874965,2.2295592,2.082781,1.9360266,2.4767761,1.4917831,4.0064106,3.4289775,0.5024923,0.46265927,4.085737,1.4015095,4.100388,1.8277619,1.8725061,1.3843662,1.9461149,3.4645944,1.1937637,2.862363,2.5957599,1.169293,1.974346,2.4117615,4.217755,2.8504045,3.6299043,2.975421,4.4219475,3.255855,2.8831277,2.3558455,2.8492553,1.5238615,2.2180226,3.8150775,4.199265,3.7931087,3.9539402,1.7761146,3.44304,3.9842114,2.733159,4.646471,0.6344895,3.5911973,0.15585023,3.5826008,3.6532304,3.367093,1.5838839,1.4151372,2.2756789,1.5427628,3.6886144,3.0138936,3.9765754,4.0674014,2.9807935,2.260933,1.1875986,2.6329374,3.2588987,1.9659783,3.7026556,1.8829783,2.0867352,1.9030762,3.1661928,2.8151958,2.8599114,2.597238,3.2587204,2.4520054,3.8937817,2.600886,3.3519392,2.039546,1.5564045,4.568509,2.06671,1.6460241,1.5769587,2.6139333,1.6091217,2.1894388,2.9814777,2.7412324,0.9236364,3.1890023,3.2240636,3.7478342,1.8308178
2.781968,3.3661544,3.6237261,5.061663,3.3545637,3.220645,3.07341,3.3586206,2.928818,3.7776413,3.0757735,3.1773217,2.7829392,3.137649,4.2250686,2.7206235,4.0130596,2.3870134,2.9846387,2.3638544,3.3547204,2.9928982,3.7203898,1.8829049,2.4280381,3.3978312,2.8457294,2.6769829,3.014713,2.2466846,3.4425888,2.6360748,2.6961367,2.8399403,2.6878138,3.386426,3.0953825,3.1161878,3.6766763,3.4415667,3.2116566,3.4565725,3.0864406,3.0539174,1.7957721,3.2834427,3.2086334,3.24838,3.3355186,2.9554334,3.106594,3.876092,3.7207503,4.3760195,3.5614045,4.126826,3.575203,2.8507633,3.4645827,2.4675856,2.8419807,3.9395454,3.5158145,3.4999719,3.5904214,1.8296286,3.0797558,3.3574803,3.0082097,3.4880483,5.3713636,3.6662643,3.3957155,3.1479642,1.9649432,2.6668293,3.029309,3.0642889,2.8373802,2.8099756,3.3386655,3.0362756,3.0731964,4.2656364,3.411515,3.931353,2.749604,3.2669966,2.7239268,2.97847,2.4139314,3.3487773,3.3732731,2.7180293,3.0921657,1.9795665,2.4532418,3.58092,2.7760043,2.4453456,3.0234828,2.8378687,3.0142617,2.527618,3.192477,3.1387925,3.334,2.8589213,4.0281067,3.0142617,3.3822467,8.211395,3.73784,3.1881094,2.6445322,3.0373669,3.0770261,3.4124668,3.0831354,3.4251022,3.4442782,3.1407259,4.0490203,2.8770845,2.7161222,3.241702,1.0583918,1.8558465,2.8127034,3.6230302,3.1298282,3.2930946,3.5221634,3.2937858,3.103006,2.6589694,3.230298,3.2663345,3.419289,2.7518678,1.803361,2.824606,2.188568,3.458994,3.36234,1.687943,2.9849548,3.5295103,3.1812623,3.2164497,2.9139373,4.9816046,3.444399,3.077512,3.345669,2.9469142,3.0020533,2.8909118,3.5643685,3.140553,2.3965716,1.4432065,3.0663238,2.027162,2.3409936,2.7877946,4.084893,2.6132667,4.721091,2.8534563,2.765733,2.21244,3.085583,3.0596502,3.5790474,1.9334185,2.8469293,3.2287471,1.3647552,3.1108708,3.5499735,3.36307,3.5003276,3.8838592,3.4534671,2.9138432,2.785117,3.6244442,3.4605114,3.4791434,3.7116852,2.8871174,3.1116686,3.0084481,4.8878217,2.101448,3.5253627,2.122446,2.686284,3.3732307,3.2605612,3.5217216,2.359179,2.9657278,3.0705154,3.5915742,1.4870439,3.4389544,3.2503214,3.0781941,3.4771423,3.1921134,3.3841655,3.5128465,3.4565842,2.3938465,2.538428,3.542414,2.2922494,3.5150712,2.987725,3.3286035,3.5413609,2.7002134,3.3336396,2.0614145,2.3058896,3.4383588,3.232121,2.9434743,3.363618,4.061281,3.2608178,4.9170117,1.8680844,2.84806,2.029203,3.5623713,2.504492,3.4936218,5.293931,3.2925105,3.0180693,3.8099782,0.41936368,3.5741565,3.1082056,1.7052201,3.7574432,2.7143583,2.8388548,3.3370922,3.8919258,3.803609,4.1203313,2.9490933,3.0615983,2.9606268,3.0864549,3.6762426,2.5997303,5.176049,3.5316703,2.984264,3.547862,3.688575,2.889901,1.2086103,1.9122027,3.8028026,3.028697,3.1675107,5.13013,3.923259,2.7391949,1.39458,1.9956582,3.2812092,3.431797,3.4546077,3.473802,3.0269067,3.3943067,3.4641118,2.5692685,4.3419995,3.4332356,2.962489,5.354635,1.9155667,3.3509297,3.4961488
2.1946142,4.029628,2.792104,3.1198351,3.7621443,3.9179623,2.4959493,2.44553,3.3401546,2.5098143,2.4549768,2.3237321,2.0063639,2.298704,4.1518927,1.3531156,2.7964246,3.4911928,4.207198,1.947122,2.748585,3.8277802,1.9271002,2.3541453,5.304727,1.8575722,3.914724,2.4588592,2.0237288,3.501105,2.6618786,4.1378098,2.2151358,2.2992175,2.0608625,2.5340977,3.7905307,2.7185512,4.526461,1.7497729,1.874541,0.31470233,2.4446483,2.1602557,2.3159559,4.781159,4.0065627,2.800168,1.4400662,3.4658856,2.3995368,1.9508051,1.5217806,2.1990921,1.918261,3.8038075,2.723614,3.1488492,4.55305,3.9345136,1.5810031,1.8388339,1.6940541,0.42122155,3.3932333,2.6804106,3.552968,3.2937565,3.6782625,2.7003407,4.521501,1.5770593,2.7110026,2.036181,3.9995751,2.1796072,1.5123767,3.3928225,2.1999962,2.2088156,4.435024,2.9578826,2.2456908,3.9177501,1.5879688,3.553274,2.2374413,2.750276,2.1497579,1.6819007,1.8800453,3.0989072,3.206891,2.2269049,2.5174513,3.6947227,3.0253835,2.6046047,1.0212599,2.1866271,3.0556552,2.6808352,3.7943614,2.231059,2.1141307,1.9377754,2.6955845,1.7231582,4.036725,3.7943614,3.1508052,9.055541,3.9433637,2.3618038,1.7829435,1.7588139,1.356579,1.6651497,2.9513693,1.853675,0.7317021,1.0161397,2.2376263,2.192856,2.1169095,1.3221238,3.891069,2.8979383,3.5634596,2.4211192,4.501622,2.7000408,2.7233136,1.7281842,2.3235517,2.1905513,2.5005696,2.4380429,4.0078664,3.3394885,3.8421082,2.2362263,1.9607664,2.7010064,1.372093,3.063473,2.8754356,2.6938798,1.8837363,2.4452538,2.2257621,3.150434,1.8192955,1.6466199,3.1443837,2.7679212,1.7124814,4.078531,5.240319,3.9094305,4.5687585,3.0278585,2.0535717,2.5232608,2.13982,3.0696533,2.172332,1.8352746,4.094611,3.6694539,2.2172275,1.5697861,2.0827198,2.2953722,2.6893814,4.0048857,2.1709816,3.232818,2.985381,2.2876463,2.709261,3.6726303,2.7293665,1.9226444,2.731053,1.4171488,2.2272315,3.2330647,1.8546453,1.3201072,2.2801228,1.5506641,2.0464733,1.2415053,3.4880373,3.2678285,2.6784909,2.4897485,4.3600717,4.9942408,2.5775213,2.2789202,2.2465353,2.746875,1.9550191,4.199533,3.6232157,0.8444367,0.8967791,4.0591726,1.303128,4.35968,1.8376786,1.8282216,1.3592478,2.296206,3.4364314,1.513905,3.035465,2.665234,1.2143544,2.167174,2.6202254,3.8880396,2.5612776,3.7215765,3.2921271,4.5554323,3.114761,2.8934386,2.4827652,2.4026573,1.7921553,2.567519,4.043069,3.9890418,3.941479,4.21087,1.7038176,3.7214007,4.3240776,2.7171502,4.796561,1.1432278,3.6314278,0.4638584,3.5717936,3.8251178,3.0578723,1.8115492,1.5478997,2.1883106,1.8181323,3.3397892,2.5716958,4.140081,3.992934,3.2458317,2.3561487,1.5641086,2.9829333,3.5475528,1.8627855,3.8326418,2.316865,2.366575,1.9554579,3.3065896,2.8170948,2.4968574,2.6314154,3.5288787,2.7815914,3.532251,2.6418743,3.4581146,2.2917476,1.5792205,4.7959247,1.745846,1.540218,1.6598083,2.6509018,1.6003425,2.2780507,2.503376,2.739085,1.3398956,3.4637132,3.1289778,3.5634737,1.7259653
1.6598221,0.8827208,2.4125187,4.1120825,2.8056026,2.284696,1.3829666,1.675378,0.5187877,2.3286536,1.4699972,1.6484128,3.2700894,1.6865528,3.871234,2.5736248,3.0290534,2.2784798,2.5735111,3.3191504,1.5391573,0.945106,3.0475667,3.8473353,5.0204964,1.764473,5.3679566,3.315001,1.8186984,2.7374675,1.4390503,1.5596498,1.9538071,3.3512936,1.9659576,2.842988,0.7199166,1.4085393,4.763209,2.2395334,1.7798758,3.4877675,1.5191579,1.5771418,3.5493157,1.7119472,0.7831014,1.4615959,2.1284091,0.5573096,1.5402259,3.2151659,2.7470858,3.0473573,1.7109774,3.4234295,1.3377913,1.2800238,2.744468,3.020679,1.9721298,2.7576888,3.078653,3.289823,3.549173,4.1256943,1.8921844,0.82019603,1.0275664,1.375619,5.1016655,2.9048984,1.3069571,2.6617923,2.768591,1.9509763,2.0058625,0.78783256,1.8719392,1.9011314,1.2264283,1.005532,1.7583817,3.6145277,2.0606933,2.4236484,1.9057555,3.599218,3.288262,2.090805,3.132616,1.0339181,1.060732,1.916824,1.4157547,2.8414693,2.3575675,3.1139815,3.56342,4.318611,0.56881106,1.1357996,0.71885014,2.0512288,1.5811188,1.777009,1.2997305,2.2256324,2.551375,0.71885014,0.5300828,10.062537,2.9719832,1.25714,2.3700047,1.8694439,2.105509,1.966413,0.55785525,2.2534485,2.8612137,2.4827375,3.1128225,1.8433428,1.8562839,2.1746786,3.2147052,4.243118,0.96842664,2.2567627,2.7625377,1.3175324,1.2990289,1.9009026,1.639761,2.0304534,1.506012,3.0228949,1.940387,1.1051186,2.7405136,1.7290341,3.7677765,1.3616621,2.1494167,3.2857263,1.8974972,1.3675958,3.0564198,1.0665522,1.732194,4.1079216,1.8730057,2.084758,0.79186046,1.7741953,2.2173834,2.4923034,2.9418192,1.6894864,2.9462857,3.0594375,2.042436,3.6565657,3.3363051,1.9871875,2.9428947,3.1272273,4.1434703,2.5181525,1.9000976,3.1950877,1.8389803,1.6522269,2.0456808,3.2226434,1.8131442,0.45460483,2.4952662,1.7015246,1.3451748,0.29751667,1.2734396,3.102442,2.7390692,2.265869,1.877684,2.0700917,1.754633,2.9732058,2.3099892,2.7905834,1.8162194,2.2231803,3.6160367,2.8859882,1.4543854,3.2593277,2.9759505,3.033248,3.2349715,2.0483356,3.4029796,2.0936408,3.2210038,3.403624,3.0601928,3.1987016,3.5885875,1.0071504,2.3020809,3.6723025,1.7899309,1.8044416,2.2455237,3.2994912,1.5543498,2.8466072,2.719022,1.4972805,2.4231124,2.1057854,2.13693,2.786685,1.5843761,2.4977255,3.0300088,2.5565884,0.61738396,0.91587526,1.753118,2.726505,2.9218307,3.5362978,3.338754,5.462913,2.57794,3.8890848,4.0573044,2.2421634,4.8588123,1.2907194,3.2095325,3.7774427,3.6664863,3.5946212,0.6052769,2.788382,1.7740412,2.633407,2.598485,1.3277014,2.9696147,2.1254108,2.78055,2.8000803,0.90485066,3.429933,1.6400282,3.1362915,3.9347036,4.3030863,1.7485257,1.7264102,2.9691968,2.3913949,1.9914281,3.370823,4.4636507,2.089023,1.2105569,2.7314131,3.6560397,2.3800097,1.7239735,2.8872118,3.3936186,2.101942,4.29381,2.0654473,2.0362139,2.0624487,1.4576229,2.032809,2.0476704,3.2233293,1.2347436,3.2953498,3.8005488,4.59148,0.93651575,1.8627577
2.314171,2.8482754,2.8466523,4.7152505,2.6350644,2.4027386,2.4298112,2.6807542,2.251663,3.0319824,2.409758,2.5735366,2.484071,2.5303943,3.7943046,2.6403515,3.4407701,1.5666176,2.3022203,2.4736881,2.6158564,2.268891,3.451413,2.3401294,3.3389738,3.0277617,4.234451,2.361781,2.5416274,1.1884903,2.7637637,1.9889271,2.1884718,2.6949468,2.2558708,2.6445668,2.2612898,2.5471582,3.1255603,3.1846957,2.812813,3.7702446,2.4293609,2.556695,2.1063743,2.518421,2.425853,2.4957728,3.1632707,2.2110403,2.4603777,3.7240226,3.4630506,3.8395102,3.2670276,3.5272865,2.8637674,2.0767126,2.6203704,1.7313324,2.7039049,3.7961373,3.1975749,3.5978699,2.7214432,2.4915123,2.787717,3.0417824,2.156254,2.8041255,5.0927644,3.4745839,2.7466455,2.6342428,0.7413876,2.1995275,2.8187423,2.302661,2.2718487,2.2427883,2.5851293,2.480581,2.4656901,3.68329,3.1378865,4.1512833,2.201058,3.1155365,2.3878632,2.6161294,2.4243677,3.132156,3.1634881,2.1902459,2.4068785,0.9936282,2.0007248,3.0479434,3.3142986,3.2420278,2.4144979,2.6720698,2.379083,2.0988324,2.7299118,2.7020082,2.7237089,2.472534,4.2309976,2.379083,2.70562,9.527489,2.7807193,3.0040736,2.3033726,2.7244318,2.9610908,3.3592448,2.6323977,3.477437,3.434291,3.1573126,3.8063025,2.3088236,2.2506943,3.2028685,0.5701259,2.8136501,1.9284763,2.907474,2.364504,2.679456,2.8434489,2.9337146,2.4808822,2.1517978,2.5398092,2.682938,2.2015562,2.0208654,0.8843276,2.3191502,2.7180653,2.7373068,3.2829971,1.2934617,2.285102,2.8220298,2.7703075,2.7511444,2.3567924,4.650766,3.051283,2.718229,3.0314312,2.3449352,2.5941918,1.7160885,2.832628,2.221619,1.543311,1.3938069,2.5324705,2.2263973,2.2999973,1.761433,4.3904,2.5176024,4.2409644,1.8387405,2.2139826,2.5773394,2.5591373,2.4797523,2.7530167,0.78654647,2.3000703,2.6343327,1.0253221,2.5028036,2.8600535,2.695899,2.8303084,3.6026068,2.7845361,2.7173889,2.2286994,3.4167867,3.2959185,3.3140652,3.047963,3.3694115,2.6079133,2.9499366,5.29954,1.4072216,2.8262446,2.0880647,1.9263846,2.6535385,2.6601214,2.8614435,2.3539395,2.1140356,2.7250667,3.1371872,0.57359153,3.4384422,3.3897085,2.2357657,3.3156447,2.1648138,3.0144145,3.1854508,3.2468789,2.112042,1.8519628,3.275994,1.9839698,2.8055227,2.8467207,2.712799,2.7610102,3.2520897,3.3367813,1.6057851,1.4525791,2.6222308,2.8430252,2.2349956,2.661091,4.3284736,2.8996503,4.3796372,0.7877213,4.241904,0.68902695,2.7085686,3.2378843,2.311918,4.904454,2.6757758,2.3476946,3.8167179,1.4582247,3.73264,2.2877076,0.3217921,3.7659624,2.373176,2.621507,2.966815,3.6023598,3.9479077,4.405014,2.2987049,2.422077,2.6972392,2.451291,3.4492657,2.2927554,4.8296976,3.2482014,2.020986,2.9141176,2.9869106,2.4848442,1.1451329,2.912895,3.896143,2.360827,2.402684,4.590915,4.129391,2.3712773,1.2601713,2.121147,3.0485563,2.6342795,3.4951937,3.2801201,2.6781301,2.7256963,3.1729343,2.0688422,4.7146807,2.785061,2.9391534,4.8128943,3.1092842,3.0503948,3.2480304
3.409059,2.49779,4.128402,4.7223787,4.1092825,3.7453122,3.407081,3.6717956,2.8491533,4.2674637,3.479656,3.5633826,4.679136,3.5942218,4.565232,3.7416992,4.2492,3.8297598,3.764429,4.5200157,3.7104697,3.1415384,3.8892283,4.7768703,5.532752,3.051039,4.837442,4.941577,3.5135481,4.7970495,3.5262084,3.3628573,3.7426085,4.288354,3.6452568,4.6990356,3.1313822,3.4045966,6.7404294,3.0833316,3.279997,3.7951088,3.5252333,3.3282251,4.5001407,3.3507183,2.984795,3.671947,2.9683318,2.9327316,3.5145564,3.740088,3.6419127,4.5728025,2.7830129,4.459487,3.4425435,3.5511055,4.1124215,4.408606,3.0972073,3.1193633,4.5236516,3.9271543,5.659487,4.9988565,2.3818555,1.8080417,3.4322155,3.4760196,5.508683,3.6445255,3.3945036,4.375414,4.7380576,3.6951852,3.175536,3.2080407,3.7042336,3.7354872,3.0437002,3.063009,3.6390035,4.6040115,3.2634509,0.374396,3.735928,4.333468,4.7342167,3.5493877,4.4031525,1.6370326,1.5817446,3.726309,3.4681172,4.7922873,4.1598325,4.4110403,3.8825836,4.7992373,2.8211634,2.1998596,2.6999047,3.7629962,3.252566,3.3708053,3.3425496,3.7238955,0.5195182,2.6999047,2.9181013,8.227265,4.673732,2.1094892,3.8806238,3.2751389,3.0490386,2.4844131,2.4028645,2.192441,3.5366452,3.2359307,3.6786458,3.6761937,3.5799658,2.7876916,4.6245437,4.841018,3.3497837,4.192995,4.0367355,3.3693476,3.3973525,3.222683,3.5660193,3.8048615,3.5472527,4.863037,4.2439647,3.336272,4.268598,3.5331547,4.570267,3.4950645,2.8142152,4.8544984,4.0016727,3.4704401,4.5957384,2.789876,3.5761278,4.6887593,3.2372253,3.4997928,1.8650123,3.7794065,3.7041585,4.4264364,4.0684876,3.4824142,4.39372,4.1442356,3.8017423,4.5682015,4.398337,4.1040187,1.8966255,4.475317,4.914436,4.312752,3.7258792,4.032948,3.597639,3.5435863,4.1456275,5.0042934,3.6216078,2.7434611,3.7835166,3.6050406,3.438731,2.6280851,3.3719575,3.9381464,4.2415266,3.4996014,3.7126727,2.1009076,2.5428882,3.836386,4.103422,2.6415606,3.5367827,3.10109,1.5387558,4.7685037,3.5482054,4.2582016,4.310535,4.174925,5.0836377,3.9023743,4.383929,4.011407,4.5640707,4.1792583,4.6636906,3.8994508,4.285063,3.256518,3.2412105,5.9062657,3.0756085,2.9630852,3.2233794,4.7492843,3.6077566,3.8491397,3.7256308,3.5944767,3.5263963,3.9322405,4.214556,2.329408,1.545102,3.598625,4.7382536,3.8844311,2.0755827,3.1688561,3.7802114,1.6601228,4.4555683,4.798155,5.1139774,5.000883,4.5945845,6.0819564,4.4174833,4.5007324,5.489896,3.3533988,4.3657875,4.4824796,4.6071596,4.1499953,3.1203897,4.580661,1.0343273,4.158003,3.963569,2.6884208,3.8269017,0.64609015,1.4909025,3.96374,2.738011,4.292872,3.591178,4.0472116,5.5242925,4.820079,2.8033254,3.5862248,4.6549335,4.2524834,3.6191149,4.787798,4.952888,1.4799013,3.316786,4.182787,4.8156505,0.3977877,2.786026,3.9254868,4.3706336,3.0371242,6.42314,2.2527149,2.9039152,3.490915,3.537555,3.152742,3.8316772,1.8478156,3.3287935,4.2358084,4.653492,4.8885674,1.7809843,2.8548331
0.85932165,3.0096035,1.9215196,3.2745414,2.9975345,3.0032403,1.202629,1.1957636,2.172855,1.4387264,1.1550356,1.0356835,1.3010712,0.99334514,3.8023107,0.2840031,2.3609338,2.4860132,3.3344426,1.2836856,1.4524935,2.6136253,1.841354,2.0126958,4.690615,1.062828,4.2254243,1.4898863,0.71471256,2.1843836,1.4389197,2.9396412,0.80617,1.9988875,0.6591142,1.5095881,2.57292,1.4710885,3.5447907,1.400528,0.7886729,1.4541548,1.130624,0.91322404,1.8846906,3.6388397,2.8482714,1.4785504,1.0298688,2.2839134,1.0996641,2.1073997,1.3987461,1.6779785,1.294018,3.3234394,1.5635062,1.8055067,3.6337297,3.0355499,0.6124323,1.966333,0.9848075,1.1372709,2.2977908,2.3597054,2.9042013,2.513806,2.3823383,1.4990193,4.5733843,1.5917931,1.5011466,0.8665572,2.712931,0.7821067,0.5656913,2.136936,0.8000567,0.8012467,3.311013,1.7671288,0.92058486,3.4800668,0.81322926,3.3717444,0.8243839,2.5801227,1.4107583,0.41702,1.0853753,2.41809,2.5270696,0.8152295,1.2204146,2.417906,1.7783334,2.1023586,1.5481043,2.3533766,1.9029197,1.840028,2.697353,0.8593435,0.9604935,0.75206494,1.4906186,0.41961408,3.7641823,2.697353,2.017764,9.641057,3.0535398,1.6881268,0.4201391,0.62038034,0.692739,1.357807,1.9604795,1.8530592,0.9877337,0.7218677,2.278129,0.8051864,0.72372055,1.0566585,2.876775,2.6773438,2.2742295,1.2808186,3.586703,1.4774988,1.5495183,0.8443142,1.0140979,0.77382755,1.2262021,1.344458,2.762385,2.0506105,2.7930164,0.87470156,1.7683547,1.4875106,1.0850575,2.0656195,1.5133663,1.5128082,1.0319968,1.415922,0.86114436,3.2946668,0.9671618,0.50095564,2.3633814,1.4449556,0.5254961,2.9305015,4.2811055,2.8475428,3.5305064,2.2838728,0.7151298,2.1537366,1.6861237,1.7877439,2.6033816,0.9978777,3.852092,2.6145234,0.80472684,1.1990002,0.77758884,0.9748732,1.4748192,2.8736346,0.7852583,2.123918,2.0287313,0.972771,1.5385051,2.606683,1.5533699,1.8887392,2.0033653,0.2067423,0.81829906,2.8426034,1.3529814,1.2952727,1.2804488,1.7257776,0.77141225,0.6406856,3.8618536,2.0220523,1.4782158,1.9830726,3.4300277,4.0771894,1.542515,1.1474482,1.8606402,1.5891652,1.3872023,3.6476984,2.5531583,1.2186943,1.3778604,2.8306792,0.86528647,3.0856743,1.0403879,1.156462,0.8885738,1.4884661,2.1388884,1.299101,2.3580713,1.4538274,0.28940216,0.94312435,1.3754762,3.400556,2.1486735,2.8511212,2.269309,3.6259313,2.2483554,1.6315224,1.2121263,2.645631,0.84895086,2.3981855,2.9136593,4.281367,2.6380095,3.0182142,2.0573597,2.5050783,4.295094,1.4960158,3.9050324,1.7130896,2.9083052,1.4136119,2.3454123,2.6345396,2.7284658,0.59292454,0.35212657,1.340357,1.7601861,3.085559,2.8129885,3.3120646,2.9037333,2.8164115,1.0329568,1.5462683,2.2027373,3.6588783,1.2473738,2.7339082,1.4865962,1.320485,0.59956235,2.357157,2.7773795,2.3895273,1.3462533,2.7055564,2.6782143,3.3392208,1.892876,2.6467347,1.8387679,1.0868964,3.607055,1.5949192,1.1012871,0.44696894,1.4121739,0.9634553,0.8773623,2.9845226,1.5528369,1.2284851,3.3758223,3.1017363,2.7664137,1.1584005
1.0500723,3.028475,2.2047403,3.3412573,3.2433698,3.2313452,1.3945885,1.4147449,2.277808,1.7176043,1.3815253,1.2427373,1.6547338,1.2231245,3.9760332,0.45124203,2.5582056,2.759424,3.5441847,1.4636185,1.6550757,2.725617,1.933743,2.195372,4.747448,1.048323,4.112084,1.8155239,0.92833513,2.5568178,1.5874656,3.0642576,1.1067997,2.2145445,0.9458374,1.905596,2.714506,1.5765916,3.8773427,1.3889142,0.8535866,1.1543385,1.3572732,1.0615237,2.098378,3.7707067,2.9650857,1.68747,0.8901881,2.4099963,1.3257293,2.122356,1.4178401,1.8079609,1.1555438,3.5296676,1.7040747,1.9976567,3.8684363,3.3270445,0.481695,1.8703005,1.1890625,0.95118755,2.70517,2.5013416,2.9469104,2.445933,2.5455196,1.6354237,4.698658,1.6103978,1.6173726,1.2482308,3.036049,1.0613958,0.48662877,2.2699244,1.1161779,1.1270839,3.421186,1.8333024,1.188767,3.6839852,0.7016116,3.1249092,1.1357505,2.7528315,1.7756748,0.6824022,1.2958044,2.308416,2.4183066,1.1192361,1.4412673,2.7503083,1.9731733,2.3594375,1.3579446,2.3327417,1.9809414,1.7442839,2.7788591,1.130591,1.042636,0.8843473,1.5878069,0.80162203,3.553051,2.7788591,2.0929172,9.4270735,3.3651094,1.5397042,0.846124,0.6584437,0.4655409,1.0634958,1.9601495,1.6343589,0.79553556,0.3098615,2.3027735,1.1119742,0.99293166,0.78350896,3.14964,2.7093108,2.4599757,1.569657,3.8157828,1.5837364,1.669365,0.8762707,1.2509921,1.105552,1.4449977,1.7115268,3.0737162,2.203467,3.0859163,1.0961072,1.8325549,1.6546149,0.81151736,2.4098754,1.7497189,1.6616956,1.3923279,1.4260511,1.1177723,3.3661208,0.98055977,0.700458,2.2873597,1.6265843,0.8501574,3.260371,4.4738398,3.0640116,3.798443,2.5307426,1.0277395,2.3783576,1.9440725,2.1546338,2.228929,1.2518275,4.0245275,2.9439676,1.1220936,1.222491,1.0202488,1.1904988,1.7764084,3.233501,1.0792677,2.1686954,2.2754037,1.2138284,1.6680192,2.6708708,1.6671681,1.9649999,2.2892406,0.34175235,1.1283742,2.8028672,1.1221858,1.3520869,1.5359063,1.3714731,0.9839039,0.3555938,3.4920144,2.3558352,1.6304057,2.2262897,3.6936479,4.2903976,1.9246436,1.4020051,2.098186,1.942364,1.7058699,3.8347228,2.882165,1.1793618,1.385234,2.9739223,0.62634355,3.4676788,1.0346384,1.0732732,0.747096,1.851183,2.3049731,1.3981142,2.5705795,1.6210263,0.30342284,1.2392673,1.6761485,3.2540305,1.9298936,3.053129,2.6515903,3.8386989,2.213014,1.7908163,1.4546196,2.277097,1.145516,2.5033395,3.2713196,4.1815405,2.9664848,3.3738472,1.9952261,2.856371,4.446162,1.6009465,4.1419544,1.7234484,3.0899634,1.2792022,2.4876688,2.9649842,2.504684,1.004789,0.67339796,1.281758,1.8152404,2.8455923,2.4542818,3.5378098,2.987643,3.0296988,1.2773113,1.6383133,2.5585933,3.7374208,1.1072943,2.972458,1.8372687,1.6122153,0.8354259,2.6381643,2.8302565,2.0865269,1.5238467,2.9833264,2.7654767,3.0935688,1.9947487,2.8647745,2.0721395,1.0466913,3.9535668,1.2698268,0.9141297,0.652952,1.5627111,0.88583827,1.1880202,2.597638,1.6557807,1.3900658,3.4556308,3.1011393,2.7065034,0.99857455
1.5466206,2.0032594,2.4636374,3.52541,3.165897,2.909308,1.517925,1.6959074,1.6324333,2.2654674,1.5816813,1.5994606,2.9674013,1.6358507,3.8969357,1.9650903,2.794752,2.8085206,3.2162,2.9250116,1.8047041,2.1422706,2.4093804,3.4942362,5.224747,1.0668874,4.7591968,3.1836495,1.5556325,3.2783053,1.593394,2.6301608,1.8948349,2.9963794,1.7913767,2.8171942,2.0717034,1.6159158,5.0605035,1.4659927,1.2703665,2.3586812,1.6131396,1.3743446,3.2475915,3.0057147,2.1702592,1.8093698,1.1464692,1.7702587,1.5902915,2.4495046,1.945769,2.5541961,0.7499227,3.4936404,1.5228678,1.973328,3.501586,3.5158737,1.2588909,1.8043249,2.5621252,2.2713044,3.7675748,3.795742,2.1504736,1.1408116,2.163398,1.5520461,4.803907,2.1064699,1.5037206,2.4276805,3.5074341,1.8584179,1.2593365,1.8170574,1.8106077,1.8499951,2.560021,1.4828409,1.6924624,3.6647506,1.2530423,1.8328828,1.8711547,3.2613175,3.0459192,1.6208557,2.751444,0.9456063,1.0572917,1.8714926,1.5830623,3.4170165,2.6188247,2.8994734,2.6292741,3.6675155,1.3605583,0.9500205,1.9489734,1.9848036,1.2567936,1.3786156,1.4733089,1.8432641,2.2453716,1.9489734,1.3715854,9.399104,3.4394023,0.37027764,2.0519156,1.3147645,1.1881373,0.6628681,1.0350374,1.0877025,1.8330204,1.4764459,2.4227,1.7716444,1.7203888,1.0375949,3.6883636,3.854674,2.0983877,2.1833596,3.5002334,1.5093288,1.4838142,1.2464074,1.623681,1.9634737,1.6185099,2.922581,2.918786,1.9706432,3.3400867,1.6564722,3.2352598,1.5791436,0.99286884,3.4448118,2.2151194,1.5424726,2.710001,0.89554226,1.665125,3.5411935,1.2223192,1.5569638,0.976472,2.0131152,1.8006117,3.3053596,3.8968961,2.587887,3.7577386,3.1429515,1.8381538,3.3890824,3.0130684,2.4966145,1.5545306,2.7429407,4.042614,3.0994005,1.8539932,2.6051226,1.6274445,1.6036505,2.1898744,3.8174732,1.7242182,1.3827369,2.7252731,1.6519146,1.5124099,1.6901681,1.4671144,2.4269986,2.695172,1.6234422,1.8362645,1.8429834,0.552051,2.1932464,2.1062598,1.6941935,1.5570569,1.2983658,2.495838,3.240896,1.6050245,3.0572958,3.63991,3.864847,3.1691263,1.9010786,3.0815947,2.3402772,2.859971,3.6529586,3.5115035,2.282722,2.7369492,2.351095,1.3105781,4.291196,1.0999566,0.96146524,1.3042217,3.127774,2.2976315,2.1468396,2.797579,1.6458085,1.6813762,1.9356275,2.2266328,2.7202134,0.62255996,2.9776485,3.352443,3.363566,1.0314859,1.5230316,1.8063428,1.3968676,2.5124457,2.9874146,3.9157424,4.8757777,3.3610673,4.338497,3.290759,2.965013,4.5988,1.5014813,3.9308684,2.8909013,3.8052628,2.5801504,1.8872447,3.430997,1.0456179,2.322967,2.1099901,0.6858953,2.2512772,1.5073913,1.5030012,3.3446012,2.137525,3.3696911,1.6571537,2.4185598,3.8977194,3.8121262,0.78081375,2.610682,2.7753577,2.2572646,1.7005628,3.5673375,4.0091486,0.83831465,1.4948907,3.0665164,3.1038096,1.7899592,1.6792715,3.1685905,3.1078238,1.2718023,4.862343,0.67,0.9818692,1.5484504,1.6106769,1.1826638,2.031489,1.8790985,1.4476326,2.6509106,3.3785427,4.1406517,1.4445112,0.85968
2.0731547,3.4577644,1.5137275,1.7626876,2.3816009,2.6035724,2.0805874,1.9999719,2.7348483,1.9469476,1.97255,2.0039594,2.0419576,1.969733,2.6772933,1.8799105,1.2683866,2.5193176,3.0228448,2.7552445,2.3882165,3.3594136,0.5501751,2.9341373,5.887089,1.2668818,4.7679353,2.9383147,1.8509182,3.3494248,2.270513,3.7742274,2.188828,1.6131576,2.0689135,2.0124884,3.1095388,2.5888903,4.9257636,0.50154585,1.6177952,1.9874318,2.0314097,1.8783686,2.5655842,4.0225987,3.2637239,2.4362266,0.98428476,2.7893524,1.9627367,0.5766208,0.46976346,1.9537534,1.4881315,2.2455573,2.1316607,2.8479993,3.2459853,2.9878507,1.742979,0.47118485,2.1463504,1.6076568,3.2809422,3.4604406,2.4546297,2.6500945,3.2103593,2.2652705,3.1791131,0.29738396,2.35442,2.0700455,3.7792993,2.196911,1.4971185,2.9157667,1.9980078,2.0260344,3.6541483,2.7037416,1.8921859,2.365414,1.5469294,3.269839,2.1285486,1.7462305,2.1180527,1.5379696,2.6019933,2.5244799,2.6338737,2.1548262,2.0157452,3.634696,3.3016024,1.372122,2.364081,3.3854735,2.5321019,2.4681573,3.1261952,2.3462498,1.842233,1.6875051,2.4101663,1.564921,3.6646514,3.1261952,2.5366673,9.582684,2.5703018,1.9797808,1.8711017,1.718029,1.4233818,1.6116179,2.4029377,1.2732953,1.1443468,1.5771078,0.6460018,1.958863,2.046685,1.2649848,3.7267163,3.8839476,2.988709,1.9710451,3.3110058,2.432667,2.2448058,1.267101,1.9431462,2.169334,1.997069,2.5905569,2.9259279,3.0047286,3.2006233,2.1318736,2.9679644,2.1527395,1.297258,3.1372423,2.8369937,2.140306,1.9514066,1.9687017,1.9987805,1.7698871,1.3484646,1.4219673,2.5365944,2.7756805,1.4256369,3.047623,4.0900044,2.7270272,3.7296793,2.671093,1.8798522,2.4696093,1.9782631,2.2859168,2.3413732,2.4952557,2.567524,2.5888166,2.0791986,2.496617,1.8336402,2.031668,2.0816321,3.589146,1.9479625,2.72452,2.6074817,1.9549302,2.202991,2.9049995,2.2717083,0.5516731,1.4544476,1.6203727,2.079766,2.0120864,1.6578885,0.6918842,1.6796113,2.3414834,1.7975755,1.4580303,3.6163437,3.3950996,2.2172918,2.1092925,3.3360152,3.8226757,2.7109463,1.7432157,1.9891738,1.8312382,1.6495539,2.8427498,3.3259182,1.0847164,1.6461484,3.4320068,1.4358889,4.3070993,1.2373835,1.3039416,1.160023,2.387933,3.286937,0.64971477,2.1262765,2.1960604,1.4708419,1.8147366,2.2219906,4.0738816,2.2602537,2.8903184,2.6982172,3.2712584,2.4599764,2.3610442,2.062272,2.553152,2.1350048,1.75453,3.7282476,4.858297,3.6098647,4.360035,2.8750672,2.6594317,2.9286427,2.438889,3.7155204,1.471959,3.84496,1.6805345,2.9082124,3.4472954,2.6500175,2.0041692,1.9577638,1.6694204,0.44111598,3.044651,2.6534138,2.9564893,3.3012962,2.193492,1.9862727,0.7312553,3.2628896,2.1124356,1.4393692,2.7056456,1.7494887,1.8163304,1.9984505,3.495935,3.688862,2.3527265,2.1742284,2.2324204,1.7987764,3.243399,1.5653721,2.96135,2.250915,0.80012715,4.9658527,1.7669464,1.2204918,1.5183847,2.3063078,1.1911296,2.3153145,2.759256,2.341897,1.4696798,1.9591426,4.0709853,2.945116,1.367591
3.7154486,2.9082391,4.513618,4.995268,4.557166,4.2208695,3.7458487,3.9983275,3.261621,4.589154,3.8238056,3.8803177,4.9674363,3.9134269,4.9627824,3.9705005,4.6066194,4.273943,4.2389603,4.733508,4.0408053,3.5365074,4.178833,5.0090127,5.6932564,3.3448203,4.85852,5.2033257,3.8112094,5.1597733,3.849756,3.7488291,4.045962,4.6058445,3.939879,5.037063,3.5617511,3.7094343,7.029049,3.381514,3.5651488,3.8849995,3.8614647,3.6380749,4.7683396,3.804258,3.4306705,4.0097995,3.223061,3.3593984,3.8500967,4.0047126,3.9018688,4.819253,3.048452,4.8691173,3.7834368,3.907146,4.5989966,4.8467617,3.344101,3.3674774,4.7494965,4.076112,5.991712,5.201616,2.8541758,2.2342193,3.822988,3.8032162,5.8260913,3.9066517,3.7167294,4.66005,5.1183743,3.992837,3.4316385,3.5905519,4.020861,4.0517545,3.5002418,3.3941958,3.9618287,5.0085745,3.502883,0.66675836,4.0473766,4.6623497,5.0328884,3.833432,4.6275663,2.0432584,1.9965577,4.0343,3.816506,5.1463194,4.438155,4.764281,3.9916205,4.9172792,3.2036712,2.521077,3.1394558,4.0545764,3.5506005,3.6640053,3.6572688,4.017348,0.83649576,3.1394558,3.2975225,8.03031,5.1221285,2.422604,4.1643767,3.5445278,3.2846766,2.6919088,2.7875707,2.4349663,3.7237847,3.4216225,3.9643497,3.9939983,3.8829725,3.007401,4.985848,4.9854293,3.7631803,4.5093985,4.5165954,3.684431,3.7279725,3.509246,3.8929334,4.1090465,3.8882964,5.1472325,4.706181,3.7050383,4.691202,3.8386476,4.743197,3.8376625,3.0305784,5.178593,4.312378,3.8086562,4.8721757,3.1226459,3.891997,4.967804,3.5202558,3.7828252,2.2711425,4.07853,4.0000553,4.8908167,4.5562887,3.966975,4.848524,4.4981694,4.1021285,4.8600216,4.6963835,4.5123634,1.8690491,4.7069,5.2875566,4.7610326,4.039229,4.2187233,3.9027376,3.859035,4.4905677,5.4048057,3.9382036,3.1198726,4.1555104,3.9255817,3.7706232,3.0663166,3.701408,4.218049,4.620852,3.747807,4.0265245,2.5299485,2.7792969,4.0874224,4.417227,2.7227223,3.8383195,3.3251965,1.1610428,5.090114,3.8760211,4.5829,4.7705154,4.6578565,5.3750606,4.2210836,4.6860633,4.40519,4.862098,4.6119485,5.042581,4.1017027,4.4701486,3.6837223,3.449304,6.2613707,3.3699033,3.2389805,3.4591963,5.047701,3.9520614,4.1194453,4.1221895,3.9237628,3.762889,4.241754,4.5399404,2.4712253,1.8367791,4.03392,5.131192,4.375915,2.4894378,3.5463717,4.1067104,1.6300938,4.703192,5.0562124,5.5032296,5.029068,4.9899025,6.4003615,4.538665,4.940126,5.821727,3.6704416,4.8329544,4.6695995,4.8913565,4.2916274,3.5395079,4.9782014,1.3578347,4.4338937,4.2076473,3.000126,4.100752,0.9503374,1.4387007,4.426539,3.1845431,4.6690574,3.9194512,4.307755,5.816344,5.111056,3.067511,4.0640864,4.976349,4.570376,3.8992248,5.096626,5.111705,1.6309059,3.6684332,4.6209493,5.0756187,0.6990023,3.1993108,4.308893,4.663748,3.3217933,6.7486115,2.4310603,3.1451588,3.770718,3.8578355,3.4136624,4.1338654,1.7085793,3.6545553,4.480701,4.954126,5.0116673,2.2176948,3.1085074
3.995383,3.6804807,4.7869563,4.9477487,4.9986706,4.7785163,4.0855546,4.2814636,3.8655453,4.795328,4.151488,4.157021,5.060466,4.186817,5.2632217,4.032508,4.7726626,4.7758565,4.8434367,4.793654,4.3829737,4.2040133,4.200485,5.074483,6.056942,3.5162973,4.756669,5.3425474,4.035214,5.5701723,4.1791406,4.4529757,4.305204,4.71778,4.174607,5.2321434,4.232281,4.069984,7.278145,3.4824448,3.7522418,3.6210816,4.179789,3.9038155,4.8837366,4.641474,4.161508,4.376494,3.285925,3.985448,4.158537,3.9693706,3.8933578,4.835911,3.2034943,5.1745644,4.127859,4.382276,5.221533,5.3312926,3.4834514,3.3347669,4.7595105,3.8944297,6.2262373,5.2615113,3.462809,2.893468,4.4268394,4.1422772,5.9018397,3.8865798,4.0691276,4.799581,5.630327,4.2470493,3.5509803,4.1530056,4.2824645,4.3134074,4.3084345,3.852615,4.2272897,5.2989607,3.5892148,1.4494238,4.314098,4.782505,5.148178,3.986658,4.7048454,2.6511822,2.6423702,4.2990794,4.1583986,5.5849037,4.7796907,4.924331,3.8170414,4.808089,3.7312992,2.981224,3.8615572,4.311358,3.7950895,3.869209,4.0107465,4.17601,1.7842253,3.8615572,3.8121831,7.7925634,5.547264,2.7703383,4.325324,3.7146063,3.358369,2.7585948,3.3204298,2.4893553,3.61566,3.393108,3.9759023,4.2552505,4.136825,3.034515,5.447972,5.0237336,4.3685875,4.7180257,5.146486,4.039944,4.0763054,3.6587334,4.1790314,4.3602667,4.208005,5.29757,5.273674,4.248795,5.212155,4.114782,4.7279954,4.1849995,3.0552707,5.4629116,4.658639,4.1480336,4.9503994,3.4775414,4.1645436,4.9342275,3.6706872,3.92448,2.879,4.419513,4.15004,5.447327,5.321803,4.5957026,5.4808245,4.825125,4.309106,4.9905567,4.8103538,4.9264836,1.5209132,4.776622,5.493262,5.23749,4.303546,4.232699,4.1313124,4.138747,4.770397,5.8705425,4.2005477,3.678931,4.557223,4.198414,4.1109295,3.7500017,4.054307,4.2161007,4.8597565,3.8415272,4.293284,2.9900541,2.913499,4.054695,4.593105,2.6275272,4.0606503,3.3744726,0.33536214,5.437771,4.202139,4.768745,5.347932,5.3534374,5.5263786,4.434675,4.8038855,4.746009,4.941249,5.0482035,5.4707227,3.9836602,4.327051,4.3955765,3.453797,6.6627164,3.5378568,3.38292,3.4906662,5.1929464,4.4758806,4.1276584,4.482838,4.245264,3.8095772,4.4452004,4.79668,3.015989,2.213185,4.5810256,5.486923,5.034561,3.0853631,4.011508,4.3883715,1.4127034,4.765893,5.0256963,5.95827,4.9337106,5.517612,6.720147,4.396488,5.4091363,5.912164,4.031863,5.4641886,4.4876275,5.2268467,4.0698385,4.1607194,5.474684,1.8874714,4.567289,4.2922297,3.2750247,4.095863,1.6218657,1.2182182,4.979572,3.944392,4.9304986,4.211716,4.2761416,5.972007,5.1096587,3.2126908,4.67419,5.112564,4.7555175,4.100002,5.413214,5.109062,1.7816671,4.051215,5.032385,5.040591,1.4719834,3.6004353,4.749735,4.798887,3.4250696,7.127829,2.468509,3.2102633,3.918161,4.1862473,3.5057075,4.3991485,1.1876571,4.016589,4.458341,4.998281,5.0141406,2.9587219,3.2210708
2.7571995,2.7428858,2.129923,3.564839,0.91520464,0.53554994,2.6324315,2.8195903,2.2456214,3.0429049,2.5556345,2.8184168,2.9610808,2.7782567,2.0762649,3.2013023,2.4097443,0.6321199,0.38692594,3.592994,2.9131162,2.5868866,2.7553523,3.35826,5.0065846,2.815762,5.024234,3.5352736,2.8447614,2.6444263,2.9454808,2.6248076,2.8127434,2.3143425,2.8240583,2.784469,2.231106,3.0424292,4.75793,2.607534,2.9119668,4.0843363,2.6439257,2.7702637,2.848553,2.311575,2.218703,2.8297482,2.9323874,2.1266456,2.6347022,2.9167128,3.0134184,3.8264756,3.0636516,1.9026123,2.8216257,2.6684217,0.719466,0.8367985,3.0078056,3.0169482,3.7178056,3.8076265,3.5347044,3.7866683,1.4910778,2.619188,2.5619018,2.9313946,3.587186,2.9186554,2.9551916,3.1510415,2.5057735,2.8413599,2.9702241,2.5672898,2.6991277,2.702746,2.2783885,2.8613904,2.7041328,2.0564098,3.2216363,3.7155614,2.7512758,2.268088,2.8776026,2.8340821,3.4725833,2.7316763,2.7568395,2.7735443,2.541664,2.7583756,3.3277533,2.304173,3.9007933,4.3109508,2.4621124,2.7966576,2.219345,2.8910096,2.8839717,2.86117,2.9966974,2.7425258,3.7406454,2.219345,2.6165981,9.634123,1.4619421,2.8257716,2.8424149,2.9706383,3.056218,3.2569532,2.4992154,2.9359727,3.4246483,3.3818388,2.829664,2.6906636,2.7615626,3.1033728,2.3100705,4.219983,2.188192,3.0300102,0.57104534,2.9884233,2.9096088,2.8352087,2.6964967,2.7921064,2.6508348,3.4428067,1.5909001,2.5790353,1.249594,2.8074038,3.8113053,2.7739959,3.1767917,2.7189374,3.0998523,2.828346,3.201863,2.6990848,2.7263455,3.4634352,2.934454,2.8414352,2.6619992,3.1203997,2.7381823,0.96876466,1.4770741,0.9149623,1.1346556,1.8142499,2.8798187,2.6074002,2.5341299,1.7855772,4.079944,3.473094,2.6508598,0.93896234,2.7255235,3.4919674,2.8208241,2.7926645,2.8052068,2.0559688,2.681323,2.65916,1.6525196,2.7541013,2.8996425,2.3393,2.9170158,2.9076943,2.0121193,3.049521,2.728284,2.1199675,3.1803365,3.0169723,2.9835052,3.696921,2.840191,3.102947,4.9296374,3.0172825,2.9298594,2.1452844,0.6582222,1.1129234,3.4587116,2.8779478,2.4562082,1.8595088,2.8238878,1.3050524,2.0331547,3.3736298,3.58983,2.3455987,3.3666651,3.6261816,2.80161,2.9630034,3.155045,2.8628058,2.7939422,2.921451,1.1605675,2.9117682,3.1033084,2.9016855,3.010849,3.7624495,3.0719256,0.81149185,1.8010521,0.7771254,2.4827187,2.3691905,2.848104,4.083808,3.4794798,3.8689015,2.2902296,5.0862775,2.2549427,4.139519,4.027155,1.8375962,3.4458482,2.9761443,0.97312963,3.7588327,2.9777734,3.9134812,2.2744164,1.9557062,3.320806,3.0010815,3.2168336,2.7832417,2.960001,3.5545306,4.100973,0.40455845,2.220907,1.6592172,2.694425,3.0457244,3.4568286,3.4872031,3.0495434,0.8563047,2.9013507,2.9976528,2.9719355,2.8744934,4.058655,3.5964804,2.5446537,0.9995391,3.912615,3.6959155,1.5078958,1.4852554,2.5307508,2.704043,4.325774,3.3715644,3.1000097,2.8696249,2.962798,3.0220957,2.8260937,4.4281383,2.9375482,3.07101,3.5723658,4.3412614,2.6592808,3.077417
2.509615,0.5779681,3.1936338,4.685993,3.0899704,2.469238,2.3356152,2.6682203,1.2174625,3.3250878,2.4187317,2.6064668,4.0056663,2.63669,4.0627093,3.3092089,3.6823895,2.556525,2.5238626,3.9715626,2.542093,1.3024524,3.687055,4.316808,4.88661,2.5918105,5.303696,4.078416,2.7135212,3.3520482,2.452237,1.551916,2.7971377,3.8533769,2.7934556,3.7273798,1.2135667,2.3072965,5.4631424,2.8881185,2.6603549,4.088968,2.4721484,2.4842684,3.995198,1.274621,0.93761474,2.448453,2.8278468,1.1975284,2.4922569,3.768524,3.4782054,4.026691,2.493184,3.782319,2.3679175,2.094363,2.7503867,3.2064447,2.6932452,3.3035858,3.9759648,3.9930887,4.430344,4.5508356,1.6773103,0.8532908,1.6631374,2.3963413,5.393495,3.5584908,2.3068912,3.5607505,3.1556492,2.7800822,2.777523,1.5960343,2.7540662,2.7776322,0.898498,1.8331748,2.6913233,3.9636688,2.8996792,2.0198765,2.7679257,4.001525,4.009617,2.9294984,3.8171751,1.0965532,1.01354,2.7686896,2.3723795,3.3403327,3.0075269,3.7741363,4.0562477,4.7463574,1.4478532,1.5299519,0.7535,2.8383372,2.4934661,2.6694744,2.2738795,3.0480547,1.925785,0.7535,1.5580301,9.535664,3.4573967,1.7809274,3.1623616,2.7024832,2.8207593,2.5664668,1.2645662,2.6091864,3.5617292,3.1691062,3.6584406,2.7335641,2.6956367,2.8038218,3.3890562,4.559409,1.577553,3.2495155,2.694744,2.2847557,2.3236568,2.73772,2.5855894,2.8654847,2.4858706,3.9278643,2.5237973,1.7726167,2.9150536,2.5990791,4.2798343,2.3850114,2.8137038,3.8042336,2.7720854,2.3947709,3.907735,1.9516382,2.6316762,4.6513586,2.7418854,2.9262047,1.0134345,2.628946,3.0555174,2.8445632,2.5724819,1.9051858,2.895946,3.3228767,2.9559019,4.0670533,3.8705506,2.7321138,3.1361303,3.8647559,4.485443,2.9511156,2.7659984,3.7449777,2.757137,2.5861418,3.041602,3.5749688,2.6939828,1.3320532,2.7766116,2.646171,2.3729818,0.8293844,2.2944505,3.7669823,3.4223294,3.0471532,2.7488654,2.0332696,2.43223,3.6735735,3.280249,3.1077409,2.7318919,2.914223,3.4753625,3.4977844,2.47944,3.6785643,2.993034,2.793052,4.1201277,3.0238752,3.8922405,2.8670437,3.9620726,3.4481347,3.3925197,3.8825684,4.2447042,1.2421906,3.082387,4.3410077,2.6154852,2.613093,3.0237713,3.9711318,2.0971644,3.5838099,2.962089,2.521628,3.18348,3.0609882,3.138956,2.345126,1.7691336,2.4766645,3.5508907,2.4847028,1.010037,1.8327444,2.747861,2.8810656,3.8053162,4.4257326,3.6956542,5.414375,2.97377,4.654432,4.488009,2.9658487,5.2431016,2.2586982,3.0657752,4.4836817,3.793819,4.271469,1.3408793,3.114419,1.7002125,3.4364858,3.3982525,2.1360686,3.662897,1.83024,2.8623266,2.8175626,0.6924903,3.714519,2.586248,3.8483636,4.60674,4.7796173,2.5256298,1.9996703,3.8461778,3.3664782,2.8505263,3.757718,4.76655,2.2774553,2.1593862,3.1218202,4.5045433,1.9876724,2.0803685,2.9725308,3.8483086,2.797182,4.909394,2.5553572,2.768917,2.902553,2.4611905,2.8405693,2.8582659,3.3317494,2.241212,3.9571404,4.4316187,4.7955375,0.58791566,2.6270432
2.495785,3.4263506,1.9536995,3.0486877,1.3728594,1.6687325,2.573654,2.6957934,2.7147808,2.789127,2.46503,2.6423538,1.936365,2.578985,2.0687883,2.45811,2.026603,1.0812141,1.6949103,2.675318,2.9111137,3.1481428,2.0156639,2.158794,4.678884,2.537062,4.0807137,2.7587044,2.516786,2.4356158,2.951103,3.1901536,2.4510555,1.0605797,2.4155428,2.2418575,2.906062,3.0301845,4.224891,2.151135,2.5951946,3.1369443,2.5332415,2.5567527,1.6003674,3.3399208,3.018281,2.8564806,2.454413,2.6818593,2.5074434,2.1809278,2.365814,3.3504057,2.849472,1.9259971,2.9001842,2.839267,2.0568454,1.0546906,2.536118,2.5201986,2.9901567,2.885596,3.0576713,2.6766381,2.1012695,3.051662,3.039501,2.9705727,3.1971705,2.1891923,2.998848,2.5457177,2.549705,2.4699645,2.4902854,2.9626539,2.3710647,2.3637497,3.2349527,3.0165944,2.4585993,2.0474648,2.8071792,3.889284,2.4149382,1.205263,1.8500577,2.3246849,2.6039917,3.0471125,3.109809,2.4281983,2.489184,2.5854177,3.0921953,1.6283181,2.8564036,3.1579955,2.7708497,2.8601046,2.911264,2.4898844,2.6772265,2.5453892,3.0272777,2.1560717,4.06411,2.911264,2.9762597,9.078205,1.8218137,2.8087215,2.1942418,2.580681,2.5372643,2.9209852,2.7865596,2.5731735,2.6352634,2.7273185,2.268473,2.3750992,2.4059503,2.5994315,2.0353813,3.2441752,2.692846,2.749907,1.9054484,3.0121062,2.9796927,2.4619248,2.514931,2.3897665,2.5809894,2.8384433,2.3567474,2.8716226,1.3896745,2.5408232,2.7272692,2.8267605,2.7106628,1.9529054,2.9939458,2.8830884,2.3873367,2.7222764,2.4633896,2.9414907,2.617088,2.343477,3.0264251,3.0118265,2.1742733,1.7360839,2.8196242,2.0289726,1.9411169,0.8454987,2.4891245,1.2387077,1.2378796,1.8015862,3.713783,2.610655,2.4827745,1.3292322,2.3855846,2.533273,2.5087988,2.5926182,2.6780128,1.8874543,2.36605,3.03591,1.1441128,2.5436783,2.9603257,3.009062,2.990669,2.2017376,1.5755941,2.4426086,2.4015484,2.431016,2.936886,2.1655874,2.6620069,3.0686877,2.531153,2.520015,4.7827616,2.6316495,2.9495845,0.77344894,1.5614554,2.4032578,2.800944,2.6151211,1.1005353,1.6723968,1.8170136,1.6837351,1.6555165,2.4186928,2.458622,3.079273,2.8530009,3.4601867,2.5075548,2.6904252,2.6485426,1.8341355,2.985014,2.1624825,0.39562678,2.9170713,2.4196768,2.5567784,2.8171296,3.8130324,3.0760224,1.2565453,1.2079705,2.175045,2.8653224,2.5645566,2.7119796,3.8282933,2.7685184,3.3942297,2.0637808,4.1241965,2.3849452,3.840213,2.8426826,2.2397377,3.0697553,3.0115342,2.0190692,2.69108,2.3375378,2.886265,2.844528,1.919029,3.4825933,2.2749643,2.5077453,2.699947,2.3046196,3.722748,3.8823586,1.4687872,2.9953997,0.76646376,2.520048,2.200452,2.5035481,3.0628781,2.80871,1.9012231,2.2656898,2.6645634,2.5614052,2.204624,2.9052424,3.5036411,2.5730085,1.1736013,3.4913476,3.8733866,1.5020586,1.0881498,1.2149372,2.232518,4.0841675,3.0454402,2.7045133,2.3780773,2.953148,2.6216753,2.4378366,4.0891705,3.0114546,1.9438891,3.3780205,3.3051786,3.1812022,2.7708302
0.7221353,2.1507256,1.8196698,3.4031131,2.9133785,2.701691,0.53927624,0.6202791,1.3841379,1.2665123,0.59361225,0.55131793,2.2890825,0.6007148,3.8402605,1.4392158,2.4154496,2.4733934,3.120494,2.3694124,0.77146894,1.8822347,2.1816835,3.1078613,5.1473203,0.6003512,5.032015,2.3836014,0.63714916,2.4765973,0.5655829,2.4325793,1.0315814,2.6882045,0.97876126,1.909627,1.7766589,0.83019096,4.156954,1.39224,0.45691162,2.3287778,0.6002495,0.42502126,2.8885515,2.9567208,2.0304832,0.81419176,1.0613489,1.5041386,0.5740145,2.4133427,1.6781566,1.767675,0.64015466,3.2923408,0.5502317,1.2589417,3.32802,3.1869173,0.8946303,1.9802238,1.7741818,2.0389206,2.7496111,3.43153,2.493693,1.6653056,1.6737504,0.547587,4.772389,1.9437162,0.561761,1.51375,2.8688862,1.0284576,0.8064195,1.3313938,0.8859504,0.93130106,2.528073,0.9886906,0.6901506,3.471544,0.72248757,2.8458054,0.97429806,3.0875778,2.3606489,0.88402694,2.1571963,1.6306629,1.7399458,0.9936287,0.60112417,2.7107384,1.9396454,2.424244,2.581219,3.4721186,1.0305536,1.2582093,1.9303405,1.209881,0.29199842,0.4949091,0.5915415,1.1015956,3.196223,1.9303405,0.96028787,10.1182165,2.9421833,1.0078619,1.3156309,0.6272162,0.96044385,1.0872674,1.0820667,1.7315916,1.6540246,1.3105481,2.4047296,0.8366288,0.88778013,1.1629294,3.2865922,3.643381,1.6309052,1.1569992,3.3593822,0.6271056,0.51714134,0.66445893,0.6015531,1.1063958,0.5797041,1.9622692,2.2815425,1.4628164,2.9644816,0.77611643,2.898179,0.56684,1.0870578,2.8121293,1.3040925,0.53845227,1.9080485,0.3839237,0.71961224,3.4380155,0.5859583,0.850268,1.4996529,1.1737891,1.0600634,2.7876892,3.8738735,2.3452566,3.4898705,2.8567612,0.88252866,3.0646334,2.6014051,1.7103415,2.4679298,2.0814002,3.909112,2.5875294,0.9524251,2.289243,0.6582826,0.5986149,1.1510317,3.2191856,0.80981296,1.16627,2.4138792,0.6264765,0.5239258,1.6665785,0.51677746,2.1941621,2.1543186,1.0598541,0.9270713,2.3816767,0.84187406,1.8950369,1.1746588,2.1200676,0.5975837,1.0969743,3.541395,2.4792795,0.57088107,2.7367406,3.4042418,3.7921548,2.2190073,0.9084965,2.7264445,1.5899308,2.233411,3.6216245,2.9891605,2.039957,2.4443908,2.0885477,1.0183706,3.3657427,0.6269753,0.64886534,1.0019786,2.4601946,1.7759687,1.7740769,2.631738,0.5968965,1.2076032,0.93596935,1.152622,3.2457507,1.5933958,2.876065,2.7201319,3.2490704,1.3793155,0.8657486,0.72890544,2.3722696,1.6842269,2.4429777,3.3042889,5.1136627,2.7257853,3.3653457,3.1745756,2.1920447,4.468717,0.6311239,3.794906,2.5868924,3.5531545,2.3706589,1.5133177,2.8768055,2.065759,1.5581267,1.4249779,0.44488457,2.0128129,2.5125985,2.516558,3.2096226,2.1510367,3.1910105,0.6354745,2.0844417,3.1452591,3.7516682,0.6599735,2.2997618,1.9456409,1.2899698,0.86112213,3.0504208,3.830841,1.8944646,0.61072546,2.7054896,2.650647,2.8022766,1.6960926,2.9873588,2.7566395,1.118639,3.9754188,1.3468646,0.9130339,0.8278751,0.5893583,0.79923624,1.2032351,2.8287761,0.5404513,2.2498696,3.1955836,4.0643973,1.9483309,0.73624694
1.8676428,3.571228,1.5663571,2.0692465,2.5295293,2.7720034,1.9791462,1.8893678,2.7761135,1.8070208,1.866118,1.8578995,1.529033,1.8110583,2.9238505,1.4478977,1.4686818,2.497187,3.1553037,2.2345257,2.279314,3.361328,0.64650893,2.421788,5.5527143,1.2846119,4.454451,2.4421055,1.640941,3.0299354,2.2025347,3.7262077,1.9044096,1.3439391,1.7788821,1.7118857,3.163456,2.4614,4.4573956,0.7537437,1.4843484,1.6015712,1.9057543,1.7398106,2.1015928,4.1168714,3.3612025,2.325245,0.9647433,2.8431911,1.8412315,0.84778935,0.45700404,1.7868651,1.5616678,2.493889,2.1374085,2.729315,3.415226,2.9314632,1.5169942,0.9831974,1.709673,1.1692942,2.906073,2.9464662,2.707487,2.8381612,3.1760876,2.2212863,3.4235642,0.3709356,2.2973092,1.6763843,3.51568,1.9101909,1.2901253,2.901542,1.7509091,1.7686733,3.7745385,2.6458185,1.7127478,2.6137,1.4041195,3.4907649,1.8613518,1.6911105,1.6226805,1.2573012,2.0943558,2.7121642,2.8247468,1.8813359,1.9223033,3.313789,2.988125,1.3251625,1.9142419,2.873251,2.5584853,2.4779465,3.2155664,2.0326073,1.733281,1.5267004,2.3399923,1.2240762,3.8968194,3.2155664,2.6087587,9.516762,2.6680567,2.0757976,1.4723126,1.5190163,1.2354816,1.6363204,2.4871387,1.5000341,0.8023341,1.2957397,1.0842745,1.7246675,1.7866979,1.1981,3.4444697,3.406871,2.9661438,1.7935991,3.4352143,2.350853,2.2271667,1.1806797,1.7950971,1.8651773,1.9062544,2.1737602,2.9739692,2.9225914,3.0557754,1.9108973,2.441325,2.123811,1.253535,2.71452,2.6075478,2.1258337,1.476555,1.9955461,1.7929147,2.0768344,1.3022068,1.1709664,2.7123861,2.561563,1.1151707,3.0300727,4.2542214,2.8776681,3.6920083,2.4078572,1.6188025,2.0673122,1.5414802,2.155155,2.4932578,1.9819063,2.8369224,2.5640087,1.8156646,2.0073287,1.631801,1.8629998,1.961407,3.3250775,1.7170457,2.7792137,2.3823504,1.7897521,2.1875546,3.049636,2.2512295,0.6944817,1.4491941,1.2842256,1.8233188,2.4019,1.7037922,0.1878357,1.5433378,2.158519,1.6083523,1.2209971,3.8255122,3.0167685,2.1704814,1.783739,3.353948,3.9642653,2.2741005,1.6080705,1.5954312,1.7186303,1.1808541,3.0372217,3.0369408,0.5832616,1.0976657,3.4689586,1.2749242,3.9571767,1.2471362,1.3527286,1.0416127,1.8927057,3.1336703,0.32371622,2.0735734,2.1409345,1.1004927,1.5998333,2.042863,4.023916,2.4068806,2.8781886,2.4328287,3.4575908,2.6182284,2.3298166,1.9309994,2.7005131,1.690149,1.8028306,3.4358783,4.528489,3.3780756,3.9710648,2.3841102,2.652494,3.1656055,2.3620505,3.7876346,1.0233876,3.4943483,1.2146611,2.9532602,3.2053652,2.880546,1.5556041,1.5213988,1.7376921,0.6227514,3.2554646,2.8266573,3.062192,3.400408,2.1731784,1.832971,0.4314104,2.7545693,2.448259,1.5023763,2.812532,1.4452267,1.6440138,1.7213762,3.0908785,3.2100122,2.5321043,2.0997279,2.3061783,1.948102,3.4646726,1.7059443,2.797702,1.8302464,0.82536197,4.571219,1.819262,1.2279766,1.2583052,2.2214541,1.1472603,2.004953,2.9111164,2.308056,0.9034121,2.3586633,3.62567,3.1242383,1.3987894
2.7714267,4.5362296,3.3038108,4.8557568,3.909969,4.0160985,3.038971,3.0379093,3.706295,2.9924672,2.9811478,2.9473004,1.8075618,2.8888733,4.8046827,2.450781,3.8088834,3.1926816,4.1612663,1.6331043,3.076782,3.8288076,3.6174998,1.7009164,4.0546384,3.4813464,4.482101,1.1894099,2.816795,1.6806259,3.263821,3.7885697,2.425834,2.8855412,2.4848921,2.3314526,3.86539,3.1467824,1.4632123,3.66914,3.139166,3.366904,2.9429832,3.0132337,1.9267216,4.5979147,4.1672993,3.0434875,3.527973,3.7394907,2.9582543,3.9693942,3.5465467,3.3779533,3.7767491,4.409742,3.4583805,3.0365872,4.405979,3.2803104,3.0281458,4.219727,2.427174,3.148033,1.6870153,1.7127115,4.508526,4.495686,3.523355,3.348838,5.5943913,3.6170058,3.3394222,2.1773012,2.2012928,2.4459982,3.0863395,3.5463934,2.5567772,2.5109074,4.514625,3.4366925,2.798832,4.528398,3.3074336,5.5061088,2.4715042,3.536648,1.7398099,2.7554712,1.7000163,4.4971213,4.575287,2.457126,3.018353,1.7865393,2.2856185,3.254916,2.943491,2.4589522,3.6295247,3.816738,4.118784,2.3159873,3.1640975,3.0179706,3.329008,2.5394194,5.773754,4.118784,3.8176956,10.321706,3.7420251,3.970513,2.2351582,3.0055628,3.2351758,3.8729231,3.8869889,4.225658,3.3096247,3.1967168,4.180736,2.6094577,2.5689635,3.5785758,2.322158,2.3433764,3.4254289,2.8656538,4.2639103,3.2811098,3.440541,3.2674425,2.8946412,2.3388488,3.0521293,1.8416665,3.5266104,3.2658236,2.8449743,2.7007587,1.9571252,3.3193266,3.6334043,1.1810426,2.6079874,3.3911102,2.077289,3.5703905,2.7239645,4.842305,3.3740318,2.8767457,4.3976235,2.7501388,2.6765552,3.284801,4.9799414,3.961691,3.6541333,2.477256,2.620238,2.2561119,2.2138376,2.6162546,5.012425,1.7055982,4.9275646,3.1359098,2.4886467,2.1898158,2.8111708,2.8678432,2.936836,2.139787,2.6316342,3.869717,2.5049126,2.8585954,3.4306543,4.2510114,3.442524,3.713103,3.1984346,2.7532966,2.5154192,4.819063,3.8510175,3.2459388,3.0368433,3.7556715,2.875922,3.1660776,6.1890187,1.4386873,3.3209598,2.4685109,3.7786198,4.695099,1.6331911,2.9910727,2.3938744,2.7413461,2.2930143,4.5402517,2.0299168,3.1679173,2.8204432,3.954057,3.4058099,1.7513897,3.4558036,3.62653,3.414565,1.4420538,3.029619,3.257963,3.2243035,3.2754104,2.8147974,2.7598267,2.7952158,4.698247,4.415504,3.5267222,2.0997322,4.5015464,4.2215915,3.2758527,2.9625738,5.0473685,2.2108023,4.062464,1.9925574,4.4282866,2.3275821,1.7169503,2.6743448,3.2023106,5.310511,3.2976332,4.306828,3.2295246,2.3650572,3.1745474,3.7414825,2.2572217,4.9867206,2.0240955,2.300982,3.684597,3.7136412,5.2542825,5.1986675,4.0348883,4.2543077,3.5413547,2.8676727,3.3375018,0.6267618,5.1446447,3.739621,3.7489266,2.5512278,2.9029582,2.6306195,1.477281,2.4329963,4.789502,3.1192405,3.535951,4.3808928,5.4798985,3.6289654,2.9466205,2.1665359,3.4785993,1.8863561,4.075934,3.643395,2.836054,3.2134178,3.4582705,2.2770765,5.3601136,3.4239352,2.5514,5.0930696,2.8593032,4.633155,3.677642
3.3747153,4.6508327,1.9767818,0.3570969,2.707648,3.1585977,3.2723358,3.0799372,3.9325874,2.7013395,3.133936,3.1766496,2.8965192,3.1389823,2.4491162,3.20733,1.189734,3.3383918,3.654571,3.9547486,3.4771187,4.5569105,1.2612121,3.9949048,7.244167,2.5740876,5.9684873,3.967322,3.1056428,4.349858,3.3829195,5.0089607,3.4325044,2.2709663,3.3493721,2.6413643,4.2124577,3.839493,5.738492,1.9375935,2.911834,3.2086623,3.1967278,3.1459079,3.5982387,5.054332,4.34652,3.5470395,2.4341397,3.941289,3.1262977,1.2054768,1.6514256,2.5100958,2.8026116,2.0087445,3.1811695,4.045766,3.6909673,3.612487,3.1829505,1.6049863,3.1113558,2.7619126,3.8734722,4.583317,3.4063768,3.8870378,4.3633647,3.368808,2.2914119,1.507147,3.5115013,3.0648577,4.8283496,3.4650245,2.904239,4.0949545,3.2030444,3.2283447,4.700664,3.9842906,3.0555415,2.021117,2.8594205,4.5240073,3.351285,2.0562484,2.9418213,2.8243775,3.8104887,3.804315,3.9044836,3.3910842,3.1681342,4.7100506,4.578987,1.5925522,3.655849,4.5674157,3.768721,3.8846288,4.2906423,3.6272416,3.1145773,2.9619217,3.6059306,2.8010135,4.879649,4.2906423,3.6867552,10.515572,2.6745725,3.3720045,3.1034095,3.0687482,2.8719962,3.0427756,3.684601,2.6504962,2.4433806,2.9971466,1.0295058,3.1617942,3.3258045,2.7436981,4.7946243,5.1539135,4.1245017,2.8283162,3.8782063,3.6331668,3.347317,2.5827003,3.111748,3.400093,3.1117864,3.4722877,3.5439022,4.2369075,4.100858,3.4011767,4.1762075,3.2227535,2.742296,4.147768,4.0034857,3.2037547,2.8264818,3.2558987,3.2249212,0.49330124,2.6089833,2.7110898,3.7956614,4.005398,2.6410995,3.6628692,4.7157416,3.478513,4.5085874,3.6641407,3.0421329,3.3416207,2.8714519,3.146011,3.588564,3.6486456,1.8990353,3.1719491,3.2975743,3.8138216,3.0393794,3.2381268,2.9124494,4.432865,3.172845,3.9463,3.736246,3.1245973,3.284019,4.013034,3.3890073,1.1500064,1.8483799,2.9746761,3.2977562,2.9003491,3.047188,1.8032858,2.497502,3.826674,3.0200148,2.9146051,4.7563047,4.5008783,3.2907276,2.9871345,3.961773,4.3867974,3.5169797,2.7034962,2.8341436,2.6576695,2.3832786,3.0629902,4.2915354,2.1942165,2.6315176,4.5431023,2.7754216,5.128959,2.5470612,2.6126578,2.512991,3.3000321,4.5516768,1.7140943,2.966307,3.2575724,2.8256004,2.8512535,3.1159925,5.53254,3.6429882,3.8127527,3.4153464,3.799692,3.7081292,3.5577705,3.115522,3.844363,3.1476748,1.5649911,4.6044497,6.048641,4.632777,5.1828537,4.0575986,3.171404,1.9186071,3.639391,4.2914534,2.1423836,5.026046,2.7084775,4.022967,4.429999,3.922801,3.1522222,3.1955073,2.9878895,1.2559285,4.3270307,3.9199812,3.5218565,4.4426346,2.5977304,3.1501522,1.5463129,4.065492,0.89840424,2.7678802,3.4837277,2.312422,2.593174,3.276388,4.6131706,4.831608,3.6796002,3.371394,2.6333745,1.3235334,4.499458,2.7127748,3.970627,3.2140734,2.253324,5.845327,3.1972942,2.610076,2.819304,3.4366739,2.519153,3.5585341,3.96738,3.4951,2.4558027,0.7966793,5.304222,4.1743865,2.7226944
1.7179155,2.4961536,2.521449,3.321099,3.3573332,3.1935122,1.7347628,1.8228971,2.0839555,2.2756135,1.7747723,1.7373443,2.9335237,1.7684329,3.9699862,1.9136864,2.7478466,3.0883882,3.5296407,2.9180639,2.0023618,2.6027656,2.2513084,3.5051436,5.484299,1.0429858,4.7716756,3.2173069,1.6441745,3.521724,1.7833833,3.0908241,2.0328112,2.9721794,1.9074756,2.83249,2.52785,1.8708857,5.1776257,1.3498482,1.3028195,2.0600128,1.7974297,1.5176052,3.2814827,3.4914095,2.6455855,2.0368369,0.9753794,2.2204692,1.7618077,2.2530289,1.7277578,2.372036,0.6838379,3.5625997,1.715829,2.3126523,3.8121889,3.7669344,1.278165,1.5624257,2.4339428,1.9831331,3.8340945,3.8230455,2.4695225,1.6218766,2.5838284,1.7515953,4.727456,1.9002955,1.7320956,2.4172451,3.8259513,1.9960546,1.2213811,2.2290902,1.9388169,1.9787236,3.0454316,1.846467,1.8132491,3.7214508,1.1386033,2.0429008,2.0114682,3.2355044,3.0316422,1.6212543,2.7494526,1.411516,1.5186045,2.0129433,1.7911694,3.6891584,2.8463004,2.8689184,2.4624836,3.593987,1.7861569,1.3766222,2.4337149,2.1311219,1.373555,1.4377598,1.7130998,1.8534492,2.514751,2.4337149,1.768804,9.402061,3.6098053,0.8082513,2.0838788,1.3471472,1.0865111,0.45186454,1.5036676,0.9489533,1.553327,1.2873245,2.2511013,1.8977948,1.8557947,0.83684975,3.9722846,3.897321,2.5203264,2.2065,3.8246844,1.7512575,1.6948404,1.2061194,1.7700312,2.0909226,1.793648,2.9300435,3.2320802,2.3679442,3.6428182,1.8167554,3.1991475,1.779303,0.7595219,3.5997486,2.429434,1.732563,2.6439657,1.1953566,1.8090338,3.3520367,1.1722006,1.5338593,1.4638867,2.2357059,1.7891178,3.6071298,4.2888007,2.9452882,4.110629,3.3215573,1.895954,3.4218535,3.0133545,2.7235754,1.2842212,2.7212694,4.0377812,3.343406,1.9898041,2.573647,1.7115105,1.7527231,2.2830353,4.0834203,1.8552524,1.8262559,2.9695976,1.7836375,1.7084564,2.1629846,1.687391,2.2409792,2.7298853,1.5745646,1.9744935,2.0357268,0.4664776,1.9913342,2.0834332,1.5969652,1.6345285,1.1842837,2.3854544,3.4503016,1.7823424,3.1165426,3.9447484,4.2193627,3.178218,1.9298761,3.085252,2.4947054,2.7942102,3.831432,3.7633038,2.031287,2.5166616,2.818296,1.0876161,4.5078864,1.0714054,0.88179076,1.1000392,3.1536376,2.6699905,1.968645,2.9726133,1.815027,1.575724,1.9688305,2.3070965,3.0363302,0.9435183,3.2871425,3.5266023,3.6989253,1.5197186,1.8737813,1.9288949,1.21559,2.4378967,2.7544394,4.178151,4.889984,3.6883698,4.4958625,3.179666,3.1980634,4.5191264,1.7502213,4.256384,2.613329,4.0218687,2.2850606,2.3255818,3.7310872,1.3138736,2.3280575,2.0711133,0.8815742,2.0498166,1.7467784,1.3592361,3.6235576,2.625161,3.4520495,1.810515,2.2173755,3.9415822,3.6527689,0.69846505,2.962462,2.7304194,2.2485998,1.7751896,3.7607434,4.015846,0.84916997,1.7627594,3.2452567,2.8662784,2.0043545,1.9064434,3.4240746,3.1407917,1.1634278,5.070897,0.4410037,0.78041285,1.5397203,1.8035396,1.0436319,2.17856,1.6409656,1.687719,2.5165389,3.2143524,4.1727242,1.923764,0.72565216
2.1660132,1.7208313,2.055271,3.845212,1.6863651,1.040094,1.931902,2.1756408,1.2461926,2.5838306,1.9076824,2.1826444,3.058119,2.1693454,2.905838,2.9128475,2.6125321,1.142451,1.2689954,3.454888,2.1532032,1.5647564,2.8936758,3.5935464,4.9333105,2.3149133,5.291254,3.3582115,2.3034167,2.4033868,2.166454,1.7743453,2.3063247,2.8078341,2.3406248,2.6655788,1.1442338,2.2313285,4.6127014,2.418651,2.3650196,3.9253929,1.9910372,2.1527214,3.1703634,1.467744,1.1227914,2.055576,2.585878,1.0913465,1.9993058,3.0919814,2.9020426,3.4476128,2.4797204,2.5387683,2.0372148,1.8211846,1.3974824,1.7863574,2.5420072,2.9349105,3.4168751,3.654035,3.3676732,3.9537797,1.392303,1.7722341,1.5627424,2.133552,4.3379717,2.9337058,2.1328585,2.8443332,2.2821448,2.3314817,2.5315359,1.5686132,2.1951063,2.2078037,1.2736872,1.9616133,2.1491985,2.7236967,2.714336,3.1766968,2.2403345,2.9284217,3.0113413,2.4432456,3.2946148,1.9593775,1.9765391,2.2624972,1.8682418,2.5175784,2.744904,2.6117878,3.8411694,4.389213,1.519651,2.0497768,1.1954255,2.4023702,2.2476158,2.3161397,2.1681526,2.4345129,3.2045946,1.1954255,1.6299164,9.991657,1.92986,2.1510575,2.5537295,2.4497948,2.649486,2.7445948,1.6099774,2.6756527,3.2307465,3.029806,2.9750674,2.1791463,2.248106,2.7315788,2.5177839,4.258004,1.216014,2.550996,1.4010605,2.1645458,2.094817,2.381986,2.0902162,2.3257754,1.9840972,3.1512563,1.093924,1.674648,1.6880641,2.217276,3.8253665,2.0051103,2.764205,2.8430736,2.3999574,2.053391,3.0821502,1.9352632,2.1590743,3.7905166,2.4305372,2.4522107,1.8173707,2.3922443,2.4311469,1.2476177,1.7381463,0.37543988,1.6852117,2.319365,2.4038515,3.107152,2.8977757,1.496077,3.70162,3.2890344,3.32861,1.3822433,2.2227492,3.3806973,2.284749,2.1690094,2.273092,2.3394713,2.165167,1.6586149,1.858281,2.1584728,2.1015437,1.2639706,2.0931225,3.0057998,2.209907,2.683093,2.214367,1.9710624,2.5951293,3.0205393,2.5681796,3.3844442,2.2962785,2.7340288,4.477593,2.7514205,2.157685,2.6516798,1.6337657,1.7168461,3.2506235,2.3838704,2.9002898,1.6857028,2.969954,2.273794,2.2923753,3.3533118,3.6604567,1.2923144,2.92998,3.380799,2.3157506,2.4416316,2.76817,2.99851,1.9899732,2.887255,1.8397514,2.1574473,2.800477,2.4315233,2.4584947,3.2856817,2.4552696,1.4206346,2.1941066,1.2391609,1.6142174,1.5170112,2.2165234,3.6025312,3.1899266,3.7004528,2.5268006,5.366042,2.019015,3.818747,4.1295633,1.5608541,4.1246943,2.1455517,1.8592857,3.8438103,3.2025826,3.8610845,1.2093071,2.0244632,2.6764793,2.7667797,2.9100919,2.1207008,2.9706247,2.957844,3.6329286,1.5062568,1.2141407,2.5161147,2.0831082,3.1060755,3.6001532,3.890291,2.4867897,0.3882908,2.8312006,2.5987604,2.463115,2.9667113,4.2973146,3.0177813,1.7893564,1.6687014,3.7807868,3.146356,1.3851522,2.0177565,2.9259624,2.4175842,4.08471,2.8695319,2.6521835,2.4591904,2.186044,2.5791588,2.3471236,4.0315075,2.0981672,3.200825,3.6434333,4.5109186,1.7988328,2.5566428
1.3671075,3.4208643,1.2732474,2.9372566,2.7135735,2.824995,1.3782179,1.1154555,2.4753296,0.69022846,1.2370039,1.1758866,1.1235315,1.1114343,3.5529819,1.3473526,1.8695284,2.4182293,3.2968762,1.8780153,1.4272016,2.910073,1.7521222,2.4723346,5.39205,1.4637786,5.150111,1.5510849,1.1179047,2.0420876,1.5014884,3.3014033,1.1858081,1.9783459,1.1911435,0.4501693,2.7411237,1.8322283,3.2700827,1.6944801,1.2756624,2.340266,1.2286743,1.3042783,2.2719316,3.837151,3.0476515,1.491236,1.6512598,2.5198226,1.1894708,2.170879,1.4880841,1.1555251,1.8288184,2.9324465,1.5341887,2.0071301,3.4357507,2.892775,1.6048828,2.2421439,0.9915792,1.8193015,1.4958118,2.907331,3.2343917,3.0495613,2.5555642,1.558225,4.2652407,1.7110695,1.6715664,0.546022,2.7225442,1.2489302,1.4205352,2.3625863,1.0200602,1.0170754,3.5203593,2.1905062,0.99909854,3.0765371,1.4380146,4.203706,1.1173321,2.5083559,1.183075,0.98848623,1.6808759,3.0322611,3.1410556,1.1586956,1.2887504,2.4442577,2.1864798,1.6006863,2.5235946,3.1315918,2.2554855,2.5937476,3.024101,1.3729792,1.3840101,1.1890801,1.7460395,0.8408834,4.555252,3.024101,2.2448888,10.6138115,2.4545825,2.3996766,0.9594129,1.3452604,1.6043409,2.1894553,2.4419127,2.5623662,1.657488,1.7389357,2.2569733,1.0117332,1.2085038,1.9003354,3.0987763,3.4490933,2.4263365,0.6480331,3.4868007,1.7361016,1.623958,1.2766442,1.1165453,1.1250306,1.2160494,0.8829075,2.302685,2.3463392,2.816383,1.2992352,2.491653,1.4587775,1.8824666,2.1438963,1.6415462,1.4925072,0.63536423,1.8600278,1.1387651,2.9786406,1.3183084,1.0094367,2.912918,1.7405555,0.79211533,2.5817125,4.266416,2.7387779,3.508399,2.5307233,0.83760947,2.3836224,1.8205526,1.377817,3.5078218,1.4659443,3.459391,2.2442486,1.0796709,2.102546,1.0133018,1.2011641,0.84500045,2.7265174,1.0608647,2.4842637,2.3420486,1.0851305,1.5680323,2.8672936,1.6578523,1.7676635,1.4518464,1.234419,1.0883712,3.1999135,2.0839903,1.4516492,0.6484702,2.861652,1.0613211,1.6329445,4.7847667,2.096856,1.4698486,2.1376371,3.3326821,4.018364,0.99281615,0.7562051,1.9947177,1.109645,1.05582,3.5250647,2.589521,1.6404248,1.8314804,3.0177336,1.5881233,2.689306,1.4341058,1.6128871,1.4806716,1.4323763,2.4830613,1.3026005,2.4682834,1.4083867,1.2636575,0.6674323,0.83679956,4.340938,2.9504647,3.033044,1.9511725,3.497691,2.7421043,1.8509791,1.0576044,3.5644417,0.8410029,1.793191,2.7992723,5.186538,2.6071455,2.6211958,2.88206,1.8347831,3.8781767,1.7546362,3.8423789,1.8719137,3.4063025,1.9888104,2.5058692,2.6304955,3.4752274,0.89333963,1.1013639,1.8452425,1.6790129,3.900454,3.7228296,3.2340884,3.2189791,2.734835,1.122447,1.4900868,2.0250545,3.333687,1.7955805,2.6077,0.4999053,0.531733,1.1658744,2.640335,3.462568,3.226785,1.5414808,2.3675432,2.103352,4.166775,2.1852036,2.92344,2.109881,1.5596989,3.34331,2.475866,1.7354753,1.04808,1.5067791,1.4495238,1.2612336,3.9147947,1.7270993,1.4850155,2.9057186,3.9011226,3.3088899,1.7514081
0.9906769,2.7860463,1.3002377,3.0260963,2.7406726,2.679542,0.7866054,0.43283087,1.9040502,0.4577002,0.6706536,0.5958302,1.8476137,0.57439893,3.6405854,1.4440968,1.9731063,2.4391131,3.1868677,2.2794082,0.82669246,2.381915,1.8732188,2.992972,5.488609,0.8633126,5.333983,2.0892022,0.707697,2.3069954,0.7835398,2.902364,1.0448356,2.4039536,1.0363094,1.1998601,2.1994321,1.2759068,3.8086457,1.4105978,0.7164676,2.4116383,0.6736355,0.74447334,2.763063,3.379603,2.489767,0.92832285,1.272617,1.9679319,0.6176301,2.2164774,1.4319718,1.144117,1.1613097,3.0065222,0.7288337,1.5717211,3.3169937,3.0712693,1.2801515,1.9972657,1.3575741,1.9557755,2.1334832,3.3863428,2.8583932,2.3744764,2.0601475,0.808786,4.461529,1.7308434,0.9607344,1.0194588,2.8613458,1.0945421,1.0723739,1.7903869,0.80248916,0.8374417,2.9882298,1.5878257,0.55137634,3.1725173,0.95267946,3.5951767,0.9476764,2.8313727,1.9146991,0.8021238,2.057186,2.3657868,2.4752605,0.9965024,0.7067479,2.655472,2.115881,1.9387103,2.7053542,3.5139952,1.6243818,2.018883,2.4669485,1.2932807,0.74970025,0.6655497,1.0635034,0.8877104,3.9444747,2.4669485,1.5205686,10.59515,2.569968,1.7624173,1.1483672,0.92232174,1.270189,1.6578422,1.7809659,2.153372,1.6263981,1.5407003,2.2122302,0.7515085,0.9815681,1.5269098,3.3320675,3.7714603,1.9763945,0.39283985,3.3967764,1.0771778,0.84614563,0.7783543,0.58132106,1.0617267,0.5703432,1.4472926,2.1111588,1.8881181,2.957847,0.9527371,2.8901079,0.70371425,1.45955,2.6294858,1.3766694,0.70379376,1.3716935,1.1466227,0.7665172,3.077467,0.7176034,0.7628365,2.2267025,1.3945175,0.78404045,2.6258924,4.046529,2.4425285,3.5382004,2.825921,0.6234255,2.8880045,2.3466687,1.4200182,3.0357938,1.896384,3.5899134,2.359132,0.90584016,2.3596182,0.5829035,0.6998404,0.4817947,3.0591285,0.7833852,1.8034586,2.4850457,0.57515824,0.7788115,2.2120402,0.88896114,1.8651965,1.6808176,1.1163353,0.8898205,2.7496247,1.4692628,1.6207174,0.36988813,2.6258805,0.58721274,1.3732065,4.221299,2.3770123,0.7104178,2.5607915,3.383844,3.888372,1.6711947,0.1203141,2.4905794,1.1939397,1.7360454,3.5483155,2.9027228,1.8469696,2.2284665,2.5129707,1.2124093,3.0550241,0.8527542,0.99150467,1.111936,2.1024656,2.1479409,1.4379025,2.597572,0.6583106,1.2120963,0.35807723,0.5539484,3.9527571,2.3395658,3.009139,2.4012887,3.3101797,2.0713584,1.2805387,0.4435443,3.023296,1.269775,1.8421334,3.1517386,5.3961525,2.7125678,3.0135615,3.223972,1.8062131,4.0906477,1.0917668,3.8314416,2.2571123,3.6755183,2.2316604,1.9363505,2.8323038,2.8131938,1.280129,1.2854933,1.1430285,1.7032357,3.2721198,3.175672,3.2096903,2.675464,2.9999564,0.609545,1.7193618,2.7514515,3.414762,1.151169,2.3627524,1.2270494,0.47477338,0.92578995,3.0134711,3.8768718,2.607232,0.9502612,2.469033,2.0981712,3.5534146,1.9094108,3.0706282,2.589581,1.2275201,3.7222304,1.9526377,1.2390746,0.7975244,0.82191914,0.95715976,1.209622,3.427938,0.98830086,1.9604064,2.8083143,4.220456,2.6528308,1.1630442
0.6928062,2.4474506,2.1092925,3.4896064,3.1790748,3.031219,0.88324076,0.9647302,1.7290115,1.5097253,0.9323014,0.7903109,2.1092544,0.81436414,4.0313444,1.0006831,2.6040623,2.6797385,3.3876817,1.972714,1.1306164,2.1816356,2.163759,2.7651308,4.8933454,0.68169844,4.5896416,2.1479516,0.610685,2.534054,0.99181163,2.6333299,0.9564069,2.5984282,0.8333389,2.0039017,2.1657457,1.0030615,4.0582657,1.3929466,0.40666586,1.7970208,0.905634,0.56801975,2.6149933,3.2929864,2.4154565,1.1660371,0.8707043,1.8744065,0.88305646,2.3627632,1.6036196,1.7953054,0.6588428,3.5339887,1.0990148,1.5126225,3.6649156,3.3505192,0.40098867,1.9434733,1.5125153,1.5872827,2.8024037,3.0502765,2.7023184,1.9013429,2.007566,1.0180466,4.882993,1.8568513,0.9775338,1.4071584,2.9535046,0.9153717,0.40729055,1.6882224,0.9129625,0.9459391,2.8944855,1.2238334,0.8619943,3.705433,0.4095807,2.8039339,0.95401704,3.0640223,2.2055044,0.70028836,1.776189,1.7964661,1.9076685,0.9474401,0.9711095,2.7302198,1.8318493,2.5285099,2.041472,2.9746888,1.3812934,1.2620666,2.2525456,1.0533019,0.45751745,0.48443162,0.94022226,0.9485325,3.206558,2.2525456,1.4285904,9.75286,3.2711768,1.0351553,1.0910962,0.2985153,0.52308255,0.7968449,1.368072,1.5907522,1.2780206,0.78252316,2.437298,0.8850883,0.7996883,0.8169382,3.252505,3.2038143,1.9714262,1.3622422,3.6475713,0.95134735,1.0293369,0.6285491,0.84486693,1.0191203,0.9703522,1.8716427,2.7288713,1.7075506,3.0807042,0.76475847,2.4432244,1.076254,0.7563415,2.6848137,1.4007844,1.0655682,1.749789,0.7650441,0.7946348,3.5227451,0.6308109,0.6901114,1.7287508,1.2303156,0.95474046,3.0978065,4.1996913,2.7336028,3.6933928,2.7784405,0.87418026,2.8590922,2.4168646,1.9867773,2.1875713,1.7270042,4.1030064,2.857016,0.94243175,1.8161936,0.7164958,0.76517063,1.4786054,3.2968569,0.8425353,1.5251486,2.383767,0.8268717,1.0441861,2.0723722,1.018458,2.1807327,2.3415298,0.65821165,0.92850184,2.5649428,0.6664919,1.7261676,1.3727406,1.6209008,0.64737713,0.6233791,3.3364954,2.4142373,1.0405865,2.610143,3.6224072,4.0894713,2.1337273,1.1428796,2.5570643,1.8400148,2.115768,3.827509,2.9968128,1.7255627,2.063765,2.4433284,0.6308894,3.4447117,0.69663376,0.6786244,0.74994403,2.2796822,1.9070346,1.6776931,2.6872897,1.0544138,0.80329543,1.0548472,1.3976897,3.077461,1.5416782,3.0047417,2.795104,3.594397,1.651404,1.2455305,1.040772,2.1227713,1.4498165,2.5442903,3.3535686,4.670197,2.8519628,3.3843455,2.675462,2.6007714,4.607697,0.96463853,4.0338073,2.2927594,3.3529882,1.9384302,1.9210373,2.958127,2.0876453,1.3284434,1.0728402,0.6788381,1.9982195,2.4852,2.2926393,3.4468899,2.4718761,3.239707,0.8756417,1.974602,2.9657302,3.8674712,0.64421755,2.66958,1.9998147,1.4780451,0.6715132,2.8882933,3.4084363,1.7643338,0.986355,2.951408,2.7826924,2.7646973,1.8505449,2.9806159,2.5455842,1.0358413,3.98001,1.0572497,0.7161008,0.6268478,0.97424364,0.6837701,1.1018958,2.545408,0.9957756,1.9735473,3.416784,3.623467,2.1746325,0.6218228
2.0025182,3.3247547,2.930735,4.5989857,3.2055619,3.1384015,2.318618,2.5067713,2.6154544,2.804524,2.3009658,2.3436015,1.8176723,2.294266,4.2038207,1.8919487,3.463308,2.2565572,3.156686,1.3619366,2.5054336,2.7265015,3.198824,1.3313179,3.1252298,2.7787468,3.5923767,1.4302927,2.1882796,1.2280806,2.647073,2.5778966,1.7781214,2.4483244,1.8084657,2.362985,2.808044,2.3789232,2.5682197,2.972428,2.4778621,2.9136903,2.2845793,2.301002,1.3503788,3.40281,3.0504234,2.4214087,2.804109,2.6578386,2.3083076,3.4730523,3.1015284,3.3831725,3.0099568,3.89665,2.829283,2.1754627,3.5254376,2.4834383,2.215058,3.5634313,2.453358,2.8128886,2.3565428,1.3719577,3.300864,3.296486,2.552204,2.7155151,5.2506013,3.1377108,2.64954,2.0638912,1.3983158,1.7667371,2.3655345,2.5800335,1.9468293,1.9065243,3.3418343,2.4884746,2.2186925,4.0455747,2.6964033,4.2010536,1.8393719,3.0541599,1.7619358,2.1712995,1.3836329,3.2967124,3.3554986,1.8091621,2.3277793,1.1063837,1.5531152,2.9830441,2.3623016,2.1061466,2.6043484,2.6356335,2.9254189,1.6034454,2.4611616,2.3705125,2.6043668,2.0059752,4.409024,2.9254189,2.8956323,9.268053,3.3194003,2.908432,1.710376,2.3056636,2.4851542,2.998385,2.7902126,3.2590082,2.8174922,2.5290935,3.6566317,1.999471,1.8656993,2.776583,1.2077847,1.7331634,2.4060214,2.6398962,3.3037615,2.555681,2.780569,2.616029,2.2768102,1.7165073,2.4312117,2.0574813,2.9040542,2.2553244,1.8393859,1.992291,1.5601045,2.691965,2.8630197,0.6282719,2.0440886,2.7685869,2.1256597,2.679739,2.0703437,4.557465,2.749904,2.2977412,3.2279687,2.0801158,2.1711311,2.590515,3.9031584,2.9999816,2.6587536,1.4710631,2.142311,1.745728,1.7964448,2.0381522,4.0198135,1.539045,4.515671,2.4905212,1.8617153,1.5451385,2.2342198,2.228853,2.635705,1.5375326,1.9889017,2.8423398,1.2804618,2.2644978,2.795344,3.1529753,2.766739,3.3323174,2.837511,2.1400774,1.8865057,3.713062,2.9946673,2.8536496,2.786408,2.7488933,2.2816489,2.420175,5.050892,0.942108,2.7289395,1.8307889,2.8666394,3.682186,2.027986,2.6214168,1.932228,2.2268846,2.2225146,3.73468,1.1384922,2.8069007,2.5950541,2.8638663,2.8065906,2.1378248,2.7606318,2.9163668,2.807941,1.3942482,2.0119543,2.8800142,2.2964988,2.70354,2.2421155,2.3908231,2.5403008,3.25962,3.2560773,2.3652024,1.6856817,3.542908,3.070739,2.3660839,2.476736,4.0032763,2.179409,4.060312,1.4305226,3.5823038,1.4927465,2.3790865,2.1988478,2.8014202,5.0480347,2.563439,3.344088,3.124969,1.1852264,2.9188993,2.7313185,1.3428266,3.7878199,1.6904724,1.8919092,2.8236806,3.3135047,3.981039,4.1198463,3.1001306,3.0406458,2.9066315,2.251779,3.0337508,1.4844685,4.823828,2.977836,2.805025,2.5764272,2.719481,2.0172014,0.401665,1.9210265,3.7038143,2.3299723,2.8998394,4.332039,4.179326,2.5906007,1.7711893,1.5898795,2.7591612,2.4474874,3.138934,2.9201076,2.2387729,2.59152,2.8186624,1.6155504,4.339993,2.7138462,2.275365,4.8133354,2.1776516,3.3807974,2.9338186
3.2402072,4.6124825,4.0858083,4.6694536,4.336394,4.4622602,3.6640236,3.8060954,4.0701017,4.0550766,3.6485126,3.607503,2.7175512,3.5684404,4.7488904,2.4694796,4.1518,3.7525578,4.424431,2.106201,3.9732327,4.366053,3.4160986,1.585491,3.708843,3.45238,1.7721988,2.8581455,3.2967045,3.6268005,3.9771154,4.3029175,3.1663563,2.813696,3.0578632,3.7051327,4.4499784,3.7531202,4.422952,3.3150797,3.3410375,2.1561015,3.6403391,3.4227984,1.8109444,5.0461354,4.61551,3.9433956,3.1024995,4.1744127,3.6272614,3.4249802,3.3361344,4.1271,3.548064,4.664491,4.1152315,3.9019868,4.9162188,3.918111,2.8134954,3.527957,3.1742423,2.4941127,4.151646,1.5012664,4.032609,4.130013,4.323168,4.031745,5.3093204,3.2380435,3.9685001,3.2519567,3.8253818,3.1148627,2.9526489,4.1853156,3.2889905,3.2712576,4.8992023,3.8545651,3.4960198,4.767242,3.2654185,4.1364264,3.2359989,3.2732909,2.7629898,3.04485,2.2451954,3.9653919,4.0295873,3.2005756,3.6999502,3.5733128,3.345949,3.7309818,1.3706422,0.9145568,3.9466465,3.4317553,4.3475757,3.017995,3.4766448,3.3351173,3.9063702,2.9662154,4.459817,4.3475757,4.2290483,7.4655046,4.7203846,3.4808695,2.7889373,3.1224086,2.8599443,3.1768808,3.8688245,3.145863,2.724863,2.6305811,3.7431173,3.3172343,3.13433,2.9039836,3.1914837,1.3483378,4.168911,3.9093258,4.679341,3.8824518,4.0689363,3.3103025,3.5697758,3.1189005,3.7723072,3.454378,4.7798758,3.9518192,3.6217537,3.2905838,1.3700978,4.0325465,3.0340872,2.7494383,3.7397547,4.0681605,3.06724,3.6855497,3.3658156,4.618429,3.4653773,3.1005573,4.046372,3.642575,3.0737529,4.43441,5.3307824,4.5104795,4.350051,2.61109,3.335222,2.1315088,2.3344896,3.8303292,3.3806267,2.4276202,4.9909487,4.1278877,3.2399678,1.6282091,3.3890557,3.508651,4.0717587,3.716051,3.2840917,4.1505003,2.782738,3.5451055,4.081674,4.492035,4.0559416,3.5269723,3.8441834,2.7784283,3.2621298,4.0950246,3.3761575,2.9800546,3.8855307,2.159085,3.3848083,2.7149785,4.310758,3.2774615,4.045452,2.459158,4.3243146,5.0601745,3.4731157,3.7920005,2.3677902,3.711004,2.9457848,4.516657,3.2377083,2.6361701,2.2194269,4.5799403,3.1149085,4.492569,3.432648,3.4907553,3.1614792,2.5899422,3.834757,3.1839643,3.1818047,4.0334063,2.697928,3.5857632,3.9815612,3.4872413,3.521829,3.6124704,3.4355226,4.9211693,4.009474,3.8372,3.825417,3.5386174,3.0898247,4.5678606,3.6712122,1.7933692,3.871598,4.506765,0.7878477,4.623489,5.2725916,3.8937624,4.709549,2.8065581,2.4063911,2.3944468,4.3369613,3.5882566,3.9883099,2.7817485,2.70003,3.5876622,3.5306547,4.0362153,3.631767,4.3173156,4.479353,3.4829173,3.5781875,3.2030828,2.9250588,4.904396,3.4976943,4.387911,3.6493514,3.9068098,3.1248581,2.6305432,0.9862436,3.6509593,3.7243013,4.1218243,4.7837477,4.1351914,3.400039,2.997332,2.103636,3.153125,4.6865273,3.1554809,3.256349,3.0678453,3.934684,3.3263626,3.0971532,3.5814052,4.0111113,2.383911,5.2069383,1.0698835,4.2573113,3.390459
3.4673367,3.0777462,4.275708,4.6335697,4.5089083,4.2475824,3.5267422,3.7357159,3.2596955,4.2776327,3.5968988,3.6169593,4.6425543,3.6492536,4.8782954,3.6091518,4.3297734,4.2556033,4.3375654,4.411614,3.8206546,3.604128,3.814946,4.7405243,5.771767,3.007347,4.724314,4.905579,3.518965,5.043956,3.6167967,3.882609,3.7913077,4.3377614,3.669367,4.740897,3.6204853,3.5127585,6.8150277,3.031268,3.2413483,3.3752246,3.6281486,3.3689437,4.5247188,4.0598454,3.549807,3.8093846,2.831111,3.3774512,3.6093593,3.6268425,3.4896848,4.3939443,2.6909752,4.7395988,3.5573509,3.8037663,4.700317,4.8462048,3.0089426,2.9628668,4.3398185,3.584806,5.725121,4.9491234,2.9533153,2.275999,3.82597,3.5756667,5.6249022,3.5068016,3.5010917,4.326476,5.0999284,3.7363646,3.0761132,3.5511084,3.760478,3.7928193,3.7090166,3.2724142,3.6949983,4.876217,3.1151206,0.9180281,3.7944553,4.4256516,4.724385,3.502504,4.304967,2.036047,2.0268307,3.7816288,3.5989187,5.0683055,4.275887,4.485952,3.570359,4.580668,3.1303194,2.4101596,3.2563548,3.808195,3.2627623,3.3544416,3.4448578,3.6975584,1.3478055,3.2563548,3.2045002,8.139101,5.0299635,2.1994507,3.8562276,3.2173202,2.903003,2.2853591,2.715872,2.0604212,3.2568486,2.992067,3.6119766,3.7315712,3.6220179,2.595874,4.984741,4.7570252,3.7687643,4.200236,4.6360703,3.474942,3.5056357,3.163023,3.6378214,3.8512464,3.6523373,4.824814,4.6823845,3.663459,4.7104754,3.5876722,4.420097,3.6158752,2.6104782,5.0115395,4.1152287,3.5798345,4.512815,2.9056249,3.634528,4.621389,3.1693385,3.4416716,2.2614446,3.8789954,3.6706598,4.8948,4.807255,4.0232167,4.970641,4.3998923,3.8010533,4.6334133,4.4250975,4.3726506,1.2685539,4.3685813,5.121061,4.705671,3.7837887,3.8858013,3.611688,3.6011376,4.22795,5.3673935,3.6770365,3.0706758,4.08501,3.6619349,3.5421543,3.1302483,3.4827719,3.8357832,4.3810306,3.3876026,3.771737,2.506931,2.4083788,3.676343,4.0878806,2.3257701,3.5418763,2.9361575,0.661117,4.9405746,3.6389139,4.3752604,4.8510137,4.8509274,5.058295,3.9142509,4.427615,4.212717,4.5248737,4.6228323,4.987976,3.6492128,4.0260777,3.7892575,3.0175602,6.1322217,3.0314178,2.880125,3.0441673,4.7681556,3.9127038,3.7237287,4.0354023,3.6838477,3.3774972,3.9327087,4.262428,2.6685095,1.6336697,4.0962424,4.9974465,4.506625,2.4710817,3.4237492,3.8441982,1.0541245,4.3271494,4.623601,5.4608216,4.8926883,4.976773,6.2084675,4.17364,4.8359113,5.596818,3.4650598,4.9782734,4.194769,4.8466296,3.7946045,3.548884,4.9597898,1.2675626,4.112069,3.8527665,2.723484,3.70603,1.0300697,0.8503347,4.4904413,3.3436291,4.5336785,3.6691923,3.9007103,5.551141,4.8039446,2.7053647,4.1031833,4.6448817,4.2484126,3.5999908,4.9772067,4.868196,1.2414162,3.4809115,4.5357,4.649946,0.9280905,3.0837348,4.305322,4.4240384,2.9614663,6.620841,2.0060613,2.74282,3.4338078,3.6257606,3.0293374,3.8900688,1.0671732,3.444327,4.099113,4.6234984,4.806037,2.3492482,2.7292168
0.9686312,1.6494672,2.0180643,3.6362114,2.8509865,2.5240958,0.7319996,0.98063433,0.9595316,1.6726913,0.82867354,0.91660094,2.6439106,0.9646238,3.8282712,1.8060611,2.6176622,2.3638873,2.897661,2.678152,0.9728416,1.4838686,2.4566963,3.3376532,5.0401783,0.94676876,5.0616508,2.7163427,1.0389459,2.5566218,0.78815156,2.0661275,1.3121692,2.8960059,1.2811782,2.2701683,1.3674353,0.8741512,4.398816,1.606582,0.9215358,2.6805537,0.8624115,0.78888845,3.0866244,2.5108743,1.5787505,0.95119727,1.3515697,1.0894259,0.8632813,2.648918,2.0258737,2.2579696,0.8855386,3.3212466,0.7193512,1.1359642,3.1111362,3.109532,1.1808994,2.1704834,2.2626495,2.452253,3.0750256,3.6403143,2.1826723,1.1857777,1.3634672,0.7345211,4.8756185,2.2425253,0.6764802,1.944214,2.8136117,1.3022168,1.17355,1.0011281,1.2032754,1.2428119,2.0628905,0.7456292,1.0513848,3.5077522,1.174316,2.5153768,1.2625728,3.237771,2.696332,1.2990271,2.4768631,1.196342,1.2949677,1.2750373,0.7993688,2.7353177,2.0183105,2.6627483,2.8594992,3.719811,0.6089153,0.9297732,1.4613214,1.447995,0.7351578,0.9454575,0.67150986,1.4874395,2.8107176,1.4613214,0.5392524,9.997246,2.9565594,0.7752981,1.6699145,1.0290983,1.2848762,1.2244484,0.5944655,1.749637,2.0407512,1.6565187,2.6033678,1.1631972,1.1759402,1.403893,3.2273803,3.7955148,1.3180648,1.5764613,3.131825,0.70694053,0.6590154,1.0718409,0.93755776,1.3947933,0.8531523,2.3666384,2.157423,1.2056484,2.8567626,1.0475022,3.1620038,0.75062144,1.3518225,2.9626176,1.4513379,0.73488134,2.3392534,0.19815692,1.0358341,3.6550932,1.0248783,1.277835,1.0287172,1.2953104,1.4646667,2.680202,3.5386777,2.082317,3.2846038,2.880691,1.2986529,3.243045,2.8371377,1.7801826,2.4627404,2.4395113,3.979471,2.5501082,1.2494144,2.5524437,1.0729154,0.93305284,1.4768358,3.2152796,1.1279296,0.70299184,2.3776958,0.98601305,0.7026053,1.1741339,0.63487685,2.4880486,2.350591,1.455567,1.2243176,2.1420841,0.9776301,2.252638,1.6055514,2.2069845,1.0281721,1.4156938,3.394159,2.6008506,0.8080635,2.8853192,3.2367027,3.5141597,2.6103175,1.3341737,2.9378393,1.7427781,2.5912566,3.5146844,2.9912136,2.4235888,2.828217,1.6804698,1.4286149,3.496937,0.9769262,0.9754805,1.3992724,2.75567,1.5935512,2.1359735,2.6064243,0.8539437,1.6078424,1.3737038,1.5182278,2.9391859,1.3364259,2.689496,2.8246574,2.9899032,0.89391226,0.65518016,1.0826681,2.3067644,2.145469,2.848966,3.311561,5.151967,2.6532612,3.5767612,3.4291372,2.2125623,4.6011724,0.6906033,3.5752034,2.9997375,3.540789,2.7766657,1.1223154,2.823799,1.7452478,1.9351487,1.8294395,0.5086869,2.3221657,2.1810875,2.4192922,3.0369995,1.6799785,3.2432184,0.9550729,2.441878,3.438085,3.926027,0.92131793,2.0652328,2.3387718,1.7122172,1.2333665,3.1311636,4.0026693,1.7398211,0.6496741,2.6930516,3.0166464,2.4703777,1.5767237,2.8975801,2.9476182,1.3818297,4.109297,1.4078264,1.2173028,1.2525952,0.8091369,1.1913133,1.4529833,2.7956018,0.6071558,2.6036985,3.393628,4.1848197,1.4556456,1.030104
2.1747437,2.913076,1.1865964,2.9267683,0.8441379,0.9298673,2.0347722,2.1054626,2.1385996,2.1495802,1.9102763,2.1448455,2.13696,2.0906034,2.0761373,2.5421937,1.6127865,0.703214,1.3739216,2.9849603,2.2810931,2.5854747,2.0183785,2.9046834,5.2109866,2.1884909,5.091577,2.8196557,2.1690567,2.1858559,2.3317935,2.7937245,2.1683028,1.6999452,2.1837106,1.8055754,2.2212613,2.5548782,4.1668262,1.9976059,2.2575564,3.4843535,1.9953675,2.1498752,2.4115145,2.7790556,2.3524864,2.2315664,2.3391206,2.0552998,1.9726124,2.296736,2.2576206,2.905965,2.5225787,1.5958737,2.2062104,2.2895396,1.4723014,1.1287832,2.4617329,2.4763832,2.8649023,3.1038117,2.6731937,3.4015565,1.9295812,2.6610978,2.4020069,2.3312833,3.3565094,2.2109005,2.401421,2.2985516,2.3614538,2.2157915,2.356515,2.3351743,2.0072706,2.0104048,2.6100738,2.5310614,1.9905332,1.7709318,2.5640936,3.8896842,2.088403,1.8127762,2.0597062,2.1148853,2.839223,2.7381964,2.8027015,2.1231146,1.9105941,2.4530783,2.9034433,1.4295511,3.4091647,3.8911674,2.2191324,2.649608,2.3696299,2.2977617,2.269621,2.193068,2.4706235,1.9872521,4.0454526,2.3696299,2.3091874,10.071049,0.9103672,2.5647073,2.1202857,2.3460376,2.4770596,2.816224,2.328331,2.6388783,2.743027,2.788019,2.2311835,1.995035,2.1305907,2.5859354,2.3884315,3.9501173,2.0552614,2.1608803,1.5291252,2.463039,2.3287063,2.1615334,2.0136962,2.13011,1.9809812,2.5852618,1.241461,2.357006,1.4754784,2.196773,3.3209836,2.1502423,2.6395056,2.2697535,2.530146,2.2055907,2.310349,2.2559276,2.066107,2.858651,2.2565475,2.1167755,2.6358922,2.592325,1.9584439,0.9241518,2.4182003,1.178079,1.8312559,1.7041554,2.1246684,2.197277,1.9247242,1.0263984,3.857235,2.7763963,2.3659322,0.43976647,2.05256,2.981401,2.111412,2.1380384,1.9636269,1.9221038,2.0026526,2.4618309,1.5596473,2.0616188,2.2968836,2.3548965,2.3498502,2.1543193,1.0734943,2.3797762,2.0572593,2.2571945,2.7200797,2.2540283,2.094299,3.4075055,2.1412523,2.5270004,4.9138055,2.5542805,2.2964718,1.7027504,1.442577,2.0838995,2.5893657,2.0475886,1.901018,0.9467487,1.9458026,1.7092822,1.8980266,2.6478448,2.8791604,2.4345481,2.7175117,3.1182384,2.1656892,2.3610435,2.48956,2.1357405,2.586297,2.120129,1.0965971,2.2606118,2.4191203,2.0824263,2.18582,4.036215,2.959752,1.439671,1.2283207,1.592058,2.4304752,1.9693196,2.1148894,3.898055,2.6407516,2.952393,2.143759,5.1432657,2.1159828,3.5154445,3.59155,1.1245198,3.0855153,2.4580452,1.9066023,2.976404,3.0168118,3.2065613,2.1475494,1.8795516,3.3260832,2.2364511,2.4923773,2.3073535,2.200539,3.6648319,3.9626334,1.2750623,2.458642,1.4568397,2.0141225,2.2437084,2.7802408,2.9762712,2.500449,1.0424222,1.9123368,2.088024,2.3077722,2.6171207,3.792417,3.4306796,2.0094824,0.5256926,3.0343592,3.8621101,1.3090246,1.7356498,2.0570781,2.090211,3.875365,3.0028763,2.519083,2.161906,2.3549595,2.3648329,2.2012188,4.2528386,2.4000778,2.3298275,2.9164846,4.176139,2.8077793,2.511294
2.5783205,4.2821546,1.9584376,2.271095,3.52488,3.722342,2.4613993,2.1123464,3.491394,1.5701207,2.355682,2.2490585,2.541716,2.2342834,3.920237,2.4825618,1.9951389,3.6792703,4.304009,3.2724154,2.4618273,4.0183945,1.8588737,3.8691185,6.9572005,1.942772,6.204563,3.1245039,2.2391725,3.7812185,2.375189,4.5754404,2.597214,2.8904335,2.543169,1.9826828,3.7872984,2.8778188,4.806929,1.9582877,2.0774214,2.6961017,2.3626049,2.3204308,3.6594276,4.923641,4.029078,2.5883455,2.0221276,3.5480464,2.3020594,2.097925,1.5076772,0.86847496,2.122425,3.274088,2.2568293,3.263255,4.3548303,4.171236,2.501856,2.0280552,1.9342439,2.1591468,2.9534714,4.335336,3.9415414,3.6630156,3.7208042,2.378327,4.1455655,1.7742602,2.5376546,2.0852046,4.4251385,2.6341543,2.2146695,3.430044,2.3907924,2.4173524,4.5025997,3.1954806,2.201685,3.3705688,1.9576484,4.5456924,2.5252283,3.1411517,2.6427908,2.0798137,3.0901191,3.5916162,3.7075977,2.5649295,2.3929045,4.1796193,3.670054,2.1753073,3.3139162,4.255045,3.2023547,3.4281454,4.0075703,2.8106315,2.2475822,2.1191185,2.6355615,2.1301558,4.972683,4.0075703,3.0310674,11.274585,3.2518132,2.9617796,2.403451,2.2531512,2.2597477,2.5117674,3.2379687,2.772562,1.9496144,2.3284554,2.0679975,2.3492165,2.532465,2.3115141,4.7687564,4.813961,3.6314793,1.7061486,4.5213675,2.6642885,2.3870077,1.9014951,2.255171,2.5868046,2.2592113,2.3990927,3.395498,3.5726829,4.3183255,2.551668,3.7570887,2.3058598,2.2212706,3.8640099,2.9784431,2.2653117,2.049711,2.589721,2.3892734,2.4124765,1.8263601,1.9785228,3.512608,3.000085,1.9723473,3.8644419,5.2766485,3.7077224,4.8832016,3.9738212,2.1214325,3.6726596,3.0724366,2.8287423,3.47859,2.8682356,3.5247755,3.473907,2.4832494,3.3212156,2.152705,2.3435702,1.9235735,4.4003353,2.3774302,3.3371425,3.835287,2.2356105,2.3173945,3.6677184,2.4324968,1.7033168,2.2023861,2.2301013,2.4765089,3.524412,2.4256139,1.765178,1.4460816,3.48646,2.1348875,2.3252175,4.717866,3.8287761,2.2818527,3.3923845,4.550365,5.0485983,2.5327668,1.7054192,3.1810842,2.4273624,2.2161517,4.224154,4.2643785,1.9751011,2.420485,4.122969,1.9473103,4.333911,1.926345,1.949144,1.8258054,2.9947531,3.8408854,1.6045227,3.5883093,2.2471552,2.1443117,1.8619001,1.9972054,5.3391705,3.3997195,4.2793922,3.5040407,4.4072976,3.4172535,2.9301133,2.1167676,3.6114743,2.0861678,0.44444394,4.5072036,6.2704043,4.278721,4.1512027,3.8705833,2.948072,3.7120953,2.6798468,4.981343,2.004173,5.0100546,2.2807374,3.529646,4.3021855,3.7800677,2.403622,2.3530164,2.3830724,1.5584172,4.255965,3.766416,4.2546487,4.2087297,3.606152,2.2890384,1.6553003,3.6127136,2.8132577,2.1025972,3.6689386,1.7024767,1.527672,2.381347,4.3472805,4.760794,3.4040594,2.61968,3.298736,0.7274702,4.507674,3.0173507,4.3366547,3.4287026,1.9931645,4.975509,2.7571244,2.0212033,2.059539,2.422967,1.8261746,2.7434947,3.8530245,2.544359,2.369657,2.0037787,5.1951237,3.9818695,2.0656059
3.968919,3.071037,4.7629175,5.227159,4.7262635,4.381853,4.0060406,4.270181,3.4719715,4.8688383,4.0843883,4.148114,5.1995115,4.179823,5.1085424,4.218305,4.8458853,4.43776,4.3592553,4.9489303,4.305972,3.720255,4.4230533,5.181652,5.715096,3.6254885,4.870466,5.43314,4.0765452,5.357644,4.120928,3.8893545,4.2946024,4.803309,4.1901345,5.2939053,3.7543838,3.9634745,7.2376847,3.6432152,3.8405657,4.1246257,4.1230927,3.904172,4.9413056,3.9113822,3.605185,4.2692437,3.4972606,3.5635865,4.1132956,4.2397375,4.169744,5.11473,3.3385928,5.0520096,4.057581,4.135179,4.7276244,4.9859123,3.6033213,3.6240098,5.0205727,4.3329453,6.2399836,5.3596997,2.9887273,2.4526627,4.02716,4.075197,5.9805355,4.1603956,3.9846804,4.921992,5.2808847,4.2405853,3.699707,3.8118088,4.2759175,4.3054433,3.6380193,3.6338878,4.225891,5.188152,3.7863922,0.87080204,4.298224,4.8432207,5.260774,4.097485,4.850684,2.2761154,2.2205193,4.2839108,4.0763583,5.3249893,4.6494303,4.9959865,4.193774,5.078851,3.436833,2.7517145,3.3118784,4.2946296,3.8234522,3.935652,3.922775,4.274091,0.87234217,3.3118784,3.544929,7.828549,5.319427,2.689646,4.411603,3.8133929,3.5530875,2.975413,3.0244882,2.6891232,3.988869,3.6859086,4.2017365,4.2508507,4.1342745,3.2786393,5.1086464,5.118274,3.9634073,4.786794,4.6303935,3.9479995,4.0006976,3.7861578,4.1574,4.3561993,4.1541243,5.405215,4.911341,3.9152122,4.8270335,4.0931416,4.928821,4.107983,3.3088958,5.3599634,4.557187,4.08199,5.1283507,3.3904757,4.1504946,5.192567,3.803207,4.0506725,2.503948,4.323482,4.2617855,5.061477,4.62629,4.1375656,4.952197,4.6433806,4.3673315,5.0267467,4.8930397,4.736863,2.125671,4.9400945,5.462948,4.9446483,4.2910585,4.4232426,4.169784,4.1226673,4.7618394,5.5597453,4.1943097,3.3526528,4.3113666,4.1909704,4.044681,3.2697804,3.9731503,4.4687266,4.8546667,4.008682,4.2791057,2.706707,3.0671868,4.341912,4.6974406,2.9323843,4.107121,3.5885859,1.3100975,5.287833,4.149838,4.758448,4.8866878,4.741302,5.6280823,4.4982243,4.8745637,4.6412287,5.1004505,4.733557,5.1948414,4.353267,4.704349,3.8564084,3.732434,6.4668984,3.6496844,3.5252917,3.7404065,5.2632613,4.148503,4.379421,4.2788315,4.1973596,4.024065,4.5140753,4.812525,2.4938955,2.1017175,4.1510634,5.319136,4.4984245,2.7189333,3.7866862,4.377688,1.904322,4.967379,5.3448753,5.656899,5.0444055,5.155872,6.623955,4.709502,5.1650405,5.999434,3.9334822,4.9219155,4.9175477,4.9946823,4.538749,3.7493107,5.132467,1.6302431,4.6807384,4.461022,3.278596,4.359716,1.1912365,1.7096255,4.5504045,3.3404083,4.825887,4.1826715,4.562072,6.024255,5.320705,3.3564484,4.2374907,5.237839,4.848108,4.1590323,5.252692,5.2391,1.9265436,3.9229305,4.8040032,5.360608,0.91122556,3.4029331,4.4275894,4.8426504,3.5891454,6.942882,2.7129273,3.429454,4.03732,4.127338,3.6969721,4.375638,1.9435273,3.9232655,4.7119617,5.2039895,5.1127553,2.4054294,3.395878
1.692755,2.1235495,1.6919224,2.9933813,1.7043413,1.4940853,1.633048,1.8490223,1.5096462,2.2461152,1.583676,1.7910124,2.410475,1.7675445,2.5593314,2.0796726,1.9703218,1.3695971,1.7492708,2.8111806,2.029098,2.0981534,1.8571684,2.9056602,4.8985314,1.4461148,4.451704,2.9671109,1.7384294,2.6528597,1.9512773,2.3871834,1.8937198,1.9511849,1.8275378,2.3203175,1.8221439,2.0490198,4.7165947,1.2702111,1.6499554,2.7697499,1.6739196,1.6245726,2.4649582,2.4841423,1.8852353,1.9784231,1.4811931,1.5162159,1.6447642,1.9536477,1.8382517,2.8385847,1.6060604,2.2332814,1.8239868,1.9897217,2.093669,2.0202107,1.6747353,1.7321776,2.7414622,2.553574,3.3538635,3.333893,1.0426776,1.501247,2.0867786,1.9287744,3.736409,1.804501,1.9347237,2.3381832,2.7665923,1.8932307,1.6271899,1.8781503,1.7610021,1.7837682,2.1794076,1.8866339,1.7179205,2.41346,1.8670055,2.4942236,1.8389211,2.091315,2.4137974,1.6825502,2.65781,1.4833492,1.5556735,1.854667,1.5857881,2.8049536,2.6825705,1.9621549,2.7562099,3.5260413,1.5113043,1.5293707,1.7124178,1.9926865,1.6710649,1.6602831,1.9552494,1.7064235,2.707061,1.7124178,1.6687303,9.195213,2.1629744,1.3522986,1.8998222,1.7032739,1.6451339,1.7077345,1.3572512,1.395118,2.098881,1.9911418,1.9047885,1.7343986,1.7558299,1.598732,2.6916466,3.6246061,1.7792598,2.197348,2.0547476,1.9635154,1.8867122,1.5175446,1.697427,1.9023622,1.6890343,2.8041482,1.9989711,1.9468671,2.041476,1.7917203,3.0434878,1.8093687,1.6715035,2.665219,2.357892,1.8348355,2.4569643,1.4252267,1.724604,2.9380443,1.6207638,1.6500772,1.4676803,2.2707264,1.6747752,2.013563,2.658081,1.4044561,2.4017704,1.932526,1.8903081,2.4011788,2.1224577,1.6420044,2.5356572,2.6555743,2.8883843,1.7490612,1.8062059,2.5423632,1.7573028,1.767842,2.085166,2.7022266,1.7006012,1.7161881,1.6045167,1.751931,1.8852607,1.6501004,1.888641,1.9794219,1.7137115,1.828986,1.8026567,1.1632544,1.66291,1.9328091,2.090291,2.2898858,1.7370547,1.7081347,3.5040746,2.7997146,1.942307,1.944073,2.150947,2.4882138,2.9339883,1.9356998,2.1085513,1.484556,2.2392304,2.1639776,2.4389434,2.220571,2.5775716,2.0846574,1.9600899,3.7831643,1.438777,1.5469737,1.763289,2.4696417,2.2561734,1.8657357,1.3223703,1.941534,1.8611983,1.960432,2.245178,2.9457026,1.6036054,1.547503,2.1795719,2.011061,1.3303417,1.487751,1.9261063,2.5426016,2.5704195,3.0085986,2.8643894,4.547296,2.5594738,4.0556,3.1385431,2.0802732,3.5667562,1.9534924,2.4625907,2.7570074,2.9997113,2.7301242,1.722174,2.414842,1.9522026,2.1467593,2.1839037,1.3750916,1.9352968,2.2734547,2.5839782,1.8212477,1.8415596,1.9556379,1.7179446,2.0725403,3.281898,3.109842,1.5891296,1.3988904,2.3238633,2.184884,1.8943824,2.833856,3.561173,2.0728455,1.5746443,1.6359164,3.084269,2.4673781,0.15870331,1.8722283,2.1863332,1.3028849,4.4488916,1.80098,1.6257299,1.6794784,1.9717746,1.6377672,1.9738882,2.9038897,1.9025184,2.212093,2.9995012,3.8030305,1.6925229,1.6114426
2.0775864,2.7475293,2.340684,3.828596,1.965485,1.8657473,2.2217174,2.4708793,2.1161108,2.81184,2.1719499,2.3525083,2.1151168,2.3026392,2.929365,2.213386,2.7005198,1.041431,1.7651383,2.3376331,2.5610907,2.4187357,2.5767243,2.004232,3.7859707,2.4378684,3.6997807,2.4849198,2.2351255,1.913089,2.6202996,2.3227246,2.0525296,1.8138282,2.0361967,2.4364963,2.299662,2.5070753,3.8804975,2.341048,2.3769941,3.0851665,2.2230642,2.2399194,1.5701034,2.6683655,2.4132454,2.467309,2.4256241,2.1010056,2.2233288,2.7564085,2.6797225,3.4896474,2.6772964,2.7497828,2.6445765,2.2274506,2.2277932,1.3139998,2.199828,2.8517954,2.9400198,2.9384696,3.0331879,2.3486345,1.9513543,2.5545053,2.3723729,2.6456907,4.1700115,2.6018376,2.6106632,2.4550655,1.8343061,2.0509982,2.2719665,2.353038,2.062788,2.0488977,2.6090357,2.4144144,2.2140336,2.9026568,2.6355543,3.4353726,2.0481868,2.1459415,2.0451107,2.1646411,2.2731683,2.5717351,2.6167274,2.0428257,2.184933,1.9126208,2.3780675,2.3424811,2.674566,2.8793008,2.221352,2.2460663,2.2614083,2.0121782,2.3801713,2.3105257,2.597888,2.035118,3.5674605,2.2614083,2.5188947,8.838845,2.3874006,2.4080014,1.9739691,2.2990758,2.3403635,2.6818144,2.2660446,2.5357313,2.7059188,2.5423448,2.8518343,2.0811841,2.0238364,2.4644492,1.2858742,2.7125897,2.054572,2.7088325,1.9706297,2.5709906,2.6595967,2.3676178,2.241709,2.0118382,2.319725,2.71654,2.2573915,2.1723757,0.922694,2.1336305,2.418987,2.5489936,2.5770664,1.5730793,2.4746373,2.6164408,2.475018,2.3530853,2.1330886,3.7445617,2.5190086,2.225187,2.5408778,2.4581168,2.1179857,1.7249912,2.641994,1.8877238,1.6174347,0.61411947,2.2775655,1.5356697,1.6003895,1.6794971,3.5254567,2.357446,3.4013884,1.5596731,2.0388608,2.1794672,2.2666063,2.2671762,2.6086094,1.5165302,2.0568912,2.472467,0.2628441,2.2716038,2.6669605,2.4889784,2.6527305,2.7483492,2.1595755,2.2352984,2.0539162,2.4752774,2.6826537,2.5161064,2.7216403,2.6655746,2.290391,2.3196065,4.480948,2.0357077,2.6604066,1.25112,1.6127968,2.3671772,2.7307143,2.5648892,1.5763146,1.7692839,2.195561,2.328395,1.1295872,2.664673,2.6807814,2.4003801,2.7314534,3.056316,2.4192786,2.5825562,2.6055024,1.8742896,2.194466,2.5173755,0.9590632,2.6419985,2.2915938,2.4500384,2.6787455,2.951895,2.6554894,0.9247995,1.3598002,2.2304518,2.3810692,2.0830007,2.490073,3.5405257,2.6803596,3.8275802,1.6365601,3.7449718,1.7009755,3.4652567,2.6737292,2.309868,4.043532,2.567179,2.0465577,3.0765357,1.6100912,3.031328,2.2776213,1.2911878,3.0795124,2.1073868,2.2946336,2.4346426,2.7730958,3.2611122,3.5964682,1.7066481,2.3348057,1.7673533,2.2347262,2.6585565,2.4475896,3.9085333,2.646817,1.7342131,2.5643873,2.7203605,2.2282093,1.5859163,2.594778,3.1682851,2.1735263,1.7797068,3.9838784,3.4186642,1.4658431,0.5060335,1.4194031,2.2776623,3.6023564,2.779739,2.6082735,2.2141194,2.6004713,2.5587924,1.9965596,3.863959,2.628502,2.2341948,4.040715,2.8465576,2.6203609,2.6268485
1.8861924,3.8806388,2.2929003,3.4046063,3.032197,3.2320173,2.2148037,2.205662,3.0224104,2.1924348,2.1280353,2.0867462,0.60838324,2.020902,3.6983047,1.1508427,2.5520275,2.530243,3.4502516,0.9444768,2.4427788,3.4061012,2.0470972,0.9686764,4.441121,2.1656935,3.7504346,1.2061808,1.8201836,2.1324148,2.5100234,3.544433,1.6650717,1.4987981,1.5990957,1.635065,3.352526,2.5092776,3.117075,2.1190739,1.9771867,1.7929138,2.1191027,2.0277092,0.89847696,4.2301855,3.6167557,2.441269,2.0110948,3.0911834,2.0960312,2.3193917,1.9657507,2.3824081,2.4593005,3.3311753,2.6250575,2.6258414,3.7782805,2.7928095,1.766704,2.561131,1.4761678,1.5432545,2.1496775,1.4683028,3.3840747,3.461764,3.1690345,2.5781245,4.35142,1.9736753,2.590651,1.3629102,2.6696932,1.66447,1.7564123,3.0228453,1.7064472,1.6804979,4.014482,2.7737052,1.902305,3.4521425,2.025714,4.221768,1.6931666,2.1973019,0.6719023,1.529187,0.9186854,3.3792074,3.476446,1.6836829,2.1884205,2.3388913,2.268999,2.043794,1.4812915,1.7024139,2.860592,2.8093088,3.4748888,1.623741,2.1296766,1.9138811,2.5882368,1.3175235,4.572556,3.4748888,3.040932,9.390826,3.0875108,2.746192,1.1278477,1.8391737,1.8149319,2.4521604,2.9491127,2.6254847,1.6663337,1.7264781,2.5875742,1.7359422,1.6848359,2.0559828,2.5068743,2.114159,2.9915817,2.0758343,3.6702833,2.561852,2.6400452,1.9505572,2.0199275,1.5724931,2.2173128,1.5336268,3.1669734,2.8439934,2.6035836,1.8764527,1.1282009,2.5239568,2.1400955,1.4328573,2.3037105,2.5718668,1.0473856,2.5335636,1.8560469,3.388454,2.0995746,1.6034974,3.3444853,2.3248768,1.4179072,2.985348,4.492071,3.2747393,3.443934,1.7842542,1.6877195,1.2144448,0.8550061,2.1013086,3.4358306,0.8779697,3.768082,2.6162856,1.6811996,1.0212331,1.8392866,2.0156057,2.2433355,2.4807363,1.7371483,3.121861,1.8616717,1.9870254,2.6211102,3.4996016,2.648137,2.1475513,2.10508,1.4415208,1.7090778,3.4526043,2.509764,1.5919344,2.0687191,2.3545856,1.8693272,1.7158287,4.703699,1.9412978,2.5441475,1.3143274,3.324754,4.176653,1.4953934,2.0495698,1.0755486,1.926533,0.9752483,3.578748,2.143774,1.4479369,1.1050736,3.557908,2.0003994,2.9336183,2.1324615,2.2865648,1.957245,0.60826975,2.809807,1.6840371,2.1952999,2.5038035,1.3794503,1.8417474,2.1727417,3.9393861,3.125429,2.8431127,1.8310204,3.848415,3.2086792,2.5491738,2.183927,3.5626223,1.3046726,2.8724134,2.485183,3.7624333,2.6477084,2.9229784,1.4771836,2.8252156,4.1118827,2.5787601,3.843293,1.6005448,2.3822482,1.5265021,3.1757705,2.439381,3.6987238,0.98063445,1.1518198,2.479918,2.1460075,3.9865775,3.7081513,3.3171237,3.6464818,2.4545615,2.0230331,1.7409009,1.3012185,3.7258952,2.4052758,3.1143894,1.6139522,2.0300012,1.6798432,1.8137078,1.9510473,3.393731,2.3312566,2.6962466,3.1450026,4.198489,2.3861642,2.3639028,0.9655571,1.9611226,3.3718982,2.6323054,2.1970413,1.5966454,2.4801106,2.0684676,1.6096076,3.8066783,2.6514752,0.8193995,3.7583714,2.4603152,3.6706903,2.3058949
1.4927874,2.7703831,1.9350626,2.7279935,2.8781505,2.8432243,1.531353,1.542292,2.1405807,1.8319685,1.5028245,1.4787322,2.3142285,1.479966,3.4532313,1.5116392,2.1011534,2.688982,3.224732,2.5430048,1.8442553,2.7264526,1.5446098,3.0337448,5.469108,0.6090818,4.6381845,2.7992198,1.3269551,3.1864324,1.6641121,3.1911395,1.7353375,2.3038921,1.5976639,2.241567,2.579474,1.8688607,4.8159637,0.667934,0.9825178,1.7371429,1.5396448,1.2744594,2.7657876,3.5850296,2.741378,1.8895913,0.31126732,2.2499943,1.4838198,1.5973837,1.0177349,1.9169762,0.5595975,3.0135098,1.5762913,2.260987,3.4967027,3.3176272,1.0354446,1.0095296,1.9774449,1.5042379,3.3483746,3.4333124,2.366548,1.9348472,2.6234066,1.6502959,4.1545415,1.192001,1.6830815,1.934816,3.5705612,1.7152368,0.8433889,2.283637,1.5926464,1.6306559,3.166687,1.9471062,1.4703436,3.1663892,0.82306576,2.5528038,1.6967436,2.587105,2.4119458,1.1540534,2.368624,1.768406,1.8863137,1.7087526,1.5384738,3.4100816,2.7428164,2.1765006,2.1495538,3.2711635,1.8576411,1.6296853,2.5594873,1.8684512,1.1674916,1.1103829,1.6992431,1.3404531,2.9946322,2.5594873,1.8604091,9.480556,3.0875356,1.0855162,1.6254032,1.0581849,0.7077796,0.592271,1.6681136,0.80233896,0.99051553,0.95809156,1.6321478,1.5492147,1.5583395,0.43991232,3.6629634,3.6560588,2.4894304,1.7814819,3.521212,1.7294447,1.61522,0.71683073,1.4720868,1.762474,1.5292066,2.4793177,2.9256728,2.3873236,3.2822282,1.5796611,2.8341994,1.6148181,0.39124972,3.1578267,2.2887506,1.5838879,2.0615084,1.1975995,1.5126078,2.7549732,0.7485391,1.0377568,1.7840806,2.1495485,1.2406915,3.2181416,4.1320443,2.7116535,3.8166611,2.8659256,1.5051488,2.85329,2.3940105,2.2924383,1.6673219,2.303742,3.4684973,2.877485,1.6609023,2.2360325,1.3662287,1.4979376,1.8920795,3.6759174,1.5163213,1.994255,2.5987353,1.4819007,1.6014585,2.3129678,1.6246305,1.5407294,2.083137,1.1540596,1.6518817,1.955483,0.6279672,1.2757196,1.5932058,1.6691175,1.2977159,0.8061421,2.928832,3.1475267,1.6425092,2.5328176,3.5807753,3.9786298,2.6925392,1.4996879,2.464113,1.9744251,2.1136684,3.3954346,3.3682823,1.3887864,1.9219289,2.8950403,0.72405624,4.1735983,0.6106545,0.5114419,0.55482316,2.5833457,2.6767602,1.2452232,2.488091,1.6491112,1.0895466,1.5390676,1.9497141,3.3574023,1.3996361,2.9805877,2.9895406,3.4383204,1.7525316,1.7907666,1.6364847,1.7490442,1.9706469,2.204001,3.782004,4.7412233,3.4235706,4.174775,2.8203735,2.783813,3.919464,1.7340595,3.944527,1.9712803,3.7401187,1.7701787,2.359382,3.3958273,1.8498273,1.8461381,1.646217,0.83397007,1.3525289,2.276156,1.8867888,3.257261,2.7575712,2.8714256,1.518635,1.4967291,3.41438,3.0826275,0.5124619,2.6992557,2.0928504,1.7584395,1.4751462,3.4058466,3.6694975,1.4646841,1.6074741,2.7257152,2.330513,2.5187597,1.5536897,3.062977,2.5748267,0.47037682,4.775957,0.79067063,0.31035185,1.084431,1.6896352,0.53051764,1.884651,2.082864,1.6591411,1.8604318,2.7122524,3.9265456,2.248312,0.4367354
3.5356572,4.697455,4.2801003,6.272028,4.907261,4.7777348,3.6421552,3.659641,4.04459,3.7093956,3.6402013,3.617349,3.4680226,3.5897932,6.065669,3.73175,5.0374193,4.0789104,4.9361167,3.1580672,3.473907,3.8723495,5.070421,3.619514,4.404811,4.447157,6.0300956,2.5328171,3.660691,2.069309,3.713875,3.7699983,3.2351282,4.5567546,3.3741927,3.391885,4.0017214,3.5250287,0.99959636,4.9042273,4.03261,4.8980103,3.5832,3.7755282,3.7723088,4.5865445,4.302961,3.4201312,4.7019596,4.0472026,3.6309323,5.471492,4.8862987,4.286673,4.6799135,5.57445,3.9388852,3.2487051,5.050995,4.2517443,4.0710797,5.556075,3.5907338,4.6541443,2.2720656,3.5196807,5.394156,5.0512786,3.5407379,3.788712,7.082236,5.053514,3.7556949,3.2414916,2.3176053,3.2659552,4.160127,3.7143044,3.380519,3.3387783,4.5843163,3.764866,3.5657365,5.7161236,4.288712,6.32007,3.2715778,5.1561337,3.4068584,3.829159,3.1465333,5.1434035,5.197384,3.260595,3.6424508,2.0512056,2.5684793,4.6122575,4.580415,4.214964,4.0340505,4.4748416,4.3782325,3.139803,3.924226,3.8925118,3.7407546,3.6898677,6.500873,4.3782325,4.1543345,11.7615,4.571893,4.7762275,3.4205656,3.94586,4.369669,4.8983474,4.417042,5.4510713,4.7168202,4.4304404,5.5884356,3.430398,3.4168372,4.7606587,3.1197245,3.8222754,3.6011486,3.5894833,4.9456983,3.6870165,3.8827782,4.283894,3.6014566,3.1988766,3.6684344,2.7953718,3.788474,3.4429872,3.645881,3.4357185,3.6853988,3.80268,4.7704372,2.6183374,2.8840153,3.8757057,3.4450452,4.2288313,3.487697,6.27872,4.3252783,3.9567444,4.973552,3.085991,3.8191602,3.8188283,5.385913,4.4929385,4.2043533,3.8828132,3.4967966,4.0858026,3.9839826,3.3063555,6.1883545,3.1413887,6.2253942,3.9384394,3.3060014,3.7334495,3.6383483,3.5579793,3.5331213,2.8312683,3.4602857,4.1822834,3.6466281,3.5753055,3.8882613,4.535877,3.8762567,5.1453266,4.385502,3.9113417,3.318596,5.8311524,4.7776284,4.7364874,3.88679,5.006776,3.7099624,4.354462,7.2133913,2.007818,3.780655,4.1382246,4.549379,5.2569294,2.686324,3.7794666,4.161964,3.651514,3.880484,5.658003,2.9719322,4.742553,4.5650144,3.9694123,4.5054574,1.0230519,4.4362097,4.5858455,4.553211,3.171346,3.1162355,4.6671243,4.5159035,3.7475064,4.0689173,3.5960574,3.3617237,5.3098555,5.26589,4.4505115,3.2668912,5.0990725,4.7848988,3.7299826,3.5646453,6.094673,3.380323,5.149312,2.6544833,5.97822,2.5041277,0.92693627,4.4813304,3.6211262,6.734399,3.6977766,5.0007977,4.9180946,3.5188005,4.8045545,3.9356704,2.8374913,5.7682176,3.288685,3.5218577,4.4878755,5.096488,6.038914,6.2459116,4.915365,4.4723034,4.999128,3.5564144,4.8320117,2.586276,6.5625377,4.668672,4.2890687,3.7393105,3.7285516,3.5125098,2.6877792,4.2028565,5.7061443,3.6643205,4.5632796,5.4775476,6.2865734,4.6862407,4.0870814,3.952024,4.6730847,0.32684585,5.1167364,4.7178326,3.895141,3.6581433,4.510054,3.0924246,6.510259,3.8383377,4.266172,6.2395053,4.429839,5.1184363,4.660929
2.5987375,2.8272505,3.4735053,3.9459333,3.9669147,3.777264,2.698259,2.8659253,2.7201571,3.3659062,2.7565355,2.7402792,3.7103314,2.7682858,4.421444,2.6466205,3.5672956,3.678646,3.9616709,3.5033484,2.9975095,3.1493642,2.9767272,3.9252386,5.445695,2.0932243,4.40573,3.9796157,2.6073472,4.2776995,2.7943256,3.4987035,2.9058619,3.5507495,2.7708604,3.8200698,3.1496673,2.7279859,5.9493804,2.1662915,2.3139248,2.4192295,2.7797227,2.4879591,3.7290003,3.8500178,3.17397,3.0033858,1.8763126,2.8585796,2.7541795,2.8406851,2.5703244,3.4258714,1.7781128,4.1796174,2.7559195,3.102442,4.3233576,4.299117,2.0686262,2.1662574,3.3370738,2.5892367,4.8020105,4.1671305,2.6839635,1.9281107,3.2681878,2.7651072,5.1397066,2.6276305,2.7034116,3.365411,4.45278,2.851235,2.1163936,2.9542532,2.8698351,2.9023547,3.456295,2.5895233,2.806735,4.324498,2.1420758,1.3317145,2.9099545,3.7343998,3.8051066,2.555397,3.384928,1.6523864,1.7024654,2.8978612,2.7701552,4.3526726,3.5086575,3.675382,2.6952703,3.7936916,2.508333,1.7922548,2.8880887,2.9341583,2.372419,2.4345665,2.6517525,2.757152,1.873994,2.8880887,2.5790017,8.51734,4.3958592,1.4503547,2.921797,2.2800436,1.9277322,1.3120117,2.130438,1.2484815,2.2622058,1.9922271,2.8690612,2.8404014,2.7336667,1.6148953,4.4002595,4.0616136,3.2038634,3.281974,4.273411,2.6812835,2.7078028,2.2257793,2.7653656,2.9603307,2.8079762,3.8673322,4.073839,3.0469754,4.152748,2.7138555,3.571974,2.8062594,1.6228439,4.2198043,3.2994192,2.7697458,3.5392947,2.1189451,2.7525575,3.9503615,2.2359917,2.4904935,1.8397354,3.0716698,2.7268376,4.313063,4.619337,3.562862,4.552451,3.7495756,2.8751953,3.8708155,3.592343,3.606687,0.4966805,3.4247994,4.5866475,4.069402,2.896753,3.0052376,2.701154,2.7255418,3.3539996,4.705527,2.7879322,2.5041544,3.4406714,2.7797706,2.736887,2.7221055,2.689204,2.98854,3.5865176,2.419246,2.8860075,2.2161899,1.4758722,2.7464085,3.1647685,1.5076034,2.6288826,1.9568553,1.3094164,4.150666,2.816153,3.6231067,4.411658,4.5883317,4.1023884,3.0037806,3.6244433,3.4078324,3.5997608,4.2269316,4.322855,2.6885765,3.077175,3.3731015,2.0170186,5.33647,2.1151145,1.9566245,2.060565,3.8724344,3.2922156,2.7979403,3.4363532,2.8543582,2.3954344,3.0068126,3.3674397,2.6482472,1.0186388,3.6526823,4.2446036,4.1721773,1.9990189,2.712942,2.9705458,0.22285187,3.339878,3.7264628,4.79071,4.5540986,4.3355365,5.35707,3.3686604,4.1270084,5.042204,2.6767528,4.641697,3.2458622,4.27291,2.8225667,3.015964,4.3237033,1.0431466,3.164609,2.88556,1.8816947,2.8381698,1.1719052,0.25607985,4.072703,3.031401,3.925298,2.8002555,2.9888718,4.6572275,4.2011743,1.7835584,3.6044154,3.7093694,3.323619,2.6785753,4.2560744,4.1707406,0.48494017,2.690047,3.9205828,3.7975507,1.3115314,2.4609408,3.7727027,3.6323342,2.0444322,5.8347173,1.0234277,1.7769593,2.4835167,2.8010597,2.0721684,3.0138206,0.6657103,2.6588864,3.169781,3.9621165,4.195299,2.118023,1.7845004
1.7497314,2.6840308,2.4745913,3.157089,3.284288,3.1761293,1.8181622,1.8967429,2.2260072,2.2996464,1.8383892,1.8007462,2.7796352,1.8198242,3.8369627,1.7954457,2.6323864,3.0371122,3.4974976,2.792327,2.1176765,2.7640808,2.0565333,3.3140836,5.434456,1.0383954,4.5616026,3.1376684,1.6587778,3.516179,1.9146894,3.2148612,2.0370364,2.7619326,1.8970032,2.7695086,2.680981,2.003063,5.147833,1.1912023,1.3189358,1.8251508,1.8638817,1.5679449,3.0863833,3.6261556,2.8034568,2.151561,0.818254,2.3581889,1.8224196,2.0311706,1.5505903,2.3513465,0.7600198,3.4553852,1.8550466,2.4319873,3.8020306,3.6835947,1.2210436,1.3601379,2.353961,1.7649539,3.8058662,3.6481917,2.4549518,1.7904499,2.7367396,1.8929917,4.546136,1.6897457,1.8807838,2.363409,3.8346198,1.9989126,1.1508569,2.3897035,1.9446733,1.9818301,3.1986415,2.0054786,1.8424007,3.6079674,1.1203232,2.1151676,2.019149,3.0233245,2.881085,1.560811,2.6341722,1.5691599,1.6770077,2.0194914,1.8640766,3.685704,2.890856,2.7256057,2.2326896,3.390326,1.9404542,1.4943064,2.5797682,2.1271503,1.4393344,1.4535753,1.8639591,1.7732296,2.5985935,2.5797682,1.9587306,9.218617,3.5644622,0.9391552,2.0024738,1.3386596,0.97158694,0.38719794,1.6642145,0.7237167,1.3313268,1.1296152,2.063472,1.9063687,1.8576256,0.6390947,3.9054425,3.7413442,2.6438892,2.2301357,3.802129,1.8968586,1.8463237,1.1679425,1.8195282,2.0821004,1.8705152,2.888983,3.2966127,2.4971864,3.586651,1.8508633,3.0209754,1.9043633,0.5951159,3.4998298,2.5145335,1.8655819,2.532043,1.3346128,1.8372625,3.1818671,1.1710635,1.4695637,1.6405115,2.328864,1.7083608,3.600572,4.31593,2.987385,4.0842123,3.1783614,1.8916315,3.2146375,2.813619,2.7226307,1.1639912,2.6090934,3.8994882,3.3022096,1.9945691,2.4097924,1.7287781,1.8070426,2.3313284,4.028406,1.8633832,2.0162005,2.8748636,1.8290873,1.8537562,2.341503,1.8420774,2.0520103,2.6279814,1.4813712,1.9833219,2.002133,0.5500306,1.7781551,2.083552,1.4291539,1.6538967,1.0443457,2.3853307,3.4316304,1.9142035,2.92504,3.892881,4.212999,3.1221402,1.9520422,2.8776658,2.461251,2.628356,3.726971,3.690027,1.7911959,2.271921,2.9719079,0.9978909,4.5233865,1.0567914,0.89147294,0.9864771,3.0095944,2.7773912,1.7855507,2.8369594,1.938348,1.443348,1.9738796,2.3572564,3.0674376,1.0435632,3.2216184,3.432694,3.7048743,1.6833773,1.9904696,1.9983128,1.1906494,2.361616,2.6841314,4.1230164,4.6798224,3.7009435,4.5135555,2.948059,3.2311862,4.3526654,1.8982061,4.2156315,2.3738654,3.9081337,2.0434954,2.480544,3.698727,1.4467156,2.2366784,1.9788395,0.99586964,1.8705202,1.8439032,1.337915,3.5655992,2.769558,3.2785869,1.8617712,2.0150826,3.8174233,3.4901397,0.74816996,2.9952335,2.6412303,2.2473872,1.7718209,3.6686392,3.8132076,0.9388024,1.861478,3.1667125,2.7950122,2.0814981,1.8367162,3.3158891,2.941567,1.0148681,5.0829587,0.34973454,0.6902889,1.4835153,1.9317299,0.98515296,2.1753922,1.560131,1.8463358,2.2955563,3.1323779,3.986606,2.0876951,0.7218523
0.98801273,2.7066903,1.9458102,3.112457,3.0795233,3.0078359,1.109352,1.089987,1.9828913,1.4570158,1.1022298,0.9815835,2.0365424,0.9886802,3.8208737,1.044655,2.3261192,2.716183,3.397556,2.0913546,1.3672855,2.4978018,1.8217063,2.7976115,5.1892166,0.4541918,4.642866,2.283981,0.789036,2.7662501,1.2126259,2.9640608,1.2040867,2.4102082,1.0676944,1.9343127,2.419642,1.3725904,4.2664027,1.0637687,0.45668823,1.6176821,1.0996786,0.7887965,2.612113,3.5320723,2.650508,1.4249774,0.51375353,2.1116872,1.0527036,1.9991132,1.2217197,1.595461,0.48737723,3.3219435,1.2329321,1.849616,3.6630418,3.3638022,0.56848145,1.5642639,1.4642226,1.3413094,2.8804107,3.1423304,2.6889493,2.0464835,2.3246002,1.2270771,4.5745006,1.4880115,1.2435377,1.432027,3.2182817,1.1791624,0.3468395,1.9949467,1.0959648,1.1320237,3.1227548,1.5808477,0.99834853,3.4840548,0.18870848,2.8558347,1.1802218,2.8360794,2.144108,0.68075424,1.8981477,1.9183189,2.0365632,1.1864787,1.1488003,2.9973357,2.198894,2.2909975,1.9866205,3.018633,1.6488838,1.5209353,2.491142,1.3346465,0.6688198,0.58835447,1.2446063,0.9269019,3.2856328,2.491142,1.6586442,9.745152,3.1762502,1.1396265,1.163576,0.48226684,0.35171047,0.67511785,1.5855215,1.3655949,0.94828504,0.63651526,2.0758793,1.0580461,1.0422735,0.55332243,3.4467628,3.3553479,2.2482526,1.3506542,3.670265,1.2653184,1.2260756,0.39713776,1.0096557,1.2410343,1.120493,1.9477319,2.815301,2.0484946,3.1982844,1.0513911,2.5130289,1.2372881,0.45878592,2.8247187,1.7326039,1.2142113,1.6735495,0.9601442,1.0099325,3.1519492,0.40632978,0.594165,1.875825,1.5955695,0.86642605,3.1642919,4.278575,2.7900362,3.8090158,2.818166,0.97744924,2.8014262,2.3203936,2.066544,2.0442169,1.8187363,3.83628,2.8639452,1.1526867,1.8966513,0.8489672,0.9900726,1.5090538,3.4461222,1.0267354,1.7993724,2.4936116,0.99487776,1.2172436,2.2729373,1.2311797,1.8202363,2.1536324,0.6522373,1.1423842,2.4421875,0.5958486,1.3871523,1.2590568,1.6484349,0.77603644,0.48647815,3.278738,2.673876,1.2190936,2.534169,3.661575,4.1358266,2.1930144,1.1049448,2.4463286,1.8201,1.9538927,3.705848,3.1476703,1.4100363,1.8359191,2.7209113,0.29400235,3.67945,0.45896974,0.41098517,0.33881298,2.2821064,2.2788541,1.3395693,2.6305256,1.2220942,0.6783815,1.0695193,1.477244,3.3286507,1.6040845,3.0666668,2.8279903,3.610684,1.8082389,1.500422,1.1694651,2.0514,1.4481522,2.2175345,3.520268,4.7279124,3.1011367,3.6152315,2.653903,2.6356244,4.297512,1.2779176,4.0734057,1.9794585,3.5340867,1.6806239,2.1732225,3.1502616,2.1297657,1.3787167,1.1275796,0.71537054,1.6259115,2.549023,2.2217994,3.4323661,2.7071996,3.0891795,1.0523453,1.6301881,3.0304608,3.5083914,0.44146064,2.7378032,1.8516196,1.3962889,0.89729846,3.0792835,3.4734335,1.7451198,1.2308202,2.8607075,2.4373126,2.8182118,1.788844,3.0590389,2.49465,0.7152182,4.2438006,0.9686075,0.35146284,0.59400743,1.2181998,0.30740896,1.3586853,2.430675,1.2495459,1.7721518,3.065075,3.731196,2.3454618,0.34376642
0.94359195,2.2234006,2.0269325,3.5937645,3.2015743,2.9700637,0.7187096,0.69690686,1.5264013,1.2932254,0.79772013,0.69019824,2.5301182,0.7597925,4.133287,1.6589738,2.643178,2.7790267,3.4098957,2.561573,0.7418439,1.9529697,2.4428139,3.3889027,5.344115,0.8683148,5.3219967,2.5255334,0.8522682,2.6403275,0.50230825,2.5467997,1.2156227,3.0155666,1.1893408,2.0665617,1.875374,0.8243086,4.2170897,1.6753455,0.71253383,2.5085163,0.77466565,0.6791298,3.2013273,3.0826557,2.1348076,0.8196107,1.327605,1.6474597,0.7649462,2.6778388,1.9018826,1.7333137,0.8165755,3.5580826,0.5124505,1.3273447,3.5844154,3.4973423,1.1531631,2.2149613,1.8491148,2.2182815,2.8169663,3.6875303,2.7820969,1.8096024,1.7265531,0.46741,5.0394235,2.198739,0.49264696,1.6433792,3.050066,1.2158366,1.0749613,1.3864136,1.0918312,1.1339321,2.63811,1.0320027,0.88218486,3.7358007,0.8804055,2.9906101,1.1646131,3.4160414,2.607098,1.1397675,2.3469388,1.7888944,1.891394,1.1832261,0.79155797,2.8802629,2.0155382,2.6852615,2.8154564,3.706689,1.1595086,1.4435786,2.0669549,1.3896232,0.5432599,0.7452241,0.53251696,1.3600749,3.342279,2.0669549,0.9971767,10.399352,3.1724215,1.2181375,1.5523202,0.8710236,1.2196114,1.2742252,1.2449405,1.9975445,1.8653979,1.5168041,2.6542435,1.0465066,1.1072472,1.414951,3.5598693,3.8760912,1.7547171,1.1952133,3.6354537,0.5836543,0.431189,0.9355801,0.78637534,1.2990729,0.72290057,2.0403516,2.4279807,1.553695,3.259445,0.96202624,3.1317272,0.57392454,1.311893,3.0623777,1.3162534,0.50982976,2.079543,0.6224591,0.92334193,3.64385,0.80795556,1.1087232,1.6418056,1.1907015,1.3162355,3.0256941,4.1101346,2.574853,3.766005,3.1979897,1.0509572,3.3959866,2.9201484,1.9312234,2.6128998,2.2580698,4.1679916,2.8543942,1.1513828,2.5264432,0.85520166,0.7644622,1.1953251,3.470154,1.0321887,1.2250041,2.7415905,0.7964915,0.444154,1.7630833,0.42996702,2.4338267,2.4101946,1.2972554,1.1234641,2.6467578,1.0112423,2.1481936,1.2507354,2.3357892,0.80409366,1.3530598,3.6351151,2.6353874,0.49635565,3.0788372,3.7000725,4.0552278,2.3148446,1.0022506,3.0554385,1.8379692,2.4848742,3.9325929,3.2644212,2.276512,2.684702,2.1773415,1.1745082,3.4369066,0.8980298,0.86766946,1.2082459,2.7134874,1.8629215,2.0170546,2.9836538,0.5425633,1.4472889,1.0571487,1.1608391,3.4232385,1.7724276,3.2002127,2.9987898,3.4991648,1.5406594,1.0285485,0.78544617,2.4876635,1.7931852,2.479774,3.5468528,5.402985,2.9154165,3.3850892,3.4315808,2.338148,4.7158923,0.5897085,4.0838294,2.7950304,3.841432,2.564982,1.6070188,3.1229482,2.1966338,1.7643919,1.6118814,0.7106488,2.2393126,2.6491828,2.6387854,3.5123398,2.2859676,3.5312018,0.80980885,2.3230443,3.3471982,3.9645264,0.85224724,2.5372791,2.1109085,1.3590449,1.0438011,3.302194,4.107457,2.015635,0.78473985,2.9950995,2.6949716,2.944737,2.0371463,3.3246453,3.0850866,1.4132258,4.030778,1.5214678,1.1289698,1.0825037,0.53488624,1.018393,1.3832848,2.9509144,0.46275008,2.5245798,3.316333,4.329934,2.0841289,0.9391448
1.4907106,2.738767,2.1900485,3.0172246,3.20489,3.122502,1.5321416,1.5375425,2.1602793,1.8819718,1.537259,1.4650851,2.513589,1.4837489,3.8170063,1.5580536,2.4184628,2.961883,3.5056791,2.59902,1.7938358,2.7059283,1.8794029,3.2128823,5.5073705,0.68992287,4.758991,2.8570573,1.333598,3.2892666,1.5921415,3.1988904,1.7564095,2.6453671,1.6225318,2.4078379,2.6049538,1.7649517,4.852701,1.030482,0.9698315,1.7500986,1.5549575,1.2649933,2.9956684,3.6501544,2.7746994,1.8494929,0.56672883,2.2888591,1.5071926,1.9377639,1.2909755,1.9074667,0.4280332,3.3616953,1.5336752,2.235168,3.771788,3.61769,1.021327,1.3187754,1.9798219,1.5651716,3.436243,3.5660334,2.6013947,1.9253725,2.6065767,1.5763383,4.5112057,1.5123419,1.5922698,1.9979906,3.6809645,1.7286326,0.8702282,2.2535307,1.6384367,1.6779569,3.2131765,1.8592497,1.5069929,3.5168793,0.7311623,2.506465,1.7281682,2.9579942,2.6208847,1.2362454,2.4215627,1.749577,1.8663722,1.7352618,1.5687267,3.502003,2.6968503,2.5017183,2.2162316,3.3547473,1.8395967,1.572454,2.5919263,1.8798194,1.1204453,1.1130303,1.5942448,1.4645728,2.9697478,2.5919263,1.8139153,9.591369,3.3822694,1.0306314,1.7218088,1.034142,0.7371205,0.41256487,1.6495129,1.0119958,1.1128575,0.93817085,1.9693824,1.595496,1.5837852,0.5268066,3.8448052,3.7269678,2.5255785,1.8179387,3.7964914,1.6289463,1.53964,0.8086774,1.4924902,1.7998892,1.54548,2.5213394,3.0936096,2.3673637,3.521632,1.5724522,2.9238956,1.5843297,0.3920583,3.326542,2.2336588,1.5407658,2.1892266,1.1489173,1.5327314,3.058815,0.77697694,1.1308522,1.7594881,2.0724523,1.3798366,3.457797,4.358102,2.9241774,4.0581613,3.1378758,1.538791,3.1347313,2.6755962,2.4749558,1.5804008,2.359033,3.8225956,3.1498265,1.6998675,2.3070486,1.3854731,1.4893252,1.9452479,3.882533,1.5612158,1.9364564,2.8283582,1.4946811,1.5349631,2.3241582,1.5434303,1.8567756,2.3908362,1.1983172,1.6871804,2.1930218,0.41184187,1.5537397,1.6676081,1.6298165,1.3091689,0.8454517,2.8067083,3.215997,1.5797199,2.8402965,3.8649628,4.238165,2.7620091,1.5506961,2.7647007,2.1966798,2.3581505,3.7426019,3.573741,1.5951619,2.102627,2.914154,0.635391,4.237451,0.70887804,0.5177735,0.61570835,2.7779253,2.6498656,1.5229062,2.817545,1.5969065,1.1673512,1.5847117,1.962407,3.3250139,1.3405087,3.248279,3.245917,3.6965413,1.7534221,1.8063949,1.633731,1.6051463,2.0011895,2.3165162,3.9745266,4.8636246,3.5469253,4.1923404,2.933612,2.967034,4.267216,1.6345694,4.2256866,2.164224,3.905124,1.8743008,2.3755126,3.5737705,1.7807181,1.9406905,1.6867371,0.7934725,1.6525161,2.2132618,1.7662313,3.5600224,2.7968888,3.2373095,1.537594,1.7792509,3.5674999,3.3960326,0.40397167,2.9143147,2.2779405,1.8336948,1.466739,3.5526059,3.8109233,1.3272047,1.6103364,3.0478165,2.4624622,2.4694872,1.8448434,3.3245254,2.8457346,0.7960443,4.812117,0.6343246,0.3289713,1.1532278,1.6138073,0.59123844,1.9110465,1.9701465,1.5665144,2.101179,2.944353,4.033768,2.2397213,0.3485532
0.33780977,2.2258592,2.0756302,3.6717296,3.0201728,2.8271687,0.66481173,0.8910008,1.4473966,1.5367049,0.7381091,0.6604201,2.0024035,0.6729993,3.9747758,0.97310466,2.659008,2.3944697,3.143614,1.8073289,0.96648955,1.8612767,2.2949312,2.5714104,4.5452175,0.908915,4.4606028,1.9408476,0.48961395,2.141862,0.8998113,2.2604156,0.6453178,2.5281608,0.54339194,1.9172103,1.8711152,0.75124556,3.778689,1.563191,0.55435264,2.0175803,0.70651674,0.42652854,2.4146526,2.979977,2.1416454,0.95041335,1.1344931,1.5895525,0.7099106,2.526279,1.8230546,2.0158825,0.98103344,3.4891279,1.0626721,1.151581,3.4346755,3.0651646,0.4590872,2.1831386,1.59383,1.8195112,2.6155996,2.8346639,2.5660071,1.8149912,1.6726017,0.94189256,4.932679,2.0404646,0.85913754,1.3341022,2.5219953,0.5926514,0.5999074,1.3894438,0.6654502,0.6890183,2.6168065,0.95299053,0.7120764,3.6673484,0.7846744,2.8523214,0.6587367,3.023171,2.074453,0.70518184,1.6105165,1.7529972,1.854251,0.6397656,0.7713043,2.3120432,1.4627743,2.521003,2.0925891,2.8790753,1.1352762,1.1108258,1.9812729,0.7070685,0.46402743,0.51833,0.79847383,0.8799891,3.20286,1.9812729,1.2691661,9.704262,3.1169345,1.0846819,0.93123126,0.39331245,0.7730796,1.1083786,1.2069714,1.7799459,1.5430049,1.0371634,2.6027157,0.6552151,0.4899234,1.0964231,2.8484595,2.9925735,1.6227517,1.3641937,3.3882492,0.78542435,0.9705514,0.83311,0.685035,0.72058326,0.8328615,1.7522143,2.4715583,1.3408068,2.7170458,0.4458474,2.3070617,0.9904549,1.0853096,2.3475595,1.0925925,1.0145788,1.7167243,0.7190666,0.5507074,3.6890285,0.88080597,0.7638781,1.6593568,0.91701937,0.9478741,2.7945187,3.9226649,2.4935446,3.3401217,2.4875767,0.77254957,2.6778255,2.2789235,1.7077903,2.455092,1.5922841,4.11154,2.5975397,0.66025245,1.6984692,0.6202033,0.57291716,1.4112343,2.9121747,0.5985079,1.3231148,2.041194,0.6764506,0.99904037,1.8761075,0.94967294,2.3424437,2.2915745,0.7207363,0.6475372,2.5725062,0.98350674,1.8880439,1.443585,1.715035,0.5845245,0.8350362,3.549849,2.0304945,0.98252076,2.4303167,3.3264577,3.8179314,1.9977653,1.1696523,2.4231656,1.6536179,2.074576,3.6850262,2.6135683,1.9130769,2.1744475,2.1247218,1.015319,3.0979981,0.9168689,0.9771891,1.0785667,2.0863383,1.5046579,1.8348331,2.4806738,0.99211526,0.9275394,1.0318981,1.3229884,2.8819795,1.6126872,2.7063558,2.5034904,3.3618386,1.5433179,0.9557664,0.9512318,2.3665175,1.4508269,2.7853572,2.9611576,4.5326176,2.4248915,3.0959995,2.6316357,2.3834558,4.6627545,0.7962365,3.745811,2.4750917,2.9959092,2.1452558,1.6390524,2.5491214,2.1706355,1.193337,1.0233952,0.81525034,2.1869013,2.5375335,2.5195758,3.209457,2.197024,3.109138,0.69659275,2.1315432,2.7356176,4.0134053,0.9699566,2.4071302,1.9883336,1.5097181,0.49499348,2.518819,3.226752,1.9598603,0.73216736,2.779276,3.0307379,2.814018,1.7266837,2.6587212,2.365707,1.2229965,3.6335187,1.3313035,1.0595179,0.67530745,0.85966283,0.9934266,0.76594514,2.805224,0.8951236,1.9994334,3.6117935,3.4314625,2.051178,0.9682393
3.8506398,3.8008516,4.6653523,4.7662935,4.9926076,4.818689,3.9689276,4.1380553,3.8845751,4.617072,4.0296726,4.010126,4.838697,4.0380816,5.247554,3.7970214,4.6345553,4.7693777,4.9186206,4.555268,4.262466,4.251286,4.0011597,4.8645396,6.0413604,3.3470547,4.6199846,5.1230416,3.8661873,5.4719777,4.057982,4.5238056,4.1458454,4.5508018,4.0069675,5.046472,4.2822323,3.9611256,7.0921516,3.3095307,3.5751715,3.2746818,4.051981,3.7563884,4.7006288,4.7962103,4.2493052,4.266665,3.0794203,4.015439,4.027312,3.7682674,3.664659,4.583225,3.0341547,5.13091,4.0196953,4.3227897,5.3022704,5.3276286,3.289006,3.1392138,4.489997,3.572822,6.037385,5.0513887,3.5648732,2.9722395,4.4345503,4.027449,5.8162136,3.665367,3.959942,4.5838623,5.588663,4.0862856,3.3486693,4.1434293,4.1259933,4.156345,4.4447427,3.795668,4.0750675,5.253583,3.3725512,1.6793101,4.1583567,4.647196,4.9362664,3.7911868,4.471139,2.7117956,2.7223852,4.142503,4.043094,5.5043855,4.655811,4.7684317,3.5162835,4.54017,3.7128117,2.9493024,3.948156,4.1511908,3.6409788,3.696873,3.9020352,3.981496,2.0947635,3.948156,3.789983,7.853231,5.5097594,2.6962583,4.127374,3.528125,3.1423934,2.5590003,3.3160496,2.3341484,3.3303542,3.1322927,3.8025568,4.099379,3.9783852,2.813282,5.4121375,4.8221335,4.3790145,4.538188,5.2311964,3.931022,3.96827,3.473721,4.0367684,4.197081,4.082391,5.0786695,5.2722836,4.2271037,5.20842,3.965781,4.4790864,4.0746427,2.8312654,5.3243556,4.532183,4.035764,4.7134643,3.3837538,4.014488,4.762254,3.486208,3.726782,2.9306674,4.2945642,3.9541614,5.451191,5.4838414,4.6517944,5.544074,4.746283,4.128622,4.825061,4.6249294,4.844394,1.225884,4.535984,5.4301934,5.2090673,4.147301,3.9910803,3.9635835,3.992444,4.6226244,5.819417,4.045993,3.6789482,4.4996123,4.0493035,3.999288,3.8204663,3.9482524,4.0068493,4.7308626,3.621664,4.138198,3.0571065,2.7387173,3.8113735,4.406404,2.3803928,3.8915815,3.1478887,0.30402339,5.3123693,4.0810137,4.627368,5.3969154,5.480626,5.307197,4.2625785,4.6285677,4.6383343,4.7225466,5.082357,5.4086046,3.699956,4.029228,4.4662476,3.2070427,6.5465913,3.3668334,3.2054288,3.260132,4.993095,4.4428935,3.8989007,4.436575,4.121178,3.5732505,4.264335,4.633839,3.1242504,2.1824327,4.618865,5.389204,5.1344037,3.1240294,3.9562447,4.242001,1.1836789,4.5175843,4.782874,5.899919,4.792947,5.4841585,6.562915,4.119587,5.3567533,5.810005,3.9259553,5.5553303,4.179684,5.154721,3.738446,4.1844745,5.437585,1.960589,4.3542213,4.0601354,3.1539361,3.8810508,1.7794988,1.0236079,5.0318317,4.053181,4.8568325,4.071304,4.0368495,5.7665033,4.967467,3.0385041,4.7150464,4.9080534,4.568842,3.917923,5.298164,4.900919,1.6871623,3.9553318,4.9975066,4.8100634,1.6936369,3.5659413,4.732483,4.628019,3.239054,7.0014386,2.2679741,3.0020747,3.7212384,4.063409,3.3015006,4.2413883,0.83720756,3.9139426,4.208258,4.8511467,4.825864,3.0782323,3.0315864
1.0266827,1.9126776,2.1278129,3.6895258,3.1442304,2.8526974,0.7872999,0.90670085,1.2820861,1.5617931,0.89225656,0.87209,2.7131264,0.93862504,4.0905395,1.813834,2.729895,2.698836,3.2616744,2.7130044,0.8888941,1.7248179,2.5442936,3.4834282,5.2549543,0.94699633,5.268412,2.7221255,1.0235164,2.7054653,0.65581566,2.3335772,1.3496919,3.087517,1.3208442,2.2851636,1.6478266,0.83413893,4.3994136,1.7098823,0.8734921,2.6407506,0.8925647,0.79788375,3.2727215,2.8245347,1.87605,0.9181946,1.3853401,1.4122335,0.891465,2.747056,2.0376146,2.047882,0.82379854,3.5472872,0.61598307,1.2645931,3.4493766,3.437192,1.2157501,2.2408009,2.1347127,2.3966696,3.0509439,3.7737842,2.5543845,1.4803867,1.5610558,0.5966563,5.059947,2.3025644,0.55697155,1.8941249,3.0326903,1.3411652,1.1810151,1.2016342,1.2414815,1.2831682,2.3672447,0.8644104,1.0551318,3.7294333,1.0573379,2.7059934,1.3031653,3.4534376,2.7812808,1.3092648,2.5049012,1.4701072,1.5681922,1.3167574,0.8703584,2.9085515,2.0648992,2.7938447,2.905491,3.8008122,0.91363955,1.1852012,1.788294,1.4994752,0.6825213,0.91400725,0.5616254,1.5277112,3.0350661,1.788294,0.744298,10.240511,3.1804857,0.97996926,1.7151461,1.0055993,1.2973819,1.2265346,0.9422667,1.8980762,2.0123694,1.6271027,2.7054534,1.1984149,1.2266322,1.438019,3.5137923,3.9224916,1.5862815,1.4682891,3.4906325,0.6157464,0.5199464,1.0646029,0.9422303,1.4389323,0.85705894,2.2998898,2.3804102,1.4082263,3.186386,1.076284,3.241379,0.68460613,1.3485754,3.1400628,1.4251022,0.6325306,2.319909,0.42841706,1.0629854,3.7281556,0.9621644,1.2793621,1.3138552,1.2694073,1.4927086,2.9714494,3.9061012,2.4188583,3.641313,3.1753473,1.2659172,3.4557295,3.0128047,1.9757631,2.4983833,2.4441276,4.1771917,2.829837,1.29245,2.625235,1.0476868,0.9196396,1.4161808,3.472806,1.1724201,0.9427984,2.688258,0.97118413,0.5631677,1.4701643,0.4978348,2.548668,2.4999323,1.4519972,1.2646028,2.4394262,0.9529876,2.2917235,1.5107787,2.2864838,0.99565935,1.4343696,3.4449766,2.716796,0.66628766,3.1197743,3.5905309,3.8820493,2.5664256,1.2515258,3.1318035,1.9138569,2.6636624,3.8373392,3.2582493,2.4331331,2.8507388,1.9500602,1.3268481,3.5592644,0.9821582,0.93482214,1.3454651,2.864807,1.7607093,2.1683757,2.9268205,0.7239892,1.6038907,1.3064511,1.4159635,3.1800535,1.520818,3.0644207,3.0529172,3.3383553,1.220432,0.90188426,1.0047091,2.3378172,2.058853,2.7175965,3.5570958,5.356828,2.8879669,3.560884,3.5185661,2.3754973,4.760557,0.60729533,3.9425404,2.9857547,3.8043013,2.7411916,1.3913102,3.0944097,1.914174,1.9556892,1.80819,0.5954754,2.360923,2.363362,2.471361,3.3912485,2.005365,3.5200524,0.96249896,2.4764574,3.5189204,4.024767,0.87050587,2.399702,2.338406,1.6230758,1.2134887,3.3350194,4.15942,1.8120183,0.7743901,2.9692307,2.9034722,2.6593194,1.9116627,3.239813,3.1502259,1.4630841,4.154093,1.433492,1.189122,1.2514752,0.68381405,1.1433187,1.5056498,2.8225381,0.4854869,2.6768565,3.4059517,4.3486214,1.75167,0.9833368
1.7574991,3.7174726,2.1387086,2.8757267,3.0367634,3.2295094,2.0563002,2.018333,2.9124727,2.0354898,1.975661,1.9044117,1.148989,1.8536084,3.5521736,0.9162826,2.2376764,2.7143776,3.514072,1.4473228,2.337387,3.4019325,1.4865892,1.700201,4.9322863,1.6145968,3.8548827,1.841004,1.6010119,2.7400596,2.3109896,3.664448,1.6914377,1.5132587,1.55746,1.802493,3.3180187,2.3921862,3.9101713,1.4496462,1.5717614,1.0598032,1.9783412,1.7746556,1.5454718,4.274128,3.5532277,2.3668733,1.2963881,3.0064023,1.9337629,1.6652286,1.2476717,2.0063844,1.8484802,3.1761818,2.3696463,2.675958,3.8463466,3.1067355,1.3421298,1.7719686,1.3581355,0.7350454,2.6917357,2.1571758,3.1184342,3.0907001,3.2085896,2.3596475,4.086956,1.2623138,2.3853834,1.4475287,3.251785,1.6756446,1.251823,2.970014,1.6598808,1.6583351,3.974445,2.6355145,1.7548554,3.2982335,1.4688215,3.669548,1.7009643,2.086227,1.2764865,1.2073389,1.3542787,2.9530911,3.0612035,1.6974379,2.0411732,2.9640121,2.5695815,1.9017253,1.1313453,2.0049407,2.6838877,2.4908862,3.3757656,1.7178633,1.8020309,1.5779982,2.38751,1.1174358,4.084789,3.3757656,2.8140206,9.224169,3.1767302,2.2512126,1.1429743,1.4611154,1.2053528,1.7667955,2.6605437,1.883176,0.78235203,1.0496113,1.9558305,1.6618618,1.6191345,1.3241347,3.1233897,2.588547,3.0386677,1.9422561,3.7849448,2.3805435,2.3960366,1.4278014,1.8585433,1.6337473,2.0459986,1.8527936,3.2998066,2.8819644,3.0292873,1.7859857,1.573939,2.3129678,1.408609,2.2462957,2.418798,2.3319938,1.1985736,2.1737604,1.7434459,2.8785713,1.5734154,1.2073073,2.9561446,2.3674924,1.1337925,3.2688177,4.585321,3.2662094,3.7890897,2.2206695,1.5568562,1.7194662,1.2622298,2.3056521,2.634178,1.2845018,3.5500288,2.8496397,1.6744539,1.1864288,1.6356095,1.8610383,2.1630194,3.1413398,1.6489191,2.9164357,2.21807,1.8287222,2.3738735,3.30357,2.4070177,1.549698,2.0064406,1.0407544,1.6922842,2.9655507,1.8790182,0.885366,1.8212216,1.8066487,1.6267661,1.0957487,3.960535,2.5760949,2.3257709,1.6471833,3.5780966,4.298981,1.9365999,1.8203589,1.3981638,1.9924073,1.1146078,3.5388944,2.785605,0.5806206,0.49786568,3.577952,1.3208221,3.6313586,1.5816172,1.6821373,1.2592483,1.4298819,2.9633553,1.0571198,2.2828379,2.2966218,0.84943944,1.67621,2.1259394,3.7939878,2.575025,3.0110888,2.385643,3.882389,2.8638418,2.4381304,2.0363653,2.81419,1.3179228,2.3841486,3.1903117,3.9082768,3.1817155,3.578232,1.556534,2.9826138,3.859555,2.3968909,4.0513506,0.9754314,2.9850307,0.7531587,3.112198,3.013621,3.1240263,1.1416385,1.0552627,1.9916228,1.4974705,3.4366083,2.965205,3.414902,3.5654564,2.5070584,1.8833436,1.1308328,2.2095418,3.251705,1.7872087,3.157315,1.6279997,1.8660587,1.5313619,2.5667043,2.4375567,2.7175622,2.1885934,2.75985,2.6207461,3.6460135,2.1075017,2.7058158,1.4583842,1.2961059,4.125071,1.9294338,1.4992564,1.2311479,2.2981133,1.4366885,1.7273427,3.0169113,2.4245083,0.5069104,3.2257469,2.8570971,3.3458855,1.662779
2.7772279,4.0614276,1.5359029,1.5571296,2.8274832,3.064669,2.5666077,2.295187,3.3282094,1.8538054,2.4413252,2.453121,2.787697,2.4330783,3.0716214,2.8585973,1.3071927,3.2463827,3.66999,3.7155569,2.6554947,3.911514,1.5299871,4.090659,7.1085606,1.9929361,6.3033757,3.590286,2.480605,3.903178,2.5511181,4.464847,2.8574476,2.655988,2.8041513,2.1590073,3.577693,3.0926087,5.285242,1.7321464,2.2862544,3.1488588,2.4914644,2.4921927,3.7461655,4.5675435,3.7509162,2.751545,2.0775537,3.3431861,2.4252198,1.7053475,1.4777257,1.6755028,2.2007673,2.426045,2.3264196,3.345902,3.6541328,3.7007954,2.7357216,1.6862887,2.5945919,2.6326647,3.3303328,4.626735,3.3594615,3.4011428,3.6663465,2.5271065,3.3313422,1.6065102,2.6963427,2.5191152,4.4333763,2.900016,2.4373112,3.3860247,2.6046221,2.636884,4.1605873,3.2792203,2.3860545,2.510879,2.2667942,4.308918,2.7626216,2.6874352,2.8486261,2.3221462,3.527216,3.3570595,3.4623563,2.8099124,2.4643655,4.2955923,3.9912434,1.7550051,3.6779788,4.6450357,3.118268,3.3996625,3.7493553,3.0914986,2.4364276,2.3327715,2.81073,2.3571742,4.6729245,3.7493553,2.9402869,11.116545,2.597502,2.894219,2.6902223,2.505242,2.4693618,2.6220136,3.102552,2.572356,2.260596,2.6603856,1.5031599,2.5544279,2.7623317,2.4279785,4.6846485,5.143221,3.5016222,2.0205016,3.8772159,2.8451536,2.503301,2.0282323,2.4178095,2.8481517,2.3652468,2.9079902,2.9957843,3.5824823,4.0199738,2.780498,4.139331,2.393992,2.3654861,3.9921944,3.2714298,2.3581293,2.4688866,2.5955737,2.5914695,1.6820424,1.9780979,2.203102,3.2874222,3.287405,2.178401,3.4231079,4.6210585,3.1572664,4.440909,3.7853377,2.4117565,3.6251621,3.0610783,2.6700897,3.4783523,3.3348088,2.644022,3.019157,2.7113633,3.67983,2.388324,2.5494978,2.0848656,4.271184,2.5755699,3.2557583,3.671082,2.4298291,2.431627,3.3928347,2.5515232,1.3881639,1.756375,2.54346,2.702959,2.8988192,2.5266163,1.8191687,1.7054243,3.6867337,2.3682384,2.558318,4.6431594,4.06745,2.4375193,3.2361233,4.0068483,4.383698,3.0156083,1.9278133,3.1028142,2.2290804,2.3476593,3.4529796,4.1690288,2.2251248,2.7521267,3.9214287,2.2813911,4.584668,1.9757047,2.0236502,2.0511923,3.201396,3.92678,1.6166009,3.1585724,2.4062366,2.4607372,2.1462157,2.291947,5.294156,3.2807796,3.8379183,3.3361285,3.7168384,3.1857164,2.8907425,2.324676,3.6240447,2.6469822,0.8370022,4.4291196,6.382647,4.235401,4.5706434,4.199944,2.6129177,2.8963459,2.851748,4.3690205,2.3341208,5.028766,2.7279975,3.3572674,4.190435,3.5739148,2.7575667,2.774846,2.377651,1.3089054,4.048222,3.7313106,3.6207404,3.920607,3.0792046,2.454536,1.6405233,3.9251626,1.997527,2.1847277,3.1624947,1.8919222,1.813483,2.6914546,4.467944,5.0026746,3.3428223,2.673556,2.691671,0.63766146,4.273518,2.5903277,4.052204,3.413727,1.9385322,5.3160343,2.8380592,2.141924,2.304661,2.6164055,1.981455,3.0111256,3.8652935,2.675735,2.5549335,1.0390747,5.439851,3.7055032,2.1775692
3.2399325,4.3930836,4.3484974,5.1189394,4.5795684,4.6022468,3.6759613,3.8685894,3.9539154,4.2263494,3.6906996,3.6484745,3.0614936,3.6198685,5.105449,2.5918064,4.5105257,3.8788855,4.527222,2.2223136,3.9737587,4.1719193,3.7966156,1.9121927,3.21373,3.5583832,1.5570278,2.9903295,3.3543444,3.635222,3.9767365,4.051177,3.193381,3.2449477,3.0935676,3.9717207,4.32271,3.663349,4.4647493,3.538834,3.4105413,2.3952878,3.6753945,3.4525025,2.1570067,4.856607,4.4728217,3.9299862,3.2527387,4.0688524,3.6732616,3.8148048,3.6420434,4.364553,3.601946,5.0094757,4.140391,3.7972958,5.0389147,4.0994096,2.8391757,3.8050952,3.3799148,2.7829874,4.350093,1.6825088,4.0570645,3.9922683,4.174567,4.0298295,5.794066,3.582859,3.937107,3.4300504,3.7467458,3.1311352,3.0354996,4.058079,3.351156,3.3331995,4.7297773,3.7190988,3.5687432,5.1286473,3.3508995,3.9211159,3.2759862,3.7176323,3.1062775,3.1719127,2.358222,3.8314967,3.8821554,3.232869,3.7349045,3.5120955,3.1829267,4.1148868,1.6056626,1.1584122,3.844465,3.264421,4.188075,3.012375,3.5041862,3.4035082,3.854688,3.1252484,4.2137704,4.188075,4.15012,7.28538,4.9864693,3.4106116,2.9246428,3.1718686,2.9480379,3.1925385,3.7614574,3.250771,2.9780884,2.7356882,4.1060486,3.382543,3.164641,3.0044415,3.1501694,1.170439,4.057676,4.0603037,4.7778053,3.8279383,4.064838,3.4335117,3.623702,3.1623824,3.8206067,3.6231046,4.860454,3.8016667,3.6834712,3.296126,1.5574569,4.0557613,3.128383,2.8737776,3.6780028,4.091928,3.347305,3.6585355,3.406861,5.070979,3.5780516,3.2392147,3.9174705,3.5551882,3.2502153,4.553144,5.3272758,4.562566,4.3772225,2.7959979,3.4336863,2.5382934,2.7342112,3.9548466,3.3524833,2.5800693,5.404378,4.309852,3.2889943,1.7371451,3.4634323,3.5396676,4.200833,3.796219,3.342793,4.019477,2.8493733,3.60083,4.0904574,4.372592,4.043396,3.9077134,4.164261,2.8917975,3.3086472,4.1757183,3.3834302,3.3363144,4.0743923,2.050412,3.4565446,2.8103487,4.1420274,3.2453966,4.0613585,2.8168116,4.4416265,5.1149735,3.6737435,3.934528,2.7836947,3.8989573,3.3293166,4.773559,3.304004,3.0017521,2.654885,4.415012,3.2284431,4.506051,3.5454028,3.585537,3.3128936,2.890444,3.642587,3.5205383,3.4086523,4.0582843,2.8553452,3.718565,4.0896816,3.0239568,3.4028778,3.672867,3.6645067,5.00735,3.8985856,3.788993,3.8921282,3.4389477,3.2810087,4.914257,3.7321498,1.5923107,3.8151858,4.525895,1.2172214,4.772576,5.7552094,3.8371997,4.800484,3.266775,2.30713,2.7643054,4.229971,3.5937288,3.8427448,2.951434,2.835882,3.6019666,3.8837283,3.8339522,3.5247617,4.4655995,4.308571,3.8448417,3.6279676,3.5910685,3.1884887,5.3566647,3.5596545,4.444434,3.9594922,4.098671,3.1681807,2.6347485,1.1952109,3.5454516,3.7133737,4.3752685,5.142475,3.9215963,3.515341,3.0774314,2.4758112,3.3331203,4.644311,3.1407363,3.363391,3.188019,3.9264739,3.4571788,3.1130562,3.506214,3.9781303,2.7978554,5.5822134,0.91478467,4.0820527,3.467172
2.826253,1.383437,3.5738664,4.6615305,3.5132146,3.0052776,2.7369623,3.0481145,1.8906147,3.7020938,2.821755,2.9580834,4.282591,2.991868,4.24797,3.4266832,3.8909748,3.102729,3.0386786,4.1727586,3.0019846,2.1033716,3.7168596,4.493351,5.1184087,2.675662,5.045659,4.44211,2.9882934,4.004385,2.852349,2.338896,3.1564748,4.012181,3.1024587,4.1441154,2.0760934,2.7083375,6.052366,2.8668606,2.8329828,3.8866053,2.8722363,2.7675176,4.188369,2.222744,1.8794676,2.9361362,2.7690153,1.9422548,2.8768194,3.6894884,3.4742978,4.219181,2.4708605,4.0482335,2.7646556,2.700373,3.3372924,3.7341957,2.7552545,3.1202693,4.17377,3.8965468,4.990022,4.7218056,1.8057508,0.92141813,2.43752,2.795689,5.42417,3.523918,2.7039819,3.8848815,3.8746586,3.121467,2.8443215,2.2693102,3.11573,3.144822,1.898093,2.278656,3.0467765,4.2161183,2.950404,1.0634198,3.138961,4.1133947,4.313269,3.1252248,4.032346,0.9221053,0.80925494,3.133725,2.7919412,3.9923952,3.4736028,4.026781,3.9111762,4.728287,1.9622995,1.5916606,1.620627,3.1871789,2.7275817,2.8876672,2.656738,3.2825816,0.96222705,1.620627,2.065694,8.918307,3.995984,1.686092,3.423798,2.8531358,2.8030987,2.3610206,1.5985068,2.2607567,3.4671078,3.092054,3.5950956,3.090009,3.0170982,2.6623757,3.929625,4.6390915,2.3621101,3.6245606,3.2700088,2.6779866,2.714593,2.8478436,2.9519773,3.2262163,2.8904433,4.323229,3.3113034,2.4265213,3.5139353,2.9394014,4.364738,2.8051198,2.6784554,4.264655,3.274833,2.794287,4.18325,2.1827784,2.9816453,4.6275463,2.8541925,3.0972857,1.0603979,3.079514,3.2761073,3.56785,3.2094827,2.5919974,3.5653877,3.6548858,3.269609,4.2638345,4.074834,3.3359952,2.4640074,4.0947037,4.646339,3.558978,3.1331475,3.8094552,3.0567198,2.9378853,3.4953,4.2297273,3.0401967,1.8502837,3.183032,3.003413,2.7632132,1.5846292,2.685257,3.7830796,3.7552373,3.160627,3.1169744,1.8442743,2.3080106,3.68233,3.5948284,2.7666202,3.010234,2.8830478,2.5493615,4.0561953,2.878385,3.9032068,3.5702922,3.3831892,4.5372267,3.3563187,4.0800166,3.351191,4.203153,3.7274072,3.9592168,3.827856,4.2159233,2.1638362,3.0419407,5.0663667,2.7023983,2.6375647,3.0043917,4.300163,2.7295294,3.6380858,3.2506912,2.92631,3.250177,3.392493,3.578565,2.0915966,1.3470274,2.9287498,4.0836716,3.0806098,1.237399,2.3592496,3.147564,2.1872804,4.051446,4.547753,4.3452945,5.183034,3.712859,5.3084006,4.408413,3.6616108,5.333992,2.656021,3.6272948,4.442009,4.120975,4.16177,2.1166985,3.7768767,0.9934453,3.7110412,3.5870028,2.2233412,3.669225,0.9419683,2.112026,3.2950826,1.6284435,3.9381077,2.9661586,3.882061,5.017883,4.759025,2.5013387,2.6986372,4.182742,3.717916,3.115196,4.201167,4.814554,1.6789505,2.5993867,3.571862,4.59765,1.0345863,2.2742307,3.3560698,4.0482817,2.7904642,5.6087384,2.2385302,2.696572,3.0791538,2.8630888,2.865332,3.2358923,2.5727754,2.6334448,4.03703,4.478627,4.7922454,0.74564785,2.58749
1.6898689,2.542049,2.4595335,3.2411933,3.2999215,3.1546435,1.7177647,1.7993599,2.1006036,2.2344441,1.7496089,1.7127931,2.851619,1.7398523,3.900918,1.849157,2.6711762,3.0395608,3.492275,2.857709,1.996327,2.6306834,2.1572337,3.4281487,5.468791,0.9875997,4.719705,3.1620867,1.6061081,3.4857352,1.7818823,3.1114712,1.9967872,2.8782246,1.8673165,2.7676754,2.5480556,1.8793004,5.1373405,1.2607192,1.2614008,1.9837669,1.7739122,1.4898672,3.2003984,3.5145695,2.670884,2.0316858,0.88420373,2.2347932,1.7355815,2.1579266,1.6354842,2.3230019,0.6500674,3.495022,1.7138864,2.317131,3.7782805,3.7101474,1.2287416,1.4746658,2.3744133,1.8983555,3.7836971,3.755131,2.448296,1.6640096,2.602992,1.7531401,4.64705,1.8031578,1.7388866,2.3601732,3.799033,1.9607742,1.1602138,2.2495086,1.8991982,1.9387071,3.073275,1.8683056,1.7772719,3.6525943,1.0890652,2.0903835,1.9747244,3.1430519,2.9503677,1.5604545,2.6899805,1.4543419,1.5635704,1.9767455,1.7691647,3.658062,2.835269,2.7844877,2.3890202,3.5262942,1.8043936,1.400905,2.4587126,2.0966785,1.3496575,1.3973807,1.7229329,1.7878281,2.5625582,2.4587126,1.795337,9.375044,3.5542428,0.8271609,2.022475,1.303912,1.0158403,0.39544,1.5290059,0.87522125,1.4609218,1.2161561,2.1638935,1.8582636,1.8183187,0.74682015,3.928669,3.8440733,2.5282552,2.166172,3.7895148,1.7597479,1.6995424,1.144312,1.7404687,2.0507424,1.771575,2.8785706,3.2103977,2.3802812,3.5968244,1.7889876,3.1316245,1.7732674,0.67308253,3.5399854,2.4211996,1.7288723,2.571065,1.1985909,1.7759944,3.2708483,1.1200131,1.4701321,1.506904,2.2323303,1.7210411,3.5675783,4.2743354,2.9247653,4.0755963,3.2534592,1.851366,3.335335,2.9241288,2.680026,1.2825967,2.659625,3.9641929,3.291942,1.9514498,2.5089445,1.6725749,1.7268854,2.2496517,4.034507,1.8160393,1.8597798,2.9150002,1.7531757,1.7100157,2.194917,1.6939368,2.148292,2.6550806,1.5107768,1.9372052,2.0114317,0.44239774,1.8932194,2.0343595,1.5593313,1.5959523,1.1112794,2.4255729,3.414348,1.7794251,3.0312557,3.8999734,4.192409,3.1221738,1.8877591,2.9947655,2.4389927,2.706338,3.7727344,3.7118201,1.9331156,2.4214342,2.8416028,1.0222652,4.4768815,1.0133805,0.8286405,1.0216883,3.0768702,2.6784515,1.8748915,2.9034224,1.8088017,1.5015731,1.9238032,2.2763913,3.06055,0.9808156,3.2432835,3.4611025,3.6718345,1.5523475,1.8730284,1.9043715,1.245052,2.378159,2.691922,4.130137,4.836835,3.6612132,4.466245,3.104113,3.1628542,4.43906,1.7596047,4.2179813,2.516276,3.9726033,2.1952822,2.3438098,3.6909807,1.3709898,2.2643256,2.0101178,0.86903244,1.9586141,1.7993187,1.3898283,3.577306,2.6511521,3.3707147,1.7819548,2.1210656,3.8719795,3.5750642,0.65608734,2.9380195,2.6580768,2.1998265,1.7361097,3.7089946,3.9470415,0.90394485,1.7523353,3.1837392,2.8049798,2.0529912,1.8539884,3.3690133,3.0554044,1.0741831,5.042828,0.40933195,0.70230114,1.4797736,1.8019902,0.9750987,2.1422243,1.6546369,1.6976733,2.4210265,3.1544907,4.1146274,1.9679745,0.66845465
