1,2,3,4,5,6,7,8,9,10,11,12,13,14,15,16,17,18,19,20,21,22,23,24,25,26,27,28,29,30,31,32,33,34,35,36,37,38,39,40,41,42,43,44,45,46,47,48,49,50,51,52,53,54,55,56,57,58,59,60,61,62,63,64,65,66,67,68,69,70,71,72,73,74,75,76,77,78,79,80,81,82,83,84,85,86,87,88,89,90,91,92,93,94,95,96,97,98,99,100,101,102,103,104,105,106,107,108,109,110,111,112,113,114,115,116,117,118,119,120,121,122,123,124,125,126,127,128,129,130,131,132,133,134,135,136,137,138,139,140,141,142,143,144,145,146,147,148,149,150,151,152,153,154,155,156,157,158,159,160,161,162,163,164,165,166,167,168,169,170,171,172,173,174,175,176,177,178,179,180,181,182,183,184,185,186,187,188,189,190,191,192,193,194,195,196,197,198,199,200,201,202,203,204,205,206,207,208,209,210,211,212,213,214,215,216,217,218,219,220,221,222,223,224,225,226,227,228,229,230,231,232,233,234,235,236,237,238,239,240,241,242,243,244,245,246,247,248,249,250,251,252,253,254,255,256,257,258,259,260,261,262,263,264,265,266,267,268,269,270,271,272,273,274,275,276,277,278,279,280,281,282,283,284,285,286,287,288,289,290,291,292
0.91166747,3.094757,1.9323714,3.6396523,3.250799,3.2022889,1.0528189,0.8604246,2.207177,0.93903524,1.0073833,0.80673695,1.5310503,0.7731246,4.204873,1.0557984,2.5996106,2.7186444,3.6130102,1.5761584,0.9968304,2.5330832,2.3530297,2.5112987,4.9692583,1.429358,5.000958,1.2895035,0.7449552,1.8801583,1.1001767,2.9215312,0.68570906,2.5524557,0.7259163,1.2125218,2.4987993,1.236071,3.0358639,1.9867707,1.0222011,2.2212386,0.9310067,0.9544338,2.4397273,3.6580646,2.834615,1.060453,1.682905,2.2961829,0.9291635,2.711584,1.9107078,1.3759844,1.6670588,3.6142495,1.3001099,1.5444099,3.8055305,3.2797456,1.2582494,2.5871766,0.81830144,1.8304634,1.646783,2.7964733,3.3824048,2.8247807,2.177991,1.1865522,5.014656,2.1841385,1.2275571,0.46446538,2.5410209,0.7288553,1.1965127,1.9832354,0.6720036,0.6593434,3.3304017,1.6877992,0.7422662,3.7753508,1.186431,3.9610744,0.6735838,3.1366966,1.6102786,0.853769,1.3589911,2.803378,2.9066784,0.6892815,1.0559742,2.2031178,1.5230547,2.3668299,2.3628342,2.9486146,1.9331733,2.2127874,2.7863252,0.82404715,1.0310869,0.9111096,1.2511442,0.8349336,4.3187547,2.7863252,1.9461026,10.522459,3.075322,2.141141,0.77764857,0.9937048,1.4140182,1.9633919,2.1589475,2.6037877,1.7341975,1.5083119,2.812995,0.6877406,0.76954186,1.7972213,3.0579824,3.156516,2.1577227,0.740655,3.8089812,1.2269735,1.28161,1.2427274,0.8306195,0.6671064,0.98931867,0.71878153,2.5336819,1.9138619,2.9837923,0.80184466,2.2972684,1.1978201,1.7590145,2.1549106,0.98864746,1.233193,1.0031803,1.5721946,0.75263065,3.6856775,1.2508745,0.94181883,2.6729314,1.0588262,0.8963907,2.9034543,4.4639773,2.9483511,3.6933224,2.749034,0.51042485,2.7127826,2.2246327,1.6282802,3.3378263,1.1843408,4.1946,2.6755204,0.6732098,1.8418584,0.69716513,0.7925831,0.9476671,2.859803,0.7289708,2.1241076,2.4225063,0.7628151,1.2570617,2.6572683,1.2947396,2.3677673,2.1739051,0.986931,0.6764312,3.3910937,1.83675,1.9040129,0.9759092,2.5441868,0.74947405,1.4387451,4.536761,1.7754918,1.1346468,2.5336854,3.6576822,4.2935476,1.0087038,0.83751756,2.4255555,1.5582674,1.6792097,4.0480638,2.6707306,1.9294677,2.0732234,2.7418725,1.402697,2.5114675,1.4169444,1.5380359,1.4482723,1.6918067,1.973443,1.8077093,2.851685,1.0904652,1.1353302,0.59656626,0.69195694,3.9078631,2.6985278,3.2308404,2.3445966,3.8093202,2.5217013,1.5635146,0.7885686,3.3144562,0.64182734,2.3566716,2.8813782,5.0385737,2.476389,2.3368056,2.7873397,2.2107148,4.6565285,1.2521524,4.152288,2.2748344,3.2878976,2.1023126,2.2525406,2.6402001,3.2426548,0.7633465,0.7786838,1.6470629,2.2297196,3.6415591,3.490076,3.6111615,2.994157,3.3059359,0.8187818,2.053567,2.1496203,4.0511417,1.6471026,2.8171332,1.3485186,0.9083437,0.6528687,2.5182111,3.364861,2.973183,1.224555,2.9220972,2.6885786,3.9218752,2.3977695,3.08123,2.409708,1.7117078,3.0611143,2.2392838,1.655245,0.89237666,1.0648149,1.4160478,0.7523263,3.7063026,1.3111761,1.8692573,3.5634847,3.700044,3.0638306,1.61617
1.413902,1.0188836,2.633559,4.350452,3.2208884,2.7501655,1.2269175,1.5437937,0.6588715,2.2777972,1.366375,1.4633055,3.198341,1.5163611,4.291933,2.3275256,3.2856524,2.588056,3.0206625,3.0397356,1.3348825,0.89991534,3.1790438,3.7059586,4.7780046,1.7015357,5.2015815,3.0680244,1.6147801,2.6423662,1.2319696,1.5153369,1.7170085,3.476922,1.7290063,2.8445845,0.96190834,1.0162501,4.520873,2.3267162,1.6013188,3.2456121,1.37774,1.3802135,3.4868736,2.0185483,1.1276637,1.2574898,2.0624366,0.8116581,1.413103,3.359909,2.7795072,2.9307494,1.5894146,3.8289347,1.2499537,1.0356795,3.2355456,3.330075,1.7205997,2.8731806,2.8406968,3.0947359,3.4432,3.9211571,2.3148289,1.0055536,0.94233495,1.1855422,5.465549,2.9771774,1.0504433,2.4882035,2.7241447,1.6977028,1.8129582,0.64380836,1.6961402,1.7224435,1.5758619,0.5703599,1.6171222,4.020724,1.84932,2.4294083,1.6955297,3.8164022,3.2337,1.9367863,2.857446,1.1270001,1.1659771,1.693657,1.3183793,2.7197273,1.9811083,3.312621,3.316068,4.0533834,0.46459553,0.88041407,1.006651,1.7754868,1.3694681,1.5966883,0.98678714,2.0992537,2.6164184,1.006651,0.50130033,10.020111,3.3575275,1.1376083,2.1918628,1.6381627,1.9179018,1.7832546,0.54056484,2.290275,2.7256114,2.246299,3.3079495,1.6754715,1.6308388,2.0392864,3.2275622,3.9627843,1.0415998,2.166237,3.2180731,0.9981139,1.1278006,1.8078023,1.4937655,1.8096783,1.4024915,2.8212516,2.2913048,0.88654673,2.9404237,1.4780734,3.51169,1.2553401,2.0022254,3.1980805,1.5772458,1.258436,2.9319618,0.9131246,1.5396572,4.359307,1.769947,1.9504799,0.91100675,1.4030523,2.1187906,2.829836,3.4238243,2.1717792,3.259046,3.154323,1.8651408,3.6800995,3.353971,2.1264095,2.8183072,2.8662198,4.535559,2.8382385,1.7032083,2.9299805,1.6631049,1.4491364,2.0124452,3.3119366,1.6396761,0.21727599,2.5704465,1.5381675,1.1982096,0.8023823,1.0838355,3.2249463,2.963676,2.052292,1.679541,2.4495904,1.5700771,2.9788828,2.268954,2.5209286,1.6365936,2.0247164,3.5049007,2.6871717,1.2909164,3.3433917,3.348423,3.50344,3.060249,1.9773854,3.451798,2.2451952,3.217964,3.8424306,3.1088076,3.120548,3.469178,1.1789746,2.0979557,3.5387752,1.7313527,1.7188945,2.1168005,3.2190964,1.2726623,2.8738906,2.970793,1.3455671,2.2347958,1.9838868,2.0186229,2.592381,1.5003312,2.79518,3.157364,3.061705,0.8046787,0.8434112,1.6167796,2.5666602,2.6978037,3.583921,3.38901,5.2923107,2.581273,3.6699557,3.8351884,2.5129833,5.213294,0.9723563,3.625442,3.7079546,3.5807118,3.426919,0.7981955,2.8495102,1.7736275,2.4492311,2.357159,1.2286226,3.0697467,2.1087344,2.6503735,3.2227435,1.2070566,3.7087083,1.4895395,3.1784189,3.8058598,4.6006775,1.6297461,2.1669495,2.9796135,2.3436196,1.7348915,3.2499256,4.2702546,1.9655852,1.0696864,3.0954547,3.751227,2.384157,2.0014896,3.0455313,3.3976154,2.1045098,4.0907664,1.8821694,1.921117,1.9019455,1.2249382,1.929381,1.8019711,3.0801136,0.9930047,3.2392771,4.075815,4.3629103,1.1278492,1.7358067
2.159531,3.664621,0.56426066,1.971697,1.7613448,2.122913,2.0579052,1.8929583,2.7788515,1.5156523,1.8899304,1.9877194,1.5806398,1.9254434,2.3578064,2.1773057,0.71016073,1.9836762,2.6444423,2.747346,2.2413206,3.3188336,1.1019181,2.844259,5.9177237,1.8398224,5.339226,2.554594,1.9513003,2.6541653,2.2550418,3.6875043,2.1043239,1.3760325,2.0792918,1.0913719,2.9971015,2.6559467,4.151387,1.5183187,1.9584305,2.866952,1.9512646,2.0300505,2.4321077,3.8794556,3.2072203,2.2759087,1.9073374,2.7646658,1.8960485,1.5146195,1.3728544,1.8945156,2.2302442,1.711622,2.1212342,2.6872613,2.705961,2.3097737,2.271616,1.8679302,2.1162636,2.3488386,2.313228,3.4135213,2.7745528,3.1748412,3.0431523,2.267828,3.0403767,1.3681121,2.4022052,1.753847,3.1580126,2.1599426,2.0412595,2.8581903,1.8850286,1.894872,3.5920234,2.8373606,1.8045248,1.8362893,2.1182718,4.264008,2.0151496,1.5872525,1.5680752,1.7392154,2.5859942,3.1681466,3.268548,2.0604336,1.9230815,3.0397985,3.1439674,0.44219586,3.0408473,3.695632,2.6652384,3.003183,3.1970246,2.2938457,2.0946455,1.9224914,2.498439,1.6021243,4.5650096,3.1970246,2.650781,10.473031,1.5074407,2.7029204,1.8304081,2.0893831,2.1413124,2.5823467,2.749478,2.4929852,2.0415835,2.3534102,1.4923247,1.8597636,2.057857,2.2447705,3.2676423,4.052775,2.787258,1.6047976,2.8306274,2.5029671,2.2817826,1.756058,1.8819232,2.0489287,1.8949507,2.0831296,2.114409,2.9144244,2.6280162,2.1529646,3.1360862,2.0923479,2.2637067,2.5799086,2.6166406,2.1179044,1.5758698,2.3281825,1.9662188,1.966487,1.827529,1.6922891,3.0817676,2.6887512,1.4901638,2.181587,3.7277412,2.3325565,3.1578972,2.3634367,1.8013543,2.2459419,1.7213532,1.5078381,3.6634054,2.4229307,2.1941624,1.697953,1.9645458,2.791826,1.8582131,2.0238261,1.5961132,2.7844436,1.8865762,2.9047835,2.3493629,1.8975277,2.2190225,3.0265288,2.3218932,1.161942,0.33052883,1.9994406,1.9706948,2.6878648,2.510139,1.369111,1.3883774,3.312812,1.8799307,2.183032,4.9130383,2.8776708,2.1847875,1.8386022,2.7492986,3.3907652,2.0829072,1.5444746,1.756259,1.0446985,1.1497787,2.5146883,2.7024698,1.8222419,2.1179783,3.2908597,2.1933415,3.410969,1.8043268,1.9927182,1.9398282,1.8797095,3.1523182,1.1829854,1.8818446,2.132316,1.9462849,1.6258782,1.8103044,4.6859083,3.1590722,2.6368685,1.7835488,2.8354945,2.9088376,2.3298178,1.8884927,3.795023,2.0012681,1.698601,2.945984,5.388634,2.969042,3.550572,3.3259616,1.6367232,2.6422646,2.5101976,3.2100275,1.9669032,3.6681962,2.3958743,2.813717,2.7999568,3.589683,1.8528668,2.069868,2.2305043,1.220864,4.007868,3.903495,2.5085382,3.3521123,1.8230224,1.9008071,1.2158899,2.5981264,2.2351649,2.1933541,2.2421677,0.9227984,1.3902931,2.095138,3.0898683,3.8436313,3.447801,2.150817,1.464326,1.8040674,4.2328286,1.8333666,2.6998277,2.0645232,1.6655563,4.150129,2.822361,2.1046066,1.7813575,2.290836,1.8826383,2.186969,4.0885296,2.4148843,1.6371646,2.0203679,4.329998,3.427305,2.1601565
4.3875046,5.36782,2.8047943,0.8541946,3.0575533,3.5655513,4.243606,4.0755744,4.735926,3.7069755,4.1053877,4.185757,3.8870032,4.149439,2.3522635,4.2872186,1.9647113,3.937387,4.0121217,5.0071735,4.4511843,5.3553767,2.272606,4.90837,8.094171,3.5816798,6.704163,5.006534,4.1422343,5.2356052,4.356508,5.7890472,4.459493,3.0380723,4.3845687,3.6092858,4.9613543,4.8242507,6.681722,2.9110954,3.948881,4.2625923,4.179448,4.1563263,4.4658647,5.6440105,5.040491,4.510803,3.4563506,4.7164593,4.1116376,2.1352777,2.7386158,3.5807045,3.7877817,2.1220305,4.121102,4.9655476,3.9576256,4.0852714,4.2235413,2.5151224,4.225477,3.854695,4.798092,5.5143933,3.8857915,4.6167526,5.1954584,4.3315,1.6797299,2.5545228,4.476668,4.1325254,5.6437497,4.4949126,3.9547849,4.9488215,4.2222905,4.2479086,5.3232226,4.912306,4.067771,2.0438037,3.9243119,5.1658077,4.37227,2.6000562,3.907241,3.883373,4.8701453,4.553505,4.63823,4.4141016,4.130572,5.5891476,5.5886993,2.4021852,4.6704063,5.539544,4.626921,4.7680163,5.007847,4.656584,4.1298356,3.9978557,4.577028,3.85418,5.460048,5.007847,4.5346813,10.842941,3.0532355,4.2578087,4.1554966,4.116493,3.917825,4.0195413,4.520257,3.4853735,3.52951,4.0679607,1.9152157,4.1801667,4.3512454,3.7549639,5.5405345,6.109025,4.9293313,3.8495088,4.193862,4.606478,4.2985463,3.6194577,4.1124916,4.4280276,4.08525,4.521066,4.153591,5.1179214,4.728341,4.4200134,5.1815224,4.171546,3.7609186,5.0295897,5.003855,4.1530027,3.888954,4.1904573,4.2399096,0.8398392,3.6436734,3.7717361,4.556944,5.011627,3.6978626,4.200442,4.979525,3.999667,4.983522,4.37961,4.089299,4.1170287,3.733769,3.9689682,4.3856597,4.7180834,1.6387919,3.740095,4.317889,4.847945,4.073127,4.2493596,3.8799694,5.134417,4.190474,4.789521,4.5079155,4.135096,4.236042,4.731154,4.3404593,2.2058249,2.6387846,4.0494905,4.3172936,3.3695176,4.022607,2.8798747,3.5277843,4.7876096,4.055191,3.9657207,5.403284,5.4494033,4.256947,3.7491264,4.3541675,4.63825,4.5423894,3.7254775,3.648064,3.5138965,3.3684237,3.1755235,5.041517,3.2688766,3.6680374,5.2776747,3.850197,6.002122,3.5579114,3.6185267,3.579085,4.249741,5.4596786,2.8007174,3.5648806,4.226352,3.9081678,3.8917897,4.1170177,6.3195057,4.4616237,4.3552437,4.141652,4.0908885,4.478318,4.4509435,4.113751,4.6523085,4.2461643,2.5513883,5.331996,6.789249,5.4264994,6.12488,5.0165887,3.8395755,1.3537941,4.6090198,4.5823636,3.186767,5.823162,3.775438,4.8071074,5.1781287,4.6448007,4.212758,4.283006,3.9353967,2.3352876,5.0137,4.6895566,3.8632157,5.1277785,3.0293384,4.148979,2.6284478,4.9875546,0.57152134,3.7592754,4.0407543,3.313789,3.6161625,4.329277,5.48638,5.713746,4.4929934,4.316925,3.1028128,2.235709,5.146215,3.4381526,4.611428,4.0471635,3.2599244,6.748193,4.141054,3.6315324,3.8796062,4.416276,3.5637753,4.582311,4.7288084,4.4496226,3.470754,1.1030612,6.188613,4.8743796,3.7305758
4.7625604,5.5077367,3.105339,1.7851877,2.6291957,3.2320611,4.637742,4.5515018,4.916421,4.267202,4.494649,4.637082,4.1105466,4.5898037,1.4898214,4.699067,2.3034644,3.6463094,3.5144603,5.2742834,4.8951235,5.495968,2.7397225,4.9035473,7.8789773,4.1204185,6.533322,5.277801,4.586557,5.2496014,4.837329,5.8009443,4.8105383,2.9702322,4.7489405,3.9581008,5.081032,5.2347593,6.8025694,3.3957772,4.4566016,4.818111,4.5813355,4.5944624,4.3967614,5.5195303,5.114975,4.9179463,3.992392,4.862555,4.521762,2.618355,3.3615124,4.3833566,4.3713455,1.6617273,4.6120257,5.2282767,3.4342577,3.5638123,4.66084,3.1220522,4.8020864,4.4494324,5.0670547,5.512474,3.7205474,4.856405,5.3762636,4.816079,0.5183643,3.099883,4.941254,4.5747085,5.5196505,4.8471766,4.43673,5.1945114,4.5935287,4.6115584,5.303254,5.2538676,4.489405,1.4928569,4.5160356,5.41539,4.7267604,2.340793,4.083047,4.3323903,5.162084,4.8258004,4.892846,4.7656193,4.514824,5.55203,5.8369813,2.573282,5.014982,5.69397,4.903377,5.059323,5.0871043,4.978244,4.6127515,4.4799156,5.033293,4.252007,5.6134934,5.0871043,4.8836184,10.453706,2.7713645,4.6530905,4.504779,4.5942755,4.4142447,4.5644984,4.8074665,3.9028337,4.1218214,4.597683,2.440406,4.5606837,4.7144723,4.2724147,5.2329507,6.1443753,5.050939,4.385102,3.6401553,5.052855,4.785536,4.1455035,4.5350795,4.7674255,4.511615,4.9346194,4.123068,5.320231,4.351033,4.803118,5.35997,4.6350327,4.318575,4.952418,5.3617034,4.6386676,4.303933,4.61741,4.6336317,1.6360766,4.2120266,4.24711,4.835883,5.383468,4.128921,3.8933992,4.419511,3.8315425,4.458935,4.0797086,4.5352783,3.9344227,3.7155957,4.0557456,4.928101,5.0495157,0.86776084,3.4700978,4.6748204,5.103756,4.524482,4.675728,4.3498087,4.823457,4.567468,5.091539,4.3161836,4.5678434,4.73058,4.9148054,4.8222113,2.7680829,2.791671,4.5093575,4.678538,3.4205127,4.576381,3.3959153,4.102979,5.163321,4.518772,4.44821,5.883527,5.52547,4.7525625,3.568705,3.7725916,4.0152473,4.907331,4.2542777,3.565816,3.6757317,3.6326623,2.4250765,4.773519,3.8014965,4.0938864,5.3481226,4.47122,6.0472984,4.093476,4.1972313,4.181309,4.3539157,5.6301007,3.3380136,3.2341056,4.719467,4.386904,4.3846626,4.606256,6.3582544,4.824858,3.9429955,3.9306912,3.6177578,4.736369,4.7364836,4.585692,5.1823435,4.7458386,3.512823,5.0400004,6.60828,5.296285,6.3147545,5.200901,3.892342,0.4498873,5.0518947,3.9069984,3.7570188,5.5577016,4.345533,4.984796,4.94249,4.999338,4.5663424,4.7119856,4.4181433,2.9541593,5.3037305,5.1914325,3.3057055,5.163872,2.5282142,4.5638714,3.170414,5.0427227,1.2237594,4.339336,3.8694634,3.737105,4.1648192,4.758075,5.359253,5.657267,4.9754543,4.6765,2.774189,3.2724838,5.4024434,3.4785223,4.2253876,3.9510818,3.7488756,6.7904973,4.669575,4.217849,4.3465734,4.889204,4.151983,4.899608,5.271907,4.916587,3.78046,2.1658518,6.1276035,5.055206,4.313776
4.470381,5.3017035,2.8449996,1.3757073,2.5575988,3.1490486,4.3519855,4.2523556,4.690091,3.9606895,4.209592,4.3372917,3.8453882,4.2915506,1.5398875,4.3822246,2.0040247,3.529462,3.476784,4.9941797,4.6087637,5.286608,2.387661,4.683067,7.7274904,3.787831,6.35157,5.0132174,4.2792416,5.064525,4.5412307,5.620025,4.524755,2.7442164,4.456393,3.6908362,4.881839,4.9473147,6.607698,3.0556388,4.133001,4.460828,4.293724,4.2907643,4.1886144,5.395807,4.9306784,4.6390867,3.6468186,4.648258,4.2315083,2.2519455,2.9946098,4.0272264,4.0317445,1.5789714,4.3174014,4.980993,3.4289215,3.5196233,4.3406796,2.7516193,4.46857,4.087629,4.841525,5.293986,3.5689256,4.6117444,5.1586304,4.5204115,0.73818433,2.7367206,4.647628,4.2730417,5.3717957,4.559651,4.107794,4.957037,4.304815,4.3245125,5.1496387,4.983308,4.1933813,1.4387674,4.170907,5.1615667,4.4415274,2.148205,3.830901,4.015374,4.8771653,4.5676003,4.6405516,4.480291,4.2324834,5.37671,5.580874,2.3082263,4.6994677,5.429847,4.650198,4.785422,4.8920383,4.69666,4.2995253,4.1630244,4.7393103,3.945484,5.390609,4.8920383,4.6220536,10.376105,2.6926875,4.353593,4.2093964,4.2727985,4.0782795,4.222682,4.5469766,3.5779595,3.7587774,4.251468,2.069084,4.2701244,4.4234433,3.9286456,5.1172805,5.912925,4.8445764,4.079004,3.6316907,4.7606673,4.4899254,3.8131502,4.2406387,4.483555,4.222052,4.649449,3.984688,5.087079,4.2619076,4.5112815,5.092307,4.3445916,3.9696639,4.7709155,5.089831,4.343977,4.003476,4.320223,4.3408794,1.2249047,3.8754432,3.924006,4.5795965,5.104293,3.8156457,3.8139164,4.43428,3.7099938,4.431956,3.9399943,4.2304387,3.753976,3.4908185,3.85201,4.5882435,4.7583914,0.85481393,3.364849,4.3888087,4.815556,4.218288,4.37904,4.063948,4.7257767,4.276502,4.8371806,4.152579,4.2707176,4.4339557,4.69906,4.527201,2.4018996,2.5460987,4.184448,4.3919873,3.2079434,4.238528,3.043313,3.784963,4.8444552,4.209092,4.112736,5.576216,5.3155613,4.4553275,3.3840418,3.7603307,4.0410094,4.635908,3.9429953,3.3539867,3.4439952,3.3536813,2.4526603,4.649791,3.4461782,3.7630825,5.1637354,4.1145144,5.877538,3.7608573,3.8567197,3.8270524,4.118996,5.4016976,2.9863741,3.0969894,4.422814,4.054347,4.07619,4.3136487,6.1413946,4.5318494,3.8544517,3.7941992,3.596557,4.4850388,4.480193,4.2889495,4.8494816,4.427655,3.1429389,4.93632,6.429882,5.1515584,6.1077714,4.924328,3.7296336,0.5058077,4.7607446,3.9353945,3.401339,5.4151464,3.9871805,4.768526,4.818491,4.7193537,4.272337,4.3976755,4.1030993,2.5833073,5.0387635,4.866621,3.2801669,4.983049,2.429616,4.2718,2.8141491,4.8367906,0.80888563,3.9988968,3.7450583,3.4471302,3.8552945,4.4516296,5.1875567,5.446979,4.657024,4.4001594,2.6686876,2.898778,5.1471424,3.2500834,4.1176014,3.7464523,3.411544,6.619179,4.330228,3.8680763,4.025625,4.593712,3.8050854,4.6211696,4.9363446,4.6232486,3.4747105,1.8091353,5.9175944,4.828035,3.9694934
0.90547043,2.8946211,1.8633739,3.6636796,3.2200084,3.1150694,0.86578184,0.6005625,2.0216866,0.758278,0.8335099,0.6302494,1.8514266,0.6215573,4.2140656,1.3604023,2.5932047,2.720617,3.562116,1.9615631,0.6818537,2.3421123,2.4454758,2.8720183,5.1629333,1.3659344,5.300848,1.650564,0.74034053,1.9737102,0.7930914,2.7998316,0.7910391,2.7539763,0.85872555,1.3136669,2.2831552,1.0518886,3.2366216,2.007288,0.98257935,2.4938114,0.7518853,0.8619199,2.7600758,3.4783804,2.6208868,0.77726215,1.7260832,2.1034074,0.7572953,2.8032238,1.9879454,1.3514569,1.5781596,3.592319,0.9861477,1.3708714,3.7140007,3.3268652,1.365719,2.614036,1.1432865,2.0955603,1.7737921,3.1627138,3.312318,2.6645262,1.9684396,0.87492865,5.0667467,2.284435,0.94539255,0.79316133,2.5937028,0.8434363,1.2834995,1.7613429,0.70668876,0.71207595,3.1262867,1.5046827,0.64534986,3.7592833,1.2007697,3.895543,0.74229914,3.286558,1.9180589,0.9806262,1.7426492,2.6685061,2.7692275,0.77263826,0.8641309,2.3056636,1.6054856,2.4413953,2.688592,3.327491,1.7394334,2.1389778,2.6064262,0.98044324,0.9190135,0.875695,0.9968217,1.0239751,4.237175,2.6064262,1.686611,10.744642,3.0090463,2.0554845,1.0632672,1.0354129,1.5116683,1.9648588,1.9933486,2.6290162,1.9212062,1.6805801,2.8537087,0.700016,0.8476564,1.8685876,3.206696,3.499359,1.9762347,0.565833,3.7482147,0.9796638,0.97350127,1.2305765,0.6830778,0.81366163,0.76087034,1.015009,2.3432076,1.7557892,3.0460126,0.7931069,2.6766717,0.892415,1.807706,2.4125497,0.8757777,0.9215852,1.3202263,1.4061992,0.71296954,3.7160375,1.1914277,1.0373662,2.5138798,0.9568349,1.0406423,2.840959,4.3554645,2.8055353,3.6897714,2.9383464,0.57157,2.9983132,2.5017784,1.5714533,3.3706672,1.5837203,4.1987214,2.6505046,0.73815316,2.1922154,0.65859205,0.6673388,0.6949615,2.967896,0.7454382,1.9035327,2.5597906,0.6269105,0.94227743,2.4296517,0.9923896,2.4490304,2.1936529,1.1855989,0.7256619,3.313056,1.7876081,2.067884,0.8642289,2.7107532,0.7050767,1.5745902,4.524093,1.947138,0.8106824,2.7648385,3.6553645,4.218528,1.2903899,0.67687577,2.6873655,1.5292199,1.9321374,4.0474076,2.8176167,2.1598928,2.3875654,2.5381715,1.4727257,2.5778894,1.3614091,1.4692748,1.502443,2.015098,1.8795477,1.9340526,2.9456499,0.76384294,1.3492227,0.5331614,0.40551296,3.9397051,2.6358228,3.2620494,2.4772465,3.7028327,2.357638,1.3712511,0.51082355,3.3157792,1.0167339,2.3259566,3.006857,5.3459144,2.5032604,2.4300008,3.1516361,2.0513432,4.693326,1.0038241,4.1283913,2.5318584,3.5214348,2.3882074,2.026904,2.7222712,3.1437466,1.1162802,1.1221933,1.5223519,2.2966821,3.564956,3.4855547,3.5895934,2.8149242,3.420329,0.66736966,2.1997533,2.4773564,4.067436,1.5719362,2.6905766,1.4674666,0.80943125,0.76719826,2.7636342,3.7240067,2.9213057,1.0306637,2.911276,2.6389768,3.8534458,2.3797522,3.2070034,2.6944506,1.7478447,3.1678677,2.2476344,1.6573237,0.9985701,0.7687387,1.4101791,0.89960814,3.7357407,1.0261197,2.1637142,3.4848952,4.0392637,2.904613,1.5736386
0.77905947,2.7049348,1.6637613,3.627541,2.8825305,2.758833,0.71376604,0.57124025,1.7835945,0.833593,0.64659697,0.5801816,1.7018913,0.53871113,3.9423075,1.3672822,2.4509761,2.3201241,3.1828644,1.9007537,0.6287315,2.1079712,2.37291,2.6866682,4.931502,1.3879683,5.1506214,1.5619643,0.7065921,1.6114671,0.80653185,2.5204506,0.6108132,2.5294561,0.7250004,1.1577612,2.0185452,1.014266,3.1196554,1.9544438,1.0256732,2.6118217,0.58637685,0.8083611,2.5258477,3.170115,2.3594565,0.65498376,1.7492164,1.8429128,0.60431135,2.7432985,2.0083137,1.6276782,1.6530255,3.3380687,0.9720995,1.1379851,3.3391664,2.9190876,1.3697335,2.6070752,1.3447384,2.2194533,1.6499519,2.9977217,3.0382533,2.5284915,1.723573,0.88533336,4.8855863,2.2590423,0.94308686,0.7990027,2.2111146,0.6883274,1.3097185,1.5536399,0.49983627,0.4926612,2.849982,1.3939109,0.50793755,3.5098586,1.3406953,3.8321872,0.5331056,3.0578594,1.7377894,0.95378643,1.6846493,2.557167,2.6524868,0.5765262,0.67239285,1.9567947,1.4586955,2.2555768,2.7016933,3.26913,1.5590519,2.031979,2.354305,0.8166506,0.9379309,0.8889295,0.9967811,0.9287298,4.137157,2.354305,1.5599961,10.596345,2.6854372,2.006711,0.94237953,1.0684091,1.5505956,2.0306969,1.8479594,2.592306,2.010761,1.7706983,2.7876894,0.50589466,0.69504595,1.9063052,2.8196871,3.3712237,1.6760769,0.6513209,3.3577702,0.9679819,0.9789385,1.2539518,0.5536343,0.6142204,0.6286772,1.024909,1.9836471,1.515006,2.621526,0.6672095,2.596727,0.8416439,1.873733,2.094235,0.75099516,0.9058534,1.2959869,1.348558,0.5608016,3.659853,1.2582744,1.0324622,2.3952692,0.87624747,0.9717516,2.4250777,3.9731174,2.4518182,3.2625709,2.5819204,0.52856314,2.7372487,2.2707067,1.1603652,3.4393861,1.5507601,3.9859092,2.2527254,0.52489614,2.12979,0.6171322,0.57781506,0.6103258,2.5526063,0.56112343,1.7632751,2.185654,0.52348536,0.9517732,2.2271636,0.9951796,2.4071167,1.9666587,1.2101166,0.5164602,3.1297247,1.8572141,2.0553048,0.9330304,2.724136,0.68977356,1.6100956,4.5829506,1.6591071,0.8319768,2.4781528,3.2424963,3.8259552,1.2471318,0.71138835,2.446151,1.1891768,1.7962447,3.7158513,2.415669,2.1964278,2.401734,2.2647169,1.6193137,2.328797,1.3790629,1.5299374,1.5981723,1.7976185,1.6377025,1.9175934,2.6016846,0.77823323,1.3857174,0.55021566,0.43335024,3.7862608,2.5913053,2.8722436,2.0891726,3.3338952,2.2130032,1.1435142,0.47513118,3.3850908,1.1357497,2.4717739,2.6028702,5.1928115,2.1016538,2.3002837,3.0979388,1.709794,4.5254364,0.9857131,3.720502,2.588407,3.2050228,2.4880636,1.7788221,2.3048573,3.1029804,1.024296,1.1448405,1.5121541,2.2816863,3.510212,3.539654,3.2075388,2.5528703,3.1143098,0.5187287,2.1827197,2.2815597,3.9837987,1.6434336,2.3193524,1.3847672,0.85899395,0.74975467,2.4490583,3.566726,2.9527996,0.84706974,2.5670466,2.761911,3.791579,2.1170847,2.8238852,2.4411063,1.718205,2.9712412,2.3057694,1.7309936,0.995882,0.77968633,1.4862297,0.69392675,3.8143017,1.0210383,2.0879877,3.4761436,3.888868,2.747984,1.6503876
0.97177446,1.5825869,2.261759,4.2616563,2.924639,2.5253253,0.8234133,1.1594296,0.75822943,1.8429112,0.9346477,1.0655621,2.5711417,1.0882866,4.1151876,1.9437308,3.040392,2.1410854,2.8082888,2.4542892,0.88011897,0.9185039,2.9938436,3.1168501,4.411774,1.7020214,5.031626,2.323166,1.2352953,1.7302222,0.96281564,1.3739376,1.1116703,3.0561285,1.1986063,2.2084217,0.95633936,0.68066275,3.6416538,2.3144388,1.4342587,3.1339228,0.9253324,1.0878632,2.9198349,2.0990927,1.3007721,0.73790765,2.0845418,0.8384341,0.9884238,3.2709715,2.6571136,2.6518524,1.788985,3.6105917,1.1005014,0.16008672,3.013943,2.8349278,1.5803386,2.9718723,2.374594,2.9061027,2.6105719,3.330707,2.5060313,1.7112439,0.5823201,0.9754745,5.309252,2.8535233,0.855789,1.8902451,1.901683,1.1174401,1.6736244,0.4346776,1.1338593,1.1398715,1.7786654,0.53273356,1.1526397,3.801911,1.7895943,3.1462553,1.0909717,3.4925323,2.5810802,1.5895532,2.2714856,1.822234,1.8786042,1.0903515,0.8877116,1.8492486,1.2861891,2.9249995,3.0906615,3.6322756,0.6572602,1.3163475,1.2773467,1.1550343,1.1949844,1.3468279,0.81148773,1.6551138,3.338383,1.2773467,0.8253571,10.204882,2.9354966,1.5950816,1.6527615,1.4348365,1.8613145,2.0525317,1.0626377,2.5706942,2.6105738,2.1673417,3.2657404,1.1370554,1.1108922,2.124683,2.556144,3.4906995,0.6186269,1.7008889,2.9719572,0.773125,0.99451524,1.6978934,1.0575062,1.1849091,1.0056254,2.1177733,1.810017,0.32662603,2.355038,0.97884405,3.015278,1.0006495,2.1109903,2.4023738,0.8512449,1.0653148,2.3478565,1.0746142,1.0447465,4.2650547,1.702746,1.6567978,1.6240491,0.7830783,1.7206323,2.277998,3.324677,1.9883904,2.8107336,2.6144693,1.3788809,3.1375706,2.8186545,1.4317555,3.3087564,2.2686157,4.35127,2.3021557,1.1103429,2.5062919,1.2571847,1.0128812,1.5125751,2.5266352,1.1182659,0.8166347,2.0273306,1.0949063,1.0462328,1.2694169,0.9607477,3.0609756,2.5597153,1.7589775,1.0927715,2.7856653,1.8551642,2.7568316,1.8929617,2.6552556,1.2760599,1.9396898,4.1917324,1.8165227,1.0508834,2.8369582,2.9516985,3.3180087,2.317074,1.5953451,2.944611,1.6801898,2.6764753,3.6540656,2.3649054,2.9025276,3.1430712,1.14766,2.0795002,2.62068,1.7145377,1.8035043,2.0807157,2.5209136,0.65645427,2.6432877,2.6127458,1.0683416,1.9723605,1.5267115,1.4794893,2.9123392,2.0888035,2.4771938,2.4270365,2.9062262,1.4343255,0.47538662,1.1772151,3.1349626,2.1642196,3.3972785,2.5827785,5.0924964,1.7675439,2.7883599,3.485605,1.9365673,5.021334,0.757995,3.3244922,3.4282632,3.0120513,3.2089825,0.75503623,2.089398,2.504661,1.8610492,1.8896419,1.4351473,2.934588,2.8364158,3.2461073,2.9499857,1.4671285,3.3513045,1.0255481,2.9370444,3.000284,4.5238714,1.8053124,1.8909522,2.4327004,1.8984485,1.2969283,2.5048783,3.7925205,2.5891886,0.6693481,2.7099192,3.6192894,3.1055038,1.9412236,2.5866547,2.858513,2.0737095,3.2029936,2.2337592,2.0184472,1.5960534,0.92299914,1.9138714,1.1398661,3.625082,0.87451303,2.8295524,4.0575767,3.9565172,1.8268567,1.8707902
1.7447963,3.6799128,1.4852823,2.9505613,3.1067271,3.2074816,1.6411783,1.2652258,2.7754471,0.54112715,1.5204754,1.4109796,1.7421229,1.3760872,3.880689,1.8223395,2.0333023,2.9470372,3.7500098,2.4187846,1.553655,3.2005553,2.012737,3.1198373,5.990672,1.6554608,5.76397,2.045014,1.450673,2.5553071,1.593053,3.6816518,1.6294285,2.5305212,1.6432743,0.91713345,3.0158234,2.043372,3.578409,1.9592806,1.5199108,2.641961,1.5023451,1.5910804,2.9473546,4.1703916,3.322271,1.6633713,1.9096085,2.820285,1.4624974,2.4137073,1.6721798,0.67688197,1.957539,3.199739,1.582184,2.302813,3.8180335,3.4450455,1.9763222,2.4112058,1.1873705,2.0913658,1.7092892,3.5339448,3.631844,3.303143,2.825152,1.6339171,4.4764056,1.9602326,1.7860743,1.0254778,3.2482836,1.6907218,1.7550058,2.6100957,1.4481572,1.458014,3.8116229,2.4333143,1.3214275,3.33405,1.6100771,4.4785748,1.5552648,2.9789805,1.8125865,1.4035765,2.2195506,3.2911046,3.402076,1.5995741,1.5585046,2.9743237,2.586643,1.9333494,2.9896624,3.680859,2.5203505,2.9219317,3.3363853,1.8402897,1.6094613,1.4670432,1.8843174,1.3655238,4.8489375,3.3363853,2.4078476,11.175933,2.7414346,2.659433,1.5321599,1.6565301,1.925138,2.4034576,2.7085238,2.849234,1.926626,2.051728,2.4427223,1.4248465,1.6431087,2.182852,3.7438169,4.045862,2.751297,0.64833933,3.9289305,1.8883257,1.6914988,1.5202835,1.400276,1.6018008,1.4284247,1.2179631,2.5541184,2.6674726,3.4149709,1.6676993,3.0621755,1.5531473,2.1191266,2.797047,1.9058403,1.556271,1.1643518,2.0727797,1.5029817,3.030904,1.4808049,1.382058,3.1567616,2.0096238,1.2719676,3.0147111,4.672494,3.088356,4.0443783,3.2081287,1.2082542,3.0475614,2.467662,1.8348726,3.7102945,1.9853842,3.67452,2.7037928,1.5217599,2.6571064,1.3304513,1.4870623,0.8897235,3.3193426,1.4761004,2.6996145,2.9968128,1.368088,1.6222897,3.0946903,1.7351035,1.9648772,1.7932676,1.6422552,1.5191834,3.4983706,2.2622085,1.7681617,0.60901606,3.2534318,1.3595339,1.9824152,4.96885,2.624821,1.5264373,2.7916875,3.8475006,4.453291,1.3541391,0.85696065,2.6311843,1.5724955,1.6096566,3.9456027,3.2297242,1.9675752,2.243118,3.3091447,1.7637775,3.0241988,1.6346563,1.7599549,1.6784946,2.0877695,2.8484325,1.5840573,3.0497012,1.4679873,1.6644962,0.92311627,0.88502336,4.796021,3.2189145,3.6009476,2.5579667,3.875211,3.000068,2.1390493,1.2052467,3.7577055,1.1909065,1.4222299,3.3954918,5.805438,3.1269748,2.8577914,3.425688,2.0635688,4.0408487,1.9076465,4.334454,2.1267028,4.0834246,2.2782943,2.7631016,3.2214212,3.6994495,1.4797574,1.5718042,2.0384045,1.842994,4.1608243,3.924125,3.7079337,3.5364096,3.2552805,1.4109474,1.7513585,2.580576,3.3998537,1.9371896,2.985914,0.86762613,0.5050112,1.5445806,3.2926798,4.092109,3.4235218,1.8104604,2.789575,1.7597221,4.4380436,2.626609,3.5716708,2.780437,1.852779,3.6730452,2.6998618,1.9217148,1.4275583,1.6173577,1.6272614,1.7369372,4.107196,1.8312514,2.0035412,2.7594461,4.5236273,3.5812337,1.911818
0.8859778,2.8655548,1.6088712,3.4560537,2.976908,2.8938446,0.7950823,0.4916229,1.9601929,0.5721019,0.715375,0.56947565,1.7235276,0.5373854,3.965116,1.3526703,2.351344,2.5177724,3.3560746,1.9903564,0.68546575,2.3265936,2.245303,2.8116083,5.2019963,1.2604402,5.2776318,1.6779058,0.68733823,1.9240286,0.7912903,2.7858279,0.7773495,2.5520704,0.838292,1.1122468,2.2193239,1.1268702,3.2972808,1.8417462,0.9237725,2.4966505,0.65717894,0.8088636,2.6543434,3.4014502,2.5501385,0.7732134,1.6267493,2.027699,0.64725786,2.6148157,1.8289958,1.3047479,1.5249525,3.3386796,0.9193589,1.3794731,3.4982972,3.1189752,1.3522133,2.4585931,1.1733943,2.0682406,1.7273743,3.1442478,3.1451156,2.605113,1.9535924,0.8636726,4.825163,2.1125476,0.9633412,0.7284536,2.5417023,0.8429271,1.2356721,1.7436004,0.61985123,0.62956464,3.0513635,1.5346848,0.51763725,3.5052397,1.1812333,3.86246,0.69943315,3.0656362,1.7817109,0.8847844,1.7690201,2.613855,2.7162921,0.74377304,0.7508609,2.2787013,1.710589,2.2006133,2.6866567,3.3400736,1.6965414,2.1271865,2.5407968,1.001523,0.88487947,0.81003594,1.0358745,0.899339,4.1969767,2.5407968,1.6451052,10.698327,2.759278,2.0133266,0.9908176,1.0112455,1.4674236,1.9399201,1.9430507,2.5265384,1.854467,1.6713347,2.6545427,0.60306233,0.81417096,1.8094568,3.116487,3.5252864,1.9157228,0.37009838,3.5424967,1.0225966,0.95243984,1.123145,0.57650805,0.7843663,0.64349157,1.0220041,2.1569035,1.7537583,2.8861835,0.78529894,2.6830812,0.82298785,1.7570271,2.33453,0.9798214,0.85998267,1.2199134,1.3574826,0.6478258,3.503127,1.0978324,0.9311131,2.4599922,1.0672108,0.8940102,2.6395087,4.178352,2.6155288,3.522107,2.7835815,0.47526512,2.8522391,2.3430448,1.3655504,3.3494549,1.6042142,3.947969,2.4263978,0.67878586,2.1991098,0.5720104,0.6199865,0.47894466,2.8386354,0.65759933,1.8826951,2.4216065,0.53190595,0.9081953,2.3590264,0.97967374,2.254941,1.9413772,1.1490442,0.66750777,3.1476438,1.7633725,1.9126228,0.6709938,2.7225404,0.6280102,1.5361341,4.522746,1.951549,0.7833287,2.589493,3.454463,4.024223,1.269401,0.47626522,2.5190935,1.2862369,1.7596003,3.8105648,2.697216,2.054939,2.305821,2.4887955,1.4522239,2.5830963,1.2509847,1.3872306,1.4313471,1.9032986,1.9112599,1.7629544,2.7396133,0.72458595,1.2975111,0.341466,0.23419875,3.955346,2.6004467,3.08577,2.2905998,3.497573,2.292515,1.3037539,0.3928659,3.312555,1.023845,2.1892457,2.8953795,5.32415,2.4300165,2.492365,3.1362953,1.8391912,4.450224,1.0434405,3.9297423,2.427483,3.4641993,2.3439286,1.9644158,2.6116347,3.1066768,1.057558,1.1184428,1.4573507,2.1124516,3.5359223,3.4749272,3.3739307,2.746661,3.1923778,0.5650328,2.0277815,2.4198072,3.8453195,1.5146918,2.499854,1.2681928,0.6082026,0.77153206,2.7144666,3.699995,2.904753,0.96419895,2.6668696,2.4894936,3.8209524,2.1943715,3.0534313,2.5520604,1.610692,3.216443,2.2285833,1.5906619,0.91226536,0.783575,1.324804,0.8987392,3.7284403,1.033797,2.0344274,3.2815988,4.037642,2.8507166,1.5160012
0.85965407,2.8759885,1.9279115,3.7458174,3.2422438,3.1298387,0.8676812,0.65658915,2.003071,0.86658025,0.8459172,0.6460285,1.8215172,0.6345548,4.2521796,1.3133177,2.6624377,2.7022927,3.5583916,1.8688908,0.6954808,2.303116,2.500199,2.7937407,5.0429482,1.4174048,5.221008,1.5542203,0.73274857,1.8788606,0.827389,2.7376225,0.7107096,2.7543726,0.79164344,1.3404112,2.2643168,1.0117588,3.1404662,2.0581641,1.0104617,2.4827552,0.7583582,0.8648395,2.695786,3.449238,2.6060433,0.7718476,1.7630168,2.087397,0.77209365,2.857113,2.04984,1.4540665,1.6260698,3.641254,1.0466484,1.3153983,3.7224536,3.3032427,1.3437228,2.6752226,1.1400721,2.1023302,1.7389314,3.0681856,3.319372,2.6689625,1.9292771,0.9148206,5.1218762,2.3374221,0.962344,0.77041274,2.499786,0.7620225,1.2874651,1.7346733,0.6653538,0.66363144,3.1082556,1.4716713,0.6553691,3.8092434,1.2355303,3.8947453,0.6746319,3.3024838,1.8855585,0.98344266,1.6516876,2.6735482,2.7724693,0.6992153,0.87695634,2.2006972,1.4823548,2.4868617,2.6412857,3.2459753,1.7272981,2.1133258,2.5858786,0.8818541,0.937714,0.8953124,0.9989168,1.0146867,4.232015,2.5858786,1.6989774,10.687906,3.043876,2.063096,1.012313,1.0329094,1.5180651,1.984997,1.990203,2.6556957,1.9454775,1.6768452,2.9179504,0.6691575,0.7893811,1.8872734,3.1164184,3.3950477,1.9412266,0.6685371,3.7431111,0.974867,1.0169826,1.2746953,0.6957533,0.7323977,0.79384875,0.9647516,2.3570626,1.7020732,2.9925811,0.73947847,2.5915143,0.9415337,1.833614,2.3206086,0.779066,0.9781086,1.3113678,1.4238589,0.6847173,3.7940638,1.248391,1.0560375,2.51997,0.8680964,1.0538183,2.8284833,4.345488,2.8140721,3.6485622,2.8822136,0.56639934,2.9512918,2.4698029,1.5613786,3.3885324,1.5016661,4.2550726,2.647613,0.67846644,2.1142347,0.66664517,0.65874165,0.7800406,2.896581,0.71295065,1.8959942,2.4976375,0.6370175,0.9940194,2.4321477,1.0301963,2.5112374,2.2396672,1.1690881,0.668163,3.345022,1.814993,2.1078873,0.96566296,2.6759763,0.7186138,1.5725754,4.5363884,1.8317214,0.86294365,2.7318046,3.6338565,4.2094054,1.2426364,0.76952076,2.6593175,1.5466048,1.9351977,4.064393,2.7394254,2.1824968,2.3828063,2.5081687,1.5047162,2.490807,1.4126991,1.5229883,1.5452036,1.9586917,1.7982444,1.9844449,2.930195,0.8195037,1.3435692,0.59403116,0.49270073,3.8744438,2.639447,3.2290766,2.4375908,3.7097936,2.3625774,1.3579619,0.5684585,3.3290443,0.99194604,2.43344,2.9272766,5.2636123,2.4189553,2.3428323,3.0873146,2.0771506,4.7549567,0.9993756,4.1100473,2.5586007,3.4213393,2.3941574,2.013064,2.6443937,3.1555555,1.060911,1.0729564,1.5556337,2.3631744,3.5659096,3.4989936,3.5856912,2.793119,3.4235644,0.67410177,2.2494578,2.4008543,4.1445446,1.6187234,2.6926305,1.5115901,0.9051294,0.720094,2.65904,3.6352165,2.936886,1.0259838,2.929325,2.748993,3.8531682,2.389659,3.1516337,2.647492,1.7883327,3.067676,2.2624304,1.6989613,1.0067214,0.7915855,1.4609057,0.80263567,3.7504406,1.0487354,2.1578457,3.5870388,3.9433315,2.9008055,1.617554
1.5374986,3.501717,1.5367717,2.9217174,2.4431274,2.642141,1.7341832,1.6773647,2.586399,1.5832112,1.6080484,1.6173714,0.44605175,1.5425106,3.1985493,1.142596,1.893069,2.045809,2.9657915,1.4353808,1.9652567,3.033306,1.5601782,1.616431,4.8188624,1.6961236,4.3022547,1.3941988,1.4122943,1.9343054,2.0292258,3.2678857,1.3458679,1.2169201,1.2969465,0.9893625,2.890396,2.168506,3.2751677,1.635122,1.5620065,2.0361056,1.6215703,1.5989588,1.3309842,3.8202012,3.156512,1.9720869,1.6520702,2.631124,1.5868639,1.9194777,1.5092356,1.9384274,2.0601776,2.7321432,2.0800092,2.248693,3.224421,2.3974807,1.565932,2.153833,1.3466963,1.6240712,1.8678287,2.137598,2.9516323,3.07542,2.7623935,2.0860405,3.9422119,1.5515031,2.1388466,0.99645627,2.5073392,1.3754553,1.4629986,2.5985825,1.2764187,1.2594213,3.5711672,2.4233232,1.4034189,2.8671849,1.6967162,4.0342226,1.3222603,1.8749806,0.4830893,1.1249495,1.2991196,3.0259464,3.1278806,1.3372973,1.6655589,2.2432513,2.2226949,1.4131838,1.956171,2.4264963,2.4309595,2.5543146,3.0596957,1.4144703,1.7106096,1.487981,2.1711226,0.8739076,4.368936,3.0596957,2.5565472,9.790816,2.4147506,2.4214466,0.8444675,1.5142027,1.5743672,2.210942,2.5434682,2.3557205,1.5265332,1.6425105,2.1105683,1.2900283,1.3451967,1.8203721,2.5164073,2.7555306,2.5541866,1.5016534,3.181053,2.151888,2.1395648,1.4943959,1.5238479,1.2529222,1.681948,1.3060701,2.5148952,2.491231,2.3219607,1.5230756,1.8226666,1.9873997,1.8819782,1.5523627,2.0001516,2.0360773,0.72215366,2.0971239,1.4286188,2.9111102,1.6350751,1.175593,2.960134,2.04847,0.91855633,2.4347892,4.026558,2.6865802,3.1030014,1.7242092,1.2423693,1.4235982,0.8657682,1.470847,3.3493028,1.172002,3.23334,2.031454,1.2909507,1.5247862,1.3858063,1.5743634,1.6201719,2.2927048,1.3040819,2.7008617,1.6977706,1.505013,2.1060455,3.0217824,2.1581278,1.6622037,1.392392,1.2164178,1.3145967,3.0018735,2.2041495,1.2300895,1.4551364,2.499582,1.4228336,1.5336236,4.633584,1.9231691,2.0342932,1.2298899,2.9123244,3.7153563,1.3012545,1.4608817,1.0590819,1.208699,0.50088567,3.1047049,2.0380611,1.3348359,1.3134611,3.1329007,1.7429256,2.795886,1.6591614,1.8513176,1.6156145,0.70051646,2.558927,1.2159834,1.8331468,1.9858954,1.1782178,1.3061969,1.6268717,3.9823282,2.874121,2.517021,1.4587349,3.3024402,2.798385,2.078097,1.6559111,3.4575777,1.1372344,2.3474967,2.3605344,4.332203,2.413218,2.8526042,2.1429155,2.1318665,3.6479545,2.1664572,3.4362607,1.5797657,2.6659205,1.6853642,2.7003684,2.2399695,3.425682,0.76940656,1.0548261,2.0491107,1.6543982,3.7755804,3.5963945,2.8454473,3.2349155,2.0966961,1.5304806,1.3283596,1.5614887,3.2379313,2.0100293,2.5344622,0.97176516,1.4163681,1.3738915,2.0309868,2.624971,3.1856701,1.853233,2.0924957,2.6014156,4.0059137,1.8977052,2.228267,1.1441046,1.5262352,3.3874602,2.4379044,1.8499305,1.202799,2.017587,1.6577517,1.3456279,3.7537637,2.1898224,0.80314213,3.1533973,3.102971,3.3045697,1.9325645
0.93837994,2.9891455,1.8566111,3.632975,3.2237477,3.1431196,0.9418057,0.6799312,2.106873,0.7556328,0.89797604,0.69699335,1.7495514,0.67773056,4.2030125,1.2989675,2.5710495,2.7276807,3.5867276,1.8741307,0.79263127,2.4315138,2.4057267,2.785649,5.1491795,1.3946404,5.25274,1.5516983,0.759592,1.95244,0.9030189,2.871598,0.7864048,2.6917145,0.8485966,1.2394824,2.372989,1.1418654,3.1689646,2.00442,1.0100164,2.4338021,0.819729,0.9117052,2.6827037,3.5591118,2.7109828,0.8807529,1.7266372,2.1879904,0.820545,2.7691138,1.9554386,1.3097395,1.6221827,3.5841076,1.0890696,1.4514374,3.7439735,3.3170695,1.367054,2.6070466,1.0344949,2.0268002,1.695166,3.080079,3.3551881,2.7460086,2.0584695,0.98522395,5.0349,2.2480326,1.0538886,0.680112,2.5945666,0.8398891,1.2809223,1.85665,0.7104486,0.7108262,3.2141035,1.5959964,0.67915773,3.7483947,1.210942,3.9554644,0.74314,3.2375276,1.8190566,0.9547438,1.6561575,2.743632,2.8456864,0.772208,0.93473417,2.2911239,1.6153443,2.3967235,2.6223197,3.2452657,1.8284869,2.2028327,2.6911306,0.96828777,0.97415507,0.90155023,1.1013117,0.9759009,4.3025975,2.6911306,1.7895486,10.723388,3.0092084,2.1149273,0.9983543,1.0479825,1.5070221,1.9924521,2.0759182,2.6445234,1.8745949,1.6549796,2.832428,0.70888484,0.85219955,1.8703703,3.1857667,3.433979,2.0556204,0.5594205,3.773944,1.0828456,1.0824133,1.2422949,0.7374759,0.7946183,0.83731455,0.89987487,2.391716,1.8356175,3.0415268,0.8247602,2.5932636,0.99442333,1.8145301,2.3490496,0.93203664,1.0249166,1.2079611,1.4831232,0.74360967,3.6851516,1.2147827,1.0169827,2.5950077,1.0194509,0.99812424,2.8567724,4.401629,2.855779,3.7043436,2.8997822,0.5521955,2.9247124,2.424819,1.5794914,3.392434,1.4868946,4.179998,2.6519182,0.737911,2.1222947,0.6788793,0.7235401,0.73030883,2.9424734,0.75677305,2.0014443,2.5417771,0.6772565,1.0500326,2.5244436,1.1015834,2.4100885,2.1654477,1.1498089,0.73001754,3.3545287,1.8287138,2.0127962,0.85162574,2.7027998,0.7291506,1.5602338,4.565118,1.9123378,0.92006534,2.7046669,3.663872,4.2515154,1.178415,0.69205046,2.6149929,1.5226424,1.8417546,4.0485153,2.788031,2.0928876,2.2996693,2.626166,1.4665079,2.5488775,1.3869467,1.501429,1.495469,1.9205112,1.9425781,1.884929,2.9279027,0.8717348,1.304293,0.51895815,0.44138402,3.9817486,2.691536,3.2715914,2.4332144,3.740913,2.438742,1.4542171,0.5911758,3.3502808,0.9012835,2.292465,2.977812,5.294995,2.5100203,2.3880742,3.072361,2.0772216,4.6610036,1.1073,4.145363,2.447388,3.4839826,2.3102427,2.1190965,2.7121885,3.209307,1.0259438,1.0444349,1.582572,2.2624702,3.6275482,3.5221584,3.6027603,2.8991811,3.3858278,0.7234629,2.1426156,2.3769398,4.041682,1.611515,2.735449,1.390025,0.7834557,0.7606201,2.7139864,3.6477332,2.9715772,1.1115172,2.9066813,2.6138742,3.9140909,2.4012063,3.1913004,2.622245,1.7460437,3.1332715,2.276267,1.6720886,0.97965145,0.8780896,1.4200891,0.88456297,3.7606497,1.1347696,2.0778775,3.479519,3.9751294,2.9876308,1.6030786
4.727008,5.404612,3.2104552,2.1483743,2.4518201,3.06865,4.64689,4.6127105,4.8396254,4.4080667,4.509361,4.666706,4.027833,4.615595,1.1730149,4.629374,2.4573665,3.4119136,3.2281642,5.129773,4.944085,5.4010053,2.7871566,4.624841,7.461359,4.1611323,6.0538116,5.1928463,4.5891576,5.112391,4.895726,5.6302576,4.7695847,2.7573113,4.7039075,4.022193,5.007616,5.2282286,6.7097564,3.410596,4.4789686,4.747389,4.5977983,4.598467,4.104819,5.3515687,5.02541,4.9493484,3.9953053,4.784749,4.542109,2.6443243,3.439554,4.596443,4.4147496,1.6289203,4.692596,5.181701,3.2189522,3.239572,4.6054,3.1754212,4.8531456,4.4329114,5.106354,5.2164345,3.4907525,4.770625,5.3135757,4.879301,0.47472042,3.1387892,4.983927,4.5977554,5.3132324,4.7998905,4.4148655,5.151651,4.5765347,4.5907702,5.1795864,5.216704,4.508437,1.465818,4.5530705,5.252098,4.695488,2.0688066,3.9878385,4.3245087,5.0375705,4.735492,4.795338,4.728723,4.530722,5.3692074,5.730706,2.60621,4.835317,5.42649,4.8565845,4.950038,4.9703794,4.909382,4.6322865,4.496473,5.062093,4.228491,5.4207215,4.9703794,4.8904347,9.872665,2.7621558,4.5963826,4.4483805,4.584961,4.3834023,4.544734,4.747475,3.822611,4.120094,4.5587745,2.521982,4.5495467,4.674071,4.239503,4.892162,5.8277326,4.96751,4.4978304,3.3565564,5.0764174,4.8511825,4.176349,4.556236,4.7222314,4.5509567,4.960109,4.116575,5.239982,4.0400133,4.776744,5.13541,4.700678,4.309251,4.721561,5.346938,4.713467,4.3145003,4.6174455,4.6249385,1.9699175,4.267926,4.2525077,4.7631235,5.359107,4.1277356,3.738612,4.1386867,3.7138453,4.1245503,3.7234826,4.552649,3.609537,3.4905875,4.0097356,4.8526993,4.956652,0.93882173,3.322592,4.6464505,4.9203463,4.541919,4.6868134,4.4565477,4.559916,4.550423,5.05741,4.0190005,4.5904317,4.8038416,4.861869,4.8824224,2.8583808,2.8266017,4.4763207,4.652884,3.2844887,4.580107,3.4107494,4.2342043,4.9942145,4.5380006,4.4020853,5.776973,5.374603,4.826096,3.2701879,3.4382534,3.7053826,4.9225187,4.3508983,3.3098757,3.661928,3.5907478,2.0503707,4.484874,3.783997,4.0145884,5.2502775,4.501671,5.966067,4.1331067,4.2466135,4.2166777,4.2096496,5.5192432,3.3859181,2.909761,4.7944264,4.355652,4.4478655,4.701092,6.0611978,4.7290554,3.5931435,3.7316437,3.4047325,4.66508,4.705878,4.649289,5.109126,4.768604,3.8448858,4.773412,6.126437,5.099876,6.280975,4.944948,3.933687,0.83148766,5.0745997,3.5431144,3.771089,5.165324,4.3142323,4.9333806,4.6891136,4.909313,4.5163145,4.6714745,4.430858,3.058184,5.166027,5.1063657,2.9914758,5.033325,2.1590326,4.5827746,3.2230675,4.891203,1.6261562,4.37904,3.7418096,3.8261652,4.2923737,4.7391925,5.0750237,5.2990704,4.9143147,4.6731353,2.622072,3.652693,5.2438717,3.3241837,3.8380916,3.6671329,3.7485,6.6805987,4.6278663,4.2433386,4.3438873,4.9395256,4.197683,4.8401628,5.187295,4.9622445,3.6848397,2.6460037,5.7460914,4.943276,4.347413
1.4765062,3.695225,2.2412987,3.3045378,3.5491693,3.6412375,1.7451844,1.5770661,2.8602426,1.5128983,1.6906756,1.4907182,1.391234,1.4583714,4.239862,0.7742809,2.5885053,3.1569083,4.0249367,1.400199,1.8477939,3.2766993,2.0195417,2.2606854,5.1901746,1.5097655,4.585562,1.5156059,1.2425915,2.6283002,1.8389499,3.6383452,1.3565556,2.3347814,1.2602942,1.5947939,3.2429245,1.9578149,3.5187454,1.8022023,1.2718366,1.3190031,1.6451179,1.4656848,2.2521937,4.3674703,3.5381088,1.9211701,1.4444566,2.9727986,1.6111572,2.2938833,1.51962,1.3062903,1.7007047,3.7212918,1.9696914,2.3808463,4.2821345,3.6531825,1.2467796,2.2180083,0.42616567,0.8868292,2.245608,2.5787504,3.6276522,3.1862295,3.0009906,1.9044068,4.795663,1.7614951,1.9415913,0.9003816,3.2699044,1.3501569,1.1380771,2.752379,1.3454214,1.3441288,4.022424,2.3517838,1.4043475,3.8582196,1.1216792,3.9637797,1.3730947,2.9248013,1.5413002,0.99550676,1.2366945,3.0773547,3.1911619,1.3714855,1.755952,2.9056816,2.204739,2.3370636,1.648201,2.4333887,2.5552967,2.5189037,3.4135928,1.4159361,1.4620737,1.25931,1.9474463,0.9916346,4.4002657,3.4135928,2.5968845,10.054279,3.4895806,2.302277,0.9828434,1.178743,1.2037541,1.7872357,2.6296358,2.3371325,1.0229045,1.0287656,2.4955442,1.3480333,1.3365072,1.4925157,3.4914591,2.9329803,2.9393468,1.3922545,4.2685385,1.9400213,1.9670378,1.2946388,1.5075995,1.3205535,1.6972505,1.235147,3.3029382,2.6856158,3.4621284,1.4439476,1.9080415,1.9138137,1.4734479,2.4742568,1.9084691,1.920293,0.91250557,1.9976932,1.4107612,3.3592756,1.3441944,1.0177598,3.0219479,1.8830359,1.0093603,3.5271428,5.0069823,3.5223649,4.227172,2.892342,1.1237868,2.5316472,2.0263984,2.3198032,2.9226117,1.0494795,4.1549993,3.1813536,1.3584939,1.4727167,1.2551075,1.4744527,1.7092795,3.4106324,1.3557903,2.7468648,2.7255201,1.4468138,1.9411968,3.2734056,1.9803979,2.0078704,2.330557,0.8513156,1.3692247,3.467683,1.7956455,1.393194,1.3742967,2.1346245,1.2526178,1.1489042,4.2222066,2.4188473,1.8574991,2.4472406,4.097577,4.781755,1.4249794,1.3778839,2.220861,2.0749187,1.4742646,4.2218194,3.1276035,1.1791165,1.2483318,3.507942,1.0741062,3.304633,1.4878848,1.5547425,1.1640863,1.7054858,2.7488642,1.4139535,2.9901254,1.8261719,0.7816545,1.2032096,1.553854,4.0688972,2.7452283,3.5818477,2.739242,4.3009663,2.9224212,2.2630773,1.5640215,3.008379,0.57429004,2.132895,3.4303718,4.6290107,3.2212722,3.0722136,2.1673906,2.9405754,4.4779453,1.9643703,4.593072,1.4470487,3.4685385,1.1383542,2.996112,3.2398832,3.303637,0.9018805,0.6609,1.8805839,1.8699932,3.675704,3.1987352,3.9749591,3.6269064,3.297441,1.5261241,1.581958,2.269186,3.771804,1.6565547,3.4082463,1.4835416,1.3892056,1.1285758,2.8303676,3.0238667,2.8568954,1.9238762,3.2361124,2.4659827,3.9307377,2.5884418,3.3364098,2.2429302,1.540237,3.76836,2.0235908,1.4699576,1.0056473,1.8181065,1.3095082,1.4179534,3.2866263,2.001275,1.3174363,3.4219031,3.394771,3.4583592,1.5533181
2.3732572,3.9318798,0.91174436,1.5977871,1.9821395,2.4048762,2.3098426,2.1311724,3.068499,1.7329304,2.1472156,2.2132328,1.6646872,2.1539485,2.3380013,2.2441278,0.578825,2.2968621,2.9041846,2.845015,2.512153,3.63725,0.7919655,2.9003775,6.1286173,1.9135982,5.306538,2.733733,2.135654,3.0126984,2.4972775,4.0159073,2.334326,1.3118726,2.2831059,1.3597891,3.3250225,2.9014177,4.4179354,1.4529763,2.0865066,2.721423,2.2050037,2.2252314,2.4973176,4.2144947,3.5244973,2.5592935,1.881976,3.0692317,2.1429777,1.1896973,1.1845559,1.891478,2.2813509,1.7403594,2.3607953,3.0027213,2.9885578,2.5900142,2.360416,1.6551168,2.162648,2.20194,2.595792,3.4872563,2.9236577,3.3495004,3.3804662,2.5088081,2.813859,1.1184472,2.6428828,1.924308,3.5277019,2.3808477,2.1107128,3.1676311,2.1196556,2.132183,3.9110012,3.0929604,2.0357492,1.837659,2.1685927,4.303385,2.2528682,1.4544069,1.6776391,1.8620902,2.695047,3.3103385,3.4148326,2.2944639,2.1871548,3.387336,3.416178,0.3854656,2.9597745,3.6759734,2.928311,3.1698225,3.4869778,2.5174608,2.264359,2.0753305,2.734341,1.7428069,4.633695,3.4869778,2.9114923,10.364501,1.8189354,2.8092682,1.9876238,2.2107117,2.1683295,2.584899,2.9638655,2.420255,1.910074,2.3327923,1.1951687,2.092,2.2708628,2.217323,3.5588415,4.1263366,3.12902,1.825516,3.110725,2.7433796,2.5183709,1.8323352,2.1187272,2.279003,2.1501765,2.2821136,2.5323584,3.2287362,2.9475594,2.3758535,3.1679015,2.3455672,2.2388084,2.829167,2.904466,2.3598225,1.6679918,2.511161,2.194478,1.5997239,1.9056991,1.7955822,3.2501938,2.9546475,1.6157179,2.5737245,4.0200014,2.659538,3.4848657,2.5490413,1.9990937,2.2873719,1.7546386,1.9136302,3.5537927,2.5284429,2.078885,2.069024,2.2010148,2.834973,2.0541408,2.2510192,1.882278,3.1311152,2.1137154,3.1616855,2.5946534,2.1279407,2.455252,3.299221,2.5585635,0.82592195,0.64734125,2.0732534,2.2077353,2.7279034,2.5483818,1.1596452,1.5603123,3.2853723,2.0640404,2.1983466,4.8275895,3.185725,2.4256299,1.9125253,3.0394762,3.669631,2.2855496,1.7474109,1.7708085,1.4325501,1.1643163,2.6234486,3.0112932,1.6221254,1.941962,3.6296687,2.1808681,3.7757022,1.8763126,2.0403109,1.9189737,2.0253975,3.4704034,0.99906904,2.0433056,2.3766248,1.9728382,1.8291299,2.074716,4.832194,3.224189,2.8863764,2.1035552,3.1177597,3.0995665,2.6166391,2.1366942,3.7303925,2.0970953,1.506075,3.28646,5.3604546,3.3486423,3.8716857,3.2619748,2.073408,2.419917,2.7520704,3.4825282,1.6862427,3.868207,2.2008953,3.133897,3.1520593,3.6459482,2.0004206,2.1675117,2.3515859,0.9336263,4.0599113,3.838321,2.7527497,3.6471543,1.8621165,2.1446502,0.93228465,2.771429,1.9123361,2.2388966,2.5864608,1.0828713,1.5904131,2.2713034,3.3340607,3.8663275,3.446307,2.416585,1.729588,1.5749807,4.274307,1.985939,2.921873,2.1213827,1.6496596,4.489139,2.8092701,2.0976562,1.8941312,2.534334,1.9026697,2.4250677,3.9767895,2.6527956,1.5265347,1.7778583,4.3660088,3.617697,2.188214
2.6458907,3.9290013,1.473798,2.349451,1.3901589,1.9374224,2.6585126,2.6341784,3.1071148,2.4550304,2.508836,2.6500926,1.6828661,2.5797553,1.8460298,2.525558,1.3447526,1.6152439,2.2216647,2.822494,2.9292555,3.6023047,1.535001,2.442043,5.4821057,2.505931,4.754399,2.755162,2.5458465,2.6841867,2.9690871,3.785122,2.5611246,0.75822586,2.529329,1.7898453,3.3025646,3.2103188,4.2265763,2.0347092,2.600968,3.1385002,2.575054,2.6271555,1.9281826,3.9242573,3.4620676,2.9168282,2.4414823,3.0743864,2.5331078,1.7899743,2.0245595,2.8828301,2.877992,1.490755,2.8796737,3.11058,2.3848155,1.6062384,2.6985178,2.322483,2.742639,2.7456992,2.73647,3.0368457,2.6470845,3.4813168,3.399351,2.9895878,2.6757746,1.8456991,3.0741434,2.3498814,3.0182393,2.601085,2.5537314,3.2802029,2.4165788,2.4131093,3.7501824,3.3072436,2.444351,1.5822495,2.7760408,4.413192,2.5008652,0.8337202,1.6007228,2.2993653,2.726474,3.4714692,3.5544872,2.5299175,2.54131,2.9716823,3.408309,0.8440289,3.0514565,3.4561694,3.0898392,3.299895,3.409948,2.6673927,2.7294664,2.554478,3.1381006,2.1084864,4.65239,3.409948,3.1958232,9.796378,1.4665823,3.1095846,2.2176297,2.6465976,2.6168563,3.067176,3.1409254,2.7630637,2.5087967,2.7888715,1.8582667,2.4105859,2.5246487,2.6890876,2.752913,3.7333083,3.076868,2.478317,2.3953843,3.1303854,3.0051546,2.4113786,2.5242848,2.4881175,2.577352,2.621086,2.4059734,3.2488816,2.096449,2.6620378,2.9867306,2.821742,2.7685728,2.273733,3.1271899,2.8671966,2.0738847,2.8912618,2.5257902,2.2585576,2.5421932,2.2899249,3.4253898,3.188172,2.0700183,1.9799571,3.3808532,2.3635094,2.6207206,1.6563576,2.432914,1.5327564,1.2545393,1.8214849,3.9590497,2.6421456,1.9417704,1.4554851,2.4597638,2.792394,2.4946437,2.6371114,2.4458122,2.3325202,2.421676,3.3569262,1.9090818,2.5441122,2.9617388,3.3842666,3.0319684,1.6924344,0.96182054,2.4735088,2.4747727,2.7527435,3.0604665,1.8283501,2.3274844,3.4449265,2.5213006,2.613054,5.152342,2.9145176,2.9336627,1.1134332,2.146078,2.9430666,2.5469456,2.395839,1.1536839,1.5190761,1.3696578,1.8913966,2.2237213,2.1772337,2.2630413,3.5340548,2.8098633,3.530649,2.469361,2.6643496,2.5682123,1.773362,3.4098237,1.777912,1.2018237,2.8871386,2.409343,2.387626,2.6195378,4.59018,3.4635522,2.0933442,1.3363019,2.5678577,3.2542114,2.799238,2.6340816,4.1208115,2.5692718,2.712162,2.5097737,4.790749,2.8444996,3.8163378,3.103859,2.0672858,2.4189339,3.1346269,2.609007,2.2817342,3.0964673,2.7013915,3.1857433,2.4645112,3.887687,2.2303362,2.4964836,2.816891,1.8438454,4.2130675,4.199187,1.971367,3.5240955,0.8529133,2.5353434,1.7294266,2.4471722,2.4076061,2.8334553,2.2468872,1.7201122,2.3152535,2.623476,2.7178574,3.361253,3.813532,2.7100089,1.1055843,2.785631,4.3917713,1.8677427,2.0230563,1.4908838,2.190019,4.213535,3.2470186,2.7009318,2.3559983,2.986353,2.5506968,2.581632,4.367212,3.0906286,1.7186202,2.7009568,3.864234,3.6742926,2.7857878
4.3453326,5.032519,2.7349029,1.7394121,2.1340415,2.7344239,4.223245,4.165463,4.447464,3.9361541,4.083552,4.240864,3.766047,4.1931634,0.99499255,4.321561,1.9766306,3.145502,3.0043373,4.8969226,4.4963236,5.0193424,2.4290862,4.5244575,7.398013,3.743369,6.154162,4.909843,4.191092,4.8116074,4.4423957,5.3042183,4.3994007,2.5885353,4.3399353,3.6234717,4.6080356,4.8145723,6.4481535,3.0264947,4.071916,4.516151,4.173178,4.190227,4.000534,5.0229206,4.636444,4.5092716,3.6262388,4.3904815,4.116173,2.3260024,3.0553098,4.134811,3.9994023,1.194125,4.2215805,4.781232,2.9488196,3.0757234,4.2613306,2.8128657,4.4912086,4.155221,4.7443357,5.127753,3.2255566,4.4024134,4.911741,4.4211216,0.7472758,2.7898078,4.537382,4.22279,5.0495825,4.4345784,4.0512943,4.7390413,4.187852,4.205322,4.8164434,4.8124146,4.0924263,1.0324258,4.155543,4.99922,4.316747,1.9504287,3.7328842,3.9489026,4.7825933,4.3791323,4.4435883,4.3543105,4.1017594,5.097937,5.398732,2.22607,4.669717,5.339977,4.4506354,4.607035,4.603313,4.560523,4.21681,4.090694,4.6248264,3.8666618,5.1839437,4.603313,4.44914,10.177753,2.3555238,4.2286587,4.1133814,4.2031627,4.034475,4.1879306,4.3554897,3.5220056,3.8053045,4.2376914,2.1437628,4.1562634,4.302237,3.9007971,4.752515,5.7415957,4.578534,4.041086,3.1407275,4.6424227,4.3897924,3.770442,4.1342344,4.3577585,4.1104736,4.593816,3.6834722,4.856187,3.8567634,4.3902545,4.9877625,4.2388754,3.9540424,4.528145,4.945737,4.2470384,3.9771864,4.1990314,4.226624,1.5733224,3.8452635,3.8692484,4.387466,4.963082,3.7514417,3.4228563,3.9346561,3.3427541,3.9589136,3.6123521,4.151912,3.5417676,3.332179,3.6193264,4.595,4.682566,0.44060263,3.001556,4.265882,4.7173586,4.133583,4.273079,3.987824,4.367056,4.160416,4.642543,3.830552,4.170369,4.338638,4.452011,4.4239726,2.4831538,2.4078836,4.13034,4.2696815,2.9764915,4.1957097,3.0858657,3.7714434,4.7733016,4.1288543,4.069651,5.55499,5.092195,4.3633637,3.1479008,3.2746553,3.5271688,4.5735655,3.8971395,3.1783671,3.255978,3.3033478,1.9250375,4.3078074,3.505639,3.8035274,4.8672934,4.125519,5.6504993,3.716747,3.8288136,3.8334818,3.9820006,5.161867,3.0241463,2.7384691,4.331646,4.020183,4.0190344,4.245957,5.8765554,4.402109,3.426744,3.4987366,3.1275604,4.2824645,4.2920403,4.2021356,4.829272,4.412682,3.3608563,4.5869966,6.230475,4.823601,5.9441833,4.8548765,3.4847596,0.65660816,4.6403203,3.4150445,3.5261846,5.0928054,4.07349,4.5208073,4.4666176,4.585304,4.1900854,4.341999,4.0159583,2.6673613,4.8842077,4.83726,2.7967584,4.6757703,2.0651553,4.1615763,2.884566,4.6916637,1.2249831,3.9677186,3.3791656,3.4268348,3.83384,4.362135,4.913843,5.277813,4.591447,4.2513185,2.294549,3.1544917,4.98596,2.9987507,3.7292886,3.5502162,3.373439,6.3944154,4.292218,3.8570173,3.9648175,4.491825,3.793592,4.4839125,4.9465585,4.5122576,3.453311,2.099926,5.7312427,4.591354,3.9459555
2.0087264,4.082002,2.987627,4.3167057,3.915619,3.9948258,2.3913026,2.3717384,3.2639697,2.4182148,2.357989,2.2287095,1.3623346,2.1823142,4.730351,1.3402201,3.4300969,3.2450469,4.216808,0.4604335,2.4763033,3.4963906,2.9590256,1.392703,4.175965,2.593543,3.9991584,0.61876845,1.9990615,2.063902,2.5871968,3.6046584,1.7141058,2.5874543,1.6983465,2.0525775,3.5683017,2.449967,2.4085665,2.8503788,2.2412317,2.072045,2.3022144,2.2249668,1.68858,4.5075474,3.877385,2.4779036,2.5482326,3.3583088,2.305121,3.2541106,2.6884315,2.5545368,2.8109243,4.3032417,2.807751,2.6176357,4.5300946,3.5651743,2.0096445,3.348959,1.3982936,1.9302471,1.9828738,1.4578574,4.1167927,3.8257492,3.2228796,2.6747186,5.41852,2.810962,2.6505234,1.4481184,2.6636605,1.7011963,2.085709,3.1162992,1.8731424,1.8361131,4.2992945,2.8014464,2.1112056,4.436969,2.2724845,4.623108,1.7885283,3.2895567,1.427024,1.8703444,0.5473028,3.7557433,3.8481176,1.7604097,2.412227,2.2077394,1.8479792,2.9652264,1.7481536,1.6372498,3.0663388,3.0337293,3.752266,1.5846484,2.3218877,2.1578922,2.6183152,1.7242663,4.981622,3.752266,3.2375553,9.808075,3.8686922,3.092772,1.4041601,2.054699,2.1845834,2.801136,3.2318528,3.2752228,2.1906712,2.0227587,3.5037932,1.9202085,1.8114239,2.5187316,2.7727315,1.8818111,3.1632476,2.2554634,4.4115005,2.5800257,2.7619188,2.3681927,2.2142122,1.6408156,2.4242365,1.3177061,3.6042542,2.877286,3.1610143,1.9556293,1.0409281,2.6905432,2.5626233,1.612171,2.0924454,2.7388487,1.3833964,2.79434,2.0106072,4.3296494,2.468425,1.983657,3.6927383,2.1319947,1.8682222,3.5668707,5.132369,3.8811893,4.0159864,2.54366,1.85474,2.159462,1.9221442,2.5467374,3.8569806,0.55481553,4.790261,3.3121147,1.806109,1.0794998,2.033902,2.1460547,2.4539828,2.815295,1.9272316,3.286796,2.4629488,2.1589596,2.7574534,3.796751,2.7599168,3.0212831,2.9475222,1.7240896,1.8318864,4.2262735,2.8260062,2.4009929,2.383326,2.60489,2.072817,2.0870392,5.0566235,1.6558862,2.6541128,2.3239574,4.052522,4.8838615,1.3035172,2.3183343,2.1450589,2.515633,1.8360966,4.5449686,2.5160098,2.1650743,1.8196467,3.7275527,2.2956336,2.5654445,2.5713978,2.6888018,2.3813078,1.2516006,2.711699,2.4623477,3.1148646,2.6196752,1.7542055,2.056736,2.254789,4.0595036,3.5004778,3.5567403,2.468743,4.5710597,3.5646966,2.7565217,2.3225272,3.9062629,1.2593136,3.3675284,2.734721,3.987056,2.7322004,2.3323314,1.7340375,3.2808816,5.143593,2.6018023,4.57648,2.3034482,2.583737,2.0076194,3.3841727,2.7152555,4.0898657,1.1892465,1.2487063,2.823369,2.9624534,4.3639727,4.0794363,4.132754,3.9320428,3.4944224,2.2023182,2.57545,1.2689356,4.6989613,2.7696774,3.7070813,2.1388476,2.3076477,1.759155,1.861627,2.0863163,3.7485816,2.5145886,3.5596395,3.7068694,4.5962143,3.1457157,3.0451972,1.9430709,2.5898066,2.7996309,2.985436,2.623517,1.9282258,2.533059,2.487752,1.6046718,4.183498,2.7338722,1.773301,4.558209,2.4712565,4.014512,2.68295
1.1267537,2.990579,2.0264642,3.8741775,3.3815548,3.260677,1.0565358,0.81057656,2.136091,0.88442147,1.0386001,0.86379373,2.0122595,0.862658,4.4077077,1.5999473,2.7881892,2.86629,3.7106721,2.0920808,0.77599263,2.393915,2.6944637,3.029029,5.223158,1.6384479,5.5029655,1.6916183,1.0103376,1.9518663,0.92825055,2.844874,0.98678476,2.9739797,1.0827752,1.415386,2.3509266,1.1526937,3.1003647,2.2837176,1.2596176,2.7381625,0.9561393,1.1107253,2.9399722,3.5377944,2.6979375,0.86262816,2.0124207,2.208708,0.9743795,3.0638547,2.252297,1.4718897,1.8349042,3.7708263,1.1295193,1.4147576,3.8377388,3.458769,1.6307994,2.8872883,1.2943875,2.3430028,1.669592,3.2932124,3.5206728,2.8423138,1.9950193,1.0064785,5.2706914,2.550495,1.070878,0.95848453,2.5856183,1.0407106,1.56585,1.8241656,0.93861365,0.9369291,3.1985028,1.6089329,0.8957969,3.9369771,1.4738567,4.1148033,0.94834733,3.5106518,2.0689714,1.2649381,1.8814793,2.8646154,2.9604435,0.9743125,1.0558734,2.2902687,1.606282,2.6335108,2.918411,3.4934814,1.8720047,2.3308644,2.712285,1.1448509,1.169794,1.1532834,1.1213288,1.2911255,4.4431295,2.712285,1.8017188,10.98355,3.11769,2.2861304,1.2937037,1.3090707,1.7935189,2.228811,2.1630275,2.9095633,2.1953747,1.9509728,3.1068492,0.93984747,1.0745947,2.1516805,3.2859604,3.6292882,2.0371714,0.72697705,3.8780396,1.1000303,1.1080213,1.513703,0.917335,1.0081638,0.9572205,1.028331,2.378025,1.812811,3.1530068,1.0065126,2.8358624,1.0371516,2.0875719,2.487863,0.8644084,1.0677246,1.479245,1.6150494,0.9494155,3.930341,1.4659222,1.3255392,2.6963825,0.99840564,1.3148135,2.9140897,4.46326,2.9274416,3.784058,3.1087592,0.84576964,3.1872091,2.7021809,1.6661766,3.632288,1.7212174,4.386185,2.7604156,0.95357597,2.3836358,0.9328393,0.8986163,0.7984917,3.010523,0.98646116,2.0177963,2.7212086,0.8700223,1.0804423,2.5417905,1.1249828,2.6951613,2.3733766,1.4596038,0.94224435,3.5507734,2.0424604,2.3305588,1.0539087,2.959166,0.98144674,1.8545426,4.762111,1.9368519,0.9468318,2.9657347,3.778935,4.3381367,1.2896553,0.90234184,2.892712,1.681012,2.1204836,4.2315917,2.8964524,2.4219086,2.6241803,2.5856133,1.7454972,2.4335656,1.6357644,1.7375071,1.7847868,2.1497567,1.9058865,2.191346,3.1475303,0.9031875,1.6252394,0.7931445,0.4988841,4.10158,2.8671918,3.4243722,2.5766702,3.8290606,2.535926,1.5048057,0.71102196,3.562557,1.1746488,2.4699006,3.0385573,5.542193,2.5066218,2.2481828,3.3547163,2.083562,4.882844,1.1227494,4.2525606,2.76315,3.6369588,2.6296363,2.1026635,2.773342,3.362509,1.3124176,1.3462247,1.7641325,2.5471451,3.781076,3.733005,3.7428427,2.9144056,3.6232023,0.893468,2.4474657,2.520821,4.278233,1.833391,2.8073928,1.6090528,0.9688007,1.0173739,2.8384922,3.884029,3.1590505,1.1958745,3.0673475,2.788768,4.071866,2.6131997,3.368741,2.889742,2.032454,3.013395,2.5077534,1.9351639,1.2856483,0.901322,1.6900107,1.06149,3.989718,1.1533521,2.3974903,3.663177,4.1960235,3.068218,1.8428519
0.9164677,2.392432,2.428474,4.3758183,3.470447,3.2053852,0.9267826,1.0174255,1.6318749,1.549402,1.0219454,0.9222356,2.3490584,0.9486722,4.602897,1.6711767,3.220967,2.744221,3.5484617,2.0753171,0.70274925,1.7370304,3.0834768,3.009402,4.5887337,1.7771862,5.182802,1.8177732,1.0688173,1.7128932,0.8758201,2.1266427,0.86521536,3.2098515,0.99085325,1.9782315,1.8342907,0.6103371,3.1193547,2.495256,1.355784,2.8859074,0.93212837,1.0629497,2.9402206,2.971816,2.1831985,0.6584521,2.149906,1.7286947,0.9958366,3.4073098,2.643516,2.2055478,1.8784636,4.034545,1.1746832,0.77432245,3.7362945,3.3794267,1.5325427,3.1447675,1.8071889,2.627911,2.1288235,3.174911,3.2811613,2.421562,1.3719739,0.9500094,5.6341243,2.9059865,0.86082906,1.4354349,2.1601655,0.87799233,1.611099,1.2503004,0.96904725,0.9610542,2.6622305,1.0088937,1.0306035,4.2159805,1.6279362,3.7035813,0.8810393,3.7514155,2.388502,1.4444083,1.8842397,2.4684556,2.5443413,0.8721494,1.0119095,1.9080977,0.9603873,3.0502567,2.912292,3.4079468,1.4008435,1.8373867,2.1686583,0.89353824,1.151036,1.2470134,0.81496096,1.5058166,3.9789839,2.1686583,1.4329916,10.592657,3.3438835,2.004968,1.4220854,1.3178437,1.828334,2.1583393,1.7383562,2.8794267,2.4599292,2.0159276,3.4532614,0.98958373,0.9617438,2.1843643,2.91279,3.3525586,1.4997917,1.3684342,3.7128322,0.7629486,1.0403178,1.6933247,0.9844545,0.93679374,1.0219449,1.5246336,2.3444533,1.139079,2.901417,0.8245438,2.768501,1.0568042,2.141783,2.3762689,0.19964051,1.1077403,1.9689512,1.4000276,0.9202119,4.4086227,1.6703494,1.5366821,2.29213,0.27641955,1.5906965,2.8373773,4.1637936,2.752928,3.4926333,2.9685037,1.0961713,3.2465832,2.8635223,1.7228327,3.5078468,1.8323039,4.719357,2.78868,0.9206702,2.2924156,1.0774481,0.87728065,1.3148223,2.820822,0.9974623,1.5162812,2.4667087,0.9617932,1.0725347,2.0968726,1.0176888,3.1183844,2.7451653,1.5654026,0.9055739,3.4370522,1.9707307,2.7075493,1.6561753,2.7213562,1.1136683,1.8839906,4.49924,1.635215,0.9845128,3.0364997,3.614914,4.108061,1.766688,1.389836,3.0427592,1.8957832,2.5354507,4.263917,2.6636164,2.761233,2.9330509,2.0035305,1.9181124,2.3405492,1.7854761,1.8635948,1.9999568,2.3460414,1.1410695,2.601826,3.1064904,0.9824129,1.7892997,1.2471659,1.1050462,3.42822,2.541251,3.1653912,2.639159,3.674532,2.1381779,1.1257116,0.9731166,3.3613577,1.6327099,3.1698294,2.8253915,5.226514,2.1062908,2.2642226,3.324433,2.2539947,5.2982,0.77742743,4.050545,3.2084134,3.2515628,2.9434364,1.6174839,2.4630003,3.0205848,1.532283,1.519681,1.67692,2.97082,3.3770216,3.5164568,3.6340373,2.3617349,3.7475758,0.9442141,2.8867571,2.6923928,4.7299647,1.8876683,2.6329172,2.2093532,1.617294,1.0158448,2.5574975,3.7232494,2.9131174,0.95589143,3.1880198,3.4615242,3.6615613,2.5206792,3.111926,2.9488297,2.1978326,2.8477304,2.3848927,2.0480504,1.4565146,0.80173177,1.8873696,0.87660867,3.8271806,0.9474648,2.704567,4.186509,3.92549,2.5857944,1.9199318
2.9342904,4.1912646,1.7834133,0.990788,2.2400568,2.6921115,2.914631,2.8148978,3.479692,2.6043212,2.782428,2.850693,2.412974,2.805331,2.0613322,2.690814,1.0384029,2.7366407,3.0861392,3.3920405,3.2072134,4.105105,0.6904535,3.2849247,6.4477844,2.2119088,5.0916886,3.5254788,2.718878,3.8717852,3.1205468,4.472275,2.9958851,1.5261514,2.8951652,2.4218242,3.7938006,3.4731405,5.3878064,1.4338355,2.5414834,2.6935313,2.8510644,2.7617543,2.8527546,4.567738,3.9161637,3.2490742,1.9679503,3.4961767,2.783442,0.4781948,1.2853451,2.580136,2.4575565,1.7346505,2.9543402,3.6392016,3.2432911,2.9957266,2.6738245,1.1448383,2.8493638,2.3199253,3.6839662,3.8728116,2.7836232,3.4086478,3.9550414,3.114465,2.2312438,0.980779,3.2221282,2.7486043,4.2796507,3.0162096,2.438293,3.6983387,2.7975962,2.8187058,4.249239,3.5734105,2.7069712,1.7835077,2.509374,3.9595664,2.9288712,1.2926605,2.4504423,2.395478,3.2677557,3.3065906,3.4035647,2.9598324,2.8216486,4.1755357,4.0933895,1.2168226,2.9935648,3.8673165,3.3424926,3.3408647,3.8079367,3.151898,2.7537217,2.5873866,3.2927432,2.3495383,4.30375,3.8079367,3.3481114,9.684356,2.435112,2.8803878,2.6200526,2.6447067,2.3803883,2.5824194,3.2265584,2.052677,1.9825283,2.5014758,0.4444917,2.7637181,2.8781796,2.2314358,4.0903597,4.4113903,3.6835074,2.673344,3.3452919,3.3123155,3.0956545,2.2025006,2.7689288,2.9569726,2.8062723,3.1986303,3.2706888,3.7858489,3.4465437,2.9818273,3.5098753,2.9708714,2.2783248,3.5353258,3.6454182,2.966883,2.4898906,2.8665438,2.830975,0.9238859,2.285046,2.2970939,3.3266456,3.6226704,2.219188,3.2237058,4.2072034,3.0400937,3.8939238,2.888201,2.6903367,2.5753176,2.1647592,2.7519317,3.0881155,3.1530907,1.7827364,2.7110932,2.8773537,3.1625576,2.6810813,2.8799627,2.7509835,3.8520148,2.7624035,3.547446,3.0032868,2.7848325,3.045375,3.6104834,3.1280797,0.7111072,1.5076339,2.5012052,2.8819654,2.3485062,2.6349509,1.3019065,2.3667307,3.1647396,2.661171,2.3970387,4.2818303,3.9874604,3.0545945,2.2167165,3.36619,3.8577046,3.2414975,2.4993575,2.09262,2.2758906,1.9277859,2.5173013,3.6436768,1.6886221,2.0838618,4.1045003,2.4035697,4.780635,2.1806808,2.2688737,2.1310215,2.7534757,4.065371,1.2878428,2.2080855,3.0243547,2.342137,2.5857778,2.9360845,4.805764,3.1066163,3.1012633,2.8699934,3.3380568,3.2399461,3.1523924,2.8601391,3.3561864,2.8321543,1.9783329,4.0182905,5.174341,4.095219,4.893176,3.3398898,2.9610085,1.9914519,3.3173854,3.70665,1.7597703,4.2375903,2.2496831,3.623287,3.8279185,3.426638,2.695425,2.7417886,2.5992165,0.89967257,3.7825058,3.4221263,2.9374092,3.953852,1.8779677,2.806424,1.1168902,3.5834475,1.2260028,2.41245,3.0281155,2.123376,2.465253,2.8600137,3.9388728,4.053133,3.2005236,2.9979677,2.1569328,1.8876116,3.9397213,2.0620046,3.1943793,2.4594288,1.7610407,5.467081,2.7076774,2.2101347,2.397239,3.1610608,2.161013,3.1004393,3.4784539,3.2099695,1.8593298,1.5596434,4.5006576,3.676377,2.3502817
2.2995818,4.044236,2.1715856,3.0218067,2.5755439,2.9019845,2.5492644,2.5552027,3.205332,2.4933352,2.437194,2.4679244,0.8975441,2.396682,3.0726614,1.7126583,2.2276323,2.2497854,3.076152,1.6803755,2.8331764,3.6433916,1.7852668,1.1555316,4.6792426,2.3868606,3.7244737,1.8828689,2.227068,2.4332445,2.8833847,3.7569811,2.1365955,0.8453254,2.0677304,1.8180764,3.5120142,2.9489973,3.6011457,2.084148,2.3284898,2.1634789,2.4599228,2.3925383,0.7559754,4.265319,3.730264,2.8231716,2.1816394,3.2434702,2.4267628,2.0111222,1.9644055,2.7262769,2.7106829,2.7992039,2.9262455,2.985527,3.4054039,2.3673913,2.165155,2.4295406,2.0691886,1.9051964,2.5221903,1.7721354,3.1394854,3.5700176,3.4410343,2.935356,3.6922204,1.8403089,2.9674065,1.8740175,2.864648,2.145444,2.1105335,3.3016794,2.1129882,2.0948832,4.078646,3.1357749,2.2626219,2.8980753,2.400612,4.2825737,2.1357784,1.5163401,0.8694139,1.9033749,1.6607964,3.4924808,3.5845656,2.1378918,2.4919386,2.639554,2.8267436,1.6717423,1.8613762,2.0815198,3.100502,3.0602274,3.5906916,2.1369958,2.4952261,2.279314,2.982774,1.6862755,4.5997834,3.5906916,3.28531,9.175113,2.719362,2.9476936,1.6179368,2.2411604,2.1387436,2.7096965,3.1451557,2.6136432,1.9143721,2.1207216,2.280058,2.1303139,2.1231127,2.2796094,2.4856942,2.4841588,3.1922648,2.4226024,3.29529,2.962717,2.9789593,2.208828,2.3727055,2.0463655,2.5338817,2.1004136,3.1214063,3.1557877,2.3864646,2.312185,1.6583234,2.8384075,2.3857121,1.6306919,2.8037207,2.886518,1.4971477,2.804232,2.253382,2.9693851,2.3732054,1.9417046,3.4771645,2.8272133,1.73496,2.76922,4.186696,3.102696,3.168708,1.4446708,2.1138725,0.648899,0.2327253,2.1563053,3.560197,1.6330066,3.1727188,2.3351367,2.111298,1.6066816,2.2303565,2.409613,2.5342226,2.401068,2.1298172,3.375318,1.7379023,2.3596265,2.9529548,3.624938,2.9923139,1.9264827,1.8231299,1.8850967,2.1366339,3.217799,2.7815902,1.5580381,2.3410225,2.6476467,2.255509,2.0562086,4.8137374,2.3802958,2.8962913,0.7130578,2.9329436,3.809061,2.0262222,2.3574822,0.36668113,1.9196392,0.9422458,3.0037327,2.0838144,1.554383,1.279009,3.7227669,2.3571174,3.2961981,2.3494182,2.519014,2.228314,0.9050276,3.1786091,1.6596245,1.7234389,2.8542767,1.7889265,2.2118325,2.5533056,4.1248994,3.27663,2.5260105,1.608102,3.512243,3.3372111,2.807858,2.5472808,3.735009,1.9066405,2.9305813,2.4585223,3.7418385,2.7991977,3.4153595,1.7609785,2.7874472,3.4972825,2.9749165,3.4323409,1.6367124,2.4112444,1.8034121,3.3622587,2.4495995,3.8053236,1.5457472,1.7489138,2.716567,2.0036185,4.079507,3.8498259,2.8851125,3.7397258,1.789519,2.3813343,1.628883,1.6298321,3.2511182,2.6538055,2.95282,1.7425866,2.3194408,2.1622784,2.0183294,2.0957377,3.5627306,2.6415815,2.2696786,3.1304388,4.2637877,2.207145,2.0615017,0.48697194,2.0517094,3.7977588,2.867154,2.4314508,1.9674546,2.868865,2.3202827,2.1039724,3.9417715,3.0116374,0.83599883,3.490118,2.645249,3.7705777,2.5592499
3.339848,4.178375,4.395892,6.0895863,4.45904,4.3195133,3.6453502,3.864984,3.6977565,4.204526,3.6628995,3.6956112,3.2328064,3.6597393,5.46452,3.2739298,4.949723,3.43724,4.182318,2.5183039,3.7627835,3.575959,4.7058597,2.353197,2.0339842,4.2140446,3.6797607,2.5672233,3.575479,2.1739173,3.9248502,3.1787043,3.1296618,3.8450506,3.181542,3.7775013,3.7833755,3.5371408,2.589929,4.4615154,3.8787,4.155693,3.6341462,3.665598,2.566044,4.0575724,3.978775,3.6624322,4.2497873,3.729663,3.6731105,4.9611845,4.6099577,4.7862945,4.3926086,5.2414007,4.143951,3.2517433,4.5508623,3.49794,3.5711894,5.0434904,3.7796605,4.168108,3.3931825,2.0020595,4.4490285,4.394598,3.4801364,3.9932637,6.5629935,4.642341,3.8938243,3.4539824,1.940307,3.1104786,3.772573,3.6202173,3.3380544,3.2966137,4.147729,3.585194,3.6112928,5.382141,4.088282,5.1622963,3.2053494,4.404905,3.1686194,3.6206696,2.619522,4.4185324,4.4495225,3.168357,3.6776993,1.7949584,2.405956,4.45206,3.4774988,2.7697816,3.7549093,3.7434623,3.8686752,2.9190435,3.8194401,3.7710953,3.8251767,3.4804761,5.281927,3.8686752,4.070178,9.223324,4.584244,4.1587677,3.1623442,3.6873596,3.881686,4.32382,3.9575107,4.617445,4.2443175,3.8862224,5.1534076,3.3941214,3.2367814,4.166939,1.663225,1.9554446,3.4145348,4.0308957,4.258641,3.7704306,4.060573,4.0633335,3.6496518,3.087783,3.7866163,3.3122656,4.0369277,3.2424371,2.7278745,3.323495,2.5045483,4.0031023,4.252683,1.848554,3.154823,4.0813494,3.5393624,3.9819503,3.4399977,6.0385714,4.18411,3.7538033,4.35533,3.1928005,3.6531656,3.6386733,4.650727,4.1359916,3.334498,2.613092,3.5472417,2.940332,3.1780138,3.3746548,5.2079167,2.8105998,5.863032,3.693598,3.2397914,2.7232192,3.6310565,3.576985,4.0061417,2.2512612,3.3827658,3.9368813,2.497941,3.63626,4.089634,4.2095647,4.0372066,4.8435555,4.3031178,3.5557375,3.2608051,4.989398,4.326179,4.3504615,4.225792,3.8366382,3.678245,3.810063,6.0553784,1.8729787,4.0247746,3.1510086,3.75942,4.49636,3.2520013,4.0434575,3.2814724,3.6600213,3.6802084,4.8792667,2.025962,4.2511578,3.9558518,3.710168,4.2009296,2.5216455,4.201427,4.3366437,4.2467556,2.7738442,2.8542814,4.391113,3.556286,4.0079374,3.6717353,3.8060727,3.8767576,3.6806467,4.421921,3.3502202,2.904124,4.5510025,4.2194867,3.5962412,3.8278139,5.142684,3.5273304,5.542196,2.030569,3.6147406,2.1825721,2.797649,3.1165543,4.0358973,6.4012694,3.7756891,4.1379366,4.5295205,1.3583146,4.258095,3.780997,2.1330297,4.8967566,3.1228595,3.2802632,4.17744,4.8291087,4.9858036,5.2445736,4.1473575,3.9269488,4.1585994,3.6174884,4.5356364,2.4521093,6.28492,4.367625,3.9420397,4.02649,4.143516,3.3809977,1.3129885,2.3447735,4.8758426,3.6258626,4.1894,5.829004,5.1468344,3.9545302,2.715496,2.897117,4.2323446,2.366306,4.4210663,4.335546,3.6811085,3.8585591,4.2594166,2.9523726,5.462682,3.959495,3.7116117,6.321581,2.3175604,4.3921065,4.3327603
1.160122,2.9555233,1.4052712,2.6683009,2.7682,2.7826722,1.1214561,0.92209226,2.1339319,0.96155095,1.0289135,0.94695425,1.8070469,0.92747825,3.4896138,1.2582543,1.8084089,2.5601866,3.2602417,2.2417986,1.3176984,2.6823807,1.4486246,2.8737328,5.5541654,0.49726605,5.0258093,2.254809,0.84765977,2.6939263,1.1999025,3.1810634,1.277637,2.1684833,1.1838676,1.4577414,2.5079522,1.5813861,4.1760864,0.9032094,0.613526,1.9206672,1.0481358,0.8978974,2.6309676,3.6411314,2.7551465,1.4027607,0.7158666,2.2198637,0.97968954,1.7246165,0.8791797,1.1357533,0.8207055,2.9140453,1.1291683,1.962138,3.4492137,3.173959,1.051226,1.434127,1.3294857,1.4675386,2.5481925,3.2978065,2.747379,2.34037,2.438084,1.212001,4.18997,1.2042577,1.31779,1.2077223,3.2205994,1.2952753,0.7579488,2.1285598,1.067547,1.1046157,3.2356803,1.837455,0.8877457,3.0697575,0.6079984,3.3167288,1.2082291,2.5645995,1.9043913,0.6751289,2.0349596,2.2614615,2.3802717,1.2409874,1.079039,3.0073242,2.4122744,1.8071128,2.3186057,3.2824707,1.8345639,1.9651202,2.66273,1.4844147,0.83247817,0.6729959,1.3830751,0.82343966,3.717921,2.66273,1.7755061,10.174227,2.736126,1.5693183,1.160906,0.80063564,0.8575543,1.2350398,1.8489704,1.6498834,1.0551753,1.1024559,1.7586497,1.0179747,1.1512338,1.0155764,3.5009904,3.6585617,2.3223066,0.9270215,3.5124633,1.4053082,1.2184488,0.3881634,0.93393904,1.28603,0.9983503,1.7338704,2.5237563,2.2187045,3.1276133,1.1779269,2.7282152,1.1399274,0.9460458,2.7883618,1.8055521,1.1192589,1.3881773,1.1926781,1.030252,2.7202187,0.35916358,0.54402965,2.1836026,1.7546738,0.66344553,2.9123592,4.199716,2.6367667,3.7276843,2.7993083,0.86462855,2.735406,2.1833546,1.7876016,2.5246542,1.8888552,3.4151168,2.5687869,1.1625985,2.170552,0.801192,1.0077158,1.1034551,3.3278058,1.0196359,2.0127094,2.5294223,0.9245228,1.1701026,2.4047525,1.2493458,1.4238586,1.6629657,0.8793326,1.1534921,2.4932086,1.1200323,1.1204879,0.7115255,2.2243412,0.7575255,0.95914316,3.781702,2.6980674,1.1489775,2.418357,3.5085993,4.015157,1.9474808,0.6788464,2.3067782,1.4481153,1.6138855,3.4712949,3.0985043,1.3256845,1.8068893,2.833177,0.7302454,3.53674,0.47069252,0.58707684,0.5393535,2.129451,2.4820714,0.96930736,2.5097866,1.123192,0.8649321,0.7545899,1.1557912,3.8491166,2.0749195,3.0465276,2.5830526,3.4397287,2.0715065,1.5793072,0.9787223,2.5767105,1.3131125,1.6530969,3.4256697,5.100427,3.0765507,3.4850094,2.9094136,2.237147,3.8577008,1.4188246,3.9425902,1.7953521,3.7080138,1.7416308,2.2526324,3.1053965,2.5584238,1.3168979,1.2103397,0.99077934,1.2287985,3.0117657,2.732265,3.2624886,2.8735607,2.8488252,0.9798228,1.2669597,2.8885884,3.08389,0.78401285,2.5783896,1.3277187,0.87650675,1.0349802,3.1523135,3.6962306,2.2458007,1.2738639,2.5262902,1.8820381,3.2784243,1.7644157,3.080959,2.4389095,0.70096093,4.1723366,1.524403,0.72359353,0.63054854,1.2317746,0.42991003,1.4436939,2.9303546,1.3265915,1.6295446,2.56334,4.0395207,2.6469731,0.7364636
3.5430574,4.4389324,4.653309,5.8501163,4.650401,4.5981617,3.9457026,4.18557,4.029599,4.5698147,3.964105,3.9721928,3.3368783,3.9375014,5.3749876,3.149759,4.977924,3.755462,4.4086533,2.482362,4.1931267,4.0741563,4.475657,1.9964443,1.9687934,4.1599274,1.9788378,3.0040476,3.7426639,3.182279,4.2709637,3.7449443,3.4210527,3.6338975,3.3870304,4.181656,4.2700033,3.8824348,3.8437295,4.23412,3.9239383,3.5018628,3.9466224,3.8341877,2.2732375,4.5793986,4.4170613,4.111745,3.998303,4.104805,3.9649704,4.5938196,4.391137,4.9470897,4.270604,5.2882156,4.46424,3.7923732,4.901634,3.8358836,3.4288135,4.6564503,3.8867931,3.725366,4.2271953,1.5451813,4.308247,4.3479447,4.0751925,4.3317366,6.290224,4.34773,4.224313,3.7414374,3.0743747,3.3732224,3.651162,4.0892725,3.6174448,3.5864174,4.594086,3.898158,3.8821044,5.414146,4.005204,4.593655,3.507164,4.1347303,3.3185332,3.6581137,2.6380265,4.2736373,4.305663,3.4627984,3.9948933,2.9098425,3.0266936,4.5018578,2.6839743,1.844627,4.026661,3.6518247,4.185754,3.2023518,3.9436574,3.8667476,4.139983,3.554511,4.760048,4.185754,4.3757725,7.669209,5.002559,3.979408,3.2768042,3.6908994,3.653347,3.991795,4.0583844,4.1101213,3.8641622,3.550349,4.8481417,3.66362,3.4532516,3.8156526,2.3647661,1.0001085,3.9622943,4.392109,4.578374,4.097704,4.380258,4.021845,3.9300172,3.3816202,4.1072254,3.7867253,4.726739,3.7511668,3.2339876,3.574812,1.9873245,4.347752,3.9355218,2.4497588,3.7239394,4.4080005,3.7146323,4.0754533,3.6996007,5.7854614,4.1696754,3.7633972,4.3047767,3.6614666,3.7142663,4.278536,5.0290613,4.5200186,3.8715708,2.608266,3.7830544,2.6612487,3.0111513,3.9247105,4.452113,2.8857625,5.786891,4.1747336,3.5315363,2.30204,3.8357434,3.8476725,4.4498243,3.1533515,3.6324315,4.2103496,2.6522536,3.9141505,4.4115343,4.4964933,4.3549843,4.6168456,4.4683642,3.4684098,3.5537882,4.6960206,4.1035,4.0798373,4.4885726,3.0732493,3.85477,3.5399435,5.1977234,2.811182,4.369381,2.9792938,4.1272273,4.836814,3.7746232,4.317386,3.063709,4.035237,3.7139843,4.8654714,2.7225165,3.8571804,3.4947295,4.264089,3.9933877,3.8917806,4.146384,4.2383237,4.054001,2.972296,3.4644284,4.2080984,3.497858,4.361069,3.5066466,4.079383,4.3343973,3.166423,4.0612917,3.4808702,3.4242542,4.8809166,4.2354054,3.9461172,4.1845083,4.456967,3.697503,5.586818,3.0205584,1.9138049,3.2190733,4.048893,2.176725,4.7077823,6.2343154,4.103906,4.4669647,4.128969,1.39358,3.7437456,4.2406163,2.9937556,4.505531,3.2766829,3.3024592,4.145394,4.6122494,4.4928594,4.535096,4.3500023,4.2611656,4.028402,3.9166799,4.306847,2.9669542,6.034693,4.2350383,4.3650765,4.293725,4.463884,3.541492,1.9707615,1.2660613,4.3841276,3.9453223,4.4309235,5.840292,4.5913305,3.862916,2.7737062,2.6604645,4.0219126,3.878973,3.9951413,4.1129527,3.6989512,4.2100444,4.1366057,3.2815142,4.6384196,4.276119,3.4266584,6.25322,0.8443699,4.364756,4.169072
1.9189916,4.100289,2.6688073,4.0979824,3.8168347,3.910004,2.1990063,2.0728898,3.2190812,1.9453648,2.1437578,1.9936374,1.2631699,1.9458696,4.663476,1.4349272,3.1767402,3.2431462,4.22881,1.0450566,2.1894698,3.4706976,2.8317184,1.9288963,4.7412295,2.457109,4.6912684,0.53547215,1.8320243,1.9862262,2.321991,3.6778684,1.5913734,2.6375625,1.6117245,1.5986419,3.489874,2.3141668,2.2636766,2.7730558,2.0937402,2.3093307,2.0817552,2.0728445,2.087201,4.519924,3.8246427,2.218827,2.511157,3.29938,2.0815349,3.1877723,2.5376756,2.0612204,2.712527,4.1459684,2.5273354,2.499072,4.462296,3.5970864,2.0615332,3.2902563,1.0194972,1.9995188,1.3993026,2.1109903,4.1965575,3.863161,3.1282606,2.4112391,5.3208737,2.7168086,2.42768,1.0510316,2.7132573,1.6088389,2.058842,3.013516,1.6904684,1.6555165,4.279259,2.734278,1.8751657,4.279059,2.1518579,4.833693,1.6349225,3.3199594,1.3320907,1.7418296,0.96828413,3.8189597,3.9186244,1.6250329,2.1962454,2.2565677,1.904486,2.7505171,2.2208107,2.3306067,3.0005672,3.1413465,3.7550476,1.5494528,2.166416,1.9973286,2.4264297,1.5900378,5.1994944,3.7550476,3.096596,10.463235,3.624765,3.1370559,1.3327513,1.974892,2.205535,2.8450506,3.2174342,3.375263,2.1988125,2.1056826,3.3943973,1.730647,1.7124898,2.5683548,3.043207,2.5996966,3.0849955,1.807049,4.405656,2.3917906,2.5071883,2.2285964,1.985253,1.5163847,2.168277,0.7260181,3.3414726,2.829134,3.2661724,1.8313004,1.7253499,2.4149358,2.5776594,1.8198241,1.8861327,2.459668,1.0276746,2.69745,1.8354048,4.1325603,2.294195,1.8439097,3.7210488,1.9888657,1.6980084,3.4371336,5.1486845,3.7827928,4.0918684,2.7982886,1.6055509,2.452404,2.0827694,2.3178513,4.0468574,0.7719653,4.6372824,3.1803668,1.6457664,1.6207176,1.8211131,1.943225,2.0233955,2.8704872,1.7593732,3.21615,2.6768625,1.9244928,2.4874566,3.7310598,2.5157168,2.8658502,2.7048311,1.7020998,1.6677068,4.268369,2.8134067,2.3142436,1.9636143,2.964234,1.8715416,2.1463437,5.2928796,1.7010543,2.3666658,2.5106971,4.0885286,4.9017,0.68609273,1.9506613,2.31524,2.2693577,1.6727911,4.5456414,2.6706553,2.1716275,1.9500557,3.6766598,2.2265341,2.3243372,2.4341893,2.5637627,2.289062,1.2985461,2.7200062,2.3123422,3.219594,2.3217785,1.7469127,1.7126253,1.8098507,4.4558706,3.6242354,3.6954162,2.4172778,4.519533,3.5731182,2.633633,1.9996947,4.0894523,0.8899353,2.924758,2.8162272,4.6854343,2.7468855,1.999711,2.3435543,2.9411137,4.9819956,2.4159765,4.6274095,2.2639601,3.0693443,2.1090364,3.2816074,2.8015087,4.20701,1.0648007,1.1998667,2.7376657,2.7945569,4.5452266,4.271537,4.1477537,3.9444854,3.54613,1.9711828,2.4339008,1.3085817,4.5120835,2.676208,3.6104639,1.7116228,1.8523189,1.6359123,2.2148967,2.7669575,3.8731503,2.346833,3.4422715,3.2849913,4.8012967,3.172904,3.2908666,2.2175677,2.5315914,2.6621435,3.080178,2.5645657,1.8036002,2.2774744,2.3627605,1.516921,4.4001822,2.5153885,1.8337438,4.237281,3.183525,4.0768228,2.602309
0.7077496,2.937391,1.9180908,3.5973501,3.1816263,3.1151896,0.9130516,0.7790175,2.060423,1.011316,0.8797956,0.66894007,1.537638,0.6359422,4.129741,0.880149,2.5646594,2.6296299,3.5087411,1.5176331,0.93524283,2.4096067,2.2693064,2.44207,4.858479,1.2536058,4.833865,1.3493179,0.54012257,1.9060351,1.0067834,2.7982287,0.5173961,2.4775171,0.5210152,1.3087511,2.383256,1.1009699,3.174942,1.8332087,0.8253099,2.0747936,0.80372214,0.7631996,2.355899,3.5397484,2.7096734,0.98892087,1.4940543,2.160305,0.79933375,2.6059005,1.8072965,1.4474247,1.4784123,3.5604062,1.211965,1.4477291,3.7266874,3.2130678,1.0209417,2.4433796,0.8696686,1.71219,1.8424488,2.7288237,3.2090049,2.6300647,2.0819175,1.0917673,4.9607387,2.0749698,1.1136538,0.54586965,2.521907,0.54593337,0.9755438,1.8664652,0.5136717,0.5061598,3.204597,1.5353118,0.6076118,3.7249875,0.99775773,3.7315876,0.5139138,3.0560129,1.6218208,0.66157085,1.2951318,2.596915,2.700981,0.5230216,0.93386346,2.1999464,1.4615835,2.3422396,2.2082946,2.8484876,1.7755299,1.9955449,2.6370533,0.66459054,0.84042805,0.7137708,1.1234602,0.68071043,4.093087,2.6370533,1.8108269,10.314386,3.066736,1.9218054,0.6343566,0.7664612,1.1957524,1.744982,1.9739138,2.3938174,1.585487,1.3052362,2.7109764,0.5284129,0.56778944,1.5853783,2.9867494,3.0536935,2.0521867,0.80623496,3.7181463,1.1000749,1.1802077,1.065521,0.695621,0.5120346,0.8849986,0.90259725,2.5214322,1.7953405,2.907893,0.610798,2.2060168,1.1101583,1.5521421,2.1388595,0.95269424,1.1445764,1.0555098,1.3863322,0.57913214,3.6377208,1.0861993,0.76066506,2.4762921,0.96886915,0.7579268,2.8722668,4.361434,2.8540454,3.614757,2.646444,0.35727134,2.6347,2.1550162,1.6094189,3.1183395,1.1480906,4.146046,2.63885,0.5125455,1.7067354,0.52311426,0.63412213,0.9960402,2.8474617,0.5558498,1.9706756,2.3026035,0.6250591,1.1632223,2.512682,1.1883442,2.2909641,2.148304,0.77706105,0.5149011,3.209937,1.6252747,1.8057303,0.9978084,2.3179705,0.5675736,1.2209358,4.311418,1.7858227,1.0531845,2.4455483,3.5782225,4.1977077,1.1807253,0.8139257,2.3492756,1.5276272,1.6738837,3.9527354,2.6255877,1.8203568,1.9866029,2.6315005,1.2196707,2.6307344,1.2424945,1.3594621,1.27399,1.690904,1.8696475,1.7216405,2.7355714,1.0162765,0.94861907,0.55797404,0.77478284,3.6929045,2.4713688,3.1053658,2.3367577,3.717745,2.3320296,1.4265734,0.73338175,3.0908973,0.6928825,2.393898,2.8740275,4.8779626,2.4518673,2.4926562,2.6641681,2.2376525,4.621502,1.1249348,4.0633454,2.2193012,3.185904,2.0020487,2.1362522,2.5991075,3.0220635,0.6971432,0.6412427,1.4519483,2.1469018,3.4144409,3.2646954,3.5153708,2.8478928,3.221314,0.68921345,1.982988,2.2142,4.0002985,1.4568757,2.7292814,1.4185922,0.96945673,0.41827443,2.4690168,3.263827,2.7493653,1.0860115,2.8657002,2.7119863,3.692932,2.2320094,2.962232,2.3243842,1.5367823,3.1758928,2.0161622,1.4630945,0.6947112,0.96753275,1.2421302,0.6139499,3.4857647,1.1940824,1.7920426,3.5376768,3.579128,2.871288,1.4232451
2.3867373,4.496881,2.7061572,4.147834,3.8404136,3.9953423,2.5731916,2.3988848,3.5785844,2.0933828,2.4903831,2.37906,1.4133193,2.3243613,4.670609,2.0357938,3.2094846,3.3539536,4.3389993,1.6553353,2.5175197,3.819342,3.028576,2.24403,5.1212325,2.8814428,5.179663,0.9790464,2.2792585,2.046318,2.6799066,4.0201187,2.043368,2.759337,2.0944154,1.5504183,3.7868211,2.7585266,1.9880741,3.1294973,2.553319,2.9041386,2.4398859,2.5105307,2.355064,4.780444,4.12582,2.548845,2.9765594,3.6280463,2.4380403,3.4242363,2.8444197,2.2426991,3.1864297,4.1281385,2.8477752,2.8479185,4.504805,3.6134558,2.6293094,3.635,1.4793887,2.5231488,0.9379477,2.4664655,4.509214,4.312872,3.437845,2.764778,5.2794447,3.0043042,2.812995,1.3917563,2.8101974,2.0839384,2.5820801,3.360809,2.0903423,2.0553844,4.567329,3.1745918,2.2405741,4.2458606,2.6562667,5.3975263,2.0582798,3.4051912,1.426472,2.197026,1.5984277,4.297556,4.3968477,2.0629778,2.5363638,2.377279,2.3510356,2.7556503,2.8316119,2.8380668,3.3960998,3.667909,4.1058545,2.045748,2.6179924,2.4458342,2.8382392,2.0103128,5.7432613,4.1058545,3.4629214,10.975142,3.5171435,3.6500788,1.806747,2.4872465,2.7471137,3.3997896,3.6534805,3.862311,2.6890094,2.6971009,3.6076505,2.1259806,2.1765993,3.1005445,3.1948366,3.0795584,3.374872,2.0077856,4.476855,2.804235,2.8618016,2.6589684,2.352437,1.960936,2.497279,0.93026733,3.34441,3.193151,3.3584177,2.2871854,2.2562375,2.7354653,3.1066294,1.933538,2.2564735,2.7851126,1.2675503,3.139575,2.2487237,4.183258,2.7171674,2.2862654,4.179613,2.4202566,2.0876942,3.410742,5.257932,3.922503,4.156128,2.9849644,2.004576,2.6204991,2.26266,2.3940926,4.6435146,1.4085122,4.5941763,3.1634827,2.0617623,2.239156,2.2318783,2.348564,2.1785903,2.8312752,2.1682487,3.6204731,2.9291968,2.300327,2.8296216,4.0769615,2.8788834,3.0602767,2.720546,2.2438445,2.0825534,4.6149235,3.3438134,2.6209369,2.161626,3.6211476,2.2934258,2.705287,5.9167876,1.8970833,2.7026834,2.6747024,4.1305165,4.979956,0.6802499,2.2132099,2.4797482,2.362838,1.7720207,4.6021304,2.7436917,2.5673394,2.3483212,3.9678688,2.753613,2.1093688,2.8550837,3.0092897,2.7646327,1.436481,3.093888,2.5849311,3.3870811,2.64777,2.2795439,2.0215714,2.0098808,5.0356684,4.169881,3.8841577,2.35746,4.6023364,4.0082235,2.9891815,2.3083344,4.700035,1.3611442,2.975547,2.7796566,5.159802,2.8382778,1.773964,2.8662243,2.8717954,4.9045796,2.8269072,4.6806107,2.5489898,3.3493328,2.5811718,3.5889018,2.8775527,4.7435346,1.5337703,1.7738241,3.1946375,3.0219593,5.1048017,4.877147,4.227506,4.283788,3.607303,2.3347912,2.6632977,1.1800265,4.542212,3.1511939,3.7384834,1.7036102,2.0103688,2.1362019,2.420075,3.1597414,4.4484334,2.7156389,3.4489596,3.3276422,5.364102,3.4840252,3.4926646,2.4338458,2.9460058,2.474486,3.6546264,3.0525393,2.2675798,2.6462436,2.8127213,1.9735832,5.0158286,2.8989654,2.1434903,4.271428,3.6341932,4.5244794,3.086397
1.106558,2.930504,2.0021,3.6942494,3.4251318,3.3032722,0.9923015,0.68279713,2.1156042,0.80700296,0.98692936,0.76244307,2.1625023,0.7861574,4.384044,1.5749902,2.6995945,2.989707,3.7787771,2.255977,0.741175,2.4379222,2.5525265,3.2042103,5.4449196,1.3687319,5.549743,1.9835477,0.915709,2.3298535,0.768258,2.9560802,1.0914675,3.0128002,1.1325713,1.5720161,2.378189,1.1108356,3.5243602,2.0665724,1.0366516,2.5727506,0.91054785,0.9775977,3.0949533,3.6016815,2.7038069,0.87407714,1.7599078,2.205295,0.90968007,2.8885748,2.037861,1.2389232,1.5126463,3.7443876,0.92871785,1.5259248,3.9101796,3.622826,1.4811558,2.6264687,1.2866315,2.1779962,2.0542612,3.4904149,3.4403756,2.672203,2.0787845,0.8287667,5.1963086,2.3651667,0.91974276,1.0940292,2.924893,1.1288817,1.3765358,1.8413028,0.9936909,1.0116322,3.2161088,1.5569137,0.85424876,3.910243,1.1855116,3.880037,1.0443276,3.5114198,2.240923,1.1629624,2.038486,2.6706612,2.7722304,1.0718039,1.0065575,2.6519198,1.8547312,2.625227,2.864647,3.585478,1.8020755,2.1953523,2.6969733,1.2773879,0.9652576,0.97283274,0.9820995,1.2688644,4.236234,2.6969733,1.6803879,10.923091,3.2044394,2.0582101,1.363681,1.1343981,1.5818671,1.9373745,2.02887,2.6565049,1.9844965,1.7487676,2.91448,0.972193,1.108023,1.9015334,3.5614796,3.7901385,2.1247194,0.6739314,3.9694083,0.98282814,0.9122192,1.2756157,0.85396576,1.133852,0.872079,1.316028,2.5164313,1.8969182,3.3682454,1.0160297,2.9578638,0.8851724,1.8122302,2.7947998,1.0878315,0.87888587,1.5854772,1.4116104,0.9430959,3.7617402,1.1850084,1.182915,2.5137272,1.1251872,1.2491342,3.101055,4.545091,2.97007,3.9754546,3.2748754,0.82918054,3.3261912,2.8118281,1.8531095,3.3204608,1.8777189,4.331692,2.9147358,1.038312,2.4486704,0.8429074,0.8385155,0.8146701,3.3286068,1.0061368,1.920982,2.8850617,0.8076703,0.877169,2.4621344,0.9350201,2.531019,2.3811703,1.3478833,1.0199873,3.371496,1.7381759,2.1845698,0.91409504,2.7947216,0.8578162,1.6637412,4.4452085,2.3029737,0.7601209,3.0785904,3.9258552,4.4318857,1.5959543,0.75886005,2.9913478,1.7809398,2.19521,4.251401,3.182771,2.276555,2.5626519,2.6451929,1.4576389,2.8820808,1.3720934,1.4328818,1.5097985,2.3662124,2.0629077,2.0405204,3.2158856,0.72814685,1.4955399,0.7282131,0.58034205,4.0590568,2.629391,3.5303931,2.8265467,3.885793,2.377094,1.485906,0.6280264,3.2511394,1.2429765,2.2479753,3.3734329,5.6023154,2.8284905,2.6938593,3.390428,2.2429924,4.8126364,1.006544,4.3801103,2.648566,3.8693955,2.4908934,2.112109,3.0697868,3.1040022,1.4317135,1.3653057,1.5027914,2.3563838,3.5423017,3.4248881,3.823512,2.909222,3.6753113,0.8512272,2.3098578,2.8363438,4.119357,1.5169581,2.8781123,1.6731881,0.9044787,0.9875799,3.1341672,4.030599,2.8604581,1.1485585,3.1376464,2.5537245,3.8359303,2.5425282,3.5243435,3.0190268,1.8118172,3.4576316,2.2187216,1.6384914,1.1538645,0.76296353,1.4044185,1.2201331,3.6733277,0.984435,2.391119,3.4463706,4.329858,2.9249043,1.5333941
1.0549921,2.4718225,2.5806656,4.5639634,3.5101428,3.2448654,1.1579531,1.2935127,1.7261087,1.788204,1.2385851,1.1738906,2.3080266,1.1824725,4.670774,1.7080505,3.3753283,2.69814,3.5347693,1.9257402,1.0156333,1.7569392,3.2297246,2.827829,4.2681346,2.016556,5.007487,1.6486843,1.2598008,1.4376216,1.202687,2.027075,0.92297184,3.209569,1.0620906,2.0513277,1.8996304,0.86298615,2.8418787,2.6809664,1.5851634,2.9644203,1.1580633,1.2834982,2.7906752,2.9504137,2.2467272,0.943884,2.344634,1.8134551,1.2224898,3.558592,2.8315477,2.4586039,2.1387613,4.1304917,1.4898093,0.828451,3.745396,3.2903721,1.6612059,3.345037,1.9099953,2.7363853,2.0534463,2.9472494,3.3506753,2.5730982,1.4037886,1.27735,5.735489,3.0675354,1.1806023,1.5088032,1.8667749,0.9295751,1.7778585,1.359927,1.0916228,1.0692887,2.6951115,1.1729292,1.2320774,4.311014,1.8612832,3.82952,0.9659149,3.777978,2.3324704,1.5923675,1.7565621,2.6247208,2.6937482,0.94465244,1.2330464,1.5851446,0.62645775,3.1449914,2.8866532,3.2497814,1.5534704,1.9446139,2.2241976,0.8643186,1.4002835,1.4658113,1.1245543,1.6077371,4.083741,2.2241976,1.6577331,10.480509,3.3997927,2.1897345,1.4485388,1.504282,1.9907364,2.3625855,1.899172,3.0455556,2.6085663,2.1516597,3.6267123,1.1289136,1.0563656,2.3586192,2.6400654,3.112563,1.5187407,1.600497,3.6869996,1.0676622,1.3645864,1.9126399,1.207284,0.97130567,1.2740678,1.5211489,2.3958464,1.145676,2.7400548,0.9682792,2.6090474,1.359646,2.337361,2.1247745,0.29615325,1.4218477,2.008526,1.639036,1.0888749,4.5862064,1.919135,1.7052035,2.4566882,0.419666,1.7235899,2.7867177,4.1333275,2.8021822,3.3581462,2.8183978,1.2645458,3.1255188,2.7954357,1.7346941,3.6821508,1.7384851,4.826602,2.7654624,1.0143725,2.1876333,1.2806962,1.1006714,1.5445141,2.5883532,1.1341499,1.6874663,2.3171816,1.1851157,1.3974272,2.2345214,1.340632,3.281693,2.8465316,1.6832367,1.0089709,3.5804985,2.20177,2.8424385,1.8919942,2.7685935,1.3262419,2.0238683,4.664706,1.3071815,1.3121883,2.9548438,3.5341487,4.070175,1.7251242,1.6346937,2.9780312,1.9674326,2.5583482,4.2866273,2.4268682,2.8733938,2.9755304,2.0210533,2.1309667,2.0715144,2.0208323,2.1155045,2.2124429,2.229668,1.0034645,2.7544956,3.0696988,1.3051338,1.9070479,1.4566481,1.3381242,3.3543377,2.7007825,3.0818596,2.5143108,3.6896245,2.2972496,1.2843646,1.2435374,3.5387003,1.7013799,3.4188175,2.5671394,5.040992,1.8487228,2.0262058,3.2198586,2.320606,5.4126196,1.0790004,3.9778392,3.3073874,2.9710855,3.0312393,1.7176982,2.224977,3.1929822,1.5313427,1.5631284,1.9211004,3.1511803,3.5154846,3.6899238,3.6108274,2.4022052,3.7359998,1.1634718,3.0276065,2.4928882,4.902038,2.1418695,2.6617866,2.3135405,1.8338364,1.151406,2.2608118,3.5126858,3.1036115,1.1690631,3.2164185,3.7178917,3.7900248,2.6042826,2.960997,2.8404644,2.38208,2.5389712,2.5747092,2.2728744,1.6189026,1.128014,2.1195018,0.8577468,3.996952,1.2641625,2.7305803,4.425827,3.7008164,2.7081227,2.162639
0.9395339,2.9992645,2.1281645,3.9616234,3.1831136,3.101144,1.188065,1.1822461,2.1157203,1.4049184,1.1619006,1.0634333,1.4356447,1.0196981,4.2202187,1.0981264,2.827652,2.4786353,3.4228005,1.2623366,1.1979862,2.3543231,2.600205,2.1457255,4.411544,1.75824,4.670606,0.90933377,0.97717494,1.330376,1.3624103,2.6084604,0.58273065,2.497568,0.6867085,1.3595643,2.3720133,1.282756,2.6220026,2.2501037,1.3373114,2.3995328,1.094947,1.1591028,2.104446,3.4289045,2.7106905,1.1840788,1.9700347,2.1938407,1.1185261,2.9569345,2.257426,1.9673163,2.0015254,3.6832967,1.5928206,1.38121,3.6548095,2.9909248,1.3842862,2.8926697,1.1982353,2.0911152,1.5211277,2.3731675,3.3160148,2.8533967,2.0085697,1.4517735,5.1391883,2.4660666,1.4365064,0.72774047,1.9868014,0.61819255,1.4270372,1.895312,0.73520374,0.6913322,3.1707366,1.6628798,0.9692588,3.8479528,1.566871,4.0047855,0.62880343,3.1233053,1.4729302,1.0961255,1.0648423,2.8523111,2.943306,0.615355,1.2004756,1.6132936,1.0673923,2.4991891,2.3177645,2.6793356,1.9158832,2.1848018,2.6531553,0.55647045,1.299897,1.2039322,1.4262484,0.9927104,4.317374,2.6531553,2.0299048,10.277949,3.054798,2.263418,0.7420922,1.232523,1.6404828,2.2108214,2.1809287,2.7855046,2.0319986,1.732277,3.0813498,0.7894653,0.75683045,2.0349996,2.5020905,2.731821,1.9693863,1.2111491,3.6004372,1.382236,1.5471478,1.5721397,1.0455008,0.52325386,1.2142305,0.7616702,2.4410038,1.7137849,2.5712872,0.83639574,1.9977713,1.4573463,2.0374177,1.6140362,0.83825344,1.5205381,1.1502898,1.7428807,0.8703846,3.9820623,1.6298096,1.2279316,2.722538,0.9476864,1.1333773,2.6636808,4.2356105,2.8370583,3.3211663,2.3681707,0.8129036,2.4301543,2.0399637,1.4786608,3.546515,0.966041,4.3076324,2.489751,0.6579302,1.6121585,0.97420347,0.9843736,1.2863888,2.3612905,0.81501865,2.132667,2.020237,0.9980842,1.5429461,2.6363194,1.5463386,2.656797,2.2881896,1.1791996,0.6772441,3.469338,2.1083474,2.1675985,1.4500655,2.5542963,1.0398079,1.6353391,4.7030315,1.1590357,1.4315504,2.3005416,3.3714252,4.062023,0.95249015,1.2766347,2.2460153,1.5528585,1.7265532,3.954223,2.1545873,2.1730492,2.1953924,2.5592465,1.7719823,2.058505,1.7446479,1.8885527,1.8114135,1.4065632,1.6519626,2.1026604,2.6546087,1.3934685,1.3510319,1.0210251,1.0783117,3.6569703,2.7935643,2.9312096,2.0095234,3.6594503,2.5555618,1.5460492,1.1144116,3.5068316,0.9274581,2.869299,2.3511672,4.6948133,1.9586588,1.9711013,2.6014855,2.1774101,4.811747,1.4021169,3.8757284,2.5267725,2.7378018,2.3278086,2.1657026,2.1262364,3.3523705,0.7045254,0.86823016,1.888563,2.5532851,3.7008398,3.6698816,3.416016,2.8427827,3.189237,1.0151674,2.334442,1.7623721,4.3215365,1.9794753,2.675374,1.5893346,1.3638837,0.80019176,1.9316647,2.9807222,3.1507328,1.2993844,2.841709,3.189292,3.9687057,2.3767302,2.6892526,2.1403966,1.9735248,2.581251,2.455418,1.9845575,1.1584039,1.3069934,1.7830113,0.47778535,3.9054391,1.5248413,1.9267155,3.9537754,3.2963293,3.0453885,1.9497885
2.4801137,3.868599,1.6364062,2.0886097,1.7990259,2.2580795,2.5672164,2.555512,3.0808275,2.4510205,2.432245,2.532006,1.5953207,2.4673474,2.0484114,2.1712132,1.3450638,1.9359146,2.5169692,2.5899336,2.894617,3.6302152,1.0380757,2.233016,5.40844,2.1751938,4.2984457,2.7257211,2.355985,2.9529817,2.8843274,3.845229,2.4465492,0.33139005,2.3655927,1.9400128,3.3727965,3.0976064,4.479984,1.5660526,2.3292437,2.5090356,2.4945219,2.4419835,1.7350681,4.069686,3.5262978,2.8950722,1.9625655,3.088737,2.443053,1.1864781,1.5391865,2.7039745,2.502756,1.778366,2.803798,3.1272714,2.7839313,2.082916,2.3246446,1.7455,2.5117853,2.174208,3.02737,2.8374987,2.5246758,3.2597802,3.4677649,2.9037979,2.6866279,1.2787011,2.9740584,2.2595098,3.3097389,2.4664152,2.1760702,3.2855494,2.3116312,2.314516,3.8423948,3.197314,2.3381903,1.8697689,2.4091487,3.9630275,2.3999636,0.5436611,1.5778334,2.0298483,2.500777,3.1882687,3.2789283,2.4211442,2.4758599,3.2079682,3.3755538,0.93518746,2.4701324,3.045554,3.0030007,3.017642,3.405471,2.5397968,2.5097027,2.3182905,3.0215557,1.8783907,4.2587886,3.405471,3.1232216,9.286895,2.0643482,2.7537506,2.0182397,2.3478262,2.1722782,2.5791965,2.9679372,2.1820624,1.9357882,2.2866788,1.364696,2.3008301,2.3701775,2.167426,2.970857,3.4520712,3.164342,2.4521227,2.7634087,3.0198083,2.912037,2.0835016,2.4215665,2.3808892,2.5093002,2.6343362,2.8147871,3.258152,2.4421651,2.5203285,2.6489663,2.760193,2.2644887,2.4335558,3.1206856,2.791686,1.9540676,2.6755946,2.4013238,2.0011504,2.2308784,1.998511,3.1877105,3.1252766,1.8290874,2.5022988,3.697343,2.615007,3.0199926,1.731887,2.2936046,1.3906791,1.0433466,2.1035047,3.3117762,2.4334054,2.110021,1.9828402,2.3570712,2.4073336,2.333705,2.513574,2.4983876,2.770232,2.2982278,3.2617972,1.969216,2.4344664,2.873992,3.3541355,2.9350123,1.2191367,1.1779083,2.1199164,2.3719196,2.4584217,2.6333148,1.2792952,2.252766,2.857316,2.3399038,2.1471481,4.53208,3.0593004,2.8562145,1.0051302,2.573902,3.2977207,2.6156616,2.3108041,0.9224002,1.7235577,1.2339907,2.1516628,2.529222,1.5747235,1.6928235,3.6296148,2.361643,3.9011972,2.1376245,2.299889,2.1233346,1.7781866,3.4313133,1.315042,1.2806668,2.8181155,2.000374,2.2885928,2.639772,4.2712097,3.0388782,2.2650228,1.8213259,2.9045794,3.0557766,2.7592244,2.5779727,3.521399,2.3856933,2.5314062,2.9186637,4.3534408,3.1550834,4.0973444,2.599496,2.5140522,2.4944391,3.0257263,3.0031466,1.7200851,3.09881,2.098068,3.2312038,2.7963836,3.469742,2.0610218,2.2218304,2.5178246,1.3759247,3.7778866,3.6001637,2.311828,3.5405226,1.0398612,2.4439106,1.2286165,2.589069,2.221424,2.4500487,2.5263867,1.766579,2.288262,2.4215708,2.8184338,3.0559447,3.3042052,2.6361542,1.5876267,2.603431,3.9446385,1.6744529,2.1419022,1.3009115,1.736205,4.5392227,2.7240958,2.2487833,2.0697093,2.899744,2.1592171,2.4865859,3.712854,2.9861944,1.235666,2.573828,3.5358734,3.4795802,2.3778327
0.7914272,3.0058453,1.647633,3.2833414,2.9637275,2.9483464,0.935308,0.7451566,2.1036203,0.833488,0.85157186,0.68387806,1.3681805,0.63107187,3.8622384,0.8624863,2.2580721,2.4982972,3.3676584,1.5965202,1.0250306,2.5173962,1.9643096,2.407154,5.021053,1.0943346,4.843951,1.4456054,0.52667856,1.9964378,1.0667884,2.9213123,0.6482623,2.228555,0.6144969,1.0890902,2.4341066,1.2762281,3.3234892,1.5852371,0.7419556,1.9999908,0.8055222,0.7616139,2.2667587,3.58201,2.7474415,1.0879949,1.3139642,2.191374,0.7752425,2.31333,1.5218714,1.2710438,1.3831087,3.285924,1.1961298,1.5920267,3.575605,3.0704544,1.0140249,2.1892924,0.8154386,1.5758169,1.8432049,2.7581966,3.0817595,2.6257749,2.1961086,1.1386884,4.6558833,1.7872049,1.1987263,0.43470752,2.6173947,0.68795514,0.88642824,1.9650102,0.5259512,0.52996737,3.239595,1.6683635,0.551393,3.4464092,0.9122308,3.7202165,0.604129,2.7875373,1.456843,0.48756734,1.3745062,2.586053,2.6950178,0.631998,0.9144154,2.3192747,1.7201266,2.0416691,2.1780713,2.8769128,1.8267043,2.0511,2.6757426,0.8374261,0.83253723,0.6402678,1.2344209,0.46805844,4.088222,2.6757426,1.8482573,10.28686,2.8457139,1.9011759,0.55948216,0.7402312,1.1015391,1.6843691,1.9941918,2.2431366,1.4008968,1.2382727,2.4152722,0.51947546,0.6432801,1.4659224,3.0147567,3.143505,2.120301,0.6507033,3.5842886,1.220867,1.213229,0.88804156,0.6708126,0.6197268,0.8535648,0.9355739,2.43385,1.926355,2.8478472,0.72289664,2.240064,1.1083208,1.4371555,2.151506,1.1897613,1.138509,0.872152,1.3799269,0.611062,3.3231645,0.9256165,0.56099796,2.4737382,1.2107867,0.495213,2.7626169,4.2729745,2.7434857,3.5501018,2.5466015,0.26240748,2.490948,1.9730283,1.5019505,3.0519834,1.2051252,3.8509831,2.4817574,0.5742924,1.7408075,0.4665203,0.6765508,0.8779461,2.8299422,0.55342937,2.0383432,2.245933,0.6108597,1.1803597,2.5287766,1.2318655,1.984005,1.8641355,0.6929969,0.57864875,3.0438044,1.5732683,1.5237579,0.7590484,2.328309,0.5079824,1.1333812,4.28629,1.930893,1.0805945,2.269478,3.4546535,4.0833344,1.1816729,0.6193297,2.1579185,1.3309535,1.423972,3.7329528,2.612139,1.5897473,1.8038331,2.7049668,1.1136304,2.7572854,1.0749152,1.2195805,1.1028589,1.5887598,2.0481973,1.4232858,2.555619,1.0353235,0.81579113,0.3618103,0.7325763,3.7961628,2.4523487,3.0045903,2.2130818,3.581624,2.325278,1.4651484,0.71112597,3.0590727,0.64485186,2.1288102,2.878503,4.89133,2.5239084,2.6553063,2.6399212,2.1091561,4.3122244,1.2431746,3.94279,1.9836571,3.2290397,1.8458242,2.184897,2.6143768,2.9997897,0.6313454,0.62969714,1.3880234,1.844572,3.4078915,3.2279758,3.3565009,2.885769,2.9857445,0.6796683,1.6838967,2.2000594,3.6864867,1.353748,2.6236541,1.1479788,0.74554485,0.51509213,2.5279684,3.2763996,2.7216063,1.1186584,2.6476045,2.4383326,3.6822562,2.0645628,2.884126,2.1823497,1.3195734,3.3440418,1.9670291,1.3246462,0.53436816,1.0488632,1.0719358,0.7668324,3.4378698,1.2650877,1.5712751,3.2396312,3.6281474,2.8834386,1.3097658
2.0931835,4.080017,1.382637,2.6480691,2.8325107,3.0965502,2.079167,1.7874494,3.1336617,1.1582283,1.9286956,1.8822029,1.2544509,1.8214651,3.4846382,1.9175717,1.7395649,2.7619379,3.5972311,2.3084595,2.1059294,3.5836902,1.7407218,2.7218537,5.933609,2.017919,5.514041,1.9339352,1.8300256,2.5125613,2.172073,3.968597,1.9102608,1.9893094,1.9103111,0.6100875,3.371081,2.5517828,3.4471524,2.0331137,1.9293575,2.6532013,1.9314495,2.007896,2.5140386,4.4211698,3.663172,2.178728,2.1261995,3.159041,1.8875732,2.1729448,1.6549788,1.2459655,2.3875153,2.8485847,2.1573296,2.7055247,3.6770377,3.1065898,2.2514322,2.4318554,1.3596746,2.0832472,1.5505633,3.205222,3.6712112,3.6723533,3.2219055,2.2187986,3.9813643,1.8169931,2.3538349,1.1629484,3.2148244,1.9716959,2.0358868,3.0415313,1.7489914,1.7457814,4.1177554,2.9052079,1.7125747,2.958015,2.0219824,4.7854605,1.8454758,2.4464808,1.2951467,1.6418258,2.1489635,3.6512845,3.7618275,1.8855087,1.9757849,2.9420729,2.8559403,1.4498212,2.8866627,3.4357495,2.9334307,3.2778802,3.6606612,2.0818245,2.0684314,1.8670813,2.441265,1.486746,5.1456575,3.6606612,2.896951,10.9635315,2.454617,3.0268703,1.6018057,2.0156505,2.1779003,2.7465706,3.1032286,2.9937112,1.9867961,2.2613351,2.2599654,1.7395039,1.9331459,2.4110525,3.5230021,3.8534882,3.07151,1.2275605,3.7672024,2.4362953,2.2756972,1.8487288,1.8234072,1.8426323,1.8939022,1.2893767,2.6514232,3.041965,3.1853878,2.0297973,2.844472,2.1041288,2.395658,2.4885793,2.336766,2.1280143,0.92006725,2.5219412,1.865627,2.702619,1.884272,1.6339697,3.5411713,2.4564364,1.4127289,2.859318,4.6217856,3.1409514,3.8565865,2.8466122,1.560558,2.5247545,1.9557294,1.8327687,3.9672093,1.9127289,3.2532473,2.4682496,1.8079846,2.5618885,1.7251247,1.9202648,1.3992339,3.0338738,1.7869781,3.16081,2.7938561,1.797357,2.21034,3.4867635,2.3160317,1.727266,1.4457178,1.847592,1.8177928,3.5838242,2.6648393,1.5749694,1.126032,3.404553,1.764421,2.1947436,5.2847986,2.6076353,2.119409,2.3084748,3.5959368,4.319052,1.2569263,1.3636174,2.1038542,1.5072974,1.0391188,3.6212063,2.9550512,1.7992083,1.9390643,3.6510246,2.104472,2.99047,1.9844563,2.1518145,1.9653243,1.6419734,3.1810038,1.4273902,2.729369,2.0566375,1.8094628,1.3577812,1.4460747,5.0119,3.5538552,3.4196625,2.1405976,3.790658,3.3716538,2.5303342,1.7316536,4.0793715,1.3104086,1.5109729,3.1168852,5.5410028,3.098508,2.8983524,3.1715431,2.085098,3.5508645,2.454192,4.108928,1.7939694,3.8340855,2.1450627,3.145102,3.0546632,4.059177,1.4723254,1.6888825,2.4599173,1.6979986,4.4934764,4.234816,3.4802022,3.8460023,2.7697039,1.8325198,1.4765761,2.1316571,3.060665,2.3505647,3.0139973,0.3883482,1.0225517,1.8803339,3.0531886,3.7560728,3.78647,2.2362857,2.484523,1.8122816,4.7501097,2.6274986,3.2989073,2.3079054,2.0035503,3.641488,3.0261526,2.2454731,1.6941956,2.1881835,1.9668567,1.9712784,4.3815656,2.401736,1.6043657,2.669907,4.265573,3.9402642,2.2960856
1.067541,2.6587627,1.8951254,3.8488405,3.174315,2.9878712,0.83773124,0.6283938,1.811598,0.8880442,0.8316015,0.73830044,2.2023547,0.75226057,4.2485795,1.7761748,2.7066207,2.6644921,3.449155,2.3467064,0.4757382,2.07454,2.699516,3.2082222,5.2475996,1.5528543,5.6027937,1.9777352,0.9986667,1.939271,0.6581932,2.5727947,1.0220803,3.005196,1.1286619,1.5144479,1.9923245,0.97378916,3.3308084,2.2192464,1.2226645,2.9391973,0.7650538,1.0083921,3.0612338,3.1867807,2.3347511,0.5592116,1.9937503,1.8692111,0.7941136,3.0592473,2.2833724,1.6514679,1.7383859,3.6080556,0.82368934,1.15314,3.551716,3.2955232,1.6577176,2.8399446,1.6296415,2.5495431,1.8759836,3.4910798,3.2555075,2.5565715,1.6685078,0.71972245,5.1917877,2.5723739,0.80322427,1.2139398,2.4912937,1.0799098,1.5911835,1.4935127,0.92572486,0.93503046,2.8347826,1.3614382,0.81348336,3.7815614,1.5072837,3.9223044,0.9574196,3.4910445,2.2433434,1.3211864,2.1313746,2.6092772,2.6993434,0.9919312,0.82347965,2.2687445,1.6493508,2.607968,3.1125546,3.7266586,1.5670748,2.1442301,2.3772433,1.2082112,1.0719935,1.118339,0.88195467,1.3712766,4.2192388,2.3772433,1.458316,10.989075,2.9190798,2.1117492,1.4290819,1.319546,1.822942,2.1824286,1.8847921,2.8230815,2.3209987,2.056813,3.0599482,0.91360056,1.0787504,2.150956,3.2288969,3.8137925,1.7103816,0.7621025,3.6081982,0.86513793,0.81383765,1.4770012,0.78298825,1.0645508,0.7283766,1.3583246,2.0540164,1.5404413,3.0004737,0.9653996,3.0640218,0.7294626,2.0850356,2.5781891,0.80023104,0.7682261,1.725267,1.3964438,0.8889123,3.897979,1.416612,1.36705,2.4212413,0.92519283,1.377547,2.6755838,4.1443186,2.6042566,3.5621853,3.0741293,0.9092941,3.2703567,2.795393,1.4796082,3.5907984,1.99508,4.260877,2.5622337,0.9575467,2.579083,0.9120803,0.79564244,0.65313613,2.9390662,0.95465565,1.7007288,2.638727,0.7663719,0.7855259,2.182641,0.8334416,2.707411,2.2919812,1.567884,0.9379127,3.3126037,1.9634938,2.4126728,1.0674803,3.009812,0.9552864,1.9088199,4.669612,2.010752,0.6613412,2.9937503,3.56044,4.0489426,1.5952139,0.86058754,2.9658372,1.539254,2.2616885,4.031598,2.8473,2.5672069,2.828962,2.237215,1.8129979,2.4943929,1.5554752,1.6588434,1.8180583,2.320002,1.708637,2.251631,3.0283096,0.61852473,1.7470087,0.83308715,0.4660921,3.969891,2.7003846,3.2278025,2.5380707,3.525591,2.2491775,1.2030209,0.5382769,3.4959335,1.4912586,2.540816,2.9901664,5.650137,2.3782396,2.413567,3.5633469,1.8273826,4.808525,0.8810251,4.007617,2.9571629,3.6590283,2.846115,1.7431344,2.669735,3.160544,1.5137904,1.5613928,1.5970833,2.559125,3.586705,3.6516266,3.510096,2.5748641,3.5423574,0.75433254,2.5250385,2.7442286,4.218423,1.7465905,2.4979954,1.7241224,1.0117834,1.0877291,2.9051864,4.061599,3.0336432,0.9360937,2.8860648,2.8220441,3.8780777,2.4181066,3.2617965,2.974093,1.9897916,3.1249092,2.4559352,1.9082241,1.3341942,0.6464096,1.6727594,1.1183565,3.9476771,0.87339246,2.5563626,3.5750763,4.355042,2.772908,1.78456
0.9053943,2.5899274,2.5650475,4.413447,3.6348464,3.4090607,1.0700328,1.1451668,1.8480754,1.6422573,1.1599956,1.0037113,2.246288,1.0241162,4.724395,1.4636997,3.3100088,2.8948348,3.732321,1.8131404,0.92484856,1.9675906,3.077944,2.8242595,4.4641824,1.7898052,4.969567,1.6223555,1.0477871,1.7843459,1.0562323,2.3078136,0.80883867,3.183629,0.9065782,2.0186799,2.0992723,0.74009997,3.030244,2.5004675,1.3352373,2.6427147,1.0622169,1.0958767,2.8091228,3.2172294,2.438787,0.90512425,2.0982246,1.9636476,1.11533,3.3908675,2.6094196,2.1750283,1.8766326,4.1731577,1.3699666,1.0284495,3.9560015,3.5111148,1.4059054,3.1341653,1.6209674,2.4222515,2.1458337,2.955919,3.4170988,2.5513225,1.643682,1.1385305,5.70547,2.8717656,1.0431889,1.3423281,2.2640011,0.79849094,1.5160321,1.5074209,0.97821033,0.96427584,2.9133592,1.1674734,1.0933353,4.3511868,1.5449111,3.7137299,0.8636894,3.760414,2.3008204,1.3756597,1.6297032,2.5631645,2.6432633,0.8380212,1.1686422,1.9551182,0.84008896,3.105735,2.652336,3.1292145,1.5935814,1.8674754,2.3832457,0.7710299,1.1722541,1.2335194,0.97680044,1.4382107,4.017845,2.3832457,1.6609001,10.430608,3.5390093,2.0304618,1.3019385,1.2394269,1.7186693,2.0837815,1.8791039,2.8459349,2.3142736,1.8400524,3.471478,1.0080705,0.91473395,2.0917115,2.9361591,3.098879,1.7584757,1.4437048,3.9123023,0.9278504,1.2301841,1.6783566,1.0751134,0.8735431,1.1750994,1.4206913,2.6328676,1.3570569,3.016948,0.8142764,2.506076,1.2565957,2.0541646,2.3133483,0.40953144,1.2993081,1.86121,1.4967139,0.94964707,4.4481516,1.6683917,1.4798726,2.4121609,0.37208754,1.5439117,3.0545201,4.3925567,2.9918342,3.6617136,2.9640193,1.0727825,3.1597698,2.784516,1.9077438,3.4050245,1.5897824,4.8320117,2.969502,0.9106117,2.0364444,1.0845534,0.93862647,1.4725531,2.9099848,1.0095115,1.7156374,2.4927506,1.0342599,1.2614282,2.3296924,1.2069242,3.1113205,2.8421392,1.4214822,0.9019084,3.5437093,1.929996,2.6363213,1.717585,2.5254364,1.1156332,1.7508031,4.4201403,1.5961907,1.1694952,2.997189,3.7815359,4.3184233,1.67511,1.4648128,2.975325,2.0364997,2.4735653,4.4040637,2.7083797,2.6250565,2.7499642,2.2639918,1.8013686,2.4092882,1.7961615,1.86323,1.9228297,2.2435656,1.2958186,2.5585015,3.1710072,1.1667529,1.6419411,1.2773931,1.226727,3.3791308,2.544117,3.2823627,2.7112865,3.899239,2.2768068,1.339101,1.1049079,3.271115,1.4602436,3.187793,2.8955698,5.010237,2.241056,2.2640257,3.0659628,2.5088923,5.3794484,0.9474254,4.2304864,3.0619547,3.1679807,2.7379797,1.8842142,2.5604742,3.0520155,1.3893306,1.3224057,1.726144,2.9610364,3.392039,3.4371302,3.8009422,2.5803223,3.8016758,1.0418774,2.8356178,2.5723052,4.7884603,1.8791019,2.8668804,2.2222931,1.6818091,0.91301775,2.4780324,3.4968328,2.8775496,1.1326603,3.3413284,3.4969678,3.673375,2.615007,3.1550405,2.8589075,2.1768172,2.8517516,2.302498,1.9960102,1.3871272,0.97781515,1.8508351,0.7953699,3.7170234,1.1329379,2.5753665,4.28105,3.6898575,2.7234612,1.8899952
2.9344304,4.7869544,3.2956896,4.9259953,4.2044225,4.305559,3.0951676,2.9819314,3.9150522,2.7603495,3.029954,2.9603744,2.120753,2.9094994,5.136236,2.7612166,3.8796062,3.608686,4.580576,2.1847866,2.9964442,4.0257974,3.8199475,2.610875,4.927958,3.60417,5.4908,1.4486861,2.9125931,1.9389104,3.2047079,4.1112046,2.5751953,3.3580105,2.6677477,2.1968172,4.030786,3.1998363,1.1243045,3.8934748,3.2419016,3.7418594,2.9788437,3.112731,2.763282,4.887078,4.3666945,2.9951868,3.7523825,3.9404752,2.9950368,4.2268963,3.6881306,3.0870574,3.907252,4.6190834,3.3925247,3.1317928,4.717694,3.7700617,3.304561,4.450872,2.3596833,3.410015,1.0655464,2.7004812,4.9513893,4.7866216,3.6399102,3.2897117,5.859189,3.8318508,3.3161619,2.141192,2.607794,2.6174517,3.304622,3.6583939,2.6607332,2.619288,4.757211,3.5695207,2.8369634,4.736406,3.4134245,5.96323,2.597417,3.9857757,2.0760884,2.912809,2.1716673,4.811714,4.897609,2.5974507,3.0613358,2.193237,2.514653,3.398796,3.534994,3.282569,3.80116,4.15528,4.3860025,2.535866,3.247436,3.1146684,3.3323903,2.7199948,6.253397,4.3860025,3.8935874,11.340485,3.8320155,4.251332,2.4750526,3.167564,3.490724,4.1297646,4.1173663,4.5982165,3.55408,3.4784594,4.391996,2.7051277,2.7398517,3.8641157,3.0961819,3.2855535,3.5985801,2.6704996,4.6610994,3.2887502,3.3904605,3.3944979,2.9284384,2.499412,3.0472162,1.6335094,3.5278113,3.4411743,3.4134133,2.8288786,2.729831,3.2643592,3.8777523,1.9754515,2.5893118,3.3277109,2.1151748,3.7087336,2.8171704,4.94618,3.453863,3.020702,4.6730256,2.792478,2.8207858,3.5167935,5.3733835,4.200977,4.160906,3.235013,2.657699,3.0305068,2.8117745,2.71697,5.4049206,2.0640628,5.133485,3.389282,2.6122334,2.8188632,2.8682148,2.9172125,2.7445877,2.6739333,2.7465599,4.016406,3.1727479,2.8858728,3.3679016,4.430777,3.4014425,3.8738198,3.3080359,2.9810057,2.6324286,5.196123,4.05325,3.4676476,2.8822422,4.2837405,2.939578,3.4536808,6.6233025,1.829516,3.2409794,3.1249268,4.251073,5.1124887,1.3944674,2.8892252,3.0098734,2.8387353,2.5175698,4.9648542,2.7013676,3.444246,3.1988194,4.142528,3.5542834,1.5100813,3.580908,3.7465334,3.567829,1.9508839,3.251548,3.4208982,3.7784395,3.1887035,3.0582569,2.698621,2.5816617,5.342667,4.77405,4.107329,2.5197308,4.8237877,4.484521,3.401899,2.8816667,5.4227977,2.1958098,3.8189585,2.5649164,5.4467635,2.6971762,1.1565359,3.439429,3.1155338,5.4895344,3.3078797,4.7879214,3.4539726,3.3415008,3.474287,3.8772883,2.7901435,5.338871,2.2369988,2.5127614,3.8393059,3.8504274,5.6738033,5.5919833,4.472988,4.535507,4.0439625,2.8984756,3.5101688,1.303366,5.2674074,3.8781457,3.996056,2.448205,2.713115,2.762292,2.372912,3.4316442,5.1234145,3.1977806,3.8132815,4.1578064,5.9301367,4.014464,3.6772113,2.8954852,3.706643,1.6987054,4.3777857,3.823278,2.9886143,3.1628418,3.5845952,2.463091,5.76894,3.4050455,2.9378853,5.021377,3.8609192,4.9515834,3.8306286
1.6233413,3.211782,1.3590691,2.1324892,2.4651403,2.6061177,1.6421288,1.5396563,2.4319935,1.5197818,1.5349169,1.536878,1.778164,1.5025609,2.9734707,1.4732522,1.4121089,2.4283288,3.046081,2.4047441,1.9331601,3.035612,0.8124494,2.7502105,5.6428313,0.8505831,4.7494817,2.5439935,1.3769939,2.9868038,1.8219981,3.4706442,1.7320194,1.689666,1.6134982,1.6767827,2.8172688,2.1421008,4.535841,0.37287632,1.1504694,1.806373,1.5831066,1.4216462,2.4264855,3.8200347,3.011347,1.9881735,0.64040285,2.5003908,1.5138274,1.0231402,0.31251493,1.5858614,1.1348464,2.4768777,1.7134368,2.4364288,3.2706425,2.962167,1.3324683,0.82442886,1.717635,1.3738123,2.9068742,3.2453237,2.5033207,2.4688764,2.850997,1.8255683,3.5818615,0.5182823,1.914672,1.6226181,3.4576464,1.7416476,1.06113,2.5519447,1.5384357,1.5678444,3.4405642,2.3057477,1.4270883,2.6163366,1.0940244,3.2384968,1.6711284,1.9837067,1.8668596,1.0661976,2.231469,2.3560936,2.472087,1.6982558,1.5835096,3.2812536,2.8625658,1.4267223,2.1845734,3.1958802,2.193771,2.1818824,2.882815,1.9004242,1.3856833,1.2151725,1.9695207,1.1153653,3.6413062,2.882815,2.1932545,9.748243,2.5711443,1.7253461,1.4412875,1.2579618,1.0311116,1.3411329,2.1148553,1.3065803,0.88218623,1.2210681,1.0991459,1.4979494,1.5922508,0.98052305,3.5148044,3.652708,2.6597168,1.519352,3.3247042,1.9896128,1.8161647,0.8057083,1.4835654,1.7164705,1.5537193,2.1574614,2.7078815,2.6282563,3.0598233,1.67261,2.7166042,1.7239505,0.9897535,2.8598368,2.3712795,1.7133468,1.5811459,1.5950567,1.5366979,2.1577935,0.8927603,0.943552,2.3359222,2.3128364,0.9649937,2.910426,4.0823617,2.6239948,3.6407754,2.57926,1.4002602,2.4197617,1.886574,1.9848164,2.3448486,2.1117172,2.8936408,2.4847775,1.6220448,2.2042844,1.3567616,1.5660936,1.6541426,3.372114,1.4891114,2.3926244,2.435666,1.4884967,1.7737733,2.659423,1.843106,0.8122388,1.4121684,1.1754606,1.6214545,2.1570692,1.3445027,0.60010844,1.2484144,2.1623735,1.3201286,1.081822,3.6454341,3.0095615,1.7746444,2.0754735,3.3205938,3.8412175,2.3063335,1.2851717,1.9512203,1.5540603,1.4527545,3.0419893,3.110321,0.95903116,1.5248569,3.1411624,1.0273162,3.9196827,0.815534,0.91481364,0.7393083,2.124351,2.895471,0.48177114,2.1570952,1.7509636,1.047157,1.3398874,1.7644299,3.8981998,2.1049407,2.8492641,2.5239875,3.283699,2.2412717,1.9850137,1.5990312,2.4970286,1.6968138,1.6632005,3.4937696,4.832202,3.2998679,3.9374406,2.7329497,2.425726,3.2969377,1.9984727,3.7345905,1.4426591,3.6561215,1.534151,2.594917,3.198995,2.5584443,1.5857193,1.5214504,1.3172047,0.63350815,2.9779923,2.6245356,3.0029783,3.0742934,2.3616283,1.5273733,0.747938,2.9794495,2.5156121,1.0820391,2.5804157,1.4491467,1.3896042,1.5262556,3.2241364,3.544516,2.2428033,1.7560399,2.2618668,1.7999126,3.2073152,1.5169108,2.8835804,2.1589744,0.45598647,4.5668936,1.5586816,0.86763364,1.0434672,1.8532767,0.7571368,1.867592,2.7691848,1.9116417,1.3272197,2.214897,3.9177737,2.7716472,1.0022876
0.81107765,2.9180462,1.7063249,3.229495,3.0727994,3.0289404,0.8785749,0.6425845,2.061278,0.8165698,0.8209527,0.60268646,1.68286,0.58365613,3.933768,0.98565215,2.2790458,2.6666102,3.4720893,1.861147,0.9585653,2.5032527,1.957824,2.6969733,5.223972,0.85535675,4.9810786,1.7830955,0.4830332,2.3063552,0.9175638,2.9703093,0.82485956,2.414409,0.7639532,1.3454307,2.4158425,1.2011652,3.6471741,1.4634087,0.5187663,1.9568474,0.7758283,0.65132993,2.54906,3.5986383,2.7152488,1.0515237,1.128758,2.1627102,0.73423755,2.2717478,1.4235488,1.1340489,1.0922043,3.3488448,1.0176649,1.6286047,3.6720665,3.2819977,0.9247236,2.0364254,0.945349,1.5419892,2.154954,3.0418582,3.0551374,2.4733834,2.2049375,0.97450066,4.700862,1.7313075,1.0472951,0.7770931,2.888064,0.8457644,0.7482643,1.9295398,0.6777407,0.70450497,3.217582,1.5862082,0.56735843,3.5108986,0.62481815,3.5341482,0.7765567,2.9233525,1.7819767,0.50220746,1.6412861,2.4190307,2.5317435,0.8026579,0.8788371,2.6134768,1.8891028,2.1582706,2.2513063,3.073404,1.7433566,1.9342109,2.6365256,1.0237079,0.63673127,0.47057977,1.0889562,0.6474775,3.9221656,2.6365256,1.7140894,10.3212385,2.9769416,1.709299,0.8381154,0.59338075,0.9496771,1.4433268,1.867651,2.0755572,1.3031964,1.1165354,2.3466275,0.6453389,0.758489,1.2838655,3.2966833,3.36967,2.1538992,0.6598373,3.7011597,1.0915679,1.033181,0.67912096,0.6395549,0.84038293,0.7844499,1.2498212,2.5356238,1.9491771,3.0844433,0.7696265,2.4699063,0.9680516,1.219832,2.5013413,1.2855431,0.969982,1.1636791,1.1946671,0.65902233,3.281395,0.65540075,0.50050294,2.3103526,1.2559847,0.6021112,2.9474916,4.3552256,2.795589,3.743937,2.8005824,0.40555802,2.7605507,2.233399,1.7028407,2.8228793,1.4861314,3.899564,2.6691587,0.7469502,1.9246758,0.43247432,0.6407036,0.903392,3.1395972,0.6614798,1.9227897,2.475279,0.58379716,0.9979692,2.4331,1.0542399,1.9524649,1.9785213,0.6907999,0.73768026,2.9358656,1.3073345,1.5222996,0.7015813,2.2462003,0.41916752,1.0173359,4.0440054,2.2432957,0.91572046,2.5138528,3.630588,4.191441,1.5129979,0.5377488,2.403079,1.5018803,1.6689596,3.8289657,2.916184,1.5929602,1.9056703,2.7064297,0.86309963,3.0659719,0.8440542,0.9449464,0.8751851,1.9359639,2.1262846,1.4103987,2.7189364,0.8820813,0.80381423,0.40255216,0.7812202,3.7695987,2.259788,3.1571622,2.518834,3.6581259,2.1824448,1.430567,0.64890254,2.81804,0.8838476,2.012794,3.1980665,5.040269,2.7829447,2.945601,2.8016753,2.2453227,4.3572216,1.1140459,4.0943604,2.026291,3.4992123,1.8516346,2.1529737,2.894566,2.7859714,0.96059203,0.8307437,1.1552957,1.7798759,3.2141597,2.991179,3.4838698,2.853871,3.1488678,0.66666126,1.691991,2.569872,3.650684,1.0690141,2.7021034,1.3444335,0.76585203,0.5740459,2.8482323,3.5178394,2.4789665,1.0684785,2.7863786,2.3091812,3.494325,2.0711546,3.100819,2.448903,1.1805637,3.650409,1.7356156,1.0730307,0.4850921,0.9139024,0.8179918,0.9830055,3.2038612,1.0992329,1.7405752,3.127022,3.8411095,2.7504427,1.033668
2.4478402,4.4262342,3.0132427,3.27747,4.1786213,4.354531,2.726184,2.5969696,3.7055266,2.538129,2.6836057,2.504233,2.1677487,2.4832284,4.5688405,1.6044163,3.0366764,3.935318,4.697366,2.1037755,2.89578,4.172154,2.219057,2.667262,5.6891007,2.1347427,4.381178,2.5088348,2.2319677,3.7249541,2.8189716,4.5225997,2.4269948,2.6902142,2.2914484,2.6082993,4.1430144,2.9185698,4.4887443,2.131303,2.1019506,0.7054511,2.6569579,2.395315,2.70286,5.210278,4.387923,2.9711568,1.8071432,3.8340893,2.6128058,2.2891161,1.7641978,2.0140307,2.1931984,4.161946,2.8972502,3.4019117,5.003366,4.381277,1.9163595,2.2020884,1.5686764,0.6175664,3.354553,2.95782,4.0928006,3.7261202,3.976232,2.8635008,4.8308954,1.8901947,2.890935,2.0811312,4.3041925,2.399982,1.8201407,3.68837,2.4116635,2.418994,4.846175,3.2325811,2.439784,4.2693486,1.7827265,4.0502257,2.4488227,3.1609,2.3250098,1.9208997,2.0381033,3.5421197,3.654264,2.4414928,2.747372,3.9533427,3.2149026,2.8576798,1.4336082,2.4349022,3.390171,3.096751,4.2038336,2.45646,2.336844,2.1586308,2.8842363,1.9634761,4.5499125,4.2038336,3.4384863,9.552841,4.25174,2.7692194,2.0108945,2.008968,1.7107838,2.0349314,3.3301425,2.3665185,1.064892,1.360465,2.5595517,2.4049096,2.3563745,1.7409078,4.3045006,3.196562,3.8985155,2.4634757,4.9796414,2.8896303,2.8975074,1.9913242,2.524132,2.4019828,2.6977124,2.4027429,4.298618,3.644291,4.285242,2.46066,2.2124991,2.8792229,1.7411213,3.3438919,3.0180347,2.864929,1.9176973,2.7466044,2.4421358,3.3394096,2.0414732,1.886923,3.5635853,2.9349277,1.9424385,4.4454865,5.7368994,4.327829,5.037143,3.5030503,2.2094858,2.932916,2.5089073,3.3447309,2.5934718,1.9419203,4.4213033,4.035865,2.4310875,1.8899217,2.2714746,2.4928567,2.7803245,4.3467526,2.3953588,3.5547385,3.4557328,2.4760633,2.8764377,4.0466094,2.9080951,2.1716835,2.9982603,1.6807582,2.4399052,3.7489638,2.1789622,1.6019343,2.3358285,2.0539954,2.2405052,1.6182916,3.8827584,3.4712865,2.828544,2.9272454,4.832358,5.4895315,2.5409274,2.3824263,2.643092,3.0181231,2.133713,4.681356,3.999154,1.1456239,1.1424155,4.41894,1.5184137,4.4475493,2.1162934,2.0966508,1.6175896,2.5069437,3.7285361,1.7549077,3.5363095,2.8112035,1.4979888,2.2765052,2.675931,4.394094,3.018795,4.241884,3.6122177,5.018372,3.5286593,3.1930323,2.6171813,2.8057718,1.7611881,2.4412236,4.3715444,4.441647,4.259075,4.1972427,2.0425298,3.9526055,4.587564,2.9105802,5.292281,1.1983191,4.0678096,0.6238355,3.9043007,4.189987,3.5094252,1.9752616,1.7042948,2.5027592,2.0530274,3.8190787,2.99166,4.6255417,4.4129763,3.7002347,2.554753,1.7806431,3.0859666,3.7669888,2.1438777,4.2445645,2.3731928,2.4054503,2.1521003,3.6340299,3.1617873,2.9132476,2.8862755,3.9198842,2.690284,4.0259743,3.1364946,3.9700408,2.7026587,1.958126,4.8523254,2.1494555,1.8499578,1.8995013,2.8084474,1.854566,2.4930537,2.8985498,2.9274201,1.632039,3.576347,3.495493,4.009165,2.0129893
0.9619562,2.9517372,1.7551597,3.5697882,3.1372528,3.0534759,0.90127355,0.6063516,2.0617204,0.6447853,0.84394324,0.66772735,1.7791696,0.6471396,4.1232457,1.3844421,2.4889374,2.6664324,3.5121987,1.980256,0.73686767,2.3981984,2.3677979,2.8543591,5.2212763,1.3701134,5.3318167,1.6428075,0.7753208,1.957243,0.8508849,2.8541753,0.83263195,2.6751297,0.89953023,1.1871394,2.3151972,1.1511742,3.2269459,1.9716296,1.012662,2.516288,0.77391016,0.90518355,2.7273555,3.503217,2.6515048,0.8310285,1.7273278,2.1343553,0.7717446,2.736869,1.9328665,1.2887762,1.6105989,3.493771,1.0090377,1.4316137,3.653203,3.2606049,1.4167566,2.5767336,1.1250737,2.09443,1.6917266,3.165426,3.2989259,2.7118235,2.0186417,0.9277076,4.9651,2.2254221,1.0164965,0.7344972,2.5923002,0.8929259,1.3136274,1.8160698,0.71925914,0.72404045,3.1545858,1.5877378,0.64663255,3.6586516,1.2370429,3.9555292,0.7724475,3.2023177,1.8421764,0.978159,1.7612096,2.7185044,2.8202903,0.8090976,0.8765474,2.308603,1.6863424,2.3329425,2.7140698,3.348595,1.7906009,2.2094595,2.6445043,1.0342747,0.96915674,0.9040488,1.0799445,0.9978181,4.295492,2.6445043,1.7339977,10.780742,2.9050362,2.108707,1.0542545,1.0815924,1.5422643,2.0128736,2.0443275,2.6395817,1.9140693,1.7169719,2.7841454,0.71022666,0.888235,1.8932598,3.195948,3.5342655,2.0068598,0.452486,3.6953382,1.0646785,1.0222639,1.2298049,0.6984118,0.8419703,0.76841086,0.9637042,2.282211,1.8162346,3.0073216,0.85225403,2.6930623,0.91668457,1.835425,2.3835652,0.9606888,0.94808847,1.2452592,1.455183,0.74539334,3.622002,1.195837,1.0295554,2.563705,1.0577879,1.0028815,2.7737586,4.3228617,2.7657294,3.6514406,2.8992846,0.5678141,2.946446,2.4399757,1.4999808,3.4195144,1.5908477,4.0956054,2.5708318,0.76112735,2.2196114,0.676025,0.712042,0.5950316,2.923076,0.76199234,1.964143,2.5379972,0.6468338,0.9826844,2.464651,1.0464543,2.3711889,2.0856674,1.207846,0.750873,3.2983708,1.837937,2.009735,0.76585925,2.7720442,0.7276947,1.6051958,4.589008,1.9568279,0.8522179,2.7050958,3.5994008,4.173695,1.2264881,0.60368377,2.6237998,1.4389608,1.8420928,3.9730775,2.7845008,2.1234279,2.3539522,2.575293,1.502402,2.556567,1.3623695,1.4837042,1.5085946,1.9565083,1.9486616,1.8671395,2.8892386,0.79837745,1.3581864,0.46875754,0.30188015,4.0198593,2.6926138,3.2296038,2.3992336,3.6519358,2.4016638,1.4073673,0.5083444,3.3772588,0.99198276,2.2360253,2.9683497,5.375615,2.494668,2.4208686,3.1643105,1.9617467,4.585259,1.0874535,4.0771866,2.4784405,3.5284152,2.37411,2.0602512,2.697178,3.2001078,1.0937622,1.1355003,1.5590562,2.2250845,3.626607,3.545049,3.5305698,2.850965,3.33988,0.6845889,2.1264348,2.4271114,3.971656,1.601811,2.648459,1.3450356,0.69249547,0.8199986,2.7592695,3.732817,2.9817152,1.0681376,2.8235383,2.5490508,3.9136868,2.3517356,3.1783223,2.6461034,1.7301141,3.1668377,2.3001664,1.6762267,1.0027075,0.8357613,1.4153337,0.93997455,3.7920024,1.0925808,2.1094136,3.3919675,4.066135,2.9549265,1.6009253
0.77110755,2.9440825,1.8281478,3.4968793,3.1663663,3.102518,0.876106,0.6578058,2.0673625,0.8367391,0.8317723,0.6012328,1.6286325,0.57511914,4.099775,1.0139829,2.4785452,2.6732507,3.528121,1.7127081,0.8605481,2.438619,2.2137363,2.61714,5.0573306,1.1680236,5.0053234,1.5235907,0.53558165,2.0379868,0.91004395,2.8702261,0.6535176,2.521481,0.65549314,1.2746859,2.3854554,1.1114182,3.3085313,1.7724408,0.76485735,2.1332731,0.7585386,0.7351435,2.5093126,3.5660264,2.7095842,0.94139826,1.4502091,2.163568,0.7444105,2.5541143,1.730923,1.2768787,1.3960624,3.5085068,1.0886089,1.4871827,3.722575,3.2706337,1.077858,2.3707545,0.88752776,1.7389654,1.8798909,2.9237428,3.2121603,2.6148584,2.1036863,0.98973733,4.9104233,2.0204148,1.0418179,0.59658915,2.6551101,0.6894118,0.9837512,1.8709,0.5721806,0.57935077,3.2121074,1.5497742,0.56038064,3.6724966,0.9333784,3.7398312,0.61968946,3.0728817,1.7149464,0.6727604,1.4904007,2.584585,2.6910555,0.6426431,0.88414073,2.3508651,1.6235082,2.299091,2.3353977,3.0273206,1.7697648,2.0307868,2.6507897,0.8381935,0.78480554,0.6640364,1.0727756,0.7273652,4.10636,2.6507897,1.7618132,10.44523,3.0247784,1.9087322,0.7753659,0.7712104,1.2043843,1.7208637,1.9639573,2.3743196,1.5770918,1.3394016,2.6385047,0.5657252,0.67183334,1.574793,3.143506,3.258127,2.0774798,0.635293,3.7372923,1.0582733,1.075737,0.9928185,0.64153105,0.66133463,0.8016509,0.97309816,2.4862456,1.8428109,3.0056558,0.67912805,2.3921065,1.001364,1.5245911,2.308538,1.021492,1.0254855,1.0998447,1.3404788,0.601705,3.5450726,0.98476136,0.7383533,2.4579053,1.0412192,0.7545934,2.8935757,4.3803134,2.8398924,3.687679,2.771572,0.34145585,2.7589834,2.2552924,1.6200361,3.108775,1.3299963,4.0871725,2.6537936,0.6067977,1.885473,0.48064998,0.608436,0.85464,2.9671097,0.59996736,1.9540712,2.4277365,0.57092315,1.0482984,2.4880576,1.091214,2.2214167,2.0976484,0.8393062,0.6011394,3.1761286,1.5810815,1.7752234,0.8278214,2.4051127,0.5174324,1.2502574,4.3049936,1.9570205,0.9354729,2.54371,3.6268873,4.2207155,1.254531,0.6480733,2.4428306,1.5070288,1.7080905,3.9522324,2.764189,1.8236997,2.0439155,2.6495624,1.173479,2.7352815,1.158171,1.2697697,1.2130907,1.8227087,1.9595705,1.6689647,2.792234,0.89476734,0.9933693,0.42092657,0.63397604,3.8022592,2.4702933,3.1766992,2.4197574,3.713847,2.3144946,1.4193577,0.61028415,3.082526,0.7586619,2.23419,3.005742,5.053295,2.5701315,2.5913093,2.820781,2.1884637,4.558077,1.0834002,4.1059604,2.2173383,3.3723938,2.0348535,2.1290834,2.724449,3.0054636,0.8442727,0.7848265,1.390194,2.0671103,3.4174402,3.2566292,3.539198,2.8641438,3.2534742,0.6423834,1.935787,2.3617446,3.909519,1.3779024,2.7253673,1.3636059,0.8107886,0.5155207,2.6562855,3.4528005,2.730704,1.0612807,2.8571815,2.5504103,3.6998518,2.2358155,3.0776122,2.449142,1.4896799,3.3032417,2.0034018,1.4024955,0.6919453,0.88387334,1.161193,0.7790811,3.4801295,1.1169493,1.8513696,3.3953643,3.7747319,2.8680475,1.3521044
1.7521179,3.808423,2.4076185,3.6680243,3.232801,3.372617,2.107652,2.0999842,2.9507782,2.12351,2.0376754,1.9681541,0.7323226,1.906638,3.9846013,1.0301609,2.7673125,2.648194,3.5985596,0.6216163,2.2935476,3.2875066,2.289747,1.0438741,4.3053417,2.1720254,3.8327518,0.86831176,1.7089409,1.9559213,2.3793013,3.422657,1.4928266,1.830098,1.4436748,1.6324981,3.2738369,2.3323877,2.8443093,2.2612267,1.9110419,1.8292058,2.0121002,1.9286616,1.1059959,4.1853085,3.557614,2.2908478,2.072758,3.028484,1.9985595,2.580918,2.1208427,2.3346498,2.4469886,3.584527,2.533295,2.4610436,3.9200008,2.952974,1.6945213,2.7497325,1.3149838,1.5971923,1.9786552,1.4177496,3.518399,3.45087,3.033014,2.4553702,4.6808805,2.1837466,2.4550095,1.2085603,2.5300481,1.4890525,1.7175009,2.8986638,1.5783637,1.5466396,3.9686651,2.6288013,1.8005987,3.7144942,1.9699417,4.256983,1.5378541,2.5311923,0.8013354,1.4750942,0.585524,3.3766775,3.4729276,1.5215477,2.096884,2.1541562,1.9872319,2.2796679,1.5132987,1.6683221,2.77561,2.7455285,3.4230106,1.4206133,2.03599,1.8345755,2.4429495,1.2748114,4.608354,3.4230106,2.955456,9.539526,3.2468793,2.7299602,1.0089123,1.7519177,1.802733,2.4514132,2.897891,2.7496605,1.7497634,1.7024752,2.8333704,1.6162599,1.542588,2.095131,2.4831295,2.006502,2.8925114,1.983906,3.809785,2.411554,2.5272145,1.9483845,1.9160637,1.4011278,2.122789,1.3048825,3.1709206,2.6978924,2.6708846,1.7261792,1.0220684,2.4230504,2.1645718,1.3490158,2.0725439,2.4733794,0.99317694,2.470716,1.7311957,3.6629665,2.0829988,1.5718732,3.327296,2.1010535,1.4035878,3.0528085,4.592042,3.345107,3.5226974,1.9467267,1.5669553,1.50202,1.1804835,2.0916755,3.5015376,0.54018396,4.05821,2.7288377,1.5359254,0.8959665,1.7340013,1.889393,2.1589026,2.4733508,1.6196623,3.027466,1.9341841,1.8750201,2.513338,3.454052,2.5317695,2.3768725,2.2900026,1.3714124,1.564566,3.6108735,2.4898996,1.7905818,2.0316987,2.3510377,1.7698706,1.7055767,4.751366,1.6982409,2.4260268,1.6015438,3.4645772,4.3054,1.2827933,1.9860789,1.4062284,1.9759474,1.1820669,3.8262005,2.1442761,1.625004,1.3084048,3.4663148,1.9750719,2.7059047,2.142573,2.2898047,1.975975,0.6597467,2.6241016,1.8606766,2.4159596,2.386861,1.3540713,1.7497919,2.0426736,3.881144,3.1336572,2.9726279,1.9267461,3.9761865,3.1897202,2.4567106,2.0679424,3.5932465,1.1226413,2.96238,2.4515047,3.8396463,2.5326376,2.6422362,1.5397186,2.8381264,4.423772,2.4301672,3.9880698,1.807379,2.3654733,1.6392617,3.0921433,2.396942,3.7184749,0.81996286,0.98627394,2.4539266,2.3473818,4.008205,3.7491667,3.4896414,3.5994954,2.7496543,1.9130951,1.9569969,1.1883062,4.01122,2.3975492,3.178153,1.6671234,1.9779655,1.5280629,1.7099603,1.980899,3.4095788,2.2276483,2.8866594,3.2621636,4.231608,2.5217752,2.4915462,1.2506073,2.0545838,3.1075878,2.640973,2.217865,1.5439266,2.340296,2.078996,1.4146394,3.862943,2.5246744,1.0981683,3.960023,2.4488294,3.6539419,2.304259
1.4523163,2.1063597,2.1658473,4.3427873,2.8939543,2.5259113,1.1973257,1.3278804,1.3309833,1.7411983,1.223993,1.3582379,2.6305194,1.3619243,4.1497235,2.3511477,3.0392485,2.1876829,2.8788018,2.737294,1.0411812,1.3713504,3.191266,3.373348,4.7913194,2.1247954,5.6089983,2.3624032,1.6022708,1.5072052,1.2289011,1.7549491,1.4362688,3.2110531,1.5760617,2.0260653,1.2733455,1.2269914,3.3332767,2.683635,1.8580074,3.6283758,1.2152843,1.5220087,3.1666613,2.2927139,1.6157719,0.9370552,2.5582087,1.3045053,1.271571,3.5352201,2.9270482,2.660267,2.301051,3.5771546,1.3149325,0.7618366,2.9562576,2.8017495,2.1523502,3.347291,2.50944,3.3017948,2.1939611,3.6150649,2.9187145,2.3596058,0.92561597,1.2472236,5.3457417,3.1334112,1.2319164,1.940889,1.7640321,1.4842719,2.1711466,0.9937967,1.4067509,1.4031652,2.0413632,1.2751446,1.3961679,3.7613192,2.2362678,3.8905265,1.3866571,3.6378343,2.6122108,1.9372681,2.5520744,2.508067,2.5626483,1.4071724,1.1757349,1.7369695,1.5724251,2.9127204,3.605953,4.0482855,1.3259033,2.1088223,1.7523901,1.5283792,1.646111,1.7439932,1.2649325,1.9350337,4.057898,1.7523901,1.324241,10.888362,2.6886017,2.2974916,1.9300491,1.9152666,2.3937378,2.6821818,1.7464789,3.1631846,3.0264552,2.6948426,3.5029,1.4123605,1.5033772,2.68764,2.656002,3.9037871,0.94961566,1.6456714,2.9727206,1.2313623,1.2887262,2.0945358,1.3311206,1.4743761,1.2292233,2.0214696,1.4143082,0.98311794,2.377278,1.3977845,3.382323,1.211043,2.6627913,2.4261978,1.0136895,1.2839785,2.3887272,1.6615579,1.3815061,4.352904,2.0835524,2.0046334,2.2888925,1.1500067,1.981567,2.031051,3.352342,2.0096695,2.786035,2.8199623,1.599568,3.3357816,2.9940047,1.2323859,4.0122685,2.49656,4.3335075,2.1313684,1.3987815,2.9468026,1.5563692,1.3486623,1.3676941,2.3571467,1.4299594,1.4518267,2.2883089,1.3626033,1.3011978,1.7146283,1.2825456,3.2507489,2.5091095,2.186069,1.3851297,3.2383242,2.4641438,3.0246086,1.8902344,3.3712306,1.6034272,2.4751053,4.94634,1.7754564,1.2637347,3.024647,2.9304154,3.3261151,2.1656435,1.6586426,3.1269052,1.5956879,2.731202,3.7234988,2.3546052,3.2341526,3.455813,1.4131498,2.5468185,2.1456861,2.129438,2.255998,2.5114276,2.573527,1.1317911,2.869158,2.8114066,1.250864,2.3871825,1.6279286,1.3663862,3.6614647,2.8267584,2.6859698,2.2883985,2.8983216,2.0781105,1.036946,1.2885348,3.8662138,2.2857206,3.3749912,2.4203436,5.6522846,1.6079099,2.363852,3.9359953,1.4834108,5.0034323,1.2240049,3.3246922,3.6733837,3.2962599,3.5780225,1.1281341,2.017085,3.2209225,2.056435,2.1991756,1.988631,3.1451168,3.5806491,3.9818509,2.996275,1.893992,3.4581995,1.2895465,3.1392608,2.9186575,4.5965333,2.3148158,1.8840485,2.327854,1.8338056,1.67845,2.6313534,4.171546,3.3125587,1.1120168,2.6482,3.6020088,3.848937,2.3310447,2.8188508,3.0772758,2.4964585,2.818616,2.905003,2.5171409,1.9650254,1.2101603,2.334725,1.446072,4.351634,1.2636466,3.0727599,4.0657587,4.4060144,2.467121,2.3778546
0.8960149,2.4654746,1.7103971,3.6146522,2.9820085,2.787948,0.5727603,0.32171458,1.6094259,0.8057885,0.55996656,0.48692262,2.1846664,0.5151303,4.0238667,1.6702957,2.4918506,2.5169058,3.2600076,2.3784027,0.2856041,1.9636166,2.4610095,3.1909935,5.276572,1.2282109,5.486012,2.1113536,0.79376847,2.0795584,0.36916393,2.5036092,0.95763993,2.8485022,1.0261511,1.5221648,1.8418003,0.8557398,3.615256,1.9114926,0.9463277,2.7817209,0.51039433,0.7458153,3.0028102,3.0579317,2.1659138,0.41199034,1.6958424,1.6754502,0.5242281,2.7967389,2.0298116,1.5811932,1.4100351,3.394193,0.48075885,1.105596,3.3772705,3.1830294,1.4395344,2.5286753,1.6420624,2.3956711,2.11375,3.5055742,2.966916,2.2639844,1.5964142,0.41845566,4.9701996,2.317656,0.55374676,1.2386476,2.5850036,1.0083504,1.3471375,1.3592224,0.79983056,0.82601273,2.6748369,1.1977704,0.5991257,3.5707316,1.2528033,3.6171446,0.87435865,3.2988524,2.2328258,1.1234123,2.1568623,2.3053133,2.400211,0.9146892,0.54833794,2.3950384,1.7593561,2.4403477,2.989714,3.6973968,1.3358607,1.892718,2.1838377,1.1765982,0.78724766,0.85852945,0.6646482,1.2160163,3.9226062,2.1838377,1.206632,10.778549,2.7896466,1.7982513,1.3476342,1.0882837,1.5701083,1.8828624,1.6087558,2.4947166,2.1062827,1.8477094,2.7814639,0.7670623,0.9515796,1.8661656,3.2334995,3.8168006,1.6005067,0.6875307,3.4402964,0.6647045,0.5036401,1.1824118,0.53504384,1.0123839,0.4227253,1.5161316,1.9765179,1.4587983,2.9328556,0.8253655,3.0498958,0.390201,1.796439,2.6382453,0.91768515,0.4236556,1.7243049,1.0778334,0.71419835,3.6608264,1.1111964,1.1443175,2.1238143,0.9605071,1.1951314,2.6009676,3.9793756,2.4098868,3.4746099,2.9752426,0.7776066,3.1850104,2.6990232,1.4134314,3.2852838,2.029196,4.043684,2.4562075,0.86097074,2.5218592,0.7031117,0.5817622,0.5608387,2.9815361,0.7973957,1.4774811,2.5349312,0.5376237,0.45891508,1.9501679,0.53487664,2.4682202,2.1201944,1.393269,0.8356521,2.977613,1.6532698,2.1988828,0.91372347,2.7950683,0.72754306,1.6736143,4.364304,2.15807,0.33333936,2.874135,3.4322698,3.8853643,1.7604374,0.6554664,2.8540237,1.4050403,2.1856587,3.8150415,2.8578603,2.3797228,2.700878,2.1226878,1.5677722,2.761498,1.2338166,1.3332763,1.5481014,2.3323786,1.7048737,2.033058,2.8424473,0.27732047,1.5651438,0.6866992,0.4875509,3.795154,2.390162,3.0626116,2.5219646,3.3388844,1.9557432,0.98363614,0.27517003,3.1948597,1.5141422,2.3954687,3.0532086,5.5440264,2.4486668,2.7258754,3.4837897,1.7812147,4.601936,0.6783343,3.864172,2.8127995,3.6438074,2.701089,1.577223,2.693541,2.8426678,1.4878105,1.4986436,1.2589954,2.310741,3.2819884,3.3445032,3.3297262,2.3897738,3.3610864,0.5206665,2.3207421,2.861055,3.9761271,1.4207611,2.322627,1.6785055,0.9180978,0.96032256,2.9560773,4.0318108,2.7196233,0.6847612,2.7161782,2.652077,3.5727928,2.1331675,3.1432037,2.883824,1.6878936,3.4080515,2.1569865,1.6040963,1.1218191,0.39007995,1.3769546,1.0967629,3.6475112,0.6075702,2.429774,3.3362956,4.319466,2.5006192,1.4693526
1.1267537,2.990579,2.0264642,3.8741775,3.3815548,3.260677,1.0565358,0.81057656,2.136091,0.88442147,1.0386001,0.86379373,2.0122595,0.862658,4.4077077,1.5999473,2.7881892,2.86629,3.7106721,2.0920808,0.77599263,2.393915,2.6944637,3.029029,5.223158,1.6384479,5.5029655,1.6916183,1.0103376,1.9518663,0.92825055,2.844874,0.98678476,2.9739797,1.0827752,1.415386,2.3509266,1.1526937,3.1003647,2.2837176,1.2596176,2.7381625,0.9561393,1.1107253,2.9399722,3.5377944,2.6979375,0.86262816,2.0124207,2.208708,0.9743795,3.0638547,2.252297,1.4718897,1.8349042,3.7708263,1.1295193,1.4147576,3.8377388,3.458769,1.6307994,2.8872883,1.2943875,2.3430028,1.669592,3.2932124,3.5206728,2.8423138,1.9950193,1.0064785,5.2706914,2.550495,1.070878,0.95848453,2.5856183,1.0407106,1.56585,1.8241656,0.93861365,0.9369291,3.1985028,1.6089329,0.8957969,3.9369771,1.4738567,4.1148033,0.94834733,3.5106518,2.0689714,1.2649381,1.8814793,2.8646154,2.9604435,0.9743125,1.0558734,2.2902687,1.606282,2.6335108,2.918411,3.4934814,1.8720047,2.3308644,2.712285,1.1448509,1.169794,1.1532834,1.1213288,1.2911255,4.4431295,2.712285,1.8017188,10.98355,3.11769,2.2861304,1.2937037,1.3090707,1.7935189,2.228811,2.1630275,2.9095633,2.1953747,1.9509728,3.1068492,0.93984747,1.0745947,2.1516805,3.2859604,3.6292882,2.0371714,0.72697705,3.8780396,1.1000303,1.1080213,1.513703,0.917335,1.0081638,0.9572205,1.028331,2.378025,1.812811,3.1530068,1.0065126,2.8358624,1.0371516,2.0875719,2.487863,0.8644084,1.0677246,1.479245,1.6150494,0.9494155,3.930341,1.4659222,1.3255392,2.6963825,0.99840564,1.3148135,2.9140897,4.46326,2.9274416,3.784058,3.1087592,0.84576964,3.1872091,2.7021809,1.6661766,3.632288,1.7212174,4.386185,2.7604156,0.95357597,2.3836358,0.9328393,0.8986163,0.7984917,3.010523,0.98646116,2.0177963,2.7212086,0.8700223,1.0804423,2.5417905,1.1249828,2.6951613,2.3733766,1.4596038,0.94224435,3.5507734,2.0424604,2.3305588,1.0539087,2.959166,0.98144674,1.8545426,4.762111,1.9368519,0.9468318,2.9657347,3.778935,4.3381367,1.2896553,0.90234184,2.892712,1.681012,2.1204836,4.2315917,2.8964524,2.4219086,2.6241803,2.5856133,1.7454972,2.4335656,1.6357644,1.7375071,1.7847868,2.1497567,1.9058865,2.191346,3.1475303,0.9031875,1.6252394,0.7931445,0.4988841,4.10158,2.8671918,3.4243722,2.5766702,3.8290606,2.535926,1.5048057,0.71102196,3.562557,1.1746488,2.4699006,3.0385573,5.542193,2.5066218,2.2481828,3.3547163,2.083562,4.882844,1.1227494,4.2525606,2.76315,3.6369588,2.6296363,2.1026635,2.773342,3.362509,1.3124176,1.3462247,1.7641325,2.5471451,3.781076,3.733005,3.7428427,2.9144056,3.6232023,0.893468,2.4474657,2.520821,4.278233,1.833391,2.8073928,1.6090528,0.9688007,1.0173739,2.8384922,3.884029,3.1590505,1.1958745,3.0673475,2.788768,4.071866,2.6131997,3.368741,2.889742,2.032454,3.013395,2.5077534,1.9351639,1.2856483,0.901322,1.6900107,1.06149,3.989718,1.1533521,2.3974903,3.663177,4.1960235,3.068218,1.8428519
1.4805046,3.2500558,1.8445091,2.6340575,3.1008658,3.1610925,1.5627165,1.4195243,2.5030699,1.4673309,1.502194,1.3859438,1.9453064,1.3739239,3.6705534,1.2445499,2.0348608,2.922665,3.5945768,2.2534666,1.7794989,3.0527442,1.4291399,2.8648627,5.632013,0.74728465,4.8085804,2.4291108,1.2004845,3.0864263,1.6417779,3.524018,1.6046159,2.238112,1.4728863,1.8567965,2.9200091,1.918968,4.4507647,0.9049391,0.9162095,1.4695035,1.5098728,1.2676766,2.6640935,4.0212655,3.1450236,1.8614132,0.5636262,2.6103592,1.4481894,1.596213,0.7548841,1.3003625,0.87982845,3.1601243,1.6063615,2.3706522,3.830469,3.5056946,1.0769185,1.2340751,1.3874165,1.0539026,2.9237707,3.2741559,2.943876,2.5265958,2.8551915,1.655351,4.2310514,1.0665444,1.7246634,1.4965831,3.6063375,1.598016,0.80503243,2.5305228,1.4577091,1.4893013,3.6117764,2.1618173,1.3436463,3.3014026,0.6402535,3.226987,1.5675408,2.6226077,2.0690713,0.9366219,2.072875,2.3885393,2.5088036,1.5843177,1.555371,3.3664787,2.678766,2.0332885,2.0075922,3.0961237,2.188111,2.097103,3.0044227,1.7558095,1.1713462,1.0177809,1.7581111,1.0928596,3.6796315,3.0044227,2.1606543,9.877975,3.154961,1.6430479,1.3747852,0.9900041,0.7484365,1.0498899,2.1197891,1.4450479,0.6110667,0.81921554,1.6982089,1.418896,1.4679693,0.7656438,3.7733955,3.580801,2.7485187,1.4245338,3.8710403,1.7812574,1.6571983,0.6692494,1.3927459,1.6102796,1.4933109,2.0176418,3.0547986,2.5986555,3.4680429,1.5173633,2.6273477,1.6250249,0.690265,3.0293043,2.1853344,1.5963292,1.5674533,1.4927864,1.4238071,2.6919472,0.6784457,0.81322694,2.363952,2.095281,0.96893275,3.369587,4.565193,3.0600188,4.093702,2.9834995,1.2548066,2.7875698,2.2550154,2.2828417,2.1588764,1.9455475,3.572122,2.9950562,1.5298103,2.0708058,1.207073,1.4196846,1.6513075,3.6935873,1.4072096,2.3475971,2.771371,1.3726851,1.6238582,2.7586741,1.6779629,1.3807238,1.9989244,0.92612815,1.5252426,2.583895,1.0533115,0.9681546,1.215571,1.9311746,1.1522312,0.80304444,3.473338,3.0133035,1.6122272,2.5277717,3.8573177,4.3705077,2.227043,1.2155954,2.369569,1.9265561,1.7496676,3.707428,3.4104512,1.0078169,1.5393556,3.2379603,0.47057357,3.9470105,0.72859937,0.71168804,0.314877,2.2973542,2.8330233,0.92525584,2.7217605,1.5987194,0.8019633,1.2303308,1.656887,3.8510725,2.0382977,3.324085,2.9317713,3.8161259,2.2992067,1.998441,1.4784802,2.272421,1.4525495,1.7239636,3.7796376,4.8911695,3.4823,3.8496742,2.6734555,2.7781398,3.936551,1.7957752,4.2812343,1.5054712,3.8407557,1.3385164,2.6715882,3.471459,2.5182157,1.5080658,1.2935336,1.2019769,1.1700428,2.9427605,2.4406319,3.5833828,3.215305,3.0091517,1.4379576,1.172852,3.0735903,3.081928,0.8288909,3.0113297,1.656656,1.365603,1.304419,3.36068,3.5917196,2.0748868,1.7077966,2.8788257,1.9364879,3.192455,1.9908574,3.301274,2.499965,0.6941871,4.5306606,1.2982076,0.57502353,0.8775519,1.6620849,0.47436267,1.7527773,2.560183,1.7315966,1.5392431,2.645369,3.9189668,2.8395216,0.71587026
0.7430139,1.9294894,1.9027674,3.927608,2.7757325,2.4632015,0.4862515,0.7547682,1.02598,1.4015142,0.5595639,0.6997292,2.2613542,0.71257883,3.934841,1.7195228,2.7051713,2.090248,2.827175,2.2977853,0.5144544,1.3244975,2.6764503,2.992569,4.6772246,1.4374635,5.1172223,2.1001847,0.9195334,1.6692208,0.64684975,1.7949919,0.8449774,2.8083556,0.9448913,1.799222,1.2475992,0.6185854,3.5198007,2.0580122,1.1495804,2.9384215,0.54481345,0.80061835,2.78309,2.426512,1.5932927,0.37461933,1.8529345,1.0885038,0.60957056,2.9856827,2.3315084,2.2369373,1.5949916,3.3817308,0.7874139,0.43786138,3.0023334,2.7792313,1.4201571,2.7261748,2.02593,2.6418715,2.2836666,3.2613087,2.575125,1.8964634,0.95671546,0.6777146,5.054631,2.5490522,0.62454224,1.5181122,2.0059447,0.8772369,1.4465419,0.7671074,0.7947512,0.8052974,2.0889258,0.7415482,0.7687665,3.5694184,1.5281115,3.3266132,0.78930116,3.25927,2.2780147,1.2784895,2.0961816,1.9799807,2.0560966,0.80787426,0.51237047,1.8924232,1.3608904,2.5887544,2.9630816,3.552588,0.8425097,1.4970692,1.5912553,0.97275066,0.9270675,1.043588,0.63914835,1.3323946,3.5639496,1.5912553,0.8944911,10.370595,2.7078412,1.6180272,1.3691714,1.1926755,1.6614686,1.94234,1.2130953,2.4715953,2.3437479,1.9726288,2.9812577,0.789431,0.8493197,1.9526094,2.6539006,3.510017,0.92264104,1.2624216,2.9984455,0.6020258,0.7230098,1.407031,0.677948,0.9114753,0.61071914,1.7689265,1.6941198,0.7698375,2.3920424,0.716351,2.9086428,0.6582154,1.9277982,2.304696,0.69441485,0.73923755,1.9820834,0.97004914,0.71289617,3.9410167,1.404583,1.3408587,1.7869064,0.69527584,1.3788861,2.2093759,3.459358,1.997987,2.906294,2.5658803,1.0098718,2.9802895,2.5966456,1.1696581,3.2871811,2.046615,4.1006947,2.1579843,0.7969794,2.3938272,0.9037603,0.6682597,1.0697477,2.5088785,0.7870082,1.0406737,2.0342972,0.7167614,0.7492156,1.4912065,0.7072208,2.7318232,2.2289138,1.5049243,0.7759457,2.7718554,1.7343786,2.4382381,1.4620765,2.6567113,0.93474627,1.7472024,4.275895,1.7775236,0.7176993,2.6670592,2.9654057,3.3992083,1.9745791,1.171227,2.734098,1.3545687,2.335072,3.56091,2.362906,2.6085243,2.8679702,1.4928385,1.8330841,2.5325363,1.4445652,1.5605379,1.8113487,2.2695234,1.0315756,2.305425,2.5175674,0.71370625,1.7109555,1.1115266,1.0437342,3.242115,2.1755424,2.5385675,2.249054,2.931261,1.5895503,0.44674417,0.7577467,3.1571724,1.8201262,2.9818478,2.576719,5.1746926,1.8605375,2.650289,3.37767,1.6859488,4.737461,0.59665275,3.3774877,3.103093,3.1122587,2.9385152,1.0076151,2.136699,2.6273923,1.562974,1.6174674,1.2873766,2.6028543,3.0069354,3.2830536,2.9311094,1.7890714,3.180757,0.64070964,2.5971277,2.782237,4.217258,1.6052781,1.8906807,2.018375,1.4589455,1.0217586,2.511927,3.7596786,2.6324148,0.39012787,2.5286915,3.2149673,3.2849119,1.8586124,2.6272073,2.6913044,1.8244809,3.1667705,2.1683521,1.7991459,1.2915586,0.61408216,1.6405269,0.9142645,3.6331196,0.6662475,2.541501,3.7172232,3.98802,2.0695622,1.6612632
0.8416175,2.8379352,1.5914519,3.4322143,2.9504583,2.8669825,0.75803673,0.4592575,1.9311644,0.583307,0.67554224,0.52714413,1.704594,0.49185035,3.9355867,1.312346,2.328251,2.4889057,3.3261209,1.9686986,0.67471963,2.306669,2.2101176,2.7837162,5.1782207,1.2127948,5.23487,1.6759876,0.63614744,1.9247601,0.771878,2.7652154,0.7410581,2.5178306,0.7959276,1.114994,2.198749,1.104896,3.3207564,1.7954122,0.87385386,2.4579334,0.618166,0.7606999,2.6222615,3.3803656,2.5275083,0.7602976,1.5770457,2.0006702,0.60547125,2.5763133,1.7911307,1.310401,1.4801866,3.3138258,0.8988214,1.3640974,3.4746435,3.0938823,1.3020148,2.4155197,1.1657927,2.032406,1.7588744,3.1191008,3.1021209,2.5653753,1.9396126,0.8443179,4.7983623,2.0731182,0.94185615,0.718645,2.53561,0.80579543,1.18434,1.7242372,0.5747113,0.5864361,3.0288174,1.5083209,0.46743122,3.480983,1.1366463,3.8153474,0.66074026,3.0309885,1.7640545,0.8334964,1.7465562,2.5711336,2.674125,0.70590734,0.71407104,2.2749796,1.7017962,2.1773217,2.6463933,3.3095174,1.6651943,2.0837758,2.5121481,0.9698816,0.8386645,0.7586824,1.0128239,0.85227704,4.1511407,2.5121481,1.6195339,10.647668,2.7468686,1.9662517,0.9516972,0.9610606,1.4166589,1.8915113,1.9049612,2.4748292,1.812096,1.6250212,2.6176562,0.5556472,0.7699117,1.7587171,3.0948832,3.496935,1.8963524,0.378332,3.5160992,0.99993634,0.93161356,1.0736164,0.5310148,0.7489141,0.6087653,1.0380116,2.1524282,1.7338616,2.8619177,0.74394435,2.6543067,0.8014731,1.707785,2.3196933,0.9783998,0.8389526,1.2080274,1.3159269,0.60124916,3.47782,1.0518343,0.8800563,2.4197779,1.0554789,0.8467933,2.626011,4.1532598,2.590616,3.499428,2.7495525,0.42503113,2.819686,2.310726,1.3517648,3.3009346,1.5849199,3.9234052,2.408329,0.6378347,2.1640282,0.51928324,0.57637095,0.48921594,2.827838,0.60963583,1.8546002,2.3867154,0.48502105,0.8880575,2.3314,0.9583459,2.2215767,1.919148,1.1013998,0.6261925,3.102144,1.7167555,1.8745164,0.66076523,2.6737316,0.575794,1.4858474,4.4758716,1.9488723,0.765611,2.5545874,3.429109,3.9983602,1.2858217,0.45020452,2.4854946,1.2646706,1.737365,3.7785501,2.6787486,2.0166051,2.2717621,2.4705386,1.4084305,2.6064432,1.2030557,1.3413297,1.3853793,1.8851975,1.8954108,1.7267718,2.7016056,0.70744276,1.2511054,0.29904917,0.271407,3.9134312,2.5526133,3.0507479,2.2752686,3.4722555,2.2530615,1.2738479,0.36574543,3.2652895,1.0135226,2.1857073,2.8860214,5.2825327,2.4224935,2.5231652,3.1001103,1.8408575,4.4275384,1.0207281,3.9035063,2.398445,3.43564,2.3097308,1.9432817,2.5968404,3.0611408,1.0294675,1.0845894,1.411663,2.0783408,3.4895957,3.4271183,3.344248,2.7188814,3.158684,0.5213634,1.9946634,2.4175584,3.8198788,1.4690733,2.475844,1.2634269,0.6090024,0.72703546,2.695883,3.6683922,2.8579755,0.9306757,2.642169,2.4834626,3.7740266,2.1485336,3.0185282,2.5181854,1.5611466,3.2392607,2.1799448,1.5429888,0.8607235,0.7640024,1.278245,0.86859894,3.6807144,1.011539,2.000105,3.2648315,4.004294,2.8124247,1.4693142
3.2266157,4.4514365,2.0941737,0.7382816,2.6089814,3.0450225,3.1926196,3.0694165,3.7743616,2.8330235,3.066739,3.1157954,2.7696686,3.0771575,2.3059964,2.971343,1.3228595,3.1540084,3.453291,3.7152846,3.4675424,4.4094048,1.005707,3.6573398,6.833505,2.4170492,5.3654213,3.861528,2.991095,4.272412,3.360534,4.810998,3.30741,1.9576977,3.200993,2.7395484,4.0961995,3.737671,5.7468486,1.6567106,2.7769327,2.8323479,3.1323237,3.026826,3.2507136,4.887164,4.2104197,3.5216196,2.1606739,3.7970748,3.0623417,0.71946067,1.4623604,2.6879547,2.6173668,2.0079849,3.181074,3.9501991,3.5876486,3.4265106,2.9264383,1.2061614,3.0722232,2.47443,4.0066385,4.235708,3.0643954,3.6234941,4.265057,3.3489459,2.2406209,1.1997112,3.4626575,3.0380907,4.6967444,3.3256776,2.678665,3.9893494,3.103413,3.1279836,4.5460963,3.843052,2.990226,2.0343523,2.6986842,4.079412,3.2398212,1.7057309,2.8206773,2.6719577,3.5890932,3.5076904,3.6047318,3.2712355,3.1052146,4.583714,4.427417,1.6007049,3.2234654,4.1581354,3.61731,3.5905838,4.101804,3.4713032,2.9957726,2.8387685,3.5357585,2.6542628,4.4409633,4.101804,3.5931652,9.810253,2.7807565,3.0838442,2.940641,2.8927608,2.6014533,2.7336013,3.4779036,2.191916,2.1473577,2.7006788,0.6218055,3.065547,3.182615,2.4139767,4.530454,4.7507596,4.00974,2.9158473,3.7123911,3.5607228,3.3242664,2.427597,3.0468493,3.2750995,3.0758119,3.4934607,3.6102908,4.1015105,3.8847325,3.2746434,3.8293483,3.213993,2.443932,3.9558687,3.9457834,3.1991084,2.7867706,3.1004102,3.122963,0.7089301,2.487371,2.561038,3.5381494,3.9137971,2.5120661,3.6243944,4.54346,3.3786657,4.3116245,3.329823,2.9714003,2.9894083,2.5755217,3.1291924,3.1115005,3.465889,1.92944,3.1203055,3.1880198,3.4713955,2.9531815,3.155588,3.0117764,4.295931,3.0641773,3.8023775,3.432411,3.0607023,3.2723753,3.8684552,3.3580754,0.9481182,1.8827568,2.7637837,3.1904528,2.5292244,2.7930613,1.5452408,2.5917547,3.356255,2.9262338,2.6234684,4.271504,4.3765116,3.2874231,2.6523623,3.7738385,4.210349,3.5497146,2.7421994,2.5105946,2.6451726,2.280831,2.8425071,4.0874743,1.8852443,2.311181,4.4168315,2.5673978,5.1628757,2.3894434,2.444772,2.3068547,3.1394782,4.3991413,1.5356148,2.6403265,3.2605217,2.5942328,2.848903,3.1944551,5.0746713,3.2763252,3.5105264,3.3099828,3.6732898,3.4714456,3.4466178,3.119061,3.402869,3.0927517,1.955783,4.4615636,5.4547515,4.5110126,5.2418365,3.6136234,3.3002477,2.0093787,3.5660477,4.09092,1.9034674,4.6581464,2.3957572,3.9184406,4.262826,3.5543144,3.015716,3.0256038,2.8046262,1.0838088,3.9118712,3.463992,3.3184974,4.250247,2.297145,3.087515,1.3546277,3.961819,1.0475409,2.5757785,3.3843908,2.4165757,2.7035944,3.140378,4.360786,4.3952193,3.2953575,3.281277,2.5538318,1.7998221,4.0601616,2.4028046,3.6278877,2.8732128,1.9871948,5.849736,2.8423204,2.3727465,2.6631966,3.4057548,2.345192,3.424187,3.4824233,3.4452348,2.1753838,1.3727384,4.833855,3.9009156,2.5152254
2.5624495,4.218419,1.8949343,1.6281058,3.1638145,3.4449055,2.54362,2.304707,3.455109,1.9567156,2.4309688,2.3680437,2.3093328,2.3406088,3.3510425,2.2551847,1.6049483,3.3831432,3.9478288,3.0819485,2.7099018,4.050784,1.0958116,3.4396167,6.650607,1.7618891,5.4915967,3.1498137,2.248724,3.8453014,2.5975962,4.539911,2.6166081,2.2645326,2.513443,2.1208417,3.813296,3.0144756,5.0590634,1.3888444,2.0233698,2.1560242,2.4602323,2.3293922,3.1761653,4.8545237,4.013553,2.8063128,1.5885085,3.5184796,2.3897734,1.1905848,0.8474681,1.4676647,1.9462053,2.8324282,2.472325,3.382514,4.085414,3.8242493,2.2709322,1.2178451,2.046346,1.6699948,3.2973948,3.9499679,3.4724486,3.44719,3.8261285,2.5999148,3.486626,0.96664864,2.7273548,2.1972997,4.4173126,2.6359296,1.9844264,3.5181835,2.419889,2.4466712,4.4523077,3.256293,2.2780495,2.9164307,1.8471128,4.079473,2.5554132,2.4302046,2.4155948,1.9518876,2.9268515,3.3251188,3.4413474,2.5869968,2.478678,4.196075,3.751867,1.7697644,2.7635605,3.7861667,3.1895823,3.2134042,3.920932,2.7983832,2.261357,2.0928614,2.8022115,1.9864204,4.5204263,3.920932,3.1055744,10.3689575,3.1125479,2.6958516,2.2788112,2.1518338,1.9396234,2.1604304,3.1235101,2.1237047,1.4017737,1.9691308,1.237296,2.3797867,2.5097792,1.8599275,4.5115604,4.4188485,3.6676936,2.038443,4.206256,2.8293078,2.5955994,1.7250576,2.344098,2.5945685,2.3935137,2.6307402,3.4981887,3.6284614,4.044113,2.5780935,3.3788989,2.510627,1.8204155,3.6851554,3.190658,2.479743,2.022594,2.53957,2.4287171,1.7399268,1.7250049,1.8320202,3.3084471,3.1645584,1.8266737,3.7613425,5.008376,3.5472803,4.6165447,3.5135791,2.1898315,3.122909,2.5653355,2.8430026,2.8804464,2.749911,2.995555,3.298699,2.5079553,2.9561527,2.1999066,2.4293058,2.2504098,4.2613983,2.3889606,3.355871,3.4701693,2.332858,2.5372972,3.631212,2.6330845,0.91534114,1.9344186,2.025911,2.5069776,2.9760718,2.1754503,1.0711672,1.7189151,2.9612637,2.168763,1.9724216,4.16922,3.8628993,2.523487,2.8479161,4.220426,4.737128,2.7450936,1.9188019,2.6236515,2.3711488,1.900797,3.700322,4.047015,1.2981931,1.8178427,4.1515417,1.710673,4.6014957,1.7365664,1.7590753,1.5204417,2.7678125,3.8973439,0.99913996,3.0654886,2.4941921,1.8601478,2.024452,2.3501012,4.9485083,3.0263944,3.866011,3.3058136,4.139249,3.2363784,2.9628499,2.3392463,3.1083436,2.1645424,0.92642987,4.381297,5.5693374,4.266065,4.5073566,3.3073947,3.1020901,3.1421585,2.8423374,4.62999,1.3298706,4.6289062,1.6981926,3.5752842,4.1675663,3.404643,2.3148675,2.239963,2.2433655,0.78760153,3.834072,3.2418797,3.866191,4.1141043,2.9992125,2.3865733,0.93652505,3.5241842,2.1758099,1.9062591,3.5176787,1.7673129,1.8390611,2.3779986,4.1269646,4.245427,2.993373,2.6873937,2.976246,0.9829435,4.0492873,2.5657992,3.8905063,2.9077685,1.5287222,5.2406106,2.3500912,1.6978664,1.9290589,2.638932,1.5950742,2.7542784,3.2672732,2.7266145,1.8197823,1.7275469,4.677365,3.766174,1.830164
2.8659232,4.71861,2.4876428,2.6016748,4.04901,4.27008,2.8275788,2.479181,3.9268148,1.9555019,2.7352507,2.5813563,2.6798441,2.5674667,4.4004383,2.5934546,2.4908895,4.147787,4.82678,3.2909346,2.8128197,4.432037,2.2015638,3.9343066,7.104392,2.3022268,6.2369204,3.180913,2.5257716,4.063125,2.7347708,4.9704103,2.8521886,3.1657476,2.7891805,2.2922995,4.249048,3.1759505,4.842226,2.3405266,2.3775017,2.599046,2.724388,2.6425464,3.801913,5.415099,4.5072036,2.9440358,2.3067293,4.001863,2.6679819,2.4059174,1.8173401,1.0382966,2.4454834,3.7868133,2.6733737,3.6180136,4.9109855,4.620357,2.7144077,2.3630145,1.927273,2.0989764,3.1141796,4.362022,4.4322195,4.08703,4.1293526,2.75109,4.5053315,2.0710738,2.891101,2.2580113,4.748189,2.880288,2.4510264,3.8365083,2.6866033,2.7078574,4.994417,3.5380108,2.5374227,3.8738227,2.185319,4.85857,2.8001435,3.4663477,2.7999573,2.340101,3.1314232,3.9906967,4.1090636,2.8315687,2.7798002,4.451094,3.8614247,2.5866845,3.2718885,4.185111,3.6124454,3.7555292,4.4642124,3.0348604,2.5642056,2.4212325,2.97091,2.3869832,5.318741,4.4642124,3.4625273,11.343892,3.7897143,3.3021379,2.6070757,2.5042372,2.4736304,2.7453396,3.645597,3.0693548,2.036699,2.4390895,2.4485428,2.6531298,2.800688,2.5341086,5.0724516,4.8187857,4.0641103,2.0527287,5.052787,2.9954436,2.7724788,2.2290194,2.6030493,2.8370929,2.645399,2.5093567,3.9327466,3.9444625,4.72595,2.8324225,3.7422051,2.7104902,2.4448152,4.067813,3.2403412,2.6708314,2.1710117,2.9664044,2.6964827,2.7508821,2.16279,2.2527473,3.925757,3.256316,2.2530992,4.364928,5.82743,4.255507,5.3502455,4.2813783,2.396806,3.8610246,3.2722318,3.2692547,3.6230834,2.9049203,3.9839613,3.9637682,2.764462,3.355952,2.4566226,2.6621969,2.3310285,4.743674,2.680061,3.7458458,4.1736474,2.569113,2.70983,4.1422048,2.8127239,2.0432072,2.6739721,2.4127655,2.7607753,4.000557,2.6975694,1.9819293,1.8402599,3.5770004,2.438649,2.5104666,4.873536,4.038067,2.6603837,3.6556244,5.037274,5.5884695,2.634173,2.0846238,3.396965,2.8801599,2.4117284,4.725899,4.5821114,2.0459576,2.39716,4.576886,2.1186817,4.551015,2.285872,2.288398,2.063328,3.1462424,4.166725,1.8863592,3.9953983,2.627355,2.3054237,2.1806812,2.3340614,5.5964856,3.7162406,4.7236137,3.8543606,4.966424,3.844514,3.338491,2.4752078,3.7784421,2.1488872,0.8973775,4.826296,6.2962484,4.6306186,4.2793493,3.8227262,3.4662313,4.086539,3.0146396,5.48865,1.9531614,5.221917,2.1817982,3.983667,4.6546903,4.117046,2.5626044,2.4682877,2.7500987,1.9067308,4.5733705,3.9486651,4.763594,4.6736856,3.99623,2.635102,1.8948056,3.6934986,3.1754508,2.421318,4.203488,2.0018346,1.899614,2.6126347,4.5461454,4.7737303,3.6595206,3.001663,3.8031676,1.1557099,4.822019,3.4719298,4.6983657,3.6228702,2.3298123,5.1246114,2.9743621,2.2940235,2.3197515,2.769665,2.125553,2.9833086,3.9738395,2.9095175,2.4764059,2.4673438,5.209502,4.408463,2.3623738
1.1484715,2.8935757,1.792789,2.906076,3.0610533,3.0311272,1.1837237,1.0545994,2.1429906,1.262588,1.1454443,1.0154053,2.0210416,1.0183718,3.7649202,1.1937233,2.1521387,2.7919059,3.4707074,2.2308316,1.3859954,2.6725295,1.6856002,2.9359956,5.475065,0.4471543,4.9010854,2.3459306,0.87452495,2.8613415,1.2300906,3.172875,1.323717,2.404051,1.2057195,1.8030468,2.5540116,1.5149535,4.308877,1.0088332,0.54609126,1.7170806,1.1466095,0.8969101,2.7375515,3.6917367,2.7912436,1.4689975,0.57868856,2.25654,1.0892252,1.8890101,1.0495882,1.3076533,0.5737428,3.227172,1.2054362,1.9879189,3.6956227,3.4282577,0.86110896,1.4754072,1.3859148,1.3494425,2.804198,3.3128228,2.8163643,2.2341552,2.4664688,1.2402672,4.4546075,1.3650904,1.3034933,1.3823766,3.359586,1.3173587,0.591589,2.1357145,1.1697884,1.2078625,3.2720141,1.7600905,1.0193315,3.3836725,0.30006358,3.085001,1.2804664,2.8084219,2.1321127,0.74126303,2.0310125,2.120886,2.2406569,1.2987207,1.1927615,3.1336567,2.3820453,2.1580734,2.1662564,3.201252,1.8096585,1.7926242,2.6637874,1.4924574,0.77417237,0.66584045,1.3363307,0.9640113,3.515596,2.6637874,1.763038,10.000392,3.092895,1.373292,1.2493323,0.67586553,0.6266417,0.91133773,1.7723258,1.4992673,0.9414425,0.84252286,1.9445025,1.1247753,1.1791617,0.76225823,3.625026,3.5835862,2.3872201,1.1922725,3.736383,1.3625079,1.2396588,0.3881968,1.041937,1.3515615,1.1257797,1.9006485,2.7991867,2.2201536,3.3229523,1.185806,2.6847138,1.2272669,0.65294594,2.941843,1.8311944,1.1940514,1.5988262,1.1081485,1.0967103,2.9602592,0.31635,0.62203175,2.0649648,1.729188,0.85322726,3.1925697,4.3751826,2.8419433,3.9267192,2.9573712,0.98623013,2.892799,2.3706083,2.070277,2.2145436,1.9128183,3.7157714,2.8708959,1.2456828,2.0925186,0.88462234,1.0589422,1.3804636,3.5455842,1.1099192,1.95731,2.6606843,1.0251142,1.2113279,2.4059963,1.2578543,1.6565014,2.0323594,0.8014117,1.2345057,2.523937,0.81106114,1.2795274,1.0458026,1.9376377,0.8181544,0.7410137,3.4644537,2.802339,1.2051765,2.609422,3.7414103,4.2184834,2.1416845,0.9544257,2.4970827,1.7770394,1.8824618,3.718129,3.2784305,1.3595333,1.8366054,2.8706028,0.3817326,3.721626,0.44292814,0.41153434,0.3038091,2.320602,2.4711447,1.1926565,2.7139637,1.198593,0.7898826,0.9763502,1.3721755,3.646975,1.8441858,3.2054815,2.8619406,3.6601388,1.9881628,1.6232071,1.1262962,2.2479658,1.4053557,1.9004774,3.6288626,4.983259,3.232172,3.6366792,2.8264575,2.5675676,4.1493263,1.3765312,4.160219,1.8778406,3.7551434,1.672523,2.2979445,3.281981,2.334751,1.4274086,1.2119391,0.8557183,1.4476602,2.777518,2.4170325,3.4933186,2.8798983,3.101831,1.0880214,1.4807185,3.0681381,3.3289573,0.53412867,2.7932835,1.6834655,1.2011813,1.0204213,3.249384,3.6702242,1.9514354,1.3259536,2.8368652,2.124213,3.046518,1.8890061,3.2218385,2.5898032,0.7226068,4.3122387,1.201725,0.44784337,0.6630289,1.2509911,0.2349835,1.4895535,2.6064775,1.3080711,1.7650838,2.8172138,3.965465,2.5442274,0.45658582
3.6171753,4.3790784,1.9793332,2.0126095,1.2150638,1.90423,3.4909296,3.4515426,3.7108104,3.237559,3.3444457,3.5259838,3.0118425,3.4708288,0.7202868,3.68001,1.4596542,2.2089934,2.219932,4.163392,3.746344,4.2370434,2.0809054,3.8083763,6.596425,3.2156007,5.7533813,4.081855,3.496979,3.8156989,3.7384331,4.479023,3.625926,1.9433614,3.5940638,2.811542,3.8305223,4.0812855,5.4799643,2.6167972,3.458452,4.1554527,3.4327557,3.506419,3.2717023,4.259437,3.8935645,3.7422168,3.1829777,3.637911,3.3846495,2.160213,2.683823,3.626378,3.5321574,0.42851454,3.5454276,3.9595535,2.1527812,2.104903,3.665238,2.6583445,3.8551993,3.75359,3.83355,4.401801,2.7418559,3.88854,4.0909743,3.7269993,1.6471516,2.4659123,3.8380203,3.4756796,4.039953,3.669699,3.477229,3.9646828,3.4263194,3.4369173,4.08804,4.090057,3.3603175,0.3273791,3.623109,4.75198,3.5423338,1.4385992,2.9489164,3.2940629,4.04515,3.9048743,3.9715457,3.5808523,3.3593922,4.104832,4.5430455,1.5314401,4.2076125,4.7626653,3.74504,4.0155106,3.8901455,3.778854,3.570723,3.4438186,3.9256341,3.1726427,4.924186,3.8901455,3.7709131,10.225103,1.3455085,3.7319603,3.379136,3.5790288,3.5132942,3.7769322,3.7303302,3.258554,3.4079356,3.7504804,2.0185485,3.4023426,3.5566363,3.4736764,3.8055604,5.053132,3.7480493,3.3267703,2.332955,3.933583,3.7094376,3.2111897,3.4057474,3.5768213,3.3820014,3.7930288,2.7499816,4.044002,2.8891225,3.6481616,4.3289647,3.5354276,3.5318093,3.5962515,4.1217914,3.5613463,3.2623646,3.5829308,3.4858348,1.8746982,3.2993274,3.2415934,3.8708851,4.1708436,3.081403,2.402214,3.2378533,2.5304213,3.0336075,2.7686474,3.429152,2.8262422,2.6107006,2.6786847,4.462807,3.9480972,0.6722943,1.973754,3.4948392,4.071397,3.4309294,3.547421,3.2292473,3.3323503,3.4120228,3.9627147,2.9620278,3.4437091,3.659548,3.7899597,3.7424302,2.1821606,1.6093221,3.5138414,3.5007315,2.7233667,3.7485642,2.6707942,3.112399,4.3633566,3.4422047,3.54926,5.5122485,4.1412272,3.6689856,2.3913357,2.3703935,2.793615,3.749729,3.2120905,2.4752731,2.375638,2.6040182,1.333865,3.3224776,3.118616,3.369086,4.0692644,3.6554787,4.6202245,3.186479,3.3431284,3.3684998,3.1592932,4.3122797,2.5757275,1.9374049,3.6307724,3.4436667,3.308266,3.4857335,5.3299713,4.002508,2.60683,2.4843616,2.376903,3.721735,3.5359452,3.4720032,4.6395106,3.7225258,3.0762048,3.5568807,5.812311,3.813797,4.963176,4.3461537,2.5304039,1.3870692,3.931499,2.6102235,3.2041373,4.2579584,3.713211,3.7513242,3.4600024,4.2697334,3.4443424,3.6623144,3.474578,2.3568094,4.593216,4.6726794,1.9758694,3.9627638,1.3211039,3.4239035,2.494716,3.8169775,1.7516806,3.5002494,2.519276,2.698628,3.139534,3.6543922,3.9972708,4.6491623,4.3091555,3.5101295,1.30281,2.9728649,4.733345,2.3745348,2.888322,2.820622,2.9067814,5.3679066,3.9245312,3.4191055,3.3269353,3.7802296,3.3037093,3.6880486,4.849956,3.82427,2.901657,2.2467697,5.115047,4.064705,3.4842696
1.1874337,2.7470176,1.7557064,3.355586,3.182099,3.0495431,0.9294091,0.5984456,1.9636182,0.75924855,0.90636563,0.76106334,2.3349845,0.79670614,4.0833316,1.7392713,2.4028008,2.873751,3.5635417,2.5869439,0.7874744,2.381068,2.3029633,3.427172,5.7069845,1.056309,5.6584654,2.3962576,0.9572928,2.6178503,0.67106324,2.9677663,1.3043559,2.9387627,1.3079003,1.6723537,2.2420404,1.2016383,4.0176435,1.7455003,0.90238714,2.6147113,0.8775074,0.92051363,3.240982,3.4632974,2.529037,0.9268131,1.5100379,2.0448267,0.8497989,2.6056006,1.7836232,1.2003921,1.1797409,3.4386473,0.62905526,1.6130306,3.6720715,3.5414217,1.4688976,2.2656856,1.5794772,2.2039688,2.4211764,3.7698321,3.1271641,2.376376,2.0659301,0.6723855,4.888817,2.1155403,0.82914436,1.379094,3.1490965,1.3387108,1.2993704,1.7760209,1.1228882,1.1592271,3.0373409,1.5293555,0.8712046,3.6052318,1.0484208,3.5911791,1.2287076,3.3489397,2.412331,1.1674694,2.364086,2.372572,2.4775865,1.2660055,0.91534394,2.9419363,2.2114027,2.445831,2.9832096,3.8343341,1.6421462,2.051426,2.5229874,1.5281153,0.84761393,0.8929383,0.93409735,1.322682,3.9478872,2.5229874,1.4486532,10.863126,2.997007,1.7947084,1.5394872,1.1068758,1.4747727,1.704225,1.7991238,2.343496,1.8923075,1.7222161,2.5755002,1.0761272,1.2479097,1.7059711,3.7213416,4.0756493,2.0721507,0.7200513,3.7675202,0.9643055,0.6967329,1.0463341,0.8347278,1.3548585,0.7610365,1.7261415,2.3728287,1.9286342,3.3821933,1.1460239,3.2252786,0.67259014,1.5993217,3.056243,1.4088864,0.6202795,1.794746,1.1619431,1.024308,3.4255402,0.9073572,1.1276044,2.2187355,1.3968678,1.2406633,3.015274,4.330195,2.7274942,3.919884,3.3129838,0.9626077,3.404027,2.8702593,1.839462,3.0565014,2.2107751,4.0143747,2.805903,1.2046956,2.669999,0.8740638,0.88294756,0.77971107,3.4800434,1.0979053,1.7435564,2.9214542,0.82397866,0.63554525,2.210474,0.73828405,2.2676132,2.1851552,1.4021755,1.1811454,2.9725995,1.4736834,2.0333698,0.7825578,2.7634306,0.85592175,1.5938314,4.1640325,2.6576962,0.5832012,3.0890841,3.8043628,4.2275014,1.9858823,0.63558775,3.019352,1.6884842,2.2517762,3.986226,3.3324978,2.2081716,2.6115434,2.5495477,1.3243124,3.274271,1.0661956,1.1025012,1.3085853,2.5825853,2.2053533,1.8602242,3.0862758,0.5628905,1.5175025,0.7814243,0.7517788,4.0269303,2.3587723,3.416694,2.9044995,3.6353688,2.0912368,1.3762475,0.62003505,2.9932072,1.5546864,2.004562,3.5607057,5.726468,3.0111208,3.1661613,3.5641909,2.1347463,4.5100675,0.97901607,4.2248445,2.6207516,4.0599794,2.5184379,1.9695704,3.2121594,2.784509,1.6710793,1.5913032,1.1885275,2.0787086,3.25429,3.1525822,3.6244094,2.7351582,3.5189838,0.85500735,2.1409147,3.170875,3.7653255,1.1942716,2.67152,1.7045934,0.87060666,1.1509986,3.3990784,4.2577972,2.5685005,1.0646904,2.9376788,2.254182,3.5459867,2.2764144,3.516986,3.0988767,1.5407608,3.9051464,1.9862015,1.3703018,1.1341945,0.72110295,1.1430547,1.4716661,3.4177954,0.8429668,2.4246352,3.033309,4.557781,2.6543107,1.2404071
1.3259734,3.110446,2.3901799,4.313744,3.6008577,3.4590573,1.3612673,1.245754,2.2807481,1.3748927,1.3663424,1.2296612,2.066885,1.2209578,4.690643,1.7372701,3.1766722,2.9549394,3.8461173,1.9414588,1.1037043,2.4171047,3.078575,2.9046538,4.8752875,2.0726144,5.41444,1.4324188,1.3262606,1.6235303,1.308979,2.7580006,1.0897367,3.1554706,1.223621,1.6253955,2.4488716,1.3081299,2.5972867,2.6976507,1.6477798,2.9491682,1.2796712,1.4410384,2.8843699,3.5613189,2.807901,1.1249524,2.4074233,2.3484251,1.3179296,3.4570014,2.6786287,1.9447839,2.264814,4.08055,1.5575012,1.4247851,3.9914956,3.4969122,1.8775227,3.3284616,1.4906582,2.607219,1.4646201,3.0880148,3.7621303,3.0967057,2.007747,1.3937478,5.6072755,2.948363,1.399341,1.1333609,2.2739837,1.1350797,1.8858359,1.9234034,1.1594793,1.1366717,3.2819607,1.7438582,1.2397894,4.247098,1.8737713,4.371103,1.0948423,3.7410133,2.102778,1.5785954,1.7586393,3.1333704,3.2194948,1.1005577,1.3789451,1.9284692,1.2748542,2.9388812,2.995551,3.376427,2.0666592,2.5139108,2.8271015,1.1413506,1.5381486,1.5241354,1.4100606,1.5530775,4.6729918,2.8271015,2.0659134,11.001458,3.333986,2.591982,1.4254214,1.6248628,2.1141694,2.5846949,2.401557,3.2732759,2.5334878,2.2310088,3.5291216,1.1881729,1.2429011,2.5012481,3.0552685,3.4016898,2.0800555,1.2132326,3.9906523,1.3700038,1.4994978,1.9293864,1.2657828,1.0953419,1.3343813,0.9681823,2.5104034,1.81182,3.0809357,1.1976606,2.7117138,1.4399948,2.45861,2.2449722,0.7571498,1.4895182,1.6275723,1.9516324,1.2105695,4.358645,1.9135642,1.6760199,2.96253,0.9651258,1.6322027,2.958636,4.5497556,3.106429,3.7407,3.076099,1.1660956,3.1868076,2.7693326,1.7761397,3.969922,1.6319102,4.720178,2.8632798,1.122133,2.3396702,1.2826258,1.2118336,1.2404348,2.8029633,1.2284468,2.2153676,2.6822157,1.2204764,1.4923648,2.7450368,1.5021616,3.1007276,2.67964,1.7168527,1.1202515,3.894642,2.4192014,2.6853714,1.5437205,3.1215239,1.342644,2.1476476,5.071676,1.5448419,1.3648075,3.0283172,3.822815,4.4292116,1.179648,1.3888123,2.973034,1.9090399,2.2955794,4.4456058,2.7060862,2.7289712,2.8214467,2.6222754,2.1305964,1.9694738,2.0686555,2.1799242,2.1949165,2.0908258,1.7671033,2.5727,3.279003,1.3294457,1.8989241,1.2210042,0.9665936,4.092009,3.1545126,3.476174,2.5329297,3.9862187,2.7952795,1.7058592,1.1475762,3.8836765,1.3211988,2.9541929,2.788959,5.43778,2.2470405,1.7376288,3.3321831,2.2467372,5.2294617,1.3904648,4.3076386,3.0477881,3.403514,2.8749242,2.2335002,2.5687697,3.6652083,1.3915281,1.4786148,2.1512637,2.972167,4.0445766,4.0538754,3.873974,3.014457,3.7982206,1.2285973,2.8151298,2.2822928,4.701003,2.2608151,2.959832,1.889202,1.4309988,1.2379564,2.5523465,3.7230997,3.4868681,1.4615774,3.2679858,3.2854557,4.3298626,2.8809814,3.3366823,2.9037156,2.4289246,2.4854963,2.8448608,2.3480706,1.6157632,1.2583871,2.122745,1.0694964,4.314112,1.4909886,2.5856946,4.1540194,4.0134425,3.2836566,2.2635179
3.3115442,3.4649174,2.008463,2.9280124,0.523722,0.81902695,3.113649,3.1825473,2.9440453,3.193453,3.0016325,3.247936,3.275671,3.2059221,1.2523417,3.6827312,1.9756011,1.4962875,1.1282465,4.196684,3.3634593,3.3812656,2.5899982,3.95572,6.073103,3.0808961,5.750482,4.088056,3.291409,3.3981373,3.3646684,3.5684743,3.374122,2.4097106,3.3719547,2.9387527,2.947261,3.6309352,5.370511,2.6923702,3.2873383,4.415806,3.0993302,3.2278156,3.4101872,3.136443,2.935816,3.32059,3.1782372,2.8269823,3.0702338,2.7113707,2.9982843,3.8494918,3.3512237,1.0292858,3.163549,3.3617294,0.9118285,1.507145,3.503614,2.923213,4.018226,4.056932,3.853226,4.475321,1.9521827,3.1753771,3.3052561,3.3385587,2.7395637,2.8627186,3.417996,3.505538,3.4235525,3.4155378,3.375736,3.2460468,3.1920075,3.2040384,3.0262275,3.512159,3.1235108,1.1485851,3.5484025,4.21063,3.289085,2.1105018,3.2005756,3.220454,4.059592,3.2667372,3.3053572,3.3249743,2.9926367,3.6175337,4.11776,2.065875,4.3889003,4.930369,3.0897837,3.4662085,2.9781144,3.5139906,3.308825,3.2586775,3.4950788,3.1333477,4.272099,2.9781144,3.1322763,10.168516,0.99587566,3.3126566,3.320937,3.4107137,3.4447768,3.621766,3.0938265,3.1756022,3.6388354,3.7712746,2.5302708,3.1690712,3.3065722,3.4328835,3.2919884,5.0103655,2.9496129,3.2513168,1.1857449,3.5004394,3.3062637,3.121606,3.1266873,3.3483596,3.053767,3.8244057,1.9355246,3.3475022,2.2278414,3.3533356,4.434841,3.1512833,3.4868846,3.4408169,3.7170992,3.1863918,3.4728436,3.1610126,3.217622,2.8162658,3.1973433,3.1875243,3.2040486,3.755243,3.0696523,1.5666676,2.0098667,1.4809026,2.1021087,2.5576127,3.2870815,3.0587978,2.8891115,2.2559628,4.3792,4.002063,1.7376554,1.3553292,3.249924,4.1035986,3.2359483,3.2603858,3.0420458,2.8627162,3.1709096,3.2725916,2.5404372,3.183409,3.2737956,2.9360445,3.3291383,2.7110422,1.8493607,3.4747653,3.250362,2.2348716,3.5413978,3.0619562,3.1168585,4.257298,3.248969,3.5070667,5.2712474,3.7979667,3.308083,2.5600617,1.4659957,1.6196793,3.8253922,3.1087043,2.7828565,2.1440246,2.9810164,0.8565476,2.9004507,3.5109262,3.807361,3.129339,3.6627035,4.2665386,3.0628464,3.2165804,3.3982983,3.3106165,3.637646,2.9346592,1.6719933,3.2826772,3.480009,3.2074137,3.3099153,4.6680083,3.5654206,1.8381661,2.3135815,1.1275175,3.0407023,2.9620655,3.2122405,4.446927,3.8290195,3.5735989,3.1103053,5.8186107,3.1635196,4.7241354,4.5681443,2.0084422,2.5634043,3.4902627,1.5981443,3.792591,3.9217987,4.119966,2.9419768,2.8792312,3.763544,3.4546857,3.6716163,3.157802,2.805719,4.054242,4.458912,1.0015749,2.9984572,1.6187224,3.135434,2.9878452,3.9537482,2.7350326,3.335737,1.5176024,2.9617913,3.1453102,3.4686923,3.728795,4.750346,3.990472,3.0636873,0.88391423,3.5191183,4.190253,1.9329423,2.4078622,3.0043237,2.9118042,5.029325,3.7534459,3.363064,3.2491584,3.4043243,3.265008,3.42803,4.744405,3.390327,3.2929335,2.878367,5.1141963,3.275682,3.3615267
3.600604,4.029031,2.580658,3.2099311,1.1413203,1.6043996,3.5674074,3.675865,3.4762614,3.7057462,3.4542878,3.6723247,3.0976787,3.6154473,1.279074,3.6894,2.4156046,1.6077143,1.4450552,3.9612174,3.88297,3.8884282,2.7229002,3.360138,5.528463,3.4901395,4.896153,3.9817317,3.6094563,3.4315166,3.9079015,3.9063566,3.5984251,1.9877594,3.574959,3.1922936,3.5564818,4.057342,5.234727,2.988475,3.6437826,4.2786694,3.5397353,3.6053472,2.8072844,3.676641,3.5698607,3.8276217,3.434428,3.3920863,3.5115707,2.791466,3.2320232,4.2824526,3.7821472,1.5305309,3.7835858,3.793834,1.6212454,1.1571342,3.673307,3.18769,4.1484475,4.0099297,4.0103765,3.8627336,2.3130076,3.6983452,3.8337607,3.906426,2.6086557,3.0028305,3.9553452,3.68341,3.4030778,3.6259575,3.594177,3.7916431,3.4780288,3.4776921,3.6501184,3.968554,3.5053623,1.5721455,3.8652756,4.469831,3.5431957,1.6255462,3.0006442,3.4458358,3.8867455,3.7327313,3.7728558,3.5652146,3.4639745,3.5708642,4.2395597,2.2248971,4.059515,4.364411,3.6131635,3.780047,3.5200346,3.6701097,3.7102947,3.6073046,4.00343,3.3020306,4.5417085,3.5200346,3.7697463,9.294007,1.7520833,3.6923976,3.3999796,3.6844997,3.6298687,3.8984745,3.5961115,3.3611543,3.701193,3.863842,2.759214,3.4716666,3.5438464,3.6197202,2.8558822,4.42633,3.4586666,3.717984,1.5312427,3.9965713,3.8949811,3.4704318,3.541577,3.5477457,3.5486796,3.968696,2.7350326,3.7713478,1.9716691,3.6489525,3.9896102,3.7367127,3.720085,3.0828922,4.06581,3.7854002,3.5196085,3.6477396,3.5473943,3.0591652,3.6004443,3.4384067,3.7208202,4.095131,3.2822726,1.9795847,2.424696,2.2443821,1.9842229,1.9408736,3.5896072,2.347942,2.4211042,2.6506686,4.519263,3.878295,1.9525115,1.6947943,3.5094287,3.814923,3.582599,3.6464374,3.5850747,2.590045,3.4664793,3.8419425,2.2235906,3.5840077,3.8700361,3.6079154,3.9108903,2.8911953,2.192961,3.6100614,3.520125,2.6792686,3.898168,3.116437,3.5921106,4.1571126,3.6007195,3.6382558,5.4442525,3.7426538,3.881898,1.9698377,1.3421284,1.9104762,3.913668,3.5804787,2.2427547,2.5393808,2.8772354,0.7564786,2.5418684,3.4573553,3.568712,3.699956,3.9153798,4.344751,3.4640737,3.6324368,3.670218,3.032059,3.9447696,3.081762,1.267981,3.8518705,3.5801308,3.5920267,3.791876,4.602843,3.8827207,1.6160146,2.0931864,1.831336,3.5707223,3.4648628,3.6984289,4.646863,3.941797,4.059996,2.8102458,4.9453597,3.2024293,4.8265624,4.0309024,2.7249255,2.5973418,3.9908526,1.5244896,3.66232,3.2857468,3.9841433,3.5553043,2.7205176,4.1511316,3.4899926,3.7279308,3.6186657,3.0396245,4.3580055,4.656787,1.1103942,3.542321,0.9132418,3.5486257,3.0666077,3.6074207,2.9893675,3.7496407,2.1954124,3.1963394,3.6037245,3.7081075,3.299624,4.011843,4.301921,3.5380027,1.2774934,4.050667,4.4595056,2.2150466,1.851221,2.4221067,3.1800256,5.0048995,3.9975865,3.680384,3.4895787,3.9266427,3.6101482,3.6050184,4.8726306,3.9483666,3.0685613,3.5179334,4.3854628,3.7820327,3.7343323
1.0733919,3.1914554,2.1017807,3.2815762,3.3521314,3.3583708,1.3368856,1.2291281,2.3974664,1.395751,1.3086127,1.1081576,1.6342821,1.09124,4.097421,0.6176203,2.501716,2.9284427,3.7385354,1.5766968,1.4973823,2.83828,1.9458508,2.4272473,5.0717907,1.0287502,4.538965,1.7513669,0.83997685,2.5801344,1.4366208,3.2384486,1.0816346,2.3621628,0.95215553,1.6951624,2.8065362,1.5396602,3.769574,1.4741043,0.7774815,1.3361633,1.2681044,1.0161022,2.3478947,3.9381988,3.084098,1.5655017,1.0071652,2.5226326,1.2318872,2.1883368,1.3682749,1.3752015,1.1705047,3.5838597,1.5571172,2.0136454,4.0077686,3.5036788,0.7445939,1.9513739,0.8292259,0.98284596,2.4720051,2.7427392,3.2087886,2.647353,2.5996044,1.4908504,4.7657056,1.6380831,1.5097556,0.99617976,3.1432667,1.059601,0.62170714,2.318551,1.0487404,1.0625391,3.5683367,1.8883007,1.0652063,3.7357838,0.58518845,3.4396477,1.0914588,2.904613,1.7661365,0.6281176,1.3860692,2.5326276,2.64674,1.0883319,1.3707733,2.8309379,2.0214717,2.3305442,1.681433,2.6031487,2.073606,1.9935894,2.9421928,1.1668305,0.9771371,0.7983461,1.5048649,0.7634054,3.8727436,2.9421928,2.113169,9.884121,3.361367,1.7522714,0.85514235,0.6689133,0.6975957,1.2606947,2.1095288,1.9065552,0.8630048,0.6148559,2.3445282,1.0375167,0.99892724,1.0235131,3.3863678,3.0083272,2.5435622,1.25563,3.9948368,1.5046799,1.5375754,0.83291316,1.1396807,1.0809056,1.3236772,1.4538474,3.0506985,2.285202,3.290118,1.0737164,2.0710862,1.5147281,0.9857865,2.5406241,1.6549157,1.5126823,1.1954163,1.4767202,1.0531195,3.3293514,0.8755629,0.6289921,2.4792829,1.5708543,0.76809055,3.3351789,4.669966,3.178222,4.0027223,2.8032436,0.85074294,2.6134174,2.1176443,2.1386013,2.499797,1.2620192,4.0696435,3.0174165,1.0740933,1.5106169,0.8872625,1.0912507,1.5226495,3.3604789,1.0266398,2.2498798,2.545367,1.0868849,1.5216749,2.7816377,1.5451397,1.9423665,2.25304,0.44049394,1.0764828,3.034335,1.2463351,1.359543,1.2303137,1.7923787,0.85623085,0.67718285,3.7701948,2.4025176,1.4618855,2.4500487,3.885113,4.486076,1.693895,1.1378099,2.290184,1.907933,1.6632264,4.0156646,3.0607736,1.2286581,1.4753834,3.0814512,0.5786578,3.3787928,1.0145925,1.0550567,0.7199778,1.9001031,2.4025195,1.3526441,2.8095784,1.4439031,0.433326,0.98387617,1.3918524,3.6396637,2.204899,3.317835,2.7334847,3.9919102,2.3915598,1.8303932,1.2505066,2.5422258,0.8549631,2.191155,3.3985276,4.600803,3.0703394,3.2170208,2.2994967,2.771445,4.4657154,1.5266147,4.349812,1.6880939,3.40385,1.3267814,2.5573492,3.1178737,2.7592766,0.9467441,0.6148061,1.3445259,1.7723745,3.1419184,2.7296443,3.7293994,3.1589422,3.2146673,1.1668406,1.5980633,2.5555644,3.72167,1.12905,3.084719,1.6151395,1.299491,0.77131295,2.8386502,3.1434524,2.3332427,1.5035408,3.0720627,2.4871101,3.4046154,2.2187982,3.159429,2.3049603,1.1515036,3.8817654,1.5126954,0.9761733,0.5961854,1.4182453,0.83991593,1.1898493,2.869346,1.5568769,1.480016,3.3236892,3.4503717,2.9241455,1.0314186
2.3056269,3.4979703,1.8860065,1.8353406,2.5773344,2.7698312,2.32305,2.2802293,2.8650022,2.3048713,2.2364156,2.2671003,2.402598,2.242352,2.7593374,2.1086497,1.5786214,2.7397075,3.1468399,3.0037644,2.648242,3.4943333,0.89034724,3.1548245,5.987473,1.4424015,4.712734,3.264526,2.1088905,3.6742053,2.504569,3.9055567,2.4632583,1.875182,2.3317354,2.4308262,3.2556002,2.7873883,5.2869325,0.6905299,1.8345647,2.0203536,2.2959125,2.1081636,2.7916322,4.1181016,3.3758488,2.6922665,1.091155,2.9275262,2.229732,0.6808132,0.8157506,2.2674434,1.5616851,2.4101856,2.359684,3.0687692,3.393975,3.209715,1.8913814,0.17124887,2.4590738,1.7423894,3.6887367,3.660303,2.416828,2.6153731,3.3936124,2.4910455,3.2084796,0.64845264,2.563879,2.4249573,4.058834,2.460548,1.6746819,3.0859535,2.28785,2.3183432,3.7417514,2.855887,2.180945,2.5209982,1.7182636,3.0352592,2.4107962,1.9230996,2.482231,1.8138013,2.860555,2.4596393,2.5636494,2.4318457,2.2754993,3.9299817,3.540635,1.73915,2.424362,3.507538,2.6649623,2.4897175,3.2109282,2.6048565,2.050845,1.9254014,2.607845,1.8752605,3.4430296,3.2109282,2.6746218,9.333889,2.8585782,1.964511,2.1711333,1.9206945,1.5496098,1.5760212,2.4703634,1.0467678,1.2792017,1.6803199,0.71579,2.2478216,2.3060787,1.2869864,3.9521744,4.018592,3.1763346,2.3210075,3.4499173,2.6345468,2.4585166,1.4870454,2.217033,2.4540424,2.2658575,2.957262,3.2062035,3.187974,3.4272301,2.3801212,3.1491354,2.3943143,1.3254036,3.440632,3.104565,2.3741057,2.3259928,2.0986574,2.2676919,1.8346653,1.5575835,1.6954228,2.5096247,3.0142205,1.7475742,3.319239,4.1808233,2.8930779,3.9157226,2.876837,2.1840322,2.6944985,2.2564857,2.6218364,2.044876,2.7776377,2.675502,2.8747468,2.3645277,2.6678402,2.1106534,2.2911913,2.4272351,3.8862135,2.2284408,2.8329806,2.8125877,2.2315671,2.4249969,2.9846127,2.4803846,0.8821493,1.8268862,1.8477186,2.363403,1.8629208,1.6658014,1.0191201,2.0362697,2.2575426,2.064219,1.5810298,3.2859046,3.7002804,2.456308,2.3476405,3.5152416,3.9330916,3.091568,2.0733027,2.2461314,2.189276,2.0330741,2.929638,3.597542,1.2871379,1.8418721,3.574145,1.5647961,4.670602,1.4216032,1.4328363,1.3191416,2.728225,3.4823217,1.0386128,2.297276,2.4448662,1.6943245,2.1454892,2.5607405,3.9972138,2.1370857,3.0226247,3.0323253,3.3958623,2.4697177,2.5582757,2.3552208,2.2924762,2.4632576,2.0343738,4.0265346,4.8170004,3.889254,4.7275004,2.9679923,2.9961874,3.0140996,2.6386812,3.853342,1.6798172,4.0160255,1.8080845,3.0658395,3.7189977,2.4683194,2.3251607,2.2324111,1.7663742,0.80070174,2.8365777,2.3736274,3.0977187,3.3786876,2.3666215,2.2620215,1.0871105,3.611493,2.1459594,1.517551,2.8959384,2.173355,2.186182,2.2535064,3.7530441,3.8164942,2.152277,2.4002697,2.4807217,2.0338178,3.0121977,1.6624558,3.1232607,2.489834,0.9710093,5.3169875,1.6652131,1.296855,1.7810487,2.540484,1.3618965,2.5916975,2.449654,2.5413969,1.7536914,2.0573468,4.157866,2.9063988,1.4499953
2.1778595,4.3512774,2.5540745,3.3734827,4.073199,4.218193,2.3157177,2.0204744,3.510763,1.6599948,2.2508566,2.029012,1.9301015,2.0074975,4.683385,1.6930888,2.8436294,3.8272789,4.682594,2.1398072,2.2820475,3.915685,2.3932214,2.9923792,6.0074043,2.0743146,5.410101,2.029992,1.8933982,3.1978762,2.2756908,4.346534,2.0509164,2.9114878,1.9984757,1.8413502,3.8528538,2.5228493,3.7174008,2.3522432,1.8950169,1.9367235,2.2003348,2.0936904,3.0108528,5.03713,4.162157,2.3933077,2.0823262,3.6119707,2.1645362,2.680675,1.9092153,0.9762187,2.243556,4.0970516,2.3716319,2.9738839,4.8611135,4.3020597,2.0606644,2.6454983,0.81346714,1.4819949,2.3251038,3.3028178,4.343196,3.8562746,3.590651,2.333263,5.0505614,2.1877072,2.4155073,1.3872164,3.9175467,2.066158,1.8982381,3.3412485,1.9957049,1.9984,4.666266,2.9674006,1.9732908,4.215399,1.72254,4.6750116,2.044361,3.4426448,2.0705538,1.7255974,2.0007005,3.7604265,3.877289,2.0565646,2.3074183,3.534376,2.8470712,2.6713293,2.4268808,3.1377907,3.187297,3.2689664,4.0877614,2.1540415,2.0611892,1.8907123,2.4514956,1.7315938,5.1302867,4.0877614,3.1369462,10.853843,3.860653,2.9911478,1.7786883,1.8956671,1.9674113,2.4399168,3.2922745,2.999975,1.6503211,1.8203385,2.8433049,1.9889853,2.056424,2.1979024,4.263051,3.7025151,3.5651991,1.6231284,4.9070296,2.452768,2.396817,1.8989383,2.065804,2.0224097,2.197217,1.5094006,3.7385085,3.326883,4.185402,2.1172323,2.6635022,2.343762,2.1352308,3.149284,2.424322,2.3324285,1.3490616,2.6042356,2.0478013,3.470926,1.8788655,1.7138584,3.684802,2.4489787,1.6918346,4.076593,5.6691184,4.114106,4.929828,3.6774967,1.7196145,3.2384858,2.698905,2.8438978,3.5138724,1.7734642,4.4503317,3.724393,2.027898,2.3349042,1.8573546,2.059667,1.9753165,4.046157,2.0159183,3.3488903,3.5381122,2.0042222,2.3542671,3.8779683,2.421854,2.318625,2.7028208,1.6915818,2.032498,4.1041465,2.4102204,1.8693354,1.5882218,2.9497604,1.8589728,1.9514565,4.8018556,3.0311377,2.260883,3.1556945,4.7619734,5.437517,1.6566408,1.7212013,2.8885949,2.573099,1.9293431,4.7975698,3.838121,1.7206004,1.815359,4.1324606,1.6871449,3.630832,2.055929,2.0952888,1.758892,2.3109303,3.4122615,1.8399581,3.7059274,2.2242339,1.628576,1.6411113,1.8194146,4.930321,3.4513326,4.347295,3.316981,4.902964,3.5859523,2.873006,1.9859734,3.6133237,1.1037633,1.8263037,4.0670495,5.4459248,3.8670056,3.268419,2.9082375,3.2904425,4.6702223,2.4786472,5.265635,1.7206919,4.3039246,1.6305243,3.5894563,3.9305336,3.965842,1.6492076,1.5179708,2.4797418,2.178704,4.3756747,3.8114283,4.621953,4.305188,3.8889217,2.0831778,1.9336889,2.7110858,3.9067724,2.2109013,4.008053,1.6783482,1.5769892,1.8403237,3.573812,3.7818818,3.4880495,2.5074813,3.7539861,2.19486,4.6390066,3.2960718,4.143837,2.976363,2.1649365,4.080135,2.6849947,2.0634472,1.7275065,2.2707021,1.8727492,2.1262615,3.8624167,2.4722364,1.9383748,3.4022706,4.186924,4.146941,2.127092
2.3770094,4.3538704,2.6339736,2.8006194,3.8819304,4.0909414,2.576868,2.394863,3.596754,2.2274642,2.5107236,2.3475199,2.058288,2.3233747,4.232267,1.6538249,2.6030147,3.7539291,4.4882956,2.2988892,2.7383535,4.1069026,1.82665,2.8299856,5.984257,1.908299,4.7342644,2.5744483,2.1085432,3.6890452,2.651741,4.5096893,2.3688614,2.4909492,2.23945,2.327678,4.018529,2.8585756,4.5622234,1.8308946,1.9459076,1.0659388,2.4958787,2.2640104,2.7741904,5.108181,4.2615523,2.8269048,1.6082408,3.709942,2.442047,1.918691,1.3644375,1.6287551,2.0114012,3.7845423,2.6802683,3.3295116,4.747648,4.205685,1.9049114,1.8602637,1.4745,0.67331576,3.2046673,3.2043803,3.9233246,3.628226,3.888964,2.687837,4.451056,1.516415,2.7487226,1.9402483,4.2932806,2.3573365,1.7291474,3.589457,2.2951531,2.308354,4.726909,3.17599,2.2721643,3.886679,1.638528,4.068016,2.3651488,2.9094803,2.2123399,1.7792757,2.1951268,3.4599674,3.5770915,2.3704665,2.5734913,3.9670904,3.300011,2.4843943,1.7882886,2.8074296,3.2826815,3.0912478,4.1052785,2.4524117,2.198663,2.0083437,2.7677286,1.8205279,4.561095,4.1052785,3.2881668,9.856336,3.9048688,2.694362,1.9497133,1.9186956,1.6393621,1.972911,3.2291892,2.240677,0.901876,1.3864255,2.1588852,2.2781157,2.2881405,1.6502583,4.3402486,3.539863,3.7916331,2.1923494,4.7651267,2.7795877,2.7151783,1.7765633,2.3583133,2.3423676,2.505783,2.304953,4.0336075,3.5895572,4.1941023,2.3858786,2.502565,2.6765304,1.6309948,3.3749983,2.971037,2.6565077,1.7524103,2.6093254,2.3233821,2.8772202,1.8114399,1.7157644,3.466104,2.9089332,1.7529166,4.2237887,5.5471992,4.0942106,4.9134574,3.4716713,2.0609272,2.9251847,2.4322722,3.1308408,2.6392112,2.0526392,4.021002,3.793146,2.3373454,2.1375866,2.119485,2.3598258,2.5077498,4.2813783,2.2762377,3.4520242,3.4247322,2.3159456,2.6812387,3.903672,2.7347763,1.7478176,2.6371622,1.6262591,2.34363,3.5344272,2.0790603,1.2631816,2.0095582,2.2891166,2.0879827,1.5829879,3.968401,3.5116508,2.6367188,2.842529,4.655021,5.2896824,2.4410245,2.1093767,2.555777,2.7552948,1.9096882,4.412937,3.9729314,0.91668284,1.1310786,4.3180485,1.3887336,4.4112864,1.8862607,1.8778082,1.4104999,2.46662,3.7283983,1.3794943,3.3771408,2.6139262,1.4287355,2.0544517,2.4469566,4.573231,2.9902842,4.128988,3.4629703,4.7759924,3.417121,3.0619442,2.41622,2.8622553,1.6776963,1.9095635,4.3321896,4.798451,4.2179136,4.187935,2.3833373,3.6564147,4.1736026,2.7997847,5.112488,0.9279644,4.2160487,0.6916433,3.7716694,4.145833,3.4658146,1.9230388,1.7016139,2.3421168,1.6199837,3.8238988,3.0412667,4.411068,4.3155055,3.4772356,2.3935277,1.3852223,3.108709,3.3147414,1.9615586,4.0210676,2.0445223,2.0916364,2.0876696,3.7310662,3.459489,2.901788,2.7442143,3.6300364,2.1471162,4.0409055,2.9441957,3.9318266,2.6899583,1.7170421,4.8897767,2.128603,1.6690986,1.7565199,2.6556566,1.6291331,2.4615781,2.9818435,2.7780259,1.5102262,3.0581558,3.8403044,3.929875,1.8359298
3.123805,4.5466814,1.3641113,1.7962865,2.3507807,2.8026826,2.953217,2.7019024,3.6919856,2.1130733,2.787534,2.856502,2.4220786,2.8042724,2.5981052,3.1421516,1.1286328,2.8769383,3.3714406,3.668602,3.031803,4.2111616,1.7997148,3.7672074,6.9645977,2.7179992,6.3424397,3.360986,2.87607,3.4919775,3.0457518,4.6270585,3.0565236,2.2384255,3.049083,1.7798091,3.848193,3.5360591,4.6919174,2.3972168,2.862089,3.691467,2.8399918,2.9528105,3.3883035,4.704134,4.047386,3.0921237,2.8112814,3.6590192,2.7859633,2.1213028,2.1154635,2.242514,3.0724318,1.9209428,2.8772764,3.5810337,3.2753055,3.0708516,3.2600977,2.5415165,2.8083606,3.1291442,2.7388833,4.3415937,3.6407614,4.0767555,3.9048667,3.0497391,2.874186,2.1175616,3.2165291,2.554549,4.0305505,3.1207972,2.9987755,3.7310205,2.8268154,2.8380632,4.4149656,3.7485456,2.7036152,1.9628983,2.9763107,5.1789384,2.9615693,2.2447891,2.4076335,2.6954691,3.512999,4.085282,4.1841807,3.0118048,2.8127203,3.9189527,4.0759726,1.2342242,3.9773407,4.6174684,3.578456,4.0014696,4.0958314,3.2649808,2.9917595,2.8359544,3.3345683,2.581795,5.4796615,4.0958314,3.483459,11.385814,1.8338102,3.6487167,2.810091,3.0304434,3.0944128,3.4844751,3.6790607,3.3837104,2.870929,3.277874,2.0177932,2.79813,3.0276318,3.1724296,4.2201557,5.042869,3.6755862,2.2763886,3.4965897,3.3458123,3.0606227,2.6591544,2.7725399,3.0053742,2.7461162,2.7639582,2.7059531,3.8359673,3.5253613,3.0976017,4.0792837,2.8756423,3.1624312,3.4882414,3.4634638,2.885644,2.3428278,3.232681,2.8981283,1.8359648,2.6808748,2.6350431,3.9867961,3.5697184,2.4529996,2.860232,4.377786,3.0803657,3.9444501,3.356375,2.6934443,3.1500711,2.657875,2.3855789,4.5001345,3.3119981,2.1278007,2.4325604,2.9126174,3.7845101,2.7620797,2.9214954,2.2716775,3.5912752,2.8356678,3.7859259,3.3977122,2.7835073,2.9860625,3.865212,3.1092484,1.7692838,1.3115937,2.9590158,2.9154744,3.469259,3.394767,2.1764054,2.0549996,4.3192797,2.7835314,3.146274,5.738349,3.7630987,2.9497392,2.794282,3.4729753,4.0288982,2.721453,2.3010614,2.6761727,1.9998064,1.9890422,3.0293787,3.6139808,2.6092987,2.89813,4.1434755,3.0398648,4.0036244,2.6870384,2.840483,2.795251,2.7548964,4.093435,1.9908528,2.8294134,2.895167,2.8930213,2.4398415,2.4935644,5.765529,4.10259,3.5640032,2.6091835,3.4514325,3.8194737,3.2419477,2.6829314,4.6560903,2.7641788,1.6022063,3.7577994,6.385876,3.8383658,4.095354,4.2525377,2.1712492,2.3555775,3.3536966,3.8816664,2.549357,4.6810784,3.1291733,3.6672497,3.6952245,4.479012,2.7823498,2.991918,3.1241145,1.85227,4.9238386,4.7631364,3.2153902,4.240162,2.5286095,2.790341,1.9207418,3.3037627,2.0400262,3.0433078,3.0195832,1.5910366,2.0366457,3.0317352,4.047017,4.792325,4.328497,3.0531137,2.1389563,1.576038,5.146489,2.829329,3.68571,3.0222995,2.5924637,4.7525196,3.7294748,2.9704025,2.7285755,3.0938225,2.7395897,3.1466298,4.9186773,3.224419,2.5084677,1.6781462,5.323535,4.335715,3.019641
3.446131,4.1947384,4.4751883,5.674965,4.3445325,4.2757864,3.8239093,4.0853605,3.8130612,4.4913354,3.8390777,3.8761754,3.2942073,3.840565,5.0623603,3.1243074,4.785191,3.4525318,4.0463667,2.5628905,4.0973725,3.8684976,4.319113,2.0034082,1.982479,4.0313888,1.9563836,3.069323,3.6562905,3.0900154,4.1687593,3.5178158,3.3485587,3.4503853,3.3132567,4.102581,4.040815,3.7923977,3.99236,4.067012,3.8267126,3.5247602,3.832239,3.7283375,2.170803,4.276962,4.16275,4.008306,3.8731525,3.8768296,3.8493652,4.424602,4.2718115,4.9218435,4.1465325,5.008529,4.3394995,3.6612542,4.5503654,3.513889,3.3430433,4.4867034,3.9175034,3.7248921,4.232969,1.6664,3.9638824,4.10514,3.8962133,4.2230754,6.0303965,4.2090898,4.117212,3.7176673,2.9165874,3.3027456,3.5601454,3.9161737,3.5275865,3.498924,4.3100615,3.764298,3.7823503,5.134355,3.9309707,4.3522944,3.4260364,3.9065757,3.265939,3.5732045,2.6930025,4.0395036,4.0656905,3.3845148,3.866351,2.8128386,3.0127392,4.325698,2.7200758,2.030583,3.840848,3.4699361,3.9276216,3.1425521,3.8415618,3.7712843,4.0367723,3.4696643,4.4883733,3.9276216,4.1999393,7.547756,4.7439175,3.802892,3.2168238,3.6065733,3.5605843,3.8743024,3.8559794,3.9197364,3.8056607,3.4986157,4.6607575,3.5706396,3.3680427,3.7017045,2.1055896,1.2721262,3.7554681,4.3203125,4.213662,3.9962337,4.2639303,3.9083889,3.8242526,3.3108904,3.988864,3.804408,4.4903708,3.5889113,2.9239485,3.4880755,2.101198,4.2261868,3.8283389,2.3692617,3.6690135,4.2877603,3.6962092,3.9255023,3.6044285,5.6002936,4.06109,3.6728733,4.076197,3.602251,3.6227264,3.999885,4.641284,4.2140446,3.5168862,2.32756,3.7111826,2.5008953,2.8780806,3.743613,4.3187985,2.9350147,5.5164704,3.9075546,3.447046,2.3366036,3.7476978,3.7525442,4.3518333,2.940842,3.5369925,4.026916,2.3749185,3.8162982,4.2953897,4.255945,4.23886,4.470153,4.2786508,3.40702,3.4684086,4.389755,3.9823306,3.9747481,4.403326,2.9997363,3.7653491,3.455879,5.042872,2.7797287,4.262868,2.7747164,3.7713742,4.4510274,3.7968767,4.22581,2.9062052,3.8591423,3.633998,4.513807,2.4998956,3.7955704,3.4784822,4.0291862,3.9276373,3.8873942,4.0179906,4.1150126,3.9633167,2.9262395,3.3295631,4.095425,3.1917107,4.255631,3.446876,4.0023994,4.263571,2.9416351,3.865124,3.117083,3.2293434,4.5237546,4.0053267,3.7789145,4.0909386,4.321771,3.7123172,5.511364,2.830629,1.9164059,3.0365055,4.114086,2.2580504,4.5080276,5.9924693,3.9999564,4.084687,4.099753,1.1238719,3.7495422,4.028898,2.7686281,4.287414,3.2447505,3.2870774,3.9974368,4.4736567,4.263519,4.3849835,3.992489,3.9894521,3.7440922,3.811891,4.1974645,3.0064862,5.8255835,4.1118546,4.066427,4.216018,4.386011,3.4788942,1.8757031,1.3935834,4.218706,3.8085504,4.1498404,5.745219,4.351449,3.5911963,2.424631,2.5101426,3.8766038,3.945465,3.8707516,3.9999795,3.6136947,4.1122036,4.0301,3.2161791,4.5118036,4.1620502,3.3606825,6.071159,1.0620663,4.107267,4.052562
2.6460326,3.5028493,1.7272824,1.5391383,2.046887,2.2942011,2.5652893,2.5392106,2.908581,2.527642,2.4616666,2.567785,2.7028432,2.5389843,2.0808744,2.639378,1.241436,2.4775074,2.6908243,3.4867637,2.8887415,3.5467758,1.02558,3.502302,6.2491946,1.8323379,5.077164,3.6538215,2.4777102,3.7960815,2.7607431,3.9462593,2.8044877,1.8848442,2.7015004,2.5831084,3.2230067,3.091526,5.561029,1.0718313,2.2438703,2.7569923,2.5437415,2.4417412,3.050369,3.946707,3.2939012,2.9169312,1.6417967,2.924384,2.4798062,0.82447904,1.3079963,2.6620874,1.9957345,1.7517772,2.5555444,3.2462668,2.8671815,2.884698,2.3914006,0.7773998,2.9713533,2.44664,3.874436,4.0476756,2.0933168,2.6693292,3.4633317,2.7333546,2.6357296,1.0990247,2.8233097,2.7989645,4.109291,2.816386,2.1774848,3.1893234,2.5983405,2.6287777,3.5990605,3.0920007,2.4701705,1.8556293,2.2428095,3.2047787,2.7325442,1.692923,2.7423766,2.2358334,3.3379207,2.5690906,2.6574166,2.7623324,2.4865792,4.061833,3.875304,1.5678419,3.0598197,4.037561,2.790636,2.7581217,3.1713314,2.9669268,2.4118187,2.3112707,2.887279,2.261088,3.523357,3.1713314,2.7826884,9.512433,2.3842626,2.2680423,2.5684965,2.371862,2.1061563,2.1205842,2.6050234,1.4733057,1.9774644,2.3252244,0.5591787,2.5558105,2.6558237,1.88681,3.9773366,4.4683576,3.1966395,2.5807917,2.9767354,2.914771,2.6885033,1.9093987,2.4931471,2.792722,2.4902132,3.3092248,2.9463484,3.328241,3.2674801,2.7189083,3.648695,2.5959096,1.9253964,3.6182451,3.3943493,2.5826988,2.7005959,2.3591866,2.5815804,1.4885057,1.9727992,2.1252172,2.6041486,3.3315628,2.1279955,3.008156,3.7131052,2.539186,3.617846,2.8724499,2.537715,2.8347545,2.4413717,2.5803804,2.5691893,3.2527347,2.0128474,2.5655468,2.68255,3.193693,2.455341,2.600877,2.594683,3.821389,2.5420692,2.9581773,2.8362541,2.5256631,2.6496542,2.9427595,2.7148287,1.0598341,1.6216006,2.3606431,2.6801467,1.5314863,2.1491055,1.5111436,2.290883,2.8568084,2.4204984,2.1602094,3.658521,3.9291263,2.694912,2.4012887,3.1256206,3.4456956,3.4126801,2.3391395,2.3799844,2.1532488,2.2785454,2.320875,3.5962965,1.9091976,2.4143624,3.5356731,2.1744456,4.799047,1.8127916,1.8642086,1.896148,2.9896772,3.6648443,1.4535257,2.0710132,2.680486,2.2468045,2.4567437,2.8004444,4.2409306,2.430832,2.7734675,2.9569354,2.8885202,2.5418863,2.694163,2.611691,2.7795174,2.92957,2.2329984,3.9997692,5.1813216,3.9030685,4.9537625,3.5105662,2.7818375,2.4489644,2.913638,3.4047737,2.226329,4.1756864,2.4932349,3.069895,3.6929748,2.6698554,2.7294462,2.726208,2.0854416,1.0902855,3.030642,2.8179204,2.632359,3.3068757,2.0179145,2.5334723,1.4667021,3.8700154,1.6735226,1.9640291,2.5758235,2.3566124,2.4266486,2.6627839,3.9454908,4.2141657,2.5419025,2.6067724,2.04274,2.1399164,3.1833832,1.5264783,3.0275066,2.6729078,1.4343332,5.505197,2.2089655,1.842194,2.2170453,2.808006,1.858637,2.9292698,2.9524946,2.788803,2.1797917,1.6959887,4.572419,2.9306574,1.9385427
1.0930815,1.5494483,2.0542405,3.651582,2.8201168,2.4698687,0.8496728,1.1005455,0.9014349,1.7773045,0.93916905,1.0470835,2.7449949,1.0924933,3.7938814,1.9241519,2.6386762,2.3474214,2.8365297,2.7940695,1.0869479,1.441644,2.4983678,3.423119,5.0701,1.0274782,5.094212,2.8392062,1.1702608,2.6304116,0.90715396,2.0311155,1.4353288,2.940921,1.4051723,2.3669734,1.305509,0.9859715,4.509281,1.639037,1.0456011,2.7743185,0.9806162,0.92079735,3.1582663,2.4230433,1.492107,1.0589612,1.4163644,1.0261182,0.9811714,2.6766274,2.087982,2.36847,0.9510965,3.2981174,0.8120449,1.1951941,3.0473213,3.097328,1.287869,2.1849823,2.396822,2.5542278,3.1848962,3.728702,2.0879066,1.0614614,1.3547868,0.84751266,4.8609614,2.2917125,0.7935794,2.071332,2.855519,1.4256585,1.2815138,0.9949869,1.3249515,1.3639456,1.9664394,0.7963911,1.1738013,3.485217,1.2891766,2.4290094,1.3847966,3.2574916,2.7936978,1.4166437,2.5951805,1.0853128,1.1814436,1.3974988,0.9062545,2.8000762,2.1151953,2.703454,2.9483657,3.812631,0.57684696,0.9051622,1.3706523,1.5670108,0.8708864,1.0733371,0.7908153,1.5999626,2.7100475,1.3706523,0.49548945,9.971662,2.9477801,0.7486253,1.7870352,1.1547087,1.3790845,1.2718247,0.5019001,1.7395852,2.1296053,1.7556711,2.6172462,1.285082,1.2989547,1.467643,3.2555642,3.8774204,1.2992262,1.6901159,3.0708756,0.82574123,0.76537055,1.1689924,1.0604769,1.5161108,0.9653886,2.4955142,2.1414473,1.2246454,2.8562095,1.1749415,3.2618911,0.8520599,1.4197181,3.040802,1.5632613,0.8357064,2.4570324,0.31654102,1.1616694,3.666884,1.1247693,1.3913403,0.90846884,1.4086136,1.5736789,2.6666312,3.452193,2.0161903,3.250948,2.9082108,1.4271675,3.3003693,2.9048235,1.825898,2.454099,2.5627358,3.9602122,2.5477302,1.3710829,2.653017,1.2021269,1.0638034,1.5750822,3.2501369,1.2496898,0.6455996,2.4005606,1.1124196,0.80714893,1.0621179,0.74273306,2.5320804,2.385131,1.5733261,1.3465705,2.0495787,1.0305167,2.3242881,1.7087243,2.2545805,1.158303,1.5100573,3.349247,2.6900811,0.919945,2.9309556,3.1998894,3.4407663,2.7347429,1.4443473,2.9965043,1.7934896,2.6806715,3.46647,3.0295436,2.508238,2.9222577,1.6213182,1.5306579,3.581653,1.057856,1.0504714,1.4899735,2.8518887,1.6310889,2.2067623,2.6013687,0.9658812,1.7186738,1.495097,1.6332135,2.9020247,1.2821026,2.6541736,2.8711338,2.915713,0.77049774,0.6963242,1.2022331,2.2895193,2.2782183,2.9199817,3.3527074,5.187741,2.68791,3.6816695,3.5153677,2.2298884,4.594355,0.8071363,3.520833,3.0886574,3.5809102,2.874123,1.0720565,2.853407,1.6596528,2.0555081,1.9559319,0.56991404,2.369958,2.0966465,2.3912435,2.9879587,1.5858645,3.2442265,1.0774776,2.5093362,3.542019,3.9252636,0.98899716,2.0121844,2.4338868,1.8181094,1.3660218,3.198839,4.077683,1.7026962,0.75074065,2.6803021,3.0728,2.3837392,1.5426326,2.8970897,3.0099132,1.436393,4.199349,1.4347657,1.2883042,1.3707256,0.9315167,1.2793496,1.571719,2.7809215,0.7185846,2.6914072,3.3972466,4.2518697,1.3342123,1.1030947
1.4822809,2.8840685,2.628346,4.6864524,3.6077669,3.3820186,1.5046408,1.5270534,2.1166155,1.8041294,1.5377617,1.4839361,2.3448603,1.478682,4.790963,2.0404541,3.4620216,2.836145,3.701471,2.115098,1.2731677,2.11367,3.4201922,2.9822643,4.5110345,2.3726964,5.3876047,1.614265,1.6057229,1.287372,1.505271,2.3556998,1.2686701,3.3512425,1.4278709,1.9614768,2.2013745,1.3461382,2.449387,2.9942353,1.9520849,3.3207285,1.4637165,1.6660995,2.9576643,3.2054975,2.5562432,1.2269316,2.7221308,2.1651666,1.5207882,3.7924128,3.0702455,2.500631,2.5499399,4.2142696,1.7556678,1.2162246,3.8499181,3.3611276,2.1162114,3.6601102,2.0066311,3.0288339,1.6518084,3.1080701,3.7070398,3.0479574,1.7066863,1.5796924,5.834652,3.3098183,1.5398257,1.5679523,1.825007,1.305381,2.180809,1.7279496,1.3841863,1.3562839,2.9871256,1.6653432,1.503131,4.3875027,2.2355413,4.380506,1.2856249,3.9264066,2.3492503,1.9017276,1.9569879,3.1222162,3.1917343,1.2816598,1.5317483,1.5168091,0.99669963,3.2048628,3.249437,3.508733,1.9846276,2.490378,2.5988371,1.2550137,1.7910606,1.8202212,1.5273801,1.8647171,4.6238084,2.5988371,2.0368955,10.952243,3.3697116,2.696642,1.7000629,1.9097133,2.409869,2.8402207,2.3665965,3.4934433,2.9310188,2.5623844,3.8536217,1.4211472,1.4315822,2.7907686,2.7377355,3.3701794,1.8096855,1.6459247,3.8161438,1.476387,1.6748922,2.2518485,1.5008707,1.2821734,1.5411954,1.4001147,2.3671336,1.5462705,2.8363407,1.3719128,2.8457727,1.6253514,2.764998,2.126099,0.7066719,1.6906648,2.0376806,2.0789287,1.4260169,4.713972,2.251957,2.0122898,2.938257,0.94279903,1.9676075,2.775785,4.2898545,2.968736,3.4481087,2.993912,1.5076909,3.267805,2.9305556,1.7535958,4.2016945,1.8957933,4.90757,2.7821958,1.3234438,2.5074146,1.582259,1.4398296,1.5671372,2.519087,1.4491332,2.1214697,2.542899,1.4764893,1.6867657,2.6013415,1.6653374,3.4671156,2.9015312,2.0397055,1.322099,3.9624507,2.6692235,3.0662065,1.9725152,3.2897432,1.6438624,2.4428473,5.2238812,1.2487583,1.5816662,3.110731,3.6297843,4.206419,1.5442272,1.7742182,3.1212955,2.0288217,2.6129575,4.4362392,2.4571824,3.1273108,3.1961508,2.3051822,2.508896,1.6169038,2.3717105,2.4897966,2.5648067,2.2534873,1.3993882,2.9572024,3.2711785,1.557503,2.2445493,1.6132762,1.3576254,3.8937092,3.234603,3.3030815,2.4734855,3.8278158,2.760003,1.6613013,1.4428446,4.078308,1.7940567,3.4558597,2.4851298,5.4058313,1.8218768,1.5245019,3.5168784,2.2191594,5.477233,1.4885193,4.0925965,3.4847531,3.1672006,3.2949188,2.0340943,2.2396305,3.7226217,1.7027862,1.8269621,2.350946,3.352203,4.0638785,4.2328086,3.7545288,2.7608604,3.8725533,1.4541668,3.2075453,2.3608718,5.026509,2.5507975,2.8107977,2.2771919,1.865445,1.5162497,2.337894,3.7439427,3.638322,1.5345892,3.2886274,3.7674277,4.3403673,2.9332364,3.1692421,3.001552,2.727558,2.1248474,3.0760777,2.6705093,1.9428289,1.4464033,2.470931,1.1962447,4.5318494,1.6241179,2.9123886,4.5226717,3.9834752,3.181694,2.568871
1.0964301,2.8099964,1.9018366,3.578096,3.3207955,3.1851296,0.90871704,0.5796553,2.006956,0.76612306,0.9020456,0.7002905,2.2426486,0.73426133,4.267169,1.6353812,2.5906615,2.926116,3.6748126,2.3932087,0.6787726,2.3643255,2.465141,3.2999666,5.531685,1.2270471,5.591746,2.1569479,0.8921525,2.4281683,0.6452221,2.9156086,1.1467384,2.991528,1.1744196,1.6157117,2.2753582,1.0837476,3.7267485,1.9382265,0.9486808,2.5972464,0.8404819,0.90589756,3.1575594,3.5041265,2.587891,0.8230088,1.6526856,2.0944836,0.8311649,2.7881866,1.9462682,1.2339293,1.359125,3.6254916,0.74753517,1.5065093,3.7974222,3.5791214,1.4522815,2.4894164,1.4184979,2.1990185,2.2093372,3.60732,3.2943552,2.5164118,2.0205598,0.68636006,5.088038,2.2762697,0.80662143,1.2113351,2.9910676,1.1829824,1.3253556,1.7595321,1.0109758,1.0380589,3.1007814,1.4878398,0.8152318,3.7929637,1.1089735,3.7379084,1.0856673,3.455586,2.3197827,1.1459446,2.1722708,2.5167203,2.6191387,1.1178669,0.91568184,2.7488291,1.970745,2.5630376,2.9168873,3.6926394,1.6870811,2.0978775,2.5827155,1.3522196,0.8688528,0.9029138,0.8893062,1.2779188,4.0919414,2.5827155,1.5339073,10.895017,3.1160667,1.9209665,1.4247344,1.0918529,1.5233827,1.8255079,1.8929942,2.5233116,1.9529868,1.7297089,2.79067,0.97750837,1.130735,1.8124391,3.6095314,3.9041488,2.055435,0.6626025,3.8702257,0.9025189,0.7534157,1.1667897,0.7930814,1.1967721,0.7682162,1.4922179,2.430509,1.8578753,3.3560665,1.025234,3.0706503,0.7318923,1.7155178,2.8958323,1.1743394,0.7086389,1.6813974,1.2670507,0.9318626,3.645772,1.0557729,1.1434702,2.3580363,1.1867641,1.2343099,3.0472443,4.433931,2.84668,3.9321828,3.282958,0.85263574,3.3628743,2.8419087,1.8244791,3.2046502,2.0175447,4.2142615,2.8574448,1.072432,2.5375395,0.8135187,0.8012923,0.76076055,3.376164,1.0062387,1.7971511,2.8840673,0.76104873,0.708979,2.3162637,0.7833185,2.4397323,2.3058758,1.3561149,1.0504543,3.198128,1.6089783,2.1355035,0.8486735,2.7696762,0.81466293,1.6226573,4.3166833,2.4319274,0.6072559,3.0851,3.8612978,4.3293204,1.7652305,0.6769041,3.009179,1.7289222,2.2300117,4.1402607,3.229875,2.261665,2.597606,2.558784,1.3931869,3.0294828,1.233863,1.2851754,1.4221443,2.4600568,2.0738888,1.9791131,3.1565692,0.57898384,1.497394,0.71796215,0.6048641,4.014351,2.493287,3.4664922,2.8524022,3.7652984,2.223974,1.389358,0.553494,3.1320055,1.37878,2.1712162,3.43593,5.651112,2.8763766,2.8802178,3.4677835,2.1788208,4.7071304,0.92322576,4.300701,2.6578906,3.934955,2.5168698,2.0049105,3.1075833,2.9484513,1.5267657,1.4530133,1.3459932,2.2586403,3.3991401,3.2998319,3.7296941,2.795698,3.6150506,0.7988138,2.2569222,2.9811387,3.994879,1.3686701,2.7691262,1.6950245,0.8778739,1.0226084,3.2321346,4.126055,2.7214596,1.0580381,3.051144,2.4546258,3.6931207,2.4199784,3.50772,3.0550928,1.6981223,3.6295247,2.1076505,1.5196545,1.1259243,0.66209173,1.2886583,1.2955294,3.5598917,0.85440844,2.4167612,3.2970989,4.4215336,2.7776747,1.3993661
5.0286613,5.757565,3.361502,1.8971891,2.9299989,3.5160456,4.8958354,4.7993107,5.1807475,4.5002856,4.7536387,4.890657,4.3895698,4.8453565,1.7871052,4.9623337,2.5488286,3.9564743,3.804011,5.5557117,5.146196,5.76469,2.9750872,5.199573,8.193894,4.353874,6.798017,5.5598493,4.8438044,5.553977,5.081563,6.084728,5.0829043,3.2677863,5.019481,4.219321,5.345415,5.492312,7.090646,3.629005,4.7015524,5.0397167,4.839863,4.8494096,4.6988983,5.78521,5.37473,5.173743,4.223617,5.1278524,4.7791076,2.83626,3.5802765,4.5774417,4.592814,1.9560616,4.849286,5.500741,3.7085788,3.8821535,4.9157467,3.3175507,5.0419664,4.672312,5.332115,5.809376,3.9765804,5.0916843,5.6463814,5.0579844,0.66517866,3.3245473,5.1868196,4.834503,5.8321924,5.11953,4.68517,5.4579587,4.861534,4.880888,5.561259,5.513149,4.7481513,1.7891973,4.747974,5.616346,4.997894,2.6435206,4.366809,4.589453,5.4418716,5.057964,5.1245027,5.037445,4.773494,5.862139,6.1245127,2.8479962,5.266594,5.967593,5.1615987,5.3141365,5.3495264,5.2554445,4.8602896,4.7298064,5.280994,4.51691,5.8158455,5.3495264,5.1287055,10.616342,3.0522516,4.890178,4.7777987,4.8453746,4.657471,4.787311,5.0579624,4.1197886,4.346313,4.8362875,2.6496346,4.8269997,4.984148,4.5039864,5.5563602,6.4386277,5.32625,4.624969,3.9261103,5.302651,5.0251284,4.385228,4.7923183,5.041643,4.764795,5.196541,4.392217,5.5951605,4.6704974,5.0691404,5.6418962,4.878504,4.544928,5.2652483,5.6313086,4.878283,4.563249,4.861969,4.8973985,1.7642384,4.4446235,4.4993644,5.0710554,5.651249,4.3883414,4.1922255,4.6795473,4.1053653,4.7664065,4.400488,4.7938046,4.239998,4.0138464,4.3440623,5.1078386,5.3244276,1.1741266,3.7747576,4.945384,5.3813696,4.7804413,4.933746,4.594669,5.1431885,4.834146,5.3423147,4.6325507,4.824655,4.9690437,5.161717,5.0626945,2.9889529,3.0692487,4.764901,4.9483423,3.6397254,4.799883,3.6306326,4.3357115,5.4048815,4.7726054,4.6937313,6.0376782,5.829053,4.993159,3.8797061,4.0784726,4.287108,5.172569,4.4952435,3.8667762,3.957822,3.9040287,2.7153726,5.095527,4.030563,4.333707,5.616442,4.6965046,6.34113,4.327858,4.4226365,4.4080544,4.647237,5.9143248,3.572561,3.5507069,4.9609165,4.638218,4.634283,4.852557,6.6244626,5.051,4.2524366,4.2459064,3.8866801,4.9783387,5.000602,4.8347363,5.3688154,4.998037,3.6590207,5.360081,6.8754416,5.6070566,6.597133,5.466385,4.160676,0.669248,5.3017135,4.1979423,3.9686327,5.87721,4.5645194,5.247049,5.2606807,5.206337,4.838952,4.9749155,4.6533504,3.1688418,5.5103736,5.374338,3.604343,5.426135,2.8504617,4.8222966,3.3991818,5.335693,1.3290977,4.5620623,4.151213,3.9878924,4.401437,5.0199504,5.676651,5.9477415,5.1767282,4.936639,3.0810158,3.3954866,5.6038156,3.7556276,4.5452313,4.2552323,3.9868808,7.0878325,4.8879366,4.4413624,4.6005855,5.1357136,4.3801017,5.1770706,5.4421277,5.1599874,4.042686,2.243584,6.4182568,5.293122,4.537579
2.556992,4.128757,1.714074,1.3524787,2.839014,3.1589506,2.5355082,2.3340166,3.3659415,2.0211692,2.4127192,2.390993,2.2213194,2.3566074,2.9697511,2.2684245,1.2993025,3.1187122,3.6441169,3.0797846,2.7458537,3.9781208,0.7484537,3.3153613,6.535877,1.7540628,5.3368273,3.164162,2.2652118,3.760688,2.6401987,4.438688,2.6144605,1.9661695,2.5101054,2.0773036,3.7163005,3.046596,5.080135,1.2193385,2.0495248,2.2214234,2.4555461,2.3361313,3.0002718,4.6978655,3.898856,2.8268118,1.5514904,3.4167385,2.383847,0.8222666,0.72499424,1.7048072,1.9731255,2.4778745,2.49837,3.35723,3.78721,3.5258904,2.2727716,1.0063063,2.1796396,1.7497725,3.3142245,3.8549862,3.208229,3.3480074,3.770343,2.6400099,3.132158,0.709645,2.764484,2.2404494,4.2940335,2.6351156,1.991019,3.4735007,2.410572,2.436404,4.3147254,3.2497492,2.2799942,2.55854,1.920955,3.9807248,2.549165,2.0668812,2.3108447,1.9493407,2.9293876,3.2312565,3.3443565,2.5817165,2.4591517,4.103336,3.7601602,1.4781071,2.7444472,3.7406719,3.1328874,3.1558473,3.801937,2.7937922,2.2866178,2.1126733,2.8400972,1.9581573,4.3987727,3.801937,3.0737598,10.167355,2.8394487,2.645656,2.2567823,2.1757207,1.9430946,2.1726255,3.0538833,1.9909434,1.433293,2.0099208,0.8633892,2.3710926,2.5016057,1.8412852,4.318486,4.3497677,3.577237,2.1013181,3.9044578,2.8651912,2.6312103,1.723651,2.3469346,2.586543,2.3935382,2.6923769,3.337503,3.578633,3.8004324,2.5826936,3.3354402,2.530046,1.8285488,3.5551188,3.2230186,2.5074697,2.0349114,2.5216804,2.4277065,1.4363605,1.752939,1.8310852,3.22255,3.1984658,1.7994766,3.5267866,4.726329,3.31889,4.3480287,3.2620401,2.213448,2.8909485,2.3528588,2.7043407,2.8659446,2.7672827,2.6328676,3.0458767,2.498957,2.9237244,2.217492,2.443864,2.2735002,4.0667,2.3774767,3.314507,3.25316,2.3443472,2.573844,3.5341659,2.6681023,0.5605555,1.6771609,2.041288,2.49966,2.7244027,2.1972537,0.92118144,1.7732506,2.9359114,2.1893914,1.9732434,4.1502466,3.8083704,2.5667853,2.5866992,3.9195724,4.4353604,2.787004,1.957753,2.3824935,2.2165363,1.7703197,3.3337176,3.8525982,1.2524321,1.7745847,4.0511675,1.7943164,4.569623,1.7250228,1.7743976,1.5610951,2.6596854,3.8544657,0.8488,2.7540488,2.5361285,1.8724761,2.06152,2.4055479,4.8433666,2.9593704,3.5833397,3.0921876,3.8508818,3.143019,2.9100964,2.3728862,3.1065326,2.2505758,1.1285542,4.2001023,5.415986,4.1316805,4.5368934,3.242679,2.956905,2.8037195,2.875955,4.3173676,1.3142781,4.4499288,1.7497762,3.4935346,3.9888718,3.3316336,2.307694,2.272157,2.2274206,0.48632059,3.7489781,3.2233262,3.5473738,3.9848719,2.6398513,2.3890252,0.7337528,3.4542866,1.8662013,1.9296328,3.2922869,1.7256935,1.8911068,2.4036648,3.993174,4.127416,2.9696214,2.6643598,2.6686568,1.1279683,3.952725,2.3210087,3.6255968,2.6933758,1.4337837,5.228958,2.3515935,1.715061,1.9342071,2.6822865,1.6210328,2.7455137,3.2638373,2.7603104,1.6962272,1.5620122,4.5679374,3.6577241,1.8554007
0.85448587,2.5822132,2.099632,3.8600702,3.3846688,3.1943705,0.74172115,0.58035415,1.7931755,1.0531249,0.7981487,0.5738665,2.2557983,0.6244803,4.3955173,1.5167841,2.821746,2.8598983,3.6293955,2.20966,0.47814906,2.0886295,2.6525104,3.1576722,5.1651926,1.2936739,5.3677015,2.006085,0.7672466,2.2097142,0.4975868,2.6049154,0.9118754,3.048496,0.9605026,1.756385,2.070604,0.725024,3.5549963,2.0571437,0.9163583,2.575385,0.7073009,0.7629702,3.045186,3.2930474,2.3961315,0.5918386,1.7060244,1.8979664,0.7294797,2.9655542,2.1368198,1.5765996,1.3885863,3.786428,0.75699943,1.1929743,3.790155,3.5246315,1.3039467,2.6510928,1.47414,2.2441082,2.2240415,3.4129956,3.2331405,2.3671887,1.7498164,0.57141566,5.2940817,2.4462075,0.59620506,1.2231067,2.7318892,0.9342508,1.2629757,1.502782,0.85611033,0.8766401,2.907605,1.179057,0.7394171,3.9611833,1.1239063,3.5936933,0.8770759,3.5476158,2.3271248,1.1165613,1.9933358,2.3731897,2.4691918,0.8944321,0.8058492,2.4828923,1.5937629,2.7423496,2.8025608,3.5162172,1.4707638,1.858402,2.3715854,1.075398,0.7580972,0.8454148,0.6265866,1.252537,3.931677,2.3715854,1.376837,10.697315,3.23452,1.7927147,1.3204819,0.9809954,1.4732275,1.7765379,1.7102507,2.5299408,2.0238314,1.675172,2.9901927,0.8375888,0.9164779,1.7984513,3.3720558,3.6476753,1.8200077,0.89324874,3.8239079,0.6198736,0.6646403,1.2246144,0.69342095,0.98394567,0.70872134,1.4721394,2.427166,1.5480342,3.2063103,0.7738312,2.8921208,0.69221807,1.7169739,2.7161705,0.8175783,0.69551706,1.7456691,1.1413007,0.7564031,3.9145193,1.144146,1.1538353,2.2106783,0.7950384,1.2629147,3.003926,4.344736,2.8055155,3.7949526,3.154574,0.79361,3.2980406,2.8213449,1.7904894,3.1637242,1.8764935,4.411,2.8556235,0.8826576,2.3544495,0.73501265,0.62489384,0.9391989,3.2154882,0.8543881,1.579564,2.7116077,0.6556204,0.6608408,2.1600032,0.6681054,2.6502004,2.4699569,1.2804506,0.85869294,3.2111819,1.5645013,2.2810059,1.126609,2.5998557,0.74253803,1.5603698,4.2335415,2.1668472,0.55032307,3.044745,3.7896342,4.2615747,1.7564785,0.88117355,2.995008,1.7799232,2.319839,4.1873407,3.0462515,2.3616583,2.6446257,2.3261409,1.4259663,2.8497617,1.3042194,1.3543439,1.49872,2.402014,1.7178835,2.151681,3.118392,0.5416624,1.467242,0.816526,0.73223066,3.7003968,2.3609374,3.344817,2.7995384,3.739856,2.0759692,1.1862799,0.5556986,3.056471,1.3869909,2.5404985,3.25658,5.4249573,2.6371245,2.7139733,3.3322365,2.2433178,4.9367094,0.64515054,4.226679,2.7998242,3.6746056,2.5767388,1.8069196,2.9037383,2.8348064,1.4459664,1.3544946,1.301762,2.4747348,3.2549987,3.2238045,3.6998923,2.585185,3.657923,0.68264174,2.4414046,2.8884096,4.257653,1.4000192,2.7166772,1.8853604,1.1381963,0.83433336,2.9917417,3.9299092,2.633097,0.87032,3.1128113,2.826653,3.549411,2.3920135,3.3520396,2.9865038,1.7727838,3.4107409,2.0408065,1.5661209,1.1005554,0.4617123,1.3730754,1.0416312,3.503844,0.6740707,2.4644628,3.6230252,4.183456,2.6033285,1.4330518
1.5542117,3.7523096,1.7322595,3.0747244,3.1702344,3.3101134,1.6677015,1.3981332,2.8296814,1.000212,1.5570179,1.4153318,1.1074566,1.3622122,3.9209933,1.2361792,2.1889386,2.864039,3.7588363,1.6931179,1.6935754,3.2463253,1.8977076,2.4035668,5.4497876,1.6373725,5.077726,1.4191188,1.287534,2.3058033,1.7504232,3.627353,1.3516833,2.1579044,1.3296136,0.8553755,3.131264,2.0202785,3.218853,1.8787123,1.4154277,2.0617092,1.5249383,1.5136545,2.3035707,4.2540364,3.444974,1.7729458,1.7326007,2.8988247,1.488571,2.284397,1.5524914,1.0099571,1.9509976,3.3260546,1.8323838,2.299792,3.928207,3.31456,1.6452556,2.355128,0.5481282,1.536691,1.5841562,2.800312,3.6146111,3.340321,2.8992949,1.8162619,4.505604,1.7930186,1.9104437,0.51849055,3.0220997,1.3945282,1.4743719,2.6921482,1.25485,1.2482004,3.9291089,2.4302742,1.2722998,3.458825,1.4515275,4.3699,1.3193016,2.7302213,1.2169887,1.1025686,1.5121362,3.290242,3.4030874,1.3447158,1.6159971,2.6807747,2.275346,1.904837,2.3024256,2.9091077,2.5711117,2.7932525,3.3940992,1.4899387,1.56161,1.3508162,1.963923,0.9842617,4.7604947,3.3940992,2.5676837,10.600415,2.9396298,2.5858753,1.0262766,1.4309201,1.6247456,2.2343407,2.7328687,2.680761,1.5175471,1.6357968,2.4265623,1.2548012,1.3814355,1.928096,3.3614123,3.3214498,2.8065314,0.93658966,3.9616196,1.9536663,1.8890401,1.4254138,1.3938318,1.2908965,1.5336682,0.7755003,2.820899,2.6505654,3.20466,1.483074,2.3038502,1.7638899,1.9041902,2.2871404,1.8196251,1.7852552,0.44898683,2.1029336,1.3678992,3.1314013,1.4611993,1.1267095,3.189623,1.8970529,0.9601503,3.0754936,4.7471952,3.2291346,3.943461,2.787428,1.0193845,2.4809394,1.9211639,1.867606,3.4965396,1.2647425,3.7855752,2.7288103,1.292678,1.9500897,1.2165089,1.4301398,1.2375934,3.0601032,1.2954271,2.7861853,2.6398046,1.342116,1.8399392,3.2386258,1.9179375,1.8884952,1.8560364,1.2175574,1.3040048,3.524058,2.1666143,1.4558823,0.9377315,2.792211,1.2510613,1.6217839,4.8029714,2.2439423,1.7347333,2.3277175,3.781295,4.494765,0.9021453,1.0572077,2.116964,1.6124731,1.1209027,3.9389865,2.884539,1.4944818,1.6002392,3.4023364,1.532187,2.8665006,1.6087862,1.7479731,1.4919412,1.4722415,2.7411816,1.3666179,2.8193176,1.6804962,1.2050647,0.9237807,1.129743,4.481993,3.1106205,3.4287336,2.307316,3.9879467,3.0419214,2.1899178,1.3435258,3.5745127,0.512209,1.7913178,3.1020658,5.108873,2.9448647,2.6753814,2.6762438,2.3572795,4.12521,1.9766579,4.297971,1.6403241,3.54191,1.6930286,2.8868964,2.9695537,3.6543536,0.8706936,0.97449666,2.0487494,1.7873276,4.068413,3.749839,3.6861742,3.5979483,3.0503025,1.402763,1.5159626,1.989786,3.5230117,1.912962,3.098893,0.77837604,0.85737383,1.2572017,2.7693465,3.3509593,3.3154383,1.8499017,2.8244052,2.1439543,4.333944,2.5447955,3.2378294,2.208731,1.7068826,3.4325364,2.5123444,1.7974877,1.1503695,1.7446954,1.5345584,1.4119598,3.8904667,1.9740255,1.4001328,3.1107163,3.795606,3.6091459,1.8432331
2.7039165,3.9719121,3.2954257,5.250418,3.756633,3.6765003,2.8400824,2.9001682,3.2270994,2.9793584,2.809248,2.8390095,2.4454012,2.7941327,4.884215,2.8555038,3.9972105,2.9096198,3.8038292,2.3223152,2.7952633,3.1828063,4.017529,2.5716143,3.9352825,3.5685105,5.1146693,1.7473607,2.8356442,0.9880322,3.0253766,3.0748823,2.3959615,3.3743737,2.5194395,2.4968429,3.2368221,2.8649523,1.3710933,3.897425,3.203554,4.0560665,2.7745328,2.956077,2.620998,3.8301075,3.5286188,2.7251797,3.7701042,3.220454,2.8127859,4.4000287,3.9206543,3.6449623,3.8459234,4.4447575,3.215651,2.5392208,3.969872,3.049223,3.2042868,4.5404606,2.8991225,3.7980077,1.6821909,2.5922391,4.299647,4.1949363,2.8651628,3.0990453,5.9312167,4.0323095,3.0739357,2.4369442,1.3372315,2.42985,3.282668,3.005258,2.5225928,2.4783056,3.8175845,3.0678709,2.7354672,4.585675,3.485773,5.4325337,2.4244845,3.955545,2.3572812,2.9383712,2.3005059,4.272738,4.3313036,2.4157958,2.8186007,1.0200423,1.9592115,3.531677,3.6843545,3.3854034,3.2401001,3.63897,3.5630002,2.3031282,3.1274023,3.061729,3.0658834,2.7591186,5.6143136,3.5630002,3.4135094,10.815905,3.5160973,3.9060826,2.493015,3.112546,3.4811044,4.0396256,3.5841238,4.4460464,3.8091393,3.5718076,4.524042,2.5740945,2.5610566,3.845182,1.9914918,3.0365658,2.8097982,2.8551576,3.8376482,3.0123,3.1857843,3.4011157,2.7864716,2.338663,2.8725934,2.1039,2.9030612,2.718422,2.4629056,2.62386,2.8060122,3.0704799,3.8815827,1.4117423,2.2627053,3.1534698,2.5718598,3.412554,2.6559896,5.2341294,3.478653,3.0655305,4.12467,2.4533904,2.8929892,2.7534578,4.383045,3.4774714,3.1147106,2.633019,2.674472,2.8844607,2.8137944,2.2851677,5.2953434,2.3099308,5.094554,2.8122475,2.450396,2.8285785,2.8160236,2.7650628,2.7838364,1.6441035,2.5991962,3.4442482,2.4395108,2.7697036,3.186385,3.7422853,3.1821768,4.1187153,3.3166845,3.0352592,2.46856,4.753461,3.9438305,3.7359312,3.102255,4.1263022,2.88952,3.4587471,6.365275,1.0234892,3.0874274,2.9114559,3.3991523,4.1899505,1.9699696,2.9897401,2.9719598,2.6190805,2.8461103,4.4617553,1.744645,3.7796056,3.6066158,3.2465632,3.6843522,0.62318766,3.5517757,3.7273128,3.6815617,2.083491,2.4396021,3.6786988,3.2825217,3.0483902,3.174209,2.7967741,2.6668468,4.5258293,4.3817286,3.2698045,2.0444105,4.034499,3.924974,2.9114928,2.8177063,5.2435303,2.6331198,4.388547,1.4741019,5.077067,1.4988997,1.0734212,3.5603147,2.7217045,5.622549,3.0216196,3.8821485,3.984578,2.4686396,3.922358,3.1680944,1.6838487,4.898309,2.379759,2.6773138,3.6396492,4.0966425,5.167387,5.3795815,3.7509735,3.6619606,3.7634463,2.7451334,3.8309524,1.621694,5.4948993,3.8258452,3.260778,2.840582,2.9572303,2.700955,1.5624486,3.2753642,4.853089,2.85854,3.4107761,4.689215,5.4022126,3.578724,2.8653505,2.7602003,3.701179,0.9658762,4.2521114,3.840975,3.0147464,2.9743786,3.6415062,2.24258,5.6404886,3.1517503,3.2317324,5.301732,3.5732799,4.2753005,3.8084004
0.9929314,3.0567129,2.2488453,4.0458198,3.302708,3.2211952,1.2710702,1.2694702,2.190786,1.4976064,1.2558968,1.1396898,1.4734147,1.1007783,4.329951,1.0789638,2.9334784,2.5872066,3.5323033,1.1819437,1.2750146,2.4132764,2.6755188,2.1208088,4.3606386,1.8198652,4.624772,0.8463956,1.0371358,1.384938,1.4328008,2.6546173,0.64486194,2.5676558,0.7344607,1.4600983,2.4535272,1.3184478,2.5794775,2.3204517,1.3888093,2.3609948,1.1842532,1.2228326,2.1136584,3.5063496,2.79158,1.2632501,2.01447,2.2758327,1.2086825,3.0253146,2.3179803,2.0090547,2.0467334,3.7997925,1.6761827,1.4437749,3.7739332,3.0934014,1.396533,2.9546974,1.1800092,2.0738957,1.5675973,2.3206608,3.4048135,2.9120297,2.0757074,1.5235507,5.235918,2.5283632,1.4988612,0.7778062,2.0345578,0.6657448,1.4560972,1.9634104,0.8222921,0.7798264,3.250285,1.7060618,1.0585946,3.9635558,1.5937316,4.0297894,0.7071291,3.2038488,1.5172236,1.1491194,0.98871183,2.9038897,2.9944444,0.68597806,1.295085,1.6430258,1.0234224,2.5998547,2.26678,2.605713,1.9842731,2.2149625,2.7256444,0.5790264,1.3547682,1.261008,1.4793807,1.0556732,4.348057,2.7256444,2.1039672,10.251147,3.1839695,2.3044307,0.7831422,1.265645,1.6614999,2.2305949,2.2423313,2.827852,2.0439448,1.7254709,3.1600037,0.8766066,0.8148956,2.0593848,2.5392206,2.6561089,2.0509577,1.3010311,3.7121632,1.434721,1.6197019,1.6307982,1.1325896,0.59276354,1.3075339,0.7770649,2.569457,1.7703252,2.6564407,0.8927998,1.9293163,1.54302,2.061946,1.6346152,0.87336934,1.6029944,1.1867869,1.8040607,0.9473722,4.067734,1.687741,1.2827784,2.7789543,0.967806,1.2017883,2.783989,4.3410816,2.9543064,3.4144125,2.426271,0.88719255,2.46415,2.0856974,1.6095644,3.5502298,0.898426,4.4170237,2.6120188,0.7401511,1.5525013,1.0460302,1.0576956,1.3952774,2.4319322,0.8973056,2.1941106,2.084267,1.0815771,1.6188511,2.7152574,1.6164919,2.7301593,2.4017837,1.1949222,0.75901586,3.5532026,2.1369064,2.2183037,1.5387381,2.5245736,1.1066501,1.6479968,4.702483,1.1597859,1.5075858,2.3592026,3.4759474,4.1701584,0.97074807,1.3676627,2.295949,1.681259,1.7870854,4.0636826,2.2134025,2.1937082,2.1926892,2.6336133,1.7872865,2.080554,1.8070995,1.9415575,1.846136,1.4364283,1.6843997,2.164651,2.7447186,1.4726166,1.3653773,1.1072024,1.1730161,3.646692,2.8240678,3.0194988,2.1038842,3.7758899,2.6188788,1.6294063,1.204302,3.5086837,0.91965395,2.9358208,2.4103255,4.6470633,2.0226247,1.9592803,2.5467384,2.3110855,4.912068,1.4554032,3.9796686,2.541894,2.7340612,2.311816,2.2485526,2.19414,3.3867307,0.7288556,0.85460156,1.9454612,2.624067,3.7270908,3.6750507,3.5255206,2.9157207,3.2810318,1.1036845,2.3933508,1.7573028,4.4130235,2.0243979,2.793071,1.6772304,1.4557638,0.834652,1.9305364,2.9295514,3.1689687,1.3827201,2.9616227,3.261776,3.9940798,2.4685946,2.7548563,2.1753583,2.0332808,2.5657916,2.46928,2.0221963,1.2077342,1.3737812,1.8303987,0.53159374,3.9025,1.5886662,1.9535736,4.049593,3.2353837,3.1019268,1.9907141
1.1142883,3.2470195,2.0986671,3.249272,3.2889688,3.3193636,1.4163234,1.3365473,2.4438741,1.4902344,1.3785039,1.2038132,1.4844947,1.1766498,4.0168276,0.45723367,2.4687214,2.8533807,3.6773384,1.4262943,1.60989,2.888098,1.8770456,2.2288961,4.9601736,1.1069957,4.363151,1.6574684,0.90727985,2.526364,1.564375,3.2530892,1.091919,2.2081175,0.95350254,1.6689633,2.8557324,1.6389642,3.715562,1.45598,0.8758665,1.2199714,1.3444417,1.0967741,2.1505597,3.9573598,3.1296394,1.6652445,1.017556,2.5655313,1.3082105,2.1168704,1.3423151,1.4913416,1.2759348,3.52586,1.6836839,2.0705373,3.964145,3.402306,0.744193,1.9323833,0.82996273,0.8660348,2.4526966,2.5562375,3.1738048,2.6973367,2.6567793,1.6207967,4.6804323,1.5769684,1.6346893,0.9822174,3.084624,1.067307,0.6446333,2.3873959,1.0743476,1.0823884,3.603948,1.9697913,1.1302705,3.6750443,0.71947384,3.457878,1.1089123,2.7691987,1.6186944,0.62895054,1.2432864,2.5783122,2.691398,1.1023321,1.4433064,2.7685027,2.0209208,2.2562637,1.5064048,2.4183505,2.1382575,2.0272028,2.977566,1.153578,1.0829626,0.8853017,1.626578,0.7091811,3.8873432,2.977566,2.2079492,9.740301,3.3224738,1.8036649,0.764032,0.7390478,0.6998608,1.3142242,2.168297,1.8850801,0.7846649,0.5698257,2.2985435,1.0698276,1.0132041,1.0216622,3.2661672,2.8418508,2.5797744,1.3494734,3.9362223,1.6221846,1.6683872,0.898236,1.2160583,1.0753756,1.412938,1.4409348,3.0674286,2.330659,3.1911583,1.1207352,1.8866879,1.6316526,1.0155448,2.4042432,1.7209657,1.6377541,1.1099154,1.5660437,1.104297,3.2882178,0.9772741,0.6459969,2.534814,1.6423234,0.73676854,3.2893696,4.631894,3.1690166,3.9229581,2.6487184,0.90302014,2.4213972,1.935611,2.1182039,2.509124,1.1277198,4.003815,2.957874,1.0911162,1.3314764,0.9597956,1.1718599,1.6084826,3.2588282,1.0566663,2.3303857,2.421723,1.1659805,1.6532564,2.8439693,1.6750897,1.8882359,2.2012157,0.37921154,1.0987378,3.0189364,1.3310047,1.2676704,1.3161274,1.7207754,0.936645,0.6408714,3.7944906,2.3368967,1.5932121,2.2778683,3.8012195,4.4312887,1.6570071,1.2323998,2.1093485,1.881579,1.53144,3.9311504,2.9432256,1.1011912,1.2977347,3.1244419,0.6738592,3.3509881,1.0878246,1.1488174,0.7761431,1.7433125,2.429156,1.2888063,2.6896877,1.5724238,0.30911592,1.0605263,1.4878175,3.6035318,2.2379708,3.2240975,2.6225975,3.9558778,2.4439201,1.8898575,1.3550731,2.5716665,0.82551265,2.2509723,3.29435,4.4222817,3.0167196,3.207345,2.1037276,2.7831235,4.393082,1.6432363,4.271632,1.5669365,3.250574,1.192002,2.615006,3.0298452,2.8035388,0.842769,0.50661993,1.432323,1.7353692,3.1701512,2.7547255,3.6541064,3.1903453,3.0854075,1.2412925,1.5193684,2.418332,3.6783066,1.228643,3.0683913,1.5829191,1.3749208,0.8123824,2.7016144,2.948018,2.3806818,1.5768193,3.0040162,2.543423,3.4248927,2.169667,3.0281177,2.1152906,1.1416042,3.8467033,1.5514123,1.0403631,0.6160313,1.543311,0.91891694,1.1793786,2.882353,1.6831982,1.300268,3.346535,3.268799,2.9677682,1.1216928
0.9352287,2.6145215,2.2156162,4.168773,3.3671792,3.1571705,0.90154576,0.86578315,1.7922657,1.2641509,0.9464522,0.825182,2.1578057,0.8369826,4.476308,1.6146302,3.0153196,2.709797,3.5432725,2.0363,0.62461555,1.963711,2.9113507,2.9644618,4.804779,1.7109089,5.2967286,1.6916053,0.989315,1.6821419,0.8330227,2.3722885,0.81544626,3.0668628,0.95071286,1.693507,1.9899489,0.80091,3.0272186,2.3988888,1.2937107,2.8427935,0.85481405,1.0310068,2.8818922,3.148106,2.3445392,0.62792426,2.0931053,1.8724068,0.90693486,3.2602937,2.484372,1.9394054,1.8664685,3.87937,1.1075312,0.9687421,3.7036388,3.3256693,1.5570748,3.044634,1.5968055,2.5244176,1.855533,3.1735077,3.3402433,2.5834439,1.5690001,0.9165197,5.457843,2.756213,0.8947145,1.194535,2.22434,0.85486376,1.5786272,1.4363775,0.8621398,0.8528767,2.8331466,1.2331516,0.8979509,4.0557966,1.5682642,3.887589,0.8048247,3.6109629,2.1980667,1.3352289,1.8344399,2.6264336,2.7105672,0.81276166,0.9460672,1.9514594,1.1639037,2.839456,2.9123445,3.421209,1.5564443,2.033632,2.3500025,0.9083526,1.1250958,1.1741816,0.8974727,1.3706543,4.1790133,2.3500025,1.5488298,10.753027,3.177956,2.119213,1.3083398,1.2900865,1.8098066,2.201514,1.8905239,2.8964422,2.3612425,1.9949809,3.3047051,0.87946194,0.9283998,2.1761572,2.9749475,3.4310007,1.6493618,1.0872383,3.7045555,0.8546581,1.019848,1.6062135,0.8781547,0.8652875,0.917261,1.262775,2.261117,1.3639901,2.9105608,0.8180071,2.76276,0.98541784,2.1286123,2.32653,0.35957268,1.0379202,1.7336259,1.4649221,0.8467646,4.2077785,1.5792211,1.4227837,2.4493282,0.53399074,1.4394512,2.7699006,4.2155323,2.7510047,3.52246,2.9502754,0.93038297,3.1630526,2.7420435,1.5883756,3.5907142,1.7385721,4.546288,2.685541,0.83359736,2.3007655,0.95891774,0.8061579,1.048309,2.7896125,0.90724945,1.696203,2.4910212,0.8459069,1.0268015,2.2437944,1.014278,2.9380388,2.5425541,1.4996552,0.8199199,3.4641848,2.0116365,2.546786,1.3986939,2.831647,1.0082977,1.8675448,4.645691,1.6461285,0.91092366,2.9456434,3.5980408,4.127982,1.507274,1.1620384,2.92688,1.7230368,2.3239827,4.1920586,2.65822,2.6234543,2.8001823,2.18657,1.860201,2.2594147,1.7138737,1.81218,1.9179199,2.1946707,1.4051358,2.425785,3.0576053,0.88768023,1.7079941,1.0208828,0.8103892,3.7012842,2.6838303,3.1980255,2.514879,3.6666422,2.284562,1.2156163,0.7906801,3.476994,1.4229916,2.904893,2.8038387,5.3367352,2.1576133,2.153738,3.3201473,2.0869007,5.100634,0.87345773,4.0539494,3.0309014,3.340001,2.8260462,1.7598647,2.4833493,3.174711,1.3830092,1.4125682,1.7023449,2.794651,3.5579467,3.6372385,3.6054468,2.5456204,3.638936,0.8375234,2.7005763,2.5434601,4.5358186,1.8705782,2.6249251,1.9302002,1.3368008,0.9574591,2.585581,3.750856,3.038315,0.9795088,3.0669675,3.2059004,3.8452542,2.512942,3.1411598,2.8657174,2.1205845,2.8139663,2.4538262,2.0090346,1.356259,0.77318776,1.8076285,0.8473732,3.9303117,0.98644733,2.5538414,3.9737742,4.004226,2.771434,1.894389
0.74994516,2.8989618,1.6238397,3.4374628,2.8876295,2.8361478,0.8407178,0.67787415,1.9752811,0.81778336,0.75311524,0.6324104,1.4082676,0.57164127,3.8664591,1.0485971,2.32387,2.361685,3.250445,1.6391556,0.8807387,2.3483508,2.1328955,2.4315383,4.9168963,1.2578827,4.9258842,1.3749499,0.5807648,1.7290963,0.9887993,2.7359922,0.5318937,2.293416,0.5790999,1.0190741,2.2639766,1.1778849,3.1371744,1.7622223,0.8897848,2.2731383,0.7009865,0.7799427,2.2829413,3.4021592,2.5914223,0.9225383,1.5344512,2.0486004,0.6901976,2.5002508,1.7498193,1.452134,1.5509524,3.2806518,1.1393727,1.3928031,3.4410372,2.9337783,1.1737095,2.397775,1.0202363,1.8653617,1.6555624,2.7675867,3.0588543,2.6152263,1.9980264,1.0675893,4.7330155,1.9974369,1.1235957,0.47084796,2.3590915,0.6001547,1.0888356,1.8023503,0.4122223,0.40040672,3.0798106,1.568399,0.4865252,3.4458396,1.1451279,3.8064492,0.46920925,2.8539383,1.4677854,0.68305653,1.4181944,2.6066523,2.7094548,0.5080545,0.80604684,2.0686471,1.5484245,2.0888608,2.37815,2.9815323,1.7293035,2.0601494,2.5464246,0.7373692,0.897593,0.75849855,1.1640753,0.61971796,4.143458,2.5464246,1.7584531,10.3986845,2.7318811,1.9801261,0.62975085,0.8956206,1.3205249,1.8781698,1.9552414,2.4230025,1.6884615,1.4926733,2.5833328,0.42266035,0.592508,1.6885381,2.8374434,3.16551,1.9239718,0.62086344,3.447133,1.1406878,1.1533145,1.0762532,0.59866846,0.49610442,0.7608759,0.8502042,2.215332,1.7455003,2.6714184,0.65226245,2.3184814,1.0258338,1.6656531,2.0047398,0.9774671,1.0755677,0.9680748,1.3970731,0.5359293,3.4705293,1.1100763,0.7736117,2.473213,1.0500588,0.6760456,2.5596676,4.1174827,2.598967,3.3647263,2.4722147,0.29597557,2.5058584,2.0132482,1.2847193,3.2661476,1.2618023,3.8860211,2.3198268,0.4457726,1.8471549,0.50060064,0.61312324,0.74609125,2.6102095,0.4774981,1.9482311,2.1364257,0.54599774,1.1228759,2.4235647,1.1705571,2.1661165,1.8617115,0.9176814,0.4509475,3.0971773,1.7439802,1.7501986,0.8279555,2.5083172,0.57251406,1.35851,4.466619,1.7064809,1.0110356,2.2740657,3.3050523,3.9369726,1.0862298,0.6499037,2.198749,1.2000601,1.5058225,3.6882539,2.4251964,1.8515427,2.0350873,2.5196812,1.3805475,2.4821498,1.2413652,1.3998781,1.3601811,1.5579257,1.8504505,1.6351286,2.5138898,0.9595136,1.0694785,0.39285657,0.5801548,3.7885077,2.5482554,2.8925881,2.053574,3.4482803,2.3052602,1.3328545,0.6113007,3.2495332,0.7997777,2.300241,2.656579,4.9677863,2.2627816,2.4163687,2.784219,1.8989062,4.3826623,1.1614614,3.7972803,2.2335036,3.127492,2.1232734,2.0225692,2.3898652,3.088222,0.6914503,0.80601436,1.4800751,2.0415194,3.4916117,3.4114525,3.2470558,2.7500842,2.981846,0.5860408,1.8922011,2.1107,3.8151264,1.5286257,2.4659631,1.1799904,0.76661605,0.57103235,2.3846831,3.3214195,2.870559,1.0068985,2.562045,2.6046376,3.7678304,2.0691822,2.7818599,2.2027948,1.5127853,3.094134,2.156848,1.5455378,0.73936045,0.96385056,1.2945787,0.6265576,3.6492338,1.1982076,1.745228,3.3633068,3.668554,2.8530438,1.5051908
0.7847364,2.929162,1.6297559,3.456326,2.8313534,2.7923725,0.91932136,0.8083437,1.9978902,0.93585634,0.8286823,0.7452112,1.2857833,0.67914915,3.8180773,1.0147609,2.3237915,2.2743013,3.186409,1.5302421,0.99179596,2.3624432,2.1298888,2.2862272,4.803858,1.3435318,4.8204017,1.2549195,0.6620583,1.6038381,1.112392,2.713048,0.51473814,2.1977954,0.56824374,0.97541016,2.281304,1.2529367,3.0369678,1.7952994,0.98438036,2.2727056,0.7850961,0.864339,2.1359453,3.3891218,2.607572,1.0136871,1.5867418,2.066231,0.7778104,2.5009162,1.7858553,1.5672361,1.6482134,3.246987,1.2622349,1.4126132,3.3887086,2.824738,1.203136,2.4364524,1.0463028,1.8736557,1.5858521,2.6259959,3.0394936,2.6590981,2.0156548,1.1908684,4.697741,2.0099385,1.2353476,0.44286126,2.2425482,0.5845997,1.1370049,1.8390485,0.43474767,0.4085002,3.0858016,1.6230261,0.57890785,3.4111643,1.2419641,3.8422458,0.46439904,2.7759922,1.3365355,0.7190586,1.3129771,2.6516898,2.7526643,0.4973516,0.8811735,1.9443567,1.5004848,2.0484817,2.3241303,2.876861,1.7735114,2.0902624,2.5578818,0.69046,0.9987132,0.8506658,1.2682924,0.6007623,4.1716337,2.5578818,1.8321426,10.321516,2.686051,2.0356913,0.5453223,0.96361923,1.3636563,1.9453869,2.0018513,2.4535065,1.7145755,1.5249294,2.5969498,0.46092826,0.5973616,1.7334547,2.6927836,3.045027,1.9240493,0.7514834,3.3805194,1.2406332,1.2749823,1.1543636,0.69340676,0.44977885,0.86147386,0.80004066,2.197481,1.7540512,2.549275,0.69283974,2.2059472,1.1421701,1.7250997,1.8384274,1.0067852,1.1985232,0.903689,1.4773659,0.5947421,3.4820487,1.2098333,0.8236975,2.5225515,1.0890436,0.68677765,2.4823694,4.065062,2.5734634,3.2634823,2.3310373,0.398144,2.3636518,1.8838931,1.2202599,3.317029,1.1622279,3.8558676,2.2390454,0.44409695,1.7558236,0.5999372,0.7056175,0.85141355,2.4666555,0.51043755,2.0050483,2.0079143,0.64843893,1.2481222,2.46417,1.2896464,2.1756427,1.8274956,0.9351533,0.45902452,3.1096644,1.8260125,1.7480468,0.93942636,2.505023,0.67292064,1.3880724,4.521483,1.5777218,1.1406355,2.1434383,3.2109938,3.872315,1.0095652,0.77949655,2.0729322,1.1527424,1.4184674,3.6245313,2.2750185,1.8434031,1.9874353,2.5264618,1.4603689,2.3867364,1.3244618,1.4930489,1.4326721,1.4047883,1.8329666,1.6444366,2.4163427,1.0900311,1.0817184,0.5286319,0.7094938,3.7621474,2.5944037,2.7988553,1.913302,3.4029508,2.3501098,1.3727026,0.7455726,3.3073132,0.7922438,2.3815517,2.5092018,4.8583474,2.1513388,2.344345,2.6904101,1.8779064,4.3547497,1.260098,3.7116067,2.2165732,2.9799924,2.1140492,2.0504074,2.2568471,3.1420295,0.5863189,0.7714754,1.5644754,2.0652928,3.5333822,3.466366,3.172543,2.7567668,2.8889072,0.67765564,1.8909508,1.9594253,3.821767,1.622554,2.4301946,1.1586845,0.86811495,0.6166571,2.2271204,3.1889493,2.9333422,1.0705407,2.4968863,2.6843019,3.8048701,2.0436246,2.6556547,2.063064,1.5520942,2.9981325,2.2169623,1.6218834,0.78819156,1.083819,1.3790163,0.56956804,3.7014942,1.3099804,1.6720474,3.4167204,3.5449393,2.8881726,1.5934038
0.93741345,1.7592331,1.8603835,3.900144,2.636296,2.2772462,0.6132875,0.8820777,0.8444454,1.504203,0.6684345,0.86671424,2.4137945,0.8806407,3.8137505,1.9178073,2.662494,1.9758353,2.6490543,2.5221214,0.67473054,1.1842526,2.696208,3.150147,4.7669916,1.4873973,5.219204,2.3316934,1.0979519,1.7793068,0.756486,1.6948406,1.0760803,2.8442514,1.1607823,1.9079956,1.030422,0.7938661,3.712387,2.0651124,1.274131,3.1047747,0.69030255,0.9445456,2.9034123,2.2190447,1.3704714,0.5507362,1.9160577,0.87822187,0.7407299,2.9937415,2.386277,2.3682067,1.6369542,3.2650516,0.79964125,0.5099924,2.8037946,2.683753,1.5664364,2.722086,2.2436724,2.8049397,2.444334,3.4364157,2.4027188,1.7553349,0.8276639,0.75541025,4.97657,2.5887544,0.7203969,1.7233381,2.0435522,1.1077499,1.5780956,0.6314783,0.9945768,1.0098889,1.8679879,0.76998603,0.9304161,3.4552019,1.6583581,3.2505255,1.0117075,3.247679,2.421978,1.4328823,2.3225274,1.8674097,1.9372952,1.0340697,0.608067,1.9930545,1.5739737,2.5854523,3.1351147,3.7439153,0.7164339,1.4811352,1.3959198,1.2080554,1.0541217,1.183953,0.7523008,1.489345,3.4609609,1.3959198,0.7442981,10.389321,2.582513,1.596703,1.561817,1.3470987,1.7796907,2.0031614,1.1020737,2.4633772,2.469518,2.1209548,2.9607785,0.98091006,1.0576854,2.032034,2.6807215,3.6892924,0.74553823,1.3935865,2.814209,0.7304455,0.7671273,1.4915177,0.8311773,1.1372142,0.7120511,1.9898555,1.5060204,0.7287918,2.3282459,0.9338916,3.106447,0.69940907,2.0086284,2.433816,0.9471108,0.7735936,2.1618204,0.9683956,0.9074887,3.9082408,1.4852493,1.4780357,1.6612444,0.94243586,1.5168164,2.0704181,3.2431154,1.7759864,2.7760763,2.5849946,1.2016641,3.062309,2.6883142,1.1375701,3.3125985,2.2759414,4.0005646,2.0470176,1.0112594,2.5884523,1.0756418,0.8549165,1.1554713,2.517101,0.97624964,0.9128358,2.0412395,0.88509125,0.7916474,1.2742333,0.75419414,2.7549717,2.2010362,1.6769522,0.990598,2.6236966,1.7857708,2.5192227,1.5597067,2.7667725,1.0985479,1.8759,4.2640805,1.9461913,0.7976818,2.7154026,2.8254728,3.2013748,2.1828995,1.2802056,2.8080242,1.3391367,2.4493318,3.4169307,2.3927603,2.7279809,3.0177898,1.3003829,1.9605376,2.6555736,1.4963056,1.6101415,1.9118441,2.4222941,1.078288,2.3755412,2.4581082,0.8001947,1.8709548,1.2666482,1.1923618,3.2338912,2.139221,2.4252732,2.267851,2.7201707,1.4507915,0.34088334,0.90112287,3.175437,2.0404255,3.0358055,2.60493,5.2814565,1.8705866,2.8252332,3.5504107,1.5705585,4.664526,0.71671665,3.213697,3.2316957,3.1901631,3.0967655,0.7860967,2.1390514,2.5530474,1.7669649,1.8315111,1.2961423,2.6316884,2.9349322,3.2878041,2.7737195,1.5890019,3.129717,0.8031314,2.665757,2.9574199,4.1624527,1.6517429,1.6827426,2.1214025,1.5685894,1.2357228,2.6328444,3.916364,2.6198425,0.46511412,2.4150896,3.2430243,3.2085774,1.7578635,2.5928392,2.7820756,1.8652422,3.313379,2.2178438,1.8678211,1.4417889,0.74785745,1.7211128,1.1494045,3.6570425,0.7283058,2.669327,3.6574495,4.1404204,1.9183365,1.7218745
0.85621864,2.5163527,2.3526533,4.056115,3.574722,3.3588035,0.85065097,0.80906135,1.7908641,1.3435825,0.9496815,0.7225876,2.3857467,0.7807854,4.584154,1.4910216,3.0484,2.9964826,3.758125,2.1681316,0.6616101,2.0454774,2.8108819,3.1624336,5.0137997,1.3651386,5.240126,2.0447798,0.8416473,2.2952015,0.64365906,2.5421515,0.9517911,3.1869748,0.9821408,2.0035422,2.0929668,0.62085813,3.6048124,2.1579614,0.96710217,2.5045984,0.85573924,0.8209286,3.083613,3.2998478,2.4100168,0.7324457,1.7375822,1.9180976,0.88539326,3.097587,2.2660346,1.7736121,1.3874842,4.000732,0.9287679,1.188838,3.9507499,3.6704028,1.2321633,2.7407908,1.555121,2.238585,2.4234884,3.3739722,3.2845092,2.308882,1.745111,0.7080091,5.492743,2.570877,0.6510939,1.3757794,2.7780464,0.94760543,1.2520806,1.4933068,0.96574,0.9833674,2.9149272,1.0825865,0.9035288,4.1775684,1.1235632,3.4596927,0.950169,3.6996458,2.463882,1.1948005,1.9612721,2.2990968,2.3915138,0.9495405,0.9569346,2.5198548,1.4836018,2.9602957,2.7134478,3.4280756,1.4522004,1.72895,2.3550506,1.0561081,0.79469556,0.9148923,0.61447245,1.3555138,3.8044221,2.3550506,1.3928139,10.548428,3.4770157,1.7113916,1.3843223,0.9697375,1.4411975,1.6933448,1.6655684,2.51269,2.0437355,1.6105524,3.138176,0.955553,0.9482238,1.76467,3.3982074,3.5353234,1.8506355,1.1752055,3.9612172,0.60306454,0.7845485,1.303953,0.8508743,1.0375551,0.89662933,1.6171925,2.6359775,1.509948,3.3019335,0.7948036,2.8281085,0.8725462,1.6835788,2.776666,0.8176876,0.8708449,1.8951746,1.1335479,0.85075825,4.1085176,1.2295358,1.2406962,2.1481624,0.7138016,1.3883142,3.1844573,4.447834,2.946488,3.896618,3.2226114,0.93756515,3.3735147,2.9225712,1.9938916,3.0419765,1.8746823,4.625783,3.0488734,0.9676054,2.278231,0.8606137,0.73375297,1.2382048,3.32437,0.9552361,1.5354108,2.7614043,0.8124142,0.80883986,2.1660903,0.76829994,2.8117657,2.6999583,1.281725,0.9449727,3.2638478,1.493818,2.39782,1.3874183,2.436879,0.8539523,1.5185925,4.072166,2.1904356,0.731955,3.1448305,3.923015,4.382915,1.9092525,1.135217,3.0983443,2.0013227,2.483353,4.346996,3.1234863,2.426358,2.6889093,2.3290157,1.4076887,2.952058,1.3805671,1.398223,1.5321875,2.507952,1.6437687,2.2937799,3.2324913,0.74622226,1.4795167,1.0412234,1.0286613,3.5065951,2.24904,3.4234736,2.9631007,3.8835812,2.035107,1.2341639,0.8080481,2.9096212,1.4797258,2.7604194,3.351476,5.299981,2.702508,2.7974777,3.2614627,2.4959924,5.1536202,0.628569,4.350977,2.8890004,3.6402712,2.587114,1.8371857,2.9814203,2.7248366,1.5230815,1.3705432,1.3025032,2.6301527,3.1221063,3.0810328,3.8401065,2.5698059,3.8098125,0.8414,2.5869987,2.9817505,4.456002,1.4020293,2.860979,2.1237168,1.411156,0.8492688,2.9985187,3.8656428,2.5042388,0.95222354,3.3107867,3.0468497,3.4157665,2.4779005,3.4070072,3.0590158,1.8437372,3.4604383,1.9344212,1.5713015,1.1688981,0.58872724,1.42658,1.0640413,3.3610327,0.724752,2.5539894,3.8433087,4.0781584,2.5343287,1.4333582
1.1090313,3.1526372,1.7431573,3.4399295,3.201948,3.1660562,1.0762352,0.7443391,2.2645628,0.5662962,1.0056108,0.814836,1.7184188,0.791418,4.127083,1.3641241,2.4209,2.7934043,3.640187,1.9838068,0.94660616,2.6272376,2.266168,2.860262,5.3779263,1.3682784,5.3674655,1.659379,0.86491686,2.1327748,1.0192682,3.0888135,0.98168063,2.6372817,1.0172898,1.1283704,2.5336745,1.3487486,3.2926743,1.9268345,1.0444224,2.4093032,0.94475824,1.020725,2.7412493,3.7244768,2.8632538,1.0526676,1.6876508,2.3396442,0.9274808,2.637126,1.813798,1.0552332,1.6167954,3.4908762,1.1435603,1.6700408,3.7786922,3.369884,1.4535055,2.4963744,0.9542203,1.9577205,1.6994362,3.1885602,3.411249,2.8545551,2.2560852,1.0886656,4.8956423,2.1184468,1.1908892,0.66544676,2.793305,1.0358775,1.3159776,2.0398688,0.8585405,0.8653409,3.3678265,1.7885386,0.775312,3.6490223,1.2017745,4.0452065,0.9262758,3.1641433,1.7956512,0.9778213,1.7670912,2.844184,2.950509,0.96143204,1.0459195,2.4945817,1.8758101,2.2697153,2.6619873,3.3288288,1.9813994,2.351157,2.848517,1.1789168,1.0583695,0.95590395,1.2570515,0.9949273,4.405994,2.848517,1.9140215,10.820315,2.9572477,2.1983573,1.0780027,1.1212418,1.528716,2.016721,2.204236,2.6345267,1.7989749,1.6684947,2.6944137,0.84536684,1.0200241,1.8682886,3.3537304,3.5794048,2.2355247,0.39738828,3.8303983,1.2486427,1.1742606,1.2143964,0.84496,0.9790602,0.92563,0.9213844,2.443945,2.0491025,3.1592157,1.0098042,2.6863265,1.0727196,1.8047924,2.477455,1.1912835,1.0900705,1.12924,1.5762185,0.89360714,3.5008063,1.1756577,1.0109445,2.7010417,1.2736403,0.97570515,2.9191864,4.489488,2.918524,3.8176577,2.9856572,0.634413,2.9516904,2.4211986,1.6424959,3.4032354,1.5728481,4.0561757,2.6804595,0.90870553,2.221599,0.76496834,0.8676086,0.67035794,3.0699418,0.895027,2.1538846,2.6645465,0.7899645,1.1274594,2.6515994,1.2028366,2.2548842,2.0608368,1.1904957,0.9018595,3.3601964,1.857009,1.8888494,0.6610212,2.7857978,0.80508834,1.5858628,4.605742,2.115653,1.0046566,2.7212236,3.7325141,4.322791,1.1842707,0.5880035,2.607389,1.5161014,1.7528815,4.031261,2.9252715,1.9908975,2.2273629,2.8035555,1.4346131,2.7012048,1.3571336,1.4720491,1.4389669,1.9500191,2.1849015,1.7468464,2.958501,0.9516706,1.3066351,0.47367877,0.42508984,4.172742,2.7735982,3.3660438,2.4823759,3.7883124,2.5478287,1.6071805,0.66411006,3.3854802,0.8695735,2.038552,3.1165662,5.4110875,2.698123,2.527023,3.1269827,2.082062,4.5076914,1.2722361,4.2162275,2.309312,3.6519372,2.2278605,2.2750118,2.8702452,3.2839658,1.0836524,1.1043626,1.6260241,2.105179,3.7180068,3.558751,3.6429954,3.0574582,3.355793,0.8432025,1.9924337,2.4328167,3.8653452,1.6031966,2.805128,1.2294759,0.5860525,0.90592235,2.879042,3.750458,3.0226557,1.255384,2.8848271,2.3661618,4.0037775,2.4328043,3.3002977,2.6530206,1.6960361,3.3013136,2.3089917,1.6422989,0.99913156,1.0132866,1.3704417,1.0922098,3.779931,1.2601249,2.012674,3.2761981,4.104606,3.1119552,1.5883085
4.8137393,5.507769,3.1430254,1.8580003,2.6412752,3.2279778,4.6762924,4.5916257,4.9314284,4.3122563,4.5344853,4.681459,4.2046833,4.635564,1.5017099,4.778359,2.3555472,3.676654,3.5130332,5.367254,4.929831,5.507693,2.8215637,5.010076,7.950022,4.1671915,6.6372786,5.3624544,4.639983,5.3036127,4.870346,5.8169546,4.867848,3.071313,4.808467,4.0227304,5.0861316,5.2725644,6.879446,3.452327,4.507951,4.9154015,4.622498,4.6411405,4.4987416,5.5078816,5.1128254,4.952025,4.0519357,4.8738327,4.5634556,2.7029865,3.433397,4.442225,4.4136844,1.6740413,4.638709,5.259262,3.413943,3.5990148,4.723094,3.181517,4.88234,4.5438223,5.132187,5.6185594,3.724518,4.865102,5.3919435,4.846661,0.6353802,3.1790137,4.972766,4.645329,5.5643506,4.905196,4.4983587,5.212386,4.6477156,4.666514,5.292709,5.283257,4.5377417,1.5044676,4.573045,5.4325585,4.7822127,2.4437592,4.176356,4.3955493,5.2512712,4.8401136,4.905083,4.8217916,4.5526223,5.6062775,5.892986,2.6476266,5.117661,5.8067107,4.924217,5.0929976,5.091486,5.0387816,4.658294,4.5316577,5.0663037,4.3193946,5.621394,5.091486,4.8978925,10.528205,2.7781765,4.6867943,4.5768056,4.651092,4.4781904,4.616004,4.8275895,3.9537804,4.204784,4.6714606,2.509378,4.613916,4.770859,4.33469,5.2919855,6.2463436,5.0672264,4.4330645,3.631819,5.086693,4.8138237,4.198877,4.5798306,4.8268642,4.549389,5.007019,4.1219063,5.3463306,4.391716,4.8546944,5.464374,4.6645117,4.378258,5.032043,5.4066095,4.6673017,4.3876424,4.649501,4.6840644,1.714379,4.2615194,4.309173,4.8481703,5.4284916,4.194587,3.9062788,4.3903494,3.8250673,4.4748445,4.1541677,4.592235,4.0384483,3.8163173,4.0929337,4.979459,5.1381536,0.89543116,3.4955213,4.7301974,5.1980567,4.5765905,4.7221904,4.3885283,4.8756037,4.620752,5.107162,4.3767242,4.614298,4.7589726,4.9143577,4.8506145,2.8481162,2.8465261,4.5793424,4.733157,3.4248972,4.621756,3.4831712,4.1520953,5.2377605,4.57053,4.516462,5.916746,5.5894456,4.7837615,3.6620293,3.7865903,3.9950523,4.9832835,4.300859,3.667966,3.7194366,3.726222,2.4297178,4.833814,3.8973463,4.202876,5.3515844,4.5346475,6.0998216,4.141213,4.2431808,4.2433395,4.4463577,5.6635013,3.418019,3.2914393,4.7515254,4.4614625,4.4376564,4.650229,6.397624,4.8561864,3.9738913,3.993942,3.5948937,4.749308,4.763678,4.6267643,5.226622,4.824354,3.567885,5.0955777,6.713932,5.3366327,6.3745203,5.3136263,3.9047265,0.5749791,5.0850806,3.905678,3.8665457,5.635493,4.449036,4.9939365,4.990058,5.0174785,4.6436605,4.789383,4.454243,3.0284166,5.322224,5.2325735,3.312859,5.1643047,2.6032505,4.608461,3.259449,5.137415,1.2933453,4.383477,3.8699396,3.8078392,4.215213,4.817356,5.4368954,5.768376,5.0094132,4.710962,2.8011992,3.3203557,5.419421,3.5135596,4.281894,4.0509024,3.8073168,6.8499203,4.7204914,4.27214,4.408665,4.9236903,4.206581,4.959076,5.3210673,4.9459066,3.8836467,2.1783988,6.2340283,5.060213,4.362336
1.0753742,3.1532793,2.0146425,3.2562304,3.3719642,3.3588026,1.2327532,1.0466977,2.3545551,1.1666902,1.2033545,0.9757283,1.7907315,0.9704316,4.1401825,0.9109207,2.4621012,2.9909708,3.783446,1.8324752,1.3245043,2.7958322,1.9942294,2.7123182,5.3025455,0.95337695,4.87027,1.8862411,0.78962636,2.6316898,1.2484437,3.2518241,1.1078049,2.525138,1.0081959,1.6398497,2.7435012,1.4485617,3.8238926,1.5028466,0.6977392,1.6163452,1.1577564,0.94217014,2.6144643,3.9173243,3.0284214,1.4176073,1.0657858,2.4747374,1.1188297,2.2576246,1.3855985,1.1263093,1.0905753,3.5835595,1.352766,1.953852,4.012266,3.5924218,0.90083885,1.9827691,0.8501674,1.2269171,2.4241862,3.0344133,3.2621577,2.630093,2.5326445,1.2980372,4.809473,1.7016509,1.3440206,0.9885299,3.213379,1.1017029,0.7302912,2.2409263,1.0282556,1.0499771,3.526576,1.8255881,0.96773005,3.7375755,0.51898545,3.5112736,1.0946063,3.0386314,1.9160739,0.6836109,1.630148,2.5335255,2.648856,1.1033797,1.2603542,2.9115925,2.0805984,2.3487449,2.0183022,2.9291527,2.0145752,2.0388618,2.9161215,1.2435828,0.8744489,0.7235253,1.3592824,0.8518621,3.9400337,2.9161215,1.9951818,10.182057,3.3216724,1.767509,1.003091,0.6902938,0.8450527,1.3165951,2.07488,2.007346,1.0527773,0.8669315,2.370245,1.0051838,1.0303967,1.1477729,3.55086,3.312653,2.497883,1.0398175,4.030313,1.3665053,1.3446475,0.7829976,1.0288167,1.1220351,1.1783161,1.4369767,2.9569223,2.251024,3.3981566,1.0576242,2.3814816,1.3265353,1.0706122,2.7128863,1.5839934,1.312378,1.2657647,1.3968794,1.0053818,3.3173563,0.758726,0.6570426,2.457788,1.515067,0.812892,3.334585,4.6895504,3.1498108,4.0797887,3.0005553,0.78235024,2.8547168,2.3324404,2.1070526,2.6097603,1.4813516,4.078603,3.0313053,1.0739819,1.8291737,0.8008579,0.9952735,1.3212024,3.4619403,1.0055683,2.1725113,2.7127845,0.9744583,1.3198469,2.7098837,1.3587556,1.9694945,2.2386374,0.6579552,1.0689716,3.0659242,1.2395393,1.4665565,1.0186576,2.0446217,0.76593757,0.88195544,3.8579135,2.4968305,1.2558347,2.654866,3.9555662,4.521488,1.6989709,0.9342017,2.5034266,1.8754591,1.7795825,4.0779266,3.1998968,1.4179511,1.728564,3.0309432,0.6181901,3.3774524,0.94445765,0.97273993,0.73905784,2.078109,2.4046435,1.4070197,2.9434633,1.2366693,0.6944004,0.82720506,1.1873975,3.8003652,2.257477,3.4309075,2.8258104,3.9941864,2.3647957,1.7597235,1.0659361,2.6302042,0.905448,2.018272,3.5086849,4.9334273,3.127116,3.198223,2.6361923,2.6670158,4.482044,1.3894887,4.4157066,1.8457398,3.6433952,1.5653677,2.481952,3.2169826,2.786144,1.0936633,0.8271427,1.2762737,1.7821262,3.199547,2.8180325,3.7877724,3.1363742,3.3400464,1.0583019,1.666206,2.7112489,3.7102325,1.0602793,3.0648797,1.5662243,1.0998418,0.7935096,3.0357747,3.4634142,2.3799834,1.4109734,3.0949106,2.3205574,3.4731283,2.2831311,3.3324065,2.5449026,1.1990119,3.9080822,1.5916269,0.9795219,0.6403132,1.2404808,0.790167,1.2441609,2.9787953,1.3886197,1.7003983,3.208494,3.7729316,2.9164386,0.98832095
1.7526937,2.9197016,3.1757972,4.0943017,3.9389026,3.806254,2.077189,2.237267,2.4966822,2.739647,2.1435788,2.0349085,2.7298741,2.0501323,4.6166544,1.4825302,3.4633067,3.3799438,4.0005064,2.1469078,2.3424962,2.8474367,2.776144,2.7837148,4.507393,1.7315917,3.7325923,2.7010536,1.7973759,3.2958124,2.2205827,3.11283,1.9383472,3.0535994,1.7968808,3.0502367,2.9599926,1.9957222,4.6352205,2.054528,1.65074,1.4216908,2.121457,1.7923249,2.7540755,3.8567681,3.1272783,2.3452628,1.5154407,2.6649365,2.1100945,2.809725,2.2725024,2.798111,1.549817,4.281532,2.3424249,2.4359143,4.3983274,3.9731796,1.1409705,2.3561454,2.2554398,1.6767482,3.7679925,2.920843,3.0789878,2.286076,2.83436,2.2431462,5.375473,2.4017212,2.1492615,2.363945,3.5826943,1.864042,1.331672,2.5574706,2.014053,2.0284443,3.510977,2.0550342,2.0750902,4.4384995,1.4589512,2.402153,1.9923773,3.4983077,2.8387506,1.7296382,2.055576,2.0726628,2.1543114,1.959204,2.1787515,3.351432,2.372522,3.3424153,1.5152433,2.5161707,2.2202187,1.5456994,2.854039,1.8757379,1.7242327,1.7234937,2.0633106,1.8948184,2.8650208,2.854039,2.3820293,8.710009,4.229627,1.45223,1.899571,1.4623233,1.1783181,1.0505023,2.0411487,1.6224757,1.5782053,1.0256062,2.9719958,2.0106542,1.8152596,1.1537613,3.58729,2.7782388,2.8096888,2.5878103,4.2935114,2.0657701,2.2442255,1.7055959,2.0741642,1.9779723,2.2185912,2.769003,3.800066,2.4877815,3.638039,1.8401276,2.2494051,2.3232872,1.1899644,3.150438,2.3702898,2.3143682,2.5507443,1.7870092,1.9459777,4.1082172,1.7611374,1.7341316,2.1438696,2.150574,1.9462905,3.976885,4.780952,3.5616448,4.2601643,3.0959957,2.0199285,3.073683,2.7970302,3.0291338,1.5357646,2.132694,4.764728,3.728141,1.996994,1.6832179,1.925106,1.9729916,2.738662,3.925921,1.9585977,2.3070898,2.7870398,2.0550802,2.2776794,2.7946324,2.2196693,2.808813,3.2635002,1.4456258,1.9957058,2.8948908,1.2360507,2.2686927,2.5707982,0.53189635,1.8709413,1.1145866,2.5763059,3.0212936,2.2900376,2.9664688,4.229945,4.681957,2.996297,2.3840923,2.9058356,2.891489,2.804517,4.3775234,3.5103757,2.0309007,2.1980486,3.1632946,1.3341348,4.2570024,1.7420577,1.6547195,1.5247678,2.8295445,2.5594668,2.3573024,3.1592066,2.3133042,1.455674,2.2579696,2.6347964,2.523593,1.4933239,3.4445753,3.5324066,4.299371,2.1820464,2.2578893,2.3052287,1.4785174,2.243661,3.449673,3.9465954,3.8362613,3.5383341,4.1761684,2.2067447,3.737497,5.206845,2.0736773,4.5934753,2.577155,3.3382907,1.960145,2.7819283,3.5614958,1.9799939,2.084023,1.7479104,1.6473441,2.6544728,2.1690652,1.6556072,4.0547967,3.039712,3.718715,2.096799,2.5729718,3.4739,4.447027,1.5298148,3.5101738,2.9962611,2.6734226,1.7158245,3.1715777,3.0263052,1.4733148,2.1247866,3.7548432,3.6606812,2.3778172,2.4390266,3.284785,2.8036687,1.7458636,4.641833,0.96677995,1.4288058,1.6773772,2.188933,1.6254197,1.991917,1.7795494,2.15936,2.3473487,4.212134,3.0713089,2.4881341,1.4654924
0.79115796,2.9342632,1.876157,3.7043295,3.0307872,2.962304,0.9839926,0.91642123,2.02494,1.1129576,0.9326527,0.820716,1.3899355,0.7692887,4.043643,1.0260645,2.5783255,2.4062245,3.3292015,1.4234365,1.0058087,2.3306184,2.3653376,2.2698357,4.6546764,1.5020012,4.7873588,1.1163229,0.7435933,1.5078783,1.1511762,2.6536002,0.46033418,2.3833265,0.5522535,1.1668515,2.299607,1.1896527,2.867564,2.0037665,1.0958968,2.3161943,0.8686674,0.9403504,2.173547,3.4031415,2.6356945,1.0159199,1.7429366,2.1019702,0.8798934,2.7278337,2.002384,1.7051477,1.7672529,3.4827273,1.3535204,1.3504189,3.5424585,2.951239,1.2456179,2.6454155,1.0673174,1.9581935,1.5580273,2.5549731,3.1804528,2.722053,1.9789016,1.2382177,4.939112,2.229334,1.2528983,0.52918303,2.156056,0.5205823,1.2330323,1.8236496,0.5107792,0.47351992,3.1123147,1.5854237,0.70541304,3.6480227,1.3392638,3.8964493,0.45877853,2.9823813,1.4395547,0.8624923,1.2087907,2.7172766,2.814329,0.46921813,0.9781682,1.8245978,1.2842468,2.2904236,2.3256693,2.813162,1.8001261,2.1010299,2.5836601,0.56851643,1.07551,0.96034324,1.2645965,0.77122533,4.2218575,2.5836601,1.8759956,10.333273,2.8892078,2.1062016,0.6144435,1.0331814,1.4586848,2.0299816,2.0500646,2.5966022,1.8453385,1.5876007,2.834228,0.5545661,0.6039684,1.8469666,2.6556363,2.9346266,1.92301,0.91653365,3.5167284,1.2286884,1.331442,1.3159593,0.79706544,0.40111193,0.96879447,0.7412502,2.3158095,1.7005297,2.605943,0.681903,2.1372144,1.2250651,1.8378934,1.7908233,0.8501489,1.2836113,1.0190133,1.5515904,0.6545328,3.730705,1.364284,0.98246664,2.5850086,0.94534343,0.885358,2.598926,4.170319,2.7088127,3.331861,2.4030297,0.53033334,2.4508407,2.0060058,1.3555133,3.397186,1.074218,4.099386,2.392454,0.46852958,1.7016323,0.7128781,0.7609545,1.0107659,2.4699492,0.59376013,2.0201702,2.057547,0.7455225,1.3162884,2.5159864,1.3382024,2.4115918,2.0712354,1.0109788,0.48463625,3.2802382,1.9123108,1.9513724,1.146018,2.5112672,0.783082,1.4726646,4.5773296,1.4188904,1.2026299,2.2699776,3.328927,3.9932723,0.9705009,0.97059375,2.204442,1.3601667,1.5949281,3.8183367,2.272816,1.9986845,2.0959525,2.5215178,1.5601643,2.2544262,1.4871935,1.6377271,1.5754528,1.4517179,1.7228632,1.8644102,2.572077,1.1584637,1.18002,0.7141029,0.81228304,3.7081714,2.6578004,2.8994458,2.0114787,3.5481105,2.4167147,1.4118799,0.8474359,3.3679118,0.80659175,2.5887375,2.488803,4.8205223,2.091817,2.1767762,2.6739635,2.0257118,4.600518,1.2495834,3.8291845,2.368207,2.9198804,2.2076828,2.074266,2.2403584,3.210534,0.6239826,0.7757231,1.6718212,2.2981825,3.586229,3.5311725,3.3242552,2.781453,3.078284,0.7720105,2.1087086,1.9166915,4.073174,1.7449801,2.5597432,1.371549,1.0685083,0.62074095,2.1440156,3.1368942,2.9999473,1.1226754,2.6952195,2.902553,3.859033,2.2127273,2.7206604,2.1516414,1.7364933,2.8259678,2.29204,1.755364,0.92431414,1.106971,1.5314677,0.4567758,3.7684011,1.3373117,1.8153173,3.6662447,3.469294,2.9367723,1.7177235
3.0301034,4.2511344,1.9521872,1.7128799,1.8823248,2.4363527,3.075833,3.0482721,3.5240097,2.9011507,2.9400713,3.0462441,2.189745,2.9869735,1.6871097,2.7352319,1.3647316,2.3154113,2.683006,3.2014725,3.4040701,4.100363,1.1599159,2.7877183,5.9302025,2.5713396,4.584582,3.3534436,2.8866334,3.567063,3.3687456,4.3337917,3.0316613,0.9032392,2.9445376,2.4488497,3.805754,3.6253948,5.0873523,1.8389689,2.8060784,2.8778532,3.0103145,2.9507544,2.2958856,4.4349365,3.921436,3.4124203,2.3259284,3.522158,2.9536526,1.1209182,1.797578,3.0647128,2.8657212,1.552394,3.2469754,3.6682522,2.904964,2.3785985,2.8287063,1.7902044,3.0326018,2.56344,3.577726,3.3897245,2.6716769,3.5756545,3.96416,3.3765593,2.0883515,1.4712948,3.4589078,2.82865,3.8925602,3.0513573,2.6577263,3.769312,2.876067,2.8845263,4.204915,3.6979003,2.8656209,1.5899119,2.850502,4.1499333,2.9779878,0.39067742,2.177346,2.557995,3.1164796,3.4951215,3.5809662,3.002217,2.9797595,3.8232708,3.9969444,1.1669605,2.9136071,3.5343053,3.4566061,3.4482772,3.8034108,3.140281,2.9959192,2.815696,3.5147347,2.4373636,4.435303,3.8034108,3.54898,9.2666,2.207339,3.1217947,2.6159291,2.8521366,2.6230488,2.9319122,3.375736,2.374547,2.3060496,2.7353806,1.2381902,2.857962,2.940403,2.5397773,3.5049345,3.9908404,3.6489694,2.9331906,2.9241495,3.5202246,3.3716834,2.5178332,2.939717,2.9732437,3.0041125,3.2159994,3.1850522,3.7810326,2.8886597,3.0774958,3.2073677,3.224873,2.6306832,3.053802,3.7006922,3.246004,2.5098941,3.1109288,2.9480762,1.5852298,2.6479065,2.5033922,3.5164843,3.6972332,2.3619564,2.8618526,3.8524892,2.8959138,3.3480484,2.230511,2.8392794,1.8912363,1.6410404,2.6202786,3.4714746,3.0442104,1.6606318,2.3393133,2.932044,2.9782567,2.8600252,3.0421796,2.9744651,3.291876,2.8547065,3.6980639,2.5068269,2.9573548,3.3298182,3.7220573,3.3977296,1.3066248,1.4857644,2.6485405,2.9439385,2.4918811,2.999819,1.6112489,2.6909747,3.243754,2.8576615,2.60768,4.639023,3.6984234,3.326181,1.5514705,2.8101106,3.4331512,3.1973956,2.7799351,1.4881071,2.2178612,1.779128,2.0259256,3.0792506,1.9258072,2.0949776,4.0707183,2.7725008,4.4996295,2.5360553,2.6720822,2.5152009,2.40032,3.9921718,1.6483141,1.6183879,3.2909393,2.5090003,2.799976,3.1460128,4.662652,3.3410199,2.5872116,2.3487415,3.041285,3.4042022,3.2474282,3.0798087,3.7241995,2.9415593,2.6573336,3.457972,4.649248,3.7227929,4.7063823,3.049329,2.9021633,1.9494039,3.5244849,3.1645997,1.9800453,3.62602,2.446533,3.6742008,3.342956,3.7012668,2.6665242,2.7983108,2.9132354,1.5128145,3.9964058,3.7796803,2.4583218,3.9252663,1.0803349,2.9668052,1.4892555,3.1791058,1.7285165,2.8154671,2.8452833,2.2301733,2.7452674,2.9795313,3.4251423,3.5298455,3.548576,3.1388457,1.7821742,2.6400151,4.1352806,1.9931604,2.564735,1.8673018,2.096376,5.153799,3.0474048,2.6097715,2.5855315,3.3941145,2.5505707,3.0879052,3.856933,3.4593997,1.742584,2.335035,4.001854,3.7955496,2.7479024
2.391793,4.1413283,1.6529306,2.269746,2.2705472,2.7089112,2.5199964,2.4322047,3.267115,2.1867027,2.375728,2.416266,1.0317328,2.3446827,2.6282618,1.930265,1.518989,2.2717364,3.0212862,2.2078047,2.7786744,3.7810197,1.176465,1.9536992,5.4289775,2.2122192,4.43165,2.2458131,2.2253015,2.7411375,2.8033807,4.013021,2.2681627,0.58966416,2.2005968,1.5181415,3.561912,3.029025,3.9682167,1.770704,2.2594125,2.3257608,2.4141376,2.37675,1.5635071,4.383227,3.7762282,2.7971966,2.0359056,3.2890828,2.3645263,1.4678863,1.5228716,2.3362856,2.5737278,2.2519262,2.7718987,3.1044295,3.250002,2.4231622,2.281467,2.025989,2.0400763,1.9123038,2.501564,2.5634484,3.09813,3.5911307,3.5465784,2.8415031,3.1051967,1.3695371,2.9224792,1.8505532,3.2391043,2.2963245,2.1218476,3.3699636,2.1515615,2.1458714,4.145897,3.2346,2.2058663,2.336446,2.3191233,4.3880243,2.2294672,1.1347941,1.0249203,1.8779765,2.1258383,3.5218759,3.6227925,2.2508082,2.4291518,3.0440214,3.1848419,0.96463805,2.3097546,2.7872727,3.1416006,3.2138844,3.6772447,2.357495,2.4538848,2.227077,2.9729831,1.679076,4.7223306,3.6772447,3.2433724,9.684255,2.2966857,2.9700494,1.7617359,2.2608924,2.1550016,2.6925757,3.1784174,2.5260332,1.8100567,2.1974547,1.6975216,2.1494665,2.231825,2.248871,3.0227544,3.2651656,3.2855885,2.1839526,3.2388346,2.9652355,2.8736908,2.05833,2.3163462,2.1850526,2.4347098,2.139387,2.940446,3.3110242,2.6589687,2.398435,2.3454742,2.71166,2.3254416,2.1839273,2.934617,2.7464912,1.426032,2.7647297,2.2763913,2.2287064,2.196577,1.8672527,3.492775,2.975697,1.6437703,2.7057753,4.1838493,2.9825337,3.3477433,1.9224421,2.0815167,1.3322488,0.82632643,2.07246,3.580768,2.0107539,2.5579548,2.1992848,2.189641,2.1714869,2.1886237,2.3988693,2.2959585,2.7400386,2.1608515,3.4090252,2.1496887,2.3097944,2.828993,3.6146455,2.9001396,1.3006197,1.2501354,1.9569439,2.208755,3.0418184,2.732261,1.1647183,2.013811,2.9594615,2.208561,2.1131833,4.8804207,2.798366,2.7788603,1.120157,2.9803097,3.789782,2.0759249,2.1205757,0.8408043,1.6956913,0.64038277,2.766257,2.523419,1.3704793,1.3390702,3.8205607,2.2765205,3.5484433,2.1710272,2.3456433,2.07781,1.3145938,3.4317062,1.2015561,1.780763,2.730622,1.830805,2.0592604,2.3851368,4.562246,3.3377194,2.706106,1.745404,3.3848853,3.3468642,2.8254335,2.4272017,3.78354,1.9295738,2.2746468,2.8490624,4.464176,3.1198237,3.6491435,2.4010713,2.5220037,2.8346972,2.9771202,3.4684236,1.3501326,3.1282246,1.804917,3.389601,2.8119593,3.8312733,1.7047222,1.9089332,2.6277463,1.4254948,4.1698923,3.8973505,2.818195,3.8338645,1.6083478,2.333972,1.0836467,2.06698,2.5263796,2.517889,2.8597603,1.3163697,2.0067449,2.2447112,2.6619601,2.898959,3.583911,2.6291885,1.9706378,2.4281442,4.3655024,2.1234407,2.456679,1.2078946,1.8506191,4.152398,2.8828292,2.2979488,1.9331173,2.810878,2.1463866,2.292387,3.9891505,2.9547358,0.8392097,2.7306888,3.4438925,3.8291836,2.4303765
1.3424432,3.5301898,1.6661406,2.9637196,3.0964866,3.2052038,1.4681132,1.2136213,2.6315322,0.9410141,1.364726,1.210095,1.2128153,1.1621192,3.834813,1.0176482,2.1005635,2.7906125,3.6516232,1.6927439,1.5463895,3.0819936,1.7224795,2.4230196,5.399454,1.3072376,4.9424872,1.5635287,1.0454215,2.3940954,1.5591195,3.4882183,1.2083876,2.1051142,1.1507313,1.0184525,2.968274,1.833602,3.4719121,1.5796819,1.107924,1.8203833,1.3370376,1.2636603,2.2964513,4.104393,3.2689264,1.6300389,1.3839029,2.7133663,1.2921917,2.0803962,1.2858539,0.93293846,1.6075573,3.2534964,1.6284933,2.1717904,3.8444767,3.2920296,1.3401487,2.0638323,0.532504,1.2943465,1.8869745,2.824057,3.3842506,3.0562341,2.764382,1.6186543,4.4413223,1.5553087,1.7077084,0.555425,3.0632057,1.239755,1.1444029,2.5242288,1.0907007,1.0944852,3.7568257,2.2238002,1.0787705,3.3932037,1.1043957,4.0349154,1.1733787,2.6568754,1.3353022,0.81446564,1.4977107,2.9891841,3.1043174,1.1978186,1.4277886,2.7432022,2.227784,1.871744,2.1206648,2.8606477,2.3517416,2.5114703,3.194683,1.3617615,1.2868191,1.0654567,1.7562033,0.7518848,4.437602,3.194683,2.3477848,10.385041,2.9409688,2.2652116,0.8770643,1.1286331,1.2829199,1.878867,2.4723976,2.3426876,1.2033408,1.3060924,2.219222,1.0801123,1.1939214,1.5760214,3.3678253,3.2854316,2.6699417,0.8581712,3.8750412,1.7521336,1.6809974,1.0931735,1.1958417,1.162589,1.3457464,0.99811375,2.7917008,2.5032103,3.1810548,1.2917818,2.2698476,1.5727564,1.5460796,2.3744802,1.7467828,1.5849457,0.6079721,1.824259,1.1749251,3.019768,1.130023,0.81532,2.9006424,1.7779729,0.6983037,3.0702863,4.63824,3.1050212,3.9036674,2.7442162,0.826729,2.476658,1.9094077,1.8511505,3.1399868,1.2761807,3.720273,2.7167127,1.1413743,1.8370104,0.98784685,1.2279212,1.1763916,3.1349592,1.1099906,2.5603008,2.5633962,1.1447951,1.6346415,3.0211775,1.7082957,1.7093806,1.8119411,0.9192834,1.149271,3.2487266,1.8170638,1.2341865,0.800401,2.492251,1.0044603,1.2877275,4.4445314,2.3200462,1.5434313,2.291077,3.7320495,4.402642,1.1793734,0.8810409,2.0937588,1.5646911,1.1714052,3.8399353,2.9218445,1.268003,1.475222,3.2529435,1.1727263,3.0642836,1.2789772,1.4061513,1.1311282,1.5799332,2.6278317,1.1468009,2.7161777,1.4960078,0.8923249,0.75175077,1.0832291,4.232532,2.7778916,3.3199263,2.3822057,3.8828535,2.7667172,2.0010998,1.1844598,3.216553,0.5275853,1.7272967,3.187457,4.9861517,2.9737172,2.9018245,2.5800514,2.3774045,4.0808225,1.774606,4.2316275,1.5277318,3.5192688,1.5032852,2.7175922,2.996389,3.3180654,0.8102198,0.8006827,1.7335874,1.5784932,3.73408,3.3918116,3.5973902,3.403844,2.987658,1.2148523,1.3440684,2.2002614,3.415358,1.5672537,2.9905732,0.90085953,0.79042554,1.0398706,2.8138387,3.3246307,2.961856,1.6542723,2.7735405,2.0635793,3.9989395,2.320804,3.1643813,2.1874638,1.3807704,3.636108,2.1570199,1.4393406,0.846973,1.5568951,1.1825153,1.3015403,3.5344923,1.7633107,1.3096337,2.9908214,3.7379258,3.3350284,1.4912199
1.8931807,3.9614642,2.960772,4.364993,3.9198496,3.968179,2.2725055,2.2557023,3.1481757,2.3294384,2.2477574,2.1106849,1.4274968,2.067902,4.7749963,1.2957715,3.4460227,3.2265394,4.1999636,0.48948607,2.3365479,3.3625317,2.9961505,1.5340304,4.157401,2.5265422,4.097239,0.5310938,1.8949635,1.9715923,2.453241,3.4808357,1.5936507,2.6703858,1.5884348,2.020966,3.4464128,2.3001049,2.3514283,2.8379512,2.151661,2.1149757,2.1862915,2.1170337,1.8029263,4.4016004,3.7613287,2.3373222,2.5143337,3.244916,2.193559,3.299769,2.6954887,2.496239,2.7347462,4.3298354,2.686029,2.4721038,4.5058484,3.5768542,1.9357336,3.358655,1.3426155,1.9647616,1.9179523,1.5859857,4.086146,3.7325878,3.0822597,2.5422564,5.4973783,2.8386128,2.5129058,1.369886,2.5799477,1.5802896,2.0208766,2.978889,1.7657063,1.7279135,4.1884675,2.6607735,2.0054803,4.469088,2.1954958,4.5648756,1.6722332,3.3710093,1.492325,1.8025995,0.52145267,3.6695127,3.7610064,1.6423652,2.2997212,2.1169834,1.6809518,2.9995253,1.8237917,1.7703174,2.9458883,2.93541,3.6426284,1.4577636,2.2146773,2.0637105,2.477637,1.669379,4.920022,3.6426284,3.1113658,9.8961935,3.8598707,3.0106137,1.3410056,1.9646808,2.1333025,2.741689,3.125494,3.2606628,2.1998024,1.9874556,3.5353997,1.8143994,1.7011645,2.4834332,2.7623932,1.9577936,3.0399013,2.158967,4.392053,2.4378984,2.6319158,2.3044784,2.103163,1.5258682,2.3103983,1.2208037,3.5229852,2.7386584,3.1471493,1.8336841,1.1626998,2.5670264,2.5193021,1.6271275,1.9268941,2.6156354,1.3794147,2.6882622,1.8979106,4.3815775,2.395934,1.9212512,3.59802,1.9687527,1.8179952,3.5271719,5.0911303,3.8217747,3.993036,2.5888278,1.753694,2.2734933,2.0179372,2.4791455,3.83482,0.5209643,4.839125,3.291556,1.6938952,1.1239277,1.9307457,2.027198,2.3512137,2.7999144,1.8221394,3.1591518,2.4603748,2.0464227,2.6298788,3.683539,2.628383,3.0549724,2.9543974,1.6648273,1.7185358,4.2025127,2.7515619,2.4360683,2.3088973,2.5898192,1.971181,2.0440302,5.0213137,1.5509778,2.524464,2.4052112,4.047422,4.859349,1.2352958,2.2282917,2.2433648,2.4697082,1.8939049,4.5720553,2.5099387,2.216051,1.9177128,3.6022112,2.2400815,2.4645188,2.5065787,2.6208615,2.337081,1.3206635,2.5660152,2.4827368,3.143859,2.4914427,1.7182797,1.9627618,2.1377392,3.9936101,3.4311519,3.5493703,2.4822073,4.5382257,3.4687712,2.636624,2.203766,3.8644166,1.1932017,3.3572407,2.718251,4.088773,2.6496959,2.2139893,1.8657982,3.211506,5.2134156,2.459926,4.5693135,2.3887045,2.6135814,2.076457,3.2602558,2.6739314,4.018965,1.1355629,1.1837972,2.7354903,2.9845328,4.298329,4.0397844,4.1303616,3.824073,3.5575616,2.0887818,2.6164222,1.3455213,4.752071,2.696767,3.6486154,2.128915,2.2308533,1.6481241,1.8664613,2.2174666,3.687162,2.3941095,3.5639882,3.7015114,4.536596,3.1211605,3.0636117,2.0433064,2.5633285,2.7032473,2.9315164,2.5714204,1.8588905,2.3962772,2.4310749,1.4801695,4.1598043,2.5983922,1.8585826,4.567605,2.571413,3.9190078,2.616619
0.73831546,1.7083513,2.2285876,3.8425343,3.0262477,2.7168489,0.73718125,1.0581182,1.0282761,1.7968686,0.86675876,0.8941609,2.507067,0.9372898,4.014461,1.5340577,2.824577,2.411159,3.0223687,2.3437126,1.015396,1.4653234,2.5529633,3.0427568,4.6499424,1.0369554,4.6993904,2.4580364,0.91361004,2.3870401,0.88308835,1.9512163,1.0916944,2.8606887,1.0445606,2.2984943,1.4754577,0.68971187,4.170219,1.7098113,0.8661668,2.4442248,0.8670126,0.69964623,2.8442876,2.5832741,1.7066628,0.9714338,1.3424327,1.1930875,0.8830107,2.7440388,2.1007562,2.34377,0.96888596,3.541896,0.9682766,1.0246053,3.2964456,3.1352704,0.90262824,2.2955506,2.1193159,2.2824776,3.011223,3.2932384,2.3122451,1.3008549,1.3603411,0.87450075,5.0596757,2.3078914,0.74641204,1.8306506,2.6380723,1.0557895,1.0073329,1.0277712,1.0704781,1.1010181,2.1783185,0.58774215,1.0202355,3.7276878,1.0968138,2.4797814,1.0800278,3.270405,2.5649154,1.1799814,2.155109,1.2692552,1.3635755,1.0723721,0.8563639,2.518828,1.6847203,2.7813125,2.5397856,3.348753,0.6780348,0.69213426,1.5330384,1.1597108,0.6765035,0.873345,0.6661277,1.3658638,2.791944,1.5330384,0.80965173,9.733556,3.168981,0.7361175,1.467162,0.84856915,1.117219,1.1275408,0.6820993,1.7575529,1.9351776,1.4388604,2.7572925,1.0475495,0.95696497,1.2974502,3.0096161,3.3876147,1.3398776,1.6557852,3.263058,0.673796,0.8482387,1.0909979,0.9260188,1.1806144,0.94033396,2.2340002,2.3721275,1.0883106,2.7857382,0.8383085,2.8051693,0.9411037,1.269198,2.7270153,1.2707804,0.9486081,2.2330003,0.3789856,0.911502,3.8559406,1.0873071,1.196351,1.1422664,1.0645183,1.3938342,2.7869048,3.6784396,2.2877254,3.2861161,2.723236,1.2064875,3.0654478,2.6964042,1.8440686,2.3794432,2.1527505,4.1970787,2.657053,1.0812119,2.1957405,0.99976414,0.852471,1.6092788,3.0980878,0.9977523,0.8061704,2.2095013,0.95428485,0.90499955,1.3786467,0.81047434,2.598235,2.4997675,1.2479945,1.0603439,2.3320007,0.93544173,2.2505088,1.7246543,1.8835691,0.9575242,1.2163092,3.327388,2.3447943,0.9597592,2.7647452,3.2944405,3.6429348,2.4813876,1.4336166,2.8120444,1.8417509,2.5315459,3.6640527,2.8251019,2.3365026,2.665468,1.7384157,1.333035,3.355586,1.0620503,1.0652267,1.3689452,2.5743856,1.3756323,2.1742897,2.5989313,0.99970174,1.425754,1.3846885,1.5784988,2.6484616,1.2787303,2.67075,2.771236,3.1779068,1.0322444,0.7111969,1.1445436,2.2147152,1.9878508,3.0378566,3.1660862,4.785327,2.513562,3.4125957,3.093273,2.412734,4.8035774,0.6647555,3.6540973,2.9259288,3.2302973,2.6136978,1.2496238,2.6835907,1.7705382,1.7369195,1.5937623,0.64285207,2.436594,2.150744,2.3415864,3.1469553,1.7526786,3.2822614,0.9357746,2.479157,3.2251973,4.1453624,0.98911625,2.2406757,2.3817883,1.8121272,1.0171274,2.842592,3.6435652,1.6985911,0.6743745,2.8418226,3.2397923,2.4375324,1.667162,2.7662964,2.765175,1.4190233,3.9087079,1.2939876,1.2152768,1.137694,0.8617005,1.2170296,1.2047474,2.7011805,0.72636884,2.475853,3.690374,3.7928464,1.5343872,1.0567373
0.73831546,1.7083513,2.2285876,3.8425343,3.0262477,2.7168489,0.73718125,1.0581182,1.0282761,1.7968686,0.86675876,0.8941609,2.507067,0.9372898,4.014461,1.5340577,2.824577,2.411159,3.0223687,2.3437126,1.015396,1.4653234,2.5529633,3.0427568,4.6499424,1.0369554,4.6993904,2.4580364,0.91361004,2.3870401,0.88308835,1.9512163,1.0916944,2.8606887,1.0445606,2.2984943,1.4754577,0.68971187,4.170219,1.7098113,0.8661668,2.4442248,0.8670126,0.69964623,2.8442876,2.5832741,1.7066628,0.9714338,1.3424327,1.1930875,0.8830107,2.7440388,2.1007562,2.34377,0.96888596,3.541896,0.9682766,1.0246053,3.2964456,3.1352704,0.90262824,2.2955506,2.1193159,2.2824776,3.011223,3.2932384,2.3122451,1.3008549,1.3603411,0.87450075,5.0596757,2.3078914,0.74641204,1.8306506,2.6380723,1.0557895,1.0073329,1.0277712,1.0704781,1.1010181,2.1783185,0.58774215,1.0202355,3.7276878,1.0968138,2.4797814,1.0800278,3.270405,2.5649154,1.1799814,2.155109,1.2692552,1.3635755,1.0723721,0.8563639,2.518828,1.6847203,2.7813125,2.5397856,3.348753,0.6780348,0.69213426,1.5330384,1.1597108,0.6765035,0.873345,0.6661277,1.3658638,2.791944,1.5330384,0.80965173,9.733556,3.168981,0.7361175,1.467162,0.84856915,1.117219,1.1275408,0.6820993,1.7575529,1.9351776,1.4388604,2.7572925,1.0475495,0.95696497,1.2974502,3.0096161,3.3876147,1.3398776,1.6557852,3.263058,0.673796,0.8482387,1.0909979,0.9260188,1.1806144,0.94033396,2.2340002,2.3721275,1.0883106,2.7857382,0.8383085,2.8051693,0.9411037,1.269198,2.7270153,1.2707804,0.9486081,2.2330003,0.3789856,0.911502,3.8559406,1.0873071,1.196351,1.1422664,1.0645183,1.3938342,2.7869048,3.6784396,2.2877254,3.2861161,2.723236,1.2064875,3.0654478,2.6964042,1.8440686,2.3794432,2.1527505,4.1970787,2.657053,1.0812119,2.1957405,0.99976414,0.852471,1.6092788,3.0980878,0.9977523,0.8061704,2.2095013,0.95428485,0.90499955,1.3786467,0.81047434,2.598235,2.4997675,1.2479945,1.0603439,2.3320007,0.93544173,2.2505088,1.7246543,1.8835691,0.9575242,1.2163092,3.327388,2.3447943,0.9597592,2.7647452,3.2944405,3.6429348,2.4813876,1.4336166,2.8120444,1.8417509,2.5315459,3.6640527,2.8251019,2.3365026,2.665468,1.7384157,1.333035,3.355586,1.0620503,1.0652267,1.3689452,2.5743856,1.3756323,2.1742897,2.5989313,0.99970174,1.425754,1.3846885,1.5784988,2.6484616,1.2787303,2.67075,2.771236,3.1779068,1.0322444,0.7111969,1.1445436,2.2147152,1.9878508,3.0378566,3.1660862,4.785327,2.513562,3.4125957,3.093273,2.412734,4.8035774,0.6647555,3.6540973,2.9259288,3.2302973,2.6136978,1.2496238,2.6835907,1.7705382,1.7369195,1.5937623,0.64285207,2.436594,2.150744,2.3415864,3.1469553,1.7526786,3.2822614,0.9357746,2.479157,3.2251973,4.1453624,0.98911625,2.2406757,2.3817883,1.8121272,1.0171274,2.842592,3.6435652,1.6985911,0.6743745,2.8418226,3.2397923,2.4375324,1.667162,2.7662964,2.765175,1.4190233,3.9087079,1.2939876,1.2152768,1.137694,0.8617005,1.2170296,1.2047474,2.7011805,0.72636884,2.475853,3.690374,3.7928464,1.5343872,1.0567373
0.79115796,2.9342632,1.876157,3.7043295,3.0307872,2.962304,0.9839926,0.91642123,2.02494,1.1129576,0.9326527,0.820716,1.3899355,0.7692887,4.043643,1.0260645,2.5783255,2.4062245,3.3292015,1.4234365,1.0058087,2.3306184,2.3653376,2.2698357,4.6546764,1.5020012,4.7873588,1.1163229,0.7435933,1.5078783,1.1511762,2.6536002,0.46033418,2.3833265,0.5522535,1.1668515,2.299607,1.1896527,2.867564,2.0037665,1.0958968,2.3161943,0.8686674,0.9403504,2.173547,3.4031415,2.6356945,1.0159199,1.7429366,2.1019702,0.8798934,2.7278337,2.002384,1.7051477,1.7672529,3.4827273,1.3535204,1.3504189,3.5424585,2.951239,1.2456179,2.6454155,1.0673174,1.9581935,1.5580273,2.5549731,3.1804528,2.722053,1.9789016,1.2382177,4.939112,2.229334,1.2528983,0.52918303,2.156056,0.5205823,1.2330323,1.8236496,0.5107792,0.47351992,3.1123147,1.5854237,0.70541304,3.6480227,1.3392638,3.8964493,0.45877853,2.9823813,1.4395547,0.8624923,1.2087907,2.7172766,2.814329,0.46921813,0.9781682,1.8245978,1.2842468,2.2904236,2.3256693,2.813162,1.8001261,2.1010299,2.5836601,0.56851643,1.07551,0.96034324,1.2645965,0.77122533,4.2218575,2.5836601,1.8759956,10.333273,2.8892078,2.1062016,0.6144435,1.0331814,1.4586848,2.0299816,2.0500646,2.5966022,1.8453385,1.5876007,2.834228,0.5545661,0.6039684,1.8469666,2.6556363,2.9346266,1.92301,0.91653365,3.5167284,1.2286884,1.331442,1.3159593,0.79706544,0.40111193,0.96879447,0.7412502,2.3158095,1.7005297,2.605943,0.681903,2.1372144,1.2250651,1.8378934,1.7908233,0.8501489,1.2836113,1.0190133,1.5515904,0.6545328,3.730705,1.364284,0.98246664,2.5850086,0.94534343,0.885358,2.598926,4.170319,2.7088127,3.331861,2.4030297,0.53033334,2.4508407,2.0060058,1.3555133,3.397186,1.074218,4.099386,2.392454,0.46852958,1.7016323,0.7128781,0.7609545,1.0107659,2.4699492,0.59376013,2.0201702,2.057547,0.7455225,1.3162884,2.5159864,1.3382024,2.4115918,2.0712354,1.0109788,0.48463625,3.2802382,1.9123108,1.9513724,1.146018,2.5112672,0.783082,1.4726646,4.5773296,1.4188904,1.2026299,2.2699776,3.328927,3.9932723,0.9705009,0.97059375,2.204442,1.3601667,1.5949281,3.8183367,2.272816,1.9986845,2.0959525,2.5215178,1.5601643,2.2544262,1.4871935,1.6377271,1.5754528,1.4517179,1.7228632,1.8644102,2.572077,1.1584637,1.18002,0.7141029,0.81228304,3.7081714,2.6578004,2.8994458,2.0114787,3.5481105,2.4167147,1.4118799,0.8474359,3.3679118,0.80659175,2.5887375,2.488803,4.8205223,2.091817,2.1767762,2.6739635,2.0257118,4.600518,1.2495834,3.8291845,2.368207,2.9198804,2.2076828,2.074266,2.2403584,3.210534,0.6239826,0.7757231,1.6718212,2.2981825,3.586229,3.5311725,3.3242552,2.781453,3.078284,0.7720105,2.1087086,1.9166915,4.073174,1.7449801,2.5597432,1.371549,1.0685083,0.62074095,2.1440156,3.1368942,2.9999473,1.1226754,2.6952195,2.902553,3.859033,2.2127273,2.7206604,2.1516414,1.7364933,2.8259678,2.29204,1.755364,0.92431414,1.106971,1.5314677,0.4567758,3.7684011,1.3373117,1.8153173,3.6662447,3.469294,2.9367723,1.7177235
0.65496016,2.5756235,1.5967039,3.4868767,2.8586028,2.721012,0.5000466,0.26502788,1.669749,0.7420011,0.4288517,0.3066852,1.8181933,0.2757966,3.8809361,1.3267751,2.3531673,2.3529472,3.164963,2.021625,0.46126285,2.0544038,2.2426586,2.811154,5.05732,1.1106201,5.1635575,1.7826296,0.5093471,1.8778738,0.5603001,2.525571,0.6345355,2.5349388,0.6960834,1.2724866,1.9467809,0.88904727,3.4217253,1.7391757,0.7640296,2.4983811,0.3634783,0.5657098,2.6285012,3.1344135,2.273521,0.52967346,1.5115844,1.7429802,0.36242038,2.5896008,1.8269914,1.5076015,1.358686,3.275074,0.70377505,1.1339787,3.3256302,2.9925709,1.1971661,2.3826954,1.359335,2.1078973,1.9291044,3.1380339,2.8988178,2.3181221,1.6989924,0.634045,4.80802,2.0971127,0.71761906,0.8993938,2.4272666,0.6957091,1.1061543,1.4707758,0.44780576,0.47082698,2.7765675,1.2611159,0.2889982,3.4492154,1.0898674,3.602486,0.540876,3.029552,1.8698658,0.8040289,1.7992735,2.333619,2.4337656,0.5884347,0.46171716,2.200188,1.6025125,2.223078,2.6579103,3.3367496,1.402647,1.8499534,2.2520223,0.8749112,0.66570795,0.6400237,0.78833747,0.8572344,3.922959,2.2520223,1.3674194,10.523708,2.7035003,1.7601562,0.96726954,0.85782075,1.3434356,1.7716507,1.6508945,2.3541794,1.8464205,1.5983541,2.6166642,0.41823068,0.63638425,1.6771314,2.9879727,3.4786515,1.6524918,0.56128,3.3585243,0.7737046,0.72076714,1.00032,0.3046114,0.6690576,0.36902475,1.2363279,2.0201385,1.4913585,2.7341597,0.56771415,2.6845365,0.5861695,1.6297724,2.3144224,0.8523946,0.6378665,1.3830372,1.0894004,0.41735834,3.5242255,0.98025566,0.8529162,2.1756887,0.89759016,0.8616585,2.510096,3.9596667,2.4034438,3.3454826,2.6705697,0.41458333,2.8242943,2.3381455,1.2600257,3.1858568,1.6691943,3.912957,2.317899,0.5182087,2.1675167,0.4008661,0.35896268,0.5398134,2.7605088,0.46247137,1.5955162,2.263586,0.27327672,0.6861696,2.0743926,0.7425245,2.2653847,1.9344286,1.0823059,0.49738654,2.9250772,1.581556,1.9300941,0.7905514,2.573621,0.456039,1.4249887,4.324355,1.9170355,0.5701967,2.5370934,3.2932386,3.8259585,1.4788679,0.50820076,2.502009,1.2136774,1.848748,3.675078,2.600329,2.0847576,2.3609972,2.2221932,1.3869905,2.6361039,1.106023,1.243197,1.3606504,1.9621427,1.6839443,1.7845964,2.601097,0.51547754,1.2562879,0.39790216,0.4144737,3.695862,2.3509142,2.8880575,2.2558682,3.3043532,2.0045738,1.0119847,0.17992122,3.1279495,1.1935548,2.3335447,2.825217,5.216691,2.3027337,2.604659,3.121714,1.7773248,4.453456,0.7920055,3.7521431,2.5165548,3.345829,2.3985448,1.6894568,2.4902494,2.8520293,1.107043,1.1437879,1.2292175,2.1199763,3.276001,3.2821593,3.2045531,2.460091,3.1138484,0.28422695,2.0686715,2.5222335,3.8512838,1.3530419,2.294668,1.4286306,0.77853644,0.6495006,2.6500752,3.6656332,2.688805,0.66832626,2.5674686,2.6087317,3.5608087,1.9833306,2.8914573,2.5203016,1.4949011,3.2745354,2.051797,1.4666393,0.8227806,0.548699,1.2244408,0.7807113,3.5609655,0.7863731,2.0769405,3.3065941,3.9735606,2.5585363,1.3697842
2.452722,4.5156856,2.9254339,4.4271274,4.000172,4.1222234,2.6619391,2.5199447,3.619359,2.2871037,2.5939286,2.4819217,1.5878049,2.4304602,4.871061,2.1215215,3.4602253,3.4418235,4.4353814,1.6157131,2.59695,3.8142948,3.2680042,2.2287588,4.922355,3.0354383,5.122849,0.9094024,2.3833218,1.9687684,2.7714224,3.9749115,2.0993,2.9400146,2.1599722,1.7788528,3.8159049,2.7902017,1.7114271,3.3209145,2.6788821,3.0175853,2.5375965,2.609586,2.391475,4.7820597,4.1570373,2.6168942,3.1366527,3.6712387,2.5435674,3.6578891,3.0702655,2.4788177,3.3251226,4.34299,2.9633374,2.8545003,4.6150575,3.6944077,2.7161345,3.8474226,1.645186,2.6810112,1.0236568,2.3787413,4.6155553,4.3822813,3.4381576,2.8594604,5.5248446,3.2302995,2.890013,1.546918,2.7120829,2.1342285,2.7012691,3.3842947,2.180751,2.1422265,4.5887837,3.1994352,2.354645,4.4648833,2.791714,5.4629183,2.127135,3.6004562,1.592723,2.330812,1.5827119,4.371521,4.4666734,2.125311,2.637058,2.259345,2.2485013,2.9963157,2.883349,2.787944,3.447334,3.7082841,4.1350045,2.0689292,2.7237349,2.5661259,2.903404,2.1493413,5.7980313,4.1350045,3.5327413,10.953431,3.6953006,3.7385154,1.9078145,2.5922985,2.8688972,3.5160086,3.7173715,4.006927,2.86178,2.811732,3.846289,2.2222512,2.2460566,3.2346292,3.117606,2.9548059,3.3923829,2.1833706,4.566478,2.864892,2.959712,2.8133218,2.4599738,2.0201283,2.6089,1.0582955,3.4427688,3.1885939,3.3735538,2.3515942,2.2144928,2.8436322,3.2441778,1.8709922,2.2526708,2.8971777,1.4814947,3.2339363,2.3373058,4.4581566,2.8735693,2.4321492,4.251886,2.4182415,2.2460227,3.4908855,5.3184395,4.0215297,4.176252,3.023241,2.1248152,2.6988955,2.390863,2.4999259,4.756451,1.429011,4.830968,3.2784517,2.1380548,2.2394037,2.347194,2.4403746,2.3375072,2.7963867,2.2612553,3.6665823,2.951108,2.4073155,2.9346254,4.134727,2.972011,3.307575,2.9432743,2.3582673,2.1593802,4.759907,3.4608462,2.8419871,2.3653193,3.6686044,2.4102805,2.8220494,6.003795,1.767803,2.8067296,2.7842371,4.1997666,5.0532556,0.8356609,2.3846362,2.610252,2.519673,1.9940901,4.755216,2.707777,2.765932,2.5200493,3.974244,2.8971667,1.9497423,3.0111089,3.1620321,2.9275613,1.5288599,3.045344,2.8142965,3.5007102,2.7551212,2.411713,2.1763408,2.149312,4.989328,4.250923,3.9396906,2.434318,4.70457,4.0812407,3.05079,2.428155,4.7959905,1.5119721,3.2600617,2.718875,5.0957975,2.769197,1.5735307,2.877004,3.004397,5.160941,2.887241,4.7475333,2.7744143,3.2490969,2.7490845,3.628291,2.8332214,4.827598,1.6417505,1.870847,3.313164,3.265728,5.17205,4.973339,4.3320055,4.308124,3.7663584,2.4380867,2.905224,1.1320622,4.813915,3.2916522,3.8311923,1.9611424,2.2144911,2.2173595,2.3089836,3.0897048,4.543213,2.793845,3.608682,3.61488,5.429934,3.6129797,3.5161262,2.518241,3.1173596,2.2374902,3.7625382,3.2034047,2.4014633,2.730313,2.974159,2.0076427,5.118486,2.9794767,2.3271406,4.551537,3.5367577,4.5788035,3.2294886
2.2073205,3.6835475,3.5525885,5.434385,4.438648,4.2739687,2.4400225,2.4919095,3.013835,2.730606,2.480892,2.375321,2.6056223,2.362574,5.5622315,2.3207693,4.2911043,3.5599651,4.482823,1.8570864,2.3067517,2.9325633,4.077054,2.7470095,3.9011793,3.1533217,4.9955535,1.4442044,2.3516617,1.646011,2.500447,2.9613516,1.9366747,3.7916186,2.0448582,2.666745,3.1419473,2.1885,1.7365476,3.7186294,2.6943173,3.4187644,2.3986967,2.4752495,2.9457903,3.9948893,3.4714553,2.2656784,3.36301,3.0893285,2.4480715,4.4265113,3.725916,3.1893158,3.302444,5.056839,2.7920978,2.1478858,4.715903,3.9639866,2.6209955,4.353886,2.3223653,3.2647398,2.0222156,2.6397247,4.491418,3.849519,2.6239424,2.5858302,6.537694,3.934404,2.51042,2.1047149,2.096871,1.9358737,2.762392,2.6720078,2.1538196,2.1144125,3.852513,2.4948065,2.366872,5.2198777,2.8745441,4.9329696,2.012598,4.452559,2.6145718,2.5369303,1.8162013,3.8775027,3.9422753,1.9819579,2.4950256,1.6529748,1.1452384,3.9167736,3.1618757,3.0376117,2.8848631,3.1157775,3.4430747,1.7823665,2.591823,2.5747688,2.4556022,2.4671052,5.1908712,3.4430747,3.0265198,10.719693,4.2720275,3.400409,2.16753,2.550033,2.9454217,3.4227374,3.2034442,4.1030912,3.3510652,2.9460971,4.572899,2.2072518,2.1069574,3.3372922,2.810728,2.7623081,2.7317348,2.5500982,4.6021943,2.4013352,2.6835692,2.9883933,2.3980453,1.9231477,2.5191793,1.7827349,3.4242554,2.382285,3.3192973,2.115443,2.479329,2.6597707,3.3376234,2.092668,1.6206809,2.7196841,2.4289973,2.9358444,2.2305806,5.455993,3.023139,2.6706104,3.7384603,1.7364935,2.617446,3.5993204,5.0850115,3.920479,4.024703,3.2676115,2.2548108,3.386975,3.1817253,2.6707919,4.6434574,1.8447365,5.7063904,3.5887427,2.0597582,2.3658867,2.3743234,2.2960093,2.5888515,2.8148365,2.2212842,3.021652,2.9195654,2.3551805,2.704549,3.5459023,2.6660194,4.135415,3.7059839,2.5208397,2.0709045,4.778178,3.3290503,3.6020622,2.8479464,3.4516442,2.4285846,2.9182267,5.6439757,1.233224,2.5983176,3.418546,4.290607,4.975545,1.837677,2.6786604,3.3917406,2.9146407,3.0350964,5.1862288,2.6833007,3.507677,3.3726664,3.181733,3.0631266,1.6370243,3.1485038,3.2516768,3.1848307,2.3964605,2.048442,3.566352,3.8433723,2.5788093,2.6940267,2.4465935,2.3358507,4.0485306,3.8568823,3.8879116,2.9535549,4.704507,3.5916445,2.6200533,2.4171636,4.5344324,2.1395438,4.2133236,2.6794848,4.980146,2.245146,1.2940949,3.245594,3.2601864,6.2148457,2.4171398,4.7687445,3.7875977,2.948406,3.4793944,3.0085082,2.5891688,4.3813705,2.0765622,2.1559486,3.1609313,4.035266,4.6442585,4.7003064,4.4984922,3.5912383,4.4351015,2.358576,3.7764955,2.1638246,5.7963214,3.291878,3.7413688,2.9445646,2.7376013,2.1417935,2.1375248,3.2839904,4.214079,2.487972,4.096622,4.562472,4.8989725,3.7013755,3.5220373,3.1611915,3.4134805,1.6614594,3.6162524,3.3295379,2.5835907,2.4274905,3.1725707,1.7936324,4.934494,2.6007519,3.2026508,5.4219093,3.4522092,3.9565694,3.2734516
4.7423334,5.597698,3.0905643,1.4496293,2.8817725,3.4679217,4.616313,4.496911,4.9855323,4.1700764,4.472755,4.5908155,4.096274,4.5463147,1.8659656,4.641784,2.2422998,3.8623118,3.810074,5.2608037,4.8583946,5.585307,2.624784,4.9680457,8.0665655,4.0337496,6.647843,5.2677393,4.5371413,5.356766,4.7875824,5.936766,4.795078,3.0392225,4.726678,3.9174175,5.1766562,5.212805,6.8502073,3.3100579,4.3832955,4.679971,4.5548344,4.551814,4.48562,5.707542,5.228303,4.8956704,3.8942666,4.944949,4.4913225,2.4849331,3.211991,4.182568,4.271237,1.8899107,4.5591526,5.2640567,3.7406397,3.8531568,4.6074367,2.97407,4.6783957,4.299552,5.0570326,5.580885,3.892976,4.898463,5.449101,4.7658978,0.83724934,2.9662874,4.8995023,4.5089474,5.6848755,4.831277,4.3650365,5.241652,4.570517,4.590951,5.452643,5.261575,4.4502554,1.7461104,4.406765,5.4336495,4.710427,2.4606476,4.0861483,4.2715855,5.142822,4.8520036,4.9262695,4.750346,4.4960485,5.6808505,5.867703,2.5659924,4.954029,5.696973,4.9353275,5.0777345,5.196209,4.972997,4.5540314,4.416397,4.9948487,4.205878,5.670425,5.196209,4.8909354,10.614132,2.965019,4.627839,4.4754105,4.5298877,4.3337984,4.4711814,4.833033,3.839978,3.9825945,4.497328,2.3005126,4.5345726,4.694591,4.18046,5.4510016,6.208245,5.1424904,4.298131,3.9576497,5.0179024,4.7352743,4.060216,4.4983315,4.754214,4.476849,4.87727,4.258995,5.381121,4.5978785,4.7798715,5.365463,4.591474,4.214263,5.0705576,5.355126,4.5872025,4.2315245,4.5859604,4.6053877,1.3272502,4.113978,4.1762457,4.862935,5.372671,4.0702276,4.1204324,4.7479663,4.0188217,4.7669826,4.2743235,4.481487,4.0548625,3.7798276,4.1368446,4.814381,5.014589,1.1578271,3.674316,4.657137,5.0916214,4.472437,4.638106,4.2922187,5.0401154,4.5428934,5.117108,4.4878764,4.526559,4.676824,4.9857273,4.7742596,2.6195316,2.8134668,4.4405966,4.6598215,3.5013597,4.485726,3.2721117,3.997732,5.1157455,4.462438,4.369715,5.7939367,5.6073384,4.6971507,3.6974459,4.0941296,4.360546,4.862022,4.1716604,3.6491206,3.7214482,3.5969663,2.786738,4.9727693,3.666404,3.9860177,5.4639077,4.3442407,6.1400356,4.0071716,4.096017,4.0598226,4.3883705,5.701426,3.2133634,3.4422047,4.6641555,4.305376,4.313242,4.5413513,6.4640317,4.807127,4.202838,4.096011,3.909776,4.7719097,4.7616215,4.531936,5.083775,4.6532545,3.2357323,5.2493634,6.725909,5.464758,6.351187,5.187993,3.9871643,0.61886454,5.0185666,4.264827,3.5845811,5.748116,4.1907797,5.0576224,5.140689,4.985501,4.530225,4.6499157,4.3607984,2.7950823,5.31104,5.102009,3.6167054,5.2897553,2.76876,4.5303054,3.0297463,5.0924325,0.895702,4.2392287,4.0568814,3.6611419,4.0679955,4.712007,5.501352,5.7369175,4.906934,4.6704235,2.9877532,2.966469,5.4189696,3.570033,4.4642196,4.047433,3.666819,6.883483,4.5802784,4.1069875,4.279992,4.842222,4.0414762,4.89577,5.1562667,4.874736,3.722121,1.848671,6.21631,5.120909,4.2094584
1.921935,4.018881,2.755347,3.554438,3.7985387,3.9328263,2.294541,2.2352524,3.2428453,2.2728007,2.2536695,2.094583,1.480989,2.0583527,4.382727,0.9227218,2.9644327,3.3534384,4.212326,1.1344568,2.4805634,3.6420975,2.2379138,1.7913048,4.83391,1.9983413,3.8767128,1.6312345,1.7878432,2.8808882,2.4719815,3.8908908,1.8032528,2.2839932,1.684051,2.145198,3.6529224,2.4556177,3.6472282,2.1011145,1.8102714,0.8351249,2.2178035,1.9936157,1.8960795,4.6702776,3.921369,2.5215087,1.7517616,3.3638077,2.1891088,2.4182873,1.8577777,2.0852072,2.14586,3.979798,2.6151197,2.8298562,4.548905,3.7649941,1.510655,2.420743,1.1458566,0.7196523,2.7112262,2.0523865,3.781057,3.4700398,3.4286528,2.5369759,4.877667,1.9709191,2.5354862,1.5130852,3.4449964,1.7722034,1.5063128,3.1997283,1.8606232,1.8510221,4.367117,2.7784193,1.9934851,4.104511,1.6352756,3.989322,1.8514725,2.8949904,1.6275523,1.4911633,1.0887249,3.3239784,3.4303002,1.8322763,2.3195527,3.070861,2.442122,2.6307878,0.92176807,1.6958302,2.9708173,2.7310176,3.7410538,1.7652671,2.0050702,1.8088512,2.511895,1.4480869,4.4319143,3.7410538,3.0958347,9.387175,3.8701482,2.5692677,1.3368073,1.639228,1.4758334,2.0123262,2.986252,2.4081013,1.1363398,1.1540433,2.7022595,1.8759418,1.7774746,1.6751096,3.4253821,2.3473575,3.340367,2.1435814,4.4724097,2.4983835,2.5928495,1.795635,2.0940053,1.755788,2.3061197,1.7682438,3.8006341,3.0696878,3.5462089,1.9218292,1.3070933,2.5497196,1.7188532,2.4272194,2.412799,2.5646253,1.3548509,2.4578955,1.9386727,3.5830286,1.8962351,1.5280045,3.318174,2.3544858,1.512214,3.8461423,5.224746,3.8761883,4.3521166,2.7647653,1.7316629,2.240149,1.8656678,2.7627296,2.8546658,1.0291561,4.3584657,3.4809704,1.8448666,0.98691577,1.8421504,2.0419126,2.4234471,3.5092533,1.8658637,3.1732395,2.7071,2.041564,2.5809171,3.6784565,2.5964198,2.2611938,2.7070217,1.2175264,1.8626239,3.6427321,2.1235034,1.5788443,2.1116085,1.8395828,1.8360357,1.347784,4.134341,2.5777528,2.5115585,2.3000774,4.2357664,4.972092,1.8766825,2.090848,2.0441606,2.531712,1.6526155,4.343307,3.147572,1.1623199,0.8835867,3.8884263,1.4834269,3.616598,1.9752551,2.0294428,1.582549,1.6952009,3.0658412,1.7185017,3.0158098,2.4873195,1.0923152,1.8948163,2.282501,3.9233258,2.891013,3.6390364,2.8917103,4.5696383,3.242753,2.7292578,2.234878,2.9926965,1.1977319,2.726051,3.5041478,3.913961,3.4322615,3.4121168,1.3967925,3.475136,4.633753,2.5199738,4.7238975,1.3583072,3.1730576,0.8034026,3.4344645,3.3560593,3.455384,1.2494558,1.0271983,2.3185833,2.1708746,3.7454913,3.1735084,4.134541,3.9416652,3.2996507,2.1105964,1.8054883,2.2210836,3.9847605,2.0935242,3.7547197,2.023439,2.1301303,1.6215949,2.6894426,2.371818,2.9690967,2.4437861,3.4978561,3.0227997,3.964549,2.7884924,3.2574737,1.9909042,1.8579725,3.9826436,2.1628177,1.837317,1.5059215,2.4407375,1.7834362,1.8087763,3.1850338,2.5922136,1.1903949,3.8556721,2.7353883,3.7167003,1.9694568
2.0721989,3.9621537,3.192045,4.648505,3.971615,3.9942296,2.4671876,2.5154285,3.1922271,2.6653445,2.4529417,2.3521445,1.635499,2.309091,4.8556905,1.5521667,3.6860366,3.191526,4.1549644,0.55823976,2.557404,3.3517845,3.2516465,1.3404044,3.7152762,2.7883253,3.8199353,0.73384416,2.1411064,1.8618681,2.6862154,3.3736043,1.7801971,2.7654538,1.7848231,2.3022196,3.4678214,2.4582093,2.2285798,3.0772092,2.4152079,2.3684156,2.3973086,2.3395097,1.6780418,4.323051,3.767914,2.5326,2.7680693,3.2826455,2.4122922,3.5408552,3.0002537,2.926998,2.9902942,4.4585977,2.9251869,2.540191,4.489361,3.4921947,2.138213,3.613009,1.7876009,2.28869,2.1194923,1.2557224,4.0962086,3.7998924,3.103274,2.7736232,5.6463304,3.109978,2.7231932,1.7180535,2.3704808,1.7603896,2.266603,3.042093,1.9797585,1.9384657,4.1582837,2.7601051,2.24648,4.5988793,2.4938443,4.602209,1.8672426,3.4630027,1.6650931,2.0711622,0.692864,3.7457786,3.827473,1.8312831,2.4991782,1.9121473,1.635718,3.2090693,1.9180999,1.6071928,3.034259,2.9929836,3.6386406,1.6005387,2.45431,2.3216834,2.6753533,1.929013,4.923238,3.6386406,3.2452433,9.658362,3.96136,3.14696,1.5780559,2.2112617,2.3728855,2.9567673,3.2160125,3.4274044,2.5037587,2.2462368,3.780554,2.0338764,1.8916541,2.7112336,2.4596283,1.5925992,3.0526073,2.4882941,4.3352103,2.6303382,2.8603802,2.5764146,2.3340797,1.7140079,2.5371122,1.5703279,3.5944061,2.7569559,2.9874256,2.024756,1.0215998,2.7971778,2.7653425,1.4024675,2.0689003,2.8541737,1.7319858,2.8682632,2.111521,4.6488376,2.6823685,2.198683,3.6805582,2.1051884,2.0939112,3.5044208,5.001355,3.8459203,3.8339648,2.432894,2.031017,2.1903389,2.0559819,2.575453,3.9965985,0.8331029,4.989099,3.3078485,1.8942639,1.1342628,2.1887414,2.2528677,2.6351233,2.6032321,2.034683,3.24983,2.3175025,2.2858245,2.8666682,3.7431967,2.851258,3.3324578,3.1512606,1.9315964,1.9201478,4.2933946,2.9761329,2.7217317,2.648218,2.6616685,2.2310925,2.2778955,5.1287756,1.3827406,2.7686286,2.3768497,3.947821,4.7736654,1.5531476,2.5392218,2.265569,2.6272395,2.1315317,4.5796723,2.2894063,2.5097475,2.1764135,3.5853772,2.5454764,2.3733144,2.769334,2.889495,2.6351857,1.390568,2.5245411,2.778988,3.116025,2.739161,1.9985015,2.2697823,2.4359994,3.8323286,3.533081,3.436297,2.4397426,4.5173254,3.5502572,2.7502687,2.4674814,4.012092,1.6068336,3.7603076,2.4913206,3.7990599,2.4770205,2.204184,1.8106232,3.3353662,5.391388,2.6493125,4.4585376,2.7050085,2.2308547,2.3835168,3.3115938,2.4754217,4.114117,1.4142662,1.4941745,2.9449565,3.2773054,4.35269,4.1750336,4.085243,3.8030658,3.5751169,2.3152452,2.911267,1.2841424,4.9980326,2.9532459,3.6635416,2.4434142,2.56985,1.8903832,1.518908,1.9174238,3.8294582,2.5600805,3.623478,4.0928345,4.576812,3.1958609,2.8831673,1.9921702,2.8057055,2.5349333,3.122007,2.838016,2.1304026,2.6240032,2.7189753,1.6351902,4.307167,2.8069277,2.0817816,4.8805046,2.2340884,3.9537687,2.8784935
0.68286973,2.5338962,2.107279,3.963877,3.293752,3.0982444,0.68276024,0.6426794,1.7055484,1.1524963,0.7406442,0.5543236,2.0779645,0.5788456,4.3523545,1.3841894,2.8598692,2.674787,3.4919846,1.9590652,0.47896096,1.9611502,2.6875536,2.893953,4.843036,1.4047484,5.147445,1.7297785,0.6993088,1.8658593,0.61820936,2.4065783,0.6427642,2.9244103,0.73704743,1.6651108,1.973331,0.62698245,3.2638686,2.122557,0.976316,2.5676877,0.63815117,0.73738825,2.7955034,3.163338,2.3145924,0.5175023,1.7802976,1.8063722,0.68177325,3.0144238,2.22037,1.7674707,1.5430831,3.7654986,0.9126168,0.98679227,3.676564,3.317512,1.2541493,2.7566113,1.4424411,2.2561913,2.0318441,3.1271818,3.1759326,2.3866963,1.6057255,0.7098182,5.301548,2.500207,0.68411237,1.0921572,2.3919806,0.66979116,1.2658114,1.4034938,0.6622627,0.66616964,2.8165205,1.1017687,0.66412055,3.9422364,1.2376258,3.6319678,0.6272845,3.458335,2.1358728,1.0651186,1.7468596,2.4023438,2.4938948,0.6354122,0.7522973,2.1257014,1.2576696,2.7096329,2.6858115,3.2978292,1.420041,1.8116319,2.2826743,0.7755813,0.8106785,0.8663188,0.6805987,1.1480409,3.9497795,2.2826743,1.4103526,10.550162,3.1591215,1.8387858,1.1317623,0.97283304,1.4926256,1.8715967,1.7007779,2.588982,2.0674186,1.6855116,3.0627093,0.66760874,0.7048995,1.853451,3.0390062,3.367378,1.6612536,0.9619161,3.6786993,0.6443508,0.8133114,1.3022993,0.6377962,0.71390617,0.7112797,1.2951952,2.323155,1.3637251,2.9394152,0.5722237,2.6553595,0.7982243,1.7998996,2.3857112,0.48810884,0.83949846,1.6314776,1.2003328,0.6035114,4.0047154,1.2700497,1.1429449,2.240198,0.5054571,1.2058997,2.8208156,4.2068696,2.7101164,3.5598269,2.8955874,0.6968805,3.0720453,2.630218,1.608692,3.2639003,1.6501836,4.4133577,2.6910412,0.64989924,2.143866,0.68459433,0.53609407,0.97730786,2.9024868,0.68557703,1.566297,2.443374,0.59514505,0.8214924,2.1443353,0.80684066,2.7087414,2.4312403,1.2188033,0.63012683,3.2380881,1.683733,2.3016646,1.2310761,2.5492237,0.7198275,1.5574061,4.3383727,1.8030306,0.70714295,2.8421626,3.5949528,4.1132717,1.5665983,0.96818805,2.810262,1.6636044,2.2064202,4.0933356,2.7266402,2.3672247,2.5831685,2.2026374,1.532486,2.5445616,1.409609,1.4947727,1.5997598,2.1603332,1.4643723,2.1878555,2.9508913,0.68900734,1.4287633,0.8212718,0.74822557,3.5562887,2.4056664,3.1421738,2.5499218,3.6319532,2.0886786,1.0942888,0.593578,3.1586113,1.2904451,2.7263653,2.9295154,5.196654,2.312448,2.4407969,3.1511295,2.1489651,4.9562607,0.668803,4.045842,2.806669,3.3448603,2.5735743,1.7246335,2.5848665,2.907452,1.2504767,1.2107506,1.4039844,2.5527568,3.3007202,3.3221405,3.5541394,2.4909308,3.526763,0.6067573,2.4731805,2.6077518,4.3411546,1.5462046,2.598087,1.8453093,1.2082773,0.6865665,2.6435258,3.6647458,2.7332306,0.79796475,3.0050259,3.021148,3.5896325,2.324781,3.0964277,2.7644446,1.8281412,3.0973752,2.1277156,1.6820819,1.0723234,0.5526977,1.4907764,0.73454356,3.606651,0.77917105,2.3671331,3.7842424,3.915352,2.5993075,1.5666479
0.7458926,2.48082,2.6196635,4.2287126,3.5316823,3.3309033,1.1495932,1.3436825,1.798011,1.9269929,1.2422795,1.1100861,2.1238325,1.1215558,4.5184574,1.0080905,3.2242389,2.7765791,3.5814824,1.4991426,1.288795,2.0236773,2.809627,2.4330606,4.127207,1.5333682,4.262614,1.6907767,0.95015144,2.0477107,1.303011,2.295789,0.7899952,2.8782487,0.7449078,2.2093236,2.1734354,0.91014177,3.424292,2.1553237,1.1277179,2.0570326,1.1745157,0.9932393,2.4172792,3.2165794,2.4586015,1.2577507,1.6760479,1.9488646,1.2035948,3.0462427,2.3331068,2.3315032,1.5605114,4.0540075,1.5618471,1.2778268,3.90093,3.3934867,0.8432542,2.747955,1.6272352,1.9689168,2.6061764,2.5586429,3.0686028,2.2397516,1.8386227,1.3676664,5.472567,2.545506,1.243878,1.4604005,2.424453,0.711382,1.0816749,1.6390332,0.99578273,0.98904103,2.9081702,1.1674356,1.1618812,4.22981,1.243722,3.1426325,0.88421124,3.4484324,2.1975477,1.1385494,1.3347629,2.1785223,2.2624671,0.83338183,1.2701919,2.1375582,1.024365,3.005604,1.9897468,2.5833058,1.5266944,1.4022197,2.29144,0.64578015,1.0432218,1.0728171,1.1424966,1.2393295,3.4831944,2.29144,1.7052492,9.652008,3.6124206,1.5729342,1.0904354,0.90796113,1.2106735,1.5487179,1.6502312,2.2822824,1.8639119,1.2747815,3.170307,1.0228612,0.7777739,1.5510882,2.7866094,2.5978253,1.87084,1.7248261,3.808967,1.1074402,1.4242522,1.4217831,1.1580516,0.8505535,1.3243312,1.7200601,2.8840482,1.4618448,2.9074519,0.7609881,2.0248578,1.4684495,1.5513829,2.237155,1.0163938,1.5006107,1.8585721,1.3070154,0.954432,4.2472196,1.4659731,1.2409922,2.0951574,0.8222085,1.3684987,3.148868,4.306912,2.9727407,3.5847201,2.6420445,1.1107559,2.795407,2.468099,2.068947,2.7507885,1.3804818,4.676626,2.9983485,0.92198193,1.4672924,1.0704793,1.0040541,1.8078574,2.9594162,0.98307043,1.6736258,2.1971445,1.1240976,1.4645666,2.2807634,1.3939184,2.860592,2.8012211,1.0147014,0.92125857,3.150412,1.4822682,2.3146899,1.8827136,1.7305113,1.0658569,1.2010714,3.777587,1.7778583,1.4172075,2.6606133,3.6714609,4.214481,1.9613559,1.6240314,2.640027,2.1056242,2.3395176,4.185237,2.63651,2.2207074,2.327026,2.3507142,1.409693,2.9080758,1.5393664,1.5788199,1.5643003,2.118452,1.4211057,2.3009057,2.867224,1.4263037,1.2200022,1.4177293,1.6251465,2.7951617,1.9993644,3.0243518,2.7098918,3.8276763,2.0008214,1.3785626,1.3597009,2.634963,1.4804622,3.2416713,2.9521005,4.3190293,2.4007537,2.8292422,2.459772,2.7979553,5.208963,1.1223015,4.1036296,2.730216,2.8153436,2.28727,1.972448,2.5803275,2.5512474,1.2595199,1.0540967,1.4418358,2.7132492,2.8429801,2.7992187,3.641966,2.4926193,3.5257251,1.1480333,2.5732403,2.5999932,4.5877805,1.5503217,2.8616529,2.3245528,1.9033885,0.75309414,2.3163495,2.9750993,2.3104749,1.2028021,3.2658365,3.5267735,3.1073186,2.2783976,2.8397944,2.4916906,1.8000376,3.315864,1.7142342,1.595125,1.1328571,1.2339836,1.5490286,0.781333,3.0529253,1.3059322,2.2253153,4.216492,3.118728,2.4200807,1.5304779
1.4261652,1.146049,2.486333,4.466227,2.8907213,2.3846645,1.242963,1.5853897,0.4630189,2.2547283,1.3418943,1.5159382,2.9742908,1.5397981,4.1054606,2.380914,3.237738,2.095616,2.606364,2.8846662,1.3254098,0.44062984,3.2565465,3.4381826,4.407307,2.009246,5.154001,2.7841942,1.6862538,1.9868784,1.3671113,0.97808635,1.5974827,3.2924883,1.6689019,2.605759,0.4789963,1.126069,3.9968266,2.5501103,1.8287671,3.5162492,1.3590409,1.5074707,3.2023075,1.5922526,0.8100055,1.1913738,2.3797603,0.481775,1.4118205,3.5019026,2.9713266,3.0879686,2.0588665,3.6449413,1.4219388,0.63692707,2.8017619,2.7909029,1.9522153,3.1775045,2.8733387,3.314865,3.0261092,3.6457398,2.295225,1.4999808,0.23614253,1.3519123,5.390711,3.1369514,1.2415068,2.375519,1.9659619,1.5997739,2.050051,0.28898332,1.6020994,1.6110247,1.2687337,0.77208847,1.5988872,3.8383577,2.1774433,2.9967663,1.5731156,3.659011,2.9707174,2.012781,2.7138624,1.6744586,1.7016621,1.5737009,1.2874813,2.0386844,1.6615126,3.16528,3.4448068,3.976238,0.6348969,1.3362627,0.8206079,1.6307604,1.5948347,1.7615124,1.2046398,2.0804043,3.1103914,0.8206079,0.8323798,10.146604,2.967477,1.6879798,2.1004567,1.8455563,2.209621,2.2953992,0.995193,2.7027292,2.9807515,2.5410783,3.4635139,1.600047,1.5769072,2.4120693,2.5857935,3.7683094,0.25633845,2.1370244,2.7501466,1.18224,1.3377707,2.0483375,1.4971693,1.6651831,1.4109875,2.6114957,1.7419655,0.33424917,2.3034952,1.4568242,3.3855028,1.3570629,2.4065487,2.6802409,1.3531706,1.409559,2.8059223,1.3078103,1.509719,4.4569745,2.0536048,2.064968,1.4640259,1.2831267,2.1336203,2.203892,2.9669924,1.7682096,2.6109965,2.7240627,1.8495891,3.3787272,3.1097581,1.6454189,3.4300952,2.7313457,4.410356,2.3148773,1.5869032,2.8850262,1.7088053,1.4750541,1.9086491,2.5986145,1.5773398,0.7006951,2.1086533,1.5464008,1.3910148,0.90850145,1.3043573,3.3336732,2.775843,2.1823092,1.5703168,2.6696503,2.1003392,3.093083,2.297519,2.8821654,1.7193215,2.2940588,4.188147,2.1363492,1.432506,3.0481179,2.7976265,3.028355,2.7942698,2.0090306,3.2071385,1.9299568,3.0514681,3.5625048,2.4631212,3.2712212,3.534291,0.6327774,2.453985,2.8810875,2.024918,2.1000316,2.4334226,2.8979952,0.7438621,2.9771988,2.6531017,1.4581221,2.3827507,1.9768585,1.9271332,2.7532601,2.0928555,2.3417463,2.6082919,2.6523468,1.2733082,0.72566193,1.6169803,3.2258153,2.6608884,3.74725,2.67292,5.2223167,1.8063462,3.1384568,3.8224025,2.0310938,5.128762,1.1601218,3.102187,3.8174367,3.1060135,3.6117687,0.38112321,2.1300426,2.4157317,2.322583,2.3582642,1.6658409,3.217903,2.7070248,3.3074048,2.7997794,0.9862175,3.4318807,1.4721196,3.2668033,3.3829827,4.6762805,2.0816197,1.7017472,2.8280919,2.3153653,1.7715713,2.7189245,4.0615363,2.6386628,1.0585856,2.7334104,3.934079,2.9572256,1.9597182,2.570618,3.1203911,2.350277,3.4594312,2.4348533,2.3188965,2.0143893,1.3456614,2.2506468,1.6214283,3.7231224,1.2268077,3.1995506,4.231406,4.185423,1.5377723,2.163642
0.9929314,3.0567129,2.2488453,4.0458198,3.302708,3.2211952,1.2710702,1.2694702,2.190786,1.4976064,1.2558968,1.1396898,1.4734147,1.1007783,4.329951,1.0789638,2.9334784,2.5872066,3.5323033,1.1819437,1.2750146,2.4132764,2.6755188,2.1208088,4.3606386,1.8198652,4.624772,0.8463956,1.0371358,1.384938,1.4328008,2.6546173,0.64486194,2.5676558,0.7344607,1.4600983,2.4535272,1.3184478,2.5794775,2.3204517,1.3888093,2.3609948,1.1842532,1.2228326,2.1136584,3.5063496,2.79158,1.2632501,2.01447,2.2758327,1.2086825,3.0253146,2.3179803,2.0090547,2.0467334,3.7997925,1.6761827,1.4437749,3.7739332,3.0934014,1.396533,2.9546974,1.1800092,2.0738957,1.5675973,2.3206608,3.4048135,2.9120297,2.0757074,1.5235507,5.235918,2.5283632,1.4988612,0.7778062,2.0345578,0.6657448,1.4560972,1.9634104,0.8222921,0.7798264,3.250285,1.7060618,1.0585946,3.9635558,1.5937316,4.0297894,0.7071291,3.2038488,1.5172236,1.1491194,0.98871183,2.9038897,2.9944444,0.68597806,1.295085,1.6430258,1.0234224,2.5998547,2.26678,2.605713,1.9842731,2.2149625,2.7256444,0.5790264,1.3547682,1.261008,1.4793807,1.0556732,4.348057,2.7256444,2.1039672,10.251147,3.1839695,2.3044307,0.7831422,1.265645,1.6614999,2.2305949,2.2423313,2.827852,2.0439448,1.7254709,3.1600037,0.8766066,0.8148956,2.0593848,2.5392206,2.6561089,2.0509577,1.3010311,3.7121632,1.434721,1.6197019,1.6307982,1.1325896,0.59276354,1.3075339,0.7770649,2.569457,1.7703252,2.6564407,0.8927998,1.9293163,1.54302,2.061946,1.6346152,0.87336934,1.6029944,1.1867869,1.8040607,0.9473722,4.067734,1.687741,1.2827784,2.7789543,0.967806,1.2017883,2.783989,4.3410816,2.9543064,3.4144125,2.426271,0.88719255,2.46415,2.0856974,1.6095644,3.5502298,0.898426,4.4170237,2.6120188,0.7401511,1.5525013,1.0460302,1.0576956,1.3952774,2.4319322,0.8973056,2.1941106,2.084267,1.0815771,1.6188511,2.7152574,1.6164919,2.7301593,2.4017837,1.1949222,0.75901586,3.5532026,2.1369064,2.2183037,1.5387381,2.5245736,1.1066501,1.6479968,4.702483,1.1597859,1.5075858,2.3592026,3.4759474,4.1701584,0.97074807,1.3676627,2.295949,1.681259,1.7870854,4.0636826,2.2134025,2.1937082,2.1926892,2.6336133,1.7872865,2.080554,1.8070995,1.9415575,1.846136,1.4364283,1.6843997,2.164651,2.7447186,1.4726166,1.3653773,1.1072024,1.1730161,3.646692,2.8240678,3.0194988,2.1038842,3.7758899,2.6188788,1.6294063,1.204302,3.5086837,0.91965395,2.9358208,2.4103255,4.6470633,2.0226247,1.9592803,2.5467384,2.3110855,4.912068,1.4554032,3.9796686,2.541894,2.7340612,2.311816,2.2485526,2.19414,3.3867307,0.7288556,0.85460156,1.9454612,2.624067,3.7270908,3.6750507,3.5255206,2.9157207,3.2810318,1.1036845,2.3933508,1.7573028,4.4130235,2.0243979,2.793071,1.6772304,1.4557638,0.834652,1.9305364,2.9295514,3.1689687,1.3827201,2.9616227,3.261776,3.9940798,2.4685946,2.7548563,2.1753583,2.0332808,2.5657916,2.46928,2.0221963,1.2077342,1.3737812,1.8303987,0.53159374,3.9025,1.5886662,1.9535736,4.049593,3.2353837,3.1019268,1.9907141
0.52909535,2.7331882,1.8667697,3.5813618,3.101621,2.997628,0.7051936,0.60192794,1.8621527,0.9928512,0.6870011,0.46058947,1.6711628,0.43619,4.068793,0.9395507,2.5314403,2.5457208,3.3941402,1.6578212,0.75583255,2.2277176,2.2554383,2.5490522,4.856909,1.1054475,4.854875,1.5280844,0.35535797,1.9327422,0.80589324,2.644462,0.43531305,2.505742,0.43428305,1.3911005,2.1945553,0.9138198,3.3249092,1.7420387,0.6610648,2.1263723,0.6062665,0.55410486,2.4327142,3.3641472,2.5165033,0.8082085,1.3950354,1.9660394,0.603842,2.5793126,1.7822144,1.5005858,1.3155085,3.500481,1.0148276,1.2879481,3.6115193,3.1626084,0.9159912,2.367188,1.0554992,1.7791317,1.9865104,2.839431,3.0477216,2.4203913,1.9098182,0.8891496,4.9385314,2.0531905,0.90481824,0.72102994,2.50313,0.46159124,0.87300193,1.6753197,0.38757133,0.39634508,3.0152042,1.3371136,0.43573388,3.6701446,0.89003474,3.55257,0.4101471,3.0568328,1.7492608,0.598251,1.4350029,2.3924055,2.49602,0.42537716,0.7394838,2.2142136,1.4463704,2.346723,2.270782,2.9562666,1.566735,1.8070126,2.4417224,0.62627065,0.63454044,0.5408241,0.9145126,0.6764261,3.9071193,2.4417224,1.5949221,10.274493,3.010849,1.7308229,0.6951479,0.62378496,1.1050322,1.6083959,1.7622591,2.269732,1.5933788,1.2727712,2.6630914,0.38779297,0.44020638,1.4867411,2.9784563,3.135891,1.8815472,0.787836,3.607176,0.8933431,0.97417843,0.9405324,0.50230396,0.46826106,0.6940131,1.0983325,2.409702,1.6276982,2.8565114,0.43455577,2.32004,0.9128536,1.4475766,2.2168672,0.86878324,0.9469481,1.2180647,1.1714007,0.3943956,3.619484,0.95023805,0.6884964,2.2661111,0.8517099,0.7384992,2.796604,4.223045,2.7073681,3.532996,2.641294,0.26585692,2.6958296,2.2209039,1.54548,3.0024269,1.31253,4.1039033,2.5770981,0.40491402,1.7890185,0.34513524,0.42298007,0.9287758,2.8547637,0.40697798,1.758097,2.2615063,0.43079153,0.96150136,2.303083,0.9800372,2.2787476,2.12541,0.75457704,0.39548308,3.0473416,1.4666007,1.8219483,0.97182745,2.2568562,0.38582993,1.1523312,4.1712785,1.8417557,0.8584754,2.4744303,3.497906,4.077335,1.3708086,0.73461473,2.4030304,1.4725238,1.7719913,3.8700342,2.6314442,1.8667206,2.0827575,2.4515674,1.1501769,2.7060385,1.0989207,1.2117906,1.1970708,1.8159442,1.7411131,1.72708,2.6801186,0.8264977,0.94892114,0.5045964,0.73414665,3.5599358,2.2913334,3.011869,2.3602057,3.588279,2.1213956,1.2269987,0.57472867,2.9570498,0.894838,2.4157658,2.8923097,4.905868,2.417734,2.6056416,2.7541018,2.1659844,4.6050982,0.9176056,3.968208,2.307883,3.2027674,2.084788,1.9428835,2.577786,2.8329427,0.8313072,0.75665027,1.256623,2.1267674,3.23155,3.125992,3.4188764,2.655087,3.197674,0.49759576,2.0063388,2.3736243,3.9721344,1.2991943,2.5924873,1.5008086,0.97087216,0.29831553,2.5226617,3.3521504,2.585331,0.8801236,2.801763,2.7162647,3.5129461,2.0977125,2.915706,2.3825502,1.4392711,3.2688017,1.8808628,1.3447018,0.616212,0.7661774,1.1311053,0.5808559,3.3689263,0.9827291,1.8768624,3.4900036,3.6466048,2.6632705,1.2805753
0.8877608,3.0489962,1.8197252,3.3866084,3.2084146,3.170651,0.98217314,0.7296658,2.1823547,0.809407,0.93089545,0.6961304,1.6370674,0.6743163,4.093737,1.0101435,2.4229734,2.7680671,3.6099412,1.765656,0.9800931,2.5779426,2.1243918,2.664756,5.193457,1.1124277,5.038356,1.6110518,0.60656506,2.2092085,0.99290854,3.0249352,0.80768156,2.5093222,0.78099394,1.2896352,2.5133886,1.2362489,3.4295554,1.6988114,0.7471707,2.034094,0.86746544,0.8023878,2.5561798,3.6998873,2.8295174,1.0744634,1.3699963,2.2810845,0.8413847,2.4579132,1.612292,1.1180125,1.33737,3.4990242,1.1394062,1.6471196,3.8022032,3.3621495,1.0805347,2.2672482,0.79541504,1.6178453,1.9630435,2.985747,3.2592707,2.6678638,2.252971,1.0637653,4.8534355,1.9162922,1.1298251,0.626019,2.831783,0.83610004,0.9486659,2.003877,0.70801204,0.720901,3.3338847,1.6669428,0.65812904,3.6590643,0.8463797,3.7480376,0.77338415,3.050413,1.7355189,0.6618424,1.5459931,2.6236453,2.733574,0.7960845,0.985591,2.5263917,1.7925463,2.2633839,2.2979834,3.0424237,1.8725314,2.0961256,2.7648742,0.9880425,0.8170731,0.67484146,1.1664132,0.7388327,4.131376,2.7648742,1.8475353,10.45534,3.0678008,1.922778,0.8350859,0.77326626,1.1517847,1.6657307,2.0371463,2.318821,1.4557182,1.265125,2.545482,0.6928125,0.79865533,1.5060337,3.2889607,3.3253348,2.2227485,0.6303917,3.8266063,1.1598973,1.1403646,0.93266463,0.73960716,0.81262326,0.88920915,1.0348295,2.5952525,1.9950289,3.1327248,0.813411,2.4238374,1.0725489,1.4467059,2.4309392,1.1997548,1.0834664,1.0736731,1.383052,0.72588056,3.4415464,0.913499,0.6989872,2.5063076,1.2054579,0.73334813,3.0061269,4.484476,2.930497,3.8145669,2.8577175,0.4359463,2.7946908,2.2725906,1.7351402,3.0375123,1.3729715,4.05143,2.7426147,0.75451696,1.9125576,0.5525374,0.72112536,0.90437996,3.1106026,0.72194654,2.050542,2.5376444,0.67270374,1.1070981,2.58067,1.1597078,2.119034,2.0872693,0.81118596,0.74911726,3.174727,1.5347455,1.6703506,0.76274073,2.3845289,0.5693256,1.1986793,4.2544036,2.1243165,1.0026785,2.5796492,3.7267656,4.317635,1.3127819,0.6294896,2.4577596,1.5737655,1.6802295,3.985234,2.9020379,1.7103993,1.9567925,2.7881567,1.0635266,2.895622,1.1011966,1.200692,1.1048131,1.875595,2.127994,1.5644488,2.8457377,0.96368146,0.9325322,0.44094062,0.7089538,3.8871033,2.4750683,3.2740803,2.517992,3.796742,2.3725076,1.5370224,0.69688916,3.027672,0.72298723,2.0871596,3.1537375,5.088971,2.743911,2.7322614,2.8123622,2.2794504,4.498091,1.1849247,4.204486,2.0934873,3.493923,1.916565,2.2527106,2.879422,3.0067372,0.89285743,0.79124683,1.3850826,1.956351,3.4265842,3.205533,3.6149094,2.9805238,3.2717319,0.75127745,1.8275058,2.4376771,3.816171,1.3163984,2.8235865,1.3265828,0.7686842,0.61100787,2.7901063,3.499144,2.6988506,1.1726055,2.903453,2.4073372,3.7081625,2.2694585,3.1794503,2.4852543,1.420838,3.4605355,1.9524261,1.3177961,0.6686894,0.9771091,1.0696971,0.9387472,3.4114525,1.1965292,1.7963047,3.288465,3.8302462,2.933644,1.2810671
0.8338815,2.5175793,2.248337,3.972857,3.4896395,3.2804644,0.78236294,0.7055479,1.7670516,1.2339659,0.87014234,0.6426353,2.3389523,0.7010627,4.499897,1.4958484,2.9533021,2.9318244,3.6932445,2.1886995,0.56850517,2.0412896,2.741184,3.1623898,5.070257,1.3154994,5.284452,2.039054,0.79356396,2.263686,0.55505854,2.5496583,0.9252254,3.1283572,0.96134526,1.9130775,2.0623944,0.6305577,3.6007159,2.1027634,0.92449784,2.5277753,0.7769705,0.771913,3.0675993,3.277873,2.3822477,0.65468335,1.7073746,1.886677,0.80444634,3.0362132,2.2061832,1.7005013,1.3625579,3.9076557,0.8364357,1.1710668,3.8744197,3.6051905,1.2423137,2.690814,1.5301939,2.237145,2.359947,3.3923595,3.242882,2.3040416,1.7273988,0.6230511,5.4075255,2.5127254,0.59177214,1.321475,2.757653,0.93055445,1.2384163,1.4733114,0.91095555,0.93072665,2.8906577,1.0925556,0.8250641,4.0840836,1.1045426,3.4874887,0.9101329,3.6336334,2.414492,1.1520334,1.9774286,2.300515,2.3945098,0.9163721,0.8768381,2.5058777,1.5250483,2.871464,2.7449028,3.4647257,1.4317043,1.7538749,2.3379936,1.054887,0.7509137,0.8661006,0.5793268,1.3075382,3.82936,2.3379936,1.357298,10.594706,3.3760786,1.7156719,1.3549043,0.95331514,1.4363108,1.7035996,1.6544384,2.4987144,2.0272083,1.6235447,3.0692732,0.89666706,0.9208352,1.7594281,3.3836863,3.5808036,1.8192016,1.0691551,3.8938854,0.5704843,0.7057084,1.2542262,0.7710063,1.0080767,0.80417776,1.5723522,2.5450492,1.5047706,3.2564461,0.7666472,2.855488,0.77802545,1.6775681,2.7553947,0.80825585,0.77707344,1.8426625,1.104862,0.7960434,4.0256715,1.1761403,1.1937151,2.1445055,0.730415,1.3311657,3.105938,4.3914657,2.874911,3.846445,3.1894958,0.87306124,3.34197,2.8811789,1.9087614,3.070015,1.8802185,4.53353,2.965928,0.9229352,2.3068163,0.79545915,0.6687296,1.1230171,3.2804506,0.9014583,1.5243787,2.7327921,0.7336968,0.7218596,2.1379335,0.6954749,2.7411337,2.6052115,1.27003,0.8991045,3.2206497,1.4965066,2.345649,1.2852157,2.4870582,0.7922023,1.5194895,4.1142955,2.1845267,0.63475305,3.1012118,3.8600895,4.320962,1.8621026,1.0320686,3.0551813,1.9090954,2.4212787,4.2720947,3.0904543,2.395986,2.6705544,2.3077483,1.3992422,2.9218292,1.3296963,1.3583972,1.5033234,2.4704387,1.6585499,2.231675,3.1770022,0.6436406,1.4650412,0.9505475,0.9192342,3.5647724,2.2670987,3.3792033,2.8981931,3.812229,2.0230608,1.1898278,0.7005854,2.9461586,1.4496577,2.6744814,3.314074,5.344038,2.6731162,2.778707,3.2886257,2.3930337,5.0625467,0.59663236,4.29006,2.8535342,3.6501722,2.580991,1.8024014,2.946928,2.7416584,1.4934691,1.3621624,1.2733794,2.5611742,3.1489956,3.1154804,3.7723677,2.552962,3.7424383,0.76152706,2.5250678,2.954623,4.3706393,1.3766108,2.7893314,2.035292,1.3075931,0.8290219,2.996404,3.891543,2.530534,0.8934903,3.224463,2.9589424,3.4433255,2.425512,3.3758118,3.0281403,1.7990845,3.452525,1.9541634,1.5490867,1.1285002,0.5049862,1.3871061,1.0474104,3.3975737,0.6681431,2.5174248,3.7494001,4.118841,2.5345309,1.4103487
1.5229908,3.6930776,1.603386,2.8310528,3.0134816,3.177472,1.6458914,1.3992546,2.7793078,1.0492538,1.5272745,1.4051793,1.0377564,1.3495361,3.7072337,1.131184,1.9798087,2.7542534,3.6218736,1.7102537,1.7408549,3.2397435,1.6095392,2.3330505,5.4543905,1.4626074,4.927786,1.5628085,1.2393354,2.4138424,1.7650491,3.6244376,1.3670287,1.9348111,1.3130245,0.903508,3.1061757,2.0459125,3.453303,1.6103832,1.306876,1.8682557,1.5101162,1.4565247,2.1895502,4.213074,3.4022853,1.8169695,1.4954545,2.8503978,1.4634345,1.985169,1.260073,1.0196781,1.7884115,3.1323547,1.8157935,2.33783,3.809192,3.2085903,1.5133797,2.0652122,0.6479587,1.3196309,1.8282453,2.7678576,3.4226649,3.21134,2.9202623,1.822765,4.270877,1.4899632,1.9176617,0.6418422,3.0927835,1.4025772,1.3144323,2.692477,1.2462063,1.2459073,3.8800724,2.421221,1.249207,3.2636633,1.3126079,4.1810665,1.3296789,2.4904108,1.160371,0.9715005,1.5306271,3.1454468,3.2603626,1.3554946,1.590151,2.775108,2.3754687,1.7048583,2.139733,2.834,2.520169,2.6851833,3.3313742,1.5121683,1.4932065,1.2623558,1.9709129,0.8542261,4.5793133,3.3313742,2.5264165,10.382326,2.842707,2.4341142,0.9656041,1.3277731,1.4379847,2.0471742,2.6389868,2.4234626,1.2549553,1.4511448,2.139899,1.2386855,1.3590136,1.7060137,3.3468087,3.2878003,2.8012543,0.9978261,3.8411934,1.9655414,1.8831458,1.2496476,1.3723496,1.3070204,1.5168546,1.027401,2.8137171,2.663818,3.1433997,1.4753104,2.2505755,1.7577407,1.6915798,2.3160508,1.9266584,1.7747021,0.4614217,2.0105329,1.350305,2.882776,1.3049346,0.970675,3.0617712,1.9736968,0.798632,3.0328836,4.642178,3.1311052,3.875118,2.6669571,1.008685,2.3345716,1.7559963,1.8565156,3.2673945,1.3012401,3.5727265,2.6525078,1.2953503,1.8671438,1.1775167,1.4193014,1.2911453,3.0788615,1.270162,2.741491,2.5420651,1.3275611,1.8335651,3.1696486,1.9124553,1.6021045,1.6885389,1.0775867,1.3067302,3.293116,2.0012143,1.1463602,0.9069739,2.612621,1.1994439,1.4314079,4.590212,2.3593898,1.7440289,2.1579642,3.6761632,4.379696,1.1456561,1.0337428,1.9377629,1.5407801,0.952942,3.746982,2.874929,1.2033643,1.3678867,3.3896942,1.3535408,3.0715208,1.4300399,1.5717143,1.2774497,1.4489845,2.782838,1.0642685,2.638354,1.6930078,1.0192686,0.9222648,1.2331119,4.3723373,2.9365058,3.2964602,2.2731192,3.8672442,2.9219708,2.1586084,1.3668702,3.3689895,0.6276335,1.6691886,3.1358855,4.966688,3.001498,2.9270146,2.544464,2.3656375,3.9070284,1.9869242,4.1838336,1.386201,3.4983656,1.4675406,2.8629568,2.982223,3.476458,0.8571237,0.92610145,1.9112782,1.4999177,3.8884254,3.5390987,3.5434988,3.5352032,2.8466763,1.3900927,1.2169794,2.0804648,3.2779305,1.7442932,3.010853,0.7277694,0.8783415,1.234287,2.788339,3.2703316,3.1262364,1.825554,2.6816518,2.0015361,4.146544,2.3448548,3.11947,2.0597281,1.456957,3.651305,2.3187711,1.5921229,1.0147507,1.7653229,1.3392649,1.4434506,3.6682744,1.9716853,1.1586499,2.9100413,3.7178679,3.4883988,1.6632631
1.9116383,1.3842572,3.3288913,4.7871375,3.539768,3.1037483,2.0365856,2.4146597,1.43005,3.1512387,2.1540494,2.2303565,3.392556,2.2569158,4.4913816,2.420391,3.8211513,2.751079,3.124865,2.9212885,2.301543,1.5110742,3.4918842,3.3536842,3.826886,2.2597318,4.0940375,3.24362,2.1836352,2.9239023,2.2282157,1.5703957,2.1653123,3.5065439,2.1215212,3.4638662,1.7449495,1.8202571,4.7635536,2.6562052,2.1713436,3.0776455,2.1638973,2.0266383,3.1872444,2.2347498,1.7678788,2.2082882,2.34473,1.565669,2.1908748,3.5750334,3.1592703,3.6997669,2.1216586,4.21476,2.3130124,1.8114705,3.5235367,3.3832207,1.8816402,3.1240923,3.266823,3.148929,4.050573,3.451743,2.2416332,1.2431557,1.7669797,2.219188,5.6772666,3.2538111,2.062417,2.9903836,2.818961,2.1075158,2.106952,1.6385012,2.2479413,2.2594736,1.9798388,1.4544771,2.3081222,4.396945,2.3166118,1.8122215,2.1981194,3.8502734,3.425587,2.3534763,2.8129518,1.1995436,1.1872225,2.168807,2.1386456,2.8298163,2.1518555,3.7348833,2.8966005,3.4921763,1.4226204,0.7830232,1.438583,2.0875106,2.0404575,2.1801322,1.9574344,2.4776075,1.9573852,1.438583,1.7259405,8.749028,3.9243731,1.3423524,2.4673154,2.0621555,2.1084905,1.92165,1.2341274,2.2129264,2.8658073,2.311327,3.6117802,2.2490523,2.0710344,2.1475675,2.9041038,3.2680504,1.7513579,3.000285,3.3584526,1.9481899,2.1899378,2.3201897,2.2348394,2.2317483,2.265787,3.3353746,3.0930169,1.5490143,2.8758159,2.0151436,3.1157174,2.279897,2.1898932,3.1291974,2.253514,2.2998128,3.321291,1.6853939,2.145605,4.7609158,2.3681142,2.390783,1.2268203,2.0349145,2.5517073,3.2489831,3.5097249,2.6517072,3.2193918,2.870369,2.4559584,3.4309525,3.2871432,2.7372127,2.4736257,2.9324749,4.877253,3.2341604,2.214356,2.6059914,2.2920876,2.152514,2.927001,3.3573904,2.1922727,1.4133035,2.3355231,2.2631514,2.2557273,1.6263266,2.1456802,3.5799954,3.4750154,2.2989008,2.2055674,2.4905062,1.8932058,3.2254765,3.070799,1.9029262,2.262391,2.1368773,2.9662685,2.818683,2.3164623,3.201282,3.3882332,3.577525,3.5413468,2.7840052,3.3521109,2.8441367,3.489685,3.9281023,3.0112505,3.2356968,3.448368,1.7919377,2.4324563,3.9654698,2.280332,2.261394,2.48756,3.3101563,1.6312612,3.2197585,2.892988,2.3573544,2.439291,2.6977313,2.896967,1.2756033,1.2832475,2.609233,3.3525598,3.3303738,1.260746,1.7249454,2.4869924,2.209825,3.1079104,4.3316693,3.3978817,4.19899,2.742293,4.144328,3.3066645,3.3348525,5.5371084,1.9337685,3.617475,3.847688,2.9422312,3.4305649,1.7281098,2.8595228,1.5484403,2.7250338,2.5897088,1.8389943,3.4584959,1.5901724,2.249583,3.3083186,1.5420243,3.7068841,2.2340114,3.4867523,3.8888235,4.9894915,2.1356475,2.6308563,3.5680199,3.1469135,2.183408,2.9699624,3.598452,1.7696111,1.9168124,3.4432373,4.501839,1.7850658,2.1348429,2.6899734,3.1920903,2.419783,4.380679,1.8594391,2.277333,2.3261566,2.1949854,2.401504,2.1786656,2.6498768,2.0409176,3.2944634,4.742486,3.5299482,1.1953305,2.1803277
1.4261652,1.146049,2.486333,4.466227,2.8907213,2.3846645,1.242963,1.5853897,0.4630189,2.2547283,1.3418943,1.5159382,2.9742908,1.5397981,4.1054606,2.380914,3.237738,2.095616,2.606364,2.8846662,1.3254098,0.44062984,3.2565465,3.4381826,4.407307,2.009246,5.154001,2.7841942,1.6862538,1.9868784,1.3671113,0.97808635,1.5974827,3.2924883,1.6689019,2.605759,0.4789963,1.126069,3.9968266,2.5501103,1.8287671,3.5162492,1.3590409,1.5074707,3.2023075,1.5922526,0.8100055,1.1913738,2.3797603,0.481775,1.4118205,3.5019026,2.9713266,3.0879686,2.0588665,3.6449413,1.4219388,0.63692707,2.8017619,2.7909029,1.9522153,3.1775045,2.8733387,3.314865,3.0261092,3.6457398,2.295225,1.4999808,0.23614253,1.3519123,5.390711,3.1369514,1.2415068,2.375519,1.9659619,1.5997739,2.050051,0.28898332,1.6020994,1.6110247,1.2687337,0.77208847,1.5988872,3.8383577,2.1774433,2.9967663,1.5731156,3.659011,2.9707174,2.012781,2.7138624,1.6744586,1.7016621,1.5737009,1.2874813,2.0386844,1.6615126,3.16528,3.4448068,3.976238,0.6348969,1.3362627,0.8206079,1.6307604,1.5948347,1.7615124,1.2046398,2.0804043,3.1103914,0.8206079,0.8323798,10.146604,2.967477,1.6879798,2.1004567,1.8455563,2.209621,2.2953992,0.995193,2.7027292,2.9807515,2.5410783,3.4635139,1.600047,1.5769072,2.4120693,2.5857935,3.7683094,0.25633845,2.1370244,2.7501466,1.18224,1.3377707,2.0483375,1.4971693,1.6651831,1.4109875,2.6114957,1.7419655,0.33424917,2.3034952,1.4568242,3.3855028,1.3570629,2.4065487,2.6802409,1.3531706,1.409559,2.8059223,1.3078103,1.509719,4.4569745,2.0536048,2.064968,1.4640259,1.2831267,2.1336203,2.203892,2.9669924,1.7682096,2.6109965,2.7240627,1.8495891,3.3787272,3.1097581,1.6454189,3.4300952,2.7313457,4.410356,2.3148773,1.5869032,2.8850262,1.7088053,1.4750541,1.9086491,2.5986145,1.5773398,0.7006951,2.1086533,1.5464008,1.3910148,0.90850145,1.3043573,3.3336732,2.775843,2.1823092,1.5703168,2.6696503,2.1003392,3.093083,2.297519,2.8821654,1.7193215,2.2940588,4.188147,2.1363492,1.432506,3.0481179,2.7976265,3.028355,2.7942698,2.0090306,3.2071385,1.9299568,3.0514681,3.5625048,2.4631212,3.2712212,3.534291,0.6327774,2.453985,2.8810875,2.024918,2.1000316,2.4334226,2.8979952,0.7438621,2.9771988,2.6531017,1.4581221,2.3827507,1.9768585,1.9271332,2.7532601,2.0928555,2.3417463,2.6082919,2.6523468,1.2733082,0.72566193,1.6169803,3.2258153,2.6608884,3.74725,2.67292,5.2223167,1.8063462,3.1384568,3.8224025,2.0310938,5.128762,1.1601218,3.102187,3.8174367,3.1060135,3.6117687,0.38112321,2.1300426,2.4157317,2.322583,2.3582642,1.6658409,3.217903,2.7070248,3.3074048,2.7997794,0.9862175,3.4318807,1.4721196,3.2668033,3.3829827,4.6762805,2.0816197,1.7017472,2.8280919,2.3153653,1.7715713,2.7189245,4.0615363,2.6386628,1.0585856,2.7334104,3.934079,2.9572256,1.9597182,2.570618,3.1203911,2.350277,3.4594312,2.4348533,2.3188965,2.0143893,1.3456614,2.2506468,1.6214283,3.7231224,1.2268077,3.1995506,4.231406,4.185423,1.5377723,2.163642
1.0235556,2.2088456,1.8398151,3.5632474,3.037892,2.7932174,0.65022564,0.5576497,1.4572717,1.1165613,0.69718874,0.6621267,2.5253947,0.7236922,4.0215526,1.8313639,2.5323374,2.6405709,3.2677276,2.6800375,0.5596771,1.8746259,2.4644358,3.473539,5.4443426,1.0258483,5.539602,2.5397701,0.9324634,2.505717,0.3451692,2.4901514,1.2442303,3.0094924,1.2585363,1.919529,1.7370241,0.86947984,4.125319,1.769206,0.88512963,2.780782,0.6880017,0.76613134,3.258827,2.9586105,2.0129035,0.6483608,1.5307056,1.5438126,0.68368864,2.7365894,1.9852905,1.7199496,1.0804571,3.4131036,0.20305482,1.228337,3.3929768,3.3544927,1.398152,2.333387,1.9304545,2.4386609,2.6454656,3.7933693,2.767855,1.8959174,1.5945741,0.2728006,4.966039,2.277422,0.41811275,1.6282604,2.9216197,1.2676798,1.2973742,1.2807242,1.0831617,1.1233523,2.5208614,1.0695796,0.838661,3.5923173,1.1370479,3.2156389,1.1699542,3.393578,2.5855386,1.2444873,2.4596136,1.9246414,2.0209363,1.2012548,0.67064744,2.7772307,2.0429425,2.586161,3.0614433,3.8971689,1.1343429,1.6332662,2.0041988,1.4478918,0.70260763,0.8725904,0.5388023,1.417547,3.5303223,2.0041988,0.9117434,10.648875,2.9356644,1.4488549,1.6157255,1.0760881,1.4723405,1.5904955,1.307927,2.2145174,2.0774512,1.792021,2.6842966,1.0360553,1.1655908,1.6811383,3.503532,4.038182,1.6118952,1.045796,3.4702096,0.58447146,0.2195162,1.0827212,0.73192054,1.3195038,0.5757851,1.9866755,2.1273417,1.4841164,3.1404257,1.0157076,3.2888978,0.31082144,1.5890775,3.0206804,1.2541881,0.2257911,2.0763657,0.76185143,0.9321739,3.6124027,0.96385187,1.2203698,1.7463756,1.1925801,1.3651425,2.7957866,3.9460025,2.3823335,3.615091,3.1788273,1.0601255,3.4224162,2.9386365,1.7154254,2.9325979,2.353811,4.049161,2.649681,1.1529486,2.7071512,0.8864792,0.76451916,0.9520813,3.326533,1.0380635,1.2125319,2.716105,0.75808686,0.17810306,1.6837097,0.25961992,2.4586396,2.269594,1.4782414,1.1238896,2.6855695,1.3259081,2.2377634,1.1326056,2.6527169,0.86124945,1.605336,3.9455996,2.5726452,0.25490496,3.0789175,3.5458992,3.8914979,2.2438056,0.8864071,3.0716028,1.6537386,2.465735,3.8166175,3.1714861,2.4282606,2.8343616,2.0466774,1.4447614,3.258114,1.047658,1.0753014,1.4256375,2.7000902,1.8210728,2.074719,2.9328332,0.29800063,1.63274,0.99267876,0.9681903,3.6195042,2.018213,3.1242225,2.8586211,3.3183942,1.6089898,0.9297438,0.6299935,2.8139782,1.8476958,2.4298916,3.4142706,5.6149106,2.7692606,3.2396615,3.6339116,2.0301428,4.619695,0.5859101,3.931353,2.9168143,3.8791971,2.7668202,1.4649332,2.9983647,2.416964,1.8108566,1.7364849,0.9185384,2.2782273,2.8759646,2.9541764,3.372213,2.2158787,3.4672,0.74520403,2.375818,3.3080463,3.9165342,1.1114843,2.341075,2.0025516,1.2183193,1.1515993,3.2929642,4.2528195,2.3103518,0.69955665,2.8266525,2.639154,3.1693351,2.0297647,3.2898917,3.1179156,1.5540596,3.8939033,1.8435794,1.3784325,1.2073321,0.41974795,1.2156565,1.4069415,3.2793078,0.38167527,2.609613,3.230704,4.5017824,2.1556916,1.2001151
8.311382,8.067187,9.100658,9.266753,8.473027,8.396643,8.614786,8.916042,8.227182,9.415826,8.651108,8.710525,8.445257,8.697072,8.495042,7.991388,9.011525,8.023193,7.9701495,7.906663,8.988734,8.337933,8.414186,7.314112,6.219696,8.369332,4.420404,8.620156,8.479679,8.695263,8.927723,8.008454,8.415144,7.8860273,8.3121605,9.238083,8.477853,8.591958,9.872168,8.125739,8.423035,7.5838003,8.675573,8.456761,7.3098516,8.253148,8.385223,8.9132595,8.02975,8.295114,8.672494,8.199739,8.455321,9.647574,8.290229,8.855476,8.990282,8.5883465,8.499251,8.022752,7.891245,8.10967,8.921901,8.02943,9.836609,7.1545234,7.367369,7.7440243,8.608565,8.938889,9.065859,8.265876,8.825016,8.872017,8.399952,8.351523,8.074013,8.546561,8.518241,8.514783,8.313648,8.374165,8.665834,8.9208555,8.378638,6.6653466,8.471492,7.904265,8.45537,8.338295,8.002157,7.593919,7.5612392,8.43549,8.671262,8.443376,8.351503,8.7953,7.046239,6.8630104,8.28417,7.548476,8.063181,8.2691765,8.478739,8.456269,8.736759,8.344535,6.5768414,8.063181,8.604792,1.8824425,9.234423,7.7220283,8.262952,8.247812,7.924561,7.7840266,8.021392,7.362086,8.028571,7.839938,8.378745,8.5325,8.330823,7.7647414,7.477197,6.644936,8.454695,9.279528,8.159435,8.724813,8.922955,8.368492,8.672754,8.411409,8.794333,9.178916,9.268923,8.371669,7.800226,8.415001,7.282552,8.947716,7.8945875,8.028687,8.82988,8.972079,8.810439,8.309023,8.516116,9.152153,8.500478,8.36146,7.7915034,8.65408,8.423557,8.756659,8.204435,8.462501,7.9337187,7.2475758,8.660052,7.3647575,7.746834,8.792288,7.010406,8.218838,9.051568,8.633669,8.476971,7.357728,8.593932,8.614133,9.320416,8.313991,8.478543,8.357411,7.3651633,8.68353,8.96338,8.344727,8.893641,8.541852,8.848756,8.121329,8.488054,7.515328,7.997093,8.262519,9.225974,6.7201076,8.566987,7.8368406,6.638792,8.466237,9.00011,7.5162044,8.009123,8.141646,9.243431,9.056895,7.650365,8.76078,8.542849,8.043784,7.890046,8.065523,7.9105144,8.454466,8.239688,9.677898,8.367173,8.354515,8.258405,8.264782,8.292799,8.44289,7.5058856,9.018326,8.079249,8.921653,9.307567,5.97553,7.310688,7.3605385,8.425192,8.387703,7.88291,8.460167,8.980398,7.063846,8.814072,9.891383,8.302944,4.4988246,8.426339,9.929183,6.804388,9.4454,9.3576565,8.719979,7.9677463,8.3548565,6.7277756,7.983354,8.529115,8.108285,7.2859135,8.391412,8.281082,8.231223,8.565432,6.9010057,6.9593334,7.9715443,8.0452795,7.7993813,8.683594,8.473332,8.6395035,9.217996,8.265432,8.450696,9.199697,9.302927,8.394784,7.629538,6.487997,7.326615,8.565495,8.521141,9.970773,6.7081494,7.6769977,7.088557,7.4422398,8.070521,9.795341,7.565943,8.135178,8.331813,8.895869,8.346098,8.368269,6.8607345,8.8199005,8.00189,9.807175,6.04455,7.648706,8.217093
4.651109,5.4669976,2.8920019,1.6161207,2.6220827,3.21506,4.493648,4.3698606,4.8385653,4.0210533,4.3452554,4.479613,4.015316,4.4335146,1.683107,4.6280065,2.1110337,3.6472104,3.5819037,5.2250605,4.7123995,5.415381,2.6650522,4.9488435,7.996543,4.006149,6.788458,5.1596413,4.4545145,5.1362853,4.6601453,5.7617455,4.6891336,3.008453,4.6379538,3.7420387,4.9888005,5.0984945,6.636697,3.3348308,4.331375,4.8138456,4.429074,4.465755,4.453574,5.494771,5.043356,4.744978,3.927255,4.7819347,4.3690996,2.6065683,3.2546825,4.1203623,4.269936,1.622607,4.4267187,5.1008134,3.4491653,3.6113904,4.5967493,3.0962968,4.6336417,4.395426,4.8285403,5.5643067,3.8195183,4.8422985,5.2617655,4.6381927,0.98777074,3.0363522,4.777784,4.4047694,5.4529195,4.7325487,4.354039,5.078592,4.4591007,4.477939,5.2581735,5.145745,4.336219,1.4650229,4.3982916,5.5214367,4.5987263,2.452255,3.9900484,4.2180777,5.099408,4.8248806,4.8974485,4.641752,4.3638678,5.470721,5.736184,2.4333465,5.0606923,5.763147,4.810538,5.0397854,5.043505,4.8741174,4.4815984,4.3503594,4.880221,4.139187,5.7363367,5.043505,4.757037,10.897213,2.6067603,4.6210103,4.4033484,4.489055,4.351546,4.5238037,4.745938,3.9471467,4.0637674,4.545845,2.4013684,4.424158,4.601181,4.236548,5.274268,6.221151,4.952318,4.1578465,3.6959114,4.9011235,4.6099935,4.029234,4.3816824,4.647056,4.3451586,4.742824,3.9463024,5.2210913,4.380348,4.6802945,5.3829827,4.4541454,4.266339,4.9187355,5.2045517,4.45507,4.148501,4.5121174,4.498789,1.5049351,4.079422,4.130265,4.811571,5.242662,4.0061345,3.8104868,4.4871254,3.7759466,4.5105257,4.1647687,4.382866,4.017317,3.7352033,3.9081562,4.9996567,4.964282,0.9164666,3.391144,4.5458636,5.1074166,4.379039,4.529646,4.1185856,4.792165,4.43709,4.994743,4.3601875,4.4130254,4.549433,4.8384924,4.6505547,2.670252,2.6313999,4.421219,4.548171,3.512227,4.5095673,3.3228092,3.8765173,5.2243266,4.3762655,4.39596,6.0020413,5.4301763,4.5663657,3.6351829,3.8373823,4.0961924,4.7150307,4.050859,3.6116722,3.5226173,3.5250323,2.5937095,4.773827,3.7546024,4.073475,5.266464,4.3735585,5.869271,3.9794004,4.0865097,4.0830727,4.2860694,5.540651,3.2330956,3.3261447,4.5303726,4.3069506,4.199746,4.3813243,6.474731,4.845333,4.039378,3.8711283,3.6396904,4.700407,4.6187716,4.397101,5.2378554,4.587059,3.204339,5.008599,6.8596015,5.2255154,6.1102395,5.2820115,3.672784,0.5763869,4.900983,4.0071106,3.695029,5.6554933,4.3100886,4.878821,4.9147043,5.0375543,4.453769,4.608604,4.3227663,2.843265,5.3810415,5.2624536,3.385751,5.1295867,2.6620677,4.409659,3.0737166,4.9546723,1.1232619,4.2406154,3.8097107,3.52154,3.9307246,4.6364903,5.3649874,5.77373,5.000008,4.5405784,2.7303202,2.949514,5.5039043,3.4969068,4.3335557,4.0071106,3.682451,6.62817,4.6561947,4.136375,4.2327514,4.715948,4.0412703,4.785292,5.3592257,4.7543015,3.7471273,1.8427861,6.2643013,5.0557685,4.22054
0.56501776,2.3020718,2.3030288,3.8194563,3.1604853,2.9743755,0.9562447,1.1875623,1.5862705,1.7987101,1.0278682,0.9515178,2.023827,0.95728093,4.091356,0.89164823,2.8423905,2.4848473,3.2385879,1.6570712,1.2428901,1.9559526,2.4070117,2.416755,4.3150864,1.1177844,4.1858387,1.9040419,0.7394394,2.1821826,1.1924108,2.280773,0.77409226,2.5536406,0.658063,2.09419,2.0180278,0.9395918,3.765914,1.6886853,0.8002403,1.882291,0.9955256,0.7291729,2.297886,3.0626264,2.2730067,1.215845,1.2256663,1.7367482,1.0023754,2.6124678,1.9455132,2.2157567,1.1512579,3.6456597,1.3682988,1.3033345,3.5690756,3.1291065,0.41906705,2.2794871,1.6576757,1.7659416,2.7399478,2.639278,2.629981,1.8904777,1.8092642,1.2367884,5.0421076,2.1353667,1.1363616,1.4549422,2.5294323,0.70035136,0.6836299,1.5515859,0.86956716,0.8804127,2.7238972,1.0951517,0.9799737,3.8213086,0.9318637,2.789561,0.82468456,3.0693362,2.0990264,0.85574853,1.4807599,1.8038466,1.8992561,0.7893733,1.0614204,2.3041232,1.4095294,2.6677241,1.8771178,2.641271,1.3019124,1.0908759,2.0784738,0.7366312,0.76150346,0.7791583,1.0562694,0.9995936,3.1464946,2.0784738,1.4889393,9.456053,3.307257,1.1406546,0.97336763,0.57687515,0.7935047,1.1215425,1.3332825,1.7841513,1.5442516,0.969118,2.7208579,0.8749746,0.6496053,1.1029053,2.7754095,2.7362757,1.762984,1.6190487,3.489999,1.0380031,1.2661124,1.0313361,0.97110766,0.8328048,1.132308,1.8487227,2.6911368,1.4465963,2.7377114,0.6589599,2.0975552,1.2949886,1.1194388,2.2910023,1.2304173,1.3201511,1.7959286,0.95521593,0.7981253,3.830275,1.1025289,0.92714816,1.7408805,1.0377564,1.0970635,2.9368873,4.0161037,2.6562605,3.3854935,2.431928,0.9832947,2.6019785,2.2478752,1.8946394,2.3727727,1.5068477,4.2555523,2.7401378,0.83624125,1.48255,0.8764866,0.8530011,1.6878983,2.930687,0.8178656,1.4798726,1.9979222,0.95639133,1.299704,2.0283892,1.2410641,2.4640627,2.468098,0.74755615,0.8324615,2.6552718,1.0640528,1.9590608,1.6962316,1.4777868,0.8473716,0.80574405,3.454491,2.00529,1.2827846,2.4000146,3.397179,3.9087899,2.083165,1.4380877,2.3925958,1.8529083,2.1407847,3.7792022,2.591984,1.9170729,2.117161,2.242272,1.0873821,3.1586,1.1234888,1.1659554,1.1876209,2.071446,1.5398151,1.9439425,2.510832,1.2935795,0.93786234,1.273683,1.5814577,2.689881,1.591766,2.7248774,2.56784,3.492342,1.6471275,1.1757673,1.2387275,2.2845604,1.5155925,2.9904022,2.9630454,4.257951,2.4568145,3.1510515,2.4083364,2.6166894,4.795823,1.0479444,3.8141668,2.4838216,2.8283725,2.0844195,1.8087014,2.5575867,2.1665347,1.2227157,1.0144663,1.0198541,2.3169174,2.4888542,2.439116,3.2985876,2.286227,3.1582916,0.9786853,2.225566,2.70373,4.1568646,1.1344638,2.5647824,2.1587605,1.7560124,0.6478128,2.407494,2.996748,1.9273839,1.0047086,2.9211984,3.2396836,2.7542644,1.8190416,2.6115515,2.2940745,1.3391479,3.6449213,1.2992578,1.16847,0.83257955,1.1453611,1.1554457,0.8387452,2.707257,1.1732286,1.9843925,3.8183367,3.1693525,2.105672,1.1115679
1.5603889,3.816431,2.088964,3.4029179,3.3529227,3.482174,1.8038638,1.6274987,2.9101675,1.4307563,1.7184829,1.56918,0.9065218,1.5145969,4.120309,0.9990017,2.5269177,2.9170663,3.8570848,1.1939387,1.8660084,3.2817733,2.1277857,1.9771751,5.0407476,1.8382639,4.6716523,0.9905824,1.3710464,2.154757,1.9425149,3.58212,1.3008246,2.1518364,1.269723,1.1520752,3.228182,2.0645976,2.9333036,2.0807068,1.5516901,1.8605663,1.6747364,1.621248,1.9719968,4.3099427,3.5451908,1.9188962,1.8590046,2.992294,1.6511045,2.4827018,1.8007796,1.4728438,2.1236134,3.5848281,2.0849593,2.3286505,4.084181,3.3320029,1.5928265,2.570032,0.4697427,1.4261531,1.6002373,2.321247,3.712491,3.4337733,2.9549868,2.0202513,4.731006,1.9950669,2.0697985,0.56037456,2.8640985,1.3240733,1.5041255,2.7716722,1.3024342,1.2818158,4.0170174,2.4724927,1.4241114,3.7181647,1.5728587,4.3803906,1.3109378,2.7968059,1.0324128,1.170088,1.0338075,3.3700793,3.478982,1.316005,1.7807595,2.476127,2.0554912,2.1568167,1.9529649,2.4243402,2.6619325,2.7825565,3.4622457,1.350794,1.6901085,1.4777201,2.0904908,1.0185621,4.7704315,3.4622457,2.7250183,10.29275,3.1967442,2.6533654,0.8879383,1.4747589,1.6383187,2.2910533,2.8212805,2.7571485,1.5385221,1.565782,2.6793659,1.3232425,1.3569639,1.9700251,3.125408,2.8293374,2.8683164,1.3124052,4.064155,2.0694299,2.101067,1.6056211,1.5493827,1.2248383,1.7345018,0.68166435,3.0424256,2.6599038,3.1297956,1.4929149,1.8143027,1.9947684,1.9735248,1.9821047,1.8044531,2.0271096,0.39678335,2.2359567,1.4390141,3.4432786,1.6761867,1.2387581,3.2850113,1.8673329,1.0781088,3.1880295,4.843604,3.396031,3.9261804,2.6114647,1.1336237,2.2429497,1.7456578,2.0082495,3.5028548,0.7765749,4.0501633,2.8568192,1.299113,1.5199573,1.3452139,1.5412955,1.5831424,2.926492,1.3517556,2.88649,2.489135,1.4911776,2.0685391,3.3720515,2.1183877,2.1479423,2.133315,1.1626735,1.3186951,3.6801834,2.263858,1.6005763,1.3697777,2.5980575,1.3827497,1.5916154,4.800027,1.9822394,1.9609437,2.1885443,3.819667,4.5860844,0.7749294,1.4000052,1.9657042,1.8206974,1.1394204,4.0754986,2.6999333,1.5031459,1.4238454,3.4692156,1.6203094,2.7318218,1.8104388,1.9444326,1.6342078,1.1861786,2.6702921,1.5849496,2.8195632,1.9132434,1.1549281,1.188767,1.4260467,4.2927184,3.1457362,3.4045284,2.262451,4.138744,3.1437852,2.295933,1.5749106,3.5796905,0.32360318,2.2626817,2.9333084,4.692009,2.8286839,2.5184648,2.249911,2.6204267,4.3887763,2.0932949,4.3469677,1.6493993,3.192562,1.561211,2.9979055,2.831745,3.7184143,0.63686687,0.74448895,2.2016277,2.0629785,4.0904765,3.7583396,3.776302,3.6629336,3.0996282,1.5513726,1.719187,1.6410704,3.8332484,2.0811248,3.2485216,1.1427027,1.2959502,1.2392917,2.425496,2.8869324,3.3613195,1.9747906,2.9972348,2.6100214,4.3473244,2.647655,3.1002457,1.9722279,1.8639051,3.2132866,2.543191,1.935962,1.2281448,1.916507,1.7181875,1.3031536,3.8812788,2.1435688,1.2763336,3.5355084,3.326028,3.682641,1.9968948
0.7817974,3.0040848,2.0982845,3.5883253,3.3485153,3.2933948,1.0661368,0.9679868,2.176319,1.2293777,1.0567508,0.82387924,1.6210436,0.8075138,4.2295175,0.67672724,2.6560807,2.8144205,3.670195,1.4556682,1.14511,2.5448108,2.2405713,2.4215913,4.8604517,1.1742191,4.6689687,1.4645528,0.60130423,2.1845891,1.1503042,2.9330626,0.697149,2.5158062,0.61958754,1.5541424,2.5444257,1.1911659,3.382771,1.756293,0.75751346,1.7600281,0.9866725,0.8144782,2.3651054,3.6969402,2.853388,1.2038215,1.3281063,2.2968123,0.9732999,2.535097,1.7165551,1.4555403,1.3392147,3.6866925,1.3481996,1.6362333,3.9199636,3.403482,0.8189532,2.322228,0.79777926,1.4391686,2.1397662,2.6916044,3.249647,2.6127222,2.2613149,1.2257305,5.0068107,1.9891683,1.22713,0.74542797,2.7682517,0.68303394,0.7894492,2.0158384,0.7237208,0.726394,3.346464,1.6064317,0.79811895,3.8484018,0.7913233,3.5775056,0.7223966,3.093348,1.7291027,0.6176877,1.2415601,2.5428293,2.650177,0.7142243,1.1141522,2.43966,1.5846689,2.4506261,1.9499035,2.6881251,1.863002,1.9273165,2.7432704,0.78191733,0.83409345,0.696534,1.2147026,0.7131852,3.9705422,2.7432704,1.9089075,10.111731,3.295821,1.8132563,0.68377995,0.6329163,0.9712966,1.5181912,1.9947788,2.220567,1.3424792,1.0037624,2.6643634,0.7294162,0.6798185,1.3599772,3.1482112,2.956971,2.239487,1.0417867,3.9006069,1.1993823,1.2991283,0.98138696,0.87147784,0.7058416,1.0700752,1.130897,2.8061488,1.9483255,3.1033146,0.73073184,2.0873868,1.2706177,1.322685,2.3041759,1.1806846,1.2872131,1.1462998,1.3844446,0.74308336,3.6322587,1.0051643,0.69878924,2.4494581,1.1257936,0.7838011,3.1335201,4.540309,3.0446155,3.8189397,2.7445173,0.5569994,2.6678705,2.1929543,1.8936011,2.8466504,1.113361,4.239036,2.876649,0.7214857,1.5483409,0.6437255,0.7861509,1.2720398,3.0908544,0.7297967,2.0425916,2.4193761,0.8038398,1.2900547,2.6111672,1.3019291,2.2531705,2.3006206,0.5734145,0.72322124,3.1878567,1.435122,1.7099998,1.1545438,2.0369887,0.64596355,0.977284,4.052915,2.0041795,1.2012091,2.504347,3.7698529,4.378551,1.4049536,0.9902134,2.3843567,1.7664363,1.7456157,4.0734115,2.8245108,1.645244,1.8181098,2.79684,0.95860785,2.93394,1.1652963,1.2414575,1.077207,1.8037766,2.0226994,1.6623416,2.8328357,1.1783193,0.73193455,0.7673553,1.0721847,3.5893102,2.3247108,3.235605,2.5655549,3.9003432,2.3335984,1.5729822,0.95783573,2.829918,0.70679235,2.4037063,3.1130226,4.719807,2.7080357,2.7657375,2.476534,2.5412428,4.6869287,1.2244779,4.245507,2.072333,3.246664,1.7577058,2.2957506,2.828633,2.8839288,0.7684018,0.512648,1.3845649,2.0945587,3.2653615,3.0128946,3.6775432,2.958946,3.3113284,0.8800183,1.9223775,2.3624513,4.0094743,1.3127944,2.9324212,1.5902305,1.1708965,0.43879974,2.5963483,3.1741989,2.5427594,1.2358998,3.0473356,2.7194755,3.540017,2.2758908,3.0724237,2.3538582,1.4286697,3.4340253,1.7779541,1.27509,0.6199722,1.112187,1.0970712,0.7938745,3.2052345,1.2972977,1.7202079,3.567048,3.4675071,2.864925,1.2575881
1.3551203,3.3341208,2.1413033,3.0408175,3.268534,3.3315048,1.626866,1.562851,2.571197,1.7005078,1.584385,1.4420117,1.6223787,1.4177227,3.8910348,0.6974134,2.3823895,2.9141462,3.6812491,1.6503786,1.8673686,3.0589917,1.6871487,2.3048277,5.102278,1.0829307,4.2630177,1.9730479,1.149215,2.821,1.785711,3.4283323,1.3943726,2.1223063,1.2417341,1.8696392,3.0045655,1.884637,4.0564528,1.2625215,1.0093942,0.9724896,1.5693635,1.2930176,2.1916401,4.073172,3.2498446,1.9225267,0.8236464,2.6934643,1.5239717,1.8626586,1.1365247,1.6038717,1.2160392,3.4358752,1.8563029,2.319279,3.9835749,3.4527583,0.8259626,1.647017,1.1171731,0.6139438,2.766732,2.661948,3.0886314,2.6835291,2.8654766,1.8274024,4.488555,1.3401995,1.8463039,1.3022194,3.3433049,1.3665997,0.6887519,2.5763352,1.3484297,1.3629315,3.7096503,2.1583076,1.3699011,3.5778756,0.76415455,3.3047707,1.4017717,2.6317215,1.7596779,0.8214772,1.4935604,2.5349495,2.649788,1.3978877,1.6473695,3.0528958,2.339483,2.2089827,1.3830205,2.4363096,2.2691572,2.0616112,3.075456,1.4597225,1.2515961,1.0624336,1.8409735,0.9153794,3.7554605,3.075456,2.338311,9.525673,3.365661,1.7570857,1.0392566,0.9044444,0.61593485,1.1591985,2.2301798,1.6190414,0.42353937,0.39140803,2.0627058,1.3349587,1.2844201,0.7995583,3.4292803,2.9335318,2.764791,1.5899583,3.9580567,1.8448813,1.85634,0.9103124,1.445418,1.3809915,1.6224016,1.7820029,3.2244809,2.5442414,3.3048413,1.3890688,1.9758978,1.8256392,0.8112842,2.6180987,2.047862,1.8221089,1.3293099,1.6510453,1.3607811,3.077244,1.0021508,0.7844956,2.5232673,1.9494454,0.89745945,3.4138734,4.6646643,3.2274654,4.015636,2.6930325,1.188156,2.4167511,1.9366558,2.306242,2.228312,1.4022461,3.866073,3.0497944,1.3776641,1.4227844,1.203345,1.4195849,1.8399796,3.4521976,1.314856,2.45532,2.5089455,1.4079403,1.8399779,2.9272673,1.8642563,1.6918663,2.2020228,0.5797116,1.3836648,2.8536363,1.2400529,1.0614188,1.4838648,1.5542947,1.1653515,0.53275394,3.550356,2.6462302,1.8019729,2.262534,3.8471973,4.454019,1.9771516,1.4298723,2.08183,2.016252,1.5836635,3.8486993,3.1160722,0.8382507,1.1344575,3.2846937,0.564998,3.6929455,1.062118,1.0911609,0.62975055,1.9123261,2.675478,1.1298804,2.655101,1.786209,0.38294235,1.3092626,1.7658253,3.5984313,2.126129,3.245511,2.7659926,3.973366,2.4544697,2.063264,1.6006496,2.339954,1.1513188,2.198237,3.5020592,4.333385,3.262919,3.5733135,2.0438495,2.9514039,4.226174,1.8628864,4.2991967,1.3678629,3.3672009,0.95459396,2.7692711,3.2290702,2.6741557,1.137388,0.84283197,1.4388818,1.5359966,3.033496,2.5191512,3.6512027,3.284957,3.0023646,1.4786164,1.3401239,2.647135,3.4686875,1.1605946,3.1440094,1.7204733,1.5744904,1.1087873,2.9032762,2.9730215,2.2067337,1.7739675,3.0104873,2.455227,3.2742963,2.1045072,3.069703,2.1230583,0.97390914,4.197848,1.368337,0.88868254,0.79045045,1.7753863,0.8435417,1.4901328,2.6100435,1.878889,1.2189473,3.1896384,3.2908587,2.9646258,1.0311735
1.1788529,2.8647385,2.3356435,3.357196,3.3890498,3.3225975,1.4188244,1.4459661,2.2094603,1.8244499,1.4374579,1.2945979,2.1359885,1.3028874,4.089734,0.96659154,2.660529,2.9680889,3.657579,1.9639721,1.6688681,2.678437,2.0443227,2.697712,5.018795,0.8775926,4.3549547,2.2935147,1.0528579,2.9193742,1.5300055,3.088659,1.3657316,2.547657,1.2133559,2.223795,2.6657383,1.54893,4.311319,1.3279848,0.81223047,1.2986045,1.4195875,1.083488,2.5767937,3.738063,2.8878229,1.714551,0.7263681,2.3560023,1.3853682,2.1716523,1.4481771,1.8521373,0.7972242,3.6389124,1.6054296,2.053884,3.9679434,3.5922875,0.5485494,1.7363522,1.5205109,1.1665398,3.0852568,2.9881015,2.885533,2.1944225,2.5408008,1.5540016,4.8039613,1.6735826,1.5306612,1.6093868,3.3538775,1.3187485,0.5167949,2.2221863,1.3366646,1.3628064,3.3442335,1.7486792,1.3149135,3.7963555,0.51406664,2.7884922,1.377791,3.0019777,2.2555666,0.92124426,1.7972319,2.0295546,2.1419497,1.366962,1.484882,3.1054704,2.2142637,2.581351,1.6719543,2.7501588,1.8778175,1.5583445,2.69091,1.4236513,0.9819236,0.9142034,1.4972577,1.1364425,3.2462807,2.69091,1.9378439,9.463916,3.5379426,1.2376051,1.2747731,0.69545716,0.37230888,0.61725867,1.7807575,1.3857493,0.88535744,0.34595725,2.2998555,1.3144784,1.2184893,0.51815265,3.5123827,3.1157477,2.4851267,1.6981974,3.9400887,1.510326,1.5607097,0.81201595,1.3331321,1.3997115,1.4748819,2.0905633,3.1835787,2.2266686,3.3757095,1.2467784,2.3055916,1.598042,0.4649334,2.881596,1.8975023,1.579487,1.8139607,1.2396039,1.2669501,3.393426,0.84817976,0.87877434,2.0243156,1.731521,1.1263163,3.4705832,4.5344925,3.1093898,4.0178676,2.8988142,1.2401444,2.8214552,2.3856366,2.3867464,1.8393323,1.7561578,4.125543,3.1715288,1.3627429,1.6848589,1.1464828,1.2725412,1.8847221,3.610772,1.276085,2.01314,2.5951564,1.3079695,1.5661315,2.5187924,1.5554041,2.0476987,2.4880447,0.70670694,1.3575708,2.6368558,0.6876428,1.5287769,1.6340003,1.2856865,1.081765,0.38397253,3.0833573,2.7469628,1.5626239,2.6207502,3.8998525,4.393639,2.3341942,1.4855255,2.5158024,2.1640537,2.1136262,3.9605496,3.2683883,1.4042904,1.7479278,2.9409876,0.3635521,3.8358185,0.88196474,0.80832475,0.59023064,2.355743,2.396118,1.5501,2.8102484,1.5710489,0.69751555,1.3981366,1.8076712,3.1733673,1.591981,3.240958,3.0380049,3.908147,1.9906232,1.7751406,1.5146556,1.8541545,1.5308164,2.506618,3.6634645,4.442477,3.265523,3.7374282,2.3886375,3.0176508,4.5568056,1.5239898,4.309741,1.9748391,3.477443,1.5223111,2.4327555,3.3026834,2.1323066,1.4673884,1.137794,1.0190368,1.8630724,2.4978912,2.0410564,3.6880329,2.9034562,3.2813985,1.3681922,1.8072342,3.075347,3.7589498,0.75873536,3.052221,2.134957,1.7534558,1.0537729,3.0817456,3.2648416,1.6565998,1.5286562,3.1708205,2.734442,2.7543159,2.026065,3.158265,2.5193355,0.98000306,4.33675,0.8348118,0.59728676,0.8481433,1.518227,0.703186,1.4858375,2.203426,1.5446616,1.7992243,3.3878062,3.48161,2.4746978,0.65447193
0.48770517,1.8056062,2.0729005,3.9144726,2.8948922,2.5891397,0.46236894,0.84738445,0.9611046,1.5899162,0.6017987,0.67509353,2.2677464,0.70224035,3.9819508,1.4696838,2.777269,2.190529,2.9027138,2.1392727,0.7118422,1.3268753,2.5962243,2.8519228,4.4921565,1.2169598,4.76274,2.1206474,0.761948,1.9026781,0.7078545,1.7763559,0.7559256,2.7576826,0.7811105,1.9998881,1.3321908,0.43883768,3.7205093,1.871629,0.9211642,2.6013844,0.582702,0.595005,2.661009,2.4838135,1.6356274,0.616263,1.5683203,1.092088,0.6319484,2.8542902,2.1970835,2.2830572,1.297842,3.4783573,0.87469286,0.5936548,3.151642,2.8957508,1.035883,2.5227706,1.9727083,2.3800845,2.5815332,3.0985796,2.4367507,1.6222028,1.0919946,0.7347341,5.072794,2.4061298,0.60506576,1.5651066,2.193495,0.7408004,1.1303954,0.8200499,0.7618835,0.78030926,2.1251597,0.49214903,0.77389604,3.666069,1.2577827,2.9207623,0.73801875,3.2164187,2.3057723,1.1060122,1.9442124,1.6519203,1.7349265,0.7327637,0.5820917,2.0592172,1.3153518,2.662999,2.618664,3.2839396,0.6779677,1.057302,1.527681,0.8305114,0.6935888,0.8467893,0.5375293,1.2192237,3.191804,1.527681,0.84271264,9.961202,2.951043,1.2069595,1.2543011,0.89659476,1.3138773,1.5353096,0.9335503,2.116681,2.0782266,1.6193855,2.877234,0.7549609,0.68318,1.5886247,2.6815953,3.2621536,1.0620179,1.4300948,3.1128898,0.50472546,0.7572308,1.1986084,0.6808155,0.8452563,0.703893,1.8969108,2.0603178,0.7839587,2.4894166,0.5414798,2.681513,0.7766446,1.5726119,2.3553822,0.8349681,0.82888895,2.0067863,0.6657171,0.63015443,3.9247792,1.2132814,1.1665599,1.4922693,0.677496,1.2805043,2.4727128,3.5626938,2.1455061,3.0312085,2.5131233,0.9809043,2.8937376,2.528011,1.4661151,2.8439856,1.9310553,4.1700807,2.3765879,0.75009733,2.1183724,0.820438,0.5999359,1.3354018,2.6932395,0.7162285,0.8872658,1.9771609,0.71077585,0.80752945,1.4428025,0.7228769,2.6541388,2.349005,1.2441038,0.72918636,2.5790524,1.3506609,2.2962136,1.5750245,2.1831768,0.81889546,1.394066,3.8230379,1.8955603,0.8092263,2.6026018,3.0832937,3.5069623,2.1263082,1.2679542,2.6613653,1.5588686,2.3471851,3.6032867,2.4591024,2.4051685,2.6697834,1.578422,1.536213,2.8512127,1.2297032,1.3098186,1.5519003,2.2849724,1.0330058,2.2012968,2.4828467,0.828313,1.4551653,1.176419,1.2823887,2.850365,1.7493823,2.5268767,2.4186893,3.058462,1.3266771,0.44177717,0.89589727,2.7028089,1.7884326,3.037791,2.7515988,4.830945,2.0712361,2.9344862,3.0841696,2.0739806,4.7910976,0.4992168,3.480822,2.9518657,2.9964926,2.693912,1.0966913,2.2872064,2.2380543,1.4982982,1.4512746,0.9805028,2.5118763,2.6009605,2.8315904,3.0108962,1.741964,3.179819,0.6641358,2.5020957,2.8645985,4.2134147,1.3070031,2.0567942,2.1558757,1.6134518,0.83500445,2.4995816,3.529734,2.1992047,0.36823842,2.6678386,3.267744,2.8800118,1.7218933,2.5769765,2.594801,1.5908333,3.4241776,1.73588,1.4939613,1.0984106,0.6617126,1.4015917,0.8419703,3.1780593,0.6340496,2.4082022,3.764464,3.71495,1.8133466,1.3565971
1.7873013,2.863613,2.2566977,2.8363376,2.8792243,2.865848,1.9174789,2.0134492,2.3194878,2.3439505,1.8958534,1.905333,2.4177315,1.8972491,3.35192,1.642177,2.3008995,2.6631267,3.1376789,2.5623462,2.2877424,2.891389,1.6358427,2.8577518,5.212798,1.1340567,4.1260996,2.9608767,1.7017183,3.3385856,2.1306522,3.2528949,2.0131228,2.182976,1.86189,2.578706,2.7706087,2.215476,5.009452,0.885169,1.4234315,1.6360594,1.9376217,1.6616248,2.5739841,3.6333141,2.8894923,2.3035975,0.71487176,2.4279382,1.8896967,1.5724266,1.2886957,2.4490645,1.0904309,3.037419,2.0705807,2.5371668,3.4863749,3.233537,1.2250727,1.0509256,2.3138573,1.566471,3.6752362,3.2459874,2.1857266,1.9771049,2.8577976,2.122952,4.055703,1.2976716,2.1217823,2.2713587,3.6416037,1.9791543,1.1449907,2.5445724,1.9183577,1.947767,3.2581012,2.220394,1.8698634,3.181552,1.2909706,2.283965,1.9950196,2.4230976,2.506256,1.4830191,2.4257812,1.7691787,1.8731439,1.9957339,1.9319718,3.5042417,2.9154253,2.3151174,1.9085001,3.0302787,2.095601,1.6598471,2.6527562,2.0879354,1.5942472,1.5277196,2.113275,1.6150596,2.7282763,2.6527562,2.1907897,8.862198,3.2398,1.1925079,1.8323727,1.4081718,0.9486089,0.78405756,1.8408333,0.37557426,1.1174918,1.0863048,1.6686723,1.8874623,1.8372056,0.58837414,3.5432494,3.4146547,2.6873376,2.276071,3.4549823,2.134142,2.0904832,1.1916211,1.879973,2.0286222,1.9642427,2.8079095,3.1855187,2.5961163,3.202822,1.8934389,2.6841097,2.0873365,0.6914831,3.1477435,2.6217744,2.0721958,2.3214111,1.5547898,1.86219,2.829626,1.2847098,1.4002866,1.8556517,2.4651318,1.5587416,3.3140957,4.0598288,2.8012764,3.7299888,2.66354,1.8888178,2.6416764,2.2792397,2.5331695,1.3615925,2.4152331,3.455844,2.9621632,1.9642689,2.121426,1.7673289,1.8897716,2.3747807,3.6779382,1.8446492,2.2424417,2.4578898,1.8920457,2.0887465,2.493144,2.0910788,1.678449,2.2769108,1.3958845,1.9616134,1.7772814,0.9739137,1.3946157,2.1003678,1.3283899,1.7073598,0.96333116,2.636823,3.2691915,2.130819,2.353273,3.4883122,3.8896246,2.9927018,1.9976314,2.3106842,2.2324154,2.23878,3.2500916,3.316105,1.4245125,1.8676934,3.054746,1.134418,4.405626,1.1295851,1.0821747,1.0167451,2.6306164,2.8448002,1.4554659,2.3070617,2.1385756,1.3013936,1.9890499,2.4285429,3.0614765,1.2898502,2.8058753,3.0286229,3.4210513,1.8548058,2.082947,2.1041179,1.5170406,2.2822163,2.6601715,3.7817907,4.2405176,3.505054,4.454928,2.5383134,3.0908742,3.8987868,2.1364398,3.823971,2.0151646,3.502822,1.7612796,2.589827,3.3977327,1.729309,2.0534778,1.8607682,1.2393143,1.5504112,2.0607078,1.623534,3.156042,2.8294785,2.6968832,1.9207295,1.6424936,3.483167,3.124588,1.0481278,2.7908373,2.4285667,2.2471163,1.792316,3.3262403,3.3655586,1.3432672,1.9646323,2.7603009,2.7611837,2.2593303,1.4765717,2.8406365,2.3934128,0.78911257,4.9759994,0.78565836,0.84248024,1.4316126,2.1433444,1.0696934,2.125892,1.7812675,2.100891,1.8409373,2.9794989,3.5845578,2.2518427,0.97538733
1.9697742,3.9272125,2.4479127,2.9054353,3.694266,3.834156,2.180657,2.0266638,3.1831305,1.9684334,2.1287138,1.9593918,1.9437286,1.9406315,4.1566696,1.3004075,2.5313358,3.484786,4.224666,2.075987,2.3543785,3.682952,1.775442,2.7048833,5.6852922,1.5254564,4.604952,2.3658712,1.7131284,3.3946111,2.2582414,4.090808,1.9911462,2.4233127,1.8548952,2.162032,3.611649,2.4363227,4.399693,1.5717732,1.5365223,0.91783047,2.110806,1.8570698,2.634161,4.708464,3.855089,2.438032,1.242714,3.3036504,2.0596151,1.8968313,1.2121092,1.499584,1.6090347,3.6935039,2.3002808,2.9215896,4.495733,3.9878464,1.4760205,1.7191969,1.2636853,0.4776749,3.0535803,3.063803,3.614193,3.220537,3.4752398,2.2940583,4.527082,1.4198885,2.3414392,1.6785377,3.972504,1.973377,1.3078151,3.171397,1.924174,1.9400883,4.3229766,2.7433898,1.9003466,3.8137512,1.2128884,3.7122247,1.9905128,2.874549,2.0970612,1.4035033,1.9478922,3.055254,3.1722133,1.9931065,2.1903973,3.6573725,2.9245775,2.4170396,1.6271185,2.706872,2.8618581,2.659133,3.6931586,2.0736492,1.7844467,1.6055915,2.3518534,1.4826986,4.1992035,3.6931586,2.874646,9.766492,3.7395675,2.2779303,1.620964,1.4962366,1.2163337,1.5648872,2.8076477,1.9459611,0.58242744,0.9623616,2.1126463,1.9058057,1.8985411,1.2575073,4.0606675,3.3537037,3.3897352,1.9074655,4.503467,2.363733,2.319895,1.3917325,1.9776044,1.9754303,2.129277,2.092525,3.735881,3.1716526,3.91952,1.9857526,2.3427594,2.2948017,1.2290666,3.1539078,2.5879717,2.2746415,1.5944101,2.1895466,1.9358956,2.9725404,1.4260191,1.3402563,3.055174,2.5068948,1.4222827,3.9597456,5.244553,3.7802095,4.6296215,3.254507,1.7014191,2.821587,2.3226936,2.8404107,2.374094,1.8184551,4.010337,3.5585914,1.9645945,1.8912654,1.7375786,1.9667466,2.2111142,4.033716,1.8981252,3.0254123,3.139658,1.9355538,2.2922502,3.4956748,2.3354795,1.7169323,2.4995434,1.2285621,1.9688288,3.258546,1.6616217,1.1622344,1.7477801,1.95697,1.6995821,1.1642793,3.70821,3.214178,2.2521243,2.7042723,4.4078765,5.0153575,2.2673936,1.7949677,2.4575508,2.4944012,1.831723,4.2535524,3.7162497,0.8403847,1.1489834,3.907004,0.95621336,4.1646247,1.5065348,1.4889567,1.0158821,2.3191743,3.3150532,1.2547063,3.1664364,2.2342567,1.043001,1.727297,2.1389751,4.1817136,2.5950685,3.8478515,3.267576,4.5030737,3.006588,2.656353,2.0562258,2.5517938,1.4380752,1.9578185,4.0840616,4.674676,3.8946114,3.9640691,2.2933342,3.400796,4.250095,2.3834677,4.8602347,1.1222395,3.9629943,0.73091894,3.3647563,3.8542533,3.0888581,1.6387786,1.3700918,1.9312538,1.5568026,3.4537976,2.7378573,4.1740155,3.9054391,3.3706343,2.0134654,1.3576566,2.9971466,3.3982594,1.5595261,3.7083356,1.9237849,1.8426377,1.6926755,3.480897,3.3417602,2.538082,2.3431654,3.4428895,2.2105906,3.6829593,2.640594,3.6744666,2.5575778,1.3896083,4.6526084,1.7384214,1.2743927,1.3705406,2.2587955,1.242228,2.0923448,2.730929,2.3698885,1.4420185,3.0868127,3.6869287,3.5191276,1.4323301
1.7952658,3.7349832,2.6446579,3.3074198,3.8445842,3.9150426,2.0659888,1.9654015,3.0300999,2.0508707,2.0460203,1.8545536,2.0303254,1.8449795,4.40021,1.1058167,2.8320699,3.5114422,4.270446,1.873814,2.2359185,3.4836335,2.0914352,2.6229439,5.368298,1.5154258,4.4062076,2.237609,1.5905758,3.2750442,2.1413662,3.866786,1.8286221,2.6131928,1.6878127,2.2963872,3.4696221,2.21831,4.269843,1.725677,1.4368247,0.7608146,2.014001,1.7287406,2.6065037,4.5635805,3.716955,2.3088639,1.2621889,3.1672719,1.9741136,2.2145386,1.5060235,1.6966788,1.5357935,3.9476035,2.2333221,2.7328434,4.5710263,4.045105,1.2553284,1.9589119,1.2440687,0.55816233,3.0784304,2.9089408,3.6090007,3.070679,3.294217,2.1830842,4.872874,1.7198107,2.19562,1.66086,3.823507,1.7948309,1.1690538,2.995845,1.8139656,1.8273284,4.183973,2.5233078,1.8244728,4.080338,1.0975916,3.5282912,1.8501916,3.1091723,2.1825104,1.3374655,1.750047,2.8993137,3.012131,1.8411586,2.1057887,3.496311,2.6454089,2.6910748,1.4240929,2.5111074,2.699024,2.4247565,3.5368595,1.8701712,1.6533393,1.5037324,2.1802778,1.4488226,4.0161257,3.5368595,2.7392755,9.615948,3.920149,2.1108513,1.5236044,1.3348484,1.070372,1.4032276,2.6459715,1.9431083,0.7192968,0.72815305,2.4259927,1.8026646,1.7394434,1.1644814,3.9329612,3.0992148,3.2403264,1.9487324,4.550383,2.1876335,2.2135608,1.379417,1.8903682,1.8250772,2.059021,2.0558972,3.766135,2.9680598,3.8810706,1.8155962,2.1494904,2.2178469,1.136471,3.0647655,2.3875341,2.2003531,1.6773636,2.0536163,1.8117207,3.365581,1.4137181,1.3030419,2.9015574,2.2779768,1.4324541,3.9992313,5.2418594,3.7963455,4.6024117,3.2340713,1.6233593,2.869308,2.4112997,2.855824,2.243128,1.6590745,4.320391,3.6378608,1.8348644,1.6577652,1.6456418,1.8427682,2.2421174,3.9851768,1.7862988,2.848678,3.065065,1.8434086,2.2003753,3.3675396,2.2193913,2.057687,2.7229886,1.0810931,1.838628,3.3054454,1.5117811,1.4548988,1.8550191,1.6546131,1.6043073,0.9969015,3.537603,3.0402246,2.1598911,2.7785766,4.4438195,5.0423193,2.259192,1.8314996,2.5610461,2.5717623,2.0183349,4.408951,3.643439,1.1111888,1.3135394,3.7448049,0.8471662,4.055633,1.5039248,1.4661561,1.0233839,2.3361363,3.0752864,1.5456862,3.234442,2.1503649,0.9410189,1.7217947,2.126179,3.8675177,2.413742,3.8281431,3.3158238,4.555767,2.8642926,2.5225387,1.9972296,2.3692338,1.3957925,2.3306186,4.0165944,4.4767165,3.7655058,3.8399527,2.1434264,3.4780784,4.610515,2.2078786,4.893498,1.473924,3.7897406,0.90331,3.2270014,3.761482,2.9262364,1.5634896,1.2213705,1.829714,1.8915206,3.2653437,2.5671296,4.2431874,3.7504966,3.5418458,1.9219078,1.6971333,2.9751892,3.7801266,1.4912497,3.7194014,2.1230712,1.9430577,1.5220807,3.3297753,3.1812992,2.3616424,2.2193255,3.5897198,2.5971363,3.498766,2.6655405,3.627318,2.5914135,1.4644146,4.4980016,1.5588065,1.2372205,1.2977191,2.1284425,1.2456381,1.9167835,2.5774043,2.2292657,1.6053203,3.4600587,3.4673781,3.3537548,1.3674059
3.1714187,3.9930954,1.9237506,1.6863952,1.4661154,1.9990978,3.1230361,3.125661,3.3633895,3.0425959,2.9950185,3.1489842,2.7187808,3.0994925,1.086102,3.1051784,1.3035336,2.1633933,2.2635677,3.696348,3.4553483,3.9498186,1.4334462,3.3629794,6.178887,2.6301148,4.9867544,3.8107612,3.0501378,3.7747767,3.397644,4.2085996,3.2382817,1.4837945,3.1613686,2.7409925,3.597664,3.6855018,5.5164895,1.8923497,2.935478,3.3469794,3.0823846,3.052388,2.8335369,4.1128645,3.6542659,3.4551935,2.4602237,3.335324,3.027024,1.3407862,2.0320055,3.3170536,2.8892791,1.0055838,3.2192056,3.6770144,2.4224267,2.262682,3.0291572,1.8042959,3.4502246,3.0333798,3.923289,3.9485297,2.2300406,3.319536,3.858286,3.3851886,1.824301,1.7382019,3.4717917,3.1700802,4.0110693,3.260943,2.8532941,3.667796,3.0538802,3.0700486,3.8827834,3.6760209,2.9953566,1.0520701,3.0220118,3.9185164,3.1692119,0.9237367,2.6986656,2.7891903,3.584411,3.2675831,3.3400095,3.1987152,3.0197437,4.0235276,4.211055,1.3916503,3.4256759,4.1267595,3.3441327,3.3929098,3.5589828,3.3715982,3.087097,2.9547033,3.5368862,2.7100232,4.145108,3.5589828,3.4061234,9.390279,1.9277867,3.0485077,2.937966,3.0255983,2.8237677,3.0047932,3.2292824,2.34305,2.665651,3.0244305,1.2433239,3.0265076,3.1290674,2.6955822,3.6749785,4.4932947,3.5252955,3.095088,2.5025413,3.5495107,3.3588207,2.641522,3.0400567,3.1979265,3.0520945,3.5923743,2.9561229,3.7392795,2.8779647,3.2311926,3.7638545,3.2189622,2.7731645,3.4341426,3.8407748,3.234198,2.957021,3.0727084,3.092348,1.5350497,2.7484527,2.719794,3.2895303,3.8271737,2.6162372,2.6760528,3.370791,2.5182238,3.1553051,2.4726956,3.0461175,2.4362378,2.2013638,2.6473823,3.4863071,3.516452,1.1848037,2.198231,3.121151,3.4551606,3.017636,3.1586044,3.0638728,3.4394996,3.0200832,3.557569,2.6454232,3.0744548,3.3186004,3.4505546,3.3851166,1.5587238,1.5461898,2.932391,3.1269531,2.0160062,3.0378845,2.0096693,2.8447127,3.4825623,3.0089407,2.8447735,4.5333033,3.980951,3.3419058,2.00078,2.548925,2.9762197,3.6051564,2.9085863,2.0524397,2.2713501,2.2995818,1.4834914,3.2710228,2.406468,2.704258,3.8613355,2.9839692,4.7480946,2.6018934,2.7234807,2.7029097,2.9071066,4.0151315,1.9806544,1.5952286,3.314138,2.8259475,2.9821553,3.286172,4.6272264,3.2254899,2.409086,2.5667572,2.5436,3.1837125,3.1935482,3.1719306,3.7037625,3.3458557,2.836236,3.6401725,5.068432,3.8024273,5.020194,3.6382802,2.778571,1.7137963,3.5481222,2.8085444,2.5755978,3.9227314,2.9868999,3.4952118,3.4483616,3.4886584,3.045665,3.1690152,2.8866796,1.7290099,3.782098,3.727466,2.0737393,3.6550586,1.1156188,3.0682313,1.8976811,3.7083082,1.5311192,2.8509467,2.521586,2.5603526,2.9199636,3.1964495,3.7713675,4.089139,3.4576957,3.149922,1.5221217,2.7487147,3.9040732,1.796605,2.626114,2.3923388,2.2073689,5.4558277,3.1019456,2.7161639,2.805169,3.4349651,2.6772227,3.314438,3.85964,3.4527416,2.331975,2.1127307,4.505314,3.5191686,2.816669
0.8375014,2.9725177,1.6206535,3.4020877,2.9540384,2.9128726,0.8877486,0.6587588,2.054958,0.70567197,0.7993527,0.6509389,1.4625477,0.5982386,3.9125211,1.1091309,2.3139496,2.4704878,3.3473308,1.7230599,0.88386714,2.432408,2.129271,2.5371144,5.0542426,1.2531431,5.039797,1.4429157,0.6259032,1.8470739,0.9801557,2.8437562,0.65357935,2.3580844,0.6912938,1.0043784,2.3412397,1.2222364,3.1855245,1.7709998,0.89601547,2.2831452,0.7449006,0.8204698,2.3943994,3.4967616,2.6689587,0.9475857,1.5419052,2.1287963,0.72869587,2.5000684,1.7243518,1.3154813,1.5418185,3.3111434,1.1207986,1.4744707,3.52298,3.043122,1.2284293,2.3897083,0.96040606,1.855971,1.6545923,2.8761923,3.1432998,2.6751869,2.076139,1.0572298,4.7468843,1.9900345,1.1303407,0.4599878,2.4886923,0.7168698,1.1195457,1.871062,0.5228041,0.52009684,3.1630328,1.6298292,0.5292399,3.4741383,1.1251422,3.8642387,0.5914744,2.9091244,1.5293369,0.72168326,1.5020198,2.6643572,2.769058,0.63008547,0.8508783,2.1959696,1.6500937,2.1016004,2.4360087,3.0654585,1.796038,2.135859,2.6315978,0.86028695,0.913957,0.7755375,1.1804162,0.6834624,4.210087,2.6315978,1.7962209,10.505455,2.772684,2.026534,0.7312721,0.92744195,1.3476396,1.8935037,2.0180285,2.4561405,1.6809331,1.5116394,2.5769265,0.52138746,0.70108885,1.7090503,2.9838126,3.2767196,2.0141156,0.5044999,3.543533,1.1619369,1.1434557,1.074242,0.6353226,0.6292483,0.7781066,0.83832186,2.2704945,1.8360239,2.803582,0.73959434,2.408282,1.018519,1.6744046,2.13315,1.0394585,1.0593307,0.9656619,1.4307551,0.6148717,3.4429922,1.0887357,0.79305965,2.5291474,1.1143024,0.7092726,2.6511102,4.215891,2.67811,3.4876134,2.6046286,0.33537054,2.6102087,2.1015198,1.3703717,3.2851427,1.3299314,3.9032738,2.4055605,0.56801283,1.9372084,0.5314452,0.6578209,0.6832899,2.7373857,0.5757058,2.0037262,2.278377,0.5791563,1.1065539,2.4847243,1.1650205,2.1495647,1.8815244,0.9586154,0.5684372,3.1505857,1.7527138,1.7454871,0.7280904,2.570307,0.59519184,1.3917538,4.4926314,1.8275534,0.9900662,2.3771582,3.414737,4.036566,1.0871735,0.5720143,2.2872005,1.2608525,1.5349717,3.7631688,2.563554,1.8500623,2.0530145,2.603964,1.3608742,2.550175,1.237203,1.3870629,1.3434118,1.6463379,1.9540187,1.6209692,2.6194544,0.9362111,1.0975019,0.32360005,0.4931163,3.8979495,2.598532,3.0161717,2.1598833,3.5322948,2.365241,1.40336,0.5855175,3.2716353,0.77176046,2.1943133,2.7853587,5.0824866,2.391311,2.4540915,2.8619497,1.934705,4.3854628,1.1838568,3.905289,2.2151432,3.2740626,2.1174734,2.093385,2.5263033,3.1319058,0.77164745,0.8560753,1.4981494,2.0173695,3.5458963,3.437071,3.34377,2.8374572,3.0610163,0.6279253,1.8764172,2.1877167,3.7945864,1.5208735,2.5511491,1.1450326,0.6616325,0.639402,2.523834,3.431009,2.8984208,1.0634743,2.630049,2.5056567,3.8248625,2.1503658,2.9192696,2.308127,1.5269555,3.1620574,2.1785698,1.53991,0.76826733,0.96161693,1.277525,0.75789833,3.668602,1.2036642,1.782802,3.3065248,3.7835164,2.9211395,1.498037
0.8014155,3.0059488,1.8309822,3.5847108,3.0131547,2.9750676,1.0228301,0.93453807,2.0955007,1.0866182,0.9599774,0.8348644,1.2779143,0.77882034,3.9845116,0.891718,2.4921017,2.4236004,3.3460338,1.3538584,1.0838009,2.433379,2.2349992,2.1955118,4.7036276,1.4227521,4.7183046,1.1029099,0.70273316,1.6252272,1.2005332,2.7613015,0.49128968,2.2767048,0.5325144,1.1161398,2.392371,1.2658975,2.9465024,1.8928361,1.0293115,2.1648448,0.9022483,0.92643106,2.0959544,3.497294,2.7209394,1.105446,1.6286126,2.1767359,0.9010673,2.5937858,1.8634967,1.6111848,1.6983193,3.428685,1.386062,1.469022,3.5684927,2.962185,1.1630605,2.5215147,0.9325048,1.7940108,1.6076674,2.501842,3.1680143,2.7382197,2.0956204,1.2849598,4.842585,2.0895767,1.3075259,0.40254787,2.2725813,0.5415272,1.1311404,1.9217285,0.5130962,0.48095798,3.1987536,1.6594244,0.7002395,3.5910003,1.2422925,3.867383,0.4889312,2.8812656,1.3416249,0.74658996,1.1343994,2.7181394,2.8188522,0.49966562,1.0135671,1.9396427,1.3997984,2.1990762,2.195651,2.7227073,1.859184,2.1099746,2.6553762,0.60612005,1.0501056,0.90186536,1.3211067,0.64010864,4.20744,2.6553762,1.934736,10.259339,2.8877115,2.0775537,0.4835357,0.95955616,1.3492111,1.9463753,2.079519,2.4988763,1.6884328,1.4595319,2.712574,0.55066794,0.59820783,1.7359948,2.7090466,2.8947363,2.026362,0.89336884,3.5439718,1.2900661,1.373368,1.2222147,0.8084849,0.42118263,0.9973214,0.72234505,2.3937993,1.8087918,2.6486025,0.7059934,2.0531504,1.2664621,1.7295967,1.8107446,0.99232405,1.318647,0.88371795,1.5523918,0.6636124,3.612259,1.2801032,0.8662895,2.597304,1.0598569,0.75661725,2.6544368,4.2205315,2.7510312,3.3860214,2.378888,0.4685962,2.369594,1.9059343,1.4087586,3.3013532,0.9830774,4.02485,2.4163663,0.4867185,1.6067843,0.67511535,0.77906394,1.0337061,2.5347912,0.58659166,2.08318,2.0626242,0.7530518,1.3543727,2.577564,1.3824623,2.2788436,2.005698,0.88232857,0.5054569,3.234735,1.8438486,1.7986231,1.0842432,2.420802,0.7395486,1.3556875,4.506196,1.522752,1.2446501,2.1929836,3.355921,4.030521,0.9544718,0.92932254,2.1063535,1.3559308,1.4698174,3.7870448,2.3198097,1.8327818,1.9308594,2.6251397,1.4416316,2.383638,1.4050381,1.5567943,1.4531019,1.3804325,1.8453535,1.7199752,2.5326784,1.2001016,1.035314,0.6613439,0.8490541,3.7247362,2.622061,2.9123306,2.0207028,3.5786493,2.4353695,1.4785138,0.87560993,3.290054,0.6676411,2.4811833,2.557982,4.753227,2.2063327,2.2952952,2.559825,2.085901,4.5072036,1.3116347,3.8586714,2.2000544,2.9347506,2.0397153,2.1631348,2.3183274,3.1818256,0.48071143,0.6278816,1.6348052,2.1647782,3.5599356,3.4556327,3.330874,2.8559902,3.012741,0.79291975,1.9606022,1.896345,3.96253,1.671226,2.605809,1.2805128,1.0176396,0.5720981,2.177012,3.0699286,2.943402,1.1747195,2.6773858,2.7967892,3.8306363,2.1740162,2.7222002,2.0667076,1.6248317,2.9483166,2.2104423,1.6532224,0.81242985,1.1614604,1.4274734,0.51143354,3.6771033,1.3879739,1.661912,3.5723517,3.4157639,2.9639177,1.6325228
1.5007384,3.1256232,2.4170947,3.1826189,3.4586647,3.4457903,1.7205195,1.7156751,2.4928908,1.9987113,1.7201378,1.5886154,2.2079663,1.5909237,4.0491276,1.1400585,2.6234415,3.123669,3.7820482,2.1130083,1.977074,2.9888241,1.9233886,2.7618408,5.22353,1.0227177,4.325984,2.48944,1.3441429,3.1961262,1.8305358,3.3959072,1.6690174,2.51295,1.51186,2.3563673,2.9532642,1.8952215,4.546458,1.268818,1.0774841,1.0934954,1.7120454,1.385291,2.6338966,3.9997573,3.1580806,2.0302184,0.70901835,2.6335475,1.6696234,1.9958371,1.3246053,1.8929954,0.939078,3.6230884,1.8711632,2.3906088,4.096843,3.7198517,0.8504772,1.5488558,1.6311606,0.9869236,3.2842417,3.076121,2.97019,2.3810098,2.8638883,1.8489909,4.665122,1.5232624,1.8438809,1.7972981,3.6388724,1.6269604,0.7654187,2.5397646,1.6211113,1.6471052,3.6028736,2.0814574,1.5881922,3.7698367,0.7378724,2.8223317,1.6753886,2.930278,2.335937,1.1373297,1.9632803,2.1927977,2.3054862,1.6682833,1.7697178,3.3901625,2.544612,2.5667212,1.5962023,2.7601573,2.1709154,1.8082364,2.9531996,1.7317985,1.2811246,1.1885307,1.8218858,1.3246584,3.3046749,2.9531996,2.2205193,9.353377,3.6332397,1.4199666,1.4864306,0.99913025,0.56293094,0.6765656,2.0355668,1.2714485,0.6867391,0.39814666,2.1444738,1.596682,1.5220178,0.48433062,3.7264242,3.2157314,2.789066,1.8968695,4.0756345,1.8388717,1.8492868,0.97261447,1.6168776,1.6908623,1.7519686,2.2886603,3.4065828,2.5565867,3.5649223,1.5677758,2.373356,1.8762939,0.4452789,3.0729074,2.2356372,1.8522733,1.9135058,1.5123464,1.5660952,3.2217774,1.0134125,1.0707817,2.2158492,2.079086,1.2891003,3.661541,4.6980243,3.2896018,4.2055726,3.0113075,1.4981874,2.8467407,2.4084024,2.6077564,1.668278,1.9157012,4.050405,3.3259497,1.6549988,1.7809252,1.4217368,1.5768228,2.1049843,3.825345,1.5623107,2.3043895,2.7668324,1.5934736,1.8469329,2.7686312,1.8491769,1.9126576,2.528894,0.92126775,1.6519779,2.6387548,0.83256745,1.401521,1.7799523,1.2639854,1.3579838,0.54004216,2.9724073,3.0249295,1.8478063,2.6561515,4.042145,4.5373945,2.515311,1.6823624,2.5228753,2.3336291,2.135221,3.983396,3.4730418,1.2288016,1.6119938,3.236497,0.4478958,4.1164193,1.0216119,0.9311429,0.6085745,2.467934,2.735679,1.4587008,2.877598,1.8531272,0.8228208,1.6181161,2.0496292,3.340318,1.6908517,3.3825471,3.1921635,4.0459347,2.1996882,2.0765224,1.7847072,1.7567004,1.6816394,2.42561,3.8848548,4.4190173,3.546679,4.0105762,2.3462784,3.21807,4.432846,1.8519785,4.4456515,1.7861,3.6463652,1.3211514,2.7237482,3.5423439,2.1978006,1.652394,1.328619,1.2341895,1.7290133,2.5527866,1.9444814,3.7953715,3.1613014,3.2759538,1.6556629,1.6794827,3.2150018,3.594966,0.8939844,3.2415411,2.2125657,1.9107115,1.3563297,3.2873368,3.302272,1.6584865,1.8334566,3.2536805,2.6313858,2.7912555,2.1174355,3.2954745,2.5584927,0.973916,4.61948,0.83445275,0.6332913,1.0688832,1.8270868,0.7930381,1.7869966,2.0420833,1.8518888,1.74139,3.2661037,3.5330465,2.668805,0.7702055
2.0820456,3.4527047,2.4916084,4.2778,2.7527843,2.7554162,2.272857,2.386917,2.6431668,2.520068,2.2090514,2.2936394,1.5862216,2.2316496,3.7965221,2.0996165,3.0602026,1.8956226,2.8474708,1.7314585,2.4171576,2.8007164,2.9933662,1.6414822,3.7805257,2.7807,4.241406,1.4559082,2.202295,0.8472937,2.5900664,2.729149,1.8187604,2.1994634,1.8839128,1.9122897,2.7646835,2.4760933,2.4012675,2.915257,2.5127976,3.227076,2.207911,2.3217068,1.4896007,3.3766656,3.0216777,2.3415604,2.874747,2.6409066,2.2252662,3.3278089,2.9953334,3.1883376,3.089008,3.433046,2.7215054,2.1917922,3.1175616,2.039148,2.4318638,3.5191402,2.4312892,2.9808702,1.8404288,1.8806796,3.2690322,3.4440715,2.547788,2.654737,4.853133,3.0272768,2.6379232,1.9173805,1.2067388,1.844887,2.494215,2.5951862,1.9034274,1.8631172,3.3198178,2.6169732,2.1325693,3.5745256,2.7866182,4.551259,1.8363343,2.7710552,1.4756951,2.1822817,1.6947081,3.482541,3.5478332,1.8294266,2.2317553,0.96982,1.848223,2.5566735,2.8097522,2.6705222,2.6591346,2.9148707,2.9752529,1.7394543,2.4989638,2.388414,2.6339588,1.9685227,4.7491555,2.9752529,2.8898654,9.850864,2.713559,3.1051397,1.736152,2.4130018,2.6527197,3.215301,2.9010422,3.4201548,2.9283543,2.7639232,3.4710999,1.9495337,1.9227527,2.9535995,1.2409202,2.456216,2.3537462,2.3970299,2.9497957,2.5882916,2.721956,2.6165147,2.201367,1.7399296,2.3174636,1.8527796,2.4101715,2.3291724,1.5227035,2.0476274,2.07363,2.5831125,3.0258203,0.36378774,2.0613756,2.6661713,1.9303669,2.7424002,2.0534084,4.2353234,2.7411647,2.2961125,3.3793435,2.1777887,2.0994048,2.0425687,3.6408803,2.687858,2.348799,1.381823,2.0782087,1.6859753,1.647639,1.5772414,4.3612413,1.7315018,4.064322,1.9365405,1.8449045,2.0275283,2.1979656,2.2058263,2.3412282,0.982737,1.9598224,2.9178534,1.266749,2.1969385,2.7178433,3.1539185,2.7212517,3.1268995,2.3832083,2.2689366,1.869149,3.696738,3.1680417,2.7651284,2.5382574,3.24488,2.2607977,2.6165252,5.4656796,0.936669,2.6420717,1.6611694,2.484877,3.3688014,1.7484677,2.4249456,1.7756332,1.8006564,1.9328101,3.374591,0.77776694,2.8376892,2.6810908,2.8464444,2.9336262,1.7284131,2.7572885,2.9494486,2.872394,1.1597582,2.1703827,2.7395663,2.0688956,2.6021726,2.3633769,2.2336152,2.3015401,3.8383956,3.5311365,2.2124841,1.0114027,3.1905997,3.1851466,2.339008,2.3378067,4.3663964,2.1374671,3.757813,0.9232015,4.2294717,1.2219667,2.0955849,2.68607,2.2234,4.6032214,2.5956483,3.007658,3.090531,1.6819949,3.068119,2.6833632,0.9960422,4.054454,1.6782091,2.006606,2.8929522,3.1347976,4.312436,4.4829745,2.7509625,3.0857239,2.5707927,2.1736026,2.8721225,1.206944,4.4770346,3.0571213,2.4723284,2.1782203,2.4388883,2.0950406,0.8036339,2.483468,4.0048776,2.2921572,2.4112773,4.014791,4.5257506,2.510192,1.7215352,1.5520442,2.765359,2.234086,3.4045365,3.0150561,2.2635806,2.5498736,2.849668,1.6812199,4.7225447,2.700989,2.2349916,4.447613,2.8564856,3.5491521,3.022807
3.0898483,4.616124,4.1549163,5.547884,4.601655,4.6218915,3.4867673,3.6016586,3.963435,3.797644,3.4824564,3.425789,2.5412507,3.3830726,5.4472623,2.6168613,4.598736,3.7361634,4.6299305,1.606607,3.6043918,4.0193043,4.1708784,1.5451883,2.9541433,3.8391027,3.3647277,1.8254023,3.220674,2.415876,3.7427177,3.8426292,2.8269384,3.4108236,2.836607,3.3269696,4.188333,3.4320827,2.3213823,4.045425,3.492094,3.22292,3.4371967,3.3888988,2.0183806,4.8034296,4.446493,3.551916,3.7742705,4.0386653,3.458653,4.418548,4.019883,4.1049547,4.0263944,5.16948,3.9809525,3.3902545,5.0106463,3.8653135,3.1372209,4.5526767,2.965323,3.2705717,2.9819562,1.0368067,4.702077,4.5604167,3.8420684,3.8257813,6.267932,4.063593,3.7524633,2.8683648,2.6453917,2.8016443,3.306278,3.855797,3.038224,2.9957814,4.748009,3.6386638,3.3195598,5.29765,3.5844474,5.213778,2.9159358,4.0621877,2.5248938,3.1537917,1.7945123,4.512951,4.5754313,2.8766055,3.521138,2.2680838,2.3864708,4.065406,2.55581,1.6395642,3.8838265,3.7650368,4.3001842,2.6180742,3.514993,3.400479,3.690243,3.0026186,5.4712543,4.3001842,4.155794,9.221838,4.674142,4.0230637,2.6559103,3.273693,3.3841276,3.9122612,4.0502806,4.2686987,3.5110881,3.250551,4.680465,3.0945125,2.931606,3.6769893,2.4239237,1.1246176,3.7796097,3.6232738,4.7774234,3.6408372,3.9065912,3.6415758,3.3958766,2.7652957,3.5882282,2.6956255,4.3498316,3.5133576,3.273937,3.0607426,1.4535882,3.8465848,3.7577527,1.7423135,3.0418558,3.9113061,2.8255455,3.8436124,3.1650324,5.521512,3.7653828,3.2810912,4.470583,3.0710957,3.1721675,4.055575,5.3784347,4.513082,4.0719194,2.710013,3.142277,2.514254,2.6601956,3.4147177,4.7687664,1.9795632,5.6833158,3.9247284,2.9454665,1.8979447,3.2786872,3.3142254,3.7271621,2.798363,3.0882113,4.092717,2.7187324,3.3583043,3.9219859,4.515022,3.8912957,4.279556,4.030808,3.002413,2.971504,5.023024,3.9627743,3.6922517,3.7810216,3.3278668,3.320305,3.2761385,5.7792363,1.9456964,3.8347592,2.8545022,4.2921257,5.145248,2.6185243,3.660912,2.8122087,3.5355806,3.0395775,5.076811,2.4845166,3.4625475,3.0317032,4.2295628,3.6173832,2.7598133,3.8204567,3.9417908,3.6990979,2.1676645,3.1904929,3.7804139,3.620338,3.809661,3.0585036,3.3952274,3.549907,4.0510936,4.318119,3.799518,2.9538205,5.0433636,4.349235,3.6535215,3.5586739,4.78231,2.7851534,4.873073,2.6175067,3.2912388,2.8316429,2.710186,2.105894,4.1634226,6.079285,3.6555138,4.760425,3.6122422,1.8925986,3.297064,4.091779,2.741095,4.867613,2.5248919,2.6229103,3.941467,4.259526,5.0136256,4.920981,4.541051,4.424257,4.070625,3.3738785,3.8774142,1.7700189,5.8339596,3.9890494,4.319252,3.4839208,3.7002645,2.977051,1.5228089,1.5319536,4.6419454,3.541887,4.277684,5.18991,5.19648,3.9484832,3.099485,2.4459987,3.7979577,2.646812,4.0257483,3.8683126,3.2134125,3.6766365,3.786273,2.6625395,5.035234,3.8312535,2.9471693,5.8755436,1.6973416,4.6531157,3.9156997
1.1196473,1.8263865,1.9611069,4.072237,2.659336,2.283738,0.85113543,1.0818669,0.948731,1.6288984,0.8891726,1.0739652,2.4616847,1.0786562,3.8846743,2.06707,2.7932615,1.9426391,2.6321163,2.5655265,0.84302866,1.1577876,2.875339,3.1682546,4.67974,1.7519082,5.288788,2.3132238,1.2966467,1.5883483,0.9797536,1.6027136,1.1846143,2.9297862,1.2954922,1.9441041,1.0196242,0.9625791,3.547793,2.2988324,1.5172746,3.3032882,0.9009364,1.178018,2.9294658,2.144511,1.3717351,0.71374,2.169087,0.94598186,0.9553106,3.1896868,2.6012995,2.5313942,1.9186219,3.338449,1.0443449,0.4988061,2.7683613,2.6190202,1.784113,2.9632318,2.3634415,3.0000403,2.3483133,3.4364955,2.5217357,1.9505538,0.75019526,0.98952603,5.08318,2.7938871,0.9556269,1.8058623,1.8237591,1.2225524,1.8086419,0.690021,1.1340718,1.1387485,1.8415629,0.94097567,1.1131964,3.527519,1.9052086,3.4623888,1.1285083,3.3422954,2.454362,1.624283,2.3743217,2.0826936,2.1433032,1.148426,0.8358509,1.7974622,1.516,2.6829553,3.2864661,3.8110645,0.9146306,1.686106,1.440415,1.2895902,1.3039582,1.4138154,0.98090786,1.64573,3.6455655,1.440415,0.966847,10.498809,2.566376,1.8582158,1.6756008,1.5729249,2.0173862,2.2737782,1.3209804,2.7184153,2.6887188,2.343301,3.160139,1.1320987,1.2053185,2.2858381,2.5469067,3.7030911,0.67199755,1.519958,2.7691944,0.9504456,1.0146441,1.7384542,1.0326157,1.2333387,0.9312862,2.0035827,1.3930329,0.70859164,2.2172623,1.0977527,3.1624572,0.9374591,2.2692482,2.3427246,0.94732636,1.0151877,2.2412493,1.2520235,1.0819975,4.075956,1.7404468,1.6834265,1.8731928,0.99860656,1.6882719,1.9496605,3.179273,1.7674341,2.6531265,2.5673678,1.3569399,3.0899456,2.7430315,1.0821807,3.578937,2.332987,4.091098,1.983932,1.1345354,2.6818984,1.2685422,1.0528119,1.2594442,2.343951,1.134989,1.0913584,2.0158844,1.0783927,1.0353754,1.3862885,1.0032269,2.9416301,2.2867162,1.8676267,1.118401,2.8146484,2.0635736,2.7079604,1.7160501,2.9724083,1.3040884,2.103228,4.5174336,1.803969,1.0226785,2.7551703,2.7509084,3.1420236,2.1719992,1.4522105,2.8645566,1.3819433,2.529878,3.453582,2.2599928,2.9179382,3.1705208,1.2362651,2.2069695,2.4292002,1.7578968,1.8826226,2.1597285,2.426498,0.98788565,2.5636787,2.498784,1.0174792,2.0653622,1.4217814,1.2863292,3.320472,2.3849058,2.4029903,2.183826,2.692513,1.6579709,0.59321177,1.0757008,3.4390445,2.1409454,3.2083404,2.4252403,5.343148,1.6489577,2.6429517,3.6521537,1.4857194,4.766928,0.9389515,3.1433394,3.4003367,3.1193974,3.2810402,0.8227158,1.9663199,2.7912066,1.8534638,1.9610178,1.5805845,2.8312993,3.1538007,3.549096,2.7561004,1.6107262,3.179421,0.99693453,2.8442671,2.8935611,4.3207293,1.931242,1.6531808,2.1991792,1.6969093,1.4005595,2.5328143,3.94213,2.8830044,0.72614706,2.4285507,3.4216223,3.421416,1.9131494,2.557335,2.8210843,2.1072145,3.0942466,2.4860477,2.134593,1.6445857,0.9633208,1.9776243,1.2208271,3.9208593,0.9752106,2.7970142,3.8320882,4.1668034,2.0797122,1.9960142
1.6617378,3.7019145,1.7454816,3.2579117,3.3086264,3.3836672,1.6246133,1.2682997,2.7941582,0.6811022,1.5230801,1.3743359,1.6613834,1.3399081,4.1324997,1.6887922,2.3279893,3.0376189,3.8924084,2.1835945,1.5029317,3.171676,2.2337544,2.9736655,5.781548,1.7536917,5.6490116,1.7655642,1.3929149,2.391575,1.5753014,3.6215148,1.4935207,2.6320271,1.5206629,0.95891577,3.0380445,1.9461145,3.2781549,2.1353648,1.5249025,2.5722928,1.4828957,1.5648572,2.8606057,4.2032857,3.3630457,1.6080635,2.0001085,2.8506024,1.4551181,2.6333923,1.8602271,0.80878925,2.0379105,3.4696126,1.6369586,2.218734,3.9880626,3.5326667,1.9205743,2.6225393,0.9615299,2.050811,1.5033535,3.34148,3.7783628,3.374705,2.7844663,1.6330906,4.7558184,2.150022,1.7596819,0.8290629,3.1144981,1.5520985,1.7400268,2.5865104,1.363074,1.3640642,3.858555,2.3768053,1.2914096,3.6075673,1.6132424,4.542462,1.4384792,3.1431766,1.73774,1.3742645,1.9886464,3.3605325,3.4702103,1.475173,1.5642468,2.79913,2.354389,2.1591003,2.8734653,3.492208,2.5312178,2.909953,3.3686998,1.6753068,1.5969903,1.4546901,1.8394754,1.3249526,4.9158816,3.3686998,2.446478,11.147851,2.9596453,2.705177,1.4119405,1.6133231,1.9230528,2.4412715,2.7452137,2.9667556,1.9578221,2.008636,2.6980805,1.3524646,1.5393475,2.2268167,3.6437657,3.831701,2.7386675,0.6820578,4.0691323,1.8345832,1.7082405,1.5914264,1.3781337,1.462099,1.4415722,0.9168497,2.6724582,2.6007068,3.4202752,1.5678089,2.8657815,1.5849522,2.166939,2.6424189,1.7272907,1.5967091,1.038553,2.108093,1.4339875,3.333674,1.5611149,1.384864,3.2239392,1.8442256,1.2750337,3.107974,4.7993016,3.229819,4.0904355,3.1951332,1.126234,3.0213053,2.4619725,1.8818095,3.7721043,1.7499657,3.962133,2.8228605,1.4151753,2.4838367,1.2859758,1.4309528,0.95866203,3.2528915,1.405748,2.7112126,2.9703796,1.3317933,1.6492152,3.1603584,1.7446795,2.199178,2.0215244,1.5717927,1.4153957,3.6884594,2.306881,1.9003351,0.7841561,3.1927605,1.3242834,1.9639865,5.028077,2.4048352,1.53522,2.8145013,3.9471247,4.587198,1.0788741,0.93756497,2.6476004,1.6860042,1.6394218,4.1489744,3.1517398,2.0205688,2.2180197,3.3115501,1.7742167,2.804963,1.7344985,1.8564728,1.7408695,1.9696257,2.7270892,1.7487935,3.1503668,1.4776675,1.6168605,0.90581846,0.8360228,4.7250915,3.2699003,3.6679707,2.560615,4.0391197,3.0675015,2.1410747,1.1907564,3.8041332,0.9579788,1.7263057,3.3028805,5.682961,3.0214434,2.577964,3.2861924,2.1985967,4.3315334,1.8569105,4.4483685,2.1809418,3.9483411,2.249563,2.7854333,3.1452148,3.775572,1.3189244,1.4078213,2.1063995,2.0759244,4.22125,3.9795945,3.8527834,3.5716496,3.405651,1.3806037,1.923583,2.3827248,3.710437,2.017062,3.1114223,0.98831654,0.6528512,1.4265934,3.1234303,3.926635,3.4825952,1.8005503,2.973811,2.0819778,4.5020194,2.7602887,3.5764632,2.7483647,1.9752846,3.4085317,2.7360911,1.9980879,1.4053653,1.5819277,1.7106158,1.5777416,4.159791,1.820524,2.0074785,3.1119902,4.3462286,3.6422844,1.9851592
4.633661,5.162108,3.203021,2.4710915,2.1973996,2.7818112,4.557287,4.5645523,4.6396313,4.4295354,4.42699,4.605154,4.012452,4.5541787,0.8882209,4.5867925,2.5411606,3.1331165,2.8566537,5.0600185,4.87047,5.174391,2.8743978,4.510125,7.1452336,4.1339846,5.8383884,5.135711,4.5311484,4.936671,4.829268,5.355324,4.682292,2.700828,4.621576,4.0320888,4.7857766,5.121922,6.6184573,3.4065557,4.438205,4.780397,4.518634,4.5273986,3.972093,5.032251,4.781268,4.86072,3.9812968,4.5755663,4.467976,2.7464478,3.5146742,4.712291,4.3848834,1.5340893,4.632437,5.026095,2.8661456,2.912723,4.5371256,3.2359102,4.894358,4.4900765,5.0895348,5.0841103,3.196147,4.576093,5.114601,4.812107,0.9864001,3.2131004,4.9031544,4.5897,5.0666413,4.710271,4.371464,4.975692,4.501276,4.513975,4.89655,5.072549,4.448073,1.3912004,4.542503,5.0593257,4.611205,2.0088322,3.9608955,4.286918,4.971637,4.554311,4.605055,4.6419735,4.444386,5.160564,5.5827537,2.6463628,4.7980514,5.34365,4.692029,4.7808366,4.722969,4.8085146,4.5726724,4.4492908,4.9742985,4.187515,5.1871448,4.722969,4.752279,9.616659,2.6187162,4.476154,4.39068,4.5329013,4.345197,4.498574,4.5811453,3.759274,4.161372,4.540655,2.6289046,4.477023,4.5880227,4.208189,4.59498,5.6698265,4.756801,4.503834,2.9730773,4.9857554,4.7823524,4.1534863,4.4893966,4.636708,4.481882,4.9526095,3.9310565,5.0510893,3.7244706,4.689059,5.0500693,4.6334558,4.287917,4.551365,5.2422338,4.652294,4.3349853,4.518956,4.548264,2.2884293,4.254212,4.2245417,4.5844326,5.250231,4.1009645,3.4766133,3.7243629,3.4476607,3.743101,3.468573,4.5107193,3.4692705,3.406482,3.87245,4.810365,4.911653,1.0551505,3.096539,4.564671,4.8372335,4.490879,4.6158648,4.4358697,4.300398,4.474333,4.8922925,3.7630367,4.528159,4.7409887,4.655105,4.8097177,2.9722917,2.813079,4.4398327,4.571377,3.0887322,4.531573,3.476433,4.261845,4.8999805,4.488806,4.3634987,5.6899834,5.2123027,4.767745,3.1172833,3.0586097,3.2859006,4.916404,4.345837,3.2136068,3.5691261,3.610091,1.6469866,4.2272,3.8498971,4.067727,5.0050874,4.5082517,5.8235826,4.107255,4.2274504,4.2257314,4.142251,5.3198466,3.452751,2.6443336,4.7385473,4.336006,4.430769,4.680991,5.780969,4.5894194,3.2382212,3.5516953,3.048458,4.4840226,4.562233,4.6032863,5.0425906,4.7822595,4.057468,4.5184803,5.9116216,4.8516746,6.187796,4.8798313,3.8112676,1.2740324,4.981989,3.1180902,3.9001727,4.8863235,4.390645,4.735972,4.422053,4.757415,4.4745274,4.640309,4.358644,3.1648932,4.986142,5.0295386,2.6174438,4.7683535,1.9314703,4.5130625,3.3217537,4.819634,1.983961,4.350712,3.4784467,3.874261,4.3173585,4.677253,4.861355,5.150293,4.819573,4.5651927,2.4114776,3.8927977,5.052965,3.1360757,3.5152183,3.5384414,3.7291763,6.53111,4.5712333,4.231706,4.308781,4.869545,4.1946006,4.7427816,5.1397324,4.8801703,3.7030473,2.9175775,5.568212,4.721114,4.32535
0.7876172,2.5159206,2.2163517,3.9785872,3.445601,3.2380686,0.74604326,0.67724323,1.7452313,1.2089554,0.82983965,0.6070171,2.2776268,0.6597296,4.4702063,1.4671406,2.935896,2.8707752,3.6462126,2.1305242,0.5216222,2.0122037,2.7345517,3.098498,5.0098214,1.3392205,5.253473,1.9602934,0.7622851,2.1628776,0.5497621,2.506356,0.8516646,3.0841668,0.9012741,1.8529154,2.0331635,0.60433227,3.5106618,2.1130242,0.9337304,2.541332,0.73237664,0.75409836,3.004033,3.2446988,2.3596425,0.59991795,1.7294724,1.8607165,0.7648641,3.038323,2.215383,1.716482,1.4101927,3.8785563,0.8446175,1.112038,3.8278587,3.5373647,1.243199,2.7143953,1.5054226,2.245556,2.275598,3.3276827,3.229503,2.3233855,1.6862295,0.6271102,5.389753,2.5161116,0.5947756,1.2628165,2.6635396,0.86122686,1.244751,1.4447118,0.84600896,0.8624892,2.8673244,1.0808572,0.7784106,4.055285,1.1378354,3.5259945,0.8370397,3.597355,2.3489556,1.1290053,1.9188513,2.325651,2.4188945,0.8434051,0.83717144,2.4082174,1.4477458,2.8370054,2.732874,3.4246302,1.4209586,1.7647647,2.3192298,0.9812521,0.7576689,0.86062956,0.5834886,1.2681772,3.8612406,2.3192298,1.3621701,10.589057,3.3257093,1.7466072,1.2995353,0.95373994,1.4516155,1.7487284,1.6617185,2.526914,2.0416455,1.6406108,3.0751147,0.8359614,0.8622644,1.7864773,3.298208,3.527301,1.7722944,1.0363369,3.8430042,0.56581295,0.7184279,1.2669417,0.72887546,0.9331008,0.770795,1.500339,2.4880311,1.4586481,3.1794496,0.7091944,2.8065329,0.769798,1.7116842,2.6649323,0.715151,0.78028446,1.791461,1.124033,0.74115914,4.0285325,1.2000784,1.1803921,2.1670306,0.6540383,1.3005912,3.0362213,4.3465896,2.8344316,3.7763572,3.1204731,0.8241265,3.2801168,2.8241303,1.8350197,3.1240335,1.821899,4.5110097,2.9003437,0.8524085,2.2666512,0.7604467,0.62352514,1.0805024,3.1873384,0.8436511,1.5265658,2.6634026,0.6896392,0.733307,2.134685,0.7086188,2.7397892,2.5667474,1.2561154,0.82915485,3.2299876,1.5457637,2.3404338,1.2693653,2.5045877,0.7665654,1.5303122,4.1750064,2.086739,0.635921,3.0423677,3.7970252,4.271408,1.7867975,1.0113693,3.0000145,1.8502562,2.3724184,4.2334337,3.0014138,2.3941786,2.6536477,2.274125,1.4347199,2.8220966,1.3511469,1.394809,1.530412,2.396635,1.5990728,2.2261612,3.125907,0.6379566,1.4567502,0.9132069,0.8671015,3.5603995,2.3033862,3.3231192,2.8151293,3.7695835,2.0374384,1.1572396,0.6608584,3.0037694,1.40739,2.6914718,3.2188394,5.3103437,2.5807896,2.686661,3.2573028,2.3316398,5.0442333,0.5924821,4.2320704,2.847623,3.574836,2.5836768,1.7753087,2.8568244,2.7852714,1.4334209,1.3226384,1.3056991,2.5655007,3.1889105,3.1717458,3.7218416,2.5328157,3.6953723,0.7139197,2.518212,2.8695467,4.3715568,1.4215559,2.7422216,1.9903545,1.2799853,0.7857839,2.9087791,3.8372602,2.5846558,0.8588505,3.1744149,2.9793732,3.482227,2.4040685,3.3095174,2.96759,1.8104887,3.3566926,2.0010386,1.5857882,1.1128857,0.4921357,1.4154443,0.9673853,3.4551923,0.67935574,2.485071,3.764853,4.069428,2.5488431,1.4521954
1.1634853,2.804188,1.8510655,3.4693582,3.2851005,3.153919,0.94479793,0.6088289,2.0158074,0.7634701,0.9314316,0.7504101,2.3048353,0.78652066,4.2020364,1.6944011,2.512044,2.9386613,3.6575906,2.5031579,0.75648487,2.4027321,2.392443,3.3840868,5.6478095,1.1480005,5.643104,2.2930598,0.9397469,2.5582764,0.6739075,2.9748554,1.2494059,2.9867306,1.2619607,1.6602544,2.2911582,1.1607746,3.8910592,1.8516759,0.93107814,2.5971563,0.8850862,0.9301624,3.2230506,3.5189428,2.5904727,0.9011346,1.5839632,2.101848,0.8656811,2.7037578,1.8650868,1.1851372,1.268495,3.5575252,0.7068208,1.5901977,3.7728279,3.5992033,1.4679075,2.3805037,1.4902865,2.1918411,2.3323984,3.7084668,3.2415721,2.4668887,2.074375,0.6944115,5.0049944,2.200129,0.8331631,1.3054528,3.1085024,1.2835766,1.3169171,1.7964696,1.0912108,1.1233227,3.101905,1.5298918,0.8655251,3.7238364,1.0699893,3.6751325,1.1820804,3.4243112,2.3843765,1.167071,2.2813857,2.462422,2.5665393,1.2164178,0.9435171,2.8810222,2.1155624,2.522819,2.9529347,3.77385,1.6911026,2.0926216,2.5839682,1.4634732,0.8683953,0.9074938,0.9261959,1.3149275,4.034264,2.5839682,1.5141585,10.895836,3.0883286,1.8699207,1.4991637,1.1057227,1.5010848,1.7629344,1.8688298,2.4409168,1.916167,1.7220227,2.6909585,1.0506377,1.2114301,1.7599531,3.7037694,4.0076504,2.0984943,0.6957122,3.8582077,0.9493431,0.7398083,1.111979,0.83715594,1.299904,0.79011136,1.6202805,2.438626,1.9239279,3.4097219,1.1077898,3.1608768,0.72373706,1.6551635,3.0073059,1.3175935,0.6830477,1.7456108,1.2310115,1.001165,3.54032,0.9829436,1.1434667,2.307445,1.314677,1.2498193,3.071285,4.4217706,2.8246715,3.96814,3.3320804,0.9234577,3.4088292,2.8784864,1.8685775,3.1256917,2.1254902,4.134909,2.8694673,1.163341,2.6155765,0.85980767,0.86345655,0.7882734,3.4674323,1.0755961,1.7933136,2.9387286,0.8142608,0.687345,2.2909124,0.7753866,2.358887,2.2684264,1.3844743,1.140577,3.107823,1.5398618,2.087313,0.81575894,2.769764,0.84906864,1.6103677,4.236341,2.5759807,0.6101579,3.1144378,3.8732438,4.3183694,1.8881544,0.66431063,3.0375044,1.7405444,2.2548018,4.096304,3.319347,2.2329822,2.6052737,2.587099,1.3475558,3.1808746,1.1566588,1.1949632,1.3599046,2.5432265,2.1702433,1.9232343,3.154922,0.58728564,1.5100279,0.7608977,0.69476545,4.041409,2.4361448,3.4803157,2.9135456,3.7383962,2.1795695,1.4131252,0.60789084,3.0582206,1.4674829,2.0704763,3.5370452,5.707106,2.983185,3.0441222,3.524994,2.1906483,4.6238565,0.96738774,4.303367,2.6342533,4.0305204,2.5097172,2.0187435,3.1997595,2.8755753,1.6139207,1.5295527,1.2778091,2.1716092,3.3368065,3.2233987,3.7151072,2.7972043,3.5964608,0.8512971,2.2015903,3.0976634,3.8874454,1.2807785,2.7588663,1.7096,0.87674105,1.1011105,3.347904,4.210763,2.645807,1.0890893,3.0280943,2.3394463,3.6300411,2.3776555,3.549675,3.1017272,1.6276252,3.7932043,2.045317,1.4424392,1.1384163,0.7081218,1.2139093,1.4087188,3.4827096,0.86340356,2.4297688,3.165477,4.5084996,2.738123,1.3179475
1.3573737,3.1988482,1.5265965,2.6034849,2.9445863,3.0001516,1.3462366,1.1110537,2.3876295,1.02042,1.2576132,1.1428163,1.8269031,1.1247865,3.5999496,1.3104703,1.8507041,2.7806337,3.4848955,2.2776608,1.5011916,2.9274697,1.436093,2.9289346,5.714992,0.71033084,5.098876,2.2954056,1.0306894,2.8615942,1.3875617,3.4277816,1.443395,2.2312443,1.347166,1.5041457,2.7616022,1.769575,4.227784,1.0042037,0.8085337,1.8330916,1.2654943,1.1104802,2.7109127,3.9016817,3.0109618,1.5984489,0.8147065,2.476452,1.1997435,1.7048631,0.81908995,0.955711,0.96603376,3.02136,1.3301624,2.1827443,3.667824,3.3700573,1.1903099,1.4367188,1.243109,1.3478051,2.584276,3.3545034,2.9719224,2.566568,2.6767218,1.4034402,4.2078934,1.1730679,1.5124,1.2418144,3.421197,1.4597156,0.89666176,2.3667753,1.2502388,1.2832896,3.4934325,2.0550032,1.0870681,3.167494,0.6929685,3.4737272,1.3824952,2.6283276,1.9375821,0.82566696,2.076936,2.4749923,2.5947518,1.4128362,1.3091795,3.1846483,2.5648456,1.8550363,2.304593,3.290987,2.0795379,2.1782126,2.9187489,1.6403804,1.0354142,0.8709492,1.5758984,0.95513767,3.8943105,2.9187489,2.0096002,10.25309,2.888526,1.7645631,1.2702262,0.96289545,0.9623438,1.33362,2.0886898,1.7510169,0.971723,1.1211113,1.7575189,1.20552,1.3306963,1.0963509,3.6943727,3.7250252,2.5728128,1.0052527,3.7377014,1.5984749,1.4150243,0.604374,1.1431061,1.4456372,1.2157837,1.7500665,2.7429955,2.4530058,3.3429115,1.3647707,2.7558527,1.3460615,1.0174255,2.9165885,1.9672348,1.3197439,1.3684086,1.4213935,1.2260754,2.6692085,0.5660862,0.7023006,2.4063866,1.9223115,0.79808635,3.1279964,4.443203,2.8805165,3.9589462,2.964969,1.0111227,2.817989,2.2515004,1.9929879,2.5599222,1.9138876,3.4749138,2.7672758,1.3394489,2.2160447,0.9855763,1.2047862,1.2372372,3.511907,1.2116573,2.2484167,2.7293742,1.1230106,1.3648219,2.653395,1.4468678,1.3834983,1.7631598,0.9690637,1.332408,2.6748185,1.246504,1.0640101,0.76697344,2.2899983,0.9456987,1.043334,3.840481,2.8439558,1.3352784,2.5269969,3.7254312,4.2476583,1.9598306,0.81407046,2.3795037,1.6356988,1.6178182,3.637604,3.2820258,1.2315419,1.7240888,3.0862324,0.73399794,3.6590898,0.68721735,0.75066924,0.5742302,2.1893091,2.7012684,0.9229301,2.6887815,1.3084897,0.912697,0.88271683,1.2661349,4.0393553,2.2441292,3.2719183,2.7362955,3.6681204,2.305988,1.8255794,1.1540267,2.637053,1.2833228,1.480112,3.604192,5.171952,3.2859306,3.5642025,2.9103358,2.4217076,3.8666773,1.6141745,4.1650267,1.6513263,3.868636,1.6133399,2.5035625,3.3093705,2.7208254,1.3837343,1.2535504,1.2018744,1.1781902,3.1725981,2.8003669,3.473775,3.1305985,2.9716208,1.1865566,1.1934184,2.932077,3.0543048,0.92836744,2.8221757,1.3251911,0.92536175,1.1808556,3.2977543,3.7500703,2.3576815,1.5080031,2.6987405,1.7284579,3.4360387,1.9855597,3.280531,2.5261579,0.8329599,4.27997,1.6151482,0.8157813,0.78388387,1.4176219,0.5562834,1.6028057,2.9620273,1.5252416,1.6072388,2.515539,4.1076574,2.8775747,0.86326265
0.8967091,2.9114943,1.5769943,3.3625557,2.9779854,2.913995,0.8225011,0.49531788,2.0098116,0.5188434,0.7363987,0.5727853,1.6912092,0.5397416,3.9332762,1.2970111,2.2880213,2.5498786,3.3821356,1.981889,0.75057983,2.3996067,2.1520338,2.8007672,5.257518,1.1779566,5.2543135,1.7028453,0.6545959,2.0220888,0.82000124,2.8659973,0.8077476,2.504211,0.8438406,1.0984569,2.2866948,1.1757213,3.3753705,1.7514334,0.8547263,2.4008577,0.68371207,0.78958654,2.640836,3.4721003,2.6109445,0.8467397,1.531679,2.0816767,0.6618229,2.5174625,1.7173941,1.197498,1.4479467,3.3075802,0.9289093,1.4659512,3.5292878,3.1508255,1.2982569,2.3562887,1.0972431,1.962069,1.7867146,3.1446524,3.1393664,2.6068466,2.0386012,0.8880487,4.763221,2.0086079,0.99434704,0.6947138,2.6409323,0.8677714,1.1603947,1.8130373,0.6359882,0.65047276,3.1136374,1.581858,0.5129356,3.4721665,1.0871729,3.8310704,0.7305945,3.0141253,1.758372,0.81157184,1.7595874,2.603731,2.7091296,0.77437395,0.7784302,2.3753133,1.790491,2.1467535,2.6208642,3.3098385,1.7346201,2.1278481,2.591331,1.0355759,0.84826654,0.75119835,1.067627,0.83884495,4.1775975,2.591331,1.6790888,10.660715,2.7718534,1.9803277,0.9616287,0.95248616,1.3861362,1.8641747,1.9563377,2.4482315,1.7432473,1.583443,2.5609465,0.61286175,0.8233046,1.7219434,3.1802306,3.528072,1.9939182,0.30982906,3.5766742,1.0593947,0.97042507,1.0338485,0.5828136,0.8127119,0.66253215,1.0392213,2.225608,1.8319266,2.940615,0.8058422,2.6614964,0.8457408,1.6661745,2.3816514,1.0773307,0.87325996,1.1673074,1.3435472,0.65948707,3.4126055,1.0056025,0.8457422,2.4578884,1.143703,0.8164437,2.6983566,4.2252812,2.6539645,3.5811408,2.7984018,0.43613532,2.8334885,2.3116035,1.424694,3.267575,1.5881755,3.900751,2.4638374,0.70463437,2.169087,0.535935,0.6312658,0.50345355,2.91171,0.6640608,1.9205792,2.4517808,0.53456044,0.92259985,2.39785,0.999806,2.155622,1.9046148,1.0762064,0.69395065,3.1097867,1.6937182,1.807832,0.57871145,2.6644995,0.5833398,1.4556221,4.4564695,2.0377028,0.80392534,2.570109,3.4939458,4.0646,1.2900001,0.39328107,2.4865038,1.301468,1.7048742,3.8021457,2.7584143,1.9476398,2.2148435,2.5645823,1.349006,2.6924427,1.1670575,1.3010038,1.3243876,1.8997418,1.9993126,1.6583232,2.7345839,0.7466649,1.2113353,0.2502468,0.30147067,3.9705513,2.5634,3.1143582,2.3288052,3.5300393,2.2967644,1.3523343,0.41555715,3.2418022,0.9673113,2.0850034,2.9714713,5.3030043,2.5280344,2.5916758,3.0887473,1.8982663,4.389035,1.0807652,3.9688883,2.3201423,3.504076,2.238887,2.0284114,2.6897259,3.0717685,1.0305331,1.0673946,1.4105752,2.0078163,3.5054312,3.4062212,3.3951046,2.7997656,3.16833,0.5819282,1.9239426,2.4445202,3.7617383,1.4351187,2.5433812,1.2158908,0.53489816,0.75075006,2.7671382,3.6881957,2.8478365,1.0018853,2.670564,2.3873968,3.7897816,2.1731448,3.0808043,2.5315917,1.5202388,3.3212101,2.1560948,1.4963584,0.8345343,0.81789553,1.2246747,0.9405197,3.6493118,1.0599647,1.9583743,3.1966329,4.031269,2.8620794,1.4300461
0.8014155,3.0059488,1.8309822,3.5847108,3.0131547,2.9750676,1.0228301,0.93453807,2.0955007,1.0866182,0.9599774,0.8348644,1.2779143,0.77882034,3.9845116,0.891718,2.4921017,2.4236004,3.3460338,1.3538584,1.0838009,2.433379,2.2349992,2.1955118,4.7036276,1.4227521,4.7183046,1.1029099,0.70273316,1.6252272,1.2005332,2.7613015,0.49128968,2.2767048,0.5325144,1.1161398,2.392371,1.2658975,2.9465024,1.8928361,1.0293115,2.1648448,0.9022483,0.92643106,2.0959544,3.497294,2.7209394,1.105446,1.6286126,2.1767359,0.9010673,2.5937858,1.8634967,1.6111848,1.6983193,3.428685,1.386062,1.469022,3.5684927,2.962185,1.1630605,2.5215147,0.9325048,1.7940108,1.6076674,2.501842,3.1680143,2.7382197,2.0956204,1.2849598,4.842585,2.0895767,1.3075259,0.40254787,2.2725813,0.5415272,1.1311404,1.9217285,0.5130962,0.48095798,3.1987536,1.6594244,0.7002395,3.5910003,1.2422925,3.867383,0.4889312,2.8812656,1.3416249,0.74658996,1.1343994,2.7181394,2.8188522,0.49966562,1.0135671,1.9396427,1.3997984,2.1990762,2.195651,2.7227073,1.859184,2.1099746,2.6553762,0.60612005,1.0501056,0.90186536,1.3211067,0.64010864,4.20744,2.6553762,1.934736,10.259339,2.8877115,2.0775537,0.4835357,0.95955616,1.3492111,1.9463753,2.079519,2.4988763,1.6884328,1.4595319,2.712574,0.55066794,0.59820783,1.7359948,2.7090466,2.8947363,2.026362,0.89336884,3.5439718,1.2900661,1.373368,1.2222147,0.8084849,0.42118263,0.9973214,0.72234505,2.3937993,1.8087918,2.6486025,0.7059934,2.0531504,1.2664621,1.7295967,1.8107446,0.99232405,1.318647,0.88371795,1.5523918,0.6636124,3.612259,1.2801032,0.8662895,2.597304,1.0598569,0.75661725,2.6544368,4.2205315,2.7510312,3.3860214,2.378888,0.4685962,2.369594,1.9059343,1.4087586,3.3013532,0.9830774,4.02485,2.4163663,0.4867185,1.6067843,0.67511535,0.77906394,1.0337061,2.5347912,0.58659166,2.08318,2.0626242,0.7530518,1.3543727,2.577564,1.3824623,2.2788436,2.005698,0.88232857,0.5054569,3.234735,1.8438486,1.7986231,1.0842432,2.420802,0.7395486,1.3556875,4.506196,1.522752,1.2446501,2.1929836,3.355921,4.030521,0.9544718,0.92932254,2.1063535,1.3559308,1.4698174,3.7870448,2.3198097,1.8327818,1.9308594,2.6251397,1.4416316,2.383638,1.4050381,1.5567943,1.4531019,1.3804325,1.8453535,1.7199752,2.5326784,1.2001016,1.035314,0.6613439,0.8490541,3.7247362,2.622061,2.9123306,2.0207028,3.5786493,2.4353695,1.4785138,0.87560993,3.290054,0.6676411,2.4811833,2.557982,4.753227,2.2063327,2.2952952,2.559825,2.085901,4.5072036,1.3116347,3.8586714,2.2000544,2.9347506,2.0397153,2.1631348,2.3183274,3.1818256,0.48071143,0.6278816,1.6348052,2.1647782,3.5599356,3.4556327,3.330874,2.8559902,3.012741,0.79291975,1.9606022,1.896345,3.96253,1.671226,2.605809,1.2805128,1.0176396,0.5720981,2.177012,3.0699286,2.943402,1.1747195,2.6773858,2.7967892,3.8306363,2.1740162,2.7222002,2.0667076,1.6248317,2.9483166,2.2104423,1.6532224,0.81242985,1.1614604,1.4274734,0.51143354,3.6771033,1.3879739,1.661912,3.5723517,3.4157639,2.9639177,1.6325228
0.7536314,2.7175274,1.7033393,3.571127,3.006139,2.8841927,0.6626886,0.41412583,1.822187,0.72514355,0.6116806,0.44848529,1.8071749,0.42740667,4.022064,1.3324656,2.4559114,2.4968023,3.328023,1.974589,0.5366672,2.171772,2.3349242,2.816591,5.08406,1.2388964,5.218805,1.6916887,0.6028636,1.8748661,0.6592725,2.631869,0.6686685,2.6191022,0.7424288,1.2562689,2.0870469,0.95024645,3.3034651,1.8690984,0.86881346,2.5058107,0.53662413,0.69985116,2.6654313,3.2758267,2.4212036,0.6173251,1.620666,1.8974628,0.54193765,2.6908157,1.9064097,1.4446471,1.4756718,3.4084609,0.8335997,1.2170708,3.4835992,3.117714,1.2758487,2.5000634,1.2571597,2.109685,1.8190968,3.1275582,3.0845973,2.4825978,1.8028407,0.7401022,4.9204073,2.186768,0.8168213,0.8183619,2.4623287,0.73032755,1.1912891,1.5901475,0.5331276,0.5444746,2.9245615,1.365183,0.44139427,3.5794182,1.1517326,3.749557,0.5943295,3.134662,1.8634386,0.8755194,1.7528986,2.4952002,2.5951169,0.6352528,0.64253384,2.2057433,1.5735408,2.308641,2.671919,3.3221788,1.5526333,1.9857591,2.4055135,0.8899946,0.7855411,0.747882,0.87849796,0.9151494,4.07708,2.4055135,1.5127509,10.625973,2.8202107,1.9066013,0.9846101,0.9395983,1.4278682,1.8762269,1.8102322,2.4929812,1.8891596,1.6441748,2.729583,0.5186001,0.7073494,1.7767831,3.053563,3.4716194,1.7806755,0.5287306,3.5158913,0.8604282,0.8358578,1.113156,0.47455114,0.6954834,0.5481229,1.1042341,2.1400292,1.592703,2.8451507,0.64751965,2.6661487,0.72328895,1.7251006,2.3212624,0.82176965,0.76690835,1.3311838,1.2424271,0.5322761,3.6143029,1.0871695,0.93291414,2.3375442,0.8944401,0.9297354,2.630301,4.1213784,2.57086,3.4739254,2.766619,0.45117936,2.8811073,2.3912675,1.3664451,3.2906032,1.6093651,4.0349317,2.4412944,0.58164215,2.1667893,0.5046111,0.48755458,0.57142407,2.8149996,0.56724554,1.7345247,2.3723729,0.42764148,0.80287194,2.2335954,0.8561354,2.3508413,2.0361657,1.124939,0.56541544,3.1078892,1.6923583,1.9936095,0.8092084,2.6449046,0.56099147,1.4994472,4.4371443,1.8883203,0.6750745,2.6191428,3.4330902,3.9847977,1.3597692,0.5667342,2.566246,1.3303195,1.8660992,3.8306284,2.6622832,2.1218398,2.3706455,2.350639,1.4395825,2.5655975,1.2337203,1.3610375,1.4370695,1.9548767,1.7481891,1.8527211,2.7402027,0.62205964,1.2972044,0.42436558,0.3445542,3.805477,2.4940267,3.0380354,2.3199775,3.4687033,2.1710317,1.1667855,0.31638342,3.2341716,1.0983486,2.3369105,2.8672922,5.26727,2.353632,2.4873269,3.12822,1.8706558,4.5565505,0.88178277,3.900517,2.525254,3.398086,2.3995328,1.8315107,2.557652,2.9999192,1.0826293,1.1182474,1.3761585,2.2044818,3.4214387,3.3951535,3.3607013,2.612875,3.236667,0.4540087,2.128056,2.4674299,3.9514883,1.4693108,2.4564998,1.4223523,0.7690308,0.6822135,2.6670756,3.6754987,2.813412,0.8272648,2.7040927,2.6304386,3.7077653,2.1604333,3.0106924,2.5774179,1.6184664,3.1868374,2.1581962,1.5685227,0.8975427,0.6389538,1.3213551,0.7955449,3.6621044,0.8940649,2.1061592,3.3936417,3.9888344,2.7205749,1.4785708
2.0433733,4.246635,2.090273,3.2797122,3.5239332,3.7151544,2.1566367,1.8714986,3.317854,1.3781385,2.0497367,1.9029232,1.2707192,1.8527927,4.224565,1.6591364,2.4880495,3.2519681,4.1650867,1.8675058,2.126532,3.6990771,2.2419338,2.5466497,5.69141,2.1638837,5.332,1.4804093,1.7961751,2.5141122,2.2070358,4.0583186,1.8025289,2.4269984,1.8000975,1.0854197,3.593092,2.4655933,3.0439258,2.3646777,1.9394928,2.3448055,2.0113184,2.0246472,2.5146618,4.7064085,3.9168785,2.2080417,2.2407858,3.3807647,1.9815665,2.6298444,1.9642437,1.20543,2.4658644,3.6255856,2.2998538,2.7239084,4.3096986,3.6315033,2.1470659,2.7834013,0.7993827,1.8326674,1.441354,2.91495,4.115444,3.8703003,3.3293574,2.2758741,4.702045,2.179879,2.3722024,0.9378517,3.2744682,1.8464296,1.9918325,3.148117,1.7370731,1.7241931,4.3985615,2.8995602,1.7699463,3.7420235,1.952893,4.8962417,1.7808876,3.0008078,1.3656646,1.6314648,1.726845,3.8239698,3.936352,1.8026011,2.1046875,2.9005082,2.5761442,2.1712844,2.5737972,3.038493,3.0672328,3.3094332,3.8834157,1.9113253,2.073769,1.8734641,2.4260948,1.5022154,5.2919254,3.8834157,3.0558133,10.929644,3.2149067,3.1167374,1.4848436,1.9461358,2.1310868,2.7383368,3.2516794,3.1813197,1.924252,2.0907633,2.7862692,1.7440258,1.8616612,2.4271834,3.6317747,3.4858303,3.2508726,1.34893,4.348982,2.4129345,2.3549488,1.9554732,1.8879625,1.7365613,2.0171645,0.8682995,3.1698425,3.0902286,3.5349834,1.9598563,2.4640238,2.2305956,2.4025707,2.4557858,2.1785073,2.2521849,0.7372402,2.6226664,1.8584547,3.346266,1.9825674,1.6604708,3.7195828,2.2881274,1.4910831,3.398296,5.1602163,3.6651123,4.2897677,3.1018016,1.5181056,2.691843,2.1606717,2.2375066,3.9601824,1.4667239,4.0319986,3.0554748,1.7616664,2.2263813,1.7248566,1.9181783,1.6314249,3.2725399,1.7883635,3.278365,3.0135083,1.8342148,2.3045232,3.7357793,2.3846226,2.2201412,2.176191,1.7134912,1.7745234,4.0316353,2.678767,1.8281279,1.3741724,3.2231238,1.7639151,2.1153731,5.277803,2.437084,2.190791,2.607145,4.1304092,4.8873563,0.8689748,1.5317574,2.360934,2.0109742,1.3350126,4.295655,3.1359336,1.8230648,1.8120378,3.8508196,2.0106702,2.8758154,2.1357803,2.2660522,1.9886916,1.6196444,3.1408942,1.7576956,3.2012901,2.134767,1.6892335,1.4156655,1.5089391,4.951346,3.638403,3.8367224,2.5309327,4.3935556,3.569327,2.6735196,1.8024089,4.0530176,0.84360147,1.9166375,3.294682,5.3479576,3.2217329,2.5969155,2.8620965,2.6560838,4.3001075,2.4369595,4.6609745,1.7966723,3.797565,1.9199759,3.3528254,3.2461562,4.1837673,1.2681209,1.3938296,2.57714,2.145336,4.5956306,4.2338924,4.068415,4.0839148,3.3512747,1.8912556,1.8359462,1.9307821,3.7428815,2.4287965,3.524439,1.0175897,1.264561,1.7397993,2.9690912,3.49907,3.8246102,2.3365145,3.1631436,2.2837443,4.8606105,3.0419092,3.5957,2.4535024,2.2173183,3.3885796,3.011159,2.304643,1.6797293,2.198798,2.047845,1.833238,4.347116,2.4408817,1.6668435,3.3428776,3.9777434,4.1357403,2.3568223
3.3280356,4.243573,1.439051,2.0443683,1.8831456,2.2672324,3.0635808,2.8856568,3.5018384,2.4631753,2.9110057,3.054664,3.0127976,3.0122485,2.154502,3.5841305,1.2646453,2.6285026,2.862404,4.190938,3.158431,4.0046535,2.1803265,4.249551,7.0986137,2.9029298,6.6430044,3.8948772,3.1377208,3.6596003,3.1576924,4.419011,3.3291175,2.5855253,3.3343787,2.290627,3.5731416,3.649877,5.1681147,2.5796285,3.1062305,4.238972,2.9856577,3.1403928,3.7968094,4.2569695,3.7029808,3.194048,3.0648015,3.4284453,2.9381409,2.429943,2.5254626,2.8308878,3.2231154,1.4413456,2.9281988,3.5873437,2.6394773,2.8174872,3.5355768,2.727621,3.4314368,3.713058,3.2472022,4.8220797,3.2426953,3.8413606,3.750888,3.1380308,2.7200553,2.5040948,3.2995076,3.0573022,4.0489216,3.3936403,3.292179,3.606933,3.083343,3.1004078,3.9925604,3.747622,2.9293115,1.4898449,3.287825,5.008371,3.2222235,2.430839,2.9770885,3.0332832,4.020889,3.8964114,3.9769845,3.2750034,2.915776,4.0537057,4.303185,1.5861111,4.4857683,5.163596,3.4676945,3.973326,3.7955637,3.5465944,3.1814,3.0836833,3.4235268,2.9509323,5.230003,3.7955637,3.3507648,11.455858,1.3206444,3.6429572,3.206242,3.3036807,3.391055,3.6661015,3.5503547,3.4607232,3.3478644,3.6641257,2.2089803,3.048524,3.2828014,3.4286656,4.2531323,5.477591,3.4938738,2.6260698,2.9434192,3.439571,3.1236823,2.909927,2.961205,3.2957695,2.8747718,3.3118632,2.3076646,3.7678578,3.37432,3.3200948,4.6044345,2.9445448,3.4202697,3.8018494,3.6562498,2.954425,2.9641826,3.2590714,3.1213398,2.0400174,2.9217353,2.9682455,3.7887747,3.7509093,2.8220646,2.5012932,3.7332895,2.5846825,3.5843735,3.4552205,3.017957,3.513381,3.084078,2.3866134,4.6311226,3.8515768,1.7722242,2.1576126,3.1733415,4.2531514,3.0262969,3.1239731,2.497716,3.6053357,3.0787094,3.6463654,3.4325917,2.9950001,3.0554144,3.5560179,3.1698475,2.182165,1.4710155,3.3376832,3.1708937,3.126994,3.5449116,2.675437,2.424877,4.5928864,3.0430827,3.470024,5.7409253,4.0255227,3.0532355,3.0658612,3.0664155,3.4196463,3.3010924,2.5939665,3.0638013,2.0800161,2.597519,2.5351975,3.6809683,3.1695316,3.5336018,3.850749,3.395509,4.2409806,2.8795927,3.0261664,3.1275578,3.2641678,4.084361,2.4706042,2.7397292,3.0088756,3.307654,2.7743285,2.7816954,5.6982408,4.056549,3.2959354,2.738019,2.8145897,3.618848,3.1970634,2.8849893,4.7451167,3.3422565,2.237023,3.812192,6.6999598,3.813201,4.4632993,4.784284,1.9273242,2.229555,3.43955,3.3764884,3.2535863,4.844029,3.7615874,3.4399972,3.6781719,4.3404,3.2509265,3.461748,3.189077,2.2570198,4.7718205,4.8188114,2.747241,3.9019842,2.4826326,2.9769876,2.464236,3.8557203,2.076167,3.2064672,2.5752919,2.2013068,2.4319322,3.3405883,4.3002896,5.2459736,4.3368773,3.1078415,1.8043869,2.1272538,4.97645,2.6783328,3.619418,3.3935122,2.8171794,5.0424404,3.8871427,3.209509,3.058462,3.2162127,3.009829,3.4271102,5.03713,3.2850032,3.0884507,1.6831145,5.728853,4.0625305,3.2187915
0.7458373,2.369933,2.168489,4.0745,3.2969804,3.0565655,0.6630395,0.6925974,1.5628673,1.2633928,0.7510352,0.62140614,2.246954,0.6583142,4.389499,1.5567021,2.9455838,2.6563826,3.4438257,2.118427,0.39352304,1.7823138,2.8131726,3.030666,4.82427,1.4811202,5.230508,1.8847904,0.8218779,1.8628011,0.55720115,2.2460332,0.75937206,3.0449846,0.86337924,1.7993933,1.8051466,0.5021464,3.3292713,2.2141569,1.0776757,2.7401705,0.6561144,0.7987686,2.920089,2.9973025,2.148772,0.39708483,1.8845451,1.6609232,0.71307355,3.134594,2.3568788,1.9281273,1.5952866,3.8039436,0.86014736,0.8214258,3.618594,3.31472,1.3595681,2.8536804,1.6587863,2.442944,2.1365142,3.2531905,3.1274855,2.2866235,1.419479,0.63937426,5.3837934,2.6323073,0.5848725,1.2875806,2.3383658,0.7833672,1.3863755,1.2255555,0.77751255,0.78375626,2.6491876,0.9561146,0.76006395,3.984337,1.3615291,3.581948,0.7401073,3.5606596,2.2959428,1.2146806,1.9103855,2.322628,2.4080863,0.7476034,0.7432377,2.1041057,1.2374293,2.8155499,2.843752,3.4461899,1.2884194,1.7483777,2.1320472,0.8766295,0.8708733,0.9735713,0.5735061,1.3041977,3.878646,2.1320472,1.2676017,10.594311,3.165789,1.8163867,1.2960356,1.0883256,1.6094487,1.9335365,1.5993123,2.6458106,2.2312782,1.8288488,3.1651604,0.77999455,0.8126324,1.953357,3.0315094,3.4708605,1.5033228,1.0878735,3.622181,0.53085256,0.7382972,1.4069457,0.70116645,0.8393335,0.72062695,1.4728942,2.2374735,1.2002538,2.9161766,0.6523851,2.805064,0.7453711,1.8988087,2.4614286,0.41048852,0.79057306,1.8242085,1.1615317,0.69532895,4.112621,1.367345,1.2869902,2.1467137,0.4193092,1.3586411,2.7739227,4.107732,2.6276886,3.5000079,2.9469512,0.85975003,3.1897218,2.763483,1.6069483,3.3151252,1.829541,4.4726477,2.681054,0.76437986,2.29119,0.8104552,0.60737413,1.0397362,2.8994813,0.7919787,1.4164995,2.462755,0.67864233,0.75987905,1.9942756,0.7238574,2.8376932,2.5117607,1.377955,0.7419855,3.2181828,1.7294153,2.4571905,1.3563653,2.6315112,0.8406217,1.6833217,4.3445764,1.8299052,0.6596343,2.944283,3.5585668,4.038396,1.7330631,1.0812843,2.9363036,1.707272,2.3699803,4.098148,2.7383451,2.5417306,2.771474,2.0259023,1.6671575,2.540371,1.4899719,1.5681676,1.7283912,2.306858,1.3196305,2.3364913,2.9867063,0.6534235,1.5932691,0.9691194,0.8450841,3.4916859,2.3801136,3.1138194,2.6010132,3.5611148,1.9913552,0.980186,0.6548036,3.186437,1.5032684,2.861883,2.9294174,5.2818465,2.2520638,2.4695652,3.3059506,2.113451,5.040782,0.55098933,3.9941542,2.9966621,3.3756232,2.764373,1.559654,2.559076,2.8598766,1.4311714,1.4018509,1.4122832,2.6818197,3.2491527,3.3428566,3.5250218,2.3370337,3.591972,0.6660325,2.627317,2.7432227,4.436502,1.6053873,2.5210123,1.9961269,1.3379363,0.83841205,2.6927288,3.7857616,2.7312918,0.7314505,3.0209515,3.1439114,3.5387983,2.3302171,3.1046834,2.8848472,1.927005,3.0981638,2.1792984,1.7760776,1.2181005,0.48592877,1.5987774,0.8401066,3.6497838,0.6782073,2.540949,3.863492,4.016534,2.48469,1.6422331
2.860789,4.241631,1.4767866,1.7279459,1.7031167,2.2977986,2.8539648,2.763199,3.4209335,2.4744856,2.6968257,2.8039389,1.8588182,2.7378736,1.7946857,2.6529212,0.9835456,2.151792,2.6585922,3.0706549,3.1137562,3.971207,1.1660595,2.772753,6.0152345,2.5059235,5.024803,3.032802,2.6916914,3.1861544,3.1179595,4.2350054,2.8033905,0.8962383,2.7502627,1.8998078,3.6535282,3.435331,4.6143155,1.9156793,2.674981,3.0525064,2.7626183,2.7786784,2.297039,4.3572493,3.8128753,3.1297927,2.3887587,3.4023132,2.708121,1.3841598,1.7729292,2.7056623,2.865341,1.3950558,2.9969804,3.4383242,2.7782333,2.21003,2.8173792,2.0369418,2.7498312,2.6225374,2.981536,3.3879507,2.892759,3.6772795,3.760933,3.1321921,2.2763124,1.5533265,3.2397654,2.4741223,3.5923877,2.8426187,2.6200469,3.5915327,2.6275725,2.6319005,4.1288095,3.565481,2.6070712,1.4473281,2.7771378,4.518151,2.7360873,0.7511663,1.8212242,2.397548,2.9655526,3.639008,3.7310233,2.7694342,2.734697,3.5070174,3.77751,0.5868371,3.1150222,3.6623278,3.35189,3.5245588,3.755429,2.9393523,2.8451946,2.6553283,3.3152733,2.237633,4.8013253,3.755429,3.4069319,9.952976,1.7223115,3.225281,2.410956,2.7503905,2.6520197,3.0642955,3.363046,2.7054594,2.3798523,2.7952,1.4422978,2.6111732,2.7459822,2.6683397,3.3763888,4.0798564,3.4564939,2.5339305,2.8507302,3.3170593,3.1407745,2.4240196,2.691095,2.7354722,2.739452,2.7879512,2.7730474,3.6060548,2.727585,2.8781486,3.2293565,2.9640994,2.733025,2.7890387,3.4087906,2.9924202,2.1434653,3.0324292,2.7220006,1.641807,2.5370195,2.3547616,3.607116,3.4573174,2.1558,2.5055854,3.8240473,2.7342262,3.2204971,2.2296162,2.5747209,1.9183737,1.5537186,2.2084925,3.8711803,2.8476136,1.6356765,1.9698261,2.688715,3.0074794,2.632458,2.812763,2.5541282,2.9698188,2.624263,3.604557,2.4619372,2.7060912,3.0879834,3.654594,3.1739345,1.2883024,0.96557105,2.5621037,2.7009773,2.803232,3.0719357,1.6056478,2.3117783,3.532477,2.6471791,2.6531215,5.099055,3.3811681,3.0641208,1.5526068,2.6998847,3.3971133,2.7322173,2.4450078,1.4636319,1.8018311,1.4117104,2.1313944,2.8498251,1.9931228,2.1536117,3.9218268,2.7635827,3.992953,2.4678776,2.6393692,2.5025816,2.0946896,3.8096852,1.554489,1.6897856,3.0174928,2.4530013,2.477986,2.7403314,4.930199,3.5641747,2.6275866,1.9426218,2.9549887,3.4564,3.0670085,2.770566,4.079745,2.641707,2.306,3.14013,5.0707765,3.416758,4.193827,3.246599,2.3820553,1.967912,3.3231785,3.119427,1.9935067,3.6499555,2.5392017,3.5082402,3.0803058,3.9676423,2.415936,2.6267393,2.8877263,1.4846431,4.3190665,4.1608753,2.4244661,3.885103,1.1934326,2.7117636,1.4155511,2.8032134,1.8232815,2.8184087,2.6531243,1.7029747,2.3254237,2.7925744,3.2584088,3.6800787,3.8253148,2.9309394,1.4926596,2.3249862,4.4964356,2.091383,2.6087618,1.8640321,2.139454,4.6822376,3.2438881,2.651628,2.4405332,3.1458297,2.5070179,2.8559165,4.28206,3.2500944,1.6926575,2.1798823,4.201284,3.9062421,2.7611117
1.1013216,3.269685,1.9916307,3.6033444,3.3915794,3.3676546,1.2116808,0.96131706,2.393583,0.904624,1.1642636,0.94274217,1.6052053,0.9176369,4.303304,1.1504883,2.6239498,2.9161017,3.8008473,1.6849303,1.122069,2.7279668,2.3641474,2.6431155,5.175465,1.4800533,5.1415806,1.3950807,0.8897757,2.0948102,1.2002641,3.140359,0.9142678,2.6478646,0.9351838,1.2500348,2.687484,1.3884933,3.1149669,2.03154,1.1014057,2.2024627,1.0898155,1.0934206,2.586688,3.8645325,3.021436,1.2085813,1.7224982,2.4846497,1.0801663,2.7218971,1.8934095,1.185847,1.7044297,3.6975563,1.3816179,1.743919,3.9796803,3.4718032,1.3687755,2.594912,0.6939057,1.7881702,1.682886,2.9314685,3.5494163,2.9696963,2.3709004,1.2811415,5.0506763,2.1865528,1.3394364,0.52653843,2.772592,0.95143753,1.2771001,2.163747,0.8789926,0.87366444,3.5231283,1.8531381,0.89709264,3.853653,1.2014642,4.0768914,0.89921856,3.2242665,1.6971328,0.9583012,1.4741075,2.9394138,3.0456495,0.9162219,1.2125084,2.426977,1.7235202,2.4137633,2.4160519,3.0349462,2.1032858,2.3702486,2.9774866,1.0514891,1.1364652,1.0125115,1.3711591,0.95971996,4.4517193,2.9774866,2.0848997,10.65827,3.1890628,2.2552454,0.94271696,1.0951,1.4784381,2.0132134,2.3144329,2.672298,1.7168643,1.5405285,2.8235917,0.88447624,0.97655696,1.8464801,3.2915118,3.2962227,2.3623798,0.7305261,3.9989111,1.3542733,1.3726665,1.2954966,0.9813134,0.9004071,1.1214303,0.74195576,2.6927392,2.1179242,3.2078583,0.9988049,2.4007916,1.298564,1.7944506,2.3491147,1.1766491,1.3201125,1.0100404,1.692365,0.9393378,3.6609967,1.2830607,1.021344,2.8119962,1.2417034,0.98933816,3.0914764,4.6646943,3.1270516,3.9150898,2.948566,0.6637359,2.853275,2.3444858,1.8105934,3.37167,1.2776195,4.2494082,2.847986,0.8944484,1.9551809,0.8350675,0.9529499,0.9995747,3.074726,0.9247206,2.2803261,2.6447237,0.9129262,1.3415217,2.820391,1.3902524,2.3601418,2.2452102,1.0729126,0.89518315,3.5104182,1.8886129,1.90198,0.9435114,2.6302967,0.8738657,1.5044124,4.5849476,1.9855018,1.2193273,2.6817436,3.8583844,4.490608,1.0357065,0.8632562,2.546767,1.7023169,1.724488,4.1928563,2.8933985,1.913415,2.0695455,2.9389904,1.3958822,2.6555443,1.4678046,1.5718397,1.4528277,1.8156104,2.18935,1.8027151,3.025556,1.1755209,1.1906196,0.6645716,0.7395384,4.092215,2.8084476,3.4431257,2.5227623,3.988338,2.669512,1.7435786,0.89188564,3.359278,0.6016906,2.2206256,3.096702,5.179469,2.7093663,2.4279535,2.8652904,2.3414574,4.679758,1.3804528,4.353693,2.2207603,3.5046847,2.0591176,2.4342778,2.8721604,3.3453815,0.8987609,0.8708739,1.7346146,2.213772,3.7550054,3.541178,3.7940283,3.1882365,3.437357,0.9768766,2.037243,2.2557702,4.039525,1.6847267,3.0026534,1.3420011,0.8776565,0.82154566,2.7283306,3.4967291,3.0414424,1.3918148,3.063444,2.5654347,4.037152,2.5533447,3.2985995,2.5526428,1.764847,3.1918461,2.2933333,1.6810018,0.98528576,1.173623,1.4353465,0.99030995,3.7385914,1.418658,1.9088756,3.5138588,3.8422048,3.220439,1.6490546
2.429224,4.419983,3.3984294,4.590704,4.2189884,4.322172,2.8355572,2.8404732,3.641014,2.9012046,2.8071249,2.6850324,1.6683549,2.6395257,4.971549,1.6878844,3.7746174,3.537458,4.4918685,0.7004934,2.9454236,3.857425,3.247926,1.2603248,4.0127625,2.9853578,3.6969693,1.0676275,2.4369519,2.3961174,3.0477402,3.906288,2.156346,2.772477,2.1279762,2.4928436,3.9519088,2.8737879,2.5204446,3.1801713,2.656212,2.1695004,2.755128,2.6550467,1.6952128,4.8295608,4.2463484,2.9407792,2.880119,3.7382936,2.7574792,3.5059497,3.0147247,2.9865603,3.1844578,4.5998435,3.268304,3.03143,4.836965,3.7967339,2.3526502,3.6334846,1.8260181,2.1343281,2.391043,1.1695801,4.390812,4.1537895,3.6152675,3.1336021,5.6126933,3.0993276,3.0989647,1.9292989,2.9214137,2.134836,2.4500413,3.5186403,2.323821,2.287617,4.6460733,3.1955245,2.5679464,4.7250686,2.6583009,4.828361,2.236259,3.4661262,1.7228423,2.2832754,0.89357644,4.0685697,4.1568127,2.2043355,2.8616428,2.4739473,2.1855888,3.283549,1.713782,1.2795384,3.4566681,3.3397508,4.099224,2.0056083,2.7470562,2.5834122,3.0575752,2.1406775,5.185321,4.099224,3.6540499,9.541881,4.222277,3.4181705,1.8260845,2.4527698,2.5152953,3.1038797,3.5955596,3.5244238,2.4583716,2.3085184,3.7846742,2.370745,2.2409253,2.8141258,2.8831763,1.5592729,3.5495307,2.7410738,4.6887016,3.01914,3.2170982,2.763678,2.6689157,2.0854926,2.8833573,1.8091902,4.0216317,3.2584698,3.381293,2.3897405,0.82673717,3.1524823,2.8730857,1.777051,2.5397813,3.200223,1.8035293,3.1940405,2.4564097,4.5950823,2.8745387,2.391176,4.0263567,2.5617063,2.2840023,3.902578,5.409841,4.2400556,4.243183,2.6695929,2.3162158,2.1957781,2.072054,2.9631248,4.030843,0.98486036,5.051797,3.6444328,2.254275,1.1440009,2.4833074,2.596509,2.9415843,3.023346,2.371696,3.6758108,2.663489,2.61596,3.2163367,4.1759624,3.2124352,3.3176916,3.3065314,2.0980978,2.2804995,4.509873,3.1631074,2.686255,2.8501856,2.7103794,2.5167694,2.3995833,5.199736,1.9546231,3.1188252,2.4609272,4.2933106,5.1483994,1.7679868,2.7888753,2.2749631,2.9305117,2.1400874,4.7822757,2.696177,2.395173,1.9520837,4.0941477,2.642496,2.8611348,2.9628747,3.0711524,2.7354243,1.511478,3.0624,2.783177,3.3306339,3.0873477,2.1029391,2.528965,2.7494762,4.1541047,3.772664,3.7745073,2.737105,4.8811374,3.9107356,3.1731174,2.7979438,4.0985074,1.719486,3.749135,2.9215782,3.6686332,3.0165234,2.6358042,1.5097362,3.7124286,5.371004,3.0400183,4.8084598,2.4803596,2.531859,2.1516929,3.7818198,2.9491189,4.3570004,1.630978,1.662171,3.207598,3.274989,4.5916505,4.2664676,4.3925195,4.2707996,3.6809552,2.6587613,2.8641505,1.4047713,4.9598107,3.1405137,4.0641046,2.5548487,2.7824144,2.1930096,1.929609,1.7533333,3.99903,2.9502165,3.8713713,4.08018,4.805481,3.4532213,3.1877809,2.0300035,2.9290419,2.9933658,3.2562995,2.968889,2.337167,2.9920561,2.8642898,2.041183,4.3341737,3.1797879,1.9808353,4.9070015,2.1346247,4.329555,3.0455112
1.2122034,2.930341,1.7897578,3.4396832,3.264273,3.1599114,1.0079334,0.63616693,2.1131935,0.62112033,0.9718456,0.7950399,2.2066965,0.8159634,4.182885,1.6939117,2.465513,2.9269042,3.6714504,2.4576955,0.8027415,2.4930136,2.3711877,3.3331351,5.671614,1.2407416,5.677538,2.1982646,0.9747684,2.4872456,0.7726917,3.0483308,1.2456506,2.9367354,1.2695599,1.5189044,2.3730345,1.2542449,3.7667022,1.8988149,1.0111388,2.625331,0.9242365,1.0029534,3.1760883,3.595735,2.6812468,0.94609743,1.6598752,2.1902797,0.9041972,2.7041419,1.867318,1.0858668,1.4042073,3.5268621,0.8128062,1.6423382,3.7759795,3.5661178,1.5436432,2.4321392,1.4022573,2.194295,2.165772,3.6647818,3.3215158,2.6125138,2.1436832,0.80462503,4.969725,2.200562,0.9486469,1.198703,3.0694761,1.2887319,1.3847722,1.8850287,1.0833292,1.1105694,3.1917372,1.6431019,0.8721337,3.6902027,1.158257,3.8364904,1.1752279,3.3859491,2.2833686,1.1771909,2.2363439,2.6128423,2.7172995,1.212915,0.9883459,2.8298192,2.1190114,2.4531145,2.9703062,3.7559454,1.803497,2.2288375,2.6856773,1.46414,0.96799034,0.9700652,1.044657,1.2921208,4.193491,2.6856773,1.6383417,10.980091,3.028931,2.0166216,1.4648612,1.1767215,1.578072,1.8944155,2.001566,2.5470767,1.9413812,1.7842077,2.698095,1.0467657,1.227987,1.8527986,3.6764362,3.997259,2.1578908,0.5588917,3.8647125,1.0601865,0.86191386,1.1784271,0.86567,1.2837303,0.83139056,1.4837312,2.4114802,1.9944752,3.3863633,1.1422356,3.132434,0.80874646,1.755128,2.9352586,1.3189198,0.7836987,1.6333368,1.3668128,1.0222116,3.5119426,1.0653678,1.1613666,2.4560695,1.3500333,1.2276562,3.0327988,4.4535336,2.851817,3.9594429,3.3055444,0.8975136,3.3573086,2.819845,1.8127619,3.2651417,2.0658305,4.099598,2.8239129,1.1552862,2.6094244,0.878325,0.9041236,0.6822226,3.4031503,1.0810913,1.9212086,2.9308593,0.83717865,0.8045026,2.4063451,0.899712,2.3375518,2.2036054,1.4087974,1.1353372,3.2039163,1.682463,2.067764,0.7160059,2.8675063,0.8819721,1.6781603,4.399258,2.5146148,0.70986825,3.0703506,3.8598382,4.3345413,1.7431593,0.6033342,2.9838753,1.6815994,2.1609373,4.0924053,3.2701747,2.219713,2.5701435,2.664999,1.4262598,3.0706072,1.2436701,1.305117,1.4266912,2.4511354,2.2215817,1.8981063,3.1461022,0.67255586,1.5284452,0.6955107,0.5669751,4.163714,2.5893373,3.4945676,2.832561,3.7560048,2.3184967,1.4926807,0.6048272,3.2119484,1.3754567,1.9991854,3.4707878,5.736244,2.9468117,2.9222643,3.5167556,2.1222222,4.57711,1.0793122,4.302662,2.5886307,4.0164576,2.4976373,2.103087,3.1590037,3.0393608,1.5510702,1.5002353,1.4154781,2.159069,3.4997392,3.3784761,3.7153678,2.896633,3.5635684,0.8753999,2.1659124,2.9814603,3.862321,1.4104804,2.775834,1.5786769,0.7458671,1.1204308,3.3007996,4.1880794,2.807581,1.1614568,2.9926457,2.2832437,3.791901,2.4295416,3.544981,3.053824,1.6860199,3.6898658,2.18253,1.5437915,1.1607579,0.8014487,1.294213,1.3958192,3.6288297,0.9884991,2.3792155,3.1450322,4.5060153,2.881034,1.4366077
1.3281828,3.0983505,2.2844958,3.177304,3.388242,3.377822,1.5587862,1.5320244,2.4146068,1.799103,1.5518327,1.4043007,2.0321019,1.4028774,4.0272803,0.9544566,2.5463605,3.028693,3.7293296,1.9538007,1.8004241,2.9030888,1.8811011,2.6544867,5.170024,0.92484426,4.37881,2.2839081,1.1500279,3.006851,1.6693819,3.3138068,1.471468,2.4366887,1.3168178,2.1525965,2.86572,1.7479666,4.3339777,1.2525758,0.9081512,1.1261784,1.537277,1.2177163,2.532654,3.9420214,3.0910473,1.8575276,0.6829222,2.5522485,1.4949353,2.0052655,1.2703215,1.72028,0.9069874,3.5737293,1.7270985,2.2440646,4.0319557,3.6255732,0.7161382,1.6106964,1.412256,0.9298996,3.0557964,2.9739294,2.9906135,2.4036303,2.7477012,1.6957717,4.66573,1.4986356,1.6969184,1.5686946,3.4782708,1.4331276,0.60272086,2.4305882,1.4225053,1.4471612,3.5495377,1.9753734,1.3956647,3.7232535,0.566486,2.96518,1.4771454,2.8893056,2.160996,0.93594587,1.7917031,2.236447,2.3510895,1.4712814,1.605042,3.2159586,2.3772123,2.4623861,1.593682,2.708171,2.0877714,1.8026714,2.9024432,1.5427297,1.1230026,1.0078115,1.6793823,1.1243385,3.4326246,2.9024432,2.1342149,9.499941,3.520399,1.4471927,1.2827197,0.8208009,0.44765416,0.77009404,1.9968507,1.4066955,0.6406757,0.2800847,2.154847,1.3994519,1.332443,0.5397477,3.6079483,3.1489472,2.676012,1.6888638,4.0140657,1.6930177,1.7062938,0.83180183,1.4334394,1.4900169,1.5804914,2.0578482,3.2680943,2.4373372,3.4560263,1.3838205,2.2762969,1.721675,0.4929425,2.9091558,2.0462046,1.7021906,1.7048457,1.4291502,1.3765045,3.2188358,0.8764051,0.8761389,2.2356193,1.903805,1.0931338,3.5347607,4.6517606,3.2126517,4.115451,2.922642,1.2843134,2.7579827,2.2992897,2.4404495,1.890358,1.7273656,4.0219536,3.2028155,1.4565264,1.6798183,1.2237298,1.3919531,1.9083403,3.6732552,1.3688278,2.234926,2.6694176,1.404178,1.7005063,2.7210333,1.7081779,1.8726567,2.4104183,0.7172911,1.4541904,2.7034945,0.86244714,1.3324143,1.5881251,1.3828225,1.1637216,0.42601806,3.1833634,2.8378317,1.6881313,2.567716,3.9627552,4.4852815,2.287988,1.4878384,2.4290223,2.173887,1.9781733,3.9550369,3.334021,1.1743591,1.5418394,3.1498952,0.28470603,3.9036071,0.9200529,0.86202216,0.494425,2.29514,2.6063263,1.3705107,2.8186467,1.6883532,0.6275619,1.4073198,1.8393457,3.3955846,1.787799,3.3256972,3.038527,3.9896595,2.19721,1.9535547,1.5932711,1.960198,1.455511,2.325465,3.729003,4.4636874,3.3886585,3.7883341,2.3188176,3.0579717,4.413314,1.7083062,4.38334,1.7278372,3.5591881,1.285625,2.6287842,3.3979824,2.3156593,1.4417778,1.1157446,1.1804826,1.6879991,2.6843872,2.147447,3.7378938,3.1145954,3.2243078,1.470954,1.6080712,3.0281296,3.598332,0.8593939,3.152927,2.0227616,1.7093141,1.1525092,3.1456609,3.2484663,1.8145136,1.6861074,3.162995,2.5556452,2.9325182,2.089479,3.2243657,2.4612172,0.9306724,4.4107695,0.97952205,0.61252266,0.86914665,1.6631095,0.6860302,1.5911933,2.2647355,1.7137463,1.6337831,3.2448707,3.5012095,2.6917882,0.7333246
1.809509,3.8034432,2.2488348,3.8259928,3.099676,3.2199774,2.0595686,2.01582,2.8964453,1.9405901,1.9733424,1.9369842,0.78109694,1.8697243,3.9873981,1.4693727,2.7611272,2.4853692,3.4809067,1.0898265,2.152253,3.1711528,2.5298412,1.4672499,4.421768,2.3748446,4.405044,0.6133467,1.7809073,1.4267371,2.3036704,3.2992737,1.4753324,2.0229213,1.5075655,1.2944298,3.1292913,2.3026714,2.297016,2.5432758,2.071643,2.5120573,1.9455441,1.9932071,1.4578757,4.0291967,3.4379935,2.1407359,2.424662,2.9409993,1.9439864,2.8987322,2.4124668,2.3420157,2.6980035,3.5213063,2.4581041,2.2975538,3.7237182,2.7526603,2.0325065,3.102464,1.4598607,2.1839316,1.2855911,1.7933075,3.6395576,3.59709,2.8498547,2.3838995,4.772969,2.5077548,2.4033809,1.1075263,2.1132202,1.506676,2.0292184,2.777925,1.5422764,1.5016152,3.8451293,2.6201143,1.7592945,3.654232,2.2387335,4.6383657,1.4973217,2.7008038,0.7444173,1.661021,1.0146717,3.5799768,3.6720338,1.494699,2.0210106,1.7204807,1.858739,2.2529812,2.2675164,2.3021162,2.7634215,2.9603498,3.3745744,1.4387093,2.135508,1.95702,2.4128928,1.4268711,4.947402,3.3745744,2.9135685,10.1362295,2.9518633,2.9929538,1.1666735,1.9686468,2.185811,2.8440917,2.9831784,3.1815546,2.2504246,2.1915708,3.0910397,1.5862342,1.5886284,2.5235147,2.2943194,2.4437068,2.7145092,1.8162682,3.6394608,2.3746514,2.4681773,2.1573632,1.8721281,1.3741645,2.0400355,0.95961493,2.7864885,2.5725038,2.4469013,1.7442682,1.6455035,2.3309915,2.5697303,1.0423514,1.8748757,2.3955467,0.98221743,2.5738347,1.7206161,3.8237665,2.266861,1.769954,3.4829967,1.9947646,1.5475135,2.689335,4.418565,3.1673806,3.2836106,1.9909679,1.5624285,1.7471244,1.4284655,1.7439097,4.047307,0.90373385,4.0541697,2.4257739,1.4985214,1.5631256,1.7615368,1.8701875,1.920122,2.0467582,1.6119748,3.019788,1.9305778,1.8358717,2.4470878,3.4128277,2.477851,2.6157172,2.18085,1.7031784,1.5265046,3.8275254,2.8119571,2.14713,1.9391116,2.9569657,1.8233854,2.1324291,5.2853684,1.2831285,2.3421738,1.7713063,3.2670045,4.1329947,0.81105465,1.9053932,1.6478139,1.7373811,1.2572883,3.7973025,1.8495212,2.1282704,1.9173359,3.3013425,2.3386645,2.0255516,2.3461726,2.525136,2.3106623,0.5487287,2.4772525,2.1349351,2.4675875,2.2922156,1.7510474,1.6807655,1.8083141,4.202632,3.4725344,2.9317386,1.5510327,3.804598,3.3080513,2.3821034,1.9508783,4.100657,1.2030631,2.9989178,2.0163696,4.398538,2.1167347,2.002818,2.2649157,2.407992,4.4635625,2.3924181,3.81269,2.2750227,2.4408128,2.2560925,2.9581041,2.0412152,4.0467105,0.9426686,1.2853931,2.637265,2.5952473,4.3688307,4.254531,3.370713,3.5401099,2.802665,1.8546547,2.246267,0.7502469,4.1488924,2.6576748,2.9765575,1.4814847,1.8247802,1.6320858,1.5633459,2.467852,3.8208086,2.169117,2.7198734,3.3092656,4.6088986,2.655689,2.496769,1.5298612,2.3604627,2.5028038,3.072585,2.551022,1.7451489,2.265847,2.347077,1.3724941,4.4243374,2.4809985,1.5692496,4.015222,2.9357183,3.7848225,2.592571
1.6163816,3.2951035,2.6894295,4.64097,3.804705,3.6578162,1.6942075,1.6273214,2.4961045,1.7499139,1.7049539,1.5920402,2.1918857,1.579427,4.92382,1.9595163,3.4804783,3.092212,4.0028276,1.9493852,1.4583175,2.5517437,3.3893223,2.8926895,4.6873384,2.4412496,5.419598,1.3659115,1.6645505,1.4830256,1.6753255,2.8054643,1.3476905,3.3411078,1.4881285,1.8519945,2.6256292,1.5844547,2.2281795,3.0419824,2.0060472,3.1782196,1.6218883,1.7831255,2.923055,3.663299,2.9838428,1.453524,2.7520466,2.556094,1.6655844,3.7733366,3.021725,2.302696,2.6341808,4.3315315,1.9309251,1.6014746,4.153466,3.5839798,2.1652508,3.6815636,1.7365748,2.8676865,1.3959223,3.0137963,4.002847,3.36616,2.147205,1.7592771,5.864646,3.2731564,1.7443018,1.3940934,2.1297634,1.3854126,2.2065697,2.1245074,1.4631552,1.432296,3.430815,1.9819695,1.5888641,4.4960847,2.2320812,4.6342683,1.3721787,3.9497306,2.211062,1.8989806,1.7988636,3.4120464,3.491567,1.3684688,1.7151741,1.7502074,1.2046771,3.1950758,3.140262,3.370873,2.3207972,2.7559943,3.0097187,1.3361757,1.8940626,1.8778158,1.7398258,1.8445591,4.917214,3.0097187,2.3559387,11.071732,3.528071,2.8995092,1.6569371,1.9536183,2.4301388,2.916299,2.6734126,3.5967984,2.8396819,2.5215588,3.8613722,1.5017409,1.5203526,2.8255317,2.962684,3.3159351,2.2331874,1.5937788,4.128081,1.6936989,1.8635014,2.2899747,1.6175512,1.3414177,1.6931189,1.1000637,2.676566,1.95674,3.104229,1.493037,2.713666,1.806545,2.7949672,2.1517174,0.9597878,1.8625013,1.8305534,2.2843742,1.5320107,4.6795907,2.289162,2.0096426,3.2412148,1.1765449,1.9456792,3.056103,4.669179,3.3034987,3.7737904,3.1299045,1.5072721,3.254241,2.8898218,1.956958,4.280145,1.7000856,4.9800014,3.0007434,1.4062977,2.4184406,1.6338896,1.5562354,1.6053518,2.7182708,1.5377272,2.467948,2.7473023,1.5753446,1.8632888,2.983226,1.861193,3.4226415,2.9416149,2.0075924,1.4095231,4.197251,2.764136,2.987841,1.9203488,3.3344324,1.6969053,2.4479775,5.363598,1.3564373,1.7407714,3.1429334,3.912977,4.549502,1.237527,1.7739607,3.0982418,2.151689,2.4877436,4.641767,2.6450388,3.0068805,3.0296485,2.7544453,2.475998,1.6512595,2.436158,2.5527327,2.5486374,2.1389554,1.8186986,2.8895018,3.4402301,1.7082381,2.1888835,1.5916659,1.3502364,4.184301,3.4455605,3.5872056,2.5735004,4.154107,3.0709963,1.9731903,1.53082,4.1875067,1.5531071,3.306167,2.6709836,5.4300675,2.1478033,1.3637124,3.3968508,2.4301233,5.491478,1.7119838,4.401962,3.2993345,3.3094366,3.115653,2.4378507,2.502125,3.960464,1.5882702,1.7080476,2.5032117,3.3076806,4.3145866,4.356578,4.0244827,3.1829782,3.9721375,1.577009,3.1183703,2.172583,5.0172114,2.628592,3.141468,2.145532,1.794692,1.5409822,2.4235282,3.677705,3.7981858,1.7727942,3.462142,3.643582,4.59437,3.1447306,3.3906674,2.9888492,2.7708187,2.1001124,3.1645634,2.7053425,1.9437623,1.6190664,2.4890242,1.2769057,4.6158757,1.8359666,2.7900133,4.5108175,3.9544566,3.527571,2.627292
1.228474,2.90948,1.7996782,3.3935921,3.2729855,3.1669018,1.0194843,0.6578655,2.1090581,0.67845863,0.9882776,0.811626,2.258843,0.83795863,4.170535,1.7033058,2.4487157,2.9555125,3.6810148,2.5071228,0.8430968,2.5051932,2.336797,3.377765,5.717798,1.1710304,5.677202,2.2817996,0.9823653,2.5828757,0.7753592,3.0729368,1.2926829,2.9481015,1.3032482,1.5904466,2.3814616,1.2684203,3.8828135,1.8382612,0.9719815,2.5882618,0.9462206,0.9944091,3.214703,3.6055923,2.6807408,0.9872602,1.5922519,2.1902797,0.92133135,2.6559663,1.8150836,1.0713557,1.3144441,3.5182853,0.789771,1.6826979,3.788855,3.6036549,1.5151368,2.355727,1.4393108,2.1624725,2.2825716,3.71374,3.2875953,2.5586286,2.171139,0.7971489,4.945813,2.1533527,0.9428714,1.2673681,3.1523845,1.3306578,1.346871,1.897528,1.1249318,1.1558034,3.1910996,1.6410747,0.89977634,3.6814241,1.0952646,3.7586398,1.2225536,3.3838809,2.3397143,1.1740922,2.285664,2.5515265,2.6571727,1.259215,1.0046747,2.9189446,2.1854255,2.4599807,2.9585521,3.7796314,1.7899244,2.1897023,2.6774633,1.5116762,0.93781674,0.94840693,1.0387316,1.3088663,4.122219,2.6774633,1.6144234,10.942792,3.0569105,1.9503518,1.5013851,1.1509256,1.5288718,1.8129327,1.9646493,2.4686015,1.8929815,1.7395471,2.6440918,1.0843645,1.2582105,1.7851986,3.73937,4.0348496,2.1840723,0.6302665,3.8807795,1.0604087,0.8421944,1.1245362,0.8866459,1.3346996,0.84724313,1.5801384,2.4563456,2.021773,3.4357984,1.1697645,3.1660526,0.8054145,1.6809695,3.0124145,1.3909076,0.76819664,1.687327,1.3190854,1.0506101,3.467895,0.9980757,1.1454808,2.3996975,1.4015328,1.2342826,3.081952,4.4646072,2.860103,4.000969,3.3424222,0.93459046,3.391148,2.8506331,1.8731613,3.1705017,2.118629,4.08283,2.8659277,1.2008324,2.6302416,0.8929264,0.9251178,0.75529265,3.4814098,1.1134855,1.8997546,2.9674425,0.8615317,0.7844212,2.3832285,0.8806025,2.2978597,2.21616,1.3981032,1.1799489,3.1421385,1.5981483,2.0365908,0.73396677,2.8199186,0.8855778,1.6348833,4.30053,2.6060894,0.7056418,3.0978265,3.8907893,4.3493342,1.8416988,0.6244429,3.0101597,1.7233171,2.1953032,4.0891266,3.3389218,2.1894796,2.5629084,2.680079,1.3588243,3.1890213,1.1762269,1.2222614,1.3591374,2.5142374,2.2646084,1.8673834,3.1579456,0.67575294,1.5101548,0.73770934,0.670515,4.139763,2.5157397,3.5128202,2.899091,3.7637074,2.2700791,1.4996765,0.6478508,3.1177082,1.4271092,1.9615769,3.5528822,5.739698,3.026066,3.0439658,3.52574,2.1794577,4.5573406,1.0786471,4.3265405,2.5693748,4.06709,2.4710686,2.1096082,3.2305863,2.9574306,1.6007699,1.5274348,1.3454033,2.1122973,3.4220424,3.2839136,3.728772,2.8898857,3.5725234,0.9021433,2.1380515,3.0682507,3.8191924,1.3228364,2.792422,1.6265532,0.7929731,1.1417968,3.3717062,4.2212043,2.7165775,1.1707526,3.0110538,2.2367837,3.7138932,2.404656,3.5763204,3.0863998,1.6270874,3.8073018,2.0993822,1.4634336,1.1489302,0.81052536,1.2217113,1.4506453,3.5325918,0.97352624,2.386493,3.0906935,4.5338554,2.8336754,1.3522445
1.8514175,4.038778,1.8080837,2.9242303,3.1243296,3.3535686,2.0078037,1.7812845,3.1095612,1.3892182,1.8862087,1.7796117,0.80664104,1.7181573,3.771726,1.3384268,2.1166787,2.870545,3.7703896,1.6399157,2.09398,3.5453427,1.7629341,2.149634,5.451728,1.8831121,4.887345,1.4363985,1.6071943,2.422269,2.149664,3.8767586,1.6366708,1.8732765,1.5973632,0.93678576,3.4179986,2.390213,3.2475388,1.939855,1.7179459,1.9936955,1.8679601,1.836991,2.0456033,4.4837704,3.7183647,2.1581297,1.8700457,3.1719048,1.8279884,2.1422296,1.547123,1.3236746,2.2151592,3.2216883,2.2157884,2.6277335,3.958408,3.234961,1.8513232,2.3529623,0.7983452,1.4665766,1.6772436,2.5931845,3.6892538,3.5869749,3.216134,2.213356,4.2678814,1.7072928,2.3014352,0.8338334,3.128953,1.6731066,1.6856709,3.0195928,1.5545932,1.5434562,4.183085,2.769861,1.6080167,3.338365,1.7292353,4.5371566,1.6127806,2.4634387,0.92855024,1.3365444,1.4990587,3.5233908,3.636202,1.6333246,1.948152,2.786584,2.529618,1.7434523,2.174904,2.7080975,2.8753264,3.036336,3.6509457,1.7419465,1.8948069,1.6617135,2.349918,1.1664631,4.9297624,3.6509457,2.906884,10.420697,2.9228637,2.8207061,1.1776081,1.7080559,1.7974731,2.431862,3.010343,2.7507753,1.5212297,1.7612057,2.3329968,1.559521,1.6598049,2.0609276,3.326066,3.1930144,3.0850463,1.3473474,3.9757996,2.3380454,2.28054,1.6651473,1.7372215,1.5585275,1.8882954,1.0158014,3.0098834,2.9544187,3.184128,1.7967885,2.140409,2.1450398,2.0657349,2.1935987,2.1802223,2.1710348,0.35981813,2.411062,1.687445,2.96854,1.7368512,1.3575441,3.4434867,2.2541807,1.150668,3.1289933,4.8181725,3.3628025,3.94969,2.6414568,1.3576763,2.1835852,1.6273266,2.0185773,3.597449,1.258613,3.6215212,2.7356274,1.584524,1.8774412,1.5510854,1.7789688,1.612619,3.0247436,1.5929486,3.1097286,2.6024802,1.6921953,2.2324636,3.5254006,2.308487,1.7692163,1.7951707,1.4020555,1.6015575,3.599621,2.4083192,1.3275237,1.2900602,2.8510392,1.5834081,1.765459,4.934026,2.3531775,2.1355681,2.081449,3.7492871,4.521464,1.018969,1.4287035,1.8193944,1.7254127,0.7960396,3.838057,2.834395,1.3331589,1.3147019,3.6842918,1.7454196,2.9947162,1.8487015,1.997504,1.6759058,1.2444052,3.0264065,1.2886254,2.7092445,2.0813746,1.3313034,1.2999959,1.547932,4.622303,3.3092282,3.4114141,2.2025712,4.0437756,3.2968605,2.4978597,1.7356917,3.7214346,0.765755,1.8560393,3.0666158,4.9110165,3.0586677,2.834314,2.4561937,2.5225854,3.904123,2.359698,4.2750196,1.3468548,3.4454849,1.5191433,3.1870718,2.9959083,3.8598888,0.9797791,1.1329701,2.3258257,1.7167482,4.2544556,3.890369,3.6570318,3.8475,2.8408356,1.7478888,1.3527821,1.7858135,3.3600135,2.1683304,3.2251074,0.7689849,1.2223809,1.5600585,2.7036483,3.1213393,3.5072691,2.1800668,2.7720664,2.1871872,4.504761,2.6053617,3.1550336,1.9402404,1.8162644,3.5406544,2.690192,1.9948484,1.392334,2.143626,1.7578915,1.6709127,3.99566,2.3618524,1.0926018,3.0928998,3.616417,3.8529234,2.0810049
0.36342964,1.9245756,1.9619123,3.7995915,2.8221622,2.5492196,0.37942293,0.75943714,1.0554413,1.4846039,0.4980374,0.57371104,2.127284,0.5899304,3.8957026,1.3534431,2.6613116,2.1347117,2.8749664,2.042632,0.68504924,1.4486394,2.4698992,2.7477207,4.5185943,1.1283495,4.721617,2.0205345,0.635326,1.8576696,0.6883607,1.8825434,0.63825035,2.6278286,0.6562287,1.8676429,1.4266833,0.50963086,3.667607,1.7688198,0.8178967,2.5051434,0.47979283,0.48453045,2.550476,2.573163,1.7302469,0.60196716,1.4731969,1.176077,0.5240315,2.7367132,2.0751295,2.176518,1.2472179,3.3868332,0.8508918,0.6807254,3.1251485,2.8322666,0.9491846,2.4285262,1.8527873,2.2650123,2.484756,3.0130963,2.432371,1.696651,1.202121,0.72430366,4.9656353,2.2835672,0.6230418,1.4350935,2.1868982,0.62748384,1.0261235,0.9384701,0.62530595,0.6452077,2.2191076,0.63631415,0.64664555,3.572928,1.1688062,2.9743507,0.61164147,3.0960925,2.1669593,0.97034436,1.843392,1.7150596,1.8032937,0.609917,0.49077293,2.0363612,1.328295,2.533451,2.5275862,3.2001784,0.78065765,1.1278872,1.6237594,0.7371899,0.60863197,0.7321812,0.57616645,1.075449,3.2571514,1.6237594,0.9309111,9.9513445,2.8700402,1.2261468,1.1180048,0.79239416,1.2207354,1.4963666,1.0132734,2.0640147,1.9640298,1.5279342,2.7674496,0.61715204,0.5528831,1.5104779,2.650152,3.2071097,1.1433587,1.3220406,3.0892758,0.5451953,0.75520784,1.0907196,0.5643344,0.72366136,0.6170649,1.7847699,2.0389514,0.89769846,2.4481647,0.42301127,2.590267,0.74421096,1.4979271,2.2701323,0.8313583,0.8006332,1.8668009,0.67089206,0.4971728,3.8100584,1.1164361,1.0346075,1.5641034,0.6957991,1.1378121,2.429927,3.5777724,2.1380765,3.015715,2.4307895,0.84953374,2.7780454,2.3983023,1.3817649,2.8289654,1.8204874,4.0704126,2.3067253,0.618706,2.0270588,0.6927807,0.48741204,1.2413185,2.6404312,0.5762811,1.0053672,1.914582,0.59337175,0.7936504,1.534398,0.7288319,2.528724,2.2278783,1.123352,0.5980511,2.5594988,1.3192294,2.1634252,1.4594853,2.1503577,0.6948837,1.2986265,3.8483083,1.8509105,0.78209084,2.48629,3.0454075,3.5004795,2.0116293,1.1555473,2.5344841,1.4474466,2.2015624,3.5382485,2.402089,2.2757473,2.5380151,1.6808281,1.4467052,2.817076,1.1372641,1.2345843,1.4510301,2.1563933,1.1276895,2.0682468,2.3990254,0.79142475,1.333025,1.0529262,1.1904873,2.9241474,1.7806462,2.494003,2.320093,3.044593,1.3959575,0.49357346,0.8067966,2.7090476,1.6639491,2.9241498,2.701425,4.7880645,2.0627804,2.8946486,2.9904397,2.014816,4.6803737,0.54518723,3.4568253,2.8161879,2.9582036,2.5731015,1.189382,2.2530148,2.2858427,1.3649125,1.327709,0.9495047,2.3889937,2.6561956,2.8414676,2.967635,1.837287,3.077131,0.54881907,2.367408,2.754207,4.103856,1.2504348,2.042863,2.0174217,1.4966826,0.71618915,2.4413025,3.451617,2.219987,0.33098483,2.5839987,3.1581268,2.934218,1.6621377,2.5249202,2.47659,1.486706,3.4009807,1.7110487,1.4153545,0.9675376,0.64454454,1.3057251,0.7381272,3.174443,0.66005766,2.2684264,3.667179,3.658049,1.8999677,1.2899764
1.0348155,3.1358485,1.6974072,3.3828356,3.1336331,3.1094034,1.0425128,0.7332014,2.2384531,0.5954751,0.9640974,0.7759004,1.5984683,0.74293053,4.0502515,1.2374924,2.3603039,2.7149467,3.5721226,1.8717029,0.9665842,2.615442,2.173617,2.7317917,5.2934837,1.3022442,5.2376723,1.576123,0.7808519,2.0841196,1.0352185,3.0613647,0.89428204,2.517031,0.9181913,1.0686221,2.5222676,1.340315,3.2770822,1.8385267,0.97157496,2.3011491,0.9061972,0.95944124,2.6087863,3.703523,2.8492978,1.0628816,1.597101,2.3157117,0.88483053,2.5435336,1.7261963,1.0762488,1.5666397,3.4266648,1.1609657,1.6583585,3.7264276,3.2863157,1.3544317,2.4157665,0.87250507,1.8496606,1.6964064,3.067891,3.338493,2.8165338,2.2535188,1.1068064,4.819745,2.0223432,1.2010874,0.54728734,2.7436154,0.9476142,1.2160139,2.0345588,0.7689397,0.7742538,3.3514953,1.7732915,0.7081218,3.584764,1.1307398,3.9850488,0.84009796,3.0539148,1.6787035,0.85914916,1.6537151,2.7989492,2.9063416,0.8748113,1.011118,2.441565,1.8367705,2.188008,2.5371878,3.2061164,1.9572979,2.294805,2.821403,1.0915822,1.00647,0.8786611,1.261114,0.8627966,4.3483634,2.821403,1.9122287,10.694434,2.9140596,2.1409023,0.94456595,1.0333006,1.429282,1.9455836,2.1685462,2.5458474,1.6920742,1.5647105,2.613258,0.7575742,0.9279407,1.7750769,3.2639503,3.4647987,2.2168326,0.4115331,3.768235,1.250985,1.1911436,1.1328268,0.7942357,0.88331795,0.9023186,0.87021464,2.4367673,2.030104,3.0762806,0.9394865,2.563722,1.0839415,1.7198341,2.3785942,1.1882263,1.1056076,1.0180559,1.5396532,0.82009757,3.4389117,1.1116946,0.8988375,2.6632493,1.2605107,0.8496799,2.8719442,4.440647,2.8774817,3.7491436,2.868372,0.5289551,2.820943,2.2908928,1.5920167,3.3289902,1.4600098,3.989998,2.6191924,0.8194996,2.0963445,0.6840031,0.8162366,0.69559604,2.9971783,0.8066019,2.1419683,2.5574293,0.7361859,1.1464021,2.637388,1.2180461,2.1691685,1.9890769,1.0708739,0.8154892,3.2905946,1.7983489,1.7804868,0.6423446,2.6829102,0.72684586,1.4796678,4.5445466,2.05597,1.0268855,2.5944972,3.6589918,4.264769,1.1335113,0.5587511,2.4778821,1.4502574,1.6379899,3.9508586,2.836661,1.8752784,2.1028066,2.7930439,1.3550102,2.6970894,1.2883714,1.413023,1.3537796,1.8324015,2.1606207,1.6467054,2.852006,0.9738791,1.1843185,0.39304304,0.47345582,4.0981193,2.7118988,3.2765257,2.3950117,3.7379112,2.5099802,1.5806173,0.65993094,3.3203113,0.76534367,2.0349905,3.0440917,5.281324,2.6491878,2.5386512,2.9968948,2.075078,4.440776,1.2746164,4.146404,2.2037232,3.5427492,2.116626,2.2654033,2.7987754,3.2330427,0.95173967,0.97687757,1.577772,2.0230572,3.661564,3.4929776,3.5685363,3.0307584,3.2505982,0.79465806,1.8937132,2.3434687,3.8046463,1.5485398,2.7609227,1.1608607,0.5744338,0.81031007,2.780843,3.6228456,2.9654818,1.2261754,2.81377,2.361748,3.9445286,2.3449643,3.1938624,2.5208516,1.602288,3.296043,2.2370474,1.5677574,0.886502,1.0261962,1.2958506,1.0051086,3.7092855,1.2708168,1.8820738,3.252553,3.9809377,3.0748003,1.5252998
4.287933,5.2762675,2.7371292,0.75637174,2.9211614,3.4461184,4.1643953,4.0134144,4.6425247,3.6710458,4.0261188,4.110741,3.7518535,4.0721145,2.17839,4.1600194,1.8707813,3.7899525,3.8666506,4.8625665,4.3924384,5.2648115,2.1286175,4.719555,7.8977356,3.4943285,6.4630704,4.889915,4.0516524,5.122071,4.2995186,5.677075,4.3582397,2.841462,4.2788954,3.5365672,4.877715,4.7462792,6.5871525,2.7896717,3.8612132,4.1189604,4.101399,4.068838,4.2714267,5.544635,4.954748,4.446694,3.3432524,4.624936,4.0336127,1.9671322,2.6312191,3.566291,3.7053845,1.9904839,4.071838,4.880572,3.840693,3.9219327,4.105217,2.3876646,4.1444526,3.7273986,4.737821,5.325626,3.7359807,4.515416,5.113974,4.276842,1.5053812,2.4188905,4.4153366,4.0461535,5.516496,4.3911324,3.8444784,4.869218,4.127614,4.152134,5.232985,4.827239,3.9859483,1.9110317,3.837277,5.0338593,4.274255,2.3787124,3.7700872,3.779588,4.732024,4.4459753,4.5302496,4.3142123,4.053088,5.4636292,5.4794073,2.2755153,4.496555,5.3497696,4.5388265,4.6501417,4.9086,4.546644,4.047216,3.9096067,4.510772,3.7439132,5.3267207,4.9086,4.467246,10.592372,2.9715767,4.149177,4.037677,4.0170975,3.8008163,3.9103825,4.4241095,3.3410118,3.4054148,3.9453084,1.7638298,4.0871944,4.2480383,3.6321473,5.3678946,5.9162292,4.838464,3.8028588,4.056773,4.538489,4.2449822,3.5269885,4.0334444,4.3243523,4.015852,4.4429784,4.0932927,5.024465,4.567506,4.324636,5.006864,4.116545,3.6481993,4.8741684,4.925193,4.1012783,3.789035,4.1060486,4.1492677,0.6895292,3.563142,3.6706855,4.457571,4.928106,3.5931988,4.091819,4.8569317,3.8990607,4.831575,4.1841846,4.0034966,3.911893,3.548795,3.8748221,4.254883,4.5894637,1.491271,3.6208284,4.220145,4.68443,3.9881876,4.1674776,3.8361225,4.988581,4.095161,4.7093163,4.3324113,4.0561857,4.184689,4.651157,4.285217,2.0769644,2.5317955,3.9347143,4.2207594,3.2306468,3.9262698,2.7455776,3.481626,4.626484,3.9702513,3.8420014,5.2801065,5.326774,4.20529,3.5500844,4.1993666,4.50394,4.460987,3.6692884,3.4529943,3.418114,3.236019,3.0029166,4.880812,3.1282635,3.5113957,5.1903305,3.7547688,5.917461,3.469328,3.5345428,3.4811995,4.1031237,5.356966,2.6816487,3.3736088,4.1747365,3.7887082,3.8226538,4.069673,6.1522202,4.3405576,4.1802673,3.998055,3.9748633,4.379466,4.3653703,4.053301,4.530206,4.1564717,2.577443,5.1850395,6.5480967,5.302475,6.0524626,4.822907,3.7868302,1.2111603,4.541004,4.4290776,3.0516021,5.625643,3.6371021,4.7271485,5.033532,4.532448,4.0970297,4.168768,3.848076,2.2217183,4.8886924,4.5647287,3.70801,5.0273137,2.8199792,4.0699644,2.5005934,4.851054,0.34250763,3.6740994,3.935772,3.2404613,3.5706792,4.2312536,5.3186316,5.5040264,4.3802,4.2359757,2.9680808,2.2852397,5.015778,3.2886746,4.4184704,3.8513486,3.142427,6.6558223,4.024611,3.53303,3.7775543,4.3564224,3.473683,4.4759307,4.5995336,4.389717,3.3109858,1.1981993,5.975339,4.7693505,3.6403384
1.1306947,2.986374,1.5629715,2.8308456,2.9599586,2.9554787,1.1041256,0.8722665,2.172801,0.9210005,1.0301434,0.8947764,1.8656877,0.8851766,3.700462,1.2332649,1.9960148,2.7152314,3.4321887,2.2119455,1.2483654,2.6928606,1.6354572,2.926781,5.5635524,0.58046126,5.0885353,2.2096262,0.8047938,2.7058868,1.1282499,3.2021506,1.2407397,2.3394415,1.1522247,1.5032909,2.546086,1.5057633,4.115102,1.0984125,0.57916135,1.9069345,1.0293547,0.8687908,2.7205257,3.7080495,2.8059254,1.3467883,0.82490015,2.2680929,0.9668366,1.9090006,1.0398043,1.0305728,0.83281404,3.1171396,1.0927987,1.9359099,3.6186228,3.3362079,1.0379064,1.6011056,1.2249206,1.4610076,2.5155177,3.3241503,2.9112446,2.4004629,2.4364967,1.1466835,4.389392,1.3785303,1.2496653,1.1577991,3.2520647,1.2560468,0.7615959,2.1249824,1.0488601,1.0854416,3.297142,1.8013954,0.86722404,3.2727413,0.5247896,3.376273,1.1787122,2.7594638,1.9702477,0.6859854,2.0020168,2.3214607,2.4399257,1.2088181,1.0801901,3.0182428,2.345483,1.9865836,2.329027,3.2879474,1.8528202,1.9852523,2.7173233,1.4444139,0.78464055,0.6389994,1.3106254,0.8595117,3.7855182,2.7173233,1.7800454,10.269606,2.9025447,1.6098579,1.1640174,0.758853,0.87548655,1.2489468,1.8859209,1.772995,1.0968429,1.0835202,1.9505678,1.0012518,1.1255274,1.0714873,3.579447,3.6622639,2.3524673,0.86849886,3.679779,1.3330512,1.1619636,0.4665008,0.9100502,1.2566954,0.9821801,1.6642783,2.619188,2.211329,3.2514553,1.1353256,2.7304573,1.1038568,0.9831974,2.8361447,1.7246859,1.0771523,1.3886944,1.200756,1.0018185,2.8911896,0.38686696,0.5731993,2.2367208,1.6712523,0.72180206,3.043248,4.3490047,2.7768593,3.862862,2.932313,0.8172288,2.8591516,2.3076591,1.8774194,2.5616775,1.8495976,3.617604,2.7186553,1.1384647,2.1690757,0.7606313,0.96159303,1.0828942,3.4134574,1.0055543,2.0166287,2.6450665,0.88832265,1.1153431,2.4545674,1.1916487,1.6011072,1.84127,0.8615283,1.1275772,2.66298,1.1210794,1.2632357,0.69865215,2.2356021,0.71440095,0.97540396,3.8090122,2.6844459,1.0828692,2.565718,3.6701438,4.177238,1.8980112,0.6505248,2.444913,1.5719947,1.7137225,3.6757169,3.185604,1.4087888,1.8629695,2.866167,0.6790756,3.5079315,0.56507844,0.63498807,0.5734375,2.1854813,2.4598935,1.1264613,2.690879,1.0589334,0.8694562,0.7083009,1.0869902,3.8776782,2.123699,3.2017841,2.6989934,3.6040297,2.130111,1.5967151,0.9221497,2.5964592,1.2331096,1.6865191,3.4996808,5.1611724,3.1194804,3.416587,2.9368675,2.3307629,4.0500326,1.3492882,4.1082206,1.8617399,3.7753947,1.7582787,2.2835336,3.181106,2.6105833,1.3062054,1.1642503,1.0219208,1.4012889,3.064067,2.7619452,3.4416857,2.9326282,3.0458858,0.9538233,1.41447,2.9059088,3.2632546,0.80312216,2.7152507,1.3910663,0.85580903,0.9741667,3.1942494,3.7378945,2.2747314,1.2690954,2.7109995,1.9394037,3.3368459,1.9412804,3.2188537,2.5572464,0.8678602,4.1242495,1.5435023,0.7692338,0.63420177,1.1557584,0.4855439,1.4094293,2.9567385,1.2653558,1.725881,2.7049232,4.070971,2.705762,0.7589072
1.269582,3.3934686,1.5214477,2.8334327,2.9696069,3.0650296,1.3517622,1.0903349,2.5024254,0.83879906,1.242073,1.1020668,1.3204045,1.0562764,3.7042096,1.05182,1.9569824,2.6979012,3.5262265,1.8325827,1.4554683,2.9804587,1.5894586,2.5273201,5.4559107,1.1103523,4.978002,1.7331365,0.9500775,2.4457655,1.4422172,3.4120495,1.1898419,2.068861,1.1227887,1.0395527,2.8453362,1.7592924,3.6433697,1.3875226,0.95948875,1.8389131,1.2255359,1.1434284,2.360512,3.9846215,3.1356845,1.5426865,1.2106688,2.5827146,1.1727318,1.9430552,1.1214546,0.8858885,1.4236771,3.1165755,1.4779294,2.104774,3.7132835,3.2259655,1.2547772,1.8830986,0.73072547,1.3095201,2.0171907,2.9443145,3.2170286,2.8887784,2.6740904,1.4925932,4.330231,1.4113283,1.592054,0.67348635,3.0860527,1.221727,1.0252161,2.4176378,1.0337821,1.0465919,3.6233861,2.124918,0.97438884,3.259918,0.96277225,3.8777587,1.1403297,2.5845907,1.4352809,0.7096373,1.6314051,2.8215423,2.937792,1.1700959,1.3043073,2.794222,2.2717772,1.7782975,2.1714916,2.9752793,2.2192936,2.38681,3.0610855,1.3687385,1.1525738,0.93097645,1.6487743,0.68687093,4.279,3.0610855,2.2002845,10.353866,2.832078,2.105475,0.8992275,1.0202308,1.1633636,1.7306315,2.321577,2.1747136,1.1260126,1.2396048,2.0580769,1.011703,1.1466918,1.4349889,3.3876562,3.3910518,2.570385,0.77088404,3.7556186,1.6505558,1.5447071,0.9064695,1.0838512,1.1550349,1.217523,1.1614636,2.6825092,2.4246137,3.1410651,1.2318144,2.388979,1.4346328,1.3977227,2.4591599,1.7407534,1.4409243,0.7689829,1.6667132,1.0954354,2.8895624,0.9365561,0.67804915,2.7334952,1.756971,0.58573973,2.9900599,4.5091696,2.96092,3.8355017,2.7321954,0.7626873,2.5126548,1.9376318,1.7807957,3.0044491,1.4272902,3.5916932,2.6322389,1.1017065,1.920543,0.88461244,1.1333337,1.0769219,3.1555316,1.0383608,2.424594,2.5323088,1.0405301,1.4948813,2.866305,1.5746595,1.5720476,1.6977764,0.8645789,1.105574,3.05564,1.6567776,1.1333989,0.6489616,2.4389863,0.89094085,1.1893097,4.3040004,2.4021907,1.4151046,2.2852921,3.6454265,4.2815413,1.3504683,0.7319847,2.106805,1.466092,1.2137687,3.7116847,2.942415,1.2293136,1.525381,3.142143,1.0447719,3.1633043,1.0812855,1.2120918,0.9665744,1.6868142,2.586613,1.0179051,2.6299453,1.3692254,0.8356475,0.64840746,1.0258728,4.1589193,2.6210468,3.2297149,2.3873851,3.744169,2.6013374,1.8800704,1.0766469,3.0788097,0.7192347,1.6264381,3.2226927,5.0291944,2.9792457,3.034486,2.6654472,2.2855453,3.9712603,1.6713723,4.132394,1.5454305,3.5636168,1.536095,2.5921204,3.000629,3.148823,0.90070707,0.87260526,1.5559189,1.4260538,3.5757163,3.2493367,3.4821315,3.270816,2.9091904,1.1097127,1.2465335,2.356662,3.2800686,1.3837183,2.8581278,0.90264666,0.68460464,0.9988477,2.8890927,3.4222364,2.8048987,1.5359461,2.6617036,1.9447935,3.8411932,2.1620197,3.1230125,2.2200391,1.1959808,3.7613473,2.014506,1.2652309,0.7304096,1.4490496,0.9948758,1.3073112,3.4045289,1.6385217,1.3402,2.828048,3.8243787,3.1746438,1.312492
0.75111634,1.8296901,2.0206006,3.6532936,2.9512453,2.6641402,0.57589936,0.8216482,1.1012446,1.5422808,0.69213647,0.71683854,2.4798107,0.7706949,3.9285197,1.5862212,2.6358514,2.4293733,3.0370958,2.456353,0.8214747,1.5807008,2.4217813,3.1767333,4.9551306,0.8577631,4.9699936,2.4956114,0.8176035,2.4434524,0.63613385,2.1347177,1.098826,2.8412952,1.0622633,2.1405306,1.5129935,0.6894834,4.2059765,1.5923303,0.72135645,2.4993737,0.700842,0.5723119,2.9584773,2.6801353,1.7571387,0.8120841,1.2649415,1.2408944,0.7044382,2.6334496,1.9527059,2.0995345,0.8172424,3.4108207,0.6575474,1.0689648,3.2628107,3.1618564,0.9815778,2.1789575,2.0293558,2.2682617,2.9081388,3.4660325,2.3665292,1.4001038,1.4167838,0.60638225,4.93935,2.1892667,0.5269522,1.734685,2.7529862,1.0839341,0.98727524,1.0628644,1.0069371,1.0462765,2.2502174,0.69691086,0.8693598,3.5955205,0.9817585,2.6475053,1.0575352,3.2318068,2.5404525,1.1056235,2.2527428,1.3862853,1.4873753,1.0662562,0.6757933,2.6299767,1.8368021,2.6380596,2.6796982,3.5292242,0.7303832,0.97558767,1.6371053,1.2328365,0.5074339,0.73697066,0.5008017,1.3056935,2.9673455,1.6371053,0.7056035,10.003817,3.0287817,0.84616613,1.4678224,0.8053619,1.121961,1.1502892,0.7808054,1.7810979,1.8906727,1.4724613,2.6189554,0.9690248,0.9627402,1.3016081,3.1808286,3.6212375,1.3937349,1.42288,3.2719345,0.5326355,0.5590834,0.9381959,0.7593006,1.1862494,0.7188879,2.1519902,2.2481532,1.2038953,2.8792849,0.8260395,2.9638455,0.6602723,1.244667,2.829239,1.2658175,0.64909637,2.1475902,0.1728132,0.83173484,3.6776178,0.89168835,1.0972416,1.237091,1.0990199,1.2965629,2.7494614,3.7159958,2.2442875,3.3669178,2.8426516,1.0900913,3.1482525,2.7305949,1.7547249,2.4661915,2.2110753,4.0587955,2.6016777,1.0477537,2.353137,0.86567456,0.7236818,1.3650507,3.173609,0.93187237,0.8499831,2.3495555,0.79500175,0.6067383,1.3944217,0.53026193,2.4500008,2.344147,1.2448668,1.0221165,2.3253534,0.90706134,2.1522632,1.4762348,2.0955842,0.8180298,1.2472163,3.4514797,2.446265,0.68191713,2.8198965,3.3310108,3.6712744,2.4054744,1.1920589,2.8482924,1.712015,2.457969,3.6338196,2.936901,2.2854235,2.6635604,1.8115791,1.2555052,3.3648307,0.8863031,0.89199424,1.2603292,2.5956876,1.5394052,2.044464,2.6415148,0.7257769,1.4127325,1.1954066,1.3613517,2.9712255,1.4274142,2.771363,2.7729204,3.1570802,1.1127588,0.67040014,0.9207729,2.322448,1.9153671,2.773039,3.2550526,5.054795,2.6109257,3.403749,3.2540514,2.2483172,4.655986,0.52395695,3.6975563,2.8549259,3.4575477,2.6019855,1.258827,2.7889242,1.886088,1.7267786,1.5998806,0.48993245,2.2783635,2.311812,2.453474,3.1560323,1.8591971,3.2710698,0.7770376,2.3542008,3.2597892,3.9711084,0.8460344,2.2051756,2.2116387,1.5753702,0.9950874,3.0074859,3.8471122,1.7981192,0.54256773,2.7631776,2.9696193,2.6033082,1.674384,2.9088097,2.8445072,1.3231082,3.9574473,1.361747,1.119116,1.0576484,0.6409515,1.0695766,1.245076,2.8045192,0.4842105,2.459637,3.4426897,4.03678,1.6626277,0.93576103
1.1615169,2.8201365,2.6312716,4.5592465,3.6418533,3.439513,1.3312362,1.3899217,2.0516276,1.7646588,1.3843627,1.2731622,2.1410341,1.2701844,4.766128,1.6024013,3.402166,2.8520288,3.7383597,1.7014775,1.1857526,2.113957,3.2177913,2.6725574,4.299617,2.1012487,4.969347,1.3596808,1.3056133,1.431357,1.3745558,2.357684,0.93943375,3.171244,1.0719585,1.9494879,2.2433617,1.1073258,2.5839994,2.7400155,1.6471628,2.8461664,1.2962767,1.39375,2.6871698,3.2903624,2.5920906,1.1477712,2.3906677,2.1401098,1.3498125,3.5600328,2.814869,2.3489072,2.2471411,4.218846,1.6676445,1.1676613,3.952893,3.4044023,1.6999645,3.3922648,1.690838,2.608934,1.8356675,2.7766764,3.5867724,2.863584,1.7602069,1.4600964,5.7650614,3.0549042,1.3888526,1.3405107,1.9663855,0.94868743,1.8051474,1.7058305,1.1286672,1.0984756,3.0423577,1.480064,1.2987144,4.393002,1.8816754,4.0624375,0.99698657,3.7762473,2.1727123,1.5815527,1.538772,2.893777,2.9697192,0.9733039,1.3943012,1.608801,0.66489625,3.1321175,2.7640572,3.069918,1.8606094,2.188855,2.5621312,0.86005837,1.5080881,1.5245044,1.3432611,1.568696,4.343016,2.5621312,1.9573725,10.536514,3.5001316,2.390515,1.3625581,1.5466341,2.016845,2.4560177,2.1839414,3.1539218,2.5455573,2.1209137,3.6551604,1.1732391,1.1012754,2.4059744,2.7033758,2.9740746,1.8517226,1.5711068,3.893283,1.2898104,1.5578152,1.9639592,1.3074975,0.961178,1.4118935,1.2630112,2.601229,1.4937106,2.8689191,1.0574329,2.4242883,1.5365889,2.3859782,2.0245786,0.5164776,1.5951593,1.8219004,1.8461918,1.1663592,4.58683,1.9772184,1.7030094,2.7382581,0.6547958,1.6946691,2.9471738,4.3946877,3.0477355,3.542345,2.8505583,1.2472847,3.0493886,2.7104976,1.8424392,3.7796335,1.5025067,4.886722,2.8876588,1.0455449,2.0462358,1.3211535,1.2012048,1.5791123,2.6301212,1.1872522,2.0083835,2.4058256,1.2684155,1.5787318,2.5658681,1.5411078,3.2645357,2.870168,1.6426573,1.0471476,3.7879248,2.3163006,2.7877977,1.8708987,2.7991664,1.3728242,2.0314033,4.8149285,1.217139,1.4745977,2.9244218,3.7001753,4.29906,1.4620484,1.6490115,2.9095497,2.0356908,2.4339876,4.425476,2.4635363,2.7802742,2.8283544,2.3721693,2.126742,1.9648384,2.1008134,2.2011666,2.2224736,2.0669537,1.3326116,2.712005,3.1625297,1.4573295,1.8518,1.4392699,1.3324318,3.5679665,2.905231,3.2563632,2.512532,3.91894,2.5828073,1.5624137,1.3239856,3.6635766,1.4865716,3.3505688,2.5904114,4.993501,1.9768639,1.8185381,3.0689487,2.4490569,5.432859,1.3068546,4.169048,3.166403,2.974505,2.887846,2.0548558,2.3170788,3.4234858,1.3812449,1.4218751,2.08314,3.137927,3.7494695,3.8263254,3.7854972,2.742848,3.781354,1.2666706,2.9681382,2.2610114,4.920725,2.243063,2.896591,2.2075694,1.7931114,1.147751,2.199748,3.3754523,3.2729945,1.387019,3.3242872,3.671832,4.023838,2.7710116,3.0648477,2.7664413,2.4353857,2.3935988,2.678258,2.3311348,1.6163356,1.3014351,2.1615443,0.8499776,4.099918,1.4805579,2.609693,4.459661,3.5919108,3.0149498,2.2445073
1.5229908,3.6930776,1.603386,2.8310528,3.0134816,3.177472,1.6458914,1.3992546,2.7793078,1.0492538,1.5272745,1.4051793,1.0377564,1.3495361,3.7072337,1.131184,1.9798087,2.7542534,3.6218736,1.7102537,1.7408549,3.2397435,1.6095392,2.3330505,5.4543905,1.4626074,4.927786,1.5628085,1.2393354,2.4138424,1.7650491,3.6244376,1.3670287,1.9348111,1.3130245,0.903508,3.1061757,2.0459125,3.453303,1.6103832,1.306876,1.8682557,1.5101162,1.4565247,2.1895502,4.213074,3.4022853,1.8169695,1.4954545,2.8503978,1.4634345,1.985169,1.260073,1.0196781,1.7884115,3.1323547,1.8157935,2.33783,3.809192,3.2085903,1.5133797,2.0652122,0.6479587,1.3196309,1.8282453,2.7678576,3.4226649,3.21134,2.9202623,1.822765,4.270877,1.4899632,1.9176617,0.6418422,3.0927835,1.4025772,1.3144323,2.692477,1.2462063,1.2459073,3.8800724,2.421221,1.249207,3.2636633,1.3126079,4.1810665,1.3296789,2.4904108,1.160371,0.9715005,1.5306271,3.1454468,3.2603626,1.3554946,1.590151,2.775108,2.3754687,1.7048583,2.139733,2.834,2.520169,2.6851833,3.3313742,1.5121683,1.4932065,1.2623558,1.9709129,0.8542261,4.5793133,3.3313742,2.5264165,10.382326,2.842707,2.4341142,0.9656041,1.3277731,1.4379847,2.0471742,2.6389868,2.4234626,1.2549553,1.4511448,2.139899,1.2386855,1.3590136,1.7060137,3.3468087,3.2878003,2.8012543,0.9978261,3.8411934,1.9655414,1.8831458,1.2496476,1.3723496,1.3070204,1.5168546,1.027401,2.8137171,2.663818,3.1433997,1.4753104,2.2505755,1.7577407,1.6915798,2.3160508,1.9266584,1.7747021,0.4614217,2.0105329,1.350305,2.882776,1.3049346,0.970675,3.0617712,1.9736968,0.798632,3.0328836,4.642178,3.1311052,3.875118,2.6669571,1.008685,2.3345716,1.7559963,1.8565156,3.2673945,1.3012401,3.5727265,2.6525078,1.2953503,1.8671438,1.1775167,1.4193014,1.2911453,3.0788615,1.270162,2.741491,2.5420651,1.3275611,1.8335651,3.1696486,1.9124553,1.6021045,1.6885389,1.0775867,1.3067302,3.293116,2.0012143,1.1463602,0.9069739,2.612621,1.1994439,1.4314079,4.590212,2.3593898,1.7440289,2.1579642,3.6761632,4.379696,1.1456561,1.0337428,1.9377629,1.5407801,0.952942,3.746982,2.874929,1.2033643,1.3678867,3.3896942,1.3535408,3.0715208,1.4300399,1.5717143,1.2774497,1.4489845,2.782838,1.0642685,2.638354,1.6930078,1.0192686,0.9222648,1.2331119,4.3723373,2.9365058,3.2964602,2.2731192,3.8672442,2.9219708,2.1586084,1.3668702,3.3689895,0.6276335,1.6691886,3.1358855,4.966688,3.001498,2.9270146,2.544464,2.3656375,3.9070284,1.9869242,4.1838336,1.386201,3.4983656,1.4675406,2.8629568,2.982223,3.476458,0.8571237,0.92610145,1.9112782,1.4999177,3.8884254,3.5390987,3.5434988,3.5352032,2.8466763,1.3900927,1.2169794,2.0804648,3.2779305,1.7442932,3.010853,0.7277694,0.8783415,1.234287,2.788339,3.2703316,3.1262364,1.825554,2.6816518,2.0015361,4.146544,2.3448548,3.11947,2.0597281,1.456957,3.651305,2.3187711,1.5921229,1.0147507,1.7653229,1.3392649,1.4434506,3.6682744,1.9716853,1.1586499,2.9100413,3.7178679,3.4883988,1.6632631
3.7802377,4.6461263,2.0236979,2.008327,1.5009112,2.175615,3.6370268,3.555492,3.9393327,3.2528086,3.4822946,3.6512847,3.074722,3.594557,1.1068022,3.836844,1.5082854,2.4641652,2.5385656,4.2953978,3.8534894,4.4561768,2.2220333,3.9741814,6.8659873,3.3903294,6.076548,4.145187,3.6375716,3.9063618,3.8583267,4.719885,3.7632186,2.132268,3.7416975,2.7942266,4.0432343,4.2365427,5.4536977,2.827619,3.6139777,4.3357215,3.5656905,3.661804,3.4591882,4.5170326,4.128101,3.8589509,3.3856652,3.8637319,3.517216,2.3459496,2.817455,3.6089125,3.7244778,0.74356806,3.6649785,4.119563,2.4093306,2.3448017,3.8648088,2.8756526,3.901312,3.8944297,3.7588458,4.572804,3.1213603,4.1828666,4.2734675,3.8496616,1.6878133,2.6265435,3.9749684,3.5299346,4.17975,3.8140574,3.6603994,4.152331,3.5562112,3.5654917,4.341211,4.2823267,3.482235,0.63747185,3.7788818,5.1143174,3.675569,1.6906126,3.0086215,3.4385583,4.1744204,4.206919,4.2783117,3.7174945,3.4978566,4.2267766,4.690055,1.5825421,4.4194107,4.9537826,3.9601989,4.288773,4.1506677,3.9273582,3.7273698,3.592734,4.0719695,3.3068862,5.300206,4.1506677,3.9606817,10.628429,1.3742014,3.996707,3.5118492,3.746213,3.7122815,4.0114713,3.9787474,3.556795,3.5714073,3.9414754,2.2037313,3.5324419,3.7074764,3.6983986,4.016677,5.266195,3.9437308,3.360896,2.619849,4.079629,3.8381042,3.3738823,3.5334558,3.710153,3.5047805,3.8062937,2.8373616,4.2361507,3.117909,3.797425,4.5013337,3.6547263,3.7451713,3.7202098,4.234091,3.680075,3.298663,3.7827153,3.624066,1.8912159,3.451047,3.3867733,4.155982,4.3053412,3.2097867,2.5424442,3.521024,2.7696779,3.2790995,3.0250182,3.53804,3.0207691,2.7735353,2.7812269,4.763607,4.055518,0.7838843,2.1246274,3.627563,4.2603965,3.5582292,3.6811998,3.2673528,3.458796,3.549443,4.178782,3.2206426,3.5675337,3.78199,4.030572,3.8751357,2.300257,1.6788373,3.6746676,3.6335428,3.0915756,3.9688473,2.806681,3.148859,4.646065,3.574623,3.7506268,5.850904,4.2489524,3.7816088,2.610266,2.6357913,3.0798588,3.7436693,3.2811382,2.657426,2.476408,2.6583583,1.7267513,3.493366,3.2606938,3.4998527,4.2863216,3.8202052,4.61688,3.3600457,3.5220835,3.5348084,3.243529,4.4999027,2.6945539,2.2652316,3.7384825,3.6046903,3.3867254,3.5255444,5.685207,4.3076115,2.935699,2.5857954,2.651607,3.9973164,3.718525,3.5649562,4.9419317,3.7789679,3.0011058,3.6787295,6.127538,3.9569001,4.9395313,4.5531154,2.5507474,1.3202568,4.079112,2.8944454,3.286318,4.502336,3.8463461,3.9527817,3.625669,4.5918145,3.549948,3.7866917,3.6810806,2.4757664,4.9395604,4.9870095,2.2959766,4.2296653,1.6469674,3.5500638,2.59734,3.845699,1.7689929,3.6929407,2.7474036,2.67875,3.1599624,3.795113,4.164624,4.864241,4.607174,3.6688058,1.5281631,2.8900661,5.0932994,2.6899781,3.186674,3.0150554,3.1111028,5.3708887,4.1808863,3.6136384,3.474994,3.9021337,3.470043,3.8257673,5.159611,3.965632,3.0311732,2.1951315,5.359827,4.369857,3.6762881
4.5482683,4.859346,3.264552,2.938152,1.970964,2.4689617,4.4753985,4.536981,4.40412,4.495248,4.3574023,4.5602236,4.055733,4.510698,0.85579467,4.5761447,2.7446954,2.8265479,2.409323,5.012778,4.8035316,4.8944936,3.0721488,4.423361,6.7504644,4.143672,5.610202,5.1014757,4.494152,4.742542,4.771823,5.008219,4.6057863,2.7418122,4.5530696,4.098044,4.516725,5.0086083,6.5268087,3.4680433,4.4247475,4.8697834,4.451755,4.4719253,3.871241,4.623009,4.4805846,4.774199,4.0148306,4.3279576,4.4087276,2.9689655,3.6735756,4.892474,4.385389,1.610168,4.5855346,4.847772,2.4485905,2.5479171,4.4893203,3.3856447,4.984725,4.612048,5.105726,4.9649706,2.8586802,4.349882,4.873877,4.753539,1.6540123,3.3826065,4.8254743,4.6210246,4.772578,4.6303663,4.35869,4.768147,4.442926,4.4536233,4.539487,4.9081783,4.408612,1.5181293,4.567215,4.836931,4.5394216,2.0952632,3.991163,4.2835217,4.928921,4.3481464,4.3854613,4.5665874,4.368859,4.918995,5.4137626,2.798704,4.801601,5.286862,4.5046997,4.589328,4.4194674,4.7130494,4.530989,4.4274077,4.886547,4.183219,4.9065576,4.4194674,4.598369,9.331109,2.530995,4.3559217,4.3622513,4.5044136,4.3406086,4.479041,4.3935823,3.7371278,4.2664747,4.5608954,2.8585093,4.4224195,4.5144157,4.215802,4.2432356,5.5072193,4.505352,4.5489645,2.5043874,4.8942313,4.7217336,4.16949,4.4398894,4.563979,4.428219,4.980194,3.731054,4.826607,3.3545039,4.610246,4.9889245,4.5778284,4.3057895,4.3801994,5.1314783,4.6040373,4.411387,4.4249296,4.486121,2.7578404,4.278852,4.23447,4.3800364,5.133568,4.1162157,3.1848073,3.192833,3.142184,3.2699258,3.2034311,4.495923,3.3752522,3.383187,3.7444754,4.7972436,4.8964086,1.4507555,2.870076,4.496975,4.7768536,4.463398,4.5589757,4.446816,4.006371,4.4150963,4.7002363,3.480988,4.484223,4.6889105,4.408094,4.743584,3.1968586,2.887056,4.4367294,4.5037007,2.9019606,4.506393,3.6292458,4.339056,4.819629,4.463614,4.3593106,5.6079574,5.033962,4.721591,3.012039,2.6007347,2.753608,4.9483232,4.379274,3.182694,3.5094187,3.7062857,1.2066346,3.9371846,3.9962764,4.1989694,4.7007837,4.55725,5.665373,4.1193857,4.2453704,4.283077,4.1169724,5.079458,3.6053212,2.3849342,4.6962967,4.3578525,4.4485497,4.6890097,5.4320827,4.442936,2.81419,3.3867092,2.6183746,4.2776785,4.4063926,4.578101,4.9918466,4.8396053,4.364242,4.2282944,5.684188,4.556847,6.090756,4.8525405,3.7030325,1.8904555,4.887841,2.5840676,4.126053,4.5631213,4.541631,4.5016394,4.1106343,4.5911903,4.4668407,4.64264,4.303317,3.3728905,4.7805552,4.9659934,2.1762931,4.4393406,1.7895703,4.459366,3.519054,4.7798743,2.500437,4.354231,3.1774418,3.9922879,4.3907065,4.634026,4.625914,5.013081,4.731019,4.458184,2.2394788,4.233524,4.832877,2.958421,3.1433947,3.4534717,3.7619255,6.3590164,4.537714,4.2613864,4.3078136,4.8071146,4.2354093,4.652801,5.1159387,4.800756,3.7978973,3.313242,5.385477,4.4542956,4.3383512
2.6493168,3.801163,0.83466446,1.6882551,1.4060649,1.8784509,2.4913282,2.3650887,2.9996324,2.0467842,2.3315172,2.4726794,2.1907609,2.4186068,1.7952131,2.7497075,0.43005612,2.0010386,2.419557,3.3534198,2.694016,3.5571096,1.2774765,3.3270824,6.292003,2.2141528,5.6314015,3.1941068,2.4659238,3.1164742,2.6834207,3.922657,2.648071,1.5929259,2.620874,1.7334383,3.1744094,3.1015007,4.724384,1.7545307,2.4258502,3.3449874,2.4100206,2.4948928,2.8556707,3.9195905,3.3237755,2.718859,2.2669675,2.957462,2.3551755,1.5603738,1.7183524,2.4197478,2.5660934,1.0958807,2.4931505,3.0813837,2.4018214,2.2439847,2.7429407,1.951964,2.765947,2.8573618,2.8928974,3.9139469,2.6344342,3.288083,3.3286145,2.6770942,2.5125272,1.6279994,2.8135595,2.4030647,3.5172374,2.7006018,2.5123975,3.1526978,2.4182703,2.4331822,3.6477273,3.2036476,2.3110726,1.2111008,2.5868747,4.335122,2.5533688,1.4993894,2.1630344,2.2761462,3.197414,3.2960045,3.385674,2.5992332,2.3523076,3.4792304,3.6724424,0.62166536,3.5253518,4.2068634,2.9390192,3.28664,3.3304055,2.8401327,2.5466008,2.4078667,2.9155447,2.1701536,4.594162,3.3304055,2.9074507,10.518533,1.1805485,2.9562263,2.4201748,2.5792675,2.5847247,2.9137058,2.977019,2.6428847,2.4964156,2.831118,1.418248,2.3874438,2.5826437,2.609673,3.55303,4.548893,3.0396836,2.1570282,2.5897279,2.926564,2.6692696,2.189836,2.3641648,2.6033823,2.3370192,2.7414901,2.162568,3.2531013,2.752132,2.6604815,3.6818612,2.4874907,2.633032,3.0541158,3.1304898,2.506259,2.2437584,2.6592765,2.4739647,1.6474333,2.25165,2.2134283,3.22259,3.1902544,2.0504904,2.170605,3.488824,2.2326624,3.1240454,2.5904636,2.3636832,2.5700324,2.1291602,1.8587236,3.8523514,3.053571,1.5796374,1.6869674,2.501976,3.336523,2.3780298,2.5154643,2.0893924,3.0481753,2.4073226,3.1598818,2.6143832,2.3941379,2.608113,3.1458888,2.7094624,1.3385751,0.5697798,2.5376315,2.504864,2.515659,2.843266,1.7815481,1.9237024,3.686762,2.3905447,2.639095,5.0278425,3.3998177,2.6014361,2.112561,2.6063852,3.1320748,2.7399025,2.062617,2.0966194,1.4426097,1.7450211,2.0825307,3.0041034,2.274037,2.6128314,3.464568,2.6511729,3.892044,2.18332,2.3502524,2.3708353,2.4476373,3.5375803,1.6096073,1.8852905,2.5566902,2.4795246,2.1862125,2.3466823,4.9187407,3.349427,2.6200986,2.077492,2.5565422,3.058176,2.6616566,2.3772182,3.9968817,2.6574316,1.9745814,3.2445447,5.6904225,3.2986672,4.1059527,3.8021026,1.7738824,2.106457,2.9287486,2.993582,2.4088736,4.007131,2.8846614,3.0244646,3.0859,3.7001257,2.4779065,2.677746,2.5470865,1.4478228,4.106333,4.075746,2.2685485,3.457939,1.6536971,2.385202,1.5961227,3.161553,1.8029947,2.5351412,2.1881278,1.5875334,1.9518855,2.641294,3.5304835,4.28397,3.6361113,2.549375,1.2260048,1.9491476,4.3065743,1.887237,2.8280065,2.4389086,2.0001624,4.658671,3.1219215,2.4693687,2.3065717,2.7297728,2.2912018,2.7374055,4.268525,2.8074715,2.1462336,1.6954666,4.7597394,3.5240817,2.5192246
3.6905515,4.07668,2.6203783,3.2557008,1.128925,1.5916417,3.640342,3.7442515,3.5324037,3.7633107,3.5261817,3.7489724,3.2026174,3.6926754,1.2510788,3.8072517,2.4597437,1.6568137,1.4344276,4.084396,3.9460957,3.936826,2.81698,3.4976974,5.63469,3.5795343,5.0542073,4.080826,3.69836,3.491478,3.9733803,3.9571133,3.6885073,2.1133604,3.6700206,3.2542756,3.5938332,4.133368,5.2963257,3.0862877,3.734888,4.417169,3.6127193,3.6902957,2.946242,3.6890926,3.6015258,3.8905997,3.5405028,3.4410849,3.5851576,2.8917968,3.3293533,4.3529425,3.8733773,1.5107799,3.8423948,3.856689,1.5568686,1.186579,3.7840369,3.2857358,4.246699,4.1369247,4.0590982,3.9996524,2.3727052,3.7670944,3.8800774,3.9701138,2.604672,3.106017,4.0224886,3.7708697,3.4544578,3.7185075,3.7006001,3.8452973,3.5632446,3.5632477,3.670695,4.040957,3.5839393,1.544964,3.9639883,4.565643,3.630309,1.7432703,3.103018,3.5444906,4.006313,3.8109066,3.8493316,3.6538556,3.5336869,3.6355069,4.326824,2.289511,4.208614,4.5148497,3.677816,3.8737895,3.5661454,3.7655551,3.7957578,3.696872,4.0739975,3.4013047,4.6275053,3.5661454,3.8250446,9.420246,1.709136,3.7866104,3.503667,3.78342,3.7418618,4.0071745,3.6682167,3.4752011,3.8213174,3.984587,2.844066,3.5561075,3.6361678,3.7345452,2.9359732,4.5689654,3.5047781,3.781553,1.4901539,4.0675683,3.9576302,3.5636835,3.6178248,3.6387753,3.616618,4.04896,2.7219582,3.8331199,2.0258298,3.7365856,4.130341,3.797212,3.831025,3.179001,4.137749,3.8458583,3.6137846,3.7267785,3.6312778,3.1051905,3.6890502,3.5361733,3.7930028,4.172784,3.3785238,1.964708,2.3736718,2.2457738,1.98441,2.0670733,3.6751804,2.4886668,2.5513515,2.6959934,4.6410565,3.9930763,1.9317666,1.7031603,3.5963082,3.952233,3.6672747,3.7263477,3.6379042,2.6351812,3.5525055,3.9027529,2.3319263,3.661654,3.931653,3.6501129,3.974385,2.9810894,2.2451828,3.7198913,3.6063552,2.7470596,3.9983912,3.2263606,3.6572568,4.2967606,3.6864564,3.754828,5.558128,3.8218265,3.944398,2.1076617,1.3278309,1.8537326,3.9915245,3.6488667,2.377766,2.5945666,2.9771686,0.7190913,2.6160464,3.5799038,3.7010806,3.7335353,4.0219674,4.381858,3.553916,3.7232602,3.7737312,3.138714,4.012275,3.1821086,1.3931417,3.914026,3.6939337,3.668049,3.851695,4.7120514,3.982932,1.6871682,2.1560178,1.7828258,3.639985,3.5290825,3.7654588,4.7637243,4.0389576,4.114432,2.8602455,5.1026087,3.2486665,4.8753963,4.1852636,2.721119,2.5881186,4.061366,1.4795694,3.7813344,3.4015958,4.115024,3.5980918,2.775954,4.2418365,3.5931275,3.8372314,3.7043076,3.1295018,4.4528513,4.7724323,1.1000562,3.5827844,1.0436276,3.6241932,3.1680956,3.700226,3.0193648,3.8424003,2.2022402,3.264589,3.666507,3.8031628,3.4014757,4.161282,4.4068184,3.60802,1.2908399,4.097846,4.554815,2.3050048,1.9597478,2.5606527,3.2826176,5.0499916,4.110226,3.7823794,3.588355,3.9938512,3.7064648,3.6965847,4.9951696,4.01425,3.194218,3.536933,4.536037,3.846855,3.831058
2.134734,3.7966301,1.6347319,2.558793,2.09213,2.4538102,2.2905903,2.270538,2.9389234,2.1608415,2.1575007,2.2240217,0.94878185,2.1517327,2.6109142,1.7334933,1.6566175,1.9186906,2.7122304,1.9871441,2.5830173,3.4314868,1.3210326,1.6865126,5.011548,2.0725257,4.1407585,2.0728855,2.0248067,2.426013,2.6162956,3.6177413,2.016907,0.44831884,1.9510511,1.5173537,3.2321396,2.7758813,3.8205335,1.6881833,2.0887556,2.2793574,2.19887,2.1617696,1.2306548,4.0089116,3.4393325,2.5801172,1.9116575,2.9603665,2.156425,1.5973262,1.592375,2.4558222,2.42825,2.2643864,2.6026464,2.8013444,2.9923584,2.1014743,2.0503654,2.0448065,2.0358555,1.9226391,2.460986,2.2932477,2.786472,3.2880642,3.220408,2.6556313,3.2921083,1.4530759,2.7139335,1.756982,2.8642404,2.0392544,1.9348139,3.0616808,1.9240435,1.9151826,3.7931108,2.9420464,2.0126054,2.3728514,2.1939054,4.102804,1.9856728,1.1391901,0.9176394,1.7026975,1.9052916,3.2267303,3.3218324,2.00161,2.208065,2.690967,2.8707657,1.1067251,2.1477885,2.586823,2.8395987,2.890796,3.3254714,2.081153,2.2580066,2.0458612,2.751391,1.4940206,4.412757,3.3254714,2.9829836,9.43759,2.2110715,2.710461,1.5396444,2.0634518,1.9768668,2.516354,2.8780012,2.356483,1.7860914,2.050383,1.8129423,1.9276422,1.9797033,2.0901563,2.597687,2.9636805,2.9481218,2.1250799,2.9376378,2.7388787,2.6872756,1.9202884,2.115936,1.9341398,2.2415478,2.0644152,2.712684,2.9755986,2.2557704,2.1519623,2.113938,2.5299582,2.1833353,1.8438522,2.6864102,2.5736637,1.4161929,2.5283682,2.0501509,2.5050268,2.076542,1.7123128,3.198545,2.7157726,1.4925985,2.421323,3.8573885,2.6897125,2.972339,1.485754,1.9121292,1.0148253,0.4761544,1.8154857,3.430586,1.8315195,2.6765587,1.9385575,1.9496081,1.9141742,2.004212,2.1878102,2.200537,2.3857744,1.9313723,3.1139383,1.6954005,2.1148322,2.6521394,3.307957,2.707416,1.4760376,1.2535038,1.7756284,1.9702706,2.8217342,2.5550365,1.2501959,1.9953849,2.7122316,2.0265117,1.931105,4.6940713,2.4800968,2.6069329,0.7182036,2.652089,3.4776323,2.018341,2.0357475,0.49752286,1.4953563,0.71309114,2.5918193,2.126217,1.4345784,1.396276,3.4720688,2.1776001,3.329003,2.0332751,2.2173235,1.9891492,1.1011919,3.077483,1.289067,1.4206294,2.5627322,1.6807266,1.9463829,2.2819798,4.156962,3.069695,2.3062594,1.4443592,3.1069894,3.0479293,2.5394046,2.2704446,3.6015184,1.8736413,2.5367048,2.494531,4.1755476,2.745764,3.4840014,2.2186334,2.3613043,3.057108,2.748766,3.1478453,1.5806317,2.7062767,1.86812,3.0760236,2.4185095,3.5720453,1.5212667,1.74173,2.4255936,1.5692024,3.8879085,3.7090185,2.5243528,3.475223,1.43841,2.129597,1.2669286,1.9227945,2.7776458,2.373833,2.5558975,1.4067228,1.9893154,2.0311852,2.2799087,2.62964,3.3697927,2.3788106,1.7845395,2.702407,4.0810313,1.8203089,2.0193481,0.83835846,1.7248282,3.9283361,2.695633,2.175572,1.7631663,2.6166568,2.0405436,2.0239677,3.8345268,2.7464695,0.8377577,2.964305,3.1428995,3.5051236,2.2931097
1.3326828,3.5218127,1.7828372,3.2715278,3.2428362,3.3071198,1.4238901,1.1368443,2.614204,0.81853205,1.3323913,1.1562715,1.3490566,1.1132363,4.0706043,1.191276,2.336642,2.8740788,3.761867,1.7225145,1.3967841,3.0038466,2.076031,2.5549705,5.379095,1.5075294,5.1585035,1.4256539,1.0676357,2.2167094,1.458359,3.4117413,1.1419677,2.3842204,1.1371783,0.9690835,2.9110281,1.7257857,3.1939926,1.9018488,1.2224954,2.1310906,1.2844374,1.2861158,2.4661508,4.067631,3.2342198,1.4851664,1.6851357,2.6911607,1.2555902,2.453847,1.6575625,0.9589763,1.7907878,3.4598055,1.5696571,2.0395954,3.927323,3.3814278,1.5044746,2.4226034,0.5344186,1.6412519,1.5964471,2.9091904,3.566808,3.152597,2.6482227,1.528503,4.7295866,1.935992,1.6181068,0.41049695,2.9230616,1.186475,1.3511671,2.436529,1.0501803,1.0463187,3.7295463,2.1592846,1.0485618,3.604152,1.2871003,4.2309556,1.1087204,2.9507368,1.4495023,0.98480886,1.5216526,3.1128356,3.2238827,1.1347945,1.3875306,2.5834012,2.0522184,2.103734,2.3818164,3.0152278,2.3387187,2.5963178,3.1913824,1.2953947,1.328368,1.1481383,1.6694831,0.92265826,4.616036,3.1913824,2.317157,10.672542,3.012395,2.414689,0.9636587,1.2455736,1.5295899,2.1075504,2.5225544,2.6536133,1.5807753,1.5742294,2.568184,1.048563,1.1806835,1.8630863,3.3562107,3.3634984,2.5905094,0.70822555,3.9624336,1.6586714,1.6080624,1.3061816,1.1580418,1.1001949,1.2924519,0.7025325,2.7191112,2.404518,3.211607,1.2477369,2.3916662,1.4987217,1.821213,2.341341,1.5303774,1.518029,0.6983672,1.8830582,1.1412114,3.3317337,1.3139112,1.0199882,2.9977045,1.605941,0.90975153,3.0602093,4.6955934,3.1520064,3.930958,2.8790314,0.7987199,2.6782866,2.1325703,1.8020055,3.4281173,1.2888055,3.9640112,2.758036,1.0874426,1.984978,0.9921856,1.1781873,1.0276986,3.0780163,1.0924848,2.5367036,2.6543264,1.0994046,1.5623335,3.0237908,1.6349807,2.0643678,1.9887573,1.1223319,1.0935332,3.489805,2.0078273,1.631629,0.80427766,2.7323184,1.0288452,1.545973,4.697803,2.1475303,1.4492378,2.5041184,3.8094199,4.4795547,0.9275319,0.85659313,2.330435,1.6018206,1.3991404,4.036801,2.9059305,1.6725935,1.8271734,3.1792455,1.4250298,2.7752767,1.4856846,1.6118989,1.4212948,1.6479166,2.4994702,1.5257151,2.9097118,1.3970517,1.1678141,0.7008841,0.8582223,4.3300176,2.9596303,3.4354188,2.4034579,3.9642556,2.8509443,1.9617689,1.0741597,3.4659038,0.47625846,1.9030869,3.1153033,5.194104,2.8462284,2.5669549,2.804079,2.2960823,4.3476963,1.6828967,4.3162885,1.9031582,3.5662277,1.8603916,2.6594477,2.9366457,3.4979956,0.8606452,0.90771663,1.8653558,1.9359232,3.9178014,3.6446767,3.7210002,3.3994484,3.2220237,1.1632941,1.7241687,2.1384616,3.718046,1.7610968,3.0264678,0.9820116,0.7213252,1.0394844,2.7856412,3.4691508,3.1746156,1.6099613,2.9053469,2.2561512,4.192778,2.5241826,3.280376,2.390107,1.6877838,3.3413055,2.392994,1.6987231,1.0233356,1.4484911,1.4306573,1.2182947,3.8131971,1.6864402,1.6430396,3.2289011,3.871069,3.4177403,1.7076803
2.5497918,4.277575,2.1525056,2.693907,2.5467575,2.9577518,2.76188,2.73255,3.4401274,2.5935848,2.6376746,2.6695285,1.106851,2.598733,2.8718214,1.9529805,2.0430784,2.405956,3.1602864,2.0312881,3.0484827,3.9196403,1.5815909,1.5178396,5.068773,2.4805882,3.9120665,2.2171433,2.4351428,2.7894306,3.0794528,4.0706954,2.412264,0.65580195,2.3344452,1.9185216,3.7515907,3.206821,3.927442,2.0572033,2.4886904,2.227903,2.6682296,2.5948203,1.1385783,4.508147,3.9577599,3.0514174,2.2385218,3.4733555,2.626231,1.7743295,1.8709824,2.7370372,2.8083842,2.6185515,3.0880795,3.2715237,3.4626212,2.487435,2.3706164,2.298679,2.2202034,1.9381852,2.7309203,2.130064,3.2162545,3.7374642,3.7181022,3.1246202,3.346894,1.69298,3.1752915,2.0764744,3.230431,2.4250772,2.272937,3.5582035,2.3526635,2.3406034,4.3051558,3.394459,2.4627376,2.6971018,2.528718,4.4025583,2.39871,1.2531743,1.0938972,2.08048,2.0033655,3.650406,3.7455263,2.4071593,2.6932218,3.0224783,3.1953602,1.50091,2.0333831,2.347352,3.3275497,3.2870958,3.822571,2.4436953,2.679939,2.455455,3.202759,1.8779485,4.731388,3.822571,3.4845374,9.22661,2.689593,3.1045723,1.8758918,2.4317718,2.2795126,2.8184588,3.346102,2.628622,1.9322339,2.258923,2.056248,2.361202,2.3821292,2.3687878,2.8449354,2.837322,3.4574492,2.552763,3.3839562,3.1890035,3.1610017,2.3161328,2.5735807,2.3253338,2.7211046,2.3308241,3.2710016,3.447533,2.6405246,2.5657365,1.9885198,3.0151882,2.4711094,2.0275376,3.098671,3.0554674,1.6478667,2.9820964,2.4839091,2.6363873,2.4742084,2.0923543,3.6446795,3.1210709,1.8886458,2.9242392,4.30971,3.2286425,3.371692,1.7155669,2.318257,0.8911661,0.5450019,2.3565464,3.5943766,1.9469895,2.9015653,2.4475162,2.3675592,1.9280288,2.427454,2.627232,2.6756308,2.7064662,2.363012,3.599093,2.0466893,2.5628107,3.1277184,3.8210733,3.1794116,1.7181802,1.7498021,2.0769331,2.390539,3.2151973,2.8998518,1.4518899,2.4205034,2.822612,2.4463377,2.2042038,4.8654284,2.7704568,3.0768414,0.8838169,3.0560982,3.9088278,2.2545583,2.4805598,0.51918507,2.0515995,0.96323216,2.925393,2.4222813,1.4884671,1.2510653,3.982279,2.4558365,3.626216,2.4411578,2.6040187,2.297635,1.2422178,3.5106883,1.5653436,1.8030303,3.0334759,1.9469981,2.3707407,2.7238564,4.404913,3.4167368,2.701073,1.8293657,3.587134,3.5113637,3.0380805,2.729869,3.80758,2.0979922,2.7782736,2.7854214,3.9353652,3.1460521,3.7353544,1.9697782,2.9076078,3.1553202,3.2010813,3.53768,1.4637704,2.787152,1.7815098,3.595855,2.7836895,3.9226546,1.808489,1.9890758,2.8528547,1.8326716,4.208087,3.9167001,2.9469905,3.9718714,1.676429,2.5880594,1.4593859,1.9405847,2.9142046,2.7495334,3.0954597,1.7693042,2.4120677,2.4020495,2.431113,2.387839,3.6621962,2.861449,2.2636406,2.9434626,4.384717,2.2942493,2.3062892,0.8287608,2.089911,4.152648,2.97238,2.5055556,2.1369867,3.0744529,2.3980782,2.4040792,3.9805973,3.212791,0.8383903,3.2363772,2.9466865,3.9533362,2.650937
1.8614521,3.6754277,1.7002715,2.8359778,2.3352919,2.607745,2.0686715,2.050957,2.7959967,1.9782233,1.9455409,1.9818678,0.6111213,1.9086148,2.9768052,1.3987184,1.8872343,1.994103,2.8696322,1.592306,2.341931,3.2557912,1.5051501,1.4420695,4.7804623,1.9396409,4.055355,1.675553,1.7629032,2.1540897,2.3919575,3.4388344,1.7032913,0.8477109,1.640589,1.3441492,3.101433,2.5078518,3.4941554,1.7104725,1.8724381,2.0826957,1.9711531,1.9269288,1.0596443,3.9380927,3.336992,2.3384295,1.8075018,2.8329773,1.9348376,1.8105056,1.6054851,2.287711,2.2912216,2.5933862,2.4225485,2.5556617,3.1620812,2.2469745,1.800839,2.1497772,1.7145808,1.7282089,2.1968398,2.0241785,2.893645,3.2101018,3.024642,2.442134,3.689502,1.5463451,2.4877152,1.4308468,2.6451066,1.7228503,1.7122284,2.8691797,1.6435026,1.6284765,3.7161062,2.7118495,1.7703847,2.714716,1.9822258,4.0620456,1.6855744,1.5419233,0.59923923,1.4495206,1.5039887,3.148432,3.245865,1.6959875,2.0003393,2.4185882,2.518651,1.3551978,1.9160389,2.326091,2.6727152,2.7210088,3.2194273,1.7460823,2.0331395,1.8151968,2.5147948,1.2199868,4.3851895,3.2194273,2.8268607,9.49125,2.4060435,2.5839353,1.1986176,1.814876,1.777239,2.3737605,2.7422118,2.361767,1.6434904,1.8241409,2.0347693,1.6557113,1.6851482,1.9559138,2.4595842,2.6835234,2.783007,1.910756,3.092441,2.496941,2.485786,1.7580515,1.882021,1.6139467,2.033432,1.7192212,2.6934803,2.7534633,2.2488463,1.8675989,1.7931883,2.336186,2.0436144,1.5765458,2.3740635,2.3839898,1.1045026,2.3586905,1.7842185,2.801331,1.9152852,1.4852672,3.1085207,2.4062426,1.2552781,2.4686112,3.9729888,2.7455926,3.025468,1.4900215,1.6341304,1.0387797,0.44676858,1.700754,3.3758738,1.4272419,3.047698,2.0305037,1.6550331,1.5756391,1.7504443,1.9336,2.0114183,2.284939,1.6604165,2.9477594,1.6092039,1.871062,2.4550872,3.212199,2.5025527,1.6385623,1.4235106,1.4971211,1.6786397,2.9540954,2.405031,1.2574301,1.8289404,2.5299518,1.7788566,1.7201319,4.649892,2.1487038,2.396757,0.8499227,2.789909,3.6251483,1.6820904,1.8420304,0.62719446,1.4293243,0.5704607,2.8957145,1.9996363,1.3535913,1.2545403,3.3339884,1.9825882,3.0500894,1.9015354,2.0868006,1.8351611,0.757195,2.8173668,1.2978369,1.6105396,2.3521075,1.4226463,1.7074337,2.0445824,4.0026703,2.975622,2.388873,1.4160866,3.2557735,2.9554212,2.3540542,2.0416405,3.518965,1.5301124,2.5498052,2.3628836,4.084507,2.5508091,3.1597087,2.0023386,2.3388653,3.4389927,2.5092108,3.3041222,1.5482602,2.5386846,1.7138231,2.933323,2.277673,3.5116808,1.1501831,1.3883479,2.2834458,1.6812179,3.8303216,3.6424692,2.7128453,3.3805342,1.7878753,1.8914185,1.3377377,1.6307077,3.103251,2.2371821,2.5972028,1.2817328,1.8074173,1.7284392,2.0239074,2.4326587,3.2829554,2.1685855,2.0039363,2.7649384,4.03818,1.8836912,2.0446022,0.7807149,1.6602479,3.6212492,2.5671406,2.04528,1.5184696,2.3823357,1.8959242,1.6935705,3.7761357,2.5310395,0.69402784,3.1808217,2.9382102,3.4274766,2.1527817
2.3181076,3.381174,0.6029463,2.2080986,1.1381118,1.4850851,2.1399245,2.062264,2.5615644,1.8476987,1.9839008,2.162509,2.0505283,2.1071095,1.9460473,2.5571003,0.85518616,1.5316523,2.0460162,3.1251829,2.3422244,3.0848482,1.5103532,3.1377792,5.8832216,2.0521863,5.479722,2.9252646,2.185545,2.6478817,2.359014,3.423628,2.3102682,1.601507,2.3052926,1.5281676,2.7017374,2.7371962,4.3891287,1.7393492,2.2015996,3.3444788,2.0662994,2.1975975,2.6636777,3.432017,2.860204,2.3452013,2.1831765,2.505152,2.0214736,1.8317356,1.8242068,2.427534,2.4156487,1.2677019,2.1835296,2.635078,2.039212,1.8532295,2.519912,2.1044192,2.6520293,2.8754694,2.6193638,3.6937542,2.3606849,2.9714148,2.8498478,2.3545907,2.9267025,1.7844567,2.4777708,2.1839457,3.006877,2.3665464,2.324281,2.7066271,2.090154,2.10188,3.1809402,2.8117065,2.0003996,1.426792,2.4358056,4.1458287,2.2137694,1.6414388,2.004214,2.0586858,2.9625378,3.0109506,3.0950065,2.2596066,1.9965943,3.0002167,3.2597225,0.81834835,3.44494,4.0663066,2.5372171,2.9599454,2.8844657,2.4952116,2.2768464,2.1605601,2.575922,1.9422357,4.3739834,2.8844657,2.5288815,10.459346,0.86531276,2.7114267,2.1630268,2.3458745,2.4311576,2.7819366,2.6204143,2.59491,2.5045264,2.7170105,1.7175372,2.063695,2.258136,2.508242,3.1058881,4.303254,2.5502257,1.9304193,2.2060769,2.5807772,2.3503675,2.0242786,2.0432506,2.2682436,2.003614,2.503709,1.6425353,2.7911549,2.28308,2.3265612,3.4992604,2.159369,2.5353315,2.6899815,2.7363563,2.1922762,2.1110008,2.3595965,2.1478043,2.1661167,2.0923924,2.019269,2.9137857,2.8069255,1.8485647,1.652403,3.0925803,1.7681841,2.659426,2.2666032,2.0907729,2.4225667,2.0031748,1.3544306,3.825834,2.8363261,1.9334033,1.1825684,2.1660085,3.1394389,2.0977504,2.1947129,1.7958345,2.5839326,2.0836158,2.7669623,2.2080555,2.0808716,2.2954297,2.737208,2.3866372,1.6014453,0.44411266,2.3476865,2.1685367,2.3942003,2.6846852,1.8789649,1.7620982,3.5416784,2.1197414,2.491591,4.973906,2.9707544,2.2875414,1.9392145,2.201307,2.7567055,2.508835,1.8361219,1.9912636,0.99732727,1.694985,1.9766794,2.5599415,2.348986,2.6613872,2.9753914,2.5539804,3.457518,2.0238967,2.2118192,2.2903008,2.227581,3.0654407,1.6992364,1.6043403,2.2427666,2.3355846,1.940426,2.0585337,4.5740423,3.1376913,2.2154672,1.6789654,2.1809382,2.7266943,2.2476726,2.0694098,3.920357,2.4941962,2.2311587,2.7857375,5.5351834,2.778155,3.7256324,3.7065198,1.2751449,2.5588915,2.5807745,2.620635,2.5778975,3.638831,2.9498835,2.5655203,2.5910444,3.5057697,2.2418685,2.4736192,2.3166058,1.6653098,3.905278,4.000605,1.923762,3.0061054,1.6009947,2.056454,1.7691822,2.9216583,2.3182976,2.3893442,1.6960585,1.5000606,1.7707965,2.3594933,3.1430178,4.1010346,3.5004041,2.174137,0.8729363,2.2710192,4.1156025,1.6007181,2.4504304,2.2692475,1.9163222,4.236125,2.9984066,2.369936,2.0972397,2.3999882,2.1793175,2.386312,4.2411065,2.4743195,2.144737,2.14858,4.5478315,3.1848135,2.3880532
2.262448,3.056147,3.3710363,3.9918735,3.8704617,3.7616117,2.5384603,2.7256858,2.7477293,3.209382,2.5846462,2.5401533,3.0569649,2.5476942,4.3847694,1.9901724,3.5021317,3.4102526,3.883963,2.6378229,2.8724368,3.1461658,2.7766473,2.9781494,4.6331587,2.0377667,3.4330237,3.250513,2.3044498,3.7339914,2.7321253,3.3628483,2.4746344,3.0316935,2.3247411,3.447474,3.209098,2.5563555,5.222128,2.0916455,2.1094766,1.6635057,2.5909426,2.271195,2.8706298,3.9453173,3.3049703,2.8642137,1.706605,2.897176,2.5701385,2.694952,2.3952498,3.2749639,1.8548226,4.1629786,2.78604,2.9095423,4.3201413,3.9543405,1.6278291,2.2310793,2.826465,1.9820237,4.303667,3.1554317,2.8265345,2.291743,3.209794,2.7387583,5.104887,2.4208484,2.6582713,2.8927147,3.9340148,2.4067361,1.7629809,2.9353628,2.5102854,2.527904,3.6198833,2.511608,2.5534267,4.30718,1.9339159,1.9845573,2.5117943,3.3529637,3.153109,2.174085,2.568624,2.0382938,2.104008,2.4851782,2.6165676,3.768504,2.9706926,3.4215143,1.6946839,2.7139554,2.5345469,1.7543727,2.995716,2.4293005,2.2075737,2.1965787,2.5862477,2.3154485,2.457416,2.995716,2.7176187,8.087744,4.298156,1.5939553,2.3690333,1.9637865,1.56033,1.2788049,2.253925,1.3427434,1.8166178,1.4691172,2.8520184,2.5006962,2.3288548,1.3522981,3.745221,2.9990802,3.1222906,3.0827262,4.197007,2.5947134,2.7193103,2.0569599,2.551136,2.5043492,2.6741264,3.3456037,4.0328064,2.8919823,3.7110925,2.3713763,2.564658,2.781355,1.4350239,3.4699728,2.9733956,2.7715306,2.995069,2.1437836,2.446563,3.981523,2.1353996,2.153036,2.1869152,2.7570357,2.3424242,4.1054792,4.661109,3.5992866,4.2588468,3.1037393,2.5340703,3.0972197,2.8959367,3.334155,1.05829,2.659843,4.58482,3.8326979,2.5065508,2.061437,2.4223661,2.4834137,3.204724,4.147309,2.4454186,2.620309,2.8678393,2.548052,2.7486444,2.9574041,2.6981,2.825741,3.3835828,1.9282671,2.5064175,2.569986,1.5283308,2.3863165,3.0042746,0.4673153,2.3650296,1.5018867,2.063553,3.5087218,2.784323,2.9727173,4.1707497,4.554434,3.5459154,2.838626,2.9457448,3.1566389,3.0559871,4.1498423,3.706833,2.1815615,2.373305,3.4086432,1.7639672,4.789875,2.0452394,1.9566692,1.8536117,3.1536624,3.0075397,2.506868,3.056132,2.807698,1.885168,2.7473183,3.1620846,2.3780298,1.3838787,3.3486292,3.7275553,4.210796,2.2654185,2.6314979,2.807914,1.1014957,2.8042345,3.7153869,4.19304,3.5654452,3.8667243,4.7903223,2.3135748,4.0151997,5.0120025,2.5972764,4.4751763,2.7215912,3.4359267,2.17567,3.0669575,3.7963445,1.752836,2.570167,2.2860212,1.9460243,2.7040308,1.8348459,1.2128778,3.9339957,3.1530545,3.567464,2.57917,2.6773188,3.8722422,4.2745466,1.8313727,3.5762737,3.3538713,3.1262147,2.2726882,3.4585793,3.1057029,1.2707325,2.560151,3.7494962,3.8627794,1.9728873,2.3640902,3.2337012,2.8706915,1.8857358,5.2059784,1.0605917,1.6959994,2.1242537,2.7139113,1.9516348,2.5316436,1.2774019,2.6498287,2.521504,4.1917424,3.1156313,2.469045,1.7701002
1.819663,3.9802225,2.7366595,4.0837793,3.777874,3.8626764,2.174144,2.1113367,3.1315775,2.1052053,2.1310585,1.9867822,1.1989735,1.9394917,4.5949817,1.1657441,3.1941345,3.1604083,4.133972,0.5994552,2.239838,3.3967843,2.7439322,1.5818769,4.439832,2.3567557,4.2375875,0.5309582,1.7659733,2.034032,2.3467846,3.567459,1.519513,2.4889312,1.5040874,1.7777122,3.4401526,2.270065,2.4873967,2.636501,2.00393,1.9784079,2.073529,2.0035033,1.785553,4.436782,3.7579062,2.2561948,2.3387551,3.2250729,2.0717995,3.0587296,2.4438913,2.2168505,2.587602,4.128821,2.557594,2.4750376,4.420582,3.5188596,1.842532,3.1404722,1.0683491,1.7539687,1.7862282,1.7419221,4.0167623,3.6970367,3.100041,2.434261,5.2665243,2.593895,2.4271414,1.1409256,2.6896796,1.5155419,1.8814799,2.9717777,1.6510327,1.6164207,4.2004437,2.6525724,1.8669554,4.2641096,2.0323474,4.5514183,1.5826082,3.1848512,1.283693,1.6324328,0.5534091,3.629975,3.7276945,1.5611652,2.1874857,2.2401788,1.8181673,2.7561402,1.7878957,1.8860251,2.9133024,2.9313393,3.647143,1.4303832,2.0938377,1.9199662,2.4070406,1.4879297,4.922157,3.647143,3.0521252,10.002523,3.6904855,2.9431195,1.1917312,1.8395579,1.9957248,2.6290393,3.0856519,3.1299932,1.988345,1.8509758,3.2931342,1.6938641,1.6159369,2.342169,2.880242,2.1850448,3.0420558,1.9481895,4.3316994,2.3721309,2.5228431,2.1271973,1.975614,1.4447562,2.1823556,1.0188498,3.4277222,2.7652552,3.1601152,1.7568827,1.2727085,2.4454114,2.3717694,1.6992195,1.9193264,2.4897895,1.0893514,2.598105,1.7899979,4.1066785,2.2162797,1.7401357,3.5569396,1.9694346,1.6186165,3.4586954,5.0662503,3.7437344,4.004075,2.5830028,1.5947413,2.2083702,1.8819809,2.3691437,3.7490394,0.40181607,4.6158743,3.1876113,1.5954622,1.1673187,1.7871464,1.9165101,2.1664877,2.8420153,1.7073001,3.1332989,2.474633,1.9168136,2.5119214,3.6509943,2.5252886,2.7929337,2.7302017,1.5134761,1.6200192,4.0868363,2.6355252,2.1834764,2.0731432,2.5837393,1.827186,1.9110713,4.9799237,1.6822177,2.4040904,2.306622,4.006476,4.8195286,1.0337855,2.0251405,2.112287,2.3063931,1.6385381,4.446104,2.5671473,1.9748389,1.6948483,3.6226127,2.0674586,2.5436194,2.3339431,2.453562,2.146129,1.1903157,2.6436641,2.2236955,3.0546494,2.3663278,1.5433335,1.7693752,1.9642123,4.121868,3.383456,3.5316947,2.4070954,4.4634795,3.4244103,2.5831666,2.0581548,3.8002162,0.93026966,3.05017,2.7845235,4.2358313,2.730059,2.2897756,1.8946308,3.075549,4.96766,2.3952584,4.535173,2.118224,2.7829032,1.8578963,3.239433,2.7369583,3.972757,0.9500664,1.0146533,2.6170769,2.7228358,4.278761,3.9784832,4.054531,3.835553,3.4171097,1.9657706,2.347236,1.3301164,4.4848185,2.5469115,3.5756066,1.8532369,1.9947544,1.5398297,2.0216544,2.3584363,3.6221685,2.3130136,3.418154,3.3959174,4.52204,3.0117393,3.0820403,1.9671538,2.377789,2.852518,2.8361142,2.4059162,1.6905258,2.2975724,2.2465017,1.4335146,4.0904837,2.510769,1.6298798,4.2847576,2.7568352,3.904142,2.4615781
4.7693424,5.4987965,3.078772,1.639816,2.766114,3.3251214,4.614693,4.5056586,4.91677,4.198376,4.473365,4.607738,4.2166185,4.5653243,1.7428131,4.7438226,2.2740135,3.7925332,3.6684105,5.3820496,4.8507853,5.5048566,2.749497,5.1054044,8.103301,4.071837,6.7943864,5.364974,4.575947,5.356126,4.7807503,5.856594,4.8328395,3.1571903,4.7719154,3.973249,5.0801997,5.211011,6.9156094,3.3727868,4.4257917,4.856968,4.559439,4.574688,4.605806,5.562627,5.1152225,4.883208,3.967898,4.864919,4.498116,2.629424,3.3251433,4.2745953,4.3064322,1.7735965,4.539482,5.232363,3.557567,3.7823718,4.67243,3.069684,4.79714,4.4685326,5.107392,5.7175646,3.794397,4.8327127,5.3777623,4.754135,0.9359066,3.0935283,4.8883295,4.5875244,5.6537476,4.87122,4.432608,5.1814065,4.602725,4.6241546,5.317168,5.2363925,4.473486,1.6239691,4.473841,5.410449,4.743937,2.5711734,4.1997595,4.3358326,5.2561116,4.8035927,4.8724732,4.785412,4.4914246,5.677464,5.8918386,2.6339476,5.121616,5.8699846,4.8871303,5.0672207,5.0995817,5.0160747,4.5793962,4.4562073,4.9866652,4.274626,5.620233,5.0995817,4.8337374,10.731055,2.8436186,4.629282,4.5502014,4.582917,4.411261,4.5301685,4.7885017,3.8981705,4.121748,4.6038,2.4100137,4.5654974,4.7322397,4.261402,5.4456377,6.3396654,5.0684133,4.3305397,3.7982526,5.010472,4.719013,4.111389,4.5133505,4.795887,4.475776,4.9568143,4.133967,5.3350224,4.546075,4.8077297,5.513338,4.5750394,4.292227,5.1274242,5.362095,4.5712366,4.3423333,4.577769,4.631245,1.5217645,4.1598253,4.241087,4.807306,5.3822546,4.1383023,4.0090895,4.5501785,3.8794856,4.655903,4.3085675,4.5275645,4.1726723,3.8993201,4.103565,4.897931,5.1296773,1.056684,3.5920486,4.6907682,5.2198424,4.5081687,4.6576567,4.2958508,5.015842,4.573928,5.060316,4.494797,4.5464416,4.661349,4.886782,4.7578754,2.7505543,2.8299658,4.524495,4.6920505,3.4285767,4.528088,3.4130232,4.0381002,5.2202454,4.498983,4.456759,5.842663,5.635451,4.6875563,3.7861235,3.9773808,4.1773086,4.9463797,4.200928,3.7682385,3.7099264,3.721017,2.6535585,4.9707503,3.833634,4.176415,5.360196,4.4329963,6.138819,4.0471163,4.1377754,4.1434035,4.4929037,5.6682873,3.3355157,3.4356055,4.6560493,4.4040017,4.3539934,4.558856,6.457571,4.8087606,4.1338067,4.103386,3.7252123,4.7133465,4.725573,4.541982,5.145128,4.7585425,3.3459895,5.234182,6.874743,5.423329,6.3786654,5.3668222,3.8967147,0.72725546,5.00938,4.116216,3.796265,5.794484,4.3842506,4.9738073,5.110232,4.963368,4.618014,4.7466617,4.36977,2.9162219,5.2890434,5.1565003,3.4892313,5.1821604,2.7921388,4.5439982,3.1785128,5.199154,1.0860629,4.2783637,3.93048,3.7408183,4.108204,4.7631636,5.550968,5.888777,4.931986,4.656566,2.9069748,3.071664,5.3951926,3.5423763,4.4530916,4.159549,3.7321386,6.898379,4.640396,4.1725407,4.343871,4.8379135,4.104304,4.9353247,5.239341,4.859208,3.8804984,1.8793496,6.3577123,5.043159,4.259682
4.6280065,5.538708,2.9310377,1.5935483,2.617159,3.2578893,4.513994,4.4012203,4.886578,4.0603704,4.3634596,4.491792,3.8551693,4.44094,1.6029605,4.52155,2.1175792,3.5981889,3.5782676,5.0611634,4.7547727,5.4669075,2.5654578,4.702783,7.8079176,4.010999,6.4863057,5.032889,4.4360304,5.070095,4.709072,5.7798867,4.6490736,2.7827551,4.5909452,3.7025824,5.0596156,5.1184025,6.5225835,3.3006933,4.3225937,4.6526747,4.445006,4.464473,4.2139387,5.567636,5.1235466,4.783755,3.8864639,4.837386,4.3845987,2.4881725,3.1974857,4.141501,4.285898,1.6403483,4.4960966,5.1242986,3.5019708,3.5136755,4.538437,3.0555155,4.5567093,4.2567244,4.779517,5.3171015,3.8276575,4.8960857,5.3148336,4.694187,0.6441394,2.945381,4.825995,4.345465,5.387953,4.6891007,4.305772,5.1326637,4.4328976,4.4487195,5.3437777,5.175854,4.3347516,1.475891,4.378419,5.521783,4.565767,2.196304,3.8274496,4.170167,4.9514894,4.863888,4.9386544,4.605544,4.38743,5.391519,5.683347,2.344912,4.857168,5.507909,4.855247,5.0344634,5.1009846,4.8184414,4.4874377,4.3393736,4.9211016,4.0752115,5.747252,5.1009846,4.8328533,10.596201,2.6643012,4.6282196,4.318919,4.4580874,4.2936463,4.497441,4.7863426,3.8953574,3.9595232,4.460239,2.3380928,4.4019465,4.563352,4.17915,5.129947,5.983404,4.9959645,4.1826677,3.7047706,4.9386277,4.671889,4.0155196,4.3899875,4.6000113,4.3756967,4.678884,4.042705,5.2455244,4.28394,4.659083,5.163898,4.512765,4.2224436,4.7569337,5.2048907,4.5183263,4.046768,4.543613,4.484774,1.4547378,4.082841,4.088366,4.862071,5.2403746,3.9522836,3.821453,4.5396905,3.8464756,4.457371,3.9753797,4.3592186,3.7570841,3.5138915,3.9078147,4.9439383,4.826011,0.8718095,3.3751285,4.5136995,4.928837,4.3678465,4.531478,4.164697,4.681425,4.4131193,5.055371,4.2276793,4.4176893,4.6131268,4.925895,4.7107067,2.5868852,2.6004188,4.3489685,4.5187564,3.5416572,4.5063677,3.206553,3.9022655,5.098106,4.3664255,4.32272,5.9732685,5.3383474,4.6236877,3.4115083,3.7833142,4.1183257,4.636408,4.074577,3.3759136,3.5150745,3.374291,2.5326636,4.6398983,3.6074927,3.873249,5.3335385,4.3337445,5.8200784,3.9814804,4.0953145,4.046874,4.1138053,5.5397663,3.146216,3.1853504,4.585957,4.222012,4.198306,4.4121194,6.3970413,4.842614,3.9535897,3.7499652,3.701654,4.750868,4.6539655,4.4269085,5.2032337,4.507219,3.2579377,4.8897705,6.552438,5.1732516,6.0598974,5.0282264,3.7524,0.13745189,4.939764,3.9723341,3.5121586,5.452176,4.139272,4.948029,4.8241425,5.062415,4.3565917,4.515424,4.3463874,2.7820148,5.389074,5.229895,3.3523293,5.190654,2.4526308,4.4178295,2.9596245,4.7718363,1.0972615,4.2510014,3.862946,3.471709,3.9520543,4.5977635,5.1950955,5.493939,4.9974523,4.5670624,2.7033017,3.0318725,5.5064816,3.4659941,4.178641,3.7730665,3.6427243,6.554935,4.62328,4.1162734,4.1890903,4.7592316,4.027444,4.734545,5.304019,4.808363,3.5582008,2.034922,5.9924436,5.109638,4.2180924
0.79115796,2.9342632,1.876157,3.7043295,3.0307872,2.962304,0.9839926,0.91642123,2.02494,1.1129576,0.9326527,0.820716,1.3899355,0.7692887,4.043643,1.0260645,2.5783255,2.4062245,3.3292015,1.4234365,1.0058087,2.3306184,2.3653376,2.2698357,4.6546764,1.5020012,4.7873588,1.1163229,0.7435933,1.5078783,1.1511762,2.6536002,0.46033418,2.3833265,0.5522535,1.1668515,2.299607,1.1896527,2.867564,2.0037665,1.0958968,2.3161943,0.8686674,0.9403504,2.173547,3.4031415,2.6356945,1.0159199,1.7429366,2.1019702,0.8798934,2.7278337,2.002384,1.7051477,1.7672529,3.4827273,1.3535204,1.3504189,3.5424585,2.951239,1.2456179,2.6454155,1.0673174,1.9581935,1.5580273,2.5549731,3.1804528,2.722053,1.9789016,1.2382177,4.939112,2.229334,1.2528983,0.52918303,2.156056,0.5205823,1.2330323,1.8236496,0.5107792,0.47351992,3.1123147,1.5854237,0.70541304,3.6480227,1.3392638,3.8964493,0.45877853,2.9823813,1.4395547,0.8624923,1.2087907,2.7172766,2.814329,0.46921813,0.9781682,1.8245978,1.2842468,2.2904236,2.3256693,2.813162,1.8001261,2.1010299,2.5836601,0.56851643,1.07551,0.96034324,1.2645965,0.77122533,4.2218575,2.5836601,1.8759956,10.333273,2.8892078,2.1062016,0.6144435,1.0331814,1.4586848,2.0299816,2.0500646,2.5966022,1.8453385,1.5876007,2.834228,0.5545661,0.6039684,1.8469666,2.6556363,2.9346266,1.92301,0.91653365,3.5167284,1.2286884,1.331442,1.3159593,0.79706544,0.40111193,0.96879447,0.7412502,2.3158095,1.7005297,2.605943,0.681903,2.1372144,1.2250651,1.8378934,1.7908233,0.8501489,1.2836113,1.0190133,1.5515904,0.6545328,3.730705,1.364284,0.98246664,2.5850086,0.94534343,0.885358,2.598926,4.170319,2.7088127,3.331861,2.4030297,0.53033334,2.4508407,2.0060058,1.3555133,3.397186,1.074218,4.099386,2.392454,0.46852958,1.7016323,0.7128781,0.7609545,1.0107659,2.4699492,0.59376013,2.0201702,2.057547,0.7455225,1.3162884,2.5159864,1.3382024,2.4115918,2.0712354,1.0109788,0.48463625,3.2802382,1.9123108,1.9513724,1.146018,2.5112672,0.783082,1.4726646,4.5773296,1.4188904,1.2026299,2.2699776,3.328927,3.9932723,0.9705009,0.97059375,2.204442,1.3601667,1.5949281,3.8183367,2.272816,1.9986845,2.0959525,2.5215178,1.5601643,2.2544262,1.4871935,1.6377271,1.5754528,1.4517179,1.7228632,1.8644102,2.572077,1.1584637,1.18002,0.7141029,0.81228304,3.7081714,2.6578004,2.8994458,2.0114787,3.5481105,2.4167147,1.4118799,0.8474359,3.3679118,0.80659175,2.5887375,2.488803,4.8205223,2.091817,2.1767762,2.6739635,2.0257118,4.600518,1.2495834,3.8291845,2.368207,2.9198804,2.2076828,2.074266,2.2403584,3.210534,0.6239826,0.7757231,1.6718212,2.2981825,3.586229,3.5311725,3.3242552,2.781453,3.078284,0.7720105,2.1087086,1.9166915,4.073174,1.7449801,2.5597432,1.371549,1.0685083,0.62074095,2.1440156,3.1368942,2.9999473,1.1226754,2.6952195,2.902553,3.859033,2.2127273,2.7206604,2.1516414,1.7364933,2.8259678,2.29204,1.755364,0.92431414,1.106971,1.5314677,0.4567758,3.7684011,1.3373117,1.8153173,3.6662447,3.469294,2.9367723,1.7177235
1.7503781,3.8308644,2.9227748,4.1400704,3.899988,3.948013,2.1717355,2.1704485,3.055576,2.310577,2.157103,2.0001483,1.4848268,1.9644369,4.6769643,0.93395585,3.3260887,3.25554,4.1827445,0.45760345,2.2991076,3.3326735,2.7465796,1.5517532,4.2418633,2.232552,3.833228,1.0178251,1.7276663,2.3240478,2.3580317,3.494962,1.5357269,2.5585468,1.4707929,2.1329463,3.4160225,2.2038026,2.9470856,2.5173883,1.8994799,1.5429845,2.1004043,1.9411474,1.7838092,4.3981256,3.7103157,2.310761,2.1341388,3.1737475,2.0971746,2.994008,2.3842444,2.363398,2.3914187,4.2559667,2.5752177,2.486023,4.522615,3.66033,1.5802131,2.983866,1.2124788,1.476334,2.3439884,1.6488904,3.8835442,3.4780364,3.0978363,2.4392443,5.3511124,2.524115,2.4024725,1.3906803,2.8798435,1.5007066,1.6779333,2.9370546,1.6938993,1.667035,4.145395,2.543441,1.9101101,4.3960366,1.8563794,4.1541123,1.618251,3.2361152,1.5908681,1.5731229,0.4533589,3.3752415,3.4706676,1.5840734,2.2149773,2.4575787,1.8163198,2.9298518,1.2851591,1.5344673,2.8168044,2.6590075,3.5492709,1.4069977,2.0031612,1.8457705,2.3573084,1.4931724,4.544649,3.5492709,2.983912,9.537774,3.9275699,2.6747327,1.211642,1.6856773,1.735769,2.3069897,2.9211476,2.8264391,1.7513119,1.5121154,3.2468576,1.7323844,1.5840954,2.0469823,2.9636314,1.8986689,3.0491827,2.1380107,4.4103026,2.3263288,2.5154512,2.0187361,2.0035906,1.4833736,2.224883,1.458079,3.635746,2.728297,3.2741692,1.7218143,0.9711289,2.4751692,2.0884392,1.9383836,1.9985394,2.5102148,1.3906006,2.4622667,1.7951391,4.159282,2.1159556,1.6730819,3.3348615,1.9689204,1.6304377,3.6662195,5.1053185,3.807547,4.107318,2.6134193,1.6514666,2.2526002,1.9647332,2.5856154,3.299532,0.50374424,4.7349014,3.3890166,1.6338553,0.72746986,1.7907557,1.9172157,2.366522,3.0911148,1.7254452,3.0199685,2.4778726,1.9464062,2.516806,3.5606196,2.5097487,2.7967463,2.9139469,1.3375932,1.6558422,3.9105198,2.3606822,2.1296906,2.2297194,2.0620074,1.8089281,1.623828,4.492897,1.9231136,2.4286315,2.3596647,4.1152635,4.8815894,1.5534154,2.1404593,2.176213,2.5000567,1.8591926,4.502817,2.7407978,1.8296452,1.5498086,3.5983996,1.8343483,2.9770713,2.2141936,2.296236,1.9618117,1.4914738,2.6115758,2.213526,3.0729034,2.404161,1.3511934,1.8853567,2.1669173,3.7217135,3.0439086,3.5292454,2.6834574,4.534739,3.235011,2.5556016,2.145163,3.3488748,1.1304454,3.1940427,3.038178,3.8469157,2.9192257,2.753228,1.5030621,3.3490367,5.0932207,2.348323,4.6177497,2.0639853,2.7219822,1.6124219,3.2174447,2.9138095,3.62891,1.0765781,0.9433254,2.4468277,2.7083774,3.8970127,3.5278854,4.1243577,3.7405756,3.4901536,2.0012124,2.3528068,1.7875496,4.5418468,2.3495355,3.6573288,2.1579247,2.198587,1.4812003,2.1324172,2.1334321,3.2341979,2.3002126,3.5711126,3.5225928,4.127492,2.922227,3.07776,1.999164,2.2256563,3.255033,2.4702756,2.1847305,1.6100062,2.3051496,2.0949945,1.4649427,3.6137335,2.4776304,1.6188897,4.3705373,2.450966,3.6820712,2.2539246
0.71060157,2.8836734,1.8164448,3.583795,3.0916252,3.013923,0.8324319,0.6690174,1.988824,0.89168656,0.7853455,0.59553933,1.565473,0.5569284,4.0699897,1.0335382,2.5075583,2.5455756,3.4224865,1.6374264,0.8167285,2.3345158,2.2805872,2.5228164,4.9088717,1.2732687,4.954628,1.3969159,0.5501027,1.8206396,0.91742444,2.735865,0.51279336,2.4854918,0.5600342,1.2167007,2.2871776,1.0641806,3.1473467,1.8555096,0.859183,2.2413077,0.70951337,0.74828744,2.4126997,3.4486463,2.619258,0.87144715,1.5603681,2.077162,0.7088192,2.6324246,1.8443301,1.444752,1.5175444,3.4847631,1.1143811,1.3606317,3.618952,3.1334221,1.1291004,2.480218,0.98003125,1.8601065,1.7487195,2.821274,3.170324,2.6108677,1.9866468,1.0033461,4.927572,2.112091,1.0416595,0.5542918,2.4424357,0.5648007,1.0692792,1.781244,0.459715,0.45228904,3.115424,1.4959058,0.52446324,3.651115,1.0839202,3.779225,0.47845066,3.0503945,1.6361408,0.7238045,1.4152232,2.5960793,2.6985388,0.5031359,0.83469313,2.1362457,1.4649811,2.2942483,2.3699083,2.9891257,1.7168432,2.0192811,2.5681849,0.6980488,0.84295565,0.73455215,1.0678132,0.7256054,4.125876,2.5681849,1.7358749,10.428704,2.9444861,1.9523578,0.7089151,0.844101,1.3002975,1.8314728,1.9433706,2.4564111,1.7052408,1.4491551,2.7179892,0.47125494,0.5805585,1.6806968,2.9544327,3.1682453,1.9531432,0.68235505,3.6217725,1.0433242,1.0961612,1.0984334,0.6109378,0.5086199,0.7779688,0.88261074,2.3634555,1.7230688,2.8364446,0.6000496,2.3349912,1.0046266,1.6451106,2.128631,0.87533283,1.0461253,1.0870643,1.3673643,0.53204185,3.6235158,1.1103628,0.8154392,2.4617512,0.927772,0.78728735,2.7450285,4.2612376,2.742423,3.525856,2.638141,0.32433936,2.6688066,2.1854553,1.4730836,3.2238197,1.2653998,4.0867596,2.5250413,0.47268113,1.8476877,0.49552077,0.5747147,0.8352625,2.7686172,0.514499,1.9148287,2.2812173,0.54423684,1.0736585,2.437355,1.1082516,2.3037095,2.0729394,0.9046111,0.47124138,3.1920981,1.6913317,1.861439,0.9143225,2.458527,0.55583924,1.3393157,4.4067907,1.7497063,0.9558187,2.4566576,3.4898021,4.100631,1.1539632,0.7171125,2.375672,1.4117779,1.6851147,3.8859968,2.5741653,1.9212644,2.1042798,2.5374167,1.3295268,2.5339186,1.2623775,1.3925264,1.3558726,1.7103461,1.8138559,1.7561136,2.7018535,0.91183835,1.0758723,0.46700323,0.60805744,3.7492955,2.5182958,3.051266,2.2607448,3.6129317,2.3054256,1.3435895,0.6040814,3.1896658,0.79145366,2.3737004,2.8025315,4.9978814,2.3607576,2.41927,2.807827,2.0736797,4.578178,1.0671539,3.974642,2.3130133,3.2124178,2.1421854,2.0397208,2.5244439,3.0579903,0.77294874,0.7922205,1.4603324,2.1638799,3.4590833,3.3584766,3.4328144,2.7765696,3.1891258,0.5971207,2.0196474,2.2229164,3.9768143,1.4997089,2.615714,1.3612812,0.8680406,0.4962814,2.4750214,3.3712711,2.819386,1.0040178,2.7737584,2.686962,3.739727,2.2016156,2.9370184,2.3617039,1.57819,3.1105807,2.1079187,1.5325553,0.76163286,0.8820175,1.2956904,0.6154534,3.5952432,1.123428,1.8693419,3.492327,3.6932635,2.8486814,1.4789786
1.0920365,3.2205904,1.8426797,3.4713955,3.2805264,3.2589948,1.1391511,0.8446381,2.3365133,0.72220975,1.0767678,0.86517364,1.6295184,0.839095,4.1859593,1.2195187,2.4834986,2.848831,3.713997,1.823749,1.0467888,2.6964912,2.2609181,2.7331955,5.291194,1.380111,5.2325377,1.5326455,0.8469388,2.1392577,1.1127248,3.1357298,0.940102,2.6032457,0.95946205,1.1661252,2.6260204,1.3779975,3.2361605,1.9282509,1.0323211,2.2547374,1.0105257,1.0349567,2.6411965,3.8115366,2.955707,1.1447619,1.6523036,2.4210975,0.9933844,2.62406,1.7926054,1.0665463,1.6206765,3.5665982,1.261256,1.727814,3.8759556,3.4148958,1.3749789,2.4907298,0.77654433,1.814204,1.709248,3.0492256,3.4627404,2.902912,2.336429,1.1873796,4.9326963,2.0938935,1.268942,0.5555133,2.809188,0.9852082,1.2504073,2.1184464,0.85189164,0.85407996,3.4596555,1.8297095,0.81619215,3.7229378,1.150433,4.0390153,0.9029018,3.15439,1.7178885,0.9183426,1.609112,2.877768,2.9853203,0.92988586,1.123971,2.487199,1.82612,2.3033257,2.5003948,3.1603103,2.0459774,2.3500936,2.9215953,1.1133795,1.0712146,0.9466015,1.3179324,0.93009853,4.411415,2.9215953,2.0042794,10.710824,3.06375,2.2031076,0.9777116,1.0695188,1.455724,1.9737569,2.2538328,2.6084492,1.695609,1.5545387,2.7065794,0.8461401,0.9823119,1.8081735,3.3323126,3.430483,2.3166044,0.55229795,3.9117446,1.3066105,1.2742776,1.2057284,0.8988253,0.93041,1.0174415,0.831496,2.5827463,2.1023245,3.186906,0.9940991,2.5250907,1.1866757,1.7499174,2.417295,1.2109296,1.2043345,1.0262849,1.6186798,0.90077937,3.5312648,1.1815562,0.9627688,2.7459946,1.2776694,0.92938626,3.0122252,4.580977,3.0233352,3.8728688,2.953585,0.61133665,2.8759937,2.350251,1.7305058,3.3448746,1.4109544,4.1188602,2.7615633,0.8890261,2.06532,0.76879466,0.8972295,0.840984,3.0851045,0.8907064,2.22292,2.6474097,0.83527315,1.2345247,2.7416081,1.2978119,2.251608,2.122409,1.0839056,0.8862562,3.4065504,1.8351586,1.8342106,0.76564145,2.6736917,0.80616283,1.4971768,4.5611577,2.0748944,1.1138386,2.6735039,3.7934856,4.406888,1.110007,0.69700295,2.5439541,1.5970131,1.695857,4.0913405,2.9165795,1.8899711,2.0940526,2.8905945,1.3595108,2.717303,1.3674724,1.4771558,1.3878926,1.8639834,2.2112126,1.7143259,2.9702606,1.0657114,1.1947341,0.5294137,0.59860426,4.1288342,2.7660563,3.397485,2.4987433,3.885995,2.5999675,1.6803222,0.7746767,3.3355196,0.69664663,2.0803432,3.1215043,5.2743196,2.7281477,2.5181901,2.9649296,2.2225134,4.5544233,1.3317385,4.283492,2.204007,3.5799625,2.0852318,2.3686147,2.8857608,3.2917638,0.9612363,0.951164,1.651981,2.1019824,3.7151363,3.5137231,3.7094293,3.1325874,3.3676174,0.89857304,1.9548184,2.3433099,3.9056003,1.6024098,2.9056976,1.2468494,0.7026648,0.8376405,2.8113751,3.6069386,3.0006762,1.3233441,2.9583972,2.4180748,3.9985962,2.4676843,3.291407,2.5753648,1.6789751,3.2873137,2.261676,1.6113832,0.9417515,1.0974514,1.3497787,1.0399433,3.7187278,1.3420717,1.9100356,3.3524084,3.960115,3.1607802,1.5734104
1.724669,3.6500714,1.7375568,3.5121558,3.172064,3.2220974,1.6586821,1.3581619,2.7227936,0.8539475,1.5527985,1.467855,1.6515795,1.4247648,4.102658,1.892325,2.4348688,2.8296487,3.711306,2.2117028,1.5012603,3.0359375,2.4812713,2.9315686,5.5999603,2.029783,5.718704,1.6357363,1.5363822,1.9918449,1.6477481,3.4320147,1.4955306,2.6624374,1.5739244,0.81705177,2.8968625,1.9698975,2.8953822,2.4072874,1.7630897,2.9495666,1.5159563,1.6946635,2.8080244,4.0036306,3.2323906,1.5717962,2.3189156,2.752988,1.5056497,2.9089816,2.2106695,1.352354,2.3426616,3.436977,1.7253194,2.0839171,3.777765,3.2812502,2.1419296,2.9555511,1.3055661,2.4482257,1.025363,3.2839274,3.778039,3.4537253,2.6179242,1.710481,4.8343134,2.459826,1.8262951,0.9260433,2.7281637,1.5688928,2.0025654,2.486909,1.3884289,1.3770565,3.7064319,2.3761916,1.3655334,3.57823,1.9527395,4.7383122,1.4379891,3.1840277,1.6799117,1.5832161,2.0255475,3.4780846,3.5793514,1.4763547,1.5821211,2.4268625,2.20048,2.2021701,3.1205144,3.5880373,2.518357,3.007473,3.2758994,1.659527,1.7776791,1.657721,1.9071351,1.47847,5.0673614,3.2758994,2.4574044,11.285751,2.7513793,2.8925388,1.4951905,1.8372521,2.2147198,2.7575324,2.7973614,3.2507136,2.348115,2.341846,2.961544,1.3913561,1.5879565,2.5462112,3.3443434,3.8149178,2.563892,0.83991855,3.8514402,1.8901705,1.7947013,1.8699638,1.445889,1.4526004,1.4879861,0.80094266,2.3724864,2.4676971,3.1313546,1.6157131,2.925305,1.6432481,2.5044506,2.3699017,1.6046953,1.6797711,1.1603006,2.2432349,1.4886005,3.569193,1.8608692,1.6265618,3.3196373,1.7870605,1.4677213,2.7840831,4.569384,3.0543308,3.7871892,3.0349348,1.2499651,2.9590304,2.4448729,1.6112344,4.133242,1.8041668,3.9852347,2.5556917,1.4218799,2.5953856,1.4228002,1.5061411,0.93688345,2.8642423,1.4521207,2.7115602,2.7987976,1.4104275,1.7405174,3.1172838,1.8281372,2.479464,2.0042582,1.8175015,1.4251372,3.8079865,2.6069028,2.2131393,1.0444429,3.45633,1.4837338,2.2542186,5.365233,2.0831196,1.6186945,2.7515159,3.6904666,4.356238,0.87563574,1.1262357,2.630763,1.5334569,1.7034714,4.0489864,2.8304396,2.3711612,2.5063071,3.1380334,2.1560318,2.3034706,2.0104253,2.164111,2.1067977,1.8514968,2.55383,2.0551536,3.0558033,1.5556108,1.9007474,1.0680565,0.83090025,4.760594,3.4760418,3.491596,2.2544389,3.8432393,3.136503,2.0953712,1.2561598,4.1426716,1.1855468,2.1263187,2.9081886,5.741358,2.6381001,2.1319845,3.4384167,1.880072,4.4046283,1.9095588,4.2003245,2.5359564,3.7510297,2.6313753,2.6680949,2.790214,3.983889,1.3851928,1.5928315,2.319165,2.38813,4.417483,4.308918,3.6685402,3.462901,3.340806,1.4315689,2.2269886,2.1431189,3.9109457,2.3247066,2.912461,1.0469862,0.860627,1.5560141,2.8681192,3.9213538,3.7690485,1.803747,2.8178866,2.454485,4.697909,2.7937245,3.3924572,2.70292,2.2565536,2.9507048,3.051384,2.3383846,1.6344675,1.6463693,2.0468893,1.5364416,4.52509,1.8940992,2.1984067,3.3584716,4.3466935,3.690636,2.307141
3.6500554,4.711635,2.155164,1.8876414,1.6858774,2.3928735,3.612216,3.5577765,3.9823697,3.3034914,3.4604862,3.6037726,2.7071927,3.5408955,1.1643183,3.5025218,1.5419723,2.442542,2.6436532,3.8837628,3.887017,4.5215573,1.8902917,3.4055681,6.460665,3.2652164,5.3547397,3.864733,3.5117087,3.8338795,3.8856268,4.7351427,3.617886,1.5390971,3.5688736,2.7465124,4.1643195,4.197121,5.3113203,2.604299,3.4808307,3.829833,3.5376322,3.56745,2.8951657,4.672626,4.2636824,3.8899374,3.1384134,3.9364872,3.48593,1.9467566,2.554493,3.5660324,3.596807,1.0963055,3.7339423,4.131909,2.6984847,2.2843168,3.6089709,2.600648,3.6628554,3.4512193,3.7488377,4.0111694,3.0672789,4.160185,4.358604,3.8890872,1.5323821,2.2869146,3.9936483,3.3635535,4.120887,3.6557448,3.4253645,4.216337,3.4420812,3.4474616,4.4974313,4.2603383,3.4154809,1.0314821,3.5955064,4.9079933,3.5485544,0.9757834,2.6486328,3.2390823,3.794761,4.136434,4.213195,3.581507,3.4893556,4.1183352,4.541184,1.4089942,3.845681,4.327092,3.9752378,4.143763,4.217462,3.746938,3.6341233,3.4669232,4.07056,3.0899916,5.1294804,4.217462,4.0365033,9.917909,1.835026,3.8531425,3.2616234,3.563492,3.4402332,3.7718499,3.9547079,3.2488594,3.1906447,3.6028483,1.9250648,3.4246933,3.5545776,3.40394,3.7701,4.7016954,4.0211754,3.3748739,2.7899992,4.0742373,3.8852148,3.2189682,3.4849527,3.5542743,3.5088704,3.6642814,3.1738222,4.2462068,3.0068367,3.6784585,3.9576516,3.7099721,3.4779696,3.4114876,4.1964793,3.7382495,3.0464842,3.7329133,3.525967,1.7389559,3.3295891,3.193119,4.122509,4.242594,3.0109496,2.754215,3.7461057,2.9891686,3.307679,2.612763,3.4204264,2.4120572,2.2333734,2.8468869,4.408835,3.7009113,1.012672,2.2662091,3.5019634,3.779011,3.4559362,3.6122956,3.348363,3.3548002,3.433802,4.216583,2.930928,3.509964,3.8350883,4.141797,3.917231,2.0024025,1.6720383,3.4046185,3.5130599,3.00984,3.7877967,2.4275715,3.1514697,4.1976337,3.4682484,3.4454827,5.5323534,4.0842886,3.8275278,2.0679739,2.6830788,3.2729867,3.5924647,3.272913,2.076613,2.5018709,2.299969,1.7518064,3.2857645,2.8059185,2.9530604,4.408747,3.5778663,4.632286,3.2305465,3.3902767,3.304319,2.8685422,4.465639,2.3905182,1.9457518,3.7850246,3.2987967,3.3259819,3.5637004,5.389488,4.1179037,2.793519,2.4342217,2.9169974,3.9804049,3.7360473,3.5722766,4.6339583,3.5474265,3.0186553,3.5506017,5.4028645,3.9294186,4.921108,3.9056828,2.873391,1.3195124,4.0765047,2.9879408,2.7830653,4.0753264,3.3414946,4.0618343,3.5234232,4.4437532,3.2849073,3.499924,3.5913823,2.2152643,4.753488,4.6808095,2.3607948,4.3107758,1.1457951,3.5047107,2.2377734,3.5068586,1.6910926,3.554039,2.9414358,2.582881,3.1708279,3.6269386,3.8279092,4.216042,4.3849573,3.6601102,1.6504356,2.9489594,4.891942,2.5442755,2.8727381,2.4523952,2.8782356,5.3273907,3.9153802,3.404499,3.2780383,3.9181814,3.293916,3.6652672,4.7976613,3.9930215,2.5252109,2.4038098,4.7210817,4.3550224,3.5088875
0.8447997,3.0205712,1.6744572,3.381667,3.0235062,2.9928017,0.93113464,0.6988195,2.114025,0.7398718,0.8510183,0.67416126,1.4550885,0.62656444,3.9537058,1.0283746,2.3323555,2.5515904,3.42504,1.6808426,0.94059414,2.499304,2.1008527,2.5211065,5.074034,1.2124805,5.0004344,1.4412669,0.60543776,1.9424223,1.013052,2.913618,0.6759103,2.362316,0.6879046,1.0587714,2.4176311,1.245985,3.2318003,1.7359022,0.8494183,2.1720862,0.79406905,0.81745327,2.3915992,3.5787754,2.7419128,1.0117986,1.478336,2.1959367,0.77332944,2.462959,1.6676512,1.2495574,1.4909235,3.3576064,1.1572492,1.5453283,3.6104143,3.1241813,1.1661764,2.3410113,0.85541546,1.7448628,1.7232589,2.857514,3.1812887,2.6924162,2.1537502,1.0897243,4.759332,1.9415784,1.158874,0.42829245,2.5836654,0.7281076,1.0505958,1.9364004,0.5594271,0.5597594,3.2382476,1.6624159,0.56483704,3.5188427,1.0404494,3.83982,0.6259138,2.918232,1.5342417,0.6653982,1.4591471,2.6688004,2.7755666,0.6583684,0.9063757,2.281261,1.6840612,2.1238344,2.349561,3.007331,1.8406959,2.1335335,2.6925576,0.87211865,0.8929222,0.7393408,1.2028682,0.64646107,4.19863,2.6925576,1.8409237,10.463289,2.8582015,2.0057058,0.7012205,0.86959743,1.2721233,1.8261899,2.0427744,2.4079673,1.5822002,1.4139653,2.5500476,0.55599475,0.7080937,1.6360905,3.0529194,3.2467375,2.0970771,0.54184437,3.6287723,1.1869344,1.1737198,1.0241514,0.6726602,0.65404934,0.82944566,0.8472928,2.385433,1.9021289,2.8885493,0.75334835,2.359764,1.0636582,1.5982614,2.1838086,1.097475,1.0966682,0.93086,1.433989,0.64029974,3.425827,1.0374287,0.73362195,2.541657,1.151091,0.66912335,2.7584581,4.3046465,2.7654119,3.580548,2.647803,0.3221367,2.6173213,2.1027024,1.4808552,3.2094407,1.2821382,3.9340963,2.5009694,0.6031346,1.8796648,0.5238125,0.6807698,0.76783085,2.8306143,0.60261637,2.043834,2.3319492,0.6104579,1.138026,2.5398676,1.1943578,2.1153452,1.9250683,0.8763789,0.6039787,3.1619503,1.6947669,1.6862319,0.73138726,2.4951456,0.57683134,1.311787,4.427265,1.8941388,1.024547,2.3956425,3.5011272,4.123797,1.107531,0.58936095,2.2907114,1.3475999,1.5253315,3.8195624,2.641317,1.7660125,1.9713621,2.6832564,1.263547,2.6436257,1.1963129,1.3363277,1.2604144,1.6599641,2.0180254,1.5709909,2.6649933,0.9744996,1.0082154,0.3347192,0.5756605,3.8938706,2.570344,3.0829244,2.2411764,3.617893,2.3865368,1.4630404,0.6383141,3.2022047,0.6856115,2.1539948,2.8754961,5.0444803,2.4918895,2.5242748,2.7958856,2.0502563,4.401103,1.2100606,3.9909368,2.1328948,3.3071666,2.0130782,2.1667104,2.618182,3.1083815,0.738,0.77382785,1.4771047,1.9764664,3.521943,3.3717456,3.4194632,2.9013987,3.0971599,0.67193574,1.826702,2.2124538,3.7863429,1.4678615,2.642437,1.1617982,0.6834993,0.60152525,2.5688717,3.4016633,2.8479507,1.1139011,2.7022336,2.470932,3.8006694,2.179691,2.974559,2.312525,1.4805667,3.2374632,2.1115668,1.4705863,0.7066758,0.993987,1.2108891,0.7860682,3.5915189,1.2312648,1.731706,3.299451,3.752662,2.9446008,1.436973
0.9009242,2.007413,2.121994,3.83773,3.210289,2.9208522,0.6233651,0.7110409,1.3046849,1.395239,0.74926037,0.6884612,2.611772,0.76414835,4.222451,1.7676204,2.8088868,2.7048268,3.3375478,2.5830774,0.5668035,1.6668284,2.6657703,3.4166164,5.1731563,1.1145272,5.3523927,2.5034642,0.91556144,2.460314,0.3566689,2.2671847,1.1656427,3.1319652,1.1773642,2.1285093,1.6195881,0.57596046,4.0843873,1.9048569,0.8965143,2.7286859,0.71622974,0.7201622,3.2351131,2.839339,1.89876,0.606567,1.5776135,1.4252763,0.73695976,2.916789,2.1646795,1.9616135,1.0876114,3.6501682,0.4649951,1.0379341,3.5066144,3.4304767,1.276126,2.4803057,1.9922407,2.455812,2.7666802,3.686691,2.7695143,1.7407686,1.419994,0.31321982,5.2074018,2.4460766,0.23590842,1.711348,2.827795,1.1680104,1.2560128,1.0923961,1.0763845,1.1124454,2.406489,0.76172924,0.9020228,3.8334215,1.1377606,3.0281785,1.1195588,3.5452952,2.674344,1.276712,2.3707397,1.7622727,1.8532037,1.1346464,0.72058755,2.6785223,1.8164126,2.8234873,2.9574308,3.7685816,0.94721854,1.3717666,1.8528103,1.3198136,0.6544385,0.8838421,0.2579216,1.4674882,3.3396955,1.8528103,0.7818801,10.454452,3.1706083,1.2873514,1.6087842,1.0106999,1.4226218,1.4949762,1.1257007,2.2013996,2.1218932,1.7249361,2.8902748,1.0405759,1.08597,1.6462574,3.4075305,3.8564343,1.4874094,1.2811477,3.5454113,0.31533983,0.2808645,1.1654736,0.78226894,1.2590096,0.6873792,2.0543187,2.2805307,1.2640684,3.1318848,0.9085563,3.1759741,0.48444372,1.5615697,2.9800224,1.1042912,0.44871807,2.1875882,0.63271177,0.9034677,3.8798916,1.0681726,1.277014,1.5853517,0.976858,1.4538879,2.9027252,3.97188,2.4660497,3.6163247,3.1640596,1.1109954,3.4445288,2.9973345,1.8405818,2.819827,2.298682,4.300749,2.7874622,1.1171111,2.5841982,0.92146814,0.74032176,1.2124043,3.323166,1.0265554,0.9982102,2.6648397,0.8014633,0.3471731,1.5756118,0.24154365,2.6724272,2.5127432,1.4446303,1.0874815,2.7301207,1.2352386,2.3831797,1.4034467,2.4595675,0.8909623,1.5456194,3.7817311,2.4718268,0.40698257,3.1288025,3.6044235,3.9429278,2.3238137,1.1248208,3.1354156,1.8357958,2.609378,3.9567068,3.1361206,2.515653,2.884924,1.9034044,1.4440937,3.2422338,1.1414948,1.1425855,1.4816813,2.741968,1.5769372,2.2503483,2.9952734,0.47125325,1.6259894,1.1510823,1.163079,3.3156812,1.8427405,3.1167932,2.9437768,3.4101675,1.4633131,0.8181498,0.7814628,2.6619868,1.8984815,2.7390063,3.3930497,5.429146,2.6960032,3.2194858,3.5325854,2.245012,4.8847823,0.31250888,3.9819174,3.037719,3.7354999,2.8011453,1.352434,2.951706,2.2552063,1.8220334,1.706763,0.87552047,2.4904819,2.685763,2.8042586,3.4585161,2.0694706,3.5964346,0.7870298,2.5588732,3.327628,4.18594,1.1226995,2.42055,2.230117,1.4791468,1.0802529,3.1894808,4.127011,2.154516,0.6293993,3.0021899,2.9585516,2.981858,2.0785718,3.2506564,3.1359577,1.6426786,3.8297029,1.7220672,1.4013828,1.2351282,0.3684508,1.292496,1.3120105,3.1445801,0.19041155,2.6893854,3.548675,4.3290973,1.9815276,1.2117242
2.2794044,3.783107,2.4715116,4.1337814,2.7602637,2.8640192,2.4710324,2.534899,2.9429634,2.559831,2.3869426,2.4580126,1.4078969,2.3898017,3.7133338,2.1672025,2.9672463,2.0265758,2.978134,1.7521214,2.6155758,3.147144,2.9017832,1.5242025,4.026839,2.8884904,4.285057,1.4500997,2.3478203,1.1583357,2.7832015,3.1081069,1.9990951,2.0361614,2.050989,1.8309432,3.08039,2.7278426,2.3873096,2.947893,2.6428905,3.2140646,2.388018,2.4925146,1.367545,3.7135546,3.3386154,2.5570674,2.9472492,2.94014,2.3957374,3.243127,2.9575875,3.156746,3.2220013,3.3550007,2.8997483,2.4942498,3.2300885,2.0840154,2.5768101,3.514946,2.405174,2.9407794,1.7524418,1.8269187,3.4473736,3.709046,2.8800757,2.8494048,4.676904,2.968454,2.8526776,1.9301856,1.5744857,2.030164,2.6069543,2.9033318,2.059024,2.019493,3.6456487,2.9044642,2.2767131,3.4820397,2.8898578,4.7868953,2.0099769,2.6159613,1.2770514,2.2706149,1.7314802,3.7341743,3.8060424,2.0079958,2.4167054,1.3357222,2.1514025,2.4206965,2.8085103,2.630338,2.938531,3.1834364,3.2938445,1.941457,2.6635256,2.5228074,2.8599393,2.0328968,5.0050654,3.2938445,3.1491387,9.918881,2.6815214,3.3152962,1.8131028,2.551837,2.7565317,3.3536732,3.1661038,3.5176373,2.921508,2.8408058,3.403913,2.1020613,2.0985348,3.0483603,1.5028303,2.5141406,2.675094,2.45473,3.0800252,2.817523,2.9184155,2.710363,2.3618991,1.90861,2.4856296,1.840847,2.5783744,2.660289,1.7125067,2.240846,2.0528786,2.7659774,3.1228566,0.4485099,2.3084278,2.8454182,1.8367109,2.9507384,2.2233384,4.090336,2.8399067,2.3757923,3.6381464,2.4338582,2.1501026,2.1710532,3.8391619,2.8793094,2.5361273,1.4204019,2.189254,1.5103849,1.4754313,1.7143686,4.4855657,1.7383397,3.9349256,1.9970527,2.011699,2.0736098,2.3325791,2.3796608,2.4296763,1.1479172,2.1178772,3.205867,1.4636416,2.3529115,2.9052303,3.4427772,2.923487,3.0341585,2.304679,2.355364,2.0377176,3.8294203,3.3196044,2.6898441,2.5673716,3.3818896,2.395805,2.7122388,5.6392646,1.2342871,2.8234801,1.5375862,2.592893,3.5238276,1.6847974,2.4997256,1.6033056,1.8576008,1.7564443,3.369272,1.0003929,2.760429,2.5576608,3.1850088,3.0118937,1.8610705,2.860722,3.0596433,2.935639,0.9685941,2.5289109,2.673036,2.094717,2.777712,2.4177213,2.3138263,2.3995252,4.1492014,3.74611,2.3800335,0.93819094,3.335334,3.444467,2.5962803,2.481624,4.5254035,2.1261733,3.6585686,1.1060935,4.265516,1.5814526,2.1790333,2.6349568,2.313049,4.4210124,2.827014,3.1286273,2.93776,1.8544741,2.984812,2.9849713,1.3040172,4.279184,1.7087904,2.0614429,3.0642648,3.0630395,4.550089,4.6457863,2.8394098,3.4096627,2.4668782,2.3385782,2.766907,0.93750525,4.333507,3.1849144,2.6653194,2.0674624,2.4601562,2.2435133,1.0132558,2.4416757,4.1922107,2.5130525,2.4031334,3.9136589,4.7620444,2.6399,1.8617963,1.4119228,2.8248835,2.3560004,3.550948,3.1099384,2.355941,2.7483153,2.9320793,1.8745817,4.857529,2.9169207,2.1016936,4.3554435,2.8849664,3.8341033,3.1388876
0.93837994,2.9891455,1.8566111,3.632975,3.2237477,3.1431196,0.9418057,0.6799312,2.106873,0.7556328,0.89797604,0.69699335,1.7495514,0.67773056,4.2030125,1.2989675,2.5710495,2.7276807,3.5867276,1.8741307,0.79263127,2.4315138,2.4057267,2.785649,5.1491795,1.3946404,5.25274,1.5516983,0.759592,1.95244,0.9030189,2.871598,0.7864048,2.6917145,0.8485966,1.2394824,2.372989,1.1418654,3.1689646,2.00442,1.0100164,2.4338021,0.819729,0.9117052,2.6827037,3.5591118,2.7109828,0.8807529,1.7266372,2.1879904,0.820545,2.7691138,1.9554386,1.3097395,1.6221827,3.5841076,1.0890696,1.4514374,3.7439735,3.3170695,1.367054,2.6070466,1.0344949,2.0268002,1.695166,3.080079,3.3551881,2.7460086,2.0584695,0.98522395,5.0349,2.2480326,1.0538886,0.680112,2.5945666,0.8398891,1.2809223,1.85665,0.7104486,0.7108262,3.2141035,1.5959964,0.67915773,3.7483947,1.210942,3.9554644,0.74314,3.2375276,1.8190566,0.9547438,1.6561575,2.743632,2.8456864,0.772208,0.93473417,2.2911239,1.6153443,2.3967235,2.6223197,3.2452657,1.8284869,2.2028327,2.6911306,0.96828777,0.97415507,0.90155023,1.1013117,0.9759009,4.3025975,2.6911306,1.7895486,10.723388,3.0092084,2.1149273,0.9983543,1.0479825,1.5070221,1.9924521,2.0759182,2.6445234,1.8745949,1.6549796,2.832428,0.70888484,0.85219955,1.8703703,3.1857667,3.433979,2.0556204,0.5594205,3.773944,1.0828456,1.0824133,1.2422949,0.7374759,0.7946183,0.83731455,0.89987487,2.391716,1.8356175,3.0415268,0.8247602,2.5932636,0.99442333,1.8145301,2.3490496,0.93203664,1.0249166,1.2079611,1.4831232,0.74360967,3.6851516,1.2147827,1.0169827,2.5950077,1.0194509,0.99812424,2.8567724,4.401629,2.855779,3.7043436,2.8997822,0.5521955,2.9247124,2.424819,1.5794914,3.392434,1.4868946,4.179998,2.6519182,0.737911,2.1222947,0.6788793,0.7235401,0.73030883,2.9424734,0.75677305,2.0014443,2.5417771,0.6772565,1.0500326,2.5244436,1.1015834,2.4100885,2.1654477,1.1498089,0.73001754,3.3545287,1.8287138,2.0127962,0.85162574,2.7027998,0.7291506,1.5602338,4.565118,1.9123378,0.92006534,2.7046669,3.663872,4.2515154,1.178415,0.69205046,2.6149929,1.5226424,1.8417546,4.0485153,2.788031,2.0928876,2.2996693,2.626166,1.4665079,2.5488775,1.3869467,1.501429,1.495469,1.9205112,1.9425781,1.884929,2.9279027,0.8717348,1.304293,0.51895815,0.44138402,3.9817486,2.691536,3.2715914,2.4332144,3.740913,2.438742,1.4542171,0.5911758,3.3502808,0.9012835,2.292465,2.977812,5.294995,2.5100203,2.3880742,3.072361,2.0772216,4.6610036,1.1073,4.145363,2.447388,3.4839826,2.3102427,2.1190965,2.7121885,3.209307,1.0259438,1.0444349,1.582572,2.2624702,3.6275482,3.5221584,3.6027603,2.8991811,3.3858278,0.7234629,2.1426156,2.3769398,4.041682,1.611515,2.735449,1.390025,0.7834557,0.7606201,2.7139864,3.6477332,2.9715772,1.1115172,2.9066813,2.6138742,3.9140909,2.4012063,3.1913004,2.622245,1.7460437,3.1332715,2.276267,1.6720886,0.97965145,0.8780896,1.4200891,0.88456297,3.7606497,1.1347696,2.0778775,3.479519,3.9751294,2.9876308,1.6030786
1.2031245,2.8742378,1.8383347,3.439182,3.296207,3.1796672,0.9957662,0.64559823,2.0801578,0.72324336,0.9736636,0.7906271,2.2805228,0.8213698,4.2020445,1.6963061,2.4916873,2.9632566,3.6883109,2.4994438,0.81070876,2.469316,2.3722458,3.3803704,5.686336,1.1707146,5.663014,2.2801976,0.96657276,2.5746114,0.7388241,3.037873,1.2740486,2.9748516,1.2856222,1.6264627,2.354216,1.2227569,3.8786592,1.856041,0.95896864,2.587645,0.92800105,0.972309,3.221559,3.5807176,2.6543298,0.9554979,1.5956917,2.1643708,0.9061265,2.6879573,1.8453585,1.1171056,1.3017708,3.5533016,0.7674741,1.6476525,3.8003044,3.6162634,1.495664,2.3776252,1.4517956,2.1717923,2.301443,3.7090557,3.2843378,2.5307505,2.137195,0.7615161,4.9871626,2.1831753,0.9017278,1.2804492,3.1379561,1.309958,1.3364159,1.8623943,1.1135141,1.1445174,3.1654673,1.597938,0.8911628,3.7176778,1.0846982,3.7307618,1.2064682,3.4140506,2.3615625,1.1740844,2.2780626,2.523952,2.628931,1.2415946,0.98866385,2.9044373,2.1504369,2.5004833,2.9526827,3.7723687,1.7575471,2.1544023,2.649091,1.4893552,0.9130911,0.9352304,0.9945071,1.3148943,4.0935063,2.649091,1.5825478,10.926818,3.0879846,1.9240229,1.5006248,1.1329023,1.5192662,1.7951757,1.9340854,2.4660654,1.9038293,1.730399,2.6775484,1.0735917,1.2395787,1.7786242,3.7302763,4.018985,2.157379,0.66361356,3.8884797,1.0163193,0.8080138,1.1267525,0.8724661,1.3198107,0.8332089,1.5907578,2.4646504,1.9857724,3.436147,1.144579,3.1594596,0.7823592,1.6737062,3.0123801,1.3561326,0.74405414,1.7112429,1.2909449,1.0330592,3.512499,0.9991904,1.1487503,2.3711271,1.3610356,1.2459003,3.0925136,4.4634085,2.8625376,4.0006843,3.3470569,0.9309596,3.4048676,2.8688254,1.8836297,3.1547139,2.1154637,4.122565,2.882968,1.1866473,2.6202137,0.8823081,0.9027558,0.7797882,3.4832273,1.1010115,1.8633393,2.9642267,0.84684503,0.75359106,2.356543,0.8444796,2.3352325,2.253741,1.3916901,1.1650654,3.1438518,1.5777514,2.0652068,0.77866805,2.7977562,0.87366927,1.6257206,4.2765555,2.5917962,0.67420983,3.1136627,3.8989027,4.353402,1.856453,0.65140903,3.029211,1.7446507,2.2260845,4.1102567,3.3376398,2.2106783,2.5810256,2.6505773,1.3535066,3.1836538,1.1774443,1.218734,1.3630829,2.5284772,2.226838,1.8995904,3.1705577,0.6476255,1.509997,0.75177765,0.6835547,4.1011086,2.4891546,3.5129883,2.9149694,3.771138,2.2430372,1.472909,0.63783646,3.0952117,1.4371394,2.014646,3.5525906,5.7258825,3.0136685,3.037496,3.522521,2.1994658,4.6017027,1.0348125,4.3330135,2.5985198,4.0547166,2.4852085,2.082066,3.2249498,2.9308147,1.6046937,1.5239878,1.3260765,2.1485229,3.393247,3.2618217,3.7400372,2.8620765,3.5972183,0.8870066,2.1732311,3.079238,3.8631828,1.3117367,2.7950616,1.6686552,0.8365533,1.1227769,3.3630767,4.2151423,2.6916122,1.1449327,3.035459,2.28905,3.6858647,2.4084911,3.5756836,3.098777,1.6370099,3.7964401,2.0797374,1.4598979,1.1473459,0.77191323,1.2244831,1.4318408,3.5138173,0.9334113,2.4083343,3.137399,4.520775,2.8038766,1.3435087
1.0707254,2.0745814,1.7743652,3.5624044,2.8982706,2.6235046,0.6431441,0.617645,1.3107666,1.1795995,0.6833406,0.7308377,2.5693526,0.7836525,3.9115918,1.934221,2.4897797,2.501053,3.099657,2.7653549,0.58528095,1.7413502,2.4801323,3.5094619,5.4247875,1.0919876,5.5681353,2.6116974,1.0162383,2.4561396,0.41114303,2.3663278,1.2954315,2.991683,1.3199883,1.9372405,1.5657706,0.9060013,4.1591296,1.7871293,0.9883036,2.9145625,0.69725657,0.83035326,3.2700534,2.7801294,1.8372988,0.63873506,1.6024449,1.3807443,0.69751835,2.7529173,2.0458474,1.8600715,1.1658224,3.3057935,0.15482494,1.1559337,3.2116163,3.221329,1.4884415,2.361387,2.0732672,2.571067,2.6714501,3.837853,2.6297717,1.7970412,1.461996,0.32439896,4.9031177,2.318363,0.45624867,1.7180859,2.8354096,1.3231778,1.3938576,1.153323,1.1260865,1.1652497,2.3425567,1.0289316,0.88558847,3.4878309,1.276224,3.1856883,1.214291,3.3529773,2.6180787,1.327796,2.5459468,1.8512607,1.9428672,1.2479764,0.64097095,2.7243955,2.0702395,2.5539634,3.1640456,3.98069,1.0171965,1.6060221,1.8473148,1.4992876,0.79682463,0.96672195,0.58276504,1.4820178,3.4747753,1.8473148,0.7714341,10.648025,2.7994258,1.445569,1.6820519,1.1799146,1.5695207,1.6758792,1.2129676,2.2336087,2.1906002,1.9135782,2.68336,1.0794827,1.2179711,1.7646698,3.423148,4.092589,1.4593526,1.1214713,3.2947216,0.62398297,0.24427353,1.163231,0.77051616,1.3683147,0.5757379,2.071851,1.9437128,1.3868674,3.01593,1.0698982,3.3661695,0.2772985,1.6835952,3.0028224,1.2845576,0.21707869,2.1570616,0.74940825,0.97987485,3.6040876,1.0612551,1.3060786,1.6594676,1.2342536,1.4306675,2.633646,3.7529278,2.1924539,3.45617,3.1145675,1.1432185,3.412735,2.9417982,1.6077149,3.0001688,2.4470358,3.96311,2.5083678,1.1960052,2.7890317,0.96631867,0.82395273,0.9639525,3.23059,1.0809098,1.0999885,2.6392403,0.8128082,0.21251757,1.5186517,0.28082535,2.4840453,2.2120068,1.5820069,1.1672322,2.584009,1.4099182,2.2997131,1.2037373,2.7340796,0.94812846,1.7039328,3.9886713,2.5627224,0.32273024,3.0491576,3.3883169,3.7073164,2.314819,0.957161,3.0651963,1.5724291,2.5003989,3.6800797,3.0912173,2.5205948,2.9292073,1.8827109,1.5821797,3.228711,1.1125679,1.1577276,1.5366294,2.725114,1.7553453,2.129412,2.83798,0.35819677,1.7380168,1.0744882,1.0265845,3.5870583,2.012344,2.9887562,2.7823603,3.131979,1.5053912,0.8124025,0.6885236,2.8764203,1.9692585,2.508069,3.3280888,5.644076,2.668943,3.2565224,3.7160208,1.8847705,4.560194,0.6175366,3.762313,3.014877,3.8413415,2.890339,1.2961017,2.8985412,2.3923924,1.8857447,1.8434016,0.9462726,2.3143454,2.8493178,3.0052493,3.2147822,2.0542939,3.386242,0.7793167,2.4290655,3.3377569,3.8897054,1.1972617,2.1562111,2.0378726,1.2828821,1.2451147,3.269682,4.2961445,2.3441687,0.6446525,2.6984746,2.7001336,3.1394668,1.9306326,3.1932478,3.1141555,1.5967144,3.8847315,1.9196349,1.4720577,1.2973619,0.4864872,1.3145038,1.450642,3.348052,0.40066877,2.6704283,3.214753,4.544225,2.0470593,1.2934355
1.0626891,2.6464314,1.8938774,3.5498805,3.2675128,3.10391,0.82690793,0.5388233,1.8691367,0.8682614,0.83786565,0.65912944,2.346732,0.7081345,4.2104673,1.6751302,2.5702653,2.8826187,3.5919802,2.489546,0.6337028,2.2483852,2.4435346,3.3720608,5.5371075,1.1079317,5.576716,2.302008,0.8744013,2.5081553,0.52509785,2.8244767,1.1811434,3.0083954,1.1959523,1.7346966,2.1500843,1.0074817,3.9000428,1.8505241,0.8704088,2.6062722,0.78783023,0.8309384,3.2093086,3.3804884,2.4490128,0.77566826,1.5617143,1.9610236,0.77598435,2.7452292,1.9160893,1.340356,1.2037759,3.5782163,0.5857983,1.451532,3.7182627,3.5583735,1.3955382,2.3970659,1.5631114,2.2272477,2.392909,3.6839879,3.149783,2.3258913,1.9288634,0.54338634,5.0538692,2.243159,0.672382,1.3510808,3.0287697,1.2103524,1.2685386,1.6443756,1.0337903,1.0676526,2.9613333,1.3666766,0.8086538,3.7487757,1.0397826,3.550082,1.116533,3.44649,2.4231606,1.1470684,2.2677712,2.3259027,2.4279647,1.1479931,0.8435794,2.812552,2.0172622,2.578238,2.9357467,3.753953,1.5385972,1.945635,2.436905,1.3889061,0.76571995,0.8451493,0.7628891,1.3086592,3.9011998,2.436905,1.3637527,10.810078,3.0996082,1.7476081,1.4834067,1.0387831,1.4559253,1.6909584,1.72085,2.3875768,1.9399296,1.6951336,2.7311199,0.99306166,1.1364964,1.7170666,3.6283474,3.9571707,1.9628475,0.779565,3.7938962,0.7882752,0.58930403,1.0859077,0.7584128,1.2424129,0.69956034,1.6731269,2.3909874,1.775687,3.3425052,1.0133632,3.1414864,0.6016698,1.6144545,2.978252,1.2182776,0.5577595,1.8113756,1.0961783,0.9226604,3.6148906,0.95852005,1.130395,2.1665988,1.1951973,1.2559468,3.0262313,4.332391,2.7474413,3.890956,3.2864203,0.90327585,3.4039037,2.8886547,1.8367982,3.0606883,2.1280715,4.17376,2.842109,1.1012111,2.5844216,0.8079905,0.76994425,0.8279644,3.4208112,1.011672,1.634293,2.8696635,0.74090934,0.5451994,2.1480548,0.62061405,2.4189978,2.3092613,1.3589447,1.0760545,3.036066,1.4576573,2.1368396,0.9127148,2.6937468,0.79308915,1.569316,4.146757,2.5223167,0.47126505,3.1060803,3.814866,4.24315,1.9456446,0.7124883,3.0455277,1.7365799,2.3117595,4.070482,3.264863,2.2776568,2.6481209,2.4433293,1.3349906,3.1621313,1.1206716,1.1532156,1.3569169,2.5612233,2.0295653,1.9790065,3.116506,0.45981705,1.5017997,0.788145,0.7339803,3.8931296,2.3161836,3.4024773,2.9031136,3.6720235,2.0390205,1.2754327,0.55395424,2.9750397,1.52158,2.2093601,3.489301,5.642754,2.903191,3.0450785,3.509991,2.182593,4.683781,0.8057229,4.237224,2.7078745,3.9558718,2.554467,1.8772924,3.1313977,2.7541676,1.6205685,1.5273378,1.1749048,2.2315526,3.2101834,3.1374164,3.6617298,2.651089,3.5937865,0.7707141,2.266939,3.1207094,3.9549146,1.2206311,2.6837196,1.8007563,0.97643876,1.0412617,3.2939303,4.1778164,2.544578,0.959629,3.01741,2.4693274,3.5046904,2.3113542,3.4807932,3.0946746,1.6121559,3.7697377,1.9673203,1.4092121,1.115038,0.5587638,1.1986032,1.3419106,3.4124708,0.70180196,2.4678376,3.2493324,4.4567857,2.5916247,1.2682458
2.8591435,4.1964865,1.7513093,0.9355948,2.4250157,2.840733,2.8326235,2.7016692,3.4722862,2.4567444,2.7018418,2.746787,2.3900967,2.7048266,2.3217738,2.6057506,1.0490687,2.878093,3.2709746,3.3494775,3.103333,4.1006246,0.61213,3.3402762,6.535536,2.0898924,5.2047205,3.4695165,2.6187272,3.8885128,3.007819,4.502141,2.923983,1.6736668,2.8211668,2.3448021,3.7977834,3.3837502,5.3543077,1.3484029,2.4235847,2.5764625,2.764824,2.6666296,2.9389908,4.6346035,3.9351966,3.1574497,1.8522936,3.4980807,2.6949604,0.43510047,1.1081082,2.3497257,2.3259351,1.9360679,2.8415625,3.5937848,3.4172947,3.1850624,2.586937,1.0261853,2.6939676,2.1757975,3.6153638,3.918931,2.915707,3.4021077,3.934802,3.0016792,2.45061,0.8472644,3.116449,2.6387181,4.3351436,2.9447505,2.3338766,3.6629765,2.7198033,2.7430425,4.2927155,3.5108795,2.6127155,1.9920775,2.3625515,3.968314,2.8558776,1.5392258,2.4432647,2.2953765,3.2166185,3.294156,3.3962498,2.8879972,2.7427974,4.207093,4.0467796,1.2703847,2.95208,3.8750415,3.3062725,3.311684,3.8310528,3.0899258,2.6444817,2.4767544,3.1901746,2.2667603,4.336622,3.8310528,3.2881007,9.845586,2.5545037,2.8245997,2.552139,2.5378246,2.2752323,2.4731991,3.19557,2.0191128,1.8373321,2.383944,0.39283127,2.6832151,2.8052094,2.1282787,4.210297,4.446725,3.6844542,2.533448,3.531142,3.212378,2.9837506,2.0803962,2.6752405,2.8886726,2.7119677,3.0932853,3.308056,3.7617319,3.5929163,2.9015555,3.505683,2.8654287,2.15805,3.5921729,3.5643125,2.8548322,2.3914647,2.7853692,2.7468855,0.9277175,2.146972,2.1882007,3.3076007,3.5403185,2.1244493,3.3396816,4.380651,3.1365216,4.0652742,3.0419745,2.5852041,2.7068772,2.2517767,2.7655556,3.0126605,3.086749,1.998862,2.8327317,2.8039324,3.1365235,2.5770905,2.7847366,2.6352613,3.9629529,2.6840713,3.5030608,3.1197977,2.6868622,2.9306412,3.6054404,3.0180695,0.5505024,1.545581,2.3997376,2.8071227,2.4426105,2.5189962,1.180146,2.2143524,3.1215365,2.5539193,2.2974532,4.2327485,3.9880538,2.9373395,2.360789,3.5598261,4.049391,3.150819,2.365148,2.2087288,2.276916,1.900693,2.76843,3.7543004,1.5669167,2.0094957,4.1190405,2.248163,4.7705193,2.059323,2.1345274,1.9811745,2.7666476,4.046812,1.149997,2.3992875,2.9071953,2.2351358,2.462576,2.811374,4.8528886,3.0715141,3.2773552,2.9729693,3.5027697,3.2248583,3.1090093,2.7465112,3.279404,2.7031605,1.7135385,4.121889,5.2877636,4.1544294,4.841253,3.3488922,2.9750667,2.1763933,3.218841,3.9143372,1.6262751,4.355249,2.119449,3.6111283,3.923411,3.399614,2.6224413,2.6448574,2.5036352,0.7081929,3.7764616,3.357988,3.1392188,3.988033,2.1285348,2.7148008,0.9762532,3.5931294,1.3024698,2.2815104,3.1240892,2.0238013,2.3207126,2.763869,4.009714,4.1236253,3.1326768,2.9286745,2.319684,1.6215779,3.9461074,2.1471164,3.3645349,2.5661914,1.6650844,5.4543953,2.6111908,2.0752168,2.2913547,3.0504003,2.0176382,3.0387158,3.4057322,3.1048615,1.8292608,1.4329969,4.570958,3.6850553,2.216901
3.1519623,4.399991,1.6439819,1.3020093,1.7812324,2.398307,3.1066163,3.0050838,3.62872,2.7071042,2.9522755,3.062421,2.3088567,3.0033684,1.5642372,2.9770222,0.8942191,2.4284046,2.7804582,3.4924924,3.3696756,4.2088566,1.1788131,3.2213612,6.42548,2.6504798,5.300429,3.4829054,2.9649205,3.6325443,3.344033,4.510831,3.1389565,1.2944561,3.0762868,2.2626972,3.8623254,3.701118,5.103477,1.9774892,2.8924348,3.2531755,3.0249758,3.0270276,2.7422135,4.5432277,3.9932733,3.3943136,2.5156734,3.6070635,2.965372,1.2751561,1.843856,2.8644323,2.9778051,1.1895633,3.1851528,3.7324796,2.8600173,2.4996092,3.064293,1.9449589,3.0650897,2.8301694,3.4054394,3.837072,2.92603,3.7719102,4.0207496,3.346333,1.8552182,1.5931559,3.4634645,2.8298337,4.0195785,3.176235,2.8454044,3.829774,2.9423928,2.9535036,4.2942777,3.8073032,2.8833938,1.2023592,2.9647648,4.5360293,3.0649195,0.9151855,2.2885582,2.6721797,3.379276,3.7258909,3.8159933,3.100741,2.9865932,3.955117,4.1646576,0.8491063,3.3987796,4.0425024,3.556916,3.7118142,3.9369707,3.2921777,3.06958,2.8936408,3.5456662,2.5495567,4.818287,3.9369707,3.5808687,10.017179,1.8441685,3.3515453,2.7678502,2.9943871,2.852931,3.1797457,3.5265224,2.7235374,2.5454721,3.0071218,1.2467296,2.9178267,3.061613,2.8073025,3.8058956,4.4973474,3.7144847,2.7898698,2.9773257,3.5551054,3.341386,2.6052716,2.9558737,3.0814312,2.9826286,3.180491,2.9896667,3.886467,3.0877397,3.178498,3.637859,3.1745994,2.8631003,3.2800298,3.7418315,3.1914053,2.5220876,3.2087696,3.0141468,1.1898665,2.7012649,2.6066747,3.7078254,3.775163,2.4432132,2.7808468,3.9225435,2.874009,3.4955447,2.6328084,2.8730814,2.35502,2.0052733,2.546061,3.869425,3.25737,1.2467476,2.2551641,3.014491,3.3819757,2.90443,3.0849516,2.806486,3.412466,2.928348,3.7907455,2.8441973,2.9755945,3.2860699,3.7954645,3.3768358,1.2637388,1.202361,2.838961,3.0231733,2.72449,3.191322,1.7618918,2.529102,3.7226877,2.908828,2.8669112,5.0588703,3.837652,3.277449,1.979551,2.920103,3.5039794,3.1484075,2.6778562,1.9019297,2.1156526,1.8294245,2.0941224,3.2967498,2.1778123,2.4214127,4.1447687,2.9312162,4.4511814,2.6151345,2.7620263,2.6536667,2.5777435,4.1330667,1.7037648,1.957812,3.2352247,2.7164786,2.7509897,3.0169723,5.1430564,3.648916,2.872116,2.4032629,3.0317426,3.5742555,3.3060312,3.0245645,4.099542,2.987612,2.2784214,3.5956447,5.358749,3.8282454,4.646933,3.5859637,2.6297412,1.5292101,3.5596378,3.2800553,2.165452,4.0790496,2.7423308,3.7185106,3.5026305,3.9980414,2.7974749,2.9673996,3.0279293,1.4776231,4.3520904,4.166098,2.558443,4.061616,1.3873602,2.981947,1.5387667,3.306052,1.3209959,2.9340081,2.830328,2.0296843,2.5692964,3.0950072,3.73319,4.0848656,3.8631961,3.178721,1.6691017,2.2129903,4.5155196,2.2258143,2.951076,2.3050227,2.26451,5.1591306,3.3414626,2.7709844,2.7016592,3.3813477,2.6514254,3.2123253,4.2713633,3.461954,2.030074,1.813618,4.589491,4.0079165,2.8831465
1.477279,3.644779,2.1680515,3.2055926,3.5643654,3.6411245,1.6754555,1.4591945,2.8211846,1.355722,1.6219609,1.4061714,1.6080769,1.383888,4.2473845,0.96960795,2.5191305,3.2283669,4.0631714,1.7077315,1.7473342,3.2552078,1.9845918,2.5706902,5.4350753,1.3720906,4.8476253,1.7622792,1.1996638,2.7735972,1.710884,3.6717849,1.4086215,2.468975,1.3161703,1.6120093,3.202145,1.9015354,3.7131014,1.7196928,1.168245,1.4459156,1.5773048,1.3981967,2.5271432,4.3607197,3.4945729,1.8401225,1.3562113,2.9341102,1.5379285,2.2568166,1.4218343,1.0396401,1.542078,3.6987312,1.8161391,2.3682897,4.2934227,3.7596822,1.2634513,2.115377,0.5197388,0.98444337,2.3323908,2.9001453,3.6203744,3.1130602,2.9746258,1.7679759,4.7873487,1.7114798,1.8236059,0.97186285,3.4162421,1.4081153,1.1056331,2.7047067,1.3547987,1.3632828,3.9892085,2.3016615,1.3475394,3.8369987,0.97827375,3.9160867,1.4071637,3.0151436,1.7534037,0.9886142,1.5319813,3.0060582,3.122312,1.4137449,1.6840075,3.070362,2.3201604,2.3418453,1.8894298,2.746567,2.496866,2.4974678,3.3831584,1.5108824,1.3623693,1.175744,1.8421953,1.0435083,4.360546,3.3831584,2.492565,10.240491,3.4786696,2.2282307,1.1238631,1.1311259,1.1739521,1.6945915,2.5639093,2.2846901,1.0147896,1.0477512,2.422802,1.3447174,1.3707751,1.4392791,3.696582,3.2393615,2.9263878,1.2559547,4.307724,1.8433044,1.8238088,1.17873,1.4382931,1.389721,1.6014619,1.3387288,3.267608,2.6821334,3.598605,1.4442668,2.228237,1.7805198,1.3879858,2.7163646,1.912928,1.7736664,1.059727,1.8958055,1.3893635,3.2741961,1.1885145,0.9766752,2.9433837,1.8824325,1.0146515,3.5725198,5.0305886,3.5032244,4.330072,3.089216,1.0943767,2.7733397,2.241323,2.3443444,2.858158,1.3431906,4.1287575,3.2293112,1.3877573,1.7630541,1.1963683,1.4164513,1.5895731,3.581155,1.355425,2.6702054,2.8918612,1.3789797,1.7921844,3.197442,1.8415704,1.9477147,2.3167136,0.9041445,1.3919015,3.4098206,1.674853,1.3926396,1.210178,2.2240183,1.1831852,1.155399,4.1521373,2.6025002,1.7137408,2.641201,4.1818023,4.820888,1.5560185,1.2343798,2.4249547,2.0782628,1.6135437,4.2572036,3.3184977,1.2423629,1.4432944,3.4832835,0.9427652,3.4359562,1.3536725,1.3979745,1.0350301,1.9509314,2.7893648,1.3749433,3.0972536,1.6844187,0.84421974,1.1090263,1.4448323,4.154661,2.6848176,3.682432,2.8870745,4.3052664,2.8493187,2.2133398,1.452789,2.9350486,0.7174122,1.9165366,3.614547,4.898797,3.3501358,3.1954424,2.46056,2.9045887,4.4523697,1.8676665,4.66637,1.5247395,3.7248998,1.2662514,2.9444747,3.3971438,3.2209764,1.0903648,0.85142034,1.7587124,1.7842392,3.6185222,3.1278377,4.0278177,3.6007252,3.3967545,1.4622427,1.562584,2.5310974,3.6912682,1.5030383,3.4036775,1.4787818,1.2498019,1.1431559,3.0821774,3.3388078,2.7673347,1.8605415,3.2640295,2.250578,3.8807817,2.5929244,3.5031593,2.480541,1.4651262,3.9296038,1.9462384,1.340108,0.9786846,1.7004069,1.1628455,1.50427,3.224079,1.8760198,1.5047756,3.25052,3.6984944,3.3988485,1.4082155
0.79115796,2.9342632,1.876157,3.7043295,3.0307872,2.962304,0.9839926,0.91642123,2.02494,1.1129576,0.9326527,0.820716,1.3899355,0.7692887,4.043643,1.0260645,2.5783255,2.4062245,3.3292015,1.4234365,1.0058087,2.3306184,2.3653376,2.2698357,4.6546764,1.5020012,4.7873588,1.1163229,0.7435933,1.5078783,1.1511762,2.6536002,0.46033418,2.3833265,0.5522535,1.1668515,2.299607,1.1896527,2.867564,2.0037665,1.0958968,2.3161943,0.8686674,0.9403504,2.173547,3.4031415,2.6356945,1.0159199,1.7429366,2.1019702,0.8798934,2.7278337,2.002384,1.7051477,1.7672529,3.4827273,1.3535204,1.3504189,3.5424585,2.951239,1.2456179,2.6454155,1.0673174,1.9581935,1.5580273,2.5549731,3.1804528,2.722053,1.9789016,1.2382177,4.939112,2.229334,1.2528983,0.52918303,2.156056,0.5205823,1.2330323,1.8236496,0.5107792,0.47351992,3.1123147,1.5854237,0.70541304,3.6480227,1.3392638,3.8964493,0.45877853,2.9823813,1.4395547,0.8624923,1.2087907,2.7172766,2.814329,0.46921813,0.9781682,1.8245978,1.2842468,2.2904236,2.3256693,2.813162,1.8001261,2.1010299,2.5836601,0.56851643,1.07551,0.96034324,1.2645965,0.77122533,4.2218575,2.5836601,1.8759956,10.333273,2.8892078,2.1062016,0.6144435,1.0331814,1.4586848,2.0299816,2.0500646,2.5966022,1.8453385,1.5876007,2.834228,0.5545661,0.6039684,1.8469666,2.6556363,2.9346266,1.92301,0.91653365,3.5167284,1.2286884,1.331442,1.3159593,0.79706544,0.40111193,0.96879447,0.7412502,2.3158095,1.7005297,2.605943,0.681903,2.1372144,1.2250651,1.8378934,1.7908233,0.8501489,1.2836113,1.0190133,1.5515904,0.6545328,3.730705,1.364284,0.98246664,2.5850086,0.94534343,0.885358,2.598926,4.170319,2.7088127,3.331861,2.4030297,0.53033334,2.4508407,2.0060058,1.3555133,3.397186,1.074218,4.099386,2.392454,0.46852958,1.7016323,0.7128781,0.7609545,1.0107659,2.4699492,0.59376013,2.0201702,2.057547,0.7455225,1.3162884,2.5159864,1.3382024,2.4115918,2.0712354,1.0109788,0.48463625,3.2802382,1.9123108,1.9513724,1.146018,2.5112672,0.783082,1.4726646,4.5773296,1.4188904,1.2026299,2.2699776,3.328927,3.9932723,0.9705009,0.97059375,2.204442,1.3601667,1.5949281,3.8183367,2.272816,1.9986845,2.0959525,2.5215178,1.5601643,2.2544262,1.4871935,1.6377271,1.5754528,1.4517179,1.7228632,1.8644102,2.572077,1.1584637,1.18002,0.7141029,0.81228304,3.7081714,2.6578004,2.8994458,2.0114787,3.5481105,2.4167147,1.4118799,0.8474359,3.3679118,0.80659175,2.5887375,2.488803,4.8205223,2.091817,2.1767762,2.6739635,2.0257118,4.600518,1.2495834,3.8291845,2.368207,2.9198804,2.2076828,2.074266,2.2403584,3.210534,0.6239826,0.7757231,1.6718212,2.2981825,3.586229,3.5311725,3.3242552,2.781453,3.078284,0.7720105,2.1087086,1.9166915,4.073174,1.7449801,2.5597432,1.371549,1.0685083,0.62074095,2.1440156,3.1368942,2.9999473,1.1226754,2.6952195,2.902553,3.859033,2.2127273,2.7206604,2.1516414,1.7364933,2.8259678,2.29204,1.755364,0.92431414,1.106971,1.5314677,0.4567758,3.7684011,1.3373117,1.8153173,3.6662447,3.469294,2.9367723,1.7177235
2.5139773,3.0706806,2.300454,2.4090712,2.4960952,2.5359552,2.505955,2.592801,2.6434002,2.8290198,2.4564993,2.5502782,2.9690855,2.537829,2.682957,2.5253723,2.0795057,2.6195939,2.793485,3.4044003,2.8795407,3.254448,1.6347518,3.4698856,5.794711,1.7452387,4.562808,3.7284868,2.4251187,3.8688204,2.7180312,3.6131809,2.7466886,2.2664335,2.6207523,3.005815,3.0157757,2.9022238,5.71425,1.1565897,2.1510594,2.5160422,2.5302851,2.3451366,3.0664086,3.6757553,3.043603,2.887706,1.4668031,2.6956391,2.4772484,1.4060464,1.6250446,2.99251,1.7490312,2.4849484,2.5560222,3.0974255,3.0932984,3.1116822,2.1212916,0.93592775,3.1034842,2.388678,4.2269,3.9291856,1.7697037,2.1313705,3.2706141,2.6865723,3.368557,1.4808297,2.7185857,2.9680588,4.0882196,2.7319431,1.9960226,2.9795177,2.5958993,2.6282535,3.3193898,2.8136225,2.4989974,2.606999,2.106568,2.3222425,2.7000887,2.1984925,3.024444,2.224731,3.2685747,1.9632802,2.0410063,2.714252,2.4775336,4.0491905,3.6894934,2.2718327,2.7620378,3.8063002,2.5206542,2.221546,2.8375843,2.858926,2.2922125,2.243832,2.7413952,2.3130968,2.671046,2.8375843,2.5736847,8.83745,2.9869146,1.7392684,2.5801709,2.2186213,1.8580211,1.6453601,2.2211776,0.7542319,1.9128052,2.0623703,1.3358023,2.5570679,2.5727925,1.5342335,3.89516,4.172035,3.0337093,2.8214037,3.114143,2.7695231,2.630189,1.8637239,2.4970841,2.756445,2.5139008,3.5096774,3.214337,3.1009514,3.3123448,2.618954,3.4848258,2.5980039,1.5975443,3.6833053,3.322378,2.5806148,2.9604316,2.1125634,2.5423608,2.3637743,1.9347827,2.125646,2.0748208,3.193364,2.2199922,3.276335,3.6998267,2.6271703,3.656864,2.8815944,2.5842907,2.9546494,2.6429331,2.8162944,1.760389,3.2439687,2.8139458,2.908452,2.660434,2.9806476,2.4531164,2.5578232,2.842074,3.9542658,2.522633,2.6496315,2.7550776,2.5304923,2.6174152,2.6496062,2.6394734,1.68667,2.2555125,2.252995,2.6560087,1.0975745,1.742222,1.8029294,2.5866401,2.2163582,2.4013333,1.9024736,2.7701626,3.9195936,2.6848617,2.570367,3.2765846,3.5145319,3.659469,2.5338597,2.5929797,2.4779155,2.6627548,2.6676989,3.6457684,2.0262141,2.5059884,3.3021138,2.004042,4.967604,1.739364,1.7210141,1.7970624,3.1870391,3.4231412,1.8173901,2.2015343,2.690259,2.159348,2.603563,2.991832,3.4796844,1.7012024,2.7097936,3.251156,3.0307944,2.0824416,2.5502193,2.68729,1.9553672,3.056495,2.8440087,4.108733,4.6897864,3.9033413,5.118151,3.277325,3.1787221,3.278997,2.7651796,3.511885,2.4962265,3.9636874,2.4927158,2.8827398,3.721833,1.8833214,2.7971258,2.7002313,1.8196757,1.6382453,2.1788423,1.9607899,2.8086412,2.9684384,2.4176219,2.537833,1.9153115,4.078592,2.540663,1.7236413,2.678812,2.8292787,2.7402854,2.5806668,3.882975,3.9967227,1.7573053,2.515572,2.5095842,2.812958,2.3055048,1.4050014,2.9480057,2.771698,1.3678242,5.6135554,1.6145719,1.6165366,2.1860428,2.7521384,1.773991,2.865147,2.1192274,2.6752272,2.375793,2.5496628,4.2372723,2.3735454,1.7038773
0.99094474,2.6106958,2.3731039,3.5536392,3.335553,3.2152722,1.2713448,1.3803488,1.9687244,1.8726832,1.3155835,1.1936421,2.1630995,1.2061651,4.1107216,0.93886125,2.766166,2.8254948,3.5175095,1.8896556,1.5446789,2.4090905,2.2002447,2.6301637,4.7525187,0.9211786,4.2433953,2.2252083,0.9560525,2.73332,1.4176055,2.7933662,1.2097543,2.5854437,1.0613728,2.2572331,2.4284477,1.3366666,4.201598,1.438989,0.7747765,1.4806812,1.295075,0.9548026,2.5099475,3.481315,2.6503885,1.5666771,0.860057,2.1227756,1.273194,2.3400743,1.6483424,2.0406916,0.83498335,3.6717622,1.5230323,1.8163629,3.844131,3.4650486,0.35530984,1.9115204,1.6264472,1.3950064,3.0579913,2.8896792,2.7483258,1.9943814,2.2899182,1.4437981,4.9167595,1.8547803,1.386767,1.621534,3.1205478,1.1514215,0.4937885,1.9823097,1.2173339,1.2411171,3.100262,1.4980034,1.2289193,3.8369725,0.62214655,2.6495981,1.2339855,3.0536318,2.269022,0.9079291,1.7225782,1.8402823,1.9480059,1.2149585,1.357208,2.887183,1.9730858,2.6635854,1.7052854,2.7062051,1.6459867,1.2861831,2.4413352,1.2371407,0.8757557,0.85315156,1.3315634,1.1201667,3.0824661,2.4413352,1.7491518,9.377178,3.507358,1.0626577,1.2118361,0.6006419,0.4186083,0.6355292,1.556452,1.4277306,1.1316319,0.51507443,2.458915,1.201328,1.0593724,0.63225216,3.29056,2.9770155,2.2414522,1.7258564,3.7950232,1.3381152,1.4514644,0.86528844,1.2312541,1.2553248,1.3760942,2.0837338,3.0545356,1.961441,3.1872094,1.0751536,2.2421887,1.5003479,0.6174904,2.7367988,1.7106694,1.492094,1.8785136,1.0756419,1.1350603,3.5789866,0.91533417,0.9004848,1.8273593,1.5226468,1.146466,3.3295233,4.350972,2.9590144,3.8208861,2.7610676,1.1894295,2.7781336,2.37833,2.27236,1.8939015,1.7144037,4.203069,3.0669885,1.2268218,1.6062272,1.073925,1.1480902,1.8694366,3.4329023,1.1533468,1.7832376,2.4088907,1.2115064,1.4705706,2.3057694,1.4369128,2.2250776,2.5311937,0.70065856,1.2209427,2.5803196,0.6689767,1.7110677,1.70765,1.1998585,1.0128381,0.4341464,3.0721383,2.5541031,1.4715647,2.5753007,3.7479227,4.2300143,2.329603,1.5101786,2.5093675,2.107923,2.187022,3.9081755,3.0829735,1.6111928,1.906093,2.6865168,0.6203649,3.680933,0.93020165,0.8809495,0.7947548,2.321689,2.1145391,1.7242548,2.7185314,1.4857868,0.7726021,1.3999164,1.784189,2.8983312,1.4393711,3.0642734,2.9380984,3.7701023,1.7877582,1.5679226,1.4511037,1.8551743,1.585276,2.7362173,3.4795783,4.3302803,3.0371706,3.6148198,2.3810272,2.9360292,4.678626,1.3495868,4.1511393,2.1971343,3.2653844,1.7406986,2.205608,3.0934703,2.0048892,1.4356811,1.1243666,0.9273044,2.0516798,2.353119,2.0326993,3.565175,2.6521866,3.2639887,1.2599356,1.9942992,3.0220485,3.9275641,0.80687636,2.8968756,2.218665,1.8137566,0.9350573,2.8924212,3.1721385,1.5946789,1.355607,3.1191182,2.9658175,2.6148562,1.9263326,2.9803014,2.4732263,1.0778341,4.1712317,0.8296855,0.742377,0.842483,1.3949887,0.8379504,1.316863,2.2439249,1.4024874,1.9022665,3.5720217,3.355638,2.255877,0.73835427
2.345205,4.144105,1.7867888,1.767529,2.9241385,3.248303,2.4208791,2.2335367,3.3343337,1.9397703,2.2991922,2.248455,1.7579942,2.2047114,3.151759,1.861346,1.5190811,3.0406196,3.684545,2.5761218,2.6428635,3.918385,0.7627397,2.7998455,6.131854,1.7072864,4.9147115,2.7070105,2.061539,3.463422,2.5669003,4.3255334,2.3466656,1.6857139,2.2343674,1.8461672,3.7063684,2.9011288,4.6581917,1.2448527,1.8995148,1.7812409,2.3275583,2.1843517,2.5351465,4.7076387,3.918042,2.7171125,1.4408698,3.39882,2.2599452,0.93468267,0.6477323,1.6111209,1.959489,2.688279,2.4905627,3.2188518,3.8835292,3.4234602,2.020647,1.2149796,1.7789797,1.2801524,3.0114183,3.3275228,3.296983,3.401813,3.6957874,2.5863643,3.3679817,0.63370204,2.6910992,1.9008145,4.0266447,2.3617463,1.7648865,3.413568,2.181599,2.198953,4.3481164,3.146762,2.1127887,2.7764788,1.7550298,4.0264354,2.2993672,1.9539977,1.8645412,1.6911007,2.4444926,3.2751536,3.3909783,2.3244534,2.3561585,3.7909482,3.4477146,1.4506522,2.2534273,3.1936681,3.0919611,3.0629363,3.7999468,2.4930189,2.1569617,1.9454111,2.7498305,1.6588479,4.456912,3.7999468,3.0856233,9.937206,2.9370093,2.6172836,1.8991486,1.9646593,1.7181869,2.0859346,3.0410912,2.0025587,1.0764244,1.7023586,1.1584209,2.1534562,2.2507598,1.6828111,4.007533,3.8363376,3.5080605,1.9752746,3.9480677,2.7649686,2.5973544,1.6056911,2.2028549,2.3041046,2.3006833,2.3325648,3.376153,3.4571748,3.6157386,2.3637738,2.7989943,2.491967,1.6945683,3.1496732,3.0063126,2.4823403,1.6141677,2.4808624,2.2290232,1.8224885,1.6731234,1.5975112,3.2675896,2.985719,1.5306853,3.4868777,4.799271,3.392528,4.251335,2.9642665,1.9812278,2.4782033,1.9348289,2.584562,2.8520577,2.2848246,2.8891861,3.0001752,2.2534542,2.4312353,2.027923,2.2777493,2.1965704,3.801361,2.15941,3.2979057,2.99002,2.1872091,2.5455873,3.5876973,2.6293929,0.66194355,1.6831803,1.7225478,2.2600694,2.9107716,2.1424277,0.5334628,1.6884726,2.6526573,2.007689,1.7080288,4.1939864,3.450162,2.5164413,2.2498703,3.873434,4.4907613,2.4096196,1.856286,1.993329,2.1178281,1.3521167,3.4358034,3.554072,0.74656373,1.2045904,4.024976,1.5999982,4.2634277,1.6724783,1.747038,1.4034677,2.2060564,3.6711993,0.57814634,2.6257231,2.4812837,1.527003,1.8836224,2.2724,4.664862,2.952075,3.4833524,2.8423073,3.953173,3.178991,2.8373787,2.2595737,3.0957053,1.8502316,1.359177,3.908735,4.981724,3.8939261,4.200751,2.711223,2.9711843,3.0617645,2.779302,4.31209,0.74840194,4.0579944,1.2303171,3.4800417,3.734812,3.3965707,1.9076148,1.8715557,2.2084424,0.61264783,3.7905567,3.2311268,3.568924,3.9901085,2.5549886,2.2410436,0.38182074,2.9830606,2.2518063,1.9055196,3.3318157,1.490142,1.7778925,2.1402078,3.5850077,3.6077623,2.9904883,2.566237,2.6988204,1.4961104,3.9996357,2.3188643,3.399434,2.2741213,1.3516471,4.8730927,2.2743258,1.6354696,1.6896304,2.5928679,1.5265154,2.4533987,3.2540295,2.7048893,1.1715922,2.101383,4.066048,3.7038572,1.8029729
1.5892564,3.506965,1.3154539,2.7415798,2.939769,3.0377345,1.485513,1.1206099,2.612078,0.4638162,1.3586882,1.2586532,1.6906196,1.2232648,3.6859198,1.6614083,1.8288226,2.8017826,3.5781806,2.3733554,1.4677718,3.0816596,1.7452371,3.042255,5.9224434,1.3613147,5.5866213,2.099157,1.2724761,2.5957093,1.466667,3.5747154,1.5243405,2.3529356,1.5114627,0.9468699,2.8846838,1.9334061,3.7704914,1.6379372,1.2819917,2.4370997,1.3530666,1.3997514,2.8383625,4.0383687,3.1760361,1.5773301,1.6010106,2.6631787,1.3018366,2.1321528,1.3654507,0.6132577,1.6727923,3.0196867,1.4248501,2.2221878,3.6691449,3.3273208,1.7507672,2.0894742,1.1634599,1.8862051,1.9320297,3.4762042,3.3758564,3.0619888,2.7347994,1.4996287,4.2924685,1.6658553,1.6535736,1.0035709,3.2525816,1.5792377,1.5049632,2.4919026,1.3176066,1.3351897,3.6648083,2.2944558,1.1634455,3.1584032,1.3560351,4.1929493,1.4444406,2.7811098,1.7706475,1.183851,2.168549,3.0355487,3.1489196,1.4897388,1.4011439,2.9972703,2.5714493,1.7643455,2.8113291,3.5830908,2.3473933,2.6987715,3.1675146,1.7469321,1.4023179,1.2478505,1.751811,1.1716524,4.5705376,3.1675146,2.240055,10.923709,2.647121,2.3947327,1.399144,1.4378194,1.6604561,2.1191812,2.4946957,2.5300915,1.6616184,1.8088859,2.1565235,1.2851926,1.5027171,1.8903623,3.683703,3.9667456,2.6412468,0.57203805,3.7766135,1.7615354,1.5446951,1.2336181,1.2417457,1.5019097,1.2736145,1.3341204,2.4962769,2.5648808,3.3183646,1.5321255,2.9774532,1.4081511,1.8265405,2.7869325,1.8882816,1.4045839,1.1352292,1.8486205,1.3564297,2.8180165,1.195731,1.1375556,2.9142025,1.956109,1.0482944,2.9418013,4.520928,2.928442,3.9398425,3.0742474,1.065606,2.9242392,2.3354018,1.7643142,3.4081137,1.9480168,3.495032,2.6062903,1.4040927,2.5327256,1.1561927,1.3389351,0.83440524,3.3082325,1.3287611,2.5301871,2.8587153,1.2150265,1.4743832,2.9139955,1.5890528,1.6955155,1.6263733,1.4319198,1.400067,3.203053,1.984717,1.5000772,0.37500516,3.0087216,1.1721689,1.7256134,4.671146,2.6591418,1.3942103,2.6421328,3.7192314,4.3028307,1.4935108,0.66587865,2.4871163,1.4471428,1.505379,3.75173,3.18436,1.7273302,2.0680919,3.1928766,1.4976989,3.1824887,1.338717,1.4642776,1.3841016,2.0558636,2.7769358,1.3059645,2.8581836,1.3392609,1.4374925,0.771241,0.87688744,4.5881047,2.941088,3.4300303,2.516685,3.7151966,2.7657628,1.9866431,1.0861366,3.465064,1.1671437,1.2991313,3.396362,5.6369185,3.118832,3.05689,3.2864394,2.0394952,3.8758314,1.7796384,4.1949587,1.9458321,3.99714,2.086031,2.6287827,3.1854348,3.4170465,1.3938286,1.4489043,1.7744634,1.5569332,3.8798845,3.6272144,3.5416157,3.370424,3.0740323,1.2623361,1.4989034,2.64751,3.1907885,1.649396,2.8381371,0.8277348,0.36667955,1.398379,3.26316,3.9941173,3.1342556,1.6566548,2.6392043,1.6205453,4.153105,2.3673263,3.4244986,2.6496358,1.5384402,3.8409407,2.4135566,1.6216551,1.1983436,1.4974773,1.3278638,1.6525337,3.8093722,1.6892619,1.8306574,2.565513,4.414267,3.3499382,1.6204131
1.7615924,3.0279589,3.3687778,4.5272703,4.032093,3.8914475,2.1839638,2.3885639,2.5652046,2.9037611,2.253063,2.1534534,2.553212,2.1549017,4.816725,1.4041412,3.7490337,3.2956867,4.0099783,1.6423308,2.4272485,2.7960382,3.1029203,2.2781153,3.7484043,2.14455,3.2732258,2.2733605,1.8998545,2.8679013,2.3863745,2.9039717,1.8281118,3.055386,1.7184715,3.0367477,2.9842808,2.0243392,4.05507,2.4888618,1.9186898,1.6583124,2.2159748,1.9454902,2.362844,3.806083,3.1802564,2.3986502,1.9910051,2.7246406,2.2229881,3.202806,2.6753519,3.0850477,2.0796566,4.5002522,2.5804715,2.3371978,4.4396377,3.8202815,1.3417878,2.9025385,2.25596,1.9240017,3.5166087,2.2774785,3.2983084,2.616268,2.765801,2.4328105,5.6619663,2.7843626,2.3135958,2.298969,3.1092234,1.746763,1.6119086,2.5729003,1.9970672,1.9922225,3.5421696,2.1074355,2.1622918,4.659993,1.8446671,2.878057,1.9169892,3.5925457,2.6409411,1.8615324,1.6096452,2.4569619,2.524986,1.868538,2.289143,2.8423345,1.9152813,3.499941,1.3392092,1.948526,2.346354,1.7543708,2.912198,1.6651967,1.950943,1.9293303,2.210171,1.9429498,3.2562056,2.912198,2.5895996,8.582154,4.3060837,1.9071375,1.7948872,1.6680754,1.5505621,1.703126,2.2756777,2.2183812,1.9579467,1.3889028,3.4038372,2.0183148,1.7686976,1.6893272,3.063927,2.0211284,2.7484205,2.7189124,4.276667,2.1900227,2.461909,2.0530128,2.178223,1.8490485,2.356426,2.5857708,3.8077726,2.3809164,3.3463628,1.8257726,1.6784655,2.5149865,1.7543443,2.640236,2.2063458,2.5336106,2.4809875,2.0880854,1.97856,4.526133,2.1417294,1.9269612,2.4941008,2.012438,2.0617602,3.868744,4.763155,3.636739,4.0312786,2.7828004,2.0704029,2.7861652,2.6152492,2.9589972,2.3060315,1.7733673,5.030012,3.6653666,1.9382062,1.2009392,2.0336828,2.0539432,2.8539593,3.5077105,1.9690254,2.468775,2.479637,2.1515043,2.5013306,2.9757974,2.4320502,3.168731,3.409482,1.5645394,1.9456899,3.3157177,1.8277056,2.5593936,2.777972,0.91200924,2.007844,1.4524745,3.2354302,2.5000622,2.483689,2.7830837,4.103828,4.651138,2.7735405,2.5700939,2.7457676,2.9188538,2.7733788,4.4842567,3.0688715,2.2918081,2.2594929,3.1258702,1.7955049,3.7875972,2.1472414,2.1339085,1.9745438,2.5191505,2.3002062,2.6572926,3.1111054,2.497718,1.6232959,2.3730304,2.7063441,2.3526392,2.0220332,3.311485,3.2782154,4.3546906,2.4852233,2.3313856,2.427573,2.240358,2.1766002,3.8492393,3.4817472,3.3481534,3.1227226,3.7174792,1.8054066,3.7491076,5.495625,2.1997626,4.4942656,2.783878,2.701168,2.1600451,2.8343585,3.1454535,2.5344718,1.9279655,1.6552662,2.0695865,3.0459082,2.6638694,2.3898654,4.046478,3.0831225,3.733089,2.1842718,2.8634953,3.0138817,4.862345,2.0552413,3.5429037,3.0569093,2.8303566,1.7218914,2.5573318,2.405671,2.1769934,2.2218387,3.8084857,4.1038194,2.8576503,2.637944,2.9937537,2.533402,2.163294,4.070523,1.6916093,1.9634199,1.844597,2.3322697,2.0687163,1.8017187,2.522642,2.3497236,2.355788,4.702173,2.39229,2.7600036,1.9914016
0.75197405,2.9278474,1.8769319,3.6212752,3.1638815,3.0883608,0.8849137,0.7158736,2.0412095,0.9186906,0.84578896,0.6424618,1.5868219,0.60986036,4.136047,1.0333786,2.5603778,2.6177537,3.4962223,1.6238143,0.8504472,2.37764,2.3212416,2.536604,4.9205313,1.3092699,4.9673595,1.3811896,0.59238404,1.8545451,0.94851995,2.7783945,0.55408114,2.5336077,0.5974592,1.2529391,2.34028,1.0831261,3.1297255,1.8989924,0.8897171,2.2270646,0.76657456,0.79163504,2.441597,3.5047872,2.6734958,0.90964395,1.5892677,2.1326058,0.7670462,2.6713724,1.8736733,1.4291868,1.5422221,3.5500238,1.153976,1.3991137,3.693362,3.2026734,1.1470551,2.51584,0.93964314,1.8493367,1.7498524,2.8254554,3.236456,2.6563935,2.0296314,1.0354235,4.981158,2.146211,1.0705628,0.55492985,2.4826903,0.5995604,1.0915809,1.8245542,0.5234833,0.5156108,3.1706994,1.5264732,0.58710563,3.7154448,1.0924326,3.8110707,0.5314701,3.103593,1.6615032,0.7595715,1.402586,2.6384544,2.7410388,0.5507141,0.8941654,2.1668606,1.464239,2.346648,2.3635113,2.9799094,1.7639719,2.0533159,2.6213734,0.72165716,0.87615347,0.77081144,1.0928829,0.76775485,4.162281,2.6213734,1.7798988,10.451001,3.0130575,1.9871036,0.7381979,0.8669002,1.3186309,1.8484491,1.9890529,2.4916348,1.7111664,1.4501671,2.761111,0.5359582,0.62528855,1.7014861,3.0000627,3.1651158,2.0064654,0.7103291,3.6956036,1.0684714,1.129551,1.1330923,0.66881096,0.55185765,0.8334586,0.86124015,2.4308782,1.7637473,2.9001975,0.6409382,2.3286376,1.0475024,1.6629648,2.1588898,0.88577133,1.0855547,1.0921301,1.4077562,0.58808947,3.663552,1.1403046,0.8500857,2.505328,0.9367193,0.83008474,2.815666,4.3331137,2.8151937,3.5935323,2.6924691,0.37990826,2.7073157,2.2242928,1.5433878,3.2365441,1.2492496,4.1464143,2.5966852,0.530005,1.8446299,0.54571974,0.6233091,0.8806077,2.820015,0.5757879,1.956063,2.338832,0.60030466,1.1082263,2.4894407,1.1408067,2.3407345,2.1329055,0.9180721,0.5288188,3.2514524,1.7107768,1.8885213,0.94505596,2.4639595,0.6004746,1.3544158,4.419753,1.7669438,0.98893815,2.5057323,3.5613189,4.1738343,1.1413627,0.7585877,2.417612,1.482587,1.7157186,3.9572625,2.6243017,1.9329556,2.107846,2.5878794,1.3325732,2.5440023,1.2990544,1.4214101,1.3724469,1.7348326,1.8448313,1.787202,2.768194,0.9467429,1.0873379,0.5130961,0.6383923,3.774769,2.5498188,3.1198528,2.3180695,3.6870441,2.352781,1.3973327,0.6508646,3.2016668,0.7612382,2.3832564,2.8491285,5.009765,2.407395,2.407601,2.8052998,2.1385095,4.630312,1.0931677,4.046913,2.3171031,3.2448416,2.1339447,2.092193,2.5768287,3.090316,0.78629446,0.7856868,1.4971291,2.1984441,3.4902506,3.3733184,3.5062296,2.8304431,3.2515843,0.655818,2.048155,2.2302659,4.021227,1.5246828,2.6887836,1.39205,0.89749825,0.52002794,2.5025523,3.3778229,2.8401804,1.0566027,2.8450775,2.7019548,3.771503,2.2679431,2.9970112,2.4001994,1.6171031,3.1078022,2.124063,1.5542815,0.7940216,0.9112871,1.3201445,0.64836496,3.6049993,1.153733,1.8900796,3.530614,3.6977568,2.894547,1.5018846
1.4658229,3.4479098,2.261475,3.0935497,3.4412248,3.505908,1.7267087,1.6364537,2.6982522,1.7438296,1.6906841,1.5249633,1.7405676,1.5066601,4.045631,0.81604874,2.4915078,3.1027703,3.867458,1.7283884,1.9348792,3.1770687,1.7900113,2.4333997,5.222233,1.1719319,4.3642964,2.043043,1.2470187,2.9542592,1.8465791,3.5618918,1.5040438,2.2840428,1.3570925,1.961424,3.131845,1.9539878,4.111352,1.3827549,1.095146,0.92406577,1.6686755,1.3906375,2.3493469,4.219925,3.380515,2.0004106,0.92950094,2.8250337,1.6241213,1.9558253,1.2082791,1.5463285,1.2679111,3.5810716,1.922291,2.4241598,4.161497,3.6444356,0.94449055,1.7193928,1.091863,0.56093085,2.8278599,2.7716155,3.25555,2.793707,2.9787147,1.8881519,4.6004934,1.4323398,1.9095324,1.367918,3.493508,1.4762256,0.8110026,2.6836643,1.4621413,1.4773341,3.8468199,2.2470694,1.4701744,3.7203712,0.80036604,3.3833387,1.5135161,2.78708,1.8843594,0.9500828,1.576028,2.6401134,2.7554002,1.509485,1.7527215,3.1901295,2.4241667,2.337561,1.4325547,2.4996474,2.3818097,2.1698358,3.2093427,1.5699164,1.3324074,1.15551,1.9039521,1.0579,3.8470623,3.2093427,2.4317234,9.612591,3.5181005,1.8527782,1.174321,1.0009857,0.7356361,1.2093492,2.3428104,1.7181526,0.46538484,0.46732137,2.1538153,1.4477962,1.4014516,0.89351076,3.60574,3.0248232,2.8965175,1.6381321,4.143734,1.9100717,1.918009,1.0109535,1.5424986,1.4954106,1.71436,1.8254037,3.3672247,2.659478,3.4953642,1.4919273,2.0599978,1.898909,0.8794683,2.7681267,2.120614,1.8888525,1.4005964,1.7442038,1.4670342,3.140307,1.0737811,0.90924215,2.62863,2.0208573,1.033234,3.5870154,4.845485,3.393254,4.206832,2.8858497,1.279172,2.5837529,2.1008697,2.4567862,2.2388258,1.474841,3.993634,3.2244127,1.4916707,1.5218602,1.2974681,1.5109153,1.9093311,3.6241722,1.4307389,2.554386,2.701721,1.5005887,1.9009734,3.045465,1.9264286,1.776074,2.3401175,0.7143243,1.4960939,2.9921849,1.2899461,1.1580696,1.5330182,1.6132417,1.2573413,0.66650504,3.558361,2.7653582,1.8608942,2.4439468,4.0394053,4.6399713,2.028699,1.4942304,2.2494442,2.1656826,1.703547,4.0263734,3.292843,0.9017076,1.1911526,3.4136233,0.5731847,3.7880435,1.1545982,1.1574788,0.69121826,2.0460622,2.7886493,1.2247915,2.8499548,1.8466573,0.54702413,1.3819062,1.820082,3.708845,2.212293,3.4416842,2.9375653,4.1502075,2.5685658,2.1810107,1.6717861,2.3522208,1.1756282,2.1702046,3.6693578,4.4345713,3.4182847,3.6323466,2.1165023,3.0839243,4.3311853,1.9292574,4.491461,1.3796358,3.531804,0.92780966,2.8908277,3.4015167,2.7488158,1.2496928,0.93343836,1.5256028,1.6105725,3.1104429,2.5392334,3.8397317,3.4216752,3.1803274,1.5758489,1.4204795,2.7491584,3.542187,1.2162863,3.312858,1.8008649,1.6251521,1.2028601,3.0552287,3.0812752,2.2490745,1.8799855,3.1831567,2.4348414,3.352395,2.2808483,3.2669408,2.2934127,1.1027776,4.27901,1.4127817,0.9508567,0.9131546,1.8367922,0.9129491,1.6026614,2.6097813,1.9425981,1.3412093,3.22912,3.393145,3.07899,1.0878996
3.3228254,3.4237146,4.401964,4.792649,4.8589,4.6553016,3.48662,3.6707327,3.4595454,4.19736,3.5649068,3.518502,4.409108,3.5500357,5.280755,3.2655616,4.492724,4.493417,4.7693644,3.9750407,3.7590213,3.781909,3.8325565,4.3947787,5.4818726,2.963028,4.3032284,4.546927,3.3651483,4.9363136,3.568613,4.0419803,3.605534,4.315074,3.4711974,4.6386404,3.8746703,3.4010928,6.4626827,3.0722895,3.1068432,2.8266418,3.572141,3.265322,4.2870684,4.474545,3.883765,3.759548,2.7247941,3.6103659,3.5555165,3.6727862,3.4160647,4.1896434,2.6369002,5.0936074,3.5808675,3.789393,5.169768,5.0847855,2.7666636,3.0416102,3.9773302,3.154539,5.5250006,4.5298467,3.4736345,2.6623025,3.9456317,3.5483785,5.9468536,3.4658637,3.4595094,4.083083,5.068779,3.5390244,2.8721678,3.6609812,3.6209435,3.6477787,4.1210375,3.2609897,3.5963519,5.233214,2.9036498,1.5939281,3.6323862,4.523279,4.510961,3.3223038,3.8947616,2.3979728,2.418219,3.6098468,3.579751,4.950941,4.014641,4.55966,3.0258582,4.01694,3.259804,2.4521873,3.5754015,3.5847383,3.153791,3.2195423,3.3840814,3.5193512,2.069754,3.5754015,3.3604894,8.026787,5.3221226,2.276593,3.6226826,3.024317,2.6779816,2.120646,2.8983572,2.1452174,2.954725,2.6387055,3.7425077,3.600546,3.4509602,2.4093256,4.9585686,4.251366,3.92623,4.0928245,5.078478,3.4073362,3.500886,3.0653157,3.5575526,3.6613376,3.6216793,4.5444913,4.950572,3.706447,4.86127,3.432461,3.932945,3.620985,2.423292,4.8222136,3.9507253,3.5866213,4.2547393,2.9354892,3.508794,4.7969804,3.0778208,3.2769284,2.5947495,3.704375,3.5158863,5.1539803,5.3547,4.4223,5.2667503,4.4017825,3.633308,4.486865,4.2772837,4.4474564,1.019684,3.973159,5.4719605,4.9316697,3.6287658,3.4349957,3.4752593,3.4890492,4.189655,5.3903008,3.5455518,3.2266576,4.1084766,3.5627306,3.539622,3.4736433,3.4751568,3.8442698,4.494591,3.121868,3.6200612,3.0720537,2.3007054,3.5363526,4.0051994,1.8149971,3.405545,2.6737761,0.80161315,4.7307186,3.6098537,4.319967,5.187001,5.3522744,4.7823644,3.8344111,4.3131104,4.281161,4.3600106,5.057111,4.97126,3.3779078,3.6644392,4.0475655,2.7547903,5.970337,2.9847744,2.8233194,2.8611364,4.5364056,3.875308,3.6237652,4.2170634,3.6518073,3.0993836,3.8028831,4.159833,2.6618497,1.8078481,4.3745375,5.0158834,5.0036144,2.7773073,3.4932778,3.7680805,0.8203747,3.9990296,4.5597982,5.446932,4.463332,4.988662,5.950973,3.6507778,5.0222163,5.8906693,3.4041514,5.396148,3.8907175,4.6800294,3.361771,3.7635558,4.9872055,1.7270026,3.8439415,3.5283165,2.7422886,3.6989295,1.5884895,0.76093125,4.8851666,3.6990056,4.7217255,3.5877593,3.7955546,5.2570076,5.050029,2.642018,4.457596,4.5337276,4.154306,3.3822513,4.7735043,4.4244404,1.3369119,3.4772933,4.811489,4.6462107,1.5953219,3.3369753,4.4164815,4.266382,2.921379,6.3789163,1.8289591,2.616575,3.2529356,3.5622475,2.9098165,3.6883857,0.6945944,3.424071,3.8517199,4.864709,4.3284345,2.7761278,2.6312644
2.3057718,4.422424,2.716797,4.198024,3.9267452,4.0495334,2.4787943,2.287384,3.5128522,1.9839029,2.4049876,2.2736964,1.5430127,2.2250788,4.7838993,2.0051832,3.2562668,3.4321692,4.4137855,1.6978741,2.3875728,3.7425194,3.0748584,2.4116433,5.1862836,2.8108213,5.2997465,1.0084634,2.1918213,2.0769796,2.5496418,3.9720001,1.96882,2.900868,2.0259933,1.5599314,3.7211041,2.6323824,2.0229435,3.1195292,2.4655397,2.8940816,2.346791,2.4197392,2.5229642,4.7496424,4.066859,2.4269924,2.9342935,3.5681503,2.3474386,3.4726496,2.8378148,2.1141143,3.0985553,4.2177343,2.7278903,2.7530267,4.5720525,3.7379906,2.567996,3.6334505,1.3771698,2.509119,0.9280906,2.617127,4.5348687,4.249206,3.3523984,2.6352782,5.405401,3.0270226,2.6835794,1.3203263,2.8515,2.0096526,2.5204027,3.2682934,2.017677,1.9844776,4.5201135,3.0672932,2.1542401,4.3411565,2.5627072,5.3499665,1.9840708,3.5448499,1.5723195,2.1416643,1.6208727,4.2356167,4.33542,1.9890226,2.4491992,2.4129064,2.2662597,2.8394518,2.8704002,2.9410486,3.3140447,3.600888,4.0528035,1.9788347,2.5182908,2.3589432,2.708585,1.9786336,5.7014923,4.0528035,3.3618963,11.088818,3.5913725,3.5811458,1.7837764,2.4054372,2.6925688,3.328553,3.5794954,3.8458068,2.667089,2.6450663,3.6440644,2.051795,2.1058972,3.0551736,3.3105175,3.1777678,3.31477,1.8940669,4.5547724,2.675431,2.7346597,2.5928721,2.260271,1.8955309,2.399504,0.81841654,3.336191,3.1120617,3.463643,2.1991553,2.3497546,2.6189203,3.048918,2.07771,2.1283388,2.664653,1.2822567,3.048887,2.16453,4.2425656,2.6355205,2.2299707,4.110987,2.2942357,2.0525146,3.4763436,5.312576,3.9380977,4.250732,3.1286383,1.9178991,2.8047981,2.4207485,2.4043016,4.594756,1.4204142,4.697812,3.2429073,1.9899632,2.2820554,2.1425061,2.2493637,2.0750885,2.9568262,2.095865,3.5253377,3.025197,2.2047162,2.7031531,4.005509,2.7514498,3.095459,2.7812018,2.1915975,2.0081756,4.6229806,3.2596717,2.6488626,2.070297,3.5981693,2.202951,2.6587517,5.856722,1.917647,2.5730731,2.8325837,4.2355866,5.055303,0.6255374,2.115608,2.6421545,2.3796964,1.8792539,4.711908,2.8694115,2.5933006,2.4162858,3.9051642,2.6730323,2.1149843,2.787124,2.9309127,2.7012522,1.5974109,3.0178688,2.601389,3.4994936,2.5196798,2.240889,1.9266338,1.8822734,5.0148764,4.1105814,3.973706,2.4982836,4.657242,3.9430666,2.9101543,2.1934025,4.6358347,1.2787633,2.9204404,2.9068358,5.2850294,2.8773358,1.7175063,2.965016,2.8708298,5.0197725,2.6989634,4.781746,2.6024334,3.4792511,2.5986004,3.5150414,2.9657,4.679664,1.5212088,1.7271856,3.1117666,3.03833,5.0492053,4.817605,4.3203006,4.235664,3.7514002,2.241818,2.700278,1.4069386,4.6103272,3.0669158,3.7597468,1.7194263,1.9178741,2.049226,2.543897,3.3082843,4.3778286,2.6254218,3.5385776,3.2825952,5.314999,3.5094433,3.613921,2.598543,2.9198453,2.479769,3.5882328,2.9855769,2.2067046,2.515145,2.7423716,1.9081533,4.9624295,2.7710888,2.2355592,4.274027,3.7573926,4.4642878,3.007276
1.1364911,2.838359,1.746701,3.4201775,3.1959217,3.0802205,0.9157528,0.54600245,2.0184228,0.6246792,0.88069546,0.7104811,2.1931703,0.73414296,4.1234527,1.6588784,2.4297981,2.849421,3.5873601,2.4410257,0.7265886,2.4081097,2.3345244,3.3020725,5.615594,1.1644758,5.621771,2.198738,0.9037545,2.450809,0.68388516,2.9656982,1.1889842,2.8927047,1.2108186,1.5170443,2.2840517,1.1817033,3.7869377,1.835571,0.9355549,2.6059282,0.83585835,0.916851,3.1350636,3.5065682,2.5901966,0.8695796,1.5970463,2.0962002,0.81472546,2.663424,1.8333074,1.1432667,1.3301294,3.4733953,0.7171878,1.5677471,3.697358,3.4969306,1.4780806,2.3807514,1.4280185,2.1818829,2.1937168,3.6361437,3.2251768,2.515359,2.0643947,0.71390766,4.931187,2.1620882,0.862273,1.1977401,3.0175228,1.2313333,1.321067,1.7997886,1.0190004,1.0486983,3.1008492,1.55909,0.7956626,3.6390274,1.1047386,3.7485118,1.1152096,3.3373046,2.2677948,1.120744,2.2184153,2.5170333,2.62139,1.1536733,0.89597315,2.7875164,2.0798051,2.4197874,2.939265,3.7318485,1.7081304,2.1371894,2.5907795,1.4117675,0.88187295,0.8937483,0.9617818,1.2430174,4.101651,2.5907795,1.5453788,10.907815,2.978566,1.9260503,1.4240915,1.1088201,1.5169392,1.8259757,1.9037117,2.4724345,1.9118012,1.7403979,2.6543295,0.9796903,1.1625843,1.7898159,3.6145613,3.9628801,2.0723853,0.5516144,3.7830088,0.97870827,0.7695265,1.1087935,0.7811375,1.230726,0.7384115,1.5058281,2.3479533,1.9136817,3.3146775,1.0717114,3.107838,0.7129178,1.6941311,2.8991182,1.2759572,0.6873676,1.6372291,1.2702363,0.9482656,3.4883716,0.99600726,1.103907,2.359582,1.2977346,1.178456,2.9667618,4.366257,2.765898,3.8819084,3.2408383,0.84590846,3.3131967,2.7804525,1.7521242,3.2032986,2.055239,4.055214,2.7599955,1.0940331,2.5760858,0.80732083,0.8239007,0.6473602,3.3521478,1.0116463,1.8289491,2.8579397,0.75679946,0.71064943,2.3116388,0.80832434,2.3060856,2.161427,1.3610703,1.0728128,3.1134965,1.6094583,2.0376892,0.7024569,2.8081906,0.80853885,1.6211443,4.332515,2.4834502,0.6172785,3.0183775,3.783256,4.2503448,1.7656956,0.5532504,2.941066,1.6232741,2.1446128,4.0193295,3.2140288,2.197146,2.5550914,2.5790997,1.3832916,3.0674481,1.1683818,1.2331264,1.3771445,2.4298697,2.1515598,1.8679043,3.0722272,0.5794112,1.4864123,0.65239626,0.55023205,4.0785522,2.501646,3.409572,2.7866845,3.673022,2.2202597,1.3987324,0.5240164,3.146374,1.38769,2.027066,3.4229088,5.6822195,2.89054,2.9402266,3.4873946,2.0747516,4.5449758,0.9971423,4.222285,2.5849762,3.9576488,2.4883876,2.013397,3.0993507,2.9519403,1.5269845,1.4757853,1.3250498,2.1275945,3.411993,3.3102226,3.6355226,2.802219,3.5034108,0.792345,2.142474,2.9777246,3.8341038,1.3372927,2.6916487,1.5803142,0.74450576,1.0647806,3.2564974,4.152081,2.7314992,1.0678891,2.9286003,2.3030093,3.7039557,2.339706,3.4691637,3.008819,1.6199834,3.6926422,2.1137056,1.4811237,1.102564,0.71625435,1.2338082,1.344295,3.5682373,0.9000048,2.3547792,3.128865,4.4646344,2.7838285,1.367816
2.0087245,3.8211098,1.7390555,2.6924906,2.3718991,2.6886394,2.2097108,2.1746664,2.949468,2.0636759,2.0835502,2.112977,0.69626683,2.0409732,2.9195094,1.4931879,1.8260757,2.1174834,2.9556913,1.7108971,2.4861405,3.4280615,1.3924085,1.5101938,4.9299383,1.9971392,4.0660744,1.8246583,1.8880311,2.3630428,2.523101,3.622845,1.8654999,0.73342776,1.7932075,1.4342922,3.2636433,2.661106,3.6471882,1.6946026,1.9656214,2.040572,2.111317,2.051843,1.1305593,4.099135,3.492003,2.4903386,1.8248303,2.9875972,2.0702503,1.6807913,1.5417945,2.2985137,2.3448844,2.5514345,2.5403764,2.7344599,3.2444098,2.3445776,1.8952179,2.0745165,1.7715213,1.679629,2.3277886,2.1064377,2.9576526,3.3139124,3.2025213,2.570482,3.5542884,1.4502232,2.622787,1.5480684,2.853435,1.883589,1.788598,3.0349085,1.7946094,1.7827744,3.8698494,2.8669207,1.9035378,2.662738,2.0432067,4.113938,1.845638,1.4254419,0.70247877,1.5486848,1.6313682,3.2411902,3.3403552,1.857223,2.139762,2.629199,2.7101028,1.292809,1.9087279,2.3526978,2.818646,2.8412454,3.3699315,1.9158907,2.1450007,1.9204979,2.6530185,1.332475,4.447729,3.3699315,2.9625971,9.459455,2.4537418,2.668136,1.3407246,1.9161279,1.8326006,2.4144466,2.867587,2.352954,1.6061888,1.8590499,1.9252108,1.8026559,1.83729,1.9795359,2.6358821,2.7723927,2.9581175,2.009697,3.1840434,2.6384223,2.6106129,1.8200581,2.0160394,1.7786825,2.1649942,1.84668,2.834404,2.9324958,2.4042227,2.0183027,1.8606342,2.4624412,2.0686235,1.7613033,2.5499022,2.5049753,1.1755905,2.470591,1.928704,2.65657,1.9761099,1.5691739,3.2112403,2.5764914,1.3478475,2.6052103,4.080746,2.8628776,3.1630437,1.6074514,1.7616357,1.0537771,0.45528603,1.865079,3.3618336,1.5479239,2.957219,2.145392,1.8127762,1.6608284,1.8743333,2.0715902,2.126973,2.4617426,1.8070656,3.0906198,1.7711514,2.0045426,2.5771148,3.3480215,2.6292593,1.524909,1.4272999,1.5834218,1.8353125,2.9718738,2.4601583,1.1627887,1.8981296,2.5651078,1.8973742,1.7720968,4.6492076,2.3547537,2.5217612,0.8822291,2.8923848,3.7207942,1.8067223,1.9360172,0.59542006,1.5573251,0.542614,2.8972645,2.1800485,1.2564023,1.1458095,3.5044158,2.015294,3.2394311,1.9578307,2.1353781,1.8577647,0.90663177,3.009449,1.225484,1.6680341,2.4772751,1.4807643,1.816674,2.1685867,4.120642,3.0420299,2.5012794,1.5657032,3.3451748,3.0657127,2.5077102,2.169199,3.5291479,1.6169838,2.484014,2.5439463,4.097101,2.7570276,3.3344,1.9954586,2.466961,3.3089945,2.6509628,3.397467,1.3983395,2.6827679,1.6266477,3.0926175,2.470759,3.569998,1.288639,1.4959776,2.3666587,1.5854758,3.888905,3.6511,2.7865481,3.531556,1.7537085,2.0292094,1.2204576,1.7510821,2.9634151,2.288601,2.7235465,1.3179798,1.8861296,1.8623487,2.20358,2.4761064,3.3202736,2.3149118,2.0531461,2.686267,4.0910935,1.9520158,2.1672888,0.8294716,1.6745725,3.8068757,2.601372,2.074641,1.6115452,2.5172627,1.9340347,1.866438,3.7627838,2.663078,0.57966334,3.0854466,2.9954689,3.5390878,2.1978364
3.4785833,4.0347033,2.3173842,3.019443,0.94881934,1.5188843,3.4236176,3.4983199,3.4195685,3.4667058,3.2994363,3.5138288,2.909988,3.454506,1.206064,3.5781543,2.163833,1.5325469,1.5029542,3.8604114,3.7150874,3.8437552,2.5572577,3.317037,5.6511054,3.3642676,5.082441,3.8180332,3.4648526,3.2819455,3.7489974,3.9043698,3.4584477,1.8570184,3.44295,2.9268737,3.4942775,3.9378457,5.046045,2.8775513,3.5095184,4.2149773,3.3840215,3.4709365,2.765624,3.7016056,3.5350122,3.6674087,3.337248,3.3326306,3.354079,2.67115,3.0760388,4.043713,3.6802504,1.3034023,3.6190612,3.680236,1.5963279,1.1077672,3.5881662,3.098731,3.9570885,3.9003987,3.7409754,3.8422332,2.4110117,3.7094796,3.7479646,3.7491288,2.5186508,2.8640623,3.8123624,3.4825754,3.3172994,3.4934192,3.4880779,3.7019978,3.323836,3.3232489,3.6509845,3.8825371,3.3404279,1.3494902,3.7387877,4.5816107,3.3963606,1.5183175,2.808976,3.3022792,3.7756314,3.750884,3.7990932,3.4227521,3.309808,3.4640493,4.1398973,1.9629449,4.0366178,4.360036,3.5394897,3.7726972,3.5098214,3.5468311,3.578322,3.4671962,3.8705828,3.1485922,4.679231,3.5098214,3.6711335,9.618268,1.4304668,3.6633422,3.25577,3.5653872,3.54031,3.8449035,3.5528963,3.3600342,3.5926569,3.7796812,2.628494,3.3163447,3.4119217,3.552862,2.8717496,4.4523244,3.3775918,3.4922442,1.5761927,3.863986,3.7417395,3.3360665,3.3815727,3.4042406,3.3828063,3.7501538,2.533037,3.6918912,1.9609456,3.5163636,3.9462562,3.5717626,3.6433356,2.9778943,3.9162834,3.6206982,3.3104265,3.5510125,3.4000874,2.877919,3.4593234,3.2934332,3.7194831,3.9640586,3.1204507,1.8113543,2.5258088,2.1690183,2.035968,1.9584283,3.4197433,2.307682,2.3116815,2.445405,4.556925,3.7444086,1.7750882,1.4814885,3.3605137,3.763491,3.4250562,3.4959135,3.3566341,2.4924192,3.3173392,3.7746592,2.2224553,3.4225407,3.7107038,3.5660172,3.7616842,2.7181811,1.9245374,3.4904234,3.3710833,2.73806,3.8278852,2.9677243,3.3649397,4.1841784,3.4473794,3.5543675,5.5406127,3.6172283,3.7154956,1.9066607,1.3837194,2.0128188,3.6851287,3.374321,2.1496527,2.3172529,2.6685872,0.8562002,2.4837158,3.3345926,3.4569387,3.6546817,3.8009393,4.148126,3.3365645,3.5146585,3.5491288,2.8690557,3.8735259,2.9124775,1.2743908,3.680881,3.4615378,3.395747,3.5717034,4.7434425,3.9054391,1.7197087,1.9013584,1.8391479,3.555706,3.3546684,3.5135734,4.685029,3.7532663,3.8007107,2.7192268,5.126849,3.1096728,4.614931,4.029164,2.4623563,2.4321733,3.859474,1.6447897,3.5141554,3.3566878,3.8772287,3.4753091,2.6516929,4.1990876,3.3302815,3.5879154,3.5251038,2.8694482,4.444655,4.7089677,1.1642846,3.5457466,0.8452764,3.3879955,2.893287,3.4352646,2.8225,3.6476111,2.1066408,2.93284,3.3667693,3.57081,3.2567196,4.05284,4.323796,3.4051144,1.0314413,3.7940261,4.5675297,2.186417,1.9436493,2.3629642,3.0735407,4.8330865,3.9697702,3.58149,3.3494625,3.7705863,3.4836597,3.469564,4.9278054,3.8083377,2.9344,3.2942734,4.4623127,3.8143177,3.6326337
3.0104504,3.2287686,2.2065527,3.6920755,1.0008165,0.94406337,2.892909,3.0318265,2.6544693,3.1405308,2.7976055,3.048841,2.9217536,2.9992652,2.1352353,3.4006817,2.5023394,0.8279442,0.89273465,3.661092,3.1248972,2.9442198,2.9443119,3.3527057,5.1126213,3.1540153,5.2504563,3.499202,3.0806353,2.5333002,3.1990469,2.9465413,2.9925046,2.3462374,3.0251446,2.726894,2.600608,3.3180757,4.5047364,2.9510334,3.2009518,4.3462977,2.8772888,3.0454464,2.8538752,2.6933568,2.636936,3.0453186,3.2850895,2.529868,2.8701785,3.1596472,3.2560089,3.9386475,3.4516084,1.9408523,3.0946329,2.9076257,0.9205998,0.55035764,3.325196,3.377846,3.8057995,4.0266933,3.3250446,3.786335,2.1388276,3.180197,2.8482935,3.1968412,3.591567,3.1619399,3.2357697,3.2116096,2.4144719,3.0327966,3.275665,2.8938475,2.8843417,2.880247,2.7095451,3.203378,2.9102287,2.0688667,3.5242743,4.337073,2.9303932,2.3188345,2.8114097,3.060068,3.5527618,3.2980487,3.3306885,2.9554946,2.7874515,2.6740391,3.4607913,2.3102336,4.1320834,4.4161654,2.8587599,3.2718172,2.6836467,3.0688143,3.1788917,3.129574,3.2868924,2.9236283,4.3754168,2.6836467,3.0004532,9.9895115,1.2596878,3.3125668,2.9886134,3.257469,3.387183,3.684206,2.9676075,3.420048,3.6915584,3.689918,3.0924513,2.8828433,2.9755526,3.483492,2.235374,4.311529,2.4883773,3.1388736,0.83562267,3.2723825,3.1920507,3.1369374,2.9207613,2.9553413,2.8836727,3.4194205,1.609672,2.8707857,1.1694286,3.0363548,3.8993719,3.030914,3.5548332,2.5934718,3.2519624,3.0936608,3.215397,3.085802,2.944191,3.5899465,3.2386136,3.080569,3.2078843,3.3207414,2.9269338,0.7236651,1.7423525,1.3393763,1.0616446,1.8361177,3.0543444,2.5749934,2.5332043,1.8093348,4.5997605,3.5373616,2.6603725,0.75010365,2.9057882,3.6554108,3.0394404,3.0237052,2.9110813,1.7637509,2.8852458,3.073003,1.7898825,2.9710908,3.1739247,2.8099077,3.2042646,3.0970876,2.0381613,3.2923748,2.9122288,2.719942,3.600762,3.2124498,3.1133606,4.107214,3.0731254,3.4246259,5.5206895,2.9649987,3.1807725,2.155135,0.54994285,1.3111708,3.3820376,3.0427613,2.4578116,1.9249301,2.8083644,1.4558847,1.8741504,3.57369,3.7252595,2.695452,3.6790156,3.3780663,3.134901,3.3199463,3.465956,2.786662,3.0305066,3.1095967,1.3687204,3.1517289,3.344994,3.0540924,3.1123848,4.253747,3.618017,1.1725304,1.5400068,1.128747,3.0107298,2.6887498,3.0372112,4.620498,3.5546622,3.9656723,2.0128741,5.291085,2.1738381,3.9372478,4.1771784,1.7513348,3.4174068,3.2632601,0.9963557,3.881182,2.9981635,4.1044483,2.6346767,1.8250047,3.9119716,3.0938513,3.3715632,3.1860144,3.1733477,4.1636534,4.6540184,0.72208357,2.6892757,1.6706268,2.912823,3.2040534,3.2611232,3.6058004,3.4333446,1.2226324,2.8770235,3.0915618,3.1875644,2.8038507,4.1152873,4.141988,2.8257668,0.98244363,4.022936,4.316381,1.9927375,1.6016943,2.5391984,3.0455132,4.080873,3.8301327,3.4658613,3.1101723,3.213169,3.3437283,2.9848883,4.964999,3.2322724,3.1674218,3.7249668,4.4503717,3.2298658,3.4514902
2.4080238,4.584471,2.6809788,3.9481955,3.8210268,4.020229,2.6252635,2.447025,3.662084,2.1268492,2.5357728,2.4164429,1.2293277,2.3590012,4.5686717,1.9097806,3.0957427,3.3819485,4.360941,1.5374639,2.6151075,3.9488914,2.8335912,2.0710545,5.1726575,2.8096752,4.992366,1.0183448,2.274453,2.2535317,2.7515616,4.158943,2.0808988,2.57263,2.1025474,1.5551252,3.9072592,2.8428755,2.2781556,2.9897745,2.5122888,2.6418316,2.4901485,2.5174801,2.1925507,4.911492,4.237961,2.6532671,2.8431532,3.7197547,2.479447,3.2093,2.6609101,2.162967,3.1145005,4.0489306,2.9071574,2.9807312,4.550084,3.6328745,2.5502357,3.4506028,1.3480726,2.2634978,1.2449204,2.3295002,4.475368,4.321898,3.5859299,2.8347762,5.1004195,2.8014092,2.8857725,1.3704821,3.0032141,2.1145256,2.490522,3.4798262,2.1182191,2.0861244,4.6841874,3.2572443,2.2665174,4.1597753,2.5711958,5.3234744,2.0974336,3.2225559,1.2671037,2.1280994,1.4948252,4.284294,4.387448,2.1009903,2.5886595,2.5734382,2.494031,2.629664,2.584731,2.6195934,3.464172,3.6649146,4.1932635,2.0845308,2.613348,2.4187033,2.9097183,1.9377507,5.689055,4.1932635,3.5382707,10.763117,3.5437634,3.6066785,1.7470589,2.437555,2.630183,3.2903717,3.6838734,3.7118173,2.4727945,2.541829,3.4187884,2.1505775,2.1914744,2.9604428,3.2738807,2.966283,3.5040672,2.0452547,4.5184073,2.8794553,2.9268963,2.580165,2.3875034,1.9940414,2.5485032,1.0212992,3.4842727,3.318962,3.422787,2.3208573,2.0700307,2.8019307,2.9735093,1.9826819,2.402301,2.8463743,1.1220361,3.146897,2.2776191,3.9835484,2.6490989,2.207383,4.1846023,2.5370688,2.0072856,3.514828,5.332308,3.988482,4.239707,2.9312537,2.0070307,2.451692,2.0805678,2.4887693,4.4735374,1.293667,4.4708395,3.219042,2.0957663,2.0740962,2.2345672,2.385338,2.2548544,2.9576092,2.1882286,3.6956387,2.9249682,2.3336236,2.892801,4.155,2.9450243,2.8621285,2.6504035,2.1405976,2.118021,4.534316,3.261373,2.401114,2.1490726,3.462267,2.2884657,2.5749254,5.769665,2.0793576,2.7710562,2.5337718,4.172329,5.0352015,0.8054318,2.2214503,2.2969785,2.3915734,1.5791585,4.5449877,2.824397,2.3074403,2.0418856,4.1054163,2.6261358,2.4411545,2.7807071,2.9296508,2.6334834,1.3216947,3.2396612,2.3917305,3.317532,2.716825,2.1400836,2.0290952,2.098695,5.021191,4.1041684,3.8904846,2.3967226,4.6510553,4.023405,3.0662217,2.367557,4.559901,1.2657984,2.8376095,2.9162583,4.974884,3.0226567,2.1348994,2.6126423,3.0013964,4.739657,2.9028046,4.7233763,2.2363567,3.3479218,2.2831533,3.7020416,3.0065737,4.6824627,1.4610975,1.6737112,3.1596968,2.8314586,5.039333,4.737591,4.2346478,4.3765244,3.489564,2.376743,2.4414942,1.1753014,4.353561,3.0738337,3.8106644,1.6282145,2.0171995,2.1288683,2.473229,2.985532,4.349903,2.7781186,3.4342217,3.1866896,5.2917433,3.4274473,3.477276,2.269683,2.8169646,2.800635,3.5366313,2.9369588,2.1963618,2.720755,2.7101119,2.022812,4.845565,2.9683754,1.8830729,4.1358266,3.4857504,4.5461564,2.9952424
1.0805272,2.9054692,0.9869991,2.9266179,2.3822474,2.387071,0.94845307,0.7252809,1.9633666,0.5693768,0.7844694,0.82581234,1.4684036,0.7619264,3.3269608,1.4311208,1.7378355,2.0588243,2.8804882,2.1130388,1.0568817,2.4343383,1.7271852,2.6732097,5.3078756,1.1432719,5.1740875,1.8531345,0.86494267,1.962201,1.1094285,2.8692737,1.0131773,2.019262,1.0284765,0.7590387,2.2204895,1.4984913,3.5356228,1.4559766,1.0024232,2.5022461,0.8114749,0.9584221,2.400919,3.3217273,2.513608,1.1040783,1.4513093,1.995989,0.76527894,2.1212535,1.4581124,1.3769299,1.5166523,2.6982787,1.0759742,1.614512,3.0103965,2.6305964,1.4319454,2.075187,1.3850726,2.0249135,1.8056687,3.1062593,2.761245,2.5477417,2.0963058,1.1471297,4.1938343,1.6809174,1.2721852,0.86439085,2.539343,1.0814934,1.2482312,1.8870173,0.7696575,0.7843019,2.9856648,1.7774383,0.64928925,2.8626413,1.2819,3.8016343,0.9087664,2.4747458,1.5027643,0.85431856,1.9016306,2.5567105,2.6613653,0.96287805,0.824631,2.3429084,2.0765746,1.5766798,2.6728315,3.3546774,1.7607583,2.1895967,2.501632,1.2470562,1.0511969,0.9100526,1.3636416,0.7777728,4.120739,2.501632,1.733186,10.510573,2.1752486,1.9985409,0.9948771,1.1360085,1.4514405,1.9442974,1.95027,2.2897215,1.7278193,1.7098932,2.1397054,0.7391066,0.9906386,1.721958,2.9545095,3.5840163,1.9432094,0.5227374,3.075085,1.3595824,1.1940174,1.0138592,0.732167,0.98377466,0.7645229,1.2618135,1.8463011,1.9228265,2.5494308,1.0356276,2.7081153,1.0030489,1.7000451,2.2191303,1.4327677,1.0441365,1.1152683,1.4160167,0.8371177,2.9554756,1.0448039,0.8573591,2.420623,1.5063432,0.7024615,2.2251375,3.7991085,2.2298272,3.165831,2.415753,0.6769681,2.4818878,1.9474748,1.0018729,3.2964041,1.7384094,3.3063881,1.9234072,0.8608119,2.2424428,0.74079674,0.86980355,0.50006926,2.603457,0.78344405,1.9901754,2.1267092,0.7352489,1.135919,2.321466,1.2304223,1.7595699,1.294916,1.1946279,0.8586066,2.7561672,1.7948215,1.5339625,0.51797223,2.7546968,0.78530526,1.521362,4.5096593,2.0950413,1.0619494,2.1443374,2.9943652,3.5899165,1.4114499,0.45551822,2.0891302,0.7300312,1.3569032,3.215946,2.4710598,1.8074874,2.1064723,2.5147002,1.5007888,2.7456608,1.1191028,1.3158252,1.3557688,1.691669,2.138774,1.3508978,2.2222736,1.0016493,1.2743335,0.47451127,0.6455821,4.014192,2.5656705,2.6803415,1.8841715,3.0413404,2.237135,1.3607409,0.69366306,3.3132577,1.2146072,1.9328762,2.706155,5.2245727,2.3820734,2.7829125,3.0794666,1.4617074,3.8228784,1.3717806,3.4739847,2.1695585,3.3491592,2.2410128,1.9847975,2.4355488,3.0594513,1.0842885,1.2487085,1.4419364,1.6541275,3.494416,3.4549363,2.8626914,2.6945274,2.5969708,0.741267,1.5993071,2.3502355,3.27334,1.4936264,2.115104,0.8662767,0.4853247,1.0229654,2.6552641,3.624835,2.897965,1.0840273,2.068403,2.18432,3.763069,1.7613995,2.6968086,2.1989858,1.3271405,3.4494789,2.228538,1.5174389,0.8999738,1.1301385,1.2380953,1.1291109,3.7028947,1.3100921,1.7218388,2.798409,4.0130854,2.8022683,1.4853727
2.9002147,4.301722,2.018799,2.0146172,2.0910318,2.6163049,3.005733,2.9785097,3.5327826,2.8284893,2.8711987,2.9547164,1.8450792,2.8902996,2.0688732,2.490561,1.5736454,2.3287864,2.8358939,2.8411736,3.3289824,4.0836587,1.2256863,2.3633947,5.6450214,2.5548787,4.295616,3.0147948,2.7637694,3.3407228,3.314383,4.2840877,2.8578415,0.5708336,2.7703478,2.2829194,3.8295279,3.5292194,4.739708,1.8923355,2.7225657,2.636701,2.9299252,2.8611538,1.8944613,4.4970355,3.9748516,3.335379,2.2903595,3.5428991,2.8767295,1.2681715,1.7872397,2.9752147,2.8653378,1.9103235,3.2346687,3.5795555,3.096638,2.3748982,2.6900308,1.9336766,2.7875285,2.3341217,3.3301897,2.9689658,2.8578722,3.6601653,3.9278176,3.3349192,2.4614599,1.4838066,3.4072344,2.6073,3.6985574,2.8748744,2.5402267,3.7431324,2.7311356,2.7331057,4.278924,3.6386526,2.7610602,1.9590169,2.7606459,4.246117,2.8167715,0.44860935,1.831179,2.4138608,2.7765348,3.5730686,3.6627018,2.83598,2.9173477,3.5878541,3.7743611,1.2032739,2.5977802,3.1254816,3.4510293,3.418849,3.8461802,2.9417024,2.9197822,2.7197232,3.4536152,2.2639,4.5488443,3.8461802,3.5704477,9.18012,2.3641157,3.1357343,2.3906498,2.7333493,2.5124402,2.9017384,3.3982408,2.4418168,2.1568758,2.576836,1.4818709,2.721384,2.7833636,2.4766629,3.279493,3.602435,3.6243908,2.8377936,3.073807,3.45277,3.3436568,2.4618766,2.8493526,2.788952,2.9441438,2.9590788,3.2449698,3.7116013,2.7890334,2.9395697,2.8093731,3.1950443,2.576691,2.7262187,3.5469239,3.2229288,2.2405984,3.0988057,2.8241115,1.9113346,2.606553,2.3784354,3.5896623,3.550531,2.213438,2.8867397,4.0165443,3.0281522,3.345761,2.004012,2.6941018,1.494815,1.2502112,2.549596,3.5022616,2.7112083,2.0679677,2.364959,2.7746778,2.6385946,2.7440197,2.9372663,2.9092457,3.0944655,2.719172,3.7067492,2.3316815,2.8578725,3.3041832,3.796246,3.367384,1.3809619,1.538905,2.470867,2.790561,2.7436185,2.9824193,1.4941897,2.623665,3.0900588,2.7479985,2.474091,4.71489,3.4261327,3.2848396,1.2320371,2.8704884,3.5923994,2.9194825,2.7076058,1.0961742,2.1675305,1.484379,2.3020587,2.854537,1.7257369,1.7708002,4.0840783,2.6750257,4.250241,2.5170207,2.6641066,2.444393,2.0367618,3.8741164,1.5712124,1.6060177,3.2463744,2.326049,2.6847687,3.0434124,4.585609,3.3805187,2.5984364,2.153201,3.2341473,3.4706316,3.2139094,2.9997122,3.7530158,2.6892276,2.6942306,3.2356243,4.3471656,3.5555303,4.430813,2.6619523,2.9289382,2.314874,3.4596972,3.2728095,1.7355031,3.3305216,2.1873822,3.6901035,3.163822,3.7944388,2.4063182,2.5522683,2.91675,1.5718031,4.0824304,3.8257313,2.6029696,3.9772575,1.1540427,2.8730946,1.4039215,2.7898722,2.1102784,2.810313,2.946576,2.0738308,2.6588066,2.8164618,3.1040828,3.12014,3.5983722,3.0819058,1.9187981,2.738047,4.2311873,2.08276,2.434534,1.4829979,2.082386,4.8631887,3.0271416,2.5801523,2.4510303,3.3298466,2.5079708,2.8938227,3.8897347,3.4200459,1.4061998,2.646163,3.6213553,3.8796332,2.7284753
3.205611,4.4261775,1.5447165,1.168092,1.8106269,2.4116397,3.113722,2.9820516,3.6523592,2.630788,2.9558203,3.0666277,2.4483488,3.010646,1.6182562,3.1012545,0.74236494,2.527482,2.8549223,3.6601772,3.345311,4.2333355,1.2690837,3.4744072,6.6605597,2.671659,5.627869,3.5918603,3.001787,3.7068417,3.3175676,4.573225,3.198477,1.5783646,3.1452467,2.2434459,3.8654509,3.7191284,5.173031,2.0400114,2.9234598,3.4234085,3.0295324,3.0549572,3.0038583,4.5691276,3.9983428,3.3780563,2.5887916,3.6236408,2.9690158,1.3999485,1.8889467,2.7826722,2.9995275,1.126739,3.138079,3.7527266,2.8714268,2.630981,3.1610484,2.0069575,3.1105154,2.9654982,3.3916912,4.0880604,3.0197103,3.813734,4.0289536,3.3148575,1.8725163,1.6853429,3.4463706,2.8668783,4.1134777,3.2418237,2.9238014,3.8357182,2.9838696,2.9975655,4.305619,3.8328264,2.8967502,1.1342494,3.004017,4.645756,3.115652,1.2560413,2.4303634,2.7344975,3.532241,3.7814639,3.8723888,3.15617,2.9862092,4.0537486,4.247454,0.8775583,3.6241436,4.3015585,3.5765233,3.7952273,3.9681516,3.3718553,3.090934,2.9248822,3.5396612,2.6235154,4.9265184,3.9681516,3.5644748,10.343531,1.7501917,3.4161556,2.8636963,3.0523589,2.9455957,3.2575495,3.5608075,2.8429775,2.659641,3.121089,1.2983974,2.9551625,3.1233633,2.907327,3.9878428,4.7523575,3.732304,2.7376058,3.0353096,3.552218,3.3070745,2.6388867,2.9636767,3.145529,2.9687443,3.2086658,2.916732,3.9199078,3.2290852,3.2252483,3.8662486,3.1371784,2.9457626,3.4481838,3.761981,3.1494968,2.5880663,3.2268975,3.0479982,1.0797433,2.7145827,2.6618958,3.7481534,3.8058336,2.502606,2.7951133,3.962778,2.8699489,3.6040478,2.8699195,2.9007587,2.6399245,2.2531912,2.5518746,3.9934926,3.3922381,1.1756285,2.285184,3.06372,3.584169,2.9283342,3.1027732,2.7397125,3.536075,2.9704108,3.799844,3.032828,2.9852033,3.2466927,3.793,3.346263,1.3153515,1.1756653,2.9315453,3.069906,2.7936742,3.2438285,1.8758833,2.4687498,3.9076371,2.9332309,2.975028,5.178046,3.939962,3.2395017,2.2481291,3.023823,3.5602264,3.1824105,2.6389828,2.1724317,2.1163857,1.9550961,2.1943266,3.4560533,2.3240716,2.6145837,4.15629,2.990202,4.480429,2.6379368,2.7818446,2.7075934,2.7398162,4.188551,1.7767317,2.1657422,3.1961806,2.8193452,2.7420971,2.9683666,5.318819,3.7379708,3.029891,2.5236752,3.046351,3.6101682,3.3187046,2.9990041,4.210128,3.0430338,2.113929,3.7254524,5.687297,3.9116752,4.666561,3.851456,2.5362651,1.4642447,3.5564058,3.3752968,2.31019,4.32031,2.9012802,3.7164454,3.6239426,4.0720825,2.8939462,3.0661304,3.0516398,1.5080501,4.4500575,4.2793393,2.6509285,4.0936937,1.6441202,2.9898763,1.6294993,3.4513428,1.200864,2.960308,2.8366146,2.0094233,2.5082567,3.1521485,3.9232934,4.3732767,3.9480078,3.1869836,1.7074153,2.0158985,4.6227,2.330571,3.1655242,2.570572,2.3356214,5.211857,3.4338617,2.8230681,2.7611148,3.3612618,2.685109,3.2830257,4.398421,3.4415085,2.2248158,1.5479894,4.8793526,4.0562816,2.9198978
2.1081645,3.8984885,1.4373358,2.3789394,2.1957521,2.5719583,2.2267876,2.1357653,3.0039268,1.9012964,2.0805268,2.12241,0.82239693,2.0493093,2.7078629,1.7126638,1.4695218,2.106939,2.912556,2.0314782,2.474234,3.5078113,1.1768721,1.9110081,5.300904,1.9885687,4.4811206,2.0146704,1.9428608,2.4699838,2.508871,3.7544575,1.9741713,0.71819955,1.9155995,1.2277069,3.2934644,2.7368314,3.7631452,1.6384704,2.0020356,2.2740433,2.1168377,2.0973287,1.5273672,4.15124,3.5221157,2.4916067,1.8672234,3.0266333,2.069115,1.5278577,1.4204577,2.1300268,2.3646195,2.2715187,2.485652,2.8048563,3.1347537,2.3291342,2.0562778,1.9911176,1.8155363,1.8332609,2.2477727,2.5063195,2.9837523,3.3846843,3.2573402,2.5494072,3.2970164,1.3314034,2.6308956,1.563344,2.9918685,2.0070088,1.8964093,3.083518,1.8525484,1.8459537,3.906365,2.9530802,1.9086671,2.3768203,2.093505,4.2659316,1.9315027,1.30992,0.81569123,1.6147577,1.9270879,3.3276303,3.429618,1.9550105,2.1336405,2.7889688,2.903823,0.90959024,2.2654479,2.7649667,2.8732502,2.9914987,3.4334838,2.0728343,2.1834376,1.9583689,2.683068,1.4037511,4.597462,3.4334838,2.9703057,9.798676,2.178031,2.7668743,1.4875432,2.0079696,1.9572908,2.521319,2.9356666,2.4382572,1.7016013,2.0287068,1.7281629,1.8511732,1.9444937,2.092018,2.8637443,3.1919563,3.0057397,1.8900948,3.1277611,2.6736598,2.5854774,1.8256327,2.020505,1.8903602,2.138491,1.8630178,2.6890397,3.024006,2.5006151,2.108337,2.2614682,2.419397,2.1603932,1.9991118,2.626713,2.4575903,1.1745509,2.5090914,1.9818373,2.3500323,1.9617527,1.6124227,3.2821846,2.675352,1.3723935,2.5119865,4.0536203,2.785903,3.2077327,1.8394861,1.7873672,1.3711282,0.7999372,1.7831523,3.5104764,1.8003248,2.6619627,2.0213823,1.8913652,2.0373697,1.9002535,2.104924,1.9933691,2.5594592,1.8655703,3.14197,1.9850098,2.013685,2.5407367,3.3669705,2.6119616,1.2975996,1.0926584,1.7234045,1.9103707,2.957419,2.5370643,1.0963892,1.739668,2.8534513,1.9251587,1.92492,4.811097,2.5370078,2.4859743,1.1141187,2.8769557,3.6821911,1.8130606,1.8329692,0.87596166,1.4106013,0.40072608,2.77795,2.3491051,1.3296045,1.3469845,3.5530403,2.0852435,3.2883332,1.9476256,2.134088,1.8903964,1.1263348,3.1451845,1.091093,1.718542,2.4361882,1.6211846,1.7639233,2.0787995,4.406848,3.1714602,2.5888817,1.5670366,3.2573104,3.1267538,2.5408032,2.1261923,3.682429,1.680089,2.1799154,2.6671345,4.5144863,2.8690155,3.3867173,2.4039338,2.2647321,3.002841,2.685779,3.3805802,1.4051671,3.0234053,1.7851889,3.1149998,2.6014166,3.6783345,1.4345253,1.664231,2.3966236,1.382356,4.031491,3.803037,2.7335403,3.595213,1.6823279,2.035929,1.0512345,1.9218484,2.6572506,2.3110094,2.6552153,1.0562139,1.7236415,1.9652326,2.4939713,2.8990445,3.4440799,2.3379076,1.8692533,2.3628366,4.2407923,1.9692764,2.3584206,1.1891077,1.6810688,3.9100666,2.7302837,2.1151876,1.6755221,2.5150192,1.9400516,1.9998611,3.9241717,2.6660886,0.79230446,2.7378542,3.426467,3.623481,2.230061
4.8642364,5.536605,3.3746016,2.2644851,2.5988445,3.2118218,4.793991,4.764206,4.980741,4.5653086,4.6576185,4.8132715,4.1440945,4.7619195,1.3099685,4.74593,2.6171777,3.5422447,3.3469107,5.233623,5.0970187,5.5414877,2.9112892,4.700467,7.5266294,4.2976117,6.058195,5.3136024,4.7285733,5.247061,5.047499,5.760626,4.906678,2.857056,4.8382506,4.1710367,5.1529307,5.3719444,6.833122,3.5375,4.6164136,4.830914,4.7456427,4.739568,4.184452,5.4820633,5.1671114,5.101485,4.1173487,4.92758,4.689894,2.75266,3.564825,4.7418256,4.5467124,1.7999231,4.847387,5.327789,3.34985,3.3531322,4.7274256,3.2868133,4.9816685,4.530905,5.2512503,5.287676,3.5989132,4.8951044,5.460488,5.031705,0.4925123,3.2562947,5.1337624,4.735579,5.440688,4.9353356,4.540745,5.298395,4.717566,4.7314305,5.3154984,5.358025,4.6541233,1.6391569,4.6839213,5.334047,4.8347187,2.162929,4.1044803,4.457719,5.146778,4.8549976,4.9136586,4.866853,4.679829,5.496763,5.862081,2.7527304,4.909123,5.487225,4.9985485,5.071255,5.1053686,5.041844,4.7729096,4.6353445,5.2096453,4.361153,5.499887,5.1053686,5.0388303,9.793847,2.9283187,4.7190022,4.5766253,4.716994,4.5033345,4.660052,4.8824134,3.9212513,4.227367,4.6700325,2.6425,4.69125,4.8102093,4.352797,4.990035,5.8937483,5.1128263,4.6521463,3.4751542,5.2237186,5.003666,4.3117485,4.702936,4.8586116,4.7018414,5.0985584,4.2802563,5.3820167,4.1522613,4.915689,5.2158127,4.854786,4.4256887,4.8300724,5.492744,4.867654,4.4437685,4.757441,4.766835,2.08539,4.406055,4.3862276,4.889127,5.5018563,4.2626824,3.8836308,4.2467566,3.8601184,4.232954,3.8135605,4.6944065,3.6838484,3.5854707,4.162689,4.9290833,5.070331,1.1204923,3.4691708,4.7860246,5.012834,4.684232,4.8311872,4.6158824,4.67618,4.6910844,5.199723,4.125239,4.73652,4.9572134,5.0037255,5.034241,2.9833171,2.9829125,4.6004205,4.792907,3.3907533,4.703478,3.5257423,4.3876786,5.0767527,4.679639,4.5182285,5.837272,5.5017295,4.979648,3.3607602,3.5489829,3.8118947,5.0588946,4.503124,3.3993988,3.815725,3.711929,2.1564772,4.594292,3.8849213,4.102068,5.392902,4.6246414,6.1059504,4.269504,4.3806443,4.342067,4.321341,5.656855,3.5106962,3.0164146,4.9483967,4.4757953,4.595627,4.856977,6.141656,4.8371224,3.6965191,3.8572626,3.5334873,4.795237,4.8523254,4.8015785,5.193007,4.898795,3.9879973,4.887316,6.130895,5.2306037,6.4220457,5.004087,4.1014013,0.9449256,5.221982,3.6426148,3.8622427,5.24008,4.4024816,5.080847,4.809102,5.0121393,4.64329,4.7949276,4.566625,3.184932,5.257161,5.1865015,3.1075857,5.166487,2.2576854,4.729729,3.3415298,4.998304,1.7401308,4.51022,3.8880923,3.9717321,4.446711,4.8742766,5.174396,5.3486867,5.0142055,4.8203344,2.7711868,3.7951026,5.327298,3.450592,3.9276352,3.7521834,3.874286,6.8128395,4.735816,4.3678617,4.476887,5.0903325,4.3290544,4.975255,5.256465,5.112326,3.7851357,2.7905338,5.7917256,5.0646834,4.4761653
2.5716186,4.224829,1.6162068,2.1921132,2.0978487,2.5929003,2.6613333,2.5729244,3.3543515,2.299617,2.5103412,2.5750346,1.2379638,2.5026069,2.407011,2.19244,1.4184939,2.2017424,2.9071805,2.4580793,2.9143763,3.8680363,1.2518744,2.1421914,5.565124,2.3827682,4.603266,2.4431756,2.4111056,2.8086338,2.9450564,4.092957,2.4506786,0.57603556,2.3949373,1.5925084,3.6204672,3.1928976,4.0656257,1.9096637,2.4496562,2.6220322,2.5561619,2.5486403,1.719644,4.3959174,3.8232336,2.9289775,2.235819,3.360101,2.5070167,1.5378449,1.6906825,2.4967592,2.753951,2.0353208,2.892999,3.2249217,3.1033862,2.2874572,2.50868,2.144284,2.2813914,2.2038434,2.5651588,2.7561193,3.0940862,3.6948822,3.633111,2.9787133,2.888383,1.5185499,3.067602,2.044789,3.280994,2.4847898,2.3432016,3.4708457,2.320691,2.3154683,4.1741657,3.3800983,2.362359,2.1084466,2.5359168,4.528087,2.4037948,0.9845302,1.2009245,2.085875,2.375446,3.6408827,3.73847,2.4289148,2.5588815,3.1193948,3.3598807,0.83766234,2.5999832,3.0388875,3.2543468,3.3746097,3.7420077,2.5498936,2.6313498,2.4135406,3.1260364,1.8850236,4.8411484,3.7420077,3.3487425,9.793001,2.098226,3.1324003,1.9791951,2.4702113,2.3849854,2.9025939,3.298189,2.6871145,2.0724962,2.45871,1.7243747,2.316944,2.4174612,2.4696693,3.0510187,3.4809504,3.3552408,2.3152125,3.107865,3.1188595,3.0074182,2.243793,2.4677093,2.3679943,2.5664527,2.3121197,2.8767405,3.4227238,2.610976,2.5770986,2.5991063,2.8349187,2.54435,2.2747986,3.0896838,2.8716674,1.6369463,2.9135876,2.4447875,2.1370242,2.3767178,2.072367,3.6064258,3.1435704,1.8423764,2.5947883,4.074302,2.9230201,3.2561429,1.9382843,2.263187,1.4104453,0.9749738,2.0835192,3.785358,2.2603781,2.3266065,2.077291,2.3626091,2.4402633,2.3647797,2.5629554,2.3933065,2.7037842,2.3309798,3.5229914,2.1992822,2.467287,2.9599688,3.6813412,3.0359645,1.3807104,1.1559335,2.1974192,2.3807526,3.0618744,2.9293082,1.3799962,2.141011,3.2112515,2.3876872,2.3544822,5.067115,2.9186556,2.9133084,1.1573884,2.8489227,3.6597152,2.2305784,2.2580285,0.9412811,1.710819,0.84789866,2.581475,2.5289743,1.6408045,1.6386238,3.8755455,2.5108566,3.5946984,2.3419206,2.5231245,2.2950952,1.4758053,3.5554116,1.3850471,1.719795,2.8634708,2.0833986,2.2184615,2.5103643,4.722425,3.500274,2.6579707,1.6813545,3.2605472,3.4526772,2.936001,2.5662076,3.9873486,2.1613898,2.3444152,2.8301334,4.6339827,3.1483254,3.7377625,2.663636,2.4521742,2.6084228,3.1292,3.329261,1.6034533,3.2196763,2.0977447,3.4597282,2.81589,3.974517,1.9285533,2.1586406,2.7873743,1.5332686,4.3148975,4.0922217,2.68266,3.888329,1.4329721,2.4838786,1.2569786,2.1793852,2.3976283,2.7006435,2.8022873,1.4085642,2.1278818,2.4490604,2.7637167,3.0900567,3.765508,2.7601116,1.8042859,2.4670017,4.5058804,2.1649947,2.4473867,1.3317769,2.0273144,4.221912,3.0933468,2.49975,2.1421287,2.9569452,2.3419101,2.4748735,4.1957846,3.096241,1.1429317,2.658084,3.6402817,3.9255002,2.6226597
2.5257123,4.29897,2.1563668,1.9004331,3.2792442,3.5789175,2.6224449,2.439503,3.5340188,2.1912718,2.5191948,2.4407754,2.0689495,2.406576,3.4478114,1.9853189,1.8723094,3.3852236,4.003363,2.7257707,2.8402245,4.118278,1.0819063,2.998656,6.28444,1.8280299,4.926674,2.9294486,2.2410877,3.7770882,2.7403617,4.539391,2.5543075,2.0232666,2.428691,2.20413,3.930146,3.053867,4.917762,1.4007059,2.0365787,1.6306864,2.5404546,2.3555927,2.778298,4.9460125,4.13478,2.9216342,1.5039665,3.6138997,2.4734805,1.107437,0.8440107,1.7269281,2.0045362,3.01855,2.6721454,3.432008,4.2196255,3.7888134,2.1109836,1.2319719,1.9111319,1.1943767,3.3269193,3.4918275,3.4957142,3.506554,3.9149246,2.7571468,3.5740633,0.85437566,2.8520184,2.1412642,4.33796,2.5591793,1.8666748,3.6131585,2.4053211,2.4252095,4.56834,3.2994905,2.331623,3.101481,1.8156041,3.99107,2.5165844,2.2653942,2.1901155,1.8769087,2.6033497,3.3537312,3.4697874,2.5366273,2.576403,4.087994,3.6340284,1.8599669,2.2192976,3.2395434,3.267779,3.1548386,3.9972312,2.688609,2.3013148,2.1043508,2.9009702,1.8875965,4.450298,3.9972312,3.2541761,9.852994,3.3292642,2.678014,2.1200488,2.0882783,1.7774476,2.0589418,3.1817732,1.986801,1.0436211,1.6982163,1.3309729,2.3760285,2.4481168,1.6864496,4.309685,3.9363506,3.7483804,2.2174535,4.279385,2.9199247,2.7635317,1.7454879,2.413633,2.521436,2.5160959,2.5760536,3.722391,3.6638203,3.9566307,2.5509665,2.9044237,2.6855142,1.6872715,3.452583,3.2075038,2.6658287,1.8862888,2.6136189,2.4343255,1.9707804,1.7957835,1.7766567,3.3659804,3.1624653,1.7649658,3.8624935,5.103381,3.6995487,4.5931106,3.2688575,2.1925857,2.7567275,2.2411492,2.93454,2.6701932,2.4548051,3.172695,3.3835135,2.4739516,2.5287712,2.223199,2.4707851,2.4630246,4.1605873,2.3764532,3.4537795,3.2832751,2.3939342,2.716551,3.7696083,2.7925575,0.9650053,2.0849729,1.8498293,2.478873,3.0376854,2.1475809,0.8057314,1.9360055,2.5822687,2.1921148,1.759742,4.0042486,3.7220182,2.6940165,2.5630186,4.223447,4.8113585,2.676191,2.0882683,2.2995303,2.4780917,1.714416,3.7473156,3.887884,0.80825305,1.2696939,4.251431,1.6024956,4.5798335,1.7987919,1.8248997,1.450603,2.511693,3.8785288,0.8992037,2.944394,2.666002,1.6397333,2.113563,2.5141356,4.716633,2.9611065,3.7853477,3.2269983,4.2723227,3.3039842,3.0471942,2.4737883,2.9410722,2.0303736,1.4840689,4.2596164,5.0012,4.2137175,4.4769316,2.7380934,3.3395617,3.29562,2.9348018,4.6484065,0.777287,4.2946587,1.1288269,3.6984994,4.0688725,3.383732,2.1369321,2.0295951,2.3087785,0.8825677,3.7649329,3.0806596,3.9012372,4.1917925,2.888727,2.454633,0.7679977,3.2729821,2.4053698,1.9521191,3.650298,1.8539807,2.0416143,2.3086338,3.857038,3.7229974,2.9139771,2.7698598,3.0738385,1.5998298,3.965572,2.5579238,3.6966555,2.5534134,1.4814863,5.162069,2.2161326,1.6609733,1.8599775,2.7651734,1.6078708,2.6667714,3.0514667,2.8623796,1.4117655,2.240892,4.151655,3.8148463,1.8420694
2.5061047,4.4677954,2.251653,2.2211702,3.510646,3.8090284,2.6307998,2.4070053,3.6555288,2.0776446,2.5268466,2.4101708,1.8885212,2.3731546,3.7669055,1.8837231,2.0896065,3.5385973,4.245243,2.5185008,2.795201,4.203908,1.3878094,2.8877668,6.2554193,1.9567715,5.010356,2.6624224,2.20709,3.6577067,2.7243648,4.6194367,2.4755094,2.1519678,2.3629365,2.0442913,4.0430937,3.0295622,4.591726,1.6992555,2.0598865,1.5881639,2.5306313,2.3627856,2.739666,5.1102138,4.281721,2.8854828,1.6979905,3.740092,2.4684145,1.5267262,1.0994664,1.4930574,2.1561291,3.2963865,2.6980836,3.4242973,4.4526157,3.9327676,2.1448157,1.6793745,1.5972625,1.0864506,3.0399776,3.3536646,3.8236136,3.7435324,3.9600291,2.7548616,3.8933632,1.1986603,2.8517056,1.9288474,4.2796345,2.484379,1.9109975,3.672066,2.3476248,2.361315,4.738546,3.3391538,2.2965133,3.3812566,1.8378128,4.312931,2.4458802,2.499169,2.0229445,1.8508713,2.402323,3.6024067,3.7211783,2.4644759,2.5882092,3.9839041,3.510153,1.987535,2.176857,3.1061478,3.3730717,3.3068693,4.1590014,2.6007707,2.319567,2.1069057,2.8996742,1.8369288,4.7779384,4.1590014,3.3569903,10.11295,3.471367,2.8784344,2.0194178,2.0922217,1.8602498,2.242468,3.3413584,2.3437884,1.1169318,1.7280307,1.7529808,2.32542,2.399487,1.868045,4.31446,3.8253055,3.8189342,2.095932,4.5068245,2.9129634,2.7791297,1.8284421,2.392713,2.434589,2.5136523,2.2927344,3.8003945,3.6962147,4.0443273,2.507943,2.7513444,2.6966605,1.8568776,3.3370128,3.0992296,2.6813977,1.6355988,2.7217922,2.3967247,2.3038175,1.8706063,1.7726772,3.5926263,3.077831,1.7322569,3.9600885,5.3469744,3.8984745,4.733187,3.3521686,2.106937,2.7756736,2.2415736,2.9445171,2.9813054,2.2259421,3.4750323,3.4926016,2.4077106,2.420847,2.1817913,2.43843,2.385171,4.133677,2.3344038,3.564888,3.3654647,2.359971,2.7300167,3.9416504,2.8089473,1.283329,2.2042391,1.811028,2.4149048,3.4317708,2.3107057,0.9820789,1.852731,2.7151833,2.161358,1.829659,4.3294754,3.5702007,2.6843135,2.6401808,4.4030786,5.050692,2.3786242,2.0294886,2.3401895,2.5136814,1.5981946,4.047507,3.8753526,0.8656906,1.1609689,4.356976,1.646996,4.361834,1.9266013,1.9673908,1.5498011,2.3528156,3.870416,1.0556746,3.1486115,2.6502423,1.6106318,2.0225174,2.3904378,4.8896356,3.216471,3.9820275,3.213796,4.5164075,3.5160632,3.1101909,2.420737,3.2237208,1.7591362,1.4278708,4.210978,5.0694284,4.1773186,4.192568,2.6623192,3.3686316,3.5804284,2.9315853,4.8621206,0.638504,4.291597,1.0053606,3.800158,4.0615683,3.6797087,1.9749498,1.8745949,2.4556348,1.20189,4.0684834,3.3832362,4.135922,4.361699,3.1123931,2.4285367,0.94953436,3.0269158,2.7487307,2.10434,3.826525,1.6966031,1.9247438,2.2363443,3.7686386,3.6467118,3.189736,2.798201,3.2605464,1.6388422,4.285273,2.8232179,3.8286068,2.5653276,1.7008994,4.908121,2.4295144,1.8246701,1.8445082,2.7415023,1.7197236,2.5744607,3.3562,2.8769355,1.3568875,2.5221457,4.0992045,4.05132,1.9904858
1.5618311,2.8282979,2.6199086,4.7249064,3.5181713,3.2740426,1.5568101,1.6042569,2.0675037,1.885942,1.5848778,1.5689299,2.398353,1.5605468,4.728216,2.1609778,3.4674428,2.7269087,3.5790114,2.2193723,1.3429765,2.0361154,3.4690797,3.0158074,4.4637012,2.4554505,5.4190116,1.7087268,1.7031417,1.1544833,1.5813559,2.247557,1.3562679,3.353966,1.5201104,1.9971204,2.1127295,1.4250615,2.4421117,3.052563,2.052095,3.4630773,1.5215553,1.7487952,2.9689672,3.070556,2.4631925,1.2802112,2.8119347,2.0994177,1.580174,3.843932,3.1525724,2.6370552,2.6436093,4.1590753,1.8109657,1.1913543,3.7161186,3.2372818,2.2203875,3.7265253,2.1662018,3.167417,1.668196,3.1465685,3.6476362,3.041578,1.6251788,1.6497457,5.810642,3.3786924,1.6108732,1.6836708,1.6554931,1.3964516,2.2851896,1.6861442,1.4602525,1.4320347,2.8759224,1.6932619,1.5784942,4.3328266,2.3591187,4.409877,1.3657838,3.9142253,2.3887503,1.9988079,2.065945,3.1319616,3.196808,1.364382,1.5732508,1.3814038,1.0511401,3.2066507,3.3651397,3.5976593,1.974244,2.5220404,2.5235476,1.344391,1.8840526,1.9172268,1.6029017,1.9498928,4.6310987,2.5235476,2.0368428,10.966324,3.2745328,2.7497737,1.790341,2.0174806,2.5159357,2.9412048,2.370181,3.5558891,3.0510542,2.6892533,3.8958004,1.4967891,1.5155959,2.8896542,2.6166358,3.4220386,1.715658,1.7374457,3.678951,1.5514821,1.7392144,2.3418498,1.5716923,1.3664219,1.5962005,1.5218741,2.231174,1.495532,2.6992126,1.458552,2.9316018,1.6786511,2.8697963,2.0782144,0.8047281,1.7494086,2.1351192,2.1323345,1.5049115,4.7460146,2.3478067,2.1088636,2.9426057,1.0410547,2.0520208,2.6249804,4.135324,2.8536353,3.2858672,2.9295332,1.609415,3.25979,2.9427469,1.6738178,4.300299,2.013765,4.8677497,2.664813,1.4012712,2.6050923,1.6760547,1.5237019,1.6196415,2.369802,1.5241506,2.1144805,2.4697747,1.5561332,1.7513446,2.5493937,1.7297604,3.5240107,2.8869133,2.1543062,1.4003136,3.944551,2.7667909,3.1474342,2.057674,3.3917513,1.7397165,2.5515847,5.309101,1.1911716,1.6536838,3.0911655,3.4881516,4.056828,1.6397443,1.8580049,3.125044,1.9944006,2.6614234,4.3458104,2.3372853,3.2319036,3.302128,2.1981056,2.6378274,1.4907998,2.453972,2.5810568,2.6761463,2.2797828,1.3395548,3.033339,3.2077653,1.6291558,2.35935,1.7086327,1.443768,3.891043,3.2843287,3.1935072,2.3817055,3.6951244,2.7555902,1.6527841,1.5222892,4.173979,1.9387438,3.5507,2.338461,5.435897,1.6459733,1.4933836,3.6077764,2.1116827,5.4564867,1.5604026,3.9444876,3.5933847,3.1047962,3.4266477,1.9643557,2.0892913,3.7620456,1.8014752,1.9546475,2.4191704,3.4180253,4.0974903,4.321231,3.635903,2.674181,3.8196955,1.5234267,3.2819002,2.3744345,5.043923,2.6449642,2.6908212,2.331051,1.9481043,1.6298668,2.280163,3.7830348,3.7148132,1.5662323,3.2036376,3.8518586,4.3701615,2.9077723,3.0757716,3.0028663,2.7999775,2.0378203,3.174161,2.771786,2.043201,1.5263788,2.5719864,1.278136,4.6328807,1.6894809,2.9873335,4.556137,4.021806,3.1605585,2.6677904
1.6104212,3.485386,2.5047755,3.3119068,3.7985854,3.8132586,1.8026831,1.6687685,2.7930558,1.7843028,1.7956861,1.5842627,2.191573,1.5901444,4.4204087,1.2053659,2.7735333,3.477113,4.212379,2.0941567,1.9254143,3.2448604,2.136766,2.9338999,5.5251603,1.2587265,4.770794,2.3358746,1.3787262,3.2363832,1.8038256,3.693736,1.6945004,2.7902174,1.5673496,2.2253928,3.2205591,1.9370091,4.3176217,1.6452526,1.177794,1.2250247,1.7593749,1.4811413,2.8792264,4.361263,3.4714296,2.0147305,1.1422005,2.931601,1.7196249,2.2881815,1.4796168,1.4410474,1.229868,3.916888,1.8824606,2.498251,4.4758234,4.06793,1.1560313,1.9269178,1.2362146,0.9692725,3.0252595,3.2256093,3.5213265,2.8402007,3.0434005,1.8367696,4.952402,1.7651792,1.8596449,1.5924811,3.7864177,1.6668508,1.0303053,2.7275558,1.6489729,1.6710615,3.9533663,2.2531753,1.59856,4.059021,0.8055692,3.4150815,1.7008458,3.261157,2.3361993,1.2146364,1.9339832,2.6855388,2.8001156,1.6985936,1.8486534,3.4780293,2.5543678,2.706732,1.8425565,2.9085371,2.4385374,2.2454953,3.3151782,1.7777355,1.3705689,1.2616613,1.853081,1.3885313,3.8976755,3.3151782,2.4240496,9.930031,3.8291214,1.8987468,1.5217761,1.1328987,0.9730069,1.2226787,2.3980355,1.9085835,0.8918166,0.7770188,2.4339883,1.6271434,1.5958056,1.0918502,4.0160017,3.410913,3.0185752,1.689816,4.484916,1.8687264,1.8606733,1.1565747,1.6429163,1.71246,1.7800442,2.0078592,3.5615978,2.7466788,3.8990366,1.6253324,2.4862583,1.8866574,1.0032134,3.1906278,2.1692224,1.855504,1.7340542,1.7649839,1.6096138,3.3828695,1.1322969,1.1608714,2.663272,2.053803,1.3453894,3.9073963,5.135279,3.6356683,4.579721,3.3783963,1.4374146,3.1275246,2.6336818,2.7284424,2.2289608,1.8220135,4.3289466,3.5751333,1.6843615,1.944219,1.4225725,1.5969105,1.9733794,4.0199995,1.6134953,2.5615664,3.1363356,1.5975753,1.8461325,3.0964594,1.8683053,2.0855577,2.6759536,1.0367252,1.6805481,3.2008762,1.2555593,1.5623208,1.6047009,1.8137252,1.3713434,0.96758515,3.4879856,3.0431757,1.8124992,2.9718544,4.429196,4.9691052,2.2507305,1.5636712,2.786148,2.4578598,2.1501544,4.41615,3.7108867,1.3603647,1.6852539,3.5073988,0.6126588,3.9967692,1.2561594,1.1836056,0.8382532,2.5043757,2.897381,1.5802495,3.3036585,1.8087847,0.9629607,1.4950191,1.8579104,3.8609233,2.2536452,3.8385336,3.3641207,4.4456654,2.625808,2.2719824,1.7077734,2.296018,1.3905238,2.1682122,4.062219,4.846468,3.711381,3.7774882,2.5649986,3.291848,4.660845,1.88884,4.8684134,1.7635517,3.9730525,1.3238779,2.9659743,3.7674036,2.7456174,1.6015176,1.2594217,1.5464324,1.8869419,3.1268332,2.4982288,4.2146745,3.5341344,3.652096,1.6770153,1.784696,3.148757,3.7925637,1.1976626,3.5716183,2.075347,1.7115797,1.3617345,3.4678175,3.5462296,2.204536,1.9577138,3.552041,2.4361,3.3804827,2.5989935,3.7212863,2.83222,1.364967,4.474573,1.422344,1.0212766,1.1553345,1.7986844,1.0042019,1.8148427,2.5674903,1.8863152,1.8649992,3.3311405,3.8170927,3.134275,1.0965462
2.5603163,4.4156885,2.3383095,3.9394226,3.2584567,3.4540002,2.6304293,2.4721882,3.478976,2.1028018,2.515503,2.5033083,1.4937453,2.4383254,4.1228642,2.4479167,2.867277,2.8632789,3.8006084,2.2082822,2.593353,3.725305,2.9488835,2.4633422,5.285436,3.0150895,5.477266,1.5175201,2.470771,1.790541,2.7782252,3.9006195,2.2357445,2.5298054,2.3132708,1.3232396,3.6020298,2.9349296,2.139781,3.1568835,2.755331,3.4522896,2.4957895,2.6601303,2.3943548,4.477628,3.9180465,2.6027398,3.1652036,3.4788675,2.4925628,3.3755322,2.9365754,2.5110784,3.3797045,3.5760326,2.8756561,2.850197,3.8854349,3.0099094,2.9273167,3.6806657,2.0454392,3.0093548,0.6185112,2.7922158,4.242575,4.298722,3.3334947,2.8488598,4.8184276,3.0453176,2.9228954,1.6798275,2.5046709,2.2982736,2.8473842,3.3065248,2.2164466,2.1835349,4.313308,3.2744594,2.3338602,3.6842608,2.9568098,5.5299635,2.2138772,3.0834267,1.4159651,2.4069214,2.1282456,4.3287125,4.4209485,2.2344387,2.5488238,2.189102,2.6160054,2.3937614,3.3484251,3.3684587,3.3774548,3.8005269,3.9522583,2.2862325,2.7967553,2.6342568,2.9757762,2.1827588,5.8182836,3.9522583,3.436672,11.183953,2.8212993,3.7867901,2.0488534,2.746222,3.0337625,3.6751723,3.6633384,3.990984,3.0362232,3.0966284,3.5005658,2.2454643,2.3617504,3.3622925,2.9017136,3.5106134,3.2049022,2.0704212,3.885768,2.9428504,2.934204,2.819917,2.4363627,2.1477256,2.5265977,1.337616,2.7872078,3.1656466,2.8709025,2.467749,2.7569892,2.7620027,3.3789825,1.7887368,2.4240425,2.8239152,1.5404202,3.2320223,2.382663,3.9521487,2.886874,2.4845212,4.191712,2.6286595,2.2340527,2.7565546,4.690904,3.4556668,3.5864382,2.699374,2.1879916,2.4915252,2.1637177,1.9847832,4.9626417,1.9614356,4.0688896,2.5355012,2.2063718,2.7147996,2.3930047,2.484316,2.1096559,2.2883904,2.2940986,3.619837,2.687179,2.4084177,2.8929276,3.9398417,2.958107,3.0058672,2.3099482,2.5657182,2.2257545,4.4381814,3.5886545,2.7389038,2.199846,4.031,2.4645467,3.0185957,6.230062,1.9095728,2.7780635,2.4496717,3.5233486,4.381497,1.0597306,2.2710648,2.3340194,2.0043118,1.7247562,4.041284,2.346599,2.849311,2.7151022,3.7720592,3.098243,1.8174955,2.985725,3.1785133,3.0252454,1.4464663,3.1133475,2.6532576,3.0084238,2.7158058,2.6103883,2.1411111,2.0559514,5.2100315,4.3255744,3.4694197,1.7719392,4.0254755,3.989183,2.947832,2.3795228,5.0201573,1.8579755,3.007412,2.2824442,5.458312,2.4810772,1.7852391,3.341299,2.27762,4.426592,2.9595034,4.0670996,2.8482516,3.2960432,3.0538309,3.4375515,2.4586103,4.8688917,1.8362893,2.191807,3.317039,3.013292,5.2430754,5.1743917,3.6626081,4.1031685,3.1539571,2.4151537,2.7156296,1.2270279,4.2449517,3.3467631,3.2620006,1.5696772,2.0299659,2.4053245,2.3602617,3.4803693,4.6850305,2.7388988,2.8658972,3.302181,5.4965544,3.2855399,3.1564188,2.3514216,3.0527554,2.3816428,3.9408138,3.2822082,2.4881535,2.7596889,3.0179799,2.1730433,5.361747,2.9965582,2.3242316,4.0246243,3.9888372,4.491006,3.3023121
1.2029488,2.9889266,1.3759489,2.626488,2.7557425,2.7795389,1.1549661,0.9455221,2.1657124,0.9474776,1.0581948,0.98054314,1.8076977,0.95996636,3.4674923,1.2942901,1.7704991,2.566598,3.2634618,2.2707465,1.3447152,2.7164316,1.4200231,2.893538,5.596324,0.5343068,5.058412,2.2748678,0.8887915,2.7144141,1.2290131,3.2171366,1.3142769,2.159242,1.2232336,1.441632,2.5352201,1.6220566,4.190753,0.8995253,0.6624491,1.9432772,1.0790519,0.9401424,2.6468546,3.6666553,2.7815256,1.4313604,0.74340653,2.2486422,1.0100453,1.7004912,0.8539884,1.1084819,0.8570285,2.8871808,1.1503565,1.9966693,3.4463487,3.1756978,1.101093,1.4201951,1.3393663,1.4809856,2.5450447,3.323384,2.7609007,2.372441,2.4695854,1.2400632,4.157189,1.1826998,1.3509431,1.219038,3.245134,1.3340193,0.80698174,2.1613593,1.1003869,1.1370057,3.2611573,1.878255,0.91778934,3.0416024,0.65644944,3.350403,1.242992,2.5487936,1.9044741,0.71344423,2.0643246,2.2950819,2.4138174,1.2769549,1.1076087,3.03295,2.4519992,1.7765806,2.3478074,3.3107748,1.8694636,2.0097396,2.6930156,1.523422,0.87708014,0.71854997,1.4196608,0.85038847,3.7510343,2.6930156,1.8052098,10.203292,2.7149544,1.6092632,1.1898872,0.85092825,0.90308255,1.2748663,1.884971,1.6699518,1.0687281,1.1422621,1.7304438,1.0507671,1.1908902,1.0516527,3.5253825,3.69322,2.3511868,0.9236739,3.5145829,1.4422585,1.2460176,0.434642,0.965297,1.3206401,1.0241345,1.7423593,2.5225856,2.2549171,3.1419501,1.2185726,2.7567608,1.1632084,0.98265386,2.8073113,1.8391117,1.142051,1.3873794,1.2315997,1.066736,2.6800158,0.40479502,0.5834671,2.2168324,1.7932295,0.68589115,2.9128642,4.2075553,2.6422055,3.7394466,2.8144157,0.8942735,2.7432213,2.1868746,1.7923069,2.5522177,1.9142711,3.3830035,2.564697,1.1966941,2.2041833,0.83719444,1.0440573,1.1011335,3.3407829,1.054458,2.0475616,2.551483,0.95657724,1.195408,2.431406,1.2783995,1.3913004,1.6358899,0.9210999,1.1878338,2.5005276,1.1610427,1.1048136,0.6923262,2.2665462,0.79620755,1.002655,3.8111205,2.724943,1.1739713,2.423228,3.5126677,4.019632,1.9519256,0.68071043,2.308708,1.4436175,1.6022693,3.4610345,3.1162136,1.3235834,1.8103018,2.8618784,0.7694477,3.5506625,0.5074907,0.62234277,0.5727661,2.1375048,2.5206714,0.9457696,2.514128,1.1467961,0.9006104,0.7684882,1.1619214,3.8954215,2.1124997,3.0606618,2.5847974,3.440213,2.1038642,1.6113391,0.99966574,2.6090295,1.3266813,1.6038947,3.4406767,5.132739,3.0991974,3.4990258,2.9350986,2.2275503,3.8210952,1.4556543,3.9469016,1.7818766,3.7379322,1.7482023,2.2801921,3.1248238,2.5912068,1.3390471,1.24132,1.0290108,1.195753,3.046388,2.7635732,3.2628055,2.9029586,2.8391213,1.010745,1.2404815,2.897175,3.0447135,0.820984,2.5846343,1.3026897,0.8601121,1.0767138,3.178449,3.723266,2.280031,1.3070742,2.5138946,1.8318255,3.312155,1.7766885,3.0989919,2.4487834,0.7170418,4.1905947,1.5625645,0.758359,0.6725329,1.2627628,0.46905097,1.4795437,2.9588394,1.3590933,1.629334,2.5174015,4.072165,2.6797466,0.77480024
1.2808993,3.1119764,1.703083,2.7269857,3.0258462,3.0560036,1.3293334,1.1562945,2.3315268,1.2127621,1.264118,1.1375946,1.8724747,1.1259544,3.6800246,1.1789349,2.0075595,2.8085775,3.5073779,2.1912344,1.5221038,2.8688934,1.5066714,2.8581338,5.569855,0.6059266,4.910578,2.2918446,0.9783297,2.8871381,1.3919214,3.3550973,1.3998123,2.261053,1.2822924,1.6737015,2.7329493,1.7031751,4.2722707,0.9599952,0.7074017,1.6422921,1.2676446,1.0489488,2.6561978,3.8636062,2.9748082,1.6096779,0.6247122,2.435182,1.2055275,1.730599,0.8567217,1.1545275,0.80507886,3.1358202,1.3614266,2.1496398,3.7245772,3.4107854,0.9953675,1.3951794,1.2659947,1.2077141,2.7183104,3.2616658,2.9137235,2.4486494,2.6456573,1.4086584,4.305589,1.1906043,1.4888647,1.3038439,3.4198303,1.401192,0.70655245,2.3260956,1.2359226,1.2695646,3.4538426,1.9712515,1.0993189,3.2846267,0.49301615,3.2793157,1.3536049,2.6702087,1.9893774,0.75707984,1.9955584,2.3358874,2.4561818,1.3752497,1.317234,3.1802733,2.4934423,1.995474,2.1201386,3.1493406,2.0120745,2.0135725,2.854831,1.5725203,0.9561007,0.7978695,1.5315335,0.9294389,3.7131393,2.854831,1.9692997,10.042491,3.0325131,1.5942733,1.2270789,0.82119894,0.7336678,1.0987804,1.9878232,1.5760702,0.8052421,0.880917,1.8069116,1.1937896,1.2697059,0.85876745,3.6569085,3.5822294,2.5487244,1.1622471,3.7718432,1.5538883,1.4167278,0.4955046,1.1477708,1.4095062,1.2428515,1.8257806,2.848106,2.3986099,3.3467166,1.3056551,2.635595,1.3751509,0.7739103,2.9090047,1.9498615,1.3480537,1.4454298,1.3276937,1.1973491,2.7854307,0.47543657,0.63053024,2.2840588,1.8732811,0.7966771,3.2070718,4.4562035,2.9187152,3.970892,2.931795,1.0194434,2.7913222,2.247639,2.079668,2.3310647,1.8564323,3.5922546,2.8539236,1.3147284,2.0717146,0.9687737,1.1816359,1.3866861,3.5424242,1.1875433,2.1756072,2.6835902,1.1260264,1.3790649,2.6040778,1.4403805,1.4668489,1.9103578,0.82254016,1.307862,2.6087246,1.0376446,1.0735551,0.97034544,2.0377326,0.91578287,0.814535,3.6173658,2.8325665,1.35858,2.516919,3.7566483,4.271394,2.047694,0.95000464,2.375073,1.7448624,1.6999904,3.6842034,3.280945,1.1646732,1.6571501,3.0516148,0.47622922,3.7258344,0.58649844,0.60976326,0.32958964,2.211067,2.63672,0.98254424,2.6856437,1.3412331,0.75542593,0.9719591,1.3877424,3.8363228,2.0511827,3.247544,2.8022397,3.709784,2.1998048,1.7926682,1.2119521,2.4047499,1.3062247,1.7000018,3.6275134,4.9882226,3.293181,3.6303267,2.7609756,2.5666654,3.9905334,1.5693762,4.189087,1.6486595,3.7792451,1.5052413,2.4777272,3.3141007,2.5418103,1.3677874,1.1767297,1.0793833,1.2588717,2.9805934,2.5731137,3.5053477,3.0686817,3.0101411,1.1927115,1.2595859,2.9661596,3.1686342,0.7601771,2.8628385,1.5106,1.122143,1.1062111,3.251859,3.6257925,2.1456013,1.4840354,2.7891707,1.9361556,3.2424064,1.9436718,3.2379858,2.4945145,0.7192294,4.322031,1.3775519,0.5979322,0.69685787,1.4136916,0.37218517,1.5573694,2.730513,1.5003213,1.5888525,2.6780808,3.955733,2.7591548,0.67030054
1.612806,3.5273345,2.1985822,2.9609227,3.548632,3.6085534,1.7473786,1.5613048,2.7842045,1.5527513,1.7068391,1.518547,2.0216079,1.5136019,4.133582,1.2376533,2.4279668,3.3132317,4.041431,2.1621962,1.8787018,3.2775795,1.8175142,2.9217474,5.6942043,1.1192577,4.904544,2.3304203,1.3282379,3.1890478,1.7602962,3.7460754,1.682574,2.558679,1.5602032,1.9738182,3.1979141,1.9950119,4.3207545,1.4105299,1.1113646,1.3422363,1.684334,1.4405355,2.8139453,4.343493,3.4492328,1.9764402,1.0085708,2.9053376,1.6333059,1.9956229,1.1560557,1.1577626,1.1818048,3.6085088,1.7913611,2.5144906,4.2765217,3.8875566,1.220761,1.6847931,1.1495628,0.932901,2.880302,3.2758822,3.4133587,2.8617437,3.0540516,1.7890542,4.6296973,1.4660099,1.8477168,1.4638183,3.7629828,1.6711808,1.0108604,2.73702,1.5843694,1.6091319,3.9335985,2.3138125,1.5005779,3.7453918,0.7715158,3.5214849,1.666359,3.0027132,2.16361,1.108816,1.9903058,2.7211318,2.8397844,1.6757897,1.7623556,3.4688377,2.6627562,2.3825772,1.9650271,3.0249767,2.4421687,2.339569,3.3136966,1.807356,1.3389289,1.1931903,1.8683163,1.2589772,3.9936094,3.3136966,2.4057674,10.063256,3.544959,1.9442089,1.4562074,1.1302857,0.97731626,1.2946576,2.412716,1.8554709,0.7503082,0.87312174,2.1284883,1.5554674,1.5803319,1.0823923,3.9884436,3.5503502,2.9968538,1.4913069,4.3099575,1.8869214,1.8103633,1.0070167,1.5574591,1.6887497,1.6804744,1.9129813,3.3774366,2.778817,3.7897048,1.6226355,2.5726702,1.8011258,0.99452704,3.1385872,2.2008376,1.7699722,1.5510156,1.751339,1.5595474,3.0365155,0.9827895,1.0269696,2.688928,2.1159773,1.1739905,3.722767,5.000187,3.4757245,4.459711,3.2781236,1.3420813,3.0055068,2.4741082,2.5552008,2.3496473,1.8457054,4.0016265,3.3633099,1.639234,2.0439038,1.3404534,1.549136,1.7831713,3.9177976,1.5503812,2.5848098,3.0658617,1.516852,1.7806798,3.0739958,1.8281192,1.7523726,2.3672829,1.0167986,1.6358461,3.0722582,1.3026884,1.2737318,1.3458834,2.0187855,1.293214,0.99311954,3.6469116,3.0511496,1.7449963,2.8148756,4.2630224,4.811193,2.1379826,1.3616061,2.6185515,2.2362602,1.9063491,4.1809845,3.6336248,1.1529167,1.561219,3.5024827,0.59370023,3.950371,1.10819,1.0688846,0.6872106,2.3820026,2.9623785,1.2617936,3.1311822,1.7313616,0.90823394,1.3311661,1.7100515,4.044237,2.3355312,3.7240648,3.188465,4.2648187,2.6320584,2.2382882,1.5980216,2.4490986,1.3043648,1.799701,3.9773688,4.978482,3.668306,3.7579057,2.6506681,3.068968,4.3194847,1.9065114,4.707006,1.536884,4.0046287,1.2521882,2.939364,3.6983829,2.8227577,1.5264817,1.2488525,1.5101118,1.5504547,3.2321124,2.6393251,4.0276546,3.531501,3.417912,1.595724,1.4628779,3.0660396,3.4501586,1.1428971,3.4132717,1.7833874,1.4634887,1.3604879,3.469601,3.6190102,2.3183517,1.91262,3.3006432,2.0671341,3.4864335,2.4530442,3.636081,2.7147365,1.1782811,4.4774523,1.5267621,0.9408947,1.0556501,1.7680696,0.8513278,1.8162514,2.717109,1.8709743,1.6820441,2.9725752,3.9398136,3.1682696,1.0382899
1.7905537,3.7633815,1.9613205,3.3236663,2.7375557,2.939169,2.0407703,2.0047302,2.8571482,1.9175054,1.9323502,1.9249237,0.3073372,1.8513896,3.50314,1.3105315,2.3242693,2.241192,3.199492,1.1918888,2.2326195,3.2315319,2.007494,1.268113,4.570568,2.1290588,4.1564684,1.0986965,1.7188375,1.783677,2.3332372,3.3863757,1.5303149,1.430523,1.5067606,1.2217548,3.136078,2.3909585,2.8917549,2.1168714,1.9276152,2.196105,1.9295244,1.9225235,1.0864314,4.0168505,3.413149,2.227199,2.0822103,2.9013066,1.9089546,2.3500254,1.9761053,2.2547305,2.4723282,3.0772996,2.431237,2.425586,3.472172,2.4958706,1.8564682,2.621528,1.4703033,1.849286,1.7223958,1.7644253,3.2933388,3.4190307,2.9526823,2.4011927,4.2342377,2.006879,2.4343183,1.1607301,2.3764436,1.5549153,1.8124453,2.8336427,1.5356493,1.5060419,3.812144,2.6624384,1.7203156,3.2031255,2.059856,4.359136,1.5345885,2.1229005,0.26037893,1.4796304,1.111518,3.3754613,3.471863,1.5378132,1.9872458,2.0624774,2.1735792,1.7897291,1.970694,2.174432,2.721984,2.8325424,3.3177848,1.5314522,2.0496206,1.8387527,2.4518514,1.2265159,4.6817503,3.3177848,2.8787918,9.778065,2.6886234,2.7805564,1.0562255,1.8369445,1.9263083,2.5801823,2.8674097,2.7645378,1.8733777,1.9341247,2.566252,1.5656983,1.5775684,2.200137,2.3396986,2.4569151,2.761111,1.8173673,3.3911178,2.4232936,2.46758,1.9167291,1.840778,1.427485,2.0124443,1.2759407,2.7582624,2.6675434,2.3319273,1.7604157,1.5594162,2.321754,2.2679307,1.211138,2.111883,2.3786113,0.8553912,2.4545891,1.7058182,3.3079703,2.0543053,1.5594976,3.3080056,2.183509,1.3170588,2.586853,4.2306905,2.9820526,3.163645,1.6810892,1.532888,1.2792828,0.8490501,1.6979439,3.6924086,1.0101591,3.5649986,2.2270808,1.5184569,1.4206189,1.7042662,1.8642623,1.9364142,2.1351593,1.5813177,2.9929852,1.722868,1.8140141,2.44088,3.3348181,2.4811196,2.1113873,1.7906623,1.5121628,1.546416,3.4180164,2.584329,1.6556394,1.8352022,2.6879683,1.7509967,1.8632196,4.961007,1.705185,2.3559473,1.2571974,3.0398734,3.9088335,1.1881148,1.8300782,1.0757264,1.5504272,0.76014215,3.3707488,1.8758538,1.6607282,1.455345,3.3416166,2.104564,2.5580337,2.094635,2.2794,2.0240347,0.21779619,2.649814,1.6739266,2.0405047,2.3072195,1.4943072,1.636834,1.8929278,4.094876,3.2211995,2.6644862,1.4126973,3.5619428,3.143634,2.3637369,1.9663844,3.794366,1.2429479,2.7327867,2.1583428,4.1651845,2.3310566,2.602029,1.9931804,2.3769248,3.9527566,2.4391828,3.5783758,1.8111621,2.4248476,1.8716378,2.9622445,2.1368208,3.786858,0.88758665,1.2084292,2.4454255,2.118311,4.107317,3.9367592,3.0618842,3.484294,2.298988,1.8373398,1.7498248,1.0805506,3.627929,2.423373,2.8080444,1.2793674,1.7632438,1.6149576,1.7199494,2.3243325,3.5453718,2.1528912,2.3729444,3.0064466,4.3325443,2.2818131,2.2436583,1.0343829,1.9849393,3.0782878,2.794479,2.2645345,1.5615662,2.308422,2.0825534,1.472776,4.081771,2.4970665,1.017642,3.6000893,2.8335965,3.6247647,2.3436265
0.786346,2.3279955,2.3656294,4.3164425,3.3400397,3.0785732,0.86281306,1.013493,1.5402199,1.5764202,0.9543239,0.88302934,2.2225852,0.89847004,4.474894,1.5477906,3.1470833,2.5784423,3.3971472,1.9323993,0.74063325,1.6650965,2.9910772,2.825187,4.4174414,1.7216427,4.9851747,1.7118706,0.98816574,1.5697459,0.91145635,2.0157828,0.71699756,3.0544322,0.8479716,1.923619,1.7633352,0.589213,3.0802298,2.405708,1.2981813,2.7937021,0.870612,0.9890928,2.7471364,2.8795338,2.1105137,0.6697096,2.0681856,1.6383915,0.9357847,3.3102214,2.5747578,2.2552834,1.8402781,3.9279513,1.2019998,0.6819255,3.6083372,3.2076144,1.41946,3.0661123,1.7841797,2.548702,2.1130722,2.9933388,3.1395,2.341626,1.3138344,0.9872442,5.524281,2.817836,0.8883553,1.3782058,2.003064,0.7243805,1.5179904,1.1967745,0.8535867,0.84029907,2.5837603,0.9536052,0.96258956,4.1098604,1.5875838,3.6100368,0.7445494,3.6015031,2.2569342,1.3487521,1.7436913,2.3840952,2.4598517,0.7282593,0.9487269,1.7508007,0.8218557,2.9514873,2.7725015,3.2472177,1.32472,1.7267073,2.0749993,0.71591383,1.1014239,1.1822251,0.83352685,1.3936232,3.880674,2.0749993,1.410831,10.402841,3.2496054,1.9198252,1.2867278,1.2354321,1.7344271,2.0890415,1.6562047,2.7735484,2.3786745,1.9261649,3.3667305,0.8820887,0.8209156,2.0936277,2.7089856,3.174131,1.4032376,1.3875653,3.5665147,0.77661073,1.0738707,1.6289183,0.9242132,0.78698087,0.98837936,1.4936286,2.2803798,1.0381882,2.7127702,0.7010392,2.6057837,1.0727867,2.0658503,2.1918125,0.11137162,1.1331872,1.8927451,1.3436633,0.81925005,4.340805,1.6284864,1.4514264,2.2161422,0.1589771,1.4943837,2.709327,4.0305448,2.6402283,3.3225265,2.7594237,1.0277557,3.0560162,2.6920145,1.607519,3.4305608,1.7095487,4.6169634,2.6540465,0.7892687,2.1302497,1.0105784,0.8115115,1.3316231,2.6483846,0.8832297,1.4700321,2.254238,0.90476304,1.1075721,2.038055,1.0496033,3.0379305,2.6502209,1.461328,0.77746296,3.3223588,1.9166622,2.6148505,1.6595367,2.5922391,1.0501817,1.7815094,4.43177,1.4809071,1.025337,2.8498526,3.4495134,3.9636695,1.7240049,1.3846403,2.8680017,1.7901434,2.4219794,4.1155334,2.469115,2.6654384,2.8194618,1.930347,1.8694714,2.2922235,1.7275479,1.8186303,1.9412901,2.1939225,1.0174129,2.5194645,2.9241223,1.0207881,1.6883801,1.2203772,1.140164,3.282353,2.4502795,2.9773781,2.4767234,3.547761,2.0567122,1.0379122,0.97608995,3.2925742,1.5853238,3.1898184,2.6528509,5.0284557,1.948834,2.2610183,3.1620033,2.199994,5.202499,0.78952795,3.8891068,3.1241488,3.0361722,2.855627,1.5533881,2.2809076,2.9451802,1.4110901,1.4141172,1.6212602,2.8991075,3.2898104,3.4436743,3.4771254,2.2675354,3.5823832,0.88221574,2.8025773,2.5618708,4.657111,1.8447849,2.512764,2.1571002,1.6227944,0.91482943,2.3590012,3.5331295,2.8460872,0.8828631,3.0563002,3.4778612,3.5694914,2.3734734,2.901742,2.760213,2.106938,2.8055751,2.3099523,1.988207,1.3672913,0.8350763,1.8349836,0.70486027,3.754355,0.9737497,2.575347,4.164734,3.7343802,2.5011427,1.870509
2.6147196,4.2976136,1.7661822,1.3857322,2.85683,3.2267783,2.6350284,2.4342937,3.501103,2.0867875,2.5050042,2.4784572,2.0259466,2.4358504,2.9642053,2.222109,1.3302096,3.116405,3.6883752,2.9418738,2.8489485,4.102503,0.70842636,3.1082869,6.451645,1.9081874,5.2004766,3.0287206,2.3268018,3.695504,2.7670212,4.528164,2.6300075,1.7775744,2.5266328,1.9968954,3.851618,3.148175,4.926544,1.3668584,2.1518328,2.1504846,2.5434008,2.4281056,2.8051841,4.8251343,4.046723,2.9254255,1.677974,3.5510302,2.4733882,0.8296056,0.81773335,1.7609597,2.1589808,2.494861,2.6519227,3.4409573,3.845826,3.471241,2.3298993,1.2131422,2.1057923,1.6669039,3.1989326,3.657883,3.3367922,3.5404656,3.8819222,2.777172,3.0751595,0.73875374,2.8972332,2.1840925,4.247139,2.6515706,2.06048,3.6000571,2.4415774,2.46155,4.4629645,3.3730597,2.344968,2.5660157,2.030436,4.1723332,2.5711696,1.914222,2.114273,1.9794291,2.8071132,3.4236302,3.5371826,2.6016107,2.5564198,4.03895,3.7552671,1.3786496,2.625859,3.554536,3.2751153,3.2906988,3.9460318,2.794342,2.397758,2.199991,2.9686675,1.9485664,4.5895653,3.9460318,3.2433598,10.106875,2.8466074,2.815794,2.2125525,2.2500944,2.0183723,2.3274515,3.2162936,2.1494834,1.4309258,2.0452452,0.97683436,2.408812,2.5314865,1.9508685,4.2267904,4.192379,3.6798005,2.156646,3.9440117,2.9878235,2.779512,1.8395498,2.427204,2.5894978,2.4963868,2.6052403,3.4139025,3.6727304,3.749946,2.6339116,3.164533,2.6660602,1.9558886,3.408662,3.2668257,2.652674,1.9008648,2.6781862,2.482783,1.4543065,1.8916788,1.876868,3.4151223,3.25534,1.8054836,3.5312536,4.804696,3.4211857,4.3345,3.1455011,2.2451994,2.6835225,2.1511583,2.7134006,3.0316052,2.6423528,2.6230361,3.0326033,2.5221262,2.8050067,2.2801006,2.5200138,2.3460681,3.9680521,2.4176307,3.4751878,3.19117,2.4191945,2.7223473,3.710574,2.8156261,0.5530496,1.6483775,2.052587,2.5268302,2.9072385,2.3684354,0.83020663,1.84445,2.970277,2.2602305,2.0260148,4.341803,3.729312,2.7018547,2.4185643,3.9060767,4.4858823,2.6693254,2.0395148,2.1806328,2.2255034,1.5674163,3.3415668,3.7509723,1.1259576,1.5649234,4.177837,1.8949963,4.4825788,1.8748581,1.9470425,1.6733758,2.472677,3.9165921,0.80727917,2.7024832,2.6660244,1.8699944,2.1089456,2.461566,4.9225264,3.1381764,3.579989,2.9732442,3.9287765,3.3257904,3.0261283,2.4621506,3.2861395,2.1729603,1.226114,4.0934095,5.2704616,4.096787,4.4445763,3.0631027,3.001133,2.749228,3.000273,4.3239436,1.0608742,4.3269396,1.6059717,3.6310248,3.9243035,3.5417755,2.2281456,2.219935,2.400236,0.5722348,3.944535,3.4072673,3.5639155,4.128679,2.535204,2.4661422,0.5835152,3.244932,1.893103,2.1099527,3.3758967,1.6283453,1.9370089,2.43569,3.8618844,3.9306388,3.1692774,2.7713966,2.6611884,1.2704928,4.1458583,2.4109004,3.55678,2.5028906,1.5554293,5.1237135,2.5091503,1.8686734,1.9768372,2.8021407,1.7603999,2.74412,3.43074,2.902861,1.4863907,1.7435937,4.399491,3.8438196,2.0228834
2.5607893,3.6212182,1.4628632,2.0107622,1.256751,1.7463528,2.5542881,2.5688512,2.887838,2.507962,2.420032,2.573008,2.0214162,2.514658,1.5413008,2.4821613,1.1322603,1.6271082,2.0383523,3.0000837,2.886897,3.4504654,1.1706227,2.6971228,5.5775385,2.1948063,4.6222878,3.0791764,2.457957,3.0391152,2.8641465,3.6826222,2.5803502,0.860938,2.5138152,2.1034317,3.1333656,3.1120574,4.7679334,1.565149,2.410109,2.9254286,2.500696,2.4885268,2.1637018,3.7401028,3.243404,2.8774874,2.0614448,2.8673408,2.450275,1.2813342,1.7001256,2.8829963,2.5100062,1.2452337,2.7310627,3.0766227,2.2624617,1.795819,2.483119,1.7382817,2.8496196,2.5841846,3.236222,3.2833433,2.1072664,3.0287545,3.3170178,2.8666067,2.4393003,1.4545876,2.9439237,2.511902,3.3129485,2.6059542,2.3270164,3.144818,2.414243,2.4236033,3.5180984,3.1408768,2.3967545,1.3619791,2.542573,3.8053253,2.5166261,0.63011813,1.988914,2.1971705,2.8873959,2.9887614,3.069724,2.5442076,2.4497526,3.2926776,3.5160897,0.9247543,2.9204657,3.5424404,2.8596847,2.951986,3.1477265,2.6995277,2.553855,2.4028225,3.002693,2.0773664,4.050878,3.1477265,2.9580095,9.413839,1.639276,2.6801054,2.264989,2.4730961,2.3355823,2.6457222,2.8086724,2.1595132,2.245547,2.5384731,1.297767,2.3950975,2.4908326,2.2982836,3.0149724,3.8587754,2.9867687,2.5315545,2.2859807,3.0061085,2.8575003,2.1582074,2.4548545,2.5293574,2.492574,2.9084272,2.4913454,3.1659157,2.289642,2.6103246,3.1167953,2.7026749,2.3845901,2.6831954,3.191203,2.732298,2.303473,2.6088064,2.4775167,1.9025971,2.2876136,2.1531515,2.9809592,3.1944933,2.0091093,2.179063,3.2152,2.1793716,2.7229428,1.8256224,2.4277172,1.8041936,1.5143439,1.9964702,3.3663356,2.822384,1.7009262,1.6659361,2.4710433,2.815578,2.4257224,2.5671244,2.5021682,2.7647104,2.3912404,3.1040905,1.9814245,2.4846396,2.8192608,3.0807738,2.8817222,1.3450495,1.0236186,2.3493447,2.4805465,2.0653422,2.6636388,1.5939846,2.324537,3.078267,2.4289892,2.3455536,4.506033,3.2317626,2.823004,1.3244997,2.1997561,2.8177412,2.9099596,2.3641245,1.3898894,1.6321642,1.6503127,1.6112099,2.5767534,1.9832196,2.2188764,3.3905437,2.5389066,4.0186615,2.162171,2.3228147,2.2720916,2.1721385,3.395883,1.5579118,1.0470903,2.7892368,2.2640836,2.393348,2.6982093,4.241627,2.9490242,1.9769278,1.8574548,2.3849874,2.8430638,2.6523743,2.602099,3.5454648,2.707582,2.6307821,2.951474,4.688834,3.1185632,4.286175,3.1013849,2.2663069,2.2488518,3.0069437,2.5806344,2.206334,3.282434,2.564593,3.0169163,2.7689612,3.3139913,2.3589778,2.525111,2.469648,1.4925954,3.6279187,3.600447,1.8413796,3.261765,0.7793687,2.477231,1.528548,2.9769096,2.0364153,2.4669836,2.1230173,1.9707124,2.373944,2.576195,3.0426407,3.5034275,3.255886,2.589654,1.1243645,2.645839,3.7864006,1.3919907,2.0687628,1.7188355,1.7992693,4.7105975,2.783017,2.3301823,2.2290902,2.8905582,2.2476153,2.6368535,3.7648013,2.9400783,1.7542331,2.3686616,3.9393017,3.232531,2.4247148
1.2403485,3.0335214,1.8650643,3.5212955,3.3501472,3.2577786,1.0800927,0.7145794,2.2075229,0.6364834,1.0448661,0.85036737,2.1568666,0.86520684,4.275545,1.6698833,2.5460818,2.989007,3.7621336,2.3798118,0.85212785,2.563054,2.439782,3.2839103,5.6384277,1.3542092,5.6739793,2.0888858,1.008105,2.4339077,0.86027056,3.09852,1.2294328,2.9633586,1.2624606,1.4817363,2.4617133,1.2900892,3.629015,2.0028672,1.0865303,2.6205015,0.9865963,1.0685985,3.150112,3.6831734,2.7796862,0.99150616,1.7497722,2.2856972,0.9722202,2.7833164,1.9388372,1.0632775,1.5245678,3.6184523,0.9436216,1.6740853,3.8698606,3.6130297,1.5839387,2.5395148,1.307235,2.1877189,2.0479195,3.6025856,3.4447954,2.74075,2.2009993,0.9054682,5.050862,2.2715735,1.0332264,1.1192797,3.0420008,1.274147,1.4375787,1.9582016,1.0896547,1.1108335,3.2906086,1.7086774,0.91337246,3.7800267,1.2233562,3.9576364,1.1671842,3.4365819,2.2347405,1.2043633,2.1609912,2.7402244,2.8442895,1.2024049,1.065135,2.7807314,2.0630977,2.5012412,2.951909,3.7002165,1.9010478,2.3188064,2.785068,1.4364598,1.048457,1.0335085,1.1181437,1.3001833,4.31697,2.785068,1.7533637,11.0274725,3.0971076,2.1314163,1.4392066,1.2236351,1.6359037,1.9888608,2.1149268,2.658452,1.9735228,1.8134319,2.79346,1.0607324,1.2337304,1.9316151,3.6650252,3.9407501,2.2240756,0.55380017,3.9511802,1.1262932,0.97526467,1.2686509,0.9216539,1.2613816,0.9143723,1.3589258,2.4800436,2.0412674,3.414383,1.157079,3.0727327,0.92071307,1.8380328,2.8817346,1.2805309,0.9062378,1.5656737,1.4825735,1.0482314,3.5946522,1.1683313,1.2030638,2.5837994,1.3303874,1.2504011,3.0831215,4.5495334,2.9541125,4.008812,3.3203762,0.89514124,3.347857,2.8123586,1.8438793,3.3632193,1.9832841,4.1878734,2.876265,1.1515057,2.568187,0.91361743,0.9455957,0.71663755,3.3858683,1.0994121,2.0235946,2.953888,0.8833173,0.9237389,2.5248904,1.0087717,2.4073074,2.2624197,1.420054,1.1340376,3.3442764,1.7877909,2.1096413,0.7588361,2.9073396,0.92659813,1.7243371,4.5074525,2.4432323,0.816089,3.0819962,3.9224896,4.424105,1.6215206,0.66610295,2.9854214,1.7279234,2.140411,4.1852846,3.2561617,2.2380118,2.5540621,2.7430005,1.4826845,2.9734983,1.354804,1.4217763,1.4998401,2.3960743,2.2359822,1.9476318,3.2062361,0.7763298,1.5421119,0.7068864,0.53832585,4.2227473,2.7047029,3.5607514,2.8264582,3.856381,2.4443843,1.5764878,0.6621653,3.312863,1.282968,2.0389416,3.4434128,5.727737,2.931577,2.7942498,3.481317,2.1710322,4.653951,1.14756,4.3763022,2.5843604,3.9953294,2.4865572,2.1939945,3.1514513,3.1675575,1.4981315,1.4547398,1.5401447,2.2334669,3.620954,3.48403,3.7982798,2.9957063,3.6199832,0.92571974,2.2077003,2.888073,3.9517508,1.5275161,2.8680966,1.5562273,0.75387746,1.1168079,3.253443,4.142635,2.922749,1.2393363,3.0652273,2.3410015,3.9133916,2.5353153,3.5789828,3.0450985,1.7808294,3.5770729,2.2773857,1.6406839,1.1954906,0.8755451,1.3878106,1.3663965,3.725404,1.0846492,2.3705437,3.247245,4.465656,3.0041273,1.5438907
1.3905454,3.5457606,2.2277958,3.2478166,3.5106728,3.578997,1.6584455,1.5139219,2.7406385,1.5331248,1.6146693,1.4151019,1.5388675,1.3903465,4.1890364,0.71638,2.5556543,3.1272655,3.9600377,1.513196,1.7935513,3.1770976,1.9484833,2.3510058,5.191721,1.322204,4.532252,1.7025919,1.1532551,2.721261,1.7518519,3.5567484,1.3358012,2.346331,1.2177875,1.7135797,3.1433048,1.8672625,3.7297008,1.6344792,1.1162,1.1830673,1.5740778,1.3513823,2.3141959,4.267575,3.4249642,1.8671608,1.2257552,2.8609579,1.536544,2.190902,1.3974469,1.3337795,1.4775814,3.6814208,1.869081,2.3248737,4.2282686,3.6543238,1.0622014,2.0397782,0.65492266,0.76773596,2.4496777,2.6709933,3.4762697,2.9919412,2.9265852,1.8096212,4.7598243,1.6497908,1.8400614,1.0303732,3.3252354,1.319939,0.9432408,2.6571126,1.3131148,1.3194599,3.9075177,2.2343698,1.3480567,3.8219585,0.908394,3.7214937,1.3502052,2.9074936,1.686693,0.89546376,1.3456,2.8695555,2.9842033,1.347397,1.67916,2.9834046,2.224413,2.3483772,1.581485,2.4801555,2.4241853,2.3336468,3.2853212,1.4023753,1.3232554,1.129783,1.8407345,0.9516065,4.167285,3.2853212,2.4635556,9.923483,3.4959671,2.085047,0.9977648,1.0196967,0.97900164,1.5329497,2.463106,2.1050627,0.8275773,0.7864313,2.3837276,1.3082359,1.2819858,1.2489735,3.528507,2.976058,2.8649783,1.4120988,4.2152524,1.838634,1.8615978,1.1208295,1.4386214,1.3147845,1.6241673,1.4298099,3.2903059,2.6090581,3.4681754,1.3777279,1.9763641,1.8254632,1.2233325,2.5846336,1.9082638,1.8244405,1.0927386,1.8307875,1.3497375,3.3017423,1.1678852,0.89639336,2.8251,1.8500842,0.9536055,3.5332956,4.931977,3.4469419,4.211513,2.9017985,1.0960715,2.5837429,2.0814686,2.3371172,2.6608136,1.1932468,4.1180644,3.1876848,1.333348,1.4820443,1.1820973,1.4009879,1.7170115,3.4851363,1.3063309,2.6058526,2.7107675,1.3823203,1.8395386,3.1313913,1.8728019,1.9338803,2.3317444,0.7087571,1.340586,3.2817283,1.5530125,1.3154025,1.3673459,1.9291342,1.1634527,0.9261736,3.9591548,2.5187292,1.7703527,2.4709501,4.0746956,4.7209415,1.6386619,1.3445667,2.261844,2.079993,1.5767369,4.162497,3.1852872,1.0959053,1.2599473,3.415713,0.82260764,3.4590647,1.3030261,1.3461653,0.9385635,1.8471079,2.699485,1.3419849,2.9478695,1.7461225,0.61787707,1.1898141,1.5789919,3.904378,2.5100799,3.525896,2.8162558,4.232099,2.7391024,2.1642122,1.5198135,2.7442834,0.77050745,2.1272674,3.5142844,4.586306,3.2658086,3.252595,2.1759405,2.9618523,4.4556985,1.8617202,4.554111,1.4552374,3.496498,1.0823672,2.8952284,3.2849267,3.0617912,0.99317837,0.68763435,1.683728,1.7785518,3.434344,2.9352937,3.9244084,3.5003955,3.2795284,1.4631627,1.5345501,2.4664476,3.7114592,1.4325042,3.3458312,1.5899631,1.416077,1.0622354,2.9113054,3.0726144,2.5988383,1.831637,3.2171075,2.4402955,3.6884162,2.459403,3.3149483,2.2885787,1.3536592,3.9350326,1.7652239,1.233335,0.88456553,1.7342335,1.101883,1.4183387,3.0252523,1.8911977,1.352279,3.3513534,3.4145238,3.269812,1.3235284
1.513249,3.5228693,1.5967709,2.9690194,3.190197,3.259665,1.4626595,1.0951377,2.641381,0.5613704,1.360429,1.201759,1.7177827,1.1745414,3.9528298,1.5303962,2.1066709,2.9757316,3.778595,2.2347786,1.4135761,3.0833127,1.9242728,3.0068953,5.834288,1.365746,5.522873,1.9775766,1.1930438,2.600925,1.4117806,3.5738301,1.4369892,2.5077083,1.4203125,1.0991256,2.932523,1.8325255,3.6750937,1.7432549,1.2137551,2.2975461,1.3329448,1.3423204,2.8552866,4.114553,3.235728,1.531982,1.5969048,2.7104092,1.2882538,2.2912145,1.4671676,0.49456617,1.6356293,3.3017762,1.4260881,2.1849587,3.8952096,3.5171812,1.6494054,2.199407,0.94028246,1.7672633,1.9316348,3.401666,3.5186567,3.0877192,2.735432,1.45535,4.5539293,1.788821,1.5915986,0.8973596,3.2738943,1.4838831,1.4243834,2.4869127,1.2657083,1.2813255,3.735952,2.2331657,1.1332475,3.4426882,1.2426816,4.180161,1.3733436,2.978269,1.814464,1.1253135,2.0296633,3.0494914,3.1636593,1.411574,1.4065882,2.9854872,2.4399292,2.0172603,2.689355,3.4615977,2.3503878,2.6551468,3.2130857,1.6425165,1.3319784,1.180938,1.6746591,1.140779,4.5734115,3.2130857,2.2502542,10.899992,2.9250658,2.3711174,1.3280818,1.3389589,1.5813546,2.0494514,2.5010552,2.5598953,1.5966634,1.684704,2.3438175,1.2383041,1.4246911,1.8408124,3.7278414,3.8503122,2.675704,0.58058095,3.9830117,1.6821725,1.5110835,1.2204055,1.2126858,1.4207363,1.2735994,1.2126685,2.6840458,2.540757,3.4438004,1.4473944,2.8617053,1.4037209,1.767786,2.7948117,1.7785556,1.3965082,1.0970712,1.8284696,1.2984108,3.04956,1.1716603,1.0926294,2.9306479,1.834972,1.0420326,3.1367302,4.706315,3.1116617,4.0938454,3.168526,0.98678136,2.99662,2.4159312,1.910407,3.3489103,1.8064462,3.7768414,2.819048,1.3403273,2.4106636,1.091717,1.2754339,0.91433954,3.4030185,1.2800146,2.5223336,2.933444,1.1708847,1.4484476,2.9669235,1.5501734,1.8724056,1.892324,1.3239619,1.3360788,3.3445055,1.9197567,1.5802543,0.5076435,2.895995,1.1046102,1.6379795,4.609124,2.6044497,1.3569527,2.752594,3.9108481,4.5025635,1.4116524,0.7001987,2.5847173,1.6359801,1.6056777,3.9936924,3.2564442,1.7199339,2.0286834,3.2325513,1.3823965,3.1619864,1.3470023,1.4483628,1.3293153,2.0731664,2.723943,1.4191042,3.024942,1.3065451,1.3411105,0.7354882,0.8521003,4.523776,2.9162214,3.5740876,2.660697,3.9281864,2.792892,1.9986513,1.0556067,3.393306,0.98678726,1.4532298,3.4716318,5.571736,3.1610098,2.9766712,3.1879108,2.252915,4.1475515,1.7034928,4.39168,1.9493113,3.9920204,1.9946562,2.6696115,3.2566953,3.406893,1.3086135,1.305554,1.7604747,1.7178303,3.8622067,3.566783,3.7513075,3.4228427,3.282431,1.2316029,1.6224384,2.6276994,3.4364874,1.6132404,3.0172381,1.0107063,0.49742636,1.2796495,3.247856,3.9242222,3.0858943,1.6463603,2.8850079,1.7973182,4.139903,2.5051758,3.52935,2.711543,1.5865439,3.777265,2.343599,1.5821823,1.1333025,1.4314882,1.2978907,1.5627583,3.7386968,1.6367636,1.8571172,2.8132124,4.3252425,3.3753965,1.5772471
1.6390247,3.6257057,1.8521576,3.5642638,3.3224745,3.3550663,1.5978082,1.2822963,2.712189,0.8144916,1.5066926,1.3794163,1.6924448,1.3434474,4.2420816,1.7786682,2.5316067,2.957784,3.8410952,2.1346586,1.4232887,3.0244284,2.5032873,2.939347,5.5833645,1.9434711,5.6744485,1.5974004,1.4367868,2.0825462,1.5560431,3.4370854,1.4187657,2.7448614,1.4885004,0.95634836,2.9118853,1.8661724,2.9382286,2.3745687,1.6531272,2.8084188,1.4575576,1.6034514,2.8442485,4.0521073,3.25135,1.5070974,2.2300022,2.7583451,1.4475951,2.9174652,2.168639,1.2142211,2.2304487,3.580564,1.6581227,2.0508633,3.9279866,3.4392335,2.025151,2.917564,1.136101,2.3190408,1.1747242,3.2708502,3.82257,3.4081874,2.6125016,1.622871,4.956192,2.4405546,1.7323847,0.8386417,2.8189259,1.4855193,1.8903425,2.4614127,1.3253324,1.3159988,3.7378726,2.2995265,1.2987251,3.724359,1.8117119,4.654955,1.3696984,3.281623,1.7418373,1.4939541,1.9437312,3.419947,3.523158,1.4042984,1.539363,2.4971523,2.1287055,2.3164062,3.0120203,3.5157309,2.4792798,2.9276059,3.2796779,1.5793233,1.6705334,1.5541191,1.805945,1.4175788,4.9999075,3.2796779,2.4128888,11.240547,2.9402168,2.8053381,1.4308051,1.7183682,2.0992103,2.63283,2.7473924,3.1817236,2.236898,2.2043917,2.9799502,1.3275471,1.5081491,2.4376392,3.435505,3.7617543,2.5825474,0.7704706,3.9947832,1.7902607,1.71072,1.7800174,1.378005,1.3842044,1.4345016,0.73259485,2.5208387,2.442984,3.2609315,1.5271628,2.8611162,1.5801857,2.3871474,2.4478095,1.523846,1.6094129,1.1335078,2.1636128,1.4128759,3.6281428,1.759779,1.5371386,3.26575,1.6884881,1.4091867,2.9559023,4.6978292,3.1625714,3.9299724,3.125394,1.1569029,3.028552,2.506941,1.7404048,4.0056043,1.7187515,4.121839,2.7255158,1.3566711,2.5098624,1.3306948,1.4195501,0.9376452,3.013381,1.3862177,2.6616666,2.8716087,1.3334068,1.659328,3.109834,1.7422109,2.4920547,2.131056,1.7026566,1.3583541,3.8221524,2.4838374,2.181898,0.99589324,3.3296843,1.3862966,2.1376393,5.2338223,2.116368,1.5332811,2.8345034,3.8435705,4.497559,0.87845653,1.0623927,2.7006164,1.6512941,1.7599899,4.1887126,2.947786,2.3013062,2.4432852,3.1572146,2.0116456,2.4101615,1.9264083,2.0631068,1.9908102,1.9096441,2.5253897,2.0335875,3.1585865,1.4736482,1.7895252,0.9863443,0.7676129,4.6897807,3.3855758,3.594997,2.4184926,3.9792254,3.0937374,2.0693939,1.1816365,4.009138,1.0468409,2.1022353,3.0484219,5.6999345,2.7391343,2.1840606,3.366773,2.0582001,4.5324426,1.8118376,4.3508925,2.4812891,3.7940319,2.521925,2.672644,2.908229,3.8973403,1.323228,1.4760364,2.2306125,2.3821368,4.3306994,4.1819367,3.8086977,3.4744763,3.4667437,1.3657812,2.217983,2.2152207,3.9856608,2.2135565,3.0268602,1.1341238,0.82788765,1.4418342,2.9218965,3.898858,3.6525211,1.7551873,2.9739735,2.4457443,4.614099,2.8300557,3.4862185,2.7602398,2.1969519,3.019184,2.9260538,2.226693,1.537593,1.5507185,1.9409448,1.4689779,4.389703,1.8035715,2.1853952,3.409527,4.3073187,3.651661,2.1931417
3.420087,3.1644094,4.7631936,5.927521,4.621784,4.3086333,3.7104561,4.0671434,3.2579756,4.7149343,3.7938619,3.845329,4.23197,3.8474402,5.3665853,3.4462447,5.0974913,3.7676935,4.072059,3.467952,4.0077076,3.241325,4.6055455,3.4455683,2.6114144,3.8228505,2.6560462,4.032532,3.68379,3.869195,3.9810534,2.9204276,3.5388453,4.21407,3.4773686,4.7370243,3.502677,3.5252054,5.325159,3.9796517,3.716883,3.717223,3.7964723,3.625713,3.428739,3.5551531,3.4912264,3.9114635,3.697824,3.3544898,3.8183615,4.6091256,4.402216,5.1626616,3.737183,5.311944,4.110319,3.472501,4.5939302,4.114612,3.215617,4.3292274,4.41143,4.0173144,5.1712418,3.3010728,3.3803322,3.077966,3.4893832,3.9983814,6.469569,4.385217,3.8462148,4.227306,3.5933363,3.4705508,3.4789753,3.46074,3.69085,3.6848702,3.5361483,3.282862,3.8534782,5.4651985,3.783724,2.7664738,3.6070268,4.5460978,4.248659,3.7116292,3.490112,2.9843514,2.9592347,3.5637975,3.7996244,3.604458,3.2403407,4.8632874,3.1755269,3.2485006,3.3031232,2.6414366,3.1726236,3.3660965,3.6692367,3.7162676,3.7355685,3.7536006,2.7868361,3.1726236,3.650076,7.068715,5.165595,3.0604255,3.6252596,3.5243688,3.4198012,3.3440156,3.1467972,3.3817616,3.9210496,3.4381375,4.751395,3.7121708,3.48144,3.4241483,3.1298273,2.7656965,3.425897,4.5430317,4.28649,3.7130797,3.9945807,3.8146942,3.8298833,3.5630555,3.9345348,4.4929204,4.606442,3.2373066,3.5367317,3.511927,3.2276998,4.0475025,3.5260134,3.6251628,3.7458346,4.0815477,4.3970246,3.480737,3.6608956,5.864658,3.9203212,3.7725544,3.095098,3.560715,3.8699882,4.3898873,4.3940816,4.0519376,3.8739283,3.2495177,3.895238,3.7098813,3.8635185,4.1106615,3.350315,3.7127671,5.876113,4.363752,3.628528,3.0305471,3.8069775,3.7370017,4.5310397,3.9618788,3.656396,3.3565333,2.9699454,3.840915,4.0519924,3.4958546,3.954114,4.7300234,4.7207465,3.5367646,3.6341593,3.7221828,3.45254,4.2943826,4.6038575,2.4775488,3.7890162,3.3634808,3.5432482,3.621188,4.080449,3.7115867,4.136104,4.408989,4.6237,4.3514166,3.8831313,4.217956,4.433702,4.732212,3.5242374,4.1566024,4.1205664,3.4542542,3.7851665,4.8596897,3.8300757,3.8323216,3.8585236,4.015863,3.0980265,4.387355,3.6318367,4.106382,3.6109502,4.193901,4.467286,1.0276828,2.8318293,3.302415,4.176479,4.431834,3.1405828,3.492852,4.120448,3.1971958,4.247453,5.766224,3.9328132,2.7624683,3.6245978,5.07249,3.2212946,4.819142,6.4599814,3.7063963,4.298024,4.6690345,2.6204846,4.173889,3.5388026,3.5497763,3.012408,3.8026164,3.6856656,3.5519307,4.666125,2.7765284,3.1888745,4.17805,3.196025,4.3691425,3.82691,4.5722294,4.4220123,6.069657,3.7273562,3.99831,4.823027,4.657016,3.5818422,3.2073505,3.08285,3.112162,3.6316025,4.540024,5.947872,2.7768312,3.4122908,3.0543745,3.594662,3.771401,5.0471272,3.2056725,3.7199266,3.7056315,3.9335904,3.8734791,3.4783068,3.3895795,3.8507168,4.066425,6.1424627,2.7009888,2.9762332,3.7140334
0.9309531,1.7220114,2.5261176,4.0487432,3.1953168,2.8828328,1.0858246,1.4155651,1.1804862,2.1381266,1.206821,1.2181586,2.5962534,1.2505459,4.1557546,1.531485,3.0701458,2.5113895,3.1101987,2.2637491,1.3700751,1.5372944,2.7132692,2.9262078,4.34379,1.2844125,4.359422,2.4952495,1.1527866,2.4680576,1.2660716,1.9079313,1.2441111,2.9235337,1.1766855,2.5507102,1.6345179,0.93960714,4.222869,1.8661127,1.1174909,2.3495567,1.2008647,0.9948775,2.7597573,2.6221914,1.8292029,1.3141433,1.4563731,1.356077,1.2185777,2.8678534,2.2729087,2.62905,1.1772404,3.7405028,1.3803546,1.2193202,3.4408987,3.2091022,0.90653956,2.418173,2.2609074,2.2857985,3.221629,3.1265874,2.3305795,1.3076108,1.517307,1.2697347,5.2069874,2.4462671,1.1273017,2.0175207,2.6558943,1.1865535,1.107961,1.233643,1.2908427,1.3118662,2.2532477,0.7855887,1.3141086,3.9241724,1.2723223,2.277445,1.2654762,3.3464706,2.6557248,1.35225,2.1005816,1.2307632,1.3129678,1.2416939,1.206042,2.5340428,1.6542736,2.987467,2.3571513,3.135973,0.9069021,0.46630388,1.5931295,1.2325826,0.9845128,1.13095,1.0255171,1.5225718,2.5941489,1.5931295,1.1325508,9.373212,3.4157057,0.7290972,1.563214,1.0125688,1.1619512,1.1215123,0.8179321,1.7285242,1.9817297,1.4157982,2.9149916,1.2817523,1.117181,1.3109515,2.9225814,3.1318305,1.4993331,1.9825089,3.3612614,1.0214107,1.2540554,1.3177931,1.2438017,1.3243356,1.3032362,2.4089072,2.6520793,1.2014495,2.8019893,1.0411743,2.6408496,1.343572,1.314638,2.70866,1.4575543,1.3560066,2.3859367,0.7592136,1.1618968,4.0523067,1.347693,1.3835704,1.1627451,1.2248515,1.580275,2.9619865,3.748209,2.4699235,3.3169522,2.667497,1.4448793,3.0172508,2.7075686,2.0855072,2.2250373,2.1457849,4.3843436,2.8372426,1.2753395,2.0371263,1.2666688,1.1483148,1.9642977,3.1372833,1.2242362,1.0080718,2.1557682,1.2612731,1.311964,1.5384449,1.2143834,2.77173,2.7363641,1.3222901,1.2616078,2.382751,1.0160944,2.3713868,2.0494704,1.5892391,1.2264464,1.2215762,3.1248693,2.3590646,1.3546373,2.7595797,3.3624287,3.7183554,2.647737,1.7651514,2.8177524,2.0979207,2.662713,3.7641804,2.8147275,2.3918304,2.6656876,1.845636,1.4405894,3.4749968,1.3061135,1.2934672,1.5126717,2.62152,1.3929857,2.3363936,2.629794,1.3913132,1.4881114,1.6765217,1.9100969,2.2792802,1.1336522,2.660914,2.876959,3.3108227,1.1009651,1.0173204,1.4931473,2.0415788,2.1271849,3.3302238,3.1882129,4.4493923,2.5577817,3.5373807,2.8957853,2.7188973,4.9855943,1.0151063,3.7093797,2.9957306,3.0363734,2.6086388,1.4548341,2.7001224,1.6539288,1.8315902,1.6559637,0.9129986,2.619082,1.9642524,2.1640713,3.2345927,1.7971237,3.3498642,1.2509341,2.6285512,3.2595737,4.3403354,1.1881616,2.4194067,2.627909,2.132737,1.1762351,2.7467144,3.41887,1.5682673,1.0276421,3.0195959,3.5346127,2.2387996,1.7536516,2.6944206,2.7251194,1.5617138,3.97181,1.2132115,1.3478882,1.3130826,1.2320807,1.4133662,1.315968,2.5198748,1.1196269,2.517412,3.9671729,3.512647,1.4996874,1.2277378
1.9020764,3.520254,1.1735328,2.4083812,1.8213553,2.146982,1.9763862,1.9336677,2.638492,1.7995026,1.8293686,1.9217372,1.0310355,1.8496116,2.4746504,1.6990933,1.3196193,1.6925838,2.4953063,2.1166344,2.2556887,3.1523876,1.1515543,2.0222697,5.16449,1.791423,4.483358,2.0941768,1.7715194,2.2912643,2.2859492,3.3991945,1.8089943,0.703504,1.7571993,1.2138454,2.9129527,2.5110953,3.8325884,1.4470986,1.8302023,2.4000537,1.881332,1.8857989,1.5746237,3.7354708,3.1249735,2.2571208,1.7226701,2.6484778,1.8352123,1.5022676,1.3952906,2.1963224,2.1730673,2.0207584,2.238891,2.5220401,2.7241895,1.9830239,1.9106145,1.8781968,1.9400673,1.9809628,2.2987418,2.6039975,2.5743258,3.0276053,2.9209836,2.3177252,3.2551036,1.3101931,2.3947453,1.5730773,2.7475238,1.8438948,1.759161,2.7537947,1.6679683,1.6651211,3.4941475,2.6721082,1.7101179,2.1507187,1.9832363,3.9767094,1.7547464,1.2330303,1.0027828,1.4868814,1.9912221,2.9894416,3.086612,1.7814999,1.8749152,2.600175,2.7496853,0.7991012,2.3700955,2.911723,2.5387766,2.696913,3.0410826,1.920584,1.9827597,1.7826986,2.4489396,1.2883545,4.2784667,3.0410826,2.6446934,9.734183,1.8626165,2.4909945,1.4081178,1.8543012,1.8341328,2.356532,2.5978453,2.2368944,1.7472152,1.9865423,1.6401852,1.6623536,1.7643092,1.9608798,2.6354911,3.2402003,2.6457512,1.7847297,2.7172308,2.4403813,2.343968,1.6564099,1.8058419,1.7342883,1.9001791,1.9208851,2.3143172,2.7093842,2.1627755,1.915277,2.3788333,2.1732326,2.032949,1.9295521,2.4440749,2.2159464,1.3202983,2.233733,1.7829418,2.3667524,1.7972486,1.483124,2.9370553,2.484498,1.2541448,2.132239,3.628838,2.3488986,2.8352034,1.6101421,1.6530315,1.4027551,0.8727745,1.4511299,3.3791702,1.8881618,2.5172606,1.6395371,1.7120872,2.085363,1.7287213,1.9027679,1.8205082,2.3316777,1.6719468,2.8098948,1.6808405,1.8134062,2.3025272,2.9824266,2.3688576,1.2992598,0.8278396,1.6452882,1.7284671,2.6010063,2.34975,1.1653055,1.6413225,2.7638814,1.7529175,1.8235009,4.6369476,2.4157188,2.261869,1.0060654,2.498532,3.2716117,1.904644,1.6865704,0.91502637,1.0732868,0.70289654,2.447435,2.1236458,1.4777175,1.6023133,3.1717503,2.0163198,3.2019024,1.7525026,1.9517261,1.7990948,1.2325397,2.8614416,1.1137145,1.3578179,2.2153592,1.5791711,1.6374568,1.9437546,4.133603,2.898729,2.197664,1.3467233,2.833229,2.772129,2.2215164,1.9347556,3.5203528,1.7679862,2.2698011,2.4654057,4.526311,2.5963452,3.370822,2.5493937,1.9444941,2.971037,2.4487588,2.9965363,1.7003162,2.884193,1.9960992,2.7476382,2.329496,3.3881047,1.4292037,1.6660086,2.1455727,1.3682557,3.741639,3.628519,2.335734,3.194917,1.4533145,1.8205131,1.1584452,2.0653677,2.6392248,2.1240628,2.2211964,1.1174085,1.6392128,1.8294332,2.3912215,2.98974,3.2232022,2.0614204,1.4939284,2.4298036,3.9508684,1.5685596,2.0522454,1.1978848,1.5027816,3.8639674,2.5628624,1.9714094,1.5463303,2.2957733,1.8020353,1.8428077,3.7952516,2.4212828,1.035075,2.6811774,3.4727664,3.254983,2.061647
3.8368142,4.9297514,2.3940418,1.8487827,1.9621437,2.660115,3.820503,3.7637897,4.209975,3.5064824,3.6704957,3.8018515,2.8371923,3.7392428,1.2918319,3.623435,1.7214992,2.697213,2.8833585,3.9955628,4.1053896,4.759602,1.9606597,3.4746897,6.5850363,3.4166465,5.318562,4.019544,3.6910467,4.0709834,4.095468,4.9706345,3.8073246,1.6281917,3.7482884,2.9517744,4.41183,4.401359,5.500187,2.7169461,3.644434,3.8445125,3.7457755,3.753015,2.977558,4.922751,4.5085273,4.111997,3.2481194,4.1721864,3.6919084,1.9611397,2.6394243,3.7033846,3.7362082,1.3359932,3.947241,4.363437,2.962142,2.5308683,3.7450027,2.6471157,3.7889814,3.488607,3.9623685,4.079485,3.2359588,4.338444,4.6050606,4.0998206,1.3620465,2.3476887,4.202376,3.5338209,4.364341,3.8411903,3.5610363,4.451559,3.6363623,3.6420424,4.7431774,4.4695387,3.6134212,1.2532564,3.7306435,4.9985914,3.7422094,1.0224237,2.787294,3.3961089,3.9165816,4.298077,4.375672,3.7731767,3.7025876,4.3479753,4.7409534,1.5994309,3.866445,4.347986,4.1912837,4.3093095,4.446129,3.93044,3.8123968,3.6381245,4.2758794,3.2509248,5.2308536,4.446129,4.257366,9.793072,2.1501741,4.0012217,3.4211702,3.7188995,3.5579078,3.8777616,4.150719,3.3164937,3.25015,3.69459,1.9640484,3.6190107,3.7388856,3.4998994,3.9655914,4.7644725,4.269205,3.5755877,3.0396347,4.280496,4.095547,3.368959,3.6862833,3.7427328,3.7202983,3.8422008,3.473533,4.4777365,3.2413456,3.868714,4.021044,3.9257634,3.5779984,3.5886092,4.413124,3.951126,3.1893446,3.9186845,3.7201257,1.6901908,3.4825015,3.34633,4.2986703,4.4503217,3.1710474,3.0498903,3.984901,3.2569761,3.553047,2.7680938,3.603989,2.4848676,2.3313704,3.1103823,4.4343576,3.8263814,1.0904009,2.5585651,3.6955192,3.862778,3.6408901,3.8088348,3.5718575,3.592136,3.6261017,4.4320464,3.1187491,3.7084913,4.04585,4.3692384,4.1271214,2.0653036,1.9076736,3.5378392,3.7072718,3.1323948,3.9133644,2.4934814,3.3402784,4.2525835,3.649684,3.5550065,5.552075,4.293877,4.038702,2.1823773,2.9292848,3.510065,3.7699223,3.4682627,2.164098,2.7504053,2.4262254,1.9358556,3.4990475,2.8412468,2.9679575,4.6595993,3.6871347,4.8766804,3.3815408,3.5316627,3.4170654,3.01123,4.6935325,2.481713,2.1305645,3.997139,3.4155302,3.5162888,3.7781963,5.512113,4.2393556,3.0012796,2.6720364,3.1729574,4.1676483,3.9599373,3.7811227,4.6834598,3.6890826,3.1154568,3.7801137,5.3677416,4.1807947,5.146405,3.910826,3.1712687,1.2149843,4.283494,3.2187974,2.7766078,4.2072277,3.3502781,4.3055534,3.761349,4.559357,3.439286,3.6362817,3.755367,2.2879057,4.8566117,4.7269073,2.5993428,4.541854,1.3032988,3.7082014,2.2997437,3.650101,1.6244446,3.691118,3.2135892,2.7619026,3.366187,3.7987792,3.995324,4.2418566,4.474659,3.8743403,1.939469,3.0329573,4.9846573,2.7247791,3.047169,2.5438988,2.9980514,5.554994,4.0081496,3.5199585,3.4323502,4.1272826,3.4248729,3.855293,4.81433,4.2018523,2.5846825,2.466385,4.7492228,4.5373044,3.638314
4.393711,5.195263,2.8139396,1.9329082,2.1446831,2.8084803,4.310737,4.258496,4.5688014,4.0146627,4.165746,4.320164,3.6230016,4.2655854,0.99862295,4.299265,2.0792687,3.1003556,3.0229475,4.77379,4.590537,5.1256485,2.479361,4.2974167,7.2253704,3.8725011,5.95001,4.786921,4.2484603,4.7087564,4.557866,5.363031,4.412014,2.4068594,4.355039,3.5839705,4.732093,4.901926,6.2584543,3.1511164,4.162617,4.500385,4.25149,4.271057,3.779488,5.1364074,4.777564,4.5977564,3.733817,4.512579,4.1964536,2.4049473,3.1443098,4.2235036,4.1562676,1.291346,4.363076,4.8469076,3.0010402,2.9303923,4.3134956,2.984707,4.472226,4.147257,4.6388855,4.898394,3.3724253,4.59352,5.0053973,4.5463047,0.6568174,2.8596327,4.6570954,4.1994915,4.944716,4.4474277,4.116463,4.8503017,4.2171617,4.22926,4.959813,4.918601,4.153235,1.1229335,4.2534504,5.201418,4.3359165,1.7492781,3.5768914,3.986346,4.6779237,4.568113,4.634608,4.3709836,4.1883535,4.985013,5.3730206,2.1867197,4.584536,5.1507993,4.5781956,4.723988,4.7370634,4.5560703,4.3143287,4.1695695,4.7396393,3.8744535,5.388833,4.7370634,4.6083975,10.047248,2.3640845,4.3818436,4.086929,4.270911,4.1050234,4.3229275,4.504793,3.6725423,3.8441174,4.283763,2.292512,4.1919017,4.3280134,3.998393,4.5747404,5.546878,4.662465,4.1076875,3.1477911,4.751465,4.525288,3.8709278,4.207042,4.3599763,4.203825,4.5371327,3.7581706,4.9292,3.7277,4.4338827,4.8217487,4.3636956,4.064691,4.336062,4.978874,4.3803916,3.9085715,4.33728,4.275929,1.7595693,3.9632292,3.920004,4.5755157,5.0076833,3.7750823,3.3861997,3.995286,3.450116,3.8654668,3.4208345,4.1888833,3.2875228,3.1352193,3.6169415,4.765427,4.5851784,0.60970026,2.9511755,4.2868137,4.612258,4.193215,4.34127,4.0656323,4.1845627,4.1973696,4.790828,3.7142096,4.2390084,4.4747257,4.6273937,4.5584416,2.555029,2.4137104,4.154157,4.2940974,3.2081895,4.3435,3.1005604,3.8532145,4.8061056,4.195124,4.124136,5.7693667,4.9808655,4.487394,2.9388752,3.185069,3.5449312,4.4871707,3.9807117,2.9664197,3.2676396,3.1852405,1.9012551,4.129226,3.49163,3.709993,4.9789653,4.218734,5.52292,3.8423479,3.97197,3.9323933,3.8076358,5.197221,3.0604086,2.6318183,4.451296,4.039602,4.073807,4.308388,5.924388,4.571106,3.36306,3.3219528,3.2079847,4.4590054,4.3931127,4.2866216,5.010068,4.3809853,3.4983718,4.396223,6.0138087,4.733714,5.8288946,4.6885767,3.5299854,0.6447899,4.7508917,3.3517613,3.4657683,4.8852525,4.0341525,4.6472116,4.333264,4.7986546,4.1388793,4.3173933,4.166324,2.7610345,5.0859065,5.0259786,2.769374,4.810049,1.8554264,4.231436,2.8981404,4.4674573,1.475641,4.1192307,3.457391,3.396629,3.8978398,4.3945427,4.722053,5.036857,4.785423,4.3447275,2.265061,3.3306081,5.189374,3.0868948,3.577551,3.3358831,3.4777381,6.240505,4.4333553,3.9850233,4.0117755,4.6004643,3.9102404,4.478616,5.124294,4.6412797,3.3448553,2.4213443,5.5106945,4.7772827,4.08593
0.71581334,1.8606945,1.8354708,3.4753838,2.7274778,2.461061,0.53946906,0.7999391,1.0761516,1.4884111,0.61079127,0.6989756,2.3384154,0.7326947,3.697356,1.5198379,2.435682,2.2236335,2.8375049,2.4022977,0.8791664,1.6160921,2.2295456,3.0491612,4.933745,0.7381565,4.8739433,2.449456,0.76566607,2.374315,0.7185497,2.1439219,1.0581043,2.6247497,1.0105268,2.016289,1.4985089,0.8280186,4.196469,1.4093298,0.66034216,2.444966,0.649822,0.5235711,2.7985454,2.6416986,1.73534,0.8622616,1.1377337,1.1996366,0.63891554,2.4431744,1.7998116,2.077187,0.77919817,3.1873283,0.6888013,1.1123805,3.0713584,2.953076,0.9276615,2.0189154,2.0021122,2.1947803,2.8531444,3.3687365,2.1875458,1.3790392,1.4537816,0.69349325,4.7175784,2.0148108,0.65506315,1.6720028,2.6822536,1.0488427,0.9049592,1.1111131,0.935372,0.975973,2.2217522,0.82103556,0.7975849,3.3720913,0.95883477,2.6368587,1.0051743,3.0019877,2.3932683,1.0007459,2.1992726,1.3628477,1.4683697,1.0190119,0.60121876,2.5717719,1.884844,2.4302013,2.605529,3.455827,0.74266297,0.9891955,1.6088212,1.205584,0.4943581,0.67194796,0.65647405,1.1825246,2.952479,1.6088212,0.7626727,9.909711,2.8274322,0.81405675,1.3699733,0.75992167,1.0410491,1.122164,0.7688805,1.6498855,1.7929615,1.4215544,2.4278,0.8939497,0.90671295,1.209695,3.054074,3.5616145,1.3678039,1.3770823,3.07947,0.6795312,0.64993006,0.8192868,0.70032674,1.132299,0.66780066,2.1155295,2.121085,1.2390729,2.7060277,0.80487674,2.8874583,0.68012077,1.1711369,2.7089975,1.3304498,0.6827403,2.0473616,0.15361996,0.77689844,3.4918895,0.80480015,0.98550487,1.2240374,1.1860535,1.1651831,2.5757432,3.5619416,2.0764496,3.1990707,2.6498792,1.0307257,2.9598048,2.5418215,1.5985335,2.4430404,2.1560357,3.8372962,2.4028802,0.9863892,2.2820935,0.80638134,0.7003151,1.309005,3.0316725,0.85464126,0.918177,2.1730857,0.7472585,0.677038,1.3806587,0.63503015,2.2685518,2.1360645,1.1687738,0.963441,2.153935,0.898432,1.9901277,1.399037,2.06391,0.7606604,1.1668456,3.4660788,2.4021068,0.7448524,2.6131904,3.1335077,3.4936907,2.352659,1.1232178,2.6497538,1.5267872,2.292946,3.405116,2.7909048,2.1531715,2.5377982,1.8095613,1.2201967,3.3394058,0.7610082,0.8083967,1.1762854,2.4563458,1.582083,1.8801492,2.4123294,0.77277756,1.3226975,1.1313138,1.3418657,2.9774141,1.4068569,2.5752764,2.5909636,2.974935,1.0791348,0.631351,0.90324867,2.3299358,1.8730934,2.6853316,3.1247017,4.9586334,2.5276334,3.4110937,3.160194,2.1104825,4.4401383,0.67220235,3.505831,2.7260733,3.3417032,2.5110338,1.2497414,2.6621194,1.8815601,1.6388235,1.5419482,0.4129237,2.1078227,2.309625,2.453985,2.944887,1.8284672,3.034501,0.72353363,2.1873367,3.1553574,3.7779956,0.796287,2.0341878,2.0782008,1.5018618,0.96707577,2.9039052,3.7427795,1.8062389,0.50767076,2.5396738,2.871959,2.5943308,1.4461659,2.720624,2.6601684,1.15661,3.9546514,1.3414495,1.0397866,0.95887566,0.73091185,0.9781489,1.2058704,2.7993777,0.6200481,2.3017097,3.2925828,3.9530954,1.6495957,0.8765589
0.65081275,2.2359755,1.9095488,3.8850791,2.9779606,2.7318606,0.44433618,0.5438946,1.3613101,1.1649501,0.50692284,0.49427184,2.1358695,0.5139018,4.090046,1.5558048,2.706697,2.3459888,3.1267643,2.1498568,0.26467475,1.6460168,2.6300273,2.954349,4.812259,1.3662146,5.18109,1.9128944,0.7409427,1.7323726,0.47746885,2.1161861,0.6880386,2.8293464,0.7992817,1.6450462,1.5996242,0.5547716,3.384866,2.0440974,1.0081753,2.774188,0.43267292,0.6855033,2.7880535,2.7911098,1.944363,0.18825898,1.7862815,1.4395009,0.4987411,2.9569356,2.228357,1.9463298,1.5319374,3.50805,0.7162319,0.6876203,3.2943456,3.0123484,1.331092,2.7032175,1.7264193,2.4527795,2.0957155,3.219357,2.8592093,2.1383066,1.2718679,0.5501206,5.123572,2.4810658,0.5289902,1.2612714,2.1854377,0.7300006,1.3336978,1.072892,0.636094,0.6466132,2.4457455,0.901855,0.5937317,3.690462,1.3564414,3.4991992,0.63156754,3.3183074,2.1704926,1.1256771,1.9386598,2.1904345,2.2762904,0.65479976,0.4866882,1.9947973,1.3213761,2.579603,2.854648,3.4633477,1.1167448,1.6655408,1.9373908,0.85051197,0.79914296,0.891481,0.5576191,1.190855,3.777489,1.9373908,1.1106383,10.512931,2.8554456,1.719819,1.2199264,1.051596,1.5639076,1.9012861,1.4457908,2.5190544,2.1941962,1.834076,2.971589,0.6311129,0.7209344,1.8917862,2.848924,3.4827237,1.2863046,1.0026603,3.303384,0.51741767,0.6398949,1.3011885,0.51962274,0.759229,0.49893677,1.4970953,1.9329776,1.068253,2.6463602,0.5716177,2.8116424,0.57511693,1.8501863,2.3327892,0.5135403,0.6476991,1.7673635,1.0356708,0.55599564,3.9133265,1.2796785,1.1931212,2.0083933,0.55046785,1.2355359,2.4613698,3.807296,2.3116796,3.2126305,2.719538,0.77926826,3.0141797,2.589589,1.3041627,3.2913485,1.8582792,4.193772,2.365062,0.64255834,2.2960856,0.7076368,0.47997886,0.8767281,2.6792433,0.64534247,1.2880665,2.2307231,0.52534485,0.6513862,1.8019395,0.6331685,2.6670516,2.2512197,1.3473407,0.61827457,2.9804864,1.693392,2.3318706,1.2466512,2.637642,0.747036,1.6458397,4.3332553,1.7777351,0.56072533,2.7315934,3.2486973,3.726384,1.7315788,0.9578338,2.7483776,1.4173149,2.2239342,3.7840931,2.5291054,2.4694898,2.7198987,1.8423858,1.6683766,2.501925,1.3717428,1.4814248,1.6761268,2.1887174,1.2534645,2.1984212,2.7052894,0.54145074,1.5563067,0.86914027,0.76294523,3.447114,2.2973807,2.8263147,2.3515348,3.2415066,1.8301717,0.74166304,0.51257855,3.1768234,1.5411689,2.7840881,2.7311962,5.234432,2.067216,2.517549,3.295508,1.8196119,4.7853484,0.5290077,3.6832101,2.9353325,3.2506142,2.7583003,1.3510456,2.3430662,2.7745147,1.3817233,1.4101685,1.301861,2.5244863,3.17103,3.321373,3.2068014,2.1407201,3.3144033,0.47620243,2.4895647,2.6782143,4.218752,1.5392992,2.2020519,1.8536797,1.2310166,0.8221135,2.5838144,3.7451718,2.6923504,0.49282312,2.7064085,3.0461152,3.4566786,2.060196,2.8561544,2.714541,1.7856513,3.1171215,2.151122,1.7126932,1.1379447,0.42483807,1.5239943,0.7826567,3.6416638,0.6096621,2.4326024,3.676234,3.995156,2.3376505,1.5815322
1.0357282,2.7725677,1.9728695,4.0117965,3.0583503,2.9015563,1.020733,0.9787125,1.8793768,1.2054782,0.99429697,0.9612384,1.8320924,0.93200153,4.1856527,1.6037713,2.7912595,2.39057,3.2799096,1.8984928,0.868989,2.0779586,2.7542558,2.6914492,4.71774,1.8132193,5.2007294,1.4409049,1.0770869,1.2786362,1.1002989,2.4105158,0.79675233,2.754671,0.95441246,1.3491622,2.0428052,1.1383754,2.7514415,2.3697145,1.4279673,2.902126,0.9327699,1.1663132,2.5761456,3.1327784,2.397506,0.84482664,2.1600783,1.9250702,0.9734259,3.1340883,2.4295316,1.9848317,2.0574496,3.5942402,1.3026681,1.0931854,3.4299972,2.9458926,1.6771946,3.03313,1.5748857,2.5429347,1.4584879,2.9413748,3.2568922,2.7464714,1.66566,1.1793592,5.1820927,2.661934,1.1939775,1.0225594,1.9050429,0.86437434,1.6753131,1.5860375,0.81782115,0.7915837,2.8642576,1.4958118,0.91680664,3.765768,1.740135,4.0858774,0.767605,3.30879,1.8432554,1.3312856,1.7033713,2.8001895,2.8846736,0.7871391,1.0025336,1.6232963,1.2175575,2.5449238,2.8972144,3.3073013,1.7107829,2.2252898,2.4182415,0.89463943,1.3090951,1.2872196,1.2210251,1.271069,4.3595023,2.4182415,1.7480507,10.72229,2.8280675,2.3089209,1.1739266,1.4249476,1.9143826,2.3962576,2.0556915,2.9686604,2.3876476,2.106161,3.1882327,0.8482878,0.94583607,2.2854748,2.641312,3.3055577,1.6540858,1.0431144,3.4240346,1.1779591,1.2763911,1.6794662,0.9427119,0.7905683,0.99890256,1.024045,2.0025702,1.4723711,2.5519588,0.9184135,2.622739,1.1636117,2.2632444,1.9309709,0.61428285,1.2361306,1.4984511,1.6611493,0.89332616,4.0377054,1.692437,1.4316342,2.6268003,0.84034437,1.3518221,2.4072592,4.0019455,2.561961,3.198278,2.6070719,0.9231378,2.8220363,2.4142342,1.2217265,3.7919211,1.5948193,4.26684,2.3101876,0.7862365,2.221952,1.0203356,0.92855734,0.96094173,2.3554432,0.8911687,1.9043578,2.1919672,0.91943836,1.265789,2.359221,1.2816447,2.8009148,2.2456036,1.5380919,0.7857887,3.4436018,2.2275443,2.435093,1.3479491,2.9673648,1.0926797,1.9572983,4.898563,1.3323971,1.1500331,2.6051493,3.2603116,3.8675263,1.1997762,1.1545821,2.5976272,1.4014549,2.0190957,3.8987048,2.2587223,2.549969,2.6769974,2.2326446,2.0137591,1.90684,1.8057462,1.9531846,2.0158837,1.8252822,1.4862155,2.310274,2.7540674,1.1065787,1.7255319,0.99202675,0.7803738,3.8351097,2.8793454,2.9270656,2.0531495,3.42742,2.436382,1.3064052,0.88522124,3.716133,1.3392864,2.8561237,2.375414,5.2302713,1.8273206,1.8899788,3.2129745,1.7608346,4.8222446,1.1928779,3.7436023,2.9143808,3.0742166,2.7985098,1.834458,2.106786,3.3881288,1.2016366,1.3724341,1.8799515,2.6911955,3.7676566,3.868833,3.3074837,2.600438,3.301543,0.89845294,2.560452,2.1475227,4.35084,2.0503428,2.4075541,1.6489933,1.2420834,1.0425135,2.2581606,3.5548346,3.2758768,1.096838,2.7311058,3.1548872,4.045897,2.3890734,2.8311467,2.5414188,2.1306133,2.5385716,2.6564145,2.1437602,1.3811818,1.0568446,1.91455,0.7776254,4.1545053,1.2777975,2.3496366,3.868576,3.8606858,2.9277115,2.059843
2.2496445,2.5628028,3.3765352,4.125625,3.802943,3.5883553,2.434997,2.6659813,2.4116178,3.2367332,2.5049002,2.4952621,3.3709965,2.5169199,4.3840575,2.2722318,3.5679746,3.3417501,3.708977,3.009006,2.760104,2.7888756,2.9626775,3.4042642,4.7409267,2.0011663,3.8548613,3.5306354,2.3290067,3.7887046,2.5955353,3.0409064,2.530346,3.2991958,2.398524,3.5917637,2.853028,2.4094617,5.445003,2.146657,2.111555,2.2040973,2.520227,2.2259362,3.2423372,3.5288832,2.9000936,2.7410228,1.7898084,2.5604386,2.5056896,2.8874898,2.5710256,3.4076576,1.7450079,4.150669,2.617516,2.729426,4.12218,3.9458008,1.7281653,2.3163066,3.0966752,2.420232,4.4685345,3.590988,2.5258136,1.7747221,2.9170072,2.58281,5.219621,2.6232715,2.4891226,3.0764508,3.9181583,2.4655938,1.8634272,2.6383693,2.5462341,2.5704904,3.1821253,2.2576356,2.5477753,4.305784,1.9959593,1.3753083,2.5544562,3.5678642,3.4555645,2.2908294,2.909643,1.5089998,1.5577302,2.5319376,2.5208488,3.812965,2.9927034,3.5646265,2.2797241,3.261823,2.2224877,1.3932606,2.5840673,2.5076315,2.1484673,2.204857,2.4139056,2.4661202,1.8620447,2.5840673,2.3866537,8.270108,4.247369,1.2506146,2.5584877,2.0106976,1.6927606,1.218746,1.879161,1.2927752,2.1452518,1.7420166,2.9676545,2.5292578,2.372791,1.4705212,3.8175569,3.4289591,2.8488646,3.1179025,4.015304,2.4294145,2.5424376,2.0851235,2.5124161,2.580849,2.587745,3.544539,3.846615,2.649747,3.6920002,2.3692694,3.0403454,2.6321592,1.5208825,3.689493,2.9260345,2.615419,3.2626472,1.9218658,2.44541,4.115122,2.1330407,2.2615366,1.6862313,2.6917734,2.4799979,4.0004563,4.367363,3.3475595,4.1393056,3.267676,2.6025054,3.4398332,3.221103,3.3001125,0.9630235,2.991405,4.6239753,3.7840486,2.5497932,2.4910402,2.4433687,2.4492023,3.181912,4.2081647,2.4709716,2.252087,2.937905,2.5236993,2.5815263,2.523704,2.5159898,3.0092866,3.4568448,2.1172638,2.5430603,2.269099,1.3980273,2.6578007,3.050952,0.9892623,2.3807123,1.6909976,1.7384182,3.620909,2.6449685,3.2368991,4.074115,4.3275247,3.7671034,2.8522563,3.264267,3.1627197,3.3439453,4.084668,3.798268,2.558639,2.8457596,3.0420263,1.9015267,4.8639646,2.0193071,1.9062183,1.9719193,3.457995,2.8225234,2.7260714,3.1115901,2.6805198,2.1234648,2.798819,3.1646652,2.0778737,0.85491127,3.2593653,3.8467212,3.973037,1.8132179,2.4178529,2.761349,0.7788445,3.0547068,3.8446593,4.270904,3.9946082,3.8269713,4.9081225,2.8898957,3.9147267,5.121915,2.4254954,4.329072,3.1454365,3.6309793,2.6604218,2.7333941,3.8092027,1.1273507,2.8020487,2.5357263,1.7588419,2.8725417,1.1919085,0.8451726,3.8142207,2.7279994,3.6946547,2.5395195,2.9346547,4.1941643,4.3771977,1.7417928,3.355629,3.529457,3.18479,2.3480577,3.6613262,3.587371,0.7403399,2.4157107,3.7221692,3.967416,1.356922,2.244152,3.2846634,3.202222,1.9547021,5.3149266,0.9492167,1.7228823,2.231866,2.5843225,1.993445,2.604739,1.1436563,2.4605324,2.9056976,4.2038703,3.5715802,1.9295669,1.7294693
1.8455845,3.9817278,1.7809819,2.72517,3.2781668,3.4724414,1.929361,1.6336701,3.0883806,1.173069,1.8168999,1.6709945,1.3828195,1.6276577,3.8757977,1.4414297,2.0489821,3.1201699,3.9496992,2.0325494,1.9831492,3.5613718,1.6651229,2.6698616,5.847413,1.6267542,5.209888,1.892752,1.5324036,2.8152194,1.9802953,3.9866905,1.7248954,2.1879213,1.667183,1.1762346,3.4185467,2.3125417,3.7105684,1.7423197,1.5305922,1.9190916,1.7979736,1.7303569,2.5475779,4.55314,3.7105932,2.0808861,1.6384606,3.162888,1.7473184,2.0145044,1.2783427,0.75013065,1.9121374,3.2843077,2.0067747,2.6615832,4.111437,3.5703661,1.7765908,2.0866086,0.769507,1.343342,2.0496635,3.0989285,3.7047658,3.4553418,3.239537,2.029889,4.305971,1.5344919,2.1408954,1.0011151,3.508875,1.7575078,1.5507761,2.9925544,1.5943241,1.6003823,4.1966515,2.7021465,1.5489739,3.4031775,1.4539853,4.3728857,1.6856385,2.6870565,1.5094514,1.2803185,1.8654587,3.3775606,3.4955819,1.7125018,1.8765764,3.1860793,2.7253835,1.8548089,2.32763,3.0805144,2.8070111,2.960544,3.6459548,1.8783902,1.7292525,1.5146871,2.202213,1.2236078,4.7950783,3.6459548,2.7703414,10.609562,3.071629,2.6494853,1.3652437,1.5814911,1.6415578,2.182903,2.905805,2.5634131,1.3165888,1.6149839,2.1594317,1.5790498,1.7069297,1.8585229,3.7800655,3.6086204,3.138279,1.1739508,4.171415,2.2048573,2.0834959,1.4411049,1.6587503,1.67823,1.7785212,1.3018678,3.1066556,2.9967916,3.553753,1.7985349,2.5432694,1.9739287,1.8210287,2.7298484,2.2316957,1.974177,0.83049244,2.2419217,1.6707517,2.8022444,1.4588157,1.2474363,3.2989697,2.2732303,1.137704,3.3802593,4.977562,3.4409199,4.266839,3.0669239,1.3243531,2.671564,2.0868304,2.2139714,3.3362715,1.6291262,3.657125,2.987301,1.6517264,2.1750288,1.4669304,1.7073413,1.4965191,3.4921248,1.6104193,3.0073602,2.9609466,1.6132483,2.0281298,3.4414713,2.11698,1.6094121,1.8891176,1.3604056,1.658597,3.491655,2.1410613,1.2234123,1.0311309,2.810523,1.4759479,1.6424894,4.6680546,2.757979,1.9436339,2.5036345,4.0360565,4.7148194,1.4153525,1.2283891,2.2550006,1.8696237,1.2307454,4.002223,3.3013036,1.2588478,1.4698226,3.715264,1.4501928,3.3965313,1.5970948,1.7009585,1.3853022,1.8254596,3.1369715,1.1390812,2.980578,1.8954694,1.2724544,1.1835139,1.44473,4.6919546,3.1360693,3.6754665,2.6566796,4.173365,3.1737673,2.461697,1.6058373,3.4590037,0.9006606,1.3722425,3.5517905,5.251546,3.4159117,3.19376,2.7731667,2.6351054,3.9223135,2.2269473,4.5352583,1.3216778,3.915693,1.4671707,3.165386,3.407532,3.6529746,1.2637662,1.2593653,2.1029475,1.4932514,4.0795264,3.634837,3.8691847,3.8539357,3.114757,1.6813519,1.2396941,2.40314,3.2197185,1.870641,3.335693,0.9257728,1.0259975,1.5485246,3.2081347,3.579211,3.2566197,2.1153655,2.9614065,1.7286735,4.3377514,2.6380935,3.5243666,2.4113297,1.6237152,3.963846,2.450973,1.7074871,1.3007371,1.9895673,1.4652922,1.8167273,3.7303014,2.1883895,1.3819627,2.7805068,4.0321097,3.7482448,1.7875975
3.7759569,5.094992,2.4655294,1.0894756,3.4604642,3.8477685,3.6318173,3.3686376,4.389745,2.8935027,3.5034633,3.500361,3.4221008,3.4746115,3.2643409,3.6419537,1.8715199,4.0646644,4.4038305,4.4276304,3.7509966,4.99651,1.9711796,4.6439753,7.9238033,2.9390872,6.704885,4.373776,3.469345,4.854932,3.6442585,5.522438,3.8365061,3.075528,3.7627354,3.0095005,4.659524,4.1574225,6.0807056,2.4816222,3.2570193,3.5884101,3.5518725,3.509256,4.304902,5.5888643,4.8111906,3.8477244,2.866881,4.407193,3.482324,1.9647502,2.1173537,2.4884276,3.1169603,2.7687528,3.4369235,4.4352326,4.3853426,4.3938184,3.6072552,2.1496544,3.343682,3.1190398,4.1485023,5.207793,4.104383,4.34422,4.771728,3.6258461,2.9627414,2.1063163,3.7862635,3.3937364,5.3994594,3.8726063,3.3098185,4.4859805,3.599959,3.6285365,5.1950088,4.349407,3.4142597,2.777792,3.1596365,5.0001755,3.7524965,2.9472785,3.4863806,3.2316635,4.2702794,4.2640896,4.3674617,3.795178,3.5346665,5.2476454,4.988491,2.295176,4.1691127,5.132886,4.1834474,4.3491325,4.7841907,4.0505056,3.448957,3.3157651,3.8908143,3.2438567,5.3834534,4.7841907,4.031589,11.257435,3.286453,3.8016205,3.5558455,3.4405382,3.2878022,3.4143956,4.1192646,3.1868203,2.8428264,3.3890817,1.8000902,3.5544164,3.7383895,3.1756809,5.5079145,5.7632794,4.585253,3.0504575,4.613089,3.924478,3.604387,2.9587827,3.4628017,3.8144515,3.4427714,3.7581573,4.0092936,4.6652436,4.836759,3.7857156,4.7282605,3.5002189,3.132886,4.764775,4.3272305,3.4648354,3.202254,3.6234503,3.6050506,1.2753094,2.9342127,3.110614,4.237316,4.337175,3.0712867,4.2951727,5.405223,4.081521,5.250582,4.4537034,3.3912377,4.109414,3.589926,3.6602492,3.9623773,4.0771637,2.6386597,3.8385766,3.7006786,4.3441324,3.3907857,3.5847282,3.1630964,5.0983105,3.572549,4.326866,4.4687524,3.4679818,3.5353866,4.441453,3.6503694,1.8097533,2.488355,3.385643,3.6968012,3.540242,3.38921,2.3462868,2.726314,4.3211827,3.3681457,3.3451836,5.0942287,4.9946017,3.5384762,3.7764032,4.731136,5.1152277,3.822746,2.9709878,3.5917885,3.185821,2.935607,3.890391,4.982838,2.67363,3.1308866,5.0027685,3.0817254,5.5182,2.9184105,2.94637,2.861461,3.869265,4.995287,2.233087,3.7954338,3.5072253,3.246253,3.151656,3.3462315,6.1262145,4.0957756,4.5985374,4.08604,4.482255,4.161404,3.9693477,3.3970554,4.1999717,3.442445,1.3706856,5.259746,6.7853622,5.2079277,5.480991,4.6418386,3.604024,2.5521288,3.9326272,5.0651145,2.562822,5.7620482,3.0939996,4.4478035,5.0820017,4.3483653,3.5855522,3.5911937,3.3540134,1.825084,4.784059,4.290731,4.30084,4.948116,3.4816465,3.501728,2.1019814,4.574474,1.5562946,3.0922127,4.0951843,2.6753476,2.8211398,3.6478043,5.258912,5.5027637,4.0562887,3.7472641,3.3723512,1.0092379,4.9715014,3.4037275,4.772166,3.9553828,2.741736,6.2285466,3.5822272,2.9686213,3.2158637,3.704436,2.862938,3.9790237,4.3168,3.7684202,3.0413334,0.84908706,5.976384,4.648837,3.0576963
3.4707792,4.476316,1.9808445,2.0624216,1.3947548,2.1071506,3.420337,3.3822122,3.7455485,3.1560624,3.2697427,3.4286098,2.5947125,3.3652627,1.0950562,3.3889616,1.4803686,2.1457686,2.3597686,3.7598088,3.691629,4.266565,1.8977777,3.2990394,6.2546487,3.1467457,5.308253,3.7105129,3.3515513,3.5752738,3.701393,4.4653916,3.4352899,1.4625372,3.3965983,2.5896335,3.9057488,4.0010977,5.1149454,2.533364,3.3425112,3.8246539,3.3487022,3.3997612,2.7746575,4.39012,4.0043316,3.6861854,3.0577998,3.6909318,3.3008757,2.0027032,2.5312185,3.5032232,3.487235,0.9455359,3.5522661,3.897154,2.4065957,1.9759852,3.4803216,2.608422,3.5735614,3.4397364,3.5660372,3.8976936,2.8739011,3.9749157,4.10249,3.7048254,1.7831889,2.286708,3.8057172,3.2230752,3.8369741,3.4755363,3.3073041,3.9776368,3.2617583,3.2658768,4.2294044,4.050958,3.2401695,0.9189616,3.4900525,4.7969775,3.364344,0.9648596,2.5243711,3.1042736,3.6653712,3.9682553,4.0421515,3.3977544,3.2949746,3.8553355,4.325782,1.3095813,3.8091817,4.268199,3.7579525,3.9660397,3.9697797,3.562882,3.4773088,3.3192658,3.8824146,2.9494298,5.0008492,3.9697797,3.825962,9.944018,1.5434083,3.7085617,3.1123247,3.4255888,3.3391023,3.6816432,3.7565098,3.192542,3.1623852,3.5259154,1.9696635,3.245912,3.378048,3.325767,3.5085013,4.5855923,3.7601676,3.2218792,2.495728,3.8838706,3.7017915,3.1007802,3.305412,3.3724566,3.3221977,3.51426,2.8808038,4.0027237,2.7111385,3.4975348,3.865708,3.5224605,3.3999946,3.1987698,3.9861095,3.555744,2.9386525,3.5616233,3.3466501,1.923265,3.2126415,3.0662909,3.9423811,4.038926,2.8781521,2.4307244,3.4631605,2.7068224,2.9982219,2.3960073,3.2610753,2.2990386,2.1229715,2.5875087,4.385733,3.5765162,1.0967149,1.9501432,3.3190296,3.6755264,3.2940526,3.4342175,3.1686223,3.0676541,3.255555,4.00129,2.6902094,3.3337178,3.6535234,3.9101913,3.7326899,2.0238512,1.4996679,3.2873633,3.3299308,2.8900487,3.6817539,2.412911,3.0190732,4.1244407,3.31038,3.3494859,5.502986,3.8512993,3.6459448,1.9197136,2.3764727,2.9880724,3.4422927,3.1221714,1.9718832,2.2736044,2.2118247,1.5417306,3.0181606,2.8066254,2.9581578,4.1400223,3.4986737,4.3790674,3.1128352,3.2828171,3.2261236,2.7225056,4.218141,2.3586576,1.7119329,3.603289,3.2011988,3.1721132,3.388702,5.2125545,3.991531,2.5229142,2.1676612,2.6324751,3.7894552,3.5158238,3.3943267,4.584629,3.4358943,3.0331802,3.271056,5.3546405,3.6395109,4.6988707,3.8681257,2.5987005,1.5600606,3.8850896,2.6969054,2.8363776,3.8704522,3.3580287,3.8128507,3.2360163,4.3232155,3.1434848,3.3774314,3.448152,2.2214868,4.634745,4.632499,2.0730283,4.0572877,0.9506617,3.3220687,2.2432697,3.3544636,1.8945017,3.4466667,2.6510878,2.4658005,3.0307655,3.4688032,3.6101484,4.1324534,4.297741,3.4579873,1.3450826,2.985953,4.779664,2.3563716,2.6269948,2.3287275,2.7903187,5.083879,3.8327687,3.3191025,3.1468344,3.7326136,3.198593,3.4771886,4.779233,3.8055325,2.4873743,2.482188,4.627696,4.158757,3.4089894
2.6097138,3.7667947,4.002777,5.2989984,4.34785,4.2534404,3.0462217,3.268503,3.2921488,3.6921837,3.084639,3.0414226,2.7212453,3.0168855,5.169987,2.19883,4.4061303,3.4456904,4.210401,1.6158497,3.2642627,3.3704526,3.8499014,1.7029676,2.5354836,3.2604103,2.530388,2.226828,2.803407,2.6611302,3.3258083,3.1883326,2.5018284,3.275585,2.457185,3.4701986,3.5935876,2.9156787,3.4483829,3.4785802,2.9767935,2.6234434,3.050017,2.9006271,2.0031264,4.154725,3.7888935,3.1985238,3.1295502,3.4020858,3.0702753,3.997589,3.617093,4.010778,3.3324952,4.9485464,3.5480578,2.9508631,4.6767178,3.733797,2.4623308,3.9419231,2.9450107,2.8477387,3.5746255,1.3345242,3.9051883,3.6148183,3.3290384,3.3905056,6.079016,3.6493282,3.2745707,2.865557,2.7384675,2.4420178,2.708735,3.285776,2.7222064,2.6936662,4.06051,2.990475,2.9819157,5.0944934,3.024085,3.9599953,2.6017778,3.8611965,2.7449577,2.7506256,1.7446334,3.5223105,3.5699325,2.5510998,3.1186442,2.4658785,2.1222308,3.9829996,1.8899333,1.3801588,3.2058666,2.8052163,3.5525804,2.2689018,2.9898832,2.926145,3.1800053,2.6906612,4.2110844,3.5525804,3.5243006,8.251488,4.623719,3.112355,2.4027147,2.7254293,2.7167292,3.056121,3.2465014,3.3707101,2.9948237,2.5844965,4.243173,2.7679188,2.531282,2.918968,2.3930006,0.72413003,3.2710516,3.4997141,4.4179606,3.13919,3.4434073,3.1177642,3.024981,2.4767787,3.2144432,2.9415843,4.193372,2.962662,3.1136208,2.6372328,1.2938317,3.4372559,3.0163472,2.1193645,2.794459,3.4884334,2.9282935,3.1685221,2.785315,5.2652426,3.2452097,2.859813,3.536653,2.7014964,2.8564184,3.9663293,4.9061327,4.0755763,3.8417292,2.4975333,2.8641088,2.509203,2.6295056,3.3128364,3.6526015,2.0049906,5.4877954,3.8292387,2.6317005,1.408572,2.9093854,2.917924,3.592626,3.0449066,2.7338226,3.3757331,2.356336,2.9992752,3.4781744,3.7846606,3.4157403,3.9629073,3.9165435,2.5224335,2.651435,4.1779003,3.1549137,3.3564923,3.6137946,2.196916,2.9216518,2.603915,4.4929333,2.2038143,3.4316034,2.727274,4.0532885,4.745448,2.9973555,3.4251275,2.746481,3.3956106,3.1087246,4.724949,2.591374,3.0983396,2.802656,3.6351817,3.019178,3.4348433,3.251296,3.3194702,3.130474,2.4411314,2.690225,3.470606,3.2557778,3.4281173,2.5832138,3.1781418,3.4381857,2.733902,3.2516828,3.3329222,3.1353667,4.6340857,3.473982,3.1178496,3.2696655,3.6246817,2.7804322,4.7663484,2.932692,2.5276518,2.8603396,3.458739,1.6553206,4.138055,5.950832,3.1484282,4.452,3.438996,1.684314,2.9448204,3.512161,2.7782795,3.7458348,2.418892,2.359021,3.2368326,3.9096875,3.8001256,3.7382164,4.1900296,3.6725876,3.8622437,3.013119,3.6168048,2.5708227,5.567801,3.3005807,3.9272459,3.5742776,3.5999265,2.5780015,1.7725857,1.3920321,3.5380843,3.0654254,4.094663,5.044455,3.9486158,3.307295,2.733336,2.3745382,3.2045527,3.5046115,3.0786736,3.1934006,2.7805896,3.2601411,3.2176878,2.3728125,3.8571944,3.3310146,2.7917938,5.6025014,1.2048478,3.6789331,3.2345943
2.478555,4.2008677,2.9548624,4.7871256,3.8296986,3.847654,2.606721,2.5311747,3.3455703,2.4079251,2.552258,2.5079591,1.9999225,2.4605117,4.86634,2.4895701,3.633562,3.159316,4.1222644,2.0358412,2.496706,3.4251697,3.6169493,2.5503826,4.6588154,3.225637,5.3831,1.2578795,2.4974346,1.3723195,2.7201388,3.512031,2.1289008,3.190193,2.2445998,1.9296074,3.4339817,2.689744,1.2659047,3.5770278,2.849814,3.6245437,2.5021274,2.6701303,2.629332,4.280732,3.7695255,2.478553,3.4285746,3.3640437,2.527197,4.0290837,3.4578857,2.9011478,3.520542,4.333961,2.9119034,2.5572166,4.2563167,3.3890622,2.9380968,4.1837597,2.206237,3.287928,0.831308,2.6655838,4.4775987,4.261776,3.0362394,2.8026328,5.7243404,3.6170099,2.8187397,1.8505217,2.0652795,2.1754727,2.9535189,3.076389,2.2194543,2.177265,4.1537538,3.0297956,2.3972497,4.468168,3.0730793,5.5053477,2.1471045,3.811224,1.9488108,2.560754,1.9800768,4.307796,4.387886,2.1479013,2.575159,1.6574949,2.0112793,3.186731,3.4184184,3.2796676,3.2529452,3.6635475,3.8027925,2.0919042,2.8167636,2.7130787,2.8329577,2.380651,5.769105,3.8027925,3.3488193,11.182237,3.4760342,3.798407,2.138475,2.7836504,3.1587381,3.7682025,3.5915058,4.254163,3.3523028,3.2039528,4.163472,2.2654204,2.3024206,3.5412264,2.700062,3.1988754,3.002712,2.3024745,4.19897,2.7864473,2.9018233,3.0328646,2.4733288,2.0618477,2.574367,1.3754493,2.9944503,2.8568733,2.9703712,2.3714564,2.660955,2.777586,3.551997,1.6825112,2.059575,2.8471386,1.9520317,3.2321696,2.366636,4.8022757,3.0874443,2.6757023,4.156002,2.2773528,2.4891875,3.0386596,4.858493,3.6781492,3.692865,2.926334,2.262435,2.9019547,2.6604638,2.2223728,5.085797,1.8855975,4.919117,2.961047,2.165873,2.6395707,2.4527278,2.4607327,2.3196723,2.2679565,2.3062546,3.4614558,2.7642763,2.4378998,2.8848786,3.8581915,2.9095378,3.6797817,3.021293,2.6638076,2.1838417,4.763621,3.6669838,3.283107,2.5493464,3.9933786,2.5278187,3.1384482,6.261164,1.321174,2.7625642,2.9173658,3.8219993,4.633874,1.1921757,2.5075836,2.8580446,2.4166524,2.3861516,4.6192517,2.3051805,3.3055298,3.141703,3.53345,3.255182,1.0251552,3.2058876,3.3745935,3.2637222,1.7996956,2.66713,3.2135248,3.4314194,2.7130876,2.777317,2.3182254,2.160369,4.8810925,4.3295217,3.6634476,2.1864684,4.3389235,3.9611242,2.860614,2.4306285,5.0691595,1.9925828,3.6836054,2.170027,5.354138,2.1409953,0.78618723,3.3977098,2.6370556,5.357616,2.803088,4.3485065,3.4229026,3.0597882,3.405837,3.2902431,2.3101337,4.8777394,1.9475994,2.2382452,3.4032946,3.6409929,5.2117925,5.2306666,4.0491223,3.9468555,3.7985804,2.4377224,3.3483045,1.341937,5.111751,3.4972138,3.4741454,2.244085,2.3819985,2.3613822,2.0664625,3.401233,4.7180185,2.6881123,3.4477663,4.0146112,5.470951,3.5857882,3.2970629,2.7320132,3.3776636,1.4331578,4.0168605,3.4844708,2.6361127,2.6760223,3.2467663,2.0107436,5.4494305,2.905924,2.8252168,4.8152165,3.7893772,4.411261,3.4661088
3.0361085,4.6163836,3.4956489,5.3598847,4.4314623,4.4114575,3.1019545,2.9939816,3.8107262,2.8297198,3.0627496,3.002975,2.7419,2.9683425,5.4978037,3.1493163,4.213933,3.7910774,4.7123666,2.7359078,2.8979108,3.8103502,4.2703958,3.32928,5.1128297,3.787271,6.1075416,1.9579958,3.0505157,1.94309,3.1301675,3.9112024,2.7087898,3.9393604,2.8405962,2.4943712,3.8387823,3.1132164,1.1397219,4.211895,3.398369,4.2732224,3.0042076,3.2032208,3.4308975,4.6689625,4.177968,2.889363,4.0463653,3.8217463,3.03574,4.696284,4.077319,3.285096,4.0582604,4.9258776,3.3247874,2.9744692,4.7863684,4.0243144,3.5488605,4.819699,2.7370617,3.925683,1.2325264,3.3935528,5.104594,4.7765975,3.4011557,3.2080388,6.346698,4.2701006,3.22846,2.4384027,2.5389957,2.757883,3.5590794,3.4746835,2.7919269,2.7541556,4.5522995,3.4623535,2.9303663,5.0580416,3.6200633,6.089917,2.7218769,4.5376787,2.6999607,3.1712286,2.6777766,4.8447413,4.9208994,2.7254534,3.0757442,2.18397,2.463547,3.8179567,4.1244936,3.978089,3.7204623,4.209925,4.257642,2.6869154,3.3352597,3.263079,3.2475238,3.0226057,6.3439326,4.257642,3.7681055,11.921355,3.9843233,4.3597527,2.806736,3.355378,3.7757578,4.3514576,4.0946693,4.909794,3.9932032,3.8274264,4.805277,2.8328698,2.8874905,4.166982,3.3320222,3.863818,3.429927,2.7458596,4.7584367,3.2026856,3.3083332,3.60928,2.9887567,2.6601932,3.0556521,1.9255465,3.3842144,3.280243,3.599986,2.917398,3.381558,3.200848,4.1572976,2.446031,2.463745,3.2636633,2.596122,3.7396016,2.9141865,5.3900447,3.633757,3.279316,4.6708884,2.6998878,3.1162798,3.54531,5.3525686,4.190473,4.243329,3.6868994,2.8180025,3.698524,3.4462056,2.782695,5.7054243,2.5742435,5.5141,3.5348604,2.7437885,3.356702,2.9956868,2.9734592,2.7426069,2.8556645,2.8780217,3.8925197,3.488869,2.953135,3.2917278,4.293077,3.3164496,4.314443,3.6288598,3.2906024,2.7559888,5.393843,4.2217975,3.9474664,3.021641,4.6520805,3.0695107,3.7700684,6.8538256,1.9345384,3.1672602,3.701197,4.4116774,5.1653075,1.7823858,2.9909365,3.6425269,3.0093164,3.0894794,5.259164,2.9725165,3.979744,3.8454514,3.9120708,3.8251262,1.093898,3.77183,3.9262033,3.8515944,2.587696,3.0792544,3.8558223,4.1540465,3.120942,3.4181635,2.8336928,2.5710976,5.4484453,4.9087834,4.322616,2.8740504,4.8657303,4.4755564,3.3401823,2.88508,5.6610518,2.5689225,4.1000586,2.750034,6.0727897,2.627599,0.53314567,4.1316595,3.0429423,5.946353,3.2187963,4.9169545,4.0770903,3.7457876,4.0621495,3.7027423,2.8995717,5.437027,2.6267247,2.8782783,3.9389157,4.2624555,5.7834053,5.8286657,4.6601114,4.393732,4.5153904,2.950302,3.996919,2.091874,5.699001,4.042918,3.9942105,2.811945,2.8454468,2.9306068,2.7690828,4.129794,5.289492,3.176275,4.0581264,4.434873,6.0526977,4.2446404,4.011382,3.5314736,4.007993,1.2779685,4.608666,4.066544,3.2381513,3.0883706,3.8176332,2.606621,6.0608306,3.3146546,3.5565221,5.3000236,4.4858203,4.916441,4.0253773
2.0323274,4.164731,2.5798736,3.274143,3.6440423,3.8404489,2.3631532,2.2649252,3.3483553,2.192555,2.2964153,2.154497,1.275432,2.1095927,4.1673684,1.0615654,2.724174,3.284785,4.143015,1.2856268,2.5512385,3.7808726,2.0046468,1.7804376,5.0588927,2.019588,4.0264325,1.6677496,1.8585892,2.9112058,2.5476882,4.044895,1.8968776,2.0532303,1.783495,1.9684476,3.7470398,2.6047816,3.672491,2.0178666,1.875766,0.98540556,2.270335,2.0740123,1.8301013,4.7656565,4.0159965,2.5988972,1.7641861,3.4551187,2.2339356,2.2025387,1.6912175,1.9629525,2.2177553,3.7582927,2.660012,2.9514525,4.456758,3.658512,1.6615939,2.3048222,1.1114095,0.69124424,2.6048882,2.126823,3.7834435,3.5939605,3.548219,2.6104848,4.5932283,1.7796195,2.6340163,1.4675021,3.5053535,1.8803729,1.597978,3.3189373,1.9131743,1.9042724,4.4628763,2.9341805,2.0267165,3.872761,1.7165577,4.160653,1.9268388,2.6559706,1.4276607,1.5180286,1.2328812,3.455483,3.5652392,1.9173377,2.3643355,3.140164,2.6356292,2.3722558,1.1332015,1.849108,3.0858817,2.9093893,3.8520277,1.8944188,2.0919096,1.8712614,2.6292922,1.4369605,4.6003327,3.8520277,3.1940877,9.5174675,3.6841445,2.7037387,1.3679192,1.7437284,1.5771548,2.1435242,3.1080854,2.4467587,1.0979439,1.3029841,2.4975877,1.9243836,1.8715159,1.7577882,3.4659033,2.5395992,3.4331858,2.0895586,4.398634,2.6180434,2.6654608,1.8106376,2.1387482,1.837228,2.3417828,1.7267572,3.7402267,3.2062469,3.5166976,2.0268514,1.4563961,2.5973127,1.8024784,2.4179356,2.538214,2.612948,1.1862497,2.5579162,2.0073252,3.3034012,1.9160805,1.5400558,3.444723,2.5065148,1.4743216,3.761558,5.1981177,3.839464,4.3213797,2.713338,1.7609997,2.1045084,1.6864314,2.699817,3.000202,1.1225703,4.0992217,3.363402,1.9117597,1.2036493,1.889258,2.114089,2.375096,3.4707966,1.922173,3.3027198,2.7133431,2.0891697,2.6430607,3.773624,2.676019,2.0240965,2.4930809,1.3069218,1.9305573,3.6269107,2.2451346,1.3655767,2.020819,2.0887325,1.8881382,1.4620155,4.3172545,2.6598604,2.5709553,2.1548238,4.1566644,4.9163837,1.7978172,2.0493343,1.8604946,2.4249234,1.3861692,4.18973,3.1335597,0.9608848,0.60654306,3.9964695,1.5640581,3.6297474,1.9908986,2.0664103,1.6027501,1.5642259,3.2279885,1.5110618,2.9129074,2.5393565,1.1496937,1.873794,2.2638428,4.1755023,3.0462496,3.613357,2.766621,4.500225,3.3565943,2.814846,2.2597072,3.1697154,1.1717297,2.4936004,3.4802246,4.0600867,3.477235,3.4414477,1.5132871,3.3709903,4.3371854,2.6395483,4.6530967,1.039099,3.2613976,0.653637,3.5257792,3.365431,3.6059651,1.2485366,1.111596,2.4012406,1.9562119,3.9172862,3.344489,4.0408235,4.0514326,3.1081276,2.1574593,1.5508934,2.1263525,3.7081723,2.1617534,3.7166288,1.8027731,2.033005,1.725688,2.7473145,2.463199,3.132233,2.5203826,3.3375006,2.784623,4.135783,2.7588022,3.2409682,1.8686367,1.8259506,4.0345993,2.312702,1.8883495,1.5416809,2.5250103,1.8022808,1.9114602,3.3508682,2.688936,0.9296188,3.6127784,2.891829,3.8513153,2.035173
2.6108534,3.4305036,1.157249,2.9857006,1.6057413,1.6991187,2.3263571,2.2242055,2.6421912,1.9684303,2.188577,2.3781347,2.573765,2.3338835,2.5882401,3.0833051,1.7145939,1.8328124,2.280889,3.560048,2.3751485,3.0279076,2.4371438,3.7085433,6.1267834,2.5702233,6.2088795,3.1584432,2.5181127,2.5495372,2.450838,3.3738031,2.5682626,2.4887567,2.6257274,1.7514343,2.6235993,2.846859,4.2164464,2.525713,2.6161878,4.0798693,2.25652,2.507854,3.2896109,3.2982798,2.7958198,2.369319,2.8580291,2.544067,2.2343433,2.7891605,2.6109958,2.7149594,2.9118273,1.909009,2.2811792,2.6165407,2.0809305,2.1216865,3.0319672,2.9623678,3.0270474,3.585143,2.4495642,4.202111,2.860227,3.280153,2.7329426,2.4429553,3.6237426,2.6655402,2.575222,2.4752991,2.8790472,2.640755,2.8616936,2.677548,2.361626,2.368478,3.089206,2.921392,2.2567606,2.0447104,2.9206004,4.6842155,2.4652944,2.5855694,2.5070343,2.5362813,3.3858423,3.392982,3.4638681,2.5157073,2.178092,2.9294703,3.3285139,1.7188042,4.170084,4.6938486,2.6719785,3.3291228,2.93769,2.760111,2.604001,2.5441225,2.6885874,2.428471,4.8592587,2.93769,2.6005285,11.279086,0.8843927,3.1799824,2.5987842,2.7809877,3.0266044,3.3747344,2.874724,3.3677397,3.2366264,3.3410625,2.6484723,2.3403757,2.5667794,3.1788518,3.270924,4.810893,2.4820516,2.0719962,2.3185883,2.6884673,2.4467409,2.5496397,2.273524,2.5378191,2.1716697,2.643492,1.1500754,2.7866924,2.4420588,2.5849016,4.0628843,2.2511842,3.17732,2.9326396,2.737373,2.2919745,2.532069,2.6694057,2.4113698,2.9696512,2.572401,2.522793,3.235448,2.871505,2.3575563,1.4582624,3.0571542,1.7894698,2.678754,2.799508,2.391749,3.112111,2.7248626,1.3687865,4.555236,3.2462869,2.5779333,1.2649115,2.4282172,3.7138727,2.40681,2.424726,1.8233811,2.5643513,2.3746643,2.8644288,2.6336615,2.314029,2.3914828,2.7881706,2.4843407,2.494938,1.3436968,2.872531,2.4259956,3.0333507,3.2107565,2.7096727,2.0239089,4.22567,2.4461682,3.1067777,5.644691,2.992083,2.37324,2.6701336,2.3482769,2.7953792,2.6316853,2.0782022,2.752827,1.3035349,2.3393717,2.5031638,2.7103367,3.1510105,3.4387472,2.8511992,3.1216173,3.1081555,2.5508215,2.734251,2.8999462,2.6768079,3.0484893,2.499918,2.2968771,2.326296,2.9247541,2.202343,2.090086,4.98534,3.6652799,2.588237,1.9048469,2.2280223,3.021768,2.3603067,2.2003636,4.5804005,2.849007,2.6573484,2.7627132,6.252305,2.63857,3.4297876,4.419898,0.7032127,3.2096686,2.6859412,2.7343252,3.373141,4.000783,3.7071548,2.5164878,2.596176,4.006702,2.6542187,2.926403,2.7432292,2.516431,4.420437,4.666777,2.2247844,3.034421,2.4038644,2.2698843,2.6110177,3.1636407,3.0853434,2.901687,1.7055831,1.887178,1.9744331,2.694117,3.3869586,4.7091594,4.0805373,2.3323014,1.3889873,2.71965,4.649012,2.2617848,2.8911893,2.9578638,2.626335,3.9262922,3.6158452,2.9736903,2.5790195,2.4929707,2.7441084,2.6287951,4.961678,2.5748434,2.9164958,2.6955998,5.1406956,3.4537957,2.932249
5.0068264,5.809366,3.3111405,1.8402002,2.9398136,3.546681,4.877001,4.767368,5.2034183,4.4386253,4.7308016,4.8623557,4.3066044,4.8152127,1.8363111,4.9233556,2.4959264,3.9584496,3.8508863,5.496673,5.118035,5.7864985,2.9369357,5.1422653,8.196548,4.346485,6.8169556,5.481402,4.814742,5.498894,5.060294,6.10911,5.0472045,3.2164528,4.986454,4.132009,5.3686466,5.4781666,6.984408,3.629239,4.681901,5.010923,4.814816,4.829937,4.649276,5.836094,5.411451,5.148248,4.2204533,5.1512017,4.753835,2.8203592,3.5482488,4.5016527,4.598232,1.9558616,4.833021,5.4886956,3.7508135,3.8752894,4.9038835,3.333081,4.9677067,4.629023,5.223207,5.754835,4.059749,5.1518,5.6520605,5.039628,0.6693363,3.2975228,5.1722455,4.76542,5.797653,5.085925,4.669003,5.465385,4.825805,4.843991,5.6110106,5.516818,4.715074,1.7863703,4.728703,5.714473,4.9620314,2.6089988,4.282515,4.556073,5.384194,5.119149,5.1891017,5.0022326,4.752139,5.816459,6.091024,2.776041,5.2397394,5.922592,5.1778364,5.346685,5.391168,5.220925,4.8438215,4.7063284,5.268501,4.475606,5.9249277,5.391168,5.1430454,10.721487,3.013235,4.9239926,4.7317405,4.8254757,4.6474514,4.8042,5.088901,4.1646514,4.317678,4.8195095,2.6452763,4.7922363,4.9541535,4.508183,5.5351524,6.403563,5.334028,4.5664663,3.9694605,5.2891,5.0107393,4.3680983,4.7636724,5.0028977,4.739404,5.1120377,4.3749065,5.5968566,4.6620603,5.0423265,5.5916104,4.859102,4.5476956,5.2045155,5.5953627,4.860067,4.4807906,4.869494,4.867703,1.7131732,4.4276385,4.467962,5.125521,5.62339,4.3472047,4.17531,4.74886,4.1357894,4.782102,4.3817496,4.7514167,4.190157,3.9557462,4.3042006,5.1677804,5.260248,1.1674987,3.749923,4.909454,5.3432317,4.7477384,4.906189,4.5422726,5.097973,4.8017755,5.364453,4.6235123,4.793833,4.9526105,5.2026906,5.049495,2.9476185,3.0117679,4.7341905,4.913053,3.734902,4.81417,3.58682,4.2788596,5.424538,4.742379,4.6817102,6.1332445,5.773994,4.9711676,3.8396926,4.097262,4.3462048,5.079111,4.449098,3.8134441,3.9144683,3.820531,2.7730799,5.0588584,3.985718,4.274706,5.6420245,4.678799,6.2579947,4.319219,4.4196763,4.3911715,4.5695033,5.9087067,3.5265434,3.5567322,4.936497,4.6060667,4.585735,4.797044,6.687839,5.1066227,4.282558,4.1857066,3.9395764,5.026103,4.9995723,4.798239,5.4308233,4.9262757,3.5728526,5.3117495,6.8895464,5.5760517,6.5037055,5.4291615,4.115983,0.5457677,5.289094,4.2388773,3.8975532,5.8598137,4.5142674,5.2641916,5.2306437,5.2832565,4.7808084,4.925428,4.6635246,3.1320355,5.5983853,5.4445677,3.6412628,5.4727902,2.8384395,4.7929683,3.3442304,5.2385163,1.2954063,4.566236,4.171803,3.8979468,4.3377843,4.986715,5.6314383,5.909317,5.236946,4.9240537,3.0672321,3.3140633,5.7007914,3.7871356,4.551141,4.207364,3.9824464,7.0013404,4.915579,4.440416,4.569841,5.1138196,4.3668766,5.139252,5.5104723,5.148744,3.9809124,2.2059216,6.394613,5.3593626,4.538751
0.77203447,2.5008993,2.2516446,4.031568,3.4582753,3.2450078,0.75580335,0.7168094,1.7311777,1.2567879,0.8450575,0.63091403,2.2729256,0.6804081,4.4944115,1.4596614,2.9776967,2.8604097,3.6427782,2.0934684,0.53614736,1.9808084,2.7741868,3.0661664,4.9400277,1.3846053,5.217882,1.9213111,0.775847,2.1096034,0.58632106,2.460941,0.8222436,3.0929706,0.87982285,1.8687208,2.015656,0.5712978,3.4569926,2.1537764,0.96901906,2.5539107,0.7453704,0.77192885,2.9788148,3.2201197,2.3450942,0.59783757,1.7670307,1.8475266,0.78311145,3.0791178,2.2615643,1.7760029,1.4568245,3.907704,0.890751,1.0690459,3.829651,3.523837,1.2478662,2.7617078,1.5195266,2.2676868,2.2587802,3.28492,3.2367246,2.3299842,1.6532757,0.6658999,5.4258604,2.557246,0.61756194,1.2661673,2.6056428,0.8296246,1.2657675,1.4218922,0.8385591,0.85161865,2.8503182,1.0564828,0.7955301,4.0850983,1.179362,3.5337422,0.81515497,3.6135647,2.3419442,1.1471695,1.8838898,2.3346612,2.4261792,0.8177482,0.8516661,2.3468065,1.3709506,2.8662102,2.7227218,3.3918574,1.4133561,1.7546347,2.3030443,0.9371963,0.7884316,0.8901507,0.59406734,1.278224,3.8642445,2.3030443,1.3710134,10.566369,3.3425183,1.7627051,1.2894831,0.9719759,1.4739769,1.7785785,1.6634263,2.5566154,2.0729454,1.6580983,3.1205115,0.8336332,0.843937,1.8151089,3.2468698,3.4772263,1.7445493,1.0790555,3.8375707,0.56934994,0.7584662,1.30793,0.7474696,0.90509,0.79756457,1.4879833,2.4888773,1.4177002,3.1482875,0.68986833,2.7720945,0.8078777,1.7452161,2.6197622,0.64755964,0.824698,1.7987022,1.1466703,0.73927283,4.079207,1.2492621,1.206647,2.1756358,0.5828719,1.3209975,3.024945,4.3362794,2.836253,3.7493527,3.0942287,0.8374072,3.2632875,2.8167062,1.8285395,3.1504486,1.793718,4.5456543,2.8968935,0.83517474,2.2373986,0.7807513,0.632989,1.116692,3.1460211,0.84011275,1.5211842,2.6320899,0.70809424,0.77782637,2.1340978,0.7452316,2.7836254,2.5943315,1.2659436,0.8128065,3.255073,1.580254,2.3750546,1.3201706,2.4991987,0.79090834,1.5477389,4.1953464,2.0243626,0.6813157,3.03232,3.7828865,4.2626762,1.7724922,1.0591002,2.9941714,1.8607191,2.3834636,4.244555,2.9584053,2.4221385,2.666808,2.24835,1.4736595,2.7692652,1.3960453,1.4432514,1.572801,2.3767886,1.540055,2.2648747,3.1217208,0.6834293,1.4721222,0.9469339,0.89769155,3.524004,2.316286,3.3049695,2.795451,3.7704804,2.0444944,1.1491506,0.6967139,3.0265794,1.4114614,2.755346,3.172986,5.273223,2.5282283,2.6358366,3.2356763,2.3396823,5.083075,0.59571,4.219048,2.876609,3.5212967,2.6044364,1.7616819,2.8109846,2.8016937,1.4216009,1.3156794,1.3408067,2.6122596,3.1978781,3.1940184,3.71899,2.5153246,3.7020772,0.7286786,2.5563712,2.8359997,4.421124,1.4673723,2.7401915,2.016531,1.3243927,0.77879333,2.8539405,3.7977042,2.607358,0.86087584,3.1848288,3.0452826,3.4902787,2.4156878,3.280807,2.9514909,1.8475418,3.2958043,2.0267262,1.628087,1.1345737,0.5217978,1.4617622,0.9270725,3.4793024,0.70533615,2.4954185,3.8267233,4.024423,2.5486069,1.4964484
4.099355,4.511477,2.9558022,3.2747564,1.5185343,2.025476,4.0599337,4.1486177,3.98263,4.1311803,3.941516,4.154918,3.4973712,4.0975347,1.1674246,4.1470957,2.6676972,2.1341505,1.8642527,4.41491,4.3727393,4.402785,3.007539,3.7537053,5.9576774,3.9264724,5.1780386,4.439443,4.0894046,3.9333434,4.391274,4.424447,4.097109,2.3117695,4.0691485,3.59889,4.0581284,4.5656247,5.6625795,3.3657436,4.106742,4.6514792,4.0283327,4.0891385,3.2071054,4.1369576,4.057884,4.323986,3.8468723,3.8961189,3.996501,3.0341103,3.5730247,4.656413,4.2164593,1.6296313,4.253175,4.31587,1.9575785,1.6529334,4.144099,3.4832323,4.57146,4.382189,4.424398,4.263543,2.7062833,4.153944,4.3519163,4.3875847,2.334631,3.3172154,4.4451323,4.1322474,3.9103637,4.125694,4.0503187,4.304878,3.9680204,3.96874,4.1189904,4.481208,3.9853785,1.6076702,4.3089666,4.848404,4.0396423,1.8348211,3.4010913,3.9062076,4.347044,4.1819224,4.22051,4.0631895,3.952471,4.078822,4.7653646,2.519816,4.450474,4.7459445,4.1165347,4.271312,4.013087,4.1750402,4.186734,4.076673,4.498197,3.7619705,4.910989,4.013087,4.2585955,9.3506,2.0559106,4.1522913,3.87156,4.155436,4.0742197,4.328487,4.0845513,3.7312937,4.0812116,4.295876,2.9899263,3.9596705,4.039629,4.0401254,3.3328977,4.845106,3.9763958,4.1581364,1.9108113,4.4937496,4.373715,3.9109972,4.024642,4.0443797,4.029234,4.4151664,3.1802182,4.2970963,2.4774003,4.147419,4.408225,4.213285,4.1401753,3.5480237,4.5786467,4.2580996,3.9316893,4.1270633,4.0382943,3.109949,4.0382385,3.8904846,4.1803093,4.6102605,3.7317414,2.4402442,2.72449,2.6971962,2.420792,2.4138432,4.0622516,2.7101185,2.8052485,3.140064,4.870533,4.3317623,1.8428255,2.1659594,4.0038304,4.2602353,4.0586805,4.134784,4.0340133,3.0527532,3.9559762,4.340271,2.7425046,4.066262,4.345154,4.085655,4.392061,3.1658106,2.5462716,4.0674233,4.0145683,3.003992,4.337874,3.456247,4.0113153,4.5824685,4.0749936,4.081019,5.771566,4.24703,4.3583937,2.3735163,1.7807881,2.2099183,4.3476925,4.0240293,2.6112254,3.0015378,3.2456975,0.9160562,3.0272286,3.8012576,3.9070444,4.2031703,4.3412733,4.804255,3.8995361,4.062256,4.086336,3.4540915,4.478628,3.4282103,1.7697821,4.3273234,4.0207505,4.0477138,4.2505336,5.0592237,4.3185554,2.1216192,2.550744,2.1808403,4.039454,3.9713798,4.171575,5.023706,4.378959,4.3278074,3.2690003,5.2260933,3.713106,5.286159,4.398537,3.1524186,2.4002535,4.488299,1.8565828,3.9510496,3.727229,4.3263464,4.058598,3.2221093,4.55925,3.9505498,4.186895,4.076134,3.335158,4.7561054,5.0241876,1.5470452,4.0287967,1.2390933,4.033892,3.376198,4.0075474,2.9727154,4.1829147,2.6676486,3.574427,4.0254335,4.1931515,3.772686,4.374565,4.706671,4.036359,1.6972566,4.2835903,4.8406825,2.6738305,2.3436375,2.8182757,3.5887382,5.4606915,4.4198294,4.1001,3.9483075,4.413727,4.034449,4.1082816,5.21604,4.435945,3.4283504,3.6315744,4.75907,4.2380767,4.1644907
2.669714,4.462714,2.0998282,1.7162129,3.2086804,3.5612512,2.7506647,2.551562,3.6706815,2.2301762,2.633619,2.5688903,2.0261993,2.5285518,3.3233812,2.1355553,1.7437574,3.3772087,3.994708,2.8130894,2.9596407,4.2572126,1.0167446,3.015796,6.403057,2.004364,5.043064,2.9659133,2.380633,3.798101,2.8764422,4.6704636,2.671612,1.9280164,2.556492,2.1473904,4.048114,3.2132907,4.9006543,1.5356175,2.2047827,1.85857,2.6584234,2.5046234,2.77821,5.050242,4.255605,3.0403125,1.7139354,3.7386012,2.5908115,1.0765646,0.9513568,1.7760783,2.219895,2.8896735,2.799607,3.556555,4.1885147,3.7353036,2.309084,1.3714725,1.9948578,1.4000207,3.2702556,3.5340931,3.5837388,3.691404,4.038115,2.8948047,3.3797796,0.9113737,3.0005627,2.1935437,4.371849,2.684123,2.0586236,3.7490973,2.5135906,2.5309255,4.684698,3.466142,2.4425826,2.9599755,2.0218089,4.2278013,2.6283662,2.1403246,2.1362875,2.0122886,2.695171,3.5522761,3.6678605,2.6518905,2.690598,4.1257772,3.7594738,1.7133965,2.389008,3.3341577,3.4200032,3.358841,4.1333494,2.8122487,2.4655564,2.2587678,3.0581608,1.9898477,4.67298,4.1333494,3.4041994,9.984597,3.2199225,2.8927894,2.216975,2.265891,1.9921684,2.3132293,3.3544087,2.203506,1.2783068,1.9324173,1.2993962,2.4857202,2.5769386,1.9262762,4.3320165,4.0361524,3.8569107,2.2738843,4.259496,3.075233,2.904546,1.9130511,2.5314562,2.630134,2.6287134,2.5986612,3.7164607,3.7973647,3.9520063,2.6873834,2.992359,2.8080974,1.9324903,3.4507196,3.3246322,2.7931645,1.8848556,2.7889543,2.557817,1.7879202,1.9679185,1.9177488,3.5559168,3.3007438,1.865251,3.8253224,5.115678,3.7266037,4.5847282,3.264654,2.3013399,2.712916,2.1946385,2.9379056,2.9502249,2.5346713,3.0025902,3.3309252,2.5839,2.6573346,2.3497655,2.6010752,2.5102482,4.1310716,2.4916754,3.6171327,3.3200629,2.5130105,2.852492,3.910331,2.9368134,0.89428896,1.9858421,2.016602,2.590333,3.1477761,2.387504,0.8644921,1.9856554,2.8333776,2.3268373,1.9754056,4.279957,3.7691627,2.8242218,2.5197682,4.189388,4.8004594,2.6683505,2.1680512,2.2431548,2.4686942,1.6317464,3.6758099,3.8816216,0.9463945,1.3301234,4.369342,1.8367147,4.569116,1.972196,2.022668,1.6662207,2.4811437,4.0100665,0.9343479,2.926217,2.790641,1.8115885,2.1996837,2.5775568,4.9289265,3.1944408,3.8053539,3.1614788,4.262836,3.4801865,3.175535,2.5772142,3.2237873,2.102924,1.3967862,4.235477,5.1107607,4.243912,4.477598,2.8413286,3.3017573,3.0829139,3.090169,4.619834,0.75565076,4.3442693,1.290057,3.8197327,4.0775704,3.6179016,2.2097633,2.1527607,2.4999866,0.8723369,4.0031776,3.3579016,3.8709085,4.323919,2.7914982,2.570309,0.720652,3.2230551,2.228713,2.1675131,3.6721232,1.7784433,2.0742602,2.4510612,3.8858109,3.7814496,3.1770537,2.8992045,2.9979324,1.4958788,4.2025423,2.63765,3.7120798,2.529807,1.6521844,5.163117,2.480874,1.8887792,2.0061862,2.9031441,1.8052565,2.777681,3.334556,3.0132995,1.4099164,2.1164405,4.2433968,3.9971032,2.0626135
4.0460663,5.111863,4.4273267,5.3671975,4.1016316,4.2675138,4.372992,4.5434675,4.5421023,4.7156167,4.324577,4.3883305,3.13385,4.3293433,4.588189,3.598431,4.574252,3.448062,4.034278,2.9512284,4.648341,4.709243,4.22774,1.8611513,3.2085361,4.5068474,2.6046047,3.2703295,4.1666074,3.3209324,4.747967,4.42211,3.8701568,3.0598915,3.843541,4.0357785,4.738016,4.5371814,3.968784,4.329458,4.3534656,3.976625,4.334222,4.2875752,1.9362488,4.9875736,4.880193,4.5753875,4.320441,4.563463,4.33573,4.3514886,4.4019127,5.113381,4.7418213,4.624574,4.8691053,4.3604383,4.4685726,3.1991436,3.9879417,4.6851687,4.178417,4.0311213,4.1262336,1.7527428,4.3624125,4.9427114,4.642218,4.806298,5.360034,4.259428,4.758339,3.9455588,3.257039,3.853742,4.104549,4.662664,3.983265,3.9508598,5.039574,4.584791,4.22584,4.702772,4.476452,5.3698454,3.9184704,3.4227493,3.056034,3.9865267,3.0911622,4.893519,4.9381213,3.8942766,4.360381,3.166661,3.8104668,4.0233235,3.2203977,2.408999,4.5831957,4.3966804,4.7055693,3.7248714,4.4233413,4.283777,4.720552,3.7979617,5.52431,4.7055693,4.9035535,7.9820576,4.429093,4.5903172,3.5730891,4.1808333,4.1234694,4.5764713,4.637882,4.4532866,4.13781,4.0715327,4.605158,4.0240035,3.904517,4.26576,2.2605093,2.0690882,4.4159827,4.590638,4.1532745,4.6815023,4.854655,4.352611,4.302254,3.7961519,4.4639463,3.9721048,4.621388,4.3680882,2.8946476,4.067528,2.4688344,4.7505045,4.400719,2.3099713,4.300174,4.8192425,3.730007,4.5965962,4.1119404,5.2693934,4.523916,4.074181,4.9106665,4.3108087,3.92315,3.9133883,4.77667,4.437409,3.488077,2.1495612,4.1223307,1.9988575,2.5625134,3.8686593,5.126614,3.2541099,4.997308,3.7436056,3.9239953,2.8706264,4.2148767,4.2825966,4.624836,2.7474759,4.0085273,4.827928,2.571564,4.2948775,4.860812,4.9889345,4.8462024,4.392923,4.0819597,3.8906999,3.9508903,4.782203,4.678802,4.0203037,4.6251884,3.9127147,4.2474947,4.0175543,6.0485353,3.1593342,4.8106647,2.4165974,3.5856063,4.435421,3.8515463,4.538527,2.5243661,3.9198387,3.421352,4.175932,2.4285827,3.909122,3.4951892,4.7725825,4.4590077,3.9701684,4.480465,4.6291347,4.412953,2.7480931,4.1702375,4.142105,3.04286,4.7828255,3.8764496,4.335568,4.58917,4.3225904,4.7471743,3.2140958,2.8955433,4.549628,4.7928314,4.4052377,4.5305696,5.2330284,3.9679513,5.477635,2.6601546,2.5137234,3.3441057,4.2659388,2.5670326,4.513983,5.348731,4.688016,3.9265673,4.0140276,1.5695986,3.9327774,4.710717,2.8776045,5.205535,3.5192735,3.693758,4.6264396,4.4734564,5.2681503,5.3010325,3.8512177,4.7690797,3.2520847,4.291977,4.1433344,2.6750152,5.443811,4.6949763,4.267543,4.118173,4.5783563,4.019638,2.0630665,1.5531812,5.1139574,4.389064,3.8951416,5.682328,5.36746,3.8941689,2.4314027,2.2011352,4.2400274,4.0835485,4.632698,4.5276403,4.049033,4.7054853,4.4910917,3.7427459,5.392802,4.8083806,3.2824607,5.902191,1.7687962,4.9932413,4.6191206
2.06782,4.1452994,2.7034009,3.2997131,3.7762415,3.9505951,2.4009366,2.3112578,3.3679836,2.2859054,2.347625,2.1930926,1.5546986,2.1568565,4.272571,1.1006255,2.8217032,3.4282165,4.253849,1.4544778,2.5970185,3.809202,2.0484612,1.9871802,5.132358,1.974266,4.005711,1.8963498,1.8915979,3.115783,2.5667384,4.09239,1.9793789,2.2202675,1.8513255,2.1750379,3.7867703,2.6143374,3.9154887,1.9835007,1.8580681,0.69639456,2.320829,2.0885558,2.0359085,4.814617,4.045559,2.6495404,1.6783961,3.4857368,2.2829003,2.199689,1.672572,1.9933405,2.1215072,3.8726635,2.6750531,3.009458,4.578143,3.8351352,1.6095566,2.2215536,1.2220074,0.469855,2.855864,2.3010895,3.7908335,3.5307982,3.5981467,2.6242597,4.6779046,1.7717698,2.6408918,1.6283027,3.6883264,1.954024,1.5510929,3.3486917,1.9948434,1.9914829,4.4938273,2.9309118,2.0886004,3.9886384,1.6413656,4.00505,2.0115867,2.7862995,1.707678,1.5561923,1.3985755,3.3735807,3.4835436,1.9998327,2.4146557,3.330706,2.7238798,2.5231705,1.0242871,1.9103706,3.0880897,2.8447607,3.8660429,1.9774938,2.0816348,1.8755695,2.6295462,1.5255966,4.4636574,3.8660429,3.189085,9.413499,3.850599,2.610822,1.4898123,1.721959,1.4912494,1.992578,3.076491,2.3154736,0.9640628,1.1647205,2.4929552,2.0009673,1.9333249,1.6288755,3.6483383,2.6244426,3.4956772,2.1821856,4.522011,2.6228485,2.6719756,1.7834648,2.189872,1.9337127,2.3895657,1.9273856,3.8782175,3.2514431,3.690191,2.074,1.5803142,2.6246104,1.6678518,2.6566925,2.6160612,2.6315646,1.4143502,2.524593,2.0644238,3.3346868,1.8787633,1.5627594,3.3773508,2.5566013,1.551063,3.9343274,5.297554,3.9313645,4.478176,2.8865228,1.8351849,2.3106198,1.9033645,2.861168,2.76494,1.3125273,4.201853,3.5377352,1.9969239,1.2724622,1.9346913,2.1562262,2.4751582,3.696426,1.9924384,3.2885914,2.8596418,2.1408207,2.6532261,3.7713428,2.6803432,2.0541399,2.6407897,1.3056302,2.0125546,3.5830927,2.1177025,1.390344,2.0989652,1.9066259,1.9213318,1.3712752,4.0752125,2.8522189,2.5909016,2.342847,4.3107033,5.0324645,2.0326822,2.1155906,2.062128,2.5765536,1.6229869,4.300511,3.342909,0.92937064,0.6851354,4.041625,1.4439467,3.861741,1.9492291,1.9929268,1.5135484,1.8414434,3.2888932,1.5501513,3.0424225,2.5658352,1.1332617,1.953866,2.3622575,4.096621,2.917047,3.7294369,3.0022492,4.605749,3.3089237,2.8500988,2.318015,2.9426646,1.3206866,2.5210137,3.7092555,4.050475,3.656606,3.6620352,1.5390121,3.5329409,4.434551,2.6439798,4.792032,1.0692843,3.4137785,0.47590664,3.5619,3.5593116,3.4632146,1.4170473,1.2025981,2.3401058,1.9656317,3.766543,3.1214676,4.1668587,4.068526,3.2551186,2.2127492,1.601012,2.4208972,3.744834,2.0663297,3.8216484,1.9944712,2.1347587,1.7670205,2.9502177,2.575981,2.949953,2.5561945,3.4881396,2.8001137,3.980762,2.7926493,3.38494,2.0717857,1.779672,4.2613764,2.1401513,1.7795271,1.5626074,2.5454977,1.7338914,2.0097754,3.1028113,2.6899395,1.1077942,3.628316,2.957868,3.7934246,1.9349418
0.97332686,2.608537,1.835489,3.7373295,3.1374273,2.9561148,0.7266853,0.4781082,1.7620765,0.8177929,0.7216179,0.60243744,2.181696,0.6249902,4.1840625,1.6869413,2.6220467,2.6520863,3.4231374,2.3315177,0.3829215,2.067909,2.5825982,3.1928236,5.2761445,1.3844981,5.5409665,2.0173554,0.87365866,2.0414648,0.51782924,2.587414,0.973235,2.942817,1.0580558,1.5162607,1.9774026,0.90600514,3.4648352,2.07001,1.0636626,2.8143308,0.6542887,0.870596,3.036229,3.188698,2.3116589,0.50138474,1.8317056,1.8296272,0.6750207,2.9301043,2.14292,1.5560343,1.5615453,3.5476158,0.68074024,1.163131,3.5371602,3.299217,1.5253706,2.6832156,1.5714867,2.4262547,1.9899188,3.4875433,3.1655333,2.4459913,1.682767,0.580189,5.110893,2.438533,0.68232304,1.1852546,2.582894,1.0260248,1.445325,1.4718502,0.852704,0.8701083,2.8185415,1.2976222,0.70072263,3.721588,1.3418635,3.7848425,0.9031877,3.419138,2.2315698,1.1991503,2.112136,2.4860306,2.5797765,0.9393534,0.71741813,2.363762,1.6977528,2.5444114,3.0172858,3.6847267,1.4922786,2.0343812,2.3362,1.1756783,0.9158838,0.96876574,0.77056384,1.2757387,4.0943127,2.3362,1.3734207,10.890934,2.9129212,1.9652859,1.3665279,1.1770883,1.6723942,2.0145602,1.7813427,2.6619408,2.1785405,1.9148359,2.9288852,0.8312029,1.0013978,1.9901838,3.2724502,3.8001158,1.7141442,0.68575794,3.5957236,0.7617506,0.67459935,1.3163589,0.66173965,1.022875,0.602495,1.3982646,2.0902562,1.5395727,3.0242636,0.88120365,3.0316718,0.5944862,1.918997,2.6249537,0.8487026,0.6235545,1.6930002,1.2534664,0.7925706,3.7880833,1.2467188,1.2335384,2.304542,0.9267406,1.2692806,2.7085884,4.137705,2.5798829,3.5867438,3.0596366,0.8113745,3.2406905,2.7548716,1.5016032,3.421206,1.9759364,4.1906657,2.5722096,0.89782614,2.5235357,0.7860986,0.67800224,0.60700893,3.0090961,0.86814374,1.6260389,2.6265028,0.6445958,0.6404352,2.1203206,0.69823563,2.5860934,2.2364743,1.4476393,0.8753696,3.1862888,1.7929269,2.290292,0.9648357,2.8798745,0.81962085,1.7649477,4.5062456,2.0977013,0.5109505,2.9552274,3.563769,4.041191,1.6483527,0.7367597,2.9215896,1.5152694,2.2164855,3.9812007,2.8948529,2.444931,2.7335525,2.2396855,1.6502285,2.6500883,1.3886151,1.4842149,1.6544633,2.3234043,1.7374477,2.1297963,2.9806058,0.4657566,1.6229047,0.7266808,0.4340251,3.8992977,2.5545418,3.2041557,2.571104,3.5056746,2.1395202,1.138946,0.39945552,3.330073,1.4477663,2.439703,3.0666873,5.59338,2.4638739,2.5698557,3.4976733,1.86912,4.733531,0.7791051,4.0063753,2.8519866,3.6751552,2.7305784,1.7183005,2.731562,3.0152197,1.472873,1.488249,1.4341097,2.4294665,3.4483604,3.4865026,3.48576,2.540109,3.4914443,0.6408136,2.4099922,2.7973344,4.1127152,1.5704594,2.4829848,1.6912206,0.93776613,0.9902157,2.94914,4.0369596,2.8721235,0.8431297,2.857445,2.7160342,3.7404904,2.3194568,3.24898,2.9396164,1.8359827,3.278038,2.2901142,1.7367142,1.2034057,0.5145768,1.5039833,1.0940835,3.7793164,0.74984455,2.4761448,3.4651675,4.327753,2.6757197,1.609847
2.6274345,4.278982,1.3293866,1.7507391,2.1225183,2.627413,2.6338637,2.4733598,3.3994513,2.0704293,2.4717166,2.527224,1.5064203,2.460313,2.371339,2.3458922,0.99063146,2.4073882,3.0532386,2.773132,2.843466,3.9440882,1.025676,2.66092,6.05602,2.284088,5.1312394,2.6746929,2.409584,3.042835,2.8549147,4.257986,2.534806,1.0678071,2.4837844,1.4772282,3.6557813,3.2038705,4.293894,1.8026186,2.4041235,2.7577946,2.5211496,2.5334706,2.2665365,4.5004354,3.8617606,2.8815703,2.1899917,3.4006755,2.4640505,1.3680986,1.4908297,2.1821833,2.658231,1.8714731,2.7584264,3.2804792,3.1656024,2.5707366,2.590524,1.9753281,2.2592463,2.262205,2.5775251,3.2639437,3.191562,3.7173915,3.684342,2.8787413,2.732726,1.3612865,2.9989693,2.0515606,3.5650136,2.57865,2.369111,3.4957628,2.3563442,2.359638,4.2349787,3.4124017,2.3291774,1.9382317,2.4747481,4.6133695,2.4683063,1.2504917,1.4991652,2.1011615,2.6563733,3.670394,3.773371,2.5037122,2.5171554,3.4051325,3.5484738,0.5245034,2.9062986,3.487484,3.273359,3.4705217,3.8117428,2.6837015,2.5915518,2.380504,3.0790987,1.9357473,4.9424543,3.8117428,3.2988985,10.245521,1.9788611,3.152537,2.1095476,2.4830115,2.4191463,2.895937,3.319644,2.7054734,2.072403,2.5238996,1.4733298,2.3401945,2.4917955,2.4857533,3.4876816,3.9670303,3.422225,2.138179,3.2479475,3.0806673,2.9003437,2.1684084,2.4282558,2.46297,2.492594,2.341104,2.8161302,3.5076256,2.949425,2.624911,3.0182085,2.7234566,2.5286107,2.6933515,3.1356933,2.7473552,1.6781762,2.87813,2.4607012,1.7281723,2.265974,2.0580318,3.6209464,3.1982133,1.8433915,2.702106,4.20337,2.945244,3.5327475,2.4289834,2.2476118,2.0045478,1.5137177,2.1208293,3.8164396,2.4976072,2.1184678,2.1805224,2.42081,2.7847834,2.3385115,2.5456266,2.2194667,3.0559657,2.3621404,3.524301,2.593113,2.4297016,2.841231,3.6755676,2.9371736,1.0926603,0.93209136,2.2654507,2.433408,3.0547044,2.8912156,1.3041238,1.9117543,3.4203384,2.356543,2.4182901,5.1108837,3.1924393,2.7983227,1.7042248,3.0852234,3.8090427,2.2855735,2.0932224,1.5116788,1.6817588,1.012117,2.6842804,2.9325209,1.6718293,1.8303925,3.9401774,2.4601216,3.7662354,2.244101,2.415145,2.2203605,1.8471907,3.6966226,1.2289298,2.0459287,2.7462392,2.1483202,2.1193042,2.3737795,5.007379,3.550565,2.956889,2.0025382,3.3242729,3.4678428,2.9461079,2.467174,4.019013,2.1848853,1.8316417,3.1979706,5.171192,3.4087944,3.8663828,3.0915365,2.3379023,2.363796,3.0911682,3.5470893,1.5980239,3.7377665,2.1854658,3.4753199,3.1474617,3.9978378,2.0692286,2.2735896,2.7283702,1.2494125,4.383555,4.128248,2.8528042,3.966487,1.7325196,2.4494398,1.075366,2.537167,2.022468,2.6096663,2.8486793,1.2113179,1.9101803,2.4963076,3.215178,3.6298738,3.7779007,2.7448874,1.8484541,1.9192418,4.5874496,2.2549381,2.8775628,1.8903418,1.9712181,4.441414,3.109116,2.4297118,2.1461892,2.8810492,2.2443259,2.5945761,4.2355285,3.0199523,1.3975289,2.1277158,4.1709876,3.972905,2.5421252
1.2755198,2.3569462,2.6582484,3.7821634,3.5120466,3.3143914,1.460645,1.6268116,1.8819997,2.2027903,1.5416247,1.4551665,2.6546674,1.4877912,4.280486,1.4427378,3.0381653,3.007135,3.5918546,2.3383949,1.721618,2.2990649,2.505136,3.0458853,4.8237424,1.1186434,4.3552837,2.6860106,1.3030264,3.0453975,1.5534351,2.7056139,1.5666654,2.954462,1.4405286,2.6857429,2.3471138,1.4196115,4.596952,1.6416317,1.0816914,1.81245,1.5303378,1.2101226,2.9119735,3.3469005,2.5213952,1.732214,1.0983949,2.0496929,1.516745,2.588945,1.9591334,2.3898907,0.8548555,3.8681695,1.6270266,1.8981946,3.9228415,3.6815264,0.7941205,2.0419312,2.1076345,1.8132509,3.4906611,3.2730112,2.6609278,1.6871442,2.260801,1.5545924,5.128197,2.1516697,1.4695381,2.08673,3.3452353,1.5067592,0.92147875,1.9373195,1.5711249,1.5999676,2.9439826,1.4451413,1.5429925,4.037282,0.95726264,2.217257,1.5856228,3.3575683,2.753058,1.3445724,2.1816862,1.5024544,1.6024784,1.5670292,1.5641652,3.1606011,2.1879761,3.0086925,2.044204,3.0571141,1.5617833,1.0285215,2.2860844,1.5889285,1.1006867,1.1773294,1.3972039,1.5718275,2.6609836,2.2860844,1.6522934,9.272891,3.7398093,0.77878064,1.6806207,0.9800328,0.8276475,0.50259316,1.373746,1.3545868,1.5159521,0.9564888,2.6646066,1.5495577,1.4116921,0.8275541,3.522959,3.265819,2.2433827,2.0687504,3.8740873,1.4144226,1.5335556,1.1668642,1.5054505,1.6324304,1.5944257,2.5405135,3.1979237,1.9636109,3.3909163,1.3746173,2.6435914,1.6343541,0.79236686,3.1227632,1.9322914,1.6120646,2.375957,1.0478455,1.4489446,3.805859,1.1733451,1.3217067,1.5190166,1.7073169,1.5830814,3.5210068,4.3336773,3.0024273,3.946107,3.0464597,1.5801089,3.1646688,2.799302,2.5494733,1.6034064,2.1968048,4.408068,3.2989004,1.5822985,2.0120099,1.4169755,1.421767,2.164155,3.722948,1.49749,1.6288116,2.6474056,1.5019128,1.5689415,2.1294243,1.5093744,2.5250766,2.849239,1.1983289,1.5703766,2.4553814,0.5296798,2.090084,2.0493288,1.1743962,1.3492261,0.8784195,2.6608028,2.8825357,1.6081955,2.936463,3.8922691,4.266494,2.7971911,1.8319608,2.9090216,2.415457,2.6562462,4.0378866,3.3719563,2.0198455,2.3550596,2.5934403,0.96574557,4.012312,1.1429381,1.0235912,1.1169175,2.7938292,2.156253,2.0948174,2.9376507,1.6415561,1.2714021,1.7674816,2.100268,2.6311593,1.0421339,3.1764383,3.292509,3.8111672,1.5380234,1.6207081,1.7147144,1.4707612,2.0747306,3.0367002,3.776586,4.4581313,3.2532063,3.970019,2.7329786,3.164339,4.9128537,1.4180654,4.246515,2.618888,3.501351,2.1524172,2.1432204,3.3384957,1.5709746,1.9222057,1.6255037,0.9024664,2.3440263,1.91156,1.6424993,3.6815007,2.4890206,3.5263686,1.5332066,2.3659284,3.493416,4.1308093,0.85635173,2.9714088,2.6546445,2.172561,1.3278297,3.2190459,3.4980443,1.1539018,1.4920973,3.3409111,3.230593,2.180203,2.009887,3.1751628,2.8688083,1.3212588,4.4964137,0.55919254,0.91451335,1.2727406,1.5372746,1.1032908,1.6756531,1.9157085,1.4581807,2.3636076,3.74308,3.6105735,1.9405929,0.8475385
1.6107198,3.8091238,1.7824,3.021125,3.0365398,3.2236412,1.8075715,1.6230345,2.886647,1.3519611,1.693695,1.5899477,0.6741691,1.5264491,3.7414186,1.0723176,2.146852,2.7002213,3.6146114,1.4055979,1.9238378,3.3146584,1.7552125,1.9616076,5.187668,1.7223738,4.670726,1.2568798,1.3905429,2.2298357,1.9817402,3.627433,1.3896879,1.7966454,1.342938,0.9354282,3.2063186,2.17422,3.177943,1.8223408,1.5242884,1.858426,1.6735101,1.6262969,1.8547163,4.263279,3.5059552,1.9762388,1.708011,2.954996,1.6367822,2.1256452,1.5061334,1.4120891,2.051651,3.2089436,2.067393,2.4054627,3.8313134,3.092232,1.6077964,2.2877626,0.7091919,1.3622061,1.6866207,2.3963604,3.499406,3.3686483,2.9984322,2.0487475,4.3219113,1.6667572,2.1197546,0.6504789,2.9159975,1.4207561,1.4671713,2.8035717,1.3270915,1.3131238,3.9679244,2.542282,1.4130096,3.3362122,1.5562248,4.314353,1.3742064,2.4192178,0.809422,1.1135492,1.2503555,3.303773,3.4147527,1.3900329,1.7575265,2.5730488,2.2828715,1.7615768,1.9796448,2.5226731,2.6551104,2.7877467,3.4242268,1.4796529,1.6955202,1.4605998,2.1571243,0.92662054,4.700142,3.4242268,2.7127976,10.217922,2.8891847,2.6032367,0.9003097,1.4863923,1.5867524,2.2413118,2.787952,2.581887,1.397049,1.5574616,2.3218925,1.336982,1.4117752,1.8735462,3.0993476,2.9664452,2.8663087,1.2726045,3.826917,2.1419406,2.1172004,1.4949622,1.544221,1.3080583,1.7138172,0.9165034,2.8933997,2.7201593,2.988339,1.5611136,1.9282708,1.9871013,1.888137,1.9932154,1.9722166,2.01841,0.16029774,2.208201,1.4664037,3.0547764,1.5830102,1.1534098,3.2264004,2.0321355,0.9413913,2.9968262,4.6481266,3.2037895,3.7664149,2.43831,1.1537579,2.033999,1.4850283,1.8669789,3.4276493,1.0185359,3.650672,2.6178043,1.3479359,1.6250118,1.348835,1.5735236,1.5255344,2.8532467,1.3653517,2.8941033,2.366626,1.4984281,2.0759666,3.3200257,2.14051,1.7820604,1.7741342,1.1618165,1.367232,3.441246,2.2213538,1.2768506,1.2430952,2.6162882,1.3825095,1.5475615,4.7503014,2.1365073,1.9806484,1.9278475,3.594847,4.3640256,0.9583372,1.3219045,1.6888409,1.5994557,0.7584903,3.7440822,2.6328783,1.2607737,1.2376492,3.4654126,1.5842825,2.8826826,1.6885158,1.8428617,1.5262016,1.0789182,2.7801304,1.2507693,2.5457628,1.92925,1.1069316,1.1547723,1.4459146,4.3397846,3.0891497,3.2102704,2.0720232,3.9018397,3.0801911,2.2852101,1.582087,3.5356696,0.5946952,2.0167928,2.8906484,4.697096,2.849296,2.7500463,2.2732797,2.446653,3.9792573,2.1632576,4.119291,1.3898264,3.2022192,1.4534925,2.9792325,2.7896655,3.6502306,0.69876873,0.8682507,2.1372287,1.719308,4.0325255,3.7033186,3.5139163,3.620737,2.7546885,1.5534762,1.3605667,1.6911738,3.4384258,2.0040503,3.0627124,0.83438236,1.1843448,1.3212879,2.476459,2.924781,3.309956,1.9749949,2.6852837,2.3403647,4.2823367,2.4187505,2.9397142,1.7687435,1.6625952,3.4250574,2.495659,1.834353,1.1759934,1.9691277,1.6069319,1.4158047,3.823799,2.1822686,0.9830776,3.1889162,3.3980036,3.6266537,1.9161286
1.4876606,3.7497466,2.0847998,3.2960782,3.406284,3.5221736,1.7292958,1.5368344,2.8658395,1.3661581,1.6521161,1.4755491,1.1091954,1.4294784,4.138552,0.880123,2.4868238,3.007052,3.9139297,1.3158484,1.8031527,3.2657633,2.0205255,2.1411088,5.1625886,1.6402819,4.688835,1.248904,1.259156,2.3716006,1.8410218,3.6071782,1.2888563,2.211027,1.228588,1.2788062,3.2121058,1.9862083,3.2157593,1.907861,1.3749729,1.6389483,1.6075631,1.5037075,2.1219132,4.3254004,3.5215416,1.8707408,1.6383921,2.9602342,1.5769213,2.3503792,1.6101127,1.2809317,1.8967311,3.5994549,1.9731765,2.328085,4.146721,3.4658315,1.4225043,2.3693972,0.24189496,1.1807939,1.8655535,2.4845178,3.6577704,3.3069603,2.9552722,1.9134235,4.7192197,1.835702,1.965215,0.61972225,3.0568469,1.3026431,1.3093488,2.738114,1.2703128,1.2597845,4.0034876,2.3962932,1.3527083,3.7345777,1.3302834,4.198757,1.2961184,2.827935,1.2505448,1.0309678,1.1450725,3.2257593,3.3380322,1.3013664,1.7168132,2.6827962,2.1284904,2.1782234,1.8504151,2.477829,2.5883925,2.6592534,3.4249744,1.3588116,1.5402107,1.3253349,1.9847393,0.93999326,4.610005,3.4249744,2.6322021,10.238306,3.2813776,2.4803596,0.88414663,1.3036909,1.4237251,2.0531135,2.7137723,2.5547285,1.2854239,1.3248985,2.544259,1.2805952,1.309466,1.7406801,3.3140244,2.9310908,2.8791587,1.2493771,4.1374583,1.9707748,1.9869658,1.4115952,1.4719684,1.2305471,1.6579428,0.8923181,3.1172438,2.6553354,3.2811558,1.432035,1.8989103,1.8995976,1.7306986,2.2285154,1.8214269,1.919409,0.5591937,2.093801,1.3763794,3.3458877,1.4696258,1.0768853,3.1501613,1.8486669,0.9715866,3.315762,4.9026318,3.4218743,4.0592694,2.7493353,1.0567951,2.386153,1.8684762,2.1087892,3.2487957,0.90811443,4.050077,2.9735663,1.2804629,1.5302261,1.241916,1.4585224,1.5563037,3.1530144,1.3028448,2.7990835,2.603027,1.4111973,1.9542861,3.3023856,2.004602,2.0220654,2.1608887,0.98784035,1.2954981,3.5606556,2.033054,1.4495733,1.2668843,2.4185102,1.2631127,1.3801097,4.551728,2.1944795,1.8549509,2.3043714,3.9338317,4.6591883,1.0495605,1.2983682,2.0768733,1.8820149,1.2412928,4.1165824,2.90671,1.3202976,1.3263451,3.4695904,1.349012,2.9921286,1.614149,1.7241204,1.3830593,1.4296201,2.700326,1.4386971,2.8842537,1.8124884,0.95497835,1.1046652,1.4000304,4.2220874,2.9613864,3.481126,2.4687123,4.1865997,3.0247629,2.2475119,1.499771,3.3300977,0.27682006,2.106334,3.170387,4.7204785,3.0097322,2.7677484,2.2541099,2.7132235,4.3806605,1.9952528,4.4475765,1.5143514,3.3564835,1.361945,2.9704492,3.0238802,3.5266857,0.7097993,0.65423214,2.0214639,1.9105941,3.9067929,3.5138187,3.8473482,3.6329563,3.1693738,1.4823842,1.591826,1.9506866,3.748922,1.8536826,3.2908483,1.20625,1.2316757,1.144022,2.6409214,2.999319,3.1327736,1.9094638,3.0688937,2.4534128,4.1651444,2.5946634,3.2170491,2.1040566,1.6754358,3.4771335,2.3055837,1.6943034,1.0705227,1.8195734,1.4868782,1.3275006,3.6245656,2.0329432,1.2621667,3.4099894,3.4129207,3.5703108,1.7627442
0.8205909,2.4566517,1.6285069,3.0763237,2.8080683,2.6882896,0.74120706,0.69590354,1.6688353,1.1447303,0.7131656,0.65018773,2.0586376,0.6632136,3.6481318,1.2668753,2.1415691,2.45542,3.1253126,2.2615035,0.99999714,2.2049296,1.8338345,2.9497056,5.2641935,0.27187714,4.9363775,2.307449,0.60390073,2.5558121,0.83176655,2.7229984,1.0679888,2.416016,0.97874486,1.7271249,2.0679588,1.1405448,4.18179,1.0748221,0.2743057,2.0694554,0.73266584,0.5107528,2.7153153,3.2182603,2.3123581,1.0611066,0.74468565,1.7760677,0.6765367,2.0683098,1.3038762,1.5324533,0.5000231,3.0994167,0.7822573,1.5496234,3.339645,3.1358523,0.79562724,1.6636358,1.5711834,1.7308474,2.690656,3.3170557,2.511031,1.8760699,1.993225,0.8308324,4.495118,1.5803595,0.8904195,1.3624835,2.9990711,1.0693094,0.58980495,1.6625468,0.8850508,0.93077356,2.7993968,1.3361859,0.6876662,3.2708259,0.47765127,2.940521,1.0049305,2.8140311,2.1418974,0.662505,2.0503018,1.808402,1.9249661,1.0294751,0.74936056,2.8180044,2.1150937,2.1452198,2.3776445,3.3220766,1.3421341,1.4708327,2.202035,1.261392,0.390478,0.377731,0.93357843,0.8899834,3.320652,2.202035,1.2950302,10.040472,2.840355,1.1197335,1.1716611,0.5182233,0.73129714,0.977409,1.3485838,1.5505141,1.3170164,1.0848721,2.0794585,0.83106726,0.91043353,0.9248496,3.3309042,3.5820866,1.905856,1.0536948,3.377934,0.96106756,0.8184418,0.3017074,0.66414636,1.115178,0.7044404,1.8661907,2.3779373,1.7680464,2.986268,0.87185836,2.7599173,0.79594517,0.84764093,2.7650614,1.5092585,0.7717326,1.6772488,0.6690617,0.76783824,3.1142082,0.21003258,0.5782078,1.7122182,1.4051725,0.8039754,2.8167486,3.9697528,2.425554,3.548964,2.7640312,0.79555357,2.864675,2.368978,1.715123,2.3667078,1.9526896,3.6719415,2.5481253,0.9692851,2.1569517,0.60788643,0.7004281,1.124522,3.2392519,0.8097753,1.5043757,2.39072,0.67413557,0.7953623,1.9459088,0.834649,1.838431,1.9241459,0.85309863,0.9509439,2.3265958,0.7814859,1.5264251,0.97963953,2.0352626,0.53669095,0.87276125,3.535217,2.5513,0.80907524,2.5379076,3.4027882,3.842113,2.1097038,0.7713599,2.4909644,1.492316,1.9518746,3.503373,2.9953673,1.6838676,2.1223154,2.3875446,0.74598074,3.4558783,0.2873219,0.36995146,0.6611878,2.286042,2.0577471,1.4058021,2.5060306,0.80808395,0.94588464,0.8096125,1.1495229,3.4144053,1.6755171,2.8797681,2.6324935,3.286641,1.6001577,1.1416056,0.7943408,2.336743,1.5046409,2.1417685,3.3310406,5.017536,2.8546972,3.440338,2.9831238,2.211931,4.1893673,0.9701552,3.8110516,2.2245193,3.5560834,2.0477393,1.810402,2.940999,2.1680171,1.4021254,1.2612444,0.51150995,1.6517467,2.619737,2.4871995,3.1784585,2.4188578,2.989651,0.7117287,1.7151873,3.0221202,3.445898,0.48688763,2.3759155,1.6985443,1.1214437,0.83652335,3.048672,3.703688,1.9201882,0.86063594,2.5892692,2.3512719,2.8995595,1.6159167,2.956687,2.5582044,0.7926281,4.076067,1.2668624,0.6358605,0.59464836,0.8587798,0.4467482,1.2454505,2.7533808,0.88510966,1.9385971,2.9234698,3.978088,2.1755247,0.51073265
2.7623098,4.1838703,1.71974,1.018303,2.651677,3.0154934,2.7177162,2.5433366,3.4469686,2.2507236,2.5901139,2.6049664,2.3960805,2.5686374,2.6536672,2.5228658,1.1275936,3.050386,3.4911873,3.319685,2.9511516,4.072637,0.694712,3.4482813,6.651306,1.9443816,5.3946686,3.4078155,2.491129,3.8981252,2.8452399,4.519424,2.8316896,1.9127138,2.7301664,2.2511773,3.7798111,3.2549653,5.3017516,1.2985569,2.2764888,2.4869964,2.64509,2.5424724,3.0861366,4.6932178,3.9361837,3.021581,1.7402618,3.4827738,2.573371,0.6534847,0.9450253,2.035735,2.1656075,2.1959102,2.6777482,3.5174236,3.6182945,3.4166305,2.49388,0.9855905,2.5054643,2.047524,3.51755,4.0101995,3.085997,3.3894572,3.8850286,2.838294,2.7714856,0.8060673,2.9634504,2.5031393,4.3902316,2.854071,2.2194319,3.5968604,2.619382,2.6455004,4.3230753,3.4163358,2.487351,2.2622888,2.1835947,3.9963787,2.7612455,1.882906,2.4667966,2.18131,3.1735826,3.2796903,3.387283,2.7953434,2.631851,4.2356896,3.9780517,1.3940827,2.9562683,3.9310083,3.2464201,3.2767413,3.8425665,3.0121322,2.5018148,2.3374865,3.0424514,2.178188,4.3894854,3.8425665,3.192803,10.101191,2.6955776,2.762805,2.481428,2.4093852,2.1673515,2.3576384,3.1486793,2.0310125,1.7068217,2.2671654,0.596139,2.5790951,2.7138398,2.033658,4.3598638,4.522073,3.664825,2.3399384,3.749046,3.0682275,2.821405,1.937123,2.5482497,2.802561,2.5793777,2.957631,3.3290462,3.7127879,3.7702966,2.796145,3.5385525,2.7121882,2.0357323,3.673032,3.444368,2.6925359,2.2868476,2.676898,2.6362913,1.0831461,1.9761926,2.0639517,3.2799447,3.4210238,2.0210085,3.4677024,4.5775876,3.2408862,4.2656155,3.2509837,2.450321,2.912249,2.4075701,2.7731607,2.9633057,3.0233064,2.2924156,2.9758747,2.7092652,3.1391988,2.4424167,2.6561143,2.4690032,4.094814,2.5836017,3.4297915,3.2748153,2.554672,2.7643843,3.579982,2.8584247,0.53251445,1.6224438,2.291083,2.7100537,2.5820563,2.3849304,1.1178366,2.0083838,3.1080992,2.4156532,2.2009168,4.2054768,3.9826949,2.767806,2.5766177,3.7906678,4.2720723,3.0363824,2.1831114,2.4014764,2.2788818,1.914393,3.0794878,3.8924098,1.4948305,1.9935064,4.112577,2.0686457,4.737082,1.9157354,1.9729129,1.8133106,2.8101733,4.0058956,1.0500456,2.6505253,2.7379382,2.1278403,2.2993352,2.633772,4.9203486,3.0427392,3.495644,3.106064,3.6918476,3.2004209,3.0400596,2.5866618,3.2162385,2.5487347,1.352617,4.2451015,5.477572,4.21332,4.755683,3.416398,2.9709306,2.455491,3.0763307,4.1605754,1.5508441,4.515757,2.0244942,3.5738127,4.034633,3.3781416,2.5460415,2.5394127,2.3847835,0.57673126,3.7833827,3.3115966,3.3826408,4.0122604,2.4552763,2.589793,0.9068335,3.6218355,1.500116,2.1240509,3.228344,1.9114921,2.1243281,2.6439288,4.106697,4.2537985,3.0689168,2.8286567,2.521743,1.2613866,3.9706645,2.271598,3.5844162,2.740878,1.583809,5.418833,2.516174,1.9255124,2.1694648,2.8910823,1.8501512,2.9598808,3.357634,2.9522924,1.8629143,1.3215548,4.6974874,3.6892092,2.0605042
2.0085151,1.3232212,3.3654933,4.839364,3.4959657,3.040697,2.1189415,2.5044496,1.4256865,3.2380488,2.2316337,2.3255022,3.4568708,2.3494725,4.45581,2.5331888,3.857332,2.6945157,3.031449,3.0102375,2.3871353,1.4779949,3.5547125,3.39492,3.7727745,2.3639364,4.0981064,3.3214045,2.286521,2.927748,2.3218918,1.4821235,2.2544775,3.5310366,2.2167087,3.5261853,1.7079448,1.920714,4.8041706,2.7332065,2.2838514,3.210059,2.2463312,2.1274908,3.214235,2.1081116,1.7048495,2.2874315,2.4526005,1.5453856,2.2741425,3.6367707,3.2498987,3.8160233,2.2416265,4.196809,2.3975334,1.8571097,3.434329,3.3131604,2.0063233,3.2019508,3.3853693,3.2749567,4.106793,3.493323,2.170559,1.2513916,1.7630887,2.3113282,5.672422,3.3325129,2.1575108,3.0841973,2.7779794,2.1999626,2.2257767,1.6619486,2.333665,2.3441603,1.8791373,1.5355679,2.3961632,4.3786974,2.4461005,1.832397,2.2843122,3.858537,3.4824393,2.4555898,2.9050136,1.2329476,1.2085392,2.2563212,2.2137895,2.8186316,2.2190063,3.7690623,3.0054848,3.5683765,1.4652053,0.8940837,1.370926,2.177016,2.1503477,2.2877605,2.0570915,2.5685766,1.9314803,1.370926,1.77787,8.710192,3.898336,1.4494977,2.556974,2.1807752,2.2319107,2.056554,1.284242,2.2949905,2.9848416,2.4453228,3.667263,2.3354576,2.1640232,2.2685738,2.8390677,3.3142636,1.7311646,3.0901253,3.2580445,2.0467432,2.2808673,2.4259112,2.3225625,2.317829,2.346822,3.424005,3.0616677,1.568311,2.7988331,2.111168,3.1933534,2.3623693,2.3157861,3.1377597,2.3342016,2.3857095,3.4091282,1.7816315,2.236337,4.8074055,2.4780452,2.4940658,1.2591823,2.126127,2.6431675,3.1889129,3.3768306,2.5859709,3.1069958,2.8370328,2.552715,3.4428253,3.3199477,2.7469604,2.5894685,3.027849,4.867088,3.193829,2.2999558,2.699084,2.3905554,2.2471893,3.0013897,3.3067713,2.279664,1.4574881,2.298597,2.3542233,2.345738,1.6031631,2.2373798,3.6490731,3.5022707,2.4142697,2.2917151,2.472272,2.0257566,3.3121843,3.1608744,2.0323977,2.3639426,2.2607825,3.0503254,2.8432424,2.4078684,3.2073047,3.2923894,3.456505,3.62139,2.8743167,3.376714,2.870483,3.5525773,3.8630006,2.9672503,3.3374655,3.5460289,1.7315263,2.5665793,3.976588,2.3834574,2.37383,2.6078563,3.3587093,1.6470126,3.3040268,2.856316,2.4474218,2.554345,2.7909918,2.981933,1.2145364,1.3803068,2.5170593,3.3373568,3.2344508,1.2853452,1.7735827,2.5754156,2.330875,3.2164207,4.4289083,3.350638,4.2026443,2.6974401,4.1860924,3.3873823,3.3299568,5.540797,2.03116,3.5035083,3.947728,2.898997,3.5488396,1.7176234,2.8055964,1.6110947,2.8142977,2.6989021,1.9441329,3.5353343,1.6291474,2.3590345,3.2233088,1.4535661,3.6817129,2.32035,3.567775,3.931431,5.0232167,2.2551863,2.567869,3.6383781,3.2338407,2.2912667,2.9621115,3.6328,1.8842889,1.9899799,3.4112546,4.593159,1.8074269,2.1313858,2.6187875,3.2134655,2.511423,4.394169,1.9956572,2.397847,2.4319918,2.2900486,2.5162613,2.2624319,2.7632759,2.134681,3.3717852,4.796053,3.558433,1.1650317,2.3018541
2.2134767,3.1652238,3.4541533,4.1013412,4.243097,4.1184144,2.459164,2.578627,2.84333,3.0389338,2.5238018,2.4106932,3.1950774,2.4349263,4.807712,1.9808927,3.6468382,3.803999,4.3375945,2.7236524,2.7069924,3.2224627,2.9302135,3.3345685,5.0473833,1.9388705,4.0529857,3.2614734,2.2048535,3.882241,2.5421298,3.5467162,2.4387412,3.4039786,2.2942028,3.4470513,3.308195,2.397063,5.2219186,2.193576,1.9725736,1.6000513,2.5092802,2.1724014,3.2822237,4.1930885,3.441433,2.728997,1.6854343,3.0112717,2.4893157,2.8899844,2.401194,2.9671443,1.6661085,4.486107,2.6145985,2.8854067,4.718089,4.4129143,1.5838097,2.333394,2.6233025,1.8880466,4.255616,3.4954867,3.2757106,2.4238265,3.2378151,2.5476553,5.465704,2.5279632,2.4716282,2.8012233,4.174746,2.3715382,1.6908383,2.9303696,2.4703097,2.4929411,3.8121755,2.4309478,2.4715676,4.635084,1.7068453,2.2482443,2.4757779,3.7706618,3.314145,2.126765,2.6282277,2.1767805,2.2539053,2.4509504,2.555237,3.9592202,2.9499934,3.6165967,1.9068661,2.9997766,2.5531456,1.8540488,3.1672091,2.4175086,2.0620522,2.0783162,2.3983781,2.3224144,2.763232,3.1672091,2.6525686,8.703536,4.553766,1.6206948,2.3959694,1.8469641,1.4986211,1.1233995,2.307252,1.5979341,1.7576028,1.3536253,3.0249922,2.4551442,2.2987201,1.33075,4.181293,3.3419478,3.2231739,2.915046,4.642866,2.414569,2.530192,1.9666624,2.4602976,2.484972,2.573904,3.2362514,4.177158,2.9279187,4.1507487,2.302716,2.8001134,2.6296585,1.3305398,3.7559254,2.8501306,2.601199,2.9709346,2.0606844,2.380682,4.1271214,1.9866772,2.0942874,2.2837052,2.624672,2.3322685,4.411649,5.1040454,3.8866565,4.724265,3.609927,2.434642,3.5530143,3.2518265,3.4757094,1.0715361,2.675958,4.910522,4.144247,2.4734786,2.2542107,2.3181942,2.3759964,3.0767515,4.499105,2.4059355,2.595863,3.3190353,2.4454,2.5595114,3.0413506,2.5093968,2.9334264,3.5617187,1.872245,2.4679487,2.9408498,1.336903,2.470253,2.8515475,0.8733657,2.2520866,1.4672112,2.0908935,3.6336572,2.5911815,3.4191773,4.6447024,5.022133,3.4758701,2.694087,3.3422823,3.2889993,3.1956654,4.6367517,4.0911922,2.2380757,2.490489,3.5289161,1.5272446,4.837385,1.9547229,1.8095329,1.7083842,3.3556104,3.0586214,2.5600507,3.548429,2.6207573,1.8443965,2.6184735,2.9958518,2.7873778,1.5161381,3.8647194,4.044262,4.6069365,2.3721228,2.6390235,2.6587672,1.0222181,2.6653116,3.511483,4.5360837,4.1740327,4.1124296,4.734491,2.641978,4.1195126,5.3121614,2.4207027,4.9770904,2.7566843,3.9368699,2.1540103,3.127727,4.1356773,1.8692147,2.5816267,2.2293758,1.8503159,2.7650528,2.0411975,1.2207794,4.403242,3.3484757,4.0467687,2.4904099,2.75542,4.0379663,4.461912,1.6550355,3.86592,3.3444853,2.9811301,2.1752372,3.7996135,3.5468519,1.2340606,2.5071557,4.094102,3.681613,2.225792,2.723561,3.779769,3.2913868,1.9381918,5.242076,0.9352874,1.5580754,2.059061,2.5252988,1.8116246,2.521573,1.2579186,2.4640908,2.7068684,4.19228,3.5793703,2.6384366,1.6004443
4.545644,5.157465,3.0140824,2.0765371,2.2221558,2.8193831,4.445412,4.41652,4.605291,4.228938,4.3099484,4.4757824,3.9404511,4.426763,0.94041103,4.5029683,2.285503,3.2121558,2.9999788,5.036626,4.7391515,5.16455,2.6693,4.5776567,7.358084,3.9771564,6.0497823,5.0848465,4.412711,4.9520726,4.688336,5.4047813,4.599575,2.6858304,4.53753,3.879234,4.7621756,5.0261645,6.6083155,3.2443228,4.3005214,4.675214,4.400821,4.410346,4.0468283,5.0989733,4.7731586,4.742641,3.8361764,4.5458164,4.3460283,2.5405777,3.3070848,4.45433,4.2275043,1.3866905,4.476656,4.969376,2.972528,3.0734754,4.4462214,3.0316644,4.7362347,4.3500323,4.9785457,5.170101,3.2586017,4.536442,5.081085,4.668424,0.678006,3.019408,4.7735486,4.458137,5.142694,4.630982,4.2548776,4.9207406,4.4010053,4.4166536,4.9225326,5.001735,4.3235936,1.2262086,4.388239,5.060203,4.5221996,2.0070083,3.9002128,4.1655493,4.9347453,4.5108275,4.568898,4.5566344,4.328136,5.2107596,5.5611467,2.4719808,4.772857,5.393665,4.6293454,4.7466974,4.7264605,4.745296,4.4434314,4.317854,4.8535705,4.0769477,5.219952,4.7264605,4.654986,9.922038,2.5419397,4.394954,4.306202,4.415349,4.2297816,4.376524,4.521319,3.662907,4.0105257,4.4265647,2.388508,4.372348,4.5018773,4.0876,4.760293,5.7710185,4.7359686,4.3206735,3.1287954,4.8689256,4.6369915,4.0023656,4.3653493,4.556206,4.3494644,4.82896,3.8734188,5.0210304,3.874204,4.5963798,5.074692,4.48795,4.1532965,4.6147504,5.1576447,4.5000787,4.2036858,4.4075274,4.4428115,1.9002012,4.0889835,4.092115,4.5325036,5.1689034,3.9734132,3.5248978,3.8999245,3.4586368,3.9366274,3.6145363,4.3835077,3.5640924,3.4218943,3.8119123,4.7166314,4.852707,0.72697496,3.1195192,4.4729767,4.8309536,4.3636494,4.498614,4.2634773,4.4186964,4.3730216,4.824127,3.8717167,4.4026046,4.5901814,4.6101346,4.668155,2.7419379,2.6551063,4.331179,4.478078,3.0570378,4.3992486,3.305985,4.0599403,4.8752484,4.3592086,4.2567105,5.6329083,5.228503,4.6167326,3.1913185,3.2470834,3.4790933,4.8017454,4.168337,3.2477214,3.4711878,3.5005934,1.8405175,4.350576,3.701979,3.964288,5.0049477,4.3512793,5.8161836,3.9505126,4.0638,4.062825,4.121551,5.312556,3.2652876,2.7564137,4.586452,4.2205386,4.2743874,4.516143,5.890563,4.5334206,3.4092798,3.5983508,3.152165,4.432498,4.4865975,4.455131,4.9557204,4.645547,3.7208688,4.6383185,6.125907,4.9211884,6.139991,4.912371,3.7109525,0.86973834,4.8660707,3.3460224,3.729329,5.0713344,4.2553215,4.691583,4.528706,4.703582,4.3864355,4.541402,4.2294326,2.9320672,4.9681783,4.9518123,2.7782927,4.7865214,2.0514643,4.391617,3.1241984,4.8206205,1.558266,4.194488,3.49533,3.6949248,4.1210933,4.5730453,4.966915,5.274734,4.7327857,4.4649134,2.41282,3.527892,5.050601,3.1168525,3.701793,3.6022992,3.584646,6.5445194,4.462878,4.0768366,4.18334,4.734041,4.0292993,4.674364,5.0551887,4.748734,3.6148753,2.493814,5.7128553,4.706325,4.170295
0.69693863,2.0191553,1.9169923,3.9052413,2.8928246,2.6013165,0.40553367,0.62337065,1.1418895,1.2944227,0.49956048,0.57742846,2.2675366,0.6046162,4.023923,1.6723799,2.7138348,2.2496946,2.9867334,2.290339,0.3281511,1.4425128,2.662648,3.0451593,4.7894483,1.3641025,5.186645,2.0884588,0.8325079,1.7822919,0.47399402,1.9408945,0.81133485,2.8633716,0.9069919,1.7778457,1.3791845,0.5136652,3.5383022,2.0339396,1.0539733,2.8708339,0.45898068,0.71387917,2.8529963,2.5801656,1.721269,0.18449236,1.7973615,1.2180429,0.5271219,2.973568,2.2781625,2.0971582,1.5079738,3.4545157,0.66156316,0.5400934,3.154466,2.938855,1.3675916,2.6930745,1.9203666,2.5658128,2.269171,3.3128266,2.6918285,1.9461075,1.0777682,0.5160213,5.102204,2.5177803,0.46654662,1.4484601,2.1620734,0.843764,1.3802392,0.8593626,0.75016797,0.76580024,2.2250059,0.74235713,0.68792737,3.6405742,1.4183415,3.3514194,0.7536692,3.3221786,2.2958248,1.2167152,2.0826066,2.0155737,2.0967152,0.77447045,0.45470217,2.019269,1.3863422,2.613109,2.940246,3.564642,0.907119,1.5266417,1.717233,0.9596713,0.82126385,0.95089364,0.49225894,1.2940031,3.6098237,1.717233,0.90431607,10.450382,2.8039577,1.6056681,1.3447423,1.1097257,1.5992396,1.8771517,1.2569578,2.4607801,2.2738252,1.9007556,2.970361,0.7390287,0.81251854,1.8984792,2.8172374,3.5565615,1.0842773,1.1503018,3.1630943,0.45505756,0.5776022,1.3320144,0.5871385,0.88703877,0.51230365,1.7057467,1.8205494,0.8926948,2.5704997,0.65557927,2.9214728,0.52848375,1.8601688,2.4035685,0.63650876,0.60503316,1.9350021,0.9234412,0.64666003,3.927604,1.3106318,1.2737454,1.8238853,0.6275966,1.3314838,2.3698092,3.6309063,2.1462026,3.0944448,2.7004483,0.9238677,3.0612848,2.6534731,1.2824726,3.2428997,2.018875,4.1572084,2.2982643,0.76112795,2.3943708,0.8111411,0.564217,0.9822233,2.6674201,0.7406121,1.0798316,2.184228,0.61739117,0.6038828,1.5775629,0.5623328,2.7055743,2.2649646,1.4416246,0.73615,2.8360007,1.6596335,2.400784,1.3613582,2.6368618,0.83839655,1.6901617,4.245253,1.8597132,0.55573225,2.7555234,3.1378195,3.5703056,1.93093,1.0656364,2.798689,1.4199972,2.3352273,3.6854525,2.5184114,2.5593023,2.8321025,1.6313087,1.7317778,2.5963562,1.3731631,1.4768463,1.725594,2.307144,1.1442089,2.2647998,2.6444407,0.55324155,1.649346,1.0109963,0.9273339,3.3219917,2.1758635,2.7086148,2.3709018,3.0856035,1.6387651,0.53428394,0.62480175,3.1127772,1.733935,2.8807082,2.730492,5.2451086,2.0270264,2.6614263,3.3852313,1.7746084,4.775041,0.45473406,3.5524035,3.049146,3.2453635,2.8732052,1.1270812,2.3067179,2.6315076,1.5329239,1.5580977,1.2291625,2.564709,3.0247107,3.2468636,3.0867326,1.920727,3.2830584,0.5503703,2.560581,2.820287,4.217064,1.5204921,2.0467484,1.9820325,1.3631706,0.9435694,2.6264277,3.8159838,2.5990942,0.36105683,2.6423068,3.1222715,3.3086174,1.9499063,2.7881842,2.7653313,1.787723,3.220351,2.113397,1.7215823,1.2227746,0.43423036,1.554787,0.9039209,3.5882955,0.5236516,2.5320988,3.6789815,4.0482,2.1362498,1.5772806
4.78331,5.514167,3.3104694,1.9804201,2.7025867,3.3033543,4.715203,4.6698823,4.952501,4.459263,4.579894,4.7206097,4.0904474,4.671688,1.4681214,4.636529,2.5030122,3.6314652,3.4847229,5.1708264,5.0176063,5.534773,2.7378845,4.691507,7.6014757,4.154728,6.045611,5.2719617,4.6293173,5.292185,4.953918,5.7889085,4.8373504,2.8261306,4.760302,4.1129136,5.1505256,5.2932587,6.8675413,3.376424,4.4926805,4.6454716,4.666175,4.641323,4.1874337,5.5441103,5.1723714,5.031099,3.954609,4.9104805,4.60703,2.5428498,3.377059,4.569509,4.3886204,1.8521321,4.7496266,5.2942224,3.5047514,3.5135431,4.6078725,3.0650947,4.8517885,4.347843,5.2398562,5.28388,3.6032531,4.8211613,5.4501762,4.936714,0.42337155,3.0673885,5.0422845,4.6468716,5.5233316,4.8639793,4.40984,5.2649393,4.642611,4.6589227,5.3451385,5.292342,4.5673404,1.7040288,4.531565,5.2137704,4.7651725,2.1451406,4.0653925,4.346728,5.0793715,4.765108,4.8282995,4.7975273,4.6044183,5.5542088,5.8328104,2.6840205,4.7783766,5.4213104,4.9437404,4.9887724,5.1006584,4.9789267,4.661344,4.5216136,5.118786,4.2643833,5.4077744,5.1006584,4.97002,9.787831,3.0200894,4.599733,4.495774,4.598001,4.359778,4.4938917,4.8114986,3.7489147,4.043841,4.5134506,2.4268653,4.6134768,4.7329726,4.189336,5.102503,5.876006,5.1132975,4.550048,3.639158,5.1359143,4.906603,4.1740746,4.6166105,4.7920303,4.617787,5.029317,4.333525,5.360374,4.28056,4.836402,5.157082,4.7648096,4.256395,4.8776817,5.439302,4.771545,4.3525186,4.6543255,4.685458,1.8039385,4.2618985,4.2662883,4.8059783,5.4392138,4.15644,4.0040584,4.4174004,3.9198937,4.40789,3.890887,4.600149,3.709109,3.567736,4.173205,4.717149,4.995518,1.1480525,3.5664525,4.7151995,4.9331613,4.5861077,4.7434916,4.5343504,4.804237,4.6126356,5.1394653,4.1812572,4.647924,4.8588004,4.9707694,4.938105,2.7920504,2.9373856,4.4793167,4.7212033,3.3072155,4.544826,3.3562508,4.269109,4.9343114,4.576617,4.3756185,5.6326213,5.524253,4.8829513,3.3843482,3.7293751,3.999032,5.003721,4.3944407,3.3913953,3.794853,3.6379435,2.333856,4.6982408,3.7074146,3.9514651,5.407075,4.4546614,6.164961,4.127112,4.225072,4.1740503,4.304534,5.6472697,3.346259,3.081904,4.852976,4.3432093,4.4943514,4.77164,6.1108093,4.709366,3.808675,3.941079,3.6714847,4.7224216,4.8010416,4.7110777,4.996279,4.7898855,3.7746482,5.0116434,6.1243505,5.313651,6.44269,4.9162135,4.134522,0.85576093,5.1349854,3.8483417,3.672238,5.321888,4.2158346,5.062685,4.9121757,4.879657,4.5647798,4.6912527,4.439085,2.9890835,5.1343975,4.991974,3.2617419,5.1737947,2.3496556,4.646535,3.1662629,5.013003,1.44761,4.3518534,3.95268,3.8855078,4.338991,4.778946,5.2337055,5.341418,4.8450933,4.7504387,2.8560483,3.5650485,5.20653,3.409554,4.033416,3.7564595,3.7223291,6.874936,4.565162,4.199258,4.3602767,4.998792,4.169848,4.9159145,5.0404024,5.0192227,3.6734378,2.5454175,5.784857,5.0077147,4.3144965
1.0535014,3.0671647,1.7560017,3.5103395,3.1849117,3.1260614,1.0040779,0.683202,2.179652,0.5926143,0.94027436,0.75423115,1.7598295,0.73330504,4.1395054,1.3883635,2.4626684,2.7491403,3.594951,1.9940044,0.8502979,2.527679,2.3278823,2.8739047,5.3181677,1.3800253,5.3705707,1.6572264,0.8347408,2.0578163,0.9414786,2.9885318,0.9252937,2.6724348,0.97622406,1.1592144,2.4392757,1.2616144,3.258471,1.9624025,1.0399579,2.473425,0.87481457,0.9776237,2.7526886,3.6300957,2.772437,0.9530903,1.7203996,2.253327,0.86455715,2.6987236,1.8826348,1.1607217,1.623077,3.5041704,1.0810227,1.5658808,3.732178,3.3338733,1.450759,2.5478296,1.0390999,2.0352793,1.6887244,3.1929255,3.3748305,2.7990265,2.1511266,1.0139817,4.941285,2.1831517,1.1116802,0.7035802,2.7084563,0.9823241,1.3289407,1.9418783,0.8072978,0.81322664,3.2766674,1.7019402,0.7262163,3.6653936,1.2276962,4.0170393,0.86803925,3.1991317,1.8302469,0.9924428,1.776143,2.7973714,2.9015217,0.9038111,0.97641253,2.4159937,1.7933948,2.3112466,2.7028093,3.3534627,1.9015211,2.297749,2.7632911,1.1241062,1.0255772,0.9424823,1.1775008,1.0118085,4.3681784,2.7632911,1.8355526,10.823321,2.9411757,2.1688588,1.0819838,1.1148914,1.5494988,2.0271885,2.140172,2.6528542,1.8674308,1.7052188,2.7500398,0.79585904,0.97259074,1.894614,3.2949033,3.5733626,2.1373358,0.4111556,3.7809303,1.1663098,1.1040025,1.2336105,0.78662604,0.92854834,0.8592785,0.9377031,2.3730037,1.94865,3.103394,0.948712,2.704365,1.0016482,1.8324997,2.4464471,1.0869436,1.0243932,1.1929507,1.5290025,0.83717835,3.567974,1.1946105,1.0336692,2.647813,1.1777343,1.0033202,2.8613534,4.424123,2.858227,3.753986,2.9638557,0.6138688,2.9675868,2.447621,1.585484,3.424452,1.5919087,4.086564,2.640805,0.853648,2.2363787,0.73419064,0.8052188,0.62735903,3.0129898,0.84679216,2.072548,2.6234918,0.7330702,1.059953,2.5723424,1.130955,2.322456,2.083367,1.2132965,0.84509104,3.3465014,1.8587408,1.9606433,0.70934325,2.795502,0.77937484,1.6100007,4.610544,2.0489857,0.9327787,2.732234,3.6848762,4.2665153,1.2020912,0.5950587,2.6331375,1.4905871,1.8081275,4.019534,2.8736265,2.0684814,2.302352,2.7043095,1.4772068,2.6310856,1.370761,1.4874878,1.4837788,1.9663602,2.0826263,1.8172746,2.9443862,0.87928504,1.3459947,0.47495472,0.35130617,4.1164527,2.7489986,3.319552,2.4563086,3.7368474,2.490611,1.523574,0.5937887,3.3941774,0.93310666,2.1311336,3.0585828,5.4140916,2.6125736,2.4702253,3.1614397,2.0285861,4.555454,1.1896169,4.165775,2.4020743,3.611106,2.3104005,2.182085,2.801885,3.2569551,1.1013176,1.1316622,1.6048276,2.1739469,3.6883976,3.5652604,3.605473,2.9710288,3.365612,0.77942955,2.0690758,2.4383523,3.9257271,1.6122638,2.7432861,1.2894677,0.6324278,0.8776737,2.8369029,3.7593415,3.015501,1.1774977,2.8691795,2.4524531,3.9752812,2.4118376,3.2617252,2.668188,1.7268726,3.235532,2.317629,1.6701019,1.0147818,0.93192565,1.402662,1.0339578,3.7987607,1.1840556,2.0746014,3.3354719,4.1037846,3.0498302,1.6047678
2.6795506,4.1258693,1.6746862,1.1690528,2.4106517,2.820304,2.6872103,2.5597587,3.3720515,2.321176,2.555187,2.590381,2.1288233,2.5444746,2.4053822,2.367238,1.061638,2.7703876,3.2367697,3.0813076,2.9637997,3.9913945,0.40116084,3.0699935,6.3096194,1.9648108,4.9975476,3.2137923,2.4406598,3.6833234,2.8793988,4.3750587,2.7245038,1.4616073,2.6190808,2.1581302,3.7091017,3.231752,5.1130447,1.2360002,2.264524,2.354938,2.613378,2.5072463,2.6810048,4.5679765,3.863189,3.015781,1.706141,3.4044356,2.5443866,0.31905428,0.94192517,2.2209759,2.221616,2.012513,2.7371798,3.4451146,3.4114158,3.080362,2.3977258,1.011077,2.4676318,1.9446306,3.4143832,3.6471546,2.899797,3.3487613,3.815699,2.8808818,2.6026044,0.65211403,2.9894755,2.4191937,4.1448393,2.7438285,2.1510346,3.5481224,2.531914,2.5523288,4.232874,3.3776295,2.4457245,2.0803878,2.202664,3.9359515,2.6618347,1.4252236,2.1862829,2.097306,2.953328,3.2374394,3.3423204,2.6917286,2.6005483,3.9979153,3.8359847,1.149931,2.7035167,3.6055472,3.1988502,3.190337,3.7507882,2.880385,2.493956,2.3110654,3.0577164,2.0532835,4.312658,3.7507882,3.200854,9.754314,2.5370464,2.7270248,2.3222182,2.3597221,2.095634,2.351953,3.103025,1.9476458,1.6284835,2.1845393,0.48600495,2.499015,2.6111844,1.9751652,4.0107284,4.182036,3.5679379,2.382333,3.5003555,3.076161,2.8707964,1.9286486,2.5171752,2.6838226,2.5729723,2.870102,3.242738,3.6225452,3.4444096,2.7193906,3.2318935,2.7491872,2.013752,3.3512318,3.3853304,2.7436292,2.1496468,2.6724286,2.5701914,1.1604506,2.0099702,1.9977107,3.2479053,3.3633513,1.919678,3.2506704,4.3659425,3.0973914,3.963916,2.845756,2.396799,2.468441,1.9996294,2.6212924,2.9545426,2.8250327,2.1336417,2.738262,2.6109657,2.8740208,2.4030135,2.6201797,2.501713,3.7795045,2.4998395,3.4075093,2.9316163,2.5243614,2.8191512,3.5461366,2.9036798,0.36663058,1.4438399,2.1870043,2.6162453,2.477549,2.4060981,0.9331497,2.0741951,2.943074,2.3827786,2.1057138,4.2133126,3.7610688,2.816942,2.1417553,3.485475,4.029063,2.9226835,2.2196984,1.967911,2.134345,1.6476455,2.7901323,3.5560048,1.317478,1.7395993,4.0258613,2.083005,4.5662007,1.9313302,2.0196466,1.8219266,2.5077038,3.8843799,0.9272923,2.2731984,2.784615,2.0156155,2.2918293,2.659238,4.717366,2.9945889,3.1713738,2.78954,3.497773,3.1585166,2.9843156,2.6001952,3.218148,2.470909,1.6947731,3.9281454,5.07546,3.9752235,4.6263795,3.0863216,2.8945425,2.3314357,3.0840673,3.8664057,1.3810326,4.129241,1.8791797,3.5179424,3.7408717,3.3622699,2.3812017,2.4077485,2.3981097,0.5610034,3.7362952,3.307783,3.098887,3.9133792,2.0392404,2.555578,0.7267179,3.3355381,1.5378062,2.1726053,3.0671723,1.8347768,2.1725469,2.56722,3.7700803,3.8616319,3.0741186,2.7908494,2.2678285,1.6655632,3.9134364,2.0613766,3.202558,2.319445,1.5207043,5.2331486,2.5000737,1.9451048,2.0984828,2.9162369,1.8766594,2.831277,3.3556101,2.9850078,1.549464,1.6597774,4.316659,3.6317515,2.0970898
2.7603607,4.6790857,2.060696,2.2244196,2.8850498,3.3495846,2.9063697,2.7505193,3.7931974,2.3851893,2.7648463,2.7463362,1.2616382,2.6792428,3.0840902,2.142931,1.8210115,2.9516,3.693637,2.3725886,3.1181211,4.311707,1.3764566,2.20509,5.860216,2.5073931,4.671353,2.4126549,2.541963,3.202034,3.1333406,4.58159,2.6193774,1.2117989,2.5438669,1.7620676,4.110102,3.3892128,4.1094565,2.083392,2.549139,2.2637308,2.7877395,2.7225654,1.9541308,5.006427,4.34321,3.16237,2.2907374,3.8312075,2.7342799,1.6198419,1.6460016,2.2606854,2.8433728,2.7044733,3.1140141,3.5553288,3.8986387,3.0973349,2.5797865,2.210546,2.0176158,1.8280714,2.6487365,2.777731,3.7016673,4.0822864,4.053424,3.1761384,3.2546299,1.5233165,3.2687578,2.028778,3.7776258,2.6454587,2.397742,3.853713,2.5092254,2.5043266,4.7418156,3.6577916,2.549143,2.7610602,2.5219884,4.80018,2.5876925,1.6096144,1.3055861,2.1692903,2.3093767,3.9899766,4.0981975,2.6079354,2.8242753,3.5239358,3.5473986,1.3738209,2.3726473,2.8567858,3.620077,3.6597,4.2433777,2.71033,2.772974,2.5308926,3.3215578,1.9936228,5.1797523,4.2433777,3.688898,9.922911,2.8308709,3.3653104,2.0712829,2.5499673,2.4099133,2.9487133,3.6533418,2.8416662,1.8605436,2.36189,1.8875257,2.5059636,2.5901566,2.4935725,3.6059275,3.4844096,3.8263154,2.3991807,3.9102616,3.3169687,3.2145405,2.3404236,2.6688478,2.5367632,2.7987347,2.2632196,3.4976802,3.8024273,3.3250995,2.7538054,2.4861202,3.0639677,2.5506449,2.6254456,3.2799916,3.0872822,1.5201969,3.1547403,2.632378,2.2192595,2.455423,2.1471484,3.9664586,3.3239396,1.9442774,3.3419216,4.859222,3.6128178,4.029568,2.5506146,2.3711104,1.7972703,1.3419487,2.6104324,3.7703044,2.1596253,2.8636713,2.8375995,2.5494,2.373427,2.5019338,2.7412367,2.5863373,3.318541,2.522546,3.875449,2.78527,2.648342,3.1643023,4.1424727,3.244331,1.4212255,1.7272849,2.2012715,2.5679862,3.5427253,3.0065222,1.2701603,2.2100015,3.1945884,2.517208,2.3562858,5.1088934,3.1993613,3.1032965,1.7297071,3.660795,4.4643655,2.1866865,2.3765082,1.3878434,2.2147605,0.91524476,3.3587706,3.1100018,1.3438188,1.2170733,4.382922,2.4278214,3.8820128,2.4664044,2.6121116,2.261242,1.6390896,3.9136074,1.3443345,2.4613452,3.053393,2.0384347,2.3187017,2.6400259,5.045139,3.7299461,3.3936827,2.3379977,4.038635,3.835569,3.2932284,2.738292,4.0109477,1.9971346,2.1070485,3.4032938,4.6970496,3.6804802,3.8681223,2.470596,3.0218408,2.961872,3.3327966,4.146667,1.0114826,3.6273792,1.6310903,3.9142628,3.408438,4.228322,1.9563755,2.1024756,2.9801161,1.5371461,4.5788026,4.1406627,3.4886277,4.414231,2.2066257,2.6897109,1.1283295,2.251849,2.5684245,2.7855272,3.4962478,1.4768045,2.2005196,2.5417686,3.1199796,3.1000032,3.888842,3.044966,2.5951078,2.2734122,4.7773843,2.707649,3.1162646,1.7001014,2.1548336,4.4382505,3.140926,2.5285776,2.2153776,3.1414766,2.375687,2.6514826,4.168351,3.30621,0.97259146,2.7599308,3.6722162,4.343416,2.6823406
4.829025,5.622139,3.1754785,1.4738322,3.0455444,3.5845928,4.6773257,4.547545,5.0374317,4.219346,4.5380797,4.652655,4.2952943,4.6132793,2.0862412,4.7700214,2.3424137,4.035608,3.9576857,5.44455,4.905652,5.6410985,2.7443326,5.2205057,8.293594,4.073206,6.8974137,5.4438725,4.6154404,5.529443,4.821952,6.0255237,4.901019,3.288466,4.832515,4.0476217,5.2245097,5.268072,7.0500364,3.3724527,4.441629,4.79831,4.6205387,4.6172147,4.740378,5.767708,5.2683225,4.948804,3.952507,4.9974155,4.5562205,2.5955093,3.2830026,4.2066765,4.28853,2.0554473,4.5786543,5.338097,3.8645027,4.077479,4.6947336,3.0067036,4.7850447,4.412378,5.2080674,5.832339,3.9694018,4.911138,5.508696,4.794335,1.1860999,3.0619645,4.932647,4.626836,5.8643203,4.9374657,4.4436283,5.2906537,4.6671834,4.6907697,5.49331,5.3111496,4.526185,1.9259998,4.4560866,5.436736,4.8126855,2.7351825,4.2931414,4.3656616,5.315828,4.8661447,4.939287,4.8541903,4.558554,5.8618035,5.992567,2.738672,5.1227303,5.9237742,4.979292,5.1328206,5.2443438,5.0897503,4.60712,4.482144,5.031673,4.3195014,5.6742926,5.2443438,4.9090476,10.812065,3.1054504,4.6595507,4.607593,4.6033854,4.4103317,4.506051,4.8674884,3.8858604,4.074416,4.5842643,2.3741899,4.627484,4.794684,4.2435093,5.6819463,6.4415317,5.2141724,4.3568516,4.1064525,5.058604,4.757919,4.116829,4.566801,4.8667893,4.531834,5.0074244,4.33688,5.455038,4.8080077,4.8672476,5.5790505,4.6227093,4.265468,5.3001857,5.4400845,4.611869,4.378294,4.619742,4.6895313,1.3847228,4.155328,4.262459,4.875667,5.4525137,4.174328,4.274904,4.8568053,4.100821,4.9588904,4.5219846,4.569344,4.330963,4.0246444,4.262404,4.823767,5.180847,1.3877314,3.8427293,4.7587547,5.2722054,4.5483027,4.7083735,4.3471656,5.266652,4.6358614,5.1448464,4.693868,4.5964494,4.698662,5.003656,4.7978597,2.7190645,2.9559143,4.5420895,4.759153,3.5253363,4.5104666,3.3921812,4.0496635,5.219001,4.534387,4.456478,5.7675996,5.784223,4.7254105,3.9548144,4.2905793,4.498902,5.009246,4.2261457,3.9052076,3.8432171,3.786991,2.9816098,5.2017107,3.7951963,4.158816,5.5187087,4.396545,6.3109665,4.0493484,4.1237497,4.1137295,4.606303,5.796687,3.3194149,3.65948,4.695171,4.410316,4.3866763,4.6022635,6.567155,4.831132,4.3908653,4.322436,4.016778,4.7932253,4.820362,4.586395,5.085364,4.7725096,3.2209425,5.478992,6.981861,5.637148,6.507876,5.4053125,4.0777593,0.98251253,5.058597,4.448108,3.7328377,5.9976954,4.323339,5.102304,5.3430896,4.9790087,4.6732597,4.775407,4.3878856,2.8726847,5.3133693,5.100126,3.7912483,5.3383794,3.0407887,4.6003394,3.15133,5.327899,0.952719,4.260731,4.154389,3.787076,4.129333,4.8043466,5.733896,5.999112,4.9056034,4.7297792,3.1634884,2.920564,5.4210076,3.6757922,4.69414,4.302428,3.7336957,7.0675516,4.6123786,4.1454163,4.367805,4.881013,4.085263,5.0126815,5.156623,4.902491,3.9111063,1.7145808,6.468624,5.1376295,4.238656
1.128247,2.864005,1.7759885,2.893892,3.0201397,2.9892418,1.1703367,1.0578476,2.1128833,1.2833397,1.1310918,1.0114454,2.0032763,1.0125747,3.724603,1.1731706,2.131557,2.7467089,3.4230835,2.2148693,1.3901428,2.6476355,1.658263,2.9032016,5.4380846,0.4055794,4.8555403,2.3409863,0.86162364,2.8422265,1.2349144,3.142055,1.3090249,2.363859,1.1875743,1.8021502,2.5274227,1.5096916,4.311231,0.96400476,0.5270914,1.7034439,1.1357199,0.8802231,2.6983933,3.6571834,2.7617376,1.4681436,0.52343005,2.2262144,1.077843,1.8583204,1.0296776,1.3534024,0.5480633,3.1933591,1.2083026,1.9727691,3.6536014,3.3830116,0.82504773,1.4435695,1.4060432,1.3419809,2.8126328,3.2826397,2.7637203,2.197505,2.4470565,1.2446448,4.4242625,1.3366182,1.3042365,1.3873081,3.3321574,1.3014381,0.5509296,2.1166344,1.1550846,1.1932237,3.2397454,1.7437325,1.0098153,3.3505445,0.2939536,3.0454764,1.2659296,2.7666013,2.112756,0.7172127,2.0159945,2.0824792,2.202411,1.2836584,1.1787863,3.110636,2.370676,2.133304,2.138577,3.174774,1.78344,1.7550606,2.6298363,1.4754763,0.7615245,0.6495442,1.3351709,0.94035167,3.4744308,2.6298363,1.7461095,9.950204,3.0651655,1.3338536,1.2287849,0.65243596,0.580806,0.8761171,1.7395684,1.449722,0.9213775,0.81576186,1.9156888,1.1101769,1.1598821,0.7133848,3.5836906,3.552831,2.3610845,1.2108077,3.6906834,1.3606689,1.2425829,0.3443622,1.0325004,1.3361222,1.1189833,1.9112422,2.7775412,2.198277,3.278429,1.170866,2.6593182,1.2277303,0.60919094,2.9125848,1.8304113,1.1969388,1.5981575,1.0831695,1.0826217,2.944489,0.29201847,0.5955519,2.029451,1.7257887,0.83056563,3.1582875,4.330239,2.8034375,3.8813195,2.9084377,0.98204815,2.8506875,2.332649,2.0459545,2.1854208,1.9027442,3.6851015,2.8351068,1.2305557,2.064868,0.87597674,1.0504555,1.3906212,3.5114675,1.0930685,1.9353112,2.6122222,1.0179906,1.2156519,2.3774838,1.2598374,1.6347052,2.0068638,0.77620304,1.219821,2.4749038,0.7809371,1.2547282,1.0633131,1.9001516,0.80879015,0.6986818,3.43793,2.7847464,1.2120519,2.564339,3.6949148,4.1722126,2.1493564,0.9654449,2.4564567,1.7517554,1.8635894,3.6709065,3.240271,1.3389637,1.8172253,2.843704,0.37056938,3.7172387,0.39957708,0.37563443,0.2630592,2.297563,2.450229,1.1712044,2.661883,1.2057633,0.7628222,0.98294747,1.3877414,3.603953,1.8038427,3.153042,2.8288066,3.6172688,1.9520204,1.6000077,1.1318959,2.2206073,1.4160646,1.927493,3.5960572,4.938392,3.2035115,3.6426334,2.7960386,2.5520744,4.1239285,1.3740649,4.1123776,1.8690765,3.7113955,1.6627715,2.2735987,3.2463288,2.2987347,1.4143211,1.20189,0.8239726,1.4283864,2.7394605,2.3876424,3.4454813,2.8452036,3.0551333,1.078967,1.4619554,3.0537436,3.3101304,0.5040801,2.75485,1.6839634,1.2181869,1.0090226,3.215966,3.6344166,1.9202797,1.3088708,2.7978778,2.1466055,3.0073242,1.8348376,3.1697636,2.5480642,0.66856486,4.309322,1.1673371,0.40222192,0.6381974,1.2551482,0.17787507,1.4737917,2.5801287,1.3078506,1.738138,2.8152163,3.9283004,2.5070949,0.41962823
2.1935625,2.5117636,1.8433079,3.7913208,1.4654975,1.1250122,2.04493,2.2144365,1.8196895,2.4368427,1.9710702,2.225421,2.522233,2.1836329,2.7839878,2.766139,2.4532175,0.67434394,1.3363932,3.072188,2.230486,2.0729012,2.7920494,3.0703068,4.729318,2.5252783,5.157474,2.846117,2.3057761,1.7639761,2.3311298,2.1489177,2.1761415,2.3833454,2.238765,2.1848388,1.752763,2.408885,3.8957007,2.5716975,2.4781382,3.886074,2.0397797,2.2532024,2.6481144,2.1347065,1.8777183,2.1361794,2.7626567,1.6984515,2.0482562,3.0764358,2.8985012,3.3322911,2.8071868,2.385273,2.2662122,1.949746,1.4380686,1.1502486,2.6420956,3.1382654,3.1560237,3.5602036,2.7007346,3.4502537,2.0526748,2.5713325,1.9077379,2.3336637,4.173115,2.909359,2.3561997,2.5222788,1.7081589,2.2197664,2.6201806,1.9718623,2.0850384,2.079639,2.069121,2.305284,2.1152713,2.5558515,2.8461418,3.9320123,2.1141522,2.591396,2.4332335,2.3853488,2.9345818,2.712374,2.7528331,2.1386204,1.9506254,1.936527,2.572638,2.2560167,3.7081873,4.048534,2.0137377,2.5570228,1.9527494,2.2540746,2.3997939,2.3875203,2.401229,2.2742107,4.0117993,1.9527494,2.1554012,10.172123,1.4920228,2.6680965,2.3153288,2.531179,2.7745018,3.0884001,2.216264,3.0628135,3.2267363,3.0991766,3.0247755,2.0869377,2.1783795,2.9439402,1.9309483,3.9038692,1.56542,2.4024115,1.3880019,2.3807986,2.337937,2.5020187,2.1074286,2.1541972,2.0561283,2.7128155,0.89733,1.9349134,1.0330393,2.206027,3.4544024,2.1856196,2.9926412,2.1414704,2.316029,2.2573779,2.6684723,2.3156083,2.1305594,3.7298622,2.5833483,2.425964,2.5732946,2.3939164,2.2983844,0.42608663,2.0438077,0.9647549,1.2874547,1.7848616,2.2911067,2.550689,2.3818986,1.012644,4.184068,2.9147167,3.1743603,0.6380184,2.0973773,3.1299727,2.2648134,2.1958525,2.1402733,1.4714127,2.0910344,2.2311983,1.4380159,2.1590745,2.3281133,2.0724018,2.3449883,2.924319,1.8736345,2.6380062,2.1000845,2.612881,2.9604697,2.8979723,2.4533358,3.596808,2.3051069,2.8266368,5.1302104,2.2099397,2.3275397,2.1375797,1.2430907,1.8231903,2.725793,2.3202457,2.3935068,1.3169028,2.4940784,2.1919575,1.5400555,3.222423,3.4024796,1.8632069,3.057987,2.681523,2.5120652,2.6959252,2.8892546,2.383823,2.0960603,2.7708952,1.5309993,2.3013132,2.7451072,2.3129454,2.3071735,3.7516944,3.0628252,1.2789861,1.3228142,1.4755311,2.3506458,1.8055063,2.2120144,4.1432962,2.8916538,3.602514,1.6862955,5.2002263,1.4352266,3.192816,3.8507566,1.1242766,3.9237664,2.3710458,1.6876209,3.6093974,2.7462888,3.7131033,1.758907,1.3092575,3.410921,2.44361,2.7046618,2.495664,2.932747,3.7044253,4.2045693,1.3742418,1.9992973,2.1285021,2.0900261,2.94626,2.8579264,3.847368,2.7971451,0.7449842,2.4134545,2.420514,2.408432,2.356816,3.8785381,3.6161997,1.9603376,1.2767438,3.727077,3.9033809,1.6742495,1.613533,2.4074945,2.564259,3.4117885,3.2632875,2.8858933,2.43438,2.3370528,2.7408304,2.1662033,4.551004,2.359722,2.8688629,3.7077632,4.179808,2.636043,2.83041
2.7352333,4.3884025,1.3622247,1.3884579,2.5911667,3.0086393,2.655936,2.3979268,3.5324423,1.8566849,2.499767,2.5088313,2.0250347,2.4590034,2.7862792,2.5414343,0.9693251,2.9640448,3.5441246,3.170356,2.7920027,4.1034164,1.0824089,3.340289,6.686606,2.1714778,5.7626,3.030983,2.4442225,3.4995763,2.7589307,4.5412817,2.6966622,1.8821377,2.6424665,1.639076,3.7982166,3.220326,4.6867757,1.7674538,2.3552213,2.837578,2.5429459,2.546229,3.004734,4.760557,4.0099897,2.8695467,2.1362202,3.5457659,2.4775383,1.393007,1.3188092,1.695618,2.497121,2.1834338,2.616994,3.4114916,3.5868917,3.2640557,2.680109,1.813391,2.2325282,2.2834375,2.7951257,3.911193,3.4843006,3.7674086,3.8237135,2.7687438,2.9546359,1.3248835,2.921996,2.1532938,4.0821576,2.74347,2.4002767,3.5856695,2.4772,2.4931018,4.4218397,3.465268,2.35866,2.2464566,2.356627,4.670757,2.6161644,1.9895016,2.0691252,2.1726208,3.0188193,3.7131217,3.823386,2.6591148,2.5415072,3.9004195,3.8060873,1.0498167,3.2249584,4.001833,3.3456447,3.5840216,3.983641,2.8939762,2.5503564,2.3621821,3.0220451,2.0912871,5.0393114,3.983641,3.272867,10.79266,2.3368924,3.1620333,2.3483868,2.499712,2.4437501,2.824392,3.3777409,2.7290652,2.0472085,2.5544999,1.3807827,2.4451275,2.6363385,2.4754777,4.1879992,4.546795,3.6130612,1.9879665,3.7446856,3.0376685,2.779242,2.0964682,2.4417129,2.6478436,2.4665656,2.4737244,3.020757,3.6753151,3.6155922,2.7248948,3.5191891,2.6234381,2.4652536,3.351451,3.2309742,2.620198,1.8810687,2.8460472,2.5390768,1.4657142,2.1271968,2.088998,3.6524515,3.284305,1.944394,3.1818426,4.6331086,3.232085,4.152665,3.2014632,2.289309,2.8323767,2.2807448,2.4398682,3.7429814,2.8186944,2.351771,2.6986525,2.5651298,3.1907814,2.3540628,2.568186,2.1094317,3.7380693,2.4725707,3.55431,3.2410414,2.439801,2.7085953,3.7386568,2.8245237,0.9889219,1.2817136,2.3610396,2.569073,3.1734095,2.786393,1.3690164,1.6942049,3.5987937,2.357126,2.4777586,5.032733,3.6405694,2.6735067,2.5193548,3.7051365,4.2974153,2.4856403,1.9545667,2.3180997,1.9654961,1.5380017,3.2055209,3.6312418,1.7629107,2.108991,4.118956,2.3361716,4.147937,2.1374722,2.260615,2.0996208,2.456016,3.9269614,1.2147261,2.7246354,2.6246655,2.2393475,2.068025,2.2776918,5.3337474,3.577449,3.5653663,2.7122967,3.7141569,3.5190477,3.0331604,2.3981545,3.941885,2.2534516,0.9757856,3.8799493,5.8168745,3.9134579,4.1444297,3.5813224,2.5213485,2.5108058,3.0493057,4.137278,1.670085,4.4655457,2.2609768,3.584479,3.764022,3.9819498,2.327464,2.4402013,2.651343,1.0503988,4.4196253,4.0623493,3.402684,4.155781,2.489434,2.4712536,1.0852513,3.13086,1.8422066,2.4578247,3.1739674,1.294468,1.730406,2.580198,3.880217,4.297747,3.7094238,2.7874174,2.3651667,1.0092987,4.6399755,2.5598829,3.5988986,2.6668742,1.9567953,4.844045,3.054711,2.306361,2.1910725,2.8020136,2.1071675,2.8038678,4.1560493,2.9318626,1.8422139,1.5037202,4.8111267,4.0588064,2.4027975
1.7860506,3.6981115,1.4244196,2.7378616,3.0679252,3.190242,1.6812918,1.3072083,2.8074038,0.61163384,1.5576613,1.4510975,1.781283,1.4183167,3.7769105,1.8187093,1.8886235,2.97006,3.7413883,2.4921663,1.636564,3.2691042,1.8299487,3.1617863,6.0939913,1.5469927,5.740315,2.1907854,1.4692893,2.732191,1.6391715,3.766345,1.7093436,2.4622726,1.7001568,1.0227197,3.0699778,2.110869,3.805902,1.7932457,1.4762557,2.5350192,1.5490682,1.5991985,2.9701614,4.2241063,3.3621278,1.7505178,1.7696106,2.8560567,1.5000523,2.215539,1.470434,0.5194521,1.8443737,3.1009684,1.5965194,2.4031277,3.8150103,3.474834,1.938124,2.200414,1.223774,1.9732659,1.941436,3.596303,3.56217,3.2556324,2.9146314,1.6712556,4.3242254,1.7666587,1.8282461,1.1303554,3.4068673,1.764585,1.6912382,2.6763396,1.5118057,1.5274417,3.850404,2.4819536,1.3630478,3.2317789,1.5247451,4.377444,1.6328704,2.879083,1.861901,1.3778483,2.2931805,3.2289577,3.3425162,1.6771694,1.598245,3.1433742,2.7284157,1.8362336,2.9350271,3.695176,2.5424893,2.8997343,3.362294,1.9263653,1.5966033,1.4459203,1.927953,1.3606414,4.7601795,3.362294,2.4227202,11.086677,2.7371833,2.587288,1.5723561,1.6288186,1.8382053,2.2883291,2.6924992,2.694825,1.7798369,1.9631721,2.2379136,1.4816482,1.6961056,2.0586736,3.8493922,4.1025143,2.8282113,0.73690027,3.933839,1.9382527,1.7166797,1.4240175,1.4398862,1.6849753,1.46663,1.4001999,2.6309233,2.752614,3.4856892,1.7244741,3.097254,1.5852249,1.9910359,2.9195738,2.0451908,1.5783509,1.2170241,2.0432608,1.553247,2.8243728,1.3798578,1.3316808,3.1073062,2.1226704,1.2406822,3.0836723,4.686999,3.096509,4.1057177,3.23688,1.2562937,3.0489526,2.4562666,1.9248534,3.5530105,2.0622401,3.5457232,2.745139,1.594575,2.6737447,1.3544018,1.5329533,0.9882789,3.4475453,1.526623,2.71901,3.0406556,1.4113895,1.6453571,3.1008027,1.7618402,1.7657229,1.725694,1.6083145,1.5910795,3.372764,2.1575859,1.6011517,0.5746076,3.1751096,1.3706162,1.8992658,4.820526,2.7963476,1.5640571,2.7790186,3.875123,4.4629207,1.5408138,0.86367494,2.6081235,1.6086481,1.5872122,3.8813176,3.338197,1.8193364,2.146312,3.3770673,1.6486335,3.2576182,1.5250158,1.6392123,1.5428011,2.162051,2.959295,1.4101118,3.0207372,1.5097047,1.602766,0.9660124,1.0212178,4.79163,3.1289127,3.611321,2.6430285,3.870057,2.9611378,2.1818323,1.2677932,3.6185796,1.2600554,1.1902236,3.5336466,5.78811,3.2766726,3.1035428,3.40293,2.1506057,3.892689,1.9567735,4.3524337,1.977967,4.163367,2.1548853,2.814182,3.344814,3.5981867,1.541801,1.5983758,1.9640249,1.6338804,4.0644827,3.7828815,3.6971192,3.5642755,3.1955104,1.4589242,1.57161,2.7162008,3.2022886,1.8217965,3.0071483,0.8807862,0.54697186,1.583934,3.4110441,4.121615,3.302636,1.8520781,2.766723,1.5284384,4.3374815,2.5566087,3.6011994,2.7822275,1.7110659,3.9094107,2.580781,1.7871941,1.3917605,1.6705419,1.4991782,1.8315948,3.9518824,1.8640672,1.9303477,2.5482466,4.5543303,3.545409,1.7912492
0.98438734,3.23366,1.8554863,3.3944244,3.191344,3.2021923,1.1775751,0.98193115,2.3439205,0.9744707,1.1106807,0.9172466,1.3259118,0.8740992,4.0605927,0.82880634,2.4264605,2.7204916,3.611787,1.4626735,1.2199934,2.7275767,2.0861728,2.3512063,5.032993,1.3046243,4.833618,1.2965335,0.75022644,2.0634584,1.2721063,3.1105723,0.7940041,2.3240526,0.7630176,1.1530179,2.6732864,1.4342902,3.1964998,1.7702925,0.9475453,1.9178057,1.0535855,0.9921657,2.2698557,3.8200908,2.9927382,1.287786,1.4679403,2.4375138,1.0308082,2.4334717,1.632231,1.2362572,1.5642347,3.488308,1.4278547,1.7755957,3.825257,3.2622006,1.1325625,2.3371735,0.55972785,1.494967,1.775192,2.6767142,3.3366184,2.861562,2.4012895,1.3492322,4.798344,1.8991526,1.3992757,0.33540675,2.72099,0.8222107,1.0283958,2.1812282,0.7487912,0.7423895,3.4851844,1.8573194,0.81252724,3.6426237,1.0323516,3.9018795,0.7829188,2.912769,1.429888,0.678652,1.2464763,2.811364,2.920451,0.7968889,1.171367,2.3823893,1.7416602,2.1805055,2.10263,2.7618527,2.0611565,2.241619,2.9172363,0.9259138,1.0471406,0.8623457,1.423563,0.64124614,4.2839937,2.9172363,2.0865939,10.3361225,3.0559301,2.1031494,0.6260621,0.9049824,1.2193328,1.8188096,2.2293575,2.4093516,1.4152763,1.267853,2.5625646,0.7557899,0.8225333,1.5892305,3.1154957,3.063466,2.3460512,0.8014741,3.8264446,1.4072984,1.4298973,1.089989,0.92426044,0.7566078,1.1070064,0.7817456,2.6728282,2.119092,3.0228179,0.9077581,2.1313066,1.3422992,1.5597187,2.1659002,1.2844876,1.3682605,0.76916087,1.6107938,0.83972883,3.4406037,1.123005,0.752633,2.7057538,1.3144926,0.687382,2.9795864,4.5260153,3.009678,3.7540405,2.6674752,0.5173589,2.5291522,2.0153513,1.7180777,3.152467,1.0505025,4.0263653,2.6951256,0.767414,1.665333,0.7153469,0.9037739,1.0735688,2.94096,0.7862439,2.2643437,2.398404,0.8584694,1.400047,2.780847,1.4461656,2.0972009,2.0436134,0.76876795,0.77596664,3.2891521,1.7301378,1.5914671,0.91943514,2.3692968,0.7496793,1.2257366,4.400139,1.941521,1.2932478,2.3601153,3.6696138,4.3282957,1.0420744,0.8390811,2.2151396,1.5561213,1.4371319,3.953672,2.7182047,1.5863601,1.7332323,2.9324799,1.1874924,2.7482154,1.2854412,1.4088469,1.2201328,1.5587437,2.1968577,1.5160372,2.7450132,1.250192,0.8641432,0.5997881,0.883079,3.925673,2.6374369,3.217362,2.3336387,3.838618,2.5659485,1.7070696,0.9374664,3.1696203,0.39344785,2.1647155,2.9707975,4.874375,2.651797,2.579308,2.5517924,2.324175,4.451076,1.4318428,4.168045,1.925907,3.277523,1.7566243,2.4254124,2.74462,3.1931534,0.58892035,0.5464981,1.6085058,1.9603097,3.5915391,3.3475876,3.5887642,3.1276226,3.146954,0.92898124,1.7505882,2.1062186,3.8194222,1.5330288,2.8837006,1.1966275,0.88354826,0.6587243,2.548094,3.2112777,2.874046,1.3601028,2.8643348,2.497482,3.8645966,2.3106542,3.0434144,2.2246788,1.4999679,3.2915719,2.0943313,1.473025,0.7199747,1.2470931,1.2343056,0.87278813,3.5303977,1.4717895,1.5586044,3.38185,3.5717497,3.1174426,1.4759014
2.2640617,4.131529,2.0615027,3.2653277,2.6662114,2.9705923,2.4680755,2.4163556,3.2248318,2.2346087,2.3446348,2.3652315,0.5748628,2.2888403,3.3323722,1.8139234,2.3112664,2.2860432,3.2092175,1.620504,2.655578,3.6025672,2.091835,1.3552189,4.7752666,2.5267298,4.2797804,1.4740359,2.1834514,1.999627,2.7621884,3.7264378,2.010738,1.297105,1.9963578,1.3901062,3.4695153,2.8587952,2.9715161,2.3923533,2.3764784,2.5605066,2.3533833,2.3756175,1.1168238,4.273736,3.7309744,2.6490574,2.4623537,3.2471035,2.3297074,2.4296443,2.214264,2.5515504,2.8910549,2.9450731,2.829241,2.8388016,3.4537547,2.3889225,2.33805,2.834409,1.8842605,2.2044075,1.8199428,1.8927721,3.473259,3.7926133,3.3237972,2.8250287,3.9947267,2.1843474,2.8733332,1.589638,2.5533485,2.0425239,2.2717497,3.2269804,1.9909745,1.9632454,4.101306,3.1104295,2.1511457,3.0484955,2.511879,4.730187,2.0029876,1.9469153,0.4364931,1.9346569,1.5812992,3.7582095,3.852003,2.0120673,2.3955915,2.2817035,2.6205661,1.7153459,2.316601,2.3924756,3.124256,3.2686548,3.6531825,2.0249746,2.5040336,2.2908912,2.9028184,1.6774615,5.035132,3.6531825,3.2760916,9.860925,2.5828013,3.201747,1.555466,2.3117537,2.3740911,3.01285,3.2688894,3.0859973,2.2339988,2.3886278,2.6458902,2.0166886,2.0569205,2.6104195,2.4068651,2.6848023,3.1022952,2.1707263,3.376561,2.8757312,2.8873904,2.326128,2.2701788,1.907728,2.4192708,1.63983,2.882662,3.0680604,2.3468583,2.2347877,1.8545086,2.724049,2.6843219,1.3101828,2.5600655,2.7820685,1.2061565,2.8833802,2.161402,3.2348611,2.4642258,1.9976381,3.6935525,2.6525338,1.7384034,2.5865028,4.2695174,3.1172676,3.1542842,1.6698976,1.9858111,1.1273155,0.78236127,1.8951079,4.069189,1.4890125,3.376588,2.1998255,1.9831609,1.8403085,2.1543276,2.314771,2.264539,2.0963697,2.0363085,3.401955,1.8695885,2.2503304,2.854432,3.6812446,2.9052067,2.205989,1.7866756,1.9934016,2.0099144,3.6199086,3.0221126,1.8656,2.1588457,3.1109946,2.202318,2.3141756,5.34373,1.9991965,2.772155,1.1569579,2.978315,3.8988492,1.4789618,2.1991796,0.9548573,1.7357941,0.8279556,3.2538753,1.8977494,1.91904,1.6715256,3.6678102,2.5440943,2.675884,2.4896886,2.6830795,2.4303553,0.46893966,3.054799,1.884625,2.0272965,2.7194858,1.9530365,2.0411503,2.2616484,4.4738255,3.627849,2.7182224,1.2935458,3.5848122,3.5217245,2.7606354,2.3750591,4.1997266,1.6840528,2.864139,2.1321912,4.2765956,2.503076,2.775841,2.2193897,2.4662652,3.7176135,2.8902032,3.518948,1.9437392,2.5237064,2.1554236,3.3127034,2.2226627,4.176507,1.3928436,1.7169074,2.864734,2.2639146,4.492375,4.331867,3.0221498,3.8047788,2.1168401,2.2671084,1.8878244,1.0341629,3.5244257,2.8407252,2.938551,1.4234997,2.0770504,2.107279,1.8564813,2.423187,3.9574218,2.5716393,2.299185,3.1089828,4.705668,2.4999762,2.2718625,0.992634,2.328486,3.1977413,3.2218812,2.6718016,2.0157797,2.7444267,2.4863532,1.9552345,4.463526,2.931797,1.2040392,3.611526,2.9868126,3.9915416,2.7616084
2.2586617,3.4714246,2.7934835,3.7800772,2.8065965,2.8960202,2.5836577,2.7713203,2.8378804,3.0511217,2.5389807,2.6027052,1.8572017,2.5514276,3.4147322,1.828755,2.9520364,2.1683908,2.8592916,1.781394,2.9443877,3.19227,2.4434867,1.1887438,3.7003498,2.4978316,2.7384808,2.2837603,2.3470623,2.503359,2.967137,3.1491995,2.2038238,1.6462663,2.117885,2.6420343,3.1652315,2.8196437,3.9677339,2.3041394,2.429103,2.2371402,2.5630844,2.4315314,0.8695612,3.712231,3.3154807,2.8889647,2.2612035,2.896342,2.5490084,2.5375345,2.4861007,3.4214885,2.6940904,3.287261,3.0437348,2.7981431,3.3381753,2.3617117,2.0323393,2.6793652,2.6495476,2.2582903,3.2715414,1.5395135,2.6597948,3.0429237,3.1355968,3.009754,4.2935133,2.3670206,2.9673538,2.4214358,2.6406403,2.1738975,2.1311722,3.0241039,2.2646573,2.248695,3.5810354,2.8462763,2.456202,3.4124203,2.5162644,3.492384,2.23798,2.1126513,1.8468183,2.1233606,1.7997319,2.9458203,3.0106113,2.216737,2.5800576,2.504771,2.5858645,2.5277233,1.6439708,1.7842554,2.79459,2.494434,3.0881727,2.1090932,2.5310223,2.396067,2.9325204,1.9978482,3.7481034,3.0881727,3.088063,8.172254,3.2226734,2.5550601,1.8775169,2.2684882,2.1076074,2.4962292,2.7542636,2.3428283,2.2049122,2.106029,2.7737901,2.2879674,2.158755,2.188272,1.9915509,1.8638376,2.8930583,2.9253132,3.1083949,2.9081743,3.0360694,2.375889,2.5206614,2.1489508,2.6823375,2.705824,3.2918863,2.8198037,2.1116745,2.3206286,1.5029218,2.9540055,2.3316483,1.7272166,2.809471,3.0048316,2.2918785,2.653057,2.3507361,3.706628,2.5519998,2.1806855,2.9829485,2.7460365,2.0975435,2.8755465,3.8089032,2.9738843,2.8357823,1.106802,2.3853688,1.0399832,1.2206433,2.4398348,3.099778,1.9370617,3.7553737,2.5755646,2.2305975,1.3875083,2.4141026,2.5062785,2.979317,2.3878958,2.2561388,3.039737,1.2635417,2.5207734,3.0422723,3.247547,3.0283873,2.6025589,2.537762,2.0093205,2.252358,2.8836684,2.6137984,2.1804214,2.8949018,2.0099618,2.421816,2.0106905,4.1463246,2.3577416,3.0188198,1.1098434,2.7617629,3.516391,2.7212925,2.77826,1.2129488,2.3522923,2.0027907,3.0559385,1.9126374,2.0984602,1.9099783,3.3076415,2.4747949,3.5667589,2.474111,2.5979428,2.4079127,1.6697913,2.7866025,2.3038235,1.6335905,3.000657,1.9755685,2.608429,2.9741316,3.0057385,2.714986,2.064031,2.03304,3.3529358,2.8852804,2.652759,2.794513,3.2088673,2.4579566,3.7820375,2.4185557,2.7840843,2.6030056,3.7741518,1.4964294,3.1893497,4.210652,2.9134204,3.172123,2.4413764,1.6166555,2.2588472,3.0753417,2.2421463,3.2031143,1.9492011,2.0169723,2.6092055,2.6278138,3.3434546,3.2874696,2.7518017,3.2062905,2.1088479,2.5258467,2.379807,2.2773833,3.9423544,2.6461513,2.8439085,2.6483722,2.9118402,2.2528613,1.7167634,1.5758419,3.0544486,2.607277,2.5964735,3.9671848,3.482415,1.9992445,1.4940313,0.9273979,2.1952648,3.9779487,2.547191,2.4706678,2.164492,2.9372165,2.4810743,2.1438317,3.4150624,2.9990013,1.6710576,4.194965,1.881036,3.166395,2.5693269
1.45813,2.4488225,2.8676362,3.9235704,3.6617362,3.4659789,1.680764,1.8602742,2.0342407,2.4324932,1.7634925,1.6778218,2.7642074,1.7073821,4.4038124,1.5259566,3.2174037,3.135273,3.7080646,2.3599684,1.9449347,2.4214313,2.6412003,3.0406907,4.7210956,1.3442929,4.182295,2.772717,1.5065473,3.1671653,1.7871659,2.781974,1.7297709,3.0448818,1.6000785,2.8753834,2.499494,1.6049013,4.6847787,1.7966905,1.3062224,1.7678756,1.7505122,1.4291925,2.9304702,3.4471066,2.658969,1.948731,1.257433,2.2048578,1.7394981,2.6985993,2.1097593,2.589915,1.087552,4.023223,1.8726321,2.0642817,4.063709,3.7928615,0.93579537,2.1558042,2.2418687,1.8511273,3.6579344,3.2371411,2.741813,1.7799075,2.4129937,1.7915795,5.239965,2.2787285,1.6968268,2.2517245,3.4415107,1.6635213,1.096134,2.1041565,1.7589774,1.7839091,3.0598428,1.6096139,1.7570698,4.18988,1.164131,2.1330876,1.7602025,3.448815,2.8641322,1.5247476,2.2219126,1.5759851,1.6665893,1.736227,1.7870375,3.2542443,2.2670004,3.1714666,1.95949,2.9688628,1.7345291,1.0970285,2.4026303,1.7219341,1.3323225,1.3959037,1.615584,1.7370672,2.5881753,2.4026303,1.8533468,9.064478,3.9254317,0.91742265,1.8159435,1.1776702,0.9750504,0.6405154,1.5268557,1.3939258,1.5973576,1.0263755,2.793,1.7427803,1.5820645,0.9390662,3.565101,3.172533,2.398201,2.2933247,3.9951358,1.6287401,1.7733105,1.3810903,1.725274,1.7911334,1.825118,2.6938045,3.3994281,2.1046262,3.482778,1.5580487,2.6019456,1.8747392,0.92972666,3.1915457,2.0979488,1.8557513,2.5184083,1.2760661,1.6478444,3.9427457,1.4016213,1.509644,1.6226622,1.8657527,1.7608142,3.6810935,4.440547,3.1634061,4.04183,3.09568,1.7769557,3.2000487,2.868022,2.737461,1.4863371,2.2607923,4.5500298,3.459907,1.7603004,1.9839615,1.6271466,1.6345401,2.3967001,3.8234417,1.6888961,1.7938552,2.710521,1.7194904,1.8114173,2.2799063,1.7469078,2.6660976,3.030275,1.3371577,1.7509458,2.539781,0.744158,2.2101128,2.2752385,0.9754281,1.562705,0.9919439,2.5142493,2.9732819,1.8481652,3.0001073,4.001231,4.375863,2.9446726,2.0617316,2.9732158,2.6099064,2.7846975,4.1485744,3.4504633,2.0961602,2.3931863,2.7267177,1.1279122,4.1436453,1.3657305,1.2495555,1.2909192,2.88584,2.264133,2.2396722,3.02625,1.8813425,1.3945385,1.9823308,2.323836,2.4953575,1.0474336,3.252881,3.4198747,3.9470158,1.6638417,1.8165747,1.9445817,1.3436843,2.2130294,3.2306335,3.868767,4.289211,3.362095,4.098493,2.6488812,3.3769128,5.0450892,1.6322116,4.3471594,2.6903064,3.4776192,2.1769671,2.3109155,3.4331977,1.5600702,2.0487583,1.7391858,1.1395681,2.4921176,1.8459079,1.5178359,3.7964065,2.597015,3.620916,1.750953,2.4965615,3.5741024,4.26612,1.0850047,3.1321461,2.8400905,2.3948407,1.5011426,3.251255,3.417198,1.1049451,1.7065231,3.4964108,3.4229856,2.0993097,2.1345258,3.2207408,2.9122314,1.4846308,4.597641,0.58803767,1.1000816,1.45764,1.7661383,1.3085876,1.8212202,1.772252,1.6883218,2.43973,3.9235024,3.4947624,2.010507,1.063836
0.7680505,2.6540303,1.8755711,3.7656417,3.1349645,2.9772456,0.67971164,0.5050846,1.7817378,0.88815796,0.6739536,0.5085892,1.9463347,0.50984174,4.1814938,1.4163623,2.6442544,2.5795367,3.4061568,2.0080557,0.4598591,2.081141,2.5272865,2.8913307,5.0152273,1.3611785,5.2590275,1.7117785,0.69098204,1.8403716,0.62311226,2.5393605,0.68622553,2.7867372,0.78339356,1.4180173,2.0307271,0.8361714,3.248037,2.0303166,0.9685686,2.604987,0.5845066,0.75749695,2.7624028,3.2234669,2.3727028,0.53190756,1.7527701,1.8618026,0.6118822,2.877183,2.0894134,1.5838767,1.5590738,3.5713959,0.8521678,1.1074737,3.5623813,3.207555,1.3378502,2.6641386,1.3601143,2.2368126,1.8533816,3.1690083,3.158075,2.4790783,1.7035002,0.71078396,5.106738,2.3711858,0.7568827,0.94573873,2.411614,0.74040055,1.2905948,1.5047395,0.6145422,0.6205749,2.8762844,1.2739955,0.56117284,3.744802,1.248873,3.7622473,0.63191944,3.308637,1.9994093,1.0129246,1.7900274,2.5011458,2.5965717,0.66199315,0.69110423,2.1519928,1.4485258,2.497511,2.7506201,3.3704185,1.5122889,1.9653866,2.3634918,0.87582725,0.8411623,0.84967357,0.8029954,1.0640069,4.080539,2.3634918,1.4729247,10.673936,2.9496148,1.9352316,1.0912232,1.0165408,1.5263693,1.9441862,1.7957982,2.6020486,2.0315285,1.7355762,2.914631,0.61029345,0.7478869,1.8810538,3.05689,3.4784822,1.7185179,0.70137024,3.5870755,0.77737427,0.81531453,1.2487342,0.5609167,0.72967476,0.6138826,1.1624689,2.1774278,1.4949813,2.8890054,0.6531062,2.7139642,0.73571837,1.8268051,2.3556182,0.65868956,0.78155607,1.4780622,1.2622252,0.5921832,3.8089201,1.2152907,1.0793377,2.3352532,0.743373,1.0967344,2.6906455,4.156657,2.6252236,3.5085518,2.8514066,0.5931928,3.0009964,2.530967,1.4465402,3.3558412,1.6613597,4.2114472,2.5371501,0.63556015,2.2174165,0.62159896,0.53047544,0.7067218,2.8389704,0.6499799,1.6772261,2.42961,0.51856315,0.7965237,2.2028081,0.82682234,2.544425,2.2148101,1.2301197,0.6173896,3.2068398,1.7525333,2.1770585,0.99455464,2.6862063,0.67217404,1.5968472,4.4692464,1.8377557,0.6654732,2.750662,3.504393,4.040372,1.4235425,0.75044775,2.7090266,1.4683917,2.0380876,3.9602578,2.691249,2.286169,2.5189054,2.2782261,1.5445471,2.4990835,1.3605456,1.4715284,1.5687805,2.0615106,1.6285338,2.0423422,2.8599753,0.62297505,1.4190035,0.6201896,0.46503922,3.7583137,2.519233,3.1030133,2.4134843,3.53691,2.1706102,1.139952,0.41648343,3.2764874,1.2022008,2.5103164,2.880422,5.3062606,2.3137898,2.4079697,3.2030966,1.9443046,4.744709,0.79950845,3.9657779,2.6959455,3.4068658,2.5364165,1.7779847,2.5603833,3.0187402,1.1879348,1.2077618,1.4365306,2.3954928,3.4313416,3.438088,3.4524739,2.5696318,3.3881288,0.53074163,2.3200173,2.5266976,4.143555,1.5582198,2.510058,1.605168,0.9516491,0.7349473,2.6717432,3.7238724,2.8467584,0.82065475,2.8364756,2.8053148,3.7198465,2.2694066,3.0741067,2.697247,1.7667903,3.100293,2.2175097,1.6801201,1.0304184,0.58568054,1.4511414,0.7932314,3.7157922,0.8434217,2.267256,3.5730548,4.0146766,2.703901,1.5757444
4.5418186,5.3882146,2.8635924,1.5579567,2.5025437,3.125657,4.4217305,4.320886,4.7577896,4.0093775,4.2746234,4.409212,3.8429074,4.3601933,1.4632093,4.460855,2.0507479,3.4955022,3.4425344,5.0268097,4.6706185,5.340219,2.5000942,4.679785,7.7278047,3.9111392,6.416903,5.0128717,4.356415,5.021816,4.6185036,5.654684,4.577007,2.7442825,4.5170465,3.6821346,4.9304237,5.0232177,6.5334377,3.195677,4.234469,4.5980816,4.358613,4.3746986,4.1813893,5.4218545,4.9839225,4.697119,3.787918,4.707808,4.298386,2.4073613,3.1269958,4.112236,4.1763186,1.5198259,4.3997693,5.026599,3.3703623,3.4310408,4.448019,2.944209,4.529827,4.210763,4.7857924,5.2925963,3.6567907,4.7393727,5.2010083,4.600644,0.6284214,2.872366,4.7294955,4.3086095,5.322523,4.6154675,4.2182817,5.016585,4.3593845,4.3765445,5.1959066,5.0643473,4.2570086,1.3577659,4.2931323,5.3492465,4.49309,2.1436002,3.8167515,4.0970078,4.913433,4.7076693,4.780042,4.5325947,4.2969193,5.336225,5.61167,2.3072278,4.802951,5.4777813,4.731661,4.9022455,4.958084,4.746858,4.3951097,4.2544165,4.823253,4.010277,5.5668917,4.958084,4.7096143,10.492231,2.593601,4.4945965,4.26074,4.372058,4.202561,4.3832083,4.6513157,3.7609305,3.8937998,4.3799415,2.2393496,4.3271995,4.485705,4.077162,5.06302,5.939924,4.880497,4.1290894,3.5753126,4.8418374,4.5745053,3.9254634,4.3075113,4.5313053,4.2887754,4.658852,3.949419,5.1361256,4.2003207,4.5773745,5.130423,4.4194927,4.1210012,4.7246757,5.130804,4.4240065,4.0281506,4.428378,4.4048853,1.4103882,3.9921145,4.0130544,4.709594,5.159019,3.8863177,3.736292,4.394027,3.7124126,4.356073,3.907797,4.292437,3.7283978,3.4842663,3.836114,4.808879,4.7932043,0.7401594,3.294907,4.4409375,4.8771415,4.2909274,4.4487734,4.103093,4.634069,4.336267,4.9267564,4.1425934,4.3376513,4.5174603,4.781437,4.6123633,2.5253117,2.5429797,4.276787,4.4451914,3.3607476,4.3915353,3.1524048,3.8471317,4.993638,4.287261,4.2350817,5.815642,5.2916994,4.533367,3.3650434,3.6790185,3.982331,4.6272793,4.008438,3.3438916,3.4452207,3.360812,2.3952534,4.584369,3.561413,3.8481817,5.2037425,4.250367,5.8010306,3.8827906,3.9926088,3.9612865,4.09786,5.4389367,3.0899398,3.08565,4.4978456,4.153036,4.13601,4.354979,6.252488,4.695202,3.834832,3.713166,3.559966,4.6026387,4.5449276,4.35098,5.0627356,4.476453,3.2439642,4.8461404,6.4878035,5.1032357,6.0501313,4.9910245,3.6838548,0.24567488,4.842047,3.8546786,3.5005717,5.3889394,4.1054807,4.8231606,4.757863,4.899742,4.3118806,4.4630284,4.230128,2.715439,5.2212915,5.0837507,3.2272382,5.044498,2.3773565,4.3359804,2.9161725,4.779886,1.0309924,4.1427765,3.7376618,3.4553096,3.9038453,4.5239687,5.149981,5.4620175,4.850896,4.4687023,2.6094313,3.0147913,5.334343,3.330891,4.0875864,3.7366958,3.5431814,6.5418053,4.502089,4.0153627,4.1134048,4.669536,3.9356794,4.665417,5.1653447,4.7086143,3.529574,1.9709795,5.946517,4.9490275,4.1135826
3.7297366,5.0156665,2.455459,1.1727012,3.473954,3.835388,3.5758824,3.3128088,4.3245025,2.8526506,3.4517224,3.446909,3.453334,3.4242582,3.3097477,3.62197,1.8935122,4.0644646,4.397676,4.4324656,3.6903222,4.930089,1.9881839,4.6795635,7.9181013,2.876762,6.724912,4.380874,3.4233522,4.850958,3.5765874,5.4672527,3.8017194,3.1261263,3.7277815,3.0173624,4.5944705,4.093313,6.0998225,2.4417367,3.2015734,3.574997,3.4999206,3.4551451,4.3414097,5.529922,4.743368,3.7886918,2.8161616,4.343695,3.4306161,1.9802673,2.0954344,2.4466972,3.0405376,2.8041916,3.364447,4.3799276,4.3785563,4.41663,3.561499,2.1088777,3.3298523,3.10903,4.1628537,5.238174,4.0636916,4.262463,4.709318,3.5553665,3.0555418,2.101675,3.7156963,3.3803208,5.391745,3.8369906,3.2636535,4.4190187,3.5634167,3.5934775,5.128308,4.2802525,3.369487,2.820756,3.1009579,4.917021,3.7169952,3.008257,3.5204756,3.1970818,4.270557,4.182501,4.285346,3.7597682,3.4813664,5.2419376,4.9535503,2.3366585,4.169862,5.15554,4.114132,4.2804008,4.7172804,4.0184,3.388788,3.2640915,3.820412,3.2208958,5.3010883,4.7172804,3.9530559,11.268501,3.304781,3.726736,3.5392532,3.3905478,3.240832,3.3447175,4.045248,3.13125,2.818681,3.3491464,1.8022554,3.5163631,3.700391,3.123568,5.5190086,5.7778883,4.5298643,3.0101426,4.609335,3.855745,3.530978,2.9059126,3.4132254,3.7837462,3.3874311,3.7531934,3.979571,4.6073303,4.8453617,3.740747,4.744927,3.433032,3.0750585,4.78669,4.2802563,3.39453,3.2119823,3.55132,3.5611322,1.3560362,2.8737028,3.0732858,4.1549225,4.285382,3.0460286,4.2945805,5.384134,4.0475845,5.253508,4.478691,3.354122,4.1577916,3.6318092,3.6452456,3.8892806,4.078284,2.7023966,3.8464892,3.665426,4.344093,3.345473,3.5341265,3.1198306,5.1176176,3.5336993,4.2495685,4.472917,3.4192493,3.4625928,4.364321,3.5767593,1.8231455,2.5069017,3.3528206,3.660377,3.4861217,3.3138819,2.3507254,2.6860824,4.280179,3.3205135,3.3034096,5.007069,4.9894342,3.4693673,3.816561,4.741914,5.107317,3.8291852,2.9248865,3.637722,3.1745734,2.9717,3.9143205,4.9995117,2.6790612,3.1564534,4.9392314,3.0265882,5.520817,2.85788,2.8775003,2.8095117,3.9004097,4.944704,2.231335,3.813207,3.440183,3.218097,3.1126652,3.303302,6.070886,4.0178022,4.5973854,4.1156416,4.4659767,4.0832086,3.9094236,3.3440297,4.1183834,3.431087,1.3447412,5.279257,6.808133,5.1984854,5.4803357,4.6636825,3.5867379,2.649537,3.863484,5.0720634,2.5978389,5.7780547,3.100817,4.38156,5.0863004,4.259853,3.577753,3.572727,3.2803814,1.8211422,4.6988955,4.2087317,4.306575,4.881832,3.5301278,3.4527552,2.1189663,4.61436,1.6339546,3.0181963,4.0662737,2.6886067,2.787316,3.60749,5.27456,5.535396,3.9697902,3.6892776,3.3894427,0.9740894,4.8877134,3.3736403,4.785418,3.9947343,2.6977603,6.2332864,3.5108962,2.9055195,3.17776,3.6382177,2.8043926,3.948582,4.2402787,3.6952477,3.0708659,0.8344486,5.9988866,4.5681467,2.988142
1.6374184,2.6259375,3.0422635,4.016293,3.7808897,3.6064374,1.9055142,2.0888543,2.2374935,2.6395812,1.9816108,1.8957148,2.8028874,1.9184229,4.484627,1.5621054,3.3517916,3.2390501,3.8131583,2.321609,2.1811335,2.606605,2.721338,2.9538245,4.60112,1.5546179,3.9372385,2.8095655,1.6939319,3.2661498,2.0378249,2.9121957,1.8776586,3.0619044,1.7412632,3.017142,2.7029943,1.8271903,4.734082,1.9204304,1.5142771,1.6530606,1.967914,1.6428379,2.8698692,3.6006384,2.8539395,2.1802306,1.3911681,2.4068468,1.95685,2.75421,2.2133281,2.7617931,1.3268421,4.1389174,2.1339247,2.2625718,4.196073,3.8672469,1.0638335,2.240223,2.3308897,1.8242397,3.7838194,3.1236036,2.8379726,1.9592749,2.614555,2.048283,5.2947145,2.352862,1.9511797,2.3748438,3.525972,1.8066245,1.2443678,2.3224268,1.9278765,1.9482454,3.2354093,1.832252,1.955766,4.301181,1.3536997,2.1378624,1.9186358,3.4714084,2.904734,1.6698312,2.2065108,1.7420541,1.8249066,1.8900793,2.0092645,3.3298547,2.3571107,3.277092,1.7886695,2.7948048,1.9593835,1.2603111,2.5801926,1.8417977,1.5612488,1.597595,1.8663363,1.8599598,2.6005023,2.5801926,2.1078088,8.817402,4.0789757,1.1331942,1.9080776,1.3582495,1.0975047,0.820377,1.7458986,1.4395919,1.6254314,1.0643615,2.8769994,1.9173387,1.7375014,1.0375866,3.5740335,3.0111156,2.5903149,2.4956203,4.1057754,1.8747067,2.0357633,1.5700636,1.9360712,1.9295017,2.0536625,2.8066885,3.6010818,2.2905138,3.5466008,1.7367142,2.4827197,2.1274238,1.059052,3.2066941,2.2773678,2.1135287,2.6019804,1.5325694,1.8351578,4.0296116,1.6110815,1.6621854,1.8145742,2.04665,1.8960826,3.8229396,4.55786,3.3317895,4.122399,3.0896282,1.949052,3.1551743,2.8593185,2.9026566,1.40943,2.2689207,4.6452265,3.5917041,1.9205441,1.8875042,1.8194525,1.8421807,2.6137197,3.8871396,1.8625641,2.0275614,2.7368634,1.9268129,2.0730107,2.4954317,2.0094109,2.7531507,3.1640115,1.4386588,1.9149256,2.6420355,0.9839887,2.268193,2.4735293,0.71052396,1.7591306,1.0760652,2.4326577,3.0392118,2.102783,2.992308,4.086885,4.4823527,3.045621,2.2699132,2.9595294,2.7718852,2.8424444,4.2264934,3.489215,2.103138,2.3482652,2.914715,1.2701659,4.253208,1.5711355,1.4667729,1.4367863,2.9088068,2.4119844,2.3279269,3.0700667,2.1324646,1.4719664,2.1717725,2.5332859,2.4116578,1.1645266,3.3092704,3.4963553,4.082154,1.8646075,2.0390162,2.1681514,1.2935742,2.3053358,3.388362,3.9236004,4.0468297,3.460464,4.2051396,2.4731257,3.574412,5.1215553,1.879083,4.4312716,2.6846495,3.4062657,2.1266294,2.5268664,3.5026174,1.6577629,2.1261492,1.8082595,1.3923707,2.590506,1.8809029,1.4665499,3.8900652,2.766259,3.6566257,1.9605213,2.5649614,3.5870218,4.353655,1.3160764,3.2955213,2.9724658,2.588005,1.6572539,3.2362707,3.2523048,1.1743013,1.9338518,3.616116,3.581717,2.1093407,2.2473464,3.2276464,2.8783963,1.6173906,4.677288,0.7093703,1.2739255,1.6093801,2.0125163,1.4917051,1.9504722,1.672937,1.9484553,2.4369006,4.0751147,3.3028502,2.1692188,1.2757621
2.6949623,3.652915,1.6286361,1.3140193,2.0587842,2.3555598,2.602971,2.5405052,3.0205534,2.4538825,2.4885867,2.5863616,2.6497457,2.5546682,2.059936,2.6683567,1.0570744,2.5414732,2.7871988,3.5055387,2.9044971,3.6589375,0.9052497,3.530868,6.385538,1.8764983,5.222286,3.633969,2.502973,3.8090818,2.7842522,4.0722666,2.8324552,1.8566258,2.7345526,2.4870923,3.3257327,3.1487074,5.520369,1.1221244,2.2781472,2.7947512,2.5686853,2.4822302,3.0824373,4.0811777,3.4129586,2.9410062,1.7056408,3.0329025,2.5024536,0.73603475,1.2472787,2.550602,2.067394,1.6781154,2.5751626,3.3090649,2.930379,2.9288006,2.4646087,0.8273267,2.9186952,2.443433,3.7862873,4.0901937,2.2863286,2.8418381,3.5478222,2.7592597,2.5308793,1.0407785,2.862881,2.7557034,4.1576786,2.8500786,2.231315,3.2752683,2.6163235,2.6460874,3.7317374,3.180449,2.4807737,1.7727938,2.275117,3.4325714,2.7562408,1.6598167,2.6892447,2.2517493,3.354214,2.7502139,2.8420272,2.7892144,2.5154116,4.0976233,3.9293764,1.4304458,3.1250036,4.091746,2.8935382,2.9100509,3.3085153,3.0056496,2.454087,2.3406005,2.9354749,2.2648063,3.756855,3.3085153,2.8679945,9.709675,2.3183947,2.4157476,2.578254,2.4176197,2.1735756,2.234543,2.7359972,1.6572741,1.9893987,2.3833272,0.4013481,2.5732794,2.6918602,1.9799123,4.054004,4.5474505,3.283996,2.523265,3.0603056,2.9629102,2.7190506,1.9390217,2.511012,2.8159873,2.5064487,3.2525592,2.948924,3.4162922,3.337243,2.7578216,3.6904683,2.6155035,2.0091496,3.6351485,3.4211235,2.6018095,2.6333501,2.4447136,2.608231,1.2730261,1.9958576,2.1388135,2.770141,3.3737338,2.1223578,3.0270662,3.8265276,2.6191676,3.7020955,2.942441,2.535729,2.855951,2.4359114,2.5746238,2.7432654,3.2517538,1.9028525,2.5686417,2.7045214,3.248103,2.468855,2.6265104,2.5460012,3.8470361,2.5652416,3.0665035,2.9242868,2.5406399,2.6738987,3.0677507,2.7493918,0.9160971,1.5166594,2.392173,2.7025506,1.7531664,2.251478,1.4563318,2.2200336,3.0017388,2.4377618,2.2280633,3.8600845,3.9521534,2.7112358,2.4257472,3.1959002,3.544253,3.345847,2.30016,2.3800313,2.125855,2.1989038,2.3758485,3.641488,1.8823137,2.3892856,3.6443076,2.2098825,4.7737265,1.8543261,1.9157146,1.9252082,2.9615853,3.7511945,1.3797317,2.1502578,2.6920426,2.2722728,2.4281352,2.7581758,4.447222,2.6174483,2.8917644,2.9431345,2.9723275,2.6969895,2.7661123,2.6058471,2.9587026,2.8865528,2.0416808,4.0262814,5.3207808,3.9510038,4.914176,3.568453,2.7385247,2.302954,2.9632208,3.4916,2.1462917,4.2719226,2.4764876,3.163511,3.7434747,2.8726978,2.719576,2.7316113,2.1737514,0.9668106,3.2488337,3.0075667,2.7120066,3.448463,2.0318103,2.5512037,1.3640432,3.8293848,1.4862273,2.034544,2.6477346,2.2411895,2.3501544,2.6902318,3.9953117,4.2828984,2.7238584,2.6568415,2.035002,1.9323208,3.4098346,1.6689293,3.1303742,2.6963484,1.491129,5.4882054,2.345955,1.9066405,2.2366831,2.8338423,1.8909936,2.959034,3.1314695,2.8320057,2.1469228,1.4754064,4.667598,3.1101515,2.005622
2.2017968,3.448092,1.8775319,3.1099145,1.7426076,1.9971768,2.341186,2.44155,2.6611161,2.5135934,2.230864,2.3710809,1.4555374,2.302371,2.485197,2.0542023,2.0540295,1.2886311,2.0953116,2.1817362,2.660671,3.0808437,1.924042,1.7012587,4.4868135,2.3484168,3.9346406,2.2585058,2.2145693,2.1065512,2.7201107,3.136438,2.1021419,0.89810854,2.0672858,1.9023371,2.8870354,2.776235,3.7837834,2.0510888,2.3340263,2.796103,2.283268,2.2964766,1.1544157,3.4580998,3.0535085,2.6123073,2.263193,2.6521196,2.2593784,2.150293,2.1852815,3.0434651,2.6789713,2.2454362,2.7137363,2.6278317,2.4424577,1.3768116,2.245504,2.4859068,2.5597,2.5336418,2.653833,2.237966,2.389155,3.08331,2.924987,2.754046,3.4886527,2.0513535,2.778569,2.1312234,2.3344536,2.1206539,2.2102184,2.8400195,2.0480728,2.0339537,3.3286676,2.8314354,2.173858,2.3713264,2.535943,3.9556603,2.0776045,1.337926,1.3661119,2.003058,2.1164799,3.0650034,3.1385653,2.0869222,2.2642846,2.278898,2.7337108,1.5628943,2.4862866,2.738135,2.667493,2.7491894,2.940677,2.12286,2.4271748,2.2710426,2.8008175,1.804176,4.1759667,2.940677,2.8790176,9.175386,2.0208926,2.7135115,1.7890273,2.2903154,2.2736263,2.7466269,2.7221355,2.5394292,2.3466313,2.4213398,2.2937725,2.0604594,2.07738,2.395549,1.888551,2.8531032,2.6103942,2.4530575,2.2999566,2.7802052,2.779361,2.2311378,2.248242,2.0282454,2.348619,2.3926334,2.3975735,2.7113066,1.4683509,2.232844,2.2649543,2.62492,2.504787,1.5222795,2.674266,2.6851585,1.9476368,2.566749,2.1647677,3.0260043,2.3932583,2.0412848,3.0320837,2.7029827,1.8470502,1.875933,3.18943,2.2391472,2.1863878,0.70497584,2.1548417,0.87340903,0.785964,1.6302786,3.6405542,2.1196475,2.789068,1.4690723,2.0514846,2.092928,2.2095351,2.311491,2.4227602,1.742627,2.054847,2.9455144,1.0008109,2.2645826,2.7596223,3.032053,2.7898147,2.1020737,1.5255859,2.097259,2.071702,2.6704712,2.7653925,1.9285834,2.392605,2.843855,2.2389958,2.239219,4.7793546,2.238753,2.7289872,0.40145275,1.9236844,2.804395,2.3436887,2.3460634,0.7111521,1.4994026,1.4202615,2.180537,1.456672,2.1204278,2.0862303,3.0677404,2.5809784,3.1179678,2.3163211,2.5078657,2.4044292,1.3197278,2.77826,1.9397379,0.80517066,2.6919441,2.0761461,2.2461843,2.5181644,3.772039,3.0339913,1.556303,0.9772987,2.548892,2.8657444,2.4124234,2.4451513,3.752622,2.3301272,3.2070346,1.8781153,3.9665856,2.202671,3.436791,2.452934,2.199877,3.3160152,2.7837467,2.4242456,2.3795269,2.1199522,2.5354326,2.7936773,1.7694284,3.5034847,1.832592,2.0864942,2.551961,2.1839063,3.7632546,3.8326035,1.9032629,3.0515232,1.1548923,2.250544,1.9900786,2.0124626,3.2140973,2.6339834,2.0839474,1.9410856,2.3770905,2.218798,1.8386953,2.5452874,3.4477742,2.3669958,1.4586936,3.3557868,3.9369202,1.6078569,1.1995988,0.7725099,2.0669837,3.7151487,2.8949041,2.5084317,2.0666072,2.7129543,2.4016914,2.0712106,4.024041,2.8057778,1.5587677,3.4446547,2.9849296,3.2343714,2.5820043
1.7986302,3.8511512,2.2780066,3.2276921,3.1468484,3.3393989,2.1368039,2.1038916,3.0108476,2.0964108,2.0563736,1.980853,0.810835,1.9221998,3.7510486,0.91597915,2.4812524,2.712441,3.5942945,1.0233891,2.376032,3.4351892,1.8528597,1.279025,4.6563253,1.9280168,3.7801075,1.3991221,1.6855526,2.4251173,2.4040267,3.635082,1.6311651,1.5745476,1.5304646,1.6962967,3.3824046,2.4296613,3.422363,1.8741397,1.7722863,1.3614091,2.0451293,1.8941829,1.2222912,4.320513,3.6427093,2.3930643,1.7106649,3.097573,2.013409,2.092008,1.6752387,2.1500182,2.190133,3.3699353,2.5098267,2.6486404,3.92547,3.0455093,1.5368773,2.2685285,1.2707859,1.0931895,2.3592272,1.7296556,3.3638413,3.3426976,3.2102742,2.4677627,4.331866,1.7049373,2.4837608,1.3109808,2.9714172,1.6207637,1.5020969,3.0183518,1.6533813,1.6367753,4.061116,2.7077646,1.8142421,3.4917781,1.7411193,4.015934,1.6581587,2.237693,0.9350717,1.3443872,0.9641985,3.2320096,3.3354719,1.6486894,2.1215675,2.6402295,2.355383,2.043991,1.1878508,1.7163798,2.805047,2.68077,3.482871,1.6118925,1.9615998,1.7366878,2.479943,1.1820297,4.4046545,3.482871,2.9612076,9.340576,3.225728,2.5462532,1.0571407,1.6317649,1.5218198,2.1452816,2.8503697,2.3449132,1.257948,1.3719941,2.376317,1.6730257,1.6157322,1.7350268,2.8485782,2.2556171,3.0496378,1.9822967,3.8387203,2.4610965,2.523039,1.7136261,1.930375,1.5526575,2.1342514,1.5848987,3.2988646,2.8740497,2.8887465,1.8003154,1.1971564,2.426107,1.8137999,1.837173,2.3159072,2.4604218,1.0060481,2.3812943,1.7774274,3.225867,1.8575368,1.3954062,3.212374,2.302611,1.2575886,3.2078564,4.6491637,3.3646274,3.7044733,2.0669603,1.5819207,1.5017868,1.0848073,2.2423282,3.0873652,0.89546895,3.7753892,2.8174949,1.6417884,0.9401522,1.7148778,1.9199584,2.1958728,2.8537672,1.6687467,3.0515802,2.0954862,1.8928449,2.5032005,3.461142,2.531853,1.9296423,2.1286457,1.1948724,1.6660377,3.3280342,2.227054,1.3022757,1.9352006,2.071596,1.7286363,1.4104397,4.383769,2.2174408,2.4332874,1.541939,3.5536249,4.3508186,1.6133441,1.9256606,1.2777702,2.004531,1.0128926,3.6853921,2.5049508,1.0608202,0.7223118,3.6130774,1.6616663,3.244088,1.8953451,2.0225651,1.6351407,1.0053561,2.8807995,1.4276044,2.3394325,2.397582,1.0795457,1.7307463,2.1195788,3.8904607,2.9075577,3.0225742,2.1628337,3.978194,3.0977862,2.517329,2.096128,3.233871,1.1687788,2.6412385,2.8708413,3.808657,2.9356308,3.1774588,1.3882432,2.9579904,4.091861,2.4792688,4.05671,1.2628407,2.6907668,1.0856084,3.185915,2.764788,3.4791203,0.94690514,0.97388417,2.2739954,1.8996849,3.7780056,3.3883247,3.479173,3.6674423,2.5871623,1.9426672,1.4913372,1.7020301,3.5901594,2.1330643,3.2253542,1.5994084,1.9288461,1.5541903,2.180529,2.121801,3.1095135,2.2692318,2.8306053,2.9136224,3.9921508,2.3452246,2.610562,1.2423319,1.698868,3.6894104,2.3206673,1.8892444,1.3947647,2.3785028,1.7835518,1.6145102,3.4577742,2.5392008,0.6007808,3.5782673,2.589831,3.5751333,2.0198998
1.2993246,2.8870637,1.3910238,2.4792678,2.3582075,2.4218287,1.3671281,1.3549367,2.0955105,1.5126013,1.271743,1.3019229,1.6668199,1.2645189,3.0066924,1.2253107,1.6099529,2.1521063,2.8143191,2.1593773,1.7138002,2.687439,1.0842733,2.510739,5.239095,0.68673205,4.481087,2.3327916,1.1127166,2.6761482,1.6154422,3.0856283,1.4269652,1.6322323,1.3018193,1.6416689,2.4958048,1.851919,4.3270416,0.43412426,0.9216884,1.77068,1.3233582,1.1435819,2.182115,3.4840665,2.6938837,1.7436136,0.5010619,2.1707516,1.2606477,1.2920713,0.7177163,1.7680559,0.998946,2.5378134,1.5415173,2.1074696,3.0838685,2.7238848,1.0157214,1.0752673,1.6824154,1.4047832,2.8053586,2.9802945,2.2571833,2.1832044,2.519182,1.624538,3.7680879,0.83765525,1.6830335,1.4925759,3.1021311,1.4284518,0.785941,2.2308578,1.2549485,1.2827384,3.1206584,1.9828633,1.1850244,2.6931274,0.9527096,3.0126545,1.3735424,1.995294,1.7445165,0.81331396,1.9838213,2.076498,2.190746,1.3946954,1.3208709,2.9370954,2.5196614,1.5341986,2.0141826,2.9794674,1.8698025,1.8287132,2.5449023,1.5746063,1.1363193,0.970801,1.7200603,0.86469424,3.3958914,2.5449023,1.9258245,9.546744,2.522157,1.440168,1.171177,0.985358,0.778583,1.1611623,1.7961208,1.1909661,0.9247149,1.043699,1.3809267,1.219175,1.275708,0.79448706,3.1464977,3.3504653,2.3191817,1.4635897,3.0971937,1.7331918,1.6183096,0.616701,1.2362025,1.4143947,1.3281204,2.0352955,2.511965,2.27447,2.732739,1.365882,2.4752645,1.5289601,0.84149694,2.5606127,2.0887272,1.5327029,1.5214834,1.3180655,1.2515801,2.4840777,0.7652316,0.7141359,2.0523715,2.014697,0.7531566,2.6773422,3.8266683,2.383765,3.3323734,2.2700288,1.1831663,2.2191894,1.7208298,1.7434148,2.2717197,1.897973,3.0357192,2.284209,1.3271863,1.9347323,1.117817,1.3038543,1.5600842,3.0662472,1.1985987,2.0869923,2.0688875,1.2468221,1.5886793,2.3689494,1.636691,1.1434106,1.4436055,0.9215844,1.3278819,2.0231714,1.159848,0.81613827,1.2644092,1.910848,1.0821854,0.82872105,3.5460231,2.6861286,1.5913713,1.8693328,3.0678391,3.601816,2.193547,1.2062161,1.7953058,1.3718013,1.4339368,2.9441493,2.7782028,1.0748124,1.5464203,2.8056405,0.94229674,3.6718574,0.6504715,0.7951041,0.68031526,1.9349858,2.5243433,0.7509676,1.9172325,1.5715176,0.8381548,1.206755,1.6503717,3.5176039,1.8470984,2.5325744,2.2960055,3.077738,1.945125,1.6671072,1.4204538,2.3792183,1.6015065,2.026062,3.1807604,4.5630164,2.9492252,3.726379,2.5437624,2.2873776,3.5078733,1.7404709,3.4876802,1.6356357,3.285618,1.6031301,2.2818239,2.8534966,2.3442643,1.3669759,1.3073874,1.0809258,1.0100068,2.746317,2.5050092,2.789753,2.7368813,2.2673204,1.2768517,1.0302368,2.7974827,2.8125498,0.94384116,2.326131,1.4985669,1.3893521,1.2499495,2.8800528,3.2838144,2.0743787,1.4632417,2.1437256,2.186468,2.9813619,1.2329708,2.545144,1.9399905,0.27207553,4.30551,1.3823235,0.7589718,0.7958973,1.6353588,0.66383916,1.5523628,2.6941345,1.6837138,1.2931021,2.5625813,3.625962,2.4711423,0.8684167
3.49287,5.030566,3.9877133,5.787627,4.7275214,4.73629,3.6262722,3.5700638,4.250413,3.4544218,3.5878403,3.5432546,2.9740756,3.5019143,5.762444,3.487599,4.6514115,4.0253596,4.9467773,2.853124,3.4851854,4.2191014,4.662416,3.237899,4.784954,4.2931175,5.9096384,2.1594505,3.5423381,2.1296234,3.7178307,4.1996384,3.1491916,4.1280646,3.268898,2.977423,4.2785597,3.6283658,0.48899782,4.6534348,3.9013073,4.5536723,3.533814,3.7060077,3.4104679,4.9891267,4.601074,3.4582272,4.4933076,4.2595973,3.565861,5.072341,4.526571,3.9009013,4.5720716,5.263511,3.9244308,3.444361,5.0602384,4.1445384,3.9538739,5.2570553,3.1939332,4.2649584,1.7544259,3.2052412,5.4272776,5.2136545,3.8496006,3.7994633,6.611628,4.6757255,3.8004498,2.912723,2.598257,3.187845,3.996625,3.953399,3.2656066,3.222494,4.934941,3.942897,3.4500077,5.3868427,4.1176224,6.4518685,3.1784337,4.7368007,2.9118695,3.6223574,2.8555028,5.274562,5.3455625,3.173458,3.6049767,2.250541,2.7640326,4.183069,4.271716,3.885267,4.1930704,4.6038775,4.655297,3.0793343,3.8519592,3.7642994,3.803971,3.446786,6.6879034,4.655297,4.2997065,11.739318,4.342649,4.8038445,3.182775,3.820744,4.196905,4.797622,4.551758,5.3019977,4.3834615,4.2154665,5.2165866,3.314017,3.3286285,4.5840163,3.220595,3.6710098,3.8522449,3.3553243,4.9785852,3.7542412,3.899493,4.1015205,3.5167937,3.0893996,3.609554,2.4107718,3.839041,3.7036035,3.6729746,3.3865876,3.3644743,3.7896996,4.597479,2.394398,2.9743953,3.8596592,2.986466,4.24657,3.4039946,5.799773,4.1536465,3.7417943,5.118046,3.189144,3.562748,3.8135679,5.5719504,4.5636926,4.3274856,3.7089202,3.321823,3.691311,3.5613964,3.203664,6.090512,2.804004,5.8339562,3.8168318,3.2031562,3.4805198,3.5055728,3.4922953,3.3604403,2.8204424,3.3516831,4.381179,3.592556,3.481892,3.888834,4.761575,3.9030368,4.7281804,4.032185,3.6995516,3.2203887,5.782421,4.699875,4.329737,3.6127334,4.9123435,3.5796895,4.167983,7.230475,2.05482,3.7676508,3.789394,4.5478396,5.360469,2.222949,3.57243,3.745083,3.4474285,3.3832095,5.4810953,2.9409888,4.3210263,4.0860972,4.316527,4.29571,1.2021569,4.2748666,4.4379077,4.323888,2.7189286,3.43704,4.2723045,4.3313427,3.7225194,3.8144586,3.38582,3.194949,5.6052566,5.3178825,4.468118,3.0036862,5.152737,4.923985,3.828251,3.4679441,6.0595484,3.0089355,4.6806684,2.6627722,5.8510914,2.746662,0.8932127,4.1292505,3.530046,6.2493854,3.7696505,5.0474095,4.3864927,3.5436623,4.3584123,4.17007,2.9376848,5.8601704,2.9872832,3.253693,4.4427953,4.700512,6.165726,6.221755,4.8677635,4.775528,4.6764007,3.4782662,4.3883457,2.0108743,6.096599,4.550796,4.35237,3.2830257,3.4411843,3.389909,2.626353,3.9210427,5.7176704,3.6908123,4.354168,5.0139713,6.418694,4.5964513,4.0452065,3.5780194,4.4501624,0.97330946,5.0349283,4.542944,3.69605,3.6690814,4.3130336,3.0159354,6.437837,3.888343,3.8035045,5.8295026,4.260074,5.330582,4.521224
1.2373896,2.6185308,2.560848,3.6189618,3.4079616,3.281774,1.5148743,1.6582632,2.056975,2.1595647,1.563259,1.4708853,2.3385217,1.483129,4.134139,1.1260748,2.891913,2.9011817,3.5437803,2.0171669,1.8124338,2.4949365,2.2795553,2.672088,4.6910515,1.1035095,4.0543466,2.4352949,1.2378807,2.925338,1.6774019,2.8449922,1.4649607,2.6441886,1.3150015,2.510034,2.5276625,1.5586354,4.4193254,1.4993799,1.0460125,1.4417462,1.5526567,1.2163348,2.5494766,3.513935,2.717862,1.8232309,0.9407896,2.214446,1.5316087,2.3654282,1.7575831,2.3045568,0.96292806,3.7417798,1.764633,2.004585,3.8994918,3.53014,0.58553725,1.9049828,1.885401,1.4618598,3.331102,2.9158623,2.686546,1.9458435,2.4282134,1.695553,4.934408,1.9211122,1.6276721,1.8971311,3.2605233,1.4020001,0.73477614,2.123501,1.4822072,1.504595,3.139834,1.6459947,1.5024129,3.9043858,0.8857115,2.4229612,1.4935547,3.0818367,2.44245,1.1657048,1.8728137,1.7596169,1.8620538,1.4715891,1.600704,3.0465064,2.1484334,2.7985742,1.6336964,2.673568,1.7569557,1.2425063,2.4776375,1.4673593,1.1406301,1.1302034,1.5646988,1.3586862,2.8703067,2.4776375,1.8873036,9.097747,3.6477273,1.0149728,1.4411184,0.88569,0.58494973,0.55864155,1.6015594,1.2776282,1.203191,0.61202663,2.4923174,1.4678178,1.3125278,0.6169175,3.346953,2.9448724,2.3696241,2.0190296,3.8326955,1.5725656,1.6922584,1.0821991,1.4998391,1.5075924,1.6346503,2.359941,3.2297099,2.0986423,3.2551763,1.3342973,2.2698638,1.7492046,0.6422149,2.8671288,1.9620214,1.7397652,2.1139178,1.2283196,1.4020554,3.6359081,1.1427717,1.1519986,1.7871596,1.7599727,1.3851525,3.4592083,4.3657117,3.039838,3.8698642,2.7882295,1.4770124,2.8120317,2.453878,2.4725049,1.6368377,1.8954108,4.255517,3.195116,1.4872448,1.6411341,1.3572098,1.4212346,2.1513574,3.5568922,1.4159696,1.879602,2.4505675,1.4873111,1.7162527,2.3632085,1.6745498,2.3115544,2.6849604,0.94240683,1.4827907,2.4953334,0.6982478,1.8084645,1.982224,0.9223641,1.2964175,0.56757534,2.8055382,2.734332,1.7315762,2.6198862,3.7947316,4.251045,2.5950172,1.7907345,2.566355,2.305629,2.3545573,3.9174078,3.1811783,1.680865,1.9650571,2.7740636,0.8121036,3.9104924,1.1135736,1.042536,0.9609826,2.4803948,2.2475753,1.8504337,2.7381582,1.7502931,0.97298247,1.6892564,2.0812626,2.710776,1.2709428,3.067998,3.0813632,3.813656,1.7790762,1.7393569,1.7347869,1.6001526,1.8483541,2.9321244,3.604585,4.1510797,3.1792445,3.8648932,2.324813,3.1440647,4.727973,1.5805631,4.1758943,2.2782156,3.2597375,1.7845567,2.3238323,3.2069027,1.8318645,1.6657968,1.3585021,1.0549052,2.146586,2.1432765,1.774202,3.5960667,2.6791697,3.2906933,1.528468,2.102517,3.1953545,3.9732044,0.93625045,2.9885736,2.4573476,2.095126,1.2166071,2.9789739,3.127986,1.3868637,1.5748433,3.215079,3.1399477,2.391175,1.9363221,2.98281,2.5194044,1.1647769,4.384766,0.6455322,0.8469089,1.1042626,1.6564198,1.022269,1.5569842,1.9779139,1.6336255,1.9976684,3.674839,3.2736602,2.1959944,0.8690919
1.2607512,3.0539637,1.8720682,2.812395,3.0323052,3.0566297,1.4036462,1.32824,2.3068643,1.5060847,1.3561149,1.2476336,1.8514655,1.2339793,3.6639137,1.0142789,2.1236687,2.760299,3.4523544,2.05007,1.6644386,2.8454993,1.5096004,2.6639738,5.33355,0.6366186,4.5654736,2.2754283,1.0194451,2.8946762,1.5344194,3.285061,1.3994777,2.1622107,1.2543195,1.848644,2.7384765,1.7356918,4.317353,0.886579,0.7435988,1.3730087,1.3622018,1.0860023,2.4673386,3.8228633,2.9643817,1.728202,0.39710024,2.4219646,1.3055894,1.6776415,0.8870674,1.488915,0.77530575,3.1781864,1.5316095,2.1747224,3.7205791,3.3540664,0.787867,1.3175808,1.3637266,1.0178133,2.8766422,3.0540354,2.787497,2.3477447,2.6635346,1.5538617,4.3083844,1.149127,1.5960311,1.414262,3.383938,1.3825014,0.5283132,2.3450928,1.2782276,1.3081772,3.4266245,1.9601563,1.2021517,3.3273985,0.47912017,3.0548997,1.3735021,2.5832274,1.9708366,0.7431597,1.8699602,2.2062838,2.3254714,1.3832963,1.4113108,3.1471865,2.4464495,2.0681548,1.8158993,2.8914914,1.996751,1.8528222,2.8044064,1.5282172,1.0029862,0.84465486,1.6117002,0.9179697,3.4993715,2.8044064,2.0140758,9.677319,3.131384,1.4418689,1.1770692,0.760178,0.44869658,0.86770946,1.9247934,1.3263313,0.5655384,0.56607455,1.7982312,1.2441133,1.2519058,0.5354275,3.5263941,3.3294291,2.5531971,1.4267412,3.732271,1.6293063,1.5590172,0.5237527,1.2498537,1.4075543,1.3752515,1.9460769,2.9637308,2.3846064,3.262604,1.3120351,2.413292,1.5324728,0.48616004,2.822938,2.0120707,1.5140257,1.5203879,1.3213366,1.2427099,2.8535285,0.58994234,0.6334148,2.1856048,1.9045517,0.82663345,3.2403324,4.409481,2.9309304,3.901236,2.7703762,1.1160737,2.6215622,2.1163862,2.1587687,2.0642269,1.7700729,3.6308308,2.8830516,1.339031,1.8321135,1.0543058,1.2575269,1.6312754,3.499628,1.2222811,2.167582,2.5337653,1.2304078,1.536503,2.5951555,1.5723557,1.4984434,2.0074456,0.67974234,1.3359177,2.4882948,0.88901585,1.0163343,1.265533,1.6858058,0.9966182,0.5004889,3.373405,2.8010705,1.525528,2.3700233,3.6988215,4.2222996,2.160363,1.2001671,2.2353039,1.8391948,1.7116832,3.6296067,3.194009,1.0151412,1.4900202,3.044513,0.29695427,3.801209,0.61759084,0.62090987,0.13030565,2.1551979,2.5998588,1.0010152,2.5630784,1.5154264,0.5652938,1.166679,1.6194241,3.570151,1.84612,3.1228223,2.7888117,3.695581,2.1179843,1.8168548,1.3921055,2.1544924,1.3816665,1.9886143,3.5786016,4.648067,3.267156,3.7277524,2.4800975,2.7226636,4.0339136,1.6432805,4.1238246,1.5810388,3.5714855,1.3282131,2.4967742,3.254381,2.3622158,1.3448095,1.1092432,1.0472927,1.3069378,2.7695322,2.3229983,3.4489062,3.0151236,2.9217174,1.2933046,1.2690339,2.9386768,3.2289708,0.716825,2.8739731,1.6933525,1.4029366,1.1005075,3.1192248,3.3644338,1.9342918,1.5395548,2.8061442,2.205816,3.0209403,1.8308816,3.0747023,2.3257658,0.5802098,4.3698683,1.1248773,0.43317696,0.67868584,1.5441355,0.36673576,1.5396574,2.4672883,1.6070062,1.463936,2.8529236,3.6693692,2.6501477,0.5872029
1.269582,3.3934686,1.5214477,2.8334327,2.9696069,3.0650296,1.3517622,1.0903349,2.5024254,0.83879906,1.242073,1.1020668,1.3204045,1.0562764,3.7042096,1.05182,1.9569824,2.6979012,3.5262265,1.8325827,1.4554683,2.9804587,1.5894586,2.5273201,5.4559107,1.1103523,4.978002,1.7331365,0.9500775,2.4457655,1.4422172,3.4120495,1.1898419,2.068861,1.1227887,1.0395527,2.8453362,1.7592924,3.6433697,1.3875226,0.95948875,1.8389131,1.2255359,1.1434284,2.360512,3.9846215,3.1356845,1.5426865,1.2106688,2.5827146,1.1727318,1.9430552,1.1214546,0.8858885,1.4236771,3.1165755,1.4779294,2.104774,3.7132835,3.2259655,1.2547772,1.8830986,0.73072547,1.3095201,2.0171907,2.9443145,3.2170286,2.8887784,2.6740904,1.4925932,4.330231,1.4113283,1.592054,0.67348635,3.0860527,1.221727,1.0252161,2.4176378,1.0337821,1.0465919,3.6233861,2.124918,0.97438884,3.259918,0.96277225,3.8777587,1.1403297,2.5845907,1.4352809,0.7096373,1.6314051,2.8215423,2.937792,1.1700959,1.3043073,2.794222,2.2717772,1.7782975,2.1714916,2.9752793,2.2192936,2.38681,3.0610855,1.3687385,1.1525738,0.93097645,1.6487743,0.68687093,4.279,3.0610855,2.2002845,10.353866,2.832078,2.105475,0.8992275,1.0202308,1.1633636,1.7306315,2.321577,2.1747136,1.1260126,1.2396048,2.0580769,1.011703,1.1466918,1.4349889,3.3876562,3.3910518,2.570385,0.77088404,3.7556186,1.6505558,1.5447071,0.9064695,1.0838512,1.1550349,1.217523,1.1614636,2.6825092,2.4246137,3.1410651,1.2318144,2.388979,1.4346328,1.3977227,2.4591599,1.7407534,1.4409243,0.7689829,1.6667132,1.0954354,2.8895624,0.9365561,0.67804915,2.7334952,1.756971,0.58573973,2.9900599,4.5091696,2.96092,3.8355017,2.7321954,0.7626873,2.5126548,1.9376318,1.7807957,3.0044491,1.4272902,3.5916932,2.6322389,1.1017065,1.920543,0.88461244,1.1333337,1.0769219,3.1555316,1.0383608,2.424594,2.5323088,1.0405301,1.4948813,2.866305,1.5746595,1.5720476,1.6977764,0.8645789,1.105574,3.05564,1.6567776,1.1333989,0.6489616,2.4389863,0.89094085,1.1893097,4.3040004,2.4021907,1.4151046,2.2852921,3.6454265,4.2815413,1.3504683,0.7319847,2.106805,1.466092,1.2137687,3.7116847,2.942415,1.2293136,1.525381,3.142143,1.0447719,3.1633043,1.0812855,1.2120918,0.9665744,1.6868142,2.586613,1.0179051,2.6299453,1.3692254,0.8356475,0.64840746,1.0258728,4.1589193,2.6210468,3.2297149,2.3873851,3.744169,2.6013374,1.8800704,1.0766469,3.0788097,0.7192347,1.6264381,3.2226927,5.0291944,2.9792457,3.034486,2.6654472,2.2855453,3.9712603,1.6713723,4.132394,1.5454305,3.5636168,1.536095,2.5921204,3.000629,3.148823,0.90070707,0.87260526,1.5559189,1.4260538,3.5757163,3.2493367,3.4821315,3.270816,2.9091904,1.1097127,1.2465335,2.356662,3.2800686,1.3837183,2.8581278,0.90264666,0.68460464,0.9988477,2.8890927,3.4222364,2.8048987,1.5359461,2.6617036,1.9447935,3.8411932,2.1620197,3.1230125,2.2200391,1.1959808,3.7613473,2.014506,1.2652309,0.7304096,1.4490496,0.9948758,1.3073112,3.4045289,1.6385217,1.3402,2.828048,3.8243787,3.1746438,1.312492
1.1065578,2.9305038,2.0020998,3.6942494,3.4251318,3.3032722,0.9923014,0.682797,2.1156042,0.80700284,0.98692924,0.76244295,2.162502,0.7861573,4.3840437,1.5749898,2.6995943,2.9897072,3.7787771,2.2559767,0.741175,2.4379222,2.5525262,3.2042098,5.444919,1.3687316,5.5497427,1.9835477,0.9157088,2.3298535,0.7682579,2.9560802,1.0914673,3.0128,1.1325711,1.572016,2.3781893,1.1108354,3.5243602,2.066572,1.0366513,2.57275,0.9105477,0.9775975,3.0949528,3.6016815,2.7038069,0.87407714,1.7599075,2.2052948,0.9096799,2.8885746,2.0378609,1.2389231,1.5126461,3.7443876,0.92871785,1.5259247,3.9101796,3.6228259,1.4811554,2.6264684,1.2866312,2.1779957,2.0542612,3.4904149,3.4403753,2.6722028,2.0787847,0.82876664,5.1963086,2.3651664,0.91974264,1.094029,2.9248927,1.1288816,1.3765354,1.8413029,0.9936907,1.011632,3.2161088,1.5569137,0.8542486,3.9102428,1.1855112,3.8800366,1.0443275,3.5114195,2.2409227,1.1629621,2.0384858,2.6706607,2.7722304,1.0718037,1.0065573,2.6519198,1.8547312,2.625227,2.8646464,3.585478,1.8020755,2.195352,2.696973,1.2773876,0.96525735,0.9728325,0.9820994,1.268864,4.2362337,2.696973,1.6803879,10.923091,3.2044392,2.05821,1.3636807,1.1343979,1.5818669,1.9373741,2.0288703,2.6565046,1.9844962,1.7487673,2.9144797,0.9721928,1.1080228,1.9015331,3.5614796,3.7901382,2.1247194,0.67393124,3.969408,0.9828281,0.91221917,1.2756155,0.8539656,1.1338518,0.8720789,1.3160278,2.5164313,1.8969182,3.3682451,1.0160295,2.9578633,0.88517237,1.8122301,2.7947996,1.0878315,0.87888587,1.585477,1.4116102,0.94309574,3.76174,1.185008,1.1829147,2.5137267,1.125187,1.249134,3.101055,4.545091,2.97007,3.9754543,3.2748752,0.8291803,3.3261907,2.811828,1.8531095,3.3204608,1.8777187,4.3316917,2.914736,1.0383117,2.4486701,0.84290725,0.83851534,0.8146701,3.3286068,1.0061365,1.920982,2.8850617,0.8076701,0.87716895,2.4621344,0.93501997,2.531019,2.3811703,1.347883,1.0199871,3.371496,1.7381755,2.1845696,0.9140949,2.7947211,0.857816,1.6637409,4.445208,2.3029737,0.76012087,3.0785902,3.9258554,4.4318857,1.5959543,0.75885993,2.9913476,1.7809397,2.19521,4.2514005,3.182771,2.2765548,2.5626516,2.6451929,1.4576385,2.8820808,1.3720932,1.4328815,1.5097982,2.3662121,2.0629077,2.0405202,3.2158854,0.7281468,1.4955395,0.7282128,0.580342,4.0590568,2.6293907,3.530393,2.8265467,3.885793,2.377094,1.485906,0.6280263,3.2511394,1.2429763,2.2479753,3.3734329,5.6023154,2.8284903,2.6938593,3.390428,2.2429924,4.8126364,1.0065439,4.3801103,2.6485658,3.8693953,2.490893,2.1121087,3.0697868,3.1040018,1.4317131,1.3653053,1.5027912,2.3563836,3.5423012,3.424888,3.8235118,2.909222,3.675311,0.85122705,2.3098576,2.8363433,4.1193566,1.5169579,2.8781123,1.6731879,0.9044785,0.98757964,3.134167,4.030599,2.8604581,1.1485585,3.137646,2.5537243,3.8359303,2.5425282,3.5243433,3.0190268,1.8118169,3.457631,2.2187214,1.6384913,1.1538641,0.7629635,1.4044182,1.220133,3.6733274,0.984435,2.3911185,3.4463704,4.329858,2.924904,1.5333939
1.4083765,3.392301,2.0789614,2.9913871,3.4054024,3.4551232,1.5707453,1.4011052,2.6227868,1.4326223,1.5267538,1.3405203,1.8358212,1.329592,4.040165,1.0183048,2.3614907,3.1220727,3.8756146,1.9653838,1.7206881,3.1107948,1.7651786,2.730487,5.4928737,1.0029855,4.774301,2.1288888,1.1262193,2.9632196,1.6178969,3.5602922,1.4634382,2.4145303,1.3381793,1.8117379,3.0355139,1.83125,4.135564,1.3353335,0.93833596,1.3164803,1.5027742,1.2572353,2.6178858,4.17641,3.2943947,1.8103052,0.91260433,2.7425597,1.4528896,1.9729856,1.1213118,1.1709647,1.1145452,3.5161552,1.6668836,2.3292377,4.1197643,3.695679,1.0318131,1.6939774,1.0064002,0.8898828,2.7121048,3.086053,3.2858918,2.7566628,2.880943,1.6535597,4.5961714,1.4261389,1.7060987,1.2661904,3.5340304,1.4518199,0.8207234,2.5734942,1.370807,1.393627,3.7789829,2.1560621,1.307471,3.658214,0.6280545,3.4747343,1.4493878,2.8886073,1.9748311,0.88790816,1.7863336,2.6252975,2.7437754,1.4577068,1.5854563,3.239388,2.4573689,2.2745492,1.8553023,2.88116,2.2883506,2.2025409,3.1581764,1.5855157,1.173511,1.0069351,1.7234993,1.0338137,3.9329298,3.1581764,2.274651,9.994785,3.405912,1.8429841,1.2236416,0.935788,0.8164839,1.2385511,2.2779279,1.8135722,0.6868692,0.7325009,2.11415,1.344729,1.3626226,0.99208885,3.7580001,3.372365,2.815667,1.3499452,4.140942,1.7372003,1.6816438,0.8548223,1.3723174,1.4656136,1.5126927,1.7341945,3.210867,2.5961092,3.5742033,1.4171788,2.398889,1.6610808,0.9198804,2.9112208,2.0118504,1.639136,1.3740978,1.6175553,1.3559021,3.0561802,0.8556878,0.81613255,2.5856538,1.9306309,0.96047133,3.5330172,4.8341365,3.3155534,4.255748,3.0692532,1.1349287,2.8212695,2.292998,2.358384,2.382779,1.6438731,3.9411201,3.1803193,1.4222679,1.85921,1.1430227,1.360477,1.6372659,3.6914752,1.3387774,2.44677,2.8478649,1.3295828,1.6535866,2.9410155,1.6979825,1.7217875,2.2400823,0.7900835,1.4205269,2.996581,1.237573,1.1993579,1.225708,1.9331639,1.0992887,0.82668656,3.6843176,2.8246212,1.6108967,2.630118,4.07537,4.6423407,1.9609215,1.2143831,2.444395,2.0546386,1.7481499,4.049949,3.4047623,1.0890505,1.4710592,3.3345993,0.4854548,3.7445705,0.98833233,0.9830188,0.5788041,2.1772993,2.7670743,1.1841674,2.9549592,1.5941671,0.68849695,1.1528581,1.5564827,3.9066575,2.2626648,3.5326319,2.9795387,4.1093154,2.5153053,2.0665514,1.4349463,2.4685318,1.1227939,1.8662597,3.7483482,4.844673,3.4416256,3.5718353,2.5192583,2.9066505,4.28786,1.7572979,4.526744,1.5179147,3.783901,1.2250974,2.7792692,3.4694858,2.7758448,1.302251,1.0247302,1.4004352,1.5285898,3.1819212,2.656437,3.8606415,3.3756597,3.2728946,1.4090968,1.4096776,2.8680396,3.4628172,1.0712713,3.2434435,1.6465924,1.3340842,1.1455691,3.2399085,3.4479828,2.302095,1.7384878,3.1466231,2.1440072,3.4396245,2.304673,3.4282515,2.524517,1.0704664,4.274426,1.487851,0.8690403,0.83896846,1.6202683,0.74422,1.5934104,2.7592194,1.7355945,1.5404372,3.0165856,3.7722745,3.0567427,0.9627993
1.0263312,3.078264,2.0841563,3.916658,3.1250076,3.0665095,1.2638881,1.2470735,2.1827886,1.4136797,1.2223471,1.1408999,1.328499,1.0905913,4.1551437,1.1249986,2.775655,2.428972,3.3864577,1.232862,1.2859743,2.4292114,2.5609977,2.0678413,4.419515,1.8091238,4.657345,0.83031225,1.0489792,1.2717862,1.453219,2.668407,0.6648901,2.413236,0.761054,1.2761269,2.4311028,1.399741,2.559665,2.2577784,1.4053506,2.4206316,1.1633486,1.2375269,2.0196474,3.4696717,2.767642,1.2717813,2.0069487,2.2529347,1.1825591,2.925608,2.248593,1.9795663,2.0723653,3.6206765,1.6674343,1.4661874,3.6155229,2.916993,1.4541887,2.89751,1.1995902,2.0987585,1.4244907,2.3123658,3.3257124,2.9282625,2.0812163,1.5409412,5.066247,2.445152,1.53548,0.6979276,1.9529263,0.7055406,1.4842951,1.9767563,0.79155225,0.74649847,3.2216682,1.767532,1.0250776,3.782549,1.6357086,4.0817513,0.6999199,3.0448918,1.3578463,1.1307313,1.0406052,2.9284713,3.0198019,0.69187707,1.2623181,1.5744431,1.1525394,2.4249718,2.3220792,2.6516113,1.9962195,2.272411,2.7139988,0.6473143,1.3829484,1.2712369,1.5322475,0.9972106,4.391732,2.7139988,2.1134195,10.282084,2.9855247,2.3427334,0.7384665,1.3067837,1.6950479,2.2838862,2.260263,2.8228056,2.0471337,1.7838218,3.0548315,0.8449558,0.8315485,2.0849135,2.4458568,2.7114413,2.0234354,1.2290474,3.5602524,1.4892288,1.6349398,1.617108,1.1102109,0.59047025,1.2768422,0.6998841,2.41982,1.7934958,2.5114348,0.92788607,1.9642991,1.5316037,2.093097,1.51404,0.95033824,1.5966839,1.0762329,1.8259323,0.94262964,3.9343219,1.6828947,1.2611905,2.8004453,1.0709276,1.1371936,2.6075473,4.2168155,2.8279028,3.2733788,2.2936943,0.86245537,2.3359628,1.9461809,1.4335719,3.6135256,0.9313405,4.239842,2.4230716,0.72184503,1.6064987,1.0373362,1.0653999,1.3027303,2.2759647,0.8736803,2.221664,1.9713343,1.0655847,1.6264858,2.7036915,1.6368781,2.6218681,2.2220714,1.2227663,0.7437253,3.4879904,2.187449,2.1395838,1.4574344,2.6136277,1.1055472,1.6855292,4.7841396,1.1167963,1.5149748,2.212301,3.3143137,4.028301,0.8586866,1.3041805,2.1540983,1.5034367,1.6336792,3.8967226,2.0758607,2.153003,2.1556005,2.617748,1.8313115,2.0011306,1.79283,1.9467404,1.8550652,1.2871221,1.730658,2.075453,2.594854,1.4732656,1.3796843,1.0507523,1.111238,3.728337,2.8718624,2.893516,1.9017416,3.631106,2.6289167,1.616572,1.1766489,3.58612,0.9155286,2.851441,2.2663865,4.6781483,1.9242568,1.9290262,2.5748699,2.1348727,4.7376485,1.5084864,3.826374,2.4856267,2.6911168,2.3173442,2.2294266,2.0665286,3.4327362,0.6655911,0.8881757,1.9624224,2.5286722,3.78115,3.7474406,3.3671134,2.9001775,3.109551,1.0810527,2.2959142,1.6380103,4.2711554,2.0477002,2.6604378,1.5158857,1.3615668,0.8835614,1.8637619,2.932514,3.2334495,1.3751212,2.775916,3.1709354,4.0463085,2.37463,2.6346185,2.0513268,1.9953605,2.5366368,2.5298293,2.039503,1.1997133,1.402025,1.8313036,0.55925614,3.9778287,1.621933,1.8649298,3.92637,3.268816,3.1200874,2.0141566
2.706574,3.3572035,3.7742229,4.2146354,4.261916,4.155048,2.9628541,3.135883,3.1384208,3.6062937,3.0137956,2.9596498,3.494989,2.972395,4.6945157,2.4254184,3.8495066,3.8524432,4.2687817,3.060343,3.2808373,3.523114,3.100618,3.3902621,4.914633,2.4106503,3.5384037,3.6924121,2.7346566,4.2154937,3.124629,3.7445498,2.9289746,3.4273927,2.7787235,3.8839364,3.594507,2.9577537,5.662056,2.4356058,2.513506,1.9050906,3.0192742,2.6940477,3.3011405,4.2928433,3.667471,3.27969,2.0689893,3.2896023,2.9971852,2.9686422,2.717418,3.596897,2.1842752,4.50272,3.1677084,3.3367016,4.7039366,4.390109,2.064552,2.4678802,3.205603,2.280895,4.7554297,3.5444353,3.1341772,2.5686426,3.6122274,3.1255577,5.33985,2.734708,3.0462081,3.323617,4.4068055,2.8608413,2.1812694,3.3312712,2.9598544,2.9795542,3.961486,2.9014328,2.9860263,4.6395135,2.3015063,1.9599302,2.9651513,3.704202,3.5970929,2.6064878,3.000602,2.3006282,2.3548899,2.9393005,3.0439012,4.2437954,3.4046628,3.8076935,2.005808,3.0164962,2.9236703,2.1179895,3.3529048,2.8878565,2.6128523,2.6120698,2.9738612,2.7599175,2.4503508,3.3529048,3.0833135,7.900963,4.7113495,1.9333379,2.8257763,2.3832455,1.9677162,1.6001418,2.6148596,1.599991,2.1430812,1.852404,3.1173882,2.9475224,2.7815924,1.7212895,4.2024508,3.3315768,3.540467,3.4879165,4.5859513,2.986823,3.0998046,2.448661,2.9792662,2.9624312,3.0926776,3.7772233,4.4670076,3.307974,4.168392,2.813931,2.9447117,3.1764963,1.7833452,3.945078,3.4038904,3.1582954,3.4174833,2.5263777,2.8875346,4.2084193,2.509451,2.5749764,2.473021,3.1794856,2.7753448,4.556128,5.015418,3.9986022,4.687018,3.5524764,2.966937,3.516424,3.3267903,3.79909,0.8740339,3.089599,4.8793273,4.2808485,2.9597375,2.476349,2.8501391,2.9114,3.619796,4.6265216,2.8931391,2.9799542,3.334314,2.975688,3.129714,3.29706,3.0785112,3.1344986,3.7895212,2.3579965,2.9581614,2.804275,1.8510712,2.730851,3.395748,0.8775418,2.7884893,1.9166763,1.7027942,3.9803457,3.1723692,3.4041748,4.587828,4.924551,3.9832752,3.2417328,3.3670418,3.6075974,3.4756722,4.490939,4.1825137,2.5073152,2.704964,3.7894235,2.1080697,5.2612233,2.420789,2.3057194,2.207424,3.6098325,3.430844,2.859453,3.4738474,3.1996157,2.3024688,3.1652262,3.577414,2.5389612,1.6241273,3.7622972,4.202179,4.5846553,2.5851517,3.051783,3.2215881,0.9440646,3.212019,3.991824,4.672385,3.68359,4.341169,5.2415442,2.6166284,4.458196,5.271964,2.988877,4.8661356,3.0083935,3.8534334,2.4515994,3.4581077,4.2730746,1.8607335,3.0196342,2.7176511,2.310395,3.0108309,1.8669156,1.0253471,4.3255033,3.5015144,3.9470537,3.0092306,3.009995,4.3231483,4.4938536,2.166192,3.9912667,3.769195,3.527125,2.7100382,3.9210374,3.4340272,1.3450651,2.983881,4.1629744,4.1181197,1.9552826,2.7621834,3.6682084,3.303797,2.258961,5.66257,1.3431051,2.0363886,2.5507903,3.1098123,2.3114288,2.9919586,0.9466405,3.0318522,2.9112728,4.4200315,3.401197,2.7321112,2.1102762
0.9978577,2.4235134,1.9888203,3.647159,3.2703996,3.0606394,0.7397014,0.57202315,1.6833072,1.0764569,0.79400104,0.64090836,2.469822,0.70785123,4.23125,1.7054888,2.6624799,2.8506393,3.5274541,2.541272,0.5803339,2.059679,2.5208993,3.4163501,5.4372497,1.0641983,5.5103755,2.4034133,0.86964154,2.5337253,0.39802766,2.6506877,1.1820518,3.074139,1.1909566,1.9080353,1.9785879,0.8477941,4.0080643,1.8486313,0.8361952,2.6307433,0.74783033,0.7618914,3.247557,3.2081695,2.2675786,0.7020031,1.5330819,1.7864202,0.74528885,2.7986846,1.989315,1.5609871,1.0990044,3.6192863,0.47295722,1.323664,3.6688623,3.5498183,1.3289921,2.4005318,1.7240081,2.2935135,2.5689704,3.7132401,3.0197732,2.1062627,1.7684705,0.39231822,5.1194987,2.304993,0.48884302,1.5008496,3.0008864,1.1998228,1.234684,1.4647053,1.0524584,1.089355,2.7787395,1.1623003,0.8330483,3.7946496,1.0228547,3.3374124,1.1238968,3.5003672,2.5438864,1.1827552,2.3216312,2.108717,2.207912,1.1493969,0.78804016,2.8070917,1.9651382,2.6836913,2.9397821,3.7734966,1.3388412,1.7351618,2.242671,1.373991,0.6764075,0.82452357,0.56959474,1.3685797,3.6801767,2.242671,1.1562619,10.6852,3.152489,1.5561262,1.539001,0.99627894,1.4122993,1.5728093,1.5076618,2.2912204,1.9831148,1.67657,2.777493,1.0110279,1.1183966,1.6557857,3.5925364,3.9428222,1.817615,0.9793627,3.7341359,0.606378,0.41537637,1.0781102,0.75056565,1.2583984,0.6722632,1.8389803,2.3785126,1.6157888,3.307827,0.96991074,3.171038,0.50871575,1.5530344,3.020034,1.185797,0.45052326,1.969168,0.9067261,0.90892994,3.7057052,0.9492273,1.1672422,1.945946,1.1189679,1.3266301,3.0190399,4.230495,2.6676188,3.8322518,3.2771204,0.9765069,3.448764,2.954214,1.8694977,2.9305024,2.2064686,4.23176,2.8567567,1.1127918,2.5938873,0.8323302,0.73981,0.98160803,3.433314,1.0163295,1.4134227,2.8297613,0.74617153,0.39602947,1.9477926,0.43461248,2.5045538,2.400696,1.3751417,1.0848773,2.915387,1.3234084,2.220114,1.098233,2.5887988,0.80530715,1.5337806,3.9719388,2.542531,0.36617315,3.1427915,3.7752354,4.1650853,2.1148193,0.86260533,3.104114,1.7964375,2.4421678,4.0514674,3.2629812,2.35535,2.7356095,2.2709744,1.3282199,3.2360585,1.084546,1.0940149,1.3622649,2.6592727,1.8926966,2.071619,3.0989256,0.39158392,1.532142,0.92425454,0.9079676,3.689131,2.1190076,3.3310266,2.9597228,3.60252,1.825943,1.1250447,0.6202072,2.8173923,1.6697974,2.3902512,3.5028877,5.581791,2.872722,3.1472917,3.5275898,2.23415,4.7668386,0.62024033,4.179727,2.825156,3.914171,2.632909,1.7061769,3.1116476,2.5443788,1.709381,1.5944375,1.0220474,2.31436,2.9954631,2.9744074,3.617357,2.4582586,3.6199327,0.76307374,2.3699121,3.2353961,4.035066,1.1252136,2.6138718,1.9805182,1.175033,1.0444949,3.296691,4.1837955,2.3619657,0.83967006,3.0381968,2.6317492,3.2914083,2.2336235,3.4332492,3.137764,1.5975767,3.8350558,1.8344833,1.3581575,1.1418188,0.43443307,1.1873459,1.3439065,3.2716255,0.50098616,2.5589347,3.343382,4.4326906,2.3676066,1.1919221
2.068662,4.0305524,1.8854269,2.602651,2.7425196,3.0616324,2.2893858,2.1995375,3.1578393,2.0222356,2.1679866,2.1411686,0.7400421,2.0744882,3.202113,1.3897526,1.9091656,2.5448637,3.369075,1.6737747,2.5392048,3.651305,1.321452,1.6506608,5.171306,1.9551872,4.157374,1.8345546,1.8926425,2.6446905,2.555569,3.8959765,1.9302722,1.0562156,1.8394346,1.4868975,3.504455,2.7196636,3.7433367,1.6656023,1.9276524,1.7187456,2.1830983,2.0800297,1.4012305,4.4203305,3.746308,2.5675187,1.731197,3.2156284,2.1361215,1.5954094,1.3628645,2.0517623,2.2796228,2.8094103,2.5815938,2.8964431,3.6466343,2.81293,1.8570201,1.9724646,1.5233815,1.3119779,2.3937595,2.2120345,3.2457411,3.463271,3.4135897,2.6055021,3.6760948,1.3054658,2.6654372,1.4801852,3.1971617,1.9432013,1.7223004,3.2125134,1.8583192,1.85028,4.1541924,2.976133,1.946291,2.9122324,1.9186022,4.18962,1.9157995,1.6767372,0.8324179,1.5116538,1.593702,3.364981,3.4717445,1.9263117,2.2308736,2.9253385,2.8262973,1.4429281,1.7216798,2.2859726,2.9749715,2.9493706,3.6161878,1.9889919,2.1427124,1.9015528,2.6955867,1.326834,4.568148,3.6161878,3.0882277,9.5524435,2.7846866,2.717753,1.3561985,1.8759454,1.7406204,2.3300722,3.0076475,2.3334408,1.3275604,1.6868309,1.8798558,1.8621991,1.8951558,1.8771161,3.0435252,2.8426442,3.20291,1.9732774,3.6085143,2.685502,2.648251,1.7642277,2.0660036,1.8483752,2.2286108,1.7935003,3.1445465,3.1264489,2.8620577,2.072361,1.8293121,2.5155253,1.9511273,2.076157,2.630825,2.5456846,1.0386641,2.5284412,1.9828044,2.59312,1.9056364,1.5152671,3.3425555,2.6456306,1.3210462,3.0178893,4.495898,3.2079225,3.623744,2.056916,1.7560205,1.4116913,0.8654836,2.1557472,3.2458951,1.4736685,3.1454344,2.5547683,1.8825698,1.6162058,1.8806696,2.1110392,2.162857,2.8890524,1.8683313,3.2327275,2.1854117,2.0422723,2.611231,3.5508285,2.6690114,1.4073206,1.633754,1.4937104,1.9035912,3.152605,2.394666,0.9348402,1.8351038,2.488701,1.8946707,1.6681057,4.575286,2.5760765,2.5503156,1.3287941,3.350591,4.1495295,1.7763513,1.9110674,1.0011367,1.8089103,0.5428608,3.2690768,2.6039176,0.90617824,0.7361339,3.763678,1.8382827,3.4547954,1.9155365,2.0669177,1.7047668,1.1085633,3.2093873,1.0457326,2.0961552,2.5064611,1.3432983,1.7926867,2.173925,4.29084,3.0893104,2.9354565,2.002779,3.7386541,3.2146924,2.664997,2.1945152,3.4389534,1.4431599,2.2432399,2.9553454,4.190942,3.1136198,3.4496644,1.8954028,2.7428017,3.414519,2.7013707,3.8498783,0.94778013,3.0181632,1.2143111,3.3086686,2.879174,3.624622,1.268891,1.3915657,2.3800828,1.4421947,3.9578393,3.5768905,3.2122984,3.7935715,2.1351767,2.0849154,0.9986102,1.8909651,2.9487743,2.220184,3.0807016,1.2830791,1.8353344,1.8548619,2.5155196,2.5669167,3.2895565,2.4222937,2.432928,2.4675498,4.1658807,2.2100978,2.6140304,1.1994618,1.6267046,3.993159,2.5213468,1.9659402,1.5629151,2.5508459,1.827677,1.950332,3.6436503,2.7080944,0.2265793,3.0157623,3.0885565,3.7130415,2.1124933
4.042364,5.0697207,2.618646,0.92638105,3.2653687,3.6574998,3.8712554,3.6646667,4.44595,3.2865853,3.7459183,3.790715,3.7844756,3.7661147,2.867841,3.9886055,1.9107698,4.011642,4.1788206,4.8093834,4.0361123,5.066171,2.128298,4.917734,8.068483,3.161247,6.786743,4.7965913,3.769495,5.1108546,3.9159923,5.573823,4.1419106,3.1781495,4.0648785,3.3900452,4.6927776,4.4163895,6.532766,2.6029532,3.538489,3.9466648,3.8109088,3.7723413,4.51686,5.4967527,4.791624,4.1153316,3.0768046,4.44569,3.7417595,2.022804,2.3941698,3.046371,3.3199205,2.4719987,3.67404,4.6380205,4.134907,4.3050814,3.868568,2.1920269,3.8470771,3.5207963,4.595812,5.500103,3.8656545,4.295794,4.891789,3.8853126,2.5049083,2.3080416,4.0378084,3.815926,5.5709467,4.1756015,3.5829835,4.6133356,3.8967738,3.9279273,5.1196194,4.5307302,3.7059453,2.456186,3.4738169,4.870722,4.053004,2.8953626,3.8318996,3.541489,4.6516075,4.223494,4.314839,4.095931,3.7697597,5.4804435,5.2947445,2.4279265,4.473362,5.454103,4.2859774,4.434411,4.762872,4.355217,3.715503,3.6030571,4.1412864,3.5583973,5.207039,4.762872,4.1430655,11.063556,3.1972256,3.8809202,3.8864057,3.728557,3.5456114,3.59163,4.1773086,3.1902375,3.1760612,3.69409,1.7720867,3.848586,4.026892,3.379551,5.6039634,6.04177,4.673277,3.4390686,4.382577,4.1774406,3.847876,3.2190037,3.7403505,4.1243114,3.700362,4.221729,4.033537,4.8148155,4.834328,4.0703473,5.0631304,3.7449543,3.3524616,5.015297,4.641962,3.7110858,3.641965,3.7859163,3.890262,1.0530416,3.205895,3.4162476,4.215659,4.6371827,3.3861423,4.2645907,5.127897,3.955276,5.142892,4.5064273,3.7296643,4.2592683,3.7916296,3.8227139,3.9963055,4.4827843,2.2362697,3.820386,3.9993684,4.662734,3.6979337,3.8707693,3.4945683,5.214501,3.8598409,4.4198985,4.5336504,3.7587967,3.7837994,4.4251924,3.8913064,2.0045483,2.600297,3.70754,3.9944375,3.264245,3.5724678,2.6401763,3.109491,4.4964466,3.6714265,3.610737,5.021516,5.2925544,3.808742,3.8800776,4.57262,4.844166,4.2883663,3.3149307,3.7523055,3.357656,3.276266,3.5538068,5.103249,3.0153472,3.4983556,5.028379,3.4016585,5.8580756,3.1429327,3.168604,3.1531138,4.192811,5.176922,2.5324347,3.7227068,3.7831752,3.5738847,3.5079408,3.7160354,6.1241856,4.106418,4.4817677,4.2236185,4.226309,4.1513524,4.120883,3.7073908,4.2375174,3.9075549,1.990988,5.3997407,6.878766,5.3571587,5.905358,4.932841,3.7099977,2.151292,4.181006,4.8362584,2.9816933,5.8864894,3.4977357,4.5109086,5.1934505,4.2823515,3.955439,3.9718282,3.5138984,2.0538793,4.6893415,4.2924085,4.082647,4.9031067,3.3581946,3.7801747,2.4098406,4.9505944,1.133142,3.2986333,4.0021896,3.0813165,3.2182038,3.9705646,5.477313,5.74309,4.077869,3.9563675,3.264934,1.6306708,4.8459063,3.340182,4.747768,4.1284285,2.9215422,6.6007743,3.72397,3.1963124,3.5234642,3.9807293,3.1291528,4.285915,4.33462,4.0064583,3.359784,0.59687513,6.1951356,4.5786433,3.278529
2.4281983,4.0171814,3.6211908,5.116867,4.175228,4.1509275,2.8287406,2.951397,3.3393624,3.195668,2.8325539,2.7690794,2.1214619,2.7298365,5.085522,2.017142,4.1197085,3.2938027,4.211998,1.0652939,2.944053,3.4155636,3.6974115,1.3839805,3.0854552,3.2110898,3.4805245,1.3093028,2.5692303,1.9448323,3.0776,3.3033757,2.170551,3.0642161,2.1820345,2.817782,3.582595,2.759878,2.279449,3.4836392,2.8468158,2.7799363,2.7834895,2.731546,1.7723893,4.2850256,3.8538055,2.891925,3.1816928,3.423437,2.8071492,3.959525,3.4877126,3.5415273,3.3894122,4.754908,3.3215268,2.744475,4.584011,3.533658,2.5043287,4.025639,2.4177682,2.7894225,2.5772934,1.0540123,4.195996,3.9464324,3.2245026,3.1604288,5.9595103,3.5643106,3.0830836,2.2855039,2.2514753,2.141971,2.6809795,3.2163205,2.3922331,2.3503609,4.1864386,2.977337,2.6741314,4.8964276,2.9525533,4.675203,2.2638545,3.735007,2.1209598,2.53123,1.2193227,3.9019237,3.9683306,2.222115,2.8704205,1.8375537,1.7505692,3.626505,2.1807566,1.5825031,3.2378674,3.1402254,3.7081773,1.954556,2.8565233,2.7531915,3.0185874,2.3966286,4.947309,3.7081773,3.4998415,9.325646,4.238363,3.3937178,2.044203,2.6275396,2.7735527,3.3001852,3.4114716,3.7178767,2.9806864,2.665934,4.1995826,2.4489353,2.2762377,3.086974,2.1910899,1.1859595,3.1734524,3.0120082,4.3762994,2.9693215,3.2408848,3.0181792,2.744885,2.1147478,2.9372425,2.1551437,3.8175309,2.8837092,2.9277794,2.3980663,1.1563758,3.18823,3.1582975,1.4081987,2.3858461,3.2515507,2.3194458,3.1860003,2.5110662,5.0994053,3.1344926,2.6628323,3.848458,2.404159,2.5716481,3.622958,4.9728355,3.9902165,3.7442622,2.4097311,2.5045798,2.30168,2.32806,2.8664463,4.2423687,1.4213072,5.3083525,3.4872792,2.2960844,1.4054297,2.6315453,2.6558888,3.1118639,2.527125,2.4407103,3.4439995,2.3021321,2.7067726,3.258383,3.8938906,3.2243643,3.799429,3.5516317,2.3858132,2.3210664,4.489385,3.3316412,3.2015123,3.180562,2.827546,2.6721194,2.6754549,5.276099,1.4324054,3.1726122,2.5424402,3.946967,4.7633114,2.1281605,3.0384953,2.5041552,2.9879022,2.614314,4.7122855,2.1860578,2.9944022,2.6437926,3.6442258,3.008513,2.4532425,3.1947591,3.312425,3.0974872,1.7762283,2.579641,3.2702794,3.232129,3.1498244,2.4659383,2.7709727,2.927505,3.630572,3.7194178,3.4117935,2.5996778,4.598441,3.7248428,3.0051322,2.9112802,4.233902,2.2206817,4.356791,2.3749511,3.4428658,2.4093132,2.3937895,1.91918,3.6402225,5.745426,2.9841752,4.4269443,3.2213206,1.806051,2.874173,3.4693604,2.3826735,4.2770314,1.9362605,2.0166998,3.2948222,3.7565112,4.4530206,4.3790374,4.151005,3.8464336,3.7519403,2.722357,3.404199,1.5691363,5.42251,3.3551106,3.8031569,2.9854112,3.1074824,2.322337,1.254817,1.6577753,4.0533905,2.8845818,3.8485947,4.675729,4.654112,3.4098022,2.7874136,2.1556375,3.2147355,2.4858437,3.4277425,3.256339,2.5882378,3.010312,3.1697354,2.005819,4.5236454,3.1619306,2.5326858,5.3754425,1.8526918,4.0527635,3.2885802
0.8577732,1.6946592,2.160651,3.8869061,3.0720584,2.7361474,0.6182461,0.87655157,0.9896477,1.6177711,0.7656534,0.7966276,2.6478689,0.8599496,4.104947,1.7800132,2.8320975,2.5091553,3.105013,2.5808687,0.7337382,1.3901446,2.6784556,3.3380487,4.9431467,1.1310886,5.1427894,2.563333,0.97181374,2.4008617,0.5728038,1.9799854,1.1734426,3.0652316,1.1752704,2.248072,1.3540273,0.54497844,4.15836,1.8696021,0.95319575,2.7479422,0.7588195,0.73596334,3.1344733,2.5493739,1.6166463,0.7036728,1.5572518,1.1293688,0.78568184,2.905055,2.218369,2.2305956,1.0858757,3.574953,0.63588715,0.89299214,3.3072693,3.247215,1.2171981,2.4577582,2.1698651,2.5191324,2.9119084,3.60032,2.4859562,1.4235587,1.20402,0.53331524,5.15679,2.462087,0.39990258,1.8473978,2.6836903,1.1638966,1.2467992,0.85016423,1.1069112,1.1411246,2.1181378,0.49544674,0.97817177,3.7624257,1.2237337,2.754129,1.1355171,3.4608567,2.7007356,1.3176981,2.3774989,1.4553032,1.5420216,1.1431643,0.7289463,2.5754347,1.7582914,2.8351688,2.9059663,3.7009988,0.6147282,1.0457315,1.5317158,1.2950962,0.7024908,0.9424329,0.34965664,1.5001208,3.0412297,1.5317158,0.5321803,10.18131,3.112657,1.0426964,1.6274433,1.0281975,1.3953983,1.4158626,0.7805638,2.057217,2.1632118,1.72647,2.8787985,1.0757648,1.0740181,1.5909714,3.2041104,3.7375183,1.2434282,1.496967,3.3195734,0.3823953,0.4845114,1.2022676,0.8525873,1.2687918,0.771727,2.2104237,2.1956427,1.0263598,2.9209213,0.90556407,3.1224248,0.63233876,1.5307618,2.89597,1.1557722,0.6268212,2.3010638,0.4259252,0.93175644,3.9131362,1.143447,1.3254615,1.273163,0.992164,1.5034088,2.7584157,3.7096589,2.256748,3.3782115,2.9788494,1.2152872,3.3373024,2.9312892,1.786953,2.6949263,2.338741,4.2469373,2.6638741,1.1352259,2.5252457,1.0067263,0.8059014,1.3975756,3.1845117,1.0462836,0.68207675,2.4522328,0.8884799,0.5571769,1.285655,0.43775398,2.706002,2.513995,1.4668511,1.1076158,2.5018406,1.1685315,2.418529,1.6001468,2.312739,0.97475773,1.5142771,3.6124399,2.4189475,0.63809943,3.0118034,3.387165,3.696373,2.4661257,1.3065152,3.0545058,1.8142321,2.6527958,3.7766387,2.975676,2.5545065,2.914323,1.6379567,1.5114872,3.2723105,1.1590153,1.166256,1.5331572,2.7368987,1.3778272,2.3008523,2.8067355,0.6939981,1.6525218,1.3113385,1.3780321,2.9946494,1.5902307,2.8568525,2.8579814,3.1911283,1.140597,0.58752334,0.95781016,2.5188222,2.0468652,2.9476328,3.2593176,5.224232,2.5448084,3.3148038,3.4607992,2.2363634,4.8636603,0.36180553,3.7443135,3.1118627,3.527809,2.8576574,1.0958227,2.782133,2.0050573,1.871889,1.765625,0.7690182,2.5361106,2.4160988,2.6453216,3.243369,1.7517068,3.4616792,0.8556328,2.611037,3.3476071,4.1993003,1.1202992,2.2169096,2.3578503,1.679073,1.1268314,3.0564463,4.0054903,1.9755986,0.5343818,2.884813,3.1491973,2.7086632,1.8629019,3.013226,3.0350375,1.6101456,3.857027,1.6106961,1.4040574,1.2786423,0.5691454,1.3417944,1.3030741,3.0137975,0.34234533,2.698418,3.633032,4.1787763,1.6526212,1.2152227
1.1652302,2.9366295,2.1378925,3.1496992,3.2634003,3.2289007,1.361806,1.3342979,2.234422,1.6365336,1.3551049,1.2121724,2.0130908,1.2137525,3.947554,0.9514171,2.4512763,2.8990114,3.5969641,1.9867576,1.6059798,2.7311883,1.8486326,2.7015707,5.171357,0.72823197,4.4904637,2.2572634,0.9753291,2.8913803,1.4675163,3.1644537,1.3339177,2.4197354,1.1843318,2.0419116,2.6799273,1.5749084,4.2844505,1.1646066,0.7053253,1.3285977,1.3431123,1.024735,2.5550294,3.774148,2.9094908,1.6643641,0.58061665,2.369245,1.2993294,1.9991491,1.2321684,1.6380714,0.72613424,3.4727414,1.5156696,2.0689244,3.884317,3.517167,0.60718817,1.5872884,1.3949392,1.0877827,2.9606266,3.0314028,2.8733065,2.2585552,2.5662694,1.4907988,4.6334786,1.4830074,1.497294,1.479062,3.359402,1.3001659,0.4448706,2.2445116,1.26395,1.2927991,3.3749263,1.8015358,1.2127655,3.6276476,0.36261812,2.9246943,1.3292563,2.8665657,2.1345127,0.79405,1.8091973,2.1068099,2.2232566,1.3276714,1.4065148,3.1106994,2.280687,2.38437,1.7503572,2.8275032,1.9030751,1.6793607,2.7330458,1.4286015,0.92137086,0.81430405,1.4860132,1.0101221,3.3779798,2.7330458,1.9354253,9.613067,3.3775272,1.3151196,1.2004511,0.6462002,0.33236822,0.7022932,1.8258775,1.3872777,0.7459826,0.3883091,2.1201935,1.23562,1.1860776,0.50360423,3.5339267,3.223724,2.4947596,1.5258514,3.8765066,1.5018895,1.4986054,0.63935125,1.242504,1.3596705,1.3792856,1.9820468,3.078932,2.2676346,3.3463373,1.2225807,2.3595998,1.5128126,0.42702237,2.8591537,1.8940799,1.4921494,1.6628171,1.2325917,1.203756,3.1912205,0.6735072,0.72411025,2.0885634,1.7536088,0.9681447,3.3799827,4.5034866,3.0415082,3.9894254,2.8743687,1.1284039,2.7687106,2.2972014,2.2773323,1.9554617,1.7363366,3.949089,3.0606663,1.3061855,1.7510078,1.0453737,1.2068616,1.7268093,3.5710266,1.2048719,2.0516486,2.5904846,1.2168771,1.4916712,2.5375705,1.5016254,1.84234,2.2978094,0.6350979,1.3009232,2.6037498,0.731074,1.3377476,1.4302763,1.4867061,0.98058647,0.381939,3.228084,2.7507784,1.4826039,2.5471969,3.840437,4.3463874,2.220949,1.3098426,2.4277403,2.0189495,1.9498028,3.8580816,3.2483237,1.2561948,1.6513733,2.97051,0.13160138,3.7925518,0.72591215,0.6711805,0.36276752,2.2709777,2.4584892,1.3391289,2.74072,1.4835176,0.5924744,1.2424588,1.6679593,3.366737,1.7093376,3.2203848,2.942454,3.838491,2.0382886,1.7607971,1.4010468,1.9971322,1.4149482,2.264361,3.6333277,4.574886,3.2596436,3.6944396,2.4510098,2.8781505,4.3689466,1.5166056,4.2594132,1.8198969,3.5414689,1.4399643,2.4384263,3.2872388,2.2405896,1.383259,1.0796362,0.98813075,1.6515166,2.6315346,2.1792338,3.6157408,2.947381,3.1693437,1.2817566,1.602703,3.010271,3.5633001,0.6786918,2.9836493,1.9310409,1.5572932,1.0123459,3.105001,3.334455,1.7827327,1.489188,3.0384574,2.494097,2.8897874,1.9672192,3.1541348,2.4658146,0.8232074,4.322428,0.9571271,0.46952286,0.7177121,1.4647721,0.5061715,1.4682465,2.33632,1.5114616,1.6748744,3.1690156,3.590505,2.5513606,0.55757827
