city,latitude,longitude,hot_days,hot_days_consec,tp_winter,tp_spring,tp_summer,tp_autumn,sf_winter,sf_spring,sf_summer,sf_autumn,si10_winter,si10_spring,si10_summer,si10_autumn,t2m_winter,t2m_spring,t2m_summer,t2m_autumn,max_t2m_winter,max_t2m_spring,max_t2m_summer,max_t2m_autumn,min_t2m_winter,min_t2m_spring,min_t2m_summer,min_t2m_autumn,temp_range_winter,temp_range_spring,temp_range_summer,temp_range_autumn
Aachen,50.776642,6.08342,10.633333333333333,4.0,0.003185398,0.002094487,0.0024273868,0.002466088,0.00031973232,5.9416645e-05,1.3254061e-08,4.4125474e-05,4.809805,3.6856055,3.2475932,3.996782,277.70035,283.41315,291.90442,285.39606,280.55936,288.0441,297.1442,289.56375,274.90863,278.70816,286.5554,281.50305,5.6507263,9.3359375,10.588806,8.060699
Aberdeen,57.143688,-2.09814,0.0,0.0,0.0025534364,0.0017685274,0.002016272,0.002912803,0.00015343355,5.386362e-05,1.28431905e-08,1.0204079e-05,6.852776,5.5289536,4.558678,6.0133185,278.44888,281.03064,287.26706,283.56955,280.61642,283.83084,290.28036,286.06006,276.17896,278.0794,284.10764,280.98886,4.4374695,5.7514343,6.1727295,5.0711975
Aix-en-Provence,43.528301,5.44973,31.1,13.466666666666667,0.0017136117,0.0019843765,0.00084511965,0.0033200646,1.8865803e-05,1.8903137e-06,4.916268e-09,3.6073236e-06,3.2407625,3.4218194,2.9917412,3.0409546,281.06802,286.5537,296.3546,289.78595,284.78247,290.94778,301.39905,293.9173,277.91315,282.10382,291.0145,286.11276,6.8693237,8.843964,10.384552,7.804535
Alcalá de Henares,40.482052,-3.35996,81.23333333333333,44.766666666666666,0.0014114646,0.0015408207,0.0005772376,0.0016822031,0.00015591815,4.5958957e-05,2.7474493e-06,4.719921e-05,2.14043,2.4040704,2.3620894,2.0881927,280.41937,286.2651,298.07138,289.0762,285.8679,292.3521,305.87088,295.2049,275.6669,280.0365,289.77023,283.39615,10.200989,12.315613,16.100647,11.808746
Alicante,38.345169,-0.48149,88.36666666666666,59.7,0.0011545634,0.0013019479,0.00035272987,0.0016536727,1.5132368e-05,2.8508089e-06,7.009815e-09,3.8716353e-06,2.7109985,2.6286721,2.3345945,2.3954785,284.52872,289.02402,299.22763,292.74304,290.42313,294.80038,305.54388,298.56427,279.60532,283.3956,293.03085,287.66647,10.81781,11.404785,12.513031,10.897797
Almería,36.838139,-2.45974,71.46666666666667,41.86666666666667,0.0010488391,0.0009669064,0.00022040577,0.0010901127,0.00010754235,3.9045164e-05,1.0142454e-09,6.642083e-06,1.8865092,2.1690514,1.9222561,1.9000057,283.00867,287.7237,298.14816,291.2495,288.74765,293.12875,304.20477,296.91074,278.4166,282.24393,291.68045,286.27344,10.331055,10.884827,12.5243225,10.637299
Amersfoort,52.154999,5.3875,5.333333333333333,2.466666666666667,0.002894454,0.0018661225,0.0022088136,0.0025194718,0.0001326876,1.9367937e-05,5.5804956e-09,1.0330169e-05,4.996288,3.943967,3.443872,4.0710855,278.2885,283.33792,291.18704,285.1922,280.97437,287.87537,296.18152,289.22818,275.57788,278.62003,285.81863,281.33646,5.3964844,9.255341,10.3628845,7.8917236
Amiens,49.900002,2.3,7.366666666666666,3.6,0.0028987282,0.002007362,0.0022613932,0.002554682,0.00013470688,1.553836e-05,7.562469e-09,8.511912e-06,4.722943,3.8496735,3.4053774,3.9373639,279.15164,284.0201,292.03995,286.37607,281.63773,287.96848,296.65466,290.04105,276.6519,279.9096,287.19162,282.8498,4.98584,8.058868,9.463043,7.1912537
Amsterdam,52.374031,4.88969,0.6333333333333333,0.4666666666666667,0.0031761648,0.001943134,0.0024186494,0.0031522855,0.0001320977,1.5430905e-05,7.655741e-09,8.174901e-06,6.430255,5.002021,4.371532,5.320237,278.39624,282.96555,290.61963,285.62695,280.5042,286.30457,294.1404,288.63293,276.20593,279.4405,286.63953,282.65146,4.298279,6.8640747,7.500885,5.981476
Angers,47.466671,-0.55,20.533333333333335,7.666666666666667,0.002734709,0.0019474924,0.0013968789,0.0024059704,3.3782377e-05,2.0986906e-06,7.742104e-09,2.1609264e-06,4.1227503,3.610039,3.2243876,3.4799001,280.02713,284.9677,293.38333,287.26984,283.1841,289.75803,299.06302,292.0238,276.8773,280.0189,287.47543,282.82065,6.3068237,9.739136,11.587585,9.2031555
Antwerpen,51.219891,4.40346,8.366666666666667,3.2333333333333334,0.0027205315,0.0017368066,0.002182757,0.0023103135,0.00012573642,1.6721846e-05,1.0390635e-08,8.226068e-06,4.7908573,3.8204741,3.3577259,3.9644742,278.88177,283.88324,292.097,285.9041,281.6503,288.30154,296.95215,289.89426,276.13162,279.33557,287.03033,282.10367,5.5186768,8.965973,9.921814,7.7905884
Apeldoorn,52.209999,5.96944,5.2,2.3,0.003011836,0.0019084595,0.002416692,0.002531826,0.0001337116,2.2611619e-05,2.8788736e-09,1.4166624e-05,4.923931,3.8838985,3.4318898,4.02551,278.27048,283.31213,291.00626,285.0875,280.82245,287.77567,295.94284,289.04947,275.67828,278.67596,285.68317,281.29294,5.144165,9.099701,10.259674,7.756531
Arezzo,43.461391,11.87691,21.3,10.233333333333333,0.0017526549,0.0021614616,0.0014264561,0.0033839173,0.00028410272,5.8391186e-05,3.753979e-09,5.0559953e-05,2.1766639,2.1213253,1.8213056,1.9964023,278.01443,284.04428,294.7877,287.11325,281.14874,288.1527,300.00323,290.96332,275.18124,279.99216,289.64743,283.69867,5.967499,8.160553,10.355804,7.2646484
Arnhem,51.98,5.91111,6.633333333333334,2.8,0.002929173,0.0018350062,0.0022791347,0.0024302998,0.00013365585,2.4167259e-05,6.8106996e-09,1.22982665e-05,4.735307,3.7447784,3.3151877,3.9015682,278.40286,283.46063,291.38538,285.24695,281.01376,287.9916,296.479,289.29263,275.77426,278.78305,286.01367,281.40042,5.239502,9.208557,10.465332,7.892212
Athens,37.97945,23.716221,91.53333333333333,47.86666666666667,0.001802729,0.0010112873,0.00023190519,0.0014912102,6.20807e-05,3.140406e-05,3.3361222e-10,8.6087726e-07,2.5865445,2.4647052,2.5574257,2.4134703,282.97073,288.49756,300.16864,292.3029,286.70587,293.43555,305.78653,297.0539,279.41833,283.6673,294.25208,288.0186,7.2875366,9.7682495,11.534454,9.035309
Augsburg,48.366669,10.88333,18.433333333333334,6.066666666666666,0.002089132,0.002120117,0.0033326184,0.002182484,0.00057475216,0.00012251789,1.8421117e-08,0.000112677706,3.2754595,2.761245,2.3869693,2.6262145,275.2279,283.213,292.84006,284.43076,278.1909,288.37646,298.59552,288.99188,272.43698,278.2421,287.3366,280.46896,5.7539062,10.134369,11.258911,8.522919
Avignon,43.948341,4.80892,43.3,16.866666666666667,0.0018250011,0.0020740326,0.0010850101,0.0037351039,8.185871e-05,2.5925867e-05,5.5470593e-09,1.598384e-05,3.2876945,3.398851,3.2281291,3.0922987,280.3313,286.20755,296.39957,289.0439,284.2327,291.10526,302.23105,293.5025,277.03348,281.39304,290.4999,285.12793,7.1992188,9.712219,11.73114,8.374573
Barcelona,41.38879,2.15899,40.833333333333336,17.1,0.0013136561,0.0016877612,0.0012681659,0.0027578888,4.2325497e-05,1.03869925e-05,1.7487992e-09,3.6007152e-06,2.0398276,2.2128701,2.0419388,1.8341826,282.59146,286.9727,296.85956,290.6153,287.1706,291.64417,301.8017,295.20786,278.83417,282.49973,292.02438,286.6869,8.336426,9.14444,9.777313,8.520966
Bari,41.117729,16.851179,73.26666666666667,33.3,0.0019011205,0.0016188691,0.0008066843,0.0020006583,2.302752e-05,5.9207177e-06,1.6889689e-09,1.9249694e-06,3.812569,3.3529217,2.8407595,3.1031976,282.84534,288.07742,299.0147,291.91458,286.5212,292.6799,304.50403,296.57217,279.39413,283.61667,293.3815,287.8261,7.127075,9.063232,11.122528,8.746063
Basel,47.558399,7.57327,14.7,5.4,0.0035676986,0.003068268,0.0031575367,0.0033063139,0.0007858345,0.00019879203,1.0293947e-05,0.00013126682,2.3619006,2.1415286,1.8516997,1.9391606,276.28415,283.42795,292.59015,284.93164,278.8763,288.22568,298.3174,289.157,273.92017,278.83582,286.9938,281.2934,4.9561462,9.389862,11.323608,7.863617
Bath,51.377949,-2.35907,1.3666666666666667,0.8666666666666667,0.0029128876,0.0019400609,0.0018383487,0.002880531,0.00015602307,2.555276e-05,5.0907105e-09,2.2146598e-05,4.8306985,4.133352,3.7060115,4.1079626,278.8007,282.63144,290.17917,285.02402,281.5813,286.77393,294.79147,288.60736,275.84232,278.3721,285.39954,281.45026,5.738983,8.401825,9.391937,7.1571045
Belfast,54.583328,-5.93333,0.0,0.0,0.0036158322,0.0025985267,0.0027076479,0.0036102473,0.00014036303,4.171834e-05,7.884804e-09,1.0155143e-05,5.893871,4.8542333,4.011943,5.013494,278.73148,281.60754,288.24512,283.93085,281.399,285.20444,292.0898,287.0456,276.0524,277.95383,284.3378,280.7926,5.346588,7.2506104,7.752014,6.2529907
Belgrade,44.804008,20.46513,64.16666666666667,21.333333333333332,0.0013145254,0.0018064628,0.0022026687,0.001674315,0.00026666146,4.5250297e-05,1.1006136e-08,4.468918e-05,2.7169714,2.6199775,2.286641,2.6127086,276.93936,286.745,297.9637,287.9862,280.26425,291.85977,303.9287,293.0615,273.63898,281.62808,291.98193,283.4709,6.6252747,10.231689,11.946777,9.590607
Bergamo,45.697979,9.66895,37.833333333333336,14.0,0.0016217852,0.0029847403,0.002927757,0.003997689,0.00022889653,6.525846e-05,2.3662958e-06,3.6429938e-05,1.4447751,1.6017941,1.4781134,1.3917729,277.57404,286.16147,296.47305,287.56964,281.2776,291.02493,301.89697,291.80008,274.58728,281.41656,291.23383,283.80215,6.6903076,9.608368,10.663147,7.997925
Bergen,60.39299,5.32415,0.0,0.0,0.011890313,0.0063186707,0.0053990018,0.010159031,0.0048145787,0.0017198573,3.3876086e-07,0.0008507701,3.3079317,3.0937183,2.6261108,3.1679125,275.8219,279.55515,287.588,281.99908,277.38043,282.4313,290.61377,284.19788,273.898,276.15506,283.94543,279.546,3.4824219,6.276245,6.668335,4.651886
Berlin,52.524368,13.41053,14.166666666666666,4.3,0.0019119674,0.0015528426,0.0021577133,0.0015158223,0.00028826913,5.14085e-05,1.0896911e-08,5.0239076e-05,4.1542406,3.308112,3.0361855,3.5586915,276.82156,283.92773,292.9621,284.90686,279.22897,288.61017,298.12924,288.809,274.33347,279.13495,287.61102,281.20877,4.895508,9.47522,10.518219,7.6002197
Bern,46.94809,7.44744,5.866666666666666,3.3666666666666667,0.0039231204,0.0037148602,0.0040143477,0.003838192,0.0016718475,0.0008122603,5.6282788e-05,0.00050787925,1.9602579,1.7797797,1.5686542,1.6429622,275.16138,281.8691,291.13535,283.7002,277.7515,286.3409,296.53812,287.64832,272.75806,277.51477,285.78073,280.2401,4.9934387,8.826141,10.757385,7.408203
Besançon,47.248779,6.01815,19.266666666666666,6.633333333333334,0.0034841117,0.0031212731,0.002904523,0.003538815,0.00046368115,0.00010730612,4.9459795e-06,7.7676355e-05,3.2834477,2.8510978,2.4812942,2.8237698,277.14062,283.8762,293.12033,285.64584,280.0676,288.765,298.95682,290.101,274.39755,279.09293,287.29764,281.70883,5.670044,9.672089,11.65918,8.392181
Bielefeld,52.033329,8.53333,8.933333333333334,3.6666666666666665,0.003048491,0.001950391,0.0024097958,0.0024249156,0.0002898544,4.8549693e-05,1.28282105e-08,4.1814394e-05,4.386321,3.4237328,3.1218405,3.723117,277.19904,283.13867,291.53168,284.73727,279.49622,287.517,296.5455,288.53357,274.87152,278.6543,286.39978,281.18176,4.624695,8.862701,10.145721,7.3518066
Bilbao,43.262711,-2.92528,17.033333333333335,6.4,0.0035199295,0.0031993021,0.0016360878,0.0033885879,0.000111205394,2.38599e-05,1.2807338e-07,9.22042e-06,3.0397344,2.6626997,2.1940715,2.5686834,281.5827,285.1086,292.93005,288.6215,285.69672,289.97375,298.74237,293.79684,277.7041,280.2072,287.37646,283.9714,7.9926147,9.766541,11.365906,9.825439
Birmingham,52.481419,-1.89983,2.0,1.2,0.0022878896,0.0018039863,0.0020265484,0.0023938552,0.00019831069,4.168339e-05,8.193618e-09,2.0583137e-05,4.9398518,4.172737,3.7372186,4.24642,278.48865,282.45755,289.9249,284.6574,281.3783,286.72507,294.8667,288.42416,275.52548,278.09088,284.87418,280.9587,5.8528137,8.634186,9.992523,7.465454
Blackpool,53.816669,-3.05,0.0,0.0,0.0040162317,0.002393407,0.0027224994,0.004215629,0.000258806,7.562012e-05,1.2522851e-08,1.9709329e-05,5.751155,4.6603403,4.140421,5.0197315,278.38123,281.79675,288.8219,284.15164,281.0419,285.45737,292.69226,287.27542,275.64786,277.91693,284.68164,280.94592,5.394043,7.540436,8.01062,6.3294983
Bochum,51.481651,7.21648,9.566666666666666,3.533333333333333,0.0035429369,0.0021975033,0.0026366296,0.0027997491,0.00033756436,5.590259e-05,1.2313366e-08,5.129225e-05,4.4934483,3.5153625,3.1212656,3.765118,278.10486,283.85297,292.1805,285.62204,280.42975,288.0286,296.95346,289.2573,275.77112,279.59232,287.3247,282.24014,4.6586304,8.436279,9.628754,7.017151
Bologna,44.493809,11.33875,47.03333333333333,16.566666666666666,0.0016111017,0.0022475473,0.0017888623,0.0030092453,0.00028516445,7.419512e-05,2.4979864e-08,4.6753037e-05,2.0069535,2.155295,1.9624004,1.9478481,278.2297,286.4996,297.34424,288.5638,281.73993,291.0953,302.6341,292.6065,275.25116,282.072,292.22696,285.0352,6.4887695,9.023315,10.407135,7.5713196
Bonn,50.734379,7.09548,11.6,4.1,0.0026805808,0.001902209,0.0023214305,0.0022075383,0.00028659857,4.7074212e-05,1.0206768e-08,3.8243415e-05,4.258386,3.3081512,2.8987656,3.5511553,277.6875,283.84177,292.40262,285.5273,280.17194,288.28958,297.50626,289.471,275.22702,279.3457,287.2486,281.9152,4.944916,8.943878,10.25766,7.5558167
Bordeaux,44.840439,-0.5805,35.63333333333333,11.366666666666667,0.0029241533,0.0025397574,0.0016301457,0.0026223983,2.0686408e-05,1.5773608e-06,3.9435943e-09,3.3585172e-07,3.2338288,3.082246,2.7394404,2.8428357,281.2368,286.27,294.76944,288.8997,285.10474,291.32025,300.4894,294.10413,277.71262,281.26315,288.97702,284.3471,7.3921204,10.057098,11.51239,9.757019
Bournemouth,50.720482,-1.8795,0.5,0.3333333333333333,0.0030007428,0.0018867035,0.0015216663,0.0029080973,6.0933347e-05,8.055992e-06,1.0995653e-10,1.1044176e-05,5.573635,4.554987,4.1000056,4.7866445,279.5398,282.9097,290.2626,285.67532,282.40787,286.8691,294.77444,289.31204,276.42325,278.7871,285.57303,281.98743,5.984619,8.082001,9.201416,7.3246155
Bradford,53.793911,-1.75206,0.36666666666666664,0.3,0.0033493687,0.0023017216,0.0025817242,0.0032318407,0.00063344545,0.00017641252,1.4572455e-08,4.045134e-05,5.1712,4.321176,3.86283,4.509589,277.9699,281.58002,288.8813,283.9936,280.51953,285.2962,293.0909,287.15326,275.40463,277.8002,284.51038,280.88852,5.1148987,7.496002,8.580536,6.26474
Braga,41.55032,-8.42005,19.2,8.0,0.0049593565,0.0034813522,0.0012773861,0.004444614,1.1359576e-05,5.359942e-06,4.1383266e-09,1.1998948e-06,2.8128145,2.9375696,2.7599666,2.4695668,282.73526,286.59897,293.3939,289.13782,287.0884,291.67682,299.2568,294.32166,278.95215,281.69614,287.73132,284.79926,8.136261,9.980682,11.525482,9.5224
Bratislava,48.148159,17.106741,33.166666666666664,10.033333333333333,0.0012668042,0.0017258587,0.0023818226,0.0016805003,0.00034632662,4.492531e-05,1.3341289e-08,6.769437e-05,3.3918967,3.2381582,3.0469406,3.0945604,275.98334,285.18015,295.28482,285.78818,278.72778,290.0321,300.76068,290.12717,273.26105,280.2397,289.74933,281.77005,5.466736,9.792419,11.011353,8.357117
Braunschweig,52.265942,10.52673,8.466666666666667,3.1666666666666665,0.0023024788,0.0017926696,0.0022729954,0.0019469355,0.00023727897,4.8065565e-05,1.2666451e-08,4.1333322e-05,4.239445,3.2846549,3.0467448,3.5910153,277.17917,283.06213,291.7383,284.67236,279.5781,287.44446,296.49136,288.45688,274.70715,278.56848,286.8507,281.12,4.870941,8.875977,9.6406555,7.3368835
Braşov,45.648609,25.606131,14.4,5.366666666666666,0.001525182,0.0024355175,0.0032251598,0.0015576049,0.001072287,0.00037715546,3.0113816e-07,0.00027107773,1.8343747,1.7497673,1.484558,1.5443999,272.62653,282.0114,292.36032,282.97647,276.98788,287.82327,298.73627,289.0981,268.4615,276.20416,286.03586,277.6148,8.526398,11.61911,12.700409,11.483307
Breda,51.586559,4.77596,7.433333333333334,2.8666666666666667,0.0027707359,0.0017676137,0.0021979746,0.002431241,0.00013393251,1.6622356e-05,1.134328e-08,7.939336e-06,4.833705,3.8545878,3.389656,3.9903226,278.73755,283.6179,291.7368,285.64413,281.5366,288.13205,296.67725,289.67636,275.9438,278.94382,286.53702,281.78546,5.592804,9.188232,10.140228,7.8908997
Bremen,53.075161,8.80777,8.533333333333333,3.3,0.0028148869,0.0017840674,0.0024191465,0.0022250193,0.00024235378,3.9250408e-05,1.3531707e-08,3.7905927e-05,4.3301806,3.485415,3.2268736,3.7314997,277.52966,283.1008,291.50058,284.9128,279.90997,287.5294,296.54828,288.76358,275.07065,278.59296,286.33313,281.26855,4.839325,8.936432,10.215149,7.4950256
Brescia,45.52478,10.22727,20.166666666666668,8.266666666666667,0.0017351714,0.0031147436,0.0030741976,0.0039226213,0.00050552184,0.0002989535,2.8668052e-07,0.00016938169,1.3814617,1.4187316,1.3459123,1.3254791,276.05963,284.69882,295.20462,286.32257,279.8708,289.31885,300.25272,290.34552,272.78793,280.03967,290.2386,282.68506,7.082855,9.279175,10.01413,7.6604614
Brest,48.400002,-4.48333,0.4,0.3333333333333333,0.003944995,0.0022953285,0.0015269624,0.0033066852,2.7030406e-05,5.653776e-06,3.935212e-09,2.9099763e-06,6.2722745,5.214699,4.390253,5.0915575,281.273,283.82938,290.4736,287.1257,283.62625,287.15106,294.14075,290.22852,278.69843,280.43607,286.7656,284.12546,4.927826,6.7149963,7.3751526,6.103058
Brighton,50.828381,-0.13947,1.8333333333333333,1.0,0.002446728,0.0015944515,0.0015523377,0.0026112061,0.00013005732,1.4389733e-05,2.2928888e-09,1.7184362e-05,5.1979923,4.2831635,3.8075023,4.397004,279.29825,283.05997,290.55328,285.87888,281.97617,286.92325,294.8717,289.4315,276.44168,279.03604,286.034,282.29898,5.534485,7.887207,8.8377075,7.1325073
Bristol,51.455231,-2.59665,1.3666666666666667,0.8666666666666667,0.0029128876,0.0019400609,0.0018383487,0.002880531,0.00015602307,2.555276e-05,5.0907105e-09,2.2146598e-05,4.8306985,4.133352,3.7060115,4.1079626,278.8007,282.63144,290.17917,285.02402,281.5813,286.77393,294.79147,288.60736,275.84232,278.3721,285.39954,281.45026,5.738983,8.401825,9.391937,7.1571045
Brno,49.195221,16.60796,21.033333333333335,6.166666666666667,0.0012468268,0.0015614871,0.0024193623,0.001443887,0.00047318317,0.00010537223,1.1858613e-08,7.3528594e-05,3.3511424,3.1524358,2.853947,2.9951048,274.9934,283.74988,293.6379,284.5677,277.47806,288.58487,299.174,288.7669,272.46393,278.7363,287.97766,280.59946,5.0141296,9.848572,11.19635,8.16745
Brugge,51.20892,3.22424,2.1333333333333333,1.2,0.0028199903,0.0018021959,0.0024064013,0.0027036793,7.711177e-05,9.6984395e-06,5.1693343e-09,6.862174e-06,5.633913,4.522295,3.9896498,4.7434297,278.77786,283.4273,291.35428,286.2643,281.12137,286.92935,295.21158,289.52692,276.42456,279.80508,287.21844,283.08035,4.696808,7.1242676,7.9931335,6.4465637
Brussels,50.850449,4.34878,8.733333333333333,3.566666666666667,0.0027464647,0.0018315536,0.0021921883,0.0022239978,0.00013479468,2.3147293e-05,9.283974e-09,1.0161819e-05,4.851258,3.8368807,3.359407,4.017379,278.71274,283.8888,292.12683,285.92252,281.47018,288.28873,297.0499,289.88824,275.99164,279.35394,286.9834,282.14188,5.478546,8.934784,10.066498,7.7463684
Bucharest,44.432251,26.10626,74.83333333333333,27.666666666666668,0.0017144989,0.0018655155,0.002136371,0.0014479305,0.00068003224,7.5623204e-05,9.421924e-09,0.00010714105,2.670641,2.5668452,2.0872114,2.2921133,275.63922,286.08957,297.74475,286.9349,279.4288,292.1421,304.5921,293.01715,272.04047,280.02023,290.87656,281.35373,7.388336,12.121857,13.715546,11.663422
Budapest,47.498009,19.039909,43.9,15.333333333333334,0.0011947234,0.001561405,0.0020348728,0.0014452452,0.00028152988,4.880637e-05,1.0676305e-08,6.9576854e-05,2.7601464,2.6664567,2.5601046,2.5891726,275.19815,285.06824,295.3942,285.67294,278.87967,290.80872,301.87845,291.29282,271.41263,279.1401,288.5853,280.395,7.467041,11.66861,13.293152,10.897827
Burgos,42.349998,-3.7,32.53333333333333,11.0,0.0017841102,0.0021279992,0.0009838645,0.001858111,0.00035398582,0.00011980988,2.3731768e-07,6.181046e-05,3.0284345,2.9473238,2.621226,2.7489202,278.16882,282.88748,292.47794,286.1668,282.43704,288.35526,300.03632,292.06354,274.22134,277.53317,285.45758,280.8999,8.215698,10.8220825,14.578735,11.163635
Bydgoszcz,53.123501,18.00762,9.0,3.7,0.0018098392,0.0013956191,0.0022930824,0.001291193,0.0005175633,9.2065566e-05,8.66026e-09,8.321625e-05,4.0689254,3.2998137,3.0614958,3.6042078,275.8306,282.88742,292.28836,284.01617,277.94962,287.33435,297.1359,287.82587,273.57037,278.13815,287.01328,280.26083,4.379242,9.1961975,10.12262,7.565033
Cagliari,39.207378,9.13462,57.733333333333334,27.8,0.0022377332,0.001566875,0.0002966092,0.0021419025,1.8168552e-05,3.2221917e-07,1.8329845e-09,1.642706e-08,3.2078335,3.2542098,2.813045,2.7864518,284.27444,288.01505,298.01874,292.9668,288.00833,292.24457,303.0826,297.12613,280.96982,284.0478,293.14612,289.31607,7.038513,8.196777,9.936493,7.8100586
Cambridge,52.200001,0.11667,3.1666666666666665,1.7,0.0016426214,0.001372552,0.0017085661,0.0019079074,0.00010875854,1.3889915e-05,7.919588e-09,8.498017e-06,5.2092466,4.3064275,3.829106,4.470886,278.5277,282.8407,290.29453,285.12384,281.47095,287.25027,295.37955,289.0326,275.50726,278.37585,285.1293,281.3176,5.963684,8.87442,10.250244,7.7149963
Cardiff,51.48,-3.18,0.6333333333333333,0.4,0.0036312789,0.0022382827,0.0020723795,0.003541136,0.00022174322,4.8754388e-05,4.6837214e-09,1.9578987e-05,4.939542,4.190661,3.7758217,4.2046223,278.886,282.4799,289.86115,284.9932,281.6172,286.4876,294.30173,288.5,275.98343,278.3438,285.23242,281.4893,5.6337585,8.143799,9.069305,7.0107117
Cartagena,37.605122,-0.98623,34.666666666666664,16.866666666666667,0.001054127,0.00090121233,0.00019954139,0.0010430828,6.7416136e-07,4.2533782e-07,7.474162e-10,8.961567e-07,3.8646069,4.186274,3.6204867,3.8304179,286.21765,289.51904,298.29178,293.82962,289.8252,292.80432,301.53738,297.1525,283.30502,286.18814,294.9086,290.92883,6.520172,6.6161804,6.628784,6.2236633
Catania,37.502129,15.08719,51.766666666666666,25.333333333333332,0.002080666,0.0010455683,0.00027502645,0.0017973772,4.9955903e-05,1.6906655e-05,4.5009443e-10,3.3105505e-07,2.2515237,2.2230592,1.6908033,1.7737503,284.5427,288.3172,298.95792,293.32907,287.2127,291.4594,302.7935,296.38092,282.1483,285.27557,295.07877,290.70325,5.0644226,6.183838,7.7147217,5.6776733
Chemnitz,50.833328,12.91667,15.566666666666666,4.866666666666666,0.0022425586,0.0020145592,0.002801939,0.0020567863,0.0006498185,0.00017694704,1.4190568e-08,0.00011253646,4.1208453,3.1275308,2.8146484,3.3686163,275.68774,283.2975,292.6431,284.35727,278.18893,288.13004,298.0341,288.52924,273.21512,278.39932,287.1261,280.49237,4.973816,9.730713,10.9079895,8.036865
Chişinău,47.005562,28.8575,42.266666666666666,13.366666666666667,0.001143246,0.00144669,0.001969588,0.0012800328,0.0005287195,0.00011385579,9.346385e-09,0.00011841281,3.191009,3.0284872,2.7053695,2.9719017,274.36365,284.608,296.61185,285.42258,276.95847,289.2501,301.89172,289.91824,271.52927,279.7934,290.98773,281.02258,5.429199,9.456696,10.903992,8.89566
Clermont-Ferrand,45.779659,3.08628,17.9,6.4,0.0023492023,0.002595277,0.0025682305,0.0028426603,0.00035514816,0.00011548616,1.0586542e-08,9.056671e-05,3.1104155,2.883118,2.4004824,2.791437,276.8045,282.3782,291.92215,285.0396,280.9111,287.71426,298.28,290.22235,273.10748,277.05673,285.44867,280.43018,7.8036194,10.657532,12.831329,9.792175
Cluj-Napoca,46.76667,23.6,20.2,7.1,0.0014045225,0.0021869591,0.002743001,0.0015660281,0.00069891533,0.00017941502,4.982216e-07,0.00013758884,1.967624,2.0146506,1.8049028,1.7997289,272.74417,282.81146,293.00095,283.58926,276.39023,288.26923,299.0616,289.3639,268.99088,277.25937,286.7779,278.409,7.399353,11.009857,12.283722,10.954895
Coimbra,40.205639,-8.41955,53.733333333333334,16.366666666666667,0.0032993846,0.0023591842,0.0007662239,0.0026353484,1.1605072e-06,7.07144e-08,5.186812e-09,1.1415716e-08,3.1184914,3.2747548,3.1900408,2.7400243,284.7266,288.60355,295.57626,291.26028,289.34824,294.074,302.2709,296.95258,280.85413,283.53363,289.55472,286.73007,8.49411,10.540375,12.716187,10.222504
Como,45.809978,9.08744,3.2,2.433333333333333,0.002334834,0.0048699467,0.0048266887,0.0058001606,0.0012526351,0.0010231277,2.5792788e-05,0.0006440494,1.3599513,1.3331337,1.2748201,1.1937327,274.98517,281.60568,291.86118,283.91843,278.4104,285.71783,296.59833,287.6248,271.9936,277.44473,287.11755,280.53082,6.416809,8.273102,9.480774,7.0939636
Constanţa,44.183331,28.65,42.3,14.9,0.0009865935,0.0012486011,0.0013039688,0.0015283455,0.00028453412,5.7581175e-05,2.5872144e-09,4.608068e-05,4.2844095,3.6275504,3.1700935,3.6021566,276.90945,285.46082,297.22452,287.74957,280.14783,289.83463,302.24054,292.14648,273.70667,281.15884,292.15936,283.68863,6.441162,8.675781,10.081177,8.457855
Copenhagen,55.675941,12.56553,1.0333333333333334,0.7333333333333333,0.001954511,0.0012825201,0.002009543,0.0020257556,0.00029227388,6.0390845e-05,5.4689937e-09,3.697926e-05,5.5165944,4.5884852,4.113107,5.01154,276.2328,281.86075,291.20673,284.21594,278.336,285.31497,295.13202,287.15594,273.8735,278.04507,286.6071,281.16003,4.462494,7.2698975,8.524933,5.9959106
Cork,51.897968,-8.47061,0.0,0.0,0.004348691,0.0028109325,0.0025286719,0.003971528,6.1340455e-05,7.926886e-06,7.594965e-09,2.5875236e-06,5.1436143,4.363618,3.8098116,4.3529725,279.69516,282.29855,288.96274,284.7209,282.33762,285.88065,292.6505,287.79962,277.02713,278.72586,285.18115,281.6615,5.310486,7.154785,7.4693604,6.1381226
Coventry,52.406559,-1.51217,2.7333333333333334,1.4666666666666666,0.002002011,0.0016769483,0.001980785,0.0021899787,0.0001816848,4.115512e-05,1.1250266e-08,1.3141657e-05,5.148255,4.3306646,3.8789232,4.4600883,278.52414,282.58926,290.08182,284.7998,281.47443,286.9214,295.12164,288.62564,275.51288,278.20956,284.97403,281.057,5.961548,8.7118225,10.147614,7.568634
Córdoba,37.883331,-4.76667,115.6,82.06666666666666,0.0019032905,0.0015866571,0.00028232756,0.0017216402,1.440981e-05,1.0302417e-05,1.0826265e-09,3.1443514e-07,2.287706,2.455551,2.2876275,2.1750424,283.00763,289.39352,300.44498,292.084,289.12262,296.37335,309.0645,298.94177,277.82007,282.37958,291.40912,285.7894,11.302551,13.993774,17.655396,13.152374
Debrecen,47.533329,21.633329,46.56666666666667,15.033333333333333,0.0011852012,0.0016568059,0.0019917507,0.0013788455,0.00021029302,2.7243133e-05,9.784638e-09,3.092955e-05,2.6673245,2.607061,2.3824708,2.4232755,275.21783,285.55798,295.93137,286.11005,278.5098,291.0417,302.0831,291.5054,271.84973,280.0574,289.64343,281.16583,6.6600647,10.984283,12.439667,10.339569
Derby,52.922771,-1.47663,1.2333333333333334,0.8,0.0023569965,0.0018717019,0.0021324477,0.0024934902,0.00031564682,8.9115296e-05,9.941515e-09,1.7196182e-05,5.210522,4.3874516,3.9286947,4.5380335,278.2502,282.1492,289.5783,284.41998,280.9951,286.19803,294.26544,287.93716,275.4821,278.08136,284.82248,281.00314,5.5130005,8.116669,9.442963,6.934021
Dijon,47.316669,5.01667,23.833333333333332,7.566666666666666,0.002794535,0.002430585,0.0022404185,0.0026561471,0.0002087599,2.3475244e-05,9.954318e-09,4.3319727e-05,3.563508,3.1771626,2.8124342,3.17697,277.73758,284.33603,293.76163,286.0709,280.8456,289.27444,299.62894,290.54297,274.70993,279.3081,287.7868,282.02216,6.135681,9.966339,11.842133,8.520813
Donostia / San Sebastián,43.312832,-1.97499,5.066666666666666,2.6333333333333333,0.004533534,0.003868535,0.002141249,0.004319562,9.128735e-05,1.4677673e-05,7.070884e-08,1.1447234e-05,4.728779,4.023252,3.3828466,4.028699,283.57156,286.22226,293.9212,290.23447,286.3489,289.1839,297.2396,293.36963,280.99744,283.284,290.72293,287.40704,5.351471,5.8999023,6.5166626,5.9625854
Dortmund,51.514938,7.466,9.0,3.533333333333333,0.0036955385,0.0022428785,0.0026533874,0.0028511207,0.00044843665,7.577548e-05,1.2577193e-08,6.259162e-05,4.4864087,3.4908898,3.1034083,3.7583537,277.68106,283.5423,291.91144,285.25494,280.01007,287.7403,296.71405,288.90005,275.327,279.24768,287.0205,281.8631,4.683075,8.492615,9.6935425,7.036957
Dresden,51.050892,13.73832,16.766666666666666,5.0,0.0023819578,0.0020699562,0.002855698,0.00203379,0.00074571674,0.00020331587,1.527651e-08,0.00010970313,3.8726075,3.0163844,2.7144752,3.175308,275.60345,283.46936,292.91827,284.46973,278.11612,288.3635,298.27142,288.60754,273.09302,278.4382,287.3376,280.5705,5.023102,9.925293,10.933838,8.037048
Dublin,53.333061,-6.24889,0.0,0.0,0.0032394133,0.0024766857,0.0023877174,0.0032953597,0.00014590417,3.6093563e-05,1.2595091e-08,1.0111776e-05,5.322139,4.466351,3.845103,4.5917273,279.32468,282.1217,288.95004,284.52628,282.0714,285.76367,292.9249,287.79214,276.6654,278.53928,285.0021,281.28967,5.406006,7.2243958,7.9227905,6.502472
Duisburg,51.432468,6.76516,10.866666666666667,3.8333333333333335,0.0029432692,0.0018568804,0.0023006543,0.0023999552,0.000191552,2.2169528e-05,9.514164e-09,2.4229028e-05,4.3916354,3.4643593,3.0767667,3.6775246,278.56268,284.09445,292.3901,285.88425,281.00165,288.4073,297.34442,289.67615,276.14398,279.72256,287.37717,282.35776,4.857666,8.684723,9.967255,7.31839
Düsseldorf,51.221722,6.77616,12.533333333333333,4.266666666666667,0.0030432849,0.001953012,0.0024159781,0.002440832,0.00021533678,1.7882865e-05,1.1966878e-08,2.8311722e-05,4.371595,3.4410043,3.0486715,3.6672862,278.59937,284.38382,292.76193,286.15805,281.0292,288.69144,297.72202,289.95438,276.2007,280.0358,287.78058,282.66055,4.828491,8.65564,9.941437,7.2938232
Eastbourne,50.768711,0.28453,0.8666666666666667,0.5,0.002800234,0.0016698343,0.0016240549,0.0029569357,0.00013116577,1.0507886e-05,3.1685495e-11,1.1045425e-05,5.4487033,4.4517646,3.9488375,4.609766,280.0621,283.32864,290.71835,286.61188,282.32135,286.51608,294.1197,289.51486,277.6231,279.97235,287.09607,283.64203,4.698242,6.5437317,7.0236206,5.8728333
Edinburgh,55.952061,-3.19648,0.03333333333333333,0.03333333333333333,0.0026585858,0.0018296634,0.002234882,0.0027808684,0.0004170526,9.094185e-05,8.802195e-09,6.4312255e-05,5.181671,4.411028,3.727374,4.487814,277.4796,281.05252,287.94342,283.12576,280.22867,284.8081,292.12708,286.38422,274.72708,277.17856,283.6625,279.86856,5.501587,7.629547,8.464569,6.5156555
Eindhoven,51.44083,5.47778,9.533333333333333,3.466666666666667,0.0027579933,0.001771568,0.0020812317,0.0022205317,0.0001346976,1.9644849e-05,9.7685575e-09,1.2079401e-05,4.6335044,3.6619365,3.2330058,3.8223505,278.5654,283.6952,291.82602,285.52258,281.42804,288.40497,297.11542,289.75803,275.7228,278.84073,286.3196,281.50693,5.7052307,9.5642395,10.795807,8.251099
Elche,38.26218,-0.70107,98.53333333333333,64.16666666666667,0.0006052279,0.00087782595,0.00026960718,0.0010138084,2.385319e-06,3.0786036e-06,3.2851217e-09,4.927843e-07,2.6108344,2.607095,2.3877347,2.3008974,285.6897,290.0532,299.90607,293.76086,291.8814,295.97134,306.1038,299.64154,280.56668,284.3521,293.87485,288.62024,11.314728,11.619232,12.228943,11.021301
Erfurt,50.978699,11.03283,9.0,3.2666666666666666,0.0021695062,0.0017901261,0.0022124115,0.0019655894,0.0004917197,0.00010634136,1.0181935e-08,7.8933364e-05,3.9511294,3.0944288,2.778981,3.2857118,275.71353,282.58286,291.6388,283.9636,278.18427,287.14932,296.6446,287.95563,273.25974,277.88568,286.4631,280.26318,4.92453,9.263641,10.181488,7.692444
Espoo,60.2052,24.652201,2.533333333333333,1.5333333333333334,0.0028054253,0.0014182415,0.00246576,0.002850596,0.0017317337,0.00035370234,3.4194125e-07,0.00022141384,4.0775137,3.4832675,3.2251925,3.9374206,271.0297,278.55508,290.48944,280.559,273.47153,283.06354,295.35303,283.67645,268.1501,273.40424,284.7188,277.1746,5.3214417,9.659302,10.634216,6.5018616
Essen,51.45657,7.01228,10.033333333333333,3.7,0.0032431027,0.0020271917,0.0024686423,0.002599852,0.00026455818,3.903606e-05,1.0913764e-08,3.7760637e-05,4.442542,3.4898608,3.0990164,3.7213209,278.33377,283.97372,292.2853,285.75314,280.7157,288.218,297.14896,289.46674,275.95758,279.65744,287.35095,282.29892,4.7581177,8.560547,9.798004,7.167816
Ferrara,44.826778,11.62071,58.733333333333334,20.033333333333335,0.0013096319,0.0021063574,0.0019424855,0.0027266203,0.00015706595,4.435271e-05,4.733605e-08,2.2828262e-05,1.928528,2.0509737,1.8815998,1.9011381,278.19962,287.4636,298.20236,288.95563,282.11407,292.39163,303.6797,293.3194,274.95193,282.7112,292.94418,285.15054,7.16214,9.68042,10.735504,8.168854
Firenze,43.76667,11.25,43.86666666666667,16.233333333333334,0.0021254746,0.0024102228,0.0015848894,0.003522299,0.00020362397,3.4031804e-05,6.8465664e-09,2.6116863e-05,2.0568652,1.9374607,1.6963646,1.8635534,279.3994,285.9513,296.4135,288.65802,282.96365,290.60214,302.13077,292.9753,276.18848,281.279,290.64395,284.73508,6.775177,9.323151,11.486816,8.240234
Frankfurt am Main,50.11552,8.68417,18.033333333333335,6.133333333333334,0.0024315638,0.0017983407,0.0022503815,0.0021552877,0.00025636077,3.208602e-05,1.1865754e-08,3.1496507e-05,3.470467,2.8826134,2.5659745,2.8956068,276.74246,284.11902,293.141,285.19785,279.48172,289.16937,298.74905,289.48126,274.06918,279.02142,287.53677,281.34317,5.4125366,10.147949,11.21228,8.138092
Freiburg,47.995899,7.85222,13.4,4.766666666666667,0.0037059742,0.0030134425,0.0033282312,0.0032391204,0.0008208033,0.00019318177,2.8451766e-06,0.00012141905,2.6808546,2.3232255,2.0305808,2.1961675,276.002,282.9491,292.38788,284.58652,278.62283,287.55264,297.813,288.63965,273.53152,278.4525,287.0492,281.09286,5.0913086,9.100128,10.763794,7.5467834
Gdańsk,54.352051,18.64637,1.7,1.0666666666666667,0.002363603,0.0014694042,0.0023878862,0.0021610265,0.00067187333,0.00014043186,6.540293e-09,0.00012393511,5.4758415,4.2831063,3.9432867,4.8781915,275.10162,282.03955,291.3786,283.6784,277.18256,285.76102,295.38617,286.91702,272.8162,277.7603,286.56027,280.42795,4.3663635,8.000702,8.825897,6.4890747
Gdynia,54.51889,18.531879,1.7,1.0666666666666667,0.002363603,0.0014694042,0.0023878862,0.0021610265,0.00067187333,0.00014043186,6.540293e-09,0.00012393511,5.4758415,4.2831063,3.9432867,4.8781915,275.10162,282.03955,291.3786,283.6784,277.18256,285.76102,295.38617,286.91702,272.8162,277.7603,286.56027,280.42795,4.3663635,8.000702,8.825897,6.4890747
Gelsenkirchen,51.5075,7.12283,10.033333333333333,3.7,0.0032431027,0.0020271917,0.0024686423,0.002599852,0.00026455818,3.903606e-05,1.0913764e-08,3.7760637e-05,4.442542,3.4898608,3.0990164,3.7213209,278.33377,283.97372,292.2853,285.75314,280.7157,288.218,297.14896,289.46674,275.95758,279.65744,287.35095,282.29892,4.7581177,8.560547,9.798004,7.167816
Gent,51.049999,3.71667,6.2,2.8666666666666667,0.0025921843,0.0016985679,0.0022726024,0.0023586128,0.00011684037,1.5589949e-05,5.4652936e-09,5.4631064e-06,4.85639,3.9018297,3.4107573,4.031056,278.40915,283.66754,291.79147,286.00525,280.96637,287.77908,296.40335,289.68088,275.91446,279.4414,286.90866,282.47528,5.0519104,8.337677,9.49469,7.205597
Gijón,43.535728,-5.66152,8.2,4.233333333333333,0.0034041028,0.0031966264,0.0016647596,0.0036018074,0.0003161117,0.00013597935,1.241322e-06,4.4778928e-05,2.6079888,2.453269,2.2088616,2.313362,281.71066,285.04587,292.85666,288.2749,285.85507,289.81265,298.3521,293.09995,277.848,280.20612,287.3472,283.7635,8.00708,9.606537,11.004913,9.336456
Glasgow,55.86515,-4.25763,0.0,0.0,0.0059021087,0.0034075577,0.003132593,0.0053021894,0.00094961363,0.00021603443,3.2884067e-08,0.00010540861,4.4371133,3.9488187,3.269126,3.8523471,276.72226,280.37042,287.33713,282.4215,278.9986,283.98715,291.25555,285.28564,274.40482,276.5861,283.16946,279.47812,4.5937805,7.401062,8.08609,5.8075256
Granada,37.188171,-3.60667,79.73333333333333,54.03333333333333,0.0017182777,0.001346845,0.00025487956,0.0015262959,0.00013135704,3.621537e-05,7.2630385e-10,1.565671e-05,1.5078268,1.7911193,1.5128973,1.5585325,281.69586,287.02182,298.1235,290.30984,287.3978,292.8043,305.07126,296.40247,276.88388,280.81915,290.08365,284.65494,10.513916,11.985138,14.98761,11.747528
Graz,47.066669,15.45,13.4,5.366666666666666,0.0014312926,0.0025707267,0.004148188,0.002669976,0.0008340128,0.00027920154,9.212069e-07,0.0002724569,1.7703584,1.9534444,1.6524751,1.6040199,274.0977,283.08786,292.97137,284.1462,277.59277,288.35092,298.48346,288.94797,270.95816,277.9006,287.4361,279.87875,6.634613,10.450317,11.047363,9.069214
Grenoble,45.166672,5.71667,6.7,3.8,0.0030786262,0.003154435,0.0025434594,0.0039168806,0.0013086663,0.0004780635,2.9064804e-06,0.00032432342,1.6267837,1.7315857,1.7675797,1.601765,275.84576,281.51874,291.74805,284.30676,279.067,285.83115,296.94196,288.05603,272.8306,277.00293,286.07294,280.71713,6.236389,8.828217,10.869019,7.3388977
Groningen,53.21917,6.56667,2.1333333333333333,1.2,0.0030396613,0.0017363426,0.0025940272,0.0027110176,0.00020796906,3.4616973e-05,2.6263856e-09,2.9111316e-05,5.338033,4.340475,3.890888,4.525694,277.8439,282.67935,290.4863,284.81277,280.39044,286.93094,295.20468,288.77664,275.22168,278.2569,285.35336,280.99213,5.168762,8.674042,9.851318,7.7845154
Göteborg,57.707161,11.96679,0.9333333333333333,0.6666666666666666,0.003341462,0.0019261759,0.0026746786,0.0034112225,0.00070575357,0.00018008807,5.568622e-09,8.106911e-05,4.4113507,3.7729127,3.395729,4.1744885,275.20734,280.68323,290.31,283.06342,277.3386,284.27457,294.23212,285.88443,272.75253,276.71915,285.74463,280.1419,4.5860596,7.55542,8.487488,5.742523
Haarlem,52.38084,4.63683,0.1,0.1,0.0031665952,0.0018335484,0.0023510833,0.00339111,0.00010624487,1.224237e-05,6.4092065e-09,5.724129e-06,7.194856,5.5221496,4.8273563,6.0548596,278.8802,282.87088,290.47247,286.07538,280.82947,285.77753,293.56415,288.78958,276.85254,279.78192,286.9405,283.36194,3.9769287,5.9956055,6.623657,5.427643
Hagen,51.360809,7.47168,9.0,3.533333333333333,0.0036955385,0.0022428785,0.0026533874,0.0028511207,0.00044843665,7.577548e-05,1.2577193e-08,6.259162e-05,4.4864087,3.4908898,3.1034083,3.7583537,277.68106,283.5423,291.91144,285.25494,280.01007,287.7403,296.71405,288.90005,275.327,279.24768,287.0205,281.8631,4.683075,8.492615,9.6935425,7.036957
Hamburg,53.575321,10.01534,5.833333333333333,2.2333333333333334,0.002817628,0.0018490755,0.0025596812,0.00229462,0.00032493164,6.8316825e-05,1.0069583e-08,4.263393e-05,4.404555,3.5741968,3.33212,3.830135,277.3425,282.72452,291.43945,284.76913,279.63028,286.8622,296.08978,288.3702,274.939,278.46228,286.56757,281.35385,4.691284,8.399933,9.522217,7.0163574
Hannover,52.370522,9.73322,9.2,3.5,0.0027017507,0.0018048655,0.0022941527,0.0020806885,0.00027492293,4.2895896e-05,1.6503407e-08,4.5442142e-05,4.24758,3.3612378,3.1229277,3.6199324,277.17294,283.0143,291.53818,284.68976,279.62143,287.5319,296.649,288.61676,274.6438,278.38724,286.28464,280.99365,4.9776306,9.144653,10.364349,7.623108
Harrogate,53.99078,-1.5373,0.2,0.16666666666666666,0.002497464,0.001860928,0.0021256255,0.0025446818,0.00040344364,0.000107267086,1.0455614e-08,3.228583e-05,5.216749,4.3463244,3.8101451,4.465307,277.73495,281.53943,288.7547,283.825,280.4561,285.36435,293.11514,287.2122,275.00763,277.61008,284.18997,280.51715,5.448456,7.7542725,8.925171,6.695038
Heidelberg,49.407681,8.69079,24.566666666666666,7.433333333333334,0.0024412503,0.0019089506,0.0023974788,0.0022605543,0.00027743782,3.4870056e-05,1.3341713e-08,3.6148052e-05,3.4129622,2.8121753,2.5160844,2.8320813,277.02417,284.59122,293.91022,285.69797,279.93146,289.80463,299.7191,290.17502,274.20013,279.38397,288.16385,281.73132,5.7313232,10.420654,11.555237,8.443695
Helsinki,60.169521,24.93545,0.23333333333333334,0.23333333333333334,0.0028473039,0.0014006421,0.0023765492,0.0030775634,0.0016134536,0.00030122118,2.4468873e-08,0.00020027162,5.5062866,4.4123917,4.166071,5.3912606,272.0724,277.84824,290.30115,281.64682,273.79294,280.87155,293.3594,283.8132,270.07574,274.41504,286.72824,279.29745,3.7171936,6.4565125,6.6311646,4.515747
Hoofddorp,52.302502,4.68889,0.1,0.1,0.0031665952,0.0018335484,0.0023510833,0.00339111,0.00010624487,1.224237e-05,6.4092065e-09,5.724129e-06,7.194856,5.5221496,4.8273563,6.0548596,278.8802,282.87088,290.47247,286.07538,280.82947,285.77753,293.56415,288.78958,276.85254,279.78192,286.9405,283.36194,3.9769287,5.9956055,6.623657,5.427643
Hull,53.744598,-0.33525,0.8,0.6,0.0016612042,0.001453947,0.0019400753,0.0019348726,0.00011628366,2.6251724e-05,1.1178357e-08,6.105095e-06,5.533107,4.6701684,4.104888,4.8925486,278.4627,282.28064,289.67834,284.75882,281.2153,286.13248,294.17886,288.26935,275.74347,278.41,285.09872,281.3965,5.4718323,7.722473,9.080139,6.8728333
Innsbruck,47.262661,11.39454,0.5,0.4666666666666667,0.002829329,0.0035347126,0.0058963588,0.0035938523,0.0024778536,0.0017582396,0.00013131059,0.0009882319,1.3381486,1.2616236,1.1124554,1.1809474,271.39233,277.55676,287.95062,280.53998,274.47864,281.36707,292.30823,284.14322,268.3204,273.68536,283.73953,277.3063,6.1582336,7.6817017,8.568695,6.836914
Jerez de la Frontera,36.686451,-6.13606,88.83333333333333,41.266666666666666,0.0027431613,0.0015382079,0.00017571809,0.0021298316,3.445487e-06,1.0224287e-06,7.0982886e-10,3.1089655e-07,3.4202945,3.7096238,3.3535616,3.355989,286.2318,290.7344,298.7637,293.80234,291.36746,296.1071,304.8655,299.19275,281.7955,285.40274,292.7027,289.09515,9.57196,10.704346,12.162811,10.097595
Kaliningrad,54.70649,20.51095,4.2,2.433333333333333,0.0028765092,0.0015785799,0.0027571141,0.0027313877,0.0008340273,0.00013108362,7.872902e-09,0.0001303421,4.477444,3.5705402,3.3099792,4.0796266,274.55746,281.61902,291.6708,283.38043,276.4478,285.61914,295.8525,286.5737,272.44986,277.22888,286.93768,280.1842,3.9979553,8.390259,8.914825,6.389496
Karlsruhe,49.004719,8.38583,22.3,6.966666666666667,0.0030294012,0.0022706434,0.002718635,0.002573271,0.00045361937,7.786969e-05,1.3041767e-08,7.005445e-05,3.3297706,2.7262,2.414024,2.7259777,276.804,284.14584,293.57474,285.47702,279.68417,289.20413,299.29446,289.93192,273.99203,279.10974,287.9369,281.55804,5.6921387,10.094391,11.357574,8.373871
Kassel,51.316669,9.5,6.2,2.9,0.002889616,0.0019201548,0.0023350036,0.0023070686,0.00043569528,7.502814e-05,1.0732779e-08,6.296098e-05,3.98771,3.1423576,2.7989867,3.3637152,275.69458,282.1722,290.97665,283.72757,277.9397,286.46838,295.8371,287.4283,273.4415,277.7588,286.0162,280.28076,4.4981995,8.709595,9.820892,7.1475525
Katowice,50.258419,19.02754,16.266666666666666,5.033333333333333,0.0023493476,0.002081498,0.0028813265,0.0017758809,0.00093542837,0.00016819111,1.5688062e-08,9.6423784e-05,3.996073,3.1221213,2.7432985,3.2857976,275.22678,283.25357,292.76514,284.28778,277.85788,288.40555,298.2475,288.89685,272.3782,277.84637,286.94757,279.93713,5.4796753,10.559174,11.299927,8.959717
Kaunas,54.900002,23.9,9.3,3.933333333333333,0.002329706,0.0015873603,0.002622548,0.0019617009,0.0009369237,0.00015588164,1.2669527e-08,0.00012009779,4.0353627,3.332614,3.0257416,3.7092927,273.3237,281.53104,292.08286,282.3503,275.17963,286.11188,297.09167,285.80374,271.18835,276.44284,286.4864,278.74554,3.991272,9.669037,10.605286,7.058197
Kiel,54.321331,10.13489,0.9666666666666667,0.7,0.002893355,0.0017080226,0.0025271012,0.0025990868,0.000273833,5.2970718e-05,8.837877e-09,3.037148e-05,5.1151595,4.249129,3.9333355,4.5362873,277.12204,282.3106,290.9472,284.6349,279.1118,285.7765,294.84857,287.6357,274.97693,278.67157,286.70172,281.7165,4.134857,7.1049194,8.146851,5.91922
Kiev,50.454659,30.5238,25.566666666666666,7.966666666666667,0.001504878,0.0016634216,0.0022937388,0.0014371306,0.00078585226,0.00019936565,8.4494715e-08,0.00016042622,3.8842847,3.3479068,2.9559886,3.4828744,273.24768,283.7424,295.36667,283.43268,275.12894,288.12057,300.21735,287.24963,271.0972,278.9321,290.0213,279.57474,4.0317383,9.188477,10.196045,7.6748962
Košice,48.713951,21.25808,16.033333333333335,5.266666666666667,0.0015043415,0.0020604727,0.0029639457,0.0016933087,0.00075345533,9.8923774e-05,1.5438136e-08,0.00013152529,2.3417125,2.4006152,2.210726,2.0822186,272.93033,282.50745,292.46634,283.18866,275.59683,287.75534,298.28275,288.16656,270.259,277.14752,286.3511,278.48416,5.3378296,10.607819,11.931641,9.682404
Kraków,50.061432,19.936581,14.5,4.766666666666667,0.0019466535,0.0023216472,0.0032016935,0.0018212611,0.0009741712,0.00030721625,2.0575742e-08,0.00015740898,3.3848567,2.7690773,2.4836376,2.7939503,273.82788,282.30658,292.05972,283.34073,276.76978,287.56866,297.7968,288.28934,270.67017,276.77948,285.98996,278.69092,6.0996094,10.789185,11.806854,9.598419
Krasnodar,45.044842,38.976028,56.9,25.033333333333335,0.003232924,0.0022474192,0.0018435285,0.0023662515,0.0004888622,0.00010320041,8.091787e-09,5.6950834e-05,3.8342931,3.338512,2.85029,3.2060394,277.20596,285.74857,298.69803,287.76056,280.14703,289.96875,303.31647,291.94675,274.22913,281.37057,293.83273,283.85532,5.9179077,8.598175,9.483734,8.091431
Krefeld,51.339211,6.58615,10.833333333333334,3.966666666666667,0.0028731425,0.0017978797,0.0022540262,0.0023436632,0.00017182778,2.0615336e-05,9.7318305e-09,1.8158595e-05,4.393567,3.4695728,3.085694,3.6699622,278.57782,284.0202,292.30658,285.80643,281.1044,288.4512,297.38,289.73184,276.0693,279.51544,287.15732,282.142,5.035095,8.9357605,10.222687,7.5898438
Köln,50.933331,6.95,11.566666666666666,4.166666666666667,0.003118393,0.0020585554,0.0024953373,0.0025071015,0.00031267744,4.6023993e-05,1.1092085e-08,4.270229e-05,4.3501496,3.3965821,2.9893568,3.642808,278.03256,284.03455,292.50385,285.75986,280.45966,288.3702,297.48163,289.57715,275.6253,279.6489,287.48514,282.25516,4.8343506,8.721313,9.9964905,7.321991
L'viv,49.838261,24.023239,15.966666666666667,5.2,0.0016338107,0.002083622,0.0029418468,0.0015826207,0.00078231527,0.00021334135,1.355008e-08,9.422044e-05,4.122959,3.2786496,2.8276312,3.453935,273.5273,282.91977,293.22327,283.60574,275.80948,287.62555,298.42355,288.02286,270.90408,277.8849,287.72086,279.33942,4.9053955,9.740662,10.702698,8.683441
La Spezia,44.110538,9.84339,7.366666666666666,4.466666666666667,0.002820599,0.002725955,0.0015485731,0.0050356775,0.00012223543,4.8787933e-05,5.974501e-07,4.225886e-05,2.7819173,2.3904374,1.9727957,2.4848764,280.8552,285.68152,295.47498,289.25107,283.6074,288.78552,299.02136,292.1662,278.42343,282.54645,291.82928,286.56476,5.18396,6.2390747,7.1920776,5.6014404
Lausanne,46.515999,6.63282,7.266666666666667,3.9,0.005057604,0.004091151,0.003613263,0.004418644,0.0019812633,0.0007965806,2.9106355e-05,0.0004514028,2.0194888,1.8548017,1.653497,1.7761214,275.40167,281.93213,291.3576,283.8661,277.98447,286.55478,297.20227,288.00613,273.0158,277.38782,285.50674,280.14838,4.9686584,9.166962,11.695526,7.8577576
Le Havre,49.493801,0.10767,1.6333333333333333,1.2666666666666666,0.003080514,0.0019391894,0.0018425812,0.0031223085,4.6524587e-05,6.8512277e-06,1.2556935e-08,6.2139957e-06,5.7864537,4.615875,4.081106,4.935248,280.52795,283.81244,291.37167,287.14944,282.8084,286.97336,294.93317,290.3089,278.21912,280.59384,287.68655,284.154,4.5892944,6.3795166,7.2466125,6.154907
Le Mans,48.0,0.2,16.1,6.266666666666667,0.0029716904,0.002052606,0.0015793263,0.002544229,5.193845e-05,6.9281596e-06,7.241023e-09,4.4266376e-06,4.0584283,3.5080993,3.1226697,3.4217947,279.58173,284.41553,292.82346,286.73386,282.68637,289.18832,298.47107,291.3666,276.4811,279.5003,286.92352,282.35727,6.205261,9.688019,11.547546,9.009338
Lecce,40.357029,18.17202,82.33333333333333,44.1,0.0018834317,0.0015129106,0.0006473385,0.0024062397,2.29203e-06,1.4527227e-06,1.7481416e-09,6.185266e-07,3.9889894,3.5624394,3.0940704,3.3842585,284.0165,288.93832,299.89178,292.97516,287.62076,293.30594,305.04236,297.38776,280.55167,284.67813,294.6922,289.116,7.069092,8.627808,10.350159,8.271759
Leeds,53.796478,-1.54785,0.7333333333333333,0.4666666666666667,0.0024996074,0.0018909094,0.0022305471,0.0025411712,0.0004084648,0.00011207306,1.2206612e-08,2.9207265e-05,5.120591,4.297274,3.8339703,4.475402,278.13602,281.84445,289.18164,284.21396,280.81784,285.69815,293.58194,287.57016,275.4734,277.93884,284.64343,280.9571,5.344452,7.759308,8.938507,6.6130676
Leicester,52.638599,-1.13169,3.2,1.8,0.001801763,0.0015522824,0.0018225004,0.0019962066,0.00015657213,3.189946e-05,1.0016516e-08,7.413326e-06,5.276815,4.4147696,3.9558177,4.5745525,278.39423,282.56097,290.06903,284.77634,281.39526,287.01703,295.2684,288.7386,275.343,278.0789,284.83145,280.92307,6.0522766,8.938141,10.436951,7.8155212
Leipzig,51.339619,12.37129,18.4,5.966666666666667,0.0017286825,0.0015492891,0.0021121071,0.0016163657,0.00028774556,4.574429e-05,1.022583e-08,4.0809402e-05,4.0640545,3.143737,2.855166,3.3694022,276.54733,283.97635,293.19247,285.01193,279.05704,288.84445,298.59717,289.20667,274.07724,279.05673,287.68216,281.12155,4.9797974,9.78772,10.915009,8.085114
Leuven,50.879589,4.70093,9.533333333333333,3.8333333333333335,0.0027013968,0.0018249506,0.002164749,0.0021590774,0.00014733567,2.2466895e-05,1.0218885e-08,1.1566522e-05,4.8067408,3.7836084,3.3139272,3.9748223,278.55405,283.8653,292.17007,285.85553,281.33197,288.39313,297.21716,289.8883,275.8106,279.18085,286.89508,282.0159,5.5213623,9.21228,10.3220825,7.872406
Leverkusen,51.0303,6.98432,11.566666666666666,4.166666666666667,0.003118393,0.0020585554,0.0024953373,0.0025071015,0.00031267744,4.6023993e-05,1.1092085e-08,4.270229e-05,4.3501496,3.3965821,2.9893568,3.642808,278.03256,284.03455,292.50385,285.75986,280.45966,288.3702,297.48163,289.57715,275.6253,279.6489,287.48514,282.25516,4.8343506,8.721313,9.9964905,7.321991
Lille,50.632969,3.05858,5.866666666666666,2.7,0.0027031174,0.0019276121,0.0022304596,0.0024288034,0.000118010226,1.4627304e-05,6.193003e-09,8.884212e-06,4.7991266,3.8959372,3.3851602,3.9845936,278.4755,283.5744,291.44528,285.84814,281.07443,287.70453,296.21976,289.67657,275.91205,279.29544,286.4133,282.1567,5.162384,8.409088,9.8064575,7.519867
Limoges,45.831532,1.2578,30.566666666666666,10.233333333333333,0.0034453797,0.0030595541,0.002252212,0.0031076309,7.310064e-05,1.0522641e-05,1.0321118e-08,9.920014e-06,3.6611495,3.1741102,2.7377594,3.1908848,279.19205,284.5264,293.67557,287.02258,282.92932,289.7475,299.9667,292.2764,275.79184,279.3007,287.23746,282.31683,7.1374817,10.446808,12.729248,9.959564
Lisbon,38.716671,-9.13333,51.13333333333333,16.0,0.0022310084,0.0014803752,0.00031019238,0.0019802402,1.7349797e-07,1.4435254e-09,1.2317396e-09,4.0281325e-09,3.5242019,3.9488118,4.191847,3.356382,286.09003,289.95105,296.56036,292.7031,290.2054,294.6974,302.37607,297.45126,282.64743,285.71176,291.6625,288.90167,7.5579834,8.985626,10.713562,8.549591
Liverpool,53.41058,-2.97794,0.03333333333333333,0.03333333333333333,0.0029861738,0.0019197504,0.002243051,0.003261757,0.00015108535,5.4331347e-05,8.373402e-09,1.1376623e-05,5.453284,4.4805346,4.017468,4.7127976,278.6199,282.03006,289.18414,284.45023,281.26526,285.762,293.18103,287.68735,275.9143,278.129,285.01715,281.21335,5.350952,7.6329956,8.163879,6.473999
Livorno,43.542641,10.316,49.53333333333333,21.333333333333332,0.0019378436,0.00203309,0.0012356446,0.0035525113,2.8591445e-05,4.7352314e-06,1.2056583e-07,2.3293485e-06,2.7344341,2.3379483,1.9859298,2.4321504,281.3722,287.05975,297.24713,290.30594,285.23663,291.58548,302.62772,294.64047,277.87665,282.40436,291.7161,286.25223,7.3599854,9.181122,10.911621,8.388245
Liège,50.633732,5.56749,10.1,3.966666666666667,0.0032317406,0.0022014587,0.002428479,0.0024546918,0.0003391624,6.9051675e-05,1.4682348e-08,4.559166e-05,4.908432,3.803696,3.301056,4.0731587,277.65906,283.30023,291.75046,285.26755,280.803,288.1784,297.24988,289.7679,274.58112,278.28897,286.01825,281.02008,6.2218933,9.889435,11.231628,8.747833
Ljubljana,46.051079,14.50513,12.566666666666666,5.766666666666667,0.002923326,0.0038708255,0.004394791,0.005301353,0.0010181738,0.00025209406,2.168679e-06,0.00037011187,1.9064037,1.9037098,1.5913297,1.7546935,274.77405,282.78427,292.7626,284.48105,278.3665,287.76813,298.56866,289.21448,271.3561,277.8587,287.1486,280.2505,7.010376,9.909424,11.420074,8.963989
London,51.50853,-0.12574,3.4,1.7333333333333334,0.0020356283,0.0014915612,0.0015205347,0.0022602477,0.00014027553,1.8803368e-05,3.8797734e-09,2.2054333e-05,5.026954,4.1830707,3.7188368,4.2515492,278.71838,282.91962,290.53384,285.32364,281.66925,287.37338,295.6919,289.34714,275.6366,278.38684,285.27325,281.36356,6.032654,8.986542,10.41864,7.9835815
Lublin,51.25,22.566669,14.633333333333333,4.866666666666666,0.0019948382,0.0019435174,0.0023905535,0.0014898875,0.000839402,0.0002409184,8.8583825e-09,0.00011479189,3.8720267,3.0874207,2.7501626,3.3232925,274.3248,282.8431,292.84833,283.5367,276.5689,287.71103,298.04254,287.6435,271.7293,277.59564,287.25137,279.47113,4.8395996,10.115387,10.791168,8.172363
Lucca,43.843571,10.50585,12.5,6.7,0.002462584,0.002484675,0.0016976038,0.0043403683,0.00021701462,8.289403e-05,1.3564713e-07,7.333043e-05,1.9492552,1.7936393,1.5513469,1.7662342,278.61673,284.37326,294.67917,287.5365,282.09085,288.3973,299.37802,291.27142,275.5778,280.3574,289.93436,284.1562,6.5130615,8.039917,9.443665,7.1152344
Luimneach,52.664719,-8.62306,0.1,0.06666666666666667,0.0043381313,0.0027632103,0.002598545,0.0038388341,9.12704e-05,1.7135262e-05,1.3717496e-08,2.061276e-06,4.5286746,3.9387321,3.4805005,3.9004405,279.2223,282.05972,288.79147,284.31418,282.04794,285.89493,292.74365,287.6182,276.4191,278.28452,284.78876,281.0265,5.628845,7.6104126,7.954895,6.5917053
Luton,51.879669,-0.41748,3.8666666666666667,2.066666666666667,0.0017945523,0.0015125463,0.0016550779,0.0020601603,0.00013607575,1.9010418e-05,7.393611e-09,1.1396857e-05,5.0655456,4.232003,3.7911906,4.341336,278.55566,282.78976,290.36707,285.1009,281.50253,287.28268,295.55023,289.07288,275.52094,278.26627,285.13913,281.22763,5.981598,9.016418,10.411102,7.8452454
Lyon,45.748459,4.84671,30.966666666666665,9.8,0.0023367454,0.0026176726,0.002299774,0.003420417,0.00016983545,3.38264e-05,7.7061575e-09,3.0137393e-05,2.5705209,2.7252326,2.4550745,2.4778137,278.03806,284.77194,294.7653,286.84045,281.4871,289.86996,300.8717,291.36075,274.86026,279.6932,288.62933,282.7078,6.626831,10.176758,12.242371,8.652954
Lübeck,53.868931,10.68729,1.8666666666666667,1.1333333333333333,0.0027902534,0.0018176372,0.0026028596,0.0023496593,0.00030396157,6.673448e-05,7.899572e-09,3.8015543e-05,4.937328,4.0156646,3.7386475,4.356583,277.45163,282.5042,291.3351,284.92325,279.4549,285.96658,295.19836,287.951,275.30862,278.88797,287.2112,282.03632,4.1462708,7.0786133,7.987152,5.914673
Maastricht,50.848331,5.68889,11.366666666666667,4.166666666666667,0.0028113255,0.0019198856,0.002220042,0.0022020354,0.00017531206,3.010566e-05,1.09668665e-08,2.089554e-05,4.692179,3.6487017,3.2086217,3.8726125,278.3385,283.82727,292.11996,285.73325,281.24777,288.52454,297.4263,290.01276,275.48434,279.00134,286.62973,281.69043,5.7634277,9.523193,10.79657,8.322327
Madrid,40.4165,-3.70256,76.2,42.2,0.0014929924,0.0015693192,0.0005733022,0.0017831061,0.00020199486,6.003226e-05,2.0332834e-06,6.783164e-05,1.9937085,2.2801642,2.2453163,1.9552997,280.07898,285.85538,297.80078,288.74417,285.37485,291.7256,305.30722,294.6415,275.50922,279.86392,289.8543,283.3281,9.865631,11.861664,15.452911,11.313416
Magdeburg,52.127731,11.62916,10.766666666666667,3.566666666666667,0.0018332354,0.0014797709,0.0019705503,0.0015873007,0.00024012882,3.9018523e-05,1.0747167e-08,4.0627125e-05,4.0110397,3.1763608,2.9220815,3.3895657,276.8545,283.37607,292.30957,284.80173,279.276,287.82697,297.1252,288.68967,274.38788,278.77585,287.31204,281.1756,4.8881226,9.051117,9.813171,7.5140686
Mainz,49.984192,8.2791,17.133333333333333,5.966666666666667,0.002198414,0.00162825,0.002089268,0.001965495,0.00024223603,2.9153724e-05,1.0618667e-08,3.058937e-05,3.4477625,2.8861966,2.5739572,2.882279,276.92233,284.11142,293.11484,285.22684,279.5357,289.01376,298.61923,289.3925,274.3524,279.1491,287.60468,281.46243,5.183319,9.864655,11.014557,7.9300537
Malmö,55.605869,13.00073,1.6,1.0333333333333334,0.0021970116,0.0013626748,0.0020830126,0.0021843875,0.00039687066,7.834747e-05,6.442288e-09,5.6615867e-05,5.240367,4.412212,3.9311714,4.7616754,275.66635,281.79218,291.2304,283.86484,277.85956,285.54547,295.4195,286.97842,273.19022,277.6633,286.30176,280.623,4.669342,7.8821716,9.117737,6.355438
Manchester,53.480949,-2.23743,0.6,0.4,0.0037036808,0.0024039207,0.002730951,0.00374437,0.00045486004,0.00012271765,1.2188454e-08,2.7280012e-05,4.9681077,4.2271605,3.748458,4.270839,278.3599,282.0414,289.30566,284.33087,280.85516,285.7845,293.33063,287.4725,275.82034,278.1841,285.11362,281.213,5.0348206,7.6003723,8.2170105,6.259491
Mannheim,49.496712,8.47955,24.566666666666666,7.433333333333334,0.0024412503,0.0019089506,0.0023974788,0.0022605543,0.00027743782,3.4870056e-05,1.3341713e-08,3.6148052e-05,3.4129622,2.8121753,2.5160844,2.8320813,277.02417,284.59122,293.91022,285.69797,279.93146,289.80463,299.7191,290.17502,274.20013,279.38397,288.16385,281.73132,5.7313232,10.420654,11.555237,8.443695
Marbella,36.51543,-4.88583,55.4,26.966666666666665,0.0030934399,0.0017857314,0.00019462025,0.00235985,6.410102e-06,6.045519e-06,1.1180662e-09,1.0279488e-06,3.5045695,3.4912465,3.0092027,3.144433,286.09738,289.9301,297.99283,293.0251,290.44034,294.36417,302.8622,297.25742,282.36005,285.4713,293.0358,289.2788,8.080292,8.892853,9.826416,7.978607
Marsala,37.796638,12.43518,78.0,45.1,0.0022708331,0.0012757537,0.00019146198,0.0021087197,8.34779e-06,9.062511e-12,4.1364564e-12,2.559567e-09,4.3891053,4.189469,3.331361,3.7445486,286.16345,289.82858,299.77927,294.81207,289.0804,293.6029,304.3569,298.42224,283.23618,286.06232,295.044,291.59735,5.8442383,7.5405884,9.312897,6.82489
Marseille,43.296951,5.38107,38.6,17.566666666666666,0.0017658679,0.0018878229,0.0006583557,0.0032075718,8.6964e-06,5.368116e-07,5.53671e-09,5.836658e-07,3.6996372,3.774085,3.2632334,3.4311562,281.88568,287.1763,296.89603,290.52066,285.6622,291.58463,301.91446,294.7331,278.652,282.74054,291.63528,286.77756,7.010193,8.844086,10.279175,7.955536
Messina,38.193272,15.54969,56.13333333333333,28.333333333333332,0.002307373,0.0013347974,0.00035696375,0.002138519,3.4905508e-05,1.1782306e-05,7.1795916e-11,6.3758375e-07,2.6218262,2.4798117,2.109528,2.0997434,284.96603,288.63428,299.21893,293.51187,287.62897,291.80502,303.0346,296.66394,282.5722,285.60056,295.39392,290.86566,5.0567627,6.204468,7.640686,5.798279
Mestre,45.49028,12.2425,39.5,13.9,0.001424403,0.0025389546,0.0026658166,0.0033387481,0.00010560219,2.7560312e-05,1.0908382e-07,4.1602452e-05,1.9710442,1.9734725,1.872347,1.949444,278.45477,286.76865,297.143,288.38303,282.24133,291.15292,301.9801,292.61203,275.06277,282.31268,292.27292,284.51062,7.1785583,8.8402405,9.707184,8.10141
Metz,49.11911,6.17269,15.666666666666666,5.766666666666667,0.003099246,0.002033177,0.002289876,0.0025816953,0.00021801017,2.4567613e-05,1.0127106e-08,4.627373e-05,4.199351,3.4399762,3.0491512,3.5374334,277.38284,283.7184,292.7309,285.3363,280.36542,288.51813,298.3544,289.78314,274.41797,278.8123,286.9682,281.27267,5.9474487,9.705841,11.3862,8.510468
Milan,45.464272,9.18951,45.93333333333333,16.766666666666666,0.00167384,0.003217552,0.0029129507,0.004240649,0.0001354306,3.0654603e-05,2.0459877e-06,2.1437914e-05,1.4495864,1.6498123,1.5260516,1.4142816,278.02905,286.4405,296.77737,287.84558,282.30145,291.6614,302.57413,292.51904,274.6327,281.48227,291.33044,283.8206,7.668762,10.179138,11.243683,8.698456
Modena,44.647831,10.92539,33.8,13.4,0.001907036,0.002388953,0.0019361813,0.0034253004,0.0003252105,9.588061e-05,3.028682e-08,8.6941516e-05,1.7759519,1.8932691,1.6992347,1.7108387,277.52322,285.40875,296.28806,287.63458,280.9468,289.87912,301.4247,291.4725,274.64636,281.13443,291.3504,284.2869,6.3004456,8.74469,10.07431,7.185608
Montpellier,43.61092,3.87723,36.93333333333333,16.2,0.0019007127,0.0019983049,0.0009040806,0.0037248328,2.2699101e-05,1.17110585e-05,7.9773095e-09,1.8770075e-06,4.448385,4.2179317,3.7430012,4.0682025,282.06696,287.2497,296.9759,290.4131,285.77847,291.49698,301.87164,294.44778,278.89777,283.08542,292.0679,286.8508,6.880707,8.41156,9.803741,7.596985
Moscow,55.75222,37.615559,13.433333333333334,4.8,0.00195834,0.0013340309,0.0023728304,0.0021567552,0.0015369176,0.00028368423,6.9125156e-07,0.00031030955,3.6259303,3.100973,2.7161536,3.4043214,269.5341,280.71136,293.09534,280.3358,271.70245,285.08597,297.8388,283.2609,266.88513,275.63397,287.74857,277.1696,4.817322,9.451996,10.0902405,6.0913086
Mulhouse,47.75,7.33333,15.166666666666666,5.433333333333334,0.003389778,0.002824297,0.002836942,0.0031585423,0.0005761742,0.00012646907,8.86352e-06,9.808137e-05,2.500641,2.2382522,1.940975,2.0582752,276.27744,283.43198,292.55597,284.90717,278.835,288.24667,298.2623,289.14865,273.97162,278.81284,286.94968,281.2642,4.863373,9.433838,11.312622,7.8844604
Murcia,37.987041,-1.13004,87.9,57.36666666666667,0.0007768639,0.00089233345,0.00025385836,0.00096234767,3.2973164e-06,2.4288915e-06,2.1696067e-09,1.0252293e-06,2.4872153,2.7027175,2.4145448,2.3395424,284.398,289.11835,299.12976,292.78918,290.567,294.9886,305.33603,298.71033,279.3949,283.2916,292.88818,287.64267,11.172089,11.696991,12.447845,11.067657
Málaga,36.720161,-4.42034,83.36666666666666,46.266666666666666,0.0019236543,0.0013421,0.00017633548,0.001819648,1.1784952e-05,1.2643941e-05,2.2655974e-10,5.231419e-07,2.1558385,2.1831136,1.8245986,1.9491812,284.8924,289.68027,298.76697,292.58212,290.4503,295.27646,304.7818,298.11432,280.24222,283.87512,292.20944,287.7158,10.208069,11.401337,12.572357,10.398529
Mülheim (Ruhr),51.433331,6.88333,10.033333333333333,3.7,0.0032431027,0.0020271917,0.0024686423,0.002599852,0.00026455818,3.903606e-05,1.0913764e-08,3.7760637e-05,4.442542,3.4898608,3.0990164,3.7213209,278.33377,283.97372,292.2853,285.75314,280.7157,288.218,297.14896,289.46674,275.95758,279.65744,287.35095,282.29892,4.7581177,8.560547,9.798004,7.167816
München,48.137428,11.57549,14.866666666666667,4.966666666666667,0.0024664502,0.0030352026,0.0050770664,0.0029914905,0.0011565515,0.0004409166,1.0183242e-06,0.00024782645,2.582487,2.284695,1.9924017,2.09212,274.61987,282.48047,292.54602,284.16608,277.8715,287.45367,298.04535,288.70712,271.5306,277.67642,287.3106,280.26395,6.3408813,9.777252,10.734741,8.443176
Münster,51.96236,7.62571,8.266666666666667,3.2666666666666666,0.0030127848,0.0018970155,0.0023589055,0.002325973,0.00019851261,3.4636036e-05,1.0326397e-08,3.3002776e-05,4.4725766,3.5089493,3.1701987,3.7268016,277.8935,283.47946,291.56406,285.15555,280.28323,287.7589,296.46396,288.9408,275.4664,279.08475,286.51715,281.57666,4.8168335,8.674164,9.946808,7.3641357
Namur,50.4669,4.86746,11.0,4.2,0.0030725666,0.0021232872,0.00231607,0.002308739,0.00024257698,4.8278092e-05,1.1739297e-08,3.071324e-05,4.920411,3.8319046,3.3209043,4.081881,278.00278,283.5701,292.01108,285.58066,281.11072,288.48343,297.5649,290.11276,274.95764,278.5025,286.19788,281.26886,6.153076,9.9809265,11.367035,8.843903
Nantes,47.217251,-1.55336,18.9,7.5,0.0034997878,0.0021894372,0.0014281776,0.0030469836,3.725914e-05,1.943281e-06,4.513925e-09,1.840383e-06,4.4288335,3.896052,3.4773452,3.732854,280.6866,285.19296,293.50574,287.7298,283.8403,289.72507,298.8447,292.26016,277.50607,280.4957,287.99506,283.4907,6.3342285,9.22937,10.84964,8.76947
Napoli,40.833328,14.25,65.4,36.333333333333336,0.0027673522,0.0023173057,0.0010393893,0.0033064047,0.00011760166,2.4297751e-05,5.3910365e-09,1.8331544e-05,2.4450855,2.071072,1.6771606,2.1005416,282.7226,287.60455,298.50296,291.63605,286.68784,292.05374,303.64587,296.23932,279.0894,283.0676,293.01065,287.41086,7.5984497,8.986145,10.635223,8.828461
Neuß,51.198071,6.68504,11.433333333333334,4.266666666666667,0.0028667888,0.0018790702,0.0022881636,0.0022748944,0.00024648436,3.5494464e-05,1.1031355e-08,3.052365e-05,4.482962,3.483756,3.085791,3.740556,278.07257,283.85303,292.3082,285.66962,280.69537,288.3878,297.48724,289.6987,275.4869,279.26346,287.07562,281.93994,5.2084656,9.124329,10.411621,7.7587585
Newcastle upon Tyne,54.973282,-1.61396,0.0,0.0,0.0019406587,0.0016518574,0.0018716516,0.0022731845,0.00024530094,6.998559e-05,3.813356e-09,2.0786556e-05,5.7026806,4.615196,3.9422643,4.779756,278.15613,281.57645,288.42743,284.00858,280.72766,285.03873,292.3199,287.14703,275.5599,277.97006,284.33698,280.91696,5.167755,7.0686646,7.98291,6.230072
Nice,43.703129,7.26608,5.233333333333333,3.433333333333333,0.0027875882,0.0026386464,0.0011431841,0.004747147,0.0003194383,0.00010930277,0.0,0.00011595779,1.4697697,1.5138714,1.3676281,1.3985218,281.11087,285.93658,295.3882,289.42853,284.89526,289.32834,298.8148,292.94073,278.26428,282.36224,291.31705,286.4767,6.6309814,6.966095,7.4977417,6.46402
Nijmegen,51.842499,5.85278,6.633333333333334,2.8,0.002929173,0.0018350062,0.0022791347,0.0024302998,0.00013365585,2.4167259e-05,6.8106996e-09,1.22982665e-05,4.735307,3.7447784,3.3151877,3.9015682,278.40286,283.46063,291.38538,285.24695,281.01376,287.9916,296.479,289.29263,275.77426,278.78305,286.01367,281.40042,5.239502,9.208557,10.465332,7.892212
Northampton,52.25,-0.88333,3.566666666666667,1.8666666666666667,0.0018129793,0.0015483919,0.0018292598,0.00201583,0.00015342711,2.5361362e-05,1.001098e-08,9.417555e-06,5.222285,4.363293,3.909928,4.50728,278.45828,282.65964,290.21927,284.87265,281.48044,287.1739,295.48468,288.8644,275.3656,278.1154,284.92502,280.97318,6.1148376,9.058502,10.559662,7.8912354
Norwich,52.627831,1.29834,0.7666666666666667,0.5333333333333333,0.001847283,0.001410613,0.0017509162,0.0020336658,8.307777e-05,1.2641475e-05,4.6343014e-09,5.9428453e-06,5.9411936,4.7688303,4.1460423,5.1123967,278.75882,282.83926,290.17328,285.4967,281.50363,286.64026,294.6413,289.08554,275.9023,278.92563,285.5204,281.92804,5.6013184,7.71463,9.120911,7.157501
Nottingham,52.953602,-1.15047,2.3,1.2,0.0018139005,0.0015681924,0.0018586984,0.00198395,0.00017558607,4.2518663e-05,9.193143e-09,8.933091e-06,5.2867894,4.4347467,3.971131,4.61708,278.26938,282.3272,289.7905,284.5717,281.1756,286.58456,294.7651,288.36664,275.35437,278.0577,284.7603,280.9155,5.821228,8.526855,10.004791,7.4511414
Novi Sad,45.251671,19.836941,62.36666666666667,20.666666666666668,0.0011834286,0.0017446943,0.0021238986,0.0016015371,0.00021753961,4.0221705e-05,9.4053805e-09,3.984996e-05,2.7298908,2.652635,2.344636,2.6107712,276.692,286.5261,297.61215,287.75403,280.13568,291.83527,303.65225,293.03934,273.28696,281.16647,291.4381,283.02545,6.8487244,10.668793,12.214142,10.0138855
Nîmes,43.833328,4.35,59.266666666666666,26.8,0.0020299186,0.0022341055,0.0011243495,0.004345609,5.569657e-05,1.1585079e-05,5.844122e-09,8.203336e-06,3.3557622,3.4217348,3.2352414,3.1449728,281.0186,287.03622,297.2736,289.70334,285.21527,292.30203,303.49185,294.51932,277.51947,282.0,291.1754,285.5471,7.695801,10.302032,12.316437,8.972229
Nürnberg,49.454208,11.07752,16.3,5.5,0.002322997,0.0018435396,0.002546438,0.0021408545,0.0005281482,0.00010280892,1.618474e-08,7.8075675e-05,3.4693823,2.8723602,2.5138426,2.8543706,275.15714,282.7818,292.3966,284.06674,277.99203,287.93204,298.12527,288.5723,272.46747,277.6838,286.66147,280.09232,5.5245667,10.24823,11.463806,8.47998
Oberhausen,51.47311,6.88074,10.033333333333333,3.7,0.0032431027,0.0020271917,0.0024686423,0.002599852,0.00026455818,3.903606e-05,1.0913764e-08,3.7760637e-05,4.442542,3.4898608,3.0990164,3.7213209,278.33377,283.97372,292.2853,285.75314,280.7157,288.218,297.14896,289.46674,275.95758,279.65744,287.35095,282.29892,4.7581177,8.560547,9.798004,7.167816
Odessa,46.47747,30.73262,36.666666666666664,13.1,0.0010560631,0.0010681116,0.001427929,0.0010828169,0.00031854518,5.612594e-05,2.9787945e-09,4.4825683e-05,4.081333,3.730137,3.3539283,3.8095462,274.94446,284.39896,297.20123,285.90607,277.378,288.12354,301.66226,289.55658,272.27432,280.53015,292.39502,282.22165,5.103668,7.593384,9.267242,7.3349304
Olsztyn,53.779949,20.49416,8.233333333333333,3.7,0.0022836907,0.0016598293,0.002524948,0.0017644853,0.00089345715,0.00018940915,1.1750086e-08,0.00018136602,4.2890415,3.3926063,3.1366668,3.832921,274.59183,282.01862,291.9658,283.17285,276.4479,286.4082,296.74225,286.76813,272.53195,277.24472,286.67346,279.59872,3.9159546,9.163483,10.068787,7.169403
Oradea,47.066669,21.933331,41.6,12.9,0.0015982972,0.002015024,0.0024135935,0.0016966895,0.0003881253,7.1459464e-05,7.610017e-08,5.1692452e-05,2.4073503,2.3194609,2.0870428,2.1474283,274.9775,285.15643,295.57785,285.84372,278.24817,290.49124,301.58026,291.2616,271.65155,279.7569,289.40417,280.89133,6.5966187,10.7343445,12.176086,10.37027
Orléans,47.902889,1.90389,23.233333333333334,7.866666666666666,0.0023271663,0.002050257,0.0017785205,0.002330098,5.4092237e-05,5.164013e-06,9.667316e-09,5.8321702e-06,4.2398653,3.5776794,3.2023761,3.5621552,279.30725,284.71472,293.51025,286.91086,282.29837,289.48514,299.30472,291.47137,276.35562,279.78156,287.424,282.6546,5.942749,9.703583,11.880707,8.816772
Oslo,59.912731,10.74609,0.9666666666666667,0.8,0.002823443,0.0021265605,0.0030280238,0.0037548982,0.0018189973,0.0005764284,9.4177814e-08,0.00029059904,2.5901144,2.5959013,2.431522,2.6732605,271.2098,278.463,289.1714,280.06705,273.47742,282.7007,293.9336,283.11252,268.58975,273.81207,283.9499,276.99988,4.887665,8.888641,9.983704,6.1126404
Osnabrück,52.27264,8.0498,7.6,3.033333333333333,0.0030510437,0.0018884273,0.002374639,0.0023082492,0.00017863473,3.310499e-05,1.0180085e-08,3.2748914e-05,4.397286,3.4721441,3.191112,3.7066057,277.71152,283.29974,291.34277,284.92935,280.05707,287.6074,296.3011,288.7481,275.31122,278.90738,286.2633,281.3337,4.7458496,8.700012,10.037781,7.414398
Ostrava,49.834648,18.28204,17.366666666666667,5.3,0.002026814,0.0021193798,0.003112787,0.0018173245,0.00084401405,0.0001966106,1.6536527e-08,0.00010580003,3.7621074,3.0124745,2.638572,3.1805804,274.77408,283.0218,292.76935,284.14584,277.37473,288.1301,298.4577,288.72977,272.02597,277.66217,286.72742,279.77036,5.348755,10.467926,11.730286,8.959412
Oulu,65.01236,25.468161,0.7666666666666667,0.6333333333333333,0.0017661239,0.0012079078,0.002077018,0.0019273226,0.0014346939,0.00040513423,4.313409e-07,0.00039503135,3.7246418,3.405879,3.0399563,3.7496142,266.26367,275.99646,289.4636,277.83347,269.4786,280.0562,293.51932,280.6628,262.52496,271.0025,284.23715,274.63254,6.953644,9.053711,9.282166,6.0302734
Oviedo,43.360291,-5.84476,6.1,3.1666666666666665,0.0030746753,0.0028982514,0.0016595314,0.0032969194,0.00021545151,9.6083284e-05,6.3884875e-07,3.6892132e-05,2.8063285,2.5727208,2.2983623,2.4289086,281.4699,284.75748,292.39542,287.92206,285.56488,289.60074,297.98254,292.78308,277.64563,279.82922,286.80084,283.4087,7.9192505,9.771515,11.181702,9.37439
Oxford,51.75222,-1.25596,3.5,1.9,0.0019592403,0.0016220679,0.0014647896,0.0021911631,0.00016149702,3.8087535e-05,3.1411151e-09,1.7751036e-05,5.009495,4.196273,3.7525775,4.2631683,278.7408,282.88025,290.5733,285.22403,281.5433,287.2044,295.5511,288.99326,275.8229,278.5246,285.49606,281.51678,5.720398,8.67981,10.055023,7.476471
Padova,45.415192,11.88181,35.2,12.766666666666667,0.0014610031,0.0026189594,0.0028043755,0.0034743329,0.00016452806,6.2073465e-05,1.2012148e-07,5.609525e-05,1.7708882,1.8233559,1.7222184,1.7563819,277.78864,286.297,296.65973,287.82672,281.7151,290.81885,301.61954,292.08954,274.31442,281.6881,291.65033,283.8934,7.4006653,9.130737,9.969208,8.196136
Palermo,38.115822,13.35976,54.4,25.633333333333333,0.0028976214,0.0018371947,0.00031372163,0.0024394442,3.4862045e-05,9.113123e-06,6.1812533e-10,4.8170625e-07,2.7784748,2.6408968,2.028971,2.276233,284.94754,288.6,298.85834,293.6111,287.5626,291.90823,302.90204,296.7926,282.51743,285.37677,294.74588,290.90912,5.045166,6.5314636,8.156158,5.883484
Palma,39.569389,2.65024,20.933333333333334,10.666666666666666,0.0019864899,0.0015057969,0.0007206221,0.0024697508,2.1722703e-05,9.10406e-07,1.8808843e-09,3.0062472e-07,4.6479034,4.063852,3.1368117,3.9488084,285.9364,288.8797,298.03894,293.86954,288.35834,291.45056,300.94724,296.47894,283.58282,286.15814,295.1879,291.4242,4.7755127,5.2924194,5.7593384,5.0547485
Pamplona,42.816872,-1.64323,32.36666666666667,11.066666666666666,0.0040653106,0.003774865,0.002038611,0.003966029,0.00037034016,9.709568e-05,1.1524246e-06,5.280586e-05,2.6932232,2.6695738,2.4069874,2.4883726,279.9572,284.41794,293.84424,287.87732,284.06918,289.4072,300.19318,293.06625,276.17517,279.42773,287.72675,283.22906,7.8940125,9.979462,12.466431,9.837189
Paris,48.853409,2.3488,15.9,5.533333333333333,0.0024007503,0.0019150539,0.0018950858,0.0022265383,8.699329e-05,7.6001097e-06,8.312823e-09,7.908588e-06,4.279691,3.525904,3.1601062,3.5681372,279.8556,285.15567,293.66483,287.14957,282.35162,289.25748,298.51224,290.88773,277.3348,280.85843,288.56024,283.58426,5.016815,8.399048,9.951996,7.303467
Parma,44.802662,10.32898,58.0,21.366666666666667,0.0015831591,0.0024766778,0.0019742765,0.0033669919,0.00019895783,8.226263e-05,2.9128646e-08,7.7890356e-05,1.5947274,1.7562524,1.5965316,1.5740707,277.78998,287.13736,297.97223,288.5953,281.70267,292.27188,303.67786,292.97107,274.56415,282.23532,292.58405,284.7935,7.1385193,10.03656,11.093811,8.177582
Perpignan,42.697639,2.89541,54.56666666666667,21.9,0.0019047201,0.0022692312,0.0010141624,0.0026721775,9.979813e-05,5.6419573e-05,1.4727627e-09,2.3533923e-06,2.8706145,3.0138245,2.7898793,2.6926305,282.27884,287.1822,297.44202,290.59415,287.10532,292.163,303.05405,295.6098,278.29526,282.2438,291.6305,286.27814,8.810059,9.919189,11.423553,9.331665
Perugia,43.112202,12.38878,40.833333333333336,16.266666666666666,0.0018604109,0.0022724571,0.001477526,0.0034985559,0.0003243147,6.2768726e-05,6.714349e-09,3.5059904e-05,2.224271,2.10045,1.8267823,2.0263648,279.45435,285.2722,296.38345,288.51212,283.04993,289.73514,301.924,292.78754,276.19504,280.87637,290.91095,284.7541,6.854889,8.858765,11.013062,8.033447
Piraeus,37.947449,23.637079,95.43333333333334,52.233333333333334,0.0017986939,0.0010314147,0.00025232192,0.0015414819,7.881666e-05,4.240622e-05,3.3380196e-10,8.3091453e-07,2.4903495,2.3683746,2.4650903,2.3172553,282.8453,288.38416,300.12686,292.18427,286.71072,293.53693,306.07602,297.1489,279.12372,283.35004,293.9435,287.6739,7.5870056,10.18689,12.132507,9.475006
Pisa,43.71553,10.39659,44.86666666666667,17.833333333333332,0.0020764922,0.0021898025,0.0013586605,0.0038823774,4.7469188e-05,7.881549e-06,2.3650408e-07,3.6355907e-06,2.117948,1.882185,1.6122038,1.9025558,280.85406,286.75208,296.79868,289.86728,284.88898,291.42648,302.26743,294.34332,277.30017,282.00015,291.24423,285.77206,7.588806,9.426331,11.023193,8.571259
Ploieşti,44.950001,26.01667,43.36666666666667,13.3,0.0014667484,0.0020645594,0.002710451,0.0014807632,0.00082456926,0.00019251558,6.309114e-08,0.00019676061,2.2476683,2.1971617,1.8462535,1.9426808,274.30316,284.2687,295.38986,285.15823,278.38892,290.167,301.95456,291.23495,270.55222,278.29172,288.73306,279.714,7.8367004,11.875275,13.221497,11.520966
Plovdiv,42.150002,24.75,40.96666666666667,13.3,0.0018610012,0.0022903446,0.0019993756,0.0017201158,0.00083564717,0.00026613558,4.7799258e-08,0.00013236496,1.6542445,1.7193359,1.6317546,1.5421742,274.5457,283.44794,295.37967,285.44373,278.59467,288.9177,301.96667,291.26785,270.73563,277.78842,288.34906,280.0389,7.8590393,11.129272,13.617615,11.228943
Plymouth,50.371529,-4.14305,0.06666666666666667,0.03333333333333333,0.004462554,0.00246785,0.00225514,0.003967146,7.636699e-05,1.2642605e-05,6.539174e-09,2.0662878e-06,5.4052577,4.520356,4.0527835,4.579867,279.9446,282.76456,289.77017,285.68036,282.4858,286.203,293.55365,288.783,277.2211,279.23495,285.8748,282.60693,5.2647095,6.968048,7.6788635,6.176056
Plzeň,49.747471,13.37759,13.0,4.066666666666666,0.0014188073,0.0016640216,0.0025450438,0.0014885112,0.00057656295,0.0001737521,9.127854e-09,0.00010991305,3.5795672,2.9502966,2.5786831,2.9115217,274.2776,282.52264,292.15805,283.55637,276.8201,287.40814,297.60965,287.75177,271.7382,277.48727,286.51263,279.66885,5.081909,9.920868,11.097015,8.082916
Porto,41.149609,-8.61099,30.7,10.566666666666666,0.004514872,0.003183416,0.0010923042,0.0038731832,2.0065384e-06,1.3177851e-06,3.6994459e-09,1.1018253e-07,2.9909842,3.1078427,2.9529202,2.6252322,283.9045,287.7931,294.38705,290.3285,288.48715,293.06094,300.447,295.77112,280.01053,282.83563,288.75293,285.9011,8.476624,10.225311,11.694061,9.870026
Potsdam,52.398861,13.06566,14.6,4.166666666666667,0.0018890118,0.0015265729,0.0020907496,0.0015131575,0.0002635199,4.3772096e-05,1.0329886e-08,5.017714e-05,4.0883565,3.261462,2.9938607,3.5014272,276.97552,283.9859,292.97864,285.0119,279.39215,288.68417,298.1312,288.9447,274.483,279.186,287.67154,281.3008,4.909149,9.498169,10.459656,7.6438904
Poznań,52.406921,16.92993,13.833333333333334,4.7,0.0019771433,0.0014552113,0.0022766264,0.0012896894,0.0005035414,9.1049114e-05,1.021444e-08,6.735157e-05,3.9256663,3.2054324,2.9639642,3.4588518,276.06677,283.4196,292.8011,284.25348,278.31158,288.15738,298.04803,288.28754,273.70236,278.4135,287.1797,280.26822,4.6092224,9.743866,10.868347,8.019318
Prague,50.088039,14.42076,17.133333333333333,4.666666666666667,0.0014562921,0.0016339024,0.0027397785,0.001389547,0.0004943484,0.00013621611,1.6812676e-08,7.675793e-05,3.5249803,2.9361517,2.625254,2.9352603,274.84756,283.2264,292.78308,284.02393,277.46997,288.30392,298.42368,288.4268,272.23468,278.00592,287.01642,279.8553,5.2352905,10.298004,11.407257,8.571503
Prato,43.884251,11.09092,23.633333333333333,11.233333333333333,0.0022808434,0.0025074154,0.0018658607,0.003885522,0.00029683197,8.0527774e-05,1.7354157e-08,6.520611e-05,1.9170061,1.8834646,1.6571903,1.7691714,278.28064,284.67438,295.25745,287.54352,281.62762,288.8885,300.29636,291.36032,275.32834,280.51074,290.2414,284.11273,6.299286,8.377747,10.054962,7.247589
Preston,53.76667,-2.71667,0.16666666666666666,0.13333333333333333,0.0034852764,0.0021588209,0.0026290372,0.0037905932,0.0001967602,6.2749335e-05,6.658452e-09,9.213865e-06,5.489961,4.50981,4.004041,4.749975,278.4137,281.90448,289.1126,284.32297,280.9314,285.49435,292.8303,287.3706,275.8392,278.11313,285.14835,281.2202,5.0921936,7.3812256,7.681946,6.1503906
Pécs,46.083328,18.23333,52.8,17.766666666666666,0.0014093876,0.0019104328,0.00226459,0.0019076879,0.00026669813,4.2219785e-05,1.5834223e-08,6.190384e-05,2.6409678,2.541754,2.2741618,2.3716161,276.08636,285.87152,296.29575,286.62924,279.75415,291.58154,302.6832,292.4208,272.4715,280.0542,289.69257,281.34067,7.282654,11.527344,12.990631,11.080139
Ravenna,44.4175,12.20111,48.333333333333336,16.633333333333333,0.0011709792,0.0017471418,0.0016524339,0.002667808,0.00012998206,1.6054033e-05,4.4064621e-10,2.4842499e-05,2.6667438,2.6177049,2.4348042,2.5516438,279.56552,287.56534,298.13937,289.80743,282.86633,291.70236,302.74478,293.65054,276.60992,283.3473,293.39502,286.3321,6.2564087,8.355072,9.349762,7.318451
Reading,51.456249,-0.97113,3.533333333333333,1.9,0.0022139426,0.0016819795,0.0015438542,0.0024033932,0.00014444071,2.483839e-05,4.791744e-09,2.1892201e-05,4.956716,4.1492677,3.7093573,4.203996,278.62006,282.79324,290.40744,285.15002,281.54907,287.24573,295.53458,289.1043,275.5473,278.27182,285.14667,281.2536,6.00177,8.973907,10.387909,7.850708
Regensburg,49.014999,12.09556,17.366666666666667,5.733333333333333,0.0021338342,0.001902978,0.0028769835,0.0020317049,0.00062816025,0.00012694387,1.6950048e-08,0.00011097305,3.210054,2.7963862,2.41859,2.638764,274.6983,283.01868,292.5812,283.95084,277.34042,288.1515,298.32574,288.25,272.1934,278.01038,286.9625,280.1405,5.1470337,10.141113,11.363251,8.109497
Reims,49.25,4.03333,17.466666666666665,6.266666666666667,0.0025014174,0.0018188132,0.0020427003,0.0020561882,0.00010950152,1.1825022e-05,1.0302504e-08,1.523264e-05,4.2198343,3.4633052,3.0776699,3.573931,278.4969,284.08856,292.73425,285.99008,281.5438,288.92294,298.56503,290.58014,275.4289,279.0682,286.6879,281.64252,6.1148987,9.854736,11.877136,8.937622
Rennes,48.11198,-1.67429,12.4,5.166666666666667,0.0032080996,0.0021166103,0.0015318454,0.0028236615,4.9141498e-05,6.0331854e-06,5.864619e-09,3.6341628e-06,4.192423,3.6479065,3.258443,3.5428507,280.2834,284.5727,292.56778,287.1385,283.33035,289.1119,297.9296,291.51767,277.2072,279.95233,287.0787,283.01984,6.1231384,9.159576,10.850891,8.497833
Reykjavík,64.135483,-21.895411,0.0,0.0,0.005995123,0.0043121967,0.0028457434,0.0049341875,0.002675405,0.001345008,3.3457843e-06,0.00048596002,4.828655,4.209808,3.3896735,4.2668147,273.38043,276.49368,283.78824,278.2288,275.36038,278.75143,286.01157,280.083,271.1832,273.92465,281.41028,276.28375,4.177185,4.826782,4.601288,3.7992554
Riga,56.945999,24.10589,2.533333333333333,1.3333333333333333,0.0025311585,0.0014950944,0.0026693828,0.002703842,0.0010559277,0.00017657776,1.4585653e-08,0.00011798475,5.143778,4.130295,3.820265,4.814372,273.76303,280.31378,291.5536,282.68225,275.36734,284.05096,295.43652,285.4794,271.89923,276.15012,287.0824,279.73846,3.4681091,7.9008484,8.354126,5.7409363
Rimini,44.063332,12.58083,36.266666666666666,13.6,0.0015473997,0.0019805448,0.0016573252,0.003097836,0.00022292197,3.864015e-05,3.4277023e-09,4.1300533e-05,2.5447295,2.4475262,2.145304,2.32556,279.034,285.9527,296.7411,288.63803,282.37393,290.08206,301.54462,292.50943,275.97974,281.71152,291.715,285.15326,6.3941956,8.370544,9.82962,7.3561707
Rome,41.894741,12.4839,71.56666666666666,36.06666666666667,0.0024814564,0.0023570857,0.0009904112,0.0054607103,0.00010121499,1.814591e-05,4.2696433e-09,1.8151752e-05,2.4771848,2.254599,1.945346,2.2156134,282.43466,287.66476,298.31873,291.3769,286.92493,292.76547,304.32553,296.47433,278.5136,282.5933,292.2164,286.89972,8.411316,10.17218,12.109131,9.5746155
Roquetas de Mar,36.764191,-2.61475,75.46666666666667,41.766666666666666,0.0010497465,0.0008903198,0.0001761163,0.001038399,6.743877e-05,2.2668326e-05,6.6355565e-10,3.3075762e-06,1.7707503,2.1359487,1.9693596,1.8838457,285.36798,289.6461,299.06253,293.1911,291.0192,294.55225,304.17563,298.41052,280.87787,284.46155,293.37775,288.56723,10.141327,10.090698,10.797882,9.843292
Rostock,54.088699,12.14049,2.933333333333333,1.6,0.0021498052,0.0015681676,0.0023560114,0.0018985786,0.00028483232,5.4478973e-05,6.0147998e-09,4.572733e-05,4.952981,4.0214024,3.729291,4.3603983,276.93558,282.56335,291.67645,284.72238,278.98514,286.1889,295.61444,287.92325,274.76138,278.81894,287.4992,281.6908,4.223755,7.3699646,8.115234,6.2324524
Rotterdam,51.922501,4.47917,2.3,1.3333333333333333,0.0028748137,0.0017542838,0.002285699,0.0028970821,0.00011825416,1.428466e-05,4.955373e-09,6.411412e-06,5.6859307,4.4721284,3.926605,4.6905255,278.71686,283.3297,291.11136,285.671,281.21426,287.3246,295.43167,289.2533,276.16714,279.11526,286.33087,282.16006,5.047119,8.20932,9.1008,7.093231
Rouen,49.44313,1.09932,5.966666666666667,3.3333333333333335,0.0033132357,0.0022100948,0.0021479581,0.003180287,0.00010222315,1.50804135e-05,1.115563e-08,6.263416e-06,4.775361,3.8963823,3.4735382,4.027853,279.70587,283.8409,291.8322,286.67035,282.1216,287.5595,296.08725,290.22205,277.26633,280.0337,287.38635,283.30136,4.8552856,7.525818,8.700897,6.920685
Saint Petersburg,59.89444,30.26417,3.8,2.0,0.001765558,0.0012838303,0.002544642,0.0022269166,0.0012672337,0.00027088265,3.555353e-08,0.000284192,3.9280155,3.3005624,2.996144,3.757768,270.0562,279.01025,291.6658,280.6127,271.98782,282.88376,295.44983,283.08435,267.78696,274.4945,287.1511,277.9458,4.2008667,8.389252,8.298737,5.13855
Saint-Étienne,45.433331,4.4,25.033333333333335,8.7,0.0017298886,0.0022145095,0.0020880685,0.0031157138,0.0002449375,5.49675e-05,1.991874e-08,8.722022e-05,2.7802234,2.9018092,2.556744,2.6686473,277.60587,283.94595,293.95612,286.2598,281.2174,289.11856,300.1211,290.86652,274.29767,278.81934,287.74857,282.05923,6.919739,10.299225,12.372528,8.8072815
Salamanca,40.968819,-5.66388,64.16666666666667,26.966666666666665,0.0011584415,0.0013907835,0.00060925575,0.0016295315,8.6897424e-05,2.8226566e-05,8.455617e-08,2.4643194e-05,2.6683059,2.734522,2.4338846,2.3924673,279.28897,285.2246,295.83243,287.7666,284.28152,291.484,303.73825,294.00305,274.85852,278.85687,287.62997,282.09683,9.423004,12.627136,16.108276,11.9062195
Salerno,40.677971,14.76599,62.06666666666667,30.433333333333334,0.0028304297,0.0024541665,0.00094234565,0.0032418175,7.829516e-05,1.2721145e-05,4.405993e-09,1.48251465e-05,2.8807533,2.2970657,1.7824625,2.3575628,283.23087,287.83154,298.7026,292.14194,286.73264,291.85858,303.39496,296.26822,279.94052,283.6208,293.58737,288.31326,6.7921143,8.237793,9.807587,7.954956
Salzburg,47.799412,13.04399,3.2666666666666666,2.1,0.0036820055,0.0042286296,0.0063124327,0.0039277817,0.0024472694,0.0011314795,7.2462776e-06,0.00053770095,1.7761589,1.6792957,1.484483,1.5419347,272.98062,279.9955,289.79684,282.31238,276.11905,284.3134,294.5039,286.44833,269.96814,275.87634,285.27548,278.72226,6.1509094,8.437042,9.228424,7.726074
Santander,43.464722,-3.80444,5.3,2.933333333333333,0.003673002,0.003210467,0.0016499182,0.003727738,0.00015436455,3.8007576e-05,1.8495169e-07,1.839596e-05,3.6025248,3.2380702,2.8200653,3.1500525,282.8457,285.72647,293.24222,289.25165,286.18845,289.55515,297.65353,293.244,279.63104,281.8952,288.96585,285.57242,6.5574036,7.6599426,8.687683,7.67157
Santiago de Compostela,42.88052,-8.54569,5.9,2.966666666666667,0.0048802434,0.0036396706,0.001503472,0.0046029775,5.893502e-06,1.3830638e-06,2.2726423e-09,1.1848732e-06,4.0404706,3.9874828,3.8064895,3.52442,283.09088,285.9081,292.48038,288.7988,286.684,290.32892,297.73236,293.2162,279.64908,281.66275,287.6706,284.9527,7.034912,8.666168,10.061768,8.263489
Sarajevo,43.84864,18.35644,25.366666666666667,9.4,0.00214642,0.002783046,0.0027243372,0.0028455877,0.0010335075,0.00031325666,1.8662718e-06,0.00023942375,1.8030514,1.7818848,1.5009738,1.6015162,274.46835,282.47766,293.45663,284.69528,277.92136,287.31326,299.45547,289.74762,270.9994,277.62714,287.44467,280.19025,6.9219666,9.686127,12.010803,9.557373
Setúbal,38.524399,-8.8882,20.2,7.6,0.0023122649,0.0014849413,0.00029539884,0.00197232,1.4171434e-07,4.450536e-09,1.9001078e-09,9.773141e-09,4.16882,4.4953337,4.6230826,3.844824,286.4711,289.71863,295.7516,292.57297,289.92734,293.58435,300.36246,296.4177,283.53665,286.20322,291.7334,289.3999,6.390686,7.381134,8.629059,7.0177917
Sevilla,37.382408,-5.97613,115.66666666666667,70.06666666666666,0.0022103933,0.0015345761,0.00019793819,0.0019039402,7.704153e-06,3.85085e-06,1.2783716e-09,7.1108484e-09,2.484452,2.6594238,2.402752,2.3683639,284.72263,290.33752,299.88156,293.16623,290.60568,296.96072,307.87888,299.7472,279.90375,283.83163,291.7812,287.4002,10.701935,13.129089,16.097687,12.346985
Sheffield,53.382969,-1.4659,0.8,0.5,0.002595294,0.001982516,0.0022623502,0.0026578961,0.0004192307,0.00011937046,1.0788454e-08,2.698901e-05,5.175722,4.349402,3.886501,4.5212965,278.0483,281.7926,289.18524,284.14465,280.69214,285.63947,293.60492,287.4655,275.4103,277.91922,284.66406,280.92636,5.28183,7.7202454,8.940857,6.539154
Siracusa,37.085152,15.273,71.7,35.266666666666666,0.0021209966,0.000861861,0.00016345913,0.0018545501,7.2585867e-06,4.459072e-07,6.944135e-11,1.980211e-08,2.83083,2.6390665,1.8958281,2.1717265,286.4468,289.89658,300.1457,295.0926,289.28647,293.25287,304.09964,298.35727,283.88702,286.6764,296.07352,292.33087,5.3994446,6.576477,8.026123,6.0263977
Skopje,42.001221,21.42878,45.06666666666667,17.033333333333335,0.0012454656,0.0017601489,0.0014944604,0.0018766499,0.00053861254,0.00011670382,1.2586119e-07,0.00015011126,1.5971212,1.681808,1.5892624,1.4606291,274.80273,283.97623,295.29514,285.9533,278.6588,289.28598,301.9753,291.45758,271.0818,278.63693,288.5882,280.8672,7.5770264,10.649048,13.3871155,10.590393
Sochi,43.599171,39.725689,29.266666666666666,10.4,0.0068022422,0.0039645047,0.0029568842,0.0056179063,0.0026928463,0.0005051294,1.0450839e-09,0.00020704475,2.2579083,1.70492,1.2987312,1.5630665,276.64157,285.09512,296.6689,287.3368,280.1273,289.15118,301.04892,291.89648,273.23557,280.3782,291.64005,283.18008,6.8917236,8.77298,9.4088745,8.7164
Sofia,42.69751,23.32415,19.966666666666665,7.366666666666666,0.0016184979,0.0028982898,0.002497622,0.0021953252,0.0009666761,0.00037588066,6.688071e-08,0.00021028476,1.6176705,1.6409315,1.4554931,1.4503392,273.31882,282.2721,293.6351,284.3349,277.09393,287.3317,299.63132,289.64755,269.79007,277.1564,287.5336,279.5928,7.3038635,10.175293,12.097717,10.054749
Southampton,50.90395,-1.40428,1.1666666666666667,0.7666666666666667,0.0026962322,0.0017994305,0.0015251156,0.0027612185,0.000103225546,1.8123083e-05,2.74894e-09,1.3171976e-05,5.394759,4.430013,3.9782143,4.601242,279.1926,282.90958,290.40665,285.6035,281.9512,286.94565,295.0043,289.18582,276.2346,278.7423,285.6139,282.01462,5.716614,8.203339,9.390411,7.1712036
Split,43.508911,16.43915,48.63333333333333,22.3,0.0028734964,0.002583774,0.0015301836,0.0034725019,0.00024762403,8.16056e-05,1.5358671e-06,6.571644e-05,3.1597443,2.8011577,2.218193,2.7823014,279.8396,286.40686,297.15555,289.35287,283.50656,290.79266,302.45117,294.26337,276.19177,281.6162,291.11807,284.65576,7.314789,9.176453,11.333099,9.607605
Stockholm,59.332581,18.064899,1.0,0.6333333333333333,0.0021321254,0.0012626653,0.002056093,0.00229499,0.0010999469,0.0002230722,7.235005e-09,0.00015631426,4.2693324,3.748896,3.2302587,3.9154778,273.19748,279.9487,290.66718,281.73862,275.42813,283.77283,294.87845,284.6118,270.65512,275.80618,285.65244,278.74567,4.7730103,7.9666443,9.226013,5.8661194
Strasbourg,48.58342,7.74296,25.366666666666667,8.366666666666667,0.0024593293,0.0021433397,0.0026929039,0.0025288544,0.0002308484,3.725221e-05,1.6527286e-08,4.1287924e-05,3.0127733,2.491239,2.208211,2.4623942,277.4085,284.72852,294.0163,285.9789,280.37457,289.71405,299.8444,290.46716,274.52637,279.7699,288.236,282.01022,5.8482056,9.944153,11.608398,8.45694
Stuttgart,48.782318,9.17702,17.9,5.733333333333333,0.002615782,0.002176228,0.0028001687,0.0023050169,0.0005139744,9.4508614e-05,1.3317762e-08,8.845755e-05,3.2729363,2.6655855,2.3274238,2.6541245,276.22595,283.47226,292.9672,285.0089,279.22327,288.35568,298.5073,289.58963,273.29282,278.5771,287.43155,280.96582,5.9304504,9.778595,11.075745,8.62381
Szczecin,53.42894,14.55302,8.733333333333333,3.2333333333333334,0.0021431672,0.0015141617,0.002202215,0.0015276268,0.0004834012,0.000104672756,1.1526188e-08,6.428848e-05,4.6960998,3.759029,3.4744947,4.1602864,276.58414,283.096,292.42435,284.58008,278.784,287.60504,297.28424,288.21692,274.28116,278.45856,287.27814,281.04117,4.502838,9.146484,10.0061035,7.1757507
Szeged,46.252998,20.148239,55.233333333333334,18.666666666666668,0.0012077178,0.0015331568,0.001987712,0.001426357,0.00015225851,2.834389e-05,1.1135392e-08,2.5260379e-05,2.7615626,2.6658528,2.4571307,2.5800893,276.25693,286.21146,296.8072,287.03763,279.68747,291.65665,302.8741,292.50098,272.7792,280.66348,290.46878,281.99744,6.908264,10.993164,12.405334,10.50354
Tallinn,59.436958,24.753531,0.23333333333333334,0.23333333333333334,0.0029774886,0.0014556021,0.0024805255,0.0032193556,0.0016419587,0.00028233702,1.8121908e-08,0.00024217002,5.6729503,4.517962,4.210215,5.44977,272.73795,278.0927,290.3686,282.05832,274.3126,280.8785,293.17703,284.1377,270.8984,274.83752,286.9377,279.79382,3.4141846,6.040985,6.239319,4.343872
Tampere,61.499111,23.787121,1.8333333333333333,1.1666666666666667,0.0021496986,0.0013430857,0.0026498518,0.0022495298,0.0014198207,0.0003720168,1.0811358e-08,0.0002525889,3.5260303,3.1919558,2.8734858,3.481794,269.1844,278.0043,289.9901,279.32513,271.73276,282.6515,294.87854,282.30377,266.23276,272.68546,284.3019,276.1325,5.5,9.966034,10.57663,6.1712646
Taranto,40.476109,17.229719,77.06666666666666,40.7,0.0017807645,0.0015467912,0.0006785196,0.0020437324,9.601358e-06,2.7953672e-06,1.5453768e-09,1.3587271e-06,3.9188688,3.3334782,2.748001,3.1827724,283.4465,288.33026,299.32278,292.40182,287.04254,292.78915,304.7195,296.8993,279.96713,283.89264,293.78387,288.29968,7.075409,8.896515,10.935638,8.599609
The Hague,52.076672,4.29861,2.2666666666666666,1.3,0.0027647198,0.0016636681,0.0022761198,0.0028861586,0.000115230876,1.413515e-05,3.8939953e-09,6.592462e-06,5.894431,4.6248264,4.0735445,4.8836904,278.93402,283.3613,291.15497,285.8685,281.3641,287.18887,295.32004,289.33435,276.43564,279.30338,286.51382,282.43503,4.928467,7.885498,8.806213,6.8993225
Thessaloníki,40.640282,22.94389,94.56666666666666,53.4,0.0011984899,0.00129345,0.0007481478,0.0016155338,8.639683e-05,2.1053596e-05,2.4968804e-08,1.5126453e-05,2.1393604,1.9872186,1.8991086,1.8664879,280.12497,287.57382,299.5365,290.39505,284.38342,293.23438,306.1989,295.8028,276.04678,282.01434,292.95343,285.34247,8.336639,11.220032,13.245483,10.460327
Tilburg,51.555511,5.0913,8.3,3.2,0.002758294,0.0017669983,0.0021352475,0.0023412625,0.00013868551,1.8541752e-05,1.0368374e-08,9.907963e-06,4.7564826,3.7817461,3.3281658,3.924553,278.663,283.6536,291.78143,285.5863,281.53098,288.2903,296.9025,289.7372,275.80618,278.85666,286.40836,281.62415,5.7247925,9.433655,10.494141,8.113068
Timişoara,45.753719,21.22571,53.5,17.5,0.0012421904,0.0016521292,0.001955193,0.001539681,0.00025076684,3.4793342e-05,9.514933e-09,3.2684526e-05,2.2795575,2.286075,2.0422199,2.1730247,276.2535,286.21875,297.17688,287.2596,279.58658,291.29874,302.91052,292.3321,272.97397,281.0527,291.29572,282.6557,6.61261,10.246033,11.614807,9.676392
Tirana,41.327499,19.81889,52.36666666666667,24.466666666666665,0.0033451738,0.002879233,0.0013842762,0.003605013,0.00052396575,0.0001043904,8.203898e-09,0.00010087034,1.8228431,1.6035236,1.4108148,1.5449902,278.08307,285.31635,296.41818,288.16058,282.2082,290.29263,302.7733,293.65533,274.18182,280.07214,289.63248,283.3215,8.026367,10.2204895,13.140808,10.333832
Toledo,39.858101,-4.02263,93.7,62.766666666666666,0.0011632937,0.0013241501,0.00045206453,0.0014154132,4.6289e-05,1.3318353e-05,4.6094468e-07,1.0888721e-05,2.2958958,2.519326,2.423739,2.1870854,281.25583,287.6387,299.54947,290.24844,286.77606,293.79828,307.12332,296.36237,276.49194,281.33752,291.4476,284.557,10.284119,12.460754,15.67572,11.805359
Toruń,53.013748,18.598141,9.266666666666667,3.7666666666666666,0.0017760264,0.0013833103,0.0023250764,0.0012932471,0.00052235887,9.0720096e-05,9.054281e-09,8.326139e-05,4.0678368,3.295287,3.052865,3.6031291,275.82663,282.96054,292.36484,284.03595,277.8972,287.39297,297.21158,287.84607,273.60126,278.19122,287.0847,280.28964,4.295929,9.201752,10.126892,7.556427
Toulon,43.116669,5.93333,6.5,4.0,0.0023697694,0.0022028508,0.0008734747,0.0037322878,1.2724722e-05,1.8067008e-06,3.930748e-09,5.1602137e-06,5.419432,4.835107,4.1007504,4.735708,283.92172,287.66916,296.68536,291.63992,286.37,290.30957,299.70493,294.19638,281.80847,284.99246,293.48514,289.3239,4.5615234,5.317108,6.2197876,4.872467
Toulouse,43.604259,1.44367,51.9,15.766666666666667,0.002132145,0.002648367,0.0015824657,0.0021621804,0.00011841526,3.969642e-05,1.6799353e-08,1.8673583e-05,3.0298223,3.1029668,2.6307044,2.7793262,280.89334,286.4044,296.1895,289.25458,285.30432,291.70813,302.56796,294.60883,276.99976,281.21225,289.8905,284.6049,8.304565,10.49588,12.67746,10.003937
Tours,47.383331,0.68333,23.933333333333334,8.666666666666666,0.0024939391,0.0019598624,0.0015629195,0.0022671472,4.5399414e-05,4.0639375e-06,8.005693e-09,1.085551e-06,4.092494,3.5275917,3.1581767,3.4716678,279.76526,284.85297,293.60223,287.12207,282.9021,289.72726,299.53714,291.9775,276.6657,279.79828,287.40784,282.59747,6.236389,9.928986,12.129303,9.380035
Trier,49.75565,6.63935,13.0,4.633333333333334,0.0030508828,0.001976862,0.0022589539,0.0025036964,0.00042595557,5.8090936e-05,7.8377775e-09,6.519581e-05,4.066461,3.3735967,3.0175512,3.479956,276.75238,283.37518,292.3356,284.90396,279.36124,287.9741,297.73376,288.96838,274.18198,278.68747,286.73584,281.17838,5.1792603,9.286621,10.997925,7.7900085
Trieste,45.648609,13.78,42.06666666666667,14.1,0.0026852572,0.0031823784,0.003238509,0.004968257,0.0002819607,6.0874827e-05,5.329799e-10,0.00010758243,2.7374673,2.3184838,2.0501113,2.5680783,279.77884,286.43,296.74347,288.77133,283.67224,290.96426,302.037,293.27927,276.16678,281.8298,291.56345,284.7722,7.5054626,9.13446,10.473541,8.50708
Turin,45.070492,7.68682,6.533333333333333,3.6333333333333333,0.0011401091,0.0029490849,0.002254642,0.002761957,0.00050446,0.00043217663,2.0783382e-05,0.000240756,1.1747851,1.1948533,1.1209149,1.0563414,276.61926,283.51498,293.6373,285.74155,279.98834,287.67087,298.24384,289.33508,273.9825,279.4905,288.9518,282.5023,6.005829,8.180359,9.292023,6.832794
Turku,60.451481,22.26869,1.0666666666666667,0.7666666666666667,0.0022526626,0.0012193726,0.0024032178,0.0024470468,0.0011431996,0.00026881587,9.465759e-09,0.00016931402,4.006645,3.501715,3.247976,3.9244843,271.7821,278.78323,290.69147,281.13367,273.93555,282.8071,294.87033,284.0135,269.2775,274.19525,285.6697,278.04205,4.6580505,8.611847,9.200623,5.9714355
Utrecht,52.090832,5.12222,3.7666666666666666,1.8666666666666667,0.0029104392,0.0018310654,0.0022356808,0.002719523,0.00012900525,1.5081692e-05,5.675636e-09,7.86034e-06,5.279073,4.170126,3.6419425,4.3170924,278.4081,283.30597,291.11017,285.35657,281.05072,287.63846,295.80173,289.2089,275.73407,278.77365,286.0003,281.63983,5.3166504,8.864807,9.801422,7.5690613
Valencia,39.469749,-0.37739,83.56666666666666,47.766666666666666,0.0013965929,0.0014489352,0.0005484965,0.0020828051,1.5314528e-05,3.254058e-06,3.0730895e-08,3.2304488e-06,2.832851,2.587488,2.1944747,2.3606207,284.13806,288.8494,298.87326,292.22232,289.93103,294.63812,305.07584,298.01193,279.30417,283.28146,292.8315,287.2115,10.626862,11.356659,12.244324,10.800446
Valladolid,41.655182,-4.72372,63.266666666666666,24.166666666666668,0.00094046816,0.0012892776,0.0007046449,0.0014241982,6.129743e-05,1.2642405e-05,6.7169616e-08,1.6237325e-05,2.8313813,2.9726398,2.7590163,2.6022904,279.46808,285.2787,295.88116,288.0361,284.35318,291.41223,303.62506,294.09793,275.1285,279.1517,287.97217,282.49548,9.22467,12.260529,15.652893,11.6024475
Vantaa,60.29414,25.040991,2.566666666666667,1.5,0.0024357454,0.0013077116,0.0023933917,0.0026446527,0.0014829955,0.00029186418,1.2551983e-08,0.00017982438,4.152149,3.5536263,3.3101387,4.025345,271.21362,278.7698,290.83353,280.72852,273.47552,283.0123,295.3264,283.7134,268.53552,273.91608,285.52304,277.48898,4.9400024,9.096222,9.803345,6.2244263
Varna,43.216671,27.91667,43.86666666666667,14.666666666666666,0.0011200908,0.0012131579,0.0011794611,0.0018461765,0.00031755675,7.0612696e-05,4.8060325e-09,2.646612e-05,4.185895,3.356102,3.032992,3.5090759,277.33594,285.35458,297.12616,288.07516,280.71402,289.81363,302.3571,292.60388,273.90808,280.93784,291.8411,283.83868,6.8059387,8.875793,10.515991,8.765198
Venezia,45.43861,12.32667,35.6,12.833333333333334,0.0017105655,0.0025786604,0.0027729503,0.0036608402,8.905154e-05,1.7633281e-05,8.96127e-08,2.3281902e-05,2.4936142,2.3531396,2.2054129,2.444482,279.8009,287.1766,297.68942,289.43005,283.04163,290.81866,301.73416,292.9614,276.89264,283.46475,293.62833,286.19266,6.148987,7.3539124,8.105835,6.768738
Verona,45.434189,10.99779,18.466666666666665,7.4,0.0014682724,0.002729025,0.0028216129,0.0035406775,0.00042978697,0.00020626483,1.3787735e-06,0.0001365246,1.4301275,1.4943439,1.4149423,1.3996156,275.80835,284.47885,294.85828,286.0007,279.75397,289.1198,299.92117,290.16513,272.3375,279.74695,289.77548,282.1976,7.4164734,9.372864,10.145691,7.9675293
Vienna,48.208488,16.37208,28.466666666666665,8.9,0.0014620819,0.001754739,0.002517059,0.00179076,0.0005131414,6.7588095e-05,1.1958897e-08,8.888331e-05,3.5097737,3.2935386,3.0575435,3.1228044,276.2488,285.12595,295.0699,285.7154,278.63214,289.8354,300.32916,289.74512,273.87946,280.32068,289.79303,282.0035,4.7526855,9.514709,10.536133,7.7416077
Vigo,42.232819,-8.72264,11.966666666666667,5.366666666666666,0.0056252372,0.003980769,0.0015201308,0.005840859,2.0390285e-06,4.3668635e-07,5.1061138e-09,2.8844665e-08,3.5230482,3.5328777,3.4116843,3.058081,283.72183,286.96667,293.61276,289.68942,287.4437,291.45917,298.79718,294.16806,280.19342,282.48947,288.57013,285.67264,7.2502747,8.969696,10.227051,8.495422
Vilnius,54.689159,25.2798,10.833333333333334,4.4,0.0024296413,0.0016944499,0.0026825506,0.0020059047,0.0011474439,0.00022416425,1.2887414e-08,0.00013785511,4.29219,3.5246503,3.158175,3.901722,272.9911,281.6475,292.26532,282.1709,274.6237,286.2196,297.23734,285.6099,271.07318,276.49326,286.64288,278.58105,3.5505066,9.726349,10.594452,7.028839
Warsaw,52.229771,21.01178,15.066666666666666,4.9,0.0021121835,0.0015485173,0.0023673696,0.0013529492,0.0007036576,0.00011783603,1.3247338e-08,9.559137e-05,3.8500996,3.10883,2.8353887,3.384507,275.35788,283.25983,292.99332,283.7577,277.49796,288.07074,298.16837,287.77948,272.99414,278.05093,287.3229,279.78076,4.5038147,10.019806,10.845459,7.9987183
Wiesbaden,50.082581,8.24932,17.133333333333333,5.966666666666667,0.002198414,0.00162825,0.002089268,0.001965495,0.00024223603,2.9153724e-05,1.0618667e-08,3.058937e-05,3.4477625,2.8861966,2.5739572,2.882279,276.92233,284.11142,293.11484,285.22684,279.5357,289.01376,298.61923,289.3925,274.3524,279.1491,287.60468,281.46243,5.183319,9.864655,11.014557,7.9300537
Wolverhampton,52.585468,-2.12296,2.0,1.2,0.0022878896,0.0018039863,0.0020265484,0.0023938552,0.00019831069,4.168339e-05,8.193618e-09,2.0583137e-05,4.9398518,4.172737,3.7372186,4.24642,278.48865,282.45755,289.9249,284.6574,281.3783,286.72507,294.8667,288.42416,275.52548,278.09088,284.87418,280.9587,5.8528137,8.634186,9.992523,7.465454
Wrocław,51.099998,17.033331,16.933333333333334,4.933333333333334,0.0017500505,0.0017371129,0.0026755796,0.0014413496,0.0005552948,0.00014896375,1.3634523e-08,8.4311505e-05,3.6937149,2.9957647,2.747073,3.1334546,275.26086,283.22308,292.90024,284.1723,277.6864,288.10333,298.40775,288.46426,272.74457,278.0705,287.0552,279.98587,4.9418335,10.032837,11.352539,8.478394
Wuppertal,51.270271,7.16755,11.4,4.133333333333334,0.003556205,0.0022149018,0.0026692443,0.002806664,0.00033875625,4.4973756e-05,1.1977401e-08,4.716116e-05,4.441913,3.4850132,3.079947,3.7344594,278.37766,284.2274,292.60504,285.9925,280.74725,288.4509,297.4569,289.68338,276.02356,279.9521,287.72168,282.59518,4.723694,8.49881,9.7352295,7.088196
Yaroslavl',57.629871,39.87368,13.1,5.133333333333334,0.001873802,0.001231463,0.0022706355,0.002186931,0.0015357136,0.0002798277,1.5585242e-08,0.00037587393,3.8234932,3.2824721,2.8434253,3.4954147,267.53717,279.75565,292.78027,279.5372,270.07492,284.20764,297.59824,282.43735,264.5052,274.4956,287.1852,276.38992,5.5697327,9.712036,10.413025,6.0474243
York,53.95763,-1.08271,0.26666666666666666,0.16666666666666666,0.0017731403,0.0015134872,0.0018857005,0.002022774,0.00017210397,4.1441486e-05,8.266757e-09,1.6279635e-05,5.4145203,4.522764,3.9375944,4.663575,277.84726,281.7584,288.99902,284.04718,280.6495,285.6614,293.56332,287.5966,275.06,277.76822,284.24478,280.6196,5.589508,7.8931885,9.3185425,6.9769897
Zagreb,45.814442,15.97798,40.93333333333333,12.033333333333333,0.0017338207,0.0025563804,0.0032309485,0.003124018,0.00038742315,5.561827e-05,1.2329659e-07,0.00014170869,2.1571355,2.2174642,1.8300323,1.9725558,276.7786,285.9288,295.8742,286.73874,280.22525,291.09567,301.59,291.54233,273.5318,280.83185,290.25528,282.3955,6.693451,10.263824,11.334717,9.14682
Zaragoza,41.656059,-0.87734,76.96666666666667,34.93333333333333,0.00072672934,0.0012712737,0.000843452,0.001363765,4.0196923e-05,2.6309297e-05,4.6230334e-06,1.9762132e-05,3.374798,3.503681,3.211151,2.9638252,280.07172,286.3594,297.42673,288.97983,285.31638,292.77158,305.51285,295.2047,275.52966,280.138,289.6441,283.50043,9.786713,12.633575,15.868744,11.704285
Zürich,47.366669,8.55,13.066666666666666,5.1,0.0039423946,0.0035914013,0.004254176,0.0035307177,0.0014913151,0.00052207074,6.4108003e-06,0.00024114709,2.136464,2.010436,1.7427675,1.7519207,275.78906,282.78293,292.8507,284.57864,278.18454,287.20175,298.12878,288.27103,273.59296,278.58298,287.81915,281.49377,4.5915833,8.618774,10.309631,6.777252
Århus,56.156738,10.21076,0.36666666666666664,0.3,0.0020566445,0.0013928346,0.0019868377,0.00226269,0.0002705222,8.180023e-05,6.837191e-09,1.9726976e-05,5.666287,4.767565,4.3805394,5.205162,276.0823,281.48718,290.5171,283.70145,278.30176,285.2549,294.8254,286.86853,273.63928,277.42773,285.65756,280.4603,4.6624756,7.827179,9.167847,6.4082336
Łódź,51.75,19.466669,14.133333333333333,4.966666666666667,0.0021194573,0.0017296041,0.0023329654,0.001345997,0.00072208606,0.00017343946,9.840018e-09,8.943745e-05,4.293171,3.355879,3.0649176,3.6388147,275.20782,283.0415,292.7469,283.9564,277.46722,287.77994,297.95334,288.1411,272.7983,277.93634,287.08252,279.85196,4.668915,9.843597,10.870819,8.289154
