city,latitude,longitude,hot_days,hot_days_consec,tp_winter,tp_spring,tp_summer,tp_autumn,sf_winter,sf_spring,sf_summer,sf_autumn,si10_winter,si10_spring,si10_summer,si10_autumn,t2m_winter,t2m_spring,t2m_summer,t2m_autumn,max_t2m_winter,max_t2m_spring,max_t2m_summer,max_t2m_autumn,min_t2m_winter,min_t2m_spring,min_t2m_summer,min_t2m_autumn,temp_range_winter,temp_range_spring,temp_range_summer,temp_range_autumn
Aachen,50.776642,6.08342,15.9,5.733333333333333,0.003040718,0.0024949291,0.0024836496,0.0024834748,0.00032526732,9.1485796e-05,1.1787103e-08,3.510128e-05,4.653462,3.8561966,3.3031929,4.019195,276.98676,283.33585,292.45126,285.25516,279.74878,287.91617,297.89203,289.32465,274.25098,278.65305,286.89792,281.47336,5.4978027,9.263123,10.99411,7.851288
Aberdeen,57.143688,-2.09814,0.0,0.0,0.002544786,0.0020694437,0.0021220783,0.0029053139,0.00015101656,7.685997e-05,4.0860137e-08,1.5862774e-05,6.6895146,5.5765896,4.5409713,5.9780245,278.31155,280.8494,287.40662,283.60272,280.41797,283.6217,290.49454,286.0265,276.05765,277.93674,284.17172,281.08563,4.360321,5.684967,6.322815,4.940857
Aix-en-Provence,43.528301,5.44973,37.46666666666667,17.8,0.0019245594,0.0017038154,0.00087498024,0.0030938184,2.4313273e-05,2.5624943e-06,5.7127076e-09,6.2658146e-06,3.3430383,3.452829,2.951119,3.0101056,280.63437,286.36435,296.75522,289.42862,284.3482,290.8699,301.8102,293.60287,277.4873,281.84286,291.40875,285.70578,6.860901,9.027039,10.401459,7.8970947
Alcalá de Henares,40.482052,-3.35996,88.8,48.3,0.0014452914,0.0012521738,0.00059189077,0.001503154,0.00019948238,3.8752667e-05,6.91213e-08,5.4716493e-05,2.2674546,2.6280022,2.4014165,2.1743894,279.76715,286.49554,298.3965,289.11578,285.07788,293.13162,306.38348,295.54904,275.04263,279.7272,289.8937,283.12936,10.035248,13.404419,16.489777,12.419678
Alicante,38.345169,-0.48149,94.23333333333333,58.03333333333333,0.0012007252,0.0010037221,0.0003596628,0.0018013532,1.8940153e-05,7.739492e-06,3.3468555e-09,7.190729e-07,2.8490596,2.728293,2.3591816,2.4531245,284.06567,289.326,299.6025,292.68393,289.80844,295.63242,305.92105,298.5497,279.1657,283.2036,293.39633,287.57498,10.642731,12.4288025,12.524719,10.974731
Almería,36.838139,-2.45974,76.53333333333333,45.9,0.0010822974,0.000698588,0.00026775288,0.0011398812,0.00014519136,3.9631486e-05,4.775702e-10,1.36070985e-05,2.0051787,2.1393845,1.9558308,1.9286637,282.5613,288.0279,298.5424,291.2827,288.15125,293.8642,304.6144,297.03043,278.00128,282.0787,292.05618,286.2496,10.149963,11.785492,12.558228,10.780823
Amersfoort,52.154999,5.3875,9.466666666666667,4.0,0.0028166312,0.0022402594,0.0024806107,0.00259651,0.00013157865,3.1368032e-05,5.5205605e-09,1.3491232e-05,4.7776423,4.080569,3.4279974,4.0266356,277.70453,283.2565,291.66992,285.02884,280.33832,287.77664,296.8124,288.93945,275.00882,278.54376,286.17923,281.30432,5.3294983,9.23288,10.633179,7.635132
Amiens,49.900002,2.3,10.833333333333334,4.3,0.002778268,0.0023308264,0.0024207751,0.0025401064,0.0001245984,2.8948585e-05,1.1381074e-08,8.074485e-06,4.5522823,4.0596375,3.367278,3.8956769,278.46155,283.9914,292.52512,286.26428,280.90436,287.9183,297.25998,289.8398,276.00937,279.96417,287.58847,282.82492,4.894989,7.954132,9.671509,7.0148926
Amsterdam,52.374031,4.88969,1.3,0.8666666666666667,0.0031148803,0.0023179925,0.0027372963,0.0031331698,0.00013432695,2.576822e-05,7.749594e-09,7.979592e-06,6.164773,5.15238,4.322151,5.243894,277.95358,282.89005,291.0364,285.48276,280.02457,286.26352,294.6683,288.3749,275.76822,279.32224,286.96295,282.6168,4.2563477,6.941284,7.705353,5.7581177
Angers,47.466671,-0.55,25.133333333333333,7.766666666666667,0.0025326724,0.0022226723,0.0015185423,0.0021860492,3.7352103e-05,6.4355354e-06,6.897453e-09,2.521449e-06,4.0075016,3.84143,3.182989,3.467645,279.3028,284.87875,293.713,287.1312,282.44788,289.56686,299.4709,291.8206,276.17978,280.1142,287.79248,282.72894,6.268097,9.452667,11.678406,9.091644
Antwerpen,51.219891,4.40346,13.2,5.2,0.0025541966,0.0021100498,0.0023363912,0.0023977521,0.000108107655,3.593983e-05,1.0117642e-08,1.4719956e-05,4.608765,3.9558656,3.3747532,3.9463434,278.1839,283.84317,292.64825,285.7381,280.8744,288.22327,297.69336,289.62244,275.47388,279.33115,287.423,282.06543,5.4005127,8.89212,10.270355,7.557007
Apeldoorn,52.209999,5.96944,8.366666666666667,3.7666666666666666,0.0029118555,0.0022738883,0.002653898,0.0025969853,0.00013682747,2.9367564e-05,5.5766853e-09,9.371116e-06,4.67638,4.02814,3.409598,3.9769144,277.74725,283.2016,291.4491,284.94724,280.25482,287.642,296.49936,288.75665,275.16656,278.5601,286.00372,281.3068,5.088257,9.081909,10.495636,7.4498596
Arezzo,43.461391,11.87691,24.733333333333334,10.933333333333334,0.0021652472,0.0019323814,0.0013657584,0.0030736462,0.00034202205,5.926546e-05,5.0131956e-09,6.108711e-05,2.2182322,2.2811296,1.8411866,2.0309832,277.4958,283.92825,295.18564,286.85632,280.42166,288.15738,300.42084,290.73682,274.7945,279.8024,289.99396,283.397,5.6271667,8.35498,10.42688,7.339813
Arnhem,51.98,5.91111,11.466666666666667,4.333333333333333,0.002803044,0.0022195205,0.002457904,0.00249187,0.0001408125,3.372209e-05,7.903401e-09,9.696682e-06,4.542773,3.891127,3.3357382,3.8895547,277.78094,283.3697,291.88425,285.0958,280.32812,287.87234,297.13303,289.00803,275.18457,278.7002,286.35992,281.38806,5.1435547,9.17215,10.773102,7.6199646
Athens,37.97945,23.716221,93.53333333333333,57.733333333333334,0.0022125074,0.0009417601,0.0002244098,0.0012936885,5.6466877e-05,5.1910074e-06,3.348096e-10,1.2659705e-06,2.6843581,2.4090476,2.5693655,2.4728923,282.76224,288.66034,300.362,292.35153,286.34335,293.69086,305.9849,297.20316,279.36838,283.77542,294.4571,287.94257,6.9749756,9.915436,11.5278015,9.26059
Augsburg,48.366669,10.88333,23.4,7.233333333333333,0.0018957395,0.0022395568,0.0032551384,0.0021328449,0.00057843217,0.00014511716,3.4474464e-08,7.313888e-05,3.2489166,2.9224613,2.453908,2.6857693,274.58813,283.0497,293.2699,284.25424,277.49115,288.19482,299.17728,288.7572,271.79453,278.09598,287.6073,280.3339,5.6966248,10.098846,11.569977,8.423309
Avignon,43.948341,4.80892,47.9,21.2,0.0019585795,0.0018452395,0.0010855253,0.0034751154,0.000102178004,1.5962192e-05,6.4257755e-08,3.525499e-05,3.3465106,3.4448254,3.1750684,3.0866508,279.7427,286.13382,296.81018,288.75568,283.55798,291.15643,302.67734,293.2682,276.5107,281.22763,290.88812,284.7892,7.0472717,9.9288025,11.789215,8.478973
Barcelona,41.38879,2.15899,45.63333333333333,19.2,0.0013653752,0.0015566603,0.0013369042,0.0025471079,3.375697e-05,1.1752721e-05,2.3002138e-09,2.2863271e-06,2.2713604,2.3120644,2.0482433,1.9455913,282.0308,287.02582,297.23303,290.48172,286.5961,291.94885,302.23297,295.20053,278.26907,282.31433,292.36298,286.47504,8.327026,9.6345215,9.869995,8.725494
Bari,41.117729,16.851179,76.03333333333333,35.7,0.0022089109,0.0013796743,0.00069603586,0.0021518157,3.5898192e-05,4.988775e-06,2.2011788e-09,5.742497e-07,3.8472095,3.4327562,2.8448427,3.119103,282.42245,287.97418,299.27948,291.6831,285.98795,292.64963,304.7677,296.2741,279.05276,283.4193,293.59067,287.65555,6.9351807,9.230316,11.177032,8.618561
Basel,47.558399,7.57327,18.366666666666667,6.3,0.003401998,0.0031968025,0.0031737727,0.0031067326,0.00077014277,0.00024805297,3.1448348e-05,0.00010959576,2.301217,2.1996245,1.8348897,1.9486346,275.52072,283.25867,293.0304,284.74698,278.1973,288.04025,298.80133,288.91586,273.04056,278.68936,287.41696,281.15527,5.1567383,9.350891,11.384369,7.7605896
Bath,51.377949,-2.35907,2.066666666666667,1.5333333333333334,0.0027947181,0.0025181428,0.001974063,0.0027963207,0.00013697968,4.754449e-05,4.794227e-09,8.549387e-06,4.7239366,4.3988547,3.6588683,4.147248,278.42923,282.4904,290.54333,284.95114,281.1637,286.55988,295.18295,288.3906,275.52652,278.33252,285.74448,281.46066,5.6371765,8.227356,9.438477,6.9299316
Belfast,54.583328,-5.93333,0.0,0.0,0.0033835282,0.0029478623,0.0025804935,0.003502031,0.00011558684,4.956225e-05,6.6680994e-09,1.4745572e-05,5.659285,4.9157896,3.9366143,5.0174146,278.62714,281.40558,288.27783,283.96677,281.17084,284.9453,292.21042,286.9891,275.99832,277.80566,284.31342,280.93124,5.172516,7.1396484,7.897003,6.0578613
Belgrade,44.804008,20.46513,67.43333333333334,22.9,0.001408835,0.0019987156,0.002096877,0.0018643915,0.00034009514,6.2981606e-05,1.1002153e-08,4.732696e-05,2.778502,2.8092952,2.4040627,2.7474432,276.33945,286.58682,298.16364,287.89658,279.47845,291.6654,304.25906,292.8164,273.17175,281.49863,292.00555,283.49872,6.3067017,10.166779,12.2535095,9.317688
Bergamo,45.697979,9.66895,43.233333333333334,15.533333333333333,0.0019400584,0.0026405102,0.0029275378,0.0034321777,0.00027189674,9.133147e-05,7.5709477e-06,2.573188e-05,1.4726617,1.6904453,1.4857903,1.4266969,276.93057,286.10977,296.88992,287.33054,280.48535,291.14682,302.32828,291.6531,273.99518,281.22012,291.64413,283.4921,6.4901733,9.926697,10.684143,8.161011
Bergen,60.39299,5.32415,0.0,0.0,0.01045579,0.006122165,0.0056089787,0.009859665,0.004429558,0.0018219718,6.550216e-07,0.0008157453,3.2729614,2.847586,2.5657134,3.1096327,275.74292,279.44305,287.8309,281.91272,277.2618,282.30807,290.88818,284.07925,273.87164,276.04086,284.1693,279.49698,3.3901672,6.267212,6.718872,4.5822754
Berlin,52.524368,13.41053,18.333333333333332,5.633333333333334,0.0017892795,0.001735804,0.002114097,0.001584656,0.00026637636,4.6275363e-05,1.0211585e-08,4.1234547e-05,3.9641387,3.3840373,3.1505613,3.5422273,276.2051,283.7788,293.36804,284.7526,278.5859,288.33932,298.69684,288.5703,273.73575,279.0524,287.81244,281.11865,4.8501587,9.286926,10.884399,7.45166
Bern,46.94809,7.44744,7.933333333333334,3.9,0.003743211,0.003818373,0.0041274843,0.003591398,0.0016326747,0.00094279274,8.550897e-05,0.00044493427,1.9169828,1.8237698,1.5527688,1.6525747,274.42654,281.71375,291.58545,283.50034,277.09613,286.18808,297.03082,287.41296,271.9111,277.36237,286.2242,280.0837,5.185028,8.825714,10.80661,7.329254
Besançon,47.248779,6.01815,23.866666666666667,7.0,0.0033190192,0.0034462202,0.0028836327,0.0034391524,0.0004221185,0.00014463053,1.5968526e-05,6.582003e-05,3.2099993,2.9566672,2.4442627,2.8019118,276.34122,283.8293,293.5825,285.4726,279.2286,288.67368,299.4642,289.88785,273.59695,279.0825,287.75827,281.57715,5.631653,9.591187,11.705933,8.310699
Bielefeld,52.033329,8.53333,13.066666666666666,5.1,0.0028068915,0.0022688457,0.002554535,0.0024712165,0.00029234667,7.210497e-05,1.2633986e-08,3.1714277e-05,4.2413955,3.565468,3.2032175,3.7414877,276.53024,282.98987,292.01746,284.59708,278.76675,287.29474,297.196,288.29706,274.24796,278.53802,286.7072,281.15808,4.518799,8.756714,10.4888,7.138977
Bilbao,43.262711,-2.92528,19.866666666666667,6.2,0.0036676768,0.003119002,0.0016459187,0.0029550255,0.000115118666,2.4229097e-05,3.6311418e-09,1.4739265e-05,3.1105888,2.8881388,2.205818,2.5973976,280.93698,285.1252,293.17804,288.48297,284.91974,290.16168,299.0915,293.81378,277.14688,280.03793,287.51202,283.66733,7.7728577,10.123749,11.579468,10.146454
Birmingham,52.481419,-1.89983,3.4,2.3,0.002284071,0.0022227974,0.002196514,0.0022836947,0.00017446818,7.0999195e-05,9.098382e-09,9.793004e-06,4.762712,4.368739,3.6681874,4.20928,278.08508,282.2985,290.28287,284.62527,280.8879,286.46332,295.30576,288.2438,275.1874,278.08386,285.176,281.015,5.7005005,8.379456,10.129761,7.2287903
Blackpool,53.816669,-3.05,0.13333333333333333,0.13333333333333333,0.003921781,0.0029016016,0.0028124803,0.004074274,0.000284129,0.000111693655,1.25499495e-08,2.9992989e-05,5.545409,4.793349,4.0965676,4.9845524,278.0348,281.6201,289.10654,284.16602,280.5686,285.18732,293.08075,287.16983,275.38794,277.88174,284.89008,281.04434,5.180664,7.3055725,8.190674,6.1254883
Bochum,51.481651,7.21648,15.833333333333334,5.5,0.00334287,0.0026471629,0.0026738422,0.0028040984,0.0003515372,8.2427134e-05,1.1696591e-08,3.0938678e-05,4.3863473,3.6908643,3.223138,3.832555,277.37894,283.73846,292.74017,285.49823,279.6064,287.8808,297.72293,289.03445,275.1317,279.48834,287.65857,282.2258,4.474701,8.392456,10.064362,6.808655
Bologna,44.493809,11.33875,52.63333333333333,19.233333333333334,0.0021097516,0.0018672887,0.001646258,0.0025376722,0.00038973,6.754782e-05,6.891199e-08,8.121803e-05,2.0349932,2.2881444,1.9943615,1.9995867,277.51312,286.46622,297.80017,288.31625,280.79202,291.21478,303.13828,292.4645,274.67682,281.9297,292.63254,284.67596,6.115204,9.285095,10.505737,7.7885437
Bonn,50.734379,7.09548,18.333333333333332,6.733333333333333,0.002507149,0.0022799254,0.0022823387,0.0021635692,0.00028721374,7.123458e-05,1.0051605e-08,2.256956e-05,4.152535,3.501224,3.0058908,3.6184392,276.97873,283.72662,292.96826,285.4122,279.37405,288.1327,298.29242,289.27255,274.60104,279.24377,287.5877,281.89545,4.7730103,8.888916,10.704712,7.3771057
Bordeaux,44.840439,-0.5805,39.766666666666666,10.366666666666667,0.0028192664,0.0028318025,0.0016179879,0.0025059485,9.140907e-06,2.1546853e-06,4.957288e-09,1.5649239e-06,3.143228,3.2506826,2.6511617,2.806295,280.47397,286.17645,295.03418,288.7449,284.31058,291.23288,300.8374,293.94083,276.95895,281.24826,289.23383,284.1813,7.3516235,9.984619,11.603577,9.7595215
Bournemouth,50.720482,-1.8795,1.1666666666666667,0.9,0.0028265005,0.0023555337,0.0016486256,0.0028084256,4.94302e-05,1.1995897e-05,4.651676e-10,3.0572678e-06,5.439426,4.8265834,4.047886,4.795589,279.1409,282.8043,290.6916,285.60352,281.9545,286.69763,295.2393,289.10513,276.0934,278.78137,285.97327,281.99478,5.861084,7.91626,9.266022,7.1103516
Bradford,53.793911,-1.75206,0.8,0.6,0.0033802395,0.00263038,0.0026395845,0.0030474192,0.00066369504,0.00025859833,1.2252431e-08,5.64274e-05,5.005685,4.4884324,3.8075376,4.4413805,277.59866,281.43423,289.2374,283.96127,280.05817,285.06927,293.56393,287.0024,275.10553,277.78473,284.7947,280.93216,4.9526367,7.284546,8.769226,6.0702515
Braga,41.55032,-8.42005,20.3,7.733333333333333,0.0050828615,0.0031347475,0.0010715999,0.004041091,1.140331e-05,3.6337997e-06,4.6077324e-09,4.0561008e-07,2.8889973,3.0376506,2.7694066,2.5462744,282.244,286.2777,293.371,289.0541,286.65668,291.4635,299.3577,294.40143,278.40317,281.2884,287.61218,284.59427,8.2535095,10.17511,11.745514,9.807159
Bratislava,48.148159,17.106741,36.06666666666667,10.2,0.0014212298,0.0018477314,0.0022927085,0.001844156,0.0003548774,5.4516982e-05,4.825952e-08,4.0429204e-05,3.4393651,3.3726768,3.0790067,3.1532276,275.45044,284.99295,295.56363,285.7054,277.9362,289.7827,301.1112,289.89597,272.9521,280.06152,289.9027,281.83246,4.9841003,9.721191,11.208496,8.063507
Braunschweig,52.265942,10.52673,11.966666666666667,4.933333333333334,0.0021458068,0.0020058781,0.0023669372,0.001930162,0.00025925736,6.48689e-05,1.2493609e-08,3.5990197e-05,4.0464215,3.4070158,3.1571913,3.587336,276.5182,282.89563,292.195,284.4999,278.89688,287.16843,297.10614,288.20755,274.06802,278.46893,287.143,281.03403,4.8288574,8.699493,9.963135,7.173523
Braşov,45.648609,25.606131,18.233333333333334,6.933333333333334,0.0018171555,0.0026193827,0.0031312937,0.0017459334,0.001318329,0.0005386939,3.2802067e-08,0.00029011595,1.890009,1.8952106,1.6738485,1.7069598,271.78647,281.8129,292.57022,283.06635,276.01273,287.5659,299.0973,289.06354,267.61832,276.00302,286.02762,277.72775,8.394409,11.562866,13.069672,11.335785
Breda,51.586559,4.77596,12.533333333333333,4.933333333333334,0.0026095826,0.0021472464,0.0023925598,0.0025458506,0.00011604462,3.588597e-05,9.643345e-09,1.2663371e-05,4.652057,3.983504,3.4078553,3.9732716,278.03464,283.5679,292.2873,285.46878,280.75623,288.048,297.42148,289.38437,275.28012,278.92578,286.9278,281.73862,5.4761047,9.122223,10.493683,7.645752
Bremen,53.075161,8.80777,11.566666666666666,5.166666666666667,0.0025554055,0.0020447192,0.0025430631,0.0022143507,0.00021761295,5.10421e-05,1.3079844e-08,3.23691e-05,4.148878,3.602982,3.294108,3.7169924,276.8752,282.97824,291.96826,284.70718,279.2168,287.32693,297.17154,288.45312,274.4651,278.52148,286.6395,281.1738,4.751709,8.80545,10.532043,7.2793274
Brescia,45.52478,10.22727,25.3,9.566666666666666,0.00215722,0.0027256636,0.00298759,0.0034991151,0.00063734816,0.00026638882,1.9517308e-06,0.0002058352,1.4041535,1.5207441,1.3651502,1.3696345,275.40668,284.67905,295.62018,286.09738,279.00595,289.4628,300.7016,290.2173,272.25745,279.87653,290.63638,282.34775,6.7485046,9.586273,10.065216,7.8695374
Brest,48.400002,-4.48333,0.5,0.3,0.003712204,0.0027822577,0.0016864765,0.003070742,4.1263556e-05,4.986589e-06,5.9068372e-09,4.787551e-06,6.087368,5.5451436,4.3832,5.054175,280.89902,283.63586,290.5401,286.94705,283.2596,286.9167,294.22968,289.96176,278.39322,280.26257,286.85852,284.01102,4.866394,6.654114,7.371155,5.9507446
Brighton,50.828381,-0.13947,2.533333333333333,1.7333333333333334,0.0023406327,0.0019442592,0.0016607604,0.0024957133,0.00010878834,2.472116e-05,2.4422213e-09,1.0799926e-05,5.038289,4.529879,3.7580934,4.367463,278.86325,282.92612,291.0304,285.76028,281.477,286.75778,295.40295,289.20215,276.09714,278.97495,286.48654,282.26462,5.3798523,7.782837,8.916412,6.9375305
Bristol,51.455231,-2.59665,2.066666666666667,1.5333333333333334,0.0027947181,0.0025181428,0.001974063,0.0027963207,0.00013697968,4.754449e-05,4.794227e-09,8.549387e-06,4.7239366,4.3988547,3.6588683,4.147248,278.42923,282.4904,290.54333,284.95114,281.1637,286.55988,295.18295,288.3906,275.52652,278.33252,285.74448,281.46066,5.6371765,8.227356,9.438477,6.9299316
Brno,49.195221,16.60796,23.333333333333332,6.9,0.0013092391,0.001685645,0.0023678811,0.0015856527,0.00048827182,0.000111825095,1.421217e-08,5.8453927e-05,3.3721237,3.2535214,2.8820682,3.0620458,274.4628,283.54718,293.93967,284.48102,276.77582,288.31015,299.54807,288.58072,272.07263,278.5504,288.1676,280.62692,4.703186,9.759735,11.380463,7.9537964
Brugge,51.20892,3.22424,3.566666666666667,1.9333333333333333,0.00272617,0.0021663045,0.0025257394,0.0027443222,9.7017684e-05,3.0118223e-05,6.6094885e-09,4.0703057e-06,5.4602633,4.6998286,3.966703,4.716046,278.21497,283.36038,291.8646,286.1251,280.49103,286.8625,295.83215,289.2917,275.9147,279.7773,287.63,283.06512,4.5763245,7.0851746,8.202148,6.2265625
Brussels,50.850449,4.34878,13.9,5.2,0.002589637,0.0021985914,0.0023631281,0.002310223,0.00012130644,4.141603e-05,1.0556344e-08,1.8311173e-05,4.6672015,3.9795449,3.3743317,3.9968097,278.01367,283.85175,292.67523,285.7657,280.6903,288.20892,297.78842,289.6271,275.33502,279.35852,287.3691,282.1085,5.3552856,8.850403,10.419312,7.5186157
Bucharest,44.432251,26.10626,77.53333333333333,29.466666666666665,0.0021351697,0.001979224,0.0021003366,0.0015946768,0.0009779473,0.00012615505,1.3260214e-08,8.552443e-05,2.7127154,2.7099636,2.2337348,2.4118218,274.8514,285.97897,297.92496,287.05615,278.39566,291.96323,304.90234,293.02753,271.35083,279.93655,290.8696,281.50836,7.0448303,12.026672,14.032745,11.519165
Budapest,47.498009,19.039909,46.53333333333333,14.566666666666666,0.0011832312,0.0016916938,0.0019966462,0.0016268155,0.00030415755,5.364611e-05,1.1040178e-08,4.849245e-05,2.8257995,2.812301,2.6105564,2.6665978,274.66953,284.88287,295.69058,285.63086,278.13806,290.56253,302.29672,291.0459,271.0993,278.9539,288.7118,280.57413,7.0387573,11.608643,13.58493,10.471771
Burgos,42.349998,-3.7,36.3,12.833333333333334,0.0020443795,0.0019668834,0.0009743909,0.0016246638,0.00042469832,0.000121082274,8.389425e-08,6.243002e-05,3.1054947,3.1514254,2.6420836,2.7773795,277.48346,282.96414,292.74197,286.0529,281.61462,288.6429,300.4452,292.13925,273.60712,277.38217,285.57578,280.58838,8.007507,11.260742,14.869415,11.550873
Bydgoszcz,53.123501,18.00762,12.133333333333333,4.5,0.001581425,0.001451577,0.0022638105,0.0014557607,0.00050020753,0.0001022209,1.2602737e-08,7.87784e-05,3.8723361,3.2869978,3.116305,3.5328546,275.21985,282.8153,292.6651,283.92224,277.3457,287.16153,297.63724,287.54404,272.91623,278.0853,287.28284,280.32965,4.429474,9.076233,10.354401,7.214386
Cagliari,39.207378,9.13462,61.3,31.966666666666665,0.002511358,0.0015208294,0.0002406,0.0021503768,1.859668e-05,2.2036079e-07,3.5525652e-10,6.533318e-08,3.274233,3.3061812,2.731093,2.7739305,283.91733,287.89597,298.41074,292.73212,287.7284,292.3076,303.4691,296.95233,280.5437,283.791,293.5097,289.05066,7.1846924,8.516602,9.959381,7.9016724
Cambridge,52.200001,0.11667,4.166666666666667,2.533333333333333,0.00170282,0.0016554341,0.0017848935,0.0017546908,0.00010830734,2.816368e-05,7.308786e-09,7.88325e-06,5.0333843,4.5117674,3.7506187,4.4104595,278.15527,282.67593,290.70193,285.06247,280.99783,287.0433,295.87323,288.83453,275.22696,278.29852,285.47913,281.33304,5.770874,8.7447815,10.394104,7.5014954
Cardiff,51.48,-3.18,1.2333333333333334,1.0666666666666667,0.003465865,0.0028406319,0.0022257126,0.0034044671,0.00019120771,7.721812e-05,4.1698986e-09,1.4438283e-05,4.8309383,4.457947,3.731446,4.2473135,278.51785,282.34665,290.2155,284.91977,281.19458,286.28476,294.69485,288.28375,275.66678,278.30832,285.56412,281.50015,5.5278015,7.9764404,9.130737,6.7836
Cartagena,37.605122,-0.98623,38.0,19.133333333333333,0.0010897914,0.000629185,0.00021711967,0.0012840127,1.3184116e-06,6.5964207e-07,8.7995466e-10,3.1090696e-07,4.05847,4.153298,3.6616962,3.877582,285.85022,289.7124,298.64163,293.78458,289.37338,293.19763,301.90668,297.1421,282.94885,286.18704,295.24503,290.856,6.42453,7.0105896,6.6616516,6.2861023
Catania,37.502129,15.08719,55.06666666666667,25.7,0.0023846873,0.0009908709,0.0002469712,0.0019173484,6.231532e-05,1.0742681e-05,4.6638504e-10,2.8600348e-07,2.3508883,2.2845755,1.6693585,1.778588,284.23102,288.3012,299.30777,293.19427,286.8774,291.56732,303.10434,296.25247,281.85187,285.176,295.44815,290.5469,5.025543,6.391327,7.656189,5.7055664
Chemnitz,50.833328,12.91667,19.1,5.933333333333334,0.002155106,0.0021845964,0.0029906824,0.0020755157,0.00068202714,0.00019727276,1.9615253e-08,8.871538e-05,3.9906933,3.2371848,2.902973,3.400915,275.1181,283.05844,293.0471,284.26498,277.55566,287.81473,298.60217,288.35754,272.6501,278.2338,287.34393,280.452,4.9055786,9.580933,11.25824,7.905548
Chişinău,47.005562,28.8575,45.666666666666664,16.366666666666667,0.0013086846,0.0016365054,0.0018506072,0.001435132,0.000674324,0.0001840196,8.751466e-09,0.000118957934,3.2230723,3.0861282,2.7787712,2.9986136,273.4953,284.36368,296.82272,285.505,276.02078,288.9017,302.17093,289.86023,270.69907,279.64368,291.14542,281.2352,5.3217163,9.258026,11.025513,8.6250305
Clermont-Ferrand,45.779659,3.08628,22.533333333333335,7.1,0.0021968526,0.0026355004,0.0025553843,0.0026055886,0.0003060242,0.00014405967,2.8792778e-08,5.590305e-05,3.0396948,3.0331702,2.3270812,2.7588484,275.97833,282.38074,292.3265,284.85736,279.91312,287.87445,298.74222,290.09067,272.38715,276.94824,285.8469,280.1904,7.5259705,10.9262085,12.895325,9.900269
Cluj-Napoca,46.76667,23.6,22.666666666666668,9.233333333333333,0.0014615505,0.0023494351,0.0026726495,0.001776738,0.00074263697,0.00024453533,9.238117e-08,0.00014731546,1.9917663,2.1476226,1.8855212,1.9011478,272.1891,282.62552,293.2336,283.68625,275.83823,287.97968,299.42072,289.31052,268.4025,277.0739,286.82132,278.62833,7.43573,10.905762,12.599396,10.68219
Coimbra,40.205639,-8.41955,55.8,18.466666666666665,0.003340918,0.0020165343,0.00065403926,0.0024112693,6.2997316e-07,2.1226894e-07,2.9063527e-09,8.185228e-09,3.2122922,3.374317,3.2114108,2.803599,284.226,288.2758,295.56656,291.1567,288.87213,293.9107,302.42978,296.9913,280.3148,283.06558,289.42615,286.52512,8.557343,10.845123,13.003632,10.466187
Como,45.809978,9.08744,3.8333333333333335,2.4,0.002563928,0.0044004493,0.00479258,0.005140121,0.0013534193,0.0011001778,4.2436e-05,0.00059399725,1.3802218,1.378878,1.2641858,1.2097822,274.34198,281.56482,292.27023,283.66602,277.6887,285.81097,297.0488,287.43448,271.36584,277.28928,287.48737,280.2431,6.3228455,8.521698,9.561432,7.1913757
Constanţa,44.183331,28.65,44.93333333333333,16.033333333333335,0.0012011677,0.0012570651,0.0012664373,0.0016791136,0.0004057002,7.6759476e-05,4.9857865e-09,4.3809978e-05,4.260137,3.6440585,3.1722445,3.6312613,276.39127,285.45303,297.33524,287.84726,279.46777,289.8024,302.3753,292.1879,273.29684,281.15826,292.23822,283.8222,6.170929,8.6441345,10.137085,8.365692
Copenhagen,55.675941,12.56553,1.1333333333333333,0.8,0.0017438143,0.0015113556,0.0021705288,0.0020211213,0.0002974521,7.787893e-05,5.3607434e-09,3.6117675e-05,5.29954,4.5595345,4.195204,4.8814244,275.795,281.71286,291.3876,284.03885,277.80228,285.17953,295.37308,286.85654,273.53787,277.88422,286.74228,281.1003,4.2644043,7.2953186,8.630798,5.7562256
Cork,51.897968,-8.47061,0.0,0.0,0.00394518,0.0031754824,0.0025208937,0.0039695282,0.00010322324,1.3937848e-05,6.0663194e-09,3.6342237e-05,4.968667,4.5663457,3.726788,4.4057117,279.5851,282.09195,288.89896,284.71478,282.1033,285.63672,292.64493,287.71945,276.98526,278.54422,285.10062,281.72162,5.118042,7.092499,7.5443115,5.9978333
Coventry,52.406559,-1.51217,3.933333333333333,2.533333333333333,0.002048785,0.0020200661,0.002090651,0.0020421995,0.00017089874,5.8200618e-05,1.00376365e-08,8.4001285e-06,4.987454,4.5280156,3.8111644,4.4081483,278.13565,282.43704,290.47946,284.7669,280.98242,286.6889,295.61508,288.4396,275.2126,278.17688,285.30228,281.1132,5.7698364,8.512024,10.312805,7.326416
Córdoba,37.883331,-4.76667,125.33333333333333,80.36666666666666,0.0018569017,0.0011804181,0.00033300216,0.0017476308,4.5712477e-06,1.2002457e-07,1.8909347e-09,3.3568264e-07,2.4619374,2.546106,2.3206391,2.20559,282.5945,289.63977,300.76166,292.1815,288.6409,297.21933,309.4516,299.13663,277.3981,282.0653,291.69385,285.806,11.242798,15.154022,17.757751,13.330627
Debrecen,47.533329,21.633329,49.06666666666667,15.7,0.0011281144,0.0017478768,0.0019489806,0.0015554066,0.00022014978,3.8897033e-05,9.071365e-09,3.2401516e-05,2.717365,2.7553885,2.4453819,2.5212924,274.71222,285.34744,296.23157,286.10806,277.95142,290.74957,302.5272,291.30905,271.41946,279.83963,289.76807,281.3657,6.531952,10.909943,12.759125,9.943359
Derby,52.922771,-1.47663,2.533333333333333,1.7666666666666666,0.0023975717,0.002190966,0.0022318477,0.0023430265,0.0003108412,0.00012280374,1.0246974e-08,2.0618854e-05,5.0524325,4.5769777,3.867727,4.480864,277.87018,281.99738,289.95642,284.3862,280.519,285.9626,294.7462,287.7586,275.1832,278.04892,285.13138,281.0531,5.3358154,7.913666,9.614807,6.7055054
Dijon,47.316669,5.01667,29.0,8.5,0.002626506,0.0028212545,0.0021979369,0.0026224959,0.00018597727,3.736544e-05,1.9714362e-08,3.7234873e-05,3.4654026,3.328287,2.7538416,3.1197863,276.8996,284.39996,294.2563,285.90054,279.86026,289.28503,300.16794,290.32138,273.9771,279.43787,288.2856,281.8893,5.883148,9.847168,11.882324,8.432068
Donostia / San Sebastián,43.312832,-1.97499,5.6,2.466666666666667,0.004572106,0.0038469422,0.0020756063,0.003833496,8.245352e-05,1.5036168e-05,5.1611516e-07,9.063651e-06,4.7107882,4.251807,3.3942785,4.0612283,282.90958,286.2628,294.17618,290.09482,285.57278,289.4158,297.59277,293.3542,280.4184,283.15732,290.8873,287.14627,5.1543884,6.258484,6.705475,6.2079163
Dortmund,51.514938,7.466,14.866666666666667,5.4,0.003489758,0.002670705,0.0026704941,0.0028526667,0.00045094802,0.000108720575,1.1700993e-08,4.4141336e-05,4.3769093,3.6674733,3.2066927,3.825929,276.9552,283.42078,292.47015,285.12836,279.1899,287.58185,297.48285,288.67566,274.6886,279.1413,287.35117,281.8462,4.5013123,8.440552,10.131683,6.829468
Dresden,51.050892,13.73832,20.233333333333334,6.166666666666667,0.002301434,0.0022228856,0.003087655,0.0020655885,0.0007860296,0.00021079398,1.6549334e-08,9.183366e-05,3.7541432,3.1166067,2.796702,3.2079992,275.04044,283.23224,293.31784,284.37277,277.48532,288.0475,298.82898,288.42853,272.53668,278.2642,287.57022,280.53458,4.948639,9.783295,11.258759,7.8939514
Dublin,53.333061,-6.24889,0.0,0.0,0.0030119014,0.0027744195,0.002296428,0.003315749,0.00013917881,3.392713e-05,8.964171e-09,4.408352e-06,5.109079,4.5437794,3.714179,4.5722957,279.17,281.90314,289.0143,284.5657,281.80545,285.51572,293.1042,287.70032,276.5487,278.3676,284.9899,281.44727,5.2567444,7.148102,8.114288,6.2530518
Duisburg,51.432468,6.76516,17.4,6.166666666666667,0.0027495923,0.0022843012,0.0023562973,0.0023762058,0.00019103865,3.980772e-05,1.0717056e-08,1.3541424e-05,4.2859883,3.6408653,3.1792343,3.7438715,277.8421,283.99258,292.9526,285.7576,280.1847,288.27347,298.11813,289.45377,275.5035,279.6273,287.7259,282.33258,4.681183,8.646179,10.392242,7.1211853
Düsseldorf,51.221722,6.77616,19.066666666666666,6.866666666666666,0.002848384,0.0023809494,0.0024645955,0.0024138195,0.00020712236,3.9414725e-05,1.1080035e-08,1.5063934e-05,4.2662945,3.6214936,3.1496255,3.7354147,277.88654,284.27823,293.32727,286.03806,280.21732,288.54816,298.5075,289.74527,275.5703,279.93256,288.1298,282.63455,4.647003,8.615601,10.377716,7.110718
Eastbourne,50.768711,0.28453,1.6,1.3333333333333333,0.0026780653,0.0019592743,0.0017237312,0.0028563521,0.00010931257,2.2791335e-05,6.459105e-11,8.5212105e-06,5.283539,4.6938725,3.9027154,4.5659604,279.61487,283.21756,291.21713,286.49594,281.7996,286.3869,294.66696,289.29782,277.2738,279.9121,287.56805,283.6085,4.5257874,6.4747925,7.0989075,5.689331
Edinburgh,55.952061,-3.19648,0.03333333333333333,0.03333333333333333,0.0026066853,0.002206717,0.0022340526,0.0027991598,0.00041049253,0.00016234779,8.630193e-09,6.479249e-05,5.027742,4.480687,3.72886,4.4702063,277.2779,280.84726,288.13156,283.19363,279.8828,284.5475,292.43265,286.35178,274.6108,277.06006,283.7458,280.02988,5.272003,7.4874268,8.686859,6.3218994
Eindhoven,51.44083,5.47778,15.033333333333333,5.5,0.0026308375,0.0021513195,0.0022914473,0.002328518,0.00013231208,3.5575205e-05,1.0169066e-08,1.6549102e-05,4.4565587,3.7903442,3.2512674,3.8073664,277.8576,283.64285,292.37576,285.34647,280.64587,288.3035,297.8593,289.45978,275.05078,278.82553,286.7073,281.46387,5.595093,9.477966,11.152008,7.9959106
Elche,38.26218,-0.70107,106.8,62.63333333333333,0.0006758886,0.00059280545,0.00028098468,0.0011328973,5.271131e-06,6.59885e-06,2.4755182e-09,4.621766e-08,2.7566614,2.708313,2.4106672,2.3636222,285.22983,290.37286,300.30826,293.71014,291.26715,296.82782,306.51144,299.6327,280.13007,284.15848,294.26227,288.54495,11.137085,12.669342,12.249176,11.087738
Erfurt,50.978699,11.03283,12.633333333333333,4.733333333333333,0.0019805864,0.002092253,0.0022813836,0.0020571018,0.0004884784,0.00013612583,1.1542443e-08,5.884418e-05,3.8415356,3.2342613,2.8759198,3.3230236,275.12473,282.3651,292.08304,283.87665,277.5215,286.8427,297.26202,287.7866,272.70245,277.73395,286.7216,280.23538,4.8190613,9.108765,10.540436,7.5512085
Espoo,60.2052,24.652201,3.1,1.7666666666666666,0.0026524286,0.0015045676,0.0023566496,0.0026615905,0.0016533496,0.00037909162,5.3277766e-08,0.0002483765,4.1709275,3.503155,3.3399382,3.9015324,271.3076,278.4491,290.683,280.5965,273.5989,282.80692,295.59442,283.64993,268.6127,273.48227,284.86932,277.26617,4.986206,9.324646,10.725098,6.3837585
Essen,51.45657,7.01228,17.033333333333335,6.066666666666666,0.003046231,0.0024657324,0.0025150704,0.0025901527,0.0002712879,6.1117426e-05,1.1206823e-08,2.224005e-05,4.3361673,3.665864,3.2011862,3.788213,277.61053,283.86557,292.84634,285.62793,279.89554,288.07712,297.92053,289.24414,275.31757,279.5579,287.69226,282.2792,4.5779724,8.519226,10.2282715,6.9649353
Ferrara,44.826778,11.62071,63.86666666666667,24.033333333333335,0.0017556245,0.0017314014,0.0018535148,0.0023230114,0.00022907538,5.0938383e-05,8.906803e-08,5.7316254e-05,1.966104,2.1738498,1.9074283,1.9593817,277.512,287.43533,298.6511,288.715,281.1904,292.52237,304.16882,293.20166,274.4107,282.56436,293.33868,284.79086,6.7796936,9.958008,10.830139,8.410797
Firenze,43.76667,11.25,48.333333333333336,18.966666666666665,0.0026113007,0.002107584,0.0015293664,0.003154208,0.00026160353,3.0729185e-05,2.835649e-09,3.596294e-05,2.1068685,2.0958712,1.694672,1.8921485,278.86044,285.8083,296.8526,288.39005,282.24078,290.5657,302.60114,292.7438,275.75882,281.0677,291.01746,284.42087,6.481964,9.498016,11.583679,8.322937
Frankfurt am Main,50.11552,8.68417,24.866666666666667,7.833333333333333,0.0022085167,0.002112,0.0021570935,0.0021185197,0.00026525022,4.60599e-05,1.1040866e-08,1.8736115e-05,3.3769355,3.0454223,2.6420987,2.9313722,276.04785,283.98392,293.62827,285.08386,278.70694,288.96713,299.40314,289.28073,273.42963,278.93787,287.84854,281.29364,5.277313,10.029266,11.554596,7.987091
Freiburg,47.995899,7.85222,17.266666666666666,5.666666666666667,0.0034735734,0.0031983992,0.0032095262,0.0031143306,0.0008262688,0.00021033776,8.455822e-06,7.748914e-05,2.6007643,2.426487,2.0263395,2.1915848,275.27817,282.81543,292.84268,284.39548,277.89465,287.4062,298.3708,288.38,272.80142,278.3471,287.4111,280.94983,5.093231,9.059082,10.959686,7.430176
Gdańsk,54.352051,18.64637,3.2,1.9,0.0020357084,0.0015639435,0.00234548,0.0020904434,0.0006781485,0.00015924027,7.481522e-09,8.5418724e-05,5.2744136,4.2277813,3.9900815,4.7584295,274.61044,281.85095,291.64853,283.54343,276.64072,285.5302,295.73447,286.65866,272.35327,277.59305,286.80774,280.3738,4.287445,7.9371643,8.926727,6.284851
Gdynia,54.51889,18.531879,3.2,1.9,0.0020357084,0.0015639435,0.00234548,0.0020904434,0.0006781485,0.00015924027,7.481522e-09,8.5418724e-05,5.2744136,4.2277813,3.9900815,4.7584295,274.61044,281.85095,291.64853,283.54343,276.64072,285.5302,295.73447,286.65866,272.35327,277.59305,286.80774,280.3738,4.287445,7.9371643,8.926727,6.284851
Gelsenkirchen,51.5075,7.12283,17.033333333333335,6.066666666666666,0.003046231,0.0024657324,0.0025150704,0.0025901527,0.0002712879,6.1117426e-05,1.1206823e-08,2.224005e-05,4.3361673,3.665864,3.2011862,3.788213,277.61053,283.86557,292.84634,285.62793,279.89554,288.07712,297.92053,289.24414,275.31757,279.5579,287.69226,282.2792,4.5779724,8.519226,10.2282715,6.9649353
Gent,51.049999,3.71667,9.433333333333334,4.1,0.0024798436,0.0020296476,0.002331957,0.0024176098,0.0001303478,3.4205696e-05,8.397128e-09,9.722675e-06,4.6860347,4.080351,3.3898997,4.00755,277.82553,283.5826,292.29236,285.86026,280.31198,287.6872,297.00815,289.43683,275.36978,279.3987,287.31448,282.44745,4.9421997,8.288483,9.693665,6.98938
Gijón,43.535728,-5.66152,9.233333333333333,4.466666666666667,0.003665788,0.0032652786,0.0016177323,0.0033837757,0.00036439515,0.00014331656,1.0846894e-06,3.1744108e-05,2.6606476,2.676481,2.2506676,2.370979,281.09537,284.92654,293.02582,288.18115,285.1312,289.83444,298.56577,293.18973,277.3221,279.94376,287.4399,283.51492,7.809082,9.890686,11.1258545,9.674805
Glasgow,55.86515,-4.25763,0.0,0.0,0.0054311343,0.0038152025,0.0029863329,0.005480511,0.0008666829,0.00035109994,9.184337e-09,0.000102233425,4.242163,3.9721634,3.254939,3.819011,276.59036,280.18683,287.4581,282.47275,278.79135,283.7067,291.48886,285.244,274.27628,276.49387,283.18927,279.62555,4.5150757,7.2128296,8.299591,5.6184387
Granada,37.188171,-3.60667,85.0,51.233333333333334,0.0017543748,0.001016576,0.0002736397,0.0015134041,0.00015287026,3.0224042e-05,3.1612757e-10,8.652402e-06,1.6469253,1.7731557,1.5525712,1.5975593,281.2686,287.35825,298.49298,290.3492,286.82672,293.59668,305.48715,296.53778,276.48886,280.63412,290.40344,284.60797,10.33786,12.962555,15.08371,11.92981
Graz,47.066669,15.45,16.966666666666665,5.5,0.0017270817,0.0025354242,0.004193703,0.0027261423,0.0010138244,0.00032547367,2.3559992e-06,0.00021792873,1.7955226,2.0223367,1.6412084,1.626773,273.457,282.9121,293.26102,283.97113,276.7301,288.19775,298.8384,288.7167,270.39462,277.6743,287.66278,279.76074,6.3354797,10.523468,11.175629,8.955963
Grenoble,45.166672,5.71667,7.566666666666666,3.7333333333333334,0.003015377,0.0031240322,0.0024165916,0.0036024193,0.0013748427,0.00051596115,1.7457762e-06,0.00027388314,1.6222566,1.7567441,1.7115067,1.586813,275.1378,281.50052,292.16257,284.0763,278.2082,285.87076,297.40588,287.86328,272.23532,276.89877,286.46414,280.46918,5.97287,8.971985,10.941742,7.394104
Groningen,53.21917,6.56667,5.033333333333333,2.6333333333333333,0.0027878266,0.0020728456,0.002710326,0.0028051848,0.00024779784,3.6783047e-05,1.4394843e-09,1.0290798e-05,5.1073704,4.4620457,3.905908,4.494054,277.25775,282.5783,290.9595,284.65158,279.73166,286.79465,295.82083,288.43985,274.6929,278.1752,285.6603,281.0198,5.0387573,8.619446,10.160522,7.420044
Göteborg,57.707161,11.96679,1.3,1.0,0.003063272,0.0022232395,0.0028105332,0.0032598996,0.000717566,0.00024506138,6.9251977e-09,7.366352e-05,4.274453,3.7266622,3.4524329,4.1078706,274.87387,280.57266,290.60547,282.88177,276.91382,284.13336,294.56152,285.64423,272.50314,276.64102,285.98798,280.02322,4.410675,7.49234,8.573547,5.621002
Haarlem,52.38084,4.63683,0.23333333333333334,0.23333333333333334,0.003084503,0.0021996787,0.0026744779,0.003342229,0.000114040704,2.3976703e-05,6.002216e-09,4.536718e-06,6.9266725,5.6817856,4.779176,5.975587,278.4506,282.80878,290.88376,285.93524,280.3606,285.75964,294.0941,288.54013,276.43372,279.6666,287.25845,283.32248,3.92688,6.093048,6.8356323,5.2176514
Hagen,51.360809,7.47168,14.866666666666667,5.4,0.003489758,0.002670705,0.0026704941,0.0028526667,0.00045094802,0.000108720575,1.1700993e-08,4.4141336e-05,4.3769093,3.6674733,3.2066927,3.825929,276.9552,283.42078,292.47015,285.12836,279.1899,287.58185,297.48285,288.67566,274.6886,279.1413,287.35117,281.8462,4.5013123,8.440552,10.131683,6.829468
Hamburg,53.575321,10.01534,8.966666666666667,4.0,0.002569228,0.0021023427,0.0026564917,0.0022720362,0.00029400506,8.095855e-05,1.3418946e-08,4.1754047e-05,4.222926,3.6772552,3.4231894,3.8090057,276.69846,282.61798,291.8759,284.54446,278.95123,286.67804,296.67566,288.06564,274.35056,278.40884,286.83844,281.1949,4.6006775,8.269196,9.837219,6.870758
Hannover,52.370522,9.73322,12.866666666666667,5.333333333333333,0.0024755956,0.002045638,0.0023939756,0.002057357,0.0002678207,6.335237e-05,1.1325909e-08,3.9623246e-05,4.0624266,3.485883,3.1901674,3.6073222,276.52887,282.86865,292.00787,284.50143,278.94055,287.2928,297.2822,288.32974,274.04462,278.29263,286.58408,280.91882,4.895935,9.000153,10.69812,7.410919
Harrogate,53.99078,-1.5373,0.7,0.6333333333333333,0.0025307476,0.00212687,0.0022180774,0.002417409,0.00044029087,0.00015224352,7.837176e-09,4.4501143e-05,5.015605,4.4900784,3.741185,4.410248,277.42435,281.35266,289.04395,283.8216,280.0313,285.1224,293.5019,287.0912,274.78296,277.51132,284.43253,280.5718,5.248352,7.611084,9.069366,6.5193787
Heidelberg,49.407681,8.69079,31.566666666666666,8.933333333333334,0.0022054678,0.0021767777,0.0022597776,0.0021925932,0.0002706013,4.3631928e-05,1.24977095e-08,2.3872004e-05,3.3136759,2.9644454,2.5533056,2.8449783,276.31155,284.48465,294.3722,285.5492,279.15134,289.6449,300.29962,289.9437,273.53006,279.32736,288.49402,281.64697,5.621277,10.317535,11.805603,8.296722
Helsinki,60.169521,24.93545,0.5333333333333333,0.4,0.002623525,0.0014650367,0.0021951708,0.0028643517,0.0015178357,0.0003081503,2.3600913e-08,0.00020711478,5.5601897,4.4002852,4.258056,5.3602824,272.15042,277.7659,290.532,281.62485,273.8054,280.67715,293.64114,283.73993,270.2428,274.46597,286.91483,279.3195,3.5625916,6.2111816,6.7263184,4.4204407
Hoofddorp,52.302502,4.68889,0.23333333333333334,0.23333333333333334,0.003084503,0.0021996787,0.0026744779,0.003342229,0.000114040704,2.3976703e-05,6.002216e-09,4.536718e-06,6.9266725,5.6817856,4.779176,5.975587,278.4506,282.80878,290.88376,285.93524,280.3606,285.75964,294.0941,288.54013,276.43372,279.6666,287.25845,283.32248,3.92688,6.093048,6.8356323,5.2176514
Hull,53.744598,-0.33525,1.5333333333333334,1.2666666666666666,0.0017238823,0.0017405108,0.0019395701,0.0017887023,0.00016752076,4.04344e-05,7.9405185e-09,5.250823e-06,5.38577,4.839075,4.050501,4.8466177,278.07068,282.12064,290.03125,284.69318,280.73703,285.88986,294.66214,288.07602,275.42773,278.3702,285.35953,281.40414,5.3092957,7.5196533,9.302612,6.671875
Innsbruck,47.262661,11.39454,0.9333333333333333,0.8333333333333334,0.002931696,0.0033363765,0.005755287,0.0034712476,0.0025844926,0.0018825196,0.00014650801,0.00092579355,1.338203,1.2935454,1.0878828,1.1813793,270.77124,277.44113,288.26236,280.20996,273.82278,281.3374,292.7221,283.8138,267.7138,273.45074,283.94693,277.0172,6.1089783,7.8866577,8.775177,6.7966003
Jerez de la Frontera,36.686451,-6.13606,94.2,44.63333333333333,0.0026957674,0.0011184079,0.0001908461,0.0021513773,4.1605958e-07,4.2358742e-08,2.759695e-10,2.0170224e-07,3.6357784,3.6976278,3.3764305,3.3605838,285.8664,290.8189,299.03906,293.97266,290.89258,296.65683,305.20486,299.41562,281.4837,285.04892,292.9082,289.1847,9.4088745,11.60791,12.296661,10.2309265
Kaliningrad,54.70649,20.51095,5.833333333333333,2.6666666666666665,0.002403407,0.0016748047,0.0027270177,0.0026019334,0.000758281,0.00014416434,7.453864e-09,6.9119626e-05,4.321499,3.5387697,3.3315406,3.9792082,274.05182,281.36472,291.95364,283.24374,275.93076,285.30197,296.22266,286.32855,271.9383,277.0185,287.153,280.10287,3.9924622,8.283478,9.069641,6.2256775
Karlsruhe,49.004719,8.38583,28.633333333333333,7.933333333333334,0.002742918,0.0025569643,0.0025552285,0.0025445942,0.0004700286,8.451929e-05,1.2933445e-08,4.1783147e-05,3.2409663,2.884848,2.4550104,2.7396915,276.08182,284.0362,294.04556,285.32333,278.89236,289.04343,299.89636,289.69888,273.31174,279.05212,288.26837,281.4531,5.5806274,9.9913025,11.627991,8.245789
Kassel,51.316669,9.5,10.166666666666666,4.366666666666666,0.0026709924,0.002268995,0.002352654,0.0023567465,0.00043108728,0.00010822232,9.093265e-09,4.823761e-05,3.8935695,3.2969558,2.908057,3.4178383,275.0374,281.99155,291.473,283.6156,277.2048,286.2187,296.52243,287.23654,272.85138,277.62997,286.30597,280.2452,4.353424,8.588715,10.216461,6.991333
Katowice,50.258419,19.02754,18.9,6.5,0.002239265,0.002220023,0.0028596695,0.0020048288,0.00090543524,0.00018113197,1.751654e-08,0.00011002426,3.8394494,3.2113173,2.78777,3.281118,274.60745,283.09085,293.14285,284.17316,277.20834,288.08313,298.74643,288.59372,271.77133,277.8054,287.21967,279.97757,5.4370117,10.2777405,11.526764,8.61615
Kaunas,54.900002,23.9,10.466666666666667,4.533333333333333,0.0019349348,0.0016294747,0.002566964,0.0019392729,0.00085731084,0.00017782114,1.321556e-08,9.71782e-05,3.8974557,3.3402417,3.0402734,3.6395338,272.88312,281.3122,292.3983,282.18204,274.79657,285.8266,297.5177,285.6177,270.65204,276.27017,286.68985,278.6121,4.1445312,9.556427,10.82785,7.005615
Kiel,54.321331,10.13489,1.6666666666666667,1.3,0.0025916426,0.0020413739,0.0028387243,0.0026077505,0.00025375924,6.298951e-05,8.175257e-09,4.1485084e-05,4.895777,4.2453017,3.9899817,4.462768,276.59628,282.17093,291.20657,284.42816,278.56732,285.59894,295.19205,287.31104,274.47964,278.58926,286.87955,281.59583,4.087677,7.009674,8.3125,5.71521
Kiev,50.454659,30.5238,28.433333333333334,9.266666666666667,0.0014144876,0.0015755892,0.0022641385,0.0016198498,0.0007532466,0.00017202638,1.1082077e-08,0.00017487761,3.9012003,3.4731534,3.0463908,3.5892253,272.39627,283.53903,295.62952,283.51694,274.39215,287.8721,300.5508,287.2811,270.11426,278.76288,290.20377,279.71722,4.277893,9.109222,10.347046,7.5638733
Košice,48.713951,21.25808,18.8,7.4,0.001470854,0.0021888684,0.0029340235,0.0018968477,0.0007459017,0.00012197799,2.704664e-08,0.00012592797,2.3762896,2.5319934,2.2132695,2.1522107,272.45773,282.29303,292.77618,283.23477,275.07217,287.40393,298.72705,288.05173,269.80255,276.97784,286.50797,278.70612,5.269623,10.426086,12.219086,9.345612
Kraków,50.061432,19.936581,17.0,6.066666666666666,0.0019032741,0.0024671452,0.0032109995,0.0020417112,0.00098057,0.00034250919,1.5882451e-08,0.00015950558,3.2818835,2.8503637,2.5114279,2.8009999,273.27222,282.12708,292.39374,283.26746,276.17957,287.2529,298.26117,288.0304,270.14603,276.68228,286.20712,278.7629,6.033539,10.570618,12.054047,9.267487
Krasnodar,45.044842,38.976028,60.5,26.5,0.0029909075,0.0023727035,0.0019870093,0.0022574805,0.00051193,0.000107416854,1.1033718e-08,5.5436278e-05,3.854471,3.3446977,2.8435495,3.241194,276.71332,286.0015,298.76648,288.1037,279.80872,290.23453,303.37784,292.31836,273.67426,281.6156,293.9013,284.1656,6.1344604,8.618927,9.476532,8.152771
Krefeld,51.339211,6.58615,17.0,5.966666666666667,0.0026872596,0.002229324,0.002290626,0.0023204621,0.000173842,3.7258615e-05,1.0188326e-08,1.3448444e-05,4.2898917,3.6458745,3.187915,3.7355387,277.8584,283.92346,292.8683,285.67776,280.28818,288.32758,298.15027,289.50732,275.424,279.4229,287.50684,282.11414,4.8641663,8.904663,10.643433,7.3931885
Köln,50.933331,6.95,18.3,6.833333333333333,0.0029314877,0.002470099,0.0024959114,0.0024759164,0.00031468386,7.34312e-05,1.0503872e-08,2.6335212e-05,4.2436824,3.583312,3.0937865,3.7103736,277.31992,283.92007,293.06918,285.6425,279.6531,288.2157,298.26727,289.37268,274.99677,279.54266,287.82498,282.23334,4.6563416,8.673035,10.442291,7.1393433
L'viv,49.838261,24.023239,18.766666666666666,6.8,0.0015248745,0.0021894563,0.0027427939,0.0017583709,0.00069766166,0.00021063979,1.4724888e-08,0.0001321754,4.05248,3.424743,2.9122803,3.5316803,272.93158,282.75522,293.526,283.5584,275.23697,287.37708,298.87253,287.86816,270.29846,277.75104,287.8671,279.3892,4.938507,9.626038,11.005432,8.478973
La Spezia,44.110538,9.84339,10.866666666666667,5.333333333333333,0.0033651958,0.0023706055,0.0015428264,0.0044828574,0.00016455202,5.1491148e-05,7.349907e-07,7.107434e-05,2.8292685,2.5489953,1.9828432,2.516793,280.28287,285.60272,295.91022,289.00418,282.8867,288.8326,299.4743,291.9759,277.9224,282.3649,292.24353,286.2567,4.9642944,6.4677124,7.230774,5.7191772
Lausanne,46.515999,6.63282,9.466666666666667,4.366666666666666,0.004801755,0.004282685,0.0036354174,0.004198102,0.0019502876,0.0009452446,5.6258203e-05,0.0003873599,1.9908494,1.8938298,1.6406007,1.7851198,274.68338,281.81412,291.8017,283.6944,277.32495,286.4406,297.6967,287.81335,272.18616,277.27408,285.93564,280.01132,5.138794,9.166534,11.761047,7.8020325
Le Havre,49.493801,0.10767,1.9,1.2666666666666666,0.0029604104,0.002359513,0.0021728536,0.0029371595,6.154833e-05,1.3737791e-05,1.6001971e-08,6.0402535e-06,5.5900483,4.877673,4.0362806,4.8974066,279.87225,283.7872,291.81592,287.05075,282.1263,286.89066,295.43463,290.11383,277.59503,280.68518,288.11703,284.1484,4.5312805,6.205475,7.3175964,5.9654236
Le Mans,48.0,0.2,20.933333333333334,7.0,0.002738023,0.0023858435,0.0017335016,0.0023681275,5.0571056e-05,1.4163045e-05,8.311591e-09,3.5883202e-06,3.9135516,3.745652,3.0914803,3.4018638,278.83432,284.3863,293.2081,286.62305,281.9231,289.09317,298.92642,291.18805,275.76086,279.6307,287.30215,282.30386,6.1622314,9.462463,11.624268,8.884186
Lecce,40.357029,18.17202,83.93333333333334,45.666666666666664,0.002183635,0.0013457696,0.0005418184,0.0025772164,5.6766085e-06,1.5858394e-06,1.9087327e-09,1.0092595e-07,4.050793,3.6507866,3.1078808,3.4286513,283.61975,288.89563,300.1469,292.75592,287.1374,293.35126,305.2935,297.12506,280.21576,284.54205,294.91458,288.9338,6.921631,8.809204,10.378906,8.191254
Leeds,53.796478,-1.54785,1.2333333333333334,0.8,0.0025575657,0.0022017448,0.0022783678,0.0023673691,0.0004446693,0.00016482128,9.841907e-09,3.8604507e-05,4.962205,4.4667263,3.78115,4.4115067,277.7613,281.6946,289.53635,284.17365,280.35226,285.46616,294.05374,287.40564,275.16916,277.91672,284.9236,280.99252,5.1831055,7.5494385,9.130127,6.4131165
Leicester,52.638599,-1.13169,4.166666666666667,2.566666666666667,0.0018571445,0.0018808299,0.001936558,0.0018540251,0.00015472507,4.5554963e-05,8.624705e-09,7.392582e-06,5.117342,4.610378,3.8878229,4.5251284,278.00104,282.40518,290.47015,284.73337,280.89804,286.77985,295.77444,288.54065,275.039,278.04523,285.15582,280.96835,5.8590393,8.734619,10.618622,7.572296
Leipzig,51.339619,12.37129,22.333333333333332,6.733333333333333,0.0016252921,0.0016895932,0.0022068876,0.0016081253,0.00029490478,7.203342e-05,1.2939258e-08,3.3394423e-05,3.92607,3.2426188,2.943839,3.3918712,275.97015,283.7544,293.5868,284.91223,278.43048,288.5445,299.14368,289.02924,273.50156,278.90735,287.89685,281.07047,4.9289246,9.637146,11.246826,7.9587708
Leuven,50.879589,4.70093,15.066666666666666,5.566666666666666,0.0025507624,0.0021932907,0.0023205653,0.002258458,0.00012655127,3.9491548e-05,9.6091535e-09,1.9189314e-05,4.6220922,3.9260595,3.3275206,3.9555,277.85083,283.82385,292.71747,285.6963,280.5489,288.30692,297.95636,289.62158,275.14862,279.17792,287.27698,281.9784,5.4002686,9.128998,10.679382,7.6431885
Leverkusen,51.0303,6.98432,18.3,6.833333333333333,0.0029314877,0.002470099,0.0024959114,0.0024759164,0.00031468386,7.34312e-05,1.0503872e-08,2.6335212e-05,4.2436824,3.583312,3.0937865,3.7103736,277.31992,283.92007,293.06918,285.6425,279.6531,288.2157,298.26727,289.37268,274.99677,279.54266,287.82498,282.23334,4.6563416,8.673035,10.442291,7.1393433
Lille,50.632969,3.05858,8.066666666666666,3.6666666666666665,0.0025933096,0.002226997,0.0022889336,0.0024828718,0.00011595625,2.9116978e-05,8.169787e-09,9.113871e-06,4.6282907,4.0878124,3.352856,3.949914,277.9028,283.50873,291.93073,285.72595,280.43945,287.63492,296.80896,289.45767,275.38763,279.29086,286.81335,282.14075,5.051819,8.344055,9.995605,7.316925
Limoges,45.831532,1.2578,36.3,9.833333333333334,0.0032094007,0.003263436,0.0022558093,0.0029395518,5.326571e-05,1.5226431e-05,1.6524679e-08,1.5718757e-05,3.5431607,3.358349,2.6709,3.173276,278.34277,284.5308,294.0629,286.89636,281.99103,289.75244,300.4476,292.14365,274.9867,279.39008,287.59567,282.1666,7.0043335,10.362366,12.851929,9.977051
Lisbon,38.716671,-9.13333,54.06666666666667,16.366666666666667,0.0022154762,0.001221109,0.00026548147,0.0018855267,3.3484838e-07,1.001229e-08,5.689147e-10,2.816511e-09,3.7166767,3.9947171,4.2638326,3.416107,285.6287,289.67087,296.55643,292.55203,289.65894,294.6721,302.54315,297.3999,282.2087,285.18488,291.54315,288.6954,7.450226,9.487213,11.0,8.704498
Liverpool,53.41058,-2.97794,0.4666666666666667,0.4,0.0029142357,0.0024087687,0.0024461357,0.0030914722,0.00014787253,7.084621e-05,8.778492e-09,1.1366985e-05,5.2585144,4.6563787,3.9605725,4.684324,278.22946,281.8793,289.49918,284.42148,280.79987,285.4902,293.58582,287.52917,275.5546,278.16006,285.27353,281.26913,5.24527,7.330139,8.312286,6.2600403
Livorno,43.542641,10.316,53.13333333333333,25.033333333333335,0.0023771836,0.0017522376,0.001253444,0.0032157463,2.992978e-05,4.528199e-06,6.051389e-08,7.34809e-06,2.785841,2.5090165,1.9818126,2.4553974,280.8971,286.941,297.66034,290.0475,284.5899,291.59027,303.05182,294.41525,277.4924,282.1922,292.09473,285.95224,7.0975037,9.398071,10.957092,8.463013
Liège,50.633732,5.56749,16.133333333333333,5.766666666666667,0.003074079,0.002613657,0.0025339746,0.0025354035,0.00032811414,9.424354e-05,1.517058e-08,4.0521092e-05,4.7158914,3.9622908,3.319822,4.056666,276.94644,283.2472,292.28845,285.1118,279.99957,288.05624,297.97775,289.5006,273.9245,278.28217,286.37927,280.98407,6.0750732,9.774078,11.59848,8.516541
Ljubljana,46.051079,14.50513,15.8,6.3,0.0033736941,0.0037697798,0.004442964,0.005018091,0.001184536,0.0003466941,2.8123789e-06,0.0002426412,1.9518317,1.970398,1.5922885,1.7878876,274.15497,282.59293,293.02878,284.27142,277.5636,287.63715,298.8949,288.9533,270.82684,277.607,287.36258,280.0775,6.7367554,10.030151,11.532318,8.875793
London,51.50853,-0.12574,4.3,2.533333333333333,0.001972596,0.0018265395,0.0016327986,0.0021331578,0.00012769122,3.2447857e-05,4.5430943e-09,1.4372523e-05,4.8720284,4.421462,3.6718483,4.2211146,278.30627,282.7756,290.98633,285.202,281.19046,287.20038,296.19803,289.106,275.31406,278.31818,285.71204,281.32043,5.876404,8.882202,10.485992,7.785553
Lublin,51.25,22.566669,17.333333333333332,6.533333333333333,0.0018490306,0.0019326209,0.002305799,0.0017090526,0.0007829798,0.00023641913,1.2115845e-08,0.000120319266,3.7151518,3.188829,2.8080568,3.3261592,273.78418,282.7054,293.22656,283.4212,276.03473,287.49915,298.57925,287.41232,271.24173,277.46967,287.45352,279.46808,4.7929993,10.02948,11.125732,7.9442444
Lucca,43.843571,10.50585,17.133333333333333,7.666666666666667,0.0029815596,0.0021195167,0.0016229964,0.003825004,0.0003085084,7.3710056e-05,9.941761e-08,0.00011764062,1.9925216,1.9339205,1.5613748,1.8035928,278.02124,284.28903,295.10593,287.29025,281.291,288.4478,299.8306,291.09286,275.09363,280.16782,290.3241,283.83264,6.197357,8.279999,9.5065,7.2602234
Luimneach,52.664719,-8.62306,0.06666666666666667,0.06666666666666667,0.0038843977,0.0031170468,0.0024129902,0.0039106808,0.00012720113,2.2234866e-05,1.2589866e-08,3.1961266e-05,4.348199,4.045136,3.388294,3.9134681,279.1107,281.854,288.7288,284.3434,281.7793,285.63333,292.77023,287.55206,276.37305,278.1407,284.67953,281.15805,5.40625,7.4926453,8.090698,6.3940125
Luton,51.879669,-0.41748,4.833333333333333,2.7,0.0017970423,0.0018793723,0.0017455927,0.0019333805,0.00012409495,3.8218684e-05,7.2842905e-09,7.600237e-06,4.9207964,4.4482036,3.732563,4.3132296,278.16052,282.63065,290.79523,285.01523,281.02673,287.0587,296.0586,288.84338,275.2145,278.2159,285.51797,281.22763,5.8122253,8.842773,10.540619,7.615753
Lyon,45.748459,4.84671,37.666666666666664,11.8,0.0022518602,0.002721994,0.0021842457,0.0031729972,0.00017081738,4.2642747e-05,2.2929953e-08,3.7212452e-05,2.565919,2.7878878,2.393815,2.4692159,277.28986,284.7851,295.1572,286.63895,280.59915,289.92432,301.3112,291.1926,274.2188,279.6549,289.00232,282.48096,6.3803406,10.269409,12.308868,8.711639
Lübeck,53.868931,10.68729,4.0,2.5,0.002540433,0.0021114142,0.0027978567,0.002361125,0.00026564664,7.38885e-05,8.575354e-09,4.0864223e-05,4.735135,4.064524,3.8361669,4.308578,276.8502,282.382,291.6705,284.71274,278.8306,285.78186,295.63672,287.65384,274.75296,278.82355,287.42905,281.89267,4.0776367,6.958313,8.207672,5.7611694
Maastricht,50.848331,5.68889,17.433333333333334,5.933333333333334,0.0026817175,0.0023103228,0.0023835136,0.0022948713,0.00017354923,4.9045062e-05,1.1796834e-08,2.4213941e-05,4.5058894,3.789376,3.2220423,3.8564043,277.63412,283.77737,292.66348,285.57132,280.4629,288.4154,298.15842,289.73346,274.8175,278.9913,287.00504,281.65594,5.6453857,9.424103,11.153381,8.077515
Madrid,40.4165,-3.70256,83.46666666666667,45.666666666666664,0.0015404036,0.0012864708,0.00059043267,0.0016007537,0.00025336424,5.3037773e-05,8.222842e-08,7.458504e-05,2.122259,2.503736,2.2872858,2.0457869,279.41867,286.08163,298.12823,288.79022,284.58905,292.48956,305.81854,294.9903,274.86832,279.56003,289.9743,283.07248,9.720734,12.929535,15.844238,11.917816
Magdeburg,52.127731,11.62916,14.2,5.766666666666667,0.0016652757,0.001708847,0.002035967,0.0016152954,0.00024493798,5.4980534e-05,8.095179e-09,3.311695e-05,3.859596,3.2941005,3.025614,3.4074054,276.22443,283.19382,292.7536,284.65854,278.60428,287.5498,297.72418,288.47134,273.7908,278.66177,287.5841,281.0926,4.8134766,8.888031,10.140076,7.3787537
Mainz,49.984192,8.2791,24.133333333333333,7.533333333333333,0.001991385,0.0019259861,0.0019947009,0.00191961,0.00023970398,4.5266137e-05,1.132889e-08,1.5957481e-05,3.3524783,3.0482733,2.649178,2.9155006,276.2256,283.97983,293.60385,285.1136,278.76257,288.81805,299.27158,289.19473,273.7105,279.0646,287.92322,281.41406,5.052063,9.7534485,11.348358,7.78067
Malmö,55.605869,13.00073,1.6666666666666667,1.1,0.0019755322,0.0015870334,0.002244987,0.002176139,0.00041146355,9.917413e-05,5.871594e-09,5.033948e-05,5.027619,4.3832064,4.0158734,4.636451,275.22247,281.6497,291.40775,283.68747,277.3194,285.4165,295.6551,286.67255,272.8513,277.51022,286.44003,280.56836,4.468109,7.9062805,9.215057,6.104187
Manchester,53.480949,-2.23743,0.9333333333333333,0.7666666666666667,0.003678164,0.0028959455,0.0029702797,0.0035965804,0.0004639217,0.00018826456,6.5916548e-09,2.8121669e-05,4.77963,4.3963547,3.6854947,4.2402635,277.96866,281.8766,289.6159,284.29358,280.40512,285.4946,293.7352,287.3009,275.45898,278.20053,285.3626,281.25845,4.9461365,7.2940674,8.372589,6.04245
Mannheim,49.496712,8.47955,31.566666666666666,8.933333333333334,0.0022054678,0.0021767777,0.0022597776,0.0021925932,0.0002706013,4.3631928e-05,1.24977095e-08,2.3872004e-05,3.3136759,2.9644454,2.5533056,2.8449783,276.31155,284.48465,294.3722,285.5492,279.15134,289.6449,300.29962,289.9437,273.53006,279.32736,288.49402,281.64697,5.621277,10.317535,11.805603,8.296722
Marbella,36.51543,-4.88583,60.2,30.1,0.003112152,0.0013130623,0.00019917348,0.0024059273,3.6059557e-06,1.0438512e-06,6.8810097e-10,1.0563706e-06,3.6608653,3.5130556,3.0477903,3.1722145,285.7309,290.1618,298.3223,293.19574,289.9573,295.09073,303.19232,297.47305,282.06516,285.2262,293.3483,289.392,7.892151,9.864532,9.844025,8.081055
Marsala,37.796638,12.43518,82.26666666666667,51.166666666666664,0.0024476424,0.0013199603,0.00014612969,0.0022186155,5.242783e-06,1.9160864e-09,0.0,1.3349075e-10,4.492181,4.257406,3.2185607,3.715425,285.8303,289.69766,300.15103,294.62418,288.80353,293.57565,304.74518,298.2583,282.84164,285.8389,295.43973,291.40323,5.9618835,7.7367554,9.30545,6.855072
Marseille,43.296951,5.38107,44.1,22.6,0.0020156554,0.0016200327,0.0006831527,0.002982677,1.4138671e-05,1.4088943e-06,4.6349142e-09,6.0072364e-07,3.7936618,3.8081114,3.224111,3.3925846,281.4444,286.9901,297.29736,290.1652,285.219,291.51303,302.32294,294.4126,278.22092,282.48233,292.03387,286.37558,6.9980774,9.030701,10.2890625,8.037018
Messina,38.193272,15.54969,58.833333333333336,27.9,0.002653222,0.0012864111,0.0003566162,0.0021670356,4.453302e-05,9.177518e-06,1.6988062e-11,3.311322e-07,2.7320354,2.5643377,2.1021867,2.1229198,284.63116,288.6006,299.57037,293.3592,287.2908,291.8862,303.3583,296.5224,282.22717,285.49274,295.75253,290.69412,5.063629,6.393463,7.605774,5.8282776
Mestre,45.49028,12.2425,43.2,14.766666666666667,0.0019456807,0.0022286405,0.0024291386,0.0028730063,0.00014181582,3.7301514e-05,1.7127603e-06,4.2753723e-05,2.031549,2.1113696,1.9085349,2.0348296,277.82825,286.6846,297.51535,288.17056,281.43198,291.1616,302.41617,292.48737,274.5831,282.15152,292.59186,284.2079,6.848877,9.010071,9.82431,8.27948
Metz,49.11911,6.17269,22.3,6.833333333333333,0.0028735935,0.00244964,0.002163117,0.0025508886,0.00021375339,3.910884e-05,1.0767773e-08,2.7561922e-05,4.0324845,3.604251,3.0384078,3.4779382,276.60577,283.66208,293.2798,285.1791,279.44308,288.41147,299.06125,289.54437,273.77216,278.81808,287.38184,281.1759,5.670929,9.593384,11.679413,8.368469
Milan,45.464272,9.18951,51.5,18.7,0.0019787108,0.0028152452,0.0029325858,0.003583431,0.0001448464,5.394371e-05,7.726583e-06,1.23951495e-05,1.476832,1.7348187,1.5323558,1.445873,277.38153,286.39,297.18198,287.60388,281.49802,291.77658,302.99365,292.3599,274.01764,281.28928,291.72812,283.51273,7.480377,10.487305,11.265533,8.847168
Modena,44.647831,10.92539,38.3,15.8,0.0024180228,0.0019663314,0.0017826932,0.0029293965,0.00047066316,9.043648e-05,7.9264886e-08,0.00012813503,1.8046757,2.0207906,1.7284687,1.7613277,276.81317,285.37653,296.73947,287.39297,280.00543,290.00204,301.92056,291.33542,274.07446,280.98328,291.7548,283.9344,5.930969,9.018768,10.1657715,7.4010315
Montpellier,43.61092,3.87723,42.86666666666667,20.233333333333334,0.002138672,0.001739229,0.00089762616,0.0035701788,4.535965e-05,4.6244036e-06,4.9982214e-09,8.67489e-06,4.6219726,4.3174205,3.7187161,4.1047816,281.52164,287.22595,297.4116,290.1348,285.1567,291.70236,302.32895,294.23602,278.40262,282.86172,292.47943,286.5082,6.7540894,8.840637,9.849518,7.7278137
Moscow,55.75222,37.615559,14.233333333333333,5.433333333333334,0.0018024282,0.0013706214,0.0023254869,0.0021641813,0.001411548,0.00029818498,7.7478836e-07,0.0003027674,3.9123755,3.4107673,2.9429169,3.6806285,268.7093,280.59637,293.09885,280.26123,270.95004,284.90656,297.9322,283.33194,266.02667,275.53467,287.55136,276.9825,4.9233704,9.371887,10.380829,6.3494263
Mulhouse,47.75,7.33333,19.233333333333334,6.3,0.0032315485,0.0029914873,0.0027977086,0.0029856742,0.00057297654,0.00015960056,2.9276829e-05,7.501437e-05,2.4370408,2.303916,1.9262335,2.0657778,275.50262,283.2617,292.99564,284.72916,278.1418,288.04807,298.74643,288.9007,273.08487,278.67438,287.36237,281.1304,5.056946,9.373688,11.384064,7.770294
Murcia,37.987041,-1.13004,93.6,58.7,0.0008151765,0.0006058775,0.0002798177,0.0011106151,5.36146e-06,3.995325e-06,1.6670165e-09,1.5481417e-07,2.6615794,2.747287,2.4549432,2.3975294,283.97156,289.39307,299.5053,292.73505,289.99423,295.6584,305.73776,298.69775,278.98303,283.182,293.23825,287.5611,11.0112,12.476379,12.499512,11.136658
Málaga,36.720161,-4.42034,91.23333333333333,49.1,0.0018880679,0.00095996086,0.00018546368,0.0018578987,1.0571342e-05,4.7305484e-06,2.5289312e-10,1.2005604e-07,2.282106,2.203587,1.8592306,1.9602138,284.49057,289.92694,299.11444,292.72647,289.8982,296.04727,305.12747,298.3006,279.90497,283.60358,292.54605,287.80664,9.993225,12.443695,12.581421,10.4939575
Mülheim (Ruhr),51.433331,6.88333,17.033333333333335,6.066666666666666,0.003046231,0.0024657324,0.0025150704,0.0025901527,0.0002712879,6.1117426e-05,1.1206823e-08,2.224005e-05,4.3361673,3.665864,3.2011862,3.788213,277.61053,283.86557,292.84634,285.62793,279.89554,288.07712,297.92053,289.24414,275.31757,279.5579,287.69226,282.2792,4.5779724,8.519226,10.2282715,6.9649353
München,48.137428,11.57549,18.333333333333332,6.2,0.002384814,0.0029837699,0.004964431,0.0028911182,0.0011207453,0.00046654846,1.1987446e-06,0.00018228908,2.571883,2.3911712,2.011605,2.131868,273.99792,282.32742,292.9199,283.93112,277.19836,287.31015,298.55908,288.42593,270.90677,277.48666,287.5499,280.0796,6.2915955,9.823486,11.009186,8.346344
Münster,51.96236,7.62571,12.766666666666667,4.966666666666667,0.002808633,0.0022734548,0.0024432552,0.0023842368,0.00021335282,4.709563e-05,9.292551e-09,2.0583877e-05,4.299153,3.6631029,3.2284522,3.7503684,277.22818,283.36383,292.0814,285.0143,279.53482,287.59793,297.15073,288.6635,274.87033,278.9928,286.8415,281.58917,4.6644897,8.605133,10.309235,7.074341
Namur,50.4669,4.86746,17.833333333333332,5.9,0.002923036,0.0025218204,0.0024465253,0.002392167,0.00021918621,6.37185e-05,1.4969139e-08,3.377012e-05,4.732543,3.9911718,3.3380637,4.0628333,277.29318,283.52756,292.55096,285.42822,280.3132,288.38467,298.29462,289.85416,274.30304,278.50717,286.56522,281.23312,6.0101624,9.877502,11.729401,8.621033
Nantes,47.217251,-1.55336,22.5,7.866666666666666,0.0032526806,0.0025134285,0.0015422327,0.002779375,4.3793156e-05,4.206816e-06,8.597864e-09,1.07690845e-07,4.304555,4.12993,3.4460306,3.722619,279.96063,285.1004,293.8215,287.5846,283.09247,289.52698,299.22546,292.03738,276.8215,280.59344,288.2821,283.4005,6.2709656,8.933533,10.943359,8.636871
Napoli,40.833328,14.25,67.7,34.03333333333333,0.0033933674,0.002159581,0.00088417716,0.0033420068,0.00011553952,2.0358299e-05,4.8493547e-09,3.285864e-05,2.4971223,2.1691868,1.7118354,2.127312,282.3262,287.63858,298.78824,291.4958,286.08755,292.21988,303.9875,296.1219,278.84122,282.96744,293.18787,287.25665,7.246338,9.252441,10.799622,8.865234
Neuß,51.198071,6.68504,17.9,6.733333333333333,0.0026966922,0.002289509,0.0022874218,0.002229054,0.00024501776,6.0450304e-05,9.627815e-09,2.1886608e-05,4.374405,3.6707523,3.185911,3.8056066,277.35892,283.74973,292.87213,285.54962,279.88223,288.25143,298.2666,289.4935,274.84793,279.16336,287.4167,281.9135,5.0343018,9.088074,10.849915,7.5799866
Newcastle upon Tyne,54.973282,-1.61396,0.2,0.16666666666666666,0.0019371773,0.0018756822,0.0019948683,0.0022044582,0.00025450127,0.00010300393,3.059181e-09,3.751375e-05,5.465787,4.728525,3.8698552,4.7372417,277.91425,281.35162,288.63855,284.02658,280.3565,284.78964,292.62238,287.07614,275.41223,277.79236,284.5095,280.97177,4.944275,6.997284,8.1128845,6.10437
Nice,43.703129,7.26608,7.833333333333333,4.466666666666667,0.0031370823,0.0022363944,0.0012147832,0.004240761,0.00050911383,0.00011653974,6.919123e-09,0.00010928198,1.5591757,1.6193211,1.3372203,1.387357,280.73703,285.72604,295.8153,289.1167,284.46194,289.20236,299.28867,292.66995,277.86972,282.06436,291.70618,286.15662,6.592224,7.1380005,7.582489,6.513336
Nijmegen,51.842499,5.85278,11.466666666666667,4.333333333333333,0.002803044,0.0022195205,0.002457904,0.00249187,0.0001408125,3.372209e-05,7.903401e-09,9.696682e-06,4.542773,3.891127,3.3357382,3.8895547,277.78094,283.3697,291.88425,285.0958,280.32812,287.87234,297.13303,289.00803,275.18457,278.7002,286.35992,281.38806,5.1435547,9.17215,10.773102,7.6199646
Northampton,52.25,-0.88333,4.6,2.8333333333333335,0.0018683309,0.0018925514,0.0019277943,0.0018839183,0.00014396761,4.3409957e-05,1.0491234e-08,7.949506e-06,5.0608907,4.560233,3.8391407,4.4605474,278.05554,282.49817,290.62827,284.82617,280.97183,286.93143,295.99564,288.6634,275.05664,278.0771,285.25482,281.01895,5.9151917,8.85434,10.740814,7.6444397
Norwich,52.627831,1.29834,1.1666666666666667,1.0333333333333334,0.0018827196,0.0016196743,0.0018380947,0.0018618455,9.336908e-05,2.2517637e-05,4.61669e-09,8.579352e-06,5.7497506,4.9795885,4.062844,5.036208,278.39548,282.6742,290.5745,285.41833,281.04684,286.46878,295.13217,288.90567,275.62317,278.7801,285.8702,281.90475,5.4236755,7.68869,9.261963,7.0009155
Nottingham,52.953602,-1.15047,3.4,2.3333333333333335,0.0018677856,0.0018841218,0.0019556065,0.0018418543,0.00019047102,5.8665126e-05,7.106569e-09,1.2739826e-05,5.1325817,4.623265,3.9080093,4.563245,277.88892,282.17453,290.17004,284.5298,280.6982,286.34796,295.25302,288.176,275.05554,278.02667,285.06482,280.95505,5.6426697,8.321289,10.188202,7.2209473
Novi Sad,45.251671,19.836941,65.33333333333333,20.066666666666666,0.0012648692,0.0019097248,0.002060603,0.0017752688,0.00029285433,5.8664555e-05,1.2017964e-08,4.1611616e-05,2.7737656,2.8281045,2.437384,2.7163599,276.1011,286.36676,297.8155,287.63998,279.3506,291.6381,303.98447,292.75095,272.83875,281.04608,291.4588,283.04974,6.511841,10.5920105,12.525665,9.701202
Nîmes,43.833328,4.35,63.96666666666667,31.2,0.002190824,0.002005024,0.0011234606,0.0041710315,6.473745e-05,7.4903814e-06,1.6695253e-08,1.8446726e-05,3.4401987,3.4763122,3.182778,3.1527243,280.4115,286.9938,297.6841,289.4391,284.51608,292.3992,303.93472,294.32288,276.97528,281.8548,291.56143,285.22705,7.540802,10.544403,12.373291,9.095825
Nürnberg,49.454208,11.07752,20.9,6.933333333333334,0.0021494299,0.002044951,0.0025662936,0.002120653,0.0005498918,0.000116497984,2.466206e-08,6.3743755e-05,3.4196427,3.0248625,2.585624,2.9106367,274.5074,282.61523,292.81784,283.90866,277.2884,287.71652,298.67224,288.33487,271.81573,277.5584,286.93488,279.97247,5.4726562,10.158112,11.737366,8.362396
Oberhausen,51.47311,6.88074,17.033333333333335,6.066666666666666,0.003046231,0.0024657324,0.0025150704,0.0025901527,0.0002712879,6.1117426e-05,1.1206823e-08,2.224005e-05,4.3361673,3.665864,3.2011862,3.788213,277.61053,283.86557,292.84634,285.62793,279.89554,288.07712,297.92053,289.24414,275.31757,279.5579,287.69226,282.2792,4.5779724,8.519226,10.2282715,6.9649353
Odessa,46.47747,30.73262,39.53333333333333,14.766666666666667,0.0011959155,0.0012275986,0.0014658383,0.0011919298,0.00043634506,0.000109377084,2.269436e-09,3.4140794e-05,4.137456,3.7762957,3.4133418,3.831552,274.1351,284.193,297.3681,286.01044,276.53674,287.8497,301.87396,289.548,271.50546,280.39896,292.54425,282.46365,5.0312805,7.4507446,9.329712,7.0843506
Olsztyn,53.779949,20.49416,10.333333333333334,3.933333333333333,0.00196974,0.0017657899,0.0024710328,0.001965731,0.0008471361,0.00021527274,1.0322738e-08,0.00013706135,4.091307,3.3856103,3.1841304,3.7655206,274.017,281.89935,292.33527,283.07474,275.9209,286.20837,297.23196,286.52817,271.9027,277.15054,286.93524,279.622,4.0181885,9.057831,10.296722,6.9061584
Oradea,47.066669,21.933331,44.46666666666667,15.333333333333334,0.001563407,0.0021415295,0.0023428153,0.0019095555,0.00041665297,8.958889e-05,1.3100881e-08,5.140145e-05,2.446591,2.4561296,2.1537209,2.2240725,274.48746,284.9581,295.85077,285.8568,277.7269,290.21112,301.9922,291.10477,271.20117,279.55078,289.48944,281.07013,6.5257263,10.660339,12.502747,10.034637
Orléans,47.902889,1.90389,28.333333333333332,8.533333333333333,0.0021778117,0.0022836193,0.0018591775,0.0021600202,4.2585747e-05,8.223337e-06,9.924762e-09,3.7637312e-06,4.0958757,3.8074534,3.1550364,3.5332103,278.46622,284.74515,293.95956,286.80365,281.41418,289.49603,299.8699,291.30658,275.5452,279.91052,287.84128,282.5707,5.868988,9.58551,12.0286255,8.73587
Oslo,59.912731,10.74609,1.2333333333333334,0.9,0.0029244355,0.0024507693,0.003072791,0.0033726483,0.001985651,0.0007240244,7.928442e-08,0.0002779186,2.575707,2.497623,2.400762,2.6285412,271.19232,278.31232,289.54236,280.03622,273.36624,282.52448,294.36453,283.05704,268.6894,273.7022,284.2795,276.97067,4.6768494,8.822266,10.085022,6.0863647
Osnabrück,52.27264,8.0498,11.466666666666667,5.0,0.0028262448,0.002180212,0.0025670151,0.0023809264,0.0002043572,4.3609096e-05,9.928244e-09,2.3637862e-05,4.186085,3.606307,3.2307854,3.6895363,277.08267,283.17346,291.82498,284.7734,279.37207,287.4055,296.931,288.45218,274.7233,278.8116,286.57867,281.33994,4.648773,8.593872,10.352325,7.1122437
Ostrava,49.834648,18.28204,20.0,6.6,0.001996198,0.0022849285,0.0031128472,0.0020486796,0.0008583261,0.00022586143,1.4688283e-08,0.00010845559,3.668516,3.0926886,2.6662402,3.1920867,274.2005,282.82062,293.096,284.06854,276.7191,287.77502,298.89215,288.48447,271.5112,277.54306,286.937,279.86288,5.2078857,10.231964,11.955139,8.621582
Oulu,65.01236,25.468161,0.8333333333333334,0.5,0.0016851944,0.0012928372,0.0021349345,0.0018711187,0.0013788767,0.0005005013,4.979341e-07,0.00032755674,3.9314525,3.3374982,3.0783665,3.6897902,267.0758,275.9981,289.4291,278.15332,270.01428,279.89465,293.48563,280.91495,263.6481,271.16882,284.21155,275.0507,6.3661804,8.72583,9.274078,5.864258
Oviedo,43.360291,-5.84476,7.333333333333333,3.6333333333333333,0.0033713395,0.0029783365,0.0015532442,0.0030660378,0.0002459229,9.765479e-05,7.165435e-07,2.3670224e-05,2.8234293,2.783815,2.3346891,2.469921,280.8476,284.57562,292.5667,287.85086,284.8899,289.51218,298.2335,292.93652,277.0739,279.55823,286.88138,283.16907,7.815979,9.953949,11.352112,9.767456
Oxford,51.75222,-1.25596,4.466666666666667,2.7,0.0019262613,0.0020374786,0.0016255758,0.002050692,0.0001253814,6.091466e-05,4.0188057e-09,7.889004e-06,4.876539,4.4351754,3.7012062,4.2481055,278.35825,282.7497,290.9966,285.13086,281.09216,287.02298,296.0147,288.7645,275.5191,278.47574,285.91815,281.49307,5.573059,8.547241,10.096558,7.2714233
Padova,45.415192,11.88181,39.53333333333333,14.166666666666666,0.0019310592,0.0022762732,0.002637555,0.003010194,0.00025931865,7.9323996e-05,1.0471764e-06,8.1630395e-05,1.8233962,1.9449118,1.7489955,1.8274564,277.13394,286.22836,297.05948,287.59775,280.8598,290.87143,302.06516,291.96222,273.81046,281.51077,292.00012,283.5636,7.049347,9.360657,10.065033,8.398621
Palermo,38.115822,13.35976,57.56666666666667,26.5,0.0031951782,0.0018329937,0.00033011925,0.002618027,3.878101e-05,1.2948328e-05,4.788165e-10,2.1333516e-07,2.892152,2.712956,1.9557827,2.2455645,284.58145,288.44806,299.2163,293.3958,287.25256,291.82486,303.25223,296.578,282.09204,285.1717,295.1292,290.69998,5.1605225,6.6531677,8.123016,5.8780212
Palma,39.569389,2.65024,26.6,14.9,0.0019128551,0.0013816411,0.00064130576,0.0028841463,1.0232886e-05,3.1502575e-06,3.4269705e-09,2.0586133e-07,4.793456,4.0955224,3.1585693,3.975563,285.5207,288.75888,298.38812,293.70737,288.0201,291.49103,301.27805,296.32877,283.10312,285.96686,295.5304,291.23746,4.916992,5.52417,5.74765,5.0913086
Pamplona,42.816872,-1.64323,35.266666666666666,11.433333333333334,0.004195481,0.0036928917,0.0019463022,0.0034347773,0.0003447403,0.0001051455,1.5838818e-06,4.42498e-05,2.7186925,2.818577,2.4031432,2.5179086,279.25183,284.51794,294.11273,287.7658,283.25845,289.7641,300.58694,293.10687,275.52554,279.3306,287.9115,282.9835,7.73291,10.433502,12.675446,10.123383
Paris,48.853409,2.3488,21.1,7.3,0.0022994482,0.0022346182,0.0020119373,0.002122536,9.0854526e-05,1.6463966e-05,1.1189212e-08,3.9687084e-06,4.1267037,3.753318,3.1230469,3.5311074,279.02362,285.17905,294.1539,287.04987,281.50195,289.24295,299.16357,290.7163,276.5303,280.98654,288.95193,283.52383,4.971649,8.256409,10.211639,7.1924744
Parma,44.802662,10.32898,62.86666666666667,24.766666666666666,0.0020592571,0.0020416297,0.0018807653,0.0028960137,0.00029579853,8.5914384e-05,1.1058198e-07,0.0001095457,1.6177925,1.8781097,1.6214932,1.6246976,277.107,287.1204,298.41458,288.37238,280.78485,292.41937,304.16183,292.86258,274.0065,282.08792,292.98358,284.45132,6.778351,10.331451,11.178253,8.411255
Perpignan,42.697639,2.89541,62.5,27.533333333333335,0.0020144326,0.0019385661,0.00094383844,0.0026756763,7.8272635e-05,2.2040536e-05,6.3091026e-09,1.0441701e-05,3.038977,3.1525228,2.803205,2.751836,281.6049,287.27234,297.92984,290.3409,286.29147,292.61008,303.60736,295.4532,277.70035,282.0085,292.07053,285.93964,8.5911255,10.6015625,11.536835,9.51355
Perugia,43.112202,12.38878,43.8,18.1,0.0022253566,0.0020892622,0.0014000896,0.003268202,0.0003224934,5.117482e-05,6.58706e-09,6.184872e-05,2.2596612,2.256517,1.8592687,2.0642343,278.93866,285.1948,296.72028,288.25787,282.29263,289.7907,302.28464,292.5475,275.83,280.71335,291.1994,284.4597,6.4626465,9.077362,11.085236,8.087799
Piraeus,37.947449,23.637079,96.83333333333333,62.2,0.0022335753,0.0009351358,0.00024759356,0.0013260918,8.737654e-05,9.636608e-06,6.0003963e-10,1.4079341e-06,2.5854032,2.3157356,2.4769082,2.3752623,282.64737,288.5517,300.326,292.23257,286.34647,293.79022,306.27936,297.29297,279.0863,283.46,294.15448,287.59705,7.2601624,10.330231,12.124878,9.695923
Pisa,43.71553,10.39659,48.96666666666667,20.033333333333335,0.0025409993,0.0018828234,0.0013811878,0.0034981708,5.131915e-05,8.3113955e-06,1.1547689e-07,1.1757592e-05,2.1740134,2.0374734,1.6039282,1.9272952,280.37994,286.62567,297.2196,289.61383,284.22955,291.42563,302.70743,294.13864,276.91583,281.79016,291.61728,285.4681,7.3137207,9.635468,11.090149,8.670532
Ploieşti,44.950001,26.01667,47.2,16.5,0.001858521,0.0021915173,0.0026903003,0.0016388053,0.0011151421,0.0002902993,1.6167581e-08,0.0001784732,2.30309,2.3255615,1.99065,2.0611339,273.50415,284.13913,295.57742,285.27258,277.3531,289.9542,302.26288,291.2295,269.81897,278.1925,288.74142,279.86472,7.5341187,11.761688,13.521454,11.364777
Plovdiv,42.150002,24.75,45.3,16.166666666666668,0.0021398745,0.0022582114,0.00203413,0.0016064023,0.0010334963,0.00029297156,8.633153e-09,0.00013082403,1.704151,1.7397537,1.6497328,1.6124765,274.08017,283.64487,295.5806,285.5301,277.90762,289.1084,302.20206,291.34152,270.4051,277.9735,288.52936,280.10532,7.502533,11.134888,13.672699,11.236206
Plymouth,50.371529,-4.14305,0.36666666666666664,0.3,0.0042105513,0.0031480736,0.0023538324,0.0038990676,7.142018e-05,2.09222e-05,5.3265077e-09,1.1981159e-05,5.2683086,4.7894106,3.9764912,4.626698,279.61203,282.60355,290.00906,285.59802,282.09647,285.97037,293.8291,288.55966,276.96292,279.14874,286.09387,282.61404,5.133545,6.8216248,7.7352295,5.9456177
Plzeň,49.747471,13.37759,16.4,4.866666666666666,0.0014234184,0.0018002207,0.0026536596,0.0015219613,0.00062776206,0.00021303001,1.0649928e-08,9.347222e-05,3.5328727,3.0271509,2.6253242,2.9527247,273.6999,282.2961,292.5217,283.4046,276.19394,287.17038,298.11908,287.54297,271.12915,277.27325,286.7161,279.55695,5.064789,9.897125,11.402985,7.986023
Porto,41.149609,-8.61099,33.06666666666667,11.366666666666667,0.0046159304,0.0028257123,0.0009319088,0.0035514354,1.6369905e-06,1.1629241e-06,3.2167782e-09,5.7964158e-08,3.0756404,3.2115073,2.9706526,2.7013566,283.4125,287.46103,294.36703,290.2417,288.0441,292.85812,300.5742,295.84113,279.46674,282.39847,288.62726,285.69647,8.577362,10.459656,11.94693,10.144653
Potsdam,52.398861,13.06566,18.0,5.933333333333334,0.0017638007,0.0016872243,0.002051522,0.0015808201,0.00025504184,4.3707183e-05,9.810576e-09,3.918122e-05,3.89561,3.3396163,3.108326,3.4857104,276.35687,283.83426,293.38358,284.8563,278.74802,288.41205,298.69836,288.7014,273.8837,279.1163,287.86578,281.206,4.864319,9.295746,10.832581,7.495392
Poznań,52.406921,16.92993,17.033333333333335,5.3,0.0017484555,0.00151262,0.0022382773,0.0014240864,0.00050170434,8.480758e-05,1.5834209e-08,6.732908e-05,3.7451997,3.2032385,3.0207117,3.4013703,275.4613,283.33987,293.17538,284.17816,277.7154,287.96857,298.55673,288.02103,273.04413,278.34882,287.43045,280.37482,4.6712646,9.619751,11.126282,7.6462097
Prague,50.088039,14.42076,20.966666666666665,6.233333333333333,0.001446569,0.0018080676,0.0028177153,0.0014145657,0.0005246051,0.00016553407,1.9676708e-08,6.170944e-05,3.484192,3.0256004,2.6695158,2.9955485,274.27347,282.982,293.1339,283.93445,276.835,288.0121,298.9027,288.277,271.664,277.7687,287.2174,279.81897,5.17099,10.243378,11.685303,8.458038
Prato,43.884251,11.09092,27.033333333333335,12.033333333333333,0.002784541,0.0021537072,0.0017211192,0.0034095938,0.00041664936,7.401862e-05,4.516647e-08,0.00010454141,1.9559424,2.030023,1.6711305,1.8071033,277.65823,284.58182,295.6981,287.28925,280.7997,288.92294,300.7719,291.16925,274.82556,280.3238,290.6337,283.78333,5.9741516,8.599152,10.138214,7.3859253
Preston,53.76667,-2.71667,0.4666666666666667,0.4,0.0034338147,0.0026677393,0.0027886743,0.0036074638,0.0002032687,8.139373e-05,8.56858e-09,1.0661065e-05,5.289108,4.675901,3.9449165,4.7166705,278.0301,281.75385,289.42435,284.29312,280.48032,285.223,293.23682,287.2267,275.48273,278.147,285.39743,281.27136,4.997589,7.075989,7.839386,5.955353
Pécs,46.083328,18.23333,55.733333333333334,16.633333333333333,0.0014550717,0.0020962374,0.0021446138,0.002118389,0.0003237782,5.204844e-05,1.2406265e-08,5.4580338e-05,2.6800761,2.6899223,2.3446517,2.4482882,275.53888,285.69934,296.55118,286.53406,278.99127,291.38705,303.07306,292.1251,272.10825,279.89178,289.7601,281.4141,6.883026,11.49527,13.312958,10.710999
Ravenna,44.4175,12.20111,54.63333333333333,19.8,0.0016414007,0.0015550276,0.0013606205,0.00228099,0.0001528361,2.682992e-05,1.5963995e-10,5.561194e-05,2.6987133,2.7836816,2.4898686,2.6292436,278.90408,287.52246,298.54312,289.6103,281.99426,291.7433,303.21896,293.52454,276.0782,283.25705,293.7391,286.04456,5.9160767,8.486237,9.479858,7.4799805
Reading,51.456249,-0.97113,4.333333333333333,2.6666666666666665,0.0021344363,0.002088544,0.0016867107,0.0022723812,0.0001295892,4.4241333e-05,3.3040604e-09,8.253699e-06,4.818978,4.393816,3.6585677,4.1887636,278.22714,282.65488,290.84225,285.04343,281.0943,287.05658,296.01468,288.866,275.2376,278.22308,285.57718,281.22107,5.8566895,8.833496,10.4375,7.644928
Regensburg,49.014999,12.09556,22.0,6.466666666666667,0.0020121264,0.0020318055,0.0028612004,0.0020365291,0.000645039,0.00015375056,2.4490465e-08,7.578463e-05,3.180086,2.9203649,2.4813352,2.694764,274.098,282.81485,292.98926,283.7794,276.6817,287.9332,298.8988,288.0211,271.58517,277.827,287.20178,280.0075,5.096527,10.106201,11.6970215,8.01358
Reims,49.25,4.03333,22.766666666666666,7.566666666666666,0.0023704497,0.002204136,0.00208596,0.0020075233,0.00010430789,2.6688349e-05,1.3297734e-08,1.1147625e-05,4.0677457,3.6655173,3.0495675,3.5158887,277.6859,284.07553,293.26678,285.8529,280.63425,288.86322,299.2547,290.3656,274.7151,279.14337,287.11017,281.55457,5.919159,9.719849,12.144531,8.811035
Rennes,48.11198,-1.67429,15.766666666666667,5.966666666666667,0.0029745172,0.0024670803,0.0017326197,0.0026325814,4.8623715e-05,1.1020614e-05,7.454701e-09,2.8560348e-06,4.0419173,3.891233,3.2297251,3.5254264,279.58896,284.50052,292.90524,287.0108,282.62244,288.95227,298.309,291.29742,276.5526,280.05643,287.4116,282.97946,6.069824,8.8958435,10.8974,8.317963
Reykjavík,64.135483,-21.895411,0.0,0.0,0.0063350364,0.0038158458,0.0028779358,0.005209179,0.0027238398,0.001050803,9.0849176e-07,0.00050151884,4.783736,4.294802,3.465193,4.352008,273.35175,276.28082,284.0009,278.2465,275.34622,278.56046,286.25055,280.12943,271.125,273.69278,281.60306,276.26944,4.221222,4.867676,4.6474915,3.8599854
Riga,56.945999,24.10589,3.433333333333333,2.0,0.0021999483,0.0015848692,0.0025837729,0.002563188,0.0009858346,0.00019119751,1.6511326e-08,0.00010961625,5.0502305,4.0940504,3.8307283,4.7538443,273.41876,280.08585,291.7985,282.4835,275.07812,283.72723,295.7702,285.26855,271.46432,275.99963,287.2865,279.563,3.6138,7.7276,8.483704,5.7055664
Rimini,44.063332,12.58083,39.766666666666666,15.466666666666667,0.0020008988,0.0018251619,0.0014748253,0.0027457078,0.00028720184,5.020219e-05,3.11597e-09,5.850791e-05,2.5717697,2.6122901,2.1922467,2.3784006,278.41882,285.88358,297.1207,288.41583,281.53442,290.1234,301.97025,292.33798,275.51355,281.57812,292.03967,284.85748,6.020874,8.545288,9.9305725,7.4804993
Rome,41.894741,12.4839,74.86666666666666,37.833333333333336,0.0029400445,0.002136442,0.0010098941,0.0053588166,8.412552e-05,1.12982425e-05,4.102865e-09,2.616319e-05,2.5459316,2.386868,1.9687526,2.2198431,281.96185,287.57742,298.65457,291.11264,286.2738,292.79428,304.665,296.20438,278.12326,282.44797,292.4959,286.60678,8.150543,10.346313,12.169098,9.597595
Roquetas de Mar,36.764191,-2.61475,80.26666666666667,45.266666666666666,0.0010925083,0.00062096753,0.00023070343,0.0010670673,7.946696e-05,2.5927147e-05,1.6342314e-10,1.1604337e-05,1.8912218,2.1015127,2.0021393,1.9136081,284.92752,289.95575,299.45236,293.22858,290.432,295.26974,304.5771,298.52304,280.47534,284.30847,293.7514,288.55612,9.956665,10.961273,10.825684,9.966919
Rostock,54.088699,12.14049,5.0,2.533333333333333,0.0019605714,0.0018212288,0.0024767332,0.0019026529,0.00025588367,7.139178e-05,5.72099e-09,4.3124128e-05,4.7424164,4.060664,3.827029,4.2999177,276.3484,282.40994,291.98938,284.536,278.362,285.96637,296.03708,287.6378,274.2243,278.7152,287.68127,281.58142,4.1376953,7.2511597,8.355804,6.056366
Rotterdam,51.922501,4.47917,4.8,2.433333333333333,0.0027605223,0.0021258695,0.0025724985,0.0029277226,0.00011264907,3.0070974e-05,5.0085935e-09,7.617782e-06,5.460527,4.618003,3.9116428,4.6419654,278.14526,283.26773,291.5934,285.5121,280.5859,287.26715,296.0738,288.97308,275.6173,279.04318,286.6913,282.1218,4.9685974,8.2239685,9.382477,6.851288
Rouen,49.44313,1.09932,8.2,3.9,0.0031981566,0.0026446183,0.0024515688,0.003016816,0.00010272367,2.3754974e-05,1.3090353e-08,5.2462437e-06,4.593574,4.1321607,3.4406345,3.9949,278.9867,283.81888,292.28885,286.56064,281.3792,287.47937,296.6172,290.01556,276.5703,280.13788,287.83118,283.2779,4.808899,7.3414917,8.786011,6.737671
Saint Petersburg,59.89444,30.26417,4.366666666666666,2.2666666666666666,0.0015708558,0.0013882478,0.0023757832,0.0021136038,0.0011148825,0.00026941212,4.4447614e-08,0.0003120208,3.9623485,3.305558,3.09113,3.6516573,270.05457,278.94055,291.78232,280.58163,271.91318,282.69968,295.6271,283.09122,267.91476,274.5191,287.19055,277.87552,3.998413,8.1805725,8.436554,5.2156982
Saint-Étienne,45.433331,4.4,30.833333333333332,9.733333333333333,0.0016949029,0.0022970303,0.002016558,0.0028547859,0.00021978907,6.566578e-05,1.7652438e-07,6.35859e-05,2.7695904,2.9753416,2.49457,2.6567702,276.84296,283.96643,294.3407,286.07507,280.3101,289.20425,300.5519,290.71976,273.63568,278.78043,288.1196,281.83612,6.674408,10.423828,12.432312,8.883636
Salamanca,40.968819,-5.66388,70.73333333333333,28.6,0.0011967677,0.0011876844,0.0006116562,0.0014350818,0.00011342309,2.8375835e-05,3.1411207e-07,1.3489197e-05,2.785109,2.951561,2.5157628,2.5383039,278.6131,285.23883,296.11496,287.92346,283.52963,291.79373,304.1676,294.4154,274.20364,278.59314,287.71512,281.96277,9.325989,13.200592,16.452484,12.452637
Salerno,40.677971,14.76599,65.0,30.066666666666666,0.0035763036,0.002303843,0.00084502966,0.003370905,0.00011335311,1.5888121e-05,6.837084e-09,2.3457837e-05,2.9081588,2.4140348,1.8063756,2.3844483,282.8355,287.87347,298.9916,292.00687,286.13574,292.0243,303.73242,296.14688,279.7009,283.53268,293.77686,288.17117,6.434845,8.491608,9.955566,7.975708
Salzburg,47.799412,13.04399,4.066666666666666,2.1666666666666665,0.0038438048,0.0041723866,0.0061927787,0.0037576964,0.0025011182,0.0011757312,5.9870204e-06,0.00048709585,1.7765914,1.7195604,1.4749619,1.5599369,272.3954,279.79004,290.1014,282.12967,275.4795,284.14423,294.94098,286.20224,269.38138,275.53992,285.49594,278.61856,6.098114,8.604309,9.445038,7.583679
Santander,43.464722,-3.80444,6.5,3.466666666666667,0.0038052755,0.0032614165,0.001706537,0.0034139284,0.00017345893,4.1640473e-05,3.4156614e-07,1.8893672e-05,3.6325717,3.4776692,2.8545156,3.1851857,282.23782,285.6745,293.45715,289.12213,285.4505,289.65097,297.92816,293.26373,279.12595,281.68225,289.08774,285.2956,6.3245544,7.9687195,8.840424,7.9681396
Santiago de Compostela,42.88052,-8.54569,5.766666666666667,3.033333333333333,0.005312656,0.003653087,0.0012805909,0.0043798806,7.1819736e-06,2.0517068e-06,3.6748642e-09,6.4878225e-07,4.0057483,4.1915913,3.8584871,3.5989988,282.56915,285.60648,292.41132,288.69415,286.2416,290.06042,297.73636,293.25455,279.07144,281.3368,287.52527,284.76544,7.170166,8.723633,10.21109,8.489105
Sarajevo,43.84864,18.35644,26.0,10.266666666666667,0.0023050536,0.0028588288,0.0025937383,0.0030724318,0.0011219754,0.00039028184,3.2943706e-07,0.00026289295,1.8121549,1.8798543,1.5582455,1.6533121,273.87347,282.31165,293.6716,284.5122,277.21277,287.1409,299.81424,289.44052,270.47406,277.46628,287.50107,280.10223,6.7387085,9.674622,12.313171,9.338287
Setúbal,38.524399,-8.8882,20.466666666666665,8.266666666666667,0.002319359,0.0012300332,0.00026306353,0.0018786237,2.4176308e-07,3.9867974e-08,1.0851867e-09,5.697881e-09,4.3807487,4.539871,4.704902,3.90175,286.02576,289.4385,295.76962,292.419,289.39435,293.5454,300.52728,296.35336,283.1251,285.6846,291.6501,289.18988,6.2692566,7.8608093,8.877197,7.1634827
Sevilla,37.382408,-5.97613,123.16666666666667,70.16666666666667,0.0021282374,0.0011170827,0.00023414611,0.001990387,1.5107787e-06,6.344081e-08,4.3052256e-10,8.869346e-09,2.6727145,2.6792636,2.4427745,2.3593857,284.3323,290.4171,300.1616,293.3259,290.12866,297.5548,308.26678,299.9612,279.52078,283.45456,291.9585,287.48782,10.60788,14.10025,16.308289,12.473389
Sheffield,53.382969,-1.4659,1.3333333333333333,0.9666666666666667,0.0026407004,0.0022942042,0.002327291,0.002499228,0.00043434007,0.00017092009,1.06561595e-08,3.5909954e-05,5.018659,4.5255003,3.8314517,4.459688,277.67197,281.64014,289.5456,284.10544,280.22513,285.4029,294.07697,287.29526,275.1077,277.891,284.951,280.966,5.1174316,7.511902,9.125977,6.329254
Siracusa,37.085152,15.273,75.53333333333333,35.06666666666667,0.002366296,0.000788337,0.00015185522,0.0020628152,1.2032813e-05,1.1590236e-06,0.0,2.1678803e-08,2.9227412,2.7099533,1.8672179,2.1842766,286.15555,289.90277,300.48245,294.96964,288.97,293.38525,304.39355,298.23624,283.61673,286.58942,296.4369,292.18646,5.3532715,6.7958374,7.956665,6.049774
Skopje,42.001221,21.42878,47.833333333333336,19.2,0.0015005675,0.0017848812,0.0013854947,0.001932087,0.0006336589,0.00014756099,4.336956e-08,0.0001116306,1.6158724,1.7407069,1.6280378,1.5117056,274.3424,284.01547,295.5306,285.8805,278.0042,289.34152,302.29993,291.38086,270.73972,278.65582,288.68738,280.7861,7.264496,10.685699,13.612549,10.594757
Sochi,43.599171,39.725689,29.333333333333332,10.733333333333333,0.005999714,0.0041275616,0.0033628226,0.0055879354,0.0025266777,0.00059363747,1.1706373e-09,0.00028235483,2.0784528,1.7273496,1.3205763,1.5599272,276.65094,285.322,296.6143,287.78708,280.19818,289.38474,301.00668,292.32797,273.2331,280.59967,291.57205,283.6404,6.965088,8.785065,9.434631,8.687561
Sofia,42.69751,23.32415,22.666666666666668,8.4,0.0019817397,0.0030486772,0.0024556213,0.0022057847,0.0012009791,0.0004529092,6.3140426e-08,0.00018180629,1.6365967,1.7102798,1.530924,1.5238922,272.7225,282.36554,293.80438,284.36682,276.24997,287.4217,299.87445,289.62402,269.35037,277.24283,287.58566,279.65808,6.899597,10.178864,12.288788,9.965942
Southampton,50.90395,-1.40428,2.033333333333333,1.5,0.0025583373,0.0021864127,0.0016660877,0.0026246975,0.00010110377,2.8965394e-05,2.0346422e-09,6.2306967e-06,5.2443056,4.6897964,3.9254677,4.58451,278.7879,282.7955,290.85403,285.5092,281.48138,286.77527,295.4994,288.96707,275.91367,278.72287,286.0511,281.99274,5.5677185,8.052399,9.448303,6.9743347
Split,43.508911,16.43915,51.13333333333333,22.833333333333332,0.0030604224,0.002567154,0.0014243507,0.0033540796,0.00026926037,9.089934e-05,2.0173448e-07,4.1195664e-05,3.1978204,2.8863957,2.263724,2.7876742,279.34726,286.19025,297.35568,289.07138,282.9952,290.6076,302.70038,293.90286,275.71268,281.35025,291.26385,284.43225,7.2825317,9.257355,11.436523,9.470612
Stockholm,59.332581,18.064899,0.8666666666666667,0.6,0.0019664979,0.001389643,0.0021262171,0.0021022386,0.00096283195,0.00026029637,6.497656e-09,9.9573095e-05,4.279069,3.6808424,3.2372425,3.8638613,273.18668,279.70798,290.8996,281.72684,275.3072,283.53107,295.09967,284.51434,270.7225,275.49637,285.9049,278.77774,4.5846863,8.0346985,9.194763,5.736603
Strasbourg,48.58342,7.74296,32.93333333333333,9.466666666666667,0.0022407467,0.0024880853,0.002552323,0.0025196108,0.00024993424,4.395317e-05,1.2161933e-08,2.1812852e-05,2.8660204,2.613751,2.1935682,2.4170058,276.68027,284.6333,294.56174,285.82162,279.55286,289.59125,300.56836,290.22614,273.8867,279.73013,288.63852,281.92526,5.666168,9.8611145,11.92984,8.300873
Stuttgart,48.782318,9.17702,23.633333333333333,7.233333333333333,0.0023286813,0.0024413848,0.00266304,0.0022900202,0.00054370984,0.00011039434,1.4367901e-08,5.081287e-05,3.1925967,2.8270776,2.372146,2.675067,275.48798,283.3517,293.44974,284.8449,278.4076,288.18607,299.13443,289.34894,272.59488,278.5063,287.76324,280.8441,5.8127136,9.679779,11.371185,8.504852
Szczecin,53.42894,14.55302,11.133333333333333,4.1,0.0019114565,0.0016247502,0.0020967454,0.0016138351,0.00044821337,0.00010117402,9.189053e-09,4.6368317e-05,4.5219755,3.7576692,3.5685472,4.094689,275.96408,282.9953,292.7885,284.42822,278.16925,287.41104,297.78693,287.97162,273.6496,278.32812,287.45718,280.96692,4.5196533,9.082916,10.329742,7.0046997
Szeged,46.252998,20.148239,58.56666666666667,18.9,0.0011633497,0.0016658824,0.001856256,0.0016077991,0.00018374297,3.5514797e-05,1.1295927e-08,2.8990506e-05,2.8074,2.8198602,2.5262084,2.6487334,275.69553,285.9928,297.1048,287.0202,278.941,291.38718,303.32364,292.29486,272.37915,280.4497,290.5704,282.1741,6.561859,10.9374695,12.753235,10.120758
Tallinn,59.436958,24.753531,0.6,0.43333333333333335,0.0026736874,0.0015030974,0.0023019358,0.00299033,0.001519129,0.00028059588,1.9731612e-08,0.00022972259,5.687753,4.482813,4.26476,5.4171968,272.59665,277.9914,290.59296,281.94852,274.19397,280.70062,293.46643,283.9862,270.74475,274.82693,287.12756,279.72195,3.4492188,5.8736877,6.338867,4.2642517
Tampere,61.499111,23.787121,2.433333333333333,1.5333333333333334,0.0020518801,0.0013541791,0.0024307503,0.002100458,0.0013873592,0.00038925916,2.3242054e-08,0.00019247009,3.703126,3.2753382,3.0142305,3.5069783,269.49878,277.90598,290.2172,279.40305,271.92233,282.4227,295.13086,282.30344,266.67642,272.7255,284.4592,276.28485,5.2459106,9.697205,10.671661,6.018585
Taranto,40.476109,17.229719,79.76666666666667,41.13333333333333,0.0021151379,0.0013424665,0.0005858381,0.0022221657,1.6625814e-05,4.971946e-06,2.6022433e-09,1.9948568e-06,3.9659998,3.4203978,2.7483275,3.207181,283.03647,288.25647,299.58804,292.18372,286.53265,292.7946,304.97256,296.61993,279.63705,283.71204,294.01184,288.13162,6.8955994,9.08255,10.960724,8.488312
The Hague,52.076672,4.29861,4.266666666666667,2.2666666666666666,0.0026472153,0.0020221462,0.0025648044,0.0029078813,0.00011506301,3.0057174e-05,4.3994954e-09,6.4624915e-06,5.667793,4.7751393,4.059843,4.832746,278.3657,283.30557,291.63666,285.71252,280.73853,287.14114,295.96573,289.06012,275.89413,279.23376,286.87314,282.4001,4.844391,7.907379,9.09259,6.660034
Thessaloníki,40.640282,22.94389,96.36666666666666,60.03333333333333,0.0015107703,0.0013310781,0.000779197,0.001514163,9.429951e-05,7.1508116e-06,3.368405e-09,3.004311e-06,2.1831849,2.025007,1.9165461,1.9351583,279.78732,287.79776,299.74155,290.50003,283.78088,293.5389,306.42725,295.97723,275.89322,282.13287,293.10803,285.34335,7.887665,11.406036,13.319214,10.633881
Tilburg,51.555511,5.0913,13.466666666666667,5.166666666666667,0.002609702,0.002147036,0.0023467084,0.0024530592,0.00012463961,3.587839e-05,9.592645e-09,1.6643724e-05,4.577233,3.9102437,3.3464239,3.9080274,277.95862,283.60437,292.33237,285.41095,280.75052,288.20297,297.64963,289.44495,275.13943,278.84113,286.7989,281.57846,5.611084,9.361847,10.850739,7.8664856
Timişoara,45.753719,21.22571,56.266666666666666,18.6,0.0013520563,0.0019105143,0.001924366,0.0017186998,0.00032770474,4.877837e-05,6.9040946e-09,3.763464e-05,2.3737345,2.466765,2.1561775,2.3047974,275.66174,286.0667,297.36017,287.16428,278.84192,291.08353,303.20322,292.07947,272.49704,280.92987,291.3039,282.70395,6.344879,10.153656,11.8993225,9.375519
Tirana,41.327499,19.81889,56.13333333333333,25.333333333333332,0.0037508043,0.002887401,0.0013263273,0.0037714203,0.0005713019,0.000114058275,6.1507546e-09,7.198367e-05,1.8708837,1.6441061,1.4367427,1.5852133,277.71106,285.3346,296.6591,288.0117,281.6927,290.38025,303.07318,293.54578,273.9095,280.0312,289.79694,283.1497,7.783203,10.34906,13.276245,10.396088
Toledo,39.858101,-4.02263,101.53333333333333,59.666666666666664,0.0012042404,0.0010665589,0.0004944113,0.0012890063,6.096249e-05,1.15136045e-05,1.3135024e-08,9.024175e-06,2.471021,2.7233691,2.472098,2.2739854,280.68182,287.87814,299.87192,290.34402,286.13007,294.59506,307.5745,296.6907,275.90698,281.024,291.6568,284.43665,10.2230835,13.571075,15.917694,12.254059
Toruń,53.013748,18.598141,12.466666666666667,4.566666666666666,0.0015470472,0.0014683671,0.0023089633,0.0014840803,0.0004934994,0.00010530873,1.12965175e-08,8.5025415e-05,3.8606,3.2752397,3.10222,3.52948,275.21677,282.86884,292.74655,283.9338,277.3052,287.19525,297.7077,287.5648,272.95285,278.13232,287.3702,280.3486,4.352356,9.062927,10.337494,7.2161865
Toulon,43.116669,5.93333,10.133333333333333,5.966666666666667,0.0027581647,0.0018690999,0.00082177034,0.0034921372,1.3592346e-05,1.9175022e-06,2.2722455e-09,5.4936972e-06,5.4725413,4.940797,4.07554,4.679998,283.49292,287.51575,297.09045,291.30975,285.92786,290.2542,300.11948,293.88828,281.37848,284.74686,293.88333,288.98108,4.5493774,5.5073547,6.236145,4.907196
Toulouse,43.604259,1.44367,58.96666666666667,16.733333333333334,0.0021600828,0.002563842,0.0015429619,0.00203201,9.307739e-05,3.541147e-05,3.271469e-06,1.1101852e-05,3.1059103,3.24945,2.6270747,2.8441286,280.1796,286.491,296.54434,289.12128,284.50644,292.11487,303.0332,294.612,276.32584,281.0727,290.19394,284.34006,8.180603,11.042175,12.839264,10.271942
Tours,47.383331,0.68333,29.166666666666668,8.566666666666666,0.0023050637,0.0021424193,0.0016554052,0.0021161318,3.9594146e-05,6.883609e-06,1.0112457e-08,1.4422653e-06,3.9699,3.7514772,3.1131608,3.4616644,278.92706,284.86996,294.0041,287.0151,282.0074,289.69815,300.02164,291.8154,275.884,279.95734,287.79694,282.52325,6.1233826,9.740814,12.224701,9.292145
Trier,49.75565,6.63935,18.9,6.3,0.0028350328,0.0023325786,0.0022249368,0.0024288716,0.00034240942,8.633958e-05,1.1572766e-08,3.8394668e-05,3.8909104,3.498753,2.9951646,3.420697,276.02042,283.29776,292.83566,284.76187,278.52298,287.8678,298.37646,288.73798,273.53796,278.63025,287.1199,281.1193,4.985016,9.237549,11.256561,7.618683
Trieste,45.648609,13.78,45.43333333333333,15.833333333333334,0.003115212,0.0030360268,0.0029829,0.0045446693,0.00030069493,9.171289e-05,4.771688e-10,8.557167e-05,2.8091283,2.4638412,2.071716,2.6459775,279.09265,286.28564,297.06998,288.53723,282.79413,290.8877,302.39566,293.06918,275.59805,281.61948,291.84277,284.48138,7.1960754,9.268219,10.552887,8.587799
Turin,45.070492,7.68682,8.733333333333333,3.966666666666667,0.0013986467,0.002693209,0.0022344268,0.0025195123,0.00068283913,0.00044057932,2.8673421e-05,0.00023351655,1.1859084,1.2161397,1.116172,1.0540872,275.9627,283.3795,294.04306,285.5161,279.2281,287.66306,298.68225,289.13126,273.2968,279.20834,289.343,282.2718,5.9312744,8.454712,9.339264,6.8594666
Turku,60.451481,22.26869,1.7666666666666666,1.2666666666666666,0.002121641,0.0012428354,0.0022683428,0.002313219,0.0011041695,0.00025311043,1.2816125e-08,0.00013314038,4.174055,3.575127,3.3777878,3.9344554,272.0629,278.64355,290.92157,281.17932,274.06415,282.5604,295.13644,283.96915,269.73615,274.193,285.8457,278.19446,4.328003,8.367401,9.290741,5.7746887
Utrecht,52.090832,5.12222,6.733333333333333,3.2666666666666666,0.002813251,0.0022113502,0.0025212371,0.0027778822,0.00011999672,2.982152e-05,5.684632e-09,1.2198827e-05,5.05743,4.3095255,3.6264632,4.271154,277.8303,283.2334,291.5928,285.19394,280.41736,287.56067,296.43927,288.92313,275.1713,278.69867,286.3609,281.6014,5.246063,8.8619995,10.078369,7.3217163
Valencia,39.469749,-0.37739,88.63333333333334,49.266666666666666,0.0013534969,0.0010599334,0.0005967634,0.0020675517,1.4464164e-05,5.7662096e-06,4.40799e-09,3.6752717e-06,2.97583,2.7334447,2.2311206,2.4303422,283.66998,289.12338,299.20844,292.1779,289.3215,295.47,305.43402,298.0355,278.85907,283.0565,293.15543,287.117,10.462433,12.413513,12.278595,10.918488
Valladolid,41.655182,-4.72372,70.06666666666666,27.633333333333333,0.0009858825,0.0011009969,0.0007117278,0.0011863916,8.210408e-05,9.838222e-06,5.326161e-08,4.7763688e-06,2.9337945,3.1982853,2.836491,2.7397854,278.77417,285.27594,296.12885,288.17987,283.56866,291.69266,304.0191,294.50967,274.46536,278.87967,288.03265,282.3398,9.103302,12.812988,15.98645,12.169861
Vantaa,60.29414,25.040991,3.066666666666667,1.7333333333333334,0.0022882333,0.001382726,0.0022441293,0.0024719979,0.0014069526,0.00030726858,1.3226573e-08,0.00021033465,4.246641,3.5722983,3.4260585,3.9953277,271.4943,278.66043,291.02676,280.76346,273.61472,282.75388,295.5694,283.68472,268.99442,273.9896,285.67023,277.57574,4.6203003,8.764282,9.89917,6.1089783
Varna,43.216671,27.91667,47.13333333333333,19.066666666666666,0.0012510264,0.0011801573,0.0011970545,0.0020040537,0.00041712978,6.095272e-05,4.4389283e-09,3.9940092e-05,4.1608024,3.376746,3.0121448,3.546555,276.86096,285.48334,297.2581,288.17722,280.0961,289.95694,302.47537,292.65494,273.55786,281.03104,291.97888,283.96707,6.5382385,8.925903,10.4964905,8.687866
Venezia,45.43861,12.32667,39.06666666666667,14.466666666666667,0.0022277315,0.0023238042,0.002510704,0.003191308,0.000106745094,2.6591068e-05,9.1994895e-07,2.6155325e-05,2.559869,2.4969292,2.2408235,2.5358722,279.1673,287.09613,298.0468,289.22122,282.23386,290.82578,302.13925,292.82654,276.39642,283.30222,293.9381,285.90378,5.837433,7.5235596,8.201141,6.92276
Verona,45.434189,10.99779,23.0,8.866666666666667,0.0018821135,0.0024053482,0.0027256622,0.0030563362,0.0006132386,0.00020974036,1.8346244e-06,0.00019263195,1.4614486,1.6012746,1.4331871,1.4491928,275.14755,284.44266,295.28348,285.7723,278.87994,289.24347,300.372,290.04315,271.81412,279.56424,290.1679,281.85922,7.0658264,9.67923,10.204102,8.183929
Vienna,48.208488,16.37208,32.733333333333334,9.666666666666666,0.001582107,0.0018905385,0.0024642593,0.0019331513,0.00047447372,9.0360714e-05,8.547594e-09,6.8688285e-05,3.5525548,3.4114013,3.0886068,3.189028,275.71912,284.92538,295.38138,285.63007,277.90695,289.56152,300.7305,289.561,273.49942,280.13715,289.97043,282.02252,4.4075317,9.424377,10.760071,7.5384827
Vigo,42.232819,-8.72264,11.966666666666667,5.2,0.0060183946,0.003926353,0.0013067725,0.0055622864,4.538747e-06,2.491286e-07,6.2368155e-09,1.0930848e-08,3.5204892,3.7245328,3.4615946,3.1421971,283.2014,286.6761,293.55014,289.6009,287.00964,291.213,298.85394,294.20663,279.60623,282.15567,288.3815,285.50735,7.403412,9.057343,10.472443,8.69928
Vilnius,54.689159,25.2798,11.533333333333333,4.8,0.0020197562,0.0017616308,0.002700717,0.002047475,0.0010380169,0.00023034042,1.187507e-08,0.00013346155,4.1641335,3.5575569,3.1837087,3.8485515,272.51038,281.40088,292.58597,281.98138,274.21127,285.896,297.68073,285.40182,270.48468,276.28323,286.83182,278.42575,3.726593,9.612762,10.848907,6.976074
Warsaw,52.229771,21.01178,18.1,6.5,0.0018407854,0.0016053591,0.0023332366,0.0015279489,0.0006394118,0.00012041416,1.3157109e-08,0.0001093102,3.645607,3.1159778,2.8822353,3.3158486,274.7407,283.12778,293.38312,283.62836,276.92792,287.83105,298.699,287.48984,272.3533,277.9833,287.5967,279.77386,4.5746155,9.847748,11.102295,7.715973
Wiesbaden,50.082581,8.24932,24.133333333333333,7.533333333333333,0.001991385,0.0019259861,0.0019947009,0.00191961,0.00023970398,4.5266137e-05,1.132889e-08,1.5957481e-05,3.3524783,3.0482733,2.649178,2.9155006,276.2256,283.97983,293.60385,285.1136,278.76257,288.81805,299.27158,289.19473,273.7105,279.0646,287.92322,281.41406,5.052063,9.7534485,11.348358,7.78067
Wolverhampton,52.585468,-2.12296,3.4,2.3,0.002284071,0.0022227974,0.002196514,0.0022836947,0.00017446818,7.0999195e-05,9.098382e-09,9.793004e-06,4.762712,4.368739,3.6681874,4.20928,278.08508,282.2985,290.28287,284.62527,280.8879,286.46332,295.30576,288.2438,275.1874,278.08386,285.176,281.015,5.7005005,8.379456,10.129761,7.2287903
Wrocław,51.099998,17.033331,19.866666666666667,5.833333333333333,0.0017019263,0.0018471844,0.0027397969,0.0015786003,0.00058430346,0.00014284354,2.1229717e-08,8.397784e-05,3.530803,3.0526953,2.786865,3.1189046,274.63635,283.05475,293.22873,284.08945,277.0311,287.80304,298.861,288.18845,272.12805,277.9658,287.26437,280.05676,4.9030457,9.83725,11.596619,8.131683
Wuppertal,51.270271,7.16755,18.433333333333334,6.5,0.0033558253,0.0026602722,0.002709484,0.0027882627,0.00034215397,7.562782e-05,1.0956139e-08,3.0100864e-05,4.3348303,3.6653988,3.1816819,3.802308,277.66104,284.1136,293.17004,285.8727,279.93225,288.29868,298.2421,289.47284,275.39255,279.8416,288.06216,282.5712,4.5397034,8.457062,10.179932,6.901642
Yaroslavl',57.629871,39.87368,12.0,4.833333333333333,0.0016552749,0.0013409294,0.002241941,0.002123778,0.0013775129,0.00029928316,1.092998e-08,0.00037771076,3.8785198,3.3907347,2.9178863,3.5545263,266.94382,279.82846,292.68253,279.6275,269.50623,284.20303,297.524,282.6484,263.97318,274.63678,286.9628,276.37994,5.5330505,9.566254,10.561188,6.268463
York,53.95763,-1.08271,1.0,0.8666666666666667,0.0018226539,0.0017680486,0.0019743547,0.0019213445,0.00020419124,6.471591e-05,6.043103e-09,2.4147495e-05,5.221287,4.6672683,3.8682783,4.6155868,277.52487,281.56592,289.28748,284.02917,280.21588,285.41132,293.95575,287.45956,274.82672,277.65814,284.4786,280.6597,5.38916,7.753174,9.477142,6.7998657
Zagreb,45.814442,15.97798,43.833333333333336,13.066666666666666,0.0019947537,0.0025999201,0.0031604175,0.0031594369,0.00045142398,8.294514e-05,7.2878356e-07,8.165367e-05,2.186132,2.3164837,1.8459154,2.0099483,276.1779,285.7315,296.1262,286.58206,279.36508,290.92035,301.9357,291.25815,273.08707,280.6199,290.40485,282.3346,6.278015,10.300446,11.530853,8.923553
Zaragoza,41.656059,-0.87734,84.6,36.7,0.0007974236,0.0011133639,0.0008367168,0.0011547452,6.308178e-05,2.4787563e-05,4.948926e-07,2.8244007e-05,3.573257,3.792765,3.267772,3.1067514,279.4615,286.60098,297.7398,288.9688,284.67142,293.58435,305.97873,295.48145,274.90848,279.87708,289.84128,283.2225,9.762939,13.707275,16.137451,12.258942
Zürich,47.366669,8.55,16.366666666666667,6.466666666666667,0.0038356702,0.0035131813,0.00415099,0.0032494622,0.0014314589,0.000567847,6.4078476e-06,0.00018041485,2.1014233,2.0737996,1.7150759,1.7538553,275.10803,282.65488,293.20682,284.3078,277.53683,287.1073,298.5439,287.96945,272.85794,278.43375,288.10745,281.25864,4.678894,8.673553,10.436462,6.7108154
Århus,56.156738,10.21076,0.8,0.6666666666666666,0.0018476733,0.0016939366,0.0021745192,0.002249948,0.00030143853,9.8873934e-05,5.7882485e-09,3.0586427e-05,5.481858,4.7205834,4.447626,5.124271,275.5965,281.35275,290.76663,283.4727,277.7473,285.1122,295.15274,286.54367,273.19727,277.33524,285.84933,280.32346,4.550049,7.7769775,9.303406,6.220215
Łódź,51.75,19.466669,17.1,5.9,0.001994103,0.0018374319,0.002350116,0.0015767126,0.0007220156,0.00016212132,1.0927183e-08,8.372348e-05,4.0778465,3.410415,3.1103168,3.5976558,274.55432,282.93253,293.0897,283.83432,276.83234,287.54242,298.4186,287.8413,272.11832,277.89523,287.3404,279.8546,4.71402,9.647186,11.078217,7.9866943
