city,latitude,longitude,sf_winter,sf_spring,sf_summer,sf_autumn,t2m_winter,t2m_spring,t2m_summer,t2m_autumn,tp_winter,tp_spring,tp_summer,tp_autumn,si10_winter,si10_spring,si10_summer,si10_autumn,max_t2m_winter,min_t2m_winter,temp_range_winter,max_t2m_spring,min_t2m_spring,temp_range_spring,max_t2m_summer,min_t2m_summer,temp_range_summer,max_t2m_autumn,min_t2m_autumn,temp_range_autumn,hot_days,hot_days_consec
Aachen,50.776642,6.08342,0.00044245276,2.974464e-05,0.0,0.00022328284,276.1505,282.53543,290.51913,283.5739,0.002661987,0.0024704488,0.0027434595,0.0026050974,4.5961246,3.6860733,3.2279413,3.901925,278.27545,274.11197,4.1634827,286.36472,278.55936,7.805359,294.68848,286.11887,8.569611,286.72693,280.6629,6.064026,4.516129032258065,2.419354838709677
Aberdeen,57.143688,-2.09814,0.00025257692,3.0008376e-05,0.0,7.596676e-05,278.42102,280.5567,286.5089,283.4935,0.002185228,0.0019745275,0.0023302916,0.0030102031,6.8805757,5.5205865,4.722353,6.211646,279.92892,276.97104,2.9578857,282.32407,278.68793,3.636139,288.2352,284.64053,3.5946655,285.1133,281.82422,3.289093,0.0,0.0
Aix-en-Provence,43.528301,5.44973,6.143936e-05,7.455921e-07,0.0,2.2337428e-05,280.45486,286.83826,296.20575,288.6037,0.0016990734,0.0017007363,0.0012424189,0.0027892368,4.215501,4.0990963,3.6815288,3.9466634,284.48508,277.0915,7.393585,291.15436,282.45444,8.699921,300.8998,291.24628,9.653534,292.83588,284.87067,7.96521,21.83870967741936,8.064516129032258
Alcalá de Henares,40.482052,-3.35996,0.00013145366,8.18015e-06,0.0,4.1007996e-05,279.04984,286.12888,297.46448,287.79752,0.0015579534,0.0014525801,0.0005881077,0.0020312895,2.5554788,2.7550457,2.5967503,2.4884207,283.73996,275.0573,8.682648,291.75552,280.3312,11.424316,304.17325,290.07108,14.102173,293.20895,282.69815,10.510803,68.7741935483871,24.83870967741936
Alicante,38.345169,-0.48149,2.0522799e-05,4.917917e-07,0.0,1.4482434e-05,284.59418,288.98868,297.88696,292.06046,0.001055356,0.0009954505,0.000813879,0.0013527913,3.5684028,3.4802928,3.0005696,3.1799414,288.2586,281.54404,6.714569,292.54434,285.46976,7.074585,301.4428,294.33557,7.107239,295.50272,288.98346,6.5192566,24.225806451612904,8.580645161290322
Almería,36.838139,-2.45974,9.0519585e-05,4.722653e-06,0.0,2.3498758e-05,284.2253,288.31683,296.95825,291.13904,0.0011257194,0.0008427644,0.0005117779,0.0012164757,3.9051669,4.050331,3.440301,3.5973616,287.10986,281.81854,5.291321,291.1925,285.36404,5.8284607,299.99466,293.75784,6.2368164,293.9475,288.53217,5.415344,6.935483870967742,2.4516129032258065
Amersfoort,52.154999,5.3875,0.00015602156,4.5921215e-06,0.0,7.5152166e-05,277.22754,282.97626,290.72653,284.38693,0.0022779107,0.0022367937,0.0026565776,0.0024188713,4.822042,4.0308795,3.5866394,4.116251,279.3336,275.15674,4.1768494,286.67917,279.05865,7.620514,294.60226,286.48856,8.1137085,287.4187,281.47543,5.943268,3.6774193548387095,2.064516129032258
Amiens,49.900002,2.3,0.00012698642,8.637226e-06,0.0,5.8091457e-05,277.8045,283.2468,290.83267,284.7487,0.0021032365,0.0021500913,0.0020384493,0.0024354414,4.5450454,3.910274,3.4297388,3.9252102,280.16315,275.50223,4.660919,287.15823,279.1693,7.988922,295.15155,286.23538,8.916168,288.17575,281.51822,6.6575317,3.774193548387097,2.129032258064516
Amsterdam,52.374031,4.88969,0.00013471964,2.6844523e-06,0.0,6.0814044e-05,277.758,282.62006,290.33447,284.92926,0.0022898053,0.0021254073,0.0028475805,0.0028177558,5.9654417,4.8819113,4.3752604,5.178881,279.4628,276.0698,3.3930054,285.3792,279.70822,5.67099,293.15863,287.23657,5.922058,287.22455,282.67816,4.5463867,0.5483870967741935,0.4516129032258064
Angers,47.466671,-0.55,5.71068e-05,1.5552753e-07,0.0,1.870304e-05,279.1843,284.5263,292.3186,286.02744,0.002058935,0.0019867625,0.0016399422,0.002455015,4.173621,3.7685907,3.314032,3.6379435,282.09183,276.39505,5.6967773,288.94852,279.99866,8.94986,297.3253,287.06976,10.255524,290.20023,282.17487,8.02536,9.387096774193548,3.741935483870968
Antwerpen,51.219891,4.40346,0.0001285136,3.2101052e-06,0.0,7.24831e-05,277.63663,283.44678,291.12057,284.77927,0.0022021572,0.0021735912,0.0024433392,0.0023635717,4.5862494,3.8279812,3.4040852,3.9193056,279.79712,275.51877,4.278351,287.2241,279.50598,7.718109,295.1243,286.82806,8.296234,287.93445,281.80563,6.1288147,4.548387096774194,2.290322580645161
Apeldoorn,52.209999,5.96944,0.0001747463,5.9875256e-06,0.0,8.221196e-05,276.90698,282.89026,290.74576,284.1181,0.0022962233,0.0022756753,0.002675796,0.0023673591,4.632063,3.8645036,3.436976,3.95975,279.1139,274.72183,4.3920593,286.8727,278.652,8.220703,294.9362,286.15997,8.776215,287.3409,281.01465,6.3262634,4.612903225806452,2.3548387096774195
Arezzo,43.461391,11.87691,0.0003936526,1.3078627e-05,0.0,0.0001373981,277.8036,284.76724,294.98856,286.63345,0.002636935,0.0025755872,0.0020724966,0.003533553,2.2854607,2.3338878,1.97458,2.14834,281.23807,274.74762,6.490448,289.31958,280.2717,9.047882,300.2911,289.70123,10.589874,290.8846,282.8445,8.0401,21.90322580645161,8.258064516129032
Arnhem,51.98,5.91111,0.0001711465,5.306309e-06,0.0,8.488086e-05,277.0174,283.07397,290.924,284.22977,0.0023155776,0.0022282223,0.0025935532,0.0023802249,4.4937906,3.743628,3.33259,3.835994,279.2236,274.84048,4.3831177,287.07257,278.83395,8.238617,295.1444,286.3318,8.812622,287.47614,281.12518,6.350952,4.967741935483871,2.4838709677419355
Athens,37.97945,23.716221,7.450737e-05,5.6969793e-09,0.0,1.0788939e-05,283.4762,289.1304,299.75912,292.27377,0.0018772652,0.00068770396,0.00039029092,0.0016290614,3.347352,2.9659343,3.093083,3.06194,286.55594,280.6072,5.9487305,293.31927,285.00952,8.309753,304.16574,295.2159,8.949829,296.127,288.76627,7.3607483,70.74193548387096,24.64516129032258
Augsburg,48.366669,10.88333,0.0006706904,6.646335e-05,6.6238067e-07,0.0004027308,274.31396,282.38345,291.3135,282.51514,0.0022118764,0.003175995,0.0032430592,0.0023387196,3.3000238,2.9522583,2.4424317,2.6982083,277.01105,271.86542,5.14563,286.95758,277.92728,9.030304,296.1639,286.53946,9.624451,286.35394,279.23883,7.1151123,6.870967741935484,3.064516129032258
Avignon,43.948341,4.80892,7.637278e-05,2.224439e-06,0.0,2.4121615e-05,280.11575,287.08862,296.7866,288.41095,0.0017204387,0.0018662028,0.0016138951,0.002877786,3.9128625,3.8366265,3.5977707,3.6831415,284.23175,276.71704,7.5147095,291.9677,282.30054,9.667175,302.24118,291.2542,10.986969,293.0553,284.4235,8.631805,42.67741935483871,14.225806451612904
Barcelona,41.38879,2.15899,3.557532e-05,1.3715477e-07,0.0,1.0332433e-05,282.7218,287.06137,295.9334,290.41156,0.0014612386,0.0017070892,0.0019697451,0.00229183,3.579199,3.4345453,2.8854196,3.301437,285.6707,280.20166,5.4690247,289.87213,284.2412,5.6309204,298.5733,293.2076,5.365692,293.03598,287.95413,5.081848,2.225806451612903,1.6451612903225807
Bari,41.117729,16.851179,2.7354366e-05,9.0720835e-07,0.0,7.895693e-06,283.42224,287.92206,297.9511,291.36456,0.0020388141,0.0012474932,0.0010521591,0.002274444,4.7512646,4.253382,3.7283542,4.0560045,285.48828,281.5399,3.9483948,290.39978,285.47623,4.9235535,300.57678,295.21478,5.3619995,293.72787,289.20535,4.522522,17.967741935483872,6.548387096774194
Basel,47.558399,7.57327,0.00075007416,8.5764834e-05,8.460014e-08,0.00044136262,275.01782,282.7343,291.53674,283.05212,0.0030375277,0.0038483418,0.003725716,0.0033195787,2.541783,2.3550284,1.9628116,2.105095,277.78433,272.57214,5.2121887,287.26175,278.33398,8.927765,296.40326,286.7598,9.643463,286.96228,279.78387,7.178406,7.451612903225806,3.419354838709677
Bath,51.377949,-2.35907,0.000103396436,7.1499935e-06,0.0,3.0228208e-05,278.65878,282.53156,289.38474,284.45575,0.00218961,0.0022262924,0.0022335385,0.0026331986,4.7546,4.1696677,3.725754,4.172436,281.05945,276.2337,4.8257446,286.08307,278.87793,7.205139,293.13577,285.43365,7.702118,287.5373,281.3616,6.1756897,0.5483870967741935,0.4516129032258064
Belfast,54.583328,-5.93333,0.00012065134,4.089007e-06,0.0,2.598378e-05,279.34778,281.6466,287.2295,284.2134,0.0027899318,0.0024809504,0.0029662463,0.003496811,6.366514,5.2049546,4.4500465,5.7093315,280.97418,277.77713,3.197052,283.6617,279.56165,4.100067,289.23083,285.16946,4.061371,285.9425,282.46478,3.4777222,0.0,0.0
Belgrade,44.804008,20.46513,0.00044040996,1.3972696e-05,0.0,0.00022777605,275.75214,286.2022,296.26538,286.25006,0.0017019728,0.0022979868,0.0020039466,0.0017516391,2.9407961,2.9724934,2.4823916,2.9133902,278.94986,272.70026,6.2496033,291.28754,281.03247,10.255066,302.02386,290.41013,11.613739,291.1674,281.95923,9.20816,44.516129032258064,10.935483870967742
Bergamo,45.697979,9.66895,0.0006668385,0.00010482983,1.5875345e-06,0.00038426922,275.7167,284.72778,294.52338,285.42642,0.0023466202,0.004363479,0.0043856404,0.0039350004,1.6140587,1.7438089,1.5754019,1.5478567,279.55975,272.62244,6.937317,289.0386,280.3758,8.662811,298.97253,290.03632,8.936218,289.09818,282.18976,6.9084167,10.064516129032258,5.032258064516129
Bergen,60.39299,5.32415,0.0025906528,0.0003076218,3.8162993e-06,0.0010185897,274.61508,278.7494,286.74915,281.35574,0.0076180524,0.004485145,0.0069618993,0.009179593,4.7073665,3.8493454,3.446554,4.2860494,276.1817,272.98337,3.1983337,280.92764,276.30847,4.619171,288.852,284.3822,4.4697876,283.0893,279.5682,3.5210876,0.0,0.0
Berlin,52.524368,13.41053,0.00035335217,7.4503673e-06,0.0,0.0001613878,274.82684,282.65088,291.9782,283.28015,0.0017308702,0.001786009,0.0022056454,0.001697577,3.9831316,3.475429,3.085752,3.473944,276.99835,272.64938,4.3489685,286.89532,278.1532,8.742126,296.62378,286.96393,9.659851,286.68433,280.04404,6.6402893,9.03225806451613,3.129032258064516
Bern,46.94809,7.44744,0.001962626,0.0005642533,7.607203e-05,0.0013313118,272.46225,280.28387,289.2546,281.05325,0.0036026188,0.0048127067,0.004886118,0.003860007,2.0385547,1.8969278,1.6222575,1.7377715,275.608,269.68356,5.9244385,284.62866,275.95682,8.6718445,293.91385,284.5731,9.340759,285.08392,277.63422,7.449707,1.1612903225806452,0.7096774193548387
Besançon,47.248779,6.01815,0.00057025737,4.3906333e-05,8.830318e-09,0.0003282605,276.5233,283.8575,292.6131,284.46997,0.0035425366,0.003553222,0.002994494,0.0038868997,3.3815289,3.0058253,2.5068967,2.8714066,279.24152,273.9793,5.262207,288.37387,279.37552,8.998352,297.69586,287.4759,10.219971,288.4441,281.01407,7.430023,13.161290322580646,4.903225806451613
Bielefeld,52.033329,8.53333,0.00036868796,1.7717606e-05,0.0,0.00017983625,275.9677,282.60474,290.98355,283.58316,0.002513873,0.0021954984,0.0025500453,0.002501539,4.3091836,3.5124755,3.132088,3.6667814,278.10303,273.85977,4.2432556,286.6541,278.30536,8.348755,295.46033,286.16336,9.296967,286.90076,280.44366,6.4570923,6.709677419354839,3.161290322580645
Bilbao,43.262711,-2.92528,0.00016296508,5.013413e-06,0.0,3.628278e-05,281.85437,285.17676,291.76694,288.05347,0.0037177803,0.0028104337,0.002102587,0.0040001804,4.179284,3.6110432,2.9285808,3.6103463,284.3682,279.6226,4.7456055,288.00787,282.34927,5.6586,294.73657,288.9124,5.8241577,290.93652,285.4708,5.4657288,0.9032258064516128,0.5806451612903226
Birmingham,52.481419,-1.89983,0.00016079795,1.3076063e-05,0.0,5.8166017e-05,278.16895,282.249,289.26996,284.02847,0.0019201984,0.0021662584,0.0022025672,0.0023312217,4.762558,4.164808,3.7257724,4.2280726,280.52435,275.84415,4.6802063,285.908,278.52985,7.3781433,293.16663,285.227,7.939636,287.08398,281.005,6.0789795,0.7096774193548387,0.4516129032258064
Blackpool,53.816669,-3.05,0.00014346678,9.250417e-06,0.0,3.7303857e-05,279.04172,281.80756,288.2695,284.7024,0.0036406228,0.002737401,0.0037648974,0.004819066,6.851559,5.502283,4.9907503,6.2147865,280.40442,277.72964,2.6747742,283.6023,279.93063,3.6716614,289.92175,286.51227,3.4094849,286.18073,283.17856,3.0021667,0.0,0.0
Bochum,51.481651,7.21648,0.0003412798,1.5875486e-05,0.0,0.00018313025,276.35706,282.95804,291.04654,283.84564,0.002889738,0.00246541,0.0029744566,0.0028874534,4.412212,3.579623,3.1490943,3.7583914,278.52267,274.23596,4.2867126,286.9306,278.77933,8.151276,295.37363,286.47943,8.894196,287.0833,280.8245,6.2588196,6.193548387096774,2.903225806451613
Bologna,44.493809,11.33875,0.0004019763,1.03684315e-05,0.0,0.00015199847,277.99255,286.68048,297.29953,287.87943,0.0021324772,0.002729325,0.002274838,0.0027807245,2.067541,2.3693602,2.042879,2.0528977,281.6184,274.97238,6.6460266,291.3189,282.22693,9.09198,302.4539,292.2224,10.231476,292.04886,284.26083,7.788025,45.67741935483871,13.387096774193548
Bonn,50.734379,7.09548,0.00037962006,2.358528e-05,0.0,0.00020763672,276.06863,282.77417,290.9702,283.59366,0.0026929933,0.002405846,0.0027430083,0.0027875695,4.058241,3.3471577,2.8922222,3.4734025,278.2131,274.00842,4.2046814,286.74646,278.6886,8.057861,295.30035,286.46033,8.840027,286.8052,280.66144,6.1437683,6.0,2.806451612903226
Bordeaux,44.840439,-0.5805,1.878732e-05,8.011377e-09,0.0,3.785536e-06,280.55923,286.38672,294.19925,287.81866,0.0022507329,0.0024103823,0.0017570347,0.0026432981,3.282583,3.1572669,2.7104363,2.946356,283.98956,277.53986,6.449707,290.97354,281.89554,9.078003,299.21072,289.19626,10.014465,292.38223,283.88324,8.498993,20.870967741935484,5.387096774193548
Bournemouth,50.720482,-1.8795,5.7335823e-05,3.1844688e-06,0.0,1.4216243e-05,279.9123,282.78415,289.46133,285.7807,0.0023987738,0.0019673898,0.0021143095,0.0033215082,6.3362775,5.195719,4.66963,5.6350565,281.60712,278.19217,3.4149475,285.08356,280.3657,4.717865,291.84296,286.92184,4.921112,287.7584,283.71167,4.0467224,0.0,0.0
Bradford,53.793911,-1.75206,0.00037628494,3.726736e-05,0.0,0.000114839706,277.30872,281.10968,287.86804,283.00516,0.002611273,0.002523657,0.0027575018,0.0028326316,4.9659224,4.2937746,3.8002546,4.3892717,279.46634,275.20865,4.2576904,284.51163,277.66296,6.8486633,291.33847,284.2458,7.092682,285.7353,280.26508,5.470215,0.1290322580645161,0.1290322580645161
Braga,41.55032,-8.42005,4.3479344e-05,2.7903627e-06,0.0,1.1726733e-05,281.638,285.85568,292.29156,287.74106,0.0053197555,0.0035227716,0.0016890393,0.0067904308,3.0236826,2.940925,2.6698103,2.768363,285.1798,278.61847,6.5613403,289.8851,281.8883,7.9967957,296.90057,287.79047,9.110107,291.69675,284.29944,7.3973083,6.419354838709677,2.7419354838709675
Bratislava,48.148159,17.106741,0.00038415962,1.91677e-05,0.0,0.00021029449,274.62842,284.45642,294.2931,284.36276,0.0013573843,0.0022011623,0.0024648788,0.0015686078,3.5216641,3.578673,3.0793588,3.3338058,277.21365,272.0825,5.1311646,289.0429,279.67435,9.368561,299.38855,289.02753,10.361023,288.22296,280.85464,7.3683167,21.70967741935484,7.258064516129032
Braunschweig,52.265942,10.52673,0.0004247873,1.5660995e-05,0.0,0.00020625372,275.15924,282.2187,290.95908,283.13217,0.0020859626,0.0020834024,0.0024164056,0.002090045,4.1266675,3.4563932,3.0733705,3.5109823,277.29105,273.0264,4.2646484,286.3346,277.85764,8.476959,295.54156,286.0547,9.486877,286.4586,279.97476,6.4838257,6.064516129032258,2.6129032258064515
Braşov,45.648609,25.606131,0.0010279046,0.0001557378,1.3661e-06,0.0006055449,270.95947,280.73016,290.76718,281.22247,0.0016372018,0.0034564214,0.0030447936,0.0017076385,2.1492455,2.2250133,1.8539172,2.0031047,274.33282,267.82755,6.5052795,285.45963,275.86288,9.596741,296.04996,285.3805,10.669464,286.11243,277.06055,9.05188,2.3870967741935485,1.4516129032258065
Breda,51.586559,4.77596,0.00013698344,4.329562e-06,0.0,7.765609e-05,277.4739,283.2569,290.94205,284.5987,0.0022491657,0.0022280943,0.0025642577,0.0024104342,4.6223044,3.8614025,3.4385238,3.9377458,279.6401,275.34238,4.2977295,287.05624,279.25317,7.80307,294.94073,286.59793,8.342804,287.75406,281.5941,6.159973,4.129032258064516,2.193548387096774
Bremen,53.075161,8.80777,0.0002785434,8.0161835e-06,0.0,0.0001199489,276.08252,282.4275,290.72168,283.6364,0.0022195526,0.002236495,0.0025822963,0.002238541,4.2664456,3.6427221,3.2442803,3.7083297,278.08856,274.088,4.0005493,286.31955,278.34064,7.9789124,294.93256,286.239,8.6935425,286.74725,280.64484,6.102417,4.096774193548387,2.129032258064516
Brescia,45.52478,10.22727,0.00041963722,5.782747e-05,5.252615e-07,0.0002349289,276.74875,285.4614,295.47842,286.50406,0.0021639464,0.0036966708,0.003652199,0.0034328436,1.5404869,1.7109252,1.5325652,1.5244952,280.17355,273.9176,6.255951,289.75803,281.09637,8.661652,299.75125,291.24426,8.506989,289.84207,283.5594,6.2826843,15.419354838709678,6.612903225806452
Brest,48.400002,-4.48333,1.2089702e-05,5.383645e-08,0.0,2.9400687e-06,282.2461,283.8974,289.1641,286.94482,0.0033576617,0.0020702416,0.0018642197,0.004017144,7.892629,6.4256363,5.298375,6.5850415,283.3457,281.16367,2.1820374,285.0767,282.66043,2.4162598,290.2939,287.95956,2.3343506,288.046,285.82648,2.219513,0.0,0.0
Brighton,50.828381,-0.13947,7.099682e-05,3.1878872e-06,0.0,2.3443532e-05,279.73758,282.71268,289.5142,285.87692,0.0023259425,0.0018008492,0.0020707962,0.003271319,6.8008504,5.4804726,4.865122,5.9831896,281.33038,278.11618,3.214203,284.80014,280.47894,4.3211975,291.67447,287.17728,4.4971924,287.73764,283.90314,3.8345032,0.0,0.0
Bristol,51.455231,-2.59665,0.00010842192,7.341839e-06,0.0,3.3478584e-05,278.76587,282.5802,289.39645,284.54382,0.0022748644,0.0022508695,0.0022939097,0.0027590916,4.802419,4.1979933,3.7636528,4.2076917,281.11014,276.39465,4.7154846,286.0295,279.02396,7.005554,293.0014,285.59985,7.4015503,287.527,281.54034,5.986664,0.5161290322580645,0.4193548387096774
Brno,49.195221,16.60796,0.00047796677,2.8819006e-05,3.5250058e-09,0.0002695947,273.4805,282.885,292.6262,282.98593,0.0013257419,0.0022887134,0.0026902282,0.0014785252,3.4379334,3.3918726,2.8591866,3.1990757,275.83197,271.12512,4.706848,287.22305,278.32953,8.893524,297.5124,287.48514,10.027252,286.49283,279.69235,6.800476,10.806451612903226,4.32258064516129
Brugge,51.20892,3.22424,0.00010320933,2.2844886e-06,0.0,4.948624e-05,278.43622,283.06473,290.6136,285.52234,0.0022238886,0.0020244191,0.0025466066,0.0028207898,5.9461894,4.8868,4.4217873,5.209759,280.15192,276.73868,3.4132385,285.6959,280.33054,5.3653564,293.36935,287.68378,5.6855774,287.79816,283.32968,4.4684753,0.4516129032258064,0.3548387096774194
Brussels,50.850449,4.34878,0.00015876467,3.5658638e-06,0.0,8.3346524e-05,277.4134,283.30862,291.00778,284.57413,0.0022667672,0.0021969643,0.0024203113,0.0023619598,4.5903087,3.7978854,3.3490782,3.9288042,279.60812,275.29126,4.316864,287.1784,279.2701,7.9082947,295.13885,286.5733,8.565552,287.80524,281.5493,6.255951,4.419354838709677,2.2580645161290325
Bucharest,44.432251,26.10626,0.00055789464,9.587055e-06,0.0,0.0002346614,274.22314,285.57166,296.68008,285.8205,0.0014620052,0.0022484078,0.0019012061,0.0016418772,2.8844047,2.9046087,2.4021156,2.681989,277.69495,271.06232,6.6326294,290.7031,280.3528,10.350281,302.34082,290.85043,11.490387,290.75406,281.4092,9.344849,45.096774193548384,12.709677419354838
Budapest,47.498009,19.039909,0.0003668017,1.04072415e-05,0.0,0.00021411298,274.04663,284.52698,294.45227,284.21704,0.0013924249,0.0021771246,0.002170638,0.0016795698,2.9232047,3.0508947,2.6629198,2.8029613,276.94818,271.23264,5.7155457,289.5081,279.26328,10.244812,299.88763,288.63922,11.248413,288.7259,280.12595,8.599945,23.70967741935484,7.709677419354839
Burgos,42.349998,-3.7,0.00047800745,4.153915e-05,0.0,0.00017645859,277.73145,283.00522,291.76086,285.13458,0.0020638986,0.0021500927,0.0010691779,0.0022974694,3.5553176,3.4395244,3.0784383,3.295697,281.34506,274.59146,6.753601,287.912,278.29825,9.613739,298.11627,285.82254,12.293732,290.0393,280.83405,9.205261,14.741935483870968,4.741935483870968
Bydgoszcz,53.123501,18.00762,0.00048312705,2.1511083e-05,0.0,0.00021345876,273.22147,281.59067,291.28918,282.28775,0.0015202961,0.001915125,0.0023349759,0.0015082052,4.261409,3.7349563,3.3018029,3.7919583,275.3411,271.04086,4.300232,285.80597,276.9005,8.905457,295.8267,286.13074,9.695953,285.64178,278.93835,6.70343,4.354838709677419,2.0
Cagliari,39.207378,9.13462,1.3638568e-06,2.0979127e-07,0.0,2.7345502e-07,284.0661,288.40042,298.23077,292.09824,0.001411467,0.0010951207,0.0004981598,0.0018347609,3.7627974,3.6375663,3.1273153,3.335337,287.56427,281.02658,6.537689,292.55115,284.37708,8.174072,303.0015,293.3735,9.627991,296.0937,288.54962,7.5440674,50.03225806451613,19.0
Cambridge,52.200001,0.11667,0.000116334166,3.851015e-06,0.0,3.8595183e-05,278.33942,282.64578,290.03717,284.57034,0.0017148431,0.0019471807,0.002043302,0.002017252,4.9834247,4.292296,3.8541148,4.390601,280.74103,275.959,4.782013,286.32816,278.9405,7.387665,294.0653,285.8979,8.167419,287.78656,281.43607,6.3504944,1.4193548387096775,0.935483870967742
Cardiff,51.48,-3.18,0.00012677544,9.67753e-06,0.0,3.9035698e-05,278.9041,282.35608,289.05087,284.64932,0.0027533618,0.0024884439,0.0026752427,0.0034394136,5.274937,4.5063143,4.0815783,4.643549,280.93777,276.86038,4.0773926,285.30206,279.29642,6.0056458,292.03906,285.8854,6.153656,287.15707,282.11078,5.046295,0.1290322580645161,0.0967741935483871
Cartagena,37.605122,-0.98623,5.229827e-07,0.0,0.0,2.1406399e-07,286.18423,289.70236,297.83618,293.2726,0.000925176,0.0006140629,0.0005501488,0.0011465225,4.3496823,4.335396,3.7991025,3.98647,288.65845,283.98782,4.670624,291.9996,287.27267,4.7269287,300.0857,295.48627,4.5994263,295.47845,291.13068,4.3477783,4.483870967741935,2.193548387096774
Catania,37.502129,15.08719,5.157703e-05,4.6871895e-07,0.0,9.485043e-06,284.10422,288.0189,297.87308,292.27313,0.0023201222,0.0010873006,0.001011804,0.002836447,3.2585485,2.8939564,2.3401296,2.6637318,286.77255,281.78094,4.9916077,290.8128,285.20773,5.605072,300.8011,294.82007,5.981018,294.91217,289.88477,5.027405,17.29032258064516,6.258064516129032
Chemnitz,50.833328,12.91667,0.00084791676,6.6545384e-05,2.275231e-08,0.00046010333,273.76813,281.515,290.62122,282.1971,0.002269102,0.0024017761,0.002790874,0.002242744,3.9329183,3.2506855,2.7970102,3.287996,275.9198,271.6449,4.2749023,285.53537,277.2899,8.245483,295.134,285.80185,9.332153,285.49997,279.14926,6.350708,4.290322580645161,1.935483870967742
Chişinău,47.005562,28.8575,0.0005557366,2.8282937e-05,0.0,0.00026972833,272.64514,283.8916,295.15326,284.00568,0.0011797711,0.0018647469,0.0016612237,0.0013270241,3.1949203,3.1488247,2.7710996,3.013414,275.34195,269.823,5.5189514,288.67255,278.77844,9.894104,300.472,289.38235,11.08963,288.3279,279.83606,8.491852,27.41935483870968,8.258064516129032
Clermont-Ferrand,45.779659,3.08628,0.0005558426,6.555977e-05,3.008005e-07,0.00027959,276.20276,282.5648,291.1049,283.7081,0.0023321952,0.0030461536,0.0025910083,0.0026593483,3.1316755,2.9396284,2.35531,2.7783413,279.6133,273.26767,6.345642,287.4538,277.7227,9.73111,296.51718,285.5252,10.991974,288.35474,279.6586,8.696136,9.193548387096774,3.5806451612903225
Cluj-Napoca,46.76667,23.6,0.0006848206,7.570517e-05,8.291241e-07,0.0003819724,271.91272,282.40546,292.17935,282.2636,0.0015628312,0.0031412698,0.003002235,0.0016770781,2.1886215,2.3883195,1.9858036,2.1109169,275.08807,268.8798,6.2082825,287.40442,277.18942,10.214996,297.65607,286.43863,11.217438,287.34332,277.88553,9.457794,9.03225806451613,3.645161290322581
Coimbra,40.205639,-8.41955,3.709588e-06,3.845461e-08,0.0,2.461095e-07,282.68665,287.09674,293.4504,289.01144,0.0035566736,0.002328883,0.0009626095,0.004418468,3.2605171,3.228718,3.0719244,2.9878633,286.6015,279.4236,7.177887,291.66147,282.85248,8.8089905,299.10657,288.39084,10.715729,293.56064,285.22925,8.33139,18.12903225806452,5.096774193548387
Como,45.809978,9.08744,0.00090150425,0.00017268058,7.207996e-06,0.00057856756,275.13437,283.6342,293.17346,284.42865,0.0024783907,0.004731325,0.004620629,0.00443074,1.5762655,1.6129217,1.4754381,1.4500426,278.70517,272.18805,6.5171204,287.78403,279.4351,8.348938,297.45282,288.8155,8.637329,287.87064,281.40036,6.470276,4.387096774193548,2.290322580645161
Constanţa,44.183331,28.65,0.0003859436,8.453285e-06,0.0,0.00013896663,276.77313,284.37268,296.2183,287.50488,0.0014851812,0.0014663787,0.0013933374,0.0017047928,5.19242,4.435281,3.9154236,4.6452327,278.95532,274.65265,4.3026733,287.07468,281.57126,5.503418,299.23196,293.0194,6.212555,290.1368,284.93103,5.20578,5.612903225806452,3.3548387096774195
Copenhagen,55.675941,12.56553,0.00047083537,1.6376696e-05,0.0,0.00015601404,275.07455,280.3326,289.95294,283.2415,0.0018146301,0.0018520477,0.0023854382,0.0021144869,5.7875676,4.917505,4.5180354,5.3451133,276.62857,273.48236,3.1462097,283.14688,277.23514,5.911743,292.88235,286.5467,6.335663,285.27078,281.11124,4.159546,0.0,0.0
Cork,51.897968,-8.47061,4.6179284e-05,2.1897765e-06,0.0,9.84438e-06,280.09103,282.26047,287.93167,284.64774,0.002868131,0.0024030285,0.0025289103,0.0034218696,5.938597,4.9633207,4.479428,5.2488046,281.88406,278.283,3.6010742,284.5071,279.9101,4.5970154,290.18167,285.5578,4.623871,286.5903,282.6165,3.973816,0.0,0.0
Coventry,52.406559,-1.51217,0.00015740753,1.1444092e-05,0.0,5.699101e-05,278.1037,282.24857,289.37473,284.04752,0.001872132,0.0021089695,0.002176618,0.002266177,4.954529,4.3064156,3.8503435,4.382328,280.46185,275.7799,4.681946,285.91867,278.5343,7.384369,293.32404,285.29352,8.030518,287.1401,280.9997,6.1404114,0.7419354838709677,0.4838709677419355
Córdoba,37.883331,-4.76667,1.1988439e-05,2.9909142e-09,0.0,9.690561e-07,282.8466,289.55054,300.20215,291.55493,0.0018683267,0.001135733,0.0004599513,0.0022681025,2.5334196,2.6778147,2.5119674,2.3945572,287.885,278.5172,9.367798,295.2293,283.8729,11.356415,307.1224,292.982,14.140411,297.10794,286.47046,10.637482,104.48387096774194,50.80645161290322
Debrecen,47.533329,21.633329,0.0004039836,1.5229307e-05,0.0,0.0001771185,274.3399,285.2951,295.40616,284.90366,0.0014943505,0.0022755233,0.0022287865,0.0017227563,2.8684282,3.011452,2.523231,2.6635823,277.13242,271.6613,5.4711304,290.34073,280.04364,10.297089,301.05807,289.51907,11.539001,289.72882,280.61984,9.108978,35.225806451612904,10.096774193548388
Derby,52.922771,-1.47663,0.00022105248,2.1283986e-05,0.0,7.635675e-05,277.82153,281.89035,288.91617,283.6969,0.0020091098,0.0022387034,0.0023314364,0.0023769136,5.032084,4.3794303,3.9043772,4.464251,280.1071,275.59125,4.5158386,285.4868,278.2795,7.2072754,292.73712,284.98746,7.7496643,286.67032,280.77652,5.893799,0.4516129032258064,0.3548387096774194
Dijon,47.316669,5.01667,0.00025889094,6.4484107e-06,0.0,0.00015337087,276.6534,283.84958,292.59033,284.49823,0.0025691038,0.0028394952,0.0024225258,0.0030917942,3.5794075,3.312549,2.776146,3.1398456,279.3327,274.11856,5.214142,288.4763,279.18192,9.294373,297.83615,287.20206,10.634094,288.59335,280.87122,7.7221375,13.387096774193548,4.645161290322581
Donostia / San Sebastián,43.312832,-1.97499,0.00015319078,7.80714e-06,0.0,3.9902214e-05,282.19873,285.5291,292.24997,288.51434,0.0040337793,0.003122259,0.0024504438,0.0046105785,4.8198795,4.1430216,3.421752,4.19773,284.16733,280.42432,3.7430115,287.77893,283.24924,4.5296936,294.5689,289.97452,4.594391,290.74905,286.44116,4.307892,0.5483870967741935,0.4516129032258064
Dortmund,51.514938,7.466,0.00041247613,2.1938498e-05,0.0,0.00021375806,276.0996,282.74106,290.86044,283.6468,0.0029143912,0.0024974225,0.0030033335,0.00287684,4.4257364,3.5636957,3.1318796,3.7627692,278.25064,273.98572,4.264923,286.68524,278.57986,8.105377,295.17438,286.28583,8.88855,286.86392,280.64474,6.2191772,5.612903225806452,2.7096774193548385
Dresden,51.050892,13.73832,0.0006727817,4.187942e-05,4.2727344e-10,0.00035056396,274.04355,282.0491,291.2484,282.55194,0.0020524259,0.0022220234,0.0027053314,0.0019987442,3.8170683,3.2280476,2.7739146,3.2298408,276.31485,271.78732,4.527527,286.21133,277.64676,8.564575,295.86395,286.29837,9.565582,285.94373,279.35718,6.586548,5.774193548387097,2.3870967741935485
Dublin,53.333061,-6.24889,0.00011985576,3.0379142e-06,0.0,3.2996406e-05,279.25333,281.95438,287.90082,284.18433,0.002405264,0.002347777,0.0026629202,0.0030357821,5.7174163,4.743801,4.1471515,5.0819488,281.21228,277.34335,3.868927,284.488,279.34854,5.1394653,290.46237,285.2651,5.1972656,286.39056,281.94925,4.4413147,0.0,0.0
Duisburg,51.432468,6.76516,0.00022083713,8.1684e-06,0.0,0.00012274626,276.9095,283.3952,291.4687,284.31125,0.0025866006,0.0022527778,0.00267936,0.0026804854,4.233159,3.4887302,3.0750766,3.6190279,279.10382,274.77902,4.3247986,287.40515,279.2128,8.192352,295.79224,286.9342,8.858032,287.59497,281.27026,6.324707,7.064516129032258,3.193548387096774
Düsseldorf,51.221722,6.77616,0.00022707475,8.561706e-06,0.0,0.0001268159,276.92023,283.41748,291.50693,284.33725,0.0026211299,0.0022718082,0.002696077,0.0027340362,4.233685,3.4823458,3.0622995,3.620159,279.13916,274.77084,4.3683167,287.43106,279.2488,8.182251,295.83603,286.9896,8.846436,287.63156,281.30057,6.3309937,7.064516129032258,3.193548387096774
Eastbourne,50.768711,0.28453,6.3395986e-05,2.1095914e-06,0.0,2.2844317e-05,280.10065,282.69113,289.35443,286.29123,0.0024956744,0.001715864,0.0020695622,0.0036761342,7.573405,5.9968634,5.3039303,6.6582036,281.48114,278.70822,2.7729187,284.3218,280.94162,3.380188,290.984,287.5853,3.3987122,287.78665,284.67538,3.111267,0.0,0.0
Edinburgh,55.952061,-3.19648,0.00036770126,3.895858e-05,0.0,0.00013067646,277.62314,280.96744,287.2971,282.9709,0.0025258288,0.002286558,0.002616344,0.0029234614,5.1607103,4.391362,3.8232327,4.571683,279.62344,275.67712,3.9463196,283.86642,278.01346,5.8529663,290.27094,284.2125,6.058441,285.44086,280.5007,4.940155,0.0,0.0
Eindhoven,51.44083,5.47778,0.00016515357,5.1191632e-06,0.0,8.8356726e-05,277.26306,283.44595,291.30862,284.5041,0.0023179268,0.0021920435,0.0025294384,0.0023903684,4.3152304,3.5697987,3.174973,3.6690516,279.47153,275.10165,4.369873,287.4718,279.19626,8.275543,295.5949,286.68277,8.91214,287.82028,281.37915,6.4411316,6.451612903225806,2.935483870967742
Elche,38.26218,-0.70107,1.2584057e-05,3.6118848e-07,0.0,7.3587876e-06,284.47546,289.50546,298.5323,292.13614,0.0008980558,0.00089285336,0.0006822018,0.0011050522,3.2128427,3.1847053,2.780119,2.824508,289.0488,280.67206,8.3767395,294.05453,285.05652,8.998016,303.08286,294.0269,9.055969,296.46057,288.28534,8.175232,53.64516129032258,20.580645161290324
Erfurt,50.978699,11.03283,0.00053290796,3.5329533e-05,0.0,0.00029874133,274.10657,281.5373,290.5614,282.31808,0.0018175505,0.00214794,0.002352196,0.0018705233,3.873037,3.2013695,2.7876568,3.222888,276.35733,271.85522,4.5021057,285.69708,277.12473,8.572357,295.24088,285.55084,9.690033,285.80957,279.02374,6.7858276,5.193548387096774,2.2580645161290325
Espoo,60.2052,24.652201,0.0012103431,0.00012260547,0.0,0.00064487313,269.8277,276.78903,289.19867,280.19604,0.0017079853,0.0017266461,0.0023595868,0.002346185,5.050073,4.1935234,3.9642456,4.9473968,271.6977,267.80087,3.89682,279.61273,273.43756,6.175171,291.9759,285.78677,6.1891174,282.10794,278.065,4.042938,0.0,0.0
Essen,51.45657,7.01228,0.00027005392,1.0963836e-05,0.0,0.0001488333,276.65253,283.1913,291.2569,284.08798,0.0027606864,0.0023732819,0.0028546879,0.0028025901,4.34641,3.5563982,3.1339,3.7122967,278.82773,274.52634,4.3013916,287.18463,279.0094,8.175232,295.58356,286.71503,8.86853,287.34055,281.05783,6.282715,6.612903225806452,2.806451612903226
Ferrara,44.826778,11.62071,0.0001356137,3.7108697e-07,0.0,4.587667e-05,278.36972,287.62222,298.33282,288.66513,0.001897421,0.0026183373,0.0024652353,0.002571616,2.2223299,2.4803386,2.1860447,2.2430415,282.22095,275.2198,7.0011597,292.3654,283.09927,9.266113,303.4013,293.38104,10.020264,292.89792,285.03412,7.8638,56.32258064516129,17.483870967741936
Firenze,43.76667,11.25,0.00030504077,9.689138e-06,0.0,0.0001117434,278.20755,285.1794,295.25974,287.0401,0.0026259166,0.0024576155,0.0018770657,0.0036755258,2.2001395,2.238824,1.9117558,2.0798879,281.66882,275.0996,6.569214,289.65588,280.6715,8.984375,300.4061,290.06418,10.341919,291.21475,283.24243,7.9723206,21.06451612903226,8.548387096774194
Frankfurt am Main,50.11552,8.68417,0.00032187148,1.556242e-05,0.0,0.0002024068,275.4918,283.0413,291.82843,283.4306,0.0021554846,0.002192844,0.0022496139,0.002282715,3.4313452,3.0051162,2.605408,2.9031758,277.7198,273.31296,4.40683,287.29175,278.676,8.615753,296.57562,286.92764,9.64798,286.9236,280.24338,6.680237,8.483870967741936,3.548387096774193
Freiburg,47.995899,7.85222,0.00080482126,7.804769e-05,3.648915e-07,0.00046407472,274.9305,282.6652,291.54288,283.09167,0.003158589,0.0035078432,0.003225465,0.0033064925,2.7709646,2.5083227,2.0972452,2.3129337,277.60306,272.50348,5.099579,287.10812,278.28256,8.825562,296.38315,286.72632,9.65683,286.91577,279.84225,7.073517,7.935483870967742,3.5806451612903225
Gdańsk,54.352051,18.64637,0.0005785237,3.882137e-05,0.0,0.000245318,273.66806,280.38138,290.53885,282.77664,0.0016378036,0.001938552,0.0025658351,0.002003798,5.63753,4.6444845,4.1997843,5.082962,275.36414,271.9719,3.3922424,283.38144,277.01883,6.36261,293.6645,286.91663,6.747864,285.2043,280.33694,4.8673706,0.2580645161290322,0.2258064516129032
Gdynia,54.51889,18.531879,0.0005990744,4.2797703e-05,0.0,0.00024988689,273.7381,280.21118,290.37213,282.77097,0.0016594549,0.0019421573,0.0026124797,0.002017118,5.8039393,4.763687,4.3174996,5.224635,275.41385,272.0637,3.3501587,283.1292,276.94635,6.1828613,293.4033,286.85843,6.544861,285.12994,280.39908,4.7308655,0.1935483870967742,0.1612903225806451
Gelsenkirchen,51.5075,7.12283,0.0003074792,1.3673392e-05,0.0,0.00016624035,276.50644,283.07324,291.14987,283.9695,0.002807852,0.0024169218,0.0029083493,0.002829468,4.3740053,3.5626297,3.1369514,3.7303407,278.67093,274.39078,4.2801514,287.0469,278.90253,8.144379,295.46387,286.60522,8.858643,287.20798,280.9529,6.255066,6.258064516129032,2.774193548387097
Gent,51.049999,3.71667,0.00012540305,2.408113e-06,0.0,6.5345484e-05,277.77792,283.39273,290.96783,284.86035,0.0021660586,0.0021319715,0.0023686672,0.0023536957,4.5860877,3.8567982,3.4231715,3.947651,279.9329,275.66797,4.264923,287.0909,279.55954,7.531372,294.90524,286.76,8.145233,287.9642,281.9277,6.036499,3.419354838709677,1.935483870967742
Gijón,43.535728,-5.66152,0.00030487753,3.6112935e-05,0.0,0.000106925814,282.17215,284.82678,290.88965,287.69632,0.003923951,0.0033145898,0.002484207,0.0045089712,4.0081577,3.6625803,3.1390617,3.599645,284.60916,280.0074,4.601776,287.32132,282.26688,5.0544434,293.2582,288.46637,4.7918396,290.1887,285.3754,4.8132935,0.0,0.0
Glasgow,55.86515,-4.25763,0.0005985584,4.9225746e-05,4.2727344e-10,0.00019346921,277.2723,280.78754,286.9512,282.56015,0.0040979,0.002936047,0.0034725573,0.00441894,4.44153,3.922721,3.4171221,3.9875233,279.35437,275.198,4.156372,283.9183,277.5362,6.3821106,289.99942,283.67154,6.327881,285.10486,279.95944,5.1454163,0.0,0.0
Granada,37.188171,-3.60667,0.0001567583,9.304093e-06,0.0,4.0381827e-05,281.1988,286.56635,296.6662,288.98965,0.0019569595,0.0013545963,0.0005397771,0.0020879763,2.521649,2.544153,2.1322618,2.260864,285.4553,277.50726,7.9480286,290.89542,282.0142,8.881226,301.6188,291.2901,10.328705,293.38098,284.8026,8.578369,32.74193548387097,12.258064516129032
Graz,47.066669,15.45,0.0009748125,0.00016104277,1.3656353e-05,0.00060896156,272.12674,281.48978,290.74997,281.61136,0.001735097,0.0035940453,0.0040067625,0.0021749157,1.870128,2.08674,1.7350272,1.7449237,275.6388,269.17712,6.46167,286.22134,276.7562,9.465149,295.6622,285.7873,9.874908,285.84363,278.07297,7.7706604,2.3225806451612905,1.1935483870967742
Grenoble,45.166672,5.71667,0.001828241,0.00039293797,1.0367577e-05,0.0011763695,273.27524,281.00165,290.2366,282.09985,0.0036847095,0.004159342,0.0033804884,0.004291156,1.7198972,1.7799605,1.7077041,1.6609256,277.1241,269.85382,7.270294,285.60245,276.07285,9.529602,295.18973,284.71985,10.469879,286.68872,277.8637,8.825012,1.7741935483870968,1.1290322580645162
Groningen,53.21917,6.56667,0.00018238595,5.311009e-06,0.0,6.953705e-05,276.8574,282.08243,290.04074,284.20813,0.0022382608,0.0022823203,0.003032004,0.002553522,5.8117776,4.844574,4.3236575,5.0869455,278.6824,275.0524,3.630005,285.12488,278.8554,6.26947,293.17813,286.591,6.5871277,286.73816,281.72052,5.017639,0.8064516129032258,0.6451612903225806
Göteborg,57.707161,11.96679,0.0006679702,5.358265e-05,0.0,0.00027267766,273.9358,279.88937,289.2963,282.08496,0.0021712885,0.0023726996,0.0032829733,0.0028490955,4.802417,4.047839,3.7884102,4.599375,275.69415,272.0434,3.6507568,283.05865,276.47662,6.5820312,292.43146,285.7232,6.708252,284.33804,279.72565,4.6123962,0.0967741935483871,0.064516129032258
Haarlem,52.38084,4.63683,0.00012461217,2.054117e-06,0.0,5.6281846e-05,278.07175,282.47354,290.16895,285.25818,0.002321146,0.0020437087,0.0029037423,0.0030695226,6.5539083,5.28361,4.7488317,5.7450514,279.58603,276.56836,3.0176697,284.77875,280.03366,4.7450867,292.49557,287.6124,4.8831787,287.2062,283.31903,3.8871765,0.1935483870967742,0.1935483870967742
Hagen,51.360809,7.47168,0.00048522366,2.80411e-05,0.0,0.00025267265,275.88754,282.6086,290.73044,283.46878,0.0031335815,0.0025722443,0.0030793853,0.0030947176,4.3671474,3.5499165,3.1089287,3.7328532,278.01324,273.80826,4.2049866,286.51733,278.51193,8.005402,295.00412,286.21582,8.7883,286.6394,280.53625,6.1031494,5.129032258064516,2.677419354838709
Hamburg,53.575321,10.01534,0.00034882946,9.876426e-06,0.0,0.00013879422,275.51282,281.89038,290.52945,283.25946,0.0021457672,0.0021970195,0.0025356696,0.0021414808,4.304916,3.741223,3.3540442,3.768818,277.48642,273.50943,3.9769897,285.87054,277.6654,8.205139,294.8254,285.82635,8.999054,286.35483,280.25888,6.0959473,3.741935483870968,1.903225806451613
Hannover,52.370522,9.73322,0.00035681564,1.3698814e-05,0.0,0.00017298656,275.64758,282.45773,291.0308,283.43027,0.0021807763,0.0021364398,0.0024678751,0.0021860343,4.133927,3.441821,3.0621305,3.5366132,277.7474,273.57132,4.1760864,286.55093,278.1214,8.429535,295.5595,286.16818,9.391327,286.72906,280.29712,6.431946,6.225806451612903,2.774193548387097
Harrogate,53.99078,-1.5373,0.00030081873,2.6136884e-05,0.0,9.082466e-05,277.61252,281.4051,288.2409,283.3194,0.0021970002,0.0022433964,0.0023998206,0.002434072,4.942274,4.2692714,3.7690284,4.367323,279.8527,275.43866,4.414032,284.88516,277.8691,7.0160522,291.842,284.46414,7.3778687,286.17896,280.45575,5.7232056,0.1290322580645161,0.1290322580645161
Heidelberg,49.407681,8.69079,0.00030814257,1.379495e-05,0.0,0.00019565017,275.84308,283.58987,292.5147,283.90173,0.002341412,0.002282403,0.0022390645,0.002479056,3.368611,2.9342854,2.5140593,2.7997787,278.16742,273.61172,4.5556946,287.91544,279.23645,8.678986,297.3005,287.66083,9.639679,287.51138,280.70187,6.8095093,11.870967741935484,4.354838709677419
Helsinki,60.169521,24.93545,0.0011475503,0.000116319585,0.0,0.00062878465,270.19525,276.5834,289.1099,280.62445,0.0016680795,0.0016826411,0.00236356,0.0024481774,5.66958,4.627525,4.3866143,5.59631,271.9055,268.40305,3.5024414,278.90546,273.79477,5.1106873,291.33124,286.38925,4.941986,282.23694,278.82526,3.4116821,0.0,0.0
Hoofddorp,52.302502,4.68889,0.00012461217,2.054117e-06,0.0,5.6281846e-05,278.07175,282.47354,290.16895,285.25818,0.002321146,0.0020437087,0.0029037423,0.0030695226,6.5539083,5.28361,4.7488317,5.7450514,279.58603,276.56836,3.0176697,284.77875,280.03366,4.7450867,292.49557,287.6124,4.8831787,287.2062,283.31903,3.8871765,0.1935483870967742,0.1935483870967742
Hull,53.744598,-0.33525,0.00012615719,7.489463e-06,0.0,4.0479033e-05,278.29858,281.88995,288.8276,284.25427,0.0018699289,0.0020904618,0.0022781005,0.0022393777,5.793631,4.9466805,4.321845,5.1938324,280.42517,276.23468,4.1904907,284.82877,278.91425,5.9145203,291.9798,285.55573,6.4240723,286.86893,281.65982,5.2091064,0.064516129032258,0.064516129032258
Innsbruck,47.262661,11.39454,0.0027497234,0.0013604073,0.0003052326,0.0022656443,267.89746,276.08066,285.38815,277.33136,0.0031624634,0.0056405556,0.0062001105,0.0035335438,1.5642526,1.5067543,1.326233,1.4358772,271.7196,264.31134,7.408264,280.46918,271.6624,8.806763,290.1134,280.76526,9.348145,281.81418,273.42355,8.390625,0.0,0.0
Jerez de la Frontera,36.686451,-6.13606,6.056601e-08,0.0,0.0,0.0,285.97812,290.1867,297.59183,292.74338,0.002277944,0.001048588,0.00038741739,0.0028629059,4.1312256,4.312877,3.731807,3.8343139,289.4014,282.9808,6.4205933,293.8251,286.60156,7.2235413,301.87238,293.46942,8.402954,296.33533,289.53735,6.7979736,38.516129032258064,10.03225806451613
Kaliningrad,54.70649,20.51095,0.00060421595,4.9374863e-05,0.0,0.00029792494,272.99094,280.67664,290.9011,282.39642,0.0017510406,0.0019589723,0.0025973462,0.0021165726,4.7527695,3.972468,3.585872,4.3212633,274.8596,271.04645,3.8131409,284.2157,276.69128,7.524414,294.64413,286.62833,8.015808,285.10745,279.64368,5.4637756,2.096774193548387,1.1935483870967742
Karlsruhe,49.004719,8.38583,0.0004025172,2.140704e-05,0.0,0.000245851,275.75256,283.4625,292.33994,283.84464,0.0026047274,0.0026119158,0.0025422547,0.0027192058,3.3847837,2.9304843,2.4857516,2.787023,278.11346,273.4958,4.617676,287.76428,279.1653,8.5989685,297.0855,287.57343,9.512085,287.44382,280.6801,6.7637024,10.387096774193548,4.0
Kassel,51.316669,9.5,0.00048072234,2.7289097e-05,0.0,0.00025241583,274.87994,281.88504,290.39673,282.65536,0.0021699457,0.002223942,0.002453252,0.0021760822,3.865699,3.1950114,2.7807531,3.2748256,276.91122,272.87885,4.032379,285.87436,277.69824,8.176117,294.88348,285.65573,9.227753,285.88864,279.629,6.2596436,4.387096774193548,2.290322580645161
Katowice,50.258419,19.02754,0.00073686725,7.2345654e-05,1.7090938e-09,0.00039278393,273.04782,282.2919,291.85016,282.72684,0.0019316872,0.002677858,0.0030827587,0.0018834247,4.169775,3.5701563,2.9718783,3.5547771,275.4957,270.52966,4.966034,286.70828,277.5196,9.18869,296.62766,286.6938,9.933868,286.59204,279.13312,7.4589233,7.096774193548387,2.935483870967742
Kaunas,54.900002,23.9,0.00076623115,6.504581e-05,0.0,0.00040132256,271.19897,280.59918,291.00793,281.14227,0.0016407429,0.0020847935,0.0024757693,0.001838747,4.0099044,3.5136247,3.081698,3.703151,273.20322,269.0404,4.1628113,284.77313,275.8138,8.95932,295.5471,285.7692,9.777893,284.19376,277.99728,6.196472,3.3548387096774195,1.7741935483870968
Kiel,54.321331,10.13489,0.00036451156,1.0986482e-05,0.0,0.00013273762,275.6609,281.17926,290.11594,283.56018,0.0021355068,0.002067111,0.0024599324,0.0023077354,5.384861,4.616306,4.206563,4.830349,277.28424,274.03268,3.2515564,284.14948,278.03137,6.118103,293.34015,286.5456,6.7945557,285.8586,281.27582,4.582794,0.2580645161290322,0.1935483870967742
Kiev,50.454659,30.5238,0.00078892853,2.8826715e-05,8.602439e-08,0.0005113478,270.68332,282.34015,293.4222,281.8428,0.0014410407,0.0020306164,0.00212905,0.0016641173,3.8427405,3.5154097,3.0466974,3.5292733,272.80133,268.31686,4.4844666,286.34103,277.8223,8.518738,298.05533,288.23755,9.81778,285.3646,278.264,7.100586,11.161290322580646,4.161290322580645
Košice,48.713951,21.25808,0.00066188246,4.0915704e-05,0.0,0.0003560746,272.339,282.78888,292.6509,282.40433,0.0014460414,0.0025926782,0.002769249,0.0016619149,2.5052264,2.7206507,2.3500624,2.3219752,274.98834,269.77493,5.2134094,287.62823,277.62357,10.004669,297.97336,286.947,11.026367,286.75104,278.38422,8.366821,12.548387096774194,5.064516129032258
Kraków,50.061432,19.936581,0.00085999054,0.00011546974,8.011377e-09,0.00047594533,272.61652,281.88184,291.42386,282.11902,0.0019266894,0.0029517259,0.0032295655,0.0018616626,3.735307,3.2923722,2.7606008,3.1742346,275.26324,269.97202,5.2912292,286.38458,277.015,9.369568,296.27213,286.16638,10.105743,286.24548,278.31964,7.9258423,5.903225806451613,2.548387096774193
Krasnodar,45.044842,38.976028,0.00055119355,4.6407595e-06,0.0,0.00022114022,275.02225,284.94666,296.94153,286.06458,0.0021884958,0.002183472,0.0014548398,0.0021964908,3.833863,3.6105921,3.0813694,3.372954,278.68875,271.62372,7.065033,289.69855,280.00943,9.689117,302.36996,291.2669,11.103058,291.12677,281.43457,9.6922,45.29032258064516,15.161290322580646
Krefeld,51.339211,6.58615,0.00021239571,7.705343e-06,0.0,0.000117207084,276.95416,283.40042,291.45197,284.33502,0.0025225794,0.0022362573,0.0026420625,0.0026106194,4.23392,3.487642,3.0791533,3.6127958,279.14697,274.82422,4.322754,287.40756,279.21487,8.192688,295.76492,286.91653,8.848389,287.62292,281.28586,6.3370667,6.935483870967742,3.193548387096774
Köln,50.933331,6.95,0.00035253455,2.1890446e-05,0.0,0.00019022774,276.28912,282.87048,290.9991,283.7659,0.002621643,0.0024200147,0.002778366,0.0027057957,4.2344313,3.4554245,3.005022,3.612779,278.42676,274.2429,4.1838684,286.78995,278.8228,7.9671326,295.25937,286.54648,8.712891,286.96274,280.8461,6.116638,5.806451612903226,2.774193548387097
L'viv,49.838261,24.023239,0.000818996,7.2179944e-05,0.0,0.00047238648,272.058,282.19177,292.0745,282.23428,0.0017519835,0.0026631886,0.0028957399,0.0017691145,4.1706204,3.602596,2.970776,3.643677,274.4269,269.5043,4.9226074,286.6172,277.3029,9.314301,297.00867,286.69562,10.313049,286.25003,278.4528,7.797241,7.290322580645161,3.3548387096774195
La Spezia,44.110538,9.84339,0.0003411254,2.8971703e-05,0.0,0.00015990372,280.4334,285.55945,294.72833,288.3254,0.0035278292,0.0029484776,0.0024968924,0.005482163,3.2383761,2.8823092,2.3340406,2.972754,282.25415,278.794,3.460144,287.6851,283.3168,4.368286,297.0284,292.26373,4.764679,290.32422,286.4175,3.9067078,0.3870967741935484,0.3548387096774194
Lausanne,46.515999,6.63282,0.0017166159,0.00032701032,9.777939e-06,0.0010504193,273.81787,281.07642,290.0768,282.3739,0.0038246734,0.004577599,0.0046088104,0.004162491,1.9993008,1.8886266,1.6352645,1.7542641,276.739,271.18356,5.5554504,285.1597,276.95642,8.203278,294.35294,285.76358,8.589355,285.98993,279.26828,6.721649,1.2903225806451613,0.7419354838709677
Le Havre,49.493801,0.10767,7.778726e-05,2.1538854e-06,0.0,2.7306618e-05,279.5742,283.37836,290.3241,286.06342,0.0026273427,0.002159293,0.002387645,0.0035327645,5.9625072,4.920912,4.329915,5.249669,281.38284,277.80173,3.5811157,285.9707,280.69666,5.274048,293.06924,287.4478,5.6214294,288.4244,283.80862,4.6157837,0.4838709677419355,0.3548387096774194
Le Mans,48.0,0.2,8.354264e-05,3.153278e-07,0.0,3.6224672e-05,278.593,284.12622,291.95337,285.46683,0.0021371816,0.0020665259,0.0017707853,0.002514857,4.0576277,3.6699069,3.1958346,3.540876,281.3286,275.9344,5.394226,288.4852,279.6469,8.838287,296.83575,286.77625,10.059509,289.44965,281.73636,7.7132874,7.451612903225806,3.3225806451612905
Lecce,40.357029,18.17202,3.7938678e-06,0.0,0.0,3.8678928e-07,284.66464,288.76678,298.6289,292.46982,0.0022671581,0.0011855152,0.0010858133,0.0029779193,5.1274557,4.568091,3.997759,4.447812,286.4847,282.88623,3.5984802,291.05048,286.46252,4.5879517,301.2893,295.9013,5.3880005,294.6696,290.40924,4.2603455,23.516129032258064,9.612903225806452
Leeds,53.796478,-1.54785,0.00030079763,2.9138055e-05,0.0,9.207686e-05,277.65015,281.50354,288.367,283.40192,0.0022304563,0.0023300953,0.0024804396,0.0024783853,4.966611,4.2859945,3.7951128,4.3885303,279.89392,275.4838,4.4101257,285.0127,277.96985,7.0428467,291.99884,284.59836,7.400482,286.26227,280.561,5.7012634,0.1290322580645161,0.1290322580645161
Leicester,52.638599,-1.13169,0.00016492381,1.1747883e-05,0.0,5.7872265e-05,278.03687,282.20816,289.4047,284.03226,0.001795174,0.002069681,0.0021580136,0.0021771789,5.098163,4.407846,3.9472053,4.5089493,280.3911,275.7343,4.6567993,285.88608,278.50552,7.380554,293.37823,285.31418,8.064056,287.1347,280.99588,6.1388245,0.967741935483871,0.6129032258064516
Leipzig,51.339619,12.37129,0.00040677958,1.2870918e-05,0.0,0.00020759544,275.12085,282.68298,291.87106,283.42194,0.0017873459,0.0018716787,0.002238052,0.0018645064,3.8876238,3.241101,2.826872,3.2702577,277.3616,272.92398,4.437622,286.8935,278.2615,8.631989,296.56683,286.86914,9.697693,286.89694,280.19894,6.697998,8.806451612903226,3.064516129032258
Leuven,50.879589,4.70093,0.0001775458,4.9008263e-06,0.0,9.2840535e-05,277.24478,283.27158,291.03284,284.44107,0.0023210477,0.0022539657,0.0025010845,0.0023956152,4.557076,3.746223,3.2989657,3.8894773,279.46466,275.09686,4.367798,287.2324,279.1164,8.115997,295.26617,286.4806,8.7855835,287.7382,281.35117,6.387024,5.225806451612903,2.548387096774193
Leverkusen,51.0303,6.98432,0.0003112465,1.5166784e-05,0.0,0.00017028813,276.54785,283.16284,291.2976,284.0222,0.0028288201,0.002400218,0.0028461677,0.002941618,4.1620603,3.4165292,2.9702666,3.566759,278.74277,274.43405,4.308716,287.15433,279.0455,8.108826,295.62552,286.79623,8.829285,287.27225,281.0466,6.225647,6.806451612903226,3.096774193548387
Lille,50.632969,3.05858,0.00012343962,3.2346736e-06,0.0,5.6494628e-05,277.908,283.3373,290.8741,284.90237,0.0021089795,0.0021184324,0.0022061,0.0023580303,4.570702,3.8851686,3.4336057,3.9555666,280.1552,275.71243,4.4427795,287.11502,279.3993,7.7157288,294.9501,286.50958,8.440521,288.1314,281.8465,6.284912,3.3548387096774195,1.967741935483871
Limoges,45.831532,1.2578,0.000150998,4.8123807e-06,0.0,5.2804164e-05,278.13525,284.17676,292.2993,285.36353,0.0029464818,0.0030936503,0.0022538998,0.0033181626,3.6375027,3.2976856,2.6780317,3.222074,281.18665,275.4676,5.719055,288.72943,279.66547,9.063965,297.4123,287.03192,10.380371,289.6376,281.61688,8.020721,12.03225806451613,3.838709677419355
Lisbon,38.716671,-9.13333,2.3500039e-07,0.0,0.0,4.2727344e-10,285.4607,288.40826,293.47803,290.82846,0.0020824762,0.0011748105,0.0004460376,0.0027036574,4.803897,4.8336473,5.105235,4.418792,287.85522,283.31918,4.5360413,291.2736,285.75623,5.5173645,297.09296,290.37088,6.7220764,293.63885,288.4392,5.199646,1.6129032258064515,1.1935483870967742
Liverpool,53.41058,-2.97794,0.00015150945,1.3490091e-05,0.0,4.7088524e-05,278.7638,282.1086,288.64215,284.39575,0.0027346876,0.0025638577,0.0030927418,0.003478669,5.502128,4.608097,4.161408,4.9339743,280.596,276.96075,3.635254,284.75607,279.3828,5.3732605,291.25888,285.90738,5.3515015,286.57352,282.19308,4.380432,0.064516129032258,0.064516129032258
Livorno,43.542641,10.316,4.865491e-05,2.5209133e-07,0.0,1.64496e-05,282.3654,287.2273,296.52725,290.34763,0.002544972,0.0020091773,0.0018216992,0.004110308,3.8047426,3.31485,2.7065492,3.495851,284.37268,280.48108,3.8916016,289.45416,284.85696,4.5971985,298.91962,294.0267,4.892914,292.52402,288.2273,4.2967224,3.7096774193548394,2.064516129032258
Liège,50.633732,5.56749,0.0003853437,2.3055461e-05,0.0,0.00019768746,276.26648,282.59302,290.4869,283.61713,0.0027448593,0.0024731017,0.0027388784,0.0026992413,4.5976324,3.728819,3.2476041,3.924414,278.41727,274.21167,4.205597,286.48065,278.52704,7.9536133,294.68698,285.97974,8.707245,286.82413,280.64847,6.175659,4.258064516129032,2.3225806451612905
Ljubljana,46.051079,14.50513,0.0010315343,0.00013567833,7.6652856e-07,0.00063608156,273.595,282.51404,292.04373,283.04327,0.0026072874,0.003978419,0.004454341,0.0036792797,1.9335055,2.0568147,1.6930918,1.7978728,276.951,270.64236,6.3086243,287.1552,278.0078,9.1474,297.00986,287.34442,9.665436,287.0312,279.70828,7.3229065,5.483870967741935,2.419354838709677
London,51.50853,-0.12574,0.00010638168,5.1670177e-06,0.0,3.8212773e-05,278.49158,282.7464,290.0416,284.6621,0.0018344446,0.0019377824,0.0020044337,0.0021735597,4.7362328,4.1148615,3.6800807,4.131535,280.8168,276.13525,4.681549,286.33276,279.10568,7.2270813,293.96295,285.99374,7.969208,287.7691,281.5854,6.183716,1.096774193548387,0.6774193548387096
Lublin,51.25,22.566669,0.00073393993,8.454523e-05,0.0,0.00038402824,272.26102,281.9678,292.00955,282.0681,0.0016763159,0.0023448304,0.0025975902,0.0016292722,3.9517808,3.44814,2.928624,3.5059733,274.49405,269.87494,4.61911,286.2763,277.15192,9.12439,296.9039,286.5782,10.325714,285.73596,278.4682,7.267761,7.516129032258065,3.3225806451612905
Lucca,43.843571,10.50585,0.0003624142,3.2562082e-05,0.0,0.00018099303,279.04,285.26105,294.82126,287.53708,0.0031326585,0.0030084075,0.002377599,0.004723425,2.468569,2.3064048,1.9209224,2.2961886,281.85535,276.56815,5.287201,288.58615,281.87888,6.7072754,298.47528,291.07483,7.4004517,290.7292,284.6256,6.1035767,4.161290322580645,2.3870967741935485
Luimneach,52.664719,-8.62306,8.561278e-05,3.4839877e-06,0.0,2.5364981e-05,278.895,281.9157,287.62982,283.64108,0.002986326,0.0026392424,0.0028220338,0.0033691602,4.395388,3.8522189,3.5101485,3.909495,281.3004,276.51508,4.7853394,285.28458,278.51047,6.774109,290.85315,284.31323,6.539917,286.41385,280.8585,5.555359,0.0,0.0
Luton,51.879669,-0.41748,0.00012343514,5.0737654e-06,0.0,4.2316413e-05,278.34164,282.62894,289.97095,284.4904,0.0017691927,0.0019470172,0.002012126,0.002103999,4.850261,4.190628,3.757979,4.2468762,280.7002,275.99576,4.7044373,286.3067,278.9252,7.3815002,293.9905,285.83438,8.156128,287.66302,281.3874,6.275635,1.2903225806451613,0.8064516129032258
Lyon,45.748459,4.84671,0.0002736695,1.9393729e-05,0.0,0.00016419841,277.2437,284.71307,293.82263,285.45596,0.002427865,0.0028933233,0.0025563906,0.0032162615,2.8303127,2.9308512,2.5392878,2.6799512,280.4708,274.31577,6.1550293,289.5589,279.85815,9.700745,299.28165,288.30774,10.973907,289.82214,281.6103,8.211853,21.93548387096774,7.419354838709677
Lübeck,53.868931,10.68729,0.00036286283,1.2262854e-05,0.0,0.0001460921,275.42746,281.56635,290.4644,283.32492,0.0019872617,0.00206385,0.0024098824,0.0020414123,4.8429375,4.164999,3.764931,4.283248,277.2716,273.5658,3.7058105,285.17065,277.73596,7.4346924,294.3944,286.15512,8.239288,286.14328,280.58893,5.554352,2.064516129032258,1.096774193548387
Maastricht,50.848331,5.68889,0.00028378764,1.3768192e-05,0.0,0.00014531372,276.77933,283.0605,290.9593,284.0915,0.002567561,0.0023402455,0.0026436173,0.0025617755,4.476108,3.6336951,3.1973891,3.8083816,278.95557,274.68994,4.265625,287.00803,278.92123,8.086792,295.20764,286.4058,8.801849,287.3543,281.05573,6.298584,5.806451612903226,2.774193548387097
Madrid,40.4165,-3.70256,0.00015264771,1.33909625e-05,0.0,4.8138976e-05,279.23163,286.3925,297.71005,288.03918,0.0015208875,0.0013869347,0.0005887777,0.0019909104,2.492643,2.7182188,2.5414615,2.4241085,283.86023,275.3312,8.529022,291.92172,280.7467,11.175018,304.31363,290.52917,13.784454,293.35175,283.09546,10.256287,70.06451612903226,24.70967741935484
Magdeburg,52.127731,11.62916,0.00033736965,7.3682236e-06,0.0,0.00016523257,275.22092,282.55768,291.60233,283.35696,0.0016793993,0.0018041088,0.0021948174,0.0017532655,3.8846009,3.3366964,2.9614582,3.3315911,277.42038,273.04483,4.3755493,286.78308,278.08383,8.699249,296.31024,286.53897,9.771271,286.80704,280.1126,6.6944275,8.03225806451613,2.967741935483871
Mainz,49.984192,8.2791,0.00029129794,1.4198867e-05,0.0,0.0001833547,275.56265,283.07413,291.89075,283.47034,0.0019533038,0.0021636672,0.0021829777,0.0021530879,3.3679438,2.98144,2.5984154,2.8476417,277.82147,273.3356,4.4858704,287.332,278.69656,8.635437,296.65634,286.98288,9.673462,286.99228,280.23495,6.757324,9.064516129032258,3.645161290322581
Malmö,55.605869,13.00073,0.00050120754,2.0316853e-05,0.0,0.0001654625,274.8577,280.16843,289.8076,283.0303,0.0018414229,0.0018357418,0.002380171,0.002116282,5.6136093,4.807074,4.3917084,5.1914377,276.48044,273.16992,3.3105164,283.11276,276.90866,6.2041016,292.8474,286.23737,6.6100464,285.16412,280.77454,4.3895874,0.0,0.0
Manchester,53.480949,-2.23743,0.000285777,2.6997985e-05,0.0,9.091239e-05,277.5991,281.4928,288.0923,283.2785,0.0029682561,0.0027509436,0.0031127043,0.0032815898,4.7608423,4.205833,3.7020662,4.2521853,279.81592,275.4007,4.415222,284.92087,277.9811,6.9397583,291.54025,284.4654,7.0748596,286.0264,280.48425,5.542145,0.1290322580645161,0.1290322580645161
Mannheim,49.496712,8.47955,0.00025847706,1.0336884e-05,0.0,0.00016722002,275.95282,283.67963,292.64752,284.00055,0.002205466,0.0021486122,0.0021143472,0.0023730025,3.3509283,2.9341276,2.5335374,2.80002,278.30563,273.6793,4.626343,288.04688,279.28055,8.766327,297.48343,287.73315,9.750275,287.64157,280.7501,6.8914795,12.870967741935484,4.774193548387097
Marbella,36.51543,-4.88583,6.5214745e-06,0.0,0.0,1.0933927e-06,285.43027,288.7242,296.15482,291.50516,0.0023282412,0.0009779263,0.000432628,0.0026742378,4.2572227,4.0830774,3.5137026,3.6829197,287.8052,283.3601,4.445099,291.29062,286.13068,5.1599426,299.1061,293.15668,5.9494324,293.9662,289.24164,4.7245483,3.4838709677419355,1.3548387096774193
Marsala,37.796638,12.43518,2.350004e-08,0.0,0.0,1.768912e-07,286.50186,289.0442,297.67667,293.86542,0.002100788,0.0007221382,0.00060679496,0.002582133,6.296751,5.562529,4.295383,5.3027472,287.6759,285.3121,2.3638,290.34125,287.5991,2.742157,299.11285,296.08896,3.0238953,295.1091,292.53485,2.5742493,1.5161290322580645,1.2258064516129032
Marseille,43.296951,5.38107,3.394773e-05,1.5809117e-07,0.0,1.0228926e-05,282.12918,287.12564,295.83878,289.65646,0.0017426176,0.0014451593,0.0010587665,0.0028355848,5.814804,5.252028,4.5582023,5.2472205,284.77332,279.82776,4.9455566,289.90994,284.242,5.667938,298.75128,292.70236,6.0489197,292.3564,287.18427,5.1721497,2.5806451612903225,1.5806451612903225
Messina,38.193272,15.54969,8.319868e-06,2.3072765e-08,0.0,3.1545599e-06,285.0537,288.0885,297.33392,292.65665,0.003100671,0.0013477436,0.0012482246,0.003566684,4.227105,3.753266,3.038482,3.4527125,286.4528,283.77386,2.6789246,289.6675,286.44412,3.2233887,298.99478,295.55756,3.4372253,294.13977,291.239,2.9007568,3.032258064516129,1.903225806451613
Mestre,45.49028,12.2425,9.469177e-05,1.4698206e-06,0.0,4.2440213e-05,278.821,286.86014,297.00534,288.4673,0.0023353696,0.0031180764,0.003144163,0.003554712,2.5428717,2.7117593,2.4565144,2.6479447,281.53494,276.4697,5.0652466,290.07928,283.641,6.4382935,300.36603,293.59305,6.7729797,291.34836,285.81583,5.5325317,17.129032258064516,7.580645161290323
Metz,49.11911,6.17269,0.00025919784,8.508243e-06,0.0,0.00017244426,276.08746,283.10934,291.6734,283.7828,0.0025073194,0.0023869781,0.0023150828,0.0027511497,4.1133513,3.5492198,3.035132,3.495502,278.4306,273.8253,4.605316,287.41107,278.69736,8.713715,296.4541,286.66647,9.787628,287.41513,280.5023,6.912842,8.35483870967742,3.419354838709677
Milan,45.464272,9.18951,0.0002869752,8.184849e-06,0.0,0.00016075416,277.44693,286.6907,296.63855,287.04132,0.002336843,0.0038004706,0.0036339401,0.003908083,1.7802982,2.028781,1.8108677,1.7606547,281.23688,274.52136,6.715515,291.22177,282.41095,8.810822,301.42264,292.17728,9.245361,290.8232,283.95822,6.86499,32.74193548387097,11.387096774193548
Modena,44.647831,10.92539,0.00051648705,2.8840957e-05,0.0,0.00024147924,277.30655,286.0467,296.4436,287.0922,0.002338758,0.003136804,0.002569501,0.0031403194,1.9026791,2.1549299,1.8430755,1.8783953,280.8052,274.43356,6.371643,290.56458,281.72653,8.838043,301.37592,291.60037,9.775543,291.09512,283.63086,7.464264,31.93548387096774,10.35483870967742
Montpellier,43.61092,3.87723,7.77533e-05,8.227684e-07,1.6022754e-10,1.7628874e-05,281.1158,286.53024,295.39517,288.58536,0.0021677113,0.0019484771,0.0018669495,0.0038421885,4.54074,4.277916,3.7967536,4.215799,284.17615,278.5171,5.6590576,290.1031,282.9887,7.11438,299.3533,291.3227,8.030609,291.96017,285.59296,6.367218,7.806451612903226,3.6774193548387095
Moscow,55.75222,37.615559,0.0011844836,0.00010678161,1.536689e-06,0.000824896,266.7893,279.21002,291.14508,278.69864,0.0014334614,0.0020526429,0.0023203853,0.0018698638,3.8643322,3.5108793,3.0115967,3.6252801,269.1753,264.07697,5.0983276,283.41187,274.11438,9.297485,295.80838,285.6353,10.173065,281.78043,275.41812,6.3623047,5.064516129032258,3.225806451612903
Mulhouse,47.75,7.33333,0.00059342175,5.5451972e-05,3.845461e-08,0.00034976113,275.34808,282.989,291.87363,283.3394,0.0029169652,0.0033737218,0.003214954,0.0031983529,2.6800945,2.4576135,2.053988,2.2232761,278.11978,272.87537,5.2444153,287.56802,278.48355,9.084473,296.83978,286.9286,9.911194,287.31604,279.9625,7.353546,9.387096774193548,4.0
Murcia,37.987041,-1.13004,7.6140127e-06,4.272734e-09,0.0,2.2645493e-06,284.33508,289.6864,298.79752,292.12033,0.0009367398,0.000822762,0.00066485116,0.0010840107,2.878596,2.9284756,2.6317213,2.5561504,289.3353,280.1733,9.161987,294.6507,284.78275,9.86795,303.8421,293.7346,10.107513,296.84778,287.9021,8.945679,65.80645161290323,29.06451612903226
Málaga,36.720161,-4.42034,1.1160382e-05,5.554554e-09,0.0,2.2090037e-06,284.55612,288.44702,296.4983,291.10413,0.0019151267,0.0009592673,0.0004098817,0.002227603,3.6416793,3.410915,2.7836156,3.07566,287.4703,282.00256,5.467743,291.47372,285.2834,6.190338,299.88156,292.87537,7.006195,294.06207,288.31766,5.7444153,7.774193548387097,2.774193548387097
Mülheim (Ruhr),51.433331,6.88333,0.0002584858,1.06522475e-05,0.0,0.00014203883,276.74976,283.28006,291.36182,284.17908,0.0027039666,0.0023113156,0.0027607975,0.0027791741,4.262613,3.5055134,3.0857813,3.6450536,278.92746,274.63727,4.2901917,287.26828,279.11548,8.1528015,295.67,286.8348,8.835205,287.43857,281.16278,6.2757874,6.838709677419355,3.032258064516129
München,48.137428,11.57549,0.0009990991,0.00014501442,2.9092514e-06,0.0005864991,273.91525,282.183,291.12302,282.39172,0.0025015492,0.0038825306,0.004030411,0.0025781766,2.8760743,2.67135,2.2271788,2.3966177,276.82004,271.2834,5.5366516,286.75696,277.71997,9.036987,295.8559,286.51245,9.343445,286.29184,279.08408,7.2077637,6.129032258064516,2.7419354838709675
Münster,51.96236,7.62571,0.00025596799,1.0868128e-05,0.0,0.00013328753,276.4778,283.01837,291.23572,283.95447,0.0024106912,0.0021571617,0.0025686962,0.002432765,4.284376,3.5270603,3.14531,3.6538572,278.65082,274.33307,4.317749,287.1259,278.64624,8.479645,295.71472,286.40915,9.3055725,287.31747,280.76645,6.5510254,7.193548387096774,3.419354838709677
Namur,50.4669,4.86746,0.0002519704,9.507261e-06,0.0,0.00012944675,276.72128,282.83405,290.62668,283.95956,0.0024816017,0.0023767084,0.0025971236,0.002505892,4.707673,3.8404279,3.3393207,4.027366,278.95178,274.58752,4.364258,286.7967,278.68887,8.107819,294.89175,286.04385,8.8479,287.2517,280.8887,6.3630066,4.129032258064516,2.290322580645161
Nantes,47.217251,-1.55336,3.0348378e-05,1.2775476e-07,0.0,1.0598517e-05,279.78543,284.65274,292.01874,286.38828,0.0022027749,0.001967655,0.0016327674,0.0026768262,4.4428854,4.043166,3.5599523,3.8765311,282.59976,277.0696,5.5301514,288.7422,280.46915,8.273041,296.58197,287.27127,9.310699,290.3088,282.75647,7.5523376,7.129032258064516,3.225806451612903
Napoli,40.833328,14.25,3.8712256e-05,2.15474e-06,0.0,8.319227e-06,283.24026,287.46042,296.94736,291.11688,0.003746525,0.0019915744,0.0015396439,0.004849047,3.7883518,3.1501195,2.4681826,3.2221215,285.42828,281.23712,4.191162,289.91977,284.91937,5.0003967,299.56125,294.2015,5.359741,293.56232,288.82364,4.738678,6.225806451612903,3.4838709677419355
Neuß,51.198071,6.68504,0.0002457413,1.0648241e-05,0.0,0.00013365188,276.84055,283.28882,291.36252,284.24228,0.002505896,0.0022770616,0.0026559702,0.0025892507,4.2737126,3.481785,3.0575118,3.634556,279.02792,274.73755,4.2903748,287.26065,279.1649,8.095764,295.653,286.86652,8.786499,287.5092,281.23776,6.2714233,6.548387096774194,3.096774193548387
Newcastle upon Tyne,54.973282,-1.61396,0.00026968258,1.9290543e-05,4.2727344e-10,8.436087e-05,278.02988,281.17905,287.78284,283.4694,0.002136409,0.0020822436,0.0024057801,0.002554356,5.7437983,4.7335253,4.1369276,5.0430956,279.90182,276.2182,3.6836243,283.85553,278.43274,5.4227905,290.59418,284.83304,5.761139,285.7705,281.13187,4.6386414,0.032258064516129,0.032258064516129
Nice,43.703129,7.26608,0.0005251561,6.21586e-05,2.9253988e-07,0.00025513695,279.608,284.7874,293.78757,287.36148,0.002276097,0.002577056,0.0017473979,0.0036477963,2.7071478,2.6488051,2.1377935,2.5560086,282.57623,277.29944,5.2767944,287.58875,281.80164,5.7871094,296.39868,290.7625,5.6361694,290.1269,284.88654,5.2403564,0.1290322580645161,0.1290322580645161
Nijmegen,51.842499,5.85278,0.0001698947,5.2785363e-06,0.0,8.599572e-05,277.06647,283.17245,291.03854,284.2922,0.0023132376,0.0022164097,0.0025787968,0.0023812922,4.433888,3.6915739,3.285211,3.7818942,279.266,274.90134,4.3646545,287.1766,278.93015,8.24646,295.27463,286.44156,8.833069,287.55264,281.18765,6.36499,5.129032258064516,2.5161290322580645
Northampton,52.25,-0.88333,0.00015208029,7.785777e-06,0.0,5.2058567e-05,278.10867,282.3409,289.62964,284.17538,0.0017754468,0.002018414,0.0021017238,0.0021439001,5.0477138,4.348388,3.900639,4.441793,280.48276,275.76764,4.7151184,286.04498,278.6115,7.4334717,293.67596,285.47592,8.200043,287.3429,281.07303,6.269867,1.1612903225806452,0.7419354838709677
Norwich,52.627831,1.29834,0.00010499561,1.595439e-06,0.0,2.6663572e-05,278.65216,282.05426,289.37265,285.05872,0.0018684454,0.00186853,0.00219214,0.0022729058,6.320721,5.2379923,4.612946,5.6462545,280.36584,276.92178,3.4440613,284.35858,279.65997,4.6986084,291.93387,286.69818,5.2356873,287.15317,282.93048,4.222687,0.032258064516129,0.032258064516129
Nottingham,52.953602,-1.15047,0.00018177879,1.6152859e-05,0.0,6.3085216e-05,278.0086,282.11887,289.25272,283.9646,0.0018131091,0.0021026288,0.0022018426,0.0021909,5.1274586,4.429858,3.957312,4.547016,280.35797,275.71835,4.639618,285.78442,278.44235,7.3420715,293.18475,285.21713,7.967621,287.03268,280.9629,6.0697937,0.6774193548387096,0.4838709677419355
Novi Sad,45.251671,19.836941,0.00037875056,1.1578683e-05,0.0,0.00021045566,275.47742,285.99225,296.12106,285.9546,0.0015984377,0.0022751584,0.0019222468,0.0017317717,2.8869855,2.9787207,2.5120077,2.827234,278.70517,272.3955,6.309662,291.17584,280.65524,10.520599,301.89917,290.09262,11.806549,290.97614,281.5308,9.445343,44.064516129032256,11.258064516129032
Nîmes,43.833328,4.35,7.207868e-05,2.5796635e-07,0.0,1.4658416e-05,280.64847,287.1935,296.6475,288.64667,0.0019854929,0.0019551048,0.0019128579,0.0035516242,4.0147643,3.880585,3.573992,3.772154,284.47064,277.4829,6.987732,291.78384,282.73557,9.048279,301.77875,291.5055,10.273254,292.96265,284.94406,8.018585,35.54838709677419,11.806451612903226
Nürnberg,49.454208,11.07752,0.0005854902,3.477237e-05,2.221822e-08,0.00035108117,274.1415,282.31357,291.3716,282.4662,0.0023274166,0.0024497244,0.0026312764,0.002380713,3.4573283,3.0551345,2.578502,2.9028156,276.4578,271.93274,4.525055,286.7145,277.82516,8.889343,296.22476,286.2866,9.938171,286.0499,279.23398,6.815918,8.0,3.3548387096774195
Oberhausen,51.47311,6.88074,0.00024954052,9.749952e-06,0.0,0.00013767797,276.75323,283.25677,291.30634,284.16544,0.0026808367,0.0023390555,0.0027998765,0.0027362823,4.3131533,3.5394819,3.1222212,3.684261,278.9274,274.62955,4.2978516,287.249,279.07648,8.172516,295.61856,286.77493,8.843628,287.42166,281.13275,6.28891,6.67741935483871,2.870967741935484
Odessa,46.47747,30.73262,0.00044978163,1.2084432e-05,0.0,0.00015724033,274.11255,283.68213,296.12234,285.617,0.001221994,0.0013752291,0.0011992916,0.0013140254,4.8435984,4.323301,3.8934133,4.5194287,276.2105,271.88812,4.3223877,286.83655,280.2776,6.55896,299.79007,292.06497,7.7250977,288.55362,282.57596,5.977661,14.258064516129032,6.290322580645161
Olsztyn,53.779949,20.49416,0.00068261544,6.081696e-05,0.0,0.00033240762,271.96387,280.83472,290.83664,281.57562,0.0016607982,0.0020908187,0.0024434982,0.0017161911,4.3758755,3.7452245,3.3068736,3.9623432,274.03482,269.80377,4.2310486,284.97708,276.15048,8.826599,295.30475,285.72614,9.578613,284.76694,278.38077,6.3861694,3.4516129032258065,1.903225806451613
Oradea,47.066669,21.933331,0.0004641186,2.1437803e-05,0.0,0.00020917914,274.3767,284.9687,294.9449,284.79935,0.0017288513,0.002407044,0.002297755,0.0018832978,2.6939359,2.7844973,2.324225,2.482038,277.23376,271.65698,5.576782,289.93878,279.77908,10.1596985,300.5279,289.09988,11.428009,289.6606,280.5043,9.156311,29.774193548387096,8.774193548387096
Orléans,47.902889,1.90389,0.00010822377,7.5547285e-07,0.0,4.2689102e-05,278.20187,284.35837,292.6911,285.49014,0.0020262855,0.0021136883,0.0017976249,0.0023752465,4.1379604,3.698284,3.211161,3.575969,280.96524,275.55634,5.408905,288.9387,279.64374,9.294952,297.8425,287.1889,10.653595,289.6748,281.62027,8.054535,13.580645161290322,4.580645161290323
Oslo,59.912731,10.74609,0.0015337582,0.00020677214,6.3108286e-07,0.00079525117,270.10056,278.58493,289.05725,279.8735,0.002141725,0.0025499936,0.0033496749,0.002769601,2.807195,2.6494238,2.5143232,2.8062837,272.44922,267.58005,4.869171,282.73587,274.1757,8.560181,293.10852,284.617,8.491516,282.6335,277.15298,5.48053,0.3870967741935484,0.3548387096774194
Osnabrück,52.27264,8.0498,0.0002771119,1.1984735e-05,0.0,0.0001403935,276.29333,282.8503,291.11966,283.81226,0.0023684793,0.0021632286,0.0025406112,0.0024053534,4.2630453,3.5415385,3.1675012,3.6587987,278.43726,274.1719,4.2653503,286.96576,278.49704,8.4687195,295.61096,286.30365,9.307312,287.1549,280.64035,6.514557,7.451612903225806,3.5161290322580645
Ostrava,49.834648,18.28204,0.00079446624,7.677334e-05,4.2727344e-10,0.0004240116,273.08914,282.1186,291.6426,282.64935,0.0018395762,0.002789412,0.0032507183,0.0018540052,3.855855,3.3387957,2.7527158,3.3629348,275.42484,270.67252,4.7523193,286.4708,277.3993,9.071503,296.4383,286.44565,9.992645,286.33173,279.1783,7.153412,6.870967741935484,2.677419354838709
Oulu,65.01236,25.468161,0.0011586169,0.0002227476,2.5616466e-06,0.0008466546,265.52597,274.65335,288.05542,276.98022,0.0013077997,0.0017194144,0.002552659,0.0018704014,3.9305449,3.4828715,3.1599135,3.9096582,267.99118,262.75992,5.231262,278.09387,270.30643,7.787445,291.56915,283.38913,8.180023,279.33493,274.33746,4.997467,0.064516129032258,0.064516129032258
Oviedo,43.360291,-5.84476,0.0005462897,7.3831245e-05,4.4863713e-09,0.00020327988,280.72098,283.80673,290.22632,286.4464,0.003703568,0.0032678645,0.0023163827,0.0042461087,3.6799343,3.3649917,2.8491557,3.2873642,283.39246,278.35287,5.0395813,286.77042,280.7904,5.980011,293.25772,287.1641,6.093628,289.3849,283.7461,5.638794,0.0,0.0
Oxford,51.75222,-1.25596,0.00013216422,6.7970655e-06,0.0,4.7834114e-05,278.24948,282.42212,289.61655,284.25357,0.0018582531,0.0020224825,0.0020908369,0.002258876,4.8650575,4.2068834,3.7613924,4.259366,280.6313,275.85706,4.774231,286.11908,278.66937,7.449707,293.64413,285.44998,8.194153,287.4287,281.10873,6.319977,1.064516129032258,0.6774193548387096
Padova,45.415192,11.88181,0.00016249636,8.790243e-06,0.0,7.6683296e-05,278.02905,286.811,297.02585,287.93875,0.0021874155,0.0032751407,0.0031584322,0.003259098,2.16815,2.379429,2.131583,2.2227895,281.49823,275.1242,6.3740234,290.86755,282.78836,8.079193,301.23938,292.76663,8.472748,291.59625,284.65775,6.938507,28.35483870967742,10.483870967741936
Palermo,38.115822,13.35976,1.1579324e-05,7.0500117e-09,0.0,3.994152e-06,284.7667,288.2938,297.91113,292.7593,0.0023627037,0.0011092194,0.0008789224,0.0025942505,4.313357,3.6795967,2.7814033,3.5116954,286.721,282.94125,3.7797546,290.51404,285.98083,4.533203,300.30777,295.37903,4.9287415,294.92096,290.74014,4.1808167,12.774193548387096,5.193548387096774
Palma,39.569389,2.65024,1.7243688e-06,0.0,0.0,8.652287e-09,286.05164,288.90604,297.61957,293.31912,0.0011981335,0.00084674294,0.00087396946,0.0019702911,5.246713,4.523075,3.502368,4.590208,287.32037,284.84412,2.4762573,290.28082,287.42706,2.8537598,299.08228,296.06598,3.0162964,294.59766,292.0011,2.5965576,1.4516129032258065,0.9032258064516128
Pamplona,42.816872,-1.64323,0.0003210947,2.3522845e-05,0.0,9.5680516e-05,279.26117,284.58658,292.5637,286.57883,0.0029955276,0.0029401227,0.0020510613,0.0033031798,3.014172,3.0310686,2.7258077,2.8658144,282.85043,276.14313,6.707306,289.05933,280.185,8.874329,297.7652,287.64178,10.123413,291.01947,282.66537,8.354095,11.870967741935484,3.935483870967742
Paris,48.853409,2.3488,0.000118248885,3.26736e-06,0.0,5.8821133e-05,277.9522,283.92395,292.0102,285.1055,0.0019858466,0.002062742,0.0018857333,0.0023302257,4.1576357,3.6342764,3.1510272,3.5783904,280.50687,275.491,5.015869,288.22534,279.4515,8.773834,296.80792,286.8681,9.939819,288.93542,281.52478,7.4106445,8.290322580645162,3.419354838709677
Parma,44.802662,10.32898,0.00040100885,1.752024e-05,0.0,0.00019325156,277.46933,286.44342,296.74115,287.24203,0.0022921383,0.0030804847,0.0026365314,0.0031805185,1.828,2.1084948,1.8129557,1.8235948,280.97336,274.62396,6.3493958,290.9775,282.09204,8.885468,301.64877,291.96252,9.686249,291.1815,283.85623,7.3252563,35.225806451612904,11.870967741935484
Perpignan,42.697639,2.89541,0.00012454775,1.2212543e-05,0.0,3.8373695e-05,280.89587,286.3205,295.27817,288.57028,0.0018640974,0.0021657725,0.0018040583,0.0024228627,3.8745265,3.867758,3.471367,3.6053133,284.59814,277.88538,6.7127686,290.18155,282.49884,7.6827087,299.25534,291.12286,8.132477,292.4316,285.19913,7.232483,8.483870967741936,3.741935483870968
Perugia,43.112202,12.38878,0.00030832042,7.5427115e-06,0.0,9.340977e-05,278.30377,285.09412,295.49286,287.1306,0.002510295,0.0024232275,0.0019702616,0.0032293475,2.4972284,2.4969964,2.1204562,2.3104904,281.80524,275.20572,6.599518,289.76147,280.5486,9.21286,301.03113,290.01343,11.0177,291.56052,283.26794,8.292572,29.61290322580645,10.419354838709678
Piraeus,37.947449,23.637079,6.4741536e-05,1.1856838e-08,0.0,9.663003e-06,283.92764,289.03586,299.46198,292.56003,0.001842309,0.00060768344,0.00036972185,0.0016407338,3.6797152,3.135289,3.1838267,3.2988873,286.4036,281.60037,4.8032227,292.43692,285.71524,6.7216797,303.10257,295.80652,7.296051,295.66266,289.73245,5.9302063,52.903225806451616,16.93548387096774
Pisa,43.71553,10.39659,0.000113200964,3.4316465e-06,0.0,4.433133e-05,281.1777,286.50378,295.8379,289.29196,0.0031167255,0.0025425828,0.0021464098,0.004872769,3.1447134,2.7858894,2.2992635,2.904971,283.45346,279.12695,4.3265076,289.07257,283.80106,5.271515,298.60812,292.94556,5.662567,291.7719,286.94424,4.827667,3.5161290322580645,2.0
Ploieşti,44.950001,26.01667,0.00071379903,5.3541633e-05,1.868609e-07,0.00034082806,273.16672,283.61047,294.18777,283.81354,0.0015544379,0.002848697,0.0023737785,0.0017740974,2.3974667,2.4959319,2.0816054,2.238782,276.6956,270.0677,6.627899,288.57117,278.40848,10.162689,299.64844,288.41446,11.233978,288.74982,279.43726,9.312561,17.419354838709676,5.483870967741935
Plovdiv,42.150002,24.75,0.0009797525,8.5152395e-05,3.0742322e-07,0.0005198899,274.5099,283.54846,293.9678,284.69464,0.0020956558,0.0029522493,0.002073527,0.0020552229,1.921303,2.0086045,1.8048415,1.7527156,278.5064,270.86005,7.6463623,288.52332,278.33185,10.191467,299.49323,287.9827,11.510529,289.77335,279.97488,9.798462,14.612903225806452,5.290322580645161
Plymouth,50.371529,-4.14305,4.90386e-05,3.82367e-06,0.0,1.3809691e-05,280.5221,282.68497,288.76572,285.60043,0.002885711,0.0022947737,0.00233038,0.0035345368,6.7817726,5.5413876,4.8773274,5.9022026,282.07364,278.94974,3.1239014,284.6839,280.55585,4.1280518,290.794,286.59485,4.1991577,287.32043,283.8175,3.5029297,0.0,0.0
Plzeň,49.747471,13.37759,0.000578712,4.473681e-05,5.4691e-08,0.00031927432,273.14902,281.5336,290.8601,281.6957,0.0016161557,0.0022575771,0.002546883,0.0016475321,3.524619,3.0705724,2.605547,2.9036667,275.46503,270.88016,4.5848694,285.9141,276.94904,8.965057,295.7027,285.6457,10.057007,285.29175,278.3483,6.943451,5.709677419354839,2.806451612903226
Porto,41.149609,-8.61099,4.367803e-06,1.6182982e-07,0.0,6.963489e-07,283.5958,287.0613,292.52173,289.15234,0.004571383,0.0029388685,0.0013209748,0.006003271,4.185669,4.0375733,3.8628132,3.8047636,286.3344,281.21198,5.1224365,290.04752,284.15155,5.8959656,295.88577,289.32788,6.557892,292.12515,286.57645,5.548706,0.935483870967742,0.7741935483870968
Potsdam,52.398861,13.06566,0.00034919477,7.0830188e-06,0.0,0.0001614999,274.93594,282.74417,292.0329,283.3653,0.00172905,0.0017787013,0.00219794,0.001706845,3.936675,3.4261622,3.0353823,3.4215262,277.11273,272.75607,4.356659,286.97885,278.2613,8.71756,296.69363,287.01465,9.678986,286.78247,280.12976,6.65271,9.483870967741936,3.193548387096774
Poznań,52.406921,16.92993,0.00043197314,1.6640752e-05,0.0,0.00018077689,273.8444,282.29254,291.9914,282.7674,0.0016307189,0.0017880066,0.0023843946,0.0015556075,4.1401215,3.6330514,3.2205768,3.6452465,276.06653,271.58795,4.4785767,286.57803,277.5771,9.000946,296.71042,286.70288,10.007538,286.27487,279.31366,6.961212,8.258064516129032,3.064516129032258
Prague,50.088039,14.42076,0.0004933557,2.9377079e-05,3.845461e-09,0.00024913475,273.80533,282.30182,291.83707,282.56058,0.0014949486,0.00217093,0.0024893244,0.0015480589,3.439836,3.1108067,2.6549497,2.946401,276.1497,271.49612,4.6535645,286.6923,277.66656,9.025726,296.73502,286.57727,10.157745,286.15228,279.1758,6.976471,9.290322580645162,3.6774193548387095
Prato,43.884251,11.09092,0.00043224392,1.9267201e-05,0.0,0.00018014526,277.98172,285.0871,295.11688,286.8785,0.0026993847,0.0027544864,0.0021303508,0.0037947253,2.1482344,2.2318676,1.8943831,2.040013,281.32965,275.03613,6.293518,289.3694,280.82767,8.541718,300.01538,290.21188,9.803497,290.87012,283.2975,7.572632,16.483870967741936,6.903225806451613
Preston,53.76667,-2.71667,0.00017321552,1.29683185e-05,0.0,4.9723232e-05,278.52493,281.90616,288.41367,284.1888,0.0033977285,0.0027767043,0.0035509476,0.0042062025,5.6469483,4.741662,4.2372622,5.0762224,280.34753,276.714,3.633545,284.57327,279.1252,5.448059,290.96756,285.68024,5.287323,286.3359,281.96735,4.368561,0.032258064516129,0.032258064516129
Pécs,46.083328,18.23333,0.00040424467,1.1478701e-05,0.0,0.0002224644,274.9291,284.99683,294.70367,284.75815,0.0016527193,0.0023228626,0.0022148043,0.0018848809,2.8879182,2.97012,2.4701962,2.664902,278.02332,272.00974,6.0135803,289.91342,279.91205,10.001373,300.09485,289.05637,11.038483,289.41412,280.64105,8.773071,25.64516129032258,7.870967741935484
Ravenna,44.4175,12.20111,0.00018691889,3.1417417e-06,0.0,5.3986e-05,279.60352,287.05606,297.66187,289.11624,0.0020205786,0.002125547,0.0020310495,0.0026526407,2.9666731,3.1131573,2.775554,2.9159336,282.35864,277.1274,5.2312317,290.3659,283.6442,6.72171,301.28424,293.80054,7.4837036,292.18637,286.25467,5.9317017,28.29032258064516,9.096774193548388
Reading,51.456249,-0.97113,0.00011699032,5.5819e-06,0.0,3.973757e-05,278.37738,282.57303,289.78314,284.4181,0.0018762202,0.0019937865,0.0020510377,0.002281901,4.7608037,4.1322885,3.690631,4.1577144,280.77145,275.94965,4.821808,286.28293,278.79706,7.4858704,293.81815,285.59106,8.227081,287.6083,281.24573,6.3625793,1.1612903225806452,0.7096774193548387
Regensburg,49.014999,12.09556,0.0005466959,3.1208478e-05,6.9218295e-08,0.00032194753,273.9483,282.6125,291.80002,282.5496,0.0020594085,0.0024792976,0.0027110158,0.0021232122,3.1131504,2.9100492,2.4339898,2.6357114,276.4478,271.58347,4.8643494,287.15738,278.0526,9.104767,296.7336,286.7473,9.986298,286.28006,279.21167,7.06839,8.741935483870968,3.5806451612903225
Reims,49.25,4.03333,0.00015289325,2.4405858e-06,0.0,9.438071e-05,277.29413,283.66376,291.8997,284.6812,0.0022816788,0.0022615946,0.002140134,0.0025653155,4.133676,3.5856159,3.0874474,3.5727835,279.77588,274.8799,4.8959656,287.983,279.17212,8.810883,296.7025,286.8241,9.878418,288.41833,281.20706,7.211273,8.806451612903226,4.0
Rennes,48.11198,-1.67429,5.145996e-05,3.5474378e-07,0.0,1.6896634e-05,279.35135,284.02094,291.08704,285.7323,0.0022161673,0.0021645376,0.0018532724,0.002603211,4.197593,3.775833,3.3241928,3.6979692,282.10928,276.70007,5.40921,288.17508,279.8313,8.3437805,295.68387,286.34958,9.33429,289.5746,282.18472,7.389862,3.7096774193548394,1.8064516129032255
Reykjavík,64.135483,-21.895411,0.0017449801,0.00027409854,1.3533138e-05,0.0009214037,273.27368,276.80887,283.8285,278.3096,0.0045536445,0.003200372,0.0039372663,0.004349372,5.407808,4.8308697,3.9203317,4.9607496,275.13495,271.2203,3.9146423,278.8903,274.52286,4.3674316,285.72635,281.8092,3.9171448,280.00742,276.5181,3.4893188,0.0,0.0
Riga,56.945999,24.10589,0.00084113784,6.620794e-05,0.0,0.00045579896,271.23865,279.46143,290.6718,281.2549,0.0016306542,0.0020041375,0.002558339,0.0022127116,4.7388473,3.9907541,3.6188278,4.4491353,273.0602,269.30002,3.7601929,282.9573,275.4232,7.5341187,294.2945,286.44412,7.8503723,283.7261,278.68326,5.0428467,1.064516129032258,0.7096774193548387
Rimini,44.063332,12.58083,0.00019189651,3.6932447e-06,0.0,5.5104974e-05,280.51212,286.70398,297.10245,289.41803,0.0021326414,0.0019947349,0.0019117466,0.0027826242,3.6648865,3.5574358,3.0955555,3.4623544,282.47455,278.66202,3.8125305,289.03198,284.20923,4.822754,299.63855,294.2439,5.3946533,291.5996,287.27606,4.3235474,9.290322580645162,4.516129032258065
Rome,41.894741,12.4839,4.716714e-05,2.3102675e-06,0.0,9.078706e-06,281.9596,287.1443,296.95557,290.23218,0.0028989622,0.0019946182,0.0016180861,0.004219838,3.2409296,2.9306467,2.5175214,2.8918316,285.07074,279.2098,5.8609314,290.66235,283.59863,7.0637207,300.8346,292.9758,7.858795,293.58704,287.15817,6.4288635,19.870967741935484,9.806451612903226
Roquetas de Mar,36.764191,-2.61475,4.2291096e-05,1.3546703e-06,0.0,1.1545356e-05,285.26886,288.84647,297.00705,291.86627,0.0011061443,0.00070306653,0.0003834574,0.001195741,4.3580775,4.5166206,3.763426,4.024828,287.47562,283.34085,4.1347656,290.951,286.54816,4.402832,299.175,294.59906,4.5759277,293.90906,289.84525,4.0638123,2.5806451612903225,1.3548387096774193
Rostock,54.088699,12.14049,0.00038408433,1.3846864e-05,0.0,0.00015327783,275.33676,281.25885,290.5785,283.55557,0.0018383758,0.0019280603,0.0024239644,0.0020621317,5.6285415,4.7546215,4.3579903,5.0384536,276.96573,273.7329,3.2328186,284.26736,278.1111,6.15625,293.806,287.08942,6.7165833,285.8631,281.31952,4.543579,0.5161290322580645,0.3548387096774194
Rotterdam,51.922501,4.47917,0.00012484545,3.3558056e-06,0.0,6.892647e-05,277.74335,282.96817,290.63757,284.8775,0.0022611353,0.0021785947,0.0027102039,0.0026780337,5.3543496,4.4109983,3.9612198,4.6109962,279.67273,275.83334,3.839386,286.19742,279.55493,6.6424866,293.9881,286.96643,7.0216675,287.58118,282.26007,5.321106,2.032258064516129,1.3548387096774193
Rouen,49.44313,1.09932,0.00012104069,6.412146e-06,0.0,4.780837e-05,278.1678,283.29382,290.7759,284.9007,0.0021524103,0.0022128378,0.002046558,0.0025507614,4.5304723,3.8886468,3.4119377,3.9290762,280.5791,275.81525,4.763855,287.22797,279.2507,7.9772644,295.12845,286.18063,8.947815,288.39868,281.629,6.769684,3.7096774193548394,2.096774193548387
Saint Petersburg,59.89444,30.26417,0.0011261022,0.00014207483,1.9590486e-07,0.0008185619,267.85092,277.5677,289.68973,278.8214,0.0014844923,0.0020359033,0.0025898085,0.0020650665,3.9639945,3.4989984,3.1629553,3.8248587,270.02097,265.48932,4.5316467,281.55353,272.79843,8.755096,293.82724,284.5387,9.288544,281.41107,276.0418,5.3692627,1.3870967741935485,0.9032258064516128
Saint-Étienne,45.433331,4.4,0.0005265721,7.343148e-05,2.332913e-07,0.00027831877,276.24033,283.10083,292.0602,284.115,0.002192944,0.0030605467,0.0026876952,0.0030861977,3.0189328,3.082824,2.5986052,2.8511083,279.4855,273.39587,6.08963,287.8324,278.41983,9.412567,297.4435,286.6013,10.842224,288.47128,280.30295,8.168335,10.96774193548387,4.096774193548387
Salamanca,40.968819,-5.66388,0.00013257825,1.0342581e-05,0.0,5.2521948e-05,278.40472,284.53552,294.33246,286.20862,0.0015631381,0.0014972156,0.0006481721,0.002012938,3.1479151,3.1282787,2.701496,2.9304783,282.51108,275.01385,7.497223,289.795,279.2471,10.547913,300.98734,287.35165,13.635681,291.33536,281.596,9.739349,33.87096774193548,9.774193548387096
Salerno,40.677971,14.76599,7.557997e-05,2.9122957e-06,0.0,1.9859028e-05,282.9084,287.14697,296.67746,290.8018,0.0040926402,0.0021242104,0.001608987,0.005081751,3.7925723,3.1252456,2.4059753,3.140048,285.01398,280.94946,4.064514,289.55936,284.6261,4.933258,299.27115,293.9416,5.3295593,293.2303,288.5052,4.7250977,5.580645161290323,3.129032258064516
Salzburg,47.799412,13.04399,0.0024396754,0.00048907514,7.117236e-05,0.0015212416,271.7166,280.4032,289.47397,280.94113,0.0038738148,0.005570315,0.0059203575,0.0036820078,1.9637697,1.9106293,1.636016,1.7452095,275.09686,268.57874,6.5181274,285.1211,275.73248,9.388611,294.27518,284.8205,9.454681,285.18375,277.3193,7.864441,2.3225806451612905,1.2580645161290325
Santander,43.464722,-3.80444,0.00013073713,5.7921184e-06,0.0,2.7726626e-05,283.0479,285.70682,292.07904,288.89908,0.0037947712,0.0028296758,0.0022689637,0.0042755846,4.433541,3.9704177,3.3653245,3.9562266,285.0554,281.2151,3.8403015,287.85892,283.53323,4.3256836,294.20792,289.95596,4.251953,291.0826,286.88312,4.1994934,0.0967741935483871,0.0967741935483871
Santiago de Compostela,42.88052,-8.54569,1.2063638e-05,5.223418e-07,0.0,2.5179222e-06,282.21805,285.38394,291.1944,287.59964,0.0045461357,0.0031946742,0.0017395806,0.0055862954,4.046346,3.8693666,3.5421846,3.6718035,285.2468,279.51306,5.733734,289.2023,281.8053,7.397003,295.424,287.31845,8.10556,291.18613,284.52368,6.662445,2.6129032258064515,1.5161290322580645
Sarajevo,43.84864,18.35644,0.0017746213,0.00024862075,3.7767234e-06,0.0010275063,273.38452,281.79733,291.5892,282.99536,0.0032120827,0.0037276456,0.002905529,0.0034489285,1.9486969,2.0124857,1.6509317,1.7735914,276.9029,269.96127,6.94162,286.61267,277.01718,9.5954895,297.0564,286.21445,10.841949,287.9171,278.758,9.159119,9.193548387096774,3.3225806451612905
Setúbal,38.524399,-8.8882,3.1233688e-07,0.0,0.0,0.0,285.36603,288.68564,294.12683,290.99823,0.0019998106,0.0011382368,0.00041738973,0.0025930232,4.410386,4.4257383,4.581123,4.037046,288.1268,282.94888,5.1779175,292.03613,285.55347,6.482666,298.40158,290.2716,8.129974,294.27066,288.17624,6.0944214,5.870967741935484,2.6129032258064515
Sevilla,37.382408,-5.97613,2.609359e-06,0.0,0.0,1.367275e-08,284.51657,290.53027,299.8021,292.5865,0.0019164785,0.0010909769,0.00040364522,0.002457277,2.7725384,2.8354795,2.5660114,2.5345824,289.47748,280.36386,9.113617,296.14938,285.0473,11.102081,306.5891,293.07697,13.512146,298.07098,287.74353,10.327454,103.80645161290325,38.774193548387096
Sheffield,53.382969,-1.4659,0.00028802716,3.0009764e-05,0.0,9.366433e-05,277.62723,281.57965,288.4972,283.4306,0.0021910984,0.002358804,0.0024835302,0.0024916655,5.0380893,4.36059,3.8739285,4.4613194,279.85806,275.4748,4.3832703,285.09714,278.0632,7.0339355,292.1766,284.71222,7.464386,286.29968,280.60974,5.6899414,0.1612903225806451,0.1612903225806451
Siracusa,37.085152,15.273,2.0090397e-06,0.0,0.0,5.1230086e-07,285.9197,288.9872,298.40164,293.70786,0.0019194841,0.0006470185,0.0007420338,0.0024340418,4.515353,3.833993,2.8627155,3.6167274,287.7289,284.2696,3.45932,290.8092,287.09616,3.7130432,300.22586,296.46793,3.7579346,295.39926,292.05008,3.3491821,9.258064516129032,4.193548387096774
Skopje,42.001221,21.42878,0.000964137,9.125001e-05,3.119096e-08,0.0005258202,274.6562,283.77673,294.4133,284.79156,0.0021072451,0.002550337,0.0016485269,0.0022039542,1.7312601,1.80417,1.6631079,1.5809709,278.61517,270.91135,7.703827,289.24622,278.19016,11.056061,300.92825,287.74203,13.186218,290.28854,279.78705,10.501495,33.516129032258064,9.709677419354838
Sochi,43.599171,39.725689,0.001590801,0.0001076054,2.4098222e-07,0.0006656664,277.97498,283.5461,294.4708,287.5814,0.004445162,0.0033577601,0.0031397045,0.0046542757,3.3442748,2.7451952,2.1812382,2.606817,280.08334,275.9786,4.1047363,286.0377,280.6614,5.3762817,297.05548,291.55215,5.5033264,290.23175,284.9849,5.2468567,0.8709677419354839,0.6451612903225806
Sofia,42.69751,23.32415,0.0010871026,0.00010304922,1.9067078e-07,0.0005786446,273.0867,282.35553,292.31967,283.2097,0.0019427788,0.002911114,0.0019533327,0.0018138802,1.9851917,2.0574553,1.759641,1.8212935,277.1736,269.35776,7.815857,287.42444,277.1358,10.288635,298.02908,286.36984,11.659241,288.6003,278.4553,10.14502,9.0,3.548387096774193
Southampton,50.90395,-1.40428,6.854502e-05,3.3404237e-06,0.0,2.0394402e-05,279.57446,282.76617,289.61224,285.55188,0.0022937316,0.0019473427,0.0021171402,0.0031276306,6.092057,5.0475755,4.5384035,5.393404,281.3791,277.7355,3.6435852,285.3165,280.09244,5.22406,292.30103,286.74484,5.556183,287.7506,283.2775,4.473114,0.0,0.0
Split,43.508911,16.43915,0.00020783948,1.1087745e-05,0.0,7.658236e-05,280.99283,286.49106,296.2721,289.27374,0.0034787117,0.002353745,0.001886708,0.004936153,4.1381946,3.7649736,3.0723233,3.7308137,283.06757,278.97125,4.0963135,288.80084,283.9473,4.853546,298.77185,293.44205,5.3298035,291.59998,286.99512,4.6048584,3.096774193548387,1.870967741935484
Stockholm,59.332581,18.064899,0.0007756038,9.481369e-05,0.0,0.00039635197,272.2282,278.25677,289.42197,281.0555,0.0013585103,0.0016224121,0.0021192092,0.0018651511,4.8619227,4.083179,3.6937163,4.5282803,274.03903,270.24133,3.797699,281.35995,274.80865,6.5513,292.4949,285.7469,6.7480164,283.2546,278.69675,4.5578613,0.0,0.0
Strasbourg,48.58342,7.74296,0.00033400735,1.3863954e-05,0.0,0.00020835114,276.12833,283.7243,292.55722,284.09467,0.002633089,0.0027103322,0.002592755,0.0028480217,3.1362464,2.758226,2.3036528,2.602005,278.63885,273.7796,4.859253,288.17694,279.28915,8.887787,297.44193,287.65942,9.782501,287.85876,280.81305,7.0457153,11.870967741935484,4.354838709677419
Stuttgart,48.782318,9.17702,0.00056446454,4.399186e-05,1.3288204e-07,0.00034245432,274.78787,282.54855,291.37018,282.86722,0.0025548507,0.0028607538,0.002765659,0.0026364294,3.2719493,2.8316555,2.3436563,2.672499,277.3775,272.35263,5.024872,286.98596,278.03516,8.950806,296.2009,286.38614,9.814758,286.67993,279.50397,7.1759644,7.548387096774194,3.290322580645161
Szczecin,53.42894,14.55302,0.0003957588,2.1601396e-05,0.0,0.00018298178,274.4202,281.8512,291.28116,283.008,0.0017298453,0.0018396705,0.0023695063,0.0017662612,4.5557857,3.9040225,3.5108705,4.0384936,276.44733,272.38263,4.0646973,285.79004,277.62454,8.165497,295.45145,286.6632,8.788239,286.09787,280.01273,6.085144,3.967741935483871,1.903225806451613
Szeged,46.252998,20.148239,0.00033985844,7.196567e-06,0.0,0.00015960158,274.8845,285.43866,295.55832,285.25204,0.001462927,0.0020600536,0.001892912,0.0016450249,2.9065917,3.0209298,2.5736911,2.8016875,277.888,271.9516,5.9364014,290.5287,280.1019,10.426788,301.26703,289.46558,11.801453,290.1598,280.85455,9.305237,36.12903225806452,9.451612903225806
Tallinn,59.436958,24.753531,0.0010014041,0.00010988106,0.0,0.00056227046,270.45847,277.48038,289.42844,280.6358,0.0015693813,0.0017909337,0.0025674826,0.002226668,5.1608167,4.323295,3.9931326,5.011983,272.25186,268.53745,3.7144165,280.40628,273.96417,6.442108,292.3669,285.78705,6.5798645,282.6619,278.41995,4.2419434,0.0,0.0
Tampere,61.499111,23.787121,0.0011557444,0.00015857798,1.02545625e-08,0.0007188275,268.2194,276.82266,289.01376,278.72064,0.0014320416,0.0018632642,0.002495605,0.001963719,3.5827434,3.2419198,2.96133,3.4964294,270.42648,265.74695,4.679535,280.7125,272.3038,8.408691,292.80115,284.46475,8.336395,281.04172,276.2265,4.815216,0.2580645161290322,0.1935483870967742
Taranto,40.476109,17.229719,1.4293151e-05,3.9252188e-07,0.0,3.3070964e-06,283.5942,288.0224,298.36264,291.73346,0.002032983,0.0011494738,0.0009402956,0.0025082147,4.46455,3.9035635,3.3223586,3.8057992,285.76456,281.5287,4.2358704,290.59882,285.41415,5.184662,301.28137,295.3249,5.956482,294.25195,289.37363,4.8783264,25.161290322580644,9.741935483870968
The Hague,52.076672,4.29861,0.00011268183,2.0650125e-06,0.0,5.6685083e-05,278.337,282.51227,290.19904,285.5494,0.0023651363,0.0020063308,0.0029078263,0.0032487188,6.843879,5.467769,4.9476347,6.027578,279.78275,276.8954,2.8873596,284.6002,280.2735,4.3266907,292.2976,287.8796,4.4179993,287.3555,283.726,3.629486,0.0967741935483871,0.0967741935483871
Thessaloníki,40.640282,22.94389,0.00023433598,7.4794216e-06,0.0,8.94294e-05,280.01758,287.67664,298.58392,289.8326,0.002199735,0.0016239344,0.0013118688,0.002647748,2.534153,2.3498747,2.1806607,2.196495,283.15308,277.08176,6.0713196,291.4748,283.88226,7.5925293,302.86255,294.23965,8.622894,293.58887,286.34824,7.240631,48.61290322580645,17.096774193548388
Tilburg,51.555511,5.0913,0.00015071739,4.7863173e-06,0.0,8.204964e-05,277.33524,283.29312,291.0407,284.50064,0.0022924722,0.002230529,0.002570378,0.002396517,4.4806247,3.7384226,3.3253808,3.8150685,279.52692,275.1828,4.344116,287.20242,279.16537,8.037048,295.16696,286.5607,8.606262,287.7257,281.43866,6.2870483,4.774193548387097,2.4516129032258065
Timişoara,45.753719,21.22571,0.00037424712,1.114671e-05,0.0,0.00016215227,275.19455,285.52588,295.43607,285.42944,0.001672265,0.00244831,0.0021576376,0.0017704971,2.571,2.7062075,2.2823846,2.4895222,278.2672,272.23862,6.028595,290.62,280.19382,10.426178,301.18207,289.41248,11.769592,290.4489,280.94836,9.500549,35.03225806451613,10.064516129032258
Tirana,41.327499,19.81889,0.0005464826,3.707233e-05,7.0500117e-09,0.00019137209,278.86267,285.75186,295.6957,288.05847,0.004171588,0.0030011823,0.002148177,0.004700661,2.4957466,2.1272476,1.8548361,2.115603,282.60733,275.51334,7.093994,289.87085,281.3955,8.475342,300.32553,290.68665,9.6388855,292.54623,284.08896,8.457275,18.806451612903224,7.483870967741935
Toledo,39.858101,-4.02263,6.439225e-05,2.8229958e-06,0.0,2.0199353e-05,279.86185,287.05707,298.38794,288.73132,0.001382069,0.0013139804,0.0005672653,0.0018340208,2.685649,2.8683138,2.5894988,2.5546806,284.4667,275.9165,8.550201,292.55917,281.45764,11.101532,304.98642,291.2648,13.721619,294.0384,283.78983,10.248566,76.87096774193549,28.64516129032258
Toruń,53.013748,18.598141,0.000491,2.5975876e-05,0.0,0.00021946836,273.16827,281.73447,291.48355,282.37003,0.0015357251,0.0019193926,0.0023059656,0.0015532671,4.2080345,3.693742,3.2428522,3.7613542,275.31082,270.95755,4.3532715,285.97467,277.00607,8.968597,296.0613,286.29755,9.763763,285.76694,278.98633,6.780609,4.645161290322581,2.096774193548387
Toulon,43.116669,5.93333,3.9014125e-05,8.1555817e-07,0.0,1.4764647e-05,282.34344,287.02948,295.7828,289.7267,0.0018518368,0.0015095805,0.0010131687,0.0029814,5.4651,4.9691463,4.248791,4.923136,284.8872,280.1477,4.739502,289.70978,284.2364,5.4733887,298.63498,292.65497,5.980011,292.32794,287.34222,4.985718,2.096774193548387,1.3548387096774193
Toulouse,43.604259,1.44367,0.0001017698,4.171043e-06,0.0,2.1924576e-05,279.78784,286.05197,294.76163,287.68668,0.0023166293,0.002607241,0.0019197041,0.0024315459,3.2142491,3.3192015,2.7266088,2.9819922,283.71658,276.44687,7.2697144,290.88242,281.40387,9.478546,300.07614,289.54123,10.534912,292.62173,283.5088,9.112946,27.64516129032258,6.870967741935484
Tours,47.383331,0.68333,7.934852e-05,6.085442e-07,0.0,2.306155e-05,278.73636,284.59628,292.77393,285.8917,0.002135403,0.0021394787,0.0016985529,0.0024884485,4.074349,3.6767788,3.1874413,3.5386136,281.5982,276.013,5.585205,289.13925,279.9405,9.198761,297.8858,287.38107,10.50473,290.10883,282.01263,8.096191,13.193548387096774,4.193548387096774
Trier,49.75565,6.63935,0.00040653616,2.4768828e-05,0.0,0.0002458702,275.22894,282.27045,290.63315,282.86578,0.0026083745,0.0024140317,0.0024205467,0.0027752,3.9337637,3.4156022,2.934442,3.3495843,277.41263,273.12854,4.284088,286.35007,278.07468,8.275391,295.15067,285.8617,9.288971,286.23837,279.78418,6.454193,4.741935483870968,2.5806451612903225
Trieste,45.648609,13.78,0.00031148747,2.9357743e-05,1.2818203e-09,0.00017067438,278.04617,285.25787,295.25006,287.0011,0.0032743989,0.00365358,0.0038591544,0.005066538,2.9540408,2.781867,2.409866,2.8795736,280.51993,275.91083,4.6091003,288.3762,282.1007,6.275482,298.668,291.83438,6.833618,289.8631,284.50104,5.3620605,7.258064516129032,4.193548387096774
Turin,45.070492,7.68682,0.0011460198,0.00038984802,2.3287792e-05,0.00084039697,274.33435,282.92862,292.77084,283.79865,0.002543886,0.004541858,0.003641454,0.0038318858,1.4291425,1.4617777,1.3452396,1.3194978,278.21652,271.3575,6.859009,287.15308,278.7859,8.3671875,297.14493,288.25192,8.893005,287.5567,280.56296,6.993744,2.161290322580645,1.1935483870967742
Turku,60.451481,22.26869,0.0010246416,8.8569504e-05,0.0,0.00047288917,270.1447,277.4056,289.41803,280.09644,0.0015712279,0.0016275573,0.0024539237,0.0021102955,4.259276,3.7134695,3.4973683,4.116485,272.27588,267.7904,4.4854736,281.03046,273.15112,7.8793335,293.01187,284.8747,8.1371765,282.5204,277.44824,5.0721436,0.2258064516129032,0.1935483870967742
Utrecht,52.090832,5.12222,0.00014624672,3.9951133e-06,0.0,7.1422066e-05,277.37912,282.93918,290.65155,284.51733,0.0022609318,0.0022144888,0.0026807566,0.002482636,5.005018,4.1705832,3.7164123,4.2819357,279.42865,275.36304,4.065613,286.4762,279.20663,7.269562,294.33658,286.62225,7.714325,287.43054,281.71188,5.7186584,2.838709677419355,1.6774193548387095
Valencia,39.469749,-0.37739,1.6234255e-05,4.306916e-07,0.0,8.056668e-06,284.26028,288.88998,297.6887,291.83908,0.0012042898,0.0011237933,0.0012551345,0.0016813081,3.5746737,3.3058164,2.7756627,3.0833442,288.11578,281.06088,7.054901,292.64056,285.22626,7.4143066,301.31198,294.04517,7.266815,295.4531,288.6269,6.8262024,23.548387096774192,6.612903225806452
Valladolid,41.655182,-4.72372,0.00010737211,3.367342e-06,0.0,4.1275467e-05,278.58975,284.9837,294.88965,286.57156,0.0014670673,0.0014882634,0.0006573619,0.0018928222,3.1924083,3.3451989,3.0592427,3.0819674,282.6597,275.11612,7.543579,290.50293,279.50168,11.001251,301.98596,287.52383,14.462128,291.90765,281.69217,10.215485,45.2258064516129,12.129032258064516
Vantaa,60.29414,25.040991,0.0011898522,0.00011796079,0.0,0.0006483615,269.80542,276.86588,289.2901,280.22815,0.0016761116,0.0017320993,0.002338733,0.0023242023,5.105926,4.252819,4.037551,5.022609,271.68906,267.76688,3.9221802,279.6989,273.49405,6.2048645,292.08456,285.8542,6.230377,282.15494,278.08145,4.0734863,0.0,0.0
Varna,43.216671,27.91667,0.00042090876,1.48011795e-05,0.0,0.00019452498,276.71875,284.3026,295.68417,287.11078,0.0016600034,0.0017610716,0.0015026216,0.0018010131,4.2787733,3.6161578,3.2321565,3.8102565,279.33286,274.22336,5.109497,287.5957,280.92972,6.665985,299.37872,291.8502,7.528534,290.3587,284.02655,6.3321533,7.387096774193548,3.4838709677419355
Venezia,45.43861,12.32667,7.7559744e-05,8.623446e-07,0.0,3.2952397e-05,279.41873,286.9397,297.1865,288.96555,0.002246374,0.002825266,0.0029436902,0.0033938955,3.035622,3.1184728,2.804318,3.1080892,281.64713,277.45145,4.1956787,289.5985,284.2787,5.319824,299.98734,294.36035,5.6269836,291.3182,286.7679,4.550293,12.903225806451612,6.483870967741935
Verona,45.434189,10.99779,0.00032353617,2.2923006e-05,9.378652e-08,0.00017490481,277.135,286.10623,296.22552,286.99686,0.0021265878,0.0035109331,0.0032276867,0.0032434515,1.7028139,1.9182864,1.6998082,1.7245225,280.57593,274.30487,6.271057,290.32202,281.9054,8.416626,300.54535,291.91394,8.631409,290.58237,283.87946,6.7029114,21.967741935483872,7.935483870967742
Vienna,48.208488,16.37208,0.00046095156,3.9116458e-05,0.0,0.00025178798,274.46622,283.7911,293.44885,283.784,0.0014094717,0.0023862675,0.002685352,0.0015631671,3.6039343,3.5573888,3.059549,3.3273902,277.01422,271.98056,5.033661,288.27124,279.1719,9.099335,298.39453,288.4073,9.987244,287.49213,280.42886,7.063263,16.419354838709676,5.774193548387097
Vigo,42.232819,-8.72264,5.6508334e-06,1.4441842e-07,0.0,8.454317e-07,283.27426,286.22543,291.62567,288.3778,0.00568238,0.0035574913,0.0017911303,0.0071909344,4.361388,4.1370025,3.8215582,3.8883564,285.82968,280.9376,4.89209,289.1401,283.27753,5.8625793,294.74246,288.51358,6.228882,291.14236,285.85806,5.2843018,0.3870967741935484,0.3225806451612903
Vilnius,54.689159,25.2798,0.0009493328,7.991573e-05,0.0,0.0005197559,270.2697,280.19894,290.76352,280.482,0.0017073198,0.0022374918,0.0026069782,0.0018895434,4.1761007,3.6513638,3.1694613,3.8454762,272.30118,268.03445,4.2667236,284.306,275.3959,8.910095,295.3264,285.43265,9.893738,283.55557,277.2901,6.2654724,2.806451612903226,1.7419354838709675
Warsaw,52.229771,21.01178,0.0005739878,4.793666e-05,0.0,0.00028489367,272.76886,282.07352,292.03058,282.2291,0.0015829705,0.002124842,0.0024015068,0.001582377,3.9193554,3.4521718,2.9887338,3.49703,274.97256,270.48352,4.489044,286.4022,277.20966,9.192535,296.84042,286.62003,10.220398,285.7774,278.71127,7.0661316,7.774193548387097,3.5161290322580645
Wiesbaden,50.082581,8.24932,0.000320861,1.6727756e-05,0.0,0.00020044892,275.4279,282.8856,291.616,283.30798,0.002033056,0.0022048592,0.0022489128,0.002202652,3.4127905,3.0097327,2.6164486,2.889888,277.65,273.24002,4.409973,287.09805,278.54596,8.5520935,296.32895,286.74774,9.581207,286.774,280.1243,6.6496887,7.580645161290323,3.3870967741935485
Wolverhampton,52.585468,-2.12296,0.00017414331,1.5222097e-05,0.0,6.241279e-05,278.11594,282.1253,289.04626,283.90985,0.0020011875,0.0022196576,0.0022537643,0.002404116,4.691837,4.1117764,3.6766002,4.1719756,280.45172,275.81097,4.640747,285.73132,278.44336,7.287964,292.85535,285.06854,7.786804,286.90884,280.92886,5.9799805,0.5806451612903226,0.4193548387096774
Wrocław,51.099998,17.033331,0.00049937796,3.01529e-05,4.700008e-09,0.00023629653,273.99484,282.57132,292.17136,282.99213,0.0016160285,0.0020403964,0.002637865,0.001582532,3.9327843,3.4950125,3.013494,3.4420915,276.37537,271.58023,4.7951355,286.93613,277.8254,9.110718,296.98563,286.83286,10.152771,286.67505,279.43182,7.243225,9.290322580645162,3.612903225806452
Wuppertal,51.270271,7.16755,0.00036946248,1.8293498e-05,0.0,0.00019920856,276.35294,283.00198,291.09457,283.86023,0.003047578,0.0024974535,0.0030013581,0.0030955279,4.3185925,3.5359201,3.0936952,3.7019105,278.521,274.2505,4.270508,286.9442,278.90182,8.042389,295.36902,286.62177,8.747253,287.06467,280.9109,6.153778,6.258064516129032,2.903225806451613
Yaroslavl',57.629871,39.87368,0.001240258,0.00012887278,3.1351722e-06,0.00095341477,265.51913,278.2169,290.42578,277.8217,0.0014371186,0.0020860196,0.002378756,0.0019661079,3.8593278,3.5538793,3.0291357,3.6937013,267.9889,262.68564,5.303253,282.52924,272.90567,9.623566,295.04843,284.73184,10.316589,280.71588,274.69574,6.0201416,4.096774193548387,2.419354838709677
York,53.95763,-1.08271,0.00020753141,1.6203063e-05,0.0,6.546342e-05,277.88254,281.73608,288.64365,283.69092,0.001955033,0.0021540434,0.0022763761,0.0022557713,5.014872,4.3614855,3.8402264,4.4655533,280.1946,275.64026,4.554352,285.20862,278.21875,6.989868,292.28247,284.83508,7.4473877,286.628,280.76886,5.859131,0.0967741935483871,0.0967741935483871
Zagreb,45.814442,15.97798,0.00058777357,2.3917057e-05,0.0,0.00030969825,275.31415,285.0296,294.78278,284.96118,0.0019838118,0.0028994528,0.0030013039,0.0024972996,2.2303064,2.4169483,1.9291812,2.0717955,278.84085,272.17447,6.666382,290.19495,279.92825,10.266693,300.30292,289.3845,10.9184265,289.519,281.05563,8.463379,27.0,8.0
Zaragoza,41.656059,-0.87734,6.760417e-05,5.826514e-06,0.0,2.8346174e-05,280.50085,287.56232,297.47308,288.81274,0.001092723,0.0014051084,0.0008888578,0.0013820427,3.8108206,3.9491458,3.6170976,3.4585948,285.0269,276.71338,8.313507,293.39566,281.968,11.427673,304.40607,290.74237,13.663696,294.23422,283.9708,10.263428,69.19354838709677,18.93548387096774
Zürich,47.366669,8.55,0.0015506097,0.00035673653,3.034261e-05,0.0010143368,273.84518,281.4555,290.40576,282.24857,0.0033525268,0.004713929,0.004890147,0.0035963245,2.1059368,2.0461519,1.7260362,1.8059214,276.5141,271.50485,5.009247,285.79303,277.28427,8.508759,294.906,286.05472,8.851288,285.80658,279.3157,6.4908752,3.064516129032258,1.8064516129032255
Århus,56.156738,10.21076,0.00047007087,2.021922e-05,0.0,0.00016491643,275.48764,280.38077,289.38553,283.3297,0.0019246754,0.0019956003,0.0023838491,0.0023301255,6.1290784,5.1455026,4.7865214,5.6777625,276.91284,274.0721,2.8407288,282.8192,277.80273,5.0164795,292.04962,286.39926,5.65036,285.14374,281.44608,3.6976624,0.0,0.0
Łódź,51.75,19.466669,0.0005785812,4.729917e-05,0.0,0.0002942353,272.97165,281.9549,291.84445,282.35544,0.0016349567,0.0021574325,0.0024724344,0.0015933004,4.370067,3.7527885,3.2471511,3.8287885,275.23962,270.66824,4.5713806,286.28473,277.0993,9.185425,296.68204,286.4502,10.231842,286.01324,278.78146,7.231781,7.741935483870968,3.193548387096774
