city,latitude,longitude,sf_winter,sf_spring,sf_summer,sf_autumn,t2m_winter,t2m_spring,t2m_summer,t2m_autumn,tp_winter,tp_spring,tp_summer,tp_autumn,si10_winter,si10_spring,si10_summer,si10_autumn,max_t2m_winter,min_t2m_winter,temp_range_winter,max_t2m_spring,min_t2m_spring,temp_range_spring,max_t2m_summer,min_t2m_summer,temp_range_summer,max_t2m_autumn,min_t2m_autumn,temp_range_autumn,hot_days,hot_days_consec
Aachen,50.776642,6.08342,0.00060068513,3.9232033e-05,6.4091017e-09,0.00025471713,274.22504,281.4795,289.19217,282.7377,0.0022540537,0.0023512694,0.0023914955,0.0022479633,4.3462524,3.7549188,3.441127,3.9066172,276.31467,271.89395,4.4207153,285.1883,277.5166,7.671692,293.05185,285.06857,7.9832764,285.83505,279.67465,6.1604004,1.3548387096774193,0.7741935483870968
Aberdeen,57.143688,-2.09814,0.00044186495,3.2594126e-05,0.0,8.598018e-05,277.1689,279.73547,285.77548,282.71252,0.0020591244,0.0018310015,0.0022926473,0.0024389054,6.649121,5.5433207,4.620767,6.038412,278.59735,275.7436,2.8537598,281.46152,277.92258,3.5389404,287.44998,283.97882,3.471161,284.231,281.1601,3.0708923,0.0,0.0
Aix-en-Provence,43.528301,5.44973,0.00012101388,7.028648e-07,0.0,3.891927e-05,278.5405,285.54474,294.89127,287.5873,0.0018558323,0.00154536,0.0012520736,0.0026837087,4.2833543,4.1705484,3.889686,3.8807075,282.08875,275.29337,6.7953796,289.62628,281.36343,8.262848,299.40625,290.16623,9.240021,291.5434,283.942,7.60141,9.96774193548387,4.419354838709677
Alcalá de Henares,40.482052,-3.35996,0.00020967034,6.2364825e-06,0.0,8.241335e-05,277.32727,284.38162,295.3316,286.44388,0.0018879282,0.0014751111,0.00062421913,0.0019352249,2.6554475,2.7271893,2.4691637,2.3762898,281.4177,273.61734,7.800354,289.63766,278.9233,10.714355,301.57245,288.45715,13.115295,291.5546,281.5368,10.017792,41.61290322580645,14.419354838709678
Alicante,38.345169,-0.48149,5.2488194e-05,7.4856166e-06,0.0,1.6804452e-05,282.9381,287.88943,296.55975,290.83194,0.0010479949,0.00094643293,0.0005154285,0.0015561726,3.7336888,3.4348588,3.0421376,3.1547303,286.28226,280.0142,6.2680664,291.48026,284.3813,7.0989685,300.2726,292.93314,7.3394775,294.25198,287.80475,6.447235,10.774193548387096,3.903225806451613
Almería,36.838139,-2.45974,0.000100275094,1.2732962e-05,0.0,5.6305664e-05,282.79117,287.29105,295.75272,290.14896,0.0011895506,0.0010206007,0.00034856112,0.0014288315,4.032262,4.067474,3.574453,3.6313267,285.47656,280.41083,5.065735,290.16144,284.339,5.8224487,298.87134,292.45334,6.4179993,292.9832,287.54788,5.4353027,2.129032258064516,1.4838709677419355
Amersfoort,52.154999,5.3875,0.0003024859,5.898937e-06,0.0,8.879105e-05,275.28424,281.79028,289.5581,283.64154,0.0018090548,0.0019332747,0.0023909525,0.002034179,4.5779033,4.1517906,3.8084972,4.1486964,277.2899,273.0454,4.2444763,285.32544,278.07645,7.248993,293.15244,285.68912,7.463318,286.52518,280.7657,5.759491,1.4193548387096775,0.935483870967742
Amiens,49.900002,2.3,0.00024177854,7.0270994e-06,0.0,6.838319e-05,275.97495,282.2663,289.64066,283.7858,0.0017468878,0.0018749257,0.0018676366,0.0019149146,4.289715,3.927684,3.564818,3.860757,278.30624,273.4558,4.8504333,286.1693,278.1795,7.989807,293.75107,285.28476,8.466309,287.15225,280.49475,6.657501,1.8064516129032255,1.0
Amsterdam,52.374031,4.88969,0.0002878491,4.6352225e-06,0.0,6.8985646e-05,275.9746,281.4066,289.19745,284.16956,0.0018250141,0.0017437928,0.002542752,0.0023629055,5.6961603,4.997022,4.628968,5.200035,277.64667,274.14676,3.4999084,284.05804,278.6264,5.4316406,291.84265,286.35263,5.4900208,286.37546,281.95477,4.420685,0.1290322580645161,0.1290322580645161
Angers,47.466671,-0.55,9.933551e-05,5.4007364e-07,0.0,2.9632052e-05,277.66525,283.72787,291.3146,285.26987,0.0018909285,0.0017698768,0.001433422,0.0019964052,3.982317,3.693874,3.3065715,3.4956064,280.42966,274.82202,5.6076355,287.8534,279.51614,8.33725,295.8053,286.66806,9.137238,289.0008,281.71747,7.283325,4.193548387096774,2.096774193548387
Antwerpen,51.219891,4.40346,0.0002549575,5.098654e-06,0.0,6.887904e-05,275.75186,282.3883,289.96164,283.90576,0.0017905576,0.0018861251,0.0021155744,0.0019150241,4.3310504,3.91983,3.6177382,3.932096,277.90237,273.36227,4.5401,286.1222,278.45422,7.6679688,293.79,285.89767,7.892334,287.01584,280.81467,6.201172,2.129032258064516,1.3225806451612905
Apeldoorn,52.209999,5.96944,0.0003280591,6.8321024e-06,0.0,0.000104196326,274.89505,281.68576,289.53876,283.40396,0.0018317703,0.0020319244,0.0024684896,0.0020108344,4.3866024,3.972976,3.627174,3.9761076,276.9766,272.5421,4.4344788,285.4549,277.72348,7.731415,293.38684,285.39847,7.988373,286.44614,280.35648,6.0896606,1.6774193548387095,1.0
Arezzo,43.461391,11.87691,0.0005648196,1.3739191e-05,0.0,0.00021241451,276.38907,283.8192,293.77975,286.04504,0.0028840394,0.0026233138,0.0017435235,0.0034799643,2.3583198,2.2645736,2.0186439,2.1417189,279.7473,273.22183,6.525482,288.47177,279.34512,9.126648,299.16464,288.52988,10.634766,290.48764,282.1059,8.381744,14.67741935483871,6.096774193548387
Arnhem,51.98,5.91111,0.0003247588,6.5090835e-06,0.0,0.000102489656,275.0049,281.88568,289.70953,283.48364,0.0018528935,0.0020104968,0.0023551227,0.00199344,4.2612443,3.8549562,3.524791,3.8618886,277.08463,272.64438,4.4402466,285.68274,277.88364,7.799103,293.59448,285.54245,8.052032,286.5481,280.4154,6.1326904,2.032258064516129,1.1612903225806452
Athens,37.97945,23.716221,8.271615e-05,0.0,0.0,1.6851096e-05,282.5749,288.2784,298.95444,291.5167,0.0016609873,0.000695567,0.0002682024,0.0018058559,3.4421263,2.967762,3.1069891,3.1531632,285.45157,279.8552,5.5963745,292.42975,284.39572,8.034027,303.53082,294.42133,9.109497,295.26715,288.24466,7.0224915,60.193548387096776,17.870967741935484
Augsburg,48.366669,10.88333,0.0008928904,7.4992095e-05,3.6852335e-09,0.00047664295,271.89072,281.3825,289.9276,281.92316,0.0021030684,0.0032248325,0.002797255,0.0019218108,3.1562161,2.9254847,2.5708299,2.6882336,274.54892,268.97928,5.569641,285.751,277.00403,8.746979,294.4208,285.47256,8.948242,285.73553,278.4224,7.313141,2.129032258064516,1.4193548387096775
Avignon,43.948341,4.80892,0.00012569802,6.553306e-07,0.0,4.8497834e-05,278.20712,285.66827,295.17206,287.3016,0.0018815366,0.0017443632,0.0015162639,0.0026961423,3.9666739,3.8649638,3.6725419,3.5676706,281.73184,275.0013,6.73053,290.16104,281.21927,8.941772,300.25983,290.07242,10.187408,291.56912,283.45514,8.113983,20.806451612903224,8.32258064516129
Barcelona,41.38879,2.15899,9.136543e-05,1.3183522e-06,0.0,3.2465945e-05,281.34888,286.09198,294.6237,289.50616,0.0016604079,0.0016942613,0.0017894635,0.0023772889,3.7666616,3.3291335,2.8736224,3.2581499,283.90155,279.0213,4.880249,288.70236,283.4909,5.2114563,297.14526,292.10907,5.036194,291.88235,287.28418,4.598175,0.1290322580645161,0.1290322580645161
Bari,41.117729,16.851179,8.530931e-05,1.9131168e-07,0.0,1.5933507e-05,282.56128,287.22546,296.8788,290.86224,0.0021905124,0.0011432619,0.0008797812,0.002484694,4.9671025,4.2093797,3.8066573,4.093187,284.57715,280.67078,3.906372,289.7858,284.7923,4.9934998,299.61954,294.17322,5.4463196,293.24878,288.7521,4.4966736,9.516129032258064,4.032258064516129
Basel,47.558399,7.57327,0.0009981581,0.00010456369,4.4863713e-09,0.0004759942,272.70828,281.6406,289.97763,282.25336,0.0028605706,0.0035693422,0.003277485,0.00267749,2.500463,2.3173788,2.0715792,2.1175034,275.57394,269.7031,5.8708496,286.00302,277.23224,8.770782,294.42566,285.44913,8.976532,286.08673,278.71887,7.367859,2.2580645161290325,1.4193548387096775
Bath,51.377949,-2.35907,0.00020315073,9.3499175e-06,0.0,5.2252122e-05,276.9808,281.56638,288.5482,283.45517,0.0017575051,0.0018853225,0.0018482426,0.0019038519,4.4315805,4.094509,3.78654,4.031994,279.3994,274.38986,5.009552,285.2351,277.7817,7.4533997,292.27585,284.61108,7.6647644,286.5571,280.3392,6.2178955,0.0967741935483871,0.0967741935483871
Belfast,54.583328,-5.93333,0.00024285015,1.5079334e-05,0.0,4.3949934e-05,278.43558,281.1108,286.7638,283.61728,0.0024961617,0.0022479526,0.0028053508,0.0028776117,6.2214327,5.2375546,4.5122538,5.6454186,279.9959,276.87704,3.118866,283.13962,279.05542,4.084198,288.80203,284.71082,4.091217,285.2923,281.9122,3.3800964,0.0,0.0
Belgrade,44.804008,20.46513,0.0007192963,3.4910377e-06,0.0,0.0002755602,273.62878,285.02658,295.2721,286.1657,0.0017061558,0.0022834397,0.0014685849,0.0017936153,2.9786596,2.9810374,2.549054,2.8957791,276.68027,270.5264,6.1538696,289.62384,280.52698,9.096863,300.25238,290.2064,10.04599,290.7846,282.1335,8.651093,28.0,7.161290322580645
Bergamo,45.697979,9.66895,0.0008108326,0.0001236931,1.8102508e-06,0.0003986195,272.93378,282.95712,292.3412,284.07782,0.0022607073,0.0044993875,0.003856241,0.0034858417,1.6081945,1.6752392,1.514472,1.5080405,276.7679,269.56174,7.2061768,287.4003,278.2283,9.171997,296.83444,287.4212,9.413239,288.0768,280.28836,7.788452,1.8064516129032255,1.2903225806451613
Bergen,60.39299,5.32415,0.0023605954,0.00042646498,7.309741e-06,0.0012880118,271.26978,276.70236,285.51892,279.67905,0.005628692,0.004570297,0.0067304987,0.007976921,4.4279556,3.6464453,3.4539666,4.2599764,273.0436,269.48438,3.5592346,279.04092,274.11975,4.921173,287.75507,282.97015,4.784912,281.56793,277.7316,3.8363342,0.0,0.0
Berlin,52.524368,13.41053,0.00056279177,3.5103716e-05,0.0,0.00023141257,272.48053,281.2078,290.6469,282.53415,0.0014726098,0.0019394531,0.0019285909,0.0015017404,3.8256793,3.5858073,3.1943803,3.5086467,274.6067,270.02838,4.578308,285.0475,277.20874,7.838745,294.72693,286.25882,8.468109,285.7978,279.40067,6.3971252,2.548387096774193,1.3870967741935485
Bern,46.94809,7.44744,0.002104351,0.00062492874,7.336787e-05,0.001330408,270.1301,278.82864,287.53693,280.05673,0.0034164106,0.0042593894,0.004291304,0.0032007168,2.0348914,1.8667085,1.702971,1.7518938,273.26797,266.96112,6.3068542,283.1019,274.3993,8.702606,292.01465,282.8128,9.201843,284.07187,276.27927,7.7926025,0.2258064516129032,0.1612903225806451
Besançon,47.248779,6.01815,0.0007700686,6.0880768e-05,1.1393959e-08,0.00039295998,274.78854,282.86993,290.90244,283.63788,0.0033201415,0.0032061653,0.002857712,0.003186316,3.347183,2.9794497,2.6100025,2.8311853,277.439,272.03284,5.4061584,287.03247,278.63904,8.393433,295.31964,286.35245,8.967194,287.30768,280.1939,7.1137695,4.0,2.129032258064516
Bielefeld,52.033329,8.53333,0.00055106083,1.8532559e-05,0.0,0.00022450798,273.7503,281.39545,289.6602,282.78137,0.0021103013,0.002241104,0.002402015,0.0021525887,4.0568986,3.596264,3.288996,3.6711767,275.82977,271.3324,4.4973755,285.27472,277.26306,8.011658,293.7873,285.23013,8.557159,286.0016,279.5567,6.4448853,2.290322580645161,1.4516129032258065
Bilbao,43.262711,-2.92528,0.00028393688,7.0579163e-06,0.0,6.7152e-05,280.32098,284.21683,290.6243,287.04913,0.0032847738,0.0026800665,0.001986213,0.0038090916,4.197327,3.5665424,2.8664565,3.4950707,282.65817,278.1035,4.5546875,287.02408,281.46457,5.5595093,293.52496,287.85483,5.6701355,289.82852,284.5664,5.2621155,0.2580645161290322,0.1612903225806451
Birmingham,52.481419,-1.89983,0.00031272977,8.612336e-06,0.0,6.963275e-05,276.41095,281.22714,288.34305,283.01617,0.0016256976,0.0018965601,0.0018955866,0.0017066207,4.4744625,4.141106,3.825259,4.1303835,278.82516,273.90097,4.9241943,285.0043,277.36615,7.638153,292.22543,284.27017,7.955261,286.16928,279.88046,6.2888184,0.0967741935483871,0.0967741935483871
Blackpool,53.816669,-3.05,0.00029334635,1.4578944e-05,0.0,5.212378e-05,277.83112,280.98727,287.4935,283.9671,0.0028838194,0.002449221,0.003595188,0.0039063655,6.640337,5.487285,5.054192,6.1849413,279.2657,276.3885,2.8771973,282.80536,279.0788,3.7265625,289.09085,285.7656,3.3252563,285.47137,282.44418,3.0271912,0.0,0.0
Bochum,51.481651,7.21648,0.0005431235,2.029093e-05,0.0,0.00021044584,274.24176,281.75955,289.71216,283.02863,0.0023613682,0.0024062034,0.0026679751,0.0024389531,4.18178,3.6623175,3.3329833,3.7712352,276.30838,271.8709,4.4374695,285.56488,277.72015,7.8447266,293.6946,285.48068,8.213928,286.1657,279.91397,6.2517395,2.290322580645161,1.3548387096774193
Bologna,44.493809,11.33875,0.0006447255,1.1729509e-05,0.0,0.00023129593,276.19223,285.32068,295.47845,287.10907,0.0022752918,0.0027193527,0.0018739734,0.0028147886,2.0361965,2.2362604,1.9989424,2.0079086,279.59808,273.07626,6.52182,290.00415,280.82684,9.177307,300.6801,290.38852,10.291595,291.5397,283.23077,8.308929,26.83870967741936,8.903225806451612
Bonn,50.734379,7.09548,0.0005573733,2.1697373e-05,0.0,0.00023149226,274.0315,281.6309,289.55884,282.76038,0.0022597979,0.0023148041,0.0024459355,0.0023493313,3.8782365,3.426601,3.0659432,3.463065,276.143,271.66064,4.482361,285.48538,277.53583,7.9495544,293.59177,285.29144,8.3003235,285.9454,279.63315,6.312256,1.870967741935484,1.0
Bordeaux,44.840439,-0.5805,3.6811478e-05,1.5237639e-07,0.0,1.0220434e-05,279.24686,285.42365,292.87357,287.07065,0.0021712747,0.0020873272,0.0017861422,0.0022987942,3.3314655,3.1341999,2.7359939,2.8741484,282.21957,276.4492,5.7703857,289.6068,281.3776,8.229218,297.33002,288.4453,8.884705,290.939,283.6276,7.3114014,10.290322580645162,3.3870967741935485
Bournemouth,50.720482,-1.8795,0.00014669879,4.6713803e-06,0.0,3.080727e-05,278.5569,281.93164,288.65192,284.91757,0.0019589514,0.0015945417,0.001714416,0.0023991978,5.9771657,5.07595,4.641245,5.3969355,280.23483,276.73813,3.496704,284.2343,279.50345,4.7308655,290.99075,286.16016,4.830597,286.8763,282.8729,4.003418,0.0,0.0
Bradford,53.793911,-1.75206,0.0006257326,3.9109476e-05,0.0,0.00014504965,275.58832,280.15182,287.10828,282.14618,0.0021384032,0.002196165,0.0024396493,0.0022511156,4.6453934,4.2795844,3.9958994,4.3207774,277.86102,273.2448,4.616211,283.68655,276.55023,7.136322,290.60486,283.4378,7.167053,285.00012,279.31146,5.6886597,0.0,0.0
Braga,41.55032,-8.42005,8.526124e-05,3.7007756e-06,0.0,1.8630777e-05,280.2354,284.9206,291.96994,287.03918,0.0067641246,0.0034911055,0.0014712823,0.005668926,3.0367877,2.9821444,2.730909,2.7018986,283.72958,277.1267,6.6028748,288.93295,280.95764,7.9753113,296.6689,287.2315,9.437408,291.15372,283.40787,7.7458496,5.096774193548387,2.5806451612903225
Bratislava,48.148159,17.106741,0.00061753986,1.6436461e-05,0.0,0.00025552895,272.20355,283.04678,292.81448,283.9265,0.0013519948,0.0020766738,0.0017061016,0.0015107624,3.5590081,3.52756,3.2069538,3.2716029,274.75635,269.3102,5.4461365,287.32993,278.6022,8.727722,297.4819,287.92706,9.55484,287.93655,280.141,7.7955627,9.483870967741936,4.0
Braunschweig,52.265942,10.52673,0.0006469507,3.2337764e-05,0.0,0.0002810488,272.9323,281.04413,289.7831,282.43262,0.0018137131,0.002187419,0.002171144,0.001811563,3.894481,3.5402997,3.210984,3.5378747,275.00687,270.5469,4.459961,284.86218,277.00845,7.8537292,293.88098,285.41245,8.468536,285.65274,279.27084,6.381897,1.935483870967742,1.1612903225806452
Braşov,45.648609,25.606131,0.001153578,0.00017536359,1.7198824e-06,0.00054077053,268.99283,279.35138,289.56247,280.63278,0.0015537578,0.0034740355,0.0025543782,0.0015403763,2.130683,2.2295203,1.9345741,2.0101905,272.66345,265.4241,7.2393494,283.86032,274.98102,8.879303,294.3087,284.84216,9.466522,285.45776,276.62186,8.835907,0.5161290322580645,0.3225806451612903
Breda,51.586559,4.77596,0.00027334178,4.8971947e-06,0.0,7.701176e-05,275.5458,282.13873,289.7748,283.76907,0.0018125623,0.0019110659,0.0022289471,0.0019743878,4.37613,3.9751124,3.6611784,3.9688714,277.6651,273.1904,4.474701,285.82898,278.2292,7.5997925,293.54297,285.7233,7.8196716,286.8221,280.7187,6.103424,1.7096774193548387,1.096774193548387
Bremen,53.075161,8.80777,0.00046035665,1.812606e-05,0.0,0.00016015064,273.90125,281.20807,289.60135,282.92834,0.0018287032,0.0021415185,0.0024543821,0.0019521117,4.0400486,3.7094767,3.3757255,3.69378,275.8788,271.62415,4.254669,284.92184,277.34512,7.576721,293.49783,285.486,8.011841,285.90182,279.95685,5.944977,1.4193548387096775,0.9032258064516128
Brescia,45.52478,10.22727,0.00058129296,6.910777e-05,9.3259547e-07,0.00024023734,274.30276,283.85205,293.41913,285.34186,0.002104062,0.003730383,0.0031295123,0.003110677,1.5321138,1.6479197,1.4720837,1.4931666,277.7279,271.1743,6.5536194,288.3262,279.10245,9.223755,297.76065,288.76804,8.992615,288.98483,281.91174,7.0730896,4.483870967741935,2.903225806451613
Brest,48.400002,-4.48333,4.5710993e-05,1.623639e-08,0.0,3.977916e-06,281.3603,283.4342,288.67746,286.41238,0.0029288426,0.0017823532,0.0017657928,0.003453642,7.289169,6.016941,5.095874,6.052996,282.4577,280.1931,2.2645874,284.53055,282.25485,2.2756958,289.7379,287.5519,2.1860046,287.46786,285.3211,2.146759,0.0,0.0
Brighton,50.828381,-0.13947,0.00018451338,7.197421e-06,0.0,4.2417036e-05,278.2539,281.74057,288.56754,284.93408,0.0018831228,0.0014997779,0.0016780567,0.0024712752,6.4424562,5.424382,4.9827733,5.8270206,279.82446,276.53976,3.2846985,283.85547,279.46677,4.3887024,290.72562,286.25037,4.4752502,286.79306,282.96725,3.8258057,0.0,0.0
Bristol,51.455231,-2.59665,0.00020886792,9.486752e-06,0.0,5.370464e-05,277.0862,281.61816,288.58664,283.54077,0.0018262871,0.0018893639,0.0019095824,0.00199197,4.4702134,4.11432,3.839974,4.079363,279.4735,274.52472,4.9487915,285.2023,277.92026,7.2820435,292.17462,284.7982,7.3764343,286.55182,280.51086,6.0409546,0.064516129032258,0.064516129032258
Brno,49.195221,16.60796,0.0006893761,2.7477741e-05,4.6465987e-09,0.0003094109,271.22012,281.46606,291.01755,282.3742,0.0012794817,0.00231164,0.002049287,0.0013741633,3.3868332,3.3573532,2.9016054,3.1099942,273.67728,268.43228,5.244995,285.65836,277.1025,8.555847,295.57217,286.177,9.395172,286.18817,278.71036,7.4778137,3.225806451612903,1.6129032258064515
Brugge,51.20892,3.22424,0.00021310007,3.9690854e-06,0.0,5.2715e-05,276.70554,281.95828,289.46246,284.57773,0.0017818841,0.001698323,0.0021640249,0.002249418,5.6648774,4.9383826,4.6227837,5.165224,278.45828,274.79742,3.6608582,284.62378,279.16077,5.4630127,292.15375,286.6311,5.522644,286.88214,282.2919,4.5902405,0.1612903225806451,0.1612903225806451
Brussels,50.850449,4.34878,0.00028694302,7.704702e-06,0.0,8.13339e-05,275.56082,282.31302,289.8318,283.70593,0.0018560585,0.0019623681,0.0020862075,0.001952545,4.324532,3.8635178,3.543173,3.9200437,277.73605,273.14874,4.587311,286.12497,278.26907,7.855896,293.75897,285.63263,8.126343,286.89667,280.53583,6.36084,2.096774193548387,1.2580645161290325
Bucharest,44.432251,26.10626,0.0006891465,1.0766329e-05,0.0,0.00025359134,272.3526,284.25296,295.57016,285.58868,0.0014293963,0.0023987747,0.0014308704,0.0014434938,2.9753654,2.9456701,2.4388068,2.7524607,275.59964,269.21042,6.389221,288.89206,279.6894,9.202667,300.5515,290.51053,10.040985,290.3122,281.37283,8.939362,26.225806451612904,8.580645161290322
Budapest,47.498009,19.039909,0.00058144826,8.613548e-06,0.0,0.00023449336,272.10938,283.3195,293.38748,284.12592,0.0013528082,0.0020543877,0.0014603614,0.0016182384,2.9288864,3.05224,2.8055124,2.8056257,274.91544,269.04105,5.8743896,287.76065,278.7103,9.050354,298.23853,288.23395,10.004578,288.5147,280.07687,8.437836,12.129032258064516,4.32258064516129
Burgos,42.349998,-3.7,0.0005590528,5.8704165e-05,1.9227304e-09,0.00028391246,275.74295,281.49835,290.03046,283.86493,0.0021966882,0.0021309308,0.0010575659,0.0020725727,3.600141,3.3917053,2.9035778,3.0855653,279.0359,272.68137,6.3545227,286.14667,277.03595,9.110718,295.8854,284.56628,11.319122,288.54996,279.75287,8.797089,4.870967741935484,2.548387096774193
Bydgoszcz,53.123501,18.00762,0.0006758641,4.6965044e-05,0.0,0.00030362606,270.71887,279.91772,290.2844,281.59094,0.0012872723,0.001854518,0.0021309424,0.0014114081,4.100685,3.8332467,3.4105685,3.8095677,272.92227,268.17694,4.745331,283.7718,275.7276,8.044189,294.43304,285.5896,8.843445,284.84778,278.39304,6.4547424,1.3870967741935485,1.032258064516129
Cagliari,39.207378,9.13462,7.060907e-06,0.0,0.0,3.6570334e-06,282.99237,287.42276,296.86053,291.11154,0.0017025343,0.0009369927,0.00043272032,0.0019405717,3.977097,3.611129,3.2139995,3.301135,285.95764,280.4087,5.54895,291.28555,283.7494,7.5361633,301.49396,292.24075,9.253204,294.77142,287.89944,6.8719788,29.580645161290324,11.161290322580646
Cambridge,52.200001,0.11667,0.00025046428,6.872693e-06,0.0,4.652559e-05,276.6275,281.57452,289.0139,283.59357,0.0014651393,0.0016968626,0.0017714534,0.001518846,4.686744,4.307849,4.0118117,4.3236175,279.02856,274.1031,4.925476,285.3454,277.71567,7.62973,292.98712,284.86856,8.118561,286.86526,280.36746,6.4978027,0.2903225806451613,0.2580645161290322
Cardiff,51.48,-3.18,0.00022753977,1.179061e-05,0.0,5.9069484e-05,277.36197,281.47995,288.32184,283.7136,0.0021875384,0.0020487804,0.0022921236,0.0025097127,4.937833,4.3875833,4.1396394,4.513647,279.45972,275.12372,4.3359985,284.55698,278.2933,6.263672,291.31506,285.15204,6.163025,286.25238,281.14838,5.104004,0.0,0.0
Cartagena,37.605122,-0.98623,3.6741242e-06,6.836375e-08,0.0,1.1645337e-06,284.87033,288.8714,296.72122,292.27582,0.00083277986,0.00062100095,0.00030802825,0.0013581212,4.5158086,4.2851343,3.8590505,3.989965,287.22467,282.62033,4.6043396,291.2095,286.3948,4.8146973,299.05682,294.2817,4.775116,294.49625,290.09808,4.398163,1.3548387096774193,0.8387096774193549
Catania,37.502129,15.08719,6.158292e-05,4.4329622e-07,0.0,1.1074073e-05,283.0521,287.2832,297.1476,291.4559,0.0022171484,0.00093646714,0.0007461493,0.0029619467,3.3847928,2.865701,2.5069091,2.7082047,285.84048,280.70532,5.1351624,290.36826,284.26697,6.101288,300.46005,293.75443,6.7056274,294.3789,288.8696,5.509308,15.580645161290322,5.903225806451613
Chemnitz,50.833328,12.91667,0.0010574021,9.144907e-05,1.05750175e-07,0.00050105905,271.30267,280.22537,289.33154,281.45718,0.002038566,0.0026046287,0.0024532785,0.0019018753,3.7173626,3.3363795,2.9642215,3.3291311,273.50195,268.82123,4.680725,284.06647,276.22073,7.8457336,293.4932,284.92737,8.565826,284.90497,278.241,6.663971,1.3225806451612905,0.8387096774193549
Chişinău,47.005562,28.8575,0.0007143892,3.2057473e-05,0.0,0.00027652923,270.55243,282.11224,293.95862,283.19055,0.0012094667,0.0018585532,0.0014439996,0.0011699952,3.2793162,3.2079017,2.865341,2.9902647,273.36807,267.5898,5.7782593,286.53766,277.6845,8.853149,298.72583,288.94196,9.7838745,287.45306,279.20615,8.246918,12.225806451612904,4.741935483870968
Clermont-Ferrand,45.779659,3.08628,0.0006791189,6.0646766e-05,1.2818203e-09,0.0003573997,274.361,281.5063,289.55557,282.8114,0.0023346017,0.0027268128,0.0024855419,0.002366859,3.0615582,2.8987613,2.4222322,2.6622703,277.42816,271.26172,6.166443,285.82385,277.1574,8.666443,294.20364,284.73593,9.467712,286.83948,279.0605,7.7789917,2.161290322580645,1.4193548387096775
Cluj-Napoca,46.76667,23.6,0.0008686708,6.5775115e-05,2.7067776e-07,0.00034346568,269.5653,280.9836,290.92755,281.82254,0.0015006227,0.0031926623,0.0023437606,0.0015343133,2.1405528,2.347284,2.0379205,2.0965672,272.87592,266.13733,6.7385864,285.67795,276.22055,9.457397,295.77832,285.7945,9.983826,286.69305,277.56577,9.127289,2.3870967741935485,1.3548387096774193
Coimbra,40.205639,-8.41955,1.6885846e-05,8.545469e-10,0.0,2.5456952e-06,281.5146,286.23114,293.20093,288.46698,0.004850933,0.0023263867,0.0007920795,0.003996233,3.3626606,3.2519364,3.13471,2.9705923,285.23038,278.19656,7.0338135,290.6559,282.08313,8.572784,298.8554,287.92902,10.926392,293.14288,284.4913,8.651581,17.612903225806452,5.612903225806452
Como,45.809978,9.08744,0.0010394391,0.00019646043,8.442709e-06,0.0006055821,272.44962,281.75946,291.07224,283.12137,0.0023802044,0.0049054106,0.004237867,0.0038279532,1.5763886,1.5645967,1.4555676,1.4210684,275.93652,269.2346,6.701935,286.0489,277.16376,8.885132,295.46573,286.21216,9.253571,286.83762,279.50345,7.3341675,0.5161290322580645,0.3548387096774194
Constanţa,44.183331,28.65,0.00046619165,4.4661824e-06,0.0,0.00017181857,275.39713,283.19965,295.16602,287.01477,0.0014161128,0.0014244285,0.00087015604,0.0015273447,5.306278,4.4639206,3.9393415,4.6571813,277.59302,273.19446,4.3985596,285.81116,280.64215,5.1690063,298.03223,292.26312,5.769104,289.60196,284.60797,4.993988,1.7096774193548387,1.096774193548387
Copenhagen,55.675941,12.56553,0.00071478373,5.537672e-05,0.0,0.00027278307,272.83,278.72842,289.07953,281.99985,0.001500561,0.0015993279,0.002264697,0.0017984894,5.5198836,4.94466,4.5655427,5.1469903,274.4555,271.0244,3.4310913,281.3595,275.9395,5.419983,291.77615,286.04523,5.7309265,284.0245,279.94397,4.080536,0.0,0.0
Cork,51.897968,-8.47061,6.7705325e-05,2.627518e-06,0.0,1.7188142e-05,279.4045,282.09164,287.75177,284.26053,0.00262411,0.0020498673,0.0022579248,0.0027926634,5.7216635,4.978294,4.4439106,5.179685,281.11853,277.5918,3.5267334,284.20963,279.8596,4.3500366,289.9822,285.41815,4.5640564,286.08063,282.39047,3.690155,0.0,0.0
Coventry,52.406559,-1.51217,0.000302955,9.379507e-06,0.0,6.7436995e-05,276.3767,281.20966,288.39706,283.05258,0.0015872507,0.0018624824,0.0018402701,0.0016599324,4.657975,4.285264,3.9693403,4.292868,278.7642,273.8877,4.8764954,284.9695,277.37317,7.596344,292.28568,284.32837,7.957306,286.208,279.9184,6.289612,0.1290322580645161,0.0967741935483871
Córdoba,37.883331,-4.76667,1.5494645e-05,1.0258835e-06,0.0,7.718268e-06,281.33533,288.0839,298.8387,290.53284,0.002334634,0.0011281061,0.00031791025,0.0021566397,2.6431792,2.6473138,2.4106917,2.3208463,285.74884,277.23373,8.515106,293.28635,282.67908,10.607269,305.20905,291.93954,13.269501,295.75287,285.49026,10.262604,85.16129032258064,38.80645161290322
Debrecen,47.533329,21.633329,0.0005265489,1.1463533e-05,0.0,0.00018803813,272.36237,283.97812,294.29758,284.74744,0.0014090564,0.0021690065,0.0015310028,0.001567726,2.906495,2.995824,2.5989814,2.6936924,275.23645,269.31534,5.921112,288.5741,279.35663,9.217468,299.2602,289.12784,10.132355,289.36053,280.58038,8.780151,18.774193548387096,5.516129032258065
Derby,52.922771,-1.47663,0.00041632645,1.626865e-05,0.0,8.868274e-05,276.10883,280.87592,288.01273,282.75604,0.0017273964,0.001960974,0.0020114768,0.0017577123,4.7384315,4.3567376,4.0463037,4.3774757,278.45123,273.70477,4.74646,284.57812,277.1403,7.4378357,291.80777,284.06915,7.738617,285.82382,279.7397,6.084137,0.064516129032258,0.064516129032258
Dijon,47.316669,5.01667,0.0003975269,1.58433e-05,0.0,0.00018440587,275.1614,282.968,291.02362,283.7595,0.002434757,0.002544033,0.0024177593,0.0024762496,3.5995297,3.3164315,2.8443816,3.1057305,277.61227,272.54706,5.065216,287.11343,278.71066,8.402771,295.50272,286.42975,9.072968,287.38446,280.31375,7.070709,4.258064516129032,2.3548387096774195
Donostia / San Sebastián,43.312832,-1.97499,0.00023693958,7.810131e-06,0.0,6.9997426e-05,280.76053,284.6155,291.08282,287.60907,0.0035682365,0.0027922883,0.0023706174,0.004368242,4.8726087,4.0739255,3.3447971,4.076105,282.55054,278.99722,3.5533142,286.79086,282.44077,4.3500977,293.334,288.8858,4.4482117,289.6663,285.67957,3.9867249,0.1290322580645161,0.1290322580645161
Dortmund,51.514938,7.466,0.0006188341,2.7763943e-05,6.266677e-09,0.00025380243,273.9745,281.5365,289.51648,282.81583,0.0023948846,0.0024723443,0.0027083757,0.0024439848,4.1829543,3.649128,3.3194623,3.770239,276.0411,271.60147,4.439636,285.3203,277.49744,7.822876,293.49017,285.27304,8.217133,285.95282,279.69406,6.2587585,2.193548387096774,1.2903225806451613
Dresden,51.050892,13.73832,0.0008740402,6.06645e-05,4.272734e-09,0.0003788999,271.4589,280.56253,289.8679,281.7715,0.0018177348,0.0024268832,0.0023442153,0.0017264608,3.639929,3.3106704,2.9156866,3.2590325,273.6994,268.90604,4.7933655,284.4619,276.48892,7.972992,294.06503,285.37466,8.690369,285.25375,278.50485,6.7489014,1.6774193548387095,1.0
Dublin,53.333061,-6.24889,0.00019055005,1.2276634e-05,0.0,5.7319376e-05,278.3073,281.5307,287.6107,283.65573,0.002151409,0.002032256,0.002374837,0.0023948087,5.5493736,4.745994,4.1934385,5.0179067,280.1847,276.42453,3.7601624,284.0937,278.96048,5.133209,290.24503,284.95065,5.2943726,285.8156,281.52774,4.2878723,0.0,0.0
Duisburg,51.432468,6.76516,0.00039612947,9.266279e-06,0.0,0.00013392352,274.83423,282.22247,290.13943,283.49716,0.0021289182,0.0021323534,0.0023520035,0.0022333327,4.029012,3.5685763,3.2509305,3.641465,276.91708,272.46942,4.4476624,286.07306,278.16937,7.9036865,294.13052,285.93744,8.193085,286.65277,280.3843,6.268463,2.806451612903226,1.5161290322580645
Düsseldorf,51.221722,6.77616,0.00040229785,9.42081e-06,0.0,0.00013604615,274.84973,282.25266,290.16034,283.5086,0.0021647336,0.0021488196,0.0023572848,0.0022761426,4.0316415,3.5596642,3.2408986,3.6410007,276.96527,272.4577,4.5075684,286.1177,278.17654,7.941162,294.16306,285.94995,8.213104,286.6904,280.37613,6.31427,2.6451612903225805,1.4516129032258065
Eastbourne,50.768711,0.28453,0.00018272719,5.872731e-06,0.0,3.9568655e-05,278.64496,281.71158,288.40387,285.3592,0.001979927,0.0014464448,0.001682327,0.0027671629,7.1620564,5.9191566,5.4458404,6.4686,280.01428,277.16696,2.8473206,283.3355,279.94144,3.3940735,290.0219,286.6674,3.3545227,286.83258,283.77603,3.056549,0.0,0.0
Edinburgh,55.952061,-3.19648,0.0005446525,4.8210968e-05,0.0,0.00012966467,275.96655,279.9855,286.50888,282.03787,0.0019859935,0.0021111984,0.0026136145,0.0022638775,4.800474,4.385824,3.9601116,4.4973807,277.98944,273.8803,4.109131,282.9186,277.03348,5.885132,289.43063,283.5,5.9306335,284.4239,279.64755,4.7763367,0.0,0.0
Eindhoven,51.44083,5.47778,0.0003054206,5.008926e-06,0.0,9.29121e-05,275.3173,282.3224,290.03888,283.67514,0.0018903774,0.0019734283,0.0021918172,0.0019671258,4.086208,3.6593199,3.3623202,3.701522,277.43814,272.92496,4.5131836,286.18622,278.21463,7.971588,294.01108,285.78137,8.229706,286.8435,280.48734,6.3561707,2.4516129032258065,1.3548387096774193
Elche,38.26218,-0.70107,3.2154036e-05,4.626517e-06,0.0,1.1450358e-05,282.62582,288.29953,297.05673,290.73157,0.00086217286,0.00084988674,0.00042019095,0.0012711134,3.3763943,3.1475701,2.81581,2.8071249,286.85724,278.9462,7.9110413,292.9698,283.7967,9.173096,301.83426,292.40073,9.433533,295.08456,286.88147,8.2030945,31.967741935483872,8.96774193548387
Erfurt,50.978699,11.03283,0.0007272032,4.444555e-05,5.696979e-10,0.0003677551,271.82114,280.43735,289.30368,281.58228,0.0016268624,0.0022933292,0.0020515209,0.0016400418,3.630371,3.2652693,2.9372191,3.2526884,274.07248,269.21652,4.855957,284.40244,276.1544,8.248047,293.5775,284.69943,8.878082,285.12225,278.08783,7.034424,1.5161290322580645,0.8387096774193549
Espoo,60.2052,24.652201,0.0013702371,0.00017380907,5.986101e-07,0.000839826,267.75772,274.90884,288.14172,279.07513,0.0015298269,0.0014888761,0.0025005802,0.002116923,4.9767675,4.221172,4.020544,4.937455,269.7189,265.6305,4.0884094,277.58472,271.86594,5.7187805,290.69583,285.18344,5.51239,280.84012,277.16714,3.6729736,0.0,0.0
Essen,51.45657,7.01228,0.000460617,1.4019981e-05,0.0,0.00016778173,274.55115,282.0016,289.94052,283.284,0.002253447,0.0022796474,0.0025371565,0.0023505439,4.1303253,3.6379418,3.3129466,3.7316597,276.61774,272.1824,4.4353333,285.82776,277.96622,7.8615417,293.92596,285.73453,8.191437,286.41684,280.18173,6.2351074,2.5806451612903225,1.3870967741935485
Ferrara,44.826778,11.62071,0.00030010697,6.894591e-07,0.0,7.409466e-05,276.58124,286.09933,296.20898,287.7252,0.001945732,0.002605089,0.0019894838,0.002597825,2.2680745,2.3546603,2.0840247,2.2019475,280.24072,273.3488,6.8919373,290.86816,281.51703,9.351135,301.30557,291.17603,10.129547,292.23758,283.78528,8.452301,31.548387096774192,10.612903225806452
Firenze,43.76667,11.25,0.00044657994,6.0712705e-06,0.0,0.00016609344,276.70706,284.2239,294.09607,286.4068,0.0029164169,0.0024452119,0.0015930781,0.0034963193,2.2733443,2.1887677,1.9699119,2.0838873,280.18494,273.44977,6.7351685,288.87888,279.65875,9.220123,299.41412,288.80408,10.610046,290.8602,282.3787,8.481506,17.129032258064516,7.225806451612903
Frankfurt am Main,50.11552,8.68417,0.0004723782,1.1179396e-05,0.0,0.00022322244,273.50873,282.0176,290.43503,282.7106,0.0018391962,0.0020410924,0.001997962,0.0019203752,3.2816482,3.0611234,2.754557,2.9317403,275.68134,271.03857,4.642761,286.06036,277.71176,8.348602,294.78815,285.82974,8.958405,286.1417,279.30884,6.832855,4.064516129032258,2.225806451612903
Freiburg,47.995899,7.85222,0.0010552874,0.00010431967,1.2818203e-08,0.0005168259,272.8994,281.7097,290.038,282.3737,0.0029471586,0.003324582,0.002892826,0.002753239,2.6892424,2.4687097,2.2094445,2.307746,275.60767,270.07535,5.532318,285.94595,277.39108,8.554871,294.4014,285.56277,8.838623,286.11697,278.8924,7.224579,2.4838709677419355,1.5806451612903225
Gdańsk,54.352051,18.64637,0.0008151704,5.6170808e-05,0.0,0.00031724956,271.36884,278.47128,289.27753,281.7893,0.001427721,0.0018370965,0.002411167,0.0016881606,5.440338,4.7737126,4.317118,5.0318522,273.10815,269.4484,3.6597595,281.24017,275.48633,5.753845,292.22964,285.9949,6.234741,284.121,279.4983,4.622711,0.1612903225806451,0.0967741935483871
Gdynia,54.51889,18.531879,0.00084096496,6.1161634e-05,0.0,0.00032082395,271.44507,278.30612,289.12173,281.76993,0.0014432044,0.0018476215,0.0024535386,0.0016861225,5.6027646,4.899643,4.4354806,5.1708674,273.168,269.5489,3.61911,281.00922,275.41058,5.598633,292.00598,285.9448,6.0611877,284.04324,279.5397,4.50354,0.1290322580645161,0.0967741935483871
Gelsenkirchen,51.5075,7.12283,0.0005030897,1.7419938e-05,0.0,0.00019014224,274.3988,281.87833,289.82516,283.15784,0.002296347,0.0023391692,0.002597732,0.0023813369,4.1494937,3.644831,3.3186688,3.746127,276.4587,272.03925,4.419464,285.68494,277.85052,7.8344116,293.79776,285.61655,8.181213,286.28543,280.0577,6.227722,2.3548387096774195,1.3870967741935485
Gent,51.049999,3.71667,0.00024178607,6.5241807e-06,0.0,6.5554e-05,275.92474,282.37637,289.844,283.92844,0.0017405626,0.0018777972,0.0020549572,0.0019042551,4.32095,3.921472,3.6208313,3.9268231,278.10797,273.5158,4.592163,286.10593,278.4553,7.650635,293.67435,285.785,7.8893433,287.06375,280.82877,6.2349854,1.7419354838709675,1.064516129032258
Gijón,43.535728,-5.66152,0.00036693495,4.580222e-05,2.4354586e-08,0.00015103197,280.6977,284.0011,290.0089,286.76718,0.0037317737,0.0030781054,0.0022878186,0.0041516228,4.117277,3.5429063,3.1681585,3.4956715,283.1547,278.4017,4.7529907,286.5922,281.39026,5.201935,292.39413,287.58194,4.812195,289.32452,284.3828,4.9417114,0.0,0.0
Glasgow,55.86515,-4.25763,0.00067698956,5.1806477e-05,0.0,0.00022905895,275.43048,279.71655,286.10974,281.52356,0.0029802748,0.0028211798,0.0034471361,0.003631096,4.092051,3.908802,3.5464435,3.9223068,277.58548,273.21854,4.3669434,282.8517,276.4589,6.3928223,289.08112,282.90414,6.1769714,283.95883,279.0344,4.9244385,0.0,0.0
Granada,37.188171,-3.60667,0.00019463529,1.8416233e-05,0.0,8.994629e-05,279.49673,285.11356,295.07236,287.8075,0.002373641,0.0013879051,0.0004118168,0.0022399079,2.6096056,2.5177305,2.1026645,2.2296562,283.24106,275.99487,7.2461853,289.19238,280.67896,8.513428,299.80527,289.72073,10.084534,292.0612,283.62402,8.437164,11.64516129032258,5.161290322580645
Graz,47.066669,15.45,0.001103277,0.0001723151,1.571031e-06,0.0007916122,269.6705,280.02936,289.22604,280.77145,0.001588474,0.0033122597,0.0030872782,0.0020432465,1.8267229,2.034387,1.7611982,1.6777092,273.15262,266.15305,6.9995728,284.5522,275.44403,9.108154,293.86694,284.36362,9.503326,285.00098,276.8841,8.116882,0.4838709677419355,0.3548387096774194
Grenoble,45.166672,5.71667,0.0019340629,0.00033369372,5.6359504e-06,0.0012131628,270.77844,279.35376,288.5787,280.94852,0.0035291298,0.0037515317,0.0030756218,0.0036720308,1.6925668,1.7778871,1.7403879,1.6211228,274.33264,267.15054,7.1820984,283.75168,274.53455,9.217133,293.2616,283.26224,9.999359,285.2948,276.54327,8.751526,0.3548387096774194,0.2903225806451613
Groningen,53.21917,6.56667,0.00036980773,1.2359312e-05,0.0,0.00010623342,274.9974,280.8094,288.9353,283.53992,0.0018459784,0.0019472474,0.0027843136,0.0022836493,5.504816,4.8892374,4.4936724,5.0298505,276.75537,273.04434,3.711029,283.70517,277.77417,5.9309998,291.86472,285.78302,6.0816956,285.95242,281.11728,4.835144,0.0967741935483871,0.064516129032258
Göteborg,57.707161,11.96679,0.00084899797,7.333522e-05,6.836375e-09,0.00039457507,271.63773,278.4993,288.7677,281.5393,0.0016428765,0.0019398306,0.0031145546,0.0024989662,4.503005,3.997745,3.8391936,4.4689775,273.61005,269.47656,4.133484,281.5225,275.40036,6.1221313,291.56808,285.78635,5.7817383,283.58273,279.47568,4.1070557,0.032258064516129,0.032258064516129
Haarlem,52.38084,4.63683,0.0002809066,3.974604e-06,0.0,6.0998624e-05,276.34045,281.25894,289.04147,284.4614,0.001855226,0.00165498,0.0025689949,0.0025373672,6.269177,5.395185,5.0135455,5.745851,277.84573,274.7053,3.140442,283.48035,278.9185,4.561859,291.2278,286.69113,4.536682,286.34357,282.5623,3.7812805,0.0,0.0
Hagen,51.360809,7.47168,0.0006974957,3.3759516e-05,4.700008e-09,0.00030187552,273.78354,281.41022,289.36884,282.64163,0.0025704822,0.0025425898,0.002788701,0.0026315027,4.1436896,3.6351852,3.290905,3.7369635,275.8275,271.4521,4.3754272,285.15805,277.4189,7.7391357,293.30545,285.168,8.137451,285.74066,279.57657,6.164093,1.967741935483871,1.064516129032258
Hamburg,53.575321,10.01534,0.00055736,3.335617e-05,0.0,0.00019117494,273.25995,280.59564,289.4052,282.50137,0.0017642301,0.0020840098,0.0024821854,0.0018486431,4.08827,3.7974916,3.465263,3.759617,275.24683,270.9475,4.2993164,284.3631,276.66922,7.693878,293.3275,285.1573,8.170227,285.4828,279.5353,5.9474792,1.2258064516129032,0.7741935483870968
Hannover,52.370522,9.73322,0.00056652183,2.0888543e-05,0.0,0.00023515207,273.3699,281.25824,289.8229,282.6748,0.0018542086,0.0021701509,0.0022789997,0.0018884656,3.899393,3.5187979,3.201015,3.537237,275.412,271.01355,4.3984375,285.10223,277.1996,7.902649,293.9244,285.4447,8.479706,285.85068,279.5237,6.3269653,2.032258064516129,1.2580645161290325
Harrogate,53.99078,-1.5373,0.0005591702,3.3866545e-05,0.0,0.00012747275,275.91873,280.44327,287.5077,282.5031,0.0018577849,0.0019209381,0.0020955654,0.0019391344,4.6192026,4.2575827,3.9620752,4.2959,278.26083,273.4975,4.763336,284.0558,276.75372,7.302063,291.13123,283.68524,7.445984,285.49307,279.5363,5.956787,0.0,0.0
Heidelberg,49.407681,8.69079,0.0004935358,1.4628134e-05,0.0,0.00020672317,273.9719,282.71725,291.17154,283.29657,0.002111831,0.0021543547,0.0019972734,0.0020079818,3.2290335,2.9578075,2.6642816,2.8241882,276.23172,271.44812,4.7836,286.83188,278.43036,8.40152,295.55856,286.64218,8.916382,286.82593,279.8859,6.940033,6.032258064516129,2.7419354838709675
Helsinki,60.169521,24.93545,0.001333562,0.00015800438,4.5921212e-07,0.0007914705,268.3391,274.87567,287.9446,279.4008,0.001511056,0.00145817,0.0025054293,0.0021408054,5.6321774,4.7149725,4.4526563,5.5500383,270.08792,266.47702,3.6109009,277.04034,272.36462,4.67572,289.9857,285.5855,4.400177,280.90213,277.76608,3.1360474,0.0,0.0
Hoofddorp,52.302502,4.68889,0.0002809066,3.974604e-06,0.0,6.0998624e-05,276.34045,281.25894,289.04147,284.4614,0.001855226,0.00165498,0.0025689949,0.0025373672,6.269177,5.395185,5.0135455,5.745851,277.84573,274.7053,3.140442,283.48035,278.9185,4.561859,291.2278,286.69113,4.536682,286.34357,282.5623,3.7812805,0.0,0.0
Hull,53.744598,-0.33525,0.00033525264,7.15448e-06,0.0,5.4571792e-05,276.8882,280.9679,288.02853,283.50214,0.0016578858,0.00176027,0.001974993,0.0018255856,5.551918,4.956856,4.4927464,5.0864053,279.01297,274.7462,4.2667847,283.9886,277.88635,6.102234,291.1882,284.73495,6.453247,286.21432,280.835,5.3793335,0.0,0.0
Innsbruck,47.262661,11.39454,0.0027668485,0.0015864751,0.00027822016,0.002115717,265.3911,274.3023,283.39603,275.9568,0.0030454681,0.005056089,0.005646063,0.0029417546,1.5296892,1.4632393,1.3207229,1.4075251,268.87296,261.87234,7.0006104,278.64005,269.90738,8.732666,288.4601,278.33582,10.124298,280.8232,271.42056,9.402649,0.0,0.0
Jerez de la Frontera,36.686451,-6.13606,3.5874946e-06,0.0,0.0,1.768912e-07,285.0156,289.36053,296.939,292.0467,0.003039312,0.0010925403,0.0003173236,0.0029386948,4.177458,4.1935534,3.7763882,3.8001597,287.97595,282.18552,5.790436,292.68893,286.01678,6.6721497,301.01608,292.95084,8.065247,295.4358,288.9398,6.496002,26.90322580645161,7.838709677419355
Kaliningrad,54.70649,20.51095,0.00090303074,6.1288956e-05,0.0,0.00036166247,270.67426,278.83875,289.83228,281.59055,0.0015501844,0.001807582,0.0025948167,0.0018157914,4.559675,4.0700154,3.7076802,4.3239627,272.64334,268.4452,4.1981506,282.13647,275.2952,6.841278,293.2783,285.98865,7.2896423,284.12564,279.12003,5.005615,0.4516129032258064,0.2903225806451613
Karlsruhe,49.004719,8.38583,0.0006303597,3.115742e-05,0.0,0.0002693722,273.90125,282.62292,290.99603,283.22638,0.0023979961,0.0025225345,0.0022970801,0.0022178525,3.2418263,2.9303513,2.6345334,2.7977302,276.201,271.33994,4.8610535,286.71793,278.39658,8.32135,295.33066,286.5509,8.779755,286.7432,279.8528,6.890381,5.580645161290323,2.677419354838709
Kassel,51.316669,9.5,0.00066604133,3.366808e-05,4.2727344e-10,0.0003227252,272.5927,280.7218,289.16232,281.877,0.0018610553,0.0022900396,0.002212504,0.0019053438,3.6262555,3.2658026,2.9339767,3.271332,274.6954,270.1304,4.5650024,284.59134,276.57327,8.018066,293.31454,284.72577,8.588776,285.14606,278.60263,6.5434265,1.5806451612903225,0.9032258064516128
Katowice,50.258419,19.02754,0.0009936871,5.5197175e-05,0.0,0.0004570866,270.3128,280.54092,290.40482,281.8766,0.0017378977,0.0026771075,0.002525015,0.0017442008,4.091241,3.6650784,3.0684283,3.5041828,272.72815,267.5083,5.2198486,284.61002,276.20285,8.407166,294.7201,285.69797,9.022125,285.68973,278.3161,7.3736267,1.6774193548387095,1.064516129032258
Kaunas,54.900002,23.9,0.0010170669,8.458908e-05,0.0,0.0005046541,268.41165,278.60208,290.05133,280.34552,0.001454052,0.0020433369,0.0023566536,0.0016987587,3.8854535,3.5841212,3.1975613,3.7430918,270.66632,265.7294,4.93692,282.36972,274.4301,7.9396057,294.00003,285.53375,8.466278,283.21542,277.48465,5.730774,0.5483870967741935,0.3870967741935484
Kiel,54.321331,10.13489,0.00062687404,4.445369e-05,0.0,0.0001950618,273.52768,279.55884,289.11945,282.4135,0.0017884783,0.0018823025,0.0024297212,0.0019380297,5.1412306,4.6429253,4.30282,4.6855364,275.1398,271.66763,3.472168,282.38074,276.62616,5.7545776,292.12854,285.8558,6.2727356,284.6689,280.14456,4.524353,0.0,0.0
Kiev,50.454659,30.5238,0.0010560479,6.164901e-05,7.7649827e-07,0.00048550253,267.9911,280.0187,292.26633,280.833,0.0015039546,0.0019002547,0.0020549528,0.0015378493,3.8782856,3.6236107,3.202696,3.5890083,270.3415,265.25104,5.090454,283.6519,276.129,7.522888,296.40915,287.81705,8.592102,284.20502,277.6325,6.57251,4.064516129032258,2.129032258064516
Košice,48.713951,21.25808,0.00081837596,3.657546e-05,0.0,0.00041116466,269.4912,280.8555,291.01102,281.6262,0.0013334213,0.0023717869,0.0020913861,0.0015192716,2.473058,2.6429753,2.3471873,2.2714374,272.5385,266.21878,6.3197327,285.29163,276.25885,9.032776,295.63293,286.02963,9.603302,285.85132,277.6931,8.158203,2.903225806451613,1.5483870967741935
Kraków,50.061432,19.936581,0.0011229111,8.7578934e-05,9.453425e-09,0.00053796923,269.67166,280.01593,290.00415,281.23892,0.0017451624,0.0027695862,0.0027062586,0.0017367512,3.6247456,3.3678598,2.8769612,3.1502047,272.31982,266.6489,5.670929,284.14838,275.65057,8.497803,294.36206,285.2548,9.107269,285.2472,277.5559,7.691284,1.2903225806451613,0.8709677419354839
Krasnodar,45.044842,38.976028,0.0007064189,7.531406e-06,0.0,0.00022540866,273.5032,283.67444,295.94687,285.32596,0.00206719,0.002026697,0.0012685282,0.0019468127,3.740464,3.5404003,3.0207753,3.3608582,277.02383,270.04047,6.983368,288.32513,278.9843,9.34082,301.0132,290.6373,10.375916,290.42883,280.79007,9.638763,30.516129032258064,10.096774193548388
Krefeld,51.339211,6.58615,0.00038363153,8.669592e-06,0.0,0.00012752958,274.89233,282.23703,290.13644,283.51984,0.0020799278,0.002103603,0.0023097044,0.002172024,4.0256085,3.5689638,3.2578776,3.638516,276.97266,272.5298,4.442871,286.08606,278.18216,7.9039,294.1205,285.9355,8.185028,286.67154,280.40393,6.2676086,2.7096774193548385,1.5161290322580645
Köln,50.933331,6.95,0.00052725594,2.2605222e-05,9.613652e-10,0.00021046176,274.25986,281.73886,289.62668,282.93433,0.0022025218,0.0023182733,0.0024482678,0.0022819492,4.0324287,3.5337253,3.1922727,3.6124055,276.34116,271.92993,4.4112244,285.5348,277.71216,7.822632,293.5858,285.43958,8.14621,286.0761,279.853,6.223114,1.7741935483870968,0.967741935483871
L'viv,49.838261,24.023239,0.001007822,5.7863075e-05,0.0,0.0004855766,269.33453,280.29422,290.8935,281.53748,0.0015591388,0.0024335794,0.0022552263,0.0016163823,4.1263943,3.723742,3.069882,3.6339045,271.7731,266.55728,5.2158203,284.29352,276.08554,8.207977,295.2855,286.1617,9.123779,285.3926,278.02786,7.364746,2.419354838709677,1.5161290322580645
La Spezia,44.110538,9.84339,0.00047552472,2.6532238e-05,0.0,0.00018409007,279.0634,284.76672,293.48166,287.5846,0.0038188908,0.002874095,0.0023272103,0.005122815,3.3003638,2.8410976,2.364707,2.8665397,280.86136,277.313,3.5483704,286.96417,282.4713,4.492859,295.82355,290.95255,4.871002,289.66,285.58557,4.0744324,0.0,0.0
Lausanne,46.515999,6.63282,0.00189928,0.00034058435,1.0197307e-05,0.0011000456,271.55026,279.44757,288.41727,281.3949,0.0035519642,0.004006925,0.004128533,0.003439711,1.9911169,1.8380486,1.7054627,1.7419909,274.3012,268.76465,5.53656,283.4473,275.26944,8.177856,292.40985,284.16144,8.248413,284.91647,277.99728,6.9191895,0.1612903225806451,0.1612903225806451
Le Havre,49.493801,0.10767,0.00018122974,3.6892923e-06,0.0,4.3896576e-05,278.0054,282.49265,289.3225,285.19696,0.0022923928,0.0018902337,0.001992347,0.0028285072,5.626624,4.806514,4.3493867,5.026474,279.77582,276.13852,3.6372986,285.02643,279.8586,5.167816,291.90836,286.6352,5.273163,287.44803,282.97882,4.469208,0.1290322580645161,0.0967741935483871
Le Mans,48.0,0.2,0.00014308875,4.0069704e-06,0.0,5.5892702e-05,277.02536,283.29892,290.89798,284.71164,0.0019454495,0.0018583728,0.0015524314,0.0020516645,3.869808,3.610365,3.196697,3.4210103,279.66083,274.28003,5.3807983,287.38547,279.09845,8.287018,295.2797,286.30243,8.977264,288.3218,281.2144,7.107422,3.612903225806452,1.967741935483871
Lecce,40.357029,18.17202,1.4333636e-05,0.0,0.0,2.4691064e-06,284.01794,288.2432,297.77924,292.13614,0.0024416524,0.00094281026,0.0008881515,0.0034648583,5.2789555,4.5125523,4.0848436,4.4678516,285.7328,282.32275,3.4100342,290.53308,286.0628,4.470276,300.42096,295.1854,5.235565,294.22165,290.25308,3.968567,11.709677419354838,5.225806451612903
Leeds,53.796478,-1.54785,0.0005525825,3.0011399e-05,0.0,0.00011958472,275.95483,280.5412,287.6182,282.56424,0.0018955137,0.0019857255,0.0021519177,0.0019554242,4.6451545,4.2679806,3.9965866,4.3157473,278.292,273.5657,4.726288,284.18384,276.84735,7.336487,291.27185,283.80548,7.4663696,285.5533,279.62372,5.929596,0.0,0.0
Leicester,52.638599,-1.13169,0.0003340722,1.0654811e-05,0.0,6.412338e-05,276.33157,281.1653,288.42612,283.07544,0.0015656378,0.0018215077,0.0018303061,0.001600759,4.793414,4.3882284,4.089858,4.424766,278.7127,273.87054,4.842163,284.92917,277.35037,7.5787964,292.33313,284.35162,7.9815063,286.24606,279.9513,6.2947693,0.1612903225806451,0.1612903225806451
Leipzig,51.339619,12.37129,0.00062939315,2.6076232e-05,0.0,0.0002534218,272.70633,281.43713,290.58768,282.66168,0.0016187557,0.0020819705,0.0020141974,0.001603622,3.6682346,3.3238223,2.965681,3.2965803,274.89,270.22928,4.660736,285.36972,277.32544,8.044281,294.82507,286.11053,8.714539,286.15204,279.35284,6.7991943,3.290322580645161,1.6129032258064515
Leuven,50.879589,4.70093,0.00031044727,8.050472e-06,0.0,9.149677e-05,275.3818,282.2587,289.8105,283.5938,0.001916518,0.0020268245,0.0021393565,0.0019982161,4.2958803,3.8110428,3.4901307,3.8893719,277.56558,272.94717,4.618408,286.12048,278.13464,7.98584,293.79037,285.5299,8.260468,286.81924,280.36282,6.456421,2.161290322580645,1.2903225806451613
Leverkusen,51.0303,6.98432,0.0004955788,1.494517e-05,0.0,0.0001836484,274.47385,281.99796,289.89618,283.1825,0.0023424884,0.002317694,0.002520134,0.002463645,3.9754431,3.494309,3.1447499,3.5666933,276.59702,272.08795,4.5090637,285.8515,277.91998,7.9315186,293.90796,285.66757,8.240387,286.3678,280.05927,6.3085327,2.225806451612903,1.2580645161290325
Lille,50.632969,3.05858,0.0002337127,5.919767e-06,0.0,6.3975014e-05,276.04596,282.3341,289.74393,283.9194,0.0016972576,0.0018605731,0.0019269874,0.0018826626,4.293822,3.9238672,3.6124675,3.9009602,278.31873,273.56882,4.7499084,286.174,278.3076,7.8664246,293.72397,285.5183,8.205658,287.1935,280.70337,6.490143,1.967741935483871,1.1290322580645162
Limoges,45.831532,1.2578,0.00024169555,8.983211e-06,0.0,9.133846e-05,276.81232,283.33456,291.01373,284.75748,0.0028354523,0.0026797378,0.0023093242,0.0028376314,3.6208653,3.2663774,2.7432554,3.1399693,279.48056,274.20172,5.278839,287.32803,279.39407,7.93396,295.40555,286.51367,8.891876,288.35538,281.42667,6.928711,4.225806451612903,2.096774193548387
Lisbon,38.716671,-9.13333,3.620288e-06,0.0,0.0,2.1363672e-10,284.752,287.84225,293.1455,290.3704,0.0029645239,0.001125369,0.00035852173,0.0025858153,5.00368,4.9064875,5.217436,4.500807,286.9163,282.626,4.290283,290.50217,285.34604,5.156128,296.6805,290.026,6.6545105,293.12335,287.96738,5.1559753,1.0,0.7741935483870968
Liverpool,53.41058,-2.97794,0.0003160437,1.2320003e-05,0.0,6.414037e-05,277.23825,281.21677,287.84198,283.4888,0.0022572652,0.0022322235,0.0028727371,0.0027883078,5.30042,4.6152024,4.2430034,4.887446,279.1769,275.26028,3.916626,283.97522,278.38486,5.5903625,290.47168,285.0714,5.4002686,285.77176,281.22125,4.5505066,0.0,0.0
Livorno,43.542641,10.316,9.690007e-05,6.11001e-08,0.0,2.0106207e-05,281.0361,286.41147,295.4236,289.606,0.0029037322,0.0019280867,0.0014980462,0.0039258637,3.9968147,3.263806,2.807311,3.4104624,283.00836,279.06714,3.9412231,288.73987,283.9847,4.7551575,297.8511,292.90393,4.947174,291.86603,287.39154,4.4744873,0.8064516129032258,0.5483870967741935
Liège,50.633732,5.56749,0.0005411884,2.9822671e-05,2.5636406e-09,0.00022164275,274.38306,281.57132,289.17676,282.79742,0.0022984107,0.0023163736,0.0023748465,0.0023155508,4.3535824,3.786085,3.440515,3.9143302,276.49945,272.0262,4.473236,285.32446,277.53726,7.787201,293.06418,284.9622,8.10199,285.93365,279.6709,6.2627563,1.3225806451612905,0.7741935483870968
Ljubljana,46.051079,14.50513,0.001297344,0.00015912646,1.0442564e-06,0.0008662279,270.92316,280.86493,290.189,281.99826,0.0025089437,0.003925202,0.0036625299,0.00345816,1.8384598,1.9812568,1.6464127,1.7451534,274.08005,267.6566,6.423462,285.19077,276.57205,8.618713,294.76367,285.60873,9.154938,285.84604,278.4451,7.40094,0.6129032258064516,0.5161290322580645
London,51.50853,-0.12574,0.00023078406,9.571352e-06,0.0,5.516378e-05,276.76266,281.67694,289.01843,283.6297,0.0015102177,0.0016653307,0.0017056363,0.0016103731,4.466227,4.138123,3.8342824,4.0839863,279.0611,274.2841,4.777008,285.35983,277.89658,7.463257,292.90448,284.97415,7.9303284,286.7823,280.47855,6.3037415,0.2903225806451613,0.2258064516129032
Lublin,51.25,22.566669,0.00091787026,4.209156e-05,0.0,0.00038860927,269.79132,280.2974,290.94675,281.45126,0.0014820414,0.0021838783,0.0020810387,0.001499646,3.8542829,3.553587,3.0542734,3.51775,272.1953,267.02374,5.17157,284.25415,276.06674,8.187408,295.29874,286.14703,9.151703,284.9598,278.0924,6.867401,1.935483870967742,1.1290322580645162
Lucca,43.843571,10.50585,0.0005022749,2.9054592e-05,0.0,0.0002086825,277.55374,284.3368,293.62,286.79318,0.0034286582,0.002910555,0.002140363,0.0044143447,2.5670455,2.270883,1.9799261,2.2628102,280.39905,274.94324,5.4558105,287.87228,280.83163,7.0406494,297.42758,289.76126,7.666321,290.2206,283.68036,6.5402527,2.129032258064516,1.5806451612903225
Luimneach,52.664719,-8.62306,0.00011041408,6.280439e-06,0.0,4.1556294e-05,278.13333,281.80762,287.59753,283.32532,0.0024700928,0.0023516347,0.0026656582,0.002784943,4.158411,3.8530822,3.5366282,3.8691547,280.4543,275.75186,4.7024536,285.06204,278.55197,6.510071,290.8135,284.34692,6.4665833,285.9241,280.76678,5.157318,0.0,0.0
Luton,51.879669,-0.41748,0.00024686672,8.76028e-06,0.0,5.5739798e-05,276.63028,281.5534,288.91956,283.47812,0.0014843114,0.0016956618,0.001726098,0.0015537291,4.572491,4.202079,3.9065237,4.1900983,278.96094,274.1764,4.784546,285.2938,277.73334,7.5604553,292.84546,284.83215,8.013306,286.67123,280.32172,6.349518,0.2580645161290322,0.1612903225806451
Lyon,45.748459,4.84671,0.00041014553,1.2408021e-05,0.0,0.00017911644,275.22028,283.42743,291.96042,284.28955,0.0024657787,0.0025679835,0.0024451166,0.0026378033,2.7908797,2.9152849,2.4882872,2.5335011,278.19028,272.141,6.049286,287.84305,278.87802,8.965027,296.72977,287.05612,9.673645,288.24472,280.5135,7.7312317,7.258064516129032,3.032258064516129
Lübeck,53.868931,10.68729,0.0005961993,4.1142746e-05,0.0,0.00019784576,273.20847,280.1261,289.39517,282.398,0.0016657838,0.0019351058,0.002343433,0.0017308119,4.617184,4.217236,3.8774352,4.2208743,275.0355,271.0965,3.9389954,283.50107,276.58856,6.912506,292.96255,285.503,7.459564,285.1271,279.68942,5.437683,0.5483870967741935,0.4516129032258064
Maastricht,50.848331,5.68889,0.00043397534,1.7742797e-05,1.9227304e-09,0.00015949643,274.85867,281.9983,289.64743,283.25003,0.0021443744,0.0021657194,0.0022754373,0.0021669422,4.226938,3.696614,3.3882036,3.8162591,276.9807,272.48425,4.49646,285.8037,277.9297,7.8740234,293.58453,285.40747,8.177063,286.41348,280.08633,6.3271484,2.032258064516129,1.2258064516129032
Madrid,40.4165,-3.70256,0.00021526762,8.028041e-06,4.2727344e-10,9.1975526e-05,277.57214,284.7404,295.85342,286.8117,0.0018539883,0.0014148853,0.0005749477,0.0018728343,2.579353,2.673022,2.442812,2.3208327,281.64868,273.87994,7.768738,289.93765,279.3953,10.542358,302.01053,289.1564,12.854126,291.82687,282.0361,9.7907715,46.64516129032258,16.129032258064516
Magdeburg,52.127731,11.62916,0.0005537435,2.592738e-05,0.0,0.00022597755,272.9865,281.34644,290.40143,282.66418,0.0014875749,0.0019950566,0.0019620836,0.0015087397,3.6958869,3.4162972,3.0779922,3.3516366,275.10352,270.56473,4.538788,285.2114,277.278,7.93338,294.55978,285.95993,8.5998535,285.99582,279.43536,6.5604553,2.7096774193548385,1.3548387096774193
Mainz,49.984192,8.2791,0.00043795555,1.0032951e-05,0.0,0.00019652498,273.6268,282.05896,290.44788,282.74002,0.0017042912,0.0019994152,0.0019560896,0.0017700286,3.229349,3.0383513,2.744888,2.88297,275.8204,271.0988,4.7216187,286.12265,277.7234,8.399261,294.82263,285.8261,8.996521,286.1821,279.29865,6.8834534,4.064516129032258,2.290322580645161
Malmö,55.605869,13.00073,0.0007433684,5.6809637e-05,0.0,0.00029483213,272.56732,278.63272,288.95047,281.86624,0.0015094605,0.0016119872,0.0022835287,0.0018087553,5.353485,4.837975,4.4407053,5.000002,274.28848,270.6194,3.669098,281.38492,275.71396,5.6709595,291.7469,285.8103,5.9365845,283.9867,279.7144,4.2723083,0.0,0.0
Manchester,53.480949,-2.23743,0.00047943412,2.4324394e-05,0.0,0.00010939453,275.83774,280.53345,287.28815,282.32803,0.0023343659,0.0024524971,0.00286775,0.0026067337,4.50334,4.2101297,3.8451483,4.18455,278.19193,273.40057,4.7913513,284.1021,276.8666,7.235504,290.76727,283.6013,7.165985,285.20364,279.45172,5.7519226,0.0,0.0
Mannheim,49.496712,8.47955,0.00043136615,9.103773e-06,0.0,0.0001755849,274.07812,282.78073,291.26877,283.36343,0.0019784013,0.0020070435,0.0018761908,0.0019111724,3.2113223,2.9620616,2.6738489,2.8271945,276.356,271.51782,4.8381653,286.9473,278.423,8.524292,295.71906,286.65356,9.065491,286.93433,279.8932,7.0411377,6.32258064516129,2.838709677419355
Marbella,36.51543,-4.88583,1.5804417e-05,6.864148e-07,0.0,4.3974983e-06,284.38043,287.98758,295.37717,290.79724,0.002896855,0.000987934,0.00033180517,0.0028407506,4.3426065,4.077794,3.5221372,3.6930082,286.56552,282.32608,4.239441,290.39737,285.4844,4.912964,298.15005,292.45853,5.6915283,293.16135,288.56784,4.593506,1.3548387096774193,0.7741935483870968
Marsala,37.796638,12.43518,5.7382823e-07,0.0,0.0,3.717279e-08,285.65958,288.37985,296.8391,293.1205,0.002190771,0.00065359933,0.00061382446,0.0029781607,6.585217,5.5205927,4.4067564,5.2422795,286.82794,284.48935,2.3385925,289.73398,286.8905,2.8434753,298.3334,295.16373,3.1696777,294.38705,291.77472,2.6123352,0.2580645161290322,0.1612903225806451
Marseille,43.296951,5.38107,7.595576e-05,1.7731847e-07,0.0,2.6923995e-05,280.56073,286.15933,294.7037,288.8055,0.0019239925,0.0013043445,0.001090788,0.0028690405,6.0008407,5.3953075,4.858361,5.190511,282.89392,278.3082,4.585724,288.80048,283.4083,5.3921814,297.50674,291.7106,5.7961426,291.31003,286.41757,4.892456,0.1935483870967742,0.1935483870967742
Messina,38.193272,15.54969,2.67956e-05,2.8840956e-08,0.0,3.3605056e-06,284.22464,287.47693,296.50894,291.9885,0.003228244,0.0011631486,0.0010132345,0.0038686183,4.339993,3.7219205,3.2534366,3.475204,285.65778,282.93295,2.724823,289.1321,285.83218,3.2999268,298.26498,294.7047,3.5602722,293.5057,290.5741,2.93161,1.4193548387096775,1.032258064516129
Mestre,45.49028,12.2425,0.00022138804,1.1100564e-06,0.0,4.219354e-05,277.04865,285.55627,295.20074,287.55783,0.0022512525,0.0031171388,0.002665906,0.003449177,2.6454585,2.574089,2.2910585,2.5750942,279.68808,274.59015,5.097931,288.80734,282.22446,6.5828857,298.6172,291.56583,7.051361,290.61465,284.64935,5.9653015,4.548387096774194,2.548387096774193
Metz,49.11911,6.17269,0.00042082483,1.2580425e-05,0.0,0.00017534324,274.4489,282.2773,290.2517,283.09744,0.002199851,0.0022956377,0.0021130168,0.0022088008,3.9850183,3.5561516,3.1512828,3.4789073,276.64636,272.00082,4.6455383,286.27344,278.0741,8.199341,294.53906,285.77292,8.766144,286.53754,279.7695,6.768036,3.3870967741935485,1.8387096774193548
Milan,45.464272,9.18951,0.0004921094,1.4418128e-05,4.272734e-09,0.00015058441,274.83786,284.92072,294.25534,285.7797,0.0022796644,0.003990298,0.003224132,0.0034775615,1.7314501,1.9148215,1.6854131,1.6724881,278.4315,271.77597,6.6555176,289.52136,280.2934,9.227966,298.95224,289.474,9.478241,289.78473,282.2341,7.5506287,10.129032258064516,4.483870967741935
Modena,44.647831,10.92539,0.0007599948,3.0245192e-05,0.0,0.00030260318,275.42245,284.7055,294.63486,286.2819,0.0024267673,0.0031207274,0.002173029,0.003141332,1.8610651,2.052696,1.7959787,1.8303297,278.73788,272.44028,6.2976074,289.28543,280.29187,8.993561,299.60333,289.73932,9.864014,290.51437,282.56195,7.952423,16.774193548387096,6.67741935483871
Montpellier,43.61092,3.87723,0.00014153331,1.2385589e-06,0.0,6.625777e-05,279.65695,285.5457,294.14856,287.7074,0.0025041462,0.0018193574,0.001672591,0.00361784,4.622512,4.2425323,3.8589628,4.080617,282.33096,277.16888,5.162079,288.8685,282.2631,6.6054077,297.87686,290.35455,7.5223083,290.8188,284.84143,5.977356,1.8064516129032255,1.1612903225806452
Moscow,55.75222,37.615559,0.0012458373,0.00012807136,4.6038713e-07,0.00083902705,263.57266,276.86542,290.21152,277.4556,0.0013558908,0.0019323936,0.0022754394,0.0015710067,3.8865383,3.6385534,3.1828501,3.7842646,266.20483,260.50766,5.697174,280.71127,272.38364,8.327637,294.37836,285.42807,8.950287,280.41153,274.3714,6.0401306,1.2903225806451613,0.935483870967742
Mulhouse,47.75,7.33333,0.0008351626,6.943022e-05,2.5636406e-09,0.0003831359,273.1792,281.98352,290.26538,282.53476,0.0027491825,0.0031631265,0.0028570509,0.0025717947,2.624275,2.421138,2.1618116,2.2261906,276.01627,270.20563,5.8106384,286.36078,277.54272,8.818054,294.7626,285.65155,9.111053,286.39847,278.9408,7.457672,2.870967741935484,1.7096774193548387
Murcia,37.987041,-1.13004,1.8042261e-05,2.265831e-06,0.0,8.148319e-06,282.47275,288.46912,297.29132,290.6982,0.00083259784,0.0008142439,0.00039386578,0.001279273,3.0213082,2.8962216,2.664882,2.5516453,287.16644,278.39044,8.776001,293.578,283.44214,10.135864,302.57098,292.00812,10.562866,295.47626,286.42288,9.053375,44.483870967741936,12.451612903225806
Málaga,36.720161,-4.42034,2.595216e-05,3.6068288e-06,0.0,1.0784595e-05,283.33975,287.53546,295.53833,290.27286,0.0023298399,0.00095356576,0.0002867825,0.0023554577,3.7453933,3.3977625,2.7810993,3.068261,286.0234,280.8193,5.2041016,290.40683,284.44632,5.9605103,298.80978,291.93024,6.879547,293.1677,287.48868,5.679016,3.096774193548387,1.6451612903225807
Mülheim (Ruhr),51.433331,6.88333,0.0004410944,1.2409623e-05,0.0,0.00015771053,274.66687,282.101,290.02368,283.3639,0.0022195142,0.0022078888,0.0024396887,0.0023227104,4.0564632,3.5857637,3.26181,3.663794,276.7342,272.3176,4.4165955,285.92828,278.0656,7.862671,293.99664,285.8281,8.168549,286.5035,280.26828,6.2352295,2.4516129032258065,1.4193548387096775
München,48.137428,11.57549,0.0012212114,0.00017389975,6.1575446e-07,0.00068879675,271.17218,280.8003,289.5163,281.49875,0.0023551206,0.003928547,0.0035608762,0.0021842455,2.7469118,2.6380408,2.324202,2.3733387,274.03595,268.05664,5.979309,285.2608,276.34085,8.919952,294.0172,285.03598,8.981232,285.482,277.86166,7.620331,1.5806451612903225,1.096774193548387
Münster,51.96236,7.62571,0.00042942434,1.1120218e-05,0.0,0.00015416431,274.33038,281.79004,289.89218,283.1562,0.0019905344,0.0021026835,0.0023573053,0.002051749,4.0455036,3.6137266,3.3009367,3.661373,276.40347,271.93124,4.472229,285.7023,277.6414,8.060913,294.00006,285.49008,8.509979,286.373,279.9359,6.4370728,2.677419354838709,1.5483870967741935
Namur,50.4669,4.86746,0.00039390998,1.444932e-05,0.0,0.00013626924,274.8829,281.87173,289.38156,283.1429,0.0020596408,0.0021896586,0.0022213382,0.00213712,4.439256,3.888841,3.5209117,4.0022187,277.08597,272.42633,4.6596375,285.71176,277.73666,7.9750977,293.35,285.07526,8.27475,286.37738,279.90366,6.4737244,1.6774193548387095,0.967741935483871
Nantes,47.217251,-1.55336,6.075572e-05,1.3760341e-06,0.0,1.2829525e-05,278.3007,283.88907,291.1874,285.6669,0.0019966685,0.0017509699,0.0013860699,0.0021845885,4.224158,3.9509625,3.5443351,3.6937585,280.99686,275.5198,5.477051,287.71094,280.01303,7.6979065,295.3257,286.95493,8.370789,289.1666,282.3367,6.829895,3.7096774193548394,1.7741935483870968
Napoli,40.833328,14.25,7.7561024e-05,8.7868784e-07,0.0,1.0585486e-05,282.172,286.6452,295.73676,290.40747,0.0037839618,0.001652428,0.0013361865,0.005477807,3.9904172,3.0520864,2.5889647,3.1788976,284.3013,280.13858,4.1627197,289.13202,284.0737,5.058319,298.37213,292.93344,5.43869,292.82083,288.1276,4.6932373,1.5806451612903225,1.032258064516129
Neuß,51.198071,6.68504,0.00041493052,1.1619541e-05,0.0,0.00014269352,274.79572,282.1481,290.0218,283.40594,0.0020907982,0.0021623373,0.0023110746,0.002168995,4.058246,3.5597153,3.2466004,3.6524215,276.89157,272.4381,4.4534607,285.9788,278.09863,7.8801575,293.99332,285.8287,8.164612,286.57037,280.29364,6.2767334,2.3225806451612905,1.3870967741935485
Newcastle upon Tyne,54.973282,-1.61396,0.0005400072,3.9766124e-05,0.0,0.000110543755,276.57938,280.2862,287.04678,282.72333,0.0019337088,0.0018355428,0.0022286447,0.0020533274,5.4880743,4.7686796,4.2401547,4.951244,278.49277,274.6089,3.8838806,283.02097,277.5033,5.5176697,289.82135,284.13266,5.68869,285.0663,280.3915,4.6748047,0.0,0.0
Nice,43.703129,7.26608,0.00066683826,7.852659e-05,5.007645e-07,0.00030657096,277.7403,283.64423,292.51654,286.43842,0.0024998584,0.0024735555,0.0015238759,0.003437662,2.7887485,2.6065552,2.2142189,2.4911206,280.6286,275.26242,5.3661804,286.556,280.52997,6.0260315,295.29358,289.381,5.912567,289.22174,283.8773,5.344452,0.0,0.0
Nijmegen,51.842499,5.85278,0.0003221993,6.30239e-06,0.0,0.000101305304,275.05856,281.99283,289.81058,283.53033,0.0018590689,0.0020020104,0.0023133268,0.0019841117,4.206117,3.7986953,3.4746108,3.8113918,277.13126,272.70483,4.426422,285.8001,277.9732,7.8269043,293.71194,285.62967,8.082275,286.6103,280.4484,6.1618958,2.032258064516129,1.1612903225806452
Northampton,52.25,-0.88333,0.00029181002,9.588443e-06,0.0,6.092791e-05,276.40402,281.28348,288.59894,283.19156,0.0015198193,0.0017737683,0.001785034,0.0015737644,4.7517576,4.3391747,4.042168,4.366309,278.77695,273.9323,4.844635,285.0513,277.4467,7.6046143,292.53873,284.49414,8.044586,286.3892,280.03052,6.358673,0.2258064516129032,0.1935483870967742
Norwich,52.627831,1.29834,0.00025063113,5.281954e-06,0.0,3.5822177e-05,277.20715,281.04547,288.4283,284.19388,0.0015711938,0.0015368948,0.0019198541,0.0018432481,6.1170497,5.278795,4.7690496,5.566869,278.92697,275.42184,3.505127,283.44638,278.5412,4.905182,291.026,285.69843,5.3275757,286.3549,281.99506,4.359833,0.0,0.0
Nottingham,52.953602,-1.15047,0.00038393788,1.292908e-05,0.0,7.022196e-05,276.32764,281.0982,288.34305,283.05344,0.0016069933,0.0018270169,0.0018708903,0.0016227299,4.8194594,4.406953,4.1165066,4.459191,278.7226,273.87222,4.8503723,284.86337,277.29672,7.5666504,292.23474,284.30182,7.9329224,286.21368,279.9482,6.2654724,0.1290322580645161,0.1290322580645161
Novi Sad,45.251671,19.836941,0.0006605017,3.6004196e-06,0.0,0.00024745308,273.38794,284.8835,295.2112,285.9944,0.0016480295,0.002143466,0.0014370624,0.0017461572,2.9152377,2.9875662,2.586017,2.8287704,276.405,270.25616,6.148834,289.53433,280.22943,9.304901,300.2465,289.95908,10.287415,290.7302,281.81345,8.916748,27.548387096774192,7.193548387096774
Nîmes,43.833328,4.35,0.000118654425,3.9544156e-07,0.0,5.600834e-05,278.93594,285.91592,295.1441,287.59943,0.0022682021,0.0018487445,0.0017595073,0.0033050582,4.0880823,3.8637607,3.6123176,3.6354318,282.1955,275.9689,6.226593,290.13712,281.80527,8.331848,299.92044,290.4231,9.497345,291.55783,284.05365,7.504181,15.67741935483871,6.258064516129032
Nürnberg,49.454208,11.07752,0.0007413021,4.2629712e-05,0.0,0.00039841025,272.11865,281.4762,290.15332,282.07642,0.0020411997,0.0025062142,0.00219631,0.0019295164,3.3229327,3.0950358,2.743558,2.9408526,274.48517,269.45123,5.0339355,285.65344,277.18997,8.46347,294.63632,285.53485,9.101471,285.6987,278.60892,7.0897827,3.419354838709677,1.8064516129032255
Oberhausen,51.47311,6.88074,0.00043467854,1.23866575e-05,0.0,0.000154811,274.66208,282.0722,290.00055,283.36346,0.0021924262,0.0022279224,0.0024786815,0.0022877757,4.0993743,3.6216807,3.3007672,3.7065194,276.72464,272.3013,4.42334,285.899,278.0407,7.8582764,293.97626,285.80753,8.168732,286.49008,280.26746,6.2226257,2.5806451612903225,1.4838709677419355
Odessa,46.47747,30.73262,0.0005314866,8.881306e-06,0.0,0.00016424191,272.60294,282.24628,294.9711,284.84924,0.0012440506,0.001386017,0.0009930632,0.0012157729,5.065922,4.468316,3.946161,4.5147448,274.75775,270.31363,4.4441223,285.14737,279.29663,5.8507385,298.24335,291.4609,6.78244,287.67383,282.05927,5.614563,3.032258064516129,1.903225806451613
Olsztyn,53.779949,20.49416,0.00089824875,7.031981e-05,0.0,0.00043617297,269.48743,279.00443,289.82693,280.88397,0.0014397873,0.0019819108,0.0023188004,0.0016177825,4.242373,3.847099,3.4264803,3.9813268,271.67435,266.94672,4.7276306,282.72736,274.89716,7.8302,293.80823,285.27628,8.531952,283.91998,277.9256,5.994385,0.9032258064516128,0.7096774193548387
Oradea,47.066669,21.933331,0.0006228424,1.51157055e-05,0.0,0.00022103293,272.45645,283.8403,293.968,284.7179,0.001641219,0.002351509,0.0015841697,0.0017190435,2.6855261,2.7572277,2.3977144,2.4861515,275.4437,269.31482,6.1288757,288.38614,279.22342,9.16272,298.89224,288.78882,10.103424,289.36484,280.55087,8.813965,16.387096774193548,5.193548387096774
Orléans,47.902889,1.90389,0.0001929907,9.969518e-06,0.0,6.834634e-05,276.60672,283.46042,291.34082,284.74734,0.0019267945,0.0018714801,0.0015956599,0.0019586144,4.0110545,3.6595042,3.249998,3.5047262,279.1861,273.88266,5.3034363,287.5998,279.17807,8.421722,295.78195,286.66022,9.121735,288.45364,281.18555,7.268097,5.193548387096774,2.548387096774193
Oslo,59.912731,10.74609,0.0013363165,0.00025755935,1.7041801e-06,0.0011558934,266.29144,276.54782,288.17224,278.87677,0.0015225905,0.0022185924,0.0032115187,0.0027267728,2.6411042,2.525544,2.5320508,2.6978264,268.83734,263.6226,5.214752,280.53705,272.43988,8.097168,291.83453,284.27737,7.5571594,281.3432,276.4498,4.893402,0.064516129032258,0.064516129032258
Osnabrück,52.27264,8.0498,0.0004523658,1.1983026e-05,0.0,0.00016423651,274.1358,281.6316,289.8202,283.04565,0.0019721722,0.0021242497,0.0023892995,0.0020381855,4.021763,3.621859,3.313094,3.657684,276.19995,271.74298,4.45697,285.54892,277.50064,8.048279,293.95093,285.43347,8.517456,286.2393,279.84985,6.389435,2.5161290322580645,1.4838709677419355
Ostrava,49.834648,18.28204,0.0010434154,7.1403374e-05,4.7000075e-09,0.00050066237,270.35544,280.4404,290.14352,281.75745,0.0017148482,0.0028236886,0.0025366095,0.0017296671,3.7358181,3.316374,2.8072948,3.2237418,272.79218,267.54767,5.244507,284.51352,276.06067,8.45285,294.49646,285.37103,9.125427,285.5278,278.1764,7.35141,1.4838709677419355,0.967741935483871
Oulu,65.01236,25.468161,0.001051234,0.00027630347,3.0772235e-06,0.0008931966,263.98962,273.18875,287.25076,276.2376,0.0011172688,0.0015928844,0.0023130237,0.0016845558,3.9414923,3.460864,3.1297467,3.9156601,266.4812,261.33533,5.145874,276.4871,269.22614,7.260956,290.51694,283.1138,7.403137,278.46225,273.77792,4.684326,0.032258064516129,0.032258064516129
Oviedo,43.360291,-5.84476,0.0006045592,7.970583e-05,9.604039e-07,0.00028866946,279.07257,282.88135,289.31424,285.50052,0.003620404,0.0030480078,0.0021260977,0.0038295703,3.758796,3.2779102,2.8658514,3.17914,281.7655,276.5447,5.2207947,285.9158,279.8275,6.0882874,292.34235,286.25388,6.0884705,288.5287,282.70874,5.8199463,0.0,0.0
Oxford,51.75222,-1.25596,0.00025182898,1.05439685e-05,0.0,6.865344e-05,276.554,281.3798,288.60303,283.23422,0.0015350248,0.0017788326,0.0017189473,0.0016501404,4.5792365,4.1927776,3.882314,4.1779995,278.91272,274.04254,4.870178,285.13928,277.5204,7.6188965,292.51233,284.50717,8.005157,286.4082,280.05878,6.3494263,0.1935483870967742,0.1290322580645161
Padova,45.415192,11.88181,0.00030820858,1.249903e-05,0.0,8.1566395e-05,276.04718,285.3691,295.00623,286.90054,0.0021332074,0.003289158,0.0026250642,0.0031629768,2.234869,2.276973,2.0094357,2.1775746,279.49887,272.95624,6.542633,289.4904,281.1849,8.305481,299.27466,290.48923,8.785431,290.81702,283.26666,7.550354,11.838709677419354,5.387096774193548
Palermo,38.115822,13.35976,2.8648203e-05,5.607964e-09,0.0,4.791124e-06,283.72095,287.42087,296.71497,291.74454,0.0024219996,0.00092964084,0.00066591846,0.0028198631,4.5272555,3.6202989,2.8551712,3.442673,285.7707,281.88742,3.8832703,289.85577,284.95306,4.90271,299.34573,293.969,5.3767395,294.05075,289.63492,4.4158325,5.483870967741935,2.5161290322580645
Palma,39.569389,2.65024,1.4897796e-05,0.0,0.0,2.0694988e-06,285.05582,288.18048,296.52838,292.52707,0.0013531677,0.0007374761,0.00057528866,0.0019919781,5.661191,4.520769,3.535281,4.519184,286.11392,284.00055,2.1133728,289.42285,286.90936,2.5134888,297.89883,295.15405,2.7447815,293.65497,291.403,2.2519531,0.0,0.0
Pamplona,42.816872,-1.64323,0.00042146316,1.9557374e-05,3.5250058e-09,0.0001631799,277.38153,283.18747,290.8085,285.36874,0.0027118742,0.0027698476,0.0020801546,0.0030076453,3.0340114,3.0324442,2.622404,2.759347,280.654,274.33206,6.32193,287.4595,279.00266,8.456848,295.74542,286.09702,9.648407,289.49765,281.6899,7.8077393,4.612903225806452,2.129032258064516
Paris,48.853409,2.3488,0.00022147484,1.1257106e-05,0.0,6.814493e-05,276.2631,283.0276,290.70905,284.28317,0.0018090849,0.0018238277,0.001707127,0.001908119,3.9825194,3.662662,3.245481,3.533557,278.69827,273.64328,5.0549927,287.05746,278.7939,8.26355,295.00067,286.1457,8.85498,287.82086,280.84998,6.970886,3.3225806451612905,1.7741935483870968
Parma,44.802662,10.32898,0.0006414415,2.0417956e-05,0.0,0.00022684166,275.37506,284.9889,294.81772,286.32468,0.0023227038,0.0030504114,0.0022493678,0.0031268462,1.7683855,2.0055044,1.740125,1.7635728,278.71152,272.36432,6.3471985,289.59833,280.45624,9.14209,299.72684,289.8977,9.829132,290.47604,282.62405,7.8519897,16.774193548387096,6.612903225806452
Perpignan,42.697639,2.89541,0.0002411987,8.420759e-06,1.2561839e-07,0.00011459794,279.34848,285.29956,294.01215,287.63876,0.0020265412,0.0020638031,0.0018070013,0.0026376054,3.9617786,3.821971,3.451036,3.495079,282.5772,276.4952,6.0820007,288.9592,281.70465,7.254547,297.83286,290.08978,7.7430725,291.15485,284.52386,6.6309814,2.903225806451613,1.8387096774193548
Perugia,43.112202,12.38878,0.0004861544,9.5261685e-06,0.0,0.00015006943,276.9262,284.11545,294.20734,286.51666,0.0027286403,0.0024293007,0.0016282079,0.003311015,2.5679708,2.415954,2.1361742,2.2978203,280.306,273.7587,6.5473022,288.80637,279.65573,9.150635,299.70044,288.86014,10.8403015,291.04092,282.60675,8.434174,19.70967741935484,7.290322580645161
Piraeus,37.947449,23.637079,7.0926486e-05,0.0,0.0,1.4664345e-05,283.08704,288.25443,298.6686,291.8527,0.0016364545,0.00060144166,0.00024308184,0.0018418867,3.7886326,3.1446264,3.2065907,3.394636,285.36514,280.88693,4.4782104,291.60287,285.1426,6.460266,302.40918,295.0609,7.3482666,294.84177,289.24088,5.600891,41.16129032258065,12.64516129032258
Pisa,43.71553,10.39659,0.00018675673,2.1587991e-06,0.0,5.1566563e-05,279.8448,285.68518,294.70166,288.574,0.00344827,0.002454873,0.0019138723,0.004561186,3.2912476,2.7506497,2.3794012,2.8414516,282.1153,277.69324,4.422058,288.3806,282.9142,5.4664,297.55222,291.74164,5.8105774,291.1922,286.0863,5.105896,0.967741935483871,0.6774193548387096
Ploieşti,44.950001,26.01667,0.000894975,5.2752603e-05,2.6946714e-07,0.0003478,271.25812,282.27988,293.1344,283.4473,0.0015518515,0.0028673434,0.0018437202,0.0016239091,2.4256163,2.5188048,2.1477711,2.2876031,274.81277,267.94525,6.867523,286.86246,277.69894,9.163513,298.04517,288.03937,10.005798,288.2482,279.23764,9.010559,6.709677419354839,2.870967741935484
Plovdiv,42.150002,24.75,0.0010535988,8.416625e-05,1.3328795e-06,0.00052576826,272.81174,282.39563,292.96475,284.30215,0.0019425653,0.0031545854,0.0016606308,0.0020847833,1.917143,1.9731877,1.8301088,1.7749509,276.83542,269.01398,7.8214417,287.08652,277.69977,9.386749,297.94983,287.74078,10.209045,289.15726,279.94415,9.213104,6.709677419354839,3.0
Plymouth,50.371529,-4.14305,9.79056e-05,1.8719384e-06,0.0,2.0749787e-05,279.33246,282.0232,288.16934,284.83948,0.0023610662,0.001907275,0.0020281794,0.0026455482,6.3314633,5.3476586,4.745281,5.5492635,280.9024,277.63803,3.2643738,284.02832,279.85016,4.1781616,290.18057,286.00394,4.1766357,286.53268,283.05984,3.4728394,0.0,0.0
Plzeň,49.747471,13.37759,0.0007318318,5.2627696e-05,1.4527297e-08,0.00038591912,270.76608,280.28763,289.38895,281.0892,0.0014787738,0.0023584631,0.002118056,0.001404035,3.3520534,3.1374936,2.747402,2.9747775,273.20007,267.96835,5.23172,284.5114,275.90903,8.602386,293.93326,284.6162,9.317047,284.86804,277.46945,7.39859,1.5161290322580645,1.032258064516129
Porto,41.149609,-8.61099,1.4080796e-05,1.536582e-07,0.0,1.5197583e-06,282.4877,286.331,292.31198,288.5935,0.0060142637,0.0029185298,0.0011626661,0.005254076,4.249615,4.0872536,3.9697328,3.7471406,285.143,280.03995,5.103058,289.27527,283.42566,5.8496094,295.71573,288.95944,6.7562866,291.63287,285.90015,5.732727,0.5806451612903226,0.4516129032258064
Potsdam,52.398861,13.06566,0.00056149176,3.261832e-05,0.0,0.00022398143,272.60995,281.33206,290.70578,282.61197,0.0014871417,0.001943585,0.0019293473,0.0015039034,3.7757306,3.5305405,3.147619,3.4544938,274.7264,270.17313,4.5532837,285.16885,277.34158,7.8272705,294.79123,286.3226,8.468628,285.8853,279.4718,6.413513,2.870967741935484,1.4838709677419355
Poznań,52.406921,16.92993,0.00062863337,3.1895215e-05,0.0,0.00026594664,271.3489,280.64886,290.7508,282.07904,0.00137388,0.0018707104,0.0020005857,0.0014406462,3.9936953,3.7292647,3.304382,3.6722941,273.5814,268.75772,4.8236694,284.52054,276.49316,8.027374,294.9977,286.0536,8.944122,285.50833,278.7433,6.765045,2.4838709677419355,1.4516129032258065
Prague,50.088039,14.42076,0.0006568336,3.4980236e-05,0.0,0.00029426927,271.29504,280.82956,290.16382,281.7824,0.0013885337,0.002282897,0.0020481593,0.0013616655,3.266855,3.131557,2.7502253,2.961334,273.69284,268.5254,5.16745,285.02838,276.46976,8.558624,294.6672,285.40533,9.261871,285.55905,278.18835,7.370697,2.290322580645161,1.3548387096774193
Prato,43.884251,11.09092,0.00060657086,1.7163575e-05,0.0,0.00024303218,276.4099,284.09958,293.88794,286.21237,0.0029751903,0.0027371407,0.0018280924,0.0036244586,2.1814344,2.1686199,1.9392577,2.0311315,279.7504,273.3173,6.4331055,288.5722,279.75812,8.814087,298.95657,288.89056,10.0660095,290.48633,282.3986,8.087738,12.903225806451612,5.612903225806452
Preston,53.76667,-2.71667,0.00034048225,1.4922668e-05,0.0,6.742574e-05,277.005,280.9966,287.60947,283.32178,0.0026671172,0.002456306,0.00336346,0.0034148046,5.4174385,4.7381425,4.3439374,5.041361,278.9544,274.9849,3.969513,283.76385,278.10538,5.658478,290.1527,284.85065,5.302063,285.55942,281.05423,4.505188,0.0,0.0
Pécs,46.083328,18.23333,0.0006255704,9.328234e-06,0.0,0.0002690167,273.07733,284.106,294.08215,285.0398,0.0016165967,0.002137115,0.0015814091,0.0017842811,2.866483,2.966965,2.6119425,2.662794,275.94724,270.02707,5.920166,288.56128,279.57864,8.9826355,298.92712,289.02853,9.89859,289.47845,281.05826,8.420197,16.677419354838708,5.225806451612903
Ravenna,44.4175,12.20111,0.00039006773,2.2220356e-06,0.0,0.00011126457,278.2369,285.86658,296.10486,288.44693,0.0021851312,0.002090308,0.0017175897,0.0027323435,3.0782673,2.9585555,2.7164292,2.882959,280.8199,275.71686,5.1030273,289.23657,282.47586,6.7607117,299.82132,292.25626,7.5650635,291.67682,285.4525,6.224304,14.0,5.806451612903226
Reading,51.456249,-0.97113,0.00023378665,1.1304231e-05,0.0,6.372242e-05,276.682,281.5275,288.77078,283.38416,0.0015505708,0.0017372391,0.0017021844,0.0016703019,4.4811735,4.1244335,3.8141873,4.0829945,279.03485,274.16074,4.874115,285.29306,277.6558,7.637268,292.70187,284.64908,8.052795,286.5769,280.18567,6.3912354,0.3870967741935484,0.2580645161290322
Regensburg,49.014999,12.09556,0.0007139617,3.0673535e-05,0.0,0.0003749145,271.80264,281.63876,290.3648,282.09186,0.0018709706,0.0025318821,0.0022916247,0.0017339448,2.9900978,2.9133914,2.543321,2.647833,274.3699,268.94315,5.426758,285.99777,277.26556,8.732208,294.96857,285.7549,9.213654,285.88846,278.53848,7.3499756,3.3225806451612905,1.967741935483871
Reims,49.25,4.03333,0.0002770737,7.5826792e-06,0.0,0.00010107352,275.61987,282.7786,290.44034,283.84607,0.0019735566,0.0020355375,0.0019338669,0.0021258984,3.9800518,3.621144,3.1831453,3.5324388,277.97763,272.99643,4.981201,286.80472,278.5243,8.280426,294.69757,285.9358,8.76178,287.338,280.4148,6.923218,3.4838709677419355,1.7741935483870968
Rennes,48.11198,-1.67429,8.260339e-05,1.0945143e-06,0.0,2.3812856e-05,277.85455,283.29163,290.32816,285.00327,0.0019758574,0.0019395761,0.001603338,0.0021651816,3.90938,3.656717,3.2549376,3.4719198,280.50034,275.18304,5.3172913,287.24454,279.32422,7.9203186,294.60052,286.02127,8.579254,288.5031,281.68323,6.8198853,1.870967741935484,1.0
Reykjavík,64.135483,-21.895411,0.0014431203,0.000350951,1.43994885e-05,0.0009861483,271.29578,275.51547,282.83813,277.1243,0.0041281255,0.0032568132,0.0033991951,0.004720223,5.383476,4.7109294,3.9219928,4.8377542,273.66107,268.81677,4.8442993,277.82092,272.9046,4.916321,284.91202,280.62183,4.2901917,279.0049,275.08948,3.9154358,0.0,0.0
Riga,56.945999,24.10589,0.0010057284,0.00010794097,5.0631904e-08,0.00052605796,268.5331,277.2632,289.51108,280.3062,0.0013584648,0.0018814764,0.0025697588,0.0018254864,4.555355,3.9848788,3.7177508,4.454732,270.57022,266.22803,4.3421936,280.5433,273.6196,6.923706,292.73376,285.8832,6.8505554,282.60645,277.9872,4.619232,0.032258064516129,0.032258064516129
Rimini,44.063332,12.58083,0.0003937864,3.741954e-06,0.0,0.00011047705,279.26855,285.71118,295.7155,288.81143,0.002361743,0.0019714916,0.0016899712,0.0029172827,3.8225873,3.4292247,3.0781138,3.4291654,281.08374,277.39816,3.6855774,288.03522,283.272,4.763214,298.2747,292.93262,5.3420715,291.03375,286.64594,4.3878174,2.032258064516129,1.1935483870967742
Rome,41.894741,12.4839,0.00010203567,6.590692e-07,0.0,1.1290487e-05,280.7867,286.23444,295.69046,289.50177,0.0031694428,0.0017864192,0.0014448115,0.004454798,3.3211842,2.8859804,2.5909312,2.8153765,283.79535,278.0219,5.7734375,289.70004,282.74887,6.951172,299.47986,291.77927,7.700592,292.79837,286.46408,6.3342896,8.225806451612904,4.451612903225806
Roquetas de Mar,36.764191,-2.61475,5.9805676e-05,5.0253766e-06,0.0,2.7975088e-05,284.00668,287.97223,295.9556,291.00223,0.0012542492,0.0008639896,0.0002464838,0.0014268326,4.4964466,4.5553126,3.9278817,4.069392,286.09625,282.07446,4.0217896,290.06256,285.68835,4.3742065,298.17264,293.48752,4.6851196,293.0748,288.9817,4.093109,0.4516129032258064,0.3870967741935484
Rostock,54.088699,12.14049,0.0006353197,5.0286453e-05,0.0,0.0002214774,273.07916,279.6036,289.53265,282.31644,0.0015831564,0.0018473992,0.0023418756,0.0017102752,5.3406105,4.7802086,4.4529624,4.886425,274.67767,271.258,3.4196777,282.41034,276.67618,5.7341614,292.4644,286.37067,6.0937195,284.57983,280.08527,4.494568,0.0,0.0
Rotterdam,51.922501,4.47917,0.0002655761,4.3026434e-06,0.0,6.913178e-05,275.88498,281.82553,289.5148,284.05444,0.0018150371,0.0017959526,0.0023855343,0.002195355,5.0884285,4.5336604,4.212542,4.638574,277.7951,273.78183,4.013275,284.9732,278.49316,6.4800415,292.69272,286.09164,6.601074,286.6867,281.4251,5.2615967,0.6774193548387096,0.4516129032258064
Rouen,49.44313,1.09932,0.00022588174,1.0356307e-05,0.0,6.454254e-05,276.40762,282.3617,289.6324,283.9921,0.001871878,0.0019680038,0.0018197797,0.002049007,4.2572985,3.87049,3.4842565,3.80784,278.76978,273.90225,4.867523,286.21875,278.3651,7.8536377,293.7336,285.3331,8.400513,287.3318,280.76706,6.564728,1.6774193548387095,0.935483870967742
Saint Petersburg,59.89444,30.26417,0.0011703554,0.00016482266,9.588016e-07,0.00083459984,265.35522,275.39197,288.7232,277.89282,0.0012771408,0.001716836,0.002545061,0.0018088312,3.9772048,3.5754645,3.2463467,3.894569,267.59045,262.84204,4.748413,279.03412,271.15683,7.877289,292.48132,284.2253,8.256012,280.29117,275.39264,4.898529,0.0967741935483871,0.0967741935483871
Saint-Étienne,45.433331,4.4,0.0006417283,4.817738e-05,3.0122777e-08,0.00032315202,274.2433,281.8427,290.3691,283.0517,0.002260931,0.002724375,0.0025598696,0.002567873,2.9898758,3.083509,2.600652,2.7068295,277.20218,271.1984,6.003784,286.09,277.53876,8.551239,295.06924,285.56097,9.50827,286.93698,279.3856,7.5513916,2.548387096774193,1.6129032258064515
Salamanca,40.968819,-5.66388,0.00018934644,8.5206875e-06,4.2727344e-10,9.767492e-05,276.98987,283.2511,293.20444,285.37283,0.0019760458,0.0015218976,0.0006243593,0.0017847861,3.2744942,3.1259027,2.643109,2.7799213,280.69504,273.69876,6.996277,288.20792,278.2506,9.957306,299.43396,286.5367,12.897247,290.39124,280.73837,9.652863,21.870967741935484,6.806451612903226
Salerno,40.677971,14.76599,0.00013105567,2.0231398e-06,0.0,2.4253535e-05,281.82324,286.3582,295.51648,290.12415,0.0041046846,0.0017990818,0.0012874741,0.0056986134,3.9759626,3.035001,2.5227313,3.1176114,283.87903,279.82516,4.0538635,288.8228,283.79474,5.028076,298.164,292.70175,5.4622498,292.5311,287.83582,4.695282,1.6451612903225807,1.1290322580645162
Salzburg,47.799412,13.04399,0.002517374,0.0006310783,2.6396669e-05,0.0015836933,269.16632,278.2827,287.6032,279.72324,0.0034545206,0.0053686546,0.005580417,0.0031817025,1.8775814,1.8637373,1.6517644,1.7041935,272.3362,265.84457,6.491638,282.97958,273.6113,9.368286,292.36642,282.78876,9.577667,284.24643,275.56317,8.683258,0.4193548387096774,0.3548387096774194
Santander,43.464722,-3.80444,0.00021485702,1.2181993e-05,0.0,5.371254e-05,281.63458,284.85745,291.10193,287.9651,0.0034101035,0.002669073,0.0021689238,0.0041342527,4.5253954,3.8703825,3.399441,3.8645306,283.57343,279.7626,3.8108215,287.02097,282.70847,4.3125,293.18158,289.05734,4.124237,290.0555,286.03702,4.0184937,0.064516129032258,0.064516129032258
Santiago de Compostela,42.88052,-8.54569,3.0536805e-05,2.4696408e-07,0.0,2.9819412e-06,280.74286,284.412,290.56445,286.70953,0.0053367205,0.003015531,0.001592872,0.0047018565,4.0284534,3.901778,3.5064576,3.4752808,283.86234,277.85233,6.01001,288.19257,280.85855,7.334015,294.8683,286.55606,8.312225,290.45874,283.504,6.9547424,1.967741935483871,1.2258064516129032
Sarajevo,43.84864,18.35644,0.0019805888,0.00024707583,1.7184403e-06,0.00096128625,270.89545,280.2322,289.9538,282.23172,0.00308272,0.0035780182,0.0023768025,0.0033945902,1.8726968,1.9271978,1.6719086,1.7411661,274.38943,267.2955,7.093933,284.7475,275.8083,8.939209,294.77063,285.12436,9.646271,286.8076,278.221,8.586578,2.129032258064516,1.1935483870967742
Setúbal,38.524399,-8.8882,2.9926232e-06,0.0,0.0,0.0,284.6453,288.08786,293.7454,290.52386,0.0028781907,0.0011045821,0.00034377395,0.0024867007,4.6157737,4.494399,4.6516433,4.0972424,287.11288,282.28394,4.828949,291.1763,285.15854,6.017761,297.91492,289.8537,8.061218,293.72357,287.67673,6.0468445,3.645161290322581,2.0
Sevilla,37.382408,-5.97613,5.2319633e-06,2.136367e-09,0.0,1.6193664e-07,283.3392,289.3891,299.06335,291.80594,0.0024995385,0.0011291213,0.00031800082,0.0023679016,2.847417,2.8214955,2.5241706,2.4797134,287.7083,279.36993,8.338379,294.51492,284.26874,10.246185,305.43054,292.5736,12.856934,296.97552,287.06253,9.912994,89.87096774193549,36.83870967741935
Sheffield,53.382969,-1.4659,0.0005264402,2.5421914e-05,0.0,0.000112755755,275.93478,280.59952,287.69025,282.55405,0.0018777839,0.0020302206,0.0021573582,0.0019039434,4.7326894,4.338395,4.05441,4.3811803,278.24353,273.59207,4.6514587,284.23862,276.9362,7.302429,291.37244,283.87378,7.498657,285.53445,279.63657,5.897888,0.032258064516129,0.032258064516129
Siracusa,37.085152,15.273,6.186919e-07,0.0,0.0,7.0030114e-07,285.0294,288.3551,297.66232,292.965,0.0018288046,0.000568642,0.00053038134,0.0026814996,4.77798,3.7895658,3.0212178,3.6405768,286.90216,283.34833,3.553833,290.32404,286.36008,3.9639587,299.67233,295.54675,4.12558,294.7961,291.2001,3.5960083,5.741935483870968,2.967741935483871
Skopje,42.001221,21.42878,0.0011780636,6.931507e-05,2.82855e-07,0.000485583,272.5519,282.23447,292.86755,284.35657,0.002063476,0.0026814092,0.001268527,0.0022764967,1.6980307,1.7209486,1.6570456,1.5754843,276.37787,268.72473,7.653137,287.27444,277.17773,10.09671,298.54428,287.04074,11.50354,289.40195,279.81378,9.588165,13.516129032258064,5.548387096774194
Sochi,43.599171,39.725689,0.0018346151,0.00010549916,1.129711e-06,0.00062811887,277.2428,282.53226,293.2894,286.8002,0.004633878,0.003073258,0.0027326168,0.0040741926,3.3183727,2.6501691,2.2162595,2.5095928,279.33942,275.2444,4.0950317,284.92017,279.88403,5.036133,295.63864,290.62387,5.0147705,289.41,284.28287,5.127136,0.1612903225806451,0.1612903225806451
Sofia,42.69751,23.32415,0.0011145537,0.00011098497,2.021591e-06,0.0005335325,271.1322,281.20502,291.32736,282.84512,0.0017981176,0.0030095822,0.0016202157,0.0017977434,1.9570608,2.0004933,1.7920002,1.8149258,275.34888,267.18945,8.159424,286.01892,276.5074,9.511536,296.35257,286.24673,10.105835,287.98917,278.45728,9.531891,2.935483870967742,1.935483870967742
Southampton,50.90395,-1.40428,0.00016707278,6.9013204e-06,0.0,4.0897437e-05,278.15195,281.8636,288.7396,284.64883,0.0018792076,0.0016012647,0.0017107418,0.0022774353,5.7605395,4.964923,4.569081,5.2172866,279.92874,276.2253,3.7034302,284.43283,279.16245,5.2703857,291.38513,285.91983,5.4653015,286.82812,282.3939,4.4342346,0.0,0.0
Split,43.508911,16.43915,0.00033792394,1.1378078e-05,0.0,9.5646436e-05,279.2194,285.41937,294.76526,288.46643,0.00367633,0.0022077714,0.0015843607,0.005327116,4.2432675,3.6891851,3.0300677,3.6229272,281.30185,277.07855,4.223297,287.67117,282.96503,4.7061462,297.13583,292.08005,5.055786,290.75266,286.22903,4.5236206,0.0967741935483871,0.0967741935483871
Stockholm,59.332581,18.064899,0.0010372114,0.00010488639,1.2561839e-07,0.0004541547,270.21545,276.79736,288.66812,280.37396,0.0013065941,0.001393588,0.0020676556,0.0017151544,4.71169,4.1086793,3.7390528,4.5166516,272.1433,268.15182,3.9914856,279.63123,273.89053,5.740692,291.38528,285.81528,5.5700073,282.30386,278.41095,3.8929138,0.0,0.0
Strasbourg,48.58342,7.74296,0.0005616817,2.5784242e-05,0.0,0.00022342491,274.21436,282.83774,291.08868,283.3872,0.0024511002,0.002611538,0.0023910513,0.0022987225,3.0244331,2.7321792,2.407311,2.5919347,276.6563,271.5739,5.0823975,287.05872,278.49777,8.560944,295.5178,286.56042,8.957367,287.03842,279.92316,7.115265,5.612903225806452,2.548387096774193
Stuttgart,48.782318,9.17702,0.0008034497,5.7619105e-05,2.990914e-09,0.00037456007,272.9059,281.77206,290.1304,282.3653,0.0023777466,0.0028207866,0.0024982404,0.002143066,3.1267035,2.8410313,2.5036702,2.670457,275.4502,270.07175,5.3784485,285.97427,277.3848,8.589478,294.52872,285.5253,9.003418,286.10126,278.78793,7.313324,3.3870967741935485,1.903225806451613
Szczecin,53.42894,14.55302,0.0006291966,4.2170926e-05,0.0,0.00025315167,272.01508,280.24762,290.09903,282.2181,0.0014922831,0.0018913265,0.0021668763,0.0015943608,4.3511415,3.9967954,3.591782,4.0353475,274.04782,269.6926,4.3552246,283.8366,276.45126,7.3853455,293.82877,285.97232,7.8564453,285.22095,279.3152,5.9057617,0.7096774193548387,0.5806451612903226
Szeged,46.252998,20.148239,0.0005304025,4.213557e-06,0.0,0.000173927,273.25327,284.65372,295.1153,285.57373,0.0014780978,0.001982101,0.0012839173,0.0016228751,2.921078,3.0124958,2.7056184,2.8029957,276.1739,270.18167,5.992218,289.27322,279.96518,9.308044,300.2392,289.68427,10.554932,290.3187,281.28918,9.0295105,26.741935483870968,7.161290322580645
Tallinn,59.436958,24.753531,0.0011215319,0.00012766995,2.2303674e-07,0.00063716614,268.13382,275.45877,288.31793,279.51328,0.001322172,0.0015424042,0.0026876729,0.0018713585,5.0156236,4.366967,4.0769353,4.9905286,270.04776,265.9909,4.0568542,278.2062,272.2644,5.941803,291.01917,285.14926,5.8699036,281.38617,277.52402,3.862152,0.0,0.0
Tampere,61.499111,23.787121,0.0011156858,0.00021911066,1.3242628e-06,0.0008598451,265.69745,274.84714,288.34686,277.9521,0.0012088409,0.0016241542,0.002480843,0.0017487823,3.4572537,3.2328637,2.9942336,3.5479603,268.01523,263.1805,4.834717,278.5239,270.83908,7.6848145,291.7103,284.536,7.174286,280.0282,275.7993,4.2289124,0.0,0.0
Taranto,40.476109,17.229719,4.630049e-05,8.545468e-09,0.0,7.1457207e-06,282.8352,287.4158,297.44473,291.3278,0.0021366747,0.0009893841,0.00077194296,0.0027246873,4.6655416,3.8600707,3.429863,3.8445365,284.93222,280.79977,4.1324463,290.0974,284.8359,5.261505,300.46454,294.45868,6.0058594,293.83185,289.04544,4.7864075,14.741935483870968,6.548387096774194
The Hague,52.076672,4.29861,0.00026334636,3.4316465e-06,0.0,5.6034136e-05,276.63312,281.31732,289.07593,284.70218,0.0018935519,0.0015986332,0.002555996,0.0026468274,6.5535684,5.580235,5.2197523,6.021343,278.0926,275.0524,3.0401917,283.35056,279.14474,4.2058105,291.06256,286.92844,4.1341248,286.4696,282.90738,3.5622253,0.0,0.0
Thessaloníki,40.640282,22.94389,0.00046230195,2.4485973e-06,0.0,0.00012903156,278.61102,286.62106,297.59805,289.34213,0.0023578727,0.001675161,0.0008676244,0.0028525277,2.5045228,2.283968,2.2341275,2.1701217,281.56036,275.77036,5.7900085,290.13608,283.2407,6.8953857,301.47534,293.73148,7.743866,292.79782,286.2751,6.5227356,29.12903225806452,9.225806451612904
Tilburg,51.555511,5.0913,0.0002899625,5.122314e-06,0.0,8.536346e-05,275.38647,282.15765,289.8357,283.68454,0.0018439331,0.0019566636,0.0022446546,0.001975773,4.2467246,3.8478298,3.5323129,3.8479874,277.49643,273.02188,4.4745483,285.922,278.1651,7.756897,293.68973,285.69305,7.9966736,286.77502,280.58862,6.1864014,2.032258064516129,1.1935483870967742
Timişoara,45.753719,21.22571,0.0006031924,4.46985e-06,0.0,0.00021547088,273.32928,284.63913,294.7899,285.59183,0.0016924061,0.0023521448,0.0015375669,0.0018094927,2.5427587,2.6565769,2.3617084,2.4489782,276.3807,270.15872,6.221985,289.27832,279.9638,9.314514,299.85706,289.50098,10.356079,290.3514,281.3277,9.023712,22.774193548387096,6.709677419354839
Tirana,41.327499,19.81889,0.000806871,2.7079255e-05,5.607964e-08,0.00020210157,277.69003,284.82355,294.63574,287.7138,0.0045035873,0.0028819742,0.0015558196,0.0050726943,2.5752614,2.0725002,1.9087275,2.0970545,281.1418,274.54712,6.594696,288.86444,280.7465,8.11795,298.98492,290.0325,8.952423,291.91074,284.0737,7.837036,9.0,4.32258064516129
Toledo,39.858101,-4.02263,0.00010979517,2.2079353e-06,0.0,3.5956127e-05,278.34323,285.48456,296.76953,287.5806,0.0017688959,0.0013135736,0.00049236085,0.0016965277,2.7903361,2.8224828,2.5014665,2.4492316,282.38943,274.63226,7.7571716,290.65573,280.14285,10.512878,302.96237,290.02057,12.941803,292.60492,282.75412,9.8508,58.54838709677419,21.483870967741936
Toruń,53.013748,18.598141,0.00068837276,4.587485e-05,0.0,0.0003133523,270.67264,280.05502,290.50656,281.69113,0.0013201518,0.00182304,0.0021243026,0.001457956,4.0612564,3.7950442,3.3614662,3.7862923,272.8886,268.10147,4.78714,283.9085,275.8578,8.05072,294.6824,285.78137,8.9010315,284.9804,278.46063,6.5197754,1.5161290322580645,1.064516129032258
Toulon,43.116669,5.93333,9.452175e-05,4.526428e-07,0.0,2.9211084e-05,280.8128,286.06433,294.6804,288.89484,0.0020879097,0.0013546521,0.0009905767,0.0030039882,5.656534,5.0531664,4.5728064,4.8936324,283.05457,278.64017,4.414398,288.63953,283.35452,5.2850037,297.46637,291.65823,5.808136,291.31677,286.56418,4.752594,0.1935483870967742,0.1612903225806451
Toulouse,43.604259,1.44367,0.00016047669,8.7708554e-07,0.0,6.6415116e-05,278.41183,284.97522,293.1321,286.76572,0.0021776403,0.0025022812,0.0017914554,0.0022759258,3.2363899,3.2711706,2.7601395,2.9193506,281.7936,275.24377,6.549835,289.45865,280.61368,8.844971,297.99222,288.3007,9.691528,291.1075,282.8997,8.207825,12.258064516129032,3.741935483870968
Tours,47.383331,0.68333,0.00014321058,5.3174713e-06,0.0,5.361582e-05,277.21353,283.73764,291.52774,285.14847,0.0019880405,0.0018799208,0.0015843607,0.0020300522,3.9478793,3.6117024,3.1993332,3.4410777,279.8878,274.4313,5.456482,287.873,279.50394,8.369049,295.98737,286.8687,9.118652,288.85416,281.61707,7.237091,4.870967741935484,2.419354838709677
Trier,49.75565,6.63935,0.00056062505,2.1892638e-05,0.0,0.0002659542,273.4773,281.3272,289.23676,282.1301,0.0022076091,0.002283058,0.0022114408,0.0022719735,3.7891238,3.4599066,3.0850244,3.359682,275.5992,271.07718,4.5220337,285.2305,277.1808,8.049713,293.38733,284.80966,8.577667,285.43015,278.86542,6.564728,1.6774193548387095,0.935483870967742
Trieste,45.648609,13.78,0.00050170725,2.959424e-05,7.007284e-08,0.00020779845,276.08136,284.03952,293.48596,286.13596,0.0032151325,0.003701869,0.003630616,0.0048208353,3.1007524,2.7023215,2.30526,2.8456438,278.47568,273.78604,4.689636,287.05222,280.9862,6.0660095,296.73203,290.15448,6.577545,289.0192,283.52884,5.4903564,0.6774193548387096,0.5483870967741935
Turin,45.070492,7.68682,0.0012287473,0.0004013152,2.406874e-05,0.00083105505,271.7525,281.2511,290.85284,282.56845,0.0023869341,0.0042448584,0.0032493183,0.0034255174,1.4045911,1.4147667,1.3337762,1.301107,275.463,268.53323,6.929779,285.4368,276.92355,8.513245,295.1195,286.19116,8.928345,286.37463,278.97,7.4046326,0.2903225806451613,0.1612903225806451
Turku,60.451481,22.26869,0.0011567759,0.00014562419,5.2497666e-07,0.0006401451,268.0791,275.55795,288.48215,279.09583,0.001384865,0.001460832,0.0025244204,0.0018835728,4.167922,3.6984158,3.5009155,4.127132,270.334,265.63464,4.6993713,278.9856,271.7385,7.247101,291.84695,284.58487,7.262085,281.2776,276.77805,4.499542,0.0,0.0
Utrecht,52.090832,5.12222,0.000291128,5.253861e-06,0.0,8.14842e-05,275.45987,281.7605,289.50266,283.7551,0.0017960309,0.0018810271,0.0023924753,0.0020762305,4.7530174,4.29445,3.9506645,4.3137455,277.43057,273.27213,4.1584473,285.1527,278.1979,6.9548035,292.93918,285.80246,7.1367188,286.54208,280.9766,5.5654907,0.967741935483871,0.6451612903225806
Valencia,39.469749,-0.37739,5.6357367e-05,3.6269105e-06,0.0,7.679812e-06,282.62085,287.69556,296.44562,290.62357,0.0012841669,0.0010306101,0.00082839944,0.0020328464,3.8072858,3.284615,2.8494875,3.0529714,286.03992,279.6897,6.3502197,291.3642,284.17245,7.191742,300.16492,292.8092,7.355713,294.08994,287.59564,6.494293,10.580645161290322,3.5161290322580645
Valladolid,41.655182,-4.72372,0.00015932044,4.6502305e-06,0.0,8.277675e-05,277.03555,283.46494,293.32257,285.4797,0.0017608374,0.0014970833,0.0006675361,0.0016384543,3.3146055,3.281194,2.9531844,2.9055116,280.72562,273.67935,7.0462646,288.65366,278.33914,10.314514,299.84525,286.51352,13.331726,290.60104,280.70013,9.900909,25.741935483870968,7.741935483870968
Vantaa,60.29414,25.040991,0.0013704343,0.00016488139,5.2640087e-07,0.0008312385,267.85052,275.12946,288.23715,279.1133,0.0015356218,0.0014931794,0.0024624418,0.0020915924,5.107796,4.3552113,4.0925474,5.0050764,269.80252,265.71332,4.089203,277.76056,272.1274,5.633148,290.80508,285.26538,5.5397034,280.89456,277.18756,3.7070007,0.0,0.0
Varna,43.216671,27.91667,0.00052958063,6.3012153e-06,0.0,0.0002161681,275.3229,283.18765,294.60782,286.66736,0.0015830704,0.0018238311,0.0009473251,0.001730813,4.398471,3.6429067,3.267544,3.8308644,277.9277,272.72064,5.207062,286.35324,280.1201,6.2331543,298.1355,291.12515,7.0103455,289.8747,283.74213,6.1325684,2.677419354838709,1.6774193548387095
Venezia,45.43861,12.32667,0.00019767816,6.361033e-07,0.0,3.3921453e-05,277.82324,285.71347,295.46426,288.1443,0.0022101146,0.002822894,0.0024845176,0.003322395,3.1944556,2.957616,2.6284466,3.033656,279.9605,275.79654,4.163971,288.38025,282.9935,5.3867493,298.30515,292.48734,5.81781,290.61743,285.77847,4.8389587,2.7419354838709675,1.6774193548387095
Verona,45.434189,10.99779,0.0005067553,3.628406e-05,1.0681836e-08,0.00018790909,274.86008,284.59702,294.20505,285.96637,0.0020763353,0.0035266953,0.002706437,0.0030519732,1.7259638,1.8611903,1.6339996,1.6996158,278.34088,271.68948,6.6513977,288.9375,280.12192,8.815582,298.59924,289.5787,9.020538,289.78546,282.46982,7.3156433,8.612903225806452,3.935483870967742
Vienna,48.208488,16.37208,0.00068292057,2.577292e-05,0.0,0.00033900494,271.98,282.45422,291.9677,283.24747,0.0013766348,0.0022988012,0.0019792775,0.0014965065,3.581857,3.5298722,3.1972246,3.2723632,274.5129,269.09555,5.4173584,286.72772,278.03412,8.6936035,296.5626,287.1953,9.367279,287.22144,279.5118,7.7096252,6.161290322580645,2.677419354838709
Vigo,42.232819,-8.72264,1.5500911e-05,2.8171561e-07,0.0,1.5190994e-06,282.14545,285.48117,291.2774,287.74493,0.007073408,0.0034389838,0.0016334947,0.006207996,4.3774576,4.2285995,3.8577285,3.7637181,284.71136,279.67932,5.0320435,288.3847,282.544,5.8406982,294.47403,288.01508,6.458954,290.64438,285.1033,5.5410767,0.0967741935483871,0.0967741935483871
Vilnius,54.689159,25.2798,0.0011557308,0.00010331451,0.0,0.0006032885,267.48294,278.12625,289.7874,279.60562,0.0015200279,0.0021915077,0.0024733783,0.0017245645,4.135599,3.7516103,3.3132453,3.9041522,269.72913,264.75076,4.978363,281.81866,273.98,7.8386536,293.78604,285.1568,8.629242,282.53354,276.68066,5.8528748,0.4838709677419355,0.2903225806451613
Warsaw,52.229771,21.01178,0.0008172066,4.398324e-05,0.0,0.00034499425,270.2803,280.40887,291.03668,281.65823,0.0014383482,0.0019831425,0.002148864,0.0015260943,3.8139482,3.5553439,3.1416662,3.5453057,272.6049,267.55585,5.0490417,284.3565,276.13702,8.219482,295.34738,286.20505,9.142334,285.0696,278.30853,6.761078,2.774193548387097,1.4516129032258065
Wiesbaden,50.082581,8.24932,0.00046967325,1.203266e-05,0.0,0.00021717539,273.47986,281.85068,290.1908,282.5589,0.0017547702,0.0020408675,0.0020158642,0.0018299223,3.2746863,3.0740905,2.7700686,2.9231968,275.6439,270.99048,4.653412,285.875,277.5521,8.3229065,294.52216,285.5986,8.923553,285.9555,279.1607,6.7948,3.4516129032258065,1.967741935483871
Wolverhampton,52.585468,-2.12296,0.00033452146,9.589297e-06,0.0,7.695969e-05,276.34305,281.12045,288.16315,282.8929,0.0016804158,0.0019308002,0.0019586766,0.0017729473,4.412252,4.09263,3.7697403,4.071839,278.75665,273.83978,4.91687,284.86853,277.2864,7.582123,291.989,284.1324,7.8566284,286.01083,279.79684,6.2139893,0.064516129032258,0.064516129032258
Wrocław,51.099998,17.033331,0.0006906183,2.65982e-05,0.0,0.00028316843,271.4218,280.96313,290.82465,282.28503,0.0014512308,0.0021096326,0.0021097,0.0014631269,3.7958102,3.5521326,3.1274207,3.434102,273.80215,268.6553,5.1468506,284.9954,276.68073,8.314667,295.23026,286.0103,9.21994,286.03867,278.69135,7.3473206,3.193548387096774,1.7419354838709675
Wuppertal,51.270271,7.16755,0.00057186617,2.1668744e-05,0.0,0.00022682174,274.26233,281.81677,289.7281,283.03455,0.0024981096,0.0024271978,0.0026861655,0.0026033565,4.111905,3.614705,3.272311,3.7096756,276.33844,271.9087,4.4297485,285.60446,277.80255,7.8019104,293.67258,285.55347,8.11911,286.154,279.96265,6.191345,2.064516129032258,1.1290322580645162
Yaroslavl',57.629871,39.87368,0.0012676689,0.00016720033,1.1332894e-06,0.0009490224,262.50748,276.02832,289.73993,276.72748,0.0013457434,0.0019604007,0.0023739492,0.0017019645,3.8381546,3.6222456,3.1653528,3.7697415,265.0765,259.46368,5.6128235,279.78195,271.58698,8.194977,293.7643,284.98175,8.782562,279.4434,273.8483,5.595093,1.0,0.7741935483870968
York,53.95763,-1.08271,0.00044836153,1.985027e-05,0.0,9.679901e-05,276.28033,280.79074,287.90292,282.9056,0.0016925891,0.0018240295,0.0019937006,0.0018102695,4.714224,4.352747,4.016382,4.378429,278.65863,273.84583,4.812805,284.38382,277.1295,7.2543335,291.55167,284.05862,7.493042,285.96448,279.89,6.074463,0.0,0.0
Zagreb,45.814442,15.97798,0.000837918,1.758273e-05,2.0509125e-08,0.00045605714,272.8571,283.66064,293.25195,284.49484,0.0019260445,0.0027557367,0.002180759,0.0023386613,2.0928547,2.341403,1.8955859,2.005386,276.05383,269.44946,6.60437,288.32465,279.00653,9.318115,298.15506,288.31247,9.84259,288.76227,280.57706,8.185211,11.225806451612904,4.0
Zaragoza,41.656059,-0.87734,0.0001555436,3.9558577e-06,0.0,5.928467e-05,278.58847,285.74734,295.2752,287.2993,0.00115464,0.001301338,0.0009175911,0.0012964522,3.9395535,3.9073634,3.5050178,3.339317,282.54062,275.13324,7.407379,291.13394,280.5824,10.551544,301.6126,289.1056,12.507019,292.27463,282.85254,9.422089,40.58064516129032,10.064516129032258
Zürich,47.366669,8.55,0.001773248,0.00045549517,2.487228e-05,0.001056664,271.37274,279.9564,288.86258,281.429,0.003190352,0.0043770326,0.004249705,0.0030161866,2.0957289,2.0017507,1.8111595,1.8392364,274.0456,268.60745,5.438141,284.21634,275.674,8.542328,293.14413,284.4221,8.722046,284.99457,278.10876,6.885803,0.6129032258064516,0.4516129032258064
Århus,56.156738,10.21076,0.0007687388,5.908807e-05,0.0,0.00024102644,273.53458,278.7814,288.63605,282.28445,0.001643238,0.0015992315,0.0022276584,0.0019500222,5.8500996,5.158619,4.858508,5.4535747,274.98242,271.9944,2.988037,281.08026,276.3924,4.687866,291.11566,285.91858,5.1970825,284.0728,280.46112,3.6116943,0.0,0.0
Łódź,51.75,19.466669,0.0008152793,4.234422e-05,0.0,0.0003678491,270.4712,280.30923,290.68073,281.70123,0.0014777725,0.0020244285,0.002236716,0.0015230179,4.276371,3.885273,3.3979254,3.856685,272.76315,267.7825,4.980652,284.2436,276.0463,8.197296,295.02322,285.82724,9.195984,285.27655,278.23254,7.0440063,2.7419354838709675,1.3870967741935485
