city,latitude,longitude,hot_days,hot_days_consec,tp_winter,tp_spring,tp_summer,tp_autumn,sf_winter,sf_spring,sf_summer,sf_autumn,si10_winter,si10_spring,si10_summer,si10_autumn,t2m_winter,t2m_spring,t2m_summer,t2m_autumn,max_t2m_winter,max_t2m_spring,max_t2m_summer,max_t2m_autumn,min_t2m_winter,min_t2m_spring,min_t2m_summer,min_t2m_autumn,temp_range_winter,temp_range_spring,temp_range_summer,temp_range_autumn
Aachen,50.776642,6.08342,8.9,3.0,0.0031418903,0.002263542,0.0026769233,0.0025968265,0.0003940551,6.855172e-05,1.6923419e-08,5.3139272e-05,4.496665,3.6209457,3.2259688,3.973615,277.08514,283.3305,291.5062,284.72476,279.90115,288.01535,296.625,288.78192,274.26593,278.50693,286.28775,280.95404,5.6352234,9.508423,10.33725,7.827881
Aberdeen,57.143688,-2.09814,0.0,0.0,0.0026408583,0.0018798125,0.001979252,0.002911385,0.00022780705,7.631911e-05,1.2721752e-08,1.46579105e-05,6.515926,5.3834887,4.5105386,6.0903683,277.97766,280.7533,286.95682,283.0838,280.0965,283.6237,290.01178,285.5524,275.70837,277.71457,283.75613,280.5514,4.3881226,5.9091187,6.2556458,5.001007
Aix-en-Provence,43.528301,5.44973,27.933333333333334,12.533333333333333,0.0019241481,0.002025644,0.00083520054,0.003025627,1.8081124e-05,2.1556707e-06,1.3387284e-09,4.839599e-06,3.2190788,3.443286,3.0820198,3.1051812,280.681,286.35175,296.15854,289.30515,284.43445,290.86087,301.20718,293.5489,277.48102,281.8026,290.8146,285.5628,6.95343,9.058258,10.392578,7.986084
Alcalá de Henares,40.482052,-3.35996,81.3,39.6,0.0014046956,0.0014078697,0.0006167338,0.0015877647,0.00016137131,3.6257014e-05,1.026475e-06,3.1933487e-05,2.2791183,2.4622445,2.323252,2.117768,280.0898,286.27533,297.70612,288.99707,285.43796,292.71237,305.38898,295.2543,275.33533,279.64014,289.39578,283.1238,10.102631,13.072235,15.993195,12.130493
Alicante,38.345169,-0.48149,90.53333333333333,50.333333333333336,0.0011708015,0.00111139,0.00036102452,0.0017909275,1.060034e-05,3.4710367e-06,2.022068e-09,1.5681799e-06,2.8411896,2.6854398,2.3193884,2.4157574,284.24298,288.95853,298.91684,292.54114,290.03122,295.00177,305.16785,298.3931,279.34412,283.03305,292.7484,287.4171,10.687103,11.9687195,12.419434,10.975983
Almería,36.838139,-2.45974,70.56666666666666,39.03333333333333,0.0012572993,0.000844721,0.00025603705,0.0011124689,0.00014265174,3.0049814e-05,4.126535e-10,1.7312237e-05,2.0179822,2.1540613,1.908903,1.8747978,282.68692,287.66583,297.87198,291.14862,288.30188,293.2686,303.94888,296.8594,278.1447,281.93973,291.37778,286.0997,10.157166,11.328857,12.571106,10.759705
Amersfoort,52.154999,5.3875,5.633333333333334,2.4,0.0028738861,0.0020304408,0.0024702204,0.002714412,0.00016353546,1.9590632e-05,4.868442e-09,1.2481238e-05,4.6337857,3.9007342,3.4622831,4.1153836,277.69363,283.23654,290.85953,284.541,280.3494,287.82428,295.79675,288.52853,274.96445,278.3814,285.56332,280.771,5.3849487,9.442871,10.233429,7.757538
Amiens,49.900002,2.3,5.933333333333334,2.4,0.003001955,0.0021676265,0.0023689508,0.0025027292,0.00017331673,1.9418794e-05,6.5622894e-09,1.1281639e-05,4.4911637,3.8102713,3.3867047,3.9117901,278.57028,283.9294,291.64243,285.79083,280.99084,287.94153,296.16055,289.46115,276.1127,279.76886,286.90524,282.24548,4.8781433,8.172668,9.25531,7.2156677
Amsterdam,52.374031,4.88969,0.3333333333333333,0.23333333333333334,0.0030947393,0.0021204331,0.0026545897,0.0033147663,0.00016098388,1.5752832e-05,6.840521e-09,7.907332e-06,6.0170345,4.994725,4.4277973,5.4263473,277.8349,282.84207,290.33493,284.99985,279.9401,286.25168,293.8444,288.00873,275.61288,279.18246,286.38034,282.05432,4.3272095,7.069214,7.4640503,5.9544067
Angers,47.466671,-0.55,17.4,5.666666666666667,0.0027744567,0.0019881076,0.0014820794,0.002270402,5.1816027e-05,5.664469e-06,8.1724805e-09,5.923878e-07,4.0326366,3.6265059,3.19327,3.440427,279.48947,284.77835,292.91873,286.78253,282.64423,289.65125,298.49167,291.49042,276.38608,279.7878,287.11136,282.34857,6.258148,9.863434,11.38031,9.141846
Antwerpen,51.219891,4.40346,7.366666666666666,2.8333333333333335,0.0027453513,0.0018902838,0.0024267922,0.0024185434,0.000144915,1.6958793e-05,9.06954e-09,8.216343e-06,4.460089,3.7279036,3.3574066,3.9404674,278.25812,283.80713,291.7039,285.22586,280.95844,288.26456,296.46298,289.1427,275.51553,279.16986,286.7379,281.53516,5.4429016,9.094696,9.725067,7.607544
Apeldoorn,52.209999,5.96944,5.066666666666666,2.1666666666666665,0.0029346498,0.0020737178,0.0026429424,0.002810281,0.00016180726,1.8269515e-05,3.579667e-09,1.0241154e-05,4.5069675,3.8569746,3.4176362,4.0799394,277.6484,283.17532,290.70227,284.46323,280.19592,287.72467,295.57684,288.34177,275.0233,278.35834,285.44763,280.77255,5.172638,9.366333,10.129211,7.569214
Arezzo,43.461391,11.87691,16.533333333333335,7.166666666666667,0.0021708596,0.0021616674,0.0013941277,0.0031746626,0.00036360708,6.4918684e-05,4.541756e-09,9.237648e-05,2.183395,2.2308528,1.8682344,2.0461276,277.6058,283.68445,294.52518,286.51202,280.70413,287.85516,299.68555,290.45554,274.84024,279.56702,289.38318,282.98892,5.8638916,8.288147,10.302368,7.466614
Arnhem,51.98,5.91111,6.133333333333334,2.6333333333333333,0.0028643499,0.0019935737,0.002540323,0.0026531324,0.0001692839,2.093477e-05,7.888502e-09,1.031259e-05,4.368742,3.6948922,3.3007944,3.9203582,277.76248,283.34366,291.0364,284.60696,280.35617,287.94904,296.0457,288.5546,275.10956,278.50897,285.75998,280.88324,5.2466125,9.440063,10.285706,7.671356
Athens,37.97945,23.716221,90.4,46.56666666666667,0.0020658288,0.0010598341,0.00021113166,0.0014918976,4.3708347e-05,1.8501152e-05,7.690887e-10,1.0308376e-05,2.677608,2.5005403,2.516415,2.4380124,282.87323,288.21097,300.19382,291.9534,286.59277,293.24835,305.84198,296.78604,279.35742,283.2955,294.23505,287.5341,7.2353516,9.95285,11.606934,9.251953
Augsburg,48.366669,10.88333,13.9,4.666666666666667,0.0020197167,0.0023171934,0.003408237,0.0022940396,0.0005560794,0.00017267131,1.8708233e-08,0.00010678955,3.1307118,2.775834,2.3259249,2.6347594,274.70117,282.93887,292.42892,283.63412,277.69632,288.07294,298.07526,288.15186,271.81406,277.9831,287.03827,279.66306,5.882263,10.089844,11.036987,8.4888
Avignon,43.948341,4.80892,37.333333333333336,15.9,0.0019174566,0.002046352,0.0010723236,0.003539556,0.000108844935,2.4575584e-05,2.4329763e-08,1.4382972e-05,3.268736,3.3833792,3.240045,3.0998037,279.84888,286.00458,296.04385,288.5235,283.76117,291.01108,301.80872,293.1044,276.514,281.08185,290.2314,284.53406,7.247162,9.92923,11.577301,8.570343
Barcelona,41.38879,2.15899,36.93333333333333,14.466666666666667,0.0011452636,0.0016971398,0.0013290141,0.0031337833,3.055273e-05,7.708354e-06,2.8130316e-09,1.9328181e-05,2.1398149,2.258778,1.984156,1.8979106,282.26434,286.84924,296.672,290.2953,286.84927,291.66544,301.56744,294.96426,278.4678,282.22916,291.89542,286.33096,8.38147,9.436279,9.672028,8.633301
Bari,41.117729,16.851179,72.0,36.13333333333333,0.0021412512,0.0016000663,0.0006885947,0.0019287188,1.6717464e-05,3.6892682e-06,1.271349e-09,5.843434e-06,3.9055636,3.461842,2.8561804,3.1988943,282.52063,287.67126,298.92123,291.4567,286.25006,292.3071,304.3393,296.10858,279.0321,283.13702,293.32288,287.34628,7.2179565,9.170074,11.016418,8.762299
Basel,47.558399,7.57327,11.533333333333333,4.166666666666667,0.0035292094,0.003198815,0.0033852137,0.0032166094,0.00074635196,0.00022583654,4.413013e-06,0.00011616774,2.2782147,2.093662,1.7881311,1.894874,275.66418,283.29092,292.1224,284.1362,278.3797,288.10715,297.62344,288.3874,273.1292,278.6889,286.8072,280.44595,5.2504883,9.418243,10.816254,7.941437
Bath,51.377949,-2.35907,1.0333333333333334,0.7333333333333333,0.0029925099,0.002045017,0.0018597905,0.0029677222,0.0001803384,2.715684e-05,3.92179e-09,9.744426e-06,4.47001,3.914761,3.4631205,3.9790215,278.3209,282.4844,289.94986,284.53674,281.08148,286.6578,294.52762,288.10046,275.35724,278.21082,285.1954,281.00845,5.724243,8.446991,9.332214,7.0920105
Belfast,54.583328,-5.93333,0.0,0.0,0.0037588608,0.0026659372,0.0024133846,0.0037328792,0.00015269923,3.118646e-05,5.6249614e-09,2.4144565e-05,5.4876323,4.6207423,3.8826282,5.0739264,278.316,281.3877,287.818,283.48227,280.92575,285.0301,291.73434,286.58395,275.65002,277.6743,283.8253,280.37253,5.2757263,7.3558044,7.9090576,6.211426
Belgrade,44.804008,20.46513,60.43333333333333,19.9,0.0014576658,0.0018997184,0.0022018598,0.0016939606,0.00029953857,7.080413e-05,9.95141e-09,4.3007112e-05,2.831457,2.773426,2.3541398,2.735129,276.64578,286.16925,297.7794,287.24847,279.89203,291.2387,303.7616,292.21884,273.38654,281.06064,291.70517,282.71942,6.505493,10.17807,12.056427,9.49942
Bergamo,45.697979,9.66895,32.06666666666667,11.866666666666667,0.0017873051,0.0028614497,0.0029410452,0.0034921984,0.00028144542,7.713909e-05,5.470243e-07,3.9103987e-05,1.466198,1.6740192,1.4813665,1.4478062,277.06082,285.93036,296.15396,286.90378,280.6616,290.8802,301.461,291.3182,274.10092,281.09167,290.97742,282.96945,6.560669,9.788513,10.483582,8.348755
Bergen,60.39299,5.32415,0.0,0.0,0.010430135,0.0062820753,0.0053041843,0.010647785,0.0046310723,0.0019315073,1.5498592e-06,0.0009499898,3.215934,2.9904008,2.5875025,3.2455914,274.90182,279.29495,287.39075,281.46722,276.50836,282.1948,290.45306,283.6724,272.93396,275.85867,283.74606,279.0214,3.5744019,6.3361206,6.7070007,4.651001
Berlin,52.524368,13.41053,14.233333333333333,4.7,0.0018233582,0.0015795033,0.0022505939,0.0015803201,0.0002854838,4.3439413e-05,1.3468962e-08,4.5328627e-05,3.7989929,3.264259,2.9701078,3.5980809,275.9453,283.64786,292.69647,284.33307,278.4136,288.42526,297.8495,288.0988,273.3464,278.71472,287.37466,280.74954,5.0671997,9.710541,10.474823,7.349243
Bern,46.94809,7.44744,3.933333333333333,2.066666666666667,0.0038817255,0.0037826968,0.0042541088,0.0036836937,0.0016610087,0.00083811383,5.0087216e-05,0.00047882128,1.8871267,1.731743,1.506466,1.6058146,274.5411,281.73453,290.67197,282.91516,277.24982,286.2385,295.85825,286.91885,271.97455,277.3616,285.58914,279.39615,5.2752686,8.876892,10.269104,7.522705
Besançon,47.248779,6.01815,15.566666666666666,5.333333333333333,0.0034751245,0.0031573884,0.0030497222,0.0035477444,0.00047180042,0.00013067495,2.2819463e-06,7.385318e-05,3.2199502,2.812131,2.3991044,2.7223082,276.46054,283.7594,292.61926,284.8939,279.4247,288.67642,298.2304,289.3727,273.64392,278.92438,287.07712,280.9112,5.780792,9.752045,11.15329,8.461517
Bielefeld,52.033329,8.53333,7.7,2.7666666666666666,0.0028925305,0.0021002006,0.0027306196,0.0026024282,0.00031507024,5.0544215e-05,1.3791922e-08,3.7255984e-05,4.036387,3.3800611,3.0498626,3.6766558,276.45605,282.96924,291.14734,284.09344,278.81177,287.49506,296.047,287.75345,273.99777,278.3063,286.1537,280.6669,4.8139954,9.188751,9.893311,7.086548
Bilbao,43.262711,-2.92528,14.633333333333333,4.533333333333333,0.0039328276,0.0030998162,0.0017042621,0.0034521867,8.9621644e-05,3.8122536e-05,4.790922e-07,2.1906053e-05,3.0797231,2.6606221,2.1963503,2.5412927,281.23862,284.9866,292.4771,288.39212,285.35294,290.02707,298.22324,293.666,277.36447,279.85904,286.92813,283.66498,7.9884644,10.16803,11.295105,10.001007
Birmingham,52.481419,-1.89983,1.6333333333333333,1.1333333333333333,0.0023985514,0.0018603248,0.0020605652,0.002459518,0.00025376133,4.028685e-05,8.7399235e-09,8.751365e-06,4.635094,4.0284147,3.584445,4.247098,277.92123,282.31183,289.64255,284.13574,280.75375,286.58905,294.58344,287.8717,274.97333,277.95438,284.55847,280.51367,5.780426,8.634674,10.024963,7.358032
Blackpool,53.816669,-3.05,0.03333333333333333,0.03333333333333333,0.004196101,0.0024572702,0.0026585201,0.0041202316,0.00039012748,7.160901e-05,1.1271683e-08,2.9088542e-05,5.372388,4.46162,3.9760656,5.0315943,277.76892,281.6073,288.52722,283.65082,280.3512,285.3151,292.4163,286.74176,275.04837,277.68198,284.31946,280.50397,5.302826,7.6331177,8.096832,6.237793
Bochum,51.481651,7.21648,8.433333333333334,3.0,0.003408617,0.0023512936,0.0029736657,0.0029849012,0.0003770109,6.29149e-05,1.23098856e-08,4.4132867e-05,4.190038,3.467033,3.089277,3.751012,277.45206,283.72992,291.79443,284.97992,279.7833,288.00098,296.44662,288.46228,275.07156,279.3393,287.09003,281.74445,4.711731,8.661682,9.356598,6.7178345
Bologna,44.493809,11.33875,42.766666666666666,16.466666666666665,0.0019190866,0.002021446,0.0017416584,0.002657681,0.00041553937,8.795326e-05,1.9297507e-07,0.00018536014,2.0191832,2.2332594,1.9996431,2.0124216,277.71368,286.23074,297.0534,287.89603,281.10764,290.90292,302.2694,292.13535,274.84106,281.7061,291.9396,284.1771,6.266571,9.196838,10.329803,7.958252
Bonn,50.734379,7.09548,10.233333333333333,3.7,0.0025334402,0.0020617677,0.0025891094,0.00231433,0.0003213792,5.791788e-05,1.5523508e-08,4.2564872e-05,3.969702,3.2659445,2.85997,3.5346084,277.0773,283.73163,292.0093,284.8705,279.57257,288.2586,296.97964,288.668,274.56216,279.11655,287.00616,281.39557,5.0104065,9.142059,9.97348,7.2724304
Bordeaux,44.840439,-0.5805,32.03333333333333,9.033333333333333,0.0028809737,0.0024866958,0.0016496131,0.0025520737,1.4309363e-05,5.4397265e-06,5.931376e-09,2.900473e-07,3.125926,3.0378306,2.6594422,2.7549126,280.77274,286.07666,294.29926,288.49197,284.66446,291.28015,299.9425,293.73282,277.23993,280.98148,288.6442,283.9118,7.42453,10.298676,11.298309,9.821014
Bournemouth,50.720482,-1.8795,0.5666666666666667,0.43333333333333335,0.0030608794,0.0019628343,0.0015986598,0.0029802993,7.531932e-05,1.0783664e-05,4.4552048e-10,3.3025995e-06,5.2360964,4.3804483,3.9257352,4.6895585,279.07285,282.76135,290.0269,285.17828,281.9127,286.76968,294.49326,288.79797,275.97116,278.61136,285.37894,281.52985,5.9415283,8.158325,9.114319,7.2681274
Bradford,53.793911,-1.75206,0.5333333333333333,0.4666666666666667,0.0035445855,0.0023103687,0.0025081981,0.0031693021,0.00076145434,0.0001764235,1.1410462e-08,6.1115716e-05,4.8624063,4.1907773,3.7333856,4.4988117,277.3732,281.42752,288.62933,283.5014,279.85538,285.1522,292.85956,286.62936,274.84128,277.63086,284.223,280.46243,5.014099,7.521332,8.636566,6.166931
Braga,41.55032,-8.42005,18.733333333333334,7.266666666666667,0.0056772563,0.0033477983,0.0010465479,0.0039241994,1.4196e-05,3.4484028e-06,3.2468546e-09,5.71297e-07,2.9612863,2.846326,2.8080106,2.4187934,282.44858,286.4899,293.15054,289.00076,286.8541,291.65637,299.07608,294.35852,278.64615,281.52454,287.39398,284.53854,8.207947,10.131836,11.682098,9.819977
Bratislava,48.148159,17.106741,29.733333333333334,8.933333333333334,0.0014282693,0.0017377072,0.0024803388,0.0018077638,0.00039045082,7.4922784e-05,3.270789e-08,0.00010662803,3.3925626,3.3320975,3.0182137,3.165684,275.49167,284.6834,295.00394,284.92365,278.1356,289.5746,300.43683,289.2424,272.856,279.66534,289.48065,280.8839,5.279602,9.909241,10.956177,8.35849
Braunschweig,52.265942,10.52673,7.7,2.9,0.0021735525,0.0018619505,0.0025692708,0.0020319517,0.00026140697,4.1397652e-05,1.6485142e-08,4.1115563e-05,3.8216233,3.2145185,2.942105,3.5350564,276.3256,282.8413,291.383,284.0299,278.81003,287.362,296.0737,287.67102,273.7018,278.18292,286.58514,280.59723,5.1082153,9.179077,9.488556,7.0737915
Braşov,45.648609,25.606131,12.0,4.566666666666666,0.0016876064,0.0025084368,0.0032071578,0.0016113349,0.0011983673,0.00046408677,1.8103952e-06,0.00034834648,1.9024873,1.9205829,1.6016272,1.7006468,272.4303,281.35123,292.29477,282.40512,276.7512,287.11005,298.80478,288.42264,268.18182,275.47754,285.7824,276.98083,8.569366,11.632507,13.022369,11.441803
Breda,51.586559,4.77596,6.166666666666667,2.6333333333333333,0.0027922683,0.0019278118,0.0024784326,0.002542933,0.00016082803,1.8732677e-05,1.1387937e-08,8.383951e-06,4.5018263,3.7605166,3.3887634,3.967715,278.1104,283.5358,291.34555,284.96902,280.8469,288.0866,296.19232,288.9213,275.32153,278.76312,286.24316,281.22614,5.52536,9.323486,9.949158,7.69516
Bremen,53.075161,8.80777,6.733333333333333,2.6666666666666665,0.0026304824,0.0018574751,0.0027501695,0.0024115809,0.00027375002,2.7662283e-05,1.7235717e-08,3.1111784e-05,3.922057,3.3984106,3.1210005,3.664389,276.67096,282.92587,291.12415,284.2702,279.10455,287.52127,296.0885,287.9757,274.11685,278.23288,286.08545,280.75925,4.9877014,9.288391,10.003052,7.216461
Brescia,45.52478,10.22727,17.0,6.166666666666667,0.0019409208,0.0029193906,0.002988636,0.003457355,0.00062191515,0.0002824992,8.411906e-07,0.00028092848,1.402255,1.5001562,1.3734314,1.3854536,275.53156,284.46127,294.87167,285.64786,279.1989,289.17902,299.84833,289.87488,272.3566,279.68414,289.93295,281.81293,6.8423157,9.494873,9.915375,8.061951
Brest,48.400002,-4.48333,0.36666666666666664,0.36666666666666664,0.0040609706,0.002605534,0.001513992,0.0030537401,3.762156e-05,3.927756e-06,3.4919678e-09,4.7116105e-06,6.104895,5.1699343,4.4066224,5.1405363,280.95828,283.64636,290.20624,286.6966,283.3136,286.9972,293.89713,289.77988,278.4208,280.23666,286.52216,283.69043,4.8927917,6.7605286,7.3749695,6.089447
Brighton,50.828381,-0.13947,1.3,0.9333333333333333,0.0025708987,0.0016972604,0.0016335958,0.0026383584,0.00016325344,1.5932615e-05,1.7582789e-09,8.944108e-06,4.892054,4.18621,3.7372274,4.391398,278.8477,282.92786,290.31165,285.38986,281.4785,286.8543,294.588,288.939,276.02954,278.85403,285.83093,281.83926,5.448944,8.000275,8.75708,7.0997314
Bristol,51.455231,-2.59665,1.0333333333333334,0.7333333333333333,0.0029925099,0.002045017,0.0018597905,0.0029677222,0.0001803384,2.715684e-05,3.92179e-09,9.744426e-06,4.47001,3.914761,3.4631205,3.9790215,278.3209,282.4844,289.94986,284.53674,281.08148,286.6578,294.52762,288.10046,275.35724,278.21082,285.1954,281.00845,5.724243,8.446991,9.332214,7.0920105
Brno,49.195221,16.60796,18.4,5.933333333333334,0.0013471037,0.0016315866,0.0024787479,0.0014432601,0.000503992,0.00011750732,8.686495e-08,0.0001111553,3.31748,3.2121918,2.8283675,3.0706508,274.45868,283.26215,293.40826,283.7353,276.93024,288.13123,298.91357,287.93616,271.90942,278.20914,287.78223,279.73447,5.020813,9.922089,11.131348,8.201691
Brugge,51.20892,3.22424,1.9,0.9,0.0029316477,0.0020091545,0.0025405006,0.0027728847,0.00011890764,9.444379e-06,3.4298624e-09,4.305325e-06,5.3604474,4.464885,4.046854,4.791925,278.27066,283.32874,291.07553,285.7021,280.5797,286.89264,294.8721,288.94714,275.9192,279.64175,287.018,282.5552,4.6605225,7.250885,7.8540955,6.3919373
Brussels,50.850449,4.34878,7.9,2.8333333333333335,0.002773411,0.0019851997,0.0024503032,0.0023368974,0.00016302032,1.9426321e-05,1.0200318e-08,1.2719886e-05,4.52298,3.7484214,3.3565526,3.9914973,278.0957,283.8125,291.7283,285.245,280.78143,288.25043,296.55225,289.13907,275.38608,279.19025,286.6925,281.57126,5.395355,9.060181,9.859741,7.56781
Bucharest,44.432251,26.10626,73.4,26.166666666666668,0.0018735972,0.0019511274,0.0021952083,0.0015140959,0.00076591334,0.00013889304,1.2165228e-08,0.00011984505,2.7417111,2.6975353,2.1544867,2.4396105,275.51483,285.44754,297.69064,286.43564,279.21158,291.44623,304.63098,292.4033,271.86407,279.3417,290.6617,280.82745,7.3475037,12.104523,13.969269,11.575836
Budapest,47.498009,19.039909,40.03333333333333,11.4,0.0012827996,0.0015062717,0.0020670495,0.0014684134,0.00032706477,5.6856927e-05,1.0619607e-08,9.6535994e-05,2.8026016,2.7796824,2.5518348,2.6505897,274.77866,284.5768,295.20953,284.88797,278.3641,290.35938,301.6781,290.42322,271.11618,278.54605,288.36832,279.61194,7.247925,11.813324,13.309784,10.811279
Burgos,42.349998,-3.7,30.266666666666666,10.6,0.0020322744,0.0020128922,0.001062187,0.0019045227,0.00034789837,0.00012162165,6.3333664e-07,8.074725e-05,3.1082468,2.937767,2.6141334,2.706604,277.82285,282.8149,292.07214,286.00928,282.09967,288.4862,299.56314,292.02902,273.83932,277.21912,285.0424,280.62363,8.260345,11.26709,14.520752,11.4053955
Bydgoszcz,53.123501,18.00762,9.833333333333334,4.4,0.0017555183,0.0013645961,0.0023186856,0.001354609,0.000556386,0.00010804189,9.36608e-09,6.350113e-05,3.753238,3.2064307,2.9634848,3.5875556,274.87305,282.56705,292.2508,283.36728,277.13702,287.09396,297.172,286.9613,272.36407,277.63983,286.96786,279.7917,4.772949,9.454132,10.204132,7.1696167
Cagliari,39.207378,9.13462,53.63333333333333,26.133333333333333,0.002412299,0.0016746067,0.00026815856,0.0022817666,2.5918656e-05,3.813147e-07,1.5595493e-09,1.0454136e-06,3.2318404,3.2617803,2.8173108,2.8005307,283.92337,287.79724,297.90952,292.6491,287.74182,292.13235,302.8785,296.82956,280.5902,283.73865,293.054,288.9605,7.1516113,8.393707,9.824524,7.869049
Cambridge,52.200001,0.11667,2.6666666666666665,1.5333333333333334,0.0017084872,0.0013996139,0.0017405845,0.0018972683,0.0001369588,1.573886e-05,6.0916006e-09,4.9460405e-06,4.926785,4.2447276,3.7612581,4.52196,278.03638,282.68256,290.04892,284.5917,280.8928,287.13293,295.14883,288.48862,275.0674,278.18054,284.85068,280.83624,5.8253784,8.952393,10.298157,7.6523743
Cardiff,51.48,-3.18,0.5,0.36666666666666664,0.0037337618,0.0023563744,0.002102605,0.0035711362,0.0002461936,4.513024e-05,4.3063855e-09,1.1958464e-05,4.577767,3.9681575,3.5330362,4.071419,278.4086,282.33017,289.6318,284.51337,281.12173,286.37073,294.0402,287.99606,275.49915,278.1771,285.0314,281.0581,5.622589,8.193634,9.008789,6.937958
Cartagena,37.605122,-0.98623,27.133333333333333,12.366666666666667,0.0011944139,0.0008317194,0.00019507181,0.0011406181,1.2391887e-06,3.4178677e-07,9.280454e-10,3.0226759e-06,4.1180573,4.183494,3.6452677,3.801262,285.89908,289.41574,297.9687,293.68204,289.45087,292.79007,301.20697,297.029,282.98965,285.9766,294.584,290.74777,6.461212,6.8134766,6.6229553,6.2812195
Catania,37.502129,15.08719,49.96666666666667,23.466666666666665,0.0021830017,0.0010884703,0.0002407047,0.0019584508,4.245218e-05,1.416664e-05,1.8402303e-10,9.598951e-08,2.4212713,2.3350232,1.6806507,1.8451507,284.1914,287.98074,298.89407,292.96808,286.92197,291.18048,302.67053,296.00177,281.77008,284.89523,295.06158,290.32428,5.151886,6.285248,7.6089478,5.67749
Chemnitz,50.833328,12.91667,14.4,5.066666666666666,0.002178083,0.0020228482,0.0028929932,0.0021666705,0.00066959625,0.00021636493,1.972967e-08,0.00013228493,3.875259,3.1926494,2.7915196,3.4679148,275.01218,282.97366,292.34027,283.6875,277.60855,287.88284,297.73193,287.77814,272.36417,277.9595,286.82394,279.85516,5.244385,9.92334,10.9079895,7.9229736
Chişinău,47.005562,28.8575,41.233333333333334,13.133333333333333,0.0012851632,0.0014458431,0.0017955011,0.0013643949,0.000557071,0.00012411569,8.091303e-09,0.00010446157,3.217737,3.1009736,2.7640307,3.070503,274.19827,284.09973,296.70215,284.91913,276.85544,288.77322,302.14243,289.22815,271.27112,279.20102,290.86905,280.64825,5.58432,9.572205,11.273376,8.579895
Clermont-Ferrand,45.779659,3.08628,15.3,5.0,0.0024282124,0.0025769523,0.0026284037,0.0026718182,0.00039765306,0.00015119981,9.859749e-09,6.7761684e-05,3.0047414,2.8496318,2.2865038,2.653971,276.2623,282.22565,291.3691,284.5219,280.29965,287.72684,297.56412,289.82626,272.6168,276.75327,285.1406,279.7959,7.6828613,10.973572,12.423523,10.030365
Cluj-Napoca,46.76667,23.6,17.533333333333335,6.266666666666667,0.0016161575,0.0022598421,0.0027848436,0.0015149597,0.0008231889,0.00021734792,4.3400627e-07,0.0001657058,2.001607,2.1431723,1.8543843,1.8792412,272.5322,282.24728,293.00403,282.96472,276.25204,287.69748,299.14117,288.61316,268.7153,276.589,286.58887,277.79178,7.536743,11.10849,12.552307,10.821381
Coimbra,40.205639,-8.41955,52.733333333333334,17.833333333333332,0.0036944372,0.0021251524,0.00056983327,0.0022996326,3.1650575e-07,1.6891954e-07,4.380031e-09,1.6300758e-07,3.29077,3.1945987,3.2420027,2.6847465,284.47668,288.50046,295.34357,291.1087,289.14,294.054,302.1157,296.97903,280.6109,283.3647,289.2284,286.4516,8.529114,10.689301,12.887299,10.527435
Como,45.809978,9.08744,1.0333333333333334,0.6333333333333333,0.002372428,0.004618479,0.0047828727,0.0050985035,0.0012735361,0.0010484505,4.4555127e-05,0.0005324285,1.3614081,1.3611794,1.261984,1.2242857,274.4505,281.39484,291.48947,283.24075,277.83563,285.6003,296.11334,287.1154,271.43036,277.1496,286.8331,279.69452,6.4052734,8.450714,9.280243,7.420868
Constanţa,44.183331,28.65,40.333333333333336,15.1,0.0010572878,0.0012880287,0.001226579,0.0015166692,0.00029590205,8.829172e-05,3.5207053e-09,5.845907e-05,4.307139,3.7151744,3.174633,3.7239764,276.87012,285.03494,297.27487,287.3044,280.06528,289.40475,302.30225,291.66104,273.6584,280.7071,292.14154,283.2484,6.406891,8.697662,10.160706,8.412628
Copenhagen,55.675941,12.56553,0.8666666666666667,0.8,0.0017483383,0.001258093,0.002329163,0.002105989,0.00037240022,4.6704667e-05,6.458723e-09,3.371634e-05,5.2779374,4.538836,4.136912,5.1502204,275.20053,281.49017,290.84296,283.6196,277.28,285.18832,294.72983,286.50443,272.8712,277.4113,286.34293,280.61584,4.4088135,7.7770386,8.386902,5.8885803
Cork,51.897968,-8.47061,0.0,0.0,0.0044991705,0.0027223907,0.0022328466,0.004000816,6.701701e-05,1.0422814e-05,5.64668e-09,1.05676445e-05,4.8703675,4.228955,3.649492,4.3627734,279.38077,282.10065,288.6323,284.37296,281.97293,285.70178,292.3852,287.44144,276.73413,278.45706,284.7948,281.3134,5.2388,7.2447205,7.590393,6.1280518
Coventry,52.406559,-1.51217,2.1333333333333333,1.3,0.0021166294,0.001711235,0.001973997,0.0022242845,0.00023191338,3.299305e-05,1.0316554e-08,8.441464e-06,4.872289,4.2206416,3.764881,4.4725423,277.98154,282.4366,289.82004,284.2806,280.85483,286.78668,294.86572,288.07614,275.0087,278.0403,284.6827,280.61545,5.8461304,8.746368,10.183014,7.4606934
Córdoba,37.883331,-4.76667,120.7,82.2,0.002254765,0.0013956557,0.00028575293,0.0016620313,8.771447e-06,6.0816765e-06,1.3696901e-09,8.005769e-06,2.454126,2.4698594,2.2434013,2.1547773,282.7442,289.36707,300.19305,291.98834,288.7306,296.659,308.84134,299.00336,277.59607,282.04523,291.05984,285.537,11.1345215,14.61377,17.781494,13.46637
Debrecen,47.533329,21.633329,44.166666666666664,12.433333333333334,0.0012532707,0.0016140768,0.0019586505,0.0013429607,0.0002401514,3.2334334e-05,1.0356103e-08,3.7376063e-05,2.7155385,2.7198305,2.4023144,2.483993,274.8895,285.04022,295.91306,285.39813,278.20956,290.54672,302.10706,290.6811,271.53207,279.44986,289.5043,280.46677,6.67749,11.096863,12.602753,10.214325
Derby,52.922771,-1.47663,1.0666666666666667,0.8,0.002513849,0.0018753879,0.002120371,0.0025040556,0.00039326827,7.627307e-05,9.27906e-09,2.1425341e-05,4.9298778,4.2710023,3.8111467,4.5430865,277.6909,281.99753,289.31805,283.9063,280.3615,286.05618,294.02017,287.3892,274.95996,277.91376,284.5248,280.5683,5.4015503,8.142426,9.495361,6.8208923
Dijon,47.316669,5.01667,18.8,6.4,0.0027632655,0.0024340996,0.0023103906,0.0027248852,0.00024329485,2.8662938e-05,2.5125752e-08,3.821343e-05,3.477845,3.1520574,2.703567,3.0249255,277.0012,284.21863,293.24753,285.3586,280.06314,289.1968,298.87418,289.8259,274.0148,279.13416,287.56384,281.27576,6.04834,10.062653,11.310333,8.55014
Donostia / San Sebastián,43.312832,-1.97499,2.7,1.5,0.0048675514,0.0037735077,0.0021763393,0.0042075375,6.511371e-05,2.4814013e-05,3.8848148e-07,4.832135e-06,4.696943,4.0299234,3.3772035,3.975398,283.15274,286.07175,293.41055,289.92288,285.92184,289.21838,296.6666,293.15213,280.5858,282.94336,290.24918,287.00824,5.3360596,6.2750244,6.4174194,6.1438904
Dortmund,51.514938,7.466,8.166666666666666,2.933333333333333,0.0035641869,0.002391421,0.0029791694,0.0030360413,0.0004675013,8.2856415e-05,1.3502838e-08,6.0627746e-05,4.1824245,3.446219,3.0716605,3.743843,277.0316,283.41547,291.5287,284.60986,279.37125,287.7117,296.21088,288.09995,274.62323,278.99408,286.78925,281.3651,4.7480164,8.717621,9.421631,6.734833
Dresden,51.050892,13.73832,15.466666666666667,5.466666666666667,0.0023265008,0.0020964493,0.003020494,0.0021591708,0.0007754685,0.0002218748,1.8163641e-08,0.00015262482,3.6326833,3.0731328,2.682553,3.2824767,274.9231,283.12766,292.62265,283.79034,277.53244,288.09076,297.98547,287.8447,272.22647,277.99014,287.04944,279.92575,5.305969,10.100616,10.936035,7.9189453
Dublin,53.333061,-6.24889,0.0,0.0,0.0034253893,0.0023573337,0.0021482103,0.0033474688,0.00018474233,1.4517767e-05,8.681375e-09,1.6655948e-05,4.8859425,4.1559315,3.5248132,4.433088,278.9428,281.8978,288.62564,284.13025,281.63828,285.5902,292.72427,287.3752,276.26395,278.2389,284.54636,280.89465,5.3743286,7.3513184,8.1779175,6.4805603
Duisburg,51.432468,6.76516,10.1,3.466666666666667,0.002787785,0.0019915733,0.0026165424,0.0025712512,0.00021508873,2.6951957e-05,9.400618e-09,1.5269316e-05,4.0926566,3.4116468,3.0483599,3.6635122,277.91388,283.9783,291.99677,285.24042,280.35263,288.3859,296.82608,288.8932,275.4522,279.46945,287.1299,281.85748,4.900421,8.916443,9.696167,7.0357056
Düsseldorf,51.221722,6.77616,11.5,3.7333333333333334,0.0028835472,0.0021038903,0.002721208,0.0026082627,0.00022958372,2.6514695e-05,1.0892603e-08,1.5615911e-05,4.0795026,3.3895414,3.0176861,3.6561508,277.97052,284.26672,292.37088,285.51187,280.40482,288.666,297.20023,289.16998,275.52466,279.7827,287.53793,282.15143,4.8801575,8.88327,9.6622925,7.0185547
Eastbourne,50.768711,0.28453,0.7666666666666667,0.6333333333333333,0.0029557042,0.0017911423,0.0016918014,0.0029325036,0.00015250218,1.5707801e-05,9.094311e-11,7.774128e-06,5.1649203,4.381787,3.9326327,4.6471386,279.60364,283.20505,290.477,286.12653,281.80612,286.45822,293.83002,289.03177,277.20703,279.78998,286.89267,283.17465,4.5990906,6.6682434,6.9373474,5.8571167
Edinburgh,55.952061,-3.19648,0.06666666666666667,0.06666666666666667,0.0027558836,0.0019027141,0.0020764032,0.0028095737,0.00054559606,0.00010991711,6.978699e-09,4.9631e-05,4.856304,4.23943,3.6416059,4.5467806,276.93515,280.79346,287.62793,282.65652,279.5907,284.6665,291.85526,285.8792,274.1983,276.79337,283.267,279.4547,5.392395,7.8731384,8.588257,6.4244995
Eindhoven,51.44083,5.47778,8.666666666666666,3.1,0.0027793145,0.0019521803,0.0023568585,0.002376347,0.00017773472,2.1854086e-05,1.04124185e-08,1.3932225e-05,4.306986,3.5729554,3.2261271,3.8006203,277.9336,283.61258,291.44003,284.8512,280.73856,288.35336,296.63535,288.99207,275.08865,278.64145,286.04288,280.96027,5.6499023,9.711914,10.592468,8.031799
Elche,38.26218,-0.70107,102.03333333333333,56.43333333333333,0.0006835365,0.0007317342,0.0002864624,0.0011129644,3.4088246e-06,2.4072965e-06,3.4619916e-09,6.834124e-07,2.735898,2.6601818,2.3716667,2.3230531,285.37515,289.99606,299.59705,293.57565,291.46185,296.18405,305.7256,299.4921,280.26703,283.98956,293.60052,288.378,11.194824,12.194489,12.125061,11.114105
Erfurt,50.978699,11.03283,7.533333333333333,3.0,0.0020577176,0.0019001482,0.0023727664,0.0020562368,0.00048496676,0.000117331125,1.5664991e-08,8.999321e-05,3.70449,3.1318543,2.7357564,3.3140817,275.0709,282.33566,291.27045,283.28897,277.64026,286.9945,296.19208,287.1918,272.40973,277.50943,286.1877,279.62936,5.23053,9.485077,10.004364,7.562439
Espoo,60.2052,24.652201,3.2,2.1333333333333333,0.002564006,0.0013137803,0.0024088467,0.0029701923,0.0016983178,0.00034906404,6.746699e-08,0.00023534504,4.102266,3.55376,3.3286803,3.9502652,269.75357,278.27023,290.3642,280.29437,272.39362,282.90207,295.27798,283.2777,266.5984,273.00552,284.47968,277.00653,5.795227,9.896545,10.798309,6.271179
Essen,51.45657,7.01228,9.0,3.1666666666666665,0.0030982012,0.0021714335,0.0027951042,0.0027780766,0.00029604987,4.4933437e-05,1.085525e-08,2.9701088e-05,4.1413474,3.4393394,3.0688186,3.7072623,277.68295,283.8541,291.8956,285.1102,280.068,288.19348,296.6363,288.6777,275.26187,279.40433,287.11,281.801,4.806122,8.789154,9.526306,6.876709
Ferrara,44.826778,11.62071,54.166666666666664,19.933333333333334,0.0015887776,0.0018823599,0.0019784109,0.0023394665,0.00024738364,6.088643e-05,1.7121984e-07,0.00013864157,1.9560764,2.136997,1.9192861,1.9784223,277.67264,287.19647,297.90375,288.27493,281.443,292.1951,303.30334,292.83832,274.5377,282.34772,292.64404,284.2692,6.905304,9.847382,10.659302,8.569122
Firenze,43.76667,11.25,39.0,15.566666666666666,0.0025487263,0.002338723,0.001543123,0.0032617117,0.0003058781,3.0205054e-05,2.8030192e-09,5.7445854e-05,2.0507553,2.066793,1.7412742,1.924891,278.97678,285.6167,296.2056,288.0657,282.50598,290.31628,301.85687,292.48816,275.84113,280.88953,290.43448,284.04144,6.664856,9.426758,11.422394,8.446716
Frankfurt am Main,50.11552,8.68417,15.6,5.066666666666666,0.0022821531,0.0019759603,0.0023895577,0.0022960005,0.0002776841,4.2221876e-05,1.4278401e-08,3.6379115e-05,3.2466276,2.864795,2.4908757,2.8440309,276.15485,283.95132,292.6888,284.46317,278.9548,289.0483,298.13693,288.63977,273.34363,278.7864,287.26605,280.6783,5.6111755,10.261902,10.87088,7.9614563
Freiburg,47.995899,7.85222,10.033333333333333,3.8666666666666667,0.003634283,0.003145113,0.0034736928,0.0032682507,0.0007880906,0.0002098245,1.071172e-06,9.767142e-05,2.5525665,2.27493,1.9244511,2.1186996,275.44,282.79733,291.9233,283.80243,278.11948,287.41522,297.15588,287.83496,272.87576,278.29535,286.81693,280.2941,5.2437134,9.119873,10.338959,7.540863
Gdańsk,54.352051,18.64637,2.066666666666667,1.7,0.0023197916,0.0013230507,0.002361925,0.002220036,0.0008152803,0.00014393426,8.446764e-09,9.294525e-05,5.313956,4.2947407,4.0095963,5.051972,274.1741,281.64566,291.31577,283.13162,276.27563,285.46475,295.37766,286.2559,271.83676,277.21085,286.5043,279.97495,4.4388733,8.253906,8.873352,6.280945
Gdynia,54.51889,18.531879,2.066666666666667,1.7,0.0023197916,0.0013230507,0.002361925,0.002220036,0.0008152803,0.00014393426,8.446764e-09,9.294525e-05,5.313956,4.2947407,4.0095963,5.051972,274.1741,281.64566,291.31577,283.13162,276.27563,285.46475,295.37766,286.2559,271.83676,277.21085,286.5043,279.97495,4.4388733,8.253906,8.873352,6.280945
Gelsenkirchen,51.5075,7.12283,9.0,3.1666666666666665,0.0030982012,0.0021714335,0.0027951042,0.0027780766,0.00029604987,4.4933437e-05,1.085525e-08,2.9701088e-05,4.1413474,3.4393394,3.0688186,3.7072623,277.68295,283.8541,291.8956,285.1102,280.068,288.19348,296.6363,288.6777,275.26187,279.40433,287.11,281.801,4.806122,8.789154,9.526306,6.876709
Gent,51.049999,3.71667,5.4,2.3,0.002718791,0.001888762,0.0023883386,0.0024114174,0.00015946604,1.622956e-05,2.98625e-09,5.4611082e-06,4.5986724,3.8605425,3.4588077,4.0835857,277.91098,283.57773,291.50974,285.42737,280.42032,287.74936,296.0523,289.089,275.41104,279.27646,286.70557,281.9357,5.0092773,8.4729,9.346741,7.15329
Gijón,43.535728,-5.66152,7.0,3.5,0.0038623365,0.003026843,0.0016649428,0.003389277,0.0003345656,0.00014949597,4.599789e-07,4.5750232e-05,2.638584,2.462205,2.2612891,2.292601,281.3284,284.93427,292.48148,288.10587,285.5066,289.87454,298.01263,293.08203,277.4976,279.90933,286.89716,283.4412,8.009003,9.96521,11.1154785,9.640839
Glasgow,55.86515,-4.25763,0.03333333333333333,0.03333333333333333,0.0057509243,0.0034361768,0.0028350502,0.0053525837,0.0010683765,0.00028075525,1.0714618e-08,0.00010299429,4.1459436,3.7755582,3.1992013,3.9187477,276.26,280.13733,286.95898,281.92828,278.51053,283.84006,290.94675,284.7632,273.91592,276.22952,282.69247,279.01895,4.5946045,7.6105347,8.254272,5.7442627
Granada,37.188171,-3.60667,79.8,49.233333333333334,0.0019549588,0.0011841983,0.0002672984,0.0014518289,0.00013028787,3.5186724e-05,4.5585372e-10,3.237719e-05,1.6484942,1.7744962,1.5050278,1.5468745,281.37994,287.0156,297.83868,290.213,286.96207,292.9966,304.82092,296.38153,276.61554,280.55267,289.75494,284.4454,10.346527,12.443939,15.065979,11.936127
Graz,47.066669,15.45,11.466666666666667,4.533333333333333,0.0016970803,0.0024632968,0.0043276395,0.0025456315,0.0010038246,0.0003062929,2.6758323e-07,0.00032115175,1.7489328,1.9919648,1.6319652,1.6130774,273.55933,282.651,292.65488,283.3176,277.03162,287.99734,298.10205,288.21533,270.3893,277.26627,287.15955,278.92487,6.6423035,10.731079,10.942505,9.290466
Grenoble,45.166672,5.71667,3.8,1.9333333333333333,0.0030521476,0.003106415,0.0025701304,0.0038375375,0.0013630422,0.0005458423,1.2809431e-06,0.0002642229,1.5827423,1.685488,1.7043698,1.5512904,275.23126,281.31076,291.26224,283.71005,278.43872,285.6887,296.33612,287.56644,272.2023,276.71487,285.7818,280.04004,6.2364197,8.973816,10.554321,7.5263977
Groningen,53.21917,6.56667,1.9666666666666666,1.0333333333333334,0.0028821174,0.0019222609,0.0028643743,0.0029984012,0.00029492917,2.7582342e-05,1.7614677e-09,2.0929465e-05,4.88831,4.2570214,3.8339643,4.521436,277.07837,282.49786,290.15933,284.22406,279.6205,286.8596,294.81512,288.02066,274.44266,277.88608,285.12387,280.57245,5.1778564,8.973511,9.691254,7.4482117
Göteborg,57.707161,11.96679,0.7666666666666667,0.6666666666666666,0.0029886588,0.0018813603,0.002892954,0.0034432085,0.0008402902,0.00022201636,7.037577e-09,8.569235e-05,4.3209877,3.7424188,3.4645398,4.4030805,274.09457,280.4383,290.0667,282.57288,276.2579,284.27628,293.9476,285.32712,271.57416,276.22818,285.56952,279.69247,4.6837463,8.048096,8.378082,5.6346436
Haarlem,52.38084,4.63683,0.03333333333333333,0.03333333333333333,0.0030822766,0.0020088842,0.002577006,0.0035131995,0.00013095004,1.2928719e-05,5.738468e-09,4.4759145e-06,6.765575,5.510729,4.8927264,6.156136,278.31934,282.74496,290.18073,285.45215,280.26373,285.72104,293.26917,288.17194,276.26306,279.53378,286.67038,282.75845,4.0006714,6.187256,6.5987854,5.4134827
Hagen,51.360809,7.47168,8.166666666666666,2.933333333333333,0.0035641869,0.002391421,0.0029791694,0.0030360413,0.0004675013,8.2856415e-05,1.3502838e-08,6.0627746e-05,4.1824245,3.446219,3.0716605,3.743843,277.0316,283.41547,291.5287,284.60986,279.37125,287.7117,296.21088,288.09995,274.62323,278.99408,286.78925,281.3651,4.7480164,8.717621,9.421631,6.734833
Hamburg,53.575321,10.01534,4.933333333333334,2.066666666666667,0.0026543594,0.0018918138,0.0028653194,0.00242987,0.00040602384,4.338772e-05,1.2936016e-08,4.2929205e-05,4.0021687,3.4819858,3.2221303,3.7664783,276.4314,282.53876,291.05597,284.14026,278.77066,286.84756,295.63773,287.6077,273.93155,278.09607,286.29807,280.83145,4.8391113,8.751495,9.339661,6.776245
Hannover,52.370522,9.73322,8.066666666666666,2.933333333333333,0.0025476015,0.0018833452,0.0026059255,0.0022032757,0.0002867208,3.9770544e-05,1.7650336e-08,5.0912844e-05,3.837232,3.28716,3.01329,3.5606768,276.3486,282.82443,291.1933,284.03903,278.86102,287.50394,296.21695,287.80838,273.6952,278.01932,286.06592,280.47705,5.1658325,9.484619,10.1510315,7.3313293
Harrogate,53.99078,-1.5373,0.3333333333333333,0.26666666666666666,0.0026681512,0.0018349832,0.0021092454,0.0025199414,0.0005084113,0.00010174974,6.933841e-09,4.6360372e-05,4.8773093,4.224047,3.7130928,4.5231786,277.17188,281.3657,288.50446,283.35114,279.81946,285.2313,292.88525,286.72357,274.47964,277.3775,283.89224,280.07697,5.339813,7.8537903,8.993011,6.6466064
Heidelberg,49.407681,8.69079,21.2,6.166666666666667,0.0023613821,0.0020993112,0.0024252431,0.002411879,0.00028025522,4.585024e-05,1.6350722e-08,3.9447707e-05,3.2187974,2.783024,2.4208992,2.7420473,276.45782,284.4162,293.42105,284.90527,279.4202,289.6356,299.05112,289.29904,273.50757,279.19955,287.8801,280.985,5.912628,10.436035,11.1710205,8.314056
Helsinki,60.169521,24.93545,0.6666666666666666,0.5,0.0026322866,0.0012402034,0.0022075798,0.0030716255,0.0015849186,0.00028779858,2.0243053e-08,0.00019176837,5.4912047,4.451899,4.257962,5.4291673,270.89328,277.57794,290.20355,281.3803,272.7878,280.73868,293.32486,283.44925,268.6816,274.0071,286.52594,279.1082,4.106201,6.7315674,6.7989197,4.3410645
Hoofddorp,52.302502,4.68889,0.03333333333333333,0.03333333333333333,0.0030822766,0.0020088842,0.002577006,0.0035131995,0.00013095004,1.2928719e-05,5.738468e-09,4.4759145e-06,6.765575,5.510729,4.8927264,6.156136,278.31934,282.74496,290.18073,285.45215,280.26373,285.72104,293.26917,288.17194,276.26306,279.53378,286.67038,282.75845,4.0006714,6.187256,6.5987854,5.4134827
Hull,53.744598,-0.33525,0.6666666666666666,0.4666666666666667,0.0017846475,0.0014756428,0.0018828536,0.0019364529,0.00017173309,1.3098086e-05,8.382707e-09,1.0800683e-05,5.2407584,4.5577717,4.0023317,4.9104185,277.89923,282.10977,289.41483,284.2489,280.5909,285.95905,293.92972,287.71317,275.22076,278.24115,284.78912,280.95993,5.3701477,7.7178955,9.1405945,6.753235
Innsbruck,47.262661,11.39454,0.2,0.16666666666666666,0.0029861843,0.0035051948,0.0057698935,0.0030969114,0.0026699328,0.0018989473,0.00020068439,0.0008937497,1.3233638,1.271399,1.092293,1.2076901,270.96103,277.22235,287.5327,279.81717,274.03967,281.1163,291.78473,283.55142,267.8356,273.2477,283.3775,276.41635,6.204071,7.8685913,8.407227,7.135071
Jerez de la Frontera,36.686451,-6.13606,88.9,40.86666666666667,0.0031220866,0.0013173694,0.00016195023,0.001978779,2.2356828e-06,5.1005094e-07,6.865987e-10,4.470658e-06,3.633607,3.708468,3.356999,3.3404453,286.00867,290.63858,298.5726,293.75946,291.04404,296.25693,304.7757,299.26672,281.62305,285.08173,292.391,288.9256,9.42099,11.175201,12.384705,10.3411255
Kaliningrad,54.70649,20.51095,4.9,2.8,0.0027545104,0.0014306464,0.0026173661,0.0029348417,0.00089398155,0.00015236138,6.6643624e-09,7.280757e-05,4.329598,3.568268,3.322934,4.1599135,273.5496,281.2666,291.6914,282.83856,275.53696,285.4112,295.98447,285.8404,271.3093,276.67145,286.84357,279.80728,4.227661,8.739746,9.1409,6.0331116
Karlsruhe,49.004719,8.38583,18.466666666666665,5.666666666666667,0.0029395989,0.0024796515,0.0027148451,0.0028069979,0.00043656924,9.031203e-05,1.7978717e-08,6.540375e-05,3.147615,2.6910713,2.3133066,2.63956,276.2328,283.971,293.08945,284.68137,279.1506,289.02216,298.63608,289.05215,273.32068,278.9413,287.6573,280.80145,5.8299255,10.080841,10.97879,8.250702
Kassel,51.316669,9.5,5.5,2.433333333333333,0.0027310564,0.002079962,0.002618795,0.0024779537,0.00045220388,7.745976e-05,1.4039391e-08,7.2242794e-05,3.7265742,3.138109,2.7536345,3.3578525,275.04144,281.9924,290.5878,283.06265,277.35345,286.40878,295.3245,286.64615,272.6359,277.45404,285.77908,279.71335,4.71756,8.954742,9.54541,6.9328003
Katowice,50.258419,19.02754,14.7,5.166666666666667,0.0023696916,0.0021430643,0.0030347968,0.0019757987,0.0009528629,0.00020748541,1.5432406e-08,0.00015852888,3.7639487,3.1233313,2.6820788,3.320302,274.52625,282.80902,292.69608,283.4007,277.2925,287.9422,298.22607,287.85156,271.4971,277.37305,286.8851,279.1829,5.79541,10.569153,11.340973,8.668671
Kaunas,54.900002,23.9,10.833333333333334,4.833333333333333,0.0021437258,0.0015072022,0.0024329643,0.0020743418,0.00090145593,0.0001856307,1.0191067e-08,8.739e-05,3.8155193,3.262248,2.9749649,3.6210399,272.2372,281.1932,292.18195,281.75607,274.2929,285.91455,297.3517,285.02228,269.84982,275.88123,286.3778,278.33807,4.4430847,10.033325,10.973907,6.684204
Kiel,54.321331,10.13489,0.7333333333333333,0.5333333333333333,0.0027028793,0.0016797935,0.0028113415,0.0028863593,0.0004132917,3.6290567e-05,5.432525e-09,3.6892365e-05,4.7975764,4.204469,3.8984137,4.6031804,276.13562,282.0324,290.5794,284.01303,278.12973,285.6894,294.45074,286.9093,273.96347,278.2172,286.40686,281.1665,4.16626,7.4721985,8.043884,5.742798
Kiev,50.454659,30.5238,27.133333333333333,9.066666666666666,0.0016324862,0.0015818973,0.002182209,0.0015455411,0.00078801165,0.00017061047,1.0548024e-08,0.00017035854,3.877573,3.358477,3.0111506,3.55542,272.41974,283.262,295.45526,282.96863,274.53818,287.6583,300.4874,286.64264,269.9749,278.40417,289.87967,279.24213,4.563263,9.25412,10.607727,7.4005127
Košice,48.713951,21.25808,14.266666666666667,5.2,0.0016103749,0.0020368719,0.0028863356,0.001747943,0.00077649474,0.00011387164,1.47736765e-08,0.00017901069,2.372023,2.5021977,2.2298791,2.1611295,272.5075,281.99136,292.4766,282.40598,275.29092,287.23538,298.381,287.35355,269.68695,276.56815,286.23032,277.68195,5.6039734,10.667236,12.150696,9.6716
Kraków,50.061432,19.936581,12.733333333333333,4.766666666666667,0.0020339668,0.0023819997,0.0032961222,0.0019238751,0.0010579808,0.0003460188,1.6204048e-08,0.00021183347,3.253324,2.802425,2.4522867,2.8314517,273.21793,281.84018,292.0231,282.47476,276.29486,287.10175,297.83136,287.30762,269.8895,276.25818,285.91684,277.88644,6.405365,10.843567,11.91452,9.421173
Krasnodar,45.044842,38.976028,56.266666666666666,22.933333333333334,0.0029476678,0.0024780163,0.0017304011,0.0023113291,0.00045861292,0.00013684056,8.860176e-09,6.93778e-05,3.8805003,3.428338,2.8160405,3.272693,277.071,285.25134,298.77087,287.71512,280.131,289.4459,303.4756,291.96252,274.03818,280.93323,293.79694,283.7553,6.0928345,8.512665,9.67865,8.207214
Krefeld,51.339211,6.58615,9.9,3.3666666666666667,0.0027303786,0.0019331207,0.0025612733,0.0025101171,0.00019802309,2.492603e-05,1.1528084e-08,1.3401835e-05,4.0936294,3.4152782,3.0586028,3.6559193,277.92953,283.9094,291.90628,285.1623,280.45108,288.4352,296.85223,288.95184,275.3806,279.26447,286.8959,281.64404,5.070465,9.170746,9.956329,7.3078003
Köln,50.933331,6.95,10.066666666666666,3.6,0.0029756117,0.0022200109,0.0027906117,0.002640524,0.00034182775,5.701584e-05,1.3849261e-08,3.9963146e-05,4.0594444,3.3510416,2.953731,3.6279838,277.4114,283.92123,292.11368,285.1087,279.8479,288.34174,296.96112,288.78018,274.952,279.40945,287.2458,281.74078,4.8959045,8.9322815,9.715332,7.039398
L'viv,49.838261,24.023239,15.866666666666667,5.333333333333333,0.0016881055,0.0020778372,0.0026664166,0.0016609709,0.00076432497,0.00025261185,1.18463515e-08,0.00013970594,4.111998,3.3858309,2.8900583,3.5562682,272.93875,282.46326,293.35046,282.7935,275.35965,287.16922,298.7358,287.11118,270.18262,277.35367,287.59146,278.60754,5.1770325,9.815552,11.144348,8.503632
La Spezia,44.110538,9.84339,4.066666666666666,2.033333333333333,0.0032392766,0.0025926544,0.0014603869,0.0045048473,0.00020606,6.159636e-05,8.1759886e-08,0.0001070835,2.7820113,2.4820566,2.0179708,2.5506494,280.37686,285.39978,295.2009,288.65076,283.06662,288.58392,298.6761,291.6968,277.98602,282.1708,291.58072,285.83682,5.080597,6.4131165,7.0953674,5.8599854
Lausanne,46.515999,6.63282,5.0,2.6666666666666665,0.005001484,0.0041541574,0.003781394,0.0042957854,0.0019832696,0.0008640718,1.627662e-05,0.00042194693,1.9574388,1.7978806,1.5978702,1.731997,274.76065,281.79962,290.87268,283.10516,277.46466,286.4533,296.5119,287.31104,272.18753,277.22476,285.28592,279.31998,5.27713,9.228546,11.225983,7.9910583
Le Havre,49.493801,0.10767,1.0,0.6333333333333333,0.0031408856,0.0020710735,0.0019765743,0.0030191976,7.0146736e-05,1.0353748e-05,9.688596e-09,3.2880541e-06,5.604653,4.6053433,4.0818233,4.908776,279.97818,283.6782,290.97308,286.63815,282.20975,286.8683,294.44223,289.77655,277.7258,280.455,287.36594,283.65814,4.4839478,6.4132996,7.076294,6.118408
Le Mans,48.0,0.2,14.2,5.033333333333333,0.0030121033,0.002125591,0.0016914364,0.0024391513,7.07365e-05,8.872493e-06,7.94495e-09,6.3090295e-07,3.9386904,3.514929,3.0890167,3.3782146,279.0231,284.28152,292.3613,286.22366,282.0969,289.1247,297.88635,290.83057,275.9818,279.335,286.58847,281.84875,6.115082,9.789703,11.297882,8.981812
Lecce,40.357029,18.17202,79.0,44.233333333333334,0.0021256218,0.0015423059,0.0005542006,0.0023588638,1.5373555e-06,2.4378876e-06,1.4232151e-09,4.574262e-06,4.0936007,3.6840434,3.095683,3.4820669,283.69724,288.54315,299.79755,292.49945,287.35638,292.9576,304.87845,296.9054,280.19406,284.20752,294.62585,288.61142,7.162323,8.750092,10.252594,8.293976
Leeds,53.796478,-1.54785,0.5666666666666667,0.5,0.0026685433,0.0019070624,0.0021618423,0.0025112678,0.0005032291,0.00010777787,8.7860395e-09,4.4175675e-05,4.82201,4.173854,3.7124078,4.475102,277.54254,281.69083,288.92654,283.72028,280.1578,285.55554,293.3439,287.03928,274.91684,277.77032,284.34818,280.53415,5.240967,7.7852173,8.995728,6.505127
Leicester,52.638599,-1.13169,2.4,1.5,0.0019005699,0.0015968087,0.0018131736,0.0020293822,0.00019919295,2.3496586e-05,9.433963e-09,8.318308e-06,5.001017,4.3067517,3.8475604,4.5911107,277.8513,282.40427,289.80334,284.24942,280.77228,286.87976,295.014,288.17792,274.83917,277.9052,284.52997,280.47794,5.9331055,8.974548,10.484039,7.6999817
Leipzig,51.339619,12.37129,16.833333333333332,5.833333333333333,0.0016508215,0.0015509597,0.002207815,0.0017051763,0.0003052527,7.311774e-05,1.8268326e-08,4.7789228e-05,3.8168864,3.1975017,2.836177,3.4539828,275.8503,283.66788,292.87048,284.35904,278.44748,288.63748,298.26578,288.47452,273.20547,278.60956,287.38388,280.51535,5.2420044,10.027924,10.881897,7.9591675
Leuven,50.879589,4.70093,8.7,3.1,0.002729739,0.0019776055,0.0024183693,0.0022644629,0.00016627561,1.9321138e-05,1.0173677e-08,1.4028501e-05,4.48144,3.6970224,3.3090158,3.9497266,277.94098,283.78546,291.77213,285.17426,280.64685,288.3492,296.71994,289.1308,275.20428,279.00616,286.60437,281.44128,5.442566,9.343048,10.11557,7.689514
Leverkusen,51.0303,6.98432,10.066666666666666,3.6,0.0029756117,0.0022200109,0.0027906117,0.002640524,0.00034182775,5.701584e-05,1.3849261e-08,3.9963146e-05,4.0594444,3.3510416,2.953731,3.6279838,277.4114,283.92123,292.11368,285.1087,279.8479,288.34174,296.96112,288.78018,274.952,279.40945,287.2458,281.74078,4.8959045,8.9322815,9.715332,7.039398
Lille,50.632969,3.05858,4.8,2.0,0.0028433532,0.002112925,0.0023237993,0.0024613985,0.00017177576,1.7764929e-05,5.1959685e-09,8.53354e-06,4.546027,3.8575633,3.4268599,4.0382214,277.9834,283.48965,291.15125,285.2824,280.53915,287.68506,295.85715,289.10104,275.4199,279.14923,286.21735,281.60336,5.1192627,8.535828,9.639801,7.4976807
Limoges,45.831532,1.2578,26.466666666666665,8.333333333333334,0.003412063,0.0029722906,0.0023181245,0.0029934265,6.360605e-05,2.005472e-05,1.3188308e-08,5.9226895e-06,3.5572252,3.1434178,2.630185,3.0697181,278.60696,284.37997,293.12173,286.54016,282.33063,289.75375,299.26984,291.83267,275.24548,279.0621,286.87628,281.79294,7.085144,10.69165,12.393555,10.039734
Lisbon,38.716671,-9.13333,50.4,16.4,0.0024926097,0.0014355567,0.00025633484,0.0017522011,3.741625e-07,2.0343809e-07,1.4335313e-10,1.7422667e-09,3.7460604,3.8802142,4.311761,3.3438513,285.8819,289.8358,296.29214,292.47025,289.9741,294.71173,302.23416,297.38583,282.43985,285.47043,291.28085,288.54874,7.5342407,9.2413025,10.953308,8.837097
Liverpool,53.41058,-2.97794,0.06666666666666667,0.06666666666666667,0.0030959717,0.0019946594,0.0022553816,0.0032392752,0.00021780685,3.8141665e-05,9.097866e-09,1.3480922e-05,5.0843687,4.2770047,3.8182967,4.687817,278.0049,281.88348,288.89493,283.94098,280.6097,285.60602,292.90106,287.13736,275.27878,278.01233,284.68365,280.78223,5.3309326,7.593689,8.217407,6.355133
Livorno,43.542641,10.316,42.36666666666667,20.233333333333334,0.0023793937,0.0019714655,0.0011624602,0.003271187,4.5105557e-05,6.8006284e-06,3.851783e-09,1.7912645e-05,2.730042,2.4571655,2.036652,2.4899073,280.95248,286.7503,296.99414,289.72247,284.77896,291.3624,302.3071,294.15186,277.50912,282.0003,291.46136,285.57294,7.2698364,9.362091,10.845734,8.578918
Liège,50.633732,5.56749,9.733333333333333,3.2333333333333334,0.0032384808,0.002380981,0.0026369945,0.0025865508,0.00039338676,6.830197e-05,1.4974399e-08,4.4836645e-05,4.594284,3.7284274,3.2912333,4.0492845,277.05356,283.2279,291.36145,284.57043,280.12787,288.12982,296.75238,288.98587,273.97012,278.12363,285.75848,280.42072,6.1577454,10.006195,10.9938965,8.565155
Ljubljana,46.051079,14.50513,10.566666666666666,4.7,0.003428846,0.0036927238,0.004518111,0.0049916967,0.001264261,0.0003252213,6.936568e-07,0.00041128567,1.8983129,1.9529722,1.6183683,1.7941575,274.27008,282.35648,292.44305,283.72372,277.80508,287.45114,298.1881,288.5641,270.88504,277.2625,286.84387,279.36078,6.920044,10.188629,11.344238,9.203308
London,51.50853,-0.12574,2.2,1.3666666666666667,0.002159487,0.001579158,0.0016004678,0.0022675646,0.00018873684,1.8957771e-05,3.3773793e-09,9.374597e-06,4.7206025,4.082357,3.6440022,4.240638,278.2638,282.7867,290.2948,284.83685,281.16287,287.2991,295.41412,288.85565,275.21487,278.20486,285.07196,280.91226,5.947998,9.094238,10.342163,7.94339
Lublin,51.25,22.566669,14.766666666666667,5.366666666666666,0.0020061685,0.0019421577,0.0023778027,0.0016495304,0.00085595483,0.0002814895,9.237036e-09,0.00013329246,3.7187245,3.116796,2.739327,3.3449132,273.58096,282.43558,292.96915,282.66357,275.9722,287.30457,298.30682,286.6623,270.86172,277.12708,287.21613,278.68997,5.1104736,10.17749,11.090698,7.9723206
Lucca,43.843571,10.50585,8.5,3.8,0.0028956342,0.0023045356,0.001560463,0.0039121085,0.00034171843,8.6767686e-05,9.932662e-08,0.00018171627,1.9512074,1.8908051,1.5962138,1.8264796,278.14087,284.09134,294.39786,286.91592,281.53262,288.20743,299.03134,290.80096,275.1688,279.97098,289.65625,283.39203,6.3638306,8.23645,9.375092,7.4089355
Luimneach,52.664719,-8.62306,0.1,0.06666666666666667,0.0044059465,0.002649086,0.0022747898,0.0039302954,0.00010364648,1.350069e-05,1.1127426e-08,1.0783774e-05,4.2141104,3.7457044,3.2814498,3.8347158,278.86908,281.8521,288.421,283.95123,281.63806,285.72797,292.47202,287.2299,276.09125,277.9964,284.31598,280.673,5.546814,7.7315674,8.156036,6.556885
Luton,51.879669,-0.41748,2.7666666666666666,1.6333333333333333,0.001880871,0.0015715989,0.0016738983,0.0021120298,0.00016714932,1.9637182e-05,6.8537602e-09,6.924414e-06,4.767986,4.1132803,3.6739714,4.3240232,278.0613,282.64246,290.11688,284.5883,280.94708,287.1749,295.2906,288.53528,275.06125,278.09137,284.88846,280.78107,5.8858337,9.083527,10.40213,7.7542114
Lyon,45.748459,4.84671,26.066666666666666,9.033333333333333,0.002254641,0.0026030538,0.0024131287,0.0034469417,0.0001817859,4.615216e-05,5.8691246e-08,4.281324e-05,2.5644388,2.6884606,2.3910537,2.4063866,277.43915,284.58246,294.24826,286.20587,280.87073,289.7386,300.1981,290.82214,274.2438,279.4028,288.31967,281.9956,6.6269226,10.335785,11.878418,8.826538
Lübeck,53.868931,10.68729,1.5333333333333334,0.8666666666666667,0.0026477391,0.0018168614,0.0029138539,0.0025211177,0.00041388543,4.1521693e-05,7.899276e-09,4.1761024e-05,4.571896,3.9429774,3.6650732,4.358604,276.47354,282.25354,290.94537,284.303,278.50568,285.89178,294.75824,287.21942,274.2742,278.4632,286.9157,281.506,4.231476,7.428589,7.8425293,5.7134094
Maastricht,50.848331,5.68889,10.333333333333334,3.3666666666666667,0.0028328814,0.002100255,0.0024566737,0.0023454027,0.00023197803,3.282974e-05,1.34506e-08,2.1675074e-05,4.368768,3.5653975,3.19917,3.8478699,277.72342,283.75027,291.73035,285.05096,280.56708,288.47766,296.9333,289.23883,274.8633,278.8156,286.35675,281.12347,5.703766,9.662048,10.576538,8.115356
Madrid,40.4165,-3.70256,75.7,37.7,0.0015067704,0.0014417529,0.00061350607,0.0016956528,0.00019685923,4.7222893e-05,1.0757472e-06,4.699356e-05,2.1311622,2.340008,2.2092488,1.9892882,279.73956,285.86993,297.43723,288.66394,284.9439,292.08295,304.82712,294.69708,275.16504,279.48285,289.48492,283.05432,9.77887,12.600098,15.342194,11.642761
Magdeburg,52.127731,11.62916,10.266666666666667,3.8666666666666667,0.0017039959,0.0015488813,0.0021745595,0.0016667076,0.00025988865,4.3075674e-05,1.4445463e-08,3.9711995e-05,3.6799374,3.1531847,2.845787,3.3767545,276.07626,283.1374,291.95956,284.14957,278.59277,287.71292,296.70255,287.9272,273.4345,278.3972,287.05646,280.5992,5.158264,9.315735,9.646088,7.3279724
Mainz,49.984192,8.2791,14.533333333333333,4.766666666666667,0.00205689,0.0018078214,0.0022139347,0.0020956576,0.000260565,3.8237988e-05,1.5253388e-08,3.5586087e-05,3.2236502,2.8648279,2.498887,2.8251457,276.33243,283.94635,292.6583,284.4961,279.0094,288.898,298.0018,288.55768,273.62665,278.914,287.33328,280.8038,5.3827515,9.984009,10.668518,7.7538757
Malmö,55.605869,13.00073,1.3666666666666667,1.0333333333333334,0.0019863541,0.0013357088,0.0024169355,0.0022506565,0.000507612,6.773862e-05,6.7353585e-09,4.132883e-05,5.00613,4.3652606,3.9602327,4.9060054,274.62857,281.42926,290.86826,283.26215,276.8058,285.431,295.02304,286.32083,272.18488,277.0304,286.03848,280.08142,4.6209106,8.400604,8.984558,6.2394104
Manchester,53.480949,-2.23743,0.43333333333333335,0.36666666666666664,0.003874649,0.0024621855,0.00277293,0.0037258002,0.00055289705,0.00010861338,9.199292e-09,3.553457e-05,4.6145663,4.0396643,3.5562494,4.254407,277.73672,281.89764,289.01764,283.81448,280.19766,285.63318,293.05814,286.9113,275.1818,278.06448,284.77582,280.77695,5.015869,7.568695,8.282318,6.1343384
Mannheim,49.496712,8.47955,21.2,6.166666666666667,0.0023613821,0.0020993112,0.0024252431,0.002411879,0.00028025522,4.585024e-05,1.6350722e-08,3.9447707e-05,3.2187974,2.783024,2.4208992,2.7420473,276.45782,284.4162,293.42105,284.90527,279.4202,289.6356,299.05112,289.29904,273.50757,279.19955,287.8801,280.985,5.912628,10.436035,11.1710205,8.314056
Marbella,36.51543,-4.88583,52.833333333333336,25.733333333333334,0.0036259806,0.0014992993,0.00018619855,0.0022659798,8.073403e-06,6.198765e-07,9.54803e-10,1.2056787e-05,3.6356711,3.496856,2.9962947,3.1390607,285.80215,289.83798,297.70456,292.9312,290.02017,294.5318,302.64578,297.24533,282.1724,285.13416,292.64102,289.084,7.8477783,9.397644,10.004761,8.161316
Marsala,37.796638,12.43518,76.36666666666666,41.9,0.0024173346,0.0012671717,0.00013132067,0.0022651674,1.9078054e-06,2.0439244e-09,0.0,7.777229e-10,4.493245,4.308507,3.3654113,3.8017395,285.76077,289.5544,299.66544,294.43945,288.74893,293.38492,304.21286,298.05487,282.80722,285.71344,294.9586,291.2122,5.9417114,7.6714783,9.254272,6.842682
Marseille,43.296951,5.38107,34.166666666666664,16.3,0.001990859,0.0019350625,0.0006566739,0.0029356852,8.293204e-06,8.1637984e-07,1.3250485e-09,9.884805e-07,3.6739905,3.7915747,3.3592763,3.498067,281.4912,286.97476,296.6911,290.04044,285.31122,291.49747,301.7122,294.3621,278.2206,282.4409,291.42694,286.2264,7.0906067,9.05658,10.285248,8.135681
Messina,38.193272,15.54969,54.4,26.533333333333335,0.0023711016,0.0014077858,0.00032993796,0.0021671043,2.5459292e-05,8.530036e-06,2.9068185e-11,4.1094043e-07,2.7859817,2.6070023,2.1045508,2.1803916,284.60117,288.27567,299.1989,293.1378,287.29993,291.5273,302.96475,296.28668,282.18152,285.18683,295.40643,290.4655,5.118408,6.3404846,7.558319,5.821167
Mestre,45.49028,12.2425,33.2,10.833333333333334,0.001915533,0.0024642572,0.0025231668,0.0031423166,0.00018756303,4.632749e-05,1.0900777e-06,9.8495846e-05,1.9934748,2.0862439,1.955067,2.0717537,277.935,286.45764,296.8073,287.73016,281.59607,290.8768,301.61914,292.0918,274.6575,281.9415,291.91983,283.70428,6.938568,8.935303,9.69931,8.387512
Metz,49.11911,6.17269,13.2,4.7,0.0029682645,0.0021733136,0.0023370236,0.002641286,0.0002645377,2.5373667e-05,1.1175061e-08,3.8284525e-05,3.98246,3.3494155,2.8476932,3.3071172,276.77603,283.5919,292.23935,284.5921,279.71497,288.4167,297.66653,288.98105,273.82968,278.64148,286.71603,280.567,5.8852844,9.7752075,10.9505005,8.4140625
Milan,45.464272,9.18951,39.96666666666667,14.266666666666667,0.0018075308,0.0030513976,0.0029246658,0.0036717393,0.00015782518,4.2473876e-05,7.0045866e-07,2.1021558e-05,1.4719747,1.718419,1.5308797,1.4640343,277.51254,286.2187,296.4473,287.1926,281.68338,291.53723,302.12933,292.0507,274.12497,281.15198,291.06705,283.0117,7.5584106,10.385254,11.062286,9.039001
Modena,44.647831,10.92539,29.333333333333332,10.0,0.002235157,0.0021504564,0.001835702,0.0030204202,0.0005021582,0.00010698581,1.9633602e-07,0.00022332497,1.7879299,1.9700104,1.7375056,1.775296,276.9866,285.14862,295.98236,286.9656,280.28748,289.7044,301.04556,291.00345,274.2131,280.76434,291.0483,283.4271,6.0743713,8.940063,9.997253,7.576355
Montpellier,43.61092,3.87723,30.166666666666668,14.133333333333333,0.002047278,0.0020778652,0.0008915343,0.0036527154,4.4531313e-05,1.5686539e-05,1.0137872e-08,1.4386067e-06,4.460306,4.2591233,3.7645762,4.1134114,281.6486,287.07675,296.6628,289.96637,285.36368,291.4627,301.4971,294.1048,278.44513,282.77432,291.8097,286.3441,6.9185486,8.688385,9.687408,7.7607117
Moscow,55.75222,37.615559,15.3,5.9,0.0018474973,0.0013684226,0.0022378701,0.002301462,0.0014553358,0.00030672774,5.829858e-07,0.00033027772,3.773157,3.2622957,2.943305,3.553977,268.28555,280.4173,293.0003,280.1213,270.61105,284.7392,297.93008,283.021,265.47604,275.35526,287.36508,276.97818,5.13501,9.383942,10.565002,6.042816
Mulhouse,47.75,7.33333,11.733333333333333,4.266666666666667,0.0033461188,0.0029856164,0.0030352464,0.0031079722,0.0005351899,0.00014510559,3.7272912e-06,8.1132894e-05,2.4145343,2.1895487,1.8774375,2.0088964,275.66046,283.29053,292.08774,284.10678,278.343,288.11377,297.56482,288.35797,273.18362,278.6672,286.7655,280.41083,5.159363,9.446564,10.799316,7.9471436
Murcia,37.987041,-1.13004,89.26666666666667,49.266666666666666,0.00085106876,0.0007793159,0.00026159888,0.0010480009,3.5863263e-06,3.9413694e-06,1.3642406e-09,1.8961862e-06,2.6715758,2.7215908,2.4233637,2.345095,284.10358,289.0644,298.82806,292.63824,290.19073,295.12708,304.99286,298.59885,279.08954,283.00668,292.59875,287.43253,11.101196,12.120392,12.394104,11.166321
Málaga,36.720161,-4.42034,83.8,41.53333333333333,0.0023902613,0.0011065251,0.00017694753,0.0017768969,1.0759569e-05,2.5325196e-06,4.1163142e-11,1.8082304e-05,2.2773838,2.1781213,1.8002201,1.950658,284.60037,289.6095,298.51437,292.5074,290.03104,295.471,304.58017,298.13275,280.03485,283.5341,291.8447,287.5217,9.996185,11.93692,12.735474,10.611053
Mülheim (Ruhr),51.433331,6.88333,9.0,3.1666666666666665,0.0030982012,0.0021714335,0.0027951042,0.0027780766,0.00029604987,4.4933437e-05,1.085525e-08,2.9701088e-05,4.1413474,3.4393394,3.0688186,3.7072623,277.68295,283.8541,291.8956,285.1102,280.068,288.19348,296.6363,288.6777,275.26187,279.40433,287.11,281.801,4.806122,8.789154,9.526306,6.876709
München,48.137428,11.57549,11.366666666666667,4.033333333333333,0.0024794661,0.0031198447,0.005089724,0.0027891274,0.0011744562,0.0005132592,5.2430332e-06,0.00022463339,2.5072482,2.3107545,1.9493597,2.119804,274.14163,282.17282,292.13388,283.39426,277.40314,287.14932,297.53088,287.9539,270.967,277.32516,286.98615,279.40683,6.4361267,9.824158,10.544739,8.547058
Münster,51.96236,7.62571,7.533333333333333,2.8,0.0028850248,0.0020470629,0.0026368664,0.0025854495,0.00023206702,3.4469278e-05,9.882577e-09,2.7192953e-05,4.0972958,3.4576313,3.1206083,3.7227855,277.20197,283.33075,291.21844,284.52594,279.5989,287.72424,296.01276,288.14682,274.72885,278.7805,286.29767,281.10898,4.870056,8.943756,9.715088,7.037842
Namur,50.4669,4.86746,10.533333333333333,3.433333333333333,0.0030896815,0.0022963125,0.0025457456,0.0024310795,0.00028537714,4.097375e-05,1.3450458e-08,3.0525098e-05,4.60649,3.7542017,3.3136334,4.058729,277.39642,283.4941,291.6126,284.88733,280.4312,288.4361,297.061,289.34357,274.35757,278.3375,285.92587,280.67117,6.073639,10.098602,11.135132,8.672394
Nantes,47.217251,-1.55336,15.3,5.466666666666667,0.0035157723,0.002233467,0.0015014374,0.0028531845,4.3698066e-05,4.0435157e-06,8.085355e-09,1.1948323e-07,4.3233314,3.902821,3.4492297,3.6845243,280.1348,284.99695,293.0376,287.2458,283.29022,289.61627,298.26505,291.72705,276.99097,280.26108,287.61984,283.0248,6.2992554,9.355194,10.645203,8.70224
Napoli,40.833328,14.25,60.13333333333333,30.866666666666667,0.0031044974,0.0024769045,0.00083768705,0.003164124,0.00011248742,3.464275e-05,2.8252265e-09,1.6641741e-05,2.5508988,2.150357,1.6885636,2.130117,282.40887,287.24384,298.26422,291.19846,286.43005,291.73828,303.42365,295.88422,278.75577,282.6453,292.7619,286.87823,7.674286,9.092987,10.661743,9.005981
Neuß,51.198071,6.68504,9.933333333333334,3.433333333333333,0.0027311668,0.0020324963,0.0025681928,0.0024101934,0.0002777468,4.6078345e-05,1.3968206e-08,3.2644388e-05,4.1859584,3.4338236,3.0534542,3.7252436,277.44907,283.74854,291.90787,285.02005,280.06708,288.36963,296.95273,288.91373,274.8163,279.0253,286.81644,281.42844,5.250763,9.34433,10.1362915,7.4852905
Newcastle upon Tyne,54.973282,-1.61396,0.1,0.1,0.002077893,0.0016089117,0.0019027978,0.0022529017,0.0003177085,6.781946e-05,3.4483287e-09,2.3240853e-05,5.3213396,4.499284,3.8770018,4.906139,277.61746,281.3736,288.1872,283.56683,280.11935,284.89987,292.11203,286.70752,275.04724,277.68164,284.0482,280.46664,5.072113,7.218231,8.063843,6.2408752
Nice,43.703129,7.26608,3.3666666666666667,1.9333333333333333,0.0031579644,0.0026356077,0.0011405149,0.004040768,0.0004952585,0.00010702278,9.404119e-09,0.00016790273,1.4662843,1.63196,1.4056302,1.4530872,280.75726,285.6925,295.2096,288.97415,284.50058,289.1386,298.58878,292.57227,277.88113,282.07123,291.17377,285.9795,6.619446,7.067383,7.4150085,6.5927734
Nijmegen,51.842499,5.85278,6.133333333333334,2.6333333333333333,0.0028643499,0.0019935737,0.002540323,0.0026531324,0.0001692839,2.093477e-05,7.888502e-09,1.031259e-05,4.368742,3.6948922,3.3007944,3.9203582,277.76248,283.34366,291.0364,284.60696,280.35617,287.94904,296.0457,288.5546,275.10956,278.50897,285.75998,280.88324,5.2466125,9.440063,10.285706,7.671356
Northampton,52.25,-0.88333,2.8,1.6333333333333333,0.0018935021,0.0016025517,0.0018001659,0.0020580513,0.00018373209,2.2669185e-05,1.1243656e-08,5.4266343e-06,4.9484873,4.257508,3.8009496,4.5266747,277.9199,282.5016,289.95032,284.34375,280.8629,287.0405,295.224,288.30362,274.86923,277.93893,284.62506,280.525,5.993683,9.1015625,10.598938,7.7786255
Norwich,52.627831,1.29834,0.7,0.5333333333333333,0.0019179935,0.0013923268,0.0018253815,0.001949178,0.00013148312,1.09848925e-05,4.510104e-09,5.864713e-06,5.6422434,4.7421327,4.129032,5.18847,278.29388,282.66245,289.9444,284.9504,280.96063,286.518,294.43552,288.55853,275.49307,278.69754,285.25568,281.39713,5.46756,7.820465,9.17984,7.1614075
Nottingham,52.953602,-1.15047,1.6333333333333333,0.9666666666666667,0.0019368937,0.001594999,0.001861712,0.0020052749,0.00023397345,3.091991e-05,7.81604e-09,1.5081934e-05,5.008164,4.3233957,3.8607247,4.6286144,277.7119,282.17236,289.52634,284.0529,280.53937,286.43982,294.51657,287.81198,274.83435,277.88953,284.45358,280.4776,5.705017,8.550293,10.062988,7.334381
Novi Sad,45.251671,19.836941,58.03333333333333,18.466666666666665,0.0013200302,0.0018107928,0.002148928,0.0016366614,0.00026567891,6.9222566e-05,8.104625e-09,5.0866925e-05,2.8241222,2.779294,2.3970606,2.7060797,276.37003,285.97537,297.40414,286.98016,279.73172,291.245,303.46536,292.15027,273.00995,280.61462,291.13528,282.24597,6.7217712,10.630371,12.330078,9.904297
Nîmes,43.833328,4.35,53.56666666666667,24.166666666666668,0.0020953582,0.0022235932,0.0011323259,0.004249968,8.568145e-05,1.480717e-05,3.8711615e-08,1.2015557e-05,3.3449595,3.4113796,3.2410784,3.1550395,280.5319,286.8329,296.9051,289.1972,284.74344,292.21228,303.0484,294.14236,276.9899,281.67694,290.9001,284.9696,7.75354,10.535339,12.148315,9.17276
Nürnberg,49.454208,11.07752,13.066666666666666,4.633333333333334,0.0023031367,0.0020495653,0.002650955,0.0022601509,0.00051126,0.0001307533,1.2865842e-08,8.63529e-05,3.304982,2.8943284,2.4659717,2.858502,274.6184,282.52847,291.9893,283.25485,277.51602,287.66776,297.60464,287.69632,271.79373,277.41904,286.383,279.26923,5.72229,10.248718,11.221649,8.4270935
Oberhausen,51.47311,6.88074,9.0,3.1666666666666665,0.0030982012,0.0021714335,0.0027951042,0.0027780766,0.00029604987,4.4933437e-05,1.085525e-08,2.9701088e-05,4.1413474,3.4393394,3.0688186,3.7072623,277.68295,283.8541,291.8956,285.1102,280.068,288.19348,296.6363,288.6777,275.26187,279.40433,287.11,281.801,4.806122,8.789154,9.526306,6.876709
Odessa,46.47747,30.73262,36.6,13.566666666666666,0.0011619305,0.0010797827,0.0012761902,0.001087865,0.00031923075,8.414586e-05,3.6566048e-09,4.5521978e-05,4.1374187,3.8225741,3.4530516,3.9497554,274.72723,283.9125,297.28445,285.48157,277.24078,287.67892,301.85345,288.98367,271.97702,279.9527,292.33127,281.94144,5.2637634,7.726227,9.522186,7.0422363
Olsztyn,53.779949,20.49416,8.633333333333333,3.7666666666666666,0.0022582812,0.0016546064,0.0024522021,0.0018746919,0.0009777992,0.0002538953,1.3062276e-08,0.00012302244,4.0194473,3.3316333,3.0706735,3.8235602,273.5689,281.69247,292.03757,282.49155,275.59485,286.15793,296.92593,285.8909,271.27466,276.74393,286.68115,279.10013,4.3201904,9.414001,10.2447815,6.7907715
Oradea,47.066669,21.933331,39.96666666666667,11.733333333333333,0.0017154326,0.0020651792,0.0023814759,0.0016660726,0.00044034066,8.315679e-05,1.5680135e-08,6.235872e-05,2.448014,2.433121,2.1163251,2.2146418,274.70932,284.62158,295.57034,285.16037,278.0345,289.96133,301.62094,290.46478,271.3563,279.14496,289.2456,280.2191,6.678192,10.816376,12.375336,10.245697
Orléans,47.902889,1.90389,20.033333333333335,6.033333333333333,0.0023717433,0.0020545588,0.0019068136,0.0022033765,7.304538e-05,7.806073e-06,1.0091033e-08,3.761492e-06,4.094395,3.5661514,3.1288953,3.4703455,278.67136,284.59488,292.99847,286.32993,281.6099,289.44794,298.6364,290.89426,275.80316,279.60336,287.11423,282.0309,5.806732,9.844574,11.522186,8.863342
Oslo,59.912731,10.74609,0.7,0.4666666666666667,0.0027043489,0.0021446461,0.003179805,0.0035802154,0.001836337,0.0006612645,2.4763677e-08,0.0003230722,2.620758,2.5827844,2.433259,2.769637,270.04453,278.1907,289.01822,279.6117,272.43054,282.58408,293.73337,282.61237,267.32,273.3633,283.8465,276.51175,5.1105347,9.220764,9.886871,6.1006165
Osnabrück,52.27264,8.0498,6.966666666666667,2.533333333333333,0.002922659,0.0020228992,0.0026888612,0.0025542274,0.00021838566,2.8970393e-05,1.01714495e-08,2.3604489e-05,3.9658103,3.408516,3.1053703,3.6739807,276.95172,283.13287,291.007,284.30313,279.33157,287.581,295.8722,287.95407,274.46332,278.5499,286.03232,280.862,4.8682556,9.031097,9.839874,7.0920715
Ostrava,49.834648,18.28204,16.2,5.5,0.0021143334,0.0022036687,0.003212405,0.0019796053,0.0009038118,0.00023616714,1.2335773e-08,0.00016065115,3.623425,3.0368311,2.6084802,3.2331386,274.1384,282.5484,292.64578,283.2917,276.8544,287.6382,298.3504,287.78043,271.23422,277.14993,286.6191,278.98618,5.620178,10.488281,11.731293,8.7942505
Oulu,65.01236,25.468161,0.6,0.43333333333333335,0.0016489393,0.0011732393,0.0022675984,0.00189171,0.0014099586,0.00047743774,2.957346e-06,0.00037981672,3.6885197,3.453829,3.0344884,3.7172704,265.3243,275.70282,289.04288,277.60056,268.61316,279.7552,293.02194,280.2956,261.54486,270.65662,283.86948,274.5865,7.0682983,9.098572,9.152466,5.7091064
Oviedo,43.360291,-5.84476,5.466666666666667,2.5,0.0036302404,0.0027845083,0.0016406432,0.0030290198,0.00023539866,9.3725874e-05,3.155322e-07,3.0240933e-05,2.825498,2.5705266,2.3473542,2.4011323,281.09613,284.6347,292.0678,287.7664,285.26627,289.6248,297.67282,292.78708,277.25577,279.56308,286.41638,283.11328,8.010498,10.061707,11.256439,9.673798
Oxford,51.75222,-1.25596,2.6,1.6333333333333333,0.0020553377,0.0016929344,0.0015761817,0.002214872,0.00019093628,2.9646411e-05,3.8124934e-09,9.170659e-06,4.6871057,4.0543714,3.619694,4.201833,278.26663,282.74905,290.3515,284.75644,281.02066,287.13406,295.28775,288.5196,275.37436,278.34415,285.3136,281.09613,5.6463013,8.789917,9.974152,7.423462
Padova,45.415192,11.88181,29.166666666666668,9.966666666666667,0.0018553537,0.0024934292,0.0027416078,0.0031679398,0.00030572672,8.553638e-05,7.0611156e-07,0.00016559103,1.7960181,1.9214483,1.7795168,1.855719,277.26688,286.00067,296.3378,287.15988,281.05576,290.57266,301.24457,291.57977,273.91147,281.3107,291.32666,283.04782,7.144287,9.261963,9.917908,8.531952
Palermo,38.115822,13.35976,51.333333333333336,25.266666666666666,0.0030812554,0.0019394184,0.0002587469,0.0026456567,2.1571186e-05,7.264084e-06,2.4668717e-10,4.074479e-07,2.8945844,2.761689,2.0759835,2.319492,284.53946,288.28738,298.79507,293.24472,287.21152,291.66095,302.79892,296.42422,282.07697,284.98712,294.72055,290.52005,5.134552,6.673828,8.078369,5.904175
Palma,39.569389,2.65024,15.833333333333334,6.3,0.0019557963,0.0015162945,0.0005314015,0.002804015,9.934668e-06,5.6003773e-07,2.0980797e-09,6.079427e-07,4.8282332,4.0974708,3.072433,3.946451,285.67947,288.66064,297.9133,293.66293,288.14642,291.3227,300.75055,296.3251,283.2679,285.8845,295.09064,291.16678,4.8785095,5.438202,5.659912,5.158325
Pamplona,42.816872,-1.64323,29.266666666666666,9.6,0.004355524,0.003718581,0.0020098093,0.0038604483,0.00029073784,9.296522e-05,9.080968e-07,4.0992894e-05,2.6990452,2.6568613,2.3728054,2.4526205,279.55188,284.30075,293.33252,287.5913,283.69305,289.5308,299.62158,292.91986,275.74188,279.0644,287.259,282.8325,7.951172,10.4664,12.362579,10.087372
Paris,48.853409,2.3488,13.7,4.6,0.002457039,0.0020029596,0.0019922566,0.0020851286,0.0001126289,1.1011985e-05,9.878665e-09,8.8000525e-06,4.0805445,3.4940975,3.069096,3.4579883,279.1869,285.05945,293.1718,286.52664,281.6162,289.22684,297.90598,290.28256,276.73804,280.71072,288.20303,282.90012,4.878174,8.516113,9.702942,7.3824463
Parma,44.802662,10.32898,53.86666666666667,20.333333333333332,0.0018243941,0.0022425689,0.0019276856,0.0029344934,0.00032777485,9.182734e-05,1.1072227e-07,0.00017378455,1.6140944,1.8380955,1.6317427,1.6415783,277.2337,286.88782,297.65192,287.92365,281.00067,292.10785,303.27975,292.5088,274.10495,281.8714,292.2677,283.92297,6.8957214,10.23645,11.012054,8.585815
Perpignan,42.697639,2.89541,51.8,20.3,0.0019887458,0.0021589508,0.0009861782,0.0029538579,0.000120425735,3.1350497e-05,6.417344e-09,6.565802e-06,2.8751276,3.0661416,2.747707,2.7104423,281.85782,287.03418,297.06894,290.19632,286.65454,292.1856,302.58392,295.30426,277.85324,281.94327,291.3524,285.82254,8.8013,10.24234,11.231537,9.48172
Perugia,43.112202,12.38878,36.1,12.466666666666667,0.002297282,0.0023061456,0.0014248684,0.0032230862,0.00036556303,6.9295456e-05,5.5117124e-09,7.002183e-05,2.2377763,2.197217,1.8731118,2.05987,279.0432,284.90906,296.05313,287.90054,282.61142,289.44846,301.5582,292.25568,275.85257,280.42627,290.56293,284.02948,6.75885,9.022186,10.99527,8.226196
Piraeus,37.947449,23.637079,94.0,52.1,0.002053093,0.0010619088,0.00023359737,0.0015264329,6.4439e-05,2.138898e-05,7.022154e-10,9.754241e-06,2.5876672,2.404969,2.4292984,2.3380039,282.7355,288.09314,300.13428,291.83505,286.58432,293.3386,306.108,296.8744,279.0551,282.9738,293.91522,287.19086,7.5292053,10.364807,12.19278,9.683533
Pisa,43.71553,10.39659,38.5,17.3,0.002522483,0.002105194,0.0012614421,0.0035946341,7.9719335e-05,9.103555e-06,4.043288e-09,2.8026609e-05,2.115642,2.0048878,1.6600531,1.9595863,280.43036,286.43802,296.5574,289.27893,284.40753,291.19144,301.96008,293.86572,276.9283,281.6092,290.99203,285.08444,7.4792175,9.582245,10.968048,8.7812805
Ploieşti,44.950001,26.01667,41.5,14.0,0.0016449329,0.0021345806,0.0026954527,0.0015494864,0.00090701086,0.00026088173,6.9374613e-07,0.00025324852,2.313007,2.3277872,1.9148065,2.0826921,274.1733,283.63095,295.33768,284.64056,278.1575,289.47366,302.00323,290.59744,270.3582,277.61526,288.50723,279.1672,7.7993164,11.858398,13.496002,11.430237
Plovdiv,42.150002,24.75,38.96666666666667,13.5,0.0020149716,0.0022639425,0.0022011513,0.0016645982,0.00081411,0.00032692958,8.344634e-09,0.000119301854,1.7299939,1.7893577,1.6318386,1.603624,274.476,283.00302,295.32086,285.02145,278.41333,288.46033,301.94086,290.8789,270.6813,277.27673,288.2329,279.51544,7.732025,11.183594,13.707947,11.363464
Plymouth,50.371529,-4.14305,0.1,0.1,0.00458398,0.0026490416,0.002205008,0.0040069455,7.378158e-05,1.1796731e-05,4.2452135e-09,9.642276e-07,5.1282783,4.342078,3.8553326,4.5411367,279.58908,282.60413,289.53036,285.22278,282.12262,286.04898,293.27872,288.27655,276.88586,279.05344,285.6608,282.18353,5.2367554,6.9955444,7.61792,6.0930176
Plzeň,49.747471,13.37759,10.533333333333333,3.533333333333333,0.0014399335,0.0017812684,0.002776176,0.0015124119,0.0006034479,0.00025730376,1.2900132e-08,0.00015545172,3.413048,2.9618683,2.5319765,2.9490154,273.7806,282.18616,291.8419,282.76825,276.40826,287.0799,297.26083,286.97308,271.094,277.12628,286.23886,278.80423,5.31427,9.953613,11.021973,8.168854
Porto,41.149609,-8.61099,30.333333333333332,10.366666666666667,0.0051315688,0.0030486532,0.00087427825,0.0034290308,2.9828775e-06,9.644236e-07,3.4954153e-09,2.621302e-07,3.1488883,3.0215771,3.005852,2.577069,283.63177,287.687,294.15265,290.1933,288.25986,293.04053,300.2838,295.81418,279.73212,282.66412,288.42572,285.63818,8.5277405,10.376404,11.858093,10.175995
Potsdam,52.398861,13.06566,14.266666666666667,4.8,0.0017920895,0.001550601,0.0021992784,0.0015681706,0.000272052,3.8816164e-05,1.1941641e-08,4.135961e-05,3.7300909,3.2192283,2.927602,3.5369163,276.09488,283.71307,292.70215,284.4388,278.56955,288.51062,297.835,288.2336,273.4933,278.7744,287.42618,280.84494,5.0762634,9.736206,10.408813,7.388672
Poznań,52.406921,16.92993,14.433333333333334,5.566666666666666,0.0019123328,0.0014471619,0.0023633246,0.0013496892,0.0005273994,0.00010168099,1.45766945e-08,5.7124555e-05,3.6139514,3.1152575,2.8663154,3.4560072,275.14542,283.09406,292.72638,283.6377,277.54272,287.9018,298.04523,287.45828,272.52435,277.9178,287.09702,279.84137,5.0183716,9.984009,10.948212,7.616913
Prague,50.088039,14.42076,15.633333333333333,5.233333333333333,0.0014740814,0.0017120889,0.002730399,0.0014319558,0.0005234262,0.00017783746,1.592479e-08,0.00011139871,3.3483038,2.9625285,2.561815,3.005732,274.304,282.80325,292.53625,283.26193,276.99982,287.92654,298.16797,287.64005,271.5817,277.4893,286.7749,279.06067,5.4181213,10.437256,11.393066,8.579376
Prato,43.884251,11.09092,18.566666666666666,8.0,0.0026944687,0.002351645,0.0017601826,0.0035311887,0.00045285976,8.564292e-05,1.11404155e-07,0.00017440994,1.9148145,1.9831885,1.7004946,1.8296751,277.80887,284.38165,294.9946,286.91705,281.08496,288.67245,299.9662,290.88242,274.9361,280.13025,289.98477,283.34436,6.1488647,8.542206,9.981415,7.5380554
Preston,53.76667,-2.71667,0.1,0.1,0.0036093127,0.0022373626,0.0026227273,0.0037431235,0.0002789484,4.202207e-05,1.0333824e-08,1.3238356e-05,5.114383,4.301393,3.8026602,4.723367,277.79025,281.75674,288.82608,283.81195,280.26837,285.3367,292.56058,286.82037,275.19116,277.9932,284.8127,280.7828,5.0772095,7.343506,7.747864,6.037567
Pécs,46.083328,18.23333,48.46666666666667,15.2,0.0015586314,0.0019457936,0.0023333007,0.0019612624,0.00034808362,6.939241e-05,1.2436464e-08,9.5674775e-05,2.6757095,2.6407402,2.2954404,2.4262674,275.67343,285.3548,296.04443,285.82263,279.21317,291.07605,302.42142,291.5135,272.16556,279.4562,289.37247,280.53568,7.0476074,11.619843,13.04895,10.977814
Ravenna,44.4175,12.20111,44.0,13.933333333333334,0.0016004258,0.0016582012,0.0014765387,0.0025412713,0.00016439395,3.2182557e-05,1.4359218e-10,9.285876e-05,2.6831822,2.7256572,2.5319154,2.658506,279.0608,287.28726,297.8224,289.17715,282.2753,291.46207,302.41037,293.1582,276.18015,283.0039,293.05704,285.54364,6.095154,8.45816,9.3533325,7.614563
Reading,51.456249,-0.97113,2.3666666666666667,1.6,0.0023136088,0.001753742,0.0016353219,0.002457808,0.00017726094,2.2693936e-05,3.494201e-09,6.5211116e-06,4.6332555,4.013706,3.5795844,4.1455593,278.16006,282.6622,290.1771,284.67203,281.045,287.1772,295.26132,288.62018,275.12018,278.09763,284.95715,280.82083,5.924835,9.079559,10.304169,7.799347
Regensburg,49.014999,12.09556,13.766666666666667,4.433333333333334,0.0021068838,0.0020867405,0.0030310573,0.002105895,0.0005969329,0.00016407591,5.6004986e-08,0.000114761744,3.0536366,2.8130229,2.367614,2.661995,274.1935,282.72128,292.21408,283.14618,276.87964,287.83447,297.89536,287.423,271.59055,277.70694,286.67667,279.29163,5.289093,10.127533,11.218689,8.131378
Reims,49.25,4.03333,14.166666666666666,4.633333333333334,0.0024746887,0.0019187,0.0021534823,0.0019831606,0.00014054621,1.6300852e-05,9.82121e-09,1.209481e-05,4.0192347,3.4046466,2.9320629,3.3901286,277.8497,283.96094,292.25128,285.3131,280.81213,288.85062,297.93265,289.88513,274.86917,278.86707,286.36853,280.9459,5.9429626,9.983551,11.564117,8.9392395
Rennes,48.11198,-1.67429,10.866666666666667,4.3,0.003254093,0.0021846497,0.0016249332,0.0027075408,6.4939406e-05,4.986144e-06,4.946057e-09,4.2499405e-06,4.0672345,3.654599,3.2415147,3.5183413,279.766,284.42548,292.14758,286.654,282.79672,289.02505,297.39697,290.98416,276.74374,279.79294,286.74603,282.5643,6.0529785,9.232117,10.65094,8.419861
Reykjavík,64.135483,-21.895411,0.0,0.0,0.005950061,0.0043060374,0.0029106545,0.0049372283,0.0024933037,0.0012817621,5.86214e-07,0.00049088296,4.7172565,4.25828,3.481406,4.143066,273.0828,276.25027,283.51215,277.8315,275.12115,278.56305,285.77786,279.76025,270.80655,273.64066,281.07748,275.78436,4.3146057,4.922394,4.7003784,3.975891
Riga,56.945999,24.10589,3.5,2.2333333333333334,0.0023302808,0.0013343983,0.0023872065,0.0026904906,0.0009863853,0.0001846693,1.1625454e-08,9.713912e-05,5.0060024,4.1118007,3.834286,4.796902,272.67056,280.00235,291.54547,282.21527,274.44302,283.93518,295.55573,284.9086,270.5965,275.571,286.94022,279.34863,3.846527,8.364166,8.615509,5.559967
Rimini,44.063332,12.58083,31.366666666666667,10.366666666666667,0.0019829113,0.0019387007,0.0015776615,0.0029661406,0.00029803146,5.9374765e-05,3.6368688e-09,0.00010192322,2.5541196,2.5486941,2.2188025,2.3941896,278.5789,285.6245,296.4288,288.0185,281.85516,289.80927,301.204,292.01385,275.60052,281.31265,291.3819,284.39545,6.2546387,8.496613,9.822113,7.618408
Rome,41.894741,12.4839,68.16666666666667,36.266666666666666,0.0029999914,0.002518834,0.00096319447,0.004917652,9.369933e-05,2.4890845e-05,2.543968e-09,2.4281671e-05,2.5101573,2.3474267,2.0085034,2.2267756,282.03915,287.31235,298.0499,290.84814,286.5414,292.47357,304.02167,296.01715,278.14288,282.17264,291.92334,286.25726,8.398529,10.300934,12.098328,9.759888
Roquetas de Mar,36.764191,-2.61475,74.93333333333334,37.6,0.0012467153,0.0007523752,0.00021751937,0.0010501607,6.406931e-05,1.8968813e-05,1.0627358e-10,1.1662306e-05,1.8967022,2.1183155,1.9527012,1.8599945,285.03934,289.58322,298.7914,293.07867,290.55823,294.67615,303.91766,298.34134,280.59897,284.1581,293.07123,288.3994,9.959259,10.518036,10.846436,9.941925
Rostock,54.088699,12.14049,3.2333333333333334,1.7,0.0020242692,0.0016034425,0.002602807,0.0020177313,0.0003280253,4.3008353e-05,6.7186385e-09,3.763245e-05,4.619946,3.9632995,3.6864166,4.407971,275.96722,282.25916,291.3278,284.11774,278.04208,286.04617,295.23114,287.20734,273.75238,278.3402,287.23645,281.19028,4.2897034,7.705963,7.99469,6.0170593
Rotterdam,51.922501,4.47917,2.533333333333333,1.3333333333333333,0.0028540767,0.0019342636,0.0025547196,0.0030243697,0.0001415748,1.7453307e-05,6.340554e-09,5.420582e-06,5.3059506,4.420499,3.9573197,4.7314177,278.12576,283.23297,290.77023,285.02304,280.58795,287.2844,295.04117,288.56653,275.5661,278.90033,286.0521,281.58972,5.0218506,8.384064,8.989075,6.9768066
Rouen,49.44313,1.09932,4.7,2.2666666666666666,0.003383371,0.0023638043,0.0022683698,0.003093434,0.00014026798,1.6624614e-05,1.2145857e-08,6.8365775e-06,4.599065,3.8856752,3.4579277,3.979497,279.1161,283.72577,291.39676,286.1319,281.47086,287.4943,295.54242,289.67236,276.7381,279.89395,287.0524,282.76633,4.7327576,7.600342,8.490021,6.9060364
Saint Petersburg,59.89444,30.26417,5.166666666666667,2.8333333333333335,0.001638247,0.0011788536,0.0023948369,0.0022574891,0.0011881054,0.0002621623,4.157241e-08,0.00028966984,3.8613856,3.313199,3.0748188,3.6502047,268.80954,278.82843,291.5205,280.4267,270.93744,282.79102,295.361,282.81744,266.3111,274.21283,286.86752,277.83417,4.626343,8.578186,8.493469,4.9832764
Saint-Étienne,45.433331,4.4,21.333333333333332,7.533333333333333,0.0016985488,0.0022094636,0.002213859,0.0030956194,0.00023519446,6.2380546e-05,5.7721493e-08,6.953668e-05,2.7707233,2.8597877,2.4947631,2.5901408,277.01224,283.7547,293.42685,285.64523,280.60034,289.0019,299.43402,290.3563,273.6865,278.51932,287.43103,281.36105,6.913849,10.482574,12.002991,8.995239
Salamanca,40.968819,-5.66388,65.7,26.6,0.001345506,0.0012835445,0.00055108295,0.0014740601,9.0419955e-05,2.3723072e-05,5.0106664e-08,1.2558634e-05,2.8080733,2.7706926,2.4609168,2.425895,278.8688,285.2041,295.55505,287.7476,283.86966,291.68546,303.52335,294.19382,274.4136,278.5788,287.2095,281.83496,9.456055,13.106659,16.313843,12.358856
Salerno,40.677971,14.76599,58.03333333333333,29.0,0.0032434387,0.0025373965,0.00078611705,0.0031654115,5.3720898e-05,2.7000015e-05,3.8556194e-09,1.2502477e-05,2.9835017,2.3904333,1.7849786,2.385266,282.9128,287.4615,298.4791,291.7086,286.4778,291.5319,303.17935,295.9003,279.58432,283.18646,293.35126,287.78375,6.8934937,8.345428,9.8280945,8.116547
Salzburg,47.799412,13.04399,1.9,1.2333333333333334,0.0038287058,0.004241209,0.006241691,0.0034508596,0.0025733106,0.0012357316,1.52105695e-05,0.00048371864,1.7563225,1.7006428,1.473017,1.57647,272.54913,279.60867,289.3796,281.58426,275.69638,283.98453,294.01086,285.82767,269.45847,275.3129,284.92233,277.8196,6.237915,8.671631,9.0885315,8.008057
Santander,43.464722,-3.80444,3.433333333333333,1.7666666666666666,0.0041142204,0.0030536423,0.0017067235,0.0036783784,0.00015332187,5.308696e-05,1.9605206e-07,1.7745193e-05,3.6034544,3.2441564,2.8562112,3.111168,282.45465,285.58957,292.82162,289.03336,285.7933,289.5848,297.20233,293.1282,279.26608,281.56992,288.5133,285.24918,6.5272217,8.014893,8.689026,7.8790283
Santiago de Compostela,42.88052,-8.54569,5.666666666666667,2.8,0.0056050103,0.0035547996,0.0013720168,0.0040276893,8.375594e-06,8.87412e-07,2.2450437e-09,3.1250403e-07,4.17609,3.9230096,3.8832479,3.4854722,282.84357,285.81635,292.213,288.7026,286.52808,290.30124,297.4959,293.2252,279.3233,281.52048,287.35007,284.78696,7.204773,8.780762,10.1458435,8.438232
Sarajevo,43.84864,18.35644,21.966666666666665,8.066666666666666,0.0023996676,0.002919454,0.0027176442,0.002851936,0.0010727284,0.00038518794,1.308961e-06,0.0002546716,1.8305596,1.8486439,1.5328,1.635928,274.15292,281.94415,293.2728,283.93875,277.58487,286.748,299.29312,288.93835,270.69077,277.06918,287.1766,279.40802,6.894104,9.6788025,12.116516,9.530334
Setúbal,38.524399,-8.8882,17.666666666666668,7.066666666666666,0.0025430329,0.0014068887,0.00025466716,0.0017427852,3.9533404e-07,4.89987e-07,1.3292347e-09,4.877082e-09,4.4077992,4.432405,4.7484317,3.8288946,286.25378,289.58514,295.467,292.32275,289.67664,293.5739,300.18884,296.3117,283.3302,285.94925,291.34564,289.03787,6.3464355,7.6246643,8.843201,7.273834
Sevilla,37.382408,-5.97613,118.1,67.9,0.0026117167,0.0013357484,0.00020150839,0.0017620438,2.2521783e-06,1.8284095e-06,1.0203187e-09,6.4066586e-07,2.7051666,2.648887,2.3902218,2.3580256,284.49542,290.28424,299.73917,293.14447,290.27188,297.16592,307.8335,299.87057,279.7179,283.54807,291.50226,287.2363,10.553986,13.617859,16.331238,12.634277
Sheffield,53.382969,-1.4659,0.6333333333333333,0.5333333333333333,0.0027667836,0.0019857674,0.0022206472,0.0026421791,0.00050840265,0.00011062071,8.843959e-09,3.8703904e-05,4.8843207,4.2271442,3.7653158,4.5221033,277.46634,281.64035,288.92624,283.64288,280.04062,285.49686,293.36386,286.92728,274.86533,277.75125,284.36395,280.4995,5.175293,7.7456055,8.999908,6.427765
Siracusa,37.085152,15.273,70.16666666666667,34.43333333333333,0.002144546,0.00087452296,0.00013959025,0.002039499,1.272809e-05,1.3906804e-06,8.049782e-12,2.8789644e-08,3.0132635,2.762533,1.8744826,2.2503576,286.09897,289.55212,300.044,294.73752,289.00656,292.96304,303.93918,297.97604,283.50156,286.28766,296.02234,291.9586,5.505005,6.6753845,7.9168396,6.017456
Skopje,42.001221,21.42878,43.266666666666666,16.533333333333335,0.0014704877,0.0018795315,0.001501828,0.0019508295,0.0005370909,0.00016679143,2.5870216e-07,0.00015802882,1.6441084,1.7387763,1.5757219,1.5025288,274.63318,283.49353,295.20746,285.35095,278.47256,288.75006,301.8905,290.8737,270.89862,278.14432,288.4576,280.2037,7.573944,10.605743,13.432892,10.669983
Sochi,43.599171,39.725689,28.1,11.966666666666667,0.0067363908,0.004229806,0.003028618,0.0053924257,0.0026344336,0.0006528889,2.1069042e-09,0.0003145343,2.2302709,1.8031839,1.319981,1.6414449,276.77148,284.6929,296.6939,287.34348,280.29904,288.77676,301.1033,291.9281,273.38962,279.978,291.6204,283.13193,6.909424,8.798767,9.48291,8.796173
Sofia,42.69751,23.32415,17.033333333333335,6.066666666666666,0.0017927387,0.0030697663,0.0026462057,0.002225417,0.0010303574,0.00049452326,2.0500754e-07,0.00025912464,1.6860701,1.7231187,1.4539286,1.5216292,273.1645,281.72763,293.47754,283.75797,276.8128,286.7298,299.47543,289.04138,269.6726,276.59015,287.316,278.97607,7.1401978,10.139648,12.159424,10.065308
Southampton,50.90395,-1.40428,1.0333333333333334,0.8,0.0027782093,0.0018489729,0.0016336746,0.002796237,0.00011405956,1.8766741e-05,2.0998268e-09,3.4723564e-06,5.0686116,4.2944837,3.8557136,4.542784,278.732,282.77597,290.1736,285.12216,281.4484,286.86972,294.7197,288.69864,275.8121,278.56735,285.43436,281.5693,5.6362915,8.302368,9.285339,7.1293335
Split,43.508911,16.43915,43.9,18.033333333333335,0.0032412175,0.0026492164,0.0014435047,0.0032587303,0.0002941535,0.00010130424,1.147342e-06,4.5360226e-05,3.1742435,2.8821397,2.2758417,2.824645,279.50757,285.90958,296.9478,288.71808,283.2351,290.32193,302.21957,293.6413,275.8221,281.0154,290.88864,283.9517,7.4129944,9.306519,11.330933,9.689606
Stockholm,59.332581,18.064899,1.1333333333333333,0.9,0.0019908675,0.0012999349,0.0020441944,0.0020802831,0.0011062283,0.00023113814,1.2465433e-08,0.00013757595,4.205941,3.7006273,3.2735283,3.9834547,272.12253,279.37616,290.4766,281.2803,274.43307,283.3925,294.70944,284.0848,269.46585,275.0286,285.43387,278.32092,4.967224,8.363892,9.275574,5.7638855
Strasbourg,48.58342,7.74296,22.166666666666668,6.5,0.0023284554,0.0023115403,0.0027790663,0.0026896116,0.00024300863,3.879954e-05,1.6407856e-08,4.2230033e-05,2.7801893,2.3896134,1.9947002,2.2726312,276.84616,284.60193,293.54507,285.22922,279.81985,289.57712,299.17877,289.63858,273.92493,279.66245,288.03787,281.32428,5.894928,9.914673,11.1409,8.314301
Stuttgart,48.782318,9.17702,14.333333333333334,4.766666666666667,0.002524038,0.0023927088,0.0028277414,0.0025532497,0.00049419573,0.00011013959,1.8199213e-08,8.090998e-05,3.0988467,2.6378682,2.2255456,2.5811055,275.65253,283.2862,292.49722,284.21207,278.67056,288.14676,297.87265,288.70245,272.62183,278.41064,287.1616,280.206,6.0487366,9.7361145,10.71106,8.49646
Szczecin,53.42894,14.55302,9.2,3.8666666666666667,0.0020095669,0.0014916628,0.0021621392,0.0016982945,0.00051090494,8.169535e-05,1.1104385e-08,6.0993178e-05,4.4766803,3.7331204,3.4559019,4.2536826,275.68152,282.8046,292.2304,284.02115,277.98938,287.4114,297.13998,287.5101,273.23615,277.977,287.03787,280.62878,4.753235,9.434418,10.102112,6.881317
Szeged,46.252998,20.148239,51.96666666666667,16.066666666666666,0.0012932003,0.0015180837,0.001959739,0.0014024089,0.00019662334,4.159969e-05,9.7486055e-09,3.497913e-05,2.8020954,2.77402,2.467335,2.6331651,275.9136,285.6867,296.68195,286.29358,279.2648,291.1619,302.7533,291.6387,272.508,280.05484,290.27753,281.26596,6.7568054,11.107056,12.475769,10.372742
Tallinn,59.436958,24.753531,0.5,0.36666666666666664,0.002781633,0.0012492101,0.0022362669,0.0031136428,0.0016105411,0.0002625229,1.22347705e-08,0.00019805878,5.6253943,4.5273423,4.2816753,5.5052776,271.65454,277.85382,290.30814,281.7706,273.3707,280.8054,293.1833,283.77463,269.65723,274.41574,286.76694,279.5669,3.7134705,6.3896484,6.4163513,4.207733
Tampere,61.499111,23.787121,2.7666666666666666,1.8666666666666667,0.001977209,0.001234864,0.0026417994,0.0024393972,0.0014156416,0.00037446013,1.09161755e-08,0.00024252215,3.6278093,3.3140476,2.993708,3.5605555,268.0795,277.66678,289.87646,279.07697,270.81674,282.41992,294.79523,281.90305,264.90656,272.25653,284.1054,276.00836,5.910187,10.163391,10.689819,5.894684
Taranto,40.476109,17.229719,75.0,42.2,0.0019890799,0.0015347723,0.0005679779,0.0019773336,7.796563e-06,3.935166e-06,2.4902982e-09,1.0209707e-05,4.0304275,3.454941,2.759979,3.2806885,283.11404,287.92496,299.23285,291.95078,286.75867,292.42947,304.55637,296.44098,279.59753,283.4001,293.72992,287.81647,7.161133,9.029388,10.826447,8.624512
The Hague,52.076672,4.29861,2.2333333333333334,1.1333333333333333,0.0027420004,0.0018416885,0.0025384442,0.003012713,0.0001377569,1.6587046e-05,5.6560596e-09,4.3135665e-06,5.507878,4.5717816,4.109048,4.922351,278.34283,283.2676,290.81232,285.2236,280.73627,287.15497,294.9284,288.65076,275.8387,279.09467,286.23355,281.86768,4.8975525,8.060303,8.694855,6.783081
Thessaloníki,40.640282,22.94389,92.66666666666667,49.43333333333333,0.0014127125,0.0013656506,0.0007718524,0.0015620118,9.968587e-05,3.6469974e-05,2.5277538e-09,1.1872066e-05,2.2101507,2.049135,1.8697242,1.9193301,279.9828,287.1663,299.42218,289.97296,284.13693,292.8263,306.0741,295.45956,275.95547,281.515,292.79053,284.77225,8.1814575,11.311279,13.283569,10.687317
Tilburg,51.555511,5.0913,7.333333333333333,2.8666666666666667,0.0027783513,0.001934431,0.0024184447,0.0024711622,0.0001709462,2.0796257e-05,1.0318492e-08,1.32485775e-05,4.427419,3.689491,3.325009,3.9021084,278.0344,283.57324,291.3915,284.91293,280.8404,288.24365,296.42056,288.9787,275.18155,278.67105,286.11996,281.07092,5.658844,9.572601,10.300598,7.907776
Timişoara,45.753719,21.22571,50.9,15.733333333333333,0.0014090282,0.0017529522,0.002044994,0.0015333217,0.00029172437,5.2137246e-05,7.621561e-09,5.017225e-05,2.4212368,2.450782,2.1148603,2.3021936,275.94476,285.64816,297.00482,286.53006,279.23788,290.68442,302.75845,291.48978,272.69077,280.484,291.01355,281.9266,6.547119,10.200409,11.744904,9.563171
Tirana,41.327499,19.81889,51.233333333333334,20.866666666666667,0.0037748632,0.0030463827,0.0013508376,0.0036411057,0.0005065534,0.00014160099,6.748956e-09,7.597005e-05,1.8790362,1.6704985,1.412972,1.5981319,277.88858,284.9082,296.3324,287.62842,282.06476,289.8958,302.66556,293.1779,273.96405,279.62323,289.53232,282.71188,8.100708,10.272583,13.13324,10.466003
Toledo,39.858101,-4.02263,96.5,52.733333333333334,0.0013081722,0.001235744,0.00048022988,0.0013084337,4.1688305e-05,1.0025247e-05,2.1890592e-07,5.69418e-06,2.4532504,2.569964,2.3952005,2.1953876,280.9222,287.64285,299.2371,290.16513,286.3591,294.12585,306.77765,296.4437,276.15536,280.9693,291.09235,284.27835,10.203735,13.156555,15.685303,12.165344
Toruń,53.013748,18.598141,10.5,4.466666666666667,0.0017541482,0.0013449517,0.0023736882,0.0013757016,0.0005755689,0.00010846059,1.0465213e-08,6.344577e-05,3.7494767,3.2007518,2.953078,3.5756013,274.8433,282.63135,292.37143,283.35226,277.06244,287.13895,297.2978,286.94867,272.37338,277.69083,287.08612,279.79007,4.6890564,9.44812,10.21167,7.1586
Toulon,43.116669,5.93333,4.166666666666667,2.2,0.0027643598,0.002215092,0.000800628,0.0033163512,1.332287e-05,2.8512804e-06,2.7004754e-09,1.0067814e-05,5.4013643,4.897872,4.2039394,4.798734,283.51486,287.43625,296.44992,291.18124,285.9884,290.15735,299.4322,293.81052,281.38092,284.68024,293.27496,288.81412,4.607483,5.477112,6.1572266,4.996399
Toulouse,43.604259,1.44367,48.833333333333336,14.866666666666667,0.002224106,0.002661578,0.0016343336,0.0020128095,8.577063e-05,4.1586e-05,6.2857093e-09,1.5666503e-05,3.045174,3.1289966,2.5961494,2.7695057,280.4394,286.26215,295.68002,288.86417,284.8597,291.81046,301.9827,294.3773,276.5193,280.84067,289.4881,284.09686,8.340424,10.969788,12.494598,10.280426
Tours,47.383331,0.68333,20.566666666666666,6.3,0.0025002176,0.0019205225,0.0016852013,0.0021779677,4.985953e-05,7.350756e-06,9.432716e-09,3.2894954e-07,3.9906628,3.5312605,3.084384,3.3912733,279.1359,284.71347,293.0662,286.605,282.236,289.69662,298.84363,291.44257,276.1078,279.60226,287.05518,282.07556,6.1282043,10.09436,11.788452,9.367004
Trier,49.75565,6.63935,10.066666666666666,3.6,0.0028768755,0.0021190778,0.0024368986,0.0025674184,0.0004492888,6.159631e-05,1.1267464e-08,6.535305e-05,3.8103886,3.2821298,2.828753,3.274654,276.16467,283.2578,291.82416,284.17197,278.78687,287.88492,297.01065,288.1658,273.5332,278.53372,286.49304,280.51175,5.253662,9.351196,10.517609,7.6540527
Trieste,45.648609,13.78,35.93333333333333,12.5,0.0033016123,0.0030826798,0.003166045,0.004648691,0.00035716515,9.154966e-05,2.460772e-10,0.0001513938,2.7661788,2.4347374,2.1237712,2.6905382,279.22046,286.09143,296.41034,288.0698,283.0162,290.65533,301.6639,292.6748,275.6869,281.4115,291.2108,283.92664,7.329315,9.243835,10.453125,8.748169
Turin,45.070492,7.68682,3.2333333333333334,1.6333333333333333,0.0012221735,0.0028296986,0.0021940628,0.0024710507,0.0006125188,0.00042822404,1.583016e-05,0.00020736746,1.1700027,1.204759,1.1174786,1.070771,276.10187,283.26953,293.2769,285.14392,279.43436,287.4822,297.77148,288.8494,273.38675,279.1654,288.69086,281.80853,6.0476074,8.316803,9.080627,7.040863
Turku,60.451481,22.26869,1.8333333333333333,1.3333333333333333,0.0020837486,0.0011590688,0.0024664714,0.0026496362,0.0011255471,0.0002287367,1.4241848e-08,0.00013981477,4.1090918,3.6146522,3.368955,4.000415,270.62006,278.40265,290.5667,280.84314,272.93198,282.55392,294.783,283.56427,267.93225,273.68488,285.46082,277.89505,4.9997253,8.869049,9.322174,5.66922
Utrecht,52.090832,5.12222,3.8333333333333335,1.9666666666666666,0.0028877044,0.0020060074,0.0025082438,0.002876637,0.00015491471,1.8320865e-05,5.639479e-09,1.08954e-05,4.9102755,4.1225123,3.665385,4.3605666,277.817,283.2076,290.77414,284.70514,280.42633,287.59235,295.4138,288.51547,275.1276,278.5485,285.72888,281.0698,5.2987366,9.043854,9.684906,7.4456787
Valencia,39.469749,-0.37739,84.3,40.56666666666667,0.0013448556,0.0012493149,0.0005671826,0.0022110178,9.394089e-06,4.8310762e-06,5.366991e-09,2.207478e-06,2.9681022,2.6490827,2.1821508,2.3897896,283.89984,288.78528,298.56677,292.01096,289.5955,294.86118,304.70996,297.84433,279.08987,282.91083,292.5439,286.95633,10.505615,11.950348,12.166046,10.8880005
Valladolid,41.655182,-4.72372,64.06666666666666,24.066666666666666,0.0011425966,0.0011599429,0.0006625412,0.001298402,6.913442e-05,1.0080318e-05,3.59623e-09,7.2821526e-06,2.9541554,3.0130572,2.779791,2.6290596,279.0472,285.2544,295.57993,287.99597,283.93677,291.61948,303.38736,294.25345,274.68182,278.85593,287.53412,282.2315,9.254944,12.76355,15.853241,12.021942
Vantaa,60.29414,25.040991,3.4,2.2666666666666666,0.002206682,0.0011990614,0.0022991875,0.002758106,0.0014376688,0.00028194854,1.0326085e-08,0.00019607348,4.1766047,3.6229138,3.4157267,4.0399942,269.95258,278.48154,290.71353,280.46725,272.42014,282.84787,295.26068,283.32224,266.99274,273.51346,285.29062,277.32233,5.4273987,9.334412,9.970062,5.9999084
Varna,43.216671,27.91667,42.06666666666667,14.366666666666667,0.0011369166,0.0011752851,0.0011430151,0.0017276998,0.00033297876,8.1987986e-05,8.874723e-09,6.897702e-05,4.2369876,3.4398062,3.0157475,3.6007452,277.30103,284.99026,297.16843,287.6576,280.64456,289.46524,302.38904,292.18414,273.8857,280.52567,291.813,283.38763,6.75885,8.939575,10.57605,8.796509
Venezia,45.43861,12.32667,28.9,10.166666666666666,0.002256296,0.0025024815,0.002621039,0.003449044,0.00016305468,3.651908e-05,6.368046e-07,7.6425815e-05,2.5196016,2.4693382,2.2881575,2.5757468,279.26477,286.85995,297.34244,288.7737,282.39072,290.54413,301.35974,292.42877,276.4541,283.08224,293.27216,285.39053,5.936615,7.4618835,8.087585,7.0382385
Verona,45.434189,10.99779,15.433333333333334,5.966666666666667,0.0017018876,0.0025627261,0.0028067739,0.0030529152,0.00059304957,0.00020225052,1.7090739e-06,0.00027084505,1.4534044,1.5764025,1.445937,1.4670819,275.2666,284.2233,294.53064,285.31647,279.07047,288.94785,299.51352,289.67258,271.91245,279.37726,289.46716,281.3198,7.15802,9.570587,10.046356,8.352783
Vienna,48.208488,16.37208,25.9,7.0,0.0015599197,0.0018619583,0.002628089,0.0018341431,0.00053063675,0.00010951919,8.27921e-08,0.00013835652,3.487902,3.3655398,3.025062,3.2021518,275.72632,284.61832,294.8255,284.8649,278.07382,289.35373,300.0431,288.89465,273.36304,279.7737,289.5592,281.11902,4.710785,9.580017,10.483887,7.775635
Vigo,42.232819,-8.72264,10.9,4.566666666666666,0.0063148993,0.0039152587,0.0014042846,0.0050377003,2.631674e-06,3.1617057e-07,2.4513354e-09,1.4277138e-08,3.6954138,3.487495,3.4733975,3.0319288,283.467,286.87637,293.34286,289.58658,287.28214,291.42368,298.56573,294.18228,279.85275,282.34503,288.23044,285.4869,7.4293823,9.078644,10.335297,8.695374
Vilnius,54.689159,25.2798,11.933333333333334,4.766666666666667,0.0022491424,0.0016537235,0.0025460853,0.0021021727,0.0011342376,0.0002538221,1.1141754e-08,0.00012848951,4.061856,3.4476905,3.1101012,3.7941437,271.90594,281.2571,292.38046,281.54764,273.75772,285.93954,297.53146,284.8296,269.70532,275.88818,286.53888,278.1202,4.0523987,10.051361,10.992584,6.709381
Warsaw,52.229771,21.01178,15.666666666666666,5.6,0.002100219,0.0015248212,0.002349498,0.0014441196,0.0007438743,0.00015692732,1.131185e-08,8.164873e-05,3.5773828,3.0513463,2.7542846,3.3676345,274.36227,282.9036,293.10992,282.98758,276.6868,287.76526,298.42264,286.806,271.7557,277.55704,287.3602,279.179,4.9310913,10.208221,11.062439,7.627014
Wiesbaden,50.082581,8.24932,14.533333333333333,4.766666666666667,0.00205689,0.0018078214,0.0022139347,0.0020956576,0.000260565,3.8237988e-05,1.5253388e-08,3.5586087e-05,3.2236502,2.8648279,2.498887,2.8251457,276.33243,283.94635,292.6583,284.4961,279.0094,288.898,298.0018,288.55768,273.62665,278.914,287.33328,280.8038,5.3827515,9.984009,10.668518,7.7538757
Wolverhampton,52.585468,-2.12296,1.6333333333333333,1.1333333333333333,0.0023985514,0.0018603248,0.0020605652,0.002459518,0.00025376133,4.028685e-05,8.7399235e-09,8.751365e-06,4.635094,4.0284147,3.584445,4.247098,277.92123,282.31183,289.64255,284.13574,280.75375,286.58905,294.58344,287.8717,274.97333,277.95438,284.55847,280.51367,5.780426,8.634674,10.024963,7.358032
Wrocław,51.099998,17.033331,15.833333333333334,5.566666666666666,0.0017517966,0.0018135422,0.0027915428,0.0016053171,0.000573998,0.00018279187,1.05443645e-08,0.00010699862,3.4572525,2.9769964,2.6897826,3.1719728,274.5668,282.8077,292.72238,283.40494,277.12033,287.7097,298.27377,287.5275,271.89423,277.59085,286.87744,279.36697,5.2261047,10.118835,11.396332,8.160522
Wuppertal,51.270271,7.16755,10.333333333333334,3.6333333333333333,0.0034177818,0.0023782537,0.0029921143,0.0029667178,0.00036227616,5.611377e-05,1.2175014e-08,3.7361435e-05,4.149186,3.436138,3.0474925,3.721359,277.74548,284.11078,292.21808,285.34683,280.12326,288.425,296.94257,288.8924,275.3417,279.70233,287.4855,282.08597,4.781555,8.722656,9.457062,6.806427
Yaroslavl',57.629871,39.87368,13.533333333333333,5.3,0.0017622248,0.0012979211,0.0021708093,0.0021318076,0.0014591061,0.0003321018,1.40838186e-08,0.00032850046,3.7890546,3.3483527,2.9765382,3.5240748,266.1682,279.55624,292.51575,279.51367,268.89832,283.98212,297.44388,282.40784,262.9318,274.26495,286.71454,276.36804,5.966522,9.717163,10.72934,6.039795
York,53.95763,-1.08271,0.3,0.26666666666666666,0.0019220127,0.001501124,0.0018957721,0.0020361182,0.0002312529,3.1437798e-05,5.7303726e-09,2.4766512e-05,5.0781503,4.4072757,3.8532093,4.7332463,277.2994,281.5803,288.7449,283.56635,280.0303,285.51648,293.32263,287.0954,274.55017,277.53754,283.9444,280.17682,5.480133,7.978943,9.378235,6.918579
Zagreb,45.814442,15.97798,35.96666666666667,11.966666666666667,0.0020738228,0.0025002942,0.0033516646,0.0031045375,0.00050479703,9.827025e-05,3.7905462e-08,0.00015967754,2.1389456,2.2821279,1.8489059,2.0019867,276.2744,285.43988,295.54984,285.90216,279.5985,290.6713,301.23444,290.71954,273.10468,280.1963,289.9118,281.50143,6.4938354,10.475006,11.322632,9.218109
Zaragoza,41.656059,-0.87734,77.6,30.9,0.0006775823,0.0012332491,0.0008085284,0.001347428,4.040997e-05,1.5645082e-05,7.4146664e-07,1.3066373e-05,3.4900467,3.5642455,3.1559825,2.9937773,279.77658,286.315,297.0467,288.77048,285.00446,293.04434,305.02475,295.12878,275.21298,279.77335,289.32065,283.137,9.791473,13.270996,15.704102,11.991791
Zürich,47.366669,8.55,10.633333333333333,4.3,0.0038987042,0.0035949075,0.0044344314,0.0032322742,0.0014059532,0.00057403505,7.169423e-06,0.00018724911,2.1056936,2.0112524,1.7121872,1.7594078,275.27014,282.5897,292.41327,283.8045,277.73242,287.0764,297.51743,287.5669,272.9674,278.33496,287.53824,280.61374,4.7650146,8.741425,9.979187,6.9531555
Århus,56.156738,10.21076,0.13333333333333333,0.13333333333333333,0.0018872666,0.0013687718,0.0022648524,0.0024513986,0.00039762177,7.031674e-05,7.957079e-09,3.7276342e-05,5.42958,4.6885467,4.401513,5.385248,275.0169,281.19232,290.1447,283.1393,277.2305,285.13922,294.43884,286.212,272.56122,276.9645,285.35507,279.9593,4.669281,8.174713,9.083771,6.252716
Łódź,51.75,19.466669,13.333333333333334,4.9,0.0021381236,0.0018006252,0.0024722032,0.0015632837,0.0007983717,0.00022244595,1.1870507e-08,9.3613766e-05,4.0255547,3.326844,3.0085442,3.6580765,274.41068,282.64435,292.6837,283.11435,276.83438,287.40576,297.94193,287.13333,271.7573,277.44693,287.01956,279.1619,5.0770874,9.958832,10.922363,7.9714355
